condition,seed,update,enforce,freeze,bonus_on,removal_on,hazard_on,coord_on,eat0,eat1,eat2,enc0,enc1,enc2,selectivity,prevalence,zaps,ret
none,0,0,1.0,0.0,1.0,1.0,1.0,1.0,32.5078125,32.08203125,31.21875,258.265625,254.046875,250.21875,0.0,0.0,23.7109375,-5.286678314208984
none,0,1,1.0,0.0,1.0,1.0,1.0,1.0,34.86328125,32.984375,33.3828125,263.2421875,254.51953125,257.875,0.0,0.0,23.5078125,-5.250926971435547
none,0,2,1.0,0.0,1.0,1.0,1.0,1.0,33.7890625,35.71875,34.7109375,255.53515625,262.265625,256.7890625,0.0,0.0,23.29296875,-4.512962818145752
none,0,3,1.0,0.0,1.0,1.0,1.0,1.0,35.671875,37.1171875,35.9375,262.9453125,263.6953125,262.984375,0.0,0.0,22.52734375,-4.2387800216674805
none,0,4,1.0,0.0,1.0,1.0,1.0,1.0,35.79296875,39.08203125,38.13671875,257.12109375,266.07421875,262.890625,0.0,0.0,22.58203125,-3.8344907760620117
none,0,5,1.0,0.0,1.0,1.0,1.0,1.0,38.34765625,41.703125,38.3046875,265.421875,272.35546875,258.13671875,0.0,0.0,22.2890625,-3.6469056606292725
none,0,6,1.0,0.0,1.0,1.0,1.0,1.0,38.9140625,42.27734375,41.4375,263.28125,266.53515625,261.20703125,0.0,0.0,21.3515625,-3.1622085571289062
none,0,7,1.0,0.0,1.0,1.0,1.0,1.0,41.42578125,44.73828125,42.45703125,266.62109375,273.48828125,259.27734375,0.0,0.0,21.0859375,-2.8755502700805664
none,0,8,1.0,0.0,1.0,1.0,1.0,1.0,42.0,46.75390625,45.33203125,260.5390625,274.84765625,264.09375,0.0,0.0,20.73828125,-2.278409719467163
none,0,9,1.0,0.0,1.0,1.0,1.0,1.0,43.2890625,48.32421875,47.16015625,254.68359375,272.5234375,263.53125,0.0,0.0,20.36328125,-1.990091323852539
none,0,10,1.0,0.0,1.0,1.0,1.0,1.0,45.76171875,49.578125,47.66015625,258.4453125,271.4453125,258.453125,0.0,0.0,20.171875,-1.866988182067871
none,0,11,1.0,0.0,1.0,1.0,1.0,1.0,46.4296875,51.73046875,48.89453125,256.36328125,275.12890625,254.9921875,0.0,0.0,19.9921875,-1.5244778394699097
none,0,12,1.0,0.0,1.0,1.0,1.0,1.0,48.625,52.75390625,49.70703125,257.51171875,273.21875,249.61328125,0.0,0.0,19.859375,-1.5107290744781494
none,0,13,1.0,0.0,1.0,1.0,1.0,1.0,48.55078125,55.08984375,52.3125,245.5234375,278.56640625,254.14453125,0.0,0.0,19.359375,-0.6917731165885925
none,0,14,1.0,0.0,1.0,1.0,1.0,1.0,50.30859375,56.27734375,52.87109375,245.265625,272.7109375,246.6875,0.0,0.0,18.67578125,-0.530659556388855
none,0,15,1.0,0.0,1.0,1.0,1.0,1.0,50.015625,58.71484375,52.97265625,237.78515625,279.578125,240.98046875,0.0,0.0,18.515625,-0.17807340621948242
none,0,16,1.0,0.0,1.0,1.0,1.0,1.0,51.015625,59.26171875,54.26953125,237.2734375,273.7890625,241.20703125,0.0,0.0,18.5546875,0.005304853431880474
none,0,17,1.0,0.0,1.0,1.0,1.0,1.0,51.98046875,62.5,55.65234375,235.03515625,276.61328125,240.7109375,0.0,0.0,18.09765625,0.7358190417289734
none,0,18,1.0,0.0,1.0,1.0,1.0,1.0,51.7734375,64.1328125,56.1875,226.75390625,281.66796875,238.5078125,0.0,0.0,18.140625,0.8672882318496704
none,0,19,1.0,0.0,1.0,1.0,1.0,1.0,51.62109375,66.44140625,55.89453125,222.3984375,283.61328125,229.4375,0.0,0.0,17.96875,1.2940261363983154
none,0,20,1.0,0.0,1.0,1.0,1.0,1.0,52.23828125,67.4140625,57.1875,224.296875,279.796875,231.35546875,0.0,0.0,17.67578125,1.6644724607467651
none,0,21,1.0,0.0,1.0,1.0,1.0,1.0,51.453125,68.7109375,58.1171875,214.38671875,280.3828125,227.76171875,0.0,0.0,17.984375,1.9489355087280273
none,0,22,1.0,0.0,1.0,1.0,1.0,1.0,52.0625,72.0,58.20703125,214.77734375,284.07421875,226.35546875,0.0,0.0,17.734375,2.4877355098724365
none,0,23,1.0,0.0,1.0,1.0,1.0,1.0,51.81640625,73.4375,60.09375,210.45703125,283.1484375,227.95703125,0.0,0.0,17.51171875,2.895606756210327
none,0,24,1.0,0.0,1.0,1.0,1.0,1.0,51.8828125,75.2109375,61.6953125,208.62890625,285.17578125,230.18359375,0.0,0.0,16.87890625,3.4252374172210693
none,0,25,1.0,0.0,1.0,1.0,1.0,1.0,52.140625,77.0234375,59.03125,204.7421875,284.8125,219.46875,0.0,0.0,17.04296875,3.57877254486084
none,0,26,1.0,0.0,1.0,1.0,1.0,1.0,51.5546875,78.44921875,60.25,201.4375,285.1875,221.22265625,0.0,0.0,16.98828125,4.010242462158203
none,0,27,1.0,0.0,1.0,1.0,1.0,1.0,51.890625,80.546875,59.234375,197.35546875,286.59375,215.44921875,0.0,0.0,16.46484375,4.070773601531982
none,0,28,1.0,0.0,1.0,1.0,1.0,1.0,51.921875,80.375,62.12109375,196.99609375,282.8359375,222.0,0.0,0.0,15.91796875,4.5523271560668945
none,0,29,1.0,0.0,1.0,1.0,1.0,1.0,51.59375,81.63671875,62.72265625,192.30078125,283.6875,223.4921875,0.0,0.0,15.6015625,5.015166759490967
none,0,30,1.0,0.0,1.0,1.0,1.0,1.0,51.2265625,81.97265625,64.4921875,188.6875,281.7890625,228.484375,0.0,0.0,15.8828125,5.135566711425781
none,0,31,1.0,0.0,1.0,1.0,1.0,1.0,51.58203125,82.53125,63.4609375,188.734375,282.453125,221.203125,0.0,0.0,15.7734375,5.082233905792236
none,0,32,1.0,0.0,1.0,1.0,1.0,1.0,50.4140625,83.55859375,64.3046875,184.6640625,282.3359375,225.22265625,0.0,0.0,15.2109375,5.534931182861328
none,0,33,1.0,0.0,1.0,1.0,1.0,1.0,50.23828125,84.22265625,64.44140625,184.109375,285.19140625,225.9375,0.0,0.0,14.69921875,5.7532148361206055
none,0,34,1.0,0.0,1.0,1.0,1.0,1.0,49.640625,85.171875,64.5078125,180.84375,286.33984375,225.3984375,0.0,0.0,14.78515625,5.971677303314209
none,0,35,1.0,0.0,1.0,1.0,1.0,1.0,48.7578125,86.296875,65.4296875,175.34375,291.9453125,226.90234375,0.0,0.0,14.91015625,6.402629375457764
none,0,36,1.0,0.0,1.0,1.0,1.0,1.0,49.15234375,85.53515625,66.84375,176.37109375,288.578125,230.640625,0.0,0.0,14.5703125,6.232625484466553
none,0,37,1.0,0.0,1.0,1.0,1.0,1.0,49.23828125,87.25,66.04296875,179.13671875,293.8671875,230.1328125,0.0,0.0,14.29296875,6.405235290527344
none,0,38,1.0,0.0,1.0,1.0,1.0,1.0,49.42578125,86.90234375,66.4140625,177.85546875,291.75390625,231.9140625,0.0,0.0,13.8125,6.451603889465332
none,0,39,1.0,0.0,1.0,1.0,1.0,1.0,49.5859375,86.13671875,66.20703125,179.7890625,286.08203125,229.3359375,0.0,0.0,13.9140625,6.218378067016602
none,0,40,1.0,0.0,1.0,1.0,1.0,1.0,50.43359375,85.56640625,65.078125,180.33203125,287.0,225.43359375,0.0,0.0,13.99609375,5.93785285949707
none,0,41,1.0,0.0,1.0,1.0,1.0,1.0,50.6328125,86.08203125,64.71875,184.0703125,287.890625,226.3359375,0.0,0.0,13.703125,6.218257904052734
none,0,42,1.0,0.0,1.0,1.0,1.0,1.0,50.96875,84.62109375,66.01171875,186.05859375,283.41796875,228.6171875,0.0,0.0,14.16015625,5.817166805267334
none,0,43,1.0,0.0,1.0,1.0,1.0,1.0,50.71484375,84.00390625,65.94921875,184.94140625,281.9453125,234.11328125,0.0,0.0,13.5625,5.767686367034912
none,0,44,1.0,0.0,1.0,1.0,1.0,1.0,50.49609375,83.6484375,65.8515625,183.47265625,282.4765625,233.77734375,0.0,0.0,13.7890625,5.759484767913818
none,0,45,1.0,0.0,1.0,1.0,1.0,1.0,50.8515625,83.01171875,66.83984375,187.56640625,281.33984375,235.1796875,0.0,0.0,13.28125,5.619056701660156
none,0,46,1.0,0.0,1.0,1.0,1.0,1.0,49.98046875,84.2734375,65.83984375,185.3984375,284.46875,236.97265625,0.0,0.0,13.30078125,5.702456951141357
none,0,47,1.0,0.0,1.0,1.0,1.0,1.0,50.3203125,83.4140625,67.8984375,188.609375,282.8671875,244.7890625,0.0,0.0,13.1171875,5.903804302215576
none,0,48,1.0,0.0,1.0,1.0,1.0,1.0,50.87109375,84.41015625,66.48046875,191.40234375,286.0078125,240.06640625,0.0,0.0,13.30078125,5.830796718597412
none,0,49,1.0,0.0,1.0,1.0,1.0,1.0,51.53515625,83.2578125,66.23046875,191.421875,284.46875,239.6015625,0.0,0.0,13.63671875,5.549373149871826
none,0,50,1.0,0.0,1.0,1.0,1.0,1.0,51.19140625,82.921875,67.6875,192.078125,284.296875,245.93359375,0.0,0.0,13.484375,5.6396894454956055
none,0,51,1.0,0.0,1.0,1.0,1.0,1.0,50.97265625,83.734375,65.7265625,195.2890625,286.64453125,238.56640625,0.0,0.0,13.7421875,5.611192226409912
none,0,52,1.0,0.0,1.0,1.0,1.0,1.0,51.18359375,82.78515625,67.66015625,194.1328125,283.81640625,246.8046875,0.0,0.0,13.890625,5.548722743988037
none,0,53,1.0,0.0,1.0,1.0,1.0,1.0,52.234375,83.0,66.515625,198.37109375,286.98828125,244.32421875,0.0,0.0,13.32421875,5.319329261779785
none,0,54,1.0,0.0,1.0,1.0,1.0,1.0,51.609375,83.28125,66.0078125,197.9296875,285.1171875,245.0859375,0.0,0.0,13.84375,5.44976806640625
none,0,55,1.0,0.0,1.0,1.0,1.0,1.0,51.7890625,83.19921875,66.26953125,198.97265625,285.0625,243.69921875,0.0,0.0,13.4375,5.4110870361328125
none,0,56,1.0,0.0,1.0,1.0,1.0,1.0,52.6484375,82.296875,66.921875,201.26171875,282.9140625,244.76953125,0.0,0.0,13.5,5.276485443115234
none,0,57,1.0,0.0,1.0,1.0,1.0,1.0,52.1875,83.33203125,67.12109375,199.72265625,283.25390625,248.54296875,0.0,0.0,13.4609375,5.4362030029296875
none,0,58,1.0,0.0,1.0,1.0,1.0,1.0,52.609375,83.48828125,67.53515625,202.5390625,282.453125,247.82421875,0.0,0.0,13.609375,5.453866481781006
none,0,59,1.0,0.0,1.0,1.0,1.0,1.0,51.6640625,82.65625,67.82421875,197.59375,279.42578125,251.52734375,0.0,0.0,13.49609375,5.538844585418701
none,0,60,1.0,0.0,1.0,1.0,1.0,1.0,52.01953125,82.859375,67.3125,198.16015625,282.1015625,247.19140625,0.0,0.0,13.1328125,5.424813747406006
none,0,61,1.0,0.0,1.0,1.0,1.0,1.0,52.07421875,83.4296875,66.26953125,198.16796875,283.15234375,242.703125,0.0,0.0,13.4453125,5.481122970581055
none,0,62,1.0,0.0,1.0,1.0,1.0,1.0,53.2734375,83.4140625,66.90234375,202.63671875,281.375,245.55859375,0.0,0.0,13.3359375,5.321551322937012
none,0,63,1.0,0.0,1.0,1.0,1.0,1.0,52.01953125,82.6328125,67.875,199.51953125,278.546875,249.20703125,0.0,0.0,12.97265625,5.700921535491943
none,0,64,1.0,0.0,1.0,1.0,1.0,1.0,52.66015625,83.046875,68.140625,199.1953125,279.65234375,250.125,0.0,0.0,13.11328125,5.565854072570801
none,0,65,1.0,0.0,1.0,1.0,1.0,1.0,52.37109375,84.78515625,66.046875,196.68359375,283.60546875,239.8984375,0.0,0.0,13.06640625,5.788788795471191
none,0,66,1.0,0.0,1.0,1.0,1.0,1.0,52.33984375,85.1484375,67.0390625,197.2109375,285.22265625,244.9375,0.0,0.0,12.98828125,6.037474632263184
none,0,67,1.0,0.0,1.0,1.0,1.0,1.0,52.56640625,84.2890625,68.23828125,195.79296875,280.0390625,246.54296875,0.0,0.0,12.71484375,5.787440299987793
none,0,68,1.0,0.0,1.0,1.0,1.0,1.0,52.25390625,85.375,66.7578125,195.94140625,283.921875,241.98046875,0.0,0.0,12.75,5.999873161315918
none,0,69,1.0,0.0,1.0,1.0,1.0,1.0,51.97265625,85.7421875,66.85546875,193.80078125,282.953125,244.4921875,0.0,0.0,12.96484375,6.217324733734131
none,0,70,1.0,0.0,1.0,1.0,1.0,1.0,52.05859375,86.6796875,67.21484375,194.25,285.671875,241.765625,0.0,0.0,12.71484375,6.535190105438232
none,0,71,1.0,0.0,1.0,1.0,1.0,1.0,54.0234375,85.09765625,66.96484375,200.109375,282.44921875,241.25,0.0,0.0,12.8515625,6.057025909423828
none,0,72,1.0,0.0,1.0,1.0,1.0,1.0,52.21875,86.51171875,68.140625,193.6015625,286.87109375,246.390625,0.0,0.0,12.78515625,6.2834625244140625
none,0,73,1.0,0.0,1.0,1.0,1.0,1.0,53.234375,85.43359375,67.53125,198.53125,283.98046875,244.5234375,0.0,0.0,12.6796875,6.146221160888672
none,0,74,1.0,0.0,1.0,1.0,1.0,1.0,52.30078125,85.65234375,67.46484375,191.91796875,285.85546875,244.48046875,0.0,0.0,13.015625,6.390247344970703
none,0,75,1.0,0.0,1.0,1.0,1.0,1.0,52.9296875,86.5390625,68.59375,194.92578125,285.83203125,245.76171875,0.0,0.0,12.546875,6.7360076904296875
none,0,76,1.0,0.0,1.0,1.0,1.0,1.0,53.02734375,85.49609375,69.98828125,195.75,282.921875,249.875,0.0,0.0,13.03125,6.571372985839844
none,0,77,1.0,0.0,1.0,1.0,1.0,1.0,53.34375,85.2265625,69.80078125,197.76953125,281.7734375,248.63671875,0.0,0.0,12.8828125,6.171028137207031
none,0,78,1.0,0.0,1.0,1.0,1.0,1.0,53.0859375,86.3203125,70.484375,195.48046875,286.015625,250.40234375,0.0,0.0,12.625,6.551291465759277
none,0,79,1.0,0.0,1.0,1.0,1.0,1.0,52.55078125,88.2890625,67.8984375,194.2421875,293.16796875,241.39453125,0.0,0.0,12.68359375,6.820736885070801
none,0,80,1.0,0.0,1.0,1.0,1.0,1.0,53.375,87.08984375,69.84375,196.4921875,288.65625,249.3359375,0.0,0.0,12.51953125,6.815741539001465
none,0,81,1.0,0.0,1.0,1.0,1.0,1.0,52.5234375,86.75390625,68.93359375,193.19921875,288.984375,248.0078125,0.0,0.0,13.28515625,6.668826103210449
none,0,82,1.0,0.0,1.0,1.0,1.0,1.0,53.4921875,87.41015625,70.91796875,197.51171875,287.69140625,251.640625,0.0,0.0,12.39453125,6.918424129486084
none,0,83,1.0,0.0,1.0,1.0,1.0,1.0,52.453125,88.37109375,69.66796875,194.55078125,290.27734375,247.3125,0.0,0.0,12.87109375,6.955060958862305
none,0,84,1.0,0.0,1.0,1.0,1.0,1.0,52.3046875,88.83203125,70.94921875,194.1640625,290.4921875,253.390625,0.0,0.0,12.40625,7.379103660583496
none,0,85,1.0,0.0,1.0,1.0,1.0,1.0,52.3203125,87.6875,71.125,193.38671875,285.78125,252.81640625,0.0,0.0,12.76953125,7.049083709716797
none,0,86,1.0,0.0,1.0,1.0,1.0,1.0,52.0234375,89.00390625,71.6640625,192.69921875,290.671875,252.92578125,0.0,0.0,12.12890625,7.585162162780762
none,0,87,1.0,0.0,1.0,1.0,1.0,1.0,51.4765625,89.3203125,71.69140625,188.5859375,290.2109375,253.59375,0.0,0.0,12.1875,7.757702827453613
none,0,88,1.0,0.0,1.0,1.0,1.0,1.0,51.8515625,88.515625,70.7265625,191.41796875,288.64453125,250.0625,0.0,0.0,12.19921875,7.342879295349121
none,0,89,1.0,0.0,1.0,1.0,1.0,1.0,51.01171875,91.13671875,70.20703125,187.12890625,296.39453125,246.58203125,0.0,0.0,12.28125,8.031405448913574
none,0,90,1.0,0.0,1.0,1.0,1.0,1.0,50.40234375,90.4375,71.5625,184.44921875,292.17578125,249.80078125,0.0,0.0,12.37109375,8.242663383483887
none,0,91,1.0,0.0,1.0,1.0,1.0,1.0,51.03125,90.9375,70.1875,187.24609375,292.734375,244.20703125,0.0,0.0,12.21484375,8.007705688476562
none,0,92,1.0,0.0,1.0,1.0,1.0,1.0,51.47265625,90.2890625,72.921875,189.21484375,290.34375,254.23828125,0.0,0.0,12.23046875,8.110770225524902
none,0,93,1.0,0.0,1.0,1.0,1.0,1.0,50.453125,90.1953125,72.6171875,186.26171875,291.65625,256.23828125,0.0,0.0,11.94140625,8.235702514648438
none,0,94,1.0,0.0,1.0,1.0,1.0,1.0,51.546875,90.6015625,70.74609375,190.54296875,292.61328125,247.45703125,0.0,0.0,11.734375,8.096799850463867
none,0,95,1.0,0.0,1.0,1.0,1.0,1.0,50.75390625,92.31640625,71.296875,185.04296875,295.11328125,248.13671875,0.0,0.0,11.8671875,8.470074653625488
none,0,96,1.0,0.0,1.0,1.0,1.0,1.0,49.34765625,92.1875,72.296875,179.51953125,296.08984375,250.9375,0.0,0.0,11.80078125,8.875231742858887
none,0,97,1.0,0.0,1.0,1.0,1.0,1.0,50.34375,91.3359375,72.91015625,186.7421875,294.49609375,252.234375,0.0,0.0,11.41796875,8.756311416625977
none,0,98,1.0,0.0,1.0,1.0,1.0,1.0,49.5859375,92.69921875,71.6640625,180.77734375,299.046875,247.65234375,0.0,0.0,11.6953125,8.785870552062988
none,0,99,1.0,0.0,1.0,1.0,1.0,1.0,51.16796875,91.015625,71.2109375,184.7265625,291.59375,244.5078125,0.0,0.0,11.80078125,8.19489574432373
none,0,100,1.0,0.0,1.0,1.0,1.0,1.0,48.859375,92.5625,72.15234375,180.08203125,299.40625,247.921875,0.0,0.0,11.72265625,9.10075855255127
none,0,101,1.0,0.0,1.0,1.0,1.0,1.0,49.8984375,92.93359375,73.45703125,184.13671875,298.921875,249.88671875,0.0,0.0,11.25,9.20300579071045
none,0,102,1.0,0.0,1.0,1.0,1.0,1.0,50.3671875,93.015625,72.09765625,182.90625,296.8515625,248.765625,0.0,0.0,11.4453125,8.91153335571289
none,0,103,1.0,0.0,1.0,1.0,1.0,1.0,49.50390625,94.48828125,70.77734375,182.51953125,301.61328125,245.78125,0.0,0.0,11.3125,9.21259593963623
none,0,104,1.0,0.0,1.0,1.0,1.0,1.0,49.15625,93.62109375,72.80859375,182.34375,302.92578125,252.0,0.0,0.0,11.24609375,9.374597549438477
none,0,105,1.0,0.0,1.0,1.0,1.0,1.0,48.6796875,93.75390625,71.13671875,180.19140625,300.734375,246.32421875,0.0,0.0,11.61328125,9.31800365447998
none,0,106,1.0,0.0,1.0,1.0,1.0,1.0,48.97265625,93.87109375,71.3671875,178.5078125,300.328125,244.984375,0.0,0.0,11.453125,9.388373374938965
none,0,107,1.0,0.0,1.0,1.0,1.0,1.0,48.8515625,93.77734375,71.87109375,179.98046875,301.109375,249.3359375,0.0,0.0,10.96484375,9.323331832885742
none,0,108,1.0,0.0,1.0,1.0,1.0,1.0,48.91015625,95.61328125,71.4921875,180.0703125,306.4375,245.8984375,0.0,0.0,11.0703125,9.681292533874512
none,0,109,1.0,0.0,1.0,1.0,1.0,1.0,48.76953125,94.19921875,73.27734375,179.01953125,302.453125,254.9765625,0.0,0.0,11.1015625,9.649343490600586
none,0,110,1.0,0.0,1.0,1.0,1.0,1.0,49.30859375,93.609375,71.6328125,183.609375,300.80859375,248.08984375,0.0,0.0,11.125,9.292829513549805
none,0,111,1.0,0.0,1.0,1.0,1.0,1.0,48.5,94.96484375,72.15234375,179.4296875,304.00390625,249.54296875,0.0,0.0,10.79296875,9.792630195617676
none,0,112,1.0,0.0,1.0,1.0,1.0,1.0,48.77734375,94.8671875,72.74609375,180.27734375,306.2265625,251.58984375,0.0,0.0,10.70703125,9.603145599365234
none,0,113,1.0,0.0,1.0,1.0,1.0,1.0,48.58984375,95.09375,72.50390625,180.17578125,304.5,249.109375,0.0,0.0,10.9609375,9.676095962524414
none,0,114,1.0,0.0,1.0,1.0,1.0,1.0,48.94140625,95.0859375,71.1640625,183.34765625,303.53515625,244.58203125,0.0,0.0,10.60546875,9.68753433227539
none,0,115,1.0,0.0,1.0,1.0,1.0,1.0,47.90234375,96.140625,72.421875,178.6484375,308.6484375,250.26953125,0.0,0.0,10.796875,10.07273006439209
none,0,116,1.0,0.0,1.0,1.0,1.0,1.0,47.28125,95.41796875,71.13671875,176.83203125,307.7578125,246.375,0.0,0.0,10.75,10.035749435424805
none,0,117,1.0,0.0,1.0,1.0,1.0,1.0,48.04296875,96.08984375,71.59765625,180.078125,308.76953125,248.46484375,0.0,0.0,10.66015625,10.026050567626953
none,0,118,1.0,0.0,1.0,1.0,1.0,1.0,48.2734375,95.73046875,71.359375,181.81640625,308.19140625,247.5234375,0.0,0.0,10.5390625,10.02804946899414
none,0,119,1.0,0.0,1.0,1.0,1.0,1.0,47.765625,95.546875,73.02734375,178.57421875,307.40625,253.5703125,0.0,0.0,10.65625,10.14521312713623
none,0,120,1.0,0.0,1.0,1.0,1.0,1.0,48.01953125,96.51953125,72.6015625,181.890625,312.67578125,251.7265625,0.0,0.0,10.43359375,10.26819896697998
none,0,121,1.0,0.0,1.0,1.0,1.0,1.0,46.8984375,96.6015625,70.703125,178.328125,310.30859375,247.7265625,0.0,0.0,10.53125,10.358917236328125
none,0,122,1.0,0.0,1.0,1.0,1.0,1.0,47.59375,97.5,72.62109375,180.06640625,315.83984375,254.84765625,0.0,0.0,10.453125,10.424394607543945
none,0,123,1.0,0.0,1.0,1.0,1.0,1.0,47.06640625,97.17578125,71.671875,178.44921875,314.5390625,250.88671875,0.0,0.0,10.546875,10.438093185424805
none,0,124,1.0,0.0,1.0,1.0,1.0,1.0,46.64453125,97.203125,71.30078125,176.140625,314.40234375,249.9375,0.0,0.0,10.546875,10.542106628417969
none,0,125,1.0,0.0,1.0,1.0,1.0,1.0,47.66015625,96.32421875,71.55859375,182.453125,309.765625,250.62890625,0.0,0.0,10.74609375,10.04111099243164
none,0,126,1.0,0.0,1.0,1.0,1.0,1.0,47.0625,98.34375,72.16796875,180.0,316.4375,250.046875,0.0,0.0,10.13671875,10.841204643249512
none,0,127,1.0,0.0,1.0,1.0,1.0,1.0,46.93359375,98.5703125,71.859375,178.46875,316.44140625,251.375,0.0,0.0,10.11328125,10.970538139343262
none,0,128,1.0,0.0,1.0,1.0,1.0,1.0,46.2578125,98.671875,72.51171875,174.05078125,315.23046875,251.94140625,0.0,0.0,10.34375,11.123541831970215
none,0,129,1.0,0.0,1.0,1.0,1.0,1.0,47.20703125,97.5625,74.15234375,179.4453125,314.96484375,257.765625,0.0,0.0,10.05078125,10.854635238647461
none,0,130,1.0,0.0,1.0,1.0,1.0,1.0,46.546875,97.6796875,73.15234375,175.51953125,313.83203125,254.3046875,0.0,0.0,9.9765625,10.931020736694336
none,0,131,1.0,0.0,1.0,1.0,1.0,1.0,46.0859375,99.0078125,73.55078125,173.03125,317.87890625,256.03125,0.0,0.0,9.765625,11.440478324890137
none,0,132,1.0,0.0,1.0,1.0,1.0,1.0,46.1875,98.8203125,71.66796875,176.50390625,316.21875,249.13671875,0.0,0.0,10.0,11.070781707763672
none,0,133,1.0,0.0,1.0,1.0,1.0,1.0,45.953125,99.05078125,72.9765625,174.359375,315.6015625,254.296875,0.0,0.0,9.98828125,11.28594970703125
none,0,134,1.0,0.0,1.0,1.0,1.0,1.0,46.96875,98.8046875,73.39453125,178.77734375,313.70703125,254.5234375,0.0,0.0,9.76171875,11.115121841430664
none,0,135,1.0,0.0,1.0,1.0,1.0,1.0,46.5,98.95703125,74.21484375,176.03125,315.53515625,257.77734375,0.0,0.0,9.75,11.309120178222656
none,0,136,1.0,0.0,1.0,1.0,1.0,1.0,46.109375,101.67578125,72.2890625,174.89453125,320.96875,251.26171875,0.0,0.0,9.55078125,11.887205123901367
none,0,137,1.0,0.0,1.0,1.0,1.0,1.0,46.3046875,100.7890625,72.765625,176.0078125,317.30078125,250.20703125,0.0,0.0,9.65625,11.742724418640137
none,0,138,1.0,0.0,1.0,1.0,1.0,1.0,45.03125,101.25390625,72.40234375,173.0859375,321.265625,249.921875,0.0,0.0,9.28125,11.804835319519043
none,0,139,1.0,0.0,1.0,1.0,1.0,1.0,45.86328125,100.4296875,72.46875,174.60546875,317.7578125,251.33203125,0.0,0.0,9.3125,11.80303955078125
none,0,140,1.0,0.0,1.0,1.0,1.0,1.0,46.54296875,101.1171875,71.625,175.45703125,317.53125,247.5625,0.0,0.0,9.56640625,11.636825561523438
none,0,141,1.0,0.0,1.0,1.0,1.0,1.0,45.4296875,101.50390625,71.57421875,174.68359375,320.1328125,244.58984375,0.0,0.0,9.1640625,12.01477336883545
none,0,142,1.0,0.0,1.0,1.0,1.0,1.0,44.78125,101.7265625,72.2109375,170.34765625,321.140625,247.1796875,0.0,0.0,9.57421875,12.036628723144531
none,0,143,1.0,0.0,1.0,1.0,1.0,1.0,44.4375,102.140625,72.15625,169.09765625,320.7265625,248.3671875,0.0,0.0,9.2109375,12.144999504089355
none,0,144,1.0,0.0,1.0,1.0,1.0,1.0,45.23046875,102.99609375,72.5,174.63671875,322.84375,247.95703125,0.0,0.0,9.03125,12.399646759033203
none,0,145,1.0,0.0,1.0,1.0,1.0,1.0,45.17578125,102.70703125,72.0859375,173.01171875,323.4453125,246.77734375,0.0,0.0,9.17578125,12.319215774536133
none,0,146,1.0,0.0,1.0,1.0,1.0,1.0,44.1875,103.10546875,72.6328125,167.5625,322.6171875,245.2109375,0.0,0.0,8.83984375,12.649313926696777
none,0,147,1.0,0.0,1.0,1.0,1.0,1.0,44.75,102.1953125,72.1875,170.3984375,319.02734375,243.39453125,0.0,0.0,8.92578125,12.402189254760742
none,0,148,1.0,0.0,1.0,1.0,1.0,1.0,44.8515625,104.12109375,71.328125,170.46875,323.4609375,240.9765625,0.0,0.0,8.96484375,12.681478500366211
none,0,149,1.0,0.0,1.0,1.0,1.0,1.0,44.71875,102.38671875,72.734375,169.87890625,318.47265625,246.16015625,0.0,0.0,9.03515625,12.48205852508545
none,0,150,1.0,0.0,1.0,1.0,1.0,1.0,45.91796875,103.71484375,72.23828125,175.1875,322.3046875,244.34765625,0.0,0.0,8.66015625,12.549116134643555
none,0,151,1.0,0.0,1.0,1.0,1.0,1.0,44.484375,103.65234375,72.87890625,168.1015625,325.4921875,244.1328125,0.0,0.0,8.63671875,12.898483276367188
none,0,152,1.0,0.0,1.0,1.0,1.0,1.0,43.9140625,103.078125,73.79296875,167.92578125,319.1328125,250.8203125,0.0,0.0,8.6328125,12.644643783569336
none,0,153,1.0,0.0,1.0,1.0,1.0,1.0,44.55078125,103.26953125,73.55859375,167.62109375,320.7734375,247.234375,0.0,0.0,8.578125,12.69233512878418
none,0,154,1.0,0.0,1.0,1.0,1.0,1.0,44.390625,102.96875,74.4765625,171.43359375,322.5234375,252.3203125,0.0,0.0,8.55859375,12.946468353271484
none,0,155,1.0,0.0,1.0,1.0,1.0,1.0,44.78515625,104.19140625,73.23828125,172.05859375,324.125,249.6875,0.0,0.0,8.265625,13.010908126831055
none,0,156,1.0,0.0,1.0,1.0,1.0,1.0,44.36328125,104.12109375,72.2109375,169.87890625,326.18359375,245.67578125,0.0,0.0,8.4765625,12.811923027038574
none,0,157,1.0,0.0,1.0,1.0,1.0,1.0,46.05078125,104.43359375,72.40234375,176.14453125,323.04296875,245.84765625,0.0,0.0,8.6796875,12.649116516113281
none,0,158,1.0,0.0,1.0,1.0,1.0,1.0,45.23828125,103.34765625,74.6484375,173.71484375,321.1328125,254.578125,0.0,0.0,8.20703125,12.927851676940918
none,0,159,1.0,0.0,1.0,1.0,1.0,1.0,44.3984375,104.6328125,72.50390625,169.76171875,326.55078125,247.84375,0.0,0.0,8.28125,13.07678508758545
none,0,160,1.0,0.0,1.0,1.0,1.0,1.0,44.046875,104.1640625,74.34765625,170.23046875,323.0234375,252.3828125,0.0,0.0,8.1640625,13.131800651550293
none,0,161,1.0,0.0,1.0,1.0,1.0,1.0,44.296875,103.53515625,74.62109375,171.7421875,322.7890625,253.765625,0.0,0.0,8.17578125,12.98432445526123
none,0,162,1.0,0.0,1.0,1.0,1.0,1.0,44.47265625,104.0703125,73.234375,170.609375,324.53515625,249.6171875,0.0,0.0,8.140625,13.215152740478516
none,0,163,1.0,0.0,1.0,1.0,1.0,1.0,44.453125,105.48046875,72.640625,171.84765625,326.84765625,246.99609375,0.0,0.0,8.09765625,13.359220504760742
none,0,164,1.0,0.0,1.0,1.0,1.0,1.0,43.69921875,104.46875,72.96875,170.7734375,323.86328125,247.09765625,0.0,0.0,8.12890625,13.222869873046875
none,0,165,1.0,0.0,1.0,1.0,1.0,1.0,43.59375,105.9375,74.046875,166.83203125,326.7109375,250.20703125,0.0,0.0,7.98828125,13.740157127380371
none,0,166,1.0,0.0,1.0,1.0,1.0,1.0,44.171875,104.88671875,74.54296875,170.40234375,324.68359375,250.6796875,0.0,0.0,7.6171875,13.309844970703125
none,0,167,1.0,0.0,1.0,1.0,1.0,1.0,43.8984375,106.19140625,74.26171875,169.14453125,327.85546875,249.25,0.0,0.0,7.671875,13.62544059753418
none,0,168,1.0,0.0,1.0,1.0,1.0,1.0,44.5546875,105.76171875,73.51171875,169.66015625,327.98046875,247.96875,0.0,0.0,7.703125,13.375511169433594
none,0,169,1.0,0.0,1.0,1.0,1.0,1.0,43.8515625,104.77734375,73.75,167.74609375,324.9296875,249.51171875,0.0,0.0,7.296875,13.47658920288086
none,0,170,1.0,0.0,1.0,1.0,1.0,1.0,44.5234375,105.84375,74.25390625,172.359375,328.26171875,251.44140625,0.0,0.0,7.76953125,13.5192289352417
none,0,171,1.0,0.0,1.0,1.0,1.0,1.0,43.88671875,106.984375,73.25,171.75390625,329.6328125,247.08203125,0.0,0.0,7.44921875,13.905950546264648
none,0,172,1.0,0.0,1.0,1.0,1.0,1.0,44.20703125,106.9609375,73.796875,170.25390625,330.0546875,248.69921875,0.0,0.0,7.296875,13.917625427246094
none,0,173,1.0,0.0,1.0,1.0,1.0,1.0,43.2421875,106.7109375,74.59375,168.9765625,328.51953125,252.7890625,0.0,0.0,7.17578125,13.980284690856934
none,0,174,1.0,0.0,1.0,1.0,1.0,1.0,43.78125,106.4296875,73.1953125,170.54296875,330.16796875,246.68359375,0.0,0.0,7.2734375,13.757219314575195
none,0,175,1.0,0.0,1.0,1.0,1.0,1.0,43.39453125,107.14453125,74.07421875,168.6875,326.12890625,248.9609375,0.0,0.0,7.1171875,14.205179214477539
none,0,176,1.0,0.0,1.0,1.0,1.0,1.0,44.01171875,106.12109375,74.859375,169.55078125,324.25,250.8984375,0.0,0.0,6.62890625,13.965822219848633
none,0,177,1.0,0.0,1.0,1.0,1.0,1.0,42.67578125,107.078125,75.7578125,165.07421875,326.09375,253.90625,0.0,0.0,6.828125,14.257787704467773
none,0,178,1.0,0.0,1.0,1.0,1.0,1.0,42.8359375,108.4375,75.11328125,164.0859375,330.66015625,252.55859375,0.0,0.0,6.6640625,14.662101745605469
none,0,179,1.0,0.0,1.0,1.0,1.0,1.0,43.640625,106.9921875,74.91796875,169.29296875,326.640625,251.06640625,0.0,0.0,7.14453125,14.230899810791016
none,0,180,1.0,0.0,1.0,1.0,1.0,1.0,43.78125,106.9453125,75.3671875,169.61328125,325.9921875,253.5625,0.0,0.0,7.0,14.142367362976074
none,0,181,1.0,0.0,1.0,1.0,1.0,1.0,43.22265625,107.921875,75.9453125,168.5078125,326.33984375,254.01953125,0.0,0.0,6.8515625,14.478800773620605
none,0,182,1.0,0.0,1.0,1.0,1.0,1.0,42.9609375,108.4140625,75.4609375,166.3671875,330.265625,253.67578125,0.0,0.0,6.609375,14.728198051452637
none,0,183,1.0,0.0,1.0,1.0,1.0,1.0,42.578125,107.796875,75.9140625,165.5390625,329.42578125,256.5078125,0.0,0.0,6.64453125,14.569540023803711
none,0,184,1.0,0.0,1.0,1.0,1.0,1.0,42.89453125,106.97265625,76.71875,167.43359375,326.27734375,255.48828125,0.0,0.0,6.5390625,14.476332664489746
none,0,185,1.0,0.0,1.0,1.0,1.0,1.0,42.59375,109.0859375,75.44921875,165.57421875,331.89453125,253.89453125,0.0,0.0,6.546875,14.899707794189453
none,0,186,1.0,0.0,1.0,1.0,1.0,1.0,43.30078125,109.62890625,73.88671875,168.40234375,334.53125,248.6484375,0.0,0.0,6.65234375,14.78927230834961
none,0,187,1.0,0.0,1.0,1.0,1.0,1.0,43.02734375,108.20703125,75.19140625,167.69921875,329.42578125,253.18359375,0.0,0.0,6.4375,14.689814567565918
none,0,188,1.0,0.0,1.0,1.0,1.0,1.0,42.8359375,108.75390625,75.56640625,166.85546875,331.98046875,253.8046875,0.0,0.0,6.23046875,14.978620529174805
none,0,189,1.0,0.0,1.0,1.0,1.0,1.0,43.11328125,109.6328125,74.53125,167.6875,333.19921875,248.6328125,0.0,0.0,6.44140625,15.068159103393555
none,0,190,1.0,0.0,1.0,1.0,1.0,1.0,42.84765625,110.61328125,74.23046875,163.72265625,333.89453125,246.32421875,0.0,0.0,6.15234375,15.160680770874023
none,0,191,1.0,0.0,1.0,1.0,1.0,1.0,42.29296875,109.58984375,74.859375,163.33203125,332.5078125,249.45703125,0.0,0.0,6.35546875,14.897055625915527
none,0,192,1.0,0.0,1.0,1.0,1.0,1.0,41.921875,109.98046875,75.54296875,162.91015625,332.75390625,251.8203125,0.0,0.0,6.04296875,15.16663646697998
none,0,193,1.0,0.0,1.0,1.0,1.0,1.0,40.89453125,110.375,75.4609375,159.53125,334.79296875,250.625,0.0,0.0,5.91796875,15.362184524536133
none,0,194,1.0,0.0,1.0,1.0,1.0,1.0,41.1796875,111.234375,76.37890625,159.2109375,336.4921875,252.1875,0.0,0.0,5.828125,15.6627197265625
none,0,195,1.0,0.0,1.0,1.0,1.0,1.0,42.16015625,109.87109375,77.46875,163.375,331.12109375,256.02734375,0.0,0.0,5.609375,15.451709747314453
none,0,196,1.0,0.0,1.0,1.0,1.0,1.0,42.04296875,110.8828125,76.54296875,165.15234375,333.31640625,253.3359375,0.0,0.0,5.5625,15.53769588470459
none,0,197,1.0,0.0,1.0,1.0,1.0,1.0,42.4140625,110.91015625,76.46484375,166.1328125,336.26953125,253.62109375,0.0,0.0,5.87890625,15.46667766571045
none,0,198,1.0,0.0,1.0,1.0,1.0,1.0,43.24609375,109.08984375,77.171875,170.4140625,327.4375,256.546875,0.0,0.0,5.6796875,15.162357330322266
none,0,199,1.0,0.0,1.0,1.0,1.0,1.0,42.04296875,109.4921875,77.00390625,165.046875,332.1015625,254.91015625,0.0,0.0,5.703125,15.13589096069336
none,0,200,1.0,0.0,1.0,1.0,1.0,1.0,41.66015625,110.546875,77.10546875,162.77734375,334.9453125,255.4375,0.0,0.0,5.6328125,15.546488761901855
none,0,201,1.0,0.0,1.0,1.0,1.0,1.0,42.625,111.08203125,77.23046875,165.1953125,333.37890625,257.625,0.0,0.0,5.67578125,15.517999649047852
none,0,202,1.0,0.0,1.0,1.0,1.0,1.0,41.7578125,111.01953125,77.52734375,164.1015625,333.30859375,257.0703125,0.0,0.0,5.453125,15.88963508605957
none,0,203,1.0,0.0,1.0,1.0,1.0,1.0,41.7109375,110.453125,77.30078125,163.75,334.65234375,257.01171875,0.0,0.0,5.45703125,15.5736083984375
none,0,204,1.0,0.0,1.0,1.0,1.0,1.0,41.4609375,110.9453125,78.1484375,163.265625,334.203125,257.53125,0.0,0.0,5.41796875,16.0224666595459
none,0,205,1.0,0.0,1.0,1.0,1.0,1.0,42.5703125,111.625,74.86328125,164.796875,338.80859375,245.875,0.0,0.0,5.45703125,15.57388687133789
none,0,206,1.0,0.0,1.0,1.0,1.0,1.0,40.96875,111.23828125,77.2265625,160.53125,335.93359375,257.4765625,0.0,0.0,5.34375,16.058103561401367
none,0,207,1.0,0.0,1.0,1.0,1.0,1.0,42.2578125,111.6875,76.65234375,166.30078125,336.046875,251.70703125,0.0,0.0,5.27734375,15.986534118652344
none,0,208,1.0,0.0,1.0,1.0,1.0,1.0,40.9609375,112.8046875,75.9765625,160.55859375,338.51171875,250.70703125,0.0,0.0,5.04296875,16.174957275390625
none,0,209,1.0,0.0,1.0,1.0,1.0,1.0,40.5625,111.61328125,78.5,158.91015625,335.6484375,259.67578125,0.0,0.0,5.20703125,16.22923469543457
none,0,210,1.0,0.0,1.0,1.0,1.0,1.0,40.97265625,111.35546875,77.14453125,159.34375,334.62890625,255.3046875,0.0,0.0,5.17578125,15.965662002563477
none,0,211,1.0,0.0,1.0,1.0,1.0,1.0,40.25390625,113.43359375,77.62890625,158.53515625,339.5859375,256.44140625,0.0,0.0,4.95703125,16.591880798339844
none,0,212,1.0,0.0,1.0,1.0,1.0,1.0,40.3359375,113.14453125,76.8515625,160.109375,339.74609375,253.109375,0.0,0.0,4.83984375,16.56196403503418
none,0,213,1.0,0.0,1.0,1.0,1.0,1.0,41.27734375,112.57421875,77.5703125,161.140625,338.34765625,256.046875,0.0,0.0,4.8671875,16.069992065429688
none,0,214,1.0,0.0,1.0,1.0,1.0,1.0,40.91796875,112.6953125,77.25390625,162.65625,338.55078125,254.5390625,0.0,0.0,4.99609375,16.557607650756836
none,0,215,1.0,0.0,1.0,1.0,1.0,1.0,41.9609375,112.0390625,78.28125,164.03515625,335.8046875,259.0703125,0.0,0.0,4.88671875,16.220502853393555
none,0,216,1.0,0.0,1.0,1.0,1.0,1.0,41.84375,113.875,77.57421875,163.39453125,339.7421875,257.42578125,0.0,0.0,5.03515625,16.427474975585938
none,0,217,1.0,0.0,1.0,1.0,1.0,1.0,40.375,112.69921875,80.265625,158.64453125,337.7734375,265.09375,0.0,0.0,4.86328125,16.588420867919922
none,0,218,1.0,0.0,1.0,1.0,1.0,1.0,40.70703125,112.61328125,78.62109375,160.96484375,339.8203125,261.09765625,0.0,0.0,4.89453125,16.57745361328125
none,0,219,1.0,0.0,1.0,1.0,1.0,1.0,40.8046875,114.68359375,76.00390625,160.62109375,343.31640625,251.4453125,0.0,0.0,4.81640625,16.565420150756836
none,0,220,1.0,0.0,1.0,1.0,1.0,1.0,39.734375,113.0,77.96875,158.328125,339.6796875,257.0859375,0.0,0.0,4.62109375,16.868690490722656
none,0,221,1.0,0.0,1.0,1.0,1.0,1.0,40.36328125,113.59765625,77.62890625,157.5859375,340.421875,257.78515625,0.0,0.0,4.54296875,16.694387435913086
none,0,222,1.0,0.0,1.0,1.0,1.0,1.0,40.87109375,113.7890625,77.0703125,159.83203125,341.1484375,255.46875,0.0,0.0,4.68359375,16.70615005493164
none,0,223,1.0,0.0,1.0,1.0,1.0,1.0,39.64453125,114.3671875,76.8828125,156.83203125,341.43359375,253.921875,0.0,0.0,4.53515625,16.934667587280273
none,0,224,1.0,0.0,1.0,1.0,1.0,1.0,39.71875,114.63671875,78.55859375,155.42578125,342.22265625,261.53515625,0.0,0.0,4.4375,17.184240341186523
none,0,225,1.0,0.0,1.0,1.0,1.0,1.0,38.5390625,114.12109375,77.75390625,152.0,342.15625,258.15234375,0.0,0.0,4.421875,17.150726318359375
none,0,226,1.0,0.0,1.0,1.0,1.0,1.0,39.66796875,115.4765625,77.27734375,157.3671875,343.26171875,256.2578125,0.0,0.0,4.484375,17.26087760925293
none,0,227,1.0,0.0,1.0,1.0,1.0,1.0,41.3125,115.06640625,77.99609375,164.30859375,343.4453125,257.890625,0.0,0.0,4.65625,16.833261489868164
none,0,228,1.0,0.0,1.0,1.0,1.0,1.0,40.05078125,116.171875,80.04296875,159.9140625,345.3046875,264.48046875,0.0,0.0,4.26171875,17.506471633911133
none,0,229,1.0,0.0,1.0,1.0,1.0,1.0,39.78515625,112.68359375,81.26171875,159.86328125,336.7421875,268.125,0.0,0.0,4.35546875,17.14310073852539
none,0,230,1.0,0.0,1.0,1.0,1.0,1.0,39.30078125,114.60546875,81.6015625,155.72265625,339.46484375,269.5703125,0.0,0.0,4.43359375,17.619892120361328
none,0,231,1.0,0.0,1.0,1.0,1.0,1.0,40.265625,114.0234375,79.65234375,159.4921875,338.8125,263.86328125,0.0,0.0,4.43359375,17.174718856811523
none,0,232,1.0,0.0,1.0,1.0,1.0,1.0,39.8515625,115.05078125,81.0078125,157.796875,341.1328125,268.61328125,0.0,0.0,4.13671875,17.5424861907959
none,0,233,1.0,0.0,1.0,1.0,1.0,1.0,38.4140625,115.98046875,79.53125,152.21875,344.74609375,260.921875,0.0,0.0,4.01171875,17.845630645751953
none,0,234,1.0,0.0,1.0,1.0,1.0,1.0,39.546875,116.44140625,79.75390625,155.6015625,345.41015625,262.65625,0.0,0.0,4.296875,17.746829986572266
none,0,235,1.0,0.0,1.0,1.0,1.0,1.0,38.34765625,115.91015625,79.3125,152.1484375,345.796875,261.61328125,0.0,0.0,4.0390625,17.564815521240234
none,0,236,1.0,0.0,1.0,1.0,1.0,1.0,39.75390625,116.51171875,78.8671875,159.68359375,345.60546875,258.25,0.0,0.0,4.171875,17.6208553314209
none,0,237,1.0,0.0,1.0,1.0,1.0,1.0,38.140625,116.0546875,79.27734375,151.9375,343.58984375,258.1796875,0.0,0.0,4.2578125,17.807279586791992
none,0,238,1.0,0.0,1.0,1.0,1.0,1.0,38.671875,116.54296875,79.296875,153.65625,345.8515625,258.80078125,0.0,0.0,4.08984375,17.816978454589844
none,0,239,1.0,0.0,1.0,1.0,1.0,1.0,38.953125,116.53515625,79.6171875,154.2109375,346.3046875,260.2890625,0.0,0.0,4.2421875,18.193525314331055
none,0,240,1.0,0.0,1.0,1.0,1.0,1.0,37.84375,115.44921875,81.421875,151.3125,341.359375,269.4765625,0.0,0.0,4.19140625,17.864315032958984
none,0,241,1.0,0.0,1.0,1.0,1.0,1.0,38.49609375,115.7265625,81.8203125,153.390625,342.72265625,270.33984375,0.0,0.0,4.0703125,17.841426849365234
none,0,242,1.0,0.0,1.0,1.0,1.0,1.0,39.04296875,116.37890625,79.70703125,153.6953125,344.12890625,262.7109375,0.0,0.0,4.1015625,17.816814422607422
none,0,243,1.0,0.0,1.0,1.0,1.0,1.0,38.96875,115.8828125,81.3515625,154.36328125,343.7421875,270.0625,0.0,0.0,4.03515625,17.91750144958496
none,0,244,1.0,0.0,1.0,1.0,1.0,1.0,38.890625,116.1484375,80.4921875,157.796875,343.8671875,264.96875,0.0,0.0,3.921875,17.922428131103516
none,0,245,1.0,0.0,1.0,1.0,1.0,1.0,38.15234375,117.140625,79.76171875,153.9296875,347.3046875,261.39453125,0.0,0.0,3.94140625,18.08751678466797
none,0,246,1.0,0.0,1.0,1.0,1.0,1.0,38.0703125,115.94921875,81.03125,151.75390625,343.76953125,267.48046875,0.0,0.0,3.87890625,18.0338134765625
none,0,247,1.0,0.0,1.0,1.0,1.0,1.0,36.890625,116.8203125,79.69140625,146.97265625,345.7265625,261.98828125,0.0,0.0,3.78515625,18.264509201049805
none,0,248,1.0,0.0,1.0,1.0,1.0,1.0,37.1875,116.86328125,80.703125,147.58984375,345.921875,265.98046875,0.0,0.0,3.6171875,18.225393295288086
none,0,249,1.0,0.0,1.0,1.0,1.0,1.0,37.37109375,118.02734375,78.98046875,147.9453125,348.9296875,261.98828125,0.0,0.0,4.03125,18.35867691040039
none,0,250,1.0,0.0,1.0,1.0,1.0,1.0,36.92578125,117.859375,79.74609375,147.125,348.2578125,262.75390625,0.0,0.0,3.78125,18.604419708251953
none,0,251,1.0,0.0,1.0,1.0,1.0,1.0,37.9921875,118.63671875,79.12109375,149.625,350.7734375,261.625,0.0,0.0,3.83984375,18.196258544921875
none,0,252,1.0,0.0,1.0,1.0,1.0,1.0,37.3359375,118.94140625,80.1015625,149.19921875,351.82421875,264.109375,0.0,0.0,3.734375,18.66183090209961
none,0,253,1.0,0.0,1.0,1.0,1.0,1.0,38.1484375,117.5859375,81.3828125,150.94140625,346.328125,267.18359375,0.0,0.0,3.703125,18.345754623413086
none,0,254,1.0,0.0,1.0,1.0,1.0,1.0,37.7421875,119.39453125,79.9765625,149.48046875,352.5859375,264.27734375,0.0,0.0,3.8203125,18.69735336303711
none,0,255,1.0,0.0,1.0,1.0,1.0,1.0,37.33203125,118.36328125,81.5390625,148.82421875,349.2109375,270.2421875,0.0,0.0,3.58984375,18.573925018310547
none,0,256,1.0,0.0,1.0,1.0,1.0,1.0,37.39453125,119.6171875,79.609375,149.21875,355.0390625,261.96875,0.0,0.0,3.36328125,18.639144897460938
none,0,257,1.0,0.0,1.0,1.0,1.0,1.0,36.44140625,118.53515625,81.81640625,145.55078125,348.9921875,268.73828125,0.0,0.0,3.63671875,18.805923461914062
none,0,258,1.0,0.0,1.0,1.0,1.0,1.0,36.7890625,119.234375,81.57421875,147.01953125,354.7578125,268.703125,0.0,0.0,3.3671875,18.821826934814453
none,0,259,1.0,0.0,1.0,1.0,1.0,1.0,34.95703125,119.1015625,81.33203125,139.72265625,352.1328125,268.83984375,0.0,0.0,3.43359375,19.21561050415039
none,0,260,1.0,0.0,1.0,1.0,1.0,1.0,35.98828125,120.30078125,79.8046875,144.54296875,355.73828125,261.7265625,0.0,0.0,3.51953125,19.06886100769043
none,0,261,1.0,0.0,1.0,1.0,1.0,1.0,36.421875,120.21484375,79.93359375,144.359375,355.1640625,261.94140625,0.0,0.0,3.61328125,18.93701171875
none,0,262,1.0,0.0,1.0,1.0,1.0,1.0,35.48046875,120.77734375,80.2578125,141.2109375,355.3203125,263.96875,0.0,0.0,3.53515625,19.220884323120117
none,0,263,1.0,0.0,1.0,1.0,1.0,1.0,36.0546875,119.10546875,81.88671875,144.6171875,350.45703125,270.0234375,0.0,0.0,3.43359375,18.97946548461914
none,0,264,1.0,0.0,1.0,1.0,1.0,1.0,36.62890625,120.0234375,80.4453125,147.078125,355.46484375,265.30859375,0.0,0.0,3.47265625,18.962953567504883
none,0,265,1.0,0.0,1.0,1.0,1.0,1.0,36.86328125,120.17578125,82.328125,146.43359375,353.5234375,268.1015625,0.0,0.0,3.37109375,19.264005661010742
none,0,266,1.0,0.0,1.0,1.0,1.0,1.0,35.6171875,120.8125,80.7890625,143.4296875,355.53515625,263.53515625,0.0,0.0,3.328125,19.459835052490234
none,0,267,1.0,0.0,1.0,1.0,1.0,1.0,35.55859375,120.0546875,81.0,141.06640625,352.79296875,264.21875,0.0,0.0,3.37890625,19.251577377319336
none,0,268,1.0,0.0,1.0,1.0,1.0,1.0,35.49609375,120.78515625,81.8125,141.61328125,355.8984375,266.13671875,0.0,0.0,3.12890625,19.475547790527344
none,0,269,1.0,0.0,1.0,1.0,1.0,1.0,35.328125,120.6328125,83.0390625,140.5625,353.88671875,271.07421875,0.0,0.0,3.12109375,19.712947845458984
none,0,270,1.0,0.0,1.0,1.0,1.0,1.0,35.04296875,119.78125,83.62890625,140.3515625,351.0234375,273.4453125,0.0,0.0,3.19921875,19.559642791748047
none,0,271,1.0,0.0,1.0,1.0,1.0,1.0,35.0234375,120.55859375,83.58203125,141.3671875,353.96875,274.10546875,0.0,0.0,3.140625,19.74677085876465
none,0,272,1.0,0.0,1.0,1.0,1.0,1.0,35.7265625,121.70703125,82.07421875,143.4375,357.0390625,269.65234375,0.0,0.0,2.8828125,19.669204711914062
none,0,273,1.0,0.0,1.0,1.0,1.0,1.0,35.01953125,120.14453125,84.55078125,141.1171875,351.5703125,277.15234375,0.0,0.0,2.90234375,19.75399398803711
none,0,274,1.0,0.0,1.0,1.0,1.0,1.0,36.15234375,121.265625,83.7578125,143.7734375,355.69140625,275.359375,0.0,0.0,3.25390625,19.793685913085938
none,0,275,1.0,0.0,1.0,1.0,1.0,1.0,36.79296875,122.25,81.1171875,146.39453125,358.21875,267.4453125,0.0,0.0,3.03515625,19.51178741455078
none,0,276,1.0,0.0,1.0,1.0,1.0,1.0,35.5625,121.3984375,81.97265625,143.9140625,357.4140625,271.1171875,0.0,0.0,2.93359375,19.715944290161133
none,0,277,1.0,0.0,1.0,1.0,1.0,1.0,35.421875,122.5859375,81.4765625,139.1796875,356.921875,269.03515625,0.0,0.0,2.95703125,20.177669525146484
none,0,278,1.0,0.0,1.0,1.0,1.0,1.0,35.26953125,123.34765625,80.26171875,141.09375,360.125,264.09375,0.0,0.0,2.88671875,20.048263549804688
none,0,279,1.0,0.0,1.0,1.0,1.0,1.0,34.88671875,123.57421875,80.875,139.79296875,360.078125,265.97265625,0.0,0.0,2.92578125,20.24443244934082
none,0,280,1.0,0.0,1.0,1.0,1.0,1.0,34.69921875,123.44921875,81.34375,139.6953125,359.76953125,267.93359375,0.0,0.0,3.046875,20.25872802734375
none,0,281,1.0,0.0,1.0,1.0,1.0,1.0,33.33203125,122.953125,83.640625,133.859375,359.80859375,277.08203125,0.0,0.0,2.671875,20.59838104248047
none,0,282,1.0,0.0,1.0,1.0,1.0,1.0,33.421875,123.9609375,79.83203125,132.8671875,363.94921875,265.32421875,0.0,0.0,2.69140625,20.428882598876953
none,0,283,1.0,0.0,1.0,1.0,1.0,1.0,33.109375,123.640625,82.390625,132.71484375,363.17578125,270.7890625,0.0,0.0,3.0234375,20.642475128173828
none,0,284,1.0,0.0,1.0,1.0,1.0,1.0,34.2578125,123.76953125,81.64453125,136.0546875,362.25,267.109375,0.0,0.0,2.859375,20.445436477661133
none,0,285,1.0,0.0,1.0,1.0,1.0,1.0,34.1796875,123.3125,82.234375,136.6875,359.63671875,268.0,0.0,0.0,2.83984375,20.321048736572266
none,0,286,1.0,0.0,1.0,1.0,1.0,1.0,34.5546875,123.3515625,82.5625,139.25,359.296875,269.15625,0.0,0.0,2.796875,20.22545623779297
none,0,287,1.0,0.0,1.0,1.0,1.0,1.0,34.93359375,124.21484375,82.64453125,140.515625,360.82421875,271.890625,0.0,0.0,2.625,20.644193649291992
none,0,288,1.0,0.0,1.0,1.0,1.0,1.0,35.04296875,124.1953125,82.484375,139.9140625,360.375,269.8671875,0.0,0.0,2.6953125,20.360553741455078
none,0,289,1.0,0.0,1.0,1.0,1.0,1.0,35.37890625,124.30859375,83.00390625,140.41796875,361.6015625,270.6953125,0.0,0.0,2.59375,20.455039978027344
none,0,290,1.0,0.0,1.0,1.0,1.0,1.0,34.91796875,123.0078125,85.359375,138.87890625,354.3125,279.3671875,0.0,0.0,2.71875,20.446884155273438
none,0,291,1.0,0.0,1.0,1.0,1.0,1.0,33.6875,124.01171875,83.25390625,135.41796875,359.0,274.51171875,0.0,0.0,2.6171875,20.7241268157959
none,0,292,1.0,0.0,1.0,1.0,1.0,1.0,34.05078125,123.62109375,84.88671875,134.94140625,359.68359375,279.20703125,0.0,0.0,2.63671875,20.736427307128906
none,0,293,1.0,0.0,1.0,1.0,1.0,1.0,33.12890625,124.49609375,83.82421875,133.36328125,362.38671875,276.45703125,0.0,0.0,2.50390625,20.980762481689453
none,0,294,1.0,0.0,1.0,1.0,1.0,1.0,32.828125,123.8046875,83.66015625,132.15625,361.078125,276.01953125,0.0,0.0,2.58984375,20.801010131835938
none,0,295,1.0,0.0,1.0,1.0,1.0,1.0,33.3515625,125.1484375,84.12109375,133.49609375,363.27734375,275.98046875,0.0,0.0,2.54296875,21.25840187072754
none,0,296,1.0,0.0,1.0,1.0,1.0,1.0,32.65625,125.76171875,83.58203125,130.6171875,363.9140625,275.44140625,0.0,0.0,2.55859375,21.263877868652344
none,0,297,1.0,0.0,1.0,1.0,1.0,1.0,32.9453125,126.30078125,83.609375,131.390625,367.3984375,275.30078125,0.0,0.0,2.40625,21.489238739013672
none,0,298,1.0,0.0,1.0,1.0,1.0,1.0,33.20703125,124.61328125,84.35546875,132.515625,362.23828125,278.0390625,0.0,0.0,2.359375,21.08209991455078
none,0,299,1.0,0.0,1.0,1.0,1.0,1.0,33.04296875,125.07421875,85.44140625,132.98828125,362.8828125,280.86328125,0.0,0.0,2.32421875,21.351654052734375
none,0,300,1.0,0.0,1.0,1.0,1.0,1.0,34.4140625,124.59375,84.26953125,139.0625,360.94140625,276.59765625,0.0,0.0,2.5234375,20.89922332763672
none,0,301,1.0,0.0,1.0,1.0,1.0,1.0,34.125,124.52734375,84.7265625,135.66015625,361.25,279.62109375,0.0,0.0,2.39453125,21.047849655151367
none,0,302,1.0,0.0,1.0,1.0,1.0,1.0,34.19921875,125.20703125,83.7265625,136.4765625,361.30078125,277.12109375,0.0,0.0,2.47265625,21.015474319458008
none,0,303,1.0,0.0,1.0,1.0,1.0,1.0,34.015625,126.34765625,85.265625,135.68359375,365.48046875,278.92578125,0.0,0.0,2.44921875,21.36109161376953
none,0,304,1.0,0.0,1.0,1.0,1.0,1.0,33.15625,126.40625,84.5859375,132.16015625,366.91015625,276.3671875,0.0,0.0,2.375,21.4698543548584
none,0,305,1.0,0.0,1.0,1.0,1.0,1.0,32.796875,126.3984375,84.57421875,131.50390625,364.69140625,276.63671875,0.0,0.0,2.2265625,21.545669555664062
none,0,306,1.0,0.0,1.0,1.0,1.0,1.0,31.765625,127.4453125,83.62890625,127.12109375,368.796875,272.19921875,0.0,0.0,2.1796875,21.972272872924805
none,0,307,1.0,0.0,1.0,1.0,1.0,1.0,32.4375,126.921875,84.99609375,130.3984375,363.50390625,277.5,0.0,0.0,2.2890625,21.55213737487793
none,0,308,1.0,0.0,1.0,1.0,1.0,1.0,32.44140625,126.65234375,85.2890625,130.80859375,364.453125,278.58984375,0.0,0.0,2.1328125,21.63763999938965
none,0,309,1.0,0.0,1.0,1.0,1.0,1.0,32.390625,126.52734375,84.5859375,130.1953125,366.4140625,277.22265625,0.0,0.0,2.20703125,21.678625106811523
none,0,310,1.0,0.0,1.0,1.0,1.0,1.0,32.47265625,126.734375,85.53125,129.93359375,365.71875,283.10546875,0.0,0.0,2.26171875,21.836347579956055
none,0,311,1.0,0.0,1.0,1.0,1.0,1.0,33.890625,125.3671875,87.2734375,136.96484375,361.78515625,289.51953125,0.0,0.0,2.15625,21.592214584350586
none,0,312,1.0,0.0,1.0,1.0,1.0,1.0,33.66015625,126.39453125,85.23046875,135.50390625,364.78125,279.0234375,0.0,0.0,2.27734375,21.568496704101562
none,0,313,1.0,0.0,1.0,1.0,1.0,1.0,33.91796875,127.64453125,84.32421875,135.37109375,367.75390625,276.171875,0.0,0.0,2.203125,21.634435653686523
none,0,314,1.0,0.0,1.0,1.0,1.0,1.0,32.7265625,127.28125,83.51953125,131.83203125,369.03125,275.24609375,0.0,0.0,2.203125,21.676895141601562
none,0,315,1.0,0.0,1.0,1.0,1.0,1.0,32.96875,127.89453125,84.91015625,133.703125,367.9140625,279.1796875,0.0,0.0,2.12890625,22.019317626953125
none,0,316,1.0,0.0,1.0,1.0,1.0,1.0,32.3984375,128.578125,83.921875,128.3984375,371.7890625,276.93359375,0.0,0.0,2.13671875,22.204763412475586
none,0,317,1.0,0.0,1.0,1.0,1.0,1.0,32.21875,128.6640625,84.6875,128.76953125,371.6875,278.2265625,0.0,0.0,2.03515625,22.030858993530273
none,0,318,1.0,0.0,1.0,1.0,1.0,1.0,31.69140625,128.81640625,83.28125,126.62890625,370.73828125,272.74609375,0.0,0.0,2.078125,22.20892906188965
none,0,319,1.0,0.0,1.0,1.0,1.0,1.0,32.48046875,127.30859375,86.25,127.875,366.796875,281.87890625,0.0,0.0,2.21484375,21.95413589477539
none,0,320,1.0,0.0,1.0,1.0,1.0,1.0,32.32421875,127.875,85.9296875,127.90625,370.16015625,281.3125,0.0,0.0,2.16796875,22.079998016357422
none,0,321,1.0,0.0,1.0,1.0,1.0,1.0,31.92578125,128.12890625,86.4921875,128.29296875,369.15234375,284.9140625,0.0,0.0,2.10546875,22.41678237915039
none,0,322,1.0,0.0,1.0,1.0,1.0,1.0,32.37109375,127.859375,85.921875,131.39453125,368.9921875,281.265625,0.0,0.0,2.21484375,22.019500732421875
none,0,323,1.0,0.0,1.0,1.0,1.0,1.0,32.0234375,129.09765625,85.93359375,127.03515625,370.76171875,282.62109375,0.0,0.0,2.0625,22.50160026550293
none,0,324,1.0,0.0,1.0,1.0,1.0,1.0,32.40625,129.15625,85.171875,129.79296875,371.01171875,278.20703125,0.0,0.0,2.03515625,22.53536605834961
none,0,325,1.0,0.0,1.0,1.0,1.0,1.0,32.69140625,129.44921875,84.4609375,132.5234375,370.12890625,276.30078125,0.0,0.0,2.13671875,22.43330192565918
none,0,326,1.0,0.0,1.0,1.0,1.0,1.0,31.63671875,129.30859375,86.30859375,128.5703125,370.953125,281.4609375,0.0,0.0,2.10546875,22.587743759155273
none,0,327,1.0,0.0,1.0,1.0,1.0,1.0,31.1953125,130.109375,86.12890625,124.9921875,373.4296875,278.19140625,0.0,0.0,1.8671875,22.753698348999023
none,0,328,1.0,0.0,1.0,1.0,1.0,1.0,31.796875,129.66015625,85.1171875,126.890625,369.59375,276.77734375,0.0,0.0,2.015625,22.635032653808594
none,0,329,1.0,0.0,1.0,1.0,1.0,1.0,30.546875,130.26171875,84.37109375,124.17578125,372.609375,275.8984375,0.0,0.0,2.02734375,22.932218551635742
none,0,330,1.0,0.0,1.0,1.0,1.0,1.0,30.4375,129.01953125,86.90625,122.5859375,369.91796875,284.9375,0.0,0.0,1.80859375,22.85467529296875
none,0,331,1.0,0.0,1.0,1.0,1.0,1.0,30.8046875,130.640625,85.125,124.46875,373.98828125,278.21484375,0.0,0.0,1.84765625,22.89452362060547
none,0,332,1.0,0.0,1.0,1.0,1.0,1.0,31.328125,129.6015625,86.2265625,125.55859375,369.921875,281.90625,0.0,0.0,1.9296875,22.805492401123047
none,0,333,1.0,0.0,1.0,1.0,1.0,1.0,30.76953125,130.87109375,86.7109375,121.79296875,374.12109375,281.41015625,0.0,0.0,1.875,23.232677459716797
none,0,334,1.0,0.0,1.0,1.0,1.0,1.0,30.9375,129.91796875,86.77734375,124.23828125,373.26171875,282.5703125,0.0,0.0,1.9765625,22.851346969604492
none,0,335,1.0,0.0,1.0,1.0,1.0,1.0,29.38671875,130.96484375,85.6640625,117.18359375,376.05859375,278.2890625,0.0,0.0,1.91796875,23.39144515991211
none,0,336,1.0,0.0,1.0,1.0,1.0,1.0,30.94140625,130.17578125,85.44921875,124.25390625,371.55859375,279.046875,0.0,0.0,2.03515625,22.95339584350586
none,0,337,1.0,0.0,1.0,1.0,1.0,1.0,30.8359375,131.234375,85.5390625,124.2109375,374.28125,278.578125,0.0,0.0,1.98828125,23.05830955505371
none,0,338,1.0,0.0,1.0,1.0,1.0,1.0,30.99609375,130.0703125,87.4375,125.96875,369.77734375,284.92578125,0.0,0.0,2.078125,22.9345703125
none,0,339,1.0,0.0,1.0,1.0,1.0,1.0,31.20703125,130.91796875,87.1796875,125.0625,371.91796875,286.0234375,0.0,0.0,1.73828125,23.232696533203125
none,0,340,1.0,0.0,1.0,1.0,1.0,1.0,31.3984375,130.92578125,86.921875,124.47265625,370.28515625,283.5859375,0.0,0.0,1.9140625,23.150821685791016
none,0,341,1.0,0.0,1.0,1.0,1.0,1.0,31.4921875,131.41015625,86.76953125,127.359375,373.359375,284.234375,0.0,0.0,1.89453125,23.124664306640625
none,0,342,1.0,0.0,1.0,1.0,1.0,1.0,31.0625,131.57421875,88.2890625,124.2890625,374.4453125,288.8359375,0.0,0.0,1.8984375,23.443166732788086
none,0,343,1.0,0.0,1.0,1.0,1.0,1.0,29.56640625,131.87890625,86.30859375,121.2421875,377.671875,283.51171875,0.0,0.0,1.62890625,23.570098876953125
none,0,344,1.0,0.0,1.0,1.0,1.0,1.0,29.81640625,131.98046875,87.28125,121.76171875,376.08203125,286.296875,0.0,0.0,1.9140625,23.36077117919922
none,0,345,1.0,0.0,1.0,1.0,1.0,1.0,30.58203125,131.46484375,87.265625,123.1953125,375.22265625,286.4453125,0.0,0.0,1.77734375,23.350399017333984
none,0,346,1.0,0.0,1.0,1.0,1.0,1.0,30.37109375,131.99609375,86.03125,121.13671875,375.8203125,283.14453125,0.0,0.0,2.046875,23.526565551757812
none,0,347,1.0,0.0,1.0,1.0,1.0,1.0,30.80078125,130.6796875,88.046875,124.64453125,373.05859375,293.16796875,0.0,0.0,1.83984375,23.27208709716797
none,0,348,1.0,0.0,1.0,1.0,1.0,1.0,31.41796875,131.24609375,88.91015625,125.64453125,372.80078125,292.95703125,0.0,0.0,1.6796875,23.35743522644043
none,0,349,1.0,0.0,1.0,1.0,1.0,1.0,30.15234375,131.171875,89.16796875,121.87890625,373.046875,294.5078125,0.0,0.0,1.82421875,23.508811950683594
none,0,350,1.0,0.0,1.0,1.0,1.0,1.0,30.265625,131.52734375,87.9609375,121.97265625,375.19140625,290.19921875,0.0,0.0,1.7109375,23.52728271484375
none,0,351,1.0,0.0,1.0,1.0,1.0,1.0,30.4765625,132.40234375,88.7734375,123.8828125,376.4453125,291.91796875,0.0,0.0,1.64453125,23.886281967163086
none,0,352,1.0,0.0,1.0,1.0,1.0,1.0,30.359375,131.61328125,88.33203125,121.48046875,374.90234375,292.4921875,0.0,0.0,1.828125,23.482421875
none,0,353,1.0,0.0,1.0,1.0,1.0,1.0,29.80078125,131.671875,89.453125,122.82421875,374.05078125,297.09375,0.0,0.0,1.796875,23.931594848632812
none,0,354,1.0,0.0,1.0,1.0,1.0,1.0,29.546875,132.359375,89.6484375,118.6796875,376.00390625,293.4609375,0.0,0.0,1.8125,23.97371482849121
none,0,355,1.0,0.0,1.0,1.0,1.0,1.0,29.84765625,131.94140625,89.1640625,119.7109375,375.6953125,292.39453125,0.0,0.0,1.65625,23.76190757751465
none,0,356,1.0,0.0,1.0,1.0,1.0,1.0,30.4921875,132.65234375,87.71484375,120.7890625,376.12109375,286.70703125,0.0,0.0,1.6875,23.744327545166016
none,0,357,1.0,0.0,1.0,1.0,1.0,1.0,30.03125,131.9609375,88.08984375,118.765625,373.87109375,285.92578125,0.0,0.0,1.6640625,23.60546112060547
none,0,358,1.0,0.0,1.0,1.0,1.0,1.0,29.68359375,132.5,88.125,117.578125,375.234375,288.98828125,0.0,0.0,1.78125,23.72182273864746
none,0,359,1.0,0.0,1.0,1.0,1.0,1.0,30.91015625,132.76953125,88.703125,124.08203125,376.61328125,288.66796875,0.0,0.0,1.73828125,23.763099670410156
none,0,360,1.0,0.0,1.0,1.0,1.0,1.0,29.93359375,132.671875,88.51953125,118.8125,377.16796875,289.0859375,0.0,0.0,1.7578125,24.016782760620117
none,0,361,1.0,0.0,1.0,1.0,1.0,1.0,28.5546875,132.65625,89.0078125,115.28125,375.46875,290.0078125,0.0,0.0,1.50390625,24.20720672607422
none,0,362,1.0,0.0,1.0,1.0,1.0,1.0,28.53125,132.80859375,88.5234375,115.2890625,377.83984375,289.30078125,0.0,0.0,1.6015625,24.092885971069336
none,0,363,1.0,0.0,1.0,1.0,1.0,1.0,28.203125,133.6953125,89.58203125,115.4609375,380.22265625,294.05859375,0.0,0.0,1.8046875,24.47664451599121
none,0,364,1.0,0.0,1.0,1.0,1.0,1.0,29.04296875,133.8984375,87.5234375,117.4453125,381.46875,288.25,0.0,0.0,1.734375,24.251426696777344
none,0,365,1.0,0.0,1.0,1.0,1.0,1.0,28.27734375,133.01953125,89.609375,114.67578125,379.94921875,294.96484375,0.0,0.0,1.73046875,24.292348861694336
none,0,366,1.0,0.0,1.0,1.0,1.0,1.0,28.01171875,133.32421875,89.68359375,112.84375,379.2421875,293.56640625,0.0,0.0,1.59375,24.396770477294922
none,0,367,1.0,0.0,1.0,1.0,1.0,1.0,28.1796875,134.078125,88.96875,113.60546875,378.7578125,293.28125,0.0,0.0,1.69140625,24.46285057067871
none,0,368,1.0,0.0,1.0,1.0,1.0,1.0,28.05078125,134.109375,89.109375,111.6015625,381.28125,292.91796875,0.0,0.0,1.60546875,24.7020263671875
none,0,369,1.0,0.0,1.0,1.0,1.0,1.0,28.61328125,134.19140625,89.7578125,115.34375,380.22265625,294.703125,0.0,0.0,1.66796875,24.560409545898438
none,0,370,1.0,0.0,1.0,1.0,1.0,1.0,28.203125,134.17578125,90.7734375,114.015625,378.39453125,295.265625,0.0,0.0,1.5,24.588531494140625
none,0,371,1.0,0.0,1.0,1.0,1.0,1.0,27.640625,133.35546875,89.22265625,111.796875,375.4765625,291.61328125,0.0,0.0,1.484375,24.562902450561523
none,0,372,1.0,0.0,1.0,1.0,1.0,1.0,28.15625,134.6875,89.5078125,112.2734375,378.9375,292.328125,0.0,0.0,1.48828125,24.66559410095215
none,0,373,1.0,0.0,1.0,1.0,1.0,1.0,27.99609375,134.03515625,89.49609375,111.3125,377.078125,292.38671875,0.0,0.0,1.65625,24.55837631225586
none,0,374,1.0,0.0,1.0,1.0,1.0,1.0,28.9921875,133.56640625,89.3671875,112.95703125,374.4375,290.98828125,0.0,0.0,1.58203125,24.421415328979492
none,0,375,1.0,0.0,1.0,1.0,1.0,1.0,28.71875,136.125,88.60546875,113.33203125,380.3046875,286.890625,0.0,0.0,1.6171875,24.744672775268555
none,0,376,1.0,0.0,1.0,1.0,1.0,1.0,28.15625,134.2734375,89.859375,112.30859375,376.60546875,293.8984375,0.0,0.0,1.61328125,24.680816650390625
none,0,377,1.0,0.0,1.0,1.0,1.0,1.0,28.94140625,134.4140625,88.1171875,115.77734375,379.5625,288.5234375,0.0,0.0,1.62890625,24.443693161010742
none,0,378,1.0,0.0,1.0,1.0,1.0,1.0,29.05859375,134.20703125,89.171875,115.90625,377.4609375,289.3046875,0.0,0.0,1.5859375,24.326244354248047
none,0,379,1.0,0.0,1.0,1.0,1.0,1.0,29.3046875,134.61328125,89.44921875,117.2578125,379.1171875,291.91796875,0.0,0.0,1.5234375,24.449804306030273
none,0,380,1.0,0.0,1.0,1.0,1.0,1.0,28.1171875,134.734375,91.53515625,114.12890625,379.28125,297.296875,0.0,0.0,1.56640625,24.72445297241211
none,0,381,1.0,0.0,1.0,1.0,1.0,1.0,28.48046875,134.6171875,88.8046875,114.8984375,380.046875,291.3125,0.0,0.0,1.58984375,24.663928985595703
none,0,382,1.0,0.0,1.0,1.0,1.0,1.0,28.30078125,133.62890625,90.890625,114.78125,378.03125,296.41015625,0.0,0.0,1.50390625,24.63854217529297
none,0,383,1.0,0.0,1.0,1.0,1.0,1.0,28.00390625,135.1796875,89.74609375,111.69140625,381.484375,292.42578125,0.0,0.0,1.6328125,24.918975830078125
none,0,384,1.0,0.0,1.0,1.0,1.0,1.0,28.171875,135.36328125,90.5546875,111.734375,379.12890625,296.5703125,0.0,0.0,1.39453125,24.993282318115234
none,0,385,1.0,0.0,1.0,1.0,1.0,1.0,27.41796875,135.5625,90.79296875,111.03515625,381.015625,296.78125,0.0,0.0,1.4921875,25.209508895874023
none,0,386,1.0,0.0,1.0,1.0,1.0,1.0,27.0625,135.734375,90.19140625,108.9765625,380.96484375,293.37109375,0.0,0.0,1.38671875,25.10097885131836
none,0,387,1.0,0.0,1.0,1.0,1.0,1.0,27.296875,135.84375,89.4375,110.03125,382.64453125,290.84765625,0.0,0.0,1.5625,25.004329681396484
none,0,388,1.0,0.0,1.0,1.0,1.0,1.0,27.6015625,134.30078125,90.671875,110.02734375,377.90625,294.22265625,0.0,0.0,1.63671875,24.86447525024414
none,0,389,1.0,0.0,1.0,1.0,1.0,1.0,27.5,135.73828125,89.94921875,108.7265625,381.3515625,291.30859375,0.0,0.0,1.44921875,25.173381805419922
none,0,390,1.0,0.0,1.0,1.0,1.0,1.0,27.76953125,136.69921875,90.29296875,110.23046875,383.92578125,291.9609375,0.0,0.0,1.52734375,25.29805564880371
none,0,391,1.0,0.0,1.0,1.0,1.0,1.0,27.12109375,136.609375,91.30859375,110.78515625,382.31640625,294.95703125,0.0,0.0,1.4375,25.50677490234375
none,0,392,1.0,0.0,1.0,1.0,1.0,1.0,28.01953125,135.48828125,91.95703125,113.76171875,380.47265625,298.57421875,0.0,0.0,1.51171875,24.949058532714844
none,0,393,1.0,0.0,1.0,1.0,1.0,1.0,27.8984375,134.47265625,91.859375,111.515625,377.3046875,301.8359375,0.0,0.0,1.453125,24.912450790405273
none,0,394,1.0,0.0,1.0,1.0,1.0,1.0,27.37109375,135.39453125,91.3984375,109.90625,379.1171875,300.62890625,0.0,0.0,1.4921875,25.14273452758789
none,0,395,1.0,0.0,1.0,1.0,1.0,1.0,27.1484375,136.46484375,90.3671875,109.3828125,381.8984375,297.68359375,0.0,0.0,1.55078125,25.454113006591797
none,0,396,1.0,0.0,1.0,1.0,1.0,1.0,27.29296875,136.0546875,90.046875,110.79296875,381.984375,296.609375,0.0,0.0,1.34765625,25.228559494018555
none,0,397,1.0,0.0,1.0,1.0,1.0,1.0,27.34375,135.01953125,92.0234375,110.734375,379.52734375,304.671875,0.0,0.0,1.546875,25.20613670349121
none,0,398,1.0,0.0,1.0,1.0,1.0,1.0,27.1328125,135.1171875,91.30078125,108.078125,381.62109375,300.0,0.0,0.0,1.35546875,25.281795501708984
none,0,399,1.0,0.0,1.0,1.0,1.0,1.0,26.69921875,135.50390625,92.56640625,107.921875,381.421875,305.58203125,0.0,0.0,1.3359375,25.45923614501953
none,0,400,1.0,0.0,1.0,1.0,1.0,1.0,26.90234375,136.1171875,92.734375,108.58203125,383.6171875,304.14453125,0.0,0.0,1.37890625,25.54871368408203
none,0,401,1.0,0.0,1.0,1.0,1.0,1.0,26.59765625,135.19140625,92.7734375,106.5859375,380.47265625,306.4453125,0.0,0.0,1.375,25.336013793945312
none,0,402,1.0,0.0,1.0,1.0,1.0,1.0,26.04296875,137.41015625,90.3359375,105.21484375,387.29296875,297.93359375,0.0,0.0,1.453125,25.837026596069336
none,0,403,1.0,0.0,1.0,1.0,1.0,1.0,26.64453125,136.16015625,92.2890625,106.578125,381.375,303.90234375,0.0,0.0,1.5234375,25.555896759033203
none,0,404,1.0,0.0,1.0,1.0,1.0,1.0,27.1015625,136.8203125,91.73046875,109.23828125,381.6484375,299.54296875,0.0,0.0,1.47265625,25.599746704101562
none,0,405,1.0,0.0,1.0,1.0,1.0,1.0,27.2265625,137.08984375,89.71875,109.62109375,383.9921875,293.89453125,0.0,0.0,1.34375,25.431163787841797
none,0,406,1.0,0.0,1.0,1.0,1.0,1.0,28.04296875,136.53515625,89.91015625,112.69140625,380.28515625,293.890625,0.0,0.0,1.48828125,25.283397674560547
none,0,407,1.0,0.0,1.0,1.0,1.0,1.0,27.97265625,137.4765625,90.3125,111.9453125,383.55078125,294.39453125,0.0,0.0,1.40625,25.431133270263672
none,0,408,1.0,0.0,1.0,1.0,1.0,1.0,26.91015625,137.359375,93.47265625,107.828125,382.4765625,306.109375,0.0,0.0,1.5,25.80464744567871
none,0,409,1.0,0.0,1.0,1.0,1.0,1.0,27.1328125,137.53125,90.28125,109.66015625,383.25,293.37890625,0.0,0.0,1.3203125,25.729665756225586
none,0,410,1.0,0.0,1.0,1.0,1.0,1.0,26.59765625,137.94921875,90.3046875,108.68359375,386.1640625,297.48046875,0.0,0.0,1.33984375,25.80084800720215
none,0,411,1.0,0.0,1.0,1.0,1.0,1.0,26.77734375,137.9140625,90.59375,107.76953125,385.9921875,295.03125,0.0,0.0,1.42578125,25.771087646484375
none,0,412,1.0,0.0,1.0,1.0,1.0,1.0,28.03515625,137.47265625,92.31640625,113.16015625,382.77734375,301.19921875,0.0,0.0,1.3515625,25.731353759765625
none,0,413,1.0,0.0,1.0,1.0,1.0,1.0,27.06640625,137.93359375,91.60546875,109.25390625,386.01953125,298.03125,0.0,0.0,1.375,25.81058120727539
none,0,414,1.0,0.0,1.0,1.0,1.0,1.0,26.90625,137.640625,90.38671875,109.31640625,385.18359375,294.5859375,0.0,0.0,1.4140625,25.665992736816406
none,0,415,1.0,0.0,1.0,1.0,1.0,1.0,26.30078125,136.81640625,93.16015625,107.578125,382.05859375,304.30078125,0.0,0.0,1.3671875,25.690113067626953
none,0,416,1.0,0.0,1.0,1.0,1.0,1.0,26.8125,138.43359375,91.78515625,108.8984375,385.7109375,297.93359375,0.0,0.0,1.25390625,25.844572067260742
none,0,417,1.0,0.0,1.0,1.0,1.0,1.0,26.375,138.53515625,91.71484375,107.94140625,385.68359375,299.8046875,0.0,0.0,1.33984375,26.152053833007812
none,0,418,1.0,0.0,1.0,1.0,1.0,1.0,25.52734375,137.2890625,94.01953125,104.1484375,382.421875,303.1171875,0.0,0.0,1.4140625,26.006771087646484
none,0,419,1.0,0.0,1.0,1.0,1.0,1.0,26.59375,137.48828125,93.37890625,109.11328125,381.2734375,305.328125,0.0,0.0,1.3125,26.085521697998047
none,0,420,1.0,0.0,1.0,1.0,1.0,1.0,26.05078125,139.015625,90.92578125,106.828125,386.0,295.1875,0.0,0.0,1.20703125,26.22603416442871
none,0,421,1.0,0.0,1.0,1.0,1.0,1.0,26.69921875,136.953125,92.24609375,108.87109375,382.42578125,301.71484375,0.0,0.0,1.3125,25.639745712280273
none,0,422,1.0,0.0,1.0,1.0,1.0,1.0,25.5625,140.5390625,91.66015625,102.9375,391.625,301.17578125,0.0,0.0,1.4765625,26.464935302734375
none,0,423,1.0,0.0,1.0,1.0,1.0,1.0,25.171875,139.5390625,90.5234375,103.01171875,386.86328125,298.484375,0.0,0.0,1.25,26.20470428466797
none,0,424,1.0,0.0,1.0,1.0,1.0,1.0,26.40234375,138.484375,91.30859375,103.82421875,386.10546875,297.03515625,0.0,0.0,1.21484375,26.146682739257812
none,0,425,1.0,0.0,1.0,1.0,1.0,1.0,27.06640625,138.44140625,93.4765625,110.71875,382.53515625,308.7421875,0.0,0.0,1.18359375,25.9952392578125
none,0,426,1.0,0.0,1.0,1.0,1.0,1.0,26.14453125,139.6484375,92.13671875,107.34375,386.33984375,301.67578125,0.0,0.0,1.18359375,26.554363250732422
none,0,427,1.0,0.0,1.0,1.0,1.0,1.0,26.390625,139.74609375,91.26953125,108.10546875,388.6875,298.3203125,0.0,0.0,1.2890625,26.437877655029297
none,0,428,1.0,0.0,1.0,1.0,1.0,1.0,26.40625,139.1328125,92.3828125,106.54296875,384.8359375,301.12890625,0.0,0.0,1.24609375,26.151226043701172
none,0,429,1.0,0.0,1.0,1.0,1.0,1.0,26.3203125,139.46875,91.83203125,107.0390625,388.3671875,298.765625,0.0,0.0,1.33984375,26.384334564208984
none,0,430,1.0,0.0,1.0,1.0,1.0,1.0,25.84765625,140.3984375,91.4453125,103.703125,388.8046875,296.88671875,0.0,0.0,1.2265625,26.426443099975586
none,0,431,1.0,0.0,1.0,1.0,1.0,1.0,25.75390625,139.625,92.34765625,105.3671875,387.39453125,299.890625,0.0,0.0,1.28125,26.41518783569336
none,0,432,1.0,0.0,1.0,1.0,1.0,1.0,25.546875,139.22265625,91.9140625,106.30078125,386.4609375,299.81640625,0.0,0.0,1.26953125,26.234970092773438
none,0,433,1.0,0.0,1.0,1.0,1.0,1.0,25.54296875,141.40625,89.921875,106.6875,391.39453125,292.82421875,0.0,0.0,1.15234375,26.576812744140625
none,0,434,1.0,0.0,1.0,1.0,1.0,1.0,26.296875,140.35546875,92.1796875,106.69140625,389.06640625,301.578125,0.0,0.0,1.265625,26.5299129486084
none,0,435,1.0,0.0,1.0,1.0,1.0,1.0,26.73046875,141.55859375,90.6953125,109.53125,391.83203125,293.98046875,0.0,0.0,1.2734375,26.811620712280273
none,0,436,1.0,0.0,1.0,1.0,1.0,1.0,26.27734375,139.5390625,93.15234375,107.83984375,386.90625,303.1171875,0.0,0.0,1.2421875,26.453350067138672
none,0,437,1.0,0.0,1.0,1.0,1.0,1.0,25.83203125,141.49609375,91.07421875,105.37109375,391.98046875,296.0859375,0.0,0.0,1.19921875,26.885738372802734
none,0,438,1.0,0.0,1.0,1.0,1.0,1.0,25.5625,141.3046875,91.59765625,105.09765625,389.05078125,296.94921875,0.0,0.0,1.16015625,26.75032615661621
none,0,439,1.0,0.0,1.0,1.0,1.0,1.0,25.46875,140.69140625,92.58203125,104.2734375,387.41796875,299.76953125,0.0,0.0,1.29296875,26.820281982421875
none,0,440,1.0,0.0,1.0,1.0,1.0,1.0,25.5390625,140.40234375,93.390625,102.88671875,385.82421875,303.2421875,0.0,0.0,1.1875,26.7783260345459
none,0,441,1.0,0.0,1.0,1.0,1.0,1.0,25.515625,140.83203125,93.2421875,104.6015625,386.10546875,302.21875,0.0,0.0,1.3359375,26.823776245117188
none,0,442,1.0,0.0,1.0,1.0,1.0,1.0,26.56640625,140.390625,94.2734375,109.24609375,386.1015625,304.0078125,0.0,0.0,1.33203125,26.67763328552246
none,0,443,1.0,0.0,1.0,1.0,1.0,1.0,25.05078125,138.88671875,94.140625,103.10546875,380.9921875,306.8984375,0.0,0.0,1.08203125,26.620168685913086
none,0,444,1.0,0.0,1.0,1.0,1.0,1.0,25.6171875,141.15625,94.015625,104.9453125,389.33203125,304.78515625,0.0,0.0,1.05078125,27.056381225585938
none,0,445,1.0,0.0,1.0,1.0,1.0,1.0,25.34375,140.953125,92.77734375,103.59375,387.05859375,301.47265625,0.0,0.0,1.2421875,27.05512237548828
none,0,446,1.0,0.0,1.0,1.0,1.0,1.0,25.92578125,141.76953125,92.12109375,106.0625,390.6953125,298.83984375,0.0,0.0,1.1796875,27.101993560791016
none,0,447,1.0,0.0,1.0,1.0,1.0,1.0,25.37890625,141.2109375,94.04296875,103.578125,389.82421875,304.7578125,0.0,0.0,1.16796875,27.195554733276367
none,0,448,1.0,0.0,1.0,1.0,1.0,1.0,25.79296875,140.98828125,92.26171875,105.34765625,389.08984375,297.9609375,0.0,0.0,1.06640625,26.802663803100586
none,0,449,1.0,0.0,1.0,1.0,1.0,1.0,25.68359375,142.13671875,91.72265625,105.0,392.78125,296.45703125,0.0,0.0,1.15625,27.202342987060547
none,0,450,1.0,0.0,1.0,1.0,1.0,1.0,25.7734375,141.0078125,94.35546875,105.68359375,389.36328125,307.484375,0.0,0.0,1.08984375,27.00949478149414
none,0,451,1.0,0.0,1.0,1.0,1.0,1.0,24.90234375,141.46875,92.875,102.26953125,388.98828125,301.4140625,0.0,0.0,1.16015625,27.136104583740234
none,0,452,1.0,0.0,1.0,1.0,1.0,1.0,24.78125,142.15234375,92.8125,102.4765625,392.20703125,301.453125,0.0,0.0,1.19140625,27.179960250854492
none,0,453,1.0,0.0,1.0,1.0,1.0,1.0,25.28125,141.98828125,94.7578125,102.90234375,390.43359375,305.73828125,0.0,0.0,1.29296875,27.482406616210938
none,0,454,1.0,0.0,1.0,1.0,1.0,1.0,24.71484375,141.27734375,94.80078125,100.9921875,388.56640625,306.609375,0.0,0.0,1.13671875,27.283008575439453
none,0,455,1.0,0.0,1.0,1.0,1.0,1.0,23.69140625,141.6953125,94.59375,98.1875,392.171875,308.94921875,0.0,0.0,1.13671875,27.503950119018555
none,0,456,1.0,0.0,1.0,1.0,1.0,1.0,23.96875,142.6640625,93.515625,98.44921875,394.5390625,303.5078125,0.0,0.0,1.2421875,27.61329460144043
none,0,457,1.0,0.0,1.0,1.0,1.0,1.0,25.52734375,142.6640625,93.109375,105.90234375,393.97265625,303.046875,0.0,0.0,1.23046875,27.294490814208984
none,0,458,1.0,0.0,1.0,1.0,1.0,1.0,24.55859375,143.0078125,91.49609375,102.1015625,393.31640625,296.58203125,0.0,0.0,1.19140625,27.4144287109375
none,0,459,1.0,0.0,1.0,1.0,1.0,1.0,24.50390625,143.1640625,93.26953125,101.22265625,393.5625,304.39453125,0.0,0.0,1.21875,27.613574981689453
none,0,460,1.0,0.0,1.0,1.0,1.0,1.0,25.1875,142.7421875,92.90625,104.703125,394.52734375,302.9140625,0.0,0.0,1.19140625,27.36048698425293
none,0,461,1.0,0.0,1.0,1.0,1.0,1.0,24.83203125,142.265625,93.12109375,103.48828125,390.98046875,302.30859375,0.0,0.0,1.16796875,27.450878143310547
none,0,462,1.0,0.0,1.0,1.0,1.0,1.0,24.91796875,143.06640625,92.70703125,104.87890625,394.34375,302.28515625,0.0,0.0,1.10546875,27.467649459838867
none,0,463,1.0,0.0,1.0,1.0,1.0,1.0,24.19140625,142.76171875,93.96484375,101.55078125,392.62109375,304.94921875,0.0,0.0,1.125,27.642898559570312
none,0,464,1.0,0.0,1.0,1.0,1.0,1.0,25.00390625,142.5703125,95.02734375,104.22265625,392.7421875,309.51171875,0.0,0.0,1.0625,27.619171142578125
none,0,465,1.0,0.0,1.0,1.0,1.0,1.0,25.140625,142.86328125,94.78515625,105.3671875,394.44140625,308.609375,0.0,0.0,1.14453125,27.596988677978516
none,0,466,1.0,0.0,1.0,1.0,1.0,1.0,23.71484375,142.88671875,94.7109375,99.84765625,394.00390625,309.2421875,0.0,0.0,1.171875,27.703847885131836
none,0,467,1.0,0.0,1.0,1.0,1.0,1.0,24.09765625,143.08984375,93.453125,100.38671875,395.1640625,305.90625,0.0,0.0,1.13671875,27.69379425048828
none,0,468,1.0,0.0,1.0,1.0,1.0,1.0,24.01953125,142.8515625,94.125,101.5703125,393.6015625,308.1328125,0.0,0.0,1.16796875,27.61205291748047
none,0,469,1.0,0.0,1.0,1.0,1.0,1.0,24.55859375,143.1171875,93.09765625,102.74609375,394.8203125,303.46875,0.0,0.0,1.0703125,27.528514862060547
none,0,470,1.0,0.0,1.0,1.0,1.0,1.0,24.03125,143.73828125,95.18359375,100.703125,392.44921875,311.6875,0.0,0.0,1.12890625,27.93765640258789
none,0,471,1.0,0.0,1.0,1.0,1.0,1.0,23.78515625,144.171875,93.28515625,99.8671875,393.671875,302.40625,0.0,0.0,1.25,27.990697860717773
none,0,472,1.0,0.0,1.0,1.0,1.0,1.0,23.80078125,143.30859375,95.1015625,98.89453125,393.41796875,308.01953125,0.0,0.0,1.08203125,27.824399948120117
none,0,473,1.0,0.0,1.0,1.0,1.0,1.0,24.5,142.49609375,95.95703125,101.4140625,388.5859375,309.8046875,0.0,0.0,1.1171875,27.606243133544922
none,0,474,1.0,0.0,1.0,1.0,1.0,1.0,23.70703125,144.01171875,94.83203125,96.85546875,392.98046875,305.609375,0.0,0.0,1.0390625,28.095897674560547
none,0,475,1.0,0.0,1.0,1.0,1.0,1.0,24.00390625,144.20703125,94.69921875,99.9296875,392.96484375,302.87890625,0.0,0.0,1.13671875,27.994972229003906
none,0,476,1.0,0.0,1.0,1.0,1.0,1.0,24.07421875,145.08203125,94.7109375,98.93359375,396.90625,301.43359375,0.0,0.0,1.08984375,28.09536361694336
none,0,477,1.0,0.0,1.0,1.0,1.0,1.0,23.91796875,143.96875,94.28515625,99.4453125,393.78515625,304.609375,0.0,0.0,0.9609375,27.886615753173828
none,0,478,1.0,0.0,1.0,1.0,1.0,1.0,23.41015625,144.7734375,93.66015625,97.21875,396.9453125,300.125,0.0,0.0,1.14453125,28.132888793945312
none,0,479,1.0,0.0,1.0,1.0,1.0,1.0,23.46484375,145.60546875,94.15234375,97.6875,398.73828125,301.2265625,0.0,0.0,1.15234375,28.30719566345215
none,0,480,1.0,0.0,1.0,1.0,1.0,1.0,23.59765625,144.87890625,93.40234375,99.5234375,397.51953125,299.26953125,0.0,0.0,1.0546875,28.125423431396484
none,0,481,1.0,0.0,1.0,1.0,1.0,1.0,23.55078125,145.10546875,92.4609375,99.03515625,397.5078125,297.828125,0.0,0.0,1.13671875,28.082393646240234
none,0,482,1.0,0.0,1.0,1.0,1.0,1.0,23.8046875,145.1484375,94.10546875,100.515625,397.484375,304.03515625,0.0,0.0,1.08984375,28.188533782958984
none,0,483,1.0,0.0,1.0,1.0,1.0,1.0,24.26171875,144.140625,95.70703125,102.0546875,394.41796875,311.85546875,0.0,0.0,1.16796875,28.181692123413086
none,0,484,1.0,0.0,1.0,1.0,1.0,1.0,25.1640625,143.6640625,96.1015625,106.20703125,394.87890625,311.09765625,0.0,0.0,1.08984375,28.015037536621094
none,0,485,1.0,0.0,1.0,1.0,1.0,1.0,24.140625,144.9375,94.55078125,102.77734375,398.1640625,305.421875,0.0,0.0,1.04296875,28.174663543701172
none,0,486,1.0,0.0,1.0,1.0,1.0,1.0,24.1171875,143.83984375,96.52734375,102.359375,391.7421875,314.2109375,0.0,0.0,1.03125,28.07430076599121
none,0,487,1.0,0.0,1.0,1.0,1.0,1.0,23.7421875,144.50390625,96.1875,99.16015625,394.50390625,310.75390625,0.0,0.0,0.9921875,28.37795066833496
none,0,488,1.0,0.0,1.0,1.0,1.0,1.0,23.77734375,144.92578125,95.953125,100.87109375,395.453125,310.25390625,0.0,0.0,0.9765625,28.283199310302734
none,0,489,1.0,0.0,1.0,1.0,1.0,1.0,23.41015625,144.63671875,96.44921875,98.5078125,395.51171875,313.94921875,0.0,0.0,1.0078125,28.331457138061523
none,0,490,1.0,0.0,1.0,1.0,1.0,1.0,23.83203125,145.66015625,95.5625,99.8359375,394.97265625,308.46484375,0.0,0.0,1.046875,28.572494506835938
none,0,491,1.0,0.0,1.0,1.0,1.0,1.0,23.34375,146.26953125,94.6015625,97.734375,396.9765625,304.71875,0.0,0.0,0.95703125,28.37257957458496
none,0,492,1.0,0.0,1.0,1.0,1.0,1.0,23.46875,145.890625,95.82421875,98.7265625,395.5,309.48828125,0.0,0.0,0.9765625,28.78653335571289
none,0,493,1.0,0.0,1.0,1.0,1.0,1.0,22.6484375,146.375,95.41796875,95.75,397.80859375,307.9609375,0.0,0.0,0.97265625,28.81702423095703
none,0,494,1.0,0.0,1.0,1.0,1.0,1.0,23.64453125,146.0703125,94.05859375,98.76953125,396.6171875,304.0546875,0.0,0.0,1.078125,28.406700134277344
none,0,495,1.0,0.0,1.0,1.0,1.0,1.0,22.4296875,147.12890625,94.76171875,96.80078125,398.58203125,308.0859375,0.0,0.0,1.15625,28.922607421875
none,0,496,1.0,0.0,1.0,1.0,1.0,1.0,23.4140625,145.32421875,95.1328125,98.66015625,393.33984375,306.8046875,0.0,0.0,0.9921875,28.37164878845215
none,0,497,1.0,0.0,1.0,1.0,1.0,1.0,23.140625,147.22265625,94.62890625,96.7421875,398.1640625,305.6171875,0.0,0.0,1.125,28.72372817993164
none,0,498,1.0,0.0,1.0,1.0,1.0,1.0,23.44140625,146.33203125,94.85546875,99.03125,395.47265625,305.47265625,0.0,0.0,0.97265625,28.67390251159668
none,0,499,1.0,0.0,1.0,1.0,1.0,1.0,22.76171875,146.6015625,94.171875,95.87890625,396.7265625,303.48828125,0.0,0.0,1.14453125,28.825063705444336
none,0,500,1.0,0.0,1.0,1.0,1.0,1.0,23.1484375,145.67578125,96.015625,98.00390625,395.5,309.58984375,0.0,0.0,0.99609375,28.784648895263672
none,0,501,1.0,0.0,1.0,1.0,1.0,1.0,22.61328125,146.6015625,92.7890625,96.79296875,397.6171875,300.5078125,0.0,0.0,1.015625,28.659168243408203
none,0,502,1.0,0.0,1.0,1.0,1.0,1.0,22.0078125,147.52734375,95.15625,94.875,399.85546875,306.0390625,0.0,0.0,0.96484375,29.095230102539062
none,0,503,1.0,0.0,1.0,1.0,1.0,1.0,22.46875,146.0390625,95.71875,96.7109375,398.35546875,308.16015625,0.0,0.0,1.0,28.785070419311523
none,0,504,1.0,0.0,1.0,1.0,1.0,1.0,23.0390625,146.5390625,95.87890625,100.18359375,397.78515625,310.46875,0.0,0.0,0.88671875,28.946401596069336
none,0,505,1.0,0.0,1.0,1.0,1.0,1.0,23.43359375,147.23828125,96.47265625,100.56640625,399.9765625,308.69921875,0.0,0.0,1.01171875,28.988079071044922
none,0,506,1.0,0.0,1.0,1.0,1.0,1.0,23.859375,147.12109375,96.87109375,101.07421875,399.29296875,311.2265625,0.0,0.0,1.078125,28.949748992919922
none,0,507,1.0,0.0,1.0,1.0,1.0,1.0,23.34375,147.24609375,95.1796875,100.25390625,400.15234375,306.91015625,0.0,0.0,1.125,28.883209228515625
none,0,508,1.0,0.0,1.0,1.0,1.0,1.0,23.1875,147.2265625,97.15234375,97.984375,398.30078125,314.98046875,0.0,0.0,1.00390625,29.100482940673828
none,0,509,1.0,0.0,1.0,1.0,1.0,1.0,22.125,147.65625,96.125,93.9140625,401.9140625,308.90625,0.0,0.0,0.98828125,29.217086791992188
none,0,510,1.0,0.0,1.0,1.0,1.0,1.0,21.9375,146.97265625,95.9375,93.55859375,400.04296875,309.5703125,0.0,0.0,1.046875,29.040573120117188
none,0,511,1.0,0.0,1.0,1.0,1.0,1.0,21.8203125,148.25,94.9453125,95.4921875,402.54296875,306.203125,0.0,0.0,0.96484375,29.231170654296875
none,0,512,1.0,0.0,1.0,1.0,1.0,1.0,22.890625,147.34765625,94.703125,98.73046875,399.8359375,303.90234375,0.0,0.0,0.93359375,28.947551727294922
none,0,513,1.0,0.0,1.0,1.0,1.0,1.0,22.53515625,147.98828125,96.4609375,96.5,400.9140625,308.125,0.0,0.0,0.9375,29.216596603393555
none,0,514,1.0,0.0,1.0,1.0,1.0,1.0,22.60546875,147.41015625,95.734375,97.59375,398.33203125,305.57421875,0.0,0.0,0.99609375,29.0827693939209
none,0,515,1.0,0.0,1.0,1.0,1.0,1.0,22.69140625,147.0390625,96.8125,97.4140625,397.28515625,310.984375,0.0,0.0,1.0078125,29.285411834716797
none,0,516,1.0,0.0,1.0,1.0,1.0,1.0,23.5390625,148.125,96.10546875,99.41015625,399.71875,309.06640625,0.0,0.0,1.0,29.299224853515625
none,0,517,1.0,0.0,1.0,1.0,1.0,1.0,23.30078125,148.09375,98.0390625,99.16796875,397.3125,315.44921875,0.0,0.0,0.8515625,29.39788818359375
none,0,518,1.0,0.0,1.0,1.0,1.0,1.0,23.73828125,148.1953125,97.5234375,100.26953125,399.8125,310.73828125,0.0,0.0,0.98046875,29.284385681152344
none,0,519,1.0,0.0,1.0,1.0,1.0,1.0,23.234375,147.45703125,97.01171875,98.69140625,398.515625,310.87109375,0.0,0.0,1.03125,29.25421142578125
none,0,520,1.0,0.0,1.0,1.0,1.0,1.0,22.21484375,148.3046875,96.8203125,95.1171875,400.34375,312.25,0.0,0.0,0.87890625,29.31319236755371
none,0,521,1.0,0.0,1.0,1.0,1.0,1.0,22.7578125,148.19921875,97.8828125,97.7265625,400.16796875,313.36328125,0.0,0.0,0.92578125,29.514371871948242
none,0,522,1.0,0.0,1.0,1.0,1.0,1.0,22.3671875,148.578125,96.82421875,96.59765625,400.31640625,309.09375,0.0,0.0,1.03515625,29.561010360717773
none,0,523,1.0,0.0,1.0,1.0,1.0,1.0,22.42578125,148.57421875,96.515625,95.125,400.15234375,308.14453125,0.0,0.0,0.8359375,29.481298446655273
none,0,524,1.0,0.0,1.0,1.0,1.0,1.0,22.26171875,149.12890625,96.11328125,96.234375,401.890625,308.1015625,0.0,0.0,0.93359375,29.69399070739746
none,0,525,1.0,0.0,1.0,1.0,1.0,1.0,21.578125,148.98046875,96.9921875,93.25,402.609375,311.76953125,0.0,0.0,0.953125,29.72174072265625
none,0,526,1.0,0.0,1.0,1.0,1.0,1.0,21.9921875,149.21484375,96.10546875,95.25390625,403.94140625,309.0703125,0.0,0.0,0.91015625,29.651418685913086
none,0,527,1.0,0.0,1.0,1.0,1.0,1.0,21.88671875,148.83203125,96.15625,94.8984375,403.1171875,307.58984375,0.0,0.0,0.99609375,29.74764633178711
none,0,528,1.0,0.0,1.0,1.0,1.0,1.0,21.78125,150.0703125,96.9296875,94.06640625,406.57421875,308.46875,0.0,0.0,0.90234375,29.96371078491211
none,0,529,1.0,0.0,1.0,1.0,1.0,1.0,22.00390625,150.16796875,94.54296875,93.82421875,405.06640625,302.484375,0.0,0.0,1.03515625,29.67159652709961
none,0,530,1.0,0.0,1.0,1.0,1.0,1.0,22.52734375,149.42578125,97.265625,96.78125,401.8359375,310.35546875,0.0,0.0,0.9375,29.741790771484375
none,0,531,1.0,0.0,1.0,1.0,1.0,1.0,21.875,149.6640625,98.30859375,94.25390625,401.125,314.03125,0.0,0.0,0.92578125,30.001333236694336
none,0,532,1.0,0.0,1.0,1.0,1.0,1.0,22.78515625,148.66796875,96.234375,97.6640625,402.3046875,307.50390625,0.0,0.0,0.91015625,29.657958984375
none,0,533,1.0,0.0,1.0,1.0,1.0,1.0,21.48046875,149.6796875,97.65234375,94.3359375,400.58984375,312.50390625,0.0,0.0,1.0390625,29.9451904296875
none,0,534,1.0,0.0,1.0,1.0,1.0,1.0,21.50390625,149.5,96.5078125,91.67578125,402.37109375,308.79296875,0.0,0.0,0.92578125,29.68128776550293
none,0,535,1.0,0.0,1.0,1.0,1.0,1.0,21.91796875,149.81640625,97.55078125,92.0625,402.65625,308.65234375,0.0,0.0,1.0546875,29.848766326904297
none,0,536,1.0,0.0,1.0,1.0,1.0,1.0,21.74609375,149.9296875,97.79296875,92.8984375,402.22265625,310.4296875,0.0,0.0,0.859375,30.041915893554688
none,0,537,1.0,0.0,1.0,1.0,1.0,1.0,22.08203125,149.5859375,98.5859375,94.40234375,402.07421875,316.57421875,0.0,0.0,0.859375,29.965688705444336
none,0,538,1.0,0.0,1.0,1.0,1.0,1.0,21.78515625,150.55078125,95.88671875,94.5625,405.8515625,306.9921875,0.0,0.0,1.0859375,29.9650936126709
none,0,539,1.0,0.0,1.0,1.0,1.0,1.0,21.66796875,150.30859375,97.75390625,91.34765625,404.82421875,312.640625,0.0,0.0,0.84765625,30.148330688476562
none,0,540,1.0,0.0,1.0,1.0,1.0,1.0,22.0078125,149.5390625,98.1875,94.98046875,402.0234375,313.8359375,0.0,0.0,0.79296875,29.846609115600586
none,0,541,1.0,0.0,1.0,1.0,1.0,1.0,21.22265625,150.83203125,95.3125,92.04296875,406.921875,305.69140625,0.0,0.0,0.96875,29.893142700195312
none,0,542,1.0,0.0,1.0,1.0,1.0,1.0,21.9453125,150.25,95.2578125,93.96484375,403.8359375,306.8515625,0.0,0.0,0.95703125,29.565649032592773
none,0,543,1.0,0.0,1.0,1.0,1.0,1.0,22.140625,150.75,97.46875,95.08984375,403.9296875,311.30078125,0.0,0.0,0.9375,30.094501495361328
none,0,544,1.0,0.0,1.0,1.0,1.0,1.0,21.4453125,151.29296875,97.67578125,93.07421875,405.0625,315.86328125,0.0,0.0,0.953125,30.286359786987305
none,0,545,1.0,0.0,1.0,1.0,1.0,1.0,21.12109375,151.12109375,97.3671875,90.79296875,405.07421875,308.59375,0.0,0.0,0.87109375,30.30289077758789
none,0,546,1.0,0.0,1.0,1.0,1.0,1.0,21.82421875,151.35546875,98.0859375,92.87109375,405.6015625,312.57421875,0.0,0.0,0.91015625,30.343708038330078
none,0,547,1.0,0.0,1.0,1.0,1.0,1.0,20.98046875,150.01953125,98.17578125,90.94921875,402.4765625,314.59765625,0.0,0.0,0.83984375,30.17138671875
none,0,548,1.0,0.0,1.0,1.0,1.0,1.0,21.80078125,152.03125,97.25390625,95.12890625,406.796875,310.35546875,0.0,0.0,0.83203125,30.26045799255371
none,0,549,1.0,0.0,1.0,1.0,1.0,1.0,21.64453125,150.62890625,98.23046875,92.046875,401.453125,314.546875,0.0,0.0,0.89453125,30.29939842224121
none,0,550,1.0,0.0,1.0,1.0,1.0,1.0,22.35546875,150.79296875,97.734375,96.73828125,404.4765625,309.92578125,0.0,0.0,0.87890625,30.28902244567871
none,0,551,1.0,0.0,1.0,1.0,1.0,1.0,21.87109375,151.1640625,98.453125,94.93359375,404.4375,313.5546875,0.0,0.0,0.875,30.30282974243164
none,0,552,1.0,0.0,1.0,1.0,1.0,1.0,21.07421875,150.578125,98.43359375,91.12890625,403.1015625,311.875,0.0,0.0,0.9375,30.1250057220459
none,0,553,1.0,0.0,1.0,1.0,1.0,1.0,20.73046875,151.15625,98.71484375,90.05078125,404.98828125,312.16796875,0.0,0.0,0.8046875,30.490142822265625
none,0,554,1.0,0.0,1.0,1.0,1.0,1.0,20.03515625,151.359375,98.4140625,88.3515625,405.40234375,310.63671875,0.0,0.0,0.80859375,30.59090805053711
none,0,555,1.0,0.0,1.0,1.0,1.0,1.0,20.5234375,152.109375,97.140625,90.12890625,406.5078125,309.515625,0.0,0.0,0.9296875,30.712501525878906
none,0,556,1.0,0.0,1.0,1.0,1.0,1.0,20.375,152.52734375,97.11328125,88.91796875,406.9609375,310.3203125,0.0,0.0,0.80859375,30.589366912841797
none,0,557,1.0,0.0,1.0,1.0,1.0,1.0,21.10546875,152.05078125,96.02734375,91.4140625,407.3203125,304.609375,0.0,0.0,0.890625,30.49855613708496
none,0,558,1.0,0.0,1.0,1.0,1.0,1.0,20.7421875,151.69921875,96.58984375,91.57421875,404.890625,308.9609375,0.0,0.0,0.83203125,30.43134117126465
none,0,559,1.0,0.0,1.0,1.0,1.0,1.0,20.765625,151.87890625,98.25,92.19140625,405.35546875,314.5234375,0.0,0.0,0.953125,30.588363647460938
none,0,560,1.0,0.0,1.0,1.0,1.0,1.0,20.50390625,151.48828125,99.16015625,91.2578125,406.90625,317.0703125,0.0,0.0,0.875,30.740158081054688
none,0,561,1.0,0.0,1.0,1.0,1.0,1.0,20.6640625,150.7265625,97.6171875,91.26171875,402.81640625,312.25390625,0.0,0.0,0.90625,30.299266815185547
none,0,562,1.0,0.0,1.0,1.0,1.0,1.0,20.45703125,152.86328125,99.2109375,89.5859375,408.125,315.65625,0.0,0.0,0.75,31.048908233642578
none,0,563,1.0,0.0,1.0,1.0,1.0,1.0,20.23828125,152.49609375,97.46484375,89.734375,407.44921875,309.5625,0.0,0.0,0.91015625,30.622594833374023
none,0,564,1.0,0.0,1.0,1.0,1.0,1.0,20.9453125,153.09375,98.0625,91.6796875,408.14453125,312.640625,0.0,0.0,0.8125,30.732952117919922
none,0,565,1.0,0.0,1.0,1.0,1.0,1.0,21.484375,152.62109375,98.8515625,94.390625,406.53125,313.765625,0.0,0.0,0.88671875,30.695964813232422
none,0,566,1.0,0.0,1.0,1.0,1.0,1.0,20.98046875,150.96484375,100.2265625,91.8984375,403.25,316.2578125,0.0,0.0,0.77734375,30.45751953125
none,0,567,1.0,0.0,1.0,1.0,1.0,1.0,20.36328125,153.89453125,99.48046875,90.14453125,410.3828125,315.5703125,0.0,0.0,0.81640625,31.012617111206055
none,0,568,1.0,0.0,1.0,1.0,1.0,1.0,20.484375,152.2734375,97.7578125,89.89453125,405.765625,308.65234375,0.0,0.0,0.859375,30.785863876342773
none,0,569,1.0,0.0,1.0,1.0,1.0,1.0,20.40625,153.50390625,97.97265625,89.4921875,408.84765625,310.59375,0.0,0.0,0.8828125,31.08102798461914
none,0,570,1.0,0.0,1.0,1.0,1.0,1.0,20.9765625,152.67578125,99.1015625,92.28515625,406.859375,315.18359375,0.0,0.0,0.8671875,31.055248260498047
none,0,571,1.0,0.0,1.0,1.0,1.0,1.0,21.08203125,152.59765625,98.0234375,92.35546875,407.65234375,310.859375,0.0,0.0,0.7421875,30.790206909179688
none,0,572,1.0,0.0,1.0,1.0,1.0,1.0,19.98046875,152.04296875,100.0390625,90.21875,406.0390625,316.94921875,0.0,0.0,0.76171875,30.933021545410156
none,0,573,1.0,0.0,1.0,1.0,1.0,1.0,20.01171875,153.734375,98.46484375,87.58203125,409.49609375,310.62890625,0.0,0.0,0.84765625,31.04159164428711
none,0,574,1.0,0.0,1.0,1.0,1.0,1.0,19.4375,153.109375,96.921875,85.50390625,409.421875,307.84375,0.0,0.0,0.8828125,30.995166778564453
none,0,575,1.0,0.0,1.0,1.0,1.0,1.0,20.51171875,153.46484375,98.05078125,89.01953125,409.31640625,310.51171875,0.0,0.0,0.77734375,31.18477439880371
none,0,576,1.0,0.0,1.0,1.0,1.0,1.0,20.125,154.140625,97.8046875,88.90234375,410.421875,309.3359375,0.0,0.0,0.7890625,31.073650360107422
none,0,577,1.0,0.0,1.0,1.0,1.0,1.0,20.94140625,153.015625,98.6171875,91.6015625,406.5,311.91015625,0.0,0.0,0.92578125,30.702627182006836
none,0,578,1.0,0.0,1.0,1.0,1.0,1.0,19.859375,153.8046875,99.48828125,87.8203125,408.7734375,313.546875,0.0,0.0,0.9375,31.24654769897461
none,0,579,1.0,0.0,1.0,1.0,1.0,1.0,21.0546875,153.40234375,98.79296875,93.20703125,407.51953125,313.57421875,0.0,0.0,0.734375,31.07906723022461
none,0,580,1.0,0.0,1.0,1.0,1.0,1.0,19.5859375,153.4609375,99.01953125,88.28125,409.2421875,313.8203125,0.0,0.0,0.82421875,31.253225326538086
none,0,581,1.0,0.0,1.0,1.0,1.0,1.0,20.8828125,154.3515625,98.40625,92.76171875,410.0,310.65625,0.0,0.0,0.80859375,31.256040573120117
none,0,582,1.0,0.0,1.0,1.0,1.0,1.0,20.98828125,153.14453125,99.55859375,94.08203125,406.32421875,314.21484375,0.0,0.0,0.87109375,31.26445770263672
none,0,583,1.0,0.0,1.0,1.0,1.0,1.0,21.171875,153.35546875,99.78515625,93.25,405.9140625,315.890625,0.0,0.0,0.8828125,31.116186141967773
none,0,584,1.0,0.0,1.0,1.0,1.0,1.0,20.5703125,154.80859375,97.75390625,91.65234375,409.8125,307.8125,0.0,0.0,0.8203125,31.366134643554688
none,0,585,1.0,0.0,1.0,1.0,1.0,1.0,19.77734375,154.14453125,99.96875,89.00390625,408.34375,313.97265625,0.0,0.0,0.82421875,31.53633689880371
none,0,586,1.0,0.0,1.0,1.0,1.0,1.0,20.34765625,154.1328125,100.49609375,90.9296875,408.34375,314.8515625,0.0,0.0,0.70703125,31.506977081298828
none,0,587,1.0,0.0,1.0,1.0,1.0,1.0,20.28515625,155.0859375,99.44921875,90.56640625,411.09765625,314.57421875,0.0,0.0,0.8515625,31.51637077331543
none,0,588,1.0,0.0,1.0,1.0,1.0,1.0,19.109375,154.07421875,99.2421875,85.71484375,407.53515625,314.9765625,0.0,0.0,0.87890625,31.52365493774414
none,0,589,1.0,0.0,1.0,1.0,1.0,1.0,20.30859375,153.734375,98.609375,89.90234375,409.4140625,311.578125,0.0,0.0,0.85546875,31.31325340270996
none,0,590,1.0,0.0,1.0,1.0,1.0,1.0,20.08984375,154.05859375,99.36328125,89.69921875,409.19921875,315.1328125,0.0,0.0,0.78515625,31.4261531829834
none,0,591,1.0,0.0,1.0,1.0,1.0,1.0,20.18359375,153.86328125,100.68359375,89.75390625,407.109375,317.53125,0.0,0.0,0.85546875,31.27385711669922
none,0,592,1.0,0.0,1.0,1.0,1.0,1.0,19.63671875,153.9453125,98.44921875,88.56640625,409.78515625,310.57421875,0.0,0.0,0.81640625,31.41603660583496
none,0,593,1.0,0.0,1.0,1.0,1.0,1.0,20.13671875,154.45703125,99.09375,89.97265625,410.71484375,311.0546875,0.0,0.0,0.78125,31.433185577392578
none,0,594,1.0,0.0,1.0,1.0,1.0,1.0,20.33984375,153.0234375,100.28125,90.7734375,407.65625,315.01953125,0.0,0.0,0.83984375,31.068710327148438
none,0,595,1.0,0.0,1.0,1.0,1.0,1.0,20.07421875,154.40625,99.27734375,89.0859375,410.8359375,311.984375,0.0,0.0,0.8671875,31.44284439086914
none,0,596,1.0,0.0,1.0,1.0,1.0,1.0,19.76953125,154.96484375,97.1796875,86.51953125,412.77734375,307.4765625,0.0,0.0,0.78515625,31.264699935913086
none,0,597,1.0,0.0,1.0,1.0,1.0,1.0,19.9609375,154.53515625,98.6875,88.94921875,411.49609375,310.61328125,0.0,0.0,0.828125,31.425106048583984
none,0,598,1.0,0.0,1.0,1.0,1.0,1.0,19.63671875,154.95703125,98.359375,87.02734375,410.6640625,310.55859375,0.0,0.0,0.82421875,31.567960739135742
none,0,599,1.0,0.0,1.0,1.0,1.0,1.0,19.68359375,155.9921875,98.7890625,90.04296875,414.203125,310.390625,0.0,0.0,0.79296875,31.877517700195312
none,0,600,1.0,0.0,1.0,1.0,1.0,1.0,19.3125,153.4609375,100.453125,88.06640625,407.5625,318.56640625,0.0,0.0,0.6953125,31.449325561523438
none,0,601,1.0,0.0,1.0,1.0,1.0,1.0,19.203125,155.2109375,100.421875,86.28125,412.7265625,316.13671875,0.0,0.0,0.7890625,31.803686141967773
none,0,602,1.0,0.0,1.0,1.0,1.0,1.0,19.41015625,154.42578125,100.4375,87.80078125,410.54296875,317.28515625,0.0,0.0,0.8046875,31.63128662109375
none,0,603,1.0,0.0,1.0,1.0,1.0,1.0,19.54296875,154.8671875,99.8203125,88.53515625,409.4609375,315.30078125,0.0,0.0,0.7421875,31.713695526123047
none,0,604,1.0,0.0,1.0,1.0,1.0,1.0,20.33984375,154.20703125,99.3515625,90.546875,409.0390625,314.7265625,0.0,0.0,0.79296875,31.402809143066406
none,0,605,1.0,0.0,1.0,1.0,1.0,1.0,19.52734375,154.703125,98.53125,88.1796875,409.57421875,311.5,0.0,0.0,0.8125,31.503347396850586
none,0,606,1.0,0.0,1.0,1.0,1.0,1.0,20.04296875,153.765625,100.1015625,89.80078125,407.4140625,316.14453125,0.0,0.0,0.8671875,31.4622859954834
none,0,607,1.0,0.0,1.0,1.0,1.0,1.0,19.5625,155.1015625,99.1484375,89.25,411.84375,311.578125,0.0,0.0,0.6875,31.779706954956055
none,0,608,1.0,0.0,1.0,1.0,1.0,1.0,20.16015625,154.63671875,99.67578125,89.70703125,409.9140625,312.25,0.0,0.0,0.8046875,31.581851959228516
none,0,609,1.0,0.0,1.0,1.0,1.0,1.0,19.859375,155.4453125,98.30859375,88.73828125,412.1484375,310.77734375,0.0,0.0,0.74609375,31.63237762451172
none,0,610,1.0,0.0,1.0,1.0,1.0,1.0,19.80078125,154.64453125,101.7578125,90.55078125,409.421875,318.16796875,0.0,0.0,0.734375,31.790374755859375
none,0,611,1.0,0.0,1.0,1.0,1.0,1.0,19.640625,156.01171875,98.1875,88.5703125,413.078125,306.03125,0.0,0.0,0.75390625,31.897457122802734
none,0,612,1.0,0.0,1.0,1.0,1.0,1.0,19.7421875,155.3515625,100.31640625,88.08203125,410.93359375,314.76953125,0.0,0.0,0.87109375,31.77828025817871
none,0,613,1.0,0.0,1.0,1.0,1.0,1.0,20.26953125,156.1328125,99.98828125,89.875,412.9609375,312.54296875,0.0,0.0,0.7734375,31.79879379272461
none,0,614,1.0,0.0,1.0,1.0,1.0,1.0,19.37109375,155.80859375,100.515625,88.80859375,412.390625,312.07421875,0.0,0.0,0.82421875,32.102569580078125
none,0,615,1.0,0.0,1.0,1.0,1.0,1.0,19.91015625,156.64453125,98.41015625,88.69921875,413.21484375,307.06640625,0.0,0.0,0.796875,32.000152587890625
none,0,616,1.0,0.0,1.0,1.0,1.0,1.0,18.9921875,155.68359375,98.7578125,86.03125,413.32421875,309.8984375,0.0,0.0,0.73046875,31.915512084960938
none,0,617,1.0,0.0,1.0,1.0,1.0,1.0,18.94140625,156.1015625,99.69921875,85.10546875,410.44921875,310.9140625,0.0,0.0,0.83203125,32.07331848144531
none,0,618,1.0,0.0,1.0,1.0,1.0,1.0,19.29296875,156.58984375,98.88671875,87.046875,413.234375,312.60546875,0.0,0.0,0.77734375,32.23230743408203
none,0,619,1.0,0.0,1.0,1.0,1.0,1.0,19.04296875,156.32421875,100.08984375,84.51171875,410.640625,312.9375,0.0,0.0,0.72265625,32.16703414916992
none,0,620,1.0,0.0,1.0,1.0,1.0,1.0,19.29296875,154.59765625,101.36328125,85.984375,407.48828125,318.4921875,0.0,0.0,0.78515625,31.907413482666016
none,0,621,1.0,0.0,1.0,1.0,1.0,1.0,19.140625,157.08203125,99.03125,85.125,415.140625,311.26953125,0.0,0.0,0.76171875,31.967716217041016
none,0,622,1.0,0.0,1.0,1.0,1.0,1.0,19.51953125,155.6953125,100.64453125,86.3359375,410.84765625,313.67578125,0.0,0.0,0.73046875,32.085689544677734
none,0,623,1.0,0.0,1.0,1.0,1.0,1.0,18.1953125,156.19140625,99.15625,83.65234375,412.16796875,309.63671875,0.0,0.0,0.8125,32.090084075927734
none,0,624,1.0,0.0,1.0,1.0,1.0,1.0,18.61328125,155.97265625,100.48828125,84.921875,411.70703125,315.7265625,0.0,0.0,0.796875,32.06227493286133
none,0,625,1.0,0.0,1.0,1.0,1.0,1.0,18.8046875,156.87890625,99.609375,86.09375,412.65234375,311.23046875,0.0,0.0,0.703125,32.323238372802734
none,0,626,1.0,0.0,1.0,1.0,1.0,1.0,18.984375,156.23046875,99.7421875,85.64453125,411.51171875,313.390625,0.0,0.0,0.75,32.06264114379883
none,0,627,1.0,0.0,1.0,1.0,1.0,1.0,18.29296875,156.51953125,98.42578125,84.35546875,412.69140625,308.14453125,0.0,0.0,0.76171875,32.06380844116211
none,0,628,1.0,0.0,1.0,1.0,1.0,1.0,18.8125,157.48046875,99.97265625,86.3359375,413.01953125,314.7734375,0.0,0.0,0.75390625,32.44874954223633
none,0,629,1.0,0.0,1.0,1.0,1.0,1.0,19.2890625,156.73828125,101.6484375,86.93359375,411.96484375,319.2421875,0.0,0.0,0.72265625,32.47615432739258
none,0,630,1.0,0.0,1.0,1.0,1.0,1.0,19.3828125,156.34375,99.11328125,88.09765625,412.4296875,311.9609375,0.0,0.0,0.765625,32.09144592285156
none,0,631,1.0,0.0,1.0,1.0,1.0,1.0,19.06640625,156.5,101.00390625,87.109375,412.1875,318.703125,0.0,0.0,0.73828125,32.4310417175293
none,0,632,1.0,0.0,1.0,1.0,1.0,1.0,19.109375,156.48828125,101.19140625,87.82421875,411.53515625,318.39453125,0.0,0.0,0.76171875,32.29470443725586
none,0,633,1.0,0.0,1.0,1.0,1.0,1.0,18.63671875,155.9453125,102.703125,85.953125,408.98046875,323.65625,0.0,0.0,0.70703125,32.370357513427734
none,0,634,1.0,0.0,1.0,1.0,1.0,1.0,18.66796875,156.921875,101.0625,86.26953125,409.55078125,317.2421875,0.0,0.0,0.671875,32.43931198120117
none,0,635,1.0,0.0,1.0,1.0,1.0,1.0,18.23828125,157.25390625,100.98046875,83.69921875,411.9296875,316.83203125,0.0,0.0,0.73828125,32.70266342163086
none,0,636,1.0,0.0,1.0,1.0,1.0,1.0,18.66015625,157.01953125,101.25390625,85.109375,410.5703125,316.99609375,0.0,0.0,0.73828125,32.37201690673828
none,0,637,1.0,0.0,1.0,1.0,1.0,1.0,18.59765625,157.67578125,100.5859375,85.96875,412.09375,312.88671875,0.0,0.0,0.77734375,32.426849365234375
none,0,638,1.0,0.0,1.0,1.0,1.0,1.0,18.7265625,157.15625,97.921875,85.80859375,413.48046875,305.421875,0.0,0.0,0.76953125,32.18805694580078
none,0,639,1.0,0.0,1.0,1.0,1.0,1.0,19.1328125,157.484375,101.66015625,87.9296875,410.421875,316.84375,0.0,0.0,0.75390625,32.446903228759766
none,0,640,1.0,0.0,1.0,1.0,1.0,1.0,18.171875,158.359375,101.03125,84.74609375,415.08984375,313.43359375,0.0,0.0,0.75,32.754669189453125
none,0,641,1.0,0.0,1.0,1.0,1.0,1.0,18.75390625,157.2578125,101.5625,84.72265625,413.15234375,316.9609375,0.0,0.0,0.7578125,32.454708099365234
none,0,642,1.0,0.0,1.0,1.0,1.0,1.0,18.5,156.38671875,101.29296875,86.953125,412.3203125,317.51171875,0.0,0.0,0.77734375,32.469818115234375
none,0,643,1.0,0.0,1.0,1.0,1.0,1.0,18.81640625,157.60546875,101.69140625,86.26171875,413.796875,318.10546875,0.0,0.0,0.66015625,32.779972076416016
none,0,644,1.0,0.0,1.0,1.0,1.0,1.0,18.5625,157.359375,100.6875,85.1015625,414.0234375,315.2578125,0.0,0.0,0.73828125,32.53364562988281
none,0,645,1.0,0.0,1.0,1.0,1.0,1.0,18.234375,157.09765625,99.7265625,83.87109375,411.98828125,311.07421875,0.0,0.0,0.7734375,32.41443634033203
none,0,646,1.0,0.0,1.0,1.0,1.0,1.0,17.75,157.82421875,99.28125,83.3828125,412.8125,308.28125,0.0,0.0,0.7890625,32.52527618408203
none,0,647,1.0,0.0,1.0,1.0,1.0,1.0,18.0625,158.171875,100.8828125,82.5,413.01953125,312.8515625,0.0,0.0,0.6875,32.721683502197266
none,0,648,1.0,0.0,1.0,1.0,1.0,1.0,17.33984375,158.52734375,101.35546875,81.60546875,415.10546875,315.8125,0.0,0.0,0.7578125,32.985130310058594
none,0,649,1.0,0.0,1.0,1.0,1.0,1.0,17.71484375,158.55859375,99.92578125,83.34375,412.78515625,308.88671875,0.0,0.0,0.66796875,32.76293182373047
none,0,650,1.0,0.0,1.0,1.0,1.0,1.0,17.484375,157.734375,103.0859375,81.58203125,412.31640625,319.453125,0.0,0.0,0.6171875,32.781036376953125
none,0,651,1.0,0.0,1.0,1.0,1.0,1.0,18.11328125,158.46484375,102.30078125,82.8984375,412.078125,318.234375,0.0,0.0,0.67578125,33.012420654296875
none,0,652,1.0,0.0,1.0,1.0,1.0,1.0,18.31640625,158.11328125,101.296875,84.23828125,412.83203125,315.6015625,0.0,0.0,0.703125,32.880210876464844
none,0,653,1.0,0.0,1.0,1.0,1.0,1.0,17.6640625,158.1875,101.1015625,81.60546875,412.75,315.72265625,0.0,0.0,0.70703125,33.05104064941406
none,0,654,1.0,0.0,1.0,1.0,1.0,1.0,18.69140625,158.28515625,100.96484375,86.69140625,414.62109375,313.07421875,0.0,0.0,0.65234375,32.78876495361328
none,0,655,1.0,0.0,1.0,1.0,1.0,1.0,18.109375,157.4765625,101.8671875,85.04296875,410.625,314.6875,0.0,0.0,0.7109375,32.58314514160156
none,0,656,1.0,0.0,1.0,1.0,1.0,1.0,18.32421875,158.16796875,101.390625,85.87109375,412.703125,314.0859375,0.0,0.0,0.80859375,32.854766845703125
none,0,657,1.0,0.0,1.0,1.0,1.0,1.0,18.67578125,158.61328125,101.4453125,86.58984375,412.22265625,315.0625,0.0,0.0,0.7890625,32.83356857299805
none,0,658,1.0,0.0,1.0,1.0,1.0,1.0,19.203125,157.85546875,103.890625,86.96875,410.26953125,323.83203125,0.0,0.0,0.703125,32.99956512451172
none,0,659,1.0,0.0,1.0,1.0,1.0,1.0,18.62109375,160.01171875,100.4296875,87.7734375,417.02734375,313.16015625,0.0,0.0,0.7578125,33.17125701904297
none,0,660,1.0,0.0,1.0,1.0,1.0,1.0,18.61328125,159.66015625,101.66796875,85.984375,414.8125,315.83203125,0.0,0.0,0.71484375,33.27769470214844
none,0,661,1.0,0.0,1.0,1.0,1.0,1.0,18.0,158.05078125,103.00390625,85.08203125,411.92578125,318.59765625,0.0,0.0,0.72265625,32.78369140625
none,0,662,1.0,0.0,1.0,1.0,1.0,1.0,17.76171875,159.75,100.41015625,84.04296875,415.64453125,310.671875,0.0,0.0,0.6796875,33.143165588378906
none,0,663,1.0,0.0,1.0,1.0,1.0,1.0,17.2265625,158.19140625,101.7421875,81.3125,412.12890625,315.66015625,0.0,0.0,0.703125,33.03303527832031
none,0,664,1.0,0.0,1.0,1.0,1.0,1.0,17.40625,158.875,102.83984375,82.2265625,414.2421875,318.13671875,0.0,0.0,0.61328125,33.21961975097656
none,0,665,1.0,0.0,1.0,1.0,1.0,1.0,17.06640625,158.85546875,101.47265625,81.7265625,415.01953125,316.609375,0.0,0.0,0.6875,33.29604721069336
none,0,666,1.0,0.0,1.0,1.0,1.0,1.0,18.43359375,158.33984375,103.4921875,86.01953125,413.58203125,320.25390625,0.0,0.0,0.73046875,33.053253173828125
none,0,667,1.0,0.0,1.0,1.0,1.0,1.0,18.296875,158.3125,101.7109375,87.19921875,411.92578125,317.15625,0.0,0.0,0.75390625,32.930442810058594
none,0,668,1.0,0.0,1.0,1.0,1.0,1.0,19.0078125,158.1015625,103.6875,88.40234375,409.96484375,322.3984375,0.0,0.0,0.59375,32.816986083984375
none,0,669,1.0,0.0,1.0,1.0,1.0,1.0,17.90234375,158.265625,103.0703125,84.8046875,411.39453125,318.03515625,0.0,0.0,0.67578125,33.24945068359375
none,0,670,1.0,0.0,1.0,1.0,1.0,1.0,18.09375,160.33203125,101.6796875,86.00390625,416.96484375,313.8359375,0.0,0.0,0.68359375,33.483924865722656
none,0,671,1.0,0.0,1.0,1.0,1.0,1.0,17.78515625,158.60546875,103.8515625,84.93359375,413.203125,319.56640625,0.0,0.0,0.671875,33.307518005371094
none,0,672,1.0,0.0,1.0,1.0,1.0,1.0,18.06640625,160.78125,100.328125,83.4921875,418.2265625,310.5703125,0.0,0.0,0.64453125,33.4918212890625
none,0,673,1.0,0.0,1.0,1.0,1.0,1.0,17.81640625,159.1796875,101.53125,82.65234375,414.30078125,311.96484375,0.0,0.0,0.70703125,33.39747619628906
none,0,674,1.0,0.0,1.0,1.0,1.0,1.0,17.62109375,159.2109375,100.7578125,81.63671875,414.33203125,312.21484375,0.0,0.0,0.6953125,33.17540740966797
none,0,675,1.0,0.0,1.0,1.0,1.0,1.0,17.40625,160.19921875,102.27734375,81.66796875,416.51953125,316.29296875,0.0,0.0,0.6796875,33.58427429199219
none,0,676,1.0,0.0,1.0,1.0,1.0,1.0,17.67578125,160.87890625,101.70703125,84.44140625,418.01953125,313.80859375,0.0,0.0,0.65625,33.59934616088867
none,0,677,1.0,0.0,1.0,1.0,1.0,1.0,18.328125,160.87890625,101.95703125,86.6015625,416.91015625,313.5703125,0.0,0.0,0.65625,33.560523986816406
none,0,678,1.0,0.0,1.0,1.0,1.0,1.0,18.49609375,159.453125,102.3671875,86.79296875,414.87890625,315.3828125,0.0,0.0,0.66015625,33.184539794921875
none,0,679,1.0,0.0,1.0,1.0,1.0,1.0,18.6328125,159.71875,104.26171875,86.2421875,413.9609375,321.0390625,0.0,0.0,0.66015625,33.6575927734375
none,0,680,1.0,0.0,1.0,1.0,1.0,1.0,18.265625,160.55859375,101.72265625,87.78515625,416.796875,314.078125,0.0,0.0,0.69921875,33.37345504760742
none,0,681,1.0,0.0,1.0,1.0,1.0,1.0,17.90234375,160.06640625,102.2421875,86.65625,415.8515625,317.70703125,0.0,0.0,0.63671875,33.536521911621094
none,0,682,1.0,0.0,1.0,1.0,1.0,1.0,17.48828125,160.69921875,102.703125,85.09375,415.53515625,318.38671875,0.0,0.0,0.71484375,33.72176742553711
none,0,683,1.0,0.0,1.0,1.0,1.0,1.0,17.875,160.1953125,103.47265625,83.68359375,414.62890625,318.55078125,0.0,0.0,0.62890625,33.66487503051758
none,0,684,1.0,0.0,1.0,1.0,1.0,1.0,17.59765625,159.1875,104.34375,83.71484375,411.12890625,321.9609375,0.0,0.0,0.58984375,33.54643249511719
none,0,685,1.0,0.0,1.0,1.0,1.0,1.0,17.50390625,161.5546875,102.453125,82.3671875,417.39453125,315.37890625,0.0,0.0,0.61328125,34.03355026245117
none,0,686,1.0,0.0,1.0,1.0,1.0,1.0,17.16796875,160.56640625,103.4296875,82.015625,413.51953125,319.44921875,0.0,0.0,0.63671875,33.944618225097656
none,0,687,1.0,0.0,1.0,1.0,1.0,1.0,17.515625,159.6328125,102.1484375,83.8046875,413.25,314.07421875,0.0,0.0,0.6640625,33.39301300048828
none,0,688,1.0,0.0,1.0,1.0,1.0,1.0,17.89453125,160.74609375,102.421875,85.26953125,414.25,314.39453125,0.0,0.0,0.66015625,33.6665153503418
none,0,689,1.0,0.0,1.0,1.0,1.0,1.0,17.32421875,160.7578125,102.14453125,83.79296875,413.8203125,315.4140625,0.0,0.0,0.69921875,33.65814971923828
none,0,690,1.0,0.0,1.0,1.0,1.0,1.0,17.03125,161.66796875,102.25,83.53125,417.49609375,315.15234375,0.0,0.0,0.609375,33.984779357910156
none,0,691,1.0,0.0,1.0,1.0,1.0,1.0,17.2265625,161.13671875,102.8125,83.31640625,415.92578125,317.8359375,0.0,0.0,0.63671875,33.82190704345703
none,0,692,1.0,0.0,1.0,1.0,1.0,1.0,17.578125,161.421875,104.71484375,83.57421875,415.0859375,321.33984375,0.0,0.0,0.66796875,34.08338928222656
none,0,693,1.0,0.0,1.0,1.0,1.0,1.0,17.65234375,160.16015625,103.25,83.11328125,412.4375,317.44140625,0.0,0.0,0.640625,33.7470588684082
none,0,694,1.0,0.0,1.0,1.0,1.0,1.0,16.5078125,161.00390625,104.84375,80.859375,414.0078125,321.98828125,0.0,0.0,0.640625,34.05223846435547
none,0,695,1.0,0.0,1.0,1.0,1.0,1.0,17.82421875,160.046875,103.921875,84.23046875,411.27734375,319.42578125,0.0,0.0,0.625,33.63623046875
none,0,696,1.0,0.0,1.0,1.0,1.0,1.0,17.37109375,160.7890625,103.984375,82.7421875,413.0078125,318.75,0.0,0.0,0.63671875,33.868125915527344
none,0,697,1.0,0.0,1.0,1.0,1.0,1.0,17.60546875,161.36328125,104.9921875,83.83984375,415.24609375,320.65625,0.0,0.0,0.66796875,34.055137634277344
none,0,698,1.0,0.0,1.0,1.0,1.0,1.0,17.17578125,161.31640625,104.9140625,82.796875,413.69921875,321.75390625,0.0,0.0,0.55078125,34.00735855102539
none,0,699,1.0,0.0,1.0,1.0,1.0,1.0,17.84765625,160.82421875,104.12109375,84.328125,414.7734375,320.375,0.0,0.0,0.58984375,33.866756439208984
none,0,700,1.0,0.0,1.0,1.0,1.0,1.0,17.64453125,160.15234375,104.55078125,83.7109375,411.9765625,321.1796875,0.0,0.0,0.7421875,33.62607192993164
none,0,701,1.0,0.0,1.0,1.0,1.0,1.0,18.0234375,161.859375,102.13671875,85.2734375,417.4296875,314.66796875,0.0,0.0,0.66015625,33.99229049682617
none,0,702,1.0,0.0,1.0,1.0,1.0,1.0,18.11328125,160.7734375,103.140625,85.1875,412.94921875,316.734375,0.0,0.0,0.57421875,33.84074020385742
none,0,703,1.0,0.0,1.0,1.0,1.0,1.0,17.71484375,161.47265625,102.96484375,84.5,415.69921875,313.59375,0.0,0.0,0.734375,34.0334358215332
none,0,704,1.0,0.0,1.0,1.0,1.0,1.0,16.9375,161.23046875,103.3984375,80.6484375,416.0,316.5390625,0.0,0.0,0.53515625,33.96098327636719
none,0,705,1.0,0.0,1.0,1.0,1.0,1.0,17.31640625,161.953125,101.94140625,84.09375,417.51953125,311.98046875,0.0,0.0,0.7265625,33.98912811279297
none,0,706,1.0,0.0,1.0,1.0,1.0,1.0,16.8671875,162.76171875,102.86328125,80.79296875,417.39453125,315.41796875,0.0,0.0,0.69921875,34.3580322265625
none,0,707,1.0,0.0,1.0,1.0,1.0,1.0,16.7421875,161.74609375,104.703125,80.86328125,414.6640625,319.5390625,0.0,0.0,0.59765625,34.32884216308594
none,0,708,1.0,0.0,1.0,1.0,1.0,1.0,16.92578125,160.96875,104.0546875,80.00390625,412.08984375,320.02734375,0.0,0.0,0.62890625,34.118385314941406
none,0,709,1.0,0.0,1.0,1.0,1.0,1.0,16.98046875,162.828125,103.0,81.65234375,416.890625,312.20703125,0.0,0.0,0.5703125,34.37545394897461
none,0,710,1.0,0.0,1.0,1.0,1.0,1.0,17.11328125,162.36328125,102.64453125,81.6484375,417.42578125,312.01171875,0.0,0.0,0.60546875,34.32723617553711
none,0,711,1.0,0.0,1.0,1.0,1.0,1.0,17.4453125,161.796875,104.7109375,83.24609375,413.2890625,320.32421875,0.0,0.0,0.66796875,34.1202507019043
none,0,712,1.0,0.0,1.0,1.0,1.0,1.0,17.04296875,163.30859375,103.25390625,83.1640625,418.5625,317.09375,0.0,0.0,0.62890625,34.508811950683594
none,0,713,1.0,0.0,1.0,1.0,1.0,1.0,17.6875,161.96875,104.734375,83.76171875,415.734375,318.8125,0.0,0.0,0.56640625,34.33666229248047
none,0,714,1.0,0.0,1.0,1.0,1.0,1.0,18.30078125,162.80078125,103.58984375,85.0,414.4375,316.69921875,0.0,0.0,0.609375,34.32518768310547
none,0,715,1.0,0.0,1.0,1.0,1.0,1.0,18.44921875,161.2265625,104.82421875,86.90234375,412.375,323.03125,0.0,0.0,0.6953125,33.998199462890625
none,0,716,1.0,0.0,1.0,1.0,1.0,1.0,18.0625,162.7265625,105.41015625,85.8125,414.65625,321.85546875,0.0,0.0,0.703125,34.427825927734375
none,0,717,1.0,0.0,1.0,1.0,1.0,1.0,18.1015625,162.5703125,103.4453125,86.1875,415.7109375,316.5390625,0.0,0.0,0.671875,34.07942199707031
none,0,718,1.0,0.0,1.0,1.0,1.0,1.0,18.05859375,162.63671875,102.51953125,84.55078125,415.140625,313.86328125,0.0,0.0,0.5390625,34.18793487548828
none,0,719,1.0,0.0,1.0,1.0,1.0,1.0,17.01171875,163.3984375,105.28125,82.22265625,416.1015625,320.42578125,0.0,0.0,0.55078125,34.638160705566406
none,0,720,1.0,0.0,1.0,1.0,1.0,1.0,16.65234375,162.94140625,104.40234375,81.57421875,416.48046875,319.83984375,0.0,0.0,0.6484375,34.58673095703125
none,0,721,1.0,0.0,1.0,1.0,1.0,1.0,16.47265625,163.140625,105.9765625,79.3125,416.4140625,323.84375,0.0,0.0,0.60546875,34.67206954956055
none,0,722,1.0,0.0,1.0,1.0,1.0,1.0,16.19140625,163.75,104.046875,79.85546875,418.62890625,317.96484375,0.0,0.0,0.62890625,34.687110900878906
none,0,723,1.0,0.0,1.0,1.0,1.0,1.0,17.22265625,162.984375,103.47265625,82.91796875,415.04296875,315.77734375,0.0,0.0,0.6171875,34.29541778564453
none,0,724,1.0,0.0,1.0,1.0,1.0,1.0,16.98046875,163.203125,106.78515625,81.1171875,417.89453125,324.76953125,0.0,0.0,0.64453125,34.7097282409668
none,0,725,1.0,0.0,1.0,1.0,1.0,1.0,17.01171875,164.03125,104.9375,81.83984375,418.12109375,317.3359375,0.0,0.0,0.609375,34.69904327392578
none,0,726,1.0,0.0,1.0,1.0,1.0,1.0,16.9609375,162.9453125,106.60546875,81.92578125,414.7109375,323.23046875,0.0,0.0,0.58203125,34.68720245361328
none,0,727,1.0,0.0,1.0,1.0,1.0,1.0,16.72265625,163.53515625,105.921875,81.8515625,416.984375,322.30859375,0.0,0.0,0.59375,34.857730865478516
none,0,728,1.0,0.0,1.0,1.0,1.0,1.0,16.5234375,162.66796875,107.58203125,80.28515625,413.32421875,326.15625,0.0,0.0,0.55859375,34.6286735534668
none,0,729,1.0,0.0,1.0,1.0,1.0,1.0,16.68359375,163.359375,104.296875,81.6640625,417.25390625,317.26953125,0.0,0.0,0.55859375,34.63121795654297
none,0,730,1.0,0.0,1.0,1.0,1.0,1.0,16.6875,164.3828125,104.73828125,82.12109375,417.60546875,317.5234375,0.0,0.0,0.62890625,34.89399337768555
none,0,731,1.0,0.0,1.0,1.0,1.0,1.0,15.6953125,163.34375,105.03125,77.39453125,416.26171875,320.19921875,0.0,0.0,0.65234375,34.7674560546875
none,0,732,1.0,0.0,1.0,1.0,1.0,1.0,16.3984375,163.9140625,107.5390625,79.83984375,418.65234375,325.71484375,0.0,0.0,0.62890625,34.9801139831543
none,0,733,1.0,0.0,1.0,1.0,1.0,1.0,16.15625,163.9921875,104.8046875,79.99609375,418.77734375,316.51171875,0.0,0.0,0.57421875,34.939247131347656
none,0,734,1.0,0.0,1.0,1.0,1.0,1.0,16.890625,163.46484375,104.19921875,82.82421875,418.82421875,317.12890625,0.0,0.0,0.515625,34.58281707763672
none,0,735,1.0,0.0,1.0,1.0,1.0,1.0,16.453125,163.29296875,105.4921875,79.37109375,415.70703125,319.61328125,0.0,0.0,0.67578125,34.74036407470703
none,0,736,1.0,0.0,1.0,1.0,1.0,1.0,17.17578125,164.140625,105.4765625,84.44140625,416.1640625,320.3359375,0.0,0.0,0.55078125,34.642822265625
none,0,737,1.0,0.0,1.0,1.0,1.0,1.0,16.66796875,163.4296875,106.7109375,82.3046875,415.32421875,323.75,0.0,0.0,0.55078125,34.755653381347656
none,0,738,1.0,0.0,1.0,1.0,1.0,1.0,16.5234375,164.91796875,105.79296875,82.03125,417.875,320.3359375,0.0,0.0,0.6796875,35.210174560546875
none,0,739,1.0,0.0,1.0,1.0,1.0,1.0,17.140625,163.74609375,105.38671875,83.48828125,416.51953125,318.09375,0.0,0.0,0.59375,34.80999755859375
none,0,740,1.0,0.0,1.0,1.0,1.0,1.0,15.984375,165.203125,104.96875,79.36328125,420.24609375,318.71484375,0.0,0.0,0.59375,34.988155364990234
none,0,741,1.0,0.0,1.0,1.0,1.0,1.0,15.73828125,163.65234375,105.1171875,78.125,415.9453125,319.26953125,0.0,0.0,0.6484375,34.88096237182617
none,0,742,1.0,0.0,1.0,1.0,1.0,1.0,16.05078125,164.21875,103.82421875,81.0703125,417.03125,313.16796875,0.0,0.0,0.61328125,34.90806198120117
none,0,743,1.0,0.0,1.0,1.0,1.0,1.0,16.234375,164.58203125,104.3515625,80.48828125,418.7265625,315.41015625,0.0,0.0,0.5390625,35.07190704345703
none,0,744,1.0,0.0,1.0,1.0,1.0,1.0,16.0,165.0703125,105.7578125,80.51953125,418.48828125,319.453125,0.0,0.0,0.54296875,35.3772087097168
none,0,745,1.0,0.0,1.0,1.0,1.0,1.0,16.5,166.0390625,105.29296875,80.453125,420.20703125,317.80078125,0.0,0.0,0.61328125,35.36145782470703
none,0,746,1.0,0.0,1.0,1.0,1.0,1.0,15.62890625,165.62109375,103.59375,77.9765625,419.9609375,312.34765625,0.0,0.0,0.5625,35.344749450683594
none,0,747,1.0,0.0,1.0,1.0,1.0,1.0,15.47265625,164.9609375,104.88671875,78.75390625,418.41796875,317.42578125,0.0,0.0,0.55078125,35.154701232910156
none,0,748,1.0,0.0,1.0,1.0,1.0,1.0,15.7578125,164.53515625,107.125,78.03125,415.97265625,323.875,0.0,0.0,0.609375,35.26311492919922
none,0,749,1.0,0.0,1.0,1.0,1.0,1.0,16.21484375,164.7734375,106.09375,80.87890625,417.44921875,320.92578125,0.0,0.0,0.5859375,35.12473678588867
none,0,750,1.0,0.0,1.0,1.0,1.0,1.0,15.6953125,164.12890625,105.46875,80.234375,417.80078125,319.796875,0.0,0.0,0.6015625,35.12886047363281
none,0,751,1.0,0.0,1.0,1.0,1.0,1.0,15.80078125,165.48828125,106.08203125,79.765625,419.37890625,321.25,0.0,0.0,0.578125,35.45928192138672
none,0,752,1.0,0.0,1.0,1.0,1.0,1.0,15.71875,166.27734375,106.06640625,79.921875,420.6953125,321.75,0.0,0.0,0.55078125,35.696990966796875
none,0,753,1.0,0.0,1.0,1.0,1.0,1.0,16.28125,166.296875,105.3125,80.83984375,420.6484375,317.8671875,0.0,0.0,0.5546875,35.55573654174805
none,0,754,1.0,0.0,1.0,1.0,1.0,1.0,16.30078125,166.2109375,106.25390625,81.0390625,423.38671875,320.68359375,0.0,0.0,0.51953125,35.59410095214844
none,0,755,1.0,0.0,1.0,1.0,1.0,1.0,16.26953125,164.93359375,106.51953125,81.88671875,418.13671875,321.16015625,0.0,0.0,0.5703125,35.300724029541016
none,0,756,1.0,0.0,1.0,1.0,1.0,1.0,16.61328125,165.79296875,106.328125,82.80859375,419.1328125,323.7578125,0.0,0.0,0.62890625,35.489315032958984
none,0,757,1.0,0.0,1.0,1.0,1.0,1.0,16.015625,164.55078125,106.1015625,81.92578125,418.52734375,321.47265625,0.0,0.0,0.56640625,35.31791687011719
none,0,758,1.0,0.0,1.0,1.0,1.0,1.0,15.8203125,165.16796875,107.4375,79.36328125,416.70703125,325.37109375,0.0,0.0,0.51953125,35.55134201049805
none,0,759,1.0,0.0,1.0,1.0,1.0,1.0,15.7421875,165.51953125,105.5546875,78.84375,417.89453125,318.5234375,0.0,0.0,0.57421875,35.40966033935547
none,0,760,1.0,0.0,1.0,1.0,1.0,1.0,15.8515625,167.42578125,104.4296875,80.375,423.6796875,313.75390625,0.0,0.0,0.53125,35.59284591674805
none,0,761,1.0,0.0,1.0,1.0,1.0,1.0,15.24609375,166.40234375,104.953125,76.94921875,419.5078125,314.30078125,0.0,0.0,0.58984375,35.72200393676758
none,0,762,1.0,0.0,1.0,1.0,1.0,1.0,14.7109375,165.32421875,105.84375,75.02734375,418.20703125,320.01171875,0.0,0.0,0.5078125,35.584163665771484
none,0,763,1.0,0.0,1.0,1.0,1.0,1.0,15.1640625,165.61328125,107.73828125,76.8125,417.28515625,323.671875,0.0,0.0,0.54296875,35.79827880859375
none,0,764,1.0,0.0,1.0,1.0,1.0,1.0,15.37109375,165.83984375,105.671875,77.578125,417.6875,319.09375,0.0,0.0,0.6015625,35.667057037353516
none,0,765,1.0,0.0,1.0,1.0,1.0,1.0,15.75,165.75390625,106.8515625,80.53125,417.3046875,323.96484375,0.0,0.0,0.46875,35.513362884521484
none,0,766,1.0,0.0,1.0,1.0,1.0,1.0,15.875,165.234375,107.171875,79.83203125,417.0234375,322.453125,0.0,0.0,0.58984375,35.51414108276367
none,0,767,1.0,0.0,1.0,1.0,1.0,1.0,16.45703125,165.03515625,106.87890625,83.3203125,414.24609375,322.90625,0.0,0.0,0.60546875,35.31748962402344
none,0,768,1.0,0.0,1.0,1.0,1.0,1.0,16.328125,166.51171875,104.67578125,82.76171875,418.75390625,314.9296875,0.0,0.0,0.515625,35.77582550048828
none,0,769,1.0,0.0,1.0,1.0,1.0,1.0,15.99609375,166.08984375,105.83984375,80.91015625,418.13671875,319.97265625,0.0,0.0,0.58984375,35.85350799560547
none,0,770,1.0,0.0,1.0,1.0,1.0,1.0,15.60546875,166.1484375,106.2890625,79.83984375,417.125,322.25390625,0.0,0.0,0.53515625,35.686336517333984
none,0,771,1.0,0.0,1.0,1.0,1.0,1.0,15.5625,166.01953125,107.109375,77.65234375,417.81640625,322.69921875,0.0,0.0,0.58203125,35.87173843383789
none,0,772,1.0,0.0,1.0,1.0,1.0,1.0,16.59375,166.0546875,106.2265625,81.17578125,416.890625,320.87890625,0.0,0.0,0.58203125,35.79016876220703
none,0,773,1.0,0.0,1.0,1.0,1.0,1.0,16.30078125,165.86328125,107.91015625,80.984375,416.3984375,324.375,0.0,0.0,0.6328125,35.730098724365234
none,0,774,1.0,0.0,1.0,1.0,1.0,1.0,15.61328125,166.5703125,106.85546875,77.64453125,419.484375,322.2578125,0.0,0.0,0.59765625,35.993614196777344
none,0,775,1.0,0.0,1.0,1.0,1.0,1.0,15.44140625,166.9609375,107.328125,78.8125,418.41796875,323.65625,0.0,0.0,0.48046875,36.1336784362793
none,0,776,1.0,0.0,1.0,1.0,1.0,1.0,14.85546875,166.54296875,109.80859375,76.21875,417.7578125,330.69140625,0.0,0.0,0.58203125,36.2537956237793
none,0,777,1.0,0.0,1.0,1.0,1.0,1.0,15.66015625,166.4453125,107.921875,79.171875,417.3515625,325.8203125,0.0,0.0,0.4921875,36.00150680541992
none,0,778,1.0,0.0,1.0,1.0,1.0,1.0,15.8984375,166.734375,107.546875,81.2734375,417.4453125,324.0859375,0.0,0.0,0.59765625,35.64653015136719
none,0,779,1.0,0.0,1.0,1.0,1.0,1.0,14.8515625,166.578125,107.89453125,77.25390625,416.5703125,322.1015625,0.0,0.0,0.59765625,36.110809326171875
none,0,780,1.0,0.0,1.0,1.0,1.0,1.0,15.47265625,166.96875,105.72265625,80.96875,418.328125,318.71875,0.0,0.0,0.5546875,35.97060775756836
none,0,781,1.0,0.0,1.0,1.0,1.0,1.0,14.921875,167.95703125,108.7109375,77.51953125,420.3984375,326.29296875,0.0,0.0,0.53125,36.232452392578125
none,0,782,1.0,0.0,1.0,1.0,1.0,1.0,15.140625,167.8671875,107.59375,78.6796875,420.15625,323.75,0.0,0.0,0.6015625,36.349388122558594
none,0,783,1.0,0.0,1.0,1.0,1.0,1.0,15.45703125,167.16796875,106.8828125,78.9921875,418.9453125,320.64453125,0.0,0.0,0.5390625,35.9187126159668
none,0,784,1.0,0.0,1.0,1.0,1.0,1.0,15.3203125,167.1640625,108.3046875,78.52734375,418.0078125,324.2890625,0.0,0.0,0.5078125,36.310447692871094
none,0,785,1.0,0.0,1.0,1.0,1.0,1.0,15.390625,167.94140625,105.8515625,78.16796875,421.546875,316.2421875,0.0,0.0,0.484375,36.22710418701172
none,0,786,1.0,0.0,1.0,1.0,1.0,1.0,15.8828125,167.109375,107.796875,79.8046875,419.0390625,320.04296875,0.0,0.0,0.578125,35.94369125366211
none,0,787,1.0,0.0,1.0,1.0,1.0,1.0,15.0,168.0078125,108.328125,79.1640625,418.70703125,321.99609375,0.0,0.0,0.46875,36.404666900634766
none,0,788,1.0,0.0,1.0,1.0,1.0,1.0,14.80078125,168.8203125,107.55859375,76.67578125,421.2890625,319.734375,0.0,0.0,0.578125,36.4918327331543
none,0,789,1.0,0.0,1.0,1.0,1.0,1.0,15.2265625,169.50390625,108.63671875,77.09375,422.796875,322.25390625,0.0,0.0,0.5703125,36.73082733154297
none,0,790,1.0,0.0,1.0,1.0,1.0,1.0,15.03125,168.34765625,107.7890625,76.34375,420.07421875,321.06640625,0.0,0.0,0.60546875,36.43900680541992
none,0,791,1.0,0.0,1.0,1.0,1.0,1.0,15.40625,168.5,109.63671875,77.6640625,418.34375,324.05078125,0.0,0.0,0.609375,36.39997100830078
none,0,792,1.0,0.0,1.0,1.0,1.0,1.0,15.51953125,167.171875,109.96875,78.5078125,416.92578125,325.609375,0.0,0.0,0.5546875,36.3519287109375
none,0,793,1.0,0.0,1.0,1.0,1.0,1.0,14.84375,167.21484375,109.5546875,76.66796875,417.0234375,324.5625,0.0,0.0,0.5078125,36.546409606933594
none,0,794,1.0,0.0,1.0,1.0,1.0,1.0,15.078125,166.91796875,109.0546875,78.05078125,416.75,324.6796875,0.0,0.0,0.5234375,36.0469856262207
none,0,795,1.0,0.0,1.0,1.0,1.0,1.0,14.57421875,167.640625,110.41796875,75.75,418.5859375,328.9609375,0.0,0.0,0.51953125,36.48822784423828
none,0,796,1.0,0.0,1.0,1.0,1.0,1.0,14.39453125,168.16796875,110.05078125,74.109375,418.40234375,328.30859375,0.0,0.0,0.546875,36.68022918701172
none,0,797,1.0,0.0,1.0,1.0,1.0,1.0,14.6015625,168.09375,107.67578125,77.390625,420.88671875,321.33203125,0.0,0.0,0.52734375,36.391014099121094
none,0,798,1.0,0.0,1.0,1.0,1.0,1.0,14.2578125,167.859375,110.34375,76.8515625,416.74609375,331.16015625,0.0,0.0,0.58984375,36.51137924194336
none,0,799,1.0,0.0,1.0,1.0,1.0,1.0,15.05859375,167.984375,108.85546875,77.7890625,417.44921875,328.046875,0.0,0.0,0.5390625,36.35236358642578
none,0,800,1.0,0.0,1.0,1.0,1.0,1.0,14.4140625,168.1953125,108.7109375,75.96875,419.83203125,324.046875,0.0,0.0,0.55078125,36.56639862060547
none,0,801,1.0,0.0,1.0,1.0,1.0,1.0,14.90625,168.5703125,108.92578125,77.8359375,419.3203125,324.04296875,0.0,0.0,0.5,36.68651580810547
none,0,802,1.0,0.0,1.0,1.0,1.0,1.0,14.7578125,168.375,108.87890625,78.15625,418.8359375,324.25,0.0,0.0,0.5390625,36.674888610839844
none,0,803,1.0,0.0,1.0,1.0,1.0,1.0,14.76953125,168.67578125,110.17578125,76.65234375,419.2109375,328.4609375,0.0,0.0,0.5078125,36.75074768066406
none,0,804,1.0,0.0,1.0,1.0,1.0,1.0,14.9375,168.83984375,110.03125,77.73046875,419.44140625,327.80859375,0.0,0.0,0.5,36.771324157714844
none,0,805,1.0,0.0,1.0,1.0,1.0,1.0,14.83203125,169.84375,109.984375,77.23046875,421.16015625,326.1015625,0.0,0.0,0.56640625,37.003196716308594
none,0,806,1.0,0.0,1.0,1.0,1.0,1.0,14.265625,169.5,109.25,73.92578125,420.23046875,324.32421875,0.0,0.0,0.46875,36.92161560058594
none,0,807,1.0,0.0,1.0,1.0,1.0,1.0,14.66015625,169.46484375,108.4140625,75.30859375,420.64453125,321.8046875,0.0,0.0,0.55859375,36.75345993041992
none,0,808,1.0,0.0,1.0,1.0,1.0,1.0,14.56640625,168.234375,109.1796875,74.2578125,418.43359375,323.95703125,0.0,0.0,0.48828125,36.54292297363281
none,0,809,1.0,0.0,1.0,1.0,1.0,1.0,14.6328125,169.21484375,110.25,76.328125,420.46875,328.828125,0.0,0.0,0.54296875,36.985992431640625
none,0,810,1.0,0.0,1.0,1.0,1.0,1.0,15.48828125,169.16015625,109.1015625,79.26953125,420.25390625,324.72265625,0.0,0.0,0.54296875,36.8592414855957
none,0,811,1.0,0.0,1.0,1.0,1.0,1.0,15.03125,167.8359375,109.32421875,77.96484375,417.05859375,328.0703125,0.0,0.0,0.45703125,36.786582946777344
none,0,812,1.0,0.0,1.0,1.0,1.0,1.0,14.99609375,169.0546875,110.85546875,78.76953125,420.1640625,328.58984375,0.0,0.0,0.51953125,36.90348434448242
none,0,813,1.0,0.0,1.0,1.0,1.0,1.0,15.47265625,169.38671875,108.9296875,81.84765625,420.2734375,323.296875,0.0,0.0,0.515625,36.65813446044922
none,0,814,1.0,0.0,1.0,1.0,1.0,1.0,15.4609375,170.6875,109.52734375,80.26171875,422.82421875,324.99609375,0.0,0.0,0.55859375,37.27178955078125
none,0,815,1.0,0.0,1.0,1.0,1.0,1.0,15.265625,170.59765625,110.28515625,80.40625,422.11328125,327.05078125,0.0,0.0,0.53125,37.22446823120117
none,0,816,1.0,0.0,1.0,1.0,1.0,1.0,15.546875,168.546875,109.89453125,81.68359375,417.5703125,324.50390625,0.0,0.0,0.45703125,36.57102966308594
none,0,817,1.0,0.0,1.0,1.0,1.0,1.0,16.06640625,169.109375,109.8203125,82.2734375,416.68359375,324.57421875,0.0,0.0,0.4453125,36.962135314941406
none,0,818,1.0,0.0,1.0,1.0,1.0,1.0,15.2421875,169.6875,108.0078125,80.41015625,419.34765625,318.33203125,0.0,0.0,0.60546875,36.80320739746094
none,0,819,1.0,0.0,1.0,1.0,1.0,1.0,15.01953125,170.2265625,110.67578125,77.1953125,419.1015625,326.375,0.0,0.0,0.44921875,37.29544448852539
none,0,820,1.0,0.0,1.0,1.0,1.0,1.0,14.2421875,168.77734375,109.0234375,74.85546875,417.48828125,323.3046875,0.0,0.0,0.52734375,36.89830780029297
none,0,821,1.0,0.0,1.0,1.0,1.0,1.0,14.4765625,169.875,109.0,76.1953125,419.05078125,323.71875,0.0,0.0,0.49609375,37.05305099487305
none,0,822,1.0,0.0,1.0,1.0,1.0,1.0,14.2734375,169.984375,111.5859375,75.3984375,419.01171875,330.44140625,0.0,0.0,0.51171875,37.35540771484375
none,0,823,1.0,0.0,1.0,1.0,1.0,1.0,14.375,169.76953125,109.69140625,76.046875,420.546875,324.4375,0.0,0.0,0.44921875,37.16227340698242
none,0,824,1.0,0.0,1.0,1.0,1.0,1.0,13.921875,169.9921875,110.78515625,74.26171875,418.9296875,327.15625,0.0,0.0,0.53515625,37.325164794921875
none,0,825,1.0,0.0,1.0,1.0,1.0,1.0,13.8515625,170.38671875,108.80078125,75.12109375,420.4765625,324.12890625,0.0,0.0,0.5,37.35081481933594
none,0,826,1.0,0.0,1.0,1.0,1.0,1.0,14.046875,171.71875,108.0703125,73.6171875,425.078125,321.4765625,0.0,0.0,0.4765625,37.62788391113281
none,0,827,1.0,0.0,1.0,1.0,1.0,1.0,13.98046875,170.3203125,110.33984375,75.125,419.77734375,328.51171875,0.0,0.0,0.54296875,37.352935791015625
none,0,828,1.0,0.0,1.0,1.0,1.0,1.0,14.43359375,170.390625,108.390625,76.3984375,419.05859375,322.67578125,0.0,0.0,0.46484375,37.41535949707031
none,0,829,1.0,0.0,1.0,1.0,1.0,1.0,14.57421875,169.3046875,110.3359375,77.64453125,416.234375,327.078125,0.0,0.0,0.4609375,37.14778137207031
none,0,830,1.0,0.0,1.0,1.0,1.0,1.0,14.47265625,169.66796875,111.28125,77.5390625,416.98046875,329.609375,0.0,0.0,0.40625,37.149654388427734
none,0,831,1.0,0.0,1.0,1.0,1.0,1.0,15.125,169.34765625,111.859375,79.09765625,416.73828125,332.43359375,0.0,0.0,0.4609375,37.2339973449707
none,0,832,1.0,0.0,1.0,1.0,1.0,1.0,14.89453125,170.7265625,110.41796875,78.62890625,421.0390625,325.94921875,0.0,0.0,0.4296875,37.32269287109375
none,0,833,1.0,0.0,1.0,1.0,1.0,1.0,14.53125,171.73046875,112.65234375,77.390625,422.38671875,332.0234375,0.0,0.0,0.5234375,37.740234375
none,0,834,1.0,0.0,1.0,1.0,1.0,1.0,14.578125,170.7265625,112.875,77.8671875,419.71484375,332.1953125,0.0,0.0,0.47265625,37.54663848876953
none,0,835,1.0,0.0,1.0,1.0,1.0,1.0,14.73828125,170.71875,110.4375,78.53125,420.96875,324.69921875,0.0,0.0,0.453125,37.47881317138672
none,0,836,1.0,0.0,1.0,1.0,1.0,1.0,14.5,171.1796875,111.4296875,77.55859375,421.03515625,326.95703125,0.0,0.0,0.44140625,37.87202453613281
none,0,837,1.0,0.0,1.0,1.0,1.0,1.0,14.91015625,170.50390625,111.9609375,78.22265625,418.4921875,327.93359375,0.0,0.0,0.421875,37.599273681640625
none,0,838,1.0,0.0,1.0,1.0,1.0,1.0,14.78515625,170.859375,112.53515625,79.01171875,419.01953125,330.78125,0.0,0.0,0.5,37.62675476074219
none,0,839,1.0,0.0,1.0,1.0,1.0,1.0,14.609375,170.390625,112.5859375,77.5234375,418.58203125,329.1328125,0.0,0.0,0.51953125,37.54767608642578
none,0,840,1.0,0.0,1.0,1.0,1.0,1.0,14.97265625,170.71875,111.43359375,77.48046875,419.82421875,327.0078125,0.0,0.0,0.4375,37.54823684692383
none,0,841,1.0,0.0,1.0,1.0,1.0,1.0,14.30078125,171.89453125,111.75,76.90625,422.3046875,328.62109375,0.0,0.0,0.49609375,37.93517303466797
none,0,842,1.0,0.0,1.0,1.0,1.0,1.0,14.3671875,171.12890625,113.359375,77.4296875,417.671875,333.203125,0.0,0.0,0.44921875,37.76040267944336
none,0,843,1.0,0.0,1.0,1.0,1.0,1.0,14.51171875,170.98828125,111.78125,78.58984375,419.05078125,327.49609375,0.0,0.0,0.43359375,37.63454818725586
none,0,844,1.0,0.0,1.0,1.0,1.0,1.0,14.25,171.1171875,111.9765625,76.67578125,419.5703125,328.640625,0.0,0.0,0.53515625,37.7463493347168
none,0,845,1.0,0.0,1.0,1.0,1.0,1.0,13.90234375,171.9140625,113.96875,75.4921875,418.7890625,333.25,0.0,0.0,0.53515625,38.01323318481445
none,0,846,1.0,0.0,1.0,1.0,1.0,1.0,13.49609375,171.484375,112.2734375,76.43359375,419.14453125,330.27734375,0.0,0.0,0.5,37.883506774902344
none,0,847,1.0,0.0,1.0,1.0,1.0,1.0,14.51171875,170.640625,112.11328125,76.44921875,417.8125,331.22265625,0.0,0.0,0.484375,37.712432861328125
none,0,848,1.0,0.0,1.0,1.0,1.0,1.0,14.09375,171.015625,112.203125,77.08984375,419.58984375,331.39453125,0.0,0.0,0.421875,37.768409729003906
none,0,849,1.0,0.0,1.0,1.0,1.0,1.0,14.390625,171.8828125,113.3359375,78.296875,420.54296875,335.0078125,0.0,0.0,0.47265625,37.89220428466797
none,0,850,1.0,0.0,1.0,1.0,1.0,1.0,14.3203125,172.02734375,112.97265625,77.06640625,421.2421875,333.73046875,0.0,0.0,0.453125,38.0421142578125
none,0,851,1.0,0.0,1.0,1.0,1.0,1.0,14.02734375,172.01953125,111.0703125,76.734375,420.234375,328.734375,0.0,0.0,0.4296875,37.933780670166016
none,0,852,1.0,0.0,1.0,1.0,1.0,1.0,13.80078125,171.875,112.43359375,75.8984375,420.50390625,332.41015625,0.0,0.0,0.48046875,37.936920166015625
none,0,853,1.0,0.0,1.0,1.0,1.0,1.0,13.2109375,172.25390625,111.96484375,72.7265625,421.109375,331.046875,0.0,0.0,0.5234375,37.99428176879883
none,0,854,1.0,0.0,1.0,1.0,1.0,1.0,13.22265625,172.3984375,111.2890625,72.671875,423.21484375,326.2890625,0.0,0.0,0.4375,38.03209686279297
none,0,855,1.0,0.0,1.0,1.0,1.0,1.0,13.78125,170.58984375,109.96875,74.7890625,418.73046875,322.88671875,0.0,0.0,0.48046875,37.47322082519531
none,0,856,1.0,0.0,1.0,1.0,1.0,1.0,13.125,172.72265625,111.2265625,72.84375,422.67578125,325.0859375,0.0,0.0,0.43359375,38.41277313232422
none,0,857,1.0,0.0,1.0,1.0,1.0,1.0,14.0703125,172.11328125,112.32421875,76.515625,420.9609375,327.296875,0.0,0.0,0.4609375,38.16886520385742
none,0,858,1.0,0.0,1.0,1.0,1.0,1.0,13.52734375,172.52734375,111.734375,73.58203125,422.12890625,326.86328125,0.0,0.0,0.45703125,38.13196563720703
none,0,859,1.0,0.0,1.0,1.0,1.0,1.0,14.21484375,172.953125,112.0625,75.078125,420.4609375,326.8984375,0.0,0.0,0.4375,38.398216247558594
none,0,860,1.0,0.0,1.0,1.0,1.0,1.0,13.71875,171.890625,112.77734375,72.171875,418.25390625,326.453125,0.0,0.0,0.44140625,38.08384704589844
none,0,861,1.0,0.0,1.0,1.0,1.0,1.0,14.23046875,172.0703125,113.3359375,75.125,416.66796875,329.54296875,0.0,0.0,0.44140625,37.947975158691406
none,0,862,1.0,0.0,1.0,1.0,1.0,1.0,13.96484375,171.29296875,112.88671875,75.98828125,415.4453125,326.125,0.0,0.0,0.421875,37.92121505737305
none,0,863,1.0,0.0,1.0,1.0,1.0,1.0,14.16796875,172.56640625,113.69140625,74.87890625,417.0390625,331.44921875,0.0,0.0,0.42578125,38.181556701660156
none,0,864,1.0,0.0,1.0,1.0,1.0,1.0,13.85546875,173.5234375,112.56640625,75.7421875,421.12890625,325.81640625,0.0,0.0,0.51171875,38.235206604003906
none,0,865,1.0,0.0,1.0,1.0,1.0,1.0,13.66796875,172.9609375,110.609375,75.0,419.76953125,321.7578125,0.0,0.0,0.41796875,38.23668670654297
none,0,866,1.0,0.0,1.0,1.0,1.0,1.0,13.87890625,172.765625,111.26171875,75.51953125,420.55859375,327.04296875,0.0,0.0,0.46875,38.11460494995117
none,0,867,1.0,0.0,1.0,1.0,1.0,1.0,13.47265625,172.875,112.05078125,74.37109375,419.5625,327.9375,0.0,0.0,0.421875,38.22793197631836
none,0,868,1.0,0.0,1.0,1.0,1.0,1.0,13.53125,172.62109375,110.87890625,73.09375,420.02734375,321.7890625,0.0,0.0,0.5,38.41777038574219
none,0,869,1.0,0.0,1.0,1.0,1.0,1.0,13.07421875,173.19140625,111.81640625,72.0546875,420.8125,327.56640625,0.0,0.0,0.46875,38.357330322265625
none,0,870,1.0,0.0,1.0,1.0,1.0,1.0,13.40234375,173.3828125,112.70703125,73.4296875,421.19921875,325.109375,0.0,0.0,0.51171875,38.428733825683594
none,0,871,1.0,0.0,1.0,1.0,1.0,1.0,13.37109375,173.1953125,111.6875,74.47265625,419.6640625,326.18359375,0.0,0.0,0.453125,38.471092224121094
none,0,872,1.0,0.0,1.0,1.0,1.0,1.0,13.2890625,172.9375,113.359375,71.71875,419.91015625,328.671875,0.0,0.0,0.515625,38.2933235168457
none,0,873,1.0,0.0,1.0,1.0,1.0,1.0,13.4609375,171.9921875,113.453125,74.68359375,417.34765625,329.15234375,0.0,0.0,0.55078125,38.20398712158203
none,0,874,1.0,0.0,1.0,1.0,1.0,1.0,13.44140625,172.9375,112.95703125,74.58203125,419.24609375,325.390625,0.0,0.0,0.515625,38.494895935058594
none,0,875,1.0,0.0,1.0,1.0,1.0,1.0,13.6953125,173.7734375,112.91015625,75.01953125,420.3984375,327.2890625,0.0,0.0,0.49609375,38.537513732910156
none,0,876,1.0,0.0,1.0,1.0,1.0,1.0,14.0859375,171.80078125,114.65625,76.6953125,416.61328125,332.88671875,0.0,0.0,0.4921875,38.44435119628906
none,0,877,1.0,0.0,1.0,1.0,1.0,1.0,14.52734375,172.46484375,115.578125,77.91796875,418.1953125,333.546875,0.0,0.0,0.40234375,38.52561950683594
none,0,878,1.0,0.0,1.0,1.0,1.0,1.0,14.85546875,173.75390625,114.59765625,78.1328125,418.4765625,332.21875,0.0,0.0,0.453125,38.51240539550781
none,0,879,1.0,0.0,1.0,1.0,1.0,1.0,13.96875,173.3125,114.23828125,76.69921875,418.79296875,329.95703125,0.0,0.0,0.4140625,38.546592712402344
none,0,880,1.0,0.0,1.0,1.0,1.0,1.0,14.21484375,174.23828125,113.515625,76.7265625,421.13671875,327.1796875,0.0,0.0,0.5234375,38.68761444091797
none,0,881,1.0,0.0,1.0,1.0,1.0,1.0,13.69140625,173.28125,112.80859375,76.33984375,420.09375,323.8046875,0.0,0.0,0.4375,38.35049057006836
none,0,882,1.0,0.0,1.0,1.0,1.0,1.0,13.9453125,172.84375,115.16796875,76.06640625,417.65625,333.0625,0.0,0.0,0.40234375,38.58760070800781
none,0,883,1.0,0.0,1.0,1.0,1.0,1.0,14.28125,174.37109375,113.046875,75.4296875,417.79296875,326.5625,0.0,0.0,0.5,38.87455368041992
none,0,884,1.0,0.0,1.0,1.0,1.0,1.0,13.875,174.38671875,111.03125,75.32421875,420.36328125,320.58984375,0.0,0.0,0.4765625,38.65754318237305
none,0,885,1.0,0.0,1.0,1.0,1.0,1.0,13.62109375,174.29296875,113.03515625,75.1953125,419.046875,326.265625,0.0,0.0,0.42578125,38.838191986083984
none,0,886,1.0,0.0,1.0,1.0,1.0,1.0,13.41796875,173.4609375,113.57421875,75.359375,419.01953125,327.91015625,0.0,0.0,0.41015625,38.727447509765625
none,0,887,1.0,0.0,1.0,1.0,1.0,1.0,13.56640625,174.890625,114.2421875,74.53125,420.84375,331.50390625,0.0,0.0,0.44140625,39.02531051635742
none,0,888,1.0,0.0,1.0,1.0,1.0,1.0,13.28515625,173.1640625,115.49609375,75.59765625,417.859375,333.65234375,0.0,0.0,0.5078125,38.7781867980957
none,0,889,1.0,0.0,1.0,1.0,1.0,1.0,13.6328125,174.12890625,115.0390625,75.48046875,418.921875,331.4765625,0.0,0.0,0.4765625,38.90803146362305
none,0,890,1.0,0.0,1.0,1.0,1.0,1.0,13.4453125,174.6171875,116.82421875,75.59375,419.09765625,337.515625,0.0,0.0,0.3828125,39.229759216308594
none,0,891,1.0,0.0,1.0,1.0,1.0,1.0,13.55859375,173.72265625,115.58984375,76.34765625,417.18359375,333.5625,0.0,0.0,0.484375,38.74610900878906
none,0,892,1.0,0.0,1.0,1.0,1.0,1.0,13.515625,174.62890625,114.91015625,75.25,420.75390625,330.87890625,0.0,0.0,0.4453125,39.17472839355469
none,0,893,1.0,0.0,1.0,1.0,1.0,1.0,13.55078125,174.00390625,116.59765625,74.46875,418.6640625,335.27734375,0.0,0.0,0.39453125,39.142539978027344
none,0,894,1.0,0.0,1.0,1.0,1.0,1.0,13.6484375,175.140625,113.4921875,75.5078125,422.15234375,327.32421875,0.0,0.0,0.49609375,39.045013427734375
none,0,895,1.0,0.0,1.0,1.0,1.0,1.0,13.09375,174.4453125,115.3046875,73.7890625,420.94140625,334.140625,0.0,0.0,0.3984375,39.000267028808594
none,0,896,1.0,0.0,1.0,1.0,1.0,1.0,13.57421875,174.7890625,111.91015625,75.1484375,420.046875,324.328125,0.0,0.0,0.4140625,38.884559631347656
none,0,897,1.0,0.0,1.0,1.0,1.0,1.0,13.41015625,174.65625,113.7109375,74.94140625,420.10546875,325.3828125,0.0,0.0,0.46484375,38.97825622558594
none,0,898,1.0,0.0,1.0,1.0,1.0,1.0,14.01171875,174.640625,115.6328125,76.44140625,418.04296875,329.8671875,0.0,0.0,0.421875,39.22264099121094
none,0,899,1.0,0.0,1.0,1.0,1.0,1.0,14.12109375,175.4921875,114.0,77.28125,419.30859375,326.734375,0.0,0.0,0.4765625,39.10002899169922
none,0,900,1.0,0.0,1.0,1.0,1.0,1.0,13.32421875,174.375,116.47265625,74.46875,416.7109375,334.55859375,0.0,0.0,0.46875,39.23601531982422
none,0,901,1.0,0.0,1.0,1.0,1.0,1.0,13.96484375,175.015625,115.67578125,76.09765625,419.0859375,332.16796875,0.0,0.0,0.4609375,39.28749084472656
none,0,902,1.0,0.0,1.0,1.0,1.0,1.0,13.41015625,175.5859375,114.76953125,74.921875,421.234375,331.6484375,0.0,0.0,0.5,39.164215087890625
none,0,903,1.0,0.0,1.0,1.0,1.0,1.0,13.4765625,175.12890625,116.34765625,75.99609375,418.82421875,335.609375,0.0,0.0,0.421875,39.336971282958984
none,0,904,1.0,0.0,1.0,1.0,1.0,1.0,13.05859375,175.41796875,114.77734375,73.40625,419.06640625,329.3828125,0.0,0.0,0.42578125,39.3325309753418
none,0,905,1.0,0.0,1.0,1.0,1.0,1.0,12.97265625,174.7421875,116.3359375,73.0078125,416.4609375,334.2265625,0.0,0.0,0.50390625,39.25120162963867
none,0,906,1.0,0.0,1.0,1.0,1.0,1.0,13.6015625,175.73046875,115.0625,74.49609375,420.94140625,330.65625,0.0,0.0,0.4921875,39.555904388427734
none,0,907,1.0,0.0,1.0,1.0,1.0,1.0,13.67578125,173.8359375,115.74609375,77.0859375,417.296875,330.91796875,0.0,0.0,0.39453125,38.99447250366211
none,0,908,1.0,0.0,1.0,1.0,1.0,1.0,13.640625,175.2109375,116.57421875,75.58203125,419.79296875,334.32421875,0.0,0.0,0.421875,39.40196228027344
none,0,909,1.0,0.0,1.0,1.0,1.0,1.0,13.5,174.75390625,116.8125,75.54296875,417.78515625,336.609375,0.0,0.0,0.47265625,39.38778305053711
none,0,910,1.0,0.0,1.0,1.0,1.0,1.0,13.91015625,175.55078125,115.41796875,78.80078125,421.53125,332.0,0.0,0.0,0.4296875,39.217628479003906
none,0,911,1.0,0.0,1.0,1.0,1.0,1.0,13.8125,174.65625,115.96484375,74.85546875,417.6484375,331.84765625,0.0,0.0,0.46875,39.12992477416992
none,0,912,1.0,0.0,1.0,1.0,1.0,1.0,13.35546875,175.92578125,115.4296875,75.36328125,420.109375,331.4765625,0.0,0.0,0.43359375,39.71482467651367
none,0,913,1.0,0.0,1.0,1.0,1.0,1.0,12.90234375,176.78515625,117.05078125,73.18359375,422.57421875,335.28515625,0.0,0.0,0.50390625,39.871849060058594
none,0,914,1.0,0.0,1.0,1.0,1.0,1.0,13.06640625,175.83203125,116.8125,74.078125,420.57421875,334.12109375,0.0,0.0,0.4296875,39.534202575683594
none,0,915,1.0,0.0,1.0,1.0,1.0,1.0,12.91015625,176.3671875,115.375,73.609375,421.71875,327.8984375,0.0,0.0,0.453125,39.73139572143555
none,0,916,1.0,0.0,1.0,1.0,1.0,1.0,13.375,176.3125,114.35546875,75.125,421.24609375,326.91015625,0.0,0.0,0.4375,39.63079071044922
none,0,917,1.0,0.0,1.0,1.0,1.0,1.0,13.0234375,176.203125,116.1015625,74.3671875,420.8828125,331.88671875,0.0,0.0,0.40625,39.619686126708984
none,0,918,1.0,0.0,1.0,1.0,1.0,1.0,13.01171875,176.7265625,113.80859375,73.5546875,421.80859375,325.3203125,0.0,0.0,0.46484375,39.530799865722656
none,0,919,1.0,0.0,1.0,1.0,1.0,1.0,12.37890625,176.34765625,116.3828125,71.53515625,420.1875,331.88671875,0.0,0.0,0.4296875,39.71938705444336
none,0,920,1.0,0.0,1.0,1.0,1.0,1.0,12.98046875,176.15234375,117.87109375,73.7734375,418.625,335.9453125,0.0,0.0,0.47265625,39.648494720458984
none,0,921,1.0,0.0,1.0,1.0,1.0,1.0,13.1796875,174.55859375,116.09375,75.29296875,415.98828125,329.7421875,0.0,0.0,0.41796875,39.467464447021484
none,0,922,1.0,0.0,1.0,1.0,1.0,1.0,13.15625,175.5,115.828125,74.31640625,417.66796875,327.171875,0.0,0.0,0.3828125,39.35107421875
none,0,923,1.0,0.0,1.0,1.0,1.0,1.0,13.0234375,175.34765625,118.0390625,74.41796875,416.04296875,333.1015625,0.0,0.0,0.44140625,39.63523483276367
none,0,924,1.0,0.0,1.0,1.0,1.0,1.0,13.51953125,177.06640625,113.1875,77.2265625,421.57421875,321.08203125,0.0,0.0,0.44921875,39.576995849609375
none,0,925,1.0,0.0,1.0,1.0,1.0,1.0,14.109375,177.26953125,117.6875,79.015625,422.21484375,334.00390625,0.0,0.0,0.4375,39.89948272705078
none,0,926,1.0,0.0,1.0,1.0,1.0,1.0,13.37109375,176.3515625,117.7265625,77.53125,417.2734375,332.48046875,0.0,0.0,0.4453125,39.79206848144531
none,0,927,1.0,0.0,1.0,1.0,1.0,1.0,14.1953125,176.609375,119.33984375,80.56640625,419.59375,337.87890625,0.0,0.0,0.5078125,39.75386047363281
none,0,928,1.0,0.0,1.0,1.0,1.0,1.0,13.23828125,175.7265625,118.9765625,75.8671875,416.2265625,335.5390625,0.0,0.0,0.4375,39.87358093261719
none,0,929,1.0,0.0,1.0,1.0,1.0,1.0,13.75390625,175.03515625,116.55078125,76.64453125,416.640625,329.01953125,0.0,0.0,0.36328125,39.43111038208008
none,0,930,1.0,0.0,1.0,1.0,1.0,1.0,13.19140625,176.875,113.859375,74.16796875,420.0078125,321.4609375,0.0,0.0,0.47265625,39.69536209106445
none,0,931,1.0,0.0,1.0,1.0,1.0,1.0,12.875,176.56640625,118.6796875,72.76953125,418.23828125,334.76953125,0.0,0.0,0.45703125,39.977108001708984
none,0,932,1.0,0.0,1.0,1.0,1.0,1.0,12.96484375,176.453125,116.6015625,74.07421875,420.27734375,328.22265625,0.0,0.0,0.359375,39.99110794067383
none,0,933,1.0,0.0,1.0,1.0,1.0,1.0,13.40625,176.6015625,118.48046875,74.7109375,419.69140625,335.2109375,0.0,0.0,0.40234375,39.73430252075195
none,0,934,1.0,0.0,1.0,1.0,1.0,1.0,13.421875,176.78515625,119.15625,75.9296875,418.87890625,338.55078125,0.0,0.0,0.3984375,39.97969436645508
none,0,935,1.0,0.0,1.0,1.0,1.0,1.0,13.9765625,176.50390625,118.53125,77.5390625,418.80859375,334.23828125,0.0,0.0,0.3828125,39.953914642333984
none,0,936,1.0,0.0,1.0,1.0,1.0,1.0,13.8203125,175.64453125,119.62109375,77.34375,417.51171875,337.9296875,0.0,0.0,0.40625,39.84281921386719
none,0,937,1.0,0.0,1.0,1.0,1.0,1.0,13.55859375,176.19921875,120.4375,75.94921875,416.265625,340.015625,0.0,0.0,0.4375,39.982093811035156
none,0,938,1.0,0.0,1.0,1.0,1.0,1.0,13.08203125,176.45703125,118.37890625,74.98828125,416.6328125,336.59765625,0.0,0.0,0.5078125,40.07251739501953
none,0,939,1.0,0.0,1.0,1.0,1.0,1.0,13.11328125,176.78125,118.52734375,74.703125,416.8203125,334.45703125,0.0,0.0,0.53515625,40.130271911621094
none,0,940,1.0,0.0,1.0,1.0,1.0,1.0,13.18359375,177.43359375,116.43359375,74.69140625,417.9453125,327.1171875,0.0,0.0,0.44921875,40.102779388427734
none,0,941,1.0,0.0,1.0,1.0,1.0,1.0,12.671875,177.7265625,119.359375,72.49609375,419.08984375,335.6796875,0.0,0.0,0.43359375,40.40058517456055
none,0,942,1.0,0.0,1.0,1.0,1.0,1.0,12.73046875,177.35546875,116.1796875,73.2265625,419.51171875,327.203125,0.0,0.0,0.34375,40.041053771972656
none,0,943,1.0,0.0,1.0,1.0,1.0,1.0,13.0859375,177.09375,120.0,74.72265625,419.1484375,336.34375,0.0,0.0,0.37890625,40.2669792175293
none,0,944,1.0,0.0,1.0,1.0,1.0,1.0,12.890625,177.24609375,118.66796875,74.48828125,419.92578125,334.15234375,0.0,0.0,0.4453125,40.37721633911133
none,0,945,1.0,0.0,1.0,1.0,1.0,1.0,12.98046875,178.21484375,119.2265625,75.94140625,422.8125,336.06640625,0.0,0.0,0.39453125,40.63533020019531
none,0,946,1.0,0.0,1.0,1.0,1.0,1.0,13.40234375,178.30859375,117.3046875,76.7421875,421.57421875,330.453125,0.0,0.0,0.43359375,40.447410583496094
none,0,947,1.0,0.0,1.0,1.0,1.0,1.0,12.828125,177.03125,118.6328125,74.390625,419.90625,335.6875,0.0,0.0,0.43359375,40.34218978881836
none,0,948,1.0,0.0,1.0,1.0,1.0,1.0,13.23828125,177.66015625,118.125,76.1015625,420.15234375,332.7265625,0.0,0.0,0.45703125,40.23664093017578
none,0,949,1.0,0.0,1.0,1.0,1.0,1.0,12.94140625,177.3359375,117.6953125,74.515625,420.02734375,329.734375,0.0,0.0,0.41796875,40.43949508666992
none,0,950,1.0,0.0,1.0,1.0,1.0,1.0,12.84765625,178.328125,118.859375,73.12109375,420.57421875,334.30859375,0.0,0.0,0.41796875,40.46048355102539
none,0,951,1.0,0.0,1.0,1.0,1.0,1.0,12.8046875,176.26171875,119.4765625,74.66796875,415.30078125,336.375,0.0,0.0,0.44140625,40.007728576660156
none,0,952,1.0,0.0,1.0,1.0,1.0,1.0,12.98828125,178.92578125,117.31640625,75.06640625,420.83203125,330.41796875,0.0,0.0,0.4609375,40.58967208862305
none,0,953,1.0,0.0,1.0,1.0,1.0,1.0,12.68359375,177.2890625,115.8046875,74.42578125,420.96875,325.60546875,0.0,0.0,0.45703125,40.065032958984375
none,0,954,1.0,0.0,1.0,1.0,1.0,1.0,12.6484375,178.16015625,118.73828125,74.0625,420.96875,335.2734375,0.0,0.0,0.38671875,40.52947235107422
none,0,955,1.0,0.0,1.0,1.0,1.0,1.0,12.69921875,177.36328125,119.58203125,74.44921875,417.859375,338.296875,0.0,0.0,0.44921875,40.52218246459961
none,0,956,1.0,0.0,1.0,1.0,1.0,1.0,13.0,179.29296875,119.03125,75.765625,422.25,336.0234375,0.0,0.0,0.3984375,40.85776138305664
none,0,957,1.0,0.0,1.0,1.0,1.0,1.0,13.04296875,177.296875,119.2421875,76.36328125,417.3515625,336.6171875,0.0,0.0,0.37890625,40.29508590698242
none,0,958,1.0,0.0,1.0,1.0,1.0,1.0,12.8671875,177.859375,118.41015625,74.453125,419.3203125,333.70703125,0.0,0.0,0.421875,40.326820373535156
none,0,959,1.0,0.0,1.0,1.0,1.0,1.0,13.50390625,178.3125,118.81640625,76.34375,420.5390625,334.4296875,0.0,0.0,0.4140625,40.6827392578125
none,0,960,1.0,0.0,1.0,1.0,1.0,1.0,13.0,177.859375,118.1953125,75.55078125,418.4453125,330.81640625,0.0,0.0,0.39453125,40.45950698852539
none,0,961,1.0,0.0,1.0,1.0,1.0,1.0,13.26953125,177.23046875,120.0859375,76.30859375,417.25,336.3125,0.0,0.0,0.4296875,40.27233123779297
none,0,962,1.0,0.0,1.0,1.0,1.0,1.0,13.83984375,177.4765625,121.3359375,79.0859375,417.6015625,339.99609375,0.0,0.0,0.41015625,40.4315299987793
none,0,963,1.0,0.0,1.0,1.0,1.0,1.0,13.66796875,178.7578125,119.390625,78.50390625,420.0703125,336.40625,0.0,0.0,0.46875,40.62226867675781
none,0,964,1.0,0.0,1.0,1.0,1.0,1.0,13.6953125,179.13671875,119.390625,77.58203125,421.4921875,335.703125,0.0,0.0,0.40625,40.622406005859375
none,0,965,1.0,0.0,1.0,1.0,1.0,1.0,13.359375,177.3046875,119.546875,75.98828125,417.515625,335.453125,0.0,0.0,0.34765625,40.342445373535156
none,0,966,1.0,0.0,1.0,1.0,1.0,1.0,13.015625,178.37890625,118.77734375,75.484375,419.31640625,333.328125,0.0,0.0,0.37109375,40.53289794921875
none,0,967,1.0,0.0,1.0,1.0,1.0,1.0,12.7109375,178.75,120.28125,75.375,420.7890625,335.69921875,0.0,0.0,0.3828125,40.852108001708984
none,0,968,1.0,0.0,1.0,1.0,1.0,1.0,12.75,178.3046875,119.859375,74.9609375,418.30859375,335.02734375,0.0,0.0,0.33203125,40.5034294128418
none,0,969,1.0,0.0,1.0,1.0,1.0,1.0,13.01171875,178.87890625,117.4921875,75.67578125,420.86328125,328.16015625,0.0,0.0,0.4140625,40.521575927734375
none,0,970,1.0,0.0,1.0,1.0,1.0,1.0,13.28125,178.5546875,121.07421875,76.2890625,420.00390625,334.34375,0.0,0.0,0.4296875,40.596500396728516
none,0,971,1.0,0.0,1.0,1.0,1.0,1.0,12.32421875,179.5859375,118.82421875,73.60546875,421.46875,329.20703125,0.0,0.0,0.3203125,40.96671676635742
none,0,972,1.0,0.0,1.0,1.0,1.0,1.0,12.78125,179.44140625,120.85546875,76.48046875,420.10546875,335.01953125,0.0,0.0,0.421875,40.96552276611328
none,0,973,1.0,0.0,1.0,1.0,1.0,1.0,12.8046875,179.34375,119.3359375,76.4375,421.60546875,331.83203125,0.0,0.0,0.4375,40.709075927734375
none,0,974,1.0,0.0,1.0,1.0,1.0,1.0,12.32421875,179.109375,119.2578125,72.69140625,420.234375,329.796875,0.0,0.0,0.4453125,40.861419677734375
none,0,975,1.0,0.0,1.0,1.0,1.0,1.0,12.734375,178.26171875,120.69140625,74.265625,416.5859375,334.734375,0.0,0.0,0.4375,40.86273956298828
none,0,976,1.0,0.0,1.0,1.0,1.0,1.0,12.4765625,177.73046875,120.55859375,75.05859375,415.1328125,337.3125,0.0,0.0,0.359375,40.459686279296875
none,0,977,1.0,0.0,1.0,1.0,1.0,1.0,13.375,179.3203125,119.8203125,78.65234375,420.8984375,333.609375,0.0,0.0,0.37109375,41.06241989135742
none,0,978,1.0,0.0,1.0,1.0,1.0,1.0,13.05859375,178.62109375,120.26171875,76.87890625,418.17578125,335.15625,0.0,0.0,0.4375,40.85386657714844
none,0,979,1.0,0.0,1.0,1.0,1.0,1.0,13.94140625,179.23828125,119.4609375,80.12890625,419.2265625,332.75390625,0.0,0.0,0.4140625,40.83687973022461
none,0,980,1.0,0.0,1.0,1.0,1.0,1.0,14.0546875,178.5546875,120.55859375,79.09375,418.30859375,336.75390625,0.0,0.0,0.390625,40.81537628173828
none,0,981,1.0,0.0,1.0,1.0,1.0,1.0,13.48828125,177.92578125,121.66796875,77.29296875,417.8203125,339.3046875,0.0,0.0,0.40234375,40.77370834350586
none,0,982,1.0,0.0,1.0,1.0,1.0,1.0,13.390625,178.7578125,120.9375,77.26171875,418.671875,336.15234375,0.0,0.0,0.43359375,40.84761047363281
none,0,983,1.0,0.0,1.0,1.0,1.0,1.0,12.8125,178.24609375,119.4296875,76.5859375,417.140625,333.4453125,0.0,0.0,0.41015625,40.5449333190918
none,0,984,1.0,0.0,1.0,1.0,1.0,1.0,13.05078125,179.51953125,121.90625,77.08203125,419.75390625,340.28515625,0.0,0.0,0.44140625,41.12886047363281
none,0,985,1.0,0.0,1.0,1.0,1.0,1.0,13.26171875,179.37109375,118.87109375,78.08203125,421.0234375,330.80078125,0.0,0.0,0.41015625,40.98977279663086
none,0,986,1.0,0.0,1.0,1.0,1.0,1.0,13.09765625,179.8359375,119.67578125,76.5390625,421.65625,331.84375,0.0,0.0,0.44140625,41.229652404785156
none,0,987,1.0,0.0,1.0,1.0,1.0,1.0,13.05078125,177.765625,118.69140625,77.54296875,416.05859375,329.56640625,0.0,0.0,0.43359375,40.595558166503906
none,0,988,1.0,0.0,1.0,1.0,1.0,1.0,13.484375,179.16015625,121.2421875,78.5390625,417.46875,334.6171875,0.0,0.0,0.42578125,41.058372497558594
none,0,989,1.0,0.0,1.0,1.0,1.0,1.0,12.72265625,178.88671875,120.3046875,74.98828125,416.87890625,330.80859375,0.0,0.0,0.34765625,40.9560661315918
none,0,990,1.0,0.0,1.0,1.0,1.0,1.0,13.52734375,178.53125,122.4765625,77.5859375,415.20703125,335.4375,0.0,0.0,0.421875,41.10218811035156
none,0,991,1.0,0.0,1.0,1.0,1.0,1.0,12.78515625,178.9453125,123.17578125,75.63671875,416.66015625,336.7109375,0.0,0.0,0.43359375,41.25413131713867
none,0,992,1.0,0.0,1.0,1.0,1.0,1.0,12.625,178.2265625,122.0390625,75.00390625,413.828125,336.03515625,0.0,0.0,0.39453125,40.975364685058594
none,0,993,1.0,0.0,1.0,1.0,1.0,1.0,12.19921875,180.3125,121.10546875,73.46875,419.0078125,331.83984375,0.0,0.0,0.40625,41.21302795410156
none,0,994,1.0,0.0,1.0,1.0,1.0,1.0,12.390625,180.69140625,121.1171875,73.25,418.76171875,332.2890625,0.0,0.0,0.39453125,41.458412170410156
none,0,995,1.0,0.0,1.0,1.0,1.0,1.0,12.15625,179.734375,121.8671875,72.34765625,418.0859375,334.4296875,0.0,0.0,0.40234375,41.40673828125
none,0,996,1.0,0.0,1.0,1.0,1.0,1.0,13.015625,180.32421875,122.87890625,75.15625,418.69140625,339.5078125,0.0,0.0,0.453125,41.30146789550781
none,0,997,1.0,0.0,1.0,1.0,1.0,1.0,12.8125,180.6796875,118.69140625,75.58984375,419.16015625,326.47265625,0.0,0.0,0.3828125,41.191951751708984
none,0,998,1.0,0.0,1.0,1.0,1.0,1.0,12.5625,179.01953125,122.40625,74.26171875,414.9140625,337.29296875,0.0,0.0,0.44921875,41.18110656738281
none,0,999,1.0,0.0,1.0,1.0,1.0,1.0,12.2890625,180.796875,121.76953125,73.484375,417.69140625,337.69140625,0.0,0.0,0.43359375,41.43447494506836
none,1,0,1.0,0.0,1.0,1.0,1.0,1.0,32.546875,31.671875,32.70703125,254.98828125,257.41796875,252.20703125,0.0,0.0,23.87109375,-5.220033645629883
none,1,1,1.0,0.0,1.0,1.0,1.0,1.0,33.15625,32.703125,34.1484375,248.5625,260.46875,254.55859375,0.0,0.0,23.83203125,-5.084298133850098
none,1,2,1.0,0.0,1.0,1.0,1.0,1.0,35.17578125,34.30078125,35.3828125,250.28515625,257.2734375,255.1328125,0.0,0.0,23.77734375,-4.937445640563965
none,1,3,1.0,0.0,1.0,1.0,1.0,1.0,34.98046875,36.0625,36.58203125,245.40234375,258.34375,249.69140625,0.0,0.0,23.35546875,-4.456615447998047
none,1,4,1.0,0.0,1.0,1.0,1.0,1.0,35.65625,38.69140625,36.5625,237.84375,266.06640625,243.76171875,0.0,0.0,22.69140625,-3.9737071990966797
none,1,5,1.0,0.0,1.0,1.0,1.0,1.0,36.65625,39.59375,38.40625,238.59765625,262.91015625,243.875,0.0,0.0,22.16015625,-3.707961082458496
none,1,6,1.0,0.0,1.0,1.0,1.0,1.0,38.125,41.32421875,40.6484375,237.6015625,262.515625,247.3984375,0.0,0.0,21.14453125,-3.1423544883728027
none,1,7,1.0,0.0,1.0,1.0,1.0,1.0,38.9453125,43.50390625,41.83203125,235.203125,268.5859375,245.38671875,0.0,0.0,21.09765625,-2.9464595317840576
none,1,8,1.0,0.0,1.0,1.0,1.0,1.0,40.46484375,45.5546875,42.81640625,234.0859375,271.359375,242.75,0.0,0.0,20.72265625,-2.57258939743042
none,1,9,1.0,0.0,1.0,1.0,1.0,1.0,41.3828125,46.35546875,44.33984375,231.2421875,267.9296875,241.9453125,0.0,0.0,20.22265625,-2.27917742729187
none,1,10,1.0,0.0,1.0,1.0,1.0,1.0,43.8515625,49.38671875,45.1328125,233.37890625,279.29296875,234.21484375,0.0,0.0,20.4453125,-2.1174397468566895
none,1,11,1.0,0.0,1.0,1.0,1.0,1.0,44.72265625,49.4375,46.16015625,232.046875,276.7109375,234.80859375,0.0,0.0,20.21875,-1.8825342655181885
none,1,12,1.0,0.0,1.0,1.0,1.0,1.0,45.765625,50.69921875,48.34765625,230.27734375,276.12109375,244.65625,0.0,0.0,19.69921875,-1.574690580368042
none,1,13,1.0,0.0,1.0,1.0,1.0,1.0,46.0703125,53.45703125,50.0859375,228.796875,281.55078125,242.4921875,0.0,0.0,19.19140625,-0.9246641397476196
none,1,14,1.0,0.0,1.0,1.0,1.0,1.0,48.0546875,55.1171875,49.73046875,228.5234375,281.76953125,235.94921875,0.0,0.0,19.27734375,-0.7578243017196655
none,1,15,1.0,0.0,1.0,1.0,1.0,1.0,48.5546875,56.37109375,50.6171875,225.58984375,282.890625,237.0546875,0.0,0.0,19.140625,-0.8042444586753845
none,1,16,1.0,0.0,1.0,1.0,1.0,1.0,48.73828125,57.56640625,52.6484375,220.16015625,280.6640625,242.2265625,0.0,0.0,19.12890625,-0.1848992556333542
none,1,17,1.0,0.0,1.0,1.0,1.0,1.0,50.8203125,60.5859375,52.29296875,224.7578125,287.11328125,231.94140625,0.0,0.0,18.828125,-0.07019583880901337
none,1,18,1.0,0.0,1.0,1.0,1.0,1.0,50.4375,62.30078125,53.37890625,215.08203125,286.140625,236.44921875,0.0,0.0,19.10546875,0.23418331146240234
none,1,19,1.0,0.0,1.0,1.0,1.0,1.0,52.1640625,63.5390625,54.91015625,222.19921875,283.4609375,237.2421875,0.0,0.0,18.73828125,0.40354180335998535
none,1,20,1.0,0.0,1.0,1.0,1.0,1.0,52.09765625,66.80859375,56.14453125,216.7890625,286.890625,237.75390625,0.0,0.0,18.5390625,1.2264997959136963
none,1,21,1.0,0.0,1.0,1.0,1.0,1.0,52.359375,67.93359375,56.76953125,215.46875,284.41015625,235.37890625,0.0,0.0,18.17578125,1.5424154996871948
none,1,22,1.0,0.0,1.0,1.0,1.0,1.0,53.09375,69.2890625,58.2109375,213.46484375,279.94140625,237.99609375,0.0,0.0,18.12109375,1.7127642631530762
none,1,23,1.0,0.0,1.0,1.0,1.0,1.0,53.59765625,71.09375,57.5703125,210.7421875,279.796875,231.83203125,0.0,0.0,17.640625,1.9938029050827026
none,1,24,1.0,0.0,1.0,1.0,1.0,1.0,53.1796875,72.9609375,57.72265625,210.78515625,279.78125,226.25390625,0.0,0.0,17.64453125,2.3847718238830566
none,1,25,1.0,0.0,1.0,1.0,1.0,1.0,53.1015625,74.50390625,58.125,206.515625,280.81640625,225.27734375,0.0,0.0,17.59375,2.737169027328491
none,1,26,1.0,0.0,1.0,1.0,1.0,1.0,52.32421875,76.17578125,59.2109375,201.31640625,281.125,223.80078125,0.0,0.0,17.4453125,3.2355029582977295
none,1,27,1.0,0.0,1.0,1.0,1.0,1.0,52.25390625,76.765625,60.21875,200.0625,277.22265625,227.52734375,0.0,0.0,17.1484375,3.3499441146850586
none,1,28,1.0,0.0,1.0,1.0,1.0,1.0,52.453125,79.8359375,60.765625,197.8515625,283.12890625,224.65625,0.0,0.0,16.62890625,4.083955764770508
none,1,29,1.0,0.0,1.0,1.0,1.0,1.0,53.0703125,80.3359375,60.08203125,197.0078125,281.3671875,220.33984375,0.0,0.0,16.41796875,4.027959823608398
none,1,30,1.0,0.0,1.0,1.0,1.0,1.0,52.0859375,81.79296875,60.50390625,191.765625,281.765625,217.30078125,0.0,0.0,16.33984375,4.565371513366699
none,1,31,1.0,0.0,1.0,1.0,1.0,1.0,52.234375,83.5078125,61.0,191.609375,287.109375,217.25,0.0,0.0,15.93359375,4.956255912780762
none,1,32,1.0,0.0,1.0,1.0,1.0,1.0,51.56640625,84.17578125,63.4921875,187.234375,286.296875,224.7578125,0.0,0.0,15.58984375,5.568140983581543
none,1,33,1.0,0.0,1.0,1.0,1.0,1.0,51.03515625,84.4453125,62.28515625,187.00390625,282.8359375,219.69921875,0.0,0.0,15.78125,5.353000640869141
none,1,34,1.0,0.0,1.0,1.0,1.0,1.0,50.99609375,84.41796875,62.37890625,183.56640625,282.359375,219.13671875,0.0,0.0,15.3984375,5.410655975341797
none,1,35,1.0,0.0,1.0,1.0,1.0,1.0,51.671875,84.58203125,62.86328125,184.74609375,282.31640625,219.3515625,0.0,0.0,15.2578125,5.428591728210449
none,1,36,1.0,0.0,1.0,1.0,1.0,1.0,51.7734375,84.2265625,64.05859375,185.859375,278.10546875,223.828125,0.0,0.0,14.93359375,5.477775573730469
none,1,37,1.0,0.0,1.0,1.0,1.0,1.0,50.9375,84.53515625,65.7421875,182.828125,281.34375,228.2265625,0.0,0.0,14.796875,5.967891693115234
none,1,38,1.0,0.0,1.0,1.0,1.0,1.0,51.18359375,85.73046875,64.19140625,181.94921875,282.625,221.11328125,0.0,0.0,14.765625,5.792357921600342
none,1,39,1.0,0.0,1.0,1.0,1.0,1.0,50.97265625,86.5703125,64.3046875,181.734375,285.29296875,222.546875,0.0,0.0,15.12109375,6.094952583312988
none,1,40,1.0,0.0,1.0,1.0,1.0,1.0,50.89453125,86.35546875,64.5390625,181.89453125,284.12890625,225.26953125,0.0,0.0,14.49609375,5.935483932495117
none,1,41,1.0,0.0,1.0,1.0,1.0,1.0,50.953125,87.03515625,64.23046875,179.703125,288.015625,221.234375,0.0,0.0,14.97265625,6.158092498779297
none,1,42,1.0,0.0,1.0,1.0,1.0,1.0,51.37109375,87.80078125,64.5703125,181.75390625,288.73828125,222.05859375,0.0,0.0,14.5390625,6.195962429046631
none,1,43,1.0,0.0,1.0,1.0,1.0,1.0,50.6328125,88.5859375,64.6953125,181.078125,291.296875,224.1796875,0.0,0.0,14.48828125,6.555572509765625
none,1,44,1.0,0.0,1.0,1.0,1.0,1.0,51.05078125,87.1484375,65.20703125,181.34375,286.4921875,225.87109375,0.0,0.0,14.4375,6.249688625335693
none,1,45,1.0,0.0,1.0,1.0,1.0,1.0,50.4921875,87.5234375,65.4609375,178.84375,287.390625,225.98046875,0.0,0.0,14.32421875,6.528334617614746
none,1,46,1.0,0.0,1.0,1.0,1.0,1.0,51.35546875,85.95703125,67.1640625,182.359375,282.296875,233.71875,0.0,0.0,14.09375,6.3057379722595215
none,1,47,1.0,0.0,1.0,1.0,1.0,1.0,50.24609375,87.6484375,65.54296875,178.53125,285.30078125,226.953125,0.0,0.0,13.984375,6.50758171081543
none,1,48,1.0,0.0,1.0,1.0,1.0,1.0,50.8359375,87.55859375,65.96875,179.41796875,286.8203125,230.39453125,0.0,0.0,13.6875,6.645939826965332
none,1,49,1.0,0.0,1.0,1.0,1.0,1.0,51.6328125,87.54296875,65.89453125,182.37109375,284.046875,230.4375,0.0,0.0,14.0078125,6.390497207641602
none,1,50,1.0,0.0,1.0,1.0,1.0,1.0,50.5703125,87.8515625,64.8984375,180.63671875,286.76171875,227.43359375,0.0,0.0,13.8828125,6.4740095138549805
none,1,51,1.0,0.0,1.0,1.0,1.0,1.0,51.203125,86.640625,66.5859375,181.46875,281.5,234.17578125,0.0,0.0,14.1484375,6.334685325622559
none,1,52,1.0,0.0,1.0,1.0,1.0,1.0,51.3125,86.34765625,66.203125,184.9453125,280.93359375,231.58984375,0.0,0.0,13.6875,6.290465354919434
none,1,53,1.0,0.0,1.0,1.0,1.0,1.0,50.1640625,86.04296875,65.7890625,179.32421875,282.09765625,234.5625,0.0,0.0,13.6171875,6.254839897155762
none,1,54,1.0,0.0,1.0,1.0,1.0,1.0,50.3203125,86.5546875,67.33984375,179.953125,282.17578125,237.66796875,0.0,0.0,13.33984375,6.571383953094482
none,1,55,1.0,0.0,1.0,1.0,1.0,1.0,51.04296875,87.56640625,67.09765625,183.734375,284.80078125,237.4296875,0.0,0.0,13.3671875,6.888932228088379
none,1,56,1.0,0.0,1.0,1.0,1.0,1.0,51.17578125,86.0078125,68.00390625,183.54296875,279.66796875,240.98046875,0.0,0.0,13.30859375,6.382890224456787
none,1,57,1.0,0.0,1.0,1.0,1.0,1.0,51.61328125,85.51953125,67.4609375,186.09375,280.18359375,239.2890625,0.0,0.0,13.3828125,6.094011306762695
none,1,58,1.0,0.0,1.0,1.0,1.0,1.0,50.1015625,87.1875,67.82421875,181.25390625,284.2734375,239.99609375,0.0,0.0,13.22265625,6.770462989807129
none,1,59,1.0,0.0,1.0,1.0,1.0,1.0,50.296875,86.99609375,67.23046875,180.7265625,283.13671875,237.14453125,0.0,0.0,12.91796875,6.783072471618652
none,1,60,1.0,0.0,1.0,1.0,1.0,1.0,50.9140625,86.13671875,68.4296875,186.078125,281.02734375,240.47265625,0.0,0.0,13.375,6.642404556274414
none,1,61,1.0,0.0,1.0,1.0,1.0,1.0,50.3515625,86.62109375,68.34765625,182.1484375,281.84375,240.2421875,0.0,0.0,12.59765625,6.817863464355469
none,1,62,1.0,0.0,1.0,1.0,1.0,1.0,50.78515625,85.3046875,67.390625,184.546875,279.1953125,235.4140625,0.0,0.0,13.00390625,6.60922908782959
none,1,63,1.0,0.0,1.0,1.0,1.0,1.0,50.8828125,85.64453125,68.00390625,184.88671875,280.8125,237.83984375,0.0,0.0,12.7734375,6.498846054077148
none,1,64,1.0,0.0,1.0,1.0,1.0,1.0,51.90234375,86.46484375,67.19140625,188.40234375,282.578125,233.42578125,0.0,0.0,12.4453125,6.431731224060059
none,1,65,1.0,0.0,1.0,1.0,1.0,1.0,51.203125,84.83984375,68.96875,186.890625,277.69140625,241.8515625,0.0,0.0,12.53125,6.5690107345581055
none,1,66,1.0,0.0,1.0,1.0,1.0,1.0,51.140625,84.91015625,68.3828125,187.1171875,276.77734375,240.37890625,0.0,0.0,12.5234375,6.540091514587402
none,1,67,1.0,0.0,1.0,1.0,1.0,1.0,51.2421875,84.69140625,68.828125,189.94140625,279.01953125,240.9453125,0.0,0.0,12.3046875,6.492644309997559
none,1,68,1.0,0.0,1.0,1.0,1.0,1.0,50.53125,84.65625,68.89453125,186.1484375,276.8515625,242.65625,0.0,0.0,12.43359375,6.542884826660156
none,1,69,1.0,0.0,1.0,1.0,1.0,1.0,50.2421875,83.76953125,68.5546875,185.9921875,275.41015625,239.82421875,0.0,0.0,12.6796875,6.50131893157959
none,1,70,1.0,0.0,1.0,1.0,1.0,1.0,49.81640625,84.890625,68.546875,182.5859375,279.6328125,242.0859375,0.0,0.0,12.44921875,6.830516815185547
none,1,71,1.0,0.0,1.0,1.0,1.0,1.0,49.7265625,83.9296875,69.61328125,183.484375,278.359375,243.43359375,0.0,0.0,12.35546875,6.7548675537109375
none,1,72,1.0,0.0,1.0,1.0,1.0,1.0,49.12109375,85.9765625,69.24609375,181.75,282.23828125,241.87109375,0.0,0.0,12.29296875,7.204607009887695
none,1,73,1.0,0.0,1.0,1.0,1.0,1.0,50.375,84.1171875,68.16796875,186.26171875,277.05859375,239.16796875,0.0,0.0,12.05859375,6.646125793457031
none,1,74,1.0,0.0,1.0,1.0,1.0,1.0,49.55078125,85.71484375,68.31640625,184.34765625,281.60546875,240.09375,0.0,0.0,12.3125,7.092179298400879
none,1,75,1.0,0.0,1.0,1.0,1.0,1.0,49.80078125,85.51953125,68.51171875,183.84375,279.6875,240.8984375,0.0,0.0,11.890625,6.917344570159912
none,1,76,1.0,0.0,1.0,1.0,1.0,1.0,49.765625,85.5546875,68.1640625,184.921875,278.8046875,239.5546875,0.0,0.0,12.0546875,6.7419843673706055
none,1,77,1.0,0.0,1.0,1.0,1.0,1.0,49.5859375,86.078125,67.703125,184.04296875,282.84765625,239.19921875,0.0,0.0,12.1484375,6.95692777633667
none,1,78,1.0,0.0,1.0,1.0,1.0,1.0,49.01171875,86.484375,68.87890625,182.89453125,284.09375,241.671875,0.0,0.0,12.0390625,7.323300361633301
none,1,79,1.0,0.0,1.0,1.0,1.0,1.0,49.1171875,87.328125,68.10546875,181.11328125,286.08203125,238.69921875,0.0,0.0,12.1796875,7.44173526763916
none,1,80,1.0,0.0,1.0,1.0,1.0,1.0,49.296875,87.80859375,69.55859375,182.08984375,285.7109375,246.36328125,0.0,0.0,11.8671875,7.777441024780273
none,1,81,1.0,0.0,1.0,1.0,1.0,1.0,49.453125,87.77734375,69.921875,182.58203125,286.60546875,245.578125,0.0,0.0,12.05859375,7.660621643066406
none,1,82,1.0,0.0,1.0,1.0,1.0,1.0,49.44921875,88.01171875,70.078125,184.01953125,286.27734375,247.12109375,0.0,0.0,12.10546875,7.716311931610107
none,1,83,1.0,0.0,1.0,1.0,1.0,1.0,49.58203125,88.046875,70.078125,182.91015625,286.5,245.46484375,0.0,0.0,12.26171875,7.637903213500977
none,1,84,1.0,0.0,1.0,1.0,1.0,1.0,49.1015625,87.6640625,70.625,182.9296875,285.44140625,246.48046875,0.0,0.0,11.91796875,7.956839561462402
none,1,85,1.0,0.0,1.0,1.0,1.0,1.0,49.41015625,89.5859375,69.87890625,182.609375,290.140625,243.109375,0.0,0.0,12.234375,7.972271919250488
none,1,86,1.0,0.0,1.0,1.0,1.0,1.0,48.18359375,89.55078125,68.78125,178.90625,291.32421875,242.40625,0.0,0.0,12.10546875,8.083553314208984
none,1,87,1.0,0.0,1.0,1.0,1.0,1.0,49.5703125,89.1328125,72.0703125,181.921875,287.296875,251.015625,0.0,0.0,11.44921875,8.384797096252441
none,1,88,1.0,0.0,1.0,1.0,1.0,1.0,49.56640625,89.1171875,70.5546875,181.83203125,291.40625,245.25,0.0,0.0,12.27734375,8.06192684173584
none,1,89,1.0,0.0,1.0,1.0,1.0,1.0,49.12890625,90.17578125,69.625,180.109375,292.85546875,242.35546875,0.0,0.0,11.72265625,8.384054183959961
none,1,90,1.0,0.0,1.0,1.0,1.0,1.0,48.6328125,91.78515625,70.39453125,180.88671875,297.13671875,242.50390625,0.0,0.0,11.96484375,8.850189208984375
none,1,91,1.0,0.0,1.0,1.0,1.0,1.0,48.77734375,91.58203125,69.67578125,181.11328125,296.96875,241.33203125,0.0,0.0,11.81640625,8.438746452331543
none,1,92,1.0,0.0,1.0,1.0,1.0,1.0,49.04296875,91.58984375,71.109375,181.05859375,295.640625,245.4375,0.0,0.0,11.54296875,8.692438125610352
none,1,93,1.0,0.0,1.0,1.0,1.0,1.0,49.43359375,91.0390625,70.703125,184.5078125,294.828125,245.83984375,0.0,0.0,12.05078125,8.565324783325195
none,1,94,1.0,0.0,1.0,1.0,1.0,1.0,49.51953125,90.921875,69.9765625,182.5546875,296.44140625,240.78125,0.0,0.0,12.15625,8.50160026550293
none,1,95,1.0,0.0,1.0,1.0,1.0,1.0,49.69140625,89.8046875,69.08203125,183.91796875,294.32421875,239.6015625,0.0,0.0,12.1328125,8.230552673339844
none,1,96,1.0,0.0,1.0,1.0,1.0,1.0,48.15234375,91.7265625,69.63671875,180.54296875,298.6796875,239.0703125,0.0,0.0,12.19921875,8.719793319702148
none,1,97,1.0,0.0,1.0,1.0,1.0,1.0,48.3046875,91.890625,69.546875,178.57421875,300.36328125,240.19921875,0.0,0.0,11.5859375,8.827353477478027
none,1,98,1.0,0.0,1.0,1.0,1.0,1.0,48.51171875,92.08203125,70.04296875,181.15234375,299.41015625,241.1875,0.0,0.0,11.55859375,9.081417083740234
none,1,99,1.0,0.0,1.0,1.0,1.0,1.0,48.9375,92.1796875,69.23046875,183.69921875,299.4375,238.7109375,0.0,0.0,11.8046875,8.771211624145508
none,1,100,1.0,0.0,1.0,1.0,1.0,1.0,47.3203125,92.640625,69.83984375,176.7265625,301.234375,242.06640625,0.0,0.0,11.796875,9.104588508605957
none,1,101,1.0,0.0,1.0,1.0,1.0,1.0,48.2734375,91.52734375,70.390625,179.46484375,299.4140625,242.98046875,0.0,0.0,11.4765625,8.977766990661621
none,1,102,1.0,0.0,1.0,1.0,1.0,1.0,47.7890625,91.5546875,71.09375,179.359375,297.22265625,245.01953125,0.0,0.0,11.46484375,8.951860427856445
none,1,103,1.0,0.0,1.0,1.0,1.0,1.0,46.24609375,93.51171875,71.94140625,173.28515625,303.234375,247.62109375,0.0,0.0,11.3203125,9.678431510925293
none,1,104,1.0,0.0,1.0,1.0,1.0,1.0,46.65625,92.97265625,71.23828125,173.703125,300.19140625,245.79296875,0.0,0.0,11.484375,9.380797386169434
none,1,105,1.0,0.0,1.0,1.0,1.0,1.0,46.1328125,92.68359375,71.45703125,171.8203125,301.6875,245.96875,0.0,0.0,11.62109375,9.388030052185059
none,1,106,1.0,0.0,1.0,1.0,1.0,1.0,45.6796875,93.8203125,70.65234375,170.0390625,302.25,243.64453125,0.0,0.0,11.546875,9.658914566040039
none,1,107,1.0,0.0,1.0,1.0,1.0,1.0,46.32421875,93.625,71.359375,172.87890625,300.4921875,247.33984375,0.0,0.0,11.44140625,9.78329849243164
none,1,108,1.0,0.0,1.0,1.0,1.0,1.0,46.5625,93.0625,71.80859375,172.52734375,298.296875,247.703125,0.0,0.0,11.14453125,9.747514724731445
none,1,109,1.0,0.0,1.0,1.0,1.0,1.0,46.63671875,94.25390625,68.80859375,173.58984375,302.265625,236.328125,0.0,0.0,11.12109375,9.628316879272461
none,1,110,1.0,0.0,1.0,1.0,1.0,1.0,45.97265625,94.1328125,70.69921875,171.078125,302.66015625,241.1328125,0.0,0.0,11.109375,9.727286338806152
none,1,111,1.0,0.0,1.0,1.0,1.0,1.0,46.3203125,93.5078125,71.578125,171.0390625,299.5546875,242.9453125,0.0,0.0,11.1328125,9.882865905761719
none,1,112,1.0,0.0,1.0,1.0,1.0,1.0,47.15625,94.20703125,70.70703125,171.87890625,300.5546875,241.6171875,0.0,0.0,11.13671875,9.730433464050293
none,1,113,1.0,0.0,1.0,1.0,1.0,1.0,45.875,93.66796875,72.3046875,170.19921875,299.7109375,245.09765625,0.0,0.0,10.99609375,10.06399154663086
none,1,114,1.0,0.0,1.0,1.0,1.0,1.0,45.7421875,94.6015625,72.69921875,169.421875,301.140625,245.890625,0.0,0.0,10.8984375,10.363905906677246
none,1,115,1.0,0.0,1.0,1.0,1.0,1.0,45.30078125,93.75390625,73.203125,166.55078125,300.33984375,248.2578125,0.0,0.0,10.6328125,10.35826301574707
none,1,116,1.0,0.0,1.0,1.0,1.0,1.0,45.07421875,96.54296875,70.88671875,165.5859375,306.55859375,239.78515625,0.0,0.0,10.85546875,10.553922653198242
none,1,117,1.0,0.0,1.0,1.0,1.0,1.0,45.78515625,95.328125,72.890625,168.7890625,303.0859375,245.234375,0.0,0.0,10.7265625,10.426956176757812
none,1,118,1.0,0.0,1.0,1.0,1.0,1.0,45.3203125,96.26953125,71.58203125,167.45703125,308.44140625,239.80859375,0.0,0.0,10.49609375,10.55832576751709
none,1,119,1.0,0.0,1.0,1.0,1.0,1.0,45.65234375,96.2265625,71.45703125,167.2421875,306.5859375,242.01171875,0.0,0.0,10.5390625,10.448413848876953
none,1,120,1.0,0.0,1.0,1.0,1.0,1.0,45.80859375,95.51171875,71.62890625,168.76171875,304.62109375,242.3671875,0.0,0.0,10.44921875,10.409876823425293
none,1,121,1.0,0.0,1.0,1.0,1.0,1.0,46.16796875,94.5546875,72.3046875,168.5,302.85546875,244.71484375,0.0,0.0,10.4375,10.228815078735352
none,1,122,1.0,0.0,1.0,1.0,1.0,1.0,44.984375,96.41015625,72.5,166.5390625,304.82421875,243.58984375,0.0,0.0,10.5390625,10.828756332397461
none,1,123,1.0,0.0,1.0,1.0,1.0,1.0,45.16796875,96.83984375,72.80859375,166.49609375,306.6015625,245.671875,0.0,0.0,10.24609375,11.01478385925293
none,1,124,1.0,0.0,1.0,1.0,1.0,1.0,45.234375,95.703125,73.6015625,165.93359375,302.79296875,247.3828125,0.0,0.0,10.5,10.863044738769531
none,1,125,1.0,0.0,1.0,1.0,1.0,1.0,46.1484375,97.71875,72.15625,169.80859375,311.27734375,243.39453125,0.0,0.0,10.20703125,10.958906173706055
none,1,126,1.0,0.0,1.0,1.0,1.0,1.0,44.671875,96.578125,72.46484375,166.2109375,306.3046875,243.75390625,0.0,0.0,10.41796875,10.996671676635742
none,1,127,1.0,0.0,1.0,1.0,1.0,1.0,44.23828125,96.1171875,73.91015625,162.33203125,304.5546875,248.5,0.0,0.0,10.19921875,11.188238143920898
none,1,128,1.0,0.0,1.0,1.0,1.0,1.0,43.99609375,96.1796875,73.1640625,161.83984375,303.7890625,247.390625,0.0,0.0,10.43359375,11.035823822021484
none,1,129,1.0,0.0,1.0,1.0,1.0,1.0,45.09375,96.9609375,73.79296875,164.61328125,306.5234375,246.7265625,0.0,0.0,10.0234375,11.316397666931152
none,1,130,1.0,0.0,1.0,1.0,1.0,1.0,44.6875,96.921875,73.6640625,165.015625,305.265625,250.0,0.0,0.0,10.18359375,10.914359092712402
none,1,131,1.0,0.0,1.0,1.0,1.0,1.0,44.60546875,96.98828125,73.58984375,164.27734375,308.28125,246.10546875,0.0,0.0,9.8828125,11.2084379196167
none,1,132,1.0,0.0,1.0,1.0,1.0,1.0,44.4921875,97.0,74.296875,163.6796875,305.46484375,249.68359375,0.0,0.0,9.80078125,11.49464225769043
none,1,133,1.0,0.0,1.0,1.0,1.0,1.0,43.72265625,98.38671875,73.65234375,162.18359375,310.5546875,245.27734375,0.0,0.0,9.89453125,11.693578720092773
none,1,134,1.0,0.0,1.0,1.0,1.0,1.0,44.234375,96.7734375,74.5859375,163.40625,305.2734375,247.84765625,0.0,0.0,9.8203125,11.397436141967773
none,1,135,1.0,0.0,1.0,1.0,1.0,1.0,44.47265625,97.50390625,75.37890625,163.96875,308.203125,250.01171875,0.0,0.0,9.70703125,11.577899932861328
none,1,136,1.0,0.0,1.0,1.0,1.0,1.0,43.74609375,97.5625,75.109375,160.421875,307.77734375,251.75,0.0,0.0,9.74609375,11.652410507202148
none,1,137,1.0,0.0,1.0,1.0,1.0,1.0,44.140625,96.9765625,74.42578125,160.43359375,307.82421875,249.08984375,0.0,0.0,9.6171875,11.488122940063477
none,1,138,1.0,0.0,1.0,1.0,1.0,1.0,43.015625,97.0390625,75.765625,158.7578125,305.2734375,252.78515625,0.0,0.0,9.43359375,11.84183120727539
none,1,139,1.0,0.0,1.0,1.0,1.0,1.0,42.71875,97.84375,74.453125,158.4140625,308.99609375,249.109375,0.0,0.0,9.42578125,11.953140258789062
none,1,140,1.0,0.0,1.0,1.0,1.0,1.0,43.7421875,98.50390625,75.58203125,158.6953125,307.92578125,252.40625,0.0,0.0,9.51171875,12.092245101928711
none,1,141,1.0,0.0,1.0,1.0,1.0,1.0,42.84375,96.6796875,76.12109375,157.1796875,304.6640625,255.91015625,0.0,0.0,9.046875,11.961578369140625
none,1,142,1.0,0.0,1.0,1.0,1.0,1.0,43.1875,98.90625,75.6484375,158.1328125,311.0859375,251.16796875,0.0,0.0,9.0703125,12.375181198120117
none,1,143,1.0,0.0,1.0,1.0,1.0,1.0,43.0078125,97.80078125,76.00390625,157.875,305.27734375,253.9453125,0.0,0.0,9.2109375,12.028478622436523
none,1,144,1.0,0.0,1.0,1.0,1.0,1.0,43.6796875,98.76953125,76.2578125,157.9375,309.6171875,252.41015625,0.0,0.0,9.13671875,12.133382797241211
none,1,145,1.0,0.0,1.0,1.0,1.0,1.0,44.1171875,99.01953125,76.15234375,159.1796875,310.2890625,251.34375,0.0,0.0,8.63671875,12.15089225769043
none,1,146,1.0,0.0,1.0,1.0,1.0,1.0,43.3984375,98.47265625,76.03125,158.39453125,309.66796875,250.98046875,0.0,0.0,9.16015625,12.144561767578125
none,1,147,1.0,0.0,1.0,1.0,1.0,1.0,44.55859375,98.734375,74.73046875,160.81640625,310.46484375,249.4921875,0.0,0.0,8.9921875,11.923500061035156
none,1,148,1.0,0.0,1.0,1.0,1.0,1.0,42.83984375,98.57421875,76.9765625,155.0703125,308.91015625,256.70703125,0.0,0.0,8.9765625,12.51098918914795
none,1,149,1.0,0.0,1.0,1.0,1.0,1.0,42.99609375,100.05859375,76.234375,156.3515625,312.890625,251.375,0.0,0.0,8.67578125,12.480195999145508
none,1,150,1.0,0.0,1.0,1.0,1.0,1.0,43.265625,100.33984375,75.6640625,156.671875,312.92578125,249.671875,0.0,0.0,8.78515625,12.437788963317871
none,1,151,1.0,0.0,1.0,1.0,1.0,1.0,42.62890625,100.81640625,77.22265625,153.76953125,314.03515625,254.828125,0.0,0.0,8.578125,12.931432723999023
none,1,152,1.0,0.0,1.0,1.0,1.0,1.0,42.734375,99.171875,78.6015625,156.3125,310.12109375,258.25390625,0.0,0.0,8.828125,12.800577163696289
none,1,153,1.0,0.0,1.0,1.0,1.0,1.0,42.59765625,99.0,76.64453125,157.19140625,308.12109375,252.12890625,0.0,0.0,8.734375,12.568575859069824
none,1,154,1.0,0.0,1.0,1.0,1.0,1.0,42.90625,99.49609375,76.98046875,155.7890625,311.4375,254.2265625,0.0,0.0,8.8828125,12.53187370300293
none,1,155,1.0,0.0,1.0,1.0,1.0,1.0,42.24609375,100.12890625,76.3203125,154.66796875,312.953125,250.34375,0.0,0.0,8.16796875,12.801847457885742
none,1,156,1.0,0.0,1.0,1.0,1.0,1.0,42.37109375,99.92578125,78.09765625,154.88671875,313.17578125,256.84765625,0.0,0.0,8.24609375,12.809229850769043
none,1,157,1.0,0.0,1.0,1.0,1.0,1.0,42.46875,100.33203125,77.15625,154.60546875,313.53125,255.578125,0.0,0.0,8.11328125,12.810263633728027
none,1,158,1.0,0.0,1.0,1.0,1.0,1.0,42.640625,100.5390625,77.8515625,154.8515625,313.48046875,256.359375,0.0,0.0,8.21484375,12.915302276611328
none,1,159,1.0,0.0,1.0,1.0,1.0,1.0,42.37890625,100.5625,77.98046875,156.27734375,314.3359375,256.53125,0.0,0.0,7.9453125,13.170985221862793
none,1,160,1.0,0.0,1.0,1.0,1.0,1.0,41.34765625,102.30859375,77.7265625,152.8203125,318.68359375,256.69140625,0.0,0.0,8.20703125,13.557228088378906
none,1,161,1.0,0.0,1.0,1.0,1.0,1.0,41.97265625,100.34765625,77.91015625,154.8125,314.01171875,256.82421875,0.0,0.0,8.32421875,12.858229637145996
none,1,162,1.0,0.0,1.0,1.0,1.0,1.0,41.08203125,102.46875,78.1796875,149.9609375,320.18359375,256.328125,0.0,0.0,8.49609375,13.587237358093262
none,1,163,1.0,0.0,1.0,1.0,1.0,1.0,42.19140625,100.05859375,78.203125,155.140625,313.0078125,258.3359375,0.0,0.0,8.3359375,13.146635055541992
none,1,164,1.0,0.0,1.0,1.0,1.0,1.0,43.2421875,102.23046875,77.98828125,157.4296875,318.73828125,256.96875,0.0,0.0,7.91015625,13.381462097167969
none,1,165,1.0,0.0,1.0,1.0,1.0,1.0,43.32421875,101.95703125,78.28125,156.86328125,317.8203125,259.8984375,0.0,0.0,7.765625,13.316442489624023
none,1,166,1.0,0.0,1.0,1.0,1.0,1.0,43.19921875,101.89453125,77.8359375,157.1875,316.625,256.98828125,0.0,0.0,7.68359375,13.347528457641602
none,1,167,1.0,0.0,1.0,1.0,1.0,1.0,42.5546875,102.125,79.50390625,156.45703125,318.8203125,259.87890625,0.0,0.0,7.52734375,13.618274688720703
none,1,168,1.0,0.0,1.0,1.0,1.0,1.0,42.0390625,102.1328125,79.30078125,152.84765625,317.08984375,260.96875,0.0,0.0,7.78125,13.513143539428711
none,1,169,1.0,0.0,1.0,1.0,1.0,1.0,42.37890625,102.57421875,78.37109375,154.92578125,317.48046875,259.54296875,0.0,0.0,7.47265625,13.539058685302734
none,1,170,1.0,0.0,1.0,1.0,1.0,1.0,41.80859375,102.34765625,78.44921875,152.67578125,316.9453125,256.74609375,0.0,0.0,7.73046875,13.625814437866211
none,1,171,1.0,0.0,1.0,1.0,1.0,1.0,40.80859375,102.49609375,80.01171875,150.390625,317.66015625,262.54296875,0.0,0.0,7.4921875,13.884946823120117
none,1,172,1.0,0.0,1.0,1.0,1.0,1.0,41.55859375,102.35546875,79.48828125,154.15234375,316.09375,262.73046875,0.0,0.0,7.171875,13.863627433776855
none,1,173,1.0,0.0,1.0,1.0,1.0,1.0,41.36328125,103.05078125,80.1171875,150.8359375,318.34765625,262.73828125,0.0,0.0,7.12890625,14.173957824707031
none,1,174,1.0,0.0,1.0,1.0,1.0,1.0,41.90625,102.609375,78.90625,153.42578125,317.1015625,260.1171875,0.0,0.0,7.15625,13.956888198852539
none,1,175,1.0,0.0,1.0,1.0,1.0,1.0,41.4453125,104.03515625,78.0625,154.31640625,321.8671875,257.296875,0.0,0.0,7.05078125,14.242091178894043
none,1,176,1.0,0.0,1.0,1.0,1.0,1.0,41.01171875,104.125,78.28515625,151.79296875,322.1875,258.1953125,0.0,0.0,7.359375,14.138751029968262
none,1,177,1.0,0.0,1.0,1.0,1.0,1.0,40.61328125,103.484375,80.9921875,149.54296875,319.38671875,267.203125,0.0,0.0,6.89453125,14.295673370361328
none,1,178,1.0,0.0,1.0,1.0,1.0,1.0,40.875,102.734375,79.90234375,149.91796875,318.25390625,262.578125,0.0,0.0,7.04296875,14.201087951660156
none,1,179,1.0,0.0,1.0,1.0,1.0,1.0,40.32421875,104.16015625,79.73046875,148.52734375,319.0078125,262.5546875,0.0,0.0,6.76171875,14.408785820007324
none,1,180,1.0,0.0,1.0,1.0,1.0,1.0,41.15625,103.34375,78.828125,149.640625,317.765625,260.40234375,0.0,0.0,6.7578125,14.131288528442383
none,1,181,1.0,0.0,1.0,1.0,1.0,1.0,39.91015625,104.26953125,81.55078125,146.140625,320.21875,267.1171875,0.0,0.0,6.51953125,14.715377807617188
none,1,182,1.0,0.0,1.0,1.0,1.0,1.0,41.1484375,105.08984375,78.0390625,151.73828125,322.5859375,254.72265625,0.0,0.0,6.671875,14.562891960144043
none,1,183,1.0,0.0,1.0,1.0,1.0,1.0,41.8359375,103.9921875,80.953125,153.984375,316.1953125,266.0625,0.0,0.0,6.67578125,14.301775932312012
none,1,184,1.0,0.0,1.0,1.0,1.0,1.0,40.3828125,104.12109375,80.5859375,148.33984375,315.90234375,265.52734375,0.0,0.0,6.73828125,14.718513488769531
none,1,185,1.0,0.0,1.0,1.0,1.0,1.0,40.23046875,105.6015625,79.453125,148.87890625,323.5,261.34375,0.0,0.0,6.828125,14.78449535369873
none,1,186,1.0,0.0,1.0,1.0,1.0,1.0,40.4375,104.3828125,80.58203125,149.12109375,319.6640625,262.9921875,0.0,0.0,6.6171875,14.816645622253418
none,1,187,1.0,0.0,1.0,1.0,1.0,1.0,40.19140625,105.15234375,80.4765625,149.125,319.43359375,265.67578125,0.0,0.0,6.37109375,14.774203300476074
none,1,188,1.0,0.0,1.0,1.0,1.0,1.0,40.5078125,103.65625,81.80859375,151.01171875,316.671875,270.16796875,0.0,0.0,6.3828125,14.626808166503906
none,1,189,1.0,0.0,1.0,1.0,1.0,1.0,40.04296875,104.88671875,81.62890625,148.1640625,320.953125,269.828125,0.0,0.0,6.30859375,14.968534469604492
none,1,190,1.0,0.0,1.0,1.0,1.0,1.0,40.265625,105.46875,81.30078125,150.453125,322.484375,265.484375,0.0,0.0,6.359375,15.023333549499512
none,1,191,1.0,0.0,1.0,1.0,1.0,1.0,38.5546875,104.26953125,81.65625,143.87109375,318.7578125,268.76953125,0.0,0.0,6.42578125,15.081024169921875
none,1,192,1.0,0.0,1.0,1.0,1.0,1.0,40.36328125,105.78125,80.6171875,148.48828125,322.6875,265.1875,0.0,0.0,6.29296875,14.995460510253906
none,1,193,1.0,0.0,1.0,1.0,1.0,1.0,40.15234375,104.98046875,81.7109375,149.41015625,320.25,266.80859375,0.0,0.0,6.0703125,15.094457626342773
none,1,194,1.0,0.0,1.0,1.0,1.0,1.0,39.90234375,105.18359375,80.796875,149.29296875,321.890625,265.78125,0.0,0.0,5.921875,14.927978515625
none,1,195,1.0,0.0,1.0,1.0,1.0,1.0,39.84765625,106.08984375,81.109375,148.5703125,324.84375,265.0078125,0.0,0.0,5.81640625,15.21148681640625
none,1,196,1.0,0.0,1.0,1.0,1.0,1.0,39.22265625,106.1953125,81.37109375,146.74609375,322.85546875,268.5546875,0.0,0.0,5.78515625,15.443000793457031
none,1,197,1.0,0.0,1.0,1.0,1.0,1.0,40.109375,106.2890625,80.80078125,148.8359375,325.3828125,265.43359375,0.0,0.0,5.796875,15.19489860534668
none,1,198,1.0,0.0,1.0,1.0,1.0,1.0,39.8515625,105.63671875,82.23046875,149.30859375,324.484375,270.8671875,0.0,0.0,5.875,15.402685165405273
none,1,199,1.0,0.0,1.0,1.0,1.0,1.0,38.27734375,106.14453125,81.7421875,146.26171875,324.46484375,268.62109375,0.0,0.0,5.8515625,15.528555870056152
none,1,200,1.0,0.0,1.0,1.0,1.0,1.0,39.64453125,107.08203125,80.54296875,149.7734375,327.265625,265.25,0.0,0.0,5.60546875,15.679339408874512
none,1,201,1.0,0.0,1.0,1.0,1.0,1.0,40.62890625,106.625,82.04296875,152.7734375,322.90234375,268.0625,0.0,0.0,5.58203125,15.386070251464844
none,1,202,1.0,0.0,1.0,1.0,1.0,1.0,38.90625,106.703125,81.92578125,146.71484375,323.38671875,268.26171875,0.0,0.0,5.18359375,15.691065788269043
none,1,203,1.0,0.0,1.0,1.0,1.0,1.0,39.203125,105.66015625,83.72265625,148.75,319.671875,273.1796875,0.0,0.0,5.5625,15.560229301452637
none,1,204,1.0,0.0,1.0,1.0,1.0,1.0,39.04296875,107.51953125,81.76171875,147.48828125,326.79296875,267.28125,0.0,0.0,5.4140625,15.76453685760498
none,1,205,1.0,0.0,1.0,1.0,1.0,1.0,38.15234375,107.19140625,82.28515625,144.36328125,327.0859375,269.6484375,0.0,0.0,5.44921875,16.008052825927734
none,1,206,1.0,0.0,1.0,1.0,1.0,1.0,37.84765625,107.60546875,81.5546875,142.83203125,327.21875,265.85546875,0.0,0.0,5.15234375,16.009544372558594
none,1,207,1.0,0.0,1.0,1.0,1.0,1.0,38.96484375,107.20703125,81.875,148.05859375,325.0234375,266.3203125,0.0,0.0,5.12109375,15.822776794433594
none,1,208,1.0,0.0,1.0,1.0,1.0,1.0,38.34765625,107.28125,82.55078125,146.95703125,326.890625,270.5546875,0.0,0.0,5.3515625,16.104291915893555
none,1,209,1.0,0.0,1.0,1.0,1.0,1.0,38.1953125,105.98828125,85.45703125,145.20703125,323.46875,278.90234375,0.0,0.0,5.03125,16.054733276367188
none,1,210,1.0,0.0,1.0,1.0,1.0,1.0,38.83984375,108.87890625,82.9921875,146.85546875,330.2734375,268.66796875,0.0,0.0,5.0078125,16.206375122070312
none,1,211,1.0,0.0,1.0,1.0,1.0,1.0,39.01953125,107.5,81.76171875,147.625,327.91796875,267.34375,0.0,0.0,5.23828125,15.874380111694336
none,1,212,1.0,0.0,1.0,1.0,1.0,1.0,38.0,108.05859375,83.01953125,145.0703125,328.9921875,271.4140625,0.0,0.0,5.046875,16.267940521240234
none,1,213,1.0,0.0,1.0,1.0,1.0,1.0,37.921875,108.16015625,83.58984375,146.27734375,328.11328125,273.56640625,0.0,0.0,5.09375,16.414934158325195
none,1,214,1.0,0.0,1.0,1.0,1.0,1.0,37.95703125,109.3046875,82.15234375,146.71875,332.6640625,268.29296875,0.0,0.0,4.7265625,16.435443878173828
none,1,215,1.0,0.0,1.0,1.0,1.0,1.0,37.96484375,108.6484375,81.8515625,144.05859375,331.19921875,266.3515625,0.0,0.0,4.85546875,16.4234561920166
none,1,216,1.0,0.0,1.0,1.0,1.0,1.0,38.21484375,108.2109375,82.6640625,145.1953125,328.515625,270.375,0.0,0.0,4.61328125,16.40541648864746
none,1,217,1.0,0.0,1.0,1.0,1.0,1.0,37.93359375,109.140625,84.58984375,143.40234375,328.265625,274.94921875,0.0,0.0,4.68359375,16.779211044311523
none,1,218,1.0,0.0,1.0,1.0,1.0,1.0,37.80859375,110.08203125,83.2421875,142.00390625,331.9609375,268.890625,0.0,0.0,4.73828125,16.811439514160156
none,1,219,1.0,0.0,1.0,1.0,1.0,1.0,37.140625,108.56640625,83.46875,140.6171875,324.33984375,271.046875,0.0,0.0,4.9609375,16.378389358520508
none,1,220,1.0,0.0,1.0,1.0,1.0,1.0,36.7734375,108.83203125,84.83203125,139.31640625,325.09375,275.2265625,0.0,0.0,4.65625,16.852378845214844
none,1,221,1.0,0.0,1.0,1.0,1.0,1.0,37.48828125,109.36328125,84.55859375,142.52734375,328.4609375,275.3125,0.0,0.0,4.5234375,16.80031967163086
none,1,222,1.0,0.0,1.0,1.0,1.0,1.0,37.3515625,109.6796875,84.70703125,144.24609375,327.9609375,272.375,0.0,0.0,4.4609375,16.967571258544922
none,1,223,1.0,0.0,1.0,1.0,1.0,1.0,38.34375,109.80859375,84.30078125,145.93359375,328.26171875,273.72265625,0.0,0.0,4.3828125,16.769500732421875
none,1,224,1.0,0.0,1.0,1.0,1.0,1.0,37.76953125,109.1328125,84.69921875,143.80078125,325.79296875,274.59375,0.0,0.0,4.30859375,16.826393127441406
none,1,225,1.0,0.0,1.0,1.0,1.0,1.0,36.984375,110.9453125,83.06640625,140.93359375,332.8671875,269.39453125,0.0,0.0,4.3671875,17.221012115478516
none,1,226,1.0,0.0,1.0,1.0,1.0,1.0,37.26953125,109.3671875,84.890625,142.20703125,328.60546875,276.5859375,0.0,0.0,4.46484375,17.007732391357422
none,1,227,1.0,0.0,1.0,1.0,1.0,1.0,36.87890625,110.625,85.61328125,141.33984375,329.5703125,277.59765625,0.0,0.0,4.078125,17.34577178955078
none,1,228,1.0,0.0,1.0,1.0,1.0,1.0,37.34765625,109.68359375,85.5,144.25,328.46484375,276.83203125,0.0,0.0,4.24609375,17.157644271850586
none,1,229,1.0,0.0,1.0,1.0,1.0,1.0,38.01171875,110.31640625,84.53125,147.1875,330.55078125,274.78515625,0.0,0.0,4.21484375,16.998130798339844
none,1,230,1.0,0.0,1.0,1.0,1.0,1.0,36.4921875,110.19921875,85.23046875,141.90625,329.55859375,276.73046875,0.0,0.0,4.16796875,17.24072265625
none,1,231,1.0,0.0,1.0,1.0,1.0,1.0,37.12890625,110.2734375,86.1015625,143.07421875,331.203125,280.83984375,0.0,0.0,4.1484375,17.38443374633789
none,1,232,1.0,0.0,1.0,1.0,1.0,1.0,36.14453125,111.74609375,83.48046875,140.55078125,335.73828125,273.0546875,0.0,0.0,4.2265625,17.628875732421875
none,1,233,1.0,0.0,1.0,1.0,1.0,1.0,37.02734375,111.32421875,85.2265625,142.71484375,331.96875,278.67578125,0.0,0.0,4.015625,17.646244049072266
none,1,234,1.0,0.0,1.0,1.0,1.0,1.0,35.80859375,112.30078125,84.0,138.16796875,334.3359375,274.0234375,0.0,0.0,4.09375,17.80276870727539
none,1,235,1.0,0.0,1.0,1.0,1.0,1.0,35.97265625,111.76171875,85.62109375,138.52734375,332.36328125,279.23828125,0.0,0.0,3.87109375,17.76772689819336
none,1,236,1.0,0.0,1.0,1.0,1.0,1.0,36.015625,112.625,85.3828125,138.5546875,336.17578125,277.20703125,0.0,0.0,3.87890625,17.89276695251465
none,1,237,1.0,0.0,1.0,1.0,1.0,1.0,35.61328125,111.515625,87.02734375,139.203125,332.44140625,284.75390625,0.0,0.0,3.9140625,17.945913314819336
none,1,238,1.0,0.0,1.0,1.0,1.0,1.0,36.140625,112.87109375,85.58984375,141.453125,336.73828125,278.390625,0.0,0.0,3.625,18.14933967590332
none,1,239,1.0,0.0,1.0,1.0,1.0,1.0,36.578125,113.484375,84.34765625,142.5703125,337.375,274.57421875,0.0,0.0,3.80078125,17.868688583374023
none,1,240,1.0,0.0,1.0,1.0,1.0,1.0,35.59765625,114.41015625,83.7421875,138.36328125,340.54296875,270.62890625,0.0,0.0,3.80078125,18.344406127929688
none,1,241,1.0,0.0,1.0,1.0,1.0,1.0,36.64453125,112.25,85.3125,142.4375,333.82421875,279.0078125,0.0,0.0,3.84375,17.726205825805664
none,1,242,1.0,0.0,1.0,1.0,1.0,1.0,36.2265625,113.4921875,85.265625,140.0390625,337.4296875,276.75,0.0,0.0,3.73046875,18.124731063842773
none,1,243,1.0,0.0,1.0,1.0,1.0,1.0,36.2421875,113.94140625,84.24609375,140.2890625,341.20703125,272.453125,0.0,0.0,3.7890625,18.18557357788086
none,1,244,1.0,0.0,1.0,1.0,1.0,1.0,36.34375,113.71875,84.82421875,142.79296875,339.6640625,277.25390625,0.0,0.0,3.75390625,18.21323013305664
none,1,245,1.0,0.0,1.0,1.0,1.0,1.0,36.65625,113.89453125,85.3828125,141.58984375,339.87109375,278.85546875,0.0,0.0,3.66796875,18.23178482055664
none,1,246,1.0,0.0,1.0,1.0,1.0,1.0,36.3203125,112.59765625,86.203125,141.58203125,335.1796875,278.859375,0.0,0.0,3.39453125,18.17354965209961
none,1,247,1.0,0.0,1.0,1.0,1.0,1.0,35.51953125,113.35546875,85.83984375,138.7890625,335.24609375,280.50390625,0.0,0.0,3.43359375,18.47467803955078
none,1,248,1.0,0.0,1.0,1.0,1.0,1.0,35.96875,114.1171875,85.37890625,140.41015625,340.6015625,276.93359375,0.0,0.0,3.5,18.605985641479492
none,1,249,1.0,0.0,1.0,1.0,1.0,1.0,35.16015625,113.30078125,86.20703125,135.77734375,336.734375,281.0625,0.0,0.0,3.35546875,18.41307830810547
none,1,250,1.0,0.0,1.0,1.0,1.0,1.0,34.68359375,114.28515625,85.45703125,134.72265625,341.05078125,277.1640625,0.0,0.0,3.47265625,18.720808029174805
none,1,251,1.0,0.0,1.0,1.0,1.0,1.0,35.72265625,114.74609375,85.39453125,139.3125,341.46875,277.62109375,0.0,0.0,3.41796875,18.5738525390625
none,1,252,1.0,0.0,1.0,1.0,1.0,1.0,35.671875,113.7421875,86.26171875,138.1484375,339.15625,279.3515625,0.0,0.0,3.46875,18.353139877319336
none,1,253,1.0,0.0,1.0,1.0,1.0,1.0,35.54296875,115.7265625,85.046875,141.1953125,344.70703125,277.13671875,0.0,0.0,3.34375,18.805747985839844
none,1,254,1.0,0.0,1.0,1.0,1.0,1.0,35.37890625,114.73046875,86.75,139.0234375,340.51171875,283.8515625,0.0,0.0,3.28515625,18.849163055419922
none,1,255,1.0,0.0,1.0,1.0,1.0,1.0,36.68359375,115.60546875,85.79296875,143.60546875,342.6015625,280.27734375,0.0,0.0,3.265625,18.673011779785156
none,1,256,1.0,0.0,1.0,1.0,1.0,1.0,34.9375,115.7265625,86.11328125,137.51171875,343.0625,279.44140625,0.0,0.0,3.42578125,19.07100486755371
none,1,257,1.0,0.0,1.0,1.0,1.0,1.0,36.30078125,115.1171875,86.55859375,141.53515625,341.203125,280.828125,0.0,0.0,3.265625,18.8349666595459
none,1,258,1.0,0.0,1.0,1.0,1.0,1.0,35.89453125,116.53125,86.4921875,140.08203125,346.5390625,280.30078125,0.0,0.0,3.2109375,18.99724769592285
none,1,259,1.0,0.0,1.0,1.0,1.0,1.0,35.17578125,117.89453125,85.66015625,137.703125,348.51171875,278.0078125,0.0,0.0,3.2109375,19.366315841674805
none,1,260,1.0,0.0,1.0,1.0,1.0,1.0,34.66796875,117.0,85.875,135.60546875,345.4609375,277.484375,0.0,0.0,3.12890625,19.304576873779297
none,1,261,1.0,0.0,1.0,1.0,1.0,1.0,35.28125,116.37890625,87.078125,138.8125,343.46484375,281.6484375,0.0,0.0,3.0546875,19.22447395324707
none,1,262,1.0,0.0,1.0,1.0,1.0,1.0,35.04296875,117.78125,85.703125,137.171875,348.84375,276.89453125,0.0,0.0,3.05859375,19.215726852416992
none,1,263,1.0,0.0,1.0,1.0,1.0,1.0,33.65625,118.125,86.02734375,133.34765625,348.9296875,279.4375,0.0,0.0,3.06640625,19.564966201782227
none,1,264,1.0,0.0,1.0,1.0,1.0,1.0,33.71484375,118.21484375,84.9765625,132.234375,349.40625,274.54296875,0.0,0.0,2.99609375,19.568185806274414
none,1,265,1.0,0.0,1.0,1.0,1.0,1.0,34.6015625,117.75,85.0390625,135.24609375,345.90234375,277.1171875,0.0,0.0,3.0625,19.166980743408203
none,1,266,1.0,0.0,1.0,1.0,1.0,1.0,34.33984375,118.1953125,86.5703125,136.15625,349.08984375,281.7890625,0.0,0.0,2.9765625,19.51125144958496
none,1,267,1.0,0.0,1.0,1.0,1.0,1.0,34.10546875,118.57421875,85.0078125,134.56640625,350.18359375,276.91015625,0.0,0.0,2.93359375,19.63838768005371
none,1,268,1.0,0.0,1.0,1.0,1.0,1.0,33.734375,117.76171875,87.4609375,132.37109375,345.1875,284.515625,0.0,0.0,2.9296875,19.749053955078125
none,1,269,1.0,0.0,1.0,1.0,1.0,1.0,33.65625,118.8203125,87.453125,132.59765625,349.41796875,283.53125,0.0,0.0,2.78125,19.994417190551758
none,1,270,1.0,0.0,1.0,1.0,1.0,1.0,34.5859375,119.10546875,86.5859375,135.1484375,348.2421875,283.1484375,0.0,0.0,2.94140625,19.818981170654297
none,1,271,1.0,0.0,1.0,1.0,1.0,1.0,34.890625,118.109375,87.75,137.53515625,344.10546875,286.42578125,0.0,0.0,2.72265625,19.64934539794922
none,1,272,1.0,0.0,1.0,1.0,1.0,1.0,34.5390625,117.7578125,89.0390625,133.75,345.80078125,289.84375,0.0,0.0,2.69921875,19.680896759033203
none,1,273,1.0,0.0,1.0,1.0,1.0,1.0,33.7578125,118.3125,89.26171875,132.453125,344.64453125,291.515625,0.0,0.0,2.5078125,20.03030014038086
none,1,274,1.0,0.0,1.0,1.0,1.0,1.0,33.1484375,119.03515625,88.93359375,129.26171875,347.96875,287.8671875,0.0,0.0,2.5546875,20.057756423950195
none,1,275,1.0,0.0,1.0,1.0,1.0,1.0,33.65234375,120.0390625,87.2734375,132.2890625,350.44921875,284.40625,0.0,0.0,2.64453125,20.234142303466797
none,1,276,1.0,0.0,1.0,1.0,1.0,1.0,33.71484375,120.20703125,88.33203125,133.12109375,349.2265625,285.8828125,0.0,0.0,2.58984375,20.235904693603516
none,1,277,1.0,0.0,1.0,1.0,1.0,1.0,34.34765625,119.953125,88.34765625,133.125,348.3515625,285.8515625,0.0,0.0,2.7578125,20.220504760742188
none,1,278,1.0,0.0,1.0,1.0,1.0,1.0,33.8671875,118.6796875,88.64453125,132.7265625,343.31640625,287.23046875,0.0,0.0,2.7421875,19.987627029418945
none,1,279,1.0,0.0,1.0,1.0,1.0,1.0,34.00390625,120.43359375,87.6640625,131.66796875,349.65234375,281.8125,0.0,0.0,2.63671875,20.329803466796875
none,1,280,1.0,0.0,1.0,1.0,1.0,1.0,34.453125,118.55078125,88.69921875,133.22265625,343.0390625,285.6484375,0.0,0.0,2.8828125,19.948638916015625
none,1,281,1.0,0.0,1.0,1.0,1.0,1.0,33.03125,120.01171875,89.4140625,129.0,348.8828125,286.53515625,0.0,0.0,2.47265625,20.587024688720703
none,1,282,1.0,0.0,1.0,1.0,1.0,1.0,32.03125,120.21484375,90.203125,125.12109375,347.9765625,290.48046875,0.0,0.0,2.4609375,20.885120391845703
none,1,283,1.0,0.0,1.0,1.0,1.0,1.0,32.03125,120.5390625,88.66796875,125.53515625,350.85546875,286.3359375,0.0,0.0,2.35546875,20.747573852539062
none,1,284,1.0,0.0,1.0,1.0,1.0,1.0,31.59375,118.8984375,91.1953125,123.9765625,344.515625,295.18359375,0.0,0.0,2.4765625,20.853633880615234
none,1,285,1.0,0.0,1.0,1.0,1.0,1.0,32.4140625,119.9609375,89.83203125,126.984375,348.140625,292.78125,0.0,0.0,2.65625,20.625335693359375
none,1,286,1.0,0.0,1.0,1.0,1.0,1.0,33.12109375,121.26171875,88.40625,130.08203125,353.203125,288.296875,0.0,0.0,2.6015625,20.529701232910156
none,1,287,1.0,0.0,1.0,1.0,1.0,1.0,32.796875,121.20703125,90.5859375,128.828125,352.03515625,292.98828125,0.0,0.0,2.49609375,20.86391830444336
none,1,288,1.0,0.0,1.0,1.0,1.0,1.0,33.14453125,121.5390625,90.17578125,130.8359375,351.734375,295.04296875,0.0,0.0,2.58984375,20.832693099975586
none,1,289,1.0,0.0,1.0,1.0,1.0,1.0,32.44921875,121.83984375,88.859375,127.6640625,354.1015625,292.25390625,0.0,0.0,2.3828125,20.945602416992188
none,1,290,1.0,0.0,1.0,1.0,1.0,1.0,32.2890625,123.05859375,88.734375,126.4296875,356.48046875,289.0,0.0,0.0,2.4140625,21.213905334472656
none,1,291,1.0,0.0,1.0,1.0,1.0,1.0,32.765625,121.61328125,89.23046875,127.5703125,352.09375,292.5078125,0.0,0.0,2.25390625,20.99434471130371
none,1,292,1.0,0.0,1.0,1.0,1.0,1.0,32.21484375,123.4296875,88.06640625,126.05859375,357.60546875,285.00390625,0.0,0.0,2.30078125,21.400455474853516
none,1,293,1.0,0.0,1.0,1.0,1.0,1.0,31.67578125,122.09375,89.15625,122.296875,354.6796875,290.45703125,0.0,0.0,2.30859375,21.141555786132812
none,1,294,1.0,0.0,1.0,1.0,1.0,1.0,32.30078125,122.73046875,87.72265625,125.1875,354.015625,284.7734375,0.0,0.0,2.421875,20.987194061279297
none,1,295,1.0,0.0,1.0,1.0,1.0,1.0,31.64453125,122.08984375,89.8046875,124.203125,351.6875,290.78515625,0.0,0.0,2.3828125,21.022220611572266
none,1,296,1.0,0.0,1.0,1.0,1.0,1.0,31.3359375,121.8515625,89.33984375,122.21484375,351.421875,290.796875,0.0,0.0,2.3359375,21.070459365844727
none,1,297,1.0,0.0,1.0,1.0,1.0,1.0,31.81640625,122.08984375,90.671875,124.23828125,351.453125,293.890625,0.0,0.0,2.19921875,21.229955673217773
none,1,298,1.0,0.0,1.0,1.0,1.0,1.0,32.03515625,122.41796875,89.65625,125.79296875,352.7421875,290.72265625,0.0,0.0,2.2890625,20.968130111694336
none,1,299,1.0,0.0,1.0,1.0,1.0,1.0,31.29296875,122.7890625,90.8125,123.90625,355.7109375,297.25390625,0.0,0.0,2.12890625,21.6036434173584
none,1,300,1.0,0.0,1.0,1.0,1.0,1.0,30.87109375,122.76953125,90.02734375,122.87109375,354.0,294.13671875,0.0,0.0,2.32421875,21.493093490600586
none,1,301,1.0,0.0,1.0,1.0,1.0,1.0,30.3125,122.7578125,91.328125,120.07421875,355.1015625,299.40234375,0.0,0.0,2.125,21.684520721435547
none,1,302,1.0,0.0,1.0,1.0,1.0,1.0,31.3359375,121.62109375,91.30859375,122.375,353.57421875,301.328125,0.0,0.0,2.08984375,21.42860984802246
none,1,303,1.0,0.0,1.0,1.0,1.0,1.0,31.2734375,123.5546875,89.74609375,123.984375,357.58203125,294.203125,0.0,0.0,2.37890625,21.50127410888672
none,1,304,1.0,0.0,1.0,1.0,1.0,1.0,30.0859375,123.94140625,89.8828125,119.5390625,359.5390625,294.9296875,0.0,0.0,2.16796875,21.718753814697266
none,1,305,1.0,0.0,1.0,1.0,1.0,1.0,30.98828125,123.44921875,91.11328125,121.234375,358.359375,298.50390625,0.0,0.0,2.13671875,21.695783615112305
none,1,306,1.0,0.0,1.0,1.0,1.0,1.0,31.18359375,124.11328125,90.8359375,123.54296875,360.82421875,296.83984375,0.0,0.0,2.30078125,21.718029022216797
none,1,307,1.0,0.0,1.0,1.0,1.0,1.0,31.41015625,124.734375,90.3046875,125.16796875,363.79296875,293.48046875,0.0,0.0,2.25,21.768817901611328
none,1,308,1.0,0.0,1.0,1.0,1.0,1.0,31.14453125,122.953125,90.7265625,122.859375,357.05078125,297.89453125,0.0,0.0,2.3359375,21.386272430419922
none,1,309,1.0,0.0,1.0,1.0,1.0,1.0,31.66796875,126.046875,89.5859375,125.96875,366.3828125,290.234375,0.0,0.0,2.2109375,22.02828598022461
none,1,310,1.0,0.0,1.0,1.0,1.0,1.0,30.8984375,122.171875,91.08984375,123.2109375,354.19921875,296.8828125,0.0,0.0,2.234375,21.467382431030273
none,1,311,1.0,0.0,1.0,1.0,1.0,1.0,29.9140625,125.3046875,91.3828125,119.15234375,362.6328125,297.546875,0.0,0.0,2.140625,22.324642181396484
none,1,312,1.0,0.0,1.0,1.0,1.0,1.0,29.9765625,124.91796875,90.55859375,119.2109375,360.45703125,294.4296875,0.0,0.0,1.99609375,22.204275131225586
none,1,313,1.0,0.0,1.0,1.0,1.0,1.0,30.0859375,124.234375,90.5078125,119.53125,359.4609375,295.52734375,0.0,0.0,2.06640625,21.989364624023438
none,1,314,1.0,0.0,1.0,1.0,1.0,1.0,30.89453125,125.6015625,89.140625,122.22265625,360.9921875,288.89453125,0.0,0.0,2.19921875,22.079620361328125
none,1,315,1.0,0.0,1.0,1.0,1.0,1.0,30.1875,124.55078125,91.7578125,120.26171875,359.94140625,298.609375,0.0,0.0,2.140625,22.040359497070312
none,1,316,1.0,0.0,1.0,1.0,1.0,1.0,30.67578125,126.12109375,91.7109375,122.14453125,364.69921875,299.875,0.0,0.0,2.1328125,22.390274047851562
none,1,317,1.0,0.0,1.0,1.0,1.0,1.0,30.24609375,124.95703125,91.546875,119.75,360.10546875,301.59375,0.0,0.0,2.0390625,22.18441390991211
none,1,318,1.0,0.0,1.0,1.0,1.0,1.0,29.85546875,126.08984375,91.91796875,118.734375,363.6875,301.87109375,0.0,0.0,2.1484375,22.639781951904297
none,1,319,1.0,0.0,1.0,1.0,1.0,1.0,30.36328125,125.1953125,91.22265625,120.03125,361.86328125,298.6640625,0.0,0.0,1.94140625,22.335567474365234
none,1,320,1.0,0.0,1.0,1.0,1.0,1.0,30.6328125,125.42578125,91.7578125,121.28515625,360.2109375,300.35546875,0.0,0.0,2.01171875,22.265480041503906
none,1,321,1.0,0.0,1.0,1.0,1.0,1.0,30.5390625,124.9140625,92.6484375,121.140625,360.8125,304.75,0.0,0.0,1.96875,22.39128875732422
none,1,322,1.0,0.0,1.0,1.0,1.0,1.0,29.765625,124.33984375,93.65625,117.33984375,358.6796875,308.8515625,0.0,0.0,2.0390625,22.414199829101562
none,1,323,1.0,0.0,1.0,1.0,1.0,1.0,29.703125,126.94140625,92.1171875,118.41796875,366.3515625,303.6328125,0.0,0.0,1.890625,22.69569969177246
none,1,324,1.0,0.0,1.0,1.0,1.0,1.0,29.94140625,125.109375,91.8515625,119.91796875,362.68359375,302.296875,0.0,0.0,2.0859375,22.316909790039062
none,1,325,1.0,0.0,1.0,1.0,1.0,1.0,30.359375,126.55859375,91.10546875,120.3125,367.125,299.14453125,0.0,0.0,1.93359375,22.496639251708984
none,1,326,1.0,0.0,1.0,1.0,1.0,1.0,29.52734375,125.76171875,92.1875,118.81640625,364.44140625,303.625,0.0,0.0,1.8046875,22.5050048828125
none,1,327,1.0,0.0,1.0,1.0,1.0,1.0,29.6171875,126.77734375,91.43359375,119.15234375,366.69921875,300.2890625,0.0,0.0,2.09375,22.734325408935547
none,1,328,1.0,0.0,1.0,1.0,1.0,1.0,29.6875,125.97265625,92.80078125,118.3671875,363.01953125,304.05078125,0.0,0.0,2.0703125,22.559728622436523
none,1,329,1.0,0.0,1.0,1.0,1.0,1.0,29.59765625,127.03515625,91.234375,116.0234375,362.703125,300.30078125,0.0,0.0,1.87890625,22.793655395507812
none,1,330,1.0,0.0,1.0,1.0,1.0,1.0,28.8984375,127.8203125,91.859375,115.859375,366.03125,300.1796875,0.0,0.0,1.8984375,23.028532028198242
none,1,331,1.0,0.0,1.0,1.0,1.0,1.0,29.30859375,128.32421875,91.69140625,116.27734375,368.4921875,299.171875,0.0,0.0,2.015625,23.065717697143555
none,1,332,1.0,0.0,1.0,1.0,1.0,1.0,29.67578125,127.12890625,94.328125,117.390625,362.73828125,306.609375,0.0,0.0,1.81640625,22.965543746948242
none,1,333,1.0,0.0,1.0,1.0,1.0,1.0,29.70703125,127.265625,92.296875,118.34375,362.71875,300.296875,0.0,0.0,1.91796875,23.021602630615234
none,1,334,1.0,0.0,1.0,1.0,1.0,1.0,29.671875,127.6171875,94.09765625,117.56640625,362.26953125,304.94921875,0.0,0.0,1.671875,22.973098754882812
none,1,335,1.0,0.0,1.0,1.0,1.0,1.0,29.69140625,127.51953125,92.71875,117.34375,362.796875,299.57421875,0.0,0.0,1.875,23.023395538330078
none,1,336,1.0,0.0,1.0,1.0,1.0,1.0,29.5078125,126.5703125,94.44140625,116.328125,359.4140625,306.98046875,0.0,0.0,1.8828125,23.03412628173828
none,1,337,1.0,0.0,1.0,1.0,1.0,1.0,29.265625,126.91015625,93.5625,114.2890625,361.6015625,305.38671875,0.0,0.0,1.6953125,22.8674373626709
none,1,338,1.0,0.0,1.0,1.0,1.0,1.0,29.4765625,127.2734375,94.578125,115.81640625,362.5546875,308.80859375,0.0,0.0,1.90234375,22.984264373779297
none,1,339,1.0,0.0,1.0,1.0,1.0,1.0,28.6484375,127.53125,93.93359375,113.41796875,364.06640625,306.83984375,0.0,0.0,1.8125,23.244335174560547
none,1,340,1.0,0.0,1.0,1.0,1.0,1.0,27.890625,127.44140625,92.62109375,110.8515625,363.96875,305.01171875,0.0,0.0,1.78515625,23.2861328125
none,1,341,1.0,0.0,1.0,1.0,1.0,1.0,28.2890625,128.2421875,93.91796875,111.6328125,364.375,308.5625,0.0,0.0,1.859375,23.231544494628906
none,1,342,1.0,0.0,1.0,1.0,1.0,1.0,28.98046875,127.09375,94.1015625,114.69140625,363.53515625,307.171875,0.0,0.0,1.8125,23.215742111206055
none,1,343,1.0,0.0,1.0,1.0,1.0,1.0,29.85546875,128.07421875,93.51953125,115.71875,362.13671875,306.6796875,0.0,0.0,1.79296875,23.337970733642578
none,1,344,1.0,0.0,1.0,1.0,1.0,1.0,29.57421875,128.65625,94.4140625,116.53125,364.8828125,306.22265625,0.0,0.0,1.78125,23.52058982849121
none,1,345,1.0,0.0,1.0,1.0,1.0,1.0,29.33203125,129.01171875,93.5859375,114.1484375,364.53125,302.93359375,0.0,0.0,1.80078125,23.508773803710938
none,1,346,1.0,0.0,1.0,1.0,1.0,1.0,29.4609375,128.98828125,92.5625,115.09375,363.77734375,300.2734375,0.0,0.0,1.85546875,23.39162826538086
none,1,347,1.0,0.0,1.0,1.0,1.0,1.0,29.37109375,130.67578125,92.2890625,115.0546875,368.71484375,296.30078125,0.0,0.0,1.83203125,23.56501579284668
none,1,348,1.0,0.0,1.0,1.0,1.0,1.0,29.6328125,129.23046875,91.79296875,114.76171875,366.12109375,296.16015625,0.0,0.0,1.8203125,23.204458236694336
none,1,349,1.0,0.0,1.0,1.0,1.0,1.0,28.76953125,129.5625,92.56640625,113.80078125,366.859375,299.2265625,0.0,0.0,1.94140625,23.485958099365234
none,1,350,1.0,0.0,1.0,1.0,1.0,1.0,28.84375,130.4140625,92.12890625,113.37109375,370.4609375,296.32421875,0.0,0.0,1.8203125,23.62881088256836
none,1,351,1.0,0.0,1.0,1.0,1.0,1.0,27.91015625,130.15625,93.8515625,111.09375,369.48828125,305.28515625,0.0,0.0,1.8203125,23.87135124206543
none,1,352,1.0,0.0,1.0,1.0,1.0,1.0,27.4765625,130.39453125,93.0546875,108.77734375,370.765625,303.6015625,0.0,0.0,1.75390625,23.976741790771484
none,1,353,1.0,0.0,1.0,1.0,1.0,1.0,28.12109375,131.6015625,92.57421875,112.06640625,373.76171875,303.69140625,0.0,0.0,1.76953125,23.961299896240234
none,1,354,1.0,0.0,1.0,1.0,1.0,1.0,27.0390625,129.921875,94.8046875,107.53125,372.3984375,312.8828125,0.0,0.0,1.671875,24.117908477783203
none,1,355,1.0,0.0,1.0,1.0,1.0,1.0,27.921875,128.9140625,94.6953125,110.390625,366.5078125,312.89453125,0.0,0.0,1.6328125,23.794185638427734
none,1,356,1.0,0.0,1.0,1.0,1.0,1.0,27.8046875,129.1328125,94.51953125,111.2578125,366.8203125,309.7890625,0.0,0.0,1.6875,23.736181259155273
none,1,357,1.0,0.0,1.0,1.0,1.0,1.0,28.26171875,129.12109375,94.41015625,112.28125,367.13671875,309.4453125,0.0,0.0,1.6953125,23.913799285888672
none,1,358,1.0,0.0,1.0,1.0,1.0,1.0,28.0234375,129.91015625,93.09375,110.234375,371.18359375,303.0390625,0.0,0.0,1.87890625,23.683645248413086
none,1,359,1.0,0.0,1.0,1.0,1.0,1.0,28.42578125,129.94921875,94.6953125,113.1796875,366.390625,310.55859375,0.0,0.0,1.71484375,23.75872039794922
none,1,360,1.0,0.0,1.0,1.0,1.0,1.0,27.25,130.84375,94.0546875,107.78125,370.19140625,309.15625,0.0,0.0,1.734375,24.36372947692871
none,1,361,1.0,0.0,1.0,1.0,1.0,1.0,27.7734375,130.66796875,93.4765625,110.90234375,369.5390625,305.69140625,0.0,0.0,1.78515625,23.9083309173584
none,1,362,1.0,0.0,1.0,1.0,1.0,1.0,27.8046875,131.7109375,94.10546875,109.44921875,371.9609375,307.66015625,0.0,0.0,1.7578125,24.37933921813965
none,1,363,1.0,0.0,1.0,1.0,1.0,1.0,26.9453125,131.9375,94.10546875,106.453125,372.76171875,308.6953125,0.0,0.0,1.56640625,24.328502655029297
none,1,364,1.0,0.0,1.0,1.0,1.0,1.0,27.3515625,132.68359375,92.328125,107.60546875,377.19140625,301.44140625,0.0,0.0,1.5703125,24.418270111083984
none,1,365,1.0,0.0,1.0,1.0,1.0,1.0,27.64453125,130.53125,94.32421875,109.58203125,367.98046875,308.71875,0.0,0.0,1.64453125,24.12310791015625
none,1,366,1.0,0.0,1.0,1.0,1.0,1.0,27.7109375,130.71484375,94.00390625,110.96875,370.39453125,308.4296875,0.0,0.0,1.640625,24.035785675048828
none,1,367,1.0,0.0,1.0,1.0,1.0,1.0,28.0,131.44140625,94.6015625,111.85546875,372.6171875,311.25390625,0.0,0.0,1.59375,24.15808868408203
none,1,368,1.0,0.0,1.0,1.0,1.0,1.0,27.26171875,132.03125,93.7734375,109.25390625,374.546875,307.62109375,0.0,0.0,1.6328125,24.355484008789062
none,1,369,1.0,0.0,1.0,1.0,1.0,1.0,27.75,131.88671875,95.12109375,109.72265625,373.68359375,314.15234375,0.0,0.0,1.515625,24.418020248413086
none,1,370,1.0,0.0,1.0,1.0,1.0,1.0,26.9375,131.91015625,94.5703125,108.13671875,374.09765625,311.00390625,0.0,0.0,1.78515625,24.541730880737305
none,1,371,1.0,0.0,1.0,1.0,1.0,1.0,26.859375,132.33984375,95.5234375,107.171875,372.71484375,313.125,0.0,0.0,1.65625,24.67568588256836
none,1,372,1.0,0.0,1.0,1.0,1.0,1.0,27.62109375,131.4609375,94.6640625,109.16015625,371.61328125,307.56640625,0.0,0.0,1.66015625,24.4194393157959
none,1,373,1.0,0.0,1.0,1.0,1.0,1.0,27.2421875,132.41015625,94.16796875,109.08203125,373.0703125,306.41796875,0.0,0.0,1.78125,24.62605857849121
none,1,374,1.0,0.0,1.0,1.0,1.0,1.0,27.5234375,132.84765625,94.30078125,107.85546875,373.296875,305.875,0.0,0.0,1.68359375,24.605932235717773
none,1,375,1.0,0.0,1.0,1.0,1.0,1.0,26.57421875,131.73828125,95.11328125,106.40625,371.6953125,307.83984375,0.0,0.0,1.51953125,24.67158317565918
none,1,376,1.0,0.0,1.0,1.0,1.0,1.0,26.90234375,131.703125,95.41015625,107.01171875,369.9296875,308.93359375,0.0,0.0,1.6796875,24.561399459838867
none,1,377,1.0,0.0,1.0,1.0,1.0,1.0,27.00390625,132.6953125,94.5078125,106.8984375,373.4921875,306.28125,0.0,0.0,1.58203125,24.61623191833496
none,1,378,1.0,0.0,1.0,1.0,1.0,1.0,26.66796875,133.4375,95.75390625,104.99609375,373.94921875,308.3828125,0.0,0.0,1.65234375,24.89374351501465
none,1,379,1.0,0.0,1.0,1.0,1.0,1.0,26.88671875,134.1875,94.05859375,107.64453125,377.02734375,302.9375,0.0,0.0,1.56640625,24.846458435058594
none,1,380,1.0,0.0,1.0,1.0,1.0,1.0,26.34765625,133.9296875,94.69140625,104.30859375,376.72265625,306.97265625,0.0,0.0,1.5625,25.00397300720215
none,1,381,1.0,0.0,1.0,1.0,1.0,1.0,26.76953125,133.7109375,93.23046875,106.0390625,375.52734375,301.453125,0.0,0.0,1.56640625,24.80145263671875
none,1,382,1.0,0.0,1.0,1.0,1.0,1.0,26.95703125,133.08203125,93.359375,105.375,376.40625,301.0390625,0.0,0.0,1.671875,24.516897201538086
none,1,383,1.0,0.0,1.0,1.0,1.0,1.0,26.1953125,134.09765625,93.22265625,104.6015625,378.25,303.11328125,0.0,0.0,1.50390625,24.819807052612305
none,1,384,1.0,0.0,1.0,1.0,1.0,1.0,26.578125,132.3671875,95.73046875,105.44921875,372.90625,309.50390625,0.0,0.0,1.44140625,24.7142333984375
none,1,385,1.0,0.0,1.0,1.0,1.0,1.0,26.69921875,134.078125,93.97265625,107.4140625,379.67578125,305.38671875,0.0,0.0,1.57421875,24.870304107666016
none,1,386,1.0,0.0,1.0,1.0,1.0,1.0,26.5703125,133.3515625,93.65625,104.41796875,376.78125,306.01171875,0.0,0.0,1.39453125,24.708965301513672
none,1,387,1.0,0.0,1.0,1.0,1.0,1.0,26.078125,135.82421875,92.09765625,104.5859375,382.12109375,299.890625,0.0,0.0,1.515625,25.221637725830078
none,1,388,1.0,0.0,1.0,1.0,1.0,1.0,26.8671875,134.56640625,93.47265625,106.88671875,379.01953125,302.69921875,0.0,0.0,1.453125,24.995229721069336
none,1,389,1.0,0.0,1.0,1.0,1.0,1.0,26.6875,133.71484375,95.3046875,106.1875,376.89453125,310.578125,0.0,0.0,1.58984375,25.05415153503418
none,1,390,1.0,0.0,1.0,1.0,1.0,1.0,26.26953125,133.83984375,95.41015625,104.98828125,376.16796875,312.1953125,0.0,0.0,1.48046875,25.141830444335938
none,1,391,1.0,0.0,1.0,1.0,1.0,1.0,26.609375,134.75,94.24609375,104.7890625,376.77734375,304.49609375,0.0,0.0,1.453125,25.060667037963867
none,1,392,1.0,0.0,1.0,1.0,1.0,1.0,26.66796875,135.61328125,93.0390625,106.37109375,378.66796875,301.3046875,0.0,0.0,1.48828125,25.296445846557617
none,1,393,1.0,0.0,1.0,1.0,1.0,1.0,25.625,135.2890625,95.78515625,101.390625,378.34375,308.26171875,0.0,0.0,1.4609375,25.539480209350586
none,1,394,1.0,0.0,1.0,1.0,1.0,1.0,26.0546875,135.01171875,95.296875,103.4921875,379.13671875,309.9296875,0.0,0.0,1.4765625,25.213897705078125
none,1,395,1.0,0.0,1.0,1.0,1.0,1.0,26.80859375,136.16015625,93.93359375,108.21875,381.94140625,303.5625,0.0,0.0,1.62109375,25.267475128173828
none,1,396,1.0,0.0,1.0,1.0,1.0,1.0,25.93359375,133.6171875,94.86328125,104.23828125,376.01953125,310.4609375,0.0,0.0,1.5546875,25.03256607055664
none,1,397,1.0,0.0,1.0,1.0,1.0,1.0,26.25390625,134.81640625,93.8203125,105.07421875,377.45703125,305.10546875,0.0,0.0,1.4375,25.127761840820312
none,1,398,1.0,0.0,1.0,1.0,1.0,1.0,26.11328125,136.1015625,94.2578125,103.4609375,381.81640625,306.453125,0.0,0.0,1.43359375,25.514272689819336
none,1,399,1.0,0.0,1.0,1.0,1.0,1.0,26.01953125,135.640625,93.796875,103.8046875,381.08984375,302.80078125,0.0,0.0,1.4921875,25.276397705078125
none,1,400,1.0,0.0,1.0,1.0,1.0,1.0,26.3828125,135.9140625,93.859375,106.0625,380.39453125,303.55078125,0.0,0.0,1.53125,25.392789840698242
none,1,401,1.0,0.0,1.0,1.0,1.0,1.0,25.40625,135.5,94.81640625,101.82421875,382.22265625,306.99609375,0.0,0.0,1.4609375,25.669668197631836
none,1,402,1.0,0.0,1.0,1.0,1.0,1.0,26.21484375,135.91796875,93.9609375,104.80078125,382.8046875,303.46875,0.0,0.0,1.4296875,25.316030502319336
none,1,403,1.0,0.0,1.0,1.0,1.0,1.0,25.6015625,135.50390625,95.7734375,103.078125,382.125,310.375,0.0,0.0,1.4140625,25.604595184326172
none,1,404,1.0,0.0,1.0,1.0,1.0,1.0,25.9765625,135.125,95.6640625,103.1640625,379.3984375,310.875,0.0,0.0,1.4453125,25.458751678466797
none,1,405,1.0,0.0,1.0,1.0,1.0,1.0,25.76171875,136.44140625,95.23046875,103.53515625,384.16015625,309.32421875,0.0,0.0,1.4296875,25.892425537109375
none,1,406,1.0,0.0,1.0,1.0,1.0,1.0,25.89453125,136.125,95.46484375,103.0,381.53515625,309.1015625,0.0,0.0,1.51171875,25.467575073242188
none,1,407,1.0,0.0,1.0,1.0,1.0,1.0,26.296875,135.77734375,96.0078125,104.96875,380.6328125,310.55078125,0.0,0.0,1.3125,25.538259506225586
none,1,408,1.0,0.0,1.0,1.0,1.0,1.0,25.88671875,135.76953125,95.65234375,102.59375,378.890625,310.4453125,0.0,0.0,1.47265625,25.688871383666992
none,1,409,1.0,0.0,1.0,1.0,1.0,1.0,26.21484375,135.90234375,94.66796875,105.9921875,379.7265625,306.63671875,0.0,0.0,1.47265625,25.483394622802734
none,1,410,1.0,0.0,1.0,1.0,1.0,1.0,25.1015625,137.109375,95.0703125,99.7421875,383.41796875,306.6796875,0.0,0.0,1.45703125,25.827266693115234
none,1,411,1.0,0.0,1.0,1.0,1.0,1.0,25.05078125,136.83984375,93.796875,100.546875,382.3359375,305.73046875,0.0,0.0,1.390625,25.69930648803711
none,1,412,1.0,0.0,1.0,1.0,1.0,1.0,25.23828125,137.125,94.59375,101.87890625,382.57421875,305.85546875,0.0,0.0,1.46484375,25.939298629760742
none,1,413,1.0,0.0,1.0,1.0,1.0,1.0,24.5390625,137.2265625,94.5078125,97.78515625,381.41796875,305.9375,0.0,0.0,1.33984375,26.03218650817871
none,1,414,1.0,0.0,1.0,1.0,1.0,1.0,24.63671875,137.66796875,93.73828125,100.01953125,383.43359375,303.6015625,0.0,0.0,1.4296875,25.914165496826172
none,1,415,1.0,0.0,1.0,1.0,1.0,1.0,24.421875,137.72265625,95.36328125,98.14453125,383.796875,307.9765625,0.0,0.0,1.33984375,26.19158172607422
none,1,416,1.0,0.0,1.0,1.0,1.0,1.0,24.61328125,138.25,93.96875,98.4140625,383.22265625,305.07421875,0.0,0.0,1.41015625,26.15186882019043
none,1,417,1.0,0.0,1.0,1.0,1.0,1.0,24.92578125,136.17578125,96.70703125,99.53515625,376.8984375,314.5,0.0,0.0,1.375,25.949886322021484
none,1,418,1.0,0.0,1.0,1.0,1.0,1.0,25.14453125,136.8984375,95.828125,101.765625,379.44140625,309.66796875,0.0,0.0,1.26953125,26.079870223999023
none,1,419,1.0,0.0,1.0,1.0,1.0,1.0,25.71875,139.25390625,96.06640625,103.34765625,386.7421875,308.265625,0.0,0.0,1.4453125,26.47089958190918
none,1,420,1.0,0.0,1.0,1.0,1.0,1.0,24.6484375,139.33984375,97.203125,99.23046875,385.85546875,310.4296875,0.0,0.0,1.31640625,26.566320419311523
none,1,421,1.0,0.0,1.0,1.0,1.0,1.0,25.48046875,138.4765625,95.99609375,100.328125,386.19140625,305.890625,0.0,0.0,1.5078125,26.276748657226562
none,1,422,1.0,0.0,1.0,1.0,1.0,1.0,25.01171875,138.609375,94.8125,100.21875,384.84375,303.5390625,0.0,0.0,1.39453125,26.320096969604492
none,1,423,1.0,0.0,1.0,1.0,1.0,1.0,24.76171875,137.73046875,97.23046875,98.65625,383.3046875,311.53125,0.0,0.0,1.3828125,26.558040618896484
none,1,424,1.0,0.0,1.0,1.0,1.0,1.0,24.88671875,138.12890625,96.91796875,99.9375,384.375,311.59375,0.0,0.0,1.2421875,26.407718658447266
none,1,425,1.0,0.0,1.0,1.0,1.0,1.0,24.2734375,138.15234375,96.59375,97.671875,385.67578125,312.7734375,0.0,0.0,1.34765625,26.453323364257812
none,1,426,1.0,0.0,1.0,1.0,1.0,1.0,24.8515625,137.92578125,95.3671875,99.5078125,383.5078125,307.140625,0.0,0.0,1.3046875,26.326980590820312
none,1,427,1.0,0.0,1.0,1.0,1.0,1.0,24.39453125,139.18359375,96.55859375,99.6953125,388.22265625,311.1484375,0.0,0.0,1.296875,26.72113037109375
none,1,428,1.0,0.0,1.0,1.0,1.0,1.0,24.703125,139.80859375,96.21484375,99.12109375,390.15625,310.68359375,0.0,0.0,1.234375,26.773681640625
none,1,429,1.0,0.0,1.0,1.0,1.0,1.0,24.13671875,140.87890625,95.01953125,96.10546875,391.359375,305.09375,0.0,0.0,1.2265625,27.05569076538086
none,1,430,1.0,0.0,1.0,1.0,1.0,1.0,24.19140625,139.5,95.2578125,97.34765625,386.2578125,303.1328125,0.0,0.0,1.3203125,26.659854888916016
none,1,431,1.0,0.0,1.0,1.0,1.0,1.0,25.046875,140.69921875,93.796875,99.453125,387.203125,299.98828125,0.0,0.0,1.28125,26.695837020874023
none,1,432,1.0,0.0,1.0,1.0,1.0,1.0,24.08203125,140.69140625,96.265625,95.234375,386.94140625,308.640625,0.0,0.0,1.40234375,26.918922424316406
none,1,433,1.0,0.0,1.0,1.0,1.0,1.0,23.265625,139.703125,97.15234375,94.62890625,385.44140625,309.50390625,0.0,0.0,1.27734375,27.054548263549805
none,1,434,1.0,0.0,1.0,1.0,1.0,1.0,24.0625,138.47265625,98.68359375,97.046875,384.03125,314.6953125,0.0,0.0,1.3046875,26.896770477294922
none,1,435,1.0,0.0,1.0,1.0,1.0,1.0,23.8125,140.765625,95.58203125,94.8828125,389.203125,305.18359375,0.0,0.0,1.328125,27.059240341186523
none,1,436,1.0,0.0,1.0,1.0,1.0,1.0,23.65625,140.2109375,96.0625,96.5390625,386.37890625,304.5,0.0,0.0,1.30859375,26.97369384765625
none,1,437,1.0,0.0,1.0,1.0,1.0,1.0,23.984375,139.55859375,96.53515625,97.9375,385.515625,309.3359375,0.0,0.0,1.26171875,26.84743881225586
none,1,438,1.0,0.0,1.0,1.0,1.0,1.0,22.96875,138.9453125,97.265625,93.49609375,383.328125,315.3515625,0.0,0.0,1.1953125,26.664546966552734
none,1,439,1.0,0.0,1.0,1.0,1.0,1.0,23.4140625,140.6015625,97.48046875,94.12890625,387.0546875,314.32421875,0.0,0.0,1.30859375,27.044157028198242
none,1,440,1.0,0.0,1.0,1.0,1.0,1.0,23.15625,139.10546875,97.65234375,93.84375,383.55078125,316.8515625,0.0,0.0,1.26171875,26.988414764404297
none,1,441,1.0,0.0,1.0,1.0,1.0,1.0,23.46484375,140.0703125,97.2578125,94.04296875,387.69140625,314.21875,0.0,0.0,1.06640625,27.13766860961914
none,1,442,1.0,0.0,1.0,1.0,1.0,1.0,23.05859375,140.92578125,96.2109375,93.80078125,389.06640625,314.7890625,0.0,0.0,1.20703125,27.271108627319336
none,1,443,1.0,0.0,1.0,1.0,1.0,1.0,23.390625,141.51171875,95.81640625,96.1484375,390.16796875,310.77734375,0.0,0.0,1.296875,27.346622467041016
none,1,444,1.0,0.0,1.0,1.0,1.0,1.0,23.140625,141.61328125,95.8125,93.98046875,392.1875,311.2734375,0.0,0.0,1.1953125,27.442256927490234
none,1,445,1.0,0.0,1.0,1.0,1.0,1.0,22.8515625,140.4140625,97.08984375,93.78125,390.83203125,313.12890625,0.0,0.0,1.28515625,27.189552307128906
none,1,446,1.0,0.0,1.0,1.0,1.0,1.0,22.62890625,141.30078125,95.94140625,92.80078125,390.96875,312.390625,0.0,0.0,1.23828125,27.206220626831055
none,1,447,1.0,0.0,1.0,1.0,1.0,1.0,23.1953125,141.37890625,97.57421875,92.76953125,392.265625,315.05078125,0.0,0.0,1.23828125,27.389205932617188
none,1,448,1.0,0.0,1.0,1.0,1.0,1.0,22.9296875,142.69140625,96.4765625,93.66796875,394.91796875,310.0078125,0.0,0.0,1.0859375,27.68097496032715
none,1,449,1.0,0.0,1.0,1.0,1.0,1.0,22.9375,141.97265625,98.6171875,94.22265625,390.7578125,318.1953125,0.0,0.0,1.17578125,27.750186920166016
none,1,450,1.0,0.0,1.0,1.0,1.0,1.0,22.98828125,142.82421875,96.93359375,93.08203125,394.51953125,311.0390625,0.0,0.0,1.16015625,27.697477340698242
none,1,451,1.0,0.0,1.0,1.0,1.0,1.0,22.71484375,141.3515625,99.26953125,93.69140625,390.81640625,320.34375,0.0,0.0,1.12890625,27.530029296875
none,1,452,1.0,0.0,1.0,1.0,1.0,1.0,22.74609375,142.1796875,96.6875,93.3671875,394.2109375,309.703125,0.0,0.0,1.125,27.6877498626709
none,1,453,1.0,0.0,1.0,1.0,1.0,1.0,22.8359375,142.06640625,95.515625,94.1875,394.1875,306.421875,0.0,0.0,1.22265625,27.377140045166016
none,1,454,1.0,0.0,1.0,1.0,1.0,1.0,22.57421875,142.04296875,96.796875,92.94921875,393.13671875,314.56640625,0.0,0.0,1.23828125,27.534027099609375
none,1,455,1.0,0.0,1.0,1.0,1.0,1.0,23.05859375,142.76953125,95.62890625,95.13671875,395.05859375,308.0703125,0.0,0.0,1.26953125,27.719900131225586
none,1,456,1.0,0.0,1.0,1.0,1.0,1.0,23.25,142.47265625,97.3671875,95.11328125,394.48046875,311.8359375,0.0,0.0,1.1796875,27.701171875
none,1,457,1.0,0.0,1.0,1.0,1.0,1.0,22.76953125,143.21875,96.76171875,92.9296875,394.48046875,311.0546875,0.0,0.0,1.234375,27.920669555664062
none,1,458,1.0,0.0,1.0,1.0,1.0,1.0,22.66015625,142.7109375,97.24609375,94.99609375,394.765625,312.765625,0.0,0.0,1.2265625,27.809608459472656
none,1,459,1.0,0.0,1.0,1.0,1.0,1.0,23.44921875,142.61328125,98.453125,96.4296875,393.0703125,316.21875,0.0,0.0,1.11328125,27.772130966186523
none,1,460,1.0,0.0,1.0,1.0,1.0,1.0,22.86328125,142.35546875,96.6796875,93.18359375,392.7734375,308.19921875,0.0,0.0,1.0859375,27.797391891479492
none,1,461,1.0,0.0,1.0,1.0,1.0,1.0,22.49609375,141.9609375,98.03515625,92.78125,390.91796875,311.8046875,0.0,0.0,1.14453125,27.646373748779297
none,1,462,1.0,0.0,1.0,1.0,1.0,1.0,23.37890625,141.72265625,97.83203125,95.83203125,388.7421875,310.25390625,0.0,0.0,1.29296875,27.589508056640625
none,1,463,1.0,0.0,1.0,1.0,1.0,1.0,23.3515625,142.88671875,96.1015625,95.7109375,391.96875,305.94140625,0.0,0.0,1.13671875,27.626203536987305
none,1,464,1.0,0.0,1.0,1.0,1.0,1.0,23.3984375,142.7578125,98.80859375,96.02734375,389.15234375,316.28125,0.0,0.0,1.1015625,27.853649139404297
none,1,465,1.0,0.0,1.0,1.0,1.0,1.0,22.89453125,142.53515625,98.9140625,92.61328125,388.9140625,315.11328125,0.0,0.0,1.0859375,27.99871826171875
none,1,466,1.0,0.0,1.0,1.0,1.0,1.0,23.22265625,143.16015625,98.984375,94.0,389.359375,314.4921875,0.0,0.0,1.1484375,28.02373504638672
none,1,467,1.0,0.0,1.0,1.0,1.0,1.0,22.8984375,143.125,98.51171875,93.10546875,391.39453125,314.953125,0.0,0.0,1.09375,27.855327606201172
none,1,468,1.0,0.0,1.0,1.0,1.0,1.0,22.53125,143.65625,98.28125,90.87109375,391.04296875,311.9140625,0.0,0.0,1.17578125,28.078739166259766
none,1,469,1.0,0.0,1.0,1.0,1.0,1.0,22.38671875,143.46484375,97.13671875,92.39453125,391.4921875,307.703125,0.0,0.0,1.1015625,28.001150131225586
none,1,470,1.0,0.0,1.0,1.0,1.0,1.0,22.83984375,143.2890625,98.43359375,93.01953125,392.24609375,312.59375,0.0,0.0,1.12109375,28.088420867919922
none,1,471,1.0,0.0,1.0,1.0,1.0,1.0,22.1328125,144.015625,97.5078125,89.5546875,395.21484375,308.77734375,0.0,0.0,1.0625,28.1471004486084
none,1,472,1.0,0.0,1.0,1.0,1.0,1.0,21.95703125,143.234375,98.11328125,90.2578125,391.78125,311.4375,0.0,0.0,1.125,27.991071701049805
none,1,473,1.0,0.0,1.0,1.0,1.0,1.0,22.19921875,143.98828125,97.4140625,91.40625,393.77734375,308.49609375,0.0,0.0,1.13671875,28.170345306396484
none,1,474,1.0,0.0,1.0,1.0,1.0,1.0,21.8515625,144.66796875,99.34765625,88.85546875,395.17578125,315.94921875,0.0,0.0,1.09765625,28.635238647460938
none,1,475,1.0,0.0,1.0,1.0,1.0,1.0,22.3125,144.67578125,97.3984375,90.75,397.66796875,309.43359375,0.0,0.0,1.12109375,28.3131160736084
none,1,476,1.0,0.0,1.0,1.0,1.0,1.0,22.5,143.03515625,100.64453125,92.18359375,391.0859375,321.84765625,0.0,0.0,1.05078125,28.155132293701172
none,1,477,1.0,0.0,1.0,1.0,1.0,1.0,23.07421875,142.8203125,96.09765625,95.41796875,394.3671875,307.47265625,0.0,0.0,1.16015625,27.65576171875
none,1,478,1.0,0.0,1.0,1.0,1.0,1.0,22.36328125,143.5546875,98.796875,91.57421875,395.4921875,315.12109375,0.0,0.0,1.1484375,28.113140106201172
none,1,479,1.0,0.0,1.0,1.0,1.0,1.0,22.453125,142.41796875,98.1640625,91.453125,390.8671875,315.76953125,0.0,0.0,1.02734375,28.116092681884766
none,1,480,1.0,0.0,1.0,1.0,1.0,1.0,22.55078125,143.21875,98.0625,91.80078125,392.75390625,315.59765625,0.0,0.0,1.21484375,28.01449203491211
none,1,481,1.0,0.0,1.0,1.0,1.0,1.0,21.55859375,143.57421875,98.7578125,90.1953125,396.43359375,315.5859375,0.0,0.0,1.046875,28.295333862304688
none,1,482,1.0,0.0,1.0,1.0,1.0,1.0,21.75,143.2734375,98.7890625,88.0859375,395.0703125,316.96484375,0.0,0.0,1.19140625,28.24666404724121
none,1,483,1.0,0.0,1.0,1.0,1.0,1.0,21.96875,144.859375,97.671875,89.04296875,397.17578125,310.89453125,0.0,0.0,1.11328125,28.366819381713867
none,1,484,1.0,0.0,1.0,1.0,1.0,1.0,21.58984375,145.38671875,97.50390625,89.84765625,400.4765625,311.69140625,0.0,0.0,1.125,28.441816329956055
none,1,485,1.0,0.0,1.0,1.0,1.0,1.0,22.6796875,145.953125,97.16015625,94.11328125,401.21875,310.70703125,0.0,0.0,1.125,28.62258529663086
none,1,486,1.0,0.0,1.0,1.0,1.0,1.0,21.734375,143.8125,99.31640625,90.16015625,393.015625,318.55859375,0.0,0.0,1.0625,28.4429931640625
none,1,487,1.0,0.0,1.0,1.0,1.0,1.0,21.34375,145.25390625,98.875,88.6171875,397.38671875,314.62109375,0.0,0.0,1.0703125,28.64035415649414
none,1,488,1.0,0.0,1.0,1.0,1.0,1.0,21.41015625,144.70703125,98.41796875,89.328125,394.81640625,313.03125,0.0,0.0,1.0234375,28.608396530151367
none,1,489,1.0,0.0,1.0,1.0,1.0,1.0,21.8203125,144.03515625,97.3359375,91.00390625,393.0078125,308.74609375,0.0,0.0,1.11328125,28.186931610107422
none,1,490,1.0,0.0,1.0,1.0,1.0,1.0,21.421875,143.8359375,100.4296875,89.73828125,392.4921875,319.359375,0.0,0.0,1.046875,28.494970321655273
none,1,491,1.0,0.0,1.0,1.0,1.0,1.0,21.71875,145.2265625,97.9921875,90.22265625,396.25390625,313.05859375,0.0,0.0,0.96875,28.683223724365234
none,1,492,1.0,0.0,1.0,1.0,1.0,1.0,21.73828125,145.10546875,97.921875,89.6875,398.33984375,310.53515625,0.0,0.0,1.05078125,28.64739227294922
none,1,493,1.0,0.0,1.0,1.0,1.0,1.0,21.28515625,145.8515625,98.5625,86.515625,399.5703125,312.5234375,0.0,0.0,1.05078125,28.81781578063965
none,1,494,1.0,0.0,1.0,1.0,1.0,1.0,21.37109375,145.60546875,98.515625,89.48046875,399.640625,313.26171875,0.0,0.0,1.1796875,28.696849822998047
none,1,495,1.0,0.0,1.0,1.0,1.0,1.0,21.66015625,145.015625,97.9453125,90.3671875,396.87890625,311.8984375,0.0,0.0,0.9765625,28.432645797729492
none,1,496,1.0,0.0,1.0,1.0,1.0,1.0,21.4375,144.2578125,98.16015625,88.6328125,394.99609375,309.00390625,0.0,0.0,1.08203125,28.554916381835938
none,1,497,1.0,0.0,1.0,1.0,1.0,1.0,21.4375,145.6796875,97.5078125,87.91015625,398.5234375,307.94140625,0.0,0.0,1.0859375,28.78957748413086
none,1,498,1.0,0.0,1.0,1.0,1.0,1.0,20.84375,145.46484375,98.11328125,87.23828125,397.86328125,311.703125,0.0,0.0,1.078125,28.73151969909668
none,1,499,1.0,0.0,1.0,1.0,1.0,1.0,20.87109375,146.890625,97.5234375,87.1796875,401.1171875,310.6015625,0.0,0.0,1.00390625,29.0522518157959
none,1,500,1.0,0.0,1.0,1.0,1.0,1.0,21.42578125,144.4453125,100.046875,88.296875,393.13671875,319.2734375,0.0,0.0,1.0390625,28.59262466430664
none,1,501,1.0,0.0,1.0,1.0,1.0,1.0,20.89453125,146.3125,98.09375,87.9609375,398.2578125,312.54296875,0.0,0.0,1.05859375,29.105749130249023
none,1,502,1.0,0.0,1.0,1.0,1.0,1.0,20.72265625,146.3671875,98.75390625,86.140625,399.8671875,316.19921875,0.0,0.0,1.0078125,29.229063034057617
none,1,503,1.0,0.0,1.0,1.0,1.0,1.0,21.6171875,145.921875,98.70703125,89.58984375,398.5390625,315.296875,0.0,0.0,1.046875,28.9073543548584
none,1,504,1.0,0.0,1.0,1.0,1.0,1.0,21.16796875,145.7109375,99.5078125,87.5546875,398.48828125,319.109375,0.0,0.0,1.05078125,29.03871726989746
none,1,505,1.0,0.0,1.0,1.0,1.0,1.0,21.87109375,146.234375,98.5078125,89.71875,399.1484375,315.46484375,0.0,0.0,1.08203125,28.836345672607422
none,1,506,1.0,0.0,1.0,1.0,1.0,1.0,20.90625,147.03125,97.875,86.4609375,401.296875,311.3359375,0.0,0.0,1.16796875,29.088603973388672
none,1,507,1.0,0.0,1.0,1.0,1.0,1.0,21.16015625,146.75390625,98.21875,87.546875,399.31640625,310.03515625,0.0,0.0,1.05078125,29.299053192138672
none,1,508,1.0,0.0,1.0,1.0,1.0,1.0,20.39453125,147.6171875,98.05078125,84.42578125,399.0,311.35546875,0.0,0.0,1.0078125,29.274085998535156
none,1,509,1.0,0.0,1.0,1.0,1.0,1.0,21.31640625,146.4140625,100.25390625,87.203125,396.12109375,320.07421875,0.0,0.0,1.0390625,29.061674118041992
none,1,510,1.0,0.0,1.0,1.0,1.0,1.0,21.34765625,147.22265625,98.19140625,88.375,398.12109375,312.30859375,0.0,0.0,1.03125,29.242637634277344
none,1,511,1.0,0.0,1.0,1.0,1.0,1.0,21.15234375,147.10546875,99.66796875,88.3359375,396.7734375,313.796875,0.0,0.0,1.0703125,29.274822235107422
none,1,512,1.0,0.0,1.0,1.0,1.0,1.0,20.890625,146.46875,99.10546875,87.0078125,396.9453125,311.94921875,0.0,0.0,0.96484375,29.047863006591797
none,1,513,1.0,0.0,1.0,1.0,1.0,1.0,21.46484375,147.3984375,98.0625,88.16015625,399.8125,309.1328125,0.0,0.0,1.08984375,29.29195785522461
none,1,514,1.0,0.0,1.0,1.0,1.0,1.0,21.48828125,147.03515625,98.1875,89.75390625,398.4921875,309.25,0.0,0.0,1.08984375,29.224300384521484
none,1,515,1.0,0.0,1.0,1.0,1.0,1.0,21.19921875,148.06640625,99.12890625,88.4140625,401.29296875,313.0546875,0.0,0.0,1.10546875,29.500755310058594
none,1,516,1.0,0.0,1.0,1.0,1.0,1.0,20.48828125,147.19921875,98.453125,86.26171875,400.3125,310.328125,0.0,0.0,1.05078125,29.379295349121094
none,1,517,1.0,0.0,1.0,1.0,1.0,1.0,20.84375,147.78515625,98.47265625,87.14453125,399.96484375,309.28125,0.0,0.0,0.9609375,29.38673973083496
none,1,518,1.0,0.0,1.0,1.0,1.0,1.0,20.87109375,147.78125,99.6640625,88.5078125,399.78515625,312.73046875,0.0,0.0,0.94921875,29.421615600585938
none,1,519,1.0,0.0,1.0,1.0,1.0,1.0,19.52734375,148.15625,100.15234375,80.828125,401.97265625,314.85546875,0.0,0.0,1.109375,29.846359252929688
none,1,520,1.0,0.0,1.0,1.0,1.0,1.0,19.8515625,148.19921875,100.39453125,84.10546875,401.609375,315.8125,0.0,0.0,0.93359375,29.813968658447266
none,1,521,1.0,0.0,1.0,1.0,1.0,1.0,20.76953125,149.078125,98.578125,85.93359375,402.6015625,309.734375,0.0,0.0,0.921875,29.647705078125
none,1,522,1.0,0.0,1.0,1.0,1.0,1.0,20.83984375,148.609375,99.3515625,86.62109375,402.3828125,310.51171875,0.0,0.0,0.89453125,29.505672454833984
none,1,523,1.0,0.0,1.0,1.0,1.0,1.0,20.17578125,148.01953125,98.8515625,85.41796875,399.8046875,310.4609375,0.0,0.0,1.0234375,29.57570457458496
none,1,524,1.0,0.0,1.0,1.0,1.0,1.0,20.609375,147.87109375,98.3515625,86.45703125,400.01171875,309.89453125,0.0,0.0,0.984375,29.506237030029297
none,1,525,1.0,0.0,1.0,1.0,1.0,1.0,20.87890625,147.78125,100.02734375,86.13671875,398.87890625,311.33984375,0.0,0.0,1.00390625,29.560522079467773
none,1,526,1.0,0.0,1.0,1.0,1.0,1.0,19.79296875,148.5546875,99.04296875,82.41015625,398.984375,311.2109375,0.0,0.0,1.0078125,29.73602867126465
none,1,527,1.0,0.0,1.0,1.0,1.0,1.0,20.50390625,149.0234375,99.78125,84.60546875,402.56640625,312.93359375,0.0,0.0,1.02734375,29.892070770263672
none,1,528,1.0,0.0,1.0,1.0,1.0,1.0,20.03125,148.99609375,99.16796875,84.65625,401.015625,311.328125,0.0,0.0,0.9140625,29.751220703125
none,1,529,1.0,0.0,1.0,1.0,1.0,1.0,20.03125,149.7265625,99.69140625,84.10546875,402.95703125,314.94921875,0.0,0.0,0.98046875,29.938079833984375
none,1,530,1.0,0.0,1.0,1.0,1.0,1.0,19.81640625,148.625,101.70703125,84.1015625,398.3203125,320.23046875,0.0,0.0,0.90234375,29.98073959350586
none,1,531,1.0,0.0,1.0,1.0,1.0,1.0,19.859375,149.625,98.57421875,85.12109375,402.48828125,311.77734375,0.0,0.0,0.8984375,29.92043685913086
none,1,532,1.0,0.0,1.0,1.0,1.0,1.0,20.15234375,149.46484375,100.43359375,84.15234375,400.86328125,317.125,0.0,0.0,1.03515625,29.95367431640625
none,1,533,1.0,0.0,1.0,1.0,1.0,1.0,19.4921875,149.3515625,100.87109375,83.359375,403.86328125,319.7265625,0.0,0.0,0.9453125,30.22724723815918
none,1,534,1.0,0.0,1.0,1.0,1.0,1.0,19.8515625,147.94140625,100.55078125,83.46875,400.63671875,317.7734375,0.0,0.0,0.9140625,29.870620727539062
none,1,535,1.0,0.0,1.0,1.0,1.0,1.0,19.80859375,149.37890625,100.4296875,84.37109375,403.81640625,316.046875,0.0,0.0,0.8515625,30.22963523864746
none,1,536,1.0,0.0,1.0,1.0,1.0,1.0,19.15625,149.79296875,101.77734375,81.73828125,405.8203125,319.59375,0.0,0.0,0.86328125,30.443321228027344
none,1,537,1.0,0.0,1.0,1.0,1.0,1.0,19.98046875,149.46875,100.2890625,84.41796875,405.203125,314.125,0.0,0.0,1.0,29.97553062438965
none,1,538,1.0,0.0,1.0,1.0,1.0,1.0,19.27734375,150.00390625,100.4296875,83.30859375,404.9921875,315.60546875,0.0,0.0,0.89453125,30.307292938232422
none,1,539,1.0,0.0,1.0,1.0,1.0,1.0,19.3203125,149.4453125,98.05078125,82.4453125,403.390625,307.75390625,0.0,0.0,0.99609375,29.715469360351562
none,1,540,1.0,0.0,1.0,1.0,1.0,1.0,18.77734375,150.2890625,100.0703125,80.875,404.15234375,315.078125,0.0,0.0,0.97265625,30.272899627685547
none,1,541,1.0,0.0,1.0,1.0,1.0,1.0,18.6171875,150.6953125,100.52734375,81.203125,406.859375,315.31640625,0.0,0.0,0.83984375,30.636343002319336
none,1,542,1.0,0.0,1.0,1.0,1.0,1.0,19.265625,150.2109375,100.890625,82.7421875,404.90234375,318.03515625,0.0,0.0,0.91015625,30.34278678894043
none,1,543,1.0,0.0,1.0,1.0,1.0,1.0,19.58203125,149.70703125,101.6171875,83.10546875,402.62109375,318.4375,0.0,0.0,1.01953125,30.103254318237305
none,1,544,1.0,0.0,1.0,1.0,1.0,1.0,18.390625,150.8046875,101.17578125,79.5078125,408.35546875,320.0078125,0.0,0.0,0.89453125,30.80165672302246
none,1,545,1.0,0.0,1.0,1.0,1.0,1.0,19.15625,150.5859375,98.72265625,81.484375,405.734375,309.13671875,0.0,0.0,0.9375,30.360769271850586
none,1,546,1.0,0.0,1.0,1.0,1.0,1.0,20.0234375,148.87890625,101.44140625,84.5390625,399.3046875,317.59765625,0.0,0.0,1.00390625,30.089223861694336
none,1,547,1.0,0.0,1.0,1.0,1.0,1.0,19.3046875,151.3203125,100.98046875,82.24609375,404.24609375,314.796875,0.0,0.0,1.0078125,30.571674346923828
none,1,548,1.0,0.0,1.0,1.0,1.0,1.0,19.609375,150.75390625,103.296875,83.49609375,402.16015625,320.6484375,0.0,0.0,0.8359375,30.736492156982422
none,1,549,1.0,0.0,1.0,1.0,1.0,1.0,19.30859375,151.3046875,99.92578125,82.2109375,406.89453125,310.10546875,0.0,0.0,0.95703125,30.575939178466797
none,1,550,1.0,0.0,1.0,1.0,1.0,1.0,19.62890625,150.15625,100.8046875,81.7578125,399.2578125,310.48046875,0.0,0.0,0.8046875,30.368581771850586
none,1,551,1.0,0.0,1.0,1.0,1.0,1.0,19.34375,150.19140625,100.59765625,82.41015625,400.2578125,311.93359375,0.0,0.0,0.95703125,30.297542572021484
none,1,552,1.0,0.0,1.0,1.0,1.0,1.0,18.7578125,152.8203125,101.19921875,80.40234375,406.43359375,312.8125,0.0,0.0,0.9453125,30.881114959716797
none,1,553,1.0,0.0,1.0,1.0,1.0,1.0,18.9140625,150.953125,100.4375,79.8125,402.87109375,310.671875,0.0,0.0,0.91015625,30.563159942626953
none,1,554,1.0,0.0,1.0,1.0,1.0,1.0,19.31640625,151.69140625,98.8828125,81.125,404.13671875,304.546875,0.0,0.0,0.84375,30.665451049804688
none,1,555,1.0,0.0,1.0,1.0,1.0,1.0,19.78125,150.59765625,101.15234375,84.26953125,399.546875,314.82421875,0.0,0.0,0.85546875,30.46932029724121
none,1,556,1.0,0.0,1.0,1.0,1.0,1.0,19.04296875,151.65625,101.22265625,80.62109375,402.36328125,313.59765625,0.0,0.0,0.87890625,30.97371482849121
none,1,557,1.0,0.0,1.0,1.0,1.0,1.0,18.8984375,151.82421875,101.7734375,80.03125,402.1875,317.98828125,0.0,0.0,0.91015625,30.94464683532715
none,1,558,1.0,0.0,1.0,1.0,1.0,1.0,19.3046875,150.54296875,101.625,82.91015625,399.61328125,317.71875,0.0,0.0,0.953125,30.61410903930664
none,1,559,1.0,0.0,1.0,1.0,1.0,1.0,18.73046875,150.140625,101.4453125,80.64453125,399.8515625,315.953125,0.0,0.0,0.93359375,30.528221130371094
none,1,560,1.0,0.0,1.0,1.0,1.0,1.0,18.2109375,151.83203125,102.7578125,77.859375,404.390625,321.0703125,0.0,0.0,0.98046875,31.087377548217773
none,1,561,1.0,0.0,1.0,1.0,1.0,1.0,19.25390625,152.56640625,100.8359375,79.62109375,405.91015625,313.79296875,0.0,0.0,0.8984375,31.04176902770996
none,1,562,1.0,0.0,1.0,1.0,1.0,1.0,18.7734375,151.3046875,103.47265625,79.66796875,403.39453125,322.48046875,0.0,0.0,0.91015625,30.870826721191406
none,1,563,1.0,0.0,1.0,1.0,1.0,1.0,18.41796875,151.96875,101.90625,80.59375,405.18359375,318.64453125,0.0,0.0,0.80859375,31.235118865966797
none,1,564,1.0,0.0,1.0,1.0,1.0,1.0,18.7109375,152.26171875,103.4453125,81.0078125,404.87890625,321.296875,0.0,0.0,0.86328125,31.329320907592773
none,1,565,1.0,0.0,1.0,1.0,1.0,1.0,19.14453125,151.92578125,102.875,82.84375,405.0703125,320.9140625,0.0,0.0,0.7578125,30.993690490722656
none,1,566,1.0,0.0,1.0,1.0,1.0,1.0,19.19921875,151.484375,103.5390625,82.38671875,403.66015625,322.640625,0.0,0.0,0.98046875,30.848587036132812
none,1,567,1.0,0.0,1.0,1.0,1.0,1.0,19.15625,153.22265625,100.8359375,81.55859375,406.4921875,313.2578125,0.0,0.0,0.93359375,31.28417205810547
none,1,568,1.0,0.0,1.0,1.0,1.0,1.0,19.24609375,151.828125,102.79296875,81.16015625,404.9296875,319.84375,0.0,0.0,0.765625,31.106184005737305
none,1,569,1.0,0.0,1.0,1.0,1.0,1.0,19.13671875,153.12109375,101.5078125,81.859375,407.703125,315.53515625,0.0,0.0,0.94140625,31.051441192626953
none,1,570,1.0,0.0,1.0,1.0,1.0,1.0,18.75,152.71484375,101.12109375,79.80859375,406.859375,313.6875,0.0,0.0,0.76953125,31.132747650146484
none,1,571,1.0,0.0,1.0,1.0,1.0,1.0,18.48046875,152.80859375,103.15234375,79.703125,405.26171875,320.84765625,0.0,0.0,0.9375,31.196735382080078
none,1,572,1.0,0.0,1.0,1.0,1.0,1.0,18.57421875,152.3828125,103.01171875,80.53125,405.5546875,320.390625,0.0,0.0,0.91796875,31.112869262695312
none,1,573,1.0,0.0,1.0,1.0,1.0,1.0,18.68359375,152.55859375,103.09375,80.796875,405.01953125,318.66015625,0.0,0.0,0.9453125,31.35138511657715
none,1,574,1.0,0.0,1.0,1.0,1.0,1.0,18.3515625,151.75,104.13671875,79.125,401.51953125,321.51953125,0.0,0.0,0.796875,31.16986083984375
none,1,575,1.0,0.0,1.0,1.0,1.0,1.0,18.42578125,151.61328125,104.75390625,80.1328125,402.5703125,328.0,0.0,0.0,0.8359375,31.191417694091797
none,1,576,1.0,0.0,1.0,1.0,1.0,1.0,18.2109375,152.99609375,101.7421875,79.9921875,406.296875,317.140625,0.0,0.0,0.8203125,31.25587272644043
none,1,577,1.0,0.0,1.0,1.0,1.0,1.0,18.49609375,152.8359375,101.71875,78.98046875,407.328125,315.49609375,0.0,0.0,0.90234375,31.16498374938965
none,1,578,1.0,0.0,1.0,1.0,1.0,1.0,18.234375,151.90234375,104.078125,79.89453125,404.5,322.34375,0.0,0.0,0.81640625,31.269216537475586
none,1,579,1.0,0.0,1.0,1.0,1.0,1.0,18.45703125,151.90234375,104.546875,80.54296875,404.0625,325.5859375,0.0,0.0,0.7890625,31.2481689453125
none,1,580,1.0,0.0,1.0,1.0,1.0,1.0,18.2265625,152.41796875,105.34375,79.46875,404.05078125,327.19921875,0.0,0.0,0.90234375,31.5712947845459
none,1,581,1.0,0.0,1.0,1.0,1.0,1.0,18.3359375,152.8515625,103.71875,78.5703125,407.69140625,323.4296875,0.0,0.0,0.83203125,31.429433822631836
none,1,582,1.0,0.0,1.0,1.0,1.0,1.0,17.984375,153.50390625,103.4453125,79.140625,407.5625,321.19921875,0.0,0.0,0.7578125,31.55695152282715
none,1,583,1.0,0.0,1.0,1.0,1.0,1.0,18.1484375,153.2890625,102.1171875,78.609375,407.53125,317.1953125,0.0,0.0,0.9140625,31.389028549194336
none,1,584,1.0,0.0,1.0,1.0,1.0,1.0,17.6484375,153.06640625,103.80078125,77.0234375,405.2734375,323.89453125,0.0,0.0,0.8203125,31.543651580810547
none,1,585,1.0,0.0,1.0,1.0,1.0,1.0,18.6953125,153.2890625,102.78515625,81.015625,407.0703125,318.83203125,0.0,0.0,0.76953125,31.556900024414062
none,1,586,1.0,0.0,1.0,1.0,1.0,1.0,17.76171875,152.640625,104.6640625,77.7890625,404.04296875,325.08984375,0.0,0.0,0.875,31.40826416015625
none,1,587,1.0,0.0,1.0,1.0,1.0,1.0,18.2890625,153.7890625,103.5703125,78.3671875,408.05078125,319.78125,0.0,0.0,0.7890625,31.725383758544922
none,1,588,1.0,0.0,1.0,1.0,1.0,1.0,18.51953125,152.4921875,104.50390625,79.890625,401.81640625,325.62890625,0.0,0.0,0.83984375,31.337087631225586
none,1,589,1.0,0.0,1.0,1.0,1.0,1.0,18.625,154.39453125,103.765625,81.0390625,406.71875,320.828125,0.0,0.0,0.8515625,31.770965576171875
none,1,590,1.0,0.0,1.0,1.0,1.0,1.0,18.65234375,152.765625,102.99609375,80.6640625,404.390625,319.48046875,0.0,0.0,0.89453125,31.450658798217773
none,1,591,1.0,0.0,1.0,1.0,1.0,1.0,18.734375,152.0546875,104.4453125,81.046875,401.24609375,323.47265625,0.0,0.0,0.85546875,31.349966049194336
none,1,592,1.0,0.0,1.0,1.0,1.0,1.0,18.81640625,153.67578125,102.62890625,81.0234375,406.59765625,315.51953125,0.0,0.0,0.8359375,31.3919677734375
none,1,593,1.0,0.0,1.0,1.0,1.0,1.0,18.140625,152.44921875,104.4140625,78.80859375,401.34375,322.11328125,0.0,0.0,0.828125,31.59992218017578
none,1,594,1.0,0.0,1.0,1.0,1.0,1.0,17.83203125,152.90234375,103.91015625,78.41015625,405.0078125,320.43359375,0.0,0.0,0.90625,31.579635620117188
none,1,595,1.0,0.0,1.0,1.0,1.0,1.0,17.7265625,154.05859375,103.41796875,77.08203125,407.78515625,318.046875,0.0,0.0,0.84375,31.757177352905273
none,1,596,1.0,0.0,1.0,1.0,1.0,1.0,17.6640625,155.07421875,101.328125,75.94921875,409.95703125,313.35546875,0.0,0.0,0.8046875,31.94281005859375
none,1,597,1.0,0.0,1.0,1.0,1.0,1.0,17.9453125,154.34765625,104.3515625,77.75390625,407.61328125,321.84375,0.0,0.0,0.88671875,31.848873138427734
none,1,598,1.0,0.0,1.0,1.0,1.0,1.0,17.19921875,154.23046875,104.046875,75.453125,408.0234375,319.19140625,0.0,0.0,0.703125,31.984817504882812
none,1,599,1.0,0.0,1.0,1.0,1.0,1.0,17.48046875,153.56640625,103.47265625,77.43359375,405.24609375,321.109375,0.0,0.0,0.74609375,31.716415405273438
none,1,600,1.0,0.0,1.0,1.0,1.0,1.0,18.22265625,154.5625,104.10546875,79.12890625,406.82421875,321.3359375,0.0,0.0,0.7734375,31.90443992614746
none,1,601,1.0,0.0,1.0,1.0,1.0,1.0,18.6640625,153.5546875,102.13671875,81.5234375,405.875,314.9375,0.0,0.0,0.890625,31.43122100830078
none,1,602,1.0,0.0,1.0,1.0,1.0,1.0,17.875,154.06640625,102.4140625,77.12109375,405.0703125,316.57421875,0.0,0.0,0.91796875,31.79952049255371
none,1,603,1.0,0.0,1.0,1.0,1.0,1.0,17.55859375,154.86328125,104.39453125,77.65234375,406.2734375,322.37109375,0.0,0.0,0.77734375,31.960033416748047
none,1,604,1.0,0.0,1.0,1.0,1.0,1.0,17.984375,154.296875,102.5859375,77.796875,405.6640625,316.75390625,0.0,0.0,0.78125,31.802221298217773
none,1,605,1.0,0.0,1.0,1.0,1.0,1.0,18.61328125,152.5546875,106.25,81.00390625,399.4140625,326.95703125,0.0,0.0,0.64453125,31.720596313476562
none,1,606,1.0,0.0,1.0,1.0,1.0,1.0,18.01171875,156.2109375,102.80859375,79.171875,409.5625,317.765625,0.0,0.0,0.734375,32.208282470703125
none,1,607,1.0,0.0,1.0,1.0,1.0,1.0,18.46875,154.1640625,105.24609375,80.3203125,404.66015625,326.8203125,0.0,0.0,0.78125,31.85507583618164
none,1,608,1.0,0.0,1.0,1.0,1.0,1.0,18.40234375,153.72265625,105.625,80.64453125,403.546875,324.91796875,0.0,0.0,0.88671875,31.90704345703125
none,1,609,1.0,0.0,1.0,1.0,1.0,1.0,18.3671875,155.06640625,105.57421875,79.14453125,408.953125,325.11328125,0.0,0.0,0.74609375,32.17728805541992
none,1,610,1.0,0.0,1.0,1.0,1.0,1.0,17.72265625,154.3515625,104.83984375,77.09375,404.96875,323.046875,0.0,0.0,0.828125,31.997106552124023
none,1,611,1.0,0.0,1.0,1.0,1.0,1.0,17.625,156.43359375,103.66796875,77.60546875,410.6015625,318.3515625,0.0,0.0,0.83203125,32.44335174560547
none,1,612,1.0,0.0,1.0,1.0,1.0,1.0,18.25390625,153.39453125,105.3046875,80.5234375,403.17578125,324.78125,0.0,0.0,0.73828125,31.901634216308594
none,1,613,1.0,0.0,1.0,1.0,1.0,1.0,17.94140625,154.1484375,103.86328125,80.73828125,407.1484375,317.84375,0.0,0.0,0.8359375,32.05431365966797
none,1,614,1.0,0.0,1.0,1.0,1.0,1.0,17.8046875,155.51953125,103.96484375,78.234375,408.78515625,318.21484375,0.0,0.0,0.77734375,31.971817016601562
none,1,615,1.0,0.0,1.0,1.0,1.0,1.0,17.5390625,155.01171875,103.7265625,76.95703125,407.91796875,317.61328125,0.0,0.0,0.75390625,32.195213317871094
none,1,616,1.0,0.0,1.0,1.0,1.0,1.0,18.1328125,154.7578125,105.08984375,78.94140625,406.11328125,323.375,0.0,0.0,0.78125,32.08540344238281
none,1,617,1.0,0.0,1.0,1.0,1.0,1.0,17.7890625,155.5546875,102.82421875,78.45703125,409.2109375,317.25,0.0,0.0,0.9140625,32.21955108642578
none,1,618,1.0,0.0,1.0,1.0,1.0,1.0,17.4453125,155.4296875,102.921875,78.30078125,408.65234375,316.90234375,0.0,0.0,0.7578125,32.21662521362305
none,1,619,1.0,0.0,1.0,1.0,1.0,1.0,17.4296875,154.55078125,103.890625,77.98046875,406.84375,320.3203125,0.0,0.0,0.71484375,32.21550369262695
none,1,620,1.0,0.0,1.0,1.0,1.0,1.0,17.31640625,155.07421875,105.453125,76.66015625,407.24609375,325.2421875,0.0,0.0,0.91015625,32.180084228515625
none,1,621,1.0,0.0,1.0,1.0,1.0,1.0,17.38671875,154.81640625,105.7890625,78.45703125,406.6171875,326.07421875,0.0,0.0,0.796875,32.29093933105469
none,1,622,1.0,0.0,1.0,1.0,1.0,1.0,17.07421875,155.24609375,106.28125,76.3515625,408.0390625,327.72265625,0.0,0.0,0.78125,32.52276611328125
none,1,623,1.0,0.0,1.0,1.0,1.0,1.0,17.25,155.1875,106.62890625,77.19921875,408.05859375,328.9296875,0.0,0.0,0.76953125,32.455108642578125
none,1,624,1.0,0.0,1.0,1.0,1.0,1.0,17.58984375,154.59375,105.140625,78.80859375,405.3046875,324.68359375,0.0,0.0,0.7265625,32.181640625
none,1,625,1.0,0.0,1.0,1.0,1.0,1.0,17.65234375,154.8984375,104.38671875,77.75390625,405.234375,322.99609375,0.0,0.0,0.81640625,32.27989196777344
none,1,626,1.0,0.0,1.0,1.0,1.0,1.0,17.40625,155.3515625,105.67578125,78.40625,406.85546875,324.25390625,0.0,0.0,0.80859375,32.45153045654297
none,1,627,1.0,0.0,1.0,1.0,1.0,1.0,16.7890625,156.72265625,105.12890625,75.1171875,411.0078125,323.3046875,0.0,0.0,0.76953125,33.005088806152344
none,1,628,1.0,0.0,1.0,1.0,1.0,1.0,17.3046875,154.828125,105.703125,77.2890625,406.5078125,325.59375,0.0,0.0,0.76953125,32.332847595214844
none,1,629,1.0,0.0,1.0,1.0,1.0,1.0,17.43359375,155.890625,104.4921875,77.37890625,408.546875,319.28515625,0.0,0.0,0.71875,32.34020233154297
none,1,630,1.0,0.0,1.0,1.0,1.0,1.0,17.41015625,156.140625,105.62890625,77.2890625,407.6015625,322.140625,0.0,0.0,0.70703125,32.58760070800781
none,1,631,1.0,0.0,1.0,1.0,1.0,1.0,17.8203125,155.6640625,103.9609375,78.3203125,407.609375,317.203125,0.0,0.0,0.7734375,32.53618240356445
none,1,632,1.0,0.0,1.0,1.0,1.0,1.0,16.5234375,155.8359375,105.375,74.93359375,408.19921875,321.76171875,0.0,0.0,0.734375,32.581233978271484
none,1,633,1.0,0.0,1.0,1.0,1.0,1.0,17.17578125,156.4296875,104.03125,77.765625,410.3984375,318.53515625,0.0,0.0,0.79296875,32.6102409362793
none,1,634,1.0,0.0,1.0,1.0,1.0,1.0,17.60546875,155.38671875,105.97265625,78.39453125,406.72265625,322.81640625,0.0,0.0,0.7734375,32.56184387207031
none,1,635,1.0,0.0,1.0,1.0,1.0,1.0,17.42578125,155.9375,105.25390625,76.45703125,408.3984375,319.97265625,0.0,0.0,0.703125,32.652198791503906
none,1,636,1.0,0.0,1.0,1.0,1.0,1.0,16.58984375,156.04296875,107.52734375,74.48828125,408.65234375,328.61328125,0.0,0.0,0.76171875,32.865089416503906
none,1,637,1.0,0.0,1.0,1.0,1.0,1.0,17.73046875,156.609375,103.51171875,79.52734375,409.55078125,315.11328125,0.0,0.0,0.796875,32.53972625732422
none,1,638,1.0,0.0,1.0,1.0,1.0,1.0,17.76171875,155.0546875,106.46875,79.08984375,407.4296875,325.01171875,0.0,0.0,0.75,32.52858352661133
none,1,639,1.0,0.0,1.0,1.0,1.0,1.0,17.13671875,156.26171875,106.46875,76.1484375,409.60546875,324.9765625,0.0,0.0,0.7890625,32.68116760253906
none,1,640,1.0,0.0,1.0,1.0,1.0,1.0,16.5390625,154.88671875,106.4453125,74.796875,407.10546875,327.2734375,0.0,0.0,0.703125,32.51900863647461
none,1,641,1.0,0.0,1.0,1.0,1.0,1.0,17.5625,156.84375,105.640625,78.11328125,411.515625,323.38671875,0.0,0.0,0.72265625,32.75944137573242
none,1,642,1.0,0.0,1.0,1.0,1.0,1.0,17.5,156.8046875,103.96484375,79.53515625,411.21484375,319.546875,0.0,0.0,0.75390625,32.76237106323242
none,1,643,1.0,0.0,1.0,1.0,1.0,1.0,17.28515625,156.5390625,106.35546875,79.1171875,409.96875,325.16015625,0.0,0.0,0.734375,32.94745635986328
none,1,644,1.0,0.0,1.0,1.0,1.0,1.0,17.48828125,156.8515625,105.28515625,78.5,411.12109375,322.4609375,0.0,0.0,0.8125,32.813697814941406
none,1,645,1.0,0.0,1.0,1.0,1.0,1.0,17.11328125,156.7265625,106.703125,76.546875,411.08984375,327.9609375,0.0,0.0,0.71875,32.94013214111328
none,1,646,1.0,0.0,1.0,1.0,1.0,1.0,17.0625,157.84765625,105.88671875,76.6640625,412.39453125,326.02734375,0.0,0.0,0.76171875,32.84199905395508
none,1,647,1.0,0.0,1.0,1.0,1.0,1.0,16.8828125,156.78125,107.453125,76.85546875,408.46875,330.4140625,0.0,0.0,0.671875,32.988441467285156
none,1,648,1.0,0.0,1.0,1.0,1.0,1.0,16.83203125,156.125,106.671875,75.6484375,407.53125,327.98046875,0.0,0.0,0.76171875,32.749794006347656
none,1,649,1.0,0.0,1.0,1.0,1.0,1.0,15.92578125,156.90625,107.9140625,72.421875,408.125,330.4765625,0.0,0.0,0.80859375,33.0506706237793
none,1,650,1.0,0.0,1.0,1.0,1.0,1.0,16.46875,157.2109375,105.109375,75.375,410.671875,319.61328125,0.0,0.0,0.78125,32.9058837890625
none,1,651,1.0,0.0,1.0,1.0,1.0,1.0,16.1328125,155.6875,107.01953125,73.6328125,406.7421875,325.375,0.0,0.0,0.7578125,32.829833984375
none,1,652,1.0,0.0,1.0,1.0,1.0,1.0,15.88671875,157.82421875,106.80078125,73.3515625,412.54296875,326.4296875,0.0,0.0,0.609375,33.32543182373047
none,1,653,1.0,0.0,1.0,1.0,1.0,1.0,16.23046875,157.4296875,106.5546875,74.58984375,411.9375,326.1015625,0.0,0.0,0.72265625,33.25784683227539
none,1,654,1.0,0.0,1.0,1.0,1.0,1.0,16.80078125,157.6015625,106.82421875,77.33984375,411.4296875,324.89453125,0.0,0.0,0.64453125,33.35432052612305
none,1,655,1.0,0.0,1.0,1.0,1.0,1.0,16.75390625,158.54296875,105.4296875,75.26171875,413.8203125,320.58984375,0.0,0.0,0.7578125,33.26522445678711
none,1,656,1.0,0.0,1.0,1.0,1.0,1.0,16.3125,158.09375,106.4140625,75.46484375,411.99609375,323.53515625,0.0,0.0,0.8046875,33.37775421142578
none,1,657,1.0,0.0,1.0,1.0,1.0,1.0,17.078125,156.8984375,106.99609375,76.2421875,407.1953125,323.6875,0.0,0.0,0.6328125,33.061279296875
none,1,658,1.0,0.0,1.0,1.0,1.0,1.0,16.63671875,157.86328125,106.9453125,75.37890625,410.6953125,323.0078125,0.0,0.0,0.69921875,33.18708038330078
none,1,659,1.0,0.0,1.0,1.0,1.0,1.0,16.4453125,157.87109375,107.48828125,76.26171875,409.40625,326.6640625,0.0,0.0,0.66015625,33.43964385986328
none,1,660,1.0,0.0,1.0,1.0,1.0,1.0,17.34765625,157.6328125,106.37109375,79.0,410.08203125,322.37890625,0.0,0.0,0.7578125,33.13737487792969
none,1,661,1.0,0.0,1.0,1.0,1.0,1.0,16.296875,158.37890625,106.890625,74.59765625,412.234375,323.171875,0.0,0.0,0.703125,33.31397247314453
none,1,662,1.0,0.0,1.0,1.0,1.0,1.0,16.3515625,156.98828125,108.32421875,76.13671875,407.80859375,329.671875,0.0,0.0,0.74609375,33.144920349121094
none,1,663,1.0,0.0,1.0,1.0,1.0,1.0,17.1015625,157.7578125,106.859375,78.046875,409.82421875,325.7265625,0.0,0.0,0.74609375,33.1181526184082
none,1,664,1.0,0.0,1.0,1.0,1.0,1.0,16.953125,157.93359375,106.40234375,77.890625,410.54296875,323.984375,0.0,0.0,0.7890625,33.223690032958984
none,1,665,1.0,0.0,1.0,1.0,1.0,1.0,16.75390625,157.32421875,108.64453125,76.515625,408.0703125,333.84375,0.0,0.0,0.71484375,33.06709289550781
none,1,666,1.0,0.0,1.0,1.0,1.0,1.0,16.61328125,157.75,107.59375,76.81640625,411.51953125,327.78125,0.0,0.0,0.6640625,33.30426788330078
none,1,667,1.0,0.0,1.0,1.0,1.0,1.0,16.6953125,157.921875,106.87890625,77.41015625,411.625,325.01953125,0.0,0.0,0.65234375,33.394187927246094
none,1,668,1.0,0.0,1.0,1.0,1.0,1.0,16.33984375,158.109375,107.15625,75.2109375,412.27734375,327.03125,0.0,0.0,0.7421875,33.401947021484375
none,1,669,1.0,0.0,1.0,1.0,1.0,1.0,16.62890625,157.6484375,109.01171875,76.44921875,409.16796875,332.953125,0.0,0.0,0.73046875,33.354042053222656
none,1,670,1.0,0.0,1.0,1.0,1.0,1.0,16.5703125,158.2734375,108.24609375,76.21875,411.23046875,328.9453125,0.0,0.0,0.65625,33.487342834472656
none,1,671,1.0,0.0,1.0,1.0,1.0,1.0,16.73828125,158.5,108.13671875,76.44140625,412.5078125,326.8125,0.0,0.0,0.66796875,33.631526947021484
none,1,672,1.0,0.0,1.0,1.0,1.0,1.0,16.71875,158.47265625,107.44140625,77.15234375,412.859375,325.7109375,0.0,0.0,0.62890625,33.472312927246094
none,1,673,1.0,0.0,1.0,1.0,1.0,1.0,15.7578125,159.66015625,105.9296875,73.3203125,413.7890625,320.640625,0.0,0.0,0.56640625,33.6919059753418
none,1,674,1.0,0.0,1.0,1.0,1.0,1.0,15.875,159.24609375,108.734375,74.21484375,412.83203125,327.40625,0.0,0.0,0.7734375,33.769187927246094
none,1,675,1.0,0.0,1.0,1.0,1.0,1.0,16.30078125,159.23828125,108.09765625,76.0078125,412.77734375,327.31640625,0.0,0.0,0.77734375,33.672889709472656
none,1,676,1.0,0.0,1.0,1.0,1.0,1.0,15.59375,159.3515625,107.46875,74.203125,414.46484375,324.78515625,0.0,0.0,0.76171875,33.61719512939453
none,1,677,1.0,0.0,1.0,1.0,1.0,1.0,16.140625,158.52734375,108.6640625,75.63671875,410.30078125,328.98046875,0.0,0.0,0.61328125,33.81507110595703
none,1,678,1.0,0.0,1.0,1.0,1.0,1.0,15.48828125,158.76953125,109.23046875,72.94140625,411.40625,330.85546875,0.0,0.0,0.671875,33.78398513793945
none,1,679,1.0,0.0,1.0,1.0,1.0,1.0,15.73046875,158.9140625,108.484375,73.29296875,411.921875,328.59375,0.0,0.0,0.69140625,33.64197540283203
none,1,680,1.0,0.0,1.0,1.0,1.0,1.0,16.203125,158.42578125,109.8515625,75.3125,409.9453125,331.19140625,0.0,0.0,0.6796875,33.562957763671875
none,1,681,1.0,0.0,1.0,1.0,1.0,1.0,15.95703125,158.4140625,108.43359375,74.7578125,409.08984375,328.35546875,0.0,0.0,0.7421875,33.64331817626953
none,1,682,1.0,0.0,1.0,1.0,1.0,1.0,15.71484375,158.46484375,107.36328125,73.234375,409.99609375,322.08984375,0.0,0.0,0.72265625,33.84070587158203
none,1,683,1.0,0.0,1.0,1.0,1.0,1.0,15.90625,158.34765625,108.50390625,76.01953125,410.375,326.25390625,0.0,0.0,0.73046875,33.60902404785156
none,1,684,1.0,0.0,1.0,1.0,1.0,1.0,16.671875,158.89453125,108.48046875,77.2265625,410.0234375,329.46484375,0.0,0.0,0.71875,33.734249114990234
none,1,685,1.0,0.0,1.0,1.0,1.0,1.0,15.578125,158.6640625,109.3125,72.4375,407.9140625,329.33203125,0.0,0.0,0.6171875,33.971046447753906
none,1,686,1.0,0.0,1.0,1.0,1.0,1.0,16.11328125,159.47265625,107.83203125,73.734375,412.2578125,325.76953125,0.0,0.0,0.71484375,33.94169616699219
none,1,687,1.0,0.0,1.0,1.0,1.0,1.0,15.53515625,159.21484375,108.81640625,71.82421875,408.83203125,327.56640625,0.0,0.0,0.66015625,33.93728256225586
none,1,688,1.0,0.0,1.0,1.0,1.0,1.0,16.4375,159.0546875,109.42578125,75.77734375,409.7890625,328.84765625,0.0,0.0,0.66796875,34.0337028503418
none,1,689,1.0,0.0,1.0,1.0,1.0,1.0,15.6640625,159.6484375,107.63671875,73.41015625,411.06640625,324.8046875,0.0,0.0,0.67578125,33.70949172973633
none,1,690,1.0,0.0,1.0,1.0,1.0,1.0,16.62890625,159.63671875,108.85546875,76.7578125,408.5703125,327.00390625,0.0,0.0,0.6953125,33.98396682739258
none,1,691,1.0,0.0,1.0,1.0,1.0,1.0,16.171875,161.31640625,108.53125,74.78125,413.78125,324.421875,0.0,0.0,0.71484375,34.2379150390625
none,1,692,1.0,0.0,1.0,1.0,1.0,1.0,16.05859375,160.2265625,108.765625,75.23828125,411.90234375,326.6015625,0.0,0.0,0.60546875,34.081878662109375
none,1,693,1.0,0.0,1.0,1.0,1.0,1.0,16.71484375,159.53125,107.35546875,76.04296875,409.6015625,320.87109375,0.0,0.0,0.75390625,33.614341735839844
none,1,694,1.0,0.0,1.0,1.0,1.0,1.0,16.28125,158.93359375,107.953125,76.2890625,407.96484375,323.10546875,0.0,0.0,0.61328125,33.75632858276367
none,1,695,1.0,0.0,1.0,1.0,1.0,1.0,16.3203125,159.375,110.1640625,75.6953125,409.46484375,331.78515625,0.0,0.0,0.640625,33.87357711791992
none,1,696,1.0,0.0,1.0,1.0,1.0,1.0,15.98046875,160.734375,108.47265625,75.6171875,412.55078125,326.0234375,0.0,0.0,0.6015625,34.23037338256836
none,1,697,1.0,0.0,1.0,1.0,1.0,1.0,16.2890625,160.47265625,109.15625,74.69921875,412.10546875,327.80078125,0.0,0.0,0.6328125,34.158233642578125
none,1,698,1.0,0.0,1.0,1.0,1.0,1.0,16.55859375,160.7109375,108.11328125,75.59765625,412.92578125,325.48828125,0.0,0.0,0.61328125,33.97209167480469
none,1,699,1.0,0.0,1.0,1.0,1.0,1.0,16.58203125,160.234375,110.37890625,76.625,412.16796875,331.39453125,0.0,0.0,0.65234375,34.25434112548828
none,1,700,1.0,0.0,1.0,1.0,1.0,1.0,16.234375,159.6953125,108.7890625,75.66015625,411.703125,329.0625,0.0,0.0,0.57421875,33.82640838623047
none,1,701,1.0,0.0,1.0,1.0,1.0,1.0,15.98046875,159.90234375,107.09765625,74.89453125,411.4921875,325.34765625,0.0,0.0,0.76171875,33.94881820678711
none,1,702,1.0,0.0,1.0,1.0,1.0,1.0,16.20703125,160.515625,109.00390625,76.625,412.7578125,328.86328125,0.0,0.0,0.78125,34.16099166870117
none,1,703,1.0,0.0,1.0,1.0,1.0,1.0,15.4765625,160.69921875,111.0234375,73.77734375,414.77734375,333.34765625,0.0,0.0,0.59765625,34.64729309082031
none,1,704,1.0,0.0,1.0,1.0,1.0,1.0,15.9296875,160.8515625,111.1484375,74.58203125,412.203125,333.71484375,0.0,0.0,0.57421875,34.466590881347656
none,1,705,1.0,0.0,1.0,1.0,1.0,1.0,15.9140625,160.0859375,110.1484375,76.12109375,412.328125,330.6171875,0.0,0.0,0.703125,34.19755554199219
none,1,706,1.0,0.0,1.0,1.0,1.0,1.0,15.328125,159.78515625,112.0703125,72.39453125,410.73046875,336.16015625,0.0,0.0,0.66796875,34.32667541503906
none,1,707,1.0,0.0,1.0,1.0,1.0,1.0,15.75,161.03125,110.109375,74.93359375,412.546875,329.51953125,0.0,0.0,0.6796875,34.36015319824219
none,1,708,1.0,0.0,1.0,1.0,1.0,1.0,15.4765625,161.015625,109.2578125,73.69921875,412.37109375,327.546875,0.0,0.0,0.59765625,34.450645446777344
none,1,709,1.0,0.0,1.0,1.0,1.0,1.0,15.21875,160.19140625,110.33203125,72.92578125,411.60546875,332.26171875,0.0,0.0,0.64453125,34.2578125
none,1,710,1.0,0.0,1.0,1.0,1.0,1.0,14.75390625,160.00390625,113.03125,70.37890625,409.03515625,340.6484375,0.0,0.0,0.55859375,34.53138732910156
none,1,711,1.0,0.0,1.0,1.0,1.0,1.0,15.65234375,160.80078125,110.33984375,73.8984375,412.24609375,328.546875,0.0,0.0,0.640625,34.48321533203125
none,1,712,1.0,0.0,1.0,1.0,1.0,1.0,14.5390625,160.4921875,110.98046875,71.43359375,409.9921875,334.03125,0.0,0.0,0.63671875,34.269691467285156
none,1,713,1.0,0.0,1.0,1.0,1.0,1.0,15.65625,160.609375,108.75,74.11328125,413.55859375,325.5234375,0.0,0.0,0.6953125,34.379425048828125
none,1,714,1.0,0.0,1.0,1.0,1.0,1.0,15.29296875,160.3046875,110.40234375,72.78125,411.4375,329.71484375,0.0,0.0,0.55859375,34.475807189941406
none,1,715,1.0,0.0,1.0,1.0,1.0,1.0,15.4921875,162.578125,110.1796875,73.83984375,416.6171875,327.0234375,0.0,0.0,0.69140625,34.727256774902344
none,1,716,1.0,0.0,1.0,1.0,1.0,1.0,15.296875,160.8984375,111.07421875,74.1640625,411.72265625,332.54296875,0.0,0.0,0.66015625,34.54463195800781
none,1,717,1.0,0.0,1.0,1.0,1.0,1.0,15.94140625,161.66796875,110.72265625,74.76171875,413.6640625,329.54296875,0.0,0.0,0.7421875,34.59818649291992
none,1,718,1.0,0.0,1.0,1.0,1.0,1.0,15.91796875,161.765625,109.03125,75.91015625,413.41015625,322.79296875,0.0,0.0,0.65234375,34.6197509765625
none,1,719,1.0,0.0,1.0,1.0,1.0,1.0,15.234375,160.44921875,111.00390625,73.73046875,407.2734375,329.24609375,0.0,0.0,0.5859375,34.42356872558594
none,1,720,1.0,0.0,1.0,1.0,1.0,1.0,15.6484375,161.97265625,110.296875,74.84765625,410.1328125,326.3984375,0.0,0.0,0.59765625,34.602691650390625
none,1,721,1.0,0.0,1.0,1.0,1.0,1.0,14.8828125,161.10546875,111.5625,70.91796875,409.6875,329.75390625,0.0,0.0,0.6328125,34.611663818359375
none,1,722,1.0,0.0,1.0,1.0,1.0,1.0,14.33984375,161.11328125,112.13671875,70.140625,407.9453125,334.07421875,0.0,0.0,0.7421875,34.900840759277344
none,1,723,1.0,0.0,1.0,1.0,1.0,1.0,15.21875,163.046875,110.8828125,73.6796875,413.21484375,328.3671875,0.0,0.0,0.69921875,35.12099838256836
none,1,724,1.0,0.0,1.0,1.0,1.0,1.0,15.08203125,162.12109375,110.8671875,72.30078125,411.41796875,330.796875,0.0,0.0,0.5625,34.83832931518555
none,1,725,1.0,0.0,1.0,1.0,1.0,1.0,15.29296875,161.95703125,112.9453125,73.43359375,411.9609375,337.10546875,0.0,0.0,0.6015625,34.98992156982422
none,1,726,1.0,0.0,1.0,1.0,1.0,1.0,14.58984375,162.76953125,111.66015625,70.69921875,414.42578125,334.1875,0.0,0.0,0.55078125,35.317962646484375
none,1,727,1.0,0.0,1.0,1.0,1.0,1.0,15.25390625,162.40625,109.76171875,72.671875,416.05859375,326.2109375,0.0,0.0,0.66015625,34.978424072265625
none,1,728,1.0,0.0,1.0,1.0,1.0,1.0,15.109375,161.78515625,111.63671875,73.5703125,412.359375,333.6328125,0.0,0.0,0.58203125,34.95464324951172
none,1,729,1.0,0.0,1.0,1.0,1.0,1.0,14.96484375,161.75390625,111.93359375,71.12109375,413.5859375,334.51171875,0.0,0.0,0.65234375,34.93198013305664
none,1,730,1.0,0.0,1.0,1.0,1.0,1.0,15.1328125,162.84765625,112.2578125,74.50390625,412.703125,333.28125,0.0,0.0,0.609375,35.37716293334961
none,1,731,1.0,0.0,1.0,1.0,1.0,1.0,14.921875,162.94140625,113.9375,70.7265625,413.6015625,337.1484375,0.0,0.0,0.6875,35.53770065307617
none,1,732,1.0,0.0,1.0,1.0,1.0,1.0,15.3125,162.75390625,112.11328125,72.41796875,413.49609375,330.4609375,0.0,0.0,0.68359375,35.313880920410156
none,1,733,1.0,0.0,1.0,1.0,1.0,1.0,14.66015625,162.49609375,111.61328125,71.0703125,411.41796875,329.27734375,0.0,0.0,0.61328125,35.16742706298828
none,1,734,1.0,0.0,1.0,1.0,1.0,1.0,15.07421875,162.44921875,111.52734375,72.8203125,410.80859375,329.125,0.0,0.0,0.640625,35.240631103515625
none,1,735,1.0,0.0,1.0,1.0,1.0,1.0,15.05859375,162.70703125,111.52734375,73.48046875,411.94140625,329.296875,0.0,0.0,0.640625,35.18051528930664
none,1,736,1.0,0.0,1.0,1.0,1.0,1.0,14.8671875,162.0625,112.4140625,72.6171875,410.875,331.703125,0.0,0.0,0.6875,35.16953659057617
none,1,737,1.0,0.0,1.0,1.0,1.0,1.0,14.41015625,164.4921875,112.34375,71.3203125,415.28125,331.89453125,0.0,0.0,0.64453125,35.56453323364258
none,1,738,1.0,0.0,1.0,1.0,1.0,1.0,14.9609375,163.6875,112.671875,74.18359375,414.08203125,335.26953125,0.0,0.0,0.56640625,35.54110336303711
none,1,739,1.0,0.0,1.0,1.0,1.0,1.0,14.43359375,162.9609375,113.3671875,70.90625,412.734375,337.54296875,0.0,0.0,0.65234375,35.561279296875
none,1,740,1.0,0.0,1.0,1.0,1.0,1.0,14.390625,162.109375,111.90625,71.7109375,411.328125,333.1484375,0.0,0.0,0.640625,35.19440460205078
none,1,741,1.0,0.0,1.0,1.0,1.0,1.0,14.8125,163.82421875,110.7578125,72.29296875,414.5703125,328.7890625,0.0,0.0,0.6015625,35.4710693359375
none,1,742,1.0,0.0,1.0,1.0,1.0,1.0,14.328125,162.4453125,114.3203125,71.18359375,409.26953125,340.953125,0.0,0.0,0.65234375,35.486228942871094
none,1,743,1.0,0.0,1.0,1.0,1.0,1.0,14.8125,162.75,113.12109375,72.546875,411.62890625,336.8671875,0.0,0.0,0.52734375,35.400909423828125
none,1,744,1.0,0.0,1.0,1.0,1.0,1.0,14.09765625,163.33203125,114.73046875,69.77734375,410.78125,341.5859375,0.0,0.0,0.56640625,35.77605438232422
none,1,745,1.0,0.0,1.0,1.0,1.0,1.0,14.75390625,161.26953125,116.01171875,72.42578125,406.515625,344.30859375,0.0,0.0,0.59765625,35.196006774902344
none,1,746,1.0,0.0,1.0,1.0,1.0,1.0,14.4765625,163.38671875,113.80859375,71.06640625,411.55078125,335.9140625,0.0,0.0,0.57421875,35.45258331298828
none,1,747,1.0,0.0,1.0,1.0,1.0,1.0,15.0234375,164.19140625,112.9296875,74.0390625,413.2890625,333.296875,0.0,0.0,0.703125,35.55702209472656
none,1,748,1.0,0.0,1.0,1.0,1.0,1.0,14.546875,163.703125,114.22265625,71.16796875,411.6328125,338.49609375,0.0,0.0,0.62890625,35.73152160644531
none,1,749,1.0,0.0,1.0,1.0,1.0,1.0,14.74609375,163.875,113.8671875,72.75,413.39453125,337.796875,0.0,0.0,0.57421875,35.80353546142578
none,1,750,1.0,0.0,1.0,1.0,1.0,1.0,15.03125,164.6328125,113.40625,73.5390625,414.1171875,335.625,0.0,0.0,0.55078125,35.87424850463867
none,1,751,1.0,0.0,1.0,1.0,1.0,1.0,14.7109375,164.53125,112.578125,72.03125,413.22265625,333.359375,0.0,0.0,0.53515625,35.59050750732422
none,1,752,1.0,0.0,1.0,1.0,1.0,1.0,14.90234375,163.50390625,111.9140625,72.27734375,412.3984375,328.72265625,0.0,0.0,0.5546875,35.47745895385742
none,1,753,1.0,0.0,1.0,1.0,1.0,1.0,15.40234375,163.09765625,111.81640625,74.125,411.8984375,330.5078125,0.0,0.0,0.6484375,35.45195388793945
none,1,754,1.0,0.0,1.0,1.0,1.0,1.0,15.015625,164.35546875,111.51171875,72.5625,416.48046875,329.5703125,0.0,0.0,0.52734375,35.68930435180664
none,1,755,1.0,0.0,1.0,1.0,1.0,1.0,15.04296875,165.14453125,114.55078125,73.671875,415.11328125,336.18359375,0.0,0.0,0.59765625,35.83927536010742
none,1,756,1.0,0.0,1.0,1.0,1.0,1.0,15.34375,164.953125,113.2109375,75.58984375,413.5390625,334.8125,0.0,0.0,0.65625,35.764129638671875
none,1,757,1.0,0.0,1.0,1.0,1.0,1.0,14.984375,164.3046875,113.5234375,73.640625,413.29296875,333.33203125,0.0,0.0,0.57421875,36.00719451904297
none,1,758,1.0,0.0,1.0,1.0,1.0,1.0,14.40625,165.02734375,113.9765625,71.51953125,413.3046875,335.38671875,0.0,0.0,0.46875,35.94829559326172
none,1,759,1.0,0.0,1.0,1.0,1.0,1.0,14.77734375,164.890625,113.41796875,73.18359375,415.1484375,332.74609375,0.0,0.0,0.59765625,36.03418731689453
none,1,760,1.0,0.0,1.0,1.0,1.0,1.0,14.87890625,164.859375,114.234375,73.421875,414.75390625,334.82421875,0.0,0.0,0.625,35.88407897949219
none,1,761,1.0,0.0,1.0,1.0,1.0,1.0,13.92578125,164.3828125,115.56640625,71.62109375,413.69921875,337.40234375,0.0,0.0,0.55078125,36.24212646484375
none,1,762,1.0,0.0,1.0,1.0,1.0,1.0,14.625,165.15625,113.50390625,74.41796875,414.765625,333.125,0.0,0.0,0.57421875,36.03813171386719
none,1,763,1.0,0.0,1.0,1.0,1.0,1.0,14.48828125,165.734375,114.0625,72.6328125,414.42578125,333.98046875,0.0,0.0,0.56640625,36.38056182861328
none,1,764,1.0,0.0,1.0,1.0,1.0,1.0,14.25,165.49609375,115.12109375,71.71484375,412.90234375,335.1328125,0.0,0.0,0.51171875,36.565765380859375
none,1,765,1.0,0.0,1.0,1.0,1.0,1.0,14.078125,164.453125,116.14453125,70.97265625,410.37890625,340.55859375,0.0,0.0,0.5,36.06278991699219
none,1,766,1.0,0.0,1.0,1.0,1.0,1.0,14.34375,165.22265625,114.0234375,72.34375,413.1171875,333.15234375,0.0,0.0,0.53515625,36.215721130371094
none,1,767,1.0,0.0,1.0,1.0,1.0,1.0,14.1640625,165.890625,114.58203125,71.4921875,413.58984375,336.0859375,0.0,0.0,0.5703125,36.341121673583984
none,1,768,1.0,0.0,1.0,1.0,1.0,1.0,14.21484375,164.46484375,114.734375,72.5078125,410.93359375,337.15625,0.0,0.0,0.6328125,36.04160690307617
none,1,769,1.0,0.0,1.0,1.0,1.0,1.0,14.89453125,164.984375,115.9921875,73.515625,409.26171875,339.39453125,0.0,0.0,0.5390625,36.151119232177734
none,1,770,1.0,0.0,1.0,1.0,1.0,1.0,13.83203125,166.1171875,114.19921875,70.0390625,413.6484375,335.45703125,0.0,0.0,0.55078125,36.43236541748047
none,1,771,1.0,0.0,1.0,1.0,1.0,1.0,14.90234375,165.90625,113.30078125,74.296875,413.55859375,330.7890625,0.0,0.0,0.53125,36.2116813659668
none,1,772,1.0,0.0,1.0,1.0,1.0,1.0,14.4765625,166.81640625,113.59375,72.46484375,414.41796875,333.67578125,0.0,0.0,0.51953125,36.62247848510742
none,1,773,1.0,0.0,1.0,1.0,1.0,1.0,14.07421875,165.9296875,115.9609375,70.53515625,412.328125,340.72265625,0.0,0.0,0.55859375,36.616790771484375
none,1,774,1.0,0.0,1.0,1.0,1.0,1.0,14.33984375,166.55859375,114.9375,72.046875,414.2109375,334.34375,0.0,0.0,0.58203125,36.65319061279297
none,1,775,1.0,0.0,1.0,1.0,1.0,1.0,14.84765625,166.84375,116.0859375,73.63671875,413.41796875,335.87109375,0.0,0.0,0.50390625,36.58554458618164
none,1,776,1.0,0.0,1.0,1.0,1.0,1.0,14.98828125,165.0859375,117.06640625,74.359375,409.87109375,342.1953125,0.0,0.0,0.5859375,36.25372314453125
none,1,777,1.0,0.0,1.0,1.0,1.0,1.0,14.48046875,166.35546875,117.1171875,72.359375,412.5,338.03125,0.0,0.0,0.62109375,36.59716033935547
none,1,778,1.0,0.0,1.0,1.0,1.0,1.0,14.20703125,165.6953125,115.77734375,71.10546875,412.625,333.73046875,0.0,0.0,0.56640625,36.597511291503906
none,1,779,1.0,0.0,1.0,1.0,1.0,1.0,14.9609375,165.484375,116.546875,74.828125,411.4921875,337.70703125,0.0,0.0,0.54296875,36.49623489379883
none,1,780,1.0,0.0,1.0,1.0,1.0,1.0,14.4140625,165.78515625,118.1328125,71.85546875,412.01171875,342.28515625,0.0,0.0,0.5078125,36.60810852050781
none,1,781,1.0,0.0,1.0,1.0,1.0,1.0,13.7734375,166.609375,118.0546875,69.9453125,412.875,342.25390625,0.0,0.0,0.55078125,36.783443450927734
none,1,782,1.0,0.0,1.0,1.0,1.0,1.0,13.66796875,167.55859375,117.421875,69.69140625,417.40625,340.90625,0.0,0.0,0.578125,37.00993347167969
none,1,783,1.0,0.0,1.0,1.0,1.0,1.0,13.671875,165.88671875,115.453125,69.32421875,412.5703125,335.51953125,0.0,0.0,0.515625,36.54655075073242
none,1,784,1.0,0.0,1.0,1.0,1.0,1.0,13.39453125,166.5078125,115.734375,69.5078125,413.734375,335.10546875,0.0,0.0,0.62109375,36.65624237060547
none,1,785,1.0,0.0,1.0,1.0,1.0,1.0,14.09765625,166.79296875,115.53515625,71.7578125,413.56640625,335.2109375,0.0,0.0,0.62109375,36.69562530517578
none,1,786,1.0,0.0,1.0,1.0,1.0,1.0,14.13671875,168.125,115.37109375,71.15234375,416.61328125,335.90234375,0.0,0.0,0.54296875,36.91884231567383
none,1,787,1.0,0.0,1.0,1.0,1.0,1.0,13.93359375,165.44921875,116.38671875,71.75390625,411.28125,338.67578125,0.0,0.0,0.62890625,36.67106628417969
none,1,788,1.0,0.0,1.0,1.0,1.0,1.0,13.6640625,165.96875,118.45703125,70.68359375,412.2109375,343.91015625,0.0,0.0,0.52734375,37.0156364440918
none,1,789,1.0,0.0,1.0,1.0,1.0,1.0,14.8125,166.1484375,118.59765625,74.2421875,411.37109375,346.48046875,0.0,0.0,0.50390625,36.6893424987793
none,1,790,1.0,0.0,1.0,1.0,1.0,1.0,13.453125,166.04296875,117.8359375,70.1171875,410.875,343.48828125,0.0,0.0,0.63671875,36.81086730957031
none,1,791,1.0,0.0,1.0,1.0,1.0,1.0,13.875,167.203125,116.62109375,71.72265625,413.78125,338.484375,0.0,0.0,0.546875,36.89413070678711
none,1,792,1.0,0.0,1.0,1.0,1.0,1.0,13.71875,167.68359375,116.70703125,70.09375,415.19921875,341.26953125,0.0,0.0,0.57421875,37.2171745300293
none,1,793,1.0,0.0,1.0,1.0,1.0,1.0,13.9140625,167.41796875,116.33984375,72.375,413.62109375,340.39453125,0.0,0.0,0.4765625,37.002845764160156
none,1,794,1.0,0.0,1.0,1.0,1.0,1.0,13.74609375,167.69921875,116.5078125,70.71484375,414.359375,337.57421875,0.0,0.0,0.5546875,36.927711486816406
none,1,795,1.0,0.0,1.0,1.0,1.0,1.0,13.59765625,166.89453125,116.03515625,70.3984375,410.41796875,335.23046875,0.0,0.0,0.5234375,36.776058197021484
none,1,796,1.0,0.0,1.0,1.0,1.0,1.0,13.87890625,167.53125,117.19921875,70.08984375,412.109375,337.63671875,0.0,0.0,0.57421875,37.061893463134766
none,1,797,1.0,0.0,1.0,1.0,1.0,1.0,13.609375,167.4609375,118.80859375,69.53125,410.76953125,342.80078125,0.0,0.0,0.546875,37.34415817260742
none,1,798,1.0,0.0,1.0,1.0,1.0,1.0,13.7265625,167.375,117.390625,70.94921875,411.48828125,337.71484375,0.0,0.0,0.59375,37.1543083190918
none,1,799,1.0,0.0,1.0,1.0,1.0,1.0,13.234375,168.671875,119.1484375,67.94140625,413.953125,343.51171875,0.0,0.0,0.515625,37.48263168334961
none,1,800,1.0,0.0,1.0,1.0,1.0,1.0,14.29296875,167.71484375,119.37890625,72.8984375,412.078125,341.4609375,0.0,0.0,0.4765625,37.237823486328125
none,1,801,1.0,0.0,1.0,1.0,1.0,1.0,14.27734375,167.1796875,119.14453125,74.84765625,410.12109375,341.23828125,0.0,0.0,0.44921875,37.160491943359375
none,1,802,1.0,0.0,1.0,1.0,1.0,1.0,14.31640625,167.48828125,120.640625,72.55859375,411.64453125,344.3125,0.0,0.0,0.50390625,37.41267395019531
none,1,803,1.0,0.0,1.0,1.0,1.0,1.0,14.72265625,166.01171875,118.9375,74.5703125,409.41015625,339.97265625,0.0,0.0,0.4921875,37.00413131713867
none,1,804,1.0,0.0,1.0,1.0,1.0,1.0,13.87890625,167.02734375,120.12109375,71.8203125,412.05078125,343.3125,0.0,0.0,0.46484375,37.16157531738281
none,1,805,1.0,0.0,1.0,1.0,1.0,1.0,13.796875,168.03125,118.890625,71.9453125,413.58203125,339.55859375,0.0,0.0,0.53515625,37.636287689208984
none,1,806,1.0,0.0,1.0,1.0,1.0,1.0,13.79296875,168.28515625,118.1953125,71.58984375,413.734375,338.859375,0.0,0.0,0.5,37.211570739746094
none,1,807,1.0,0.0,1.0,1.0,1.0,1.0,13.57421875,168.484375,118.359375,71.4140625,413.6015625,340.7109375,0.0,0.0,0.51953125,37.430198669433594
none,1,808,1.0,0.0,1.0,1.0,1.0,1.0,13.4765625,169.41015625,118.953125,70.6796875,415.04296875,342.828125,0.0,0.0,0.47265625,37.613800048828125
none,1,809,1.0,0.0,1.0,1.0,1.0,1.0,13.19140625,168.01953125,121.23046875,70.3046875,412.02734375,347.7421875,0.0,0.0,0.48828125,37.74778747558594
none,1,810,1.0,0.0,1.0,1.0,1.0,1.0,13.66015625,167.609375,117.71875,72.1484375,411.3359375,339.46484375,0.0,0.0,0.51171875,37.265342712402344
none,1,811,1.0,0.0,1.0,1.0,1.0,1.0,13.39453125,167.890625,119.609375,70.16015625,411.6015625,341.34375,0.0,0.0,0.53515625,37.36728286743164
none,1,812,1.0,0.0,1.0,1.0,1.0,1.0,13.85546875,168.875,118.6796875,73.6328125,413.8046875,338.95703125,0.0,0.0,0.53125,37.49116516113281
none,1,813,1.0,0.0,1.0,1.0,1.0,1.0,13.64453125,168.05859375,117.34375,72.80859375,412.92578125,334.8828125,0.0,0.0,0.49609375,37.233360290527344
none,1,814,1.0,0.0,1.0,1.0,1.0,1.0,13.14453125,168.11328125,119.79296875,70.703125,410.6953125,343.640625,0.0,0.0,0.49609375,37.59673309326172
none,1,815,1.0,0.0,1.0,1.0,1.0,1.0,13.91015625,168.48046875,120.421875,72.54296875,413.296875,346.12109375,0.0,0.0,0.484375,37.54249954223633
none,1,816,1.0,0.0,1.0,1.0,1.0,1.0,13.92578125,169.55078125,119.7265625,72.35546875,414.7890625,341.9609375,0.0,0.0,0.49609375,37.85630798339844
none,1,817,1.0,0.0,1.0,1.0,1.0,1.0,13.640625,168.8359375,118.796875,72.75,413.84375,337.40234375,0.0,0.0,0.41015625,37.63637924194336
none,1,818,1.0,0.0,1.0,1.0,1.0,1.0,12.95703125,168.57421875,119.1796875,69.390625,413.05859375,340.30859375,0.0,0.0,0.55859375,37.53721618652344
none,1,819,1.0,0.0,1.0,1.0,1.0,1.0,13.11328125,170.36328125,118.76953125,69.8671875,417.6484375,337.0234375,0.0,0.0,0.578125,37.93695068359375
none,1,820,1.0,0.0,1.0,1.0,1.0,1.0,13.58203125,170.421875,118.3984375,71.62890625,417.515625,337.0,0.0,0.0,0.515625,37.98896026611328
none,1,821,1.0,0.0,1.0,1.0,1.0,1.0,13.15234375,171.31640625,119.125,70.3046875,417.15625,337.890625,0.0,0.0,0.5078125,38.29608154296875
none,1,822,1.0,0.0,1.0,1.0,1.0,1.0,12.8828125,169.78515625,118.99609375,68.56640625,416.29296875,336.8125,0.0,0.0,0.48046875,37.98231506347656
none,1,823,1.0,0.0,1.0,1.0,1.0,1.0,13.2109375,170.7734375,118.828125,69.90625,416.0859375,336.078125,0.0,0.0,0.4921875,38.09486389160156
none,1,824,1.0,0.0,1.0,1.0,1.0,1.0,13.15234375,168.1015625,119.35546875,69.97265625,411.29296875,338.65625,0.0,0.0,0.5546875,37.652095794677734
none,1,825,1.0,0.0,1.0,1.0,1.0,1.0,12.98828125,170.375,118.703125,69.7421875,414.83203125,338.33203125,0.0,0.0,0.53125,38.11082077026367
none,1,826,1.0,0.0,1.0,1.0,1.0,1.0,13.609375,168.65234375,120.62109375,73.08984375,410.84765625,344.35546875,0.0,0.0,0.4765625,37.70953369140625
none,1,827,1.0,0.0,1.0,1.0,1.0,1.0,12.37109375,170.0390625,120.21484375,68.6015625,413.65234375,346.27734375,0.0,0.0,0.49609375,38.129913330078125
none,1,828,1.0,0.0,1.0,1.0,1.0,1.0,12.69921875,169.5703125,120.71484375,69.0546875,412.62890625,346.8671875,0.0,0.0,0.51171875,38.07020568847656
none,1,829,1.0,0.0,1.0,1.0,1.0,1.0,13.4140625,168.75,120.22265625,71.87109375,412.359375,344.76953125,0.0,0.0,0.5859375,37.82035827636719
none,1,830,1.0,0.0,1.0,1.0,1.0,1.0,13.11328125,169.8125,120.19140625,70.30859375,412.6640625,345.578125,0.0,0.0,0.453125,38.2187385559082
none,1,831,1.0,0.0,1.0,1.0,1.0,1.0,13.12890625,170.49609375,119.87109375,71.19921875,413.69140625,341.61328125,0.0,0.0,0.484375,38.15229034423828
none,1,832,1.0,0.0,1.0,1.0,1.0,1.0,13.49609375,170.3671875,120.90234375,73.0234375,414.09765625,344.52734375,0.0,0.0,0.51171875,38.27322769165039
none,1,833,1.0,0.0,1.0,1.0,1.0,1.0,13.109375,170.1484375,119.3125,71.4453125,413.70703125,338.90234375,0.0,0.0,0.46875,37.9637565612793
none,1,834,1.0,0.0,1.0,1.0,1.0,1.0,13.0703125,168.60546875,120.890625,69.44140625,410.01171875,343.5625,0.0,0.0,0.484375,37.95753860473633
none,1,835,1.0,0.0,1.0,1.0,1.0,1.0,12.62109375,170.36328125,120.671875,68.9140625,412.1953125,341.35546875,0.0,0.0,0.5546875,38.34756088256836
none,1,836,1.0,0.0,1.0,1.0,1.0,1.0,13.3203125,171.02734375,120.73046875,70.09375,412.453125,341.01953125,0.0,0.0,0.44140625,38.48298645019531
none,1,837,1.0,0.0,1.0,1.0,1.0,1.0,12.76953125,170.484375,121.15625,67.9140625,412.7578125,343.41015625,0.0,0.0,0.47265625,38.32394027709961
none,1,838,1.0,0.0,1.0,1.0,1.0,1.0,12.4921875,170.19921875,121.34375,67.8125,410.9765625,344.26171875,0.0,0.0,0.6015625,38.178260803222656
none,1,839,1.0,0.0,1.0,1.0,1.0,1.0,13.125,170.45703125,120.703125,69.76171875,411.51953125,341.97265625,0.0,0.0,0.3984375,38.403724670410156
none,1,840,1.0,0.0,1.0,1.0,1.0,1.0,12.72265625,171.2109375,121.2265625,68.5,413.17578125,342.5546875,0.0,0.0,0.5078125,38.6556282043457
none,1,841,1.0,0.0,1.0,1.0,1.0,1.0,12.3125,169.96484375,121.30859375,68.3984375,409.30859375,345.5546875,0.0,0.0,0.46875,38.265838623046875
none,1,842,1.0,0.0,1.0,1.0,1.0,1.0,12.48828125,171.7421875,121.66015625,68.56640625,415.0546875,343.84375,0.0,0.0,0.609375,38.709434509277344
none,1,843,1.0,0.0,1.0,1.0,1.0,1.0,12.796875,169.984375,121.16015625,70.0390625,409.69140625,342.7109375,0.0,0.0,0.4375,38.46179962158203
none,1,844,1.0,0.0,1.0,1.0,1.0,1.0,12.75390625,171.12890625,120.5703125,69.06640625,412.28125,340.17578125,0.0,0.0,0.40234375,38.52560043334961
none,1,845,1.0,0.0,1.0,1.0,1.0,1.0,12.87890625,171.85546875,121.109375,69.6484375,415.15625,340.24609375,0.0,0.0,0.5390625,38.51778030395508
none,1,846,1.0,0.0,1.0,1.0,1.0,1.0,12.40234375,172.19140625,120.90234375,68.05078125,414.73046875,339.734375,0.0,0.0,0.46875,38.639060974121094
none,1,847,1.0,0.0,1.0,1.0,1.0,1.0,13.3046875,170.8984375,119.40234375,71.0625,412.2265625,335.9921875,0.0,0.0,0.453125,38.33661651611328
none,1,848,1.0,0.0,1.0,1.0,1.0,1.0,12.8359375,170.875,122.13671875,69.94140625,410.6875,342.76953125,0.0,0.0,0.4921875,38.48401641845703
none,1,849,1.0,0.0,1.0,1.0,1.0,1.0,12.5625,170.73828125,121.51953125,68.25,411.68359375,340.39453125,0.0,0.0,0.4453125,38.630496978759766
none,1,850,1.0,0.0,1.0,1.0,1.0,1.0,12.45703125,170.578125,123.17578125,69.74609375,411.43359375,343.48828125,0.0,0.0,0.47265625,38.71199035644531
none,1,851,1.0,0.0,1.0,1.0,1.0,1.0,12.51953125,171.58203125,121.3203125,69.1328125,413.78515625,342.7734375,0.0,0.0,0.36328125,38.730735778808594
none,1,852,1.0,0.0,1.0,1.0,1.0,1.0,12.609375,170.265625,123.390625,70.5625,410.90234375,345.28515625,0.0,0.0,0.4609375,38.69357681274414
none,1,853,1.0,0.0,1.0,1.0,1.0,1.0,12.9921875,171.8984375,122.0234375,71.5,414.4296875,341.16015625,0.0,0.0,0.484375,38.780052185058594
none,1,854,1.0,0.0,1.0,1.0,1.0,1.0,12.2890625,171.32421875,123.484375,68.30859375,411.45703125,346.72265625,0.0,0.0,0.41796875,38.9610595703125
none,1,855,1.0,0.0,1.0,1.0,1.0,1.0,12.546875,171.19921875,123.75,70.328125,410.88671875,350.73828125,0.0,0.0,0.46875,38.95163345336914
none,1,856,1.0,0.0,1.0,1.0,1.0,1.0,12.328125,172.7109375,123.2265625,69.01171875,416.10546875,345.95703125,0.0,0.0,0.3671875,39.141178131103516
none,1,857,1.0,0.0,1.0,1.0,1.0,1.0,12.0390625,171.703125,123.33984375,67.5234375,414.1328125,348.4140625,0.0,0.0,0.51171875,38.97370529174805
none,1,858,1.0,0.0,1.0,1.0,1.0,1.0,11.875,171.0234375,123.75390625,67.0390625,412.0625,346.58203125,0.0,0.0,0.41015625,38.96701431274414
none,1,859,1.0,0.0,1.0,1.0,1.0,1.0,11.50390625,172.63671875,123.390625,66.84765625,417.09375,346.3515625,0.0,0.0,0.42578125,39.33827209472656
none,1,860,1.0,0.0,1.0,1.0,1.0,1.0,11.9140625,173.54296875,122.21875,68.52734375,417.140625,346.3515625,0.0,0.0,0.453125,39.34972381591797
none,1,861,1.0,0.0,1.0,1.0,1.0,1.0,12.28515625,171.5625,123.26171875,68.9609375,412.7265625,345.60546875,0.0,0.0,0.4921875,38.939918518066406
none,1,862,1.0,0.0,1.0,1.0,1.0,1.0,11.4609375,173.34375,122.87109375,65.68359375,417.5390625,344.26953125,0.0,0.0,0.46875,39.51886749267578
none,1,863,1.0,0.0,1.0,1.0,1.0,1.0,11.9453125,172.18359375,123.03125,68.7265625,412.87109375,343.4765625,0.0,0.0,0.4765625,39.12553405761719
none,1,864,1.0,0.0,1.0,1.0,1.0,1.0,12.66796875,172.8203125,122.359375,70.33203125,413.609375,341.44140625,0.0,0.0,0.4765625,39.25283432006836
none,1,865,1.0,0.0,1.0,1.0,1.0,1.0,12.08984375,171.96484375,123.73828125,68.24609375,410.95703125,344.91796875,0.0,0.0,0.5078125,39.23720169067383
none,1,866,1.0,0.0,1.0,1.0,1.0,1.0,12.45703125,172.5078125,122.72265625,70.8125,412.37890625,342.5546875,0.0,0.0,0.5390625,38.988433837890625
none,1,867,1.0,0.0,1.0,1.0,1.0,1.0,12.515625,172.48046875,125.07421875,69.36328125,411.05078125,347.8671875,0.0,0.0,0.5234375,39.34751892089844
none,1,868,1.0,0.0,1.0,1.0,1.0,1.0,13.1484375,172.4296875,123.41796875,70.83203125,411.66015625,343.8984375,0.0,0.0,0.49609375,38.939964294433594
none,1,869,1.0,0.0,1.0,1.0,1.0,1.0,12.98828125,171.89453125,124.7265625,70.6171875,409.80078125,347.4921875,0.0,0.0,0.51171875,39.27384948730469
none,1,870,1.0,0.0,1.0,1.0,1.0,1.0,13.30859375,172.828125,122.50390625,72.62109375,412.30859375,339.44140625,0.0,0.0,0.4375,39.03453063964844
none,1,871,1.0,0.0,1.0,1.0,1.0,1.0,12.2265625,172.921875,124.47265625,67.8359375,412.23046875,346.16015625,0.0,0.0,0.42578125,39.42963790893555
none,1,872,1.0,0.0,1.0,1.0,1.0,1.0,12.92578125,173.75,122.7265625,69.5625,414.22265625,341.71875,0.0,0.0,0.39453125,39.21212387084961
none,1,873,1.0,0.0,1.0,1.0,1.0,1.0,12.3984375,172.7890625,125.0390625,69.46875,411.29296875,348.66796875,0.0,0.0,0.3984375,39.328094482421875
none,1,874,1.0,0.0,1.0,1.0,1.0,1.0,12.109375,173.015625,125.15625,69.1640625,413.015625,349.203125,0.0,0.0,0.40625,39.488258361816406
none,1,875,1.0,0.0,1.0,1.0,1.0,1.0,12.18359375,173.9140625,122.5859375,67.6484375,414.28515625,342.140625,0.0,0.0,0.4140625,39.48749542236328
none,1,876,1.0,0.0,1.0,1.0,1.0,1.0,12.30859375,174.7421875,123.56640625,69.64453125,416.84765625,343.546875,0.0,0.0,0.359375,39.94729232788086
none,1,877,1.0,0.0,1.0,1.0,1.0,1.0,11.84765625,173.9765625,123.01171875,67.41015625,415.0859375,343.75,0.0,0.0,0.41015625,39.648536682128906
none,1,878,1.0,0.0,1.0,1.0,1.0,1.0,11.92578125,173.22265625,125.09375,68.203125,411.94921875,346.8359375,0.0,0.0,0.375,39.68852233886719
none,1,879,1.0,0.0,1.0,1.0,1.0,1.0,12.16796875,174.3203125,123.54296875,68.63671875,417.29296875,342.8125,0.0,0.0,0.42578125,39.646507263183594
none,1,880,1.0,0.0,1.0,1.0,1.0,1.0,11.9765625,173.87109375,124.0625,67.6875,414.67578125,345.3046875,0.0,0.0,0.421875,39.69132614135742
none,1,881,1.0,0.0,1.0,1.0,1.0,1.0,12.3359375,172.8515625,124.875,70.39453125,412.19140625,346.69140625,0.0,0.0,0.4609375,39.34653091430664
none,1,882,1.0,0.0,1.0,1.0,1.0,1.0,12.5234375,173.5703125,126.0859375,69.05859375,412.58203125,349.7265625,0.0,0.0,0.484375,39.73357391357422
none,1,883,1.0,0.0,1.0,1.0,1.0,1.0,12.07421875,172.80078125,124.69921875,68.5625,410.91015625,347.515625,0.0,0.0,0.484375,39.0444450378418
none,1,884,1.0,0.0,1.0,1.0,1.0,1.0,11.88671875,174.4921875,125.26953125,67.7890625,414.26171875,346.29296875,0.0,0.0,0.3671875,39.82499313354492
none,1,885,1.0,0.0,1.0,1.0,1.0,1.0,11.24609375,173.28125,124.734375,65.20703125,410.67578125,345.50390625,0.0,0.0,0.4140625,39.585906982421875
none,1,886,1.0,0.0,1.0,1.0,1.0,1.0,11.77734375,174.0078125,124.59765625,67.453125,412.4140625,345.42578125,0.0,0.0,0.41796875,39.757015228271484
none,1,887,1.0,0.0,1.0,1.0,1.0,1.0,11.45703125,174.546875,125.4140625,65.82421875,413.54296875,346.984375,0.0,0.0,0.38671875,40.08408737182617
none,1,888,1.0,0.0,1.0,1.0,1.0,1.0,11.6328125,173.30859375,126.32421875,67.11328125,410.37109375,349.38671875,0.0,0.0,0.359375,39.64763641357422
none,1,889,1.0,0.0,1.0,1.0,1.0,1.0,12.0546875,173.69921875,124.97265625,69.359375,411.265625,344.83203125,0.0,0.0,0.4375,39.65226364135742
none,1,890,1.0,0.0,1.0,1.0,1.0,1.0,11.83984375,173.7734375,126.046875,67.59765625,412.3203125,349.30859375,0.0,0.0,0.42578125,39.9846076965332
none,1,891,1.0,0.0,1.0,1.0,1.0,1.0,12.07421875,175.85546875,125.30078125,69.56640625,415.625,346.73828125,0.0,0.0,0.47265625,40.30938720703125
none,1,892,1.0,0.0,1.0,1.0,1.0,1.0,12.01953125,175.37890625,126.58984375,69.390625,414.76953125,348.82421875,0.0,0.0,0.40625,40.165870666503906
none,1,893,1.0,0.0,1.0,1.0,1.0,1.0,11.203125,174.75390625,126.3359375,67.52734375,411.73828125,349.03125,0.0,0.0,0.390625,39.89981460571289
none,1,894,1.0,0.0,1.0,1.0,1.0,1.0,11.7578125,174.515625,127.40234375,68.41796875,413.02734375,348.6015625,0.0,0.0,0.39453125,40.12062454223633
none,1,895,1.0,0.0,1.0,1.0,1.0,1.0,11.453125,173.66015625,127.23828125,68.953125,409.62109375,350.4765625,0.0,0.0,0.42578125,40.06560516357422
none,1,896,1.0,0.0,1.0,1.0,1.0,1.0,11.35546875,175.12890625,125.609375,67.3046875,414.4296875,344.02734375,0.0,0.0,0.44140625,40.28602600097656
none,1,897,1.0,0.0,1.0,1.0,1.0,1.0,11.01171875,175.1484375,126.19921875,65.640625,415.2265625,343.41015625,0.0,0.0,0.44921875,40.108924865722656
none,1,898,1.0,0.0,1.0,1.0,1.0,1.0,10.734375,173.96875,125.078125,64.04296875,413.24609375,342.7890625,0.0,0.0,0.41015625,39.88080596923828
none,1,899,1.0,0.0,1.0,1.0,1.0,1.0,10.3515625,174.6640625,128.609375,63.0703125,412.73046875,352.3671875,0.0,0.0,0.34765625,40.408939361572266
none,1,900,1.0,0.0,1.0,1.0,1.0,1.0,10.79296875,174.38671875,127.41015625,64.5703125,411.69921875,349.71484375,0.0,0.0,0.390625,40.025360107421875
none,1,901,1.0,0.0,1.0,1.0,1.0,1.0,10.640625,174.46484375,127.41015625,65.1953125,412.37109375,350.2265625,0.0,0.0,0.453125,40.431297302246094
none,1,902,1.0,0.0,1.0,1.0,1.0,1.0,11.53515625,175.71875,127.90625,68.29296875,414.01953125,352.734375,0.0,0.0,0.46484375,40.391902923583984
none,1,903,1.0,0.0,1.0,1.0,1.0,1.0,11.1328125,174.74609375,127.671875,67.31640625,409.83203125,352.01953125,0.0,0.0,0.3828125,40.24486541748047
none,1,904,1.0,0.0,1.0,1.0,1.0,1.0,10.76171875,175.44140625,128.140625,66.0078125,412.74609375,352.47265625,0.0,0.0,0.44921875,40.51668930053711
none,1,905,1.0,0.0,1.0,1.0,1.0,1.0,11.4296875,175.62109375,127.4609375,69.328125,412.91796875,349.59375,0.0,0.0,0.29296875,40.5251579284668
none,1,906,1.0,0.0,1.0,1.0,1.0,1.0,11.171875,174.28515625,129.0625,68.98046875,408.86328125,353.58984375,0.0,0.0,0.41796875,40.467559814453125
none,1,907,1.0,0.0,1.0,1.0,1.0,1.0,11.1875,173.8203125,128.078125,69.1640625,408.171875,350.29296875,0.0,0.0,0.42578125,40.2078971862793
none,1,908,1.0,0.0,1.0,1.0,1.0,1.0,11.89453125,175.86328125,127.96484375,69.984375,412.2734375,351.71875,0.0,0.0,0.46875,40.486236572265625
none,1,909,1.0,0.0,1.0,1.0,1.0,1.0,11.71484375,175.640625,129.22265625,70.8046875,410.2578125,353.33984375,0.0,0.0,0.37890625,40.50649642944336
none,1,910,1.0,0.0,1.0,1.0,1.0,1.0,12.4140625,176.07421875,127.95703125,72.390625,410.43359375,349.3984375,0.0,0.0,0.40234375,40.42695617675781
none,1,911,1.0,0.0,1.0,1.0,1.0,1.0,11.80078125,176.0546875,128.9375,68.91796875,410.703125,351.99609375,0.0,0.0,0.4609375,40.69633102416992
none,1,912,1.0,0.0,1.0,1.0,1.0,1.0,12.015625,176.24609375,127.3671875,70.46875,412.8203125,345.4140625,0.0,0.0,0.43359375,40.58991241455078
none,1,913,1.0,0.0,1.0,1.0,1.0,1.0,12.04296875,176.3125,128.4375,69.74609375,413.19921875,350.36328125,0.0,0.0,0.421875,40.751747131347656
none,1,914,1.0,0.0,1.0,1.0,1.0,1.0,11.51171875,176.7265625,128.3359375,67.56640625,414.37890625,349.1328125,0.0,0.0,0.36328125,40.95652770996094
none,1,915,1.0,0.0,1.0,1.0,1.0,1.0,11.625,176.61328125,127.09375,67.95703125,413.18359375,345.4375,0.0,0.0,0.45703125,40.67394256591797
none,1,916,1.0,0.0,1.0,1.0,1.0,1.0,10.28125,175.90234375,129.0859375,63.4453125,412.078125,350.6875,0.0,0.0,0.41015625,40.79248046875
none,1,917,1.0,0.0,1.0,1.0,1.0,1.0,11.1015625,176.35546875,129.71484375,65.73828125,411.609375,352.81640625,0.0,0.0,0.41015625,40.926876068115234
none,1,918,1.0,0.0,1.0,1.0,1.0,1.0,11.125,174.9765625,127.93359375,66.15625,408.2421875,347.71484375,0.0,0.0,0.41796875,40.41669845581055
none,1,919,1.0,0.0,1.0,1.0,1.0,1.0,11.234375,175.91796875,129.578125,68.45703125,411.5078125,352.8203125,0.0,0.0,0.3984375,40.76313018798828
none,1,920,1.0,0.0,1.0,1.0,1.0,1.0,10.71484375,176.2109375,128.9296875,66.2109375,411.94140625,350.05078125,0.0,0.0,0.4609375,40.923789978027344
none,1,921,1.0,0.0,1.0,1.0,1.0,1.0,10.796875,175.16015625,130.79296875,67.12109375,408.4921875,355.40625,0.0,0.0,0.35546875,40.67479705810547
none,1,922,1.0,0.0,1.0,1.0,1.0,1.0,11.55078125,174.9296875,129.921875,69.23828125,408.53125,353.234375,0.0,0.0,0.41015625,40.5334587097168
none,1,923,1.0,0.0,1.0,1.0,1.0,1.0,11.25390625,175.5546875,130.99609375,67.86328125,409.67578125,353.9375,0.0,0.0,0.37109375,40.53239440917969
none,1,924,1.0,0.0,1.0,1.0,1.0,1.0,10.64453125,176.58203125,129.3046875,66.45703125,412.4296875,350.484375,0.0,0.0,0.4140625,40.941917419433594
none,1,925,1.0,0.0,1.0,1.0,1.0,1.0,10.71484375,176.21484375,130.59375,66.7421875,409.34375,352.98046875,0.0,0.0,0.43359375,40.95075225830078
none,1,926,1.0,0.0,1.0,1.0,1.0,1.0,10.78515625,177.05078125,129.6875,64.71875,412.4140625,352.3984375,0.0,0.0,0.39453125,41.09800720214844
none,1,927,1.0,0.0,1.0,1.0,1.0,1.0,10.3515625,175.83984375,130.7734375,64.8828125,408.9375,352.73828125,0.0,0.0,0.3671875,41.0847282409668
none,1,928,1.0,0.0,1.0,1.0,1.0,1.0,10.40234375,176.609375,129.22265625,64.5234375,411.2890625,349.609375,0.0,0.0,0.3984375,41.118255615234375
none,1,929,1.0,0.0,1.0,1.0,1.0,1.0,10.68359375,176.203125,129.5546875,66.33984375,411.3125,351.71875,0.0,0.0,0.40234375,40.703392028808594
none,1,930,1.0,0.0,1.0,1.0,1.0,1.0,10.48046875,176.97265625,129.80078125,64.734375,411.0390625,351.5,0.0,0.0,0.43359375,41.1451416015625
none,1,931,1.0,0.0,1.0,1.0,1.0,1.0,10.57421875,176.98828125,130.3828125,65.28515625,411.0703125,352.28515625,0.0,0.0,0.37890625,41.27802276611328
none,1,932,1.0,0.0,1.0,1.0,1.0,1.0,10.7109375,177.61328125,130.24609375,66.90625,410.4765625,351.1640625,0.0,0.0,0.421875,41.08269500732422
none,1,933,1.0,0.0,1.0,1.0,1.0,1.0,10.484375,175.79296875,131.0625,64.87890625,406.28515625,353.0546875,0.0,0.0,0.39453125,40.89887619018555
none,1,934,1.0,0.0,1.0,1.0,1.0,1.0,10.90234375,177.03515625,129.171875,66.5,409.9765625,348.8359375,0.0,0.0,0.35546875,40.826759338378906
none,1,935,1.0,0.0,1.0,1.0,1.0,1.0,10.90625,177.3359375,131.19921875,67.5625,410.88671875,353.86328125,0.0,0.0,0.3046875,41.310333251953125
none,1,936,1.0,0.0,1.0,1.0,1.0,1.0,10.54296875,176.71484375,133.17578125,66.7109375,407.578125,358.90625,0.0,0.0,0.31640625,41.20323181152344
none,1,937,1.0,0.0,1.0,1.0,1.0,1.0,11.25,176.44921875,133.45703125,67.234375,405.74609375,359.953125,0.0,0.0,0.31640625,41.31913757324219
none,1,938,1.0,0.0,1.0,1.0,1.0,1.0,10.93359375,177.49609375,132.0078125,67.27734375,409.29296875,354.50390625,0.0,0.0,0.37109375,41.33393096923828
none,1,939,1.0,0.0,1.0,1.0,1.0,1.0,10.57421875,176.984375,131.23828125,65.3125,407.046875,353.24609375,0.0,0.0,0.34375,41.27119445800781
none,1,940,1.0,0.0,1.0,1.0,1.0,1.0,10.8515625,175.86328125,131.3828125,66.203125,407.1171875,354.53515625,0.0,0.0,0.4140625,40.993309020996094
none,1,941,1.0,0.0,1.0,1.0,1.0,1.0,11.1015625,176.30078125,129.94140625,67.3046875,408.46484375,348.6328125,0.0,0.0,0.3984375,40.9155387878418
none,1,942,1.0,0.0,1.0,1.0,1.0,1.0,10.70703125,176.6328125,131.6328125,65.9375,407.8515625,354.96875,0.0,0.0,0.42578125,41.177581787109375
none,1,943,1.0,0.0,1.0,1.0,1.0,1.0,10.875,178.0078125,129.9296875,68.4375,411.46484375,348.28515625,0.0,0.0,0.4296875,41.431907653808594
none,1,944,1.0,0.0,1.0,1.0,1.0,1.0,10.7265625,177.078125,129.14453125,66.64453125,409.84765625,348.73046875,0.0,0.0,0.3984375,41.089500427246094
none,1,945,1.0,0.0,1.0,1.0,1.0,1.0,10.5234375,178.53125,130.83984375,64.80078125,413.14453125,351.07421875,0.0,0.0,0.3828125,41.48952865600586
none,1,946,1.0,0.0,1.0,1.0,1.0,1.0,10.765625,177.484375,131.4453125,66.1796875,411.4296875,353.671875,0.0,0.0,0.35546875,41.419219970703125
none,1,947,1.0,0.0,1.0,1.0,1.0,1.0,10.93359375,177.703125,132.10546875,66.171875,411.40625,352.78125,0.0,0.0,0.37890625,41.473880767822266
none,1,948,1.0,0.0,1.0,1.0,1.0,1.0,10.61328125,179.28125,130.796875,65.0,415.44921875,349.2890625,0.0,0.0,0.421875,41.96944808959961
none,1,949,1.0,0.0,1.0,1.0,1.0,1.0,10.62890625,177.8515625,129.96484375,67.1640625,412.6953125,347.515625,0.0,0.0,0.328125,41.55844497680664
none,1,950,1.0,0.0,1.0,1.0,1.0,1.0,10.4375,178.84375,130.9453125,65.15234375,414.03515625,349.82421875,0.0,0.0,0.37890625,41.67414474487305
none,1,951,1.0,0.0,1.0,1.0,1.0,1.0,11.5859375,176.78125,132.1875,69.41796875,409.89453125,353.40625,0.0,0.0,0.3828125,41.03273010253906
none,1,952,1.0,0.0,1.0,1.0,1.0,1.0,10.15625,177.859375,131.4453125,63.78515625,411.99609375,351.78125,0.0,0.0,0.4375,41.43897247314453
none,1,953,1.0,0.0,1.0,1.0,1.0,1.0,10.3984375,178.15234375,131.17578125,64.8359375,411.46875,349.73046875,0.0,0.0,0.4140625,41.57124710083008
none,1,954,1.0,0.0,1.0,1.0,1.0,1.0,10.34375,177.55078125,129.6953125,64.359375,409.99609375,347.77734375,0.0,0.0,0.3359375,41.15996551513672
none,1,955,1.0,0.0,1.0,1.0,1.0,1.0,11.09765625,178.08203125,131.40625,66.05078125,412.1796875,349.01171875,0.0,0.0,0.42578125,41.687660217285156
none,1,956,1.0,0.0,1.0,1.0,1.0,1.0,10.1484375,177.765625,132.453125,63.17578125,410.75,353.30078125,0.0,0.0,0.328125,41.71498107910156
none,1,957,1.0,0.0,1.0,1.0,1.0,1.0,9.9921875,177.1875,132.33984375,63.24609375,409.16796875,353.21484375,0.0,0.0,0.33203125,41.490840911865234
none,1,958,1.0,0.0,1.0,1.0,1.0,1.0,10.4140625,178.2109375,132.48828125,65.05859375,411.1796875,353.22265625,0.0,0.0,0.40234375,41.632591247558594
none,1,959,1.0,0.0,1.0,1.0,1.0,1.0,10.40625,177.60546875,131.75390625,65.55859375,410.71484375,351.59765625,0.0,0.0,0.3515625,41.49030685424805
none,1,960,1.0,0.0,1.0,1.0,1.0,1.0,10.65234375,177.8203125,133.1640625,68.90625,410.05859375,355.5546875,0.0,0.0,0.33203125,41.61056900024414
none,1,961,1.0,0.0,1.0,1.0,1.0,1.0,10.5234375,177.0625,132.875,67.1640625,409.10546875,354.76953125,0.0,0.0,0.3515625,41.38023376464844
none,1,962,1.0,0.0,1.0,1.0,1.0,1.0,9.98046875,178.14453125,132.53125,66.3125,411.6640625,354.453125,0.0,0.0,0.33203125,41.61406707763672
none,1,963,1.0,0.0,1.0,1.0,1.0,1.0,10.88671875,177.1328125,132.28125,68.88671875,408.75390625,354.89453125,0.0,0.0,0.41796875,41.33863067626953
none,1,964,1.0,0.0,1.0,1.0,1.0,1.0,9.8515625,177.9140625,133.36328125,64.84375,410.1640625,356.1796875,0.0,0.0,0.39453125,41.947288513183594
none,1,965,1.0,0.0,1.0,1.0,1.0,1.0,10.20703125,177.12109375,133.19140625,65.6484375,407.73046875,353.4296875,0.0,0.0,0.34375,41.57600021362305
none,1,966,1.0,0.0,1.0,1.0,1.0,1.0,9.47265625,177.29296875,133.13671875,62.7734375,409.60546875,354.171875,0.0,0.0,0.359375,41.644779205322266
none,1,967,1.0,0.0,1.0,1.0,1.0,1.0,10.0625,179.0625,131.4375,65.7421875,414.0390625,346.51953125,0.0,0.0,0.3671875,41.91109848022461
none,1,968,1.0,0.0,1.0,1.0,1.0,1.0,10.0,177.66796875,132.703125,64.67578125,411.08203125,351.58984375,0.0,0.0,0.42578125,41.72687530517578
none,1,969,1.0,0.0,1.0,1.0,1.0,1.0,10.41015625,178.41015625,132.53515625,66.39453125,410.5546875,350.6328125,0.0,0.0,0.3515625,41.76365280151367
none,1,970,1.0,0.0,1.0,1.0,1.0,1.0,10.53125,179.640625,133.3359375,66.3359375,413.921875,351.671875,0.0,0.0,0.39453125,42.327613830566406
none,1,971,1.0,0.0,1.0,1.0,1.0,1.0,10.16015625,178.40234375,132.53515625,65.8515625,410.83203125,348.87109375,0.0,0.0,0.32421875,41.8944091796875
none,1,972,1.0,0.0,1.0,1.0,1.0,1.0,10.0625,178.89453125,131.2265625,64.453125,411.1953125,344.87109375,0.0,0.0,0.33203125,41.916648864746094
none,1,973,1.0,0.0,1.0,1.0,1.0,1.0,10.59375,177.1640625,133.80078125,64.6015625,407.68359375,351.47265625,0.0,0.0,0.3984375,41.72740173339844
none,1,974,1.0,0.0,1.0,1.0,1.0,1.0,10.41796875,177.71875,132.77734375,65.1875,407.96484375,349.33984375,0.0,0.0,0.390625,41.516563415527344
none,1,975,1.0,0.0,1.0,1.0,1.0,1.0,10.10546875,178.96484375,133.63671875,65.0,411.03515625,351.77734375,0.0,0.0,0.38671875,42.05780029296875
none,1,976,1.0,0.0,1.0,1.0,1.0,1.0,10.05078125,179.82421875,133.53515625,63.75,412.4140625,352.3046875,0.0,0.0,0.31640625,42.44489669799805
none,1,977,1.0,0.0,1.0,1.0,1.0,1.0,10.3125,178.421875,133.73828125,65.49609375,410.88671875,350.984375,0.0,0.0,0.34765625,41.855377197265625
none,1,978,1.0,0.0,1.0,1.0,1.0,1.0,10.72265625,178.70703125,131.41015625,66.3515625,409.71875,346.48046875,0.0,0.0,0.40234375,41.90824508666992
none,1,979,1.0,0.0,1.0,1.0,1.0,1.0,10.390625,178.3203125,133.3046875,65.94140625,409.328125,352.34375,0.0,0.0,0.30859375,42.12538528442383
none,1,980,1.0,0.0,1.0,1.0,1.0,1.0,10.33203125,178.828125,133.0390625,65.59375,410.83984375,353.03515625,0.0,0.0,0.40234375,41.743316650390625
none,1,981,1.0,0.0,1.0,1.0,1.0,1.0,10.41015625,179.5078125,134.140625,66.23046875,411.0390625,355.42578125,0.0,0.0,0.48046875,42.10980224609375
none,1,982,1.0,0.0,1.0,1.0,1.0,1.0,10.25,178.3125,133.53515625,66.65234375,408.66015625,355.31640625,0.0,0.0,0.33984375,42.03446960449219
none,1,983,1.0,0.0,1.0,1.0,1.0,1.0,10.2890625,177.72265625,134.8203125,65.45703125,407.34765625,357.09375,0.0,0.0,0.33984375,41.727561950683594
none,1,984,1.0,0.0,1.0,1.0,1.0,1.0,9.76171875,178.53125,134.87109375,63.87890625,409.3203125,354.7109375,0.0,0.0,0.3984375,42.11643600463867
none,1,985,1.0,0.0,1.0,1.0,1.0,1.0,9.64453125,178.4921875,135.0,62.57421875,409.78125,356.91796875,0.0,0.0,0.34765625,42.31371307373047
none,1,986,1.0,0.0,1.0,1.0,1.0,1.0,9.94921875,177.55859375,135.0,63.46484375,407.6796875,355.28125,0.0,0.0,0.30859375,41.819053649902344
none,1,987,1.0,0.0,1.0,1.0,1.0,1.0,10.2109375,178.5234375,134.19921875,66.19140625,408.37890625,354.6796875,0.0,0.0,0.4140625,41.805686950683594
none,1,988,1.0,0.0,1.0,1.0,1.0,1.0,10.48828125,178.0078125,134.90234375,67.5234375,407.6171875,354.36328125,0.0,0.0,0.40625,42.109588623046875
none,1,989,1.0,0.0,1.0,1.0,1.0,1.0,10.3359375,177.2421875,135.20703125,66.953125,406.09765625,355.109375,0.0,0.0,0.3984375,41.871707916259766
none,1,990,1.0,0.0,1.0,1.0,1.0,1.0,10.09765625,177.60546875,133.90234375,66.03515625,405.984375,352.0234375,0.0,0.0,0.35546875,41.93937301635742
none,1,991,1.0,0.0,1.0,1.0,1.0,1.0,10.1328125,178.41015625,134.41015625,66.33984375,408.76171875,353.02734375,0.0,0.0,0.35546875,42.01600646972656
none,1,992,1.0,0.0,1.0,1.0,1.0,1.0,9.77734375,179.09765625,135.578125,64.39453125,409.109375,357.77734375,0.0,0.0,0.3671875,42.43605422973633
none,1,993,1.0,0.0,1.0,1.0,1.0,1.0,9.78515625,179.6796875,133.57421875,65.9453125,412.08203125,351.4921875,0.0,0.0,0.3515625,42.4484977722168
none,1,994,1.0,0.0,1.0,1.0,1.0,1.0,9.84765625,179.76171875,133.84375,64.609375,411.23046875,351.43359375,0.0,0.0,0.38671875,42.4454460144043
none,1,995,1.0,0.0,1.0,1.0,1.0,1.0,9.26953125,179.77734375,134.40625,62.55078125,410.43359375,354.640625,0.0,0.0,0.3203125,42.442195892333984
none,1,996,1.0,0.0,1.0,1.0,1.0,1.0,9.87109375,180.10546875,133.24609375,64.078125,412.3671875,350.87109375,0.0,0.0,0.43359375,42.49982833862305
none,1,997,1.0,0.0,1.0,1.0,1.0,1.0,9.48828125,179.43359375,134.6484375,63.40625,408.953125,354.98046875,0.0,0.0,0.359375,42.39014434814453
none,1,998,1.0,0.0,1.0,1.0,1.0,1.0,9.62109375,180.77734375,135.9375,62.02734375,413.23828125,358.66015625,0.0,0.0,0.34765625,42.72966766357422
none,1,999,1.0,0.0,1.0,1.0,1.0,1.0,10.2265625,179.1796875,134.7109375,64.9921875,409.51953125,354.6328125,0.0,0.0,0.359375,42.230079650878906
none,2,0,1.0,0.0,1.0,1.0,1.0,1.0,32.609375,32.73828125,31.33203125,260.65625,255.05078125,244.640625,0.0,0.0,24.25,-5.411637783050537
none,2,1,1.0,0.0,1.0,1.0,1.0,1.0,32.76171875,34.64453125,32.12109375,250.6640625,259.5234375,242.37109375,0.0,0.0,24.27734375,-4.99518346786499
none,2,2,1.0,0.0,1.0,1.0,1.0,1.0,33.875,37.49609375,34.625,252.3125,265.90625,246.203125,0.0,0.0,23.48828125,-4.422724723815918
none,2,3,1.0,0.0,1.0,1.0,1.0,1.0,35.25,37.94921875,35.953125,254.32421875,260.5390625,246.05078125,0.0,0.0,23.04296875,-4.317958354949951
none,2,4,1.0,0.0,1.0,1.0,1.0,1.0,36.5234375,39.78125,37.859375,251.12109375,262.32421875,248.44140625,0.0,0.0,22.96875,-4.051260948181152
none,2,5,1.0,0.0,1.0,1.0,1.0,1.0,36.0078125,40.6484375,39.609375,237.546875,259.140625,254.2265625,0.0,0.0,22.92578125,-3.5258071422576904
none,2,6,1.0,0.0,1.0,1.0,1.0,1.0,39.0859375,42.62109375,41.25390625,242.48046875,260.47265625,247.05859375,0.0,0.0,22.09375,-3.360015392303467
none,2,7,1.0,0.0,1.0,1.0,1.0,1.0,39.2265625,45.328125,43.859375,232.52734375,263.515625,250.46875,0.0,0.0,21.18359375,-2.4582834243774414
none,2,8,1.0,0.0,1.0,1.0,1.0,1.0,40.6015625,46.87890625,43.87890625,234.0078125,268.5703125,242.6953125,0.0,0.0,20.546875,-2.22036075592041
none,2,9,1.0,0.0,1.0,1.0,1.0,1.0,43.203125,47.60546875,46.015625,234.45703125,263.0625,245.96875,0.0,0.0,20.08203125,-2.126392126083374
none,2,10,1.0,0.0,1.0,1.0,1.0,1.0,43.6328125,49.765625,48.02734375,231.86328125,263.328125,245.6953125,0.0,0.0,20.13671875,-1.6756830215454102
none,2,11,1.0,0.0,1.0,1.0,1.0,1.0,44.77734375,50.58984375,50.15234375,229.09375,266.41796875,247.546875,0.0,0.0,19.92578125,-1.2898727655410767
none,2,12,1.0,0.0,1.0,1.0,1.0,1.0,46.5234375,51.7421875,50.57421875,231.546875,262.63671875,241.4375,0.0,0.0,19.76171875,-1.3290151357650757
none,2,13,1.0,0.0,1.0,1.0,1.0,1.0,47.50390625,53.09375,51.8515625,226.703125,263.79296875,241.81640625,0.0,0.0,19.19921875,-1.0863561630249023
none,2,14,1.0,0.0,1.0,1.0,1.0,1.0,49.1015625,54.86328125,52.84375,225.5625,264.6640625,240.5703125,0.0,0.0,19.05078125,-0.6531721353530884
none,2,15,1.0,0.0,1.0,1.0,1.0,1.0,48.93359375,56.63671875,55.046875,220.0703125,266.8125,241.87890625,0.0,0.0,18.515625,-0.15890614688396454
none,2,16,1.0,0.0,1.0,1.0,1.0,1.0,49.3125,57.91796875,56.28125,217.9375,264.23046875,240.58984375,0.0,0.0,18.40234375,0.06490528583526611
none,2,17,1.0,0.0,1.0,1.0,1.0,1.0,49.546875,60.13671875,56.82421875,216.3984375,266.7265625,237.53515625,0.0,0.0,18.27734375,0.41306349635124207
none,2,18,1.0,0.0,1.0,1.0,1.0,1.0,50.12109375,60.17578125,58.2734375,214.86328125,257.609375,237.7578125,0.0,0.0,18.1875,0.5533367991447449
none,2,19,1.0,0.0,1.0,1.0,1.0,1.0,50.5078125,62.67578125,59.82421875,211.0625,260.14453125,241.73828125,0.0,0.0,17.984375,1.031652808189392
none,2,20,1.0,0.0,1.0,1.0,1.0,1.0,50.4609375,65.1171875,61.4453125,207.6796875,261.84375,240.01171875,0.0,0.0,17.9296875,1.5638139247894287
none,2,21,1.0,0.0,1.0,1.0,1.0,1.0,49.3046875,67.24609375,60.82421875,201.453125,265.68359375,233.78125,0.0,0.0,17.98828125,2.2376184463500977
none,2,22,1.0,0.0,1.0,1.0,1.0,1.0,50.63671875,67.53125,62.2109375,203.1171875,261.8671875,233.34375,0.0,0.0,17.62109375,2.2808003425598145
none,2,23,1.0,0.0,1.0,1.0,1.0,1.0,50.52734375,69.4765625,63.2421875,199.796875,263.76953125,235.98046875,0.0,0.0,17.0703125,2.8296964168548584
none,2,24,1.0,0.0,1.0,1.0,1.0,1.0,50.53515625,72.26171875,63.03125,195.90234375,265.34375,232.7265625,0.0,0.0,16.96484375,3.3236026763916016
none,2,25,1.0,0.0,1.0,1.0,1.0,1.0,49.5390625,73.78125,63.2890625,192.51953125,269.75390625,230.02734375,0.0,0.0,16.71875,3.7545573711395264
none,2,26,1.0,0.0,1.0,1.0,1.0,1.0,50.15625,75.07421875,64.73828125,187.34765625,266.33203125,231.015625,0.0,0.0,16.30859375,4.054828643798828
none,2,27,1.0,0.0,1.0,1.0,1.0,1.0,49.84375,76.9140625,63.5546875,186.18359375,269.71484375,223.875,0.0,0.0,16.07421875,4.334225654602051
none,2,28,1.0,0.0,1.0,1.0,1.0,1.0,49.41015625,79.7109375,63.33203125,180.6953125,275.671875,219.30078125,0.0,0.0,15.81640625,4.907355308532715
none,2,29,1.0,0.0,1.0,1.0,1.0,1.0,49.6875,79.96484375,64.16796875,181.2109375,273.78515625,223.48828125,0.0,0.0,15.671875,5.015547752380371
none,2,30,1.0,0.0,1.0,1.0,1.0,1.0,49.3515625,80.5234375,64.63671875,177.81640625,273.24609375,224.8359375,0.0,0.0,15.54296875,5.164730072021484
none,2,31,1.0,0.0,1.0,1.0,1.0,1.0,49.02734375,82.1171875,64.796875,173.25,276.1640625,223.28125,0.0,0.0,14.84765625,5.7129950523376465
none,2,32,1.0,0.0,1.0,1.0,1.0,1.0,48.96484375,83.7421875,65.25,173.48828125,277.96484375,224.68359375,0.0,0.0,14.62890625,6.083474636077881
none,2,33,1.0,0.0,1.0,1.0,1.0,1.0,48.19140625,84.4765625,65.2734375,169.0546875,281.51171875,222.8828125,0.0,0.0,14.59765625,6.398477077484131
none,2,34,1.0,0.0,1.0,1.0,1.0,1.0,48.2578125,84.05078125,66.58984375,166.9375,278.78125,226.19921875,0.0,0.0,14.23828125,6.254832744598389
none,2,35,1.0,0.0,1.0,1.0,1.0,1.0,48.09375,84.53125,68.48828125,168.3671875,280.5,234.96484375,0.0,0.0,13.953125,6.659856796264648
none,2,36,1.0,0.0,1.0,1.0,1.0,1.0,49.43359375,84.6875,67.82421875,170.57421875,281.36328125,230.16796875,0.0,0.0,13.921875,6.474177360534668
none,2,37,1.0,0.0,1.0,1.0,1.0,1.0,49.39453125,85.3515625,67.84765625,170.71484375,282.609375,231.73046875,0.0,0.0,14.1484375,6.421780586242676
none,2,38,1.0,0.0,1.0,1.0,1.0,1.0,48.95703125,85.16015625,66.79296875,172.84765625,282.73828125,231.5078125,0.0,0.0,13.74609375,6.529077053070068
none,2,39,1.0,0.0,1.0,1.0,1.0,1.0,48.43359375,84.32421875,68.70703125,172.0078125,281.12109375,238.0625,0.0,0.0,13.60546875,6.4179229736328125
none,2,40,1.0,0.0,1.0,1.0,1.0,1.0,48.91015625,84.33203125,67.390625,171.5390625,282.234375,233.2890625,0.0,0.0,13.5078125,6.387980937957764
none,2,41,1.0,0.0,1.0,1.0,1.0,1.0,48.7734375,84.42578125,69.6953125,175.1953125,284.3359375,242.82421875,0.0,0.0,13.15625,6.583774566650391
none,2,42,1.0,0.0,1.0,1.0,1.0,1.0,49.7890625,82.95703125,71.125,178.54296875,278.359375,248.3828125,0.0,0.0,13.0546875,6.39479398727417
none,2,43,1.0,0.0,1.0,1.0,1.0,1.0,48.82421875,85.09375,70.23046875,174.61328125,287.38671875,245.28515625,0.0,0.0,13.015625,6.793093681335449
none,2,44,1.0,0.0,1.0,1.0,1.0,1.0,49.41796875,84.26953125,69.8203125,179.4453125,283.25390625,245.6171875,0.0,0.0,13.17578125,6.812665939331055
none,2,45,1.0,0.0,1.0,1.0,1.0,1.0,49.22265625,85.10546875,69.19140625,177.4296875,288.109375,241.84375,0.0,0.0,12.7578125,6.574100494384766
none,2,46,1.0,0.0,1.0,1.0,1.0,1.0,49.4296875,83.38671875,71.4921875,177.2109375,279.9375,250.59375,0.0,0.0,13.10546875,6.67624044418335
none,2,47,1.0,0.0,1.0,1.0,1.0,1.0,47.59375,84.66015625,70.60546875,171.8515625,283.3515625,246.0546875,0.0,0.0,12.90625,7.06634521484375
none,2,48,1.0,0.0,1.0,1.0,1.0,1.0,47.4140625,84.15234375,71.78515625,172.05078125,282.6953125,249.77734375,0.0,0.0,12.97265625,7.2032623291015625
none,2,49,1.0,0.0,1.0,1.0,1.0,1.0,48.41015625,85.15234375,71.6328125,175.17578125,284.50390625,249.33203125,0.0,0.0,12.57421875,7.3059797286987305
none,2,50,1.0,0.0,1.0,1.0,1.0,1.0,47.75390625,84.8828125,72.2421875,172.45703125,283.3515625,249.16015625,0.0,0.0,12.65234375,7.425792694091797
none,2,51,1.0,0.0,1.0,1.0,1.0,1.0,48.41015625,83.42578125,73.90625,175.1484375,278.51171875,254.0234375,0.0,0.0,12.39453125,7.170165538787842
none,2,52,1.0,0.0,1.0,1.0,1.0,1.0,47.828125,85.13671875,71.75390625,173.16015625,283.59765625,248.4296875,0.0,0.0,12.3828125,7.370091915130615
none,2,53,1.0,0.0,1.0,1.0,1.0,1.0,47.57421875,85.24609375,72.71875,170.34375,284.5390625,250.515625,0.0,0.0,12.265625,7.438838958740234
none,2,54,1.0,0.0,1.0,1.0,1.0,1.0,47.87890625,84.69140625,70.3671875,171.66796875,280.8203125,243.90625,0.0,0.0,12.31640625,7.140805721282959
none,2,55,1.0,0.0,1.0,1.0,1.0,1.0,49.52734375,83.140625,71.1953125,174.83984375,275.35546875,247.13671875,0.0,0.0,11.9609375,6.679729461669922
none,2,56,1.0,0.0,1.0,1.0,1.0,1.0,50.05859375,83.7421875,72.328125,179.2578125,275.640625,248.296875,0.0,0.0,11.765625,6.820825576782227
none,2,57,1.0,0.0,1.0,1.0,1.0,1.0,48.7734375,83.58203125,71.3359375,174.43359375,275.63671875,244.40234375,0.0,0.0,11.9921875,6.831845760345459
none,2,58,1.0,0.0,1.0,1.0,1.0,1.0,49.91015625,83.31640625,71.6796875,179.3828125,274.34375,247.6796875,0.0,0.0,11.94921875,6.592771053314209
none,2,59,1.0,0.0,1.0,1.0,1.0,1.0,49.53515625,82.92578125,71.7578125,176.46875,272.828125,248.11328125,0.0,0.0,12.16796875,6.675368309020996
none,2,60,1.0,0.0,1.0,1.0,1.0,1.0,50.7421875,81.51953125,72.45703125,180.76171875,267.65234375,251.1875,0.0,0.0,12.00390625,6.198094844818115
none,2,61,1.0,0.0,1.0,1.0,1.0,1.0,50.89453125,82.1171875,72.921875,182.12890625,270.140625,252.734375,0.0,0.0,11.6484375,6.424195289611816
none,2,62,1.0,0.0,1.0,1.0,1.0,1.0,51.5078125,81.85546875,72.51171875,184.46875,268.56640625,252.23046875,0.0,0.0,12.203125,6.036844253540039
none,2,63,1.0,0.0,1.0,1.0,1.0,1.0,51.76953125,81.09375,72.1328125,185.625,267.78125,251.765625,0.0,0.0,11.953125,6.218553066253662
none,2,64,1.0,0.0,1.0,1.0,1.0,1.0,51.94140625,81.7421875,73.41796875,188.2109375,269.2265625,255.78515625,0.0,0.0,12.09765625,6.439793586730957
none,2,65,1.0,0.0,1.0,1.0,1.0,1.0,50.65625,82.8359375,72.11328125,182.77734375,272.21875,252.68359375,0.0,0.0,11.96484375,6.459080696105957
none,2,66,1.0,0.0,1.0,1.0,1.0,1.0,51.72265625,82.625,73.125,186.046875,273.44140625,256.04296875,0.0,0.0,11.66015625,6.606008052825928
none,2,67,1.0,0.0,1.0,1.0,1.0,1.0,52.20703125,84.0859375,70.63671875,188.70703125,279.25,249.06640625,0.0,0.0,12.00390625,6.2851176261901855
none,2,68,1.0,0.0,1.0,1.0,1.0,1.0,52.140625,83.37890625,71.04296875,189.1640625,278.0390625,252.1640625,0.0,0.0,12.30859375,6.373166561126709
none,2,69,1.0,0.0,1.0,1.0,1.0,1.0,51.76171875,84.94921875,70.7890625,189.78125,281.48046875,251.82421875,0.0,0.0,12.15625,6.583309173583984
none,2,70,1.0,0.0,1.0,1.0,1.0,1.0,53.109375,85.66796875,70.00390625,191.89453125,284.203125,248.63671875,0.0,0.0,12.0078125,6.670873165130615
none,2,71,1.0,0.0,1.0,1.0,1.0,1.0,53.34375,84.25,71.38671875,193.15625,281.0859375,250.72265625,0.0,0.0,12.24609375,6.463160514831543
none,2,72,1.0,0.0,1.0,1.0,1.0,1.0,52.94140625,85.2109375,71.8828125,190.7578125,281.29296875,252.05859375,0.0,0.0,11.59765625,6.63855504989624
none,2,73,1.0,0.0,1.0,1.0,1.0,1.0,52.36328125,85.45703125,71.046875,188.34375,284.1015625,250.48046875,0.0,0.0,12.421875,6.836016654968262
none,2,74,1.0,0.0,1.0,1.0,1.0,1.0,53.68359375,85.90625,69.51171875,194.765625,285.328125,246.50390625,0.0,0.0,12.046875,6.7728776931762695
none,2,75,1.0,0.0,1.0,1.0,1.0,1.0,52.68359375,84.9140625,70.74609375,190.66796875,282.109375,249.73828125,0.0,0.0,11.87890625,6.673242092132568
none,2,76,1.0,0.0,1.0,1.0,1.0,1.0,51.84765625,84.8515625,69.96875,187.953125,281.51171875,246.46875,0.0,0.0,11.8515625,7.136078834533691
none,2,77,1.0,0.0,1.0,1.0,1.0,1.0,52.28125,84.94140625,70.546875,190.65234375,282.01953125,249.546875,0.0,0.0,11.8046875,6.715611934661865
none,2,78,1.0,0.0,1.0,1.0,1.0,1.0,52.37109375,85.859375,71.9453125,192.05859375,283.98046875,252.64453125,0.0,0.0,11.76171875,7.158648490905762
none,2,79,1.0,0.0,1.0,1.0,1.0,1.0,52.79296875,85.55859375,70.59765625,194.92578125,283.453125,250.546875,0.0,0.0,11.87890625,6.947373390197754
none,2,80,1.0,0.0,1.0,1.0,1.0,1.0,52.3046875,86.546875,71.109375,193.453125,286.58984375,249.78125,0.0,0.0,12.06640625,7.072134017944336
none,2,81,1.0,0.0,1.0,1.0,1.0,1.0,53.078125,86.58203125,70.66796875,195.51171875,286.44921875,249.32421875,0.0,0.0,12.0234375,7.027454376220703
none,2,82,1.0,0.0,1.0,1.0,1.0,1.0,52.28125,88.0859375,71.21875,191.6953125,291.41796875,249.15625,0.0,0.0,11.66796875,7.441544532775879
none,2,83,1.0,0.0,1.0,1.0,1.0,1.0,52.4453125,87.6796875,71.2265625,194.54296875,290.33984375,252.13671875,0.0,0.0,11.70703125,7.68482780456543
none,2,84,1.0,0.0,1.0,1.0,1.0,1.0,51.72265625,86.484375,72.45703125,191.94921875,285.88671875,254.375,0.0,0.0,11.94921875,7.3970465660095215
none,2,85,1.0,0.0,1.0,1.0,1.0,1.0,52.3203125,86.27734375,71.69921875,195.06640625,288.12109375,252.1171875,0.0,0.0,12.1328125,7.207726955413818
none,2,86,1.0,0.0,1.0,1.0,1.0,1.0,52.08203125,88.3359375,72.3046875,195.07421875,290.7890625,252.40234375,0.0,0.0,12.19140625,7.838385581970215
none,2,87,1.0,0.0,1.0,1.0,1.0,1.0,51.67578125,87.0859375,71.578125,194.15625,287.4296875,251.9296875,0.0,0.0,12.12890625,7.391674041748047
none,2,88,1.0,0.0,1.0,1.0,1.0,1.0,51.0390625,88.9765625,72.28515625,192.06640625,293.32421875,253.24609375,0.0,0.0,11.49609375,7.915629863739014
none,2,89,1.0,0.0,1.0,1.0,1.0,1.0,51.43359375,86.18359375,72.64453125,193.328125,284.52734375,257.203125,0.0,0.0,11.97265625,7.4013824462890625
none,2,90,1.0,0.0,1.0,1.0,1.0,1.0,50.1953125,86.89453125,72.5859375,188.5859375,285.671875,255.125,0.0,0.0,12.19140625,7.710472106933594
none,2,91,1.0,0.0,1.0,1.0,1.0,1.0,50.75390625,89.05078125,71.9765625,192.0078125,293.1875,252.92578125,0.0,0.0,11.71484375,8.134893417358398
none,2,92,1.0,0.0,1.0,1.0,1.0,1.0,50.6875,87.87890625,72.7578125,190.52734375,291.1171875,255.79296875,0.0,0.0,11.96875,7.9078369140625
none,2,93,1.0,0.0,1.0,1.0,1.0,1.0,51.5625,88.84375,72.10546875,192.01953125,294.1015625,249.46875,0.0,0.0,12.0703125,7.944020748138428
none,2,94,1.0,0.0,1.0,1.0,1.0,1.0,50.87109375,87.8515625,71.59765625,192.84765625,291.140625,252.609375,0.0,0.0,12.08984375,7.7053680419921875
none,2,95,1.0,0.0,1.0,1.0,1.0,1.0,50.2890625,88.89453125,72.91015625,190.125,294.078125,254.6796875,0.0,0.0,12.04296875,8.310127258300781
none,2,96,1.0,0.0,1.0,1.0,1.0,1.0,50.40625,89.40234375,74.09375,189.22265625,294.28515625,258.0234375,0.0,0.0,11.6875,8.385034561157227
none,2,97,1.0,0.0,1.0,1.0,1.0,1.0,49.8671875,90.0390625,73.125,187.15234375,299.4375,255.109375,0.0,0.0,11.95703125,8.388569831848145
none,2,98,1.0,0.0,1.0,1.0,1.0,1.0,49.30078125,88.9765625,72.66796875,186.05078125,294.47265625,253.50390625,0.0,0.0,11.8828125,8.383573532104492
none,2,99,1.0,0.0,1.0,1.0,1.0,1.0,48.81640625,89.671875,73.64453125,183.8203125,296.16796875,254.640625,0.0,0.0,12.12890625,8.694738388061523
none,2,100,1.0,0.0,1.0,1.0,1.0,1.0,48.1953125,91.921875,72.59375,181.6875,302.65234375,251.8828125,0.0,0.0,12.015625,8.998476028442383
none,2,101,1.0,0.0,1.0,1.0,1.0,1.0,49.03125,89.5078125,74.53515625,181.5625,294.0390625,260.015625,0.0,0.0,11.90625,8.697280883789062
none,2,102,1.0,0.0,1.0,1.0,1.0,1.0,49.08203125,90.2734375,74.00390625,182.7421875,298.45703125,256.81640625,0.0,0.0,11.81640625,8.786201477050781
none,2,103,1.0,0.0,1.0,1.0,1.0,1.0,48.26171875,91.390625,74.19921875,180.0859375,298.86328125,254.0390625,0.0,0.0,11.375,9.283721923828125
none,2,104,1.0,0.0,1.0,1.0,1.0,1.0,47.5234375,92.09765625,73.25,176.875,301.56640625,253.31640625,0.0,0.0,12.109375,9.216935157775879
none,2,105,1.0,0.0,1.0,1.0,1.0,1.0,48.22265625,90.9921875,74.67578125,180.03125,298.79296875,256.78515625,0.0,0.0,11.55078125,9.2588529586792
none,2,106,1.0,0.0,1.0,1.0,1.0,1.0,47.16015625,92.94140625,73.79296875,174.59375,302.50390625,253.5546875,0.0,0.0,12.015625,9.541196823120117
none,2,107,1.0,0.0,1.0,1.0,1.0,1.0,48.05859375,92.09375,73.96875,177.21484375,301.12109375,253.87109375,0.0,0.0,11.63671875,9.359271049499512
none,2,108,1.0,0.0,1.0,1.0,1.0,1.0,48.40234375,92.41015625,74.08203125,180.2734375,303.53125,252.2578125,0.0,0.0,11.4765625,9.417126655578613
none,2,109,1.0,0.0,1.0,1.0,1.0,1.0,47.140625,92.078125,73.8515625,176.11328125,301.703125,252.5546875,0.0,0.0,11.8359375,9.501825332641602
none,2,110,1.0,0.0,1.0,1.0,1.0,1.0,47.65625,91.47265625,74.4453125,176.03515625,299.1171875,255.57421875,0.0,0.0,11.75,9.422398567199707
none,2,111,1.0,0.0,1.0,1.0,1.0,1.0,47.32421875,93.26171875,73.125,175.35546875,303.55859375,250.25390625,0.0,0.0,11.5078125,9.788393020629883
none,2,112,1.0,0.0,1.0,1.0,1.0,1.0,47.87890625,93.1953125,73.62890625,178.4765625,302.77734375,251.87890625,0.0,0.0,11.65625,9.634444236755371
none,2,113,1.0,0.0,1.0,1.0,1.0,1.0,48.2265625,92.79296875,74.33203125,176.86328125,304.36328125,253.62109375,0.0,0.0,11.43359375,9.685413360595703
none,2,114,1.0,0.0,1.0,1.0,1.0,1.0,47.7578125,93.45703125,74.97265625,177.8828125,305.0546875,256.62890625,0.0,0.0,11.22265625,9.90238094329834
none,2,115,1.0,0.0,1.0,1.0,1.0,1.0,47.9765625,94.42578125,73.23046875,175.84765625,307.48828125,250.63671875,0.0,0.0,11.25,9.80899429321289
none,2,116,1.0,0.0,1.0,1.0,1.0,1.0,48.33984375,93.45703125,73.3515625,177.77734375,301.26953125,249.0625,0.0,0.0,11.4453125,9.738418579101562
none,2,117,1.0,0.0,1.0,1.0,1.0,1.0,47.7109375,95.1015625,74.87109375,175.7734375,306.4375,253.5,0.0,0.0,11.4453125,10.111177444458008
none,2,118,1.0,0.0,1.0,1.0,1.0,1.0,48.37109375,93.625,75.5234375,178.64453125,298.90625,256.71484375,0.0,0.0,10.83984375,10.057989120483398
none,2,119,1.0,0.0,1.0,1.0,1.0,1.0,47.22265625,94.02734375,74.484375,176.28125,303.10546875,250.39453125,0.0,0.0,10.9140625,10.237056732177734
none,2,120,1.0,0.0,1.0,1.0,1.0,1.0,47.7265625,93.89453125,74.765625,174.9296875,301.04296875,253.671875,0.0,0.0,11.265625,10.0796480178833
none,2,121,1.0,0.0,1.0,1.0,1.0,1.0,46.484375,93.94140625,74.28125,172.30078125,301.30859375,251.3515625,0.0,0.0,10.90625,10.261748313903809
none,2,122,1.0,0.0,1.0,1.0,1.0,1.0,47.5078125,94.00390625,75.7265625,174.6875,300.7734375,252.76953125,0.0,0.0,10.734375,10.418376922607422
none,2,123,1.0,0.0,1.0,1.0,1.0,1.0,46.65234375,93.9453125,76.0078125,172.90625,302.1015625,253.83984375,0.0,0.0,10.90625,10.355222702026367
none,2,124,1.0,0.0,1.0,1.0,1.0,1.0,46.95703125,93.18359375,76.48828125,173.39453125,298.484375,257.171875,0.0,0.0,10.546875,10.352027893066406
none,2,125,1.0,0.0,1.0,1.0,1.0,1.0,46.3125,95.68359375,75.46875,170.8984375,305.0390625,252.7734375,0.0,0.0,10.54296875,10.861555099487305
none,2,126,1.0,0.0,1.0,1.0,1.0,1.0,46.44921875,94.7265625,75.484375,170.9296875,302.140625,255.390625,0.0,0.0,10.69921875,10.714449882507324
none,2,127,1.0,0.0,1.0,1.0,1.0,1.0,45.625,96.58203125,75.69921875,167.1796875,307.24609375,253.4453125,0.0,0.0,10.46875,11.098596572875977
none,2,128,1.0,0.0,1.0,1.0,1.0,1.0,45.34765625,95.5390625,76.51953125,166.64453125,303.734375,257.6796875,0.0,0.0,10.26171875,10.968053817749023
none,2,129,1.0,0.0,1.0,1.0,1.0,1.0,45.4296875,95.71484375,76.04296875,167.0703125,304.01953125,254.06640625,0.0,0.0,10.08203125,11.034468650817871
none,2,130,1.0,0.0,1.0,1.0,1.0,1.0,46.09765625,95.5625,76.36328125,167.4296875,305.0078125,256.78515625,0.0,0.0,9.82421875,10.84811782836914
none,2,131,1.0,0.0,1.0,1.0,1.0,1.0,45.22265625,95.01953125,76.2109375,166.58984375,302.80859375,254.55859375,0.0,0.0,10.19921875,10.994235038757324
none,2,132,1.0,0.0,1.0,1.0,1.0,1.0,45.27734375,97.0234375,76.37109375,164.9296875,306.99609375,253.6015625,0.0,0.0,9.76953125,11.443159103393555
none,2,133,1.0,0.0,1.0,1.0,1.0,1.0,45.47265625,95.51171875,78.515625,167.41796875,302.62109375,261.1328125,0.0,0.0,9.7109375,11.26930046081543
none,2,134,1.0,0.0,1.0,1.0,1.0,1.0,45.46875,96.47265625,77.4765625,165.59765625,303.9609375,258.8203125,0.0,0.0,9.84375,11.353938102722168
none,2,135,1.0,0.0,1.0,1.0,1.0,1.0,44.71484375,95.9375,78.17578125,163.77734375,302.54296875,262.83984375,0.0,0.0,9.4296875,11.358205795288086
none,2,136,1.0,0.0,1.0,1.0,1.0,1.0,44.55078125,96.76171875,77.515625,162.0546875,305.10546875,259.32421875,0.0,0.0,9.7265625,11.633207321166992
none,2,137,1.0,0.0,1.0,1.0,1.0,1.0,45.60546875,95.1640625,77.51953125,165.58984375,301.23046875,260.4140625,0.0,0.0,9.7109375,11.10841178894043
none,2,138,1.0,0.0,1.0,1.0,1.0,1.0,45.234375,97.23046875,78.0859375,165.42578125,306.96484375,260.52734375,0.0,0.0,9.5,11.665887832641602
none,2,139,1.0,0.0,1.0,1.0,1.0,1.0,45.0703125,95.66796875,78.09765625,165.9609375,304.1171875,262.25390625,0.0,0.0,9.734375,11.268610000610352
none,2,140,1.0,0.0,1.0,1.0,1.0,1.0,44.8359375,97.52734375,77.87109375,164.0,308.21875,260.2421875,0.0,0.0,9.625,11.865306854248047
none,2,141,1.0,0.0,1.0,1.0,1.0,1.0,44.75,98.265625,77.26171875,164.984375,310.71875,258.81640625,0.0,0.0,9.27734375,11.806089401245117
none,2,142,1.0,0.0,1.0,1.0,1.0,1.0,43.91796875,98.94921875,77.5625,160.890625,312.80078125,257.87109375,0.0,0.0,9.2734375,12.260917663574219
none,2,143,1.0,0.0,1.0,1.0,1.0,1.0,43.42578125,97.5078125,78.57421875,159.3984375,307.51171875,262.1640625,0.0,0.0,9.125,12.26201057434082
none,2,144,1.0,0.0,1.0,1.0,1.0,1.0,45.05078125,98.0625,77.09765625,165.18359375,308.33203125,257.7109375,0.0,0.0,9.28125,12.013514518737793
none,2,145,1.0,0.0,1.0,1.0,1.0,1.0,43.35546875,100.2890625,77.078125,157.75,315.9296875,256.80078125,0.0,0.0,8.96484375,12.724950790405273
none,2,146,1.0,0.0,1.0,1.0,1.0,1.0,43.10546875,99.33984375,76.99609375,158.02734375,312.3671875,254.9765625,0.0,0.0,9.33203125,12.48042106628418
none,2,147,1.0,0.0,1.0,1.0,1.0,1.0,44.11328125,97.78515625,79.3359375,162.55078125,308.0625,265.24609375,0.0,0.0,8.80078125,12.229277610778809
none,2,148,1.0,0.0,1.0,1.0,1.0,1.0,44.109375,99.65625,76.546875,161.7890625,314.01171875,255.0390625,0.0,0.0,9.17578125,12.20719051361084
none,2,149,1.0,0.0,1.0,1.0,1.0,1.0,43.84765625,99.88671875,76.109375,160.82421875,314.49609375,255.1015625,0.0,0.0,9.0234375,12.320109367370605
none,2,150,1.0,0.0,1.0,1.0,1.0,1.0,44.13671875,100.421875,76.9609375,160.84765625,315.43359375,255.25390625,0.0,0.0,8.91796875,12.339923858642578
none,2,151,1.0,0.0,1.0,1.0,1.0,1.0,43.859375,99.9921875,78.26171875,161.7109375,311.40234375,259.9140625,0.0,0.0,8.9375,12.599523544311523
none,2,152,1.0,0.0,1.0,1.0,1.0,1.0,44.02734375,99.89453125,77.640625,161.265625,312.1484375,257.3359375,0.0,0.0,8.8515625,12.707984924316406
none,2,153,1.0,0.0,1.0,1.0,1.0,1.0,43.625,98.9453125,79.29296875,159.3046875,309.1171875,262.59765625,0.0,0.0,8.59765625,12.516416549682617
none,2,154,1.0,0.0,1.0,1.0,1.0,1.0,43.0,100.73046875,77.72265625,157.47265625,313.87890625,257.63671875,0.0,0.0,8.6953125,12.82557487487793
none,2,155,1.0,0.0,1.0,1.0,1.0,1.0,43.83203125,101.234375,77.26953125,158.19921875,313.2421875,255.69140625,0.0,0.0,8.64453125,12.672046661376953
none,2,156,1.0,0.0,1.0,1.0,1.0,1.0,42.66796875,99.88671875,78.640625,155.6171875,309.91015625,258.6640625,0.0,0.0,8.65234375,12.79199504852295
none,2,157,1.0,0.0,1.0,1.0,1.0,1.0,43.25390625,100.0390625,79.3125,157.90234375,308.9921875,261.4375,0.0,0.0,8.12890625,12.989568710327148
none,2,158,1.0,0.0,1.0,1.0,1.0,1.0,43.125,100.859375,78.9609375,157.6640625,311.8515625,262.078125,0.0,0.0,8.328125,13.01990795135498
none,2,159,1.0,0.0,1.0,1.0,1.0,1.0,44.13671875,101.6015625,77.671875,160.62109375,314.37109375,256.26953125,0.0,0.0,8.0859375,12.817172050476074
none,2,160,1.0,0.0,1.0,1.0,1.0,1.0,42.125,101.73828125,78.1328125,153.34765625,314.1171875,257.06640625,0.0,0.0,8.04296875,13.410484313964844
none,2,161,1.0,0.0,1.0,1.0,1.0,1.0,42.2265625,100.45703125,79.71875,154.6171875,309.2265625,261.3125,0.0,0.0,8.3984375,13.113269805908203
none,2,162,1.0,0.0,1.0,1.0,1.0,1.0,42.02734375,101.94921875,78.93359375,153.9453125,313.71875,260.33203125,0.0,0.0,8.12109375,13.506816864013672
none,2,163,1.0,0.0,1.0,1.0,1.0,1.0,42.97265625,101.54296875,79.5234375,156.828125,314.41015625,260.57421875,0.0,0.0,7.99609375,13.422369003295898
none,2,164,1.0,0.0,1.0,1.0,1.0,1.0,42.04296875,100.98046875,80.44921875,154.1484375,311.3046875,265.11328125,0.0,0.0,8.10546875,13.400903701782227
none,2,165,1.0,0.0,1.0,1.0,1.0,1.0,43.9140625,102.10546875,78.02734375,160.71484375,315.65625,255.6328125,0.0,0.0,7.7890625,13.307222366333008
none,2,166,1.0,0.0,1.0,1.0,1.0,1.0,42.97265625,102.64453125,79.36328125,159.1171875,317.57421875,259.87109375,0.0,0.0,7.7578125,13.750892639160156
none,2,167,1.0,0.0,1.0,1.0,1.0,1.0,43.6953125,101.65625,78.359375,161.37109375,313.05078125,258.015625,0.0,0.0,7.8515625,13.204559326171875
none,2,168,1.0,0.0,1.0,1.0,1.0,1.0,43.73046875,103.1640625,78.40625,160.81640625,317.59375,259.3203125,0.0,0.0,7.6484375,13.689924240112305
none,2,169,1.0,0.0,1.0,1.0,1.0,1.0,44.18359375,103.4375,78.875,161.74609375,318.7421875,256.99609375,0.0,0.0,7.515625,13.510452270507812
none,2,170,1.0,0.0,1.0,1.0,1.0,1.0,42.59375,103.4140625,78.8359375,154.625,319.765625,257.69921875,0.0,0.0,7.640625,13.898317337036133
none,2,171,1.0,0.0,1.0,1.0,1.0,1.0,43.49609375,102.68359375,79.4765625,158.51171875,316.08984375,258.66015625,0.0,0.0,7.41796875,13.652499198913574
none,2,172,1.0,0.0,1.0,1.0,1.0,1.0,43.0546875,102.6015625,78.8125,157.4453125,315.16015625,256.78125,0.0,0.0,7.2890625,13.639610290527344
none,2,173,1.0,0.0,1.0,1.0,1.0,1.0,41.953125,104.96484375,79.171875,155.453125,322.44140625,258.36328125,0.0,0.0,7.25390625,14.5411376953125
none,2,174,1.0,0.0,1.0,1.0,1.0,1.0,43.453125,103.05859375,81.078125,159.1484375,317.375,263.96484375,0.0,0.0,7.5703125,13.721725463867188
none,2,175,1.0,0.0,1.0,1.0,1.0,1.0,41.97265625,103.7421875,81.5859375,156.52734375,318.6484375,265.80859375,0.0,0.0,7.28515625,14.246439933776855
none,2,176,1.0,0.0,1.0,1.0,1.0,1.0,42.8359375,103.046875,79.46875,158.9609375,317.5234375,259.62890625,0.0,0.0,7.05859375,13.865062713623047
none,2,177,1.0,0.0,1.0,1.0,1.0,1.0,41.6015625,102.703125,81.296875,154.3828125,314.02734375,265.51171875,0.0,0.0,7.3203125,14.128128051757812
none,2,178,1.0,0.0,1.0,1.0,1.0,1.0,40.6875,103.92578125,80.578125,150.46875,317.8515625,264.421875,0.0,0.0,7.2421875,14.448817253112793
none,2,179,1.0,0.0,1.0,1.0,1.0,1.0,41.44140625,102.56640625,81.95703125,151.578125,315.765625,267.13671875,0.0,0.0,6.75,14.138350486755371
none,2,180,1.0,0.0,1.0,1.0,1.0,1.0,41.2578125,101.796875,81.90625,151.9296875,311.00390625,269.23828125,0.0,0.0,6.9609375,14.054206848144531
none,2,181,1.0,0.0,1.0,1.0,1.0,1.0,40.67578125,104.37890625,80.59765625,151.2265625,319.64453125,265.48046875,0.0,0.0,7.21484375,14.378581047058105
none,2,182,1.0,0.0,1.0,1.0,1.0,1.0,41.53515625,103.6484375,81.01171875,154.83203125,318.5078125,266.890625,0.0,0.0,7.1640625,14.329862594604492
none,2,183,1.0,0.0,1.0,1.0,1.0,1.0,41.08203125,104.08984375,80.578125,151.2578125,319.328125,262.890625,0.0,0.0,6.92578125,14.309106826782227
none,2,184,1.0,0.0,1.0,1.0,1.0,1.0,41.28515625,103.9375,80.703125,153.26171875,316.64453125,264.47265625,0.0,0.0,6.78515625,14.467592239379883
none,2,185,1.0,0.0,1.0,1.0,1.0,1.0,41.0859375,103.7734375,82.51171875,152.57421875,316.5,270.46484375,0.0,0.0,6.9140625,14.657855033874512
none,2,186,1.0,0.0,1.0,1.0,1.0,1.0,41.61328125,103.0703125,82.12890625,154.359375,316.33984375,267.43359375,0.0,0.0,6.5,14.19088363647461
none,2,187,1.0,0.0,1.0,1.0,1.0,1.0,41.7421875,104.3984375,81.29296875,155.08984375,317.08984375,266.65234375,0.0,0.0,6.69921875,14.744449615478516
none,2,188,1.0,0.0,1.0,1.0,1.0,1.0,43.16796875,105.04296875,79.8203125,159.8125,320.4453125,260.4765625,0.0,0.0,6.4921875,14.513102531433105
none,2,189,1.0,0.0,1.0,1.0,1.0,1.0,42.71484375,105.17578125,81.359375,158.02734375,319.59375,264.2265625,0.0,0.0,6.2578125,14.61120891571045
none,2,190,1.0,0.0,1.0,1.0,1.0,1.0,42.6640625,103.62109375,81.5,156.671875,314.53515625,268.38671875,0.0,0.0,6.7265625,14.416036605834961
none,2,191,1.0,0.0,1.0,1.0,1.0,1.0,41.54296875,104.2890625,81.25,155.43359375,315.6953125,264.16015625,0.0,0.0,6.35546875,14.641051292419434
none,2,192,1.0,0.0,1.0,1.0,1.0,1.0,42.19921875,104.97265625,80.90625,156.82421875,316.38671875,263.171875,0.0,0.0,6.1796875,14.665743827819824
none,2,193,1.0,0.0,1.0,1.0,1.0,1.0,40.61328125,106.30078125,80.484375,151.2734375,320.3515625,259.1875,0.0,0.0,6.26171875,15.198379516601562
none,2,194,1.0,0.0,1.0,1.0,1.0,1.0,40.8359375,104.95703125,81.6484375,151.578125,315.5859375,265.9609375,0.0,0.0,6.53125,15.000577926635742
none,2,195,1.0,0.0,1.0,1.0,1.0,1.0,40.2578125,105.06640625,82.40625,149.87890625,315.51953125,270.88671875,0.0,0.0,6.10546875,15.247797966003418
none,2,196,1.0,0.0,1.0,1.0,1.0,1.0,41.828125,104.69921875,82.8203125,155.33984375,315.34375,269.75390625,0.0,0.0,6.3125,14.872274398803711
none,2,197,1.0,0.0,1.0,1.0,1.0,1.0,40.92578125,106.0,82.21484375,151.234375,318.5703125,267.109375,0.0,0.0,6.12890625,15.37824821472168
none,2,198,1.0,0.0,1.0,1.0,1.0,1.0,39.94140625,106.88671875,81.921875,148.87109375,321.7265625,267.60546875,0.0,0.0,5.94140625,15.465150833129883
none,2,199,1.0,0.0,1.0,1.0,1.0,1.0,40.39453125,106.46875,81.75,149.17578125,320.60546875,264.87890625,0.0,0.0,5.86328125,15.123618125915527
none,2,200,1.0,0.0,1.0,1.0,1.0,1.0,40.28125,107.765625,81.99609375,148.75390625,324.35546875,267.86328125,0.0,0.0,5.75390625,15.668756484985352
none,2,201,1.0,0.0,1.0,1.0,1.0,1.0,40.0859375,106.80859375,83.33984375,148.1640625,321.14453125,271.28125,0.0,0.0,5.8671875,15.741450309753418
none,2,202,1.0,0.0,1.0,1.0,1.0,1.0,40.49609375,106.34765625,82.609375,150.4375,320.390625,268.64453125,0.0,0.0,5.9375,15.428367614746094
none,2,203,1.0,0.0,1.0,1.0,1.0,1.0,39.93359375,105.52734375,82.20703125,151.8203125,317.87890625,268.82421875,0.0,0.0,6.09765625,15.294374465942383
none,2,204,1.0,0.0,1.0,1.0,1.0,1.0,41.4296875,107.26171875,82.44140625,153.26171875,322.7109375,268.21484375,0.0,0.0,5.703125,15.445043563842773
none,2,205,1.0,0.0,1.0,1.0,1.0,1.0,40.9765625,107.17578125,80.9921875,153.640625,321.796875,263.97265625,0.0,0.0,5.61328125,15.545062065124512
none,2,206,1.0,0.0,1.0,1.0,1.0,1.0,39.8046875,107.16015625,82.51953125,150.01953125,322.24609375,267.55078125,0.0,0.0,5.5390625,15.780776023864746
none,2,207,1.0,0.0,1.0,1.0,1.0,1.0,39.87109375,107.69140625,82.88671875,149.93359375,324.35546875,271.4375,0.0,0.0,5.71484375,15.714082717895508
none,2,208,1.0,0.0,1.0,1.0,1.0,1.0,40.68359375,107.796875,81.640625,153.42578125,324.17578125,265.20703125,0.0,0.0,5.609375,15.626124382019043
none,2,209,1.0,0.0,1.0,1.0,1.0,1.0,39.7109375,109.15234375,80.73046875,148.41015625,328.66015625,261.77734375,0.0,0.0,5.4296875,15.996661186218262
none,2,210,1.0,0.0,1.0,1.0,1.0,1.0,39.8984375,108.515625,81.79296875,150.64453125,323.80859375,267.21484375,0.0,0.0,5.4609375,15.955737113952637
none,2,211,1.0,0.0,1.0,1.0,1.0,1.0,38.53125,109.3828125,81.125,145.546875,327.515625,267.765625,0.0,0.0,5.41796875,16.399398803710938
none,2,212,1.0,0.0,1.0,1.0,1.0,1.0,38.76171875,107.7421875,82.42578125,145.90234375,322.25390625,271.44921875,0.0,0.0,5.35546875,15.836173057556152
none,2,213,1.0,0.0,1.0,1.0,1.0,1.0,39.51953125,109.05859375,81.578125,149.46484375,329.91796875,266.60546875,0.0,0.0,5.34375,16.08528709411621
none,2,214,1.0,0.0,1.0,1.0,1.0,1.0,39.6328125,108.29296875,81.84765625,150.60546875,324.5390625,268.8125,0.0,0.0,5.140625,16.06402587890625
none,2,215,1.0,0.0,1.0,1.0,1.0,1.0,39.0625,109.16015625,82.38671875,148.52734375,327.953125,271.921875,0.0,0.0,5.34765625,16.21542739868164
none,2,216,1.0,0.0,1.0,1.0,1.0,1.0,39.09765625,108.1640625,83.12109375,148.59765625,326.2421875,275.390625,0.0,0.0,5.328125,16.239124298095703
none,2,217,1.0,0.0,1.0,1.0,1.0,1.0,38.47265625,108.4375,82.66015625,146.00390625,327.3984375,274.35546875,0.0,0.0,5.046875,16.32735252380371
none,2,218,1.0,0.0,1.0,1.0,1.0,1.0,39.0625,107.48046875,84.3828125,149.2890625,322.90234375,278.39453125,0.0,0.0,5.0703125,16.062820434570312
none,2,219,1.0,0.0,1.0,1.0,1.0,1.0,37.55859375,109.6640625,83.9296875,143.85546875,329.9296875,275.73828125,0.0,0.0,4.984375,16.874521255493164
none,2,220,1.0,0.0,1.0,1.0,1.0,1.0,38.546875,110.1484375,83.421875,144.61328125,329.890625,274.6875,0.0,0.0,5.0546875,16.56261444091797
none,2,221,1.0,0.0,1.0,1.0,1.0,1.0,38.1484375,108.41015625,82.8125,143.98828125,327.20703125,271.08203125,0.0,0.0,5.10546875,16.182586669921875
none,2,222,1.0,0.0,1.0,1.0,1.0,1.0,38.0078125,108.8984375,82.62109375,144.8125,327.88671875,273.390625,0.0,0.0,5.01953125,16.622379302978516
none,2,223,1.0,0.0,1.0,1.0,1.0,1.0,38.9609375,108.9375,82.65625,147.7578125,327.44140625,272.34375,0.0,0.0,4.97265625,16.47342300415039
none,2,224,1.0,0.0,1.0,1.0,1.0,1.0,39.09765625,110.10546875,82.3984375,147.2890625,331.4140625,271.44921875,0.0,0.0,5.16015625,16.4965877532959
none,2,225,1.0,0.0,1.0,1.0,1.0,1.0,39.51953125,111.078125,82.265625,148.5,333.2734375,270.02734375,0.0,0.0,4.7421875,16.862930297851562
none,2,226,1.0,0.0,1.0,1.0,1.0,1.0,39.96484375,111.22265625,83.25390625,151.4765625,335.390625,274.1796875,0.0,0.0,4.7421875,16.94632339477539
none,2,227,1.0,0.0,1.0,1.0,1.0,1.0,39.35546875,109.91796875,82.34765625,149.4296875,330.33203125,272.234375,0.0,0.0,4.81640625,16.614681243896484
none,2,228,1.0,0.0,1.0,1.0,1.0,1.0,39.4609375,110.97265625,83.02734375,150.05859375,332.8671875,273.21875,0.0,0.0,4.62109375,16.749059677124023
none,2,229,1.0,0.0,1.0,1.0,1.0,1.0,37.88671875,112.07421875,80.78515625,145.6328125,338.15625,266.33203125,0.0,0.0,4.49609375,17.127124786376953
none,2,230,1.0,0.0,1.0,1.0,1.0,1.0,38.4609375,111.88671875,82.84765625,147.33203125,335.7265625,272.2421875,0.0,0.0,4.26171875,17.236249923706055
none,2,231,1.0,0.0,1.0,1.0,1.0,1.0,38.9765625,110.76171875,82.80859375,148.81640625,330.3515625,272.65234375,0.0,0.0,4.53515625,16.82858657836914
none,2,232,1.0,0.0,1.0,1.0,1.0,1.0,38.76953125,111.48046875,82.5859375,147.9375,332.91015625,269.51171875,0.0,0.0,4.32421875,16.952457427978516
none,2,233,1.0,0.0,1.0,1.0,1.0,1.0,38.19140625,111.7109375,81.62890625,145.76953125,332.3203125,267.921875,0.0,0.0,4.45703125,17.131811141967773
none,2,234,1.0,0.0,1.0,1.0,1.0,1.0,37.8203125,112.96484375,82.1640625,145.03515625,337.82421875,271.28515625,0.0,0.0,4.171875,17.36018943786621
none,2,235,1.0,0.0,1.0,1.0,1.0,1.0,38.109375,112.6328125,81.94921875,146.05859375,337.953125,269.93359375,0.0,0.0,4.20703125,17.26674461364746
none,2,236,1.0,0.0,1.0,1.0,1.0,1.0,38.27734375,112.28515625,80.99609375,147.38671875,335.265625,268.57421875,0.0,0.0,4.42578125,17.05059814453125
none,2,237,1.0,0.0,1.0,1.0,1.0,1.0,37.3984375,111.84765625,82.9609375,142.65234375,335.18359375,274.24609375,0.0,0.0,4.49609375,17.298112869262695
none,2,238,1.0,0.0,1.0,1.0,1.0,1.0,38.44921875,113.640625,81.56640625,147.890625,339.01953125,270.2734375,0.0,0.0,4.30078125,17.38555145263672
none,2,239,1.0,0.0,1.0,1.0,1.0,1.0,38.6328125,113.2265625,83.30078125,147.24609375,337.84765625,273.86328125,0.0,0.0,4.12890625,17.568811416625977
none,2,240,1.0,0.0,1.0,1.0,1.0,1.0,38.81640625,113.203125,82.21484375,148.5234375,338.79296875,272.83984375,0.0,0.0,4.08984375,17.313072204589844
none,2,241,1.0,0.0,1.0,1.0,1.0,1.0,38.16796875,113.38671875,81.53515625,147.203125,337.7890625,271.01953125,0.0,0.0,4.16015625,17.52740478515625
none,2,242,1.0,0.0,1.0,1.0,1.0,1.0,38.19140625,112.09375,84.08203125,145.9765625,335.42578125,279.31640625,0.0,0.0,4.40625,17.315719604492188
none,2,243,1.0,0.0,1.0,1.0,1.0,1.0,37.64453125,113.48046875,81.98046875,146.2578125,336.4375,271.21484375,0.0,0.0,4.29296875,17.62666893005371
none,2,244,1.0,0.0,1.0,1.0,1.0,1.0,37.92578125,114.06640625,82.62109375,145.671875,339.1171875,272.5703125,0.0,0.0,4.0234375,17.727787017822266
none,2,245,1.0,0.0,1.0,1.0,1.0,1.0,37.20703125,113.5078125,83.95703125,143.06640625,337.546875,277.0390625,0.0,0.0,3.85546875,17.690452575683594
none,2,246,1.0,0.0,1.0,1.0,1.0,1.0,37.91796875,112.9921875,83.5703125,145.57421875,337.91015625,276.42578125,0.0,0.0,4.0,17.72109031677246
none,2,247,1.0,0.0,1.0,1.0,1.0,1.0,37.7890625,114.3359375,82.68359375,145.6640625,341.73828125,273.9453125,0.0,0.0,3.890625,17.784326553344727
none,2,248,1.0,0.0,1.0,1.0,1.0,1.0,37.51953125,113.0078125,84.0390625,145.3046875,335.4609375,279.51953125,0.0,0.0,4.08984375,17.827285766601562
none,2,249,1.0,0.0,1.0,1.0,1.0,1.0,37.7734375,113.81640625,83.4296875,146.27734375,337.24609375,275.81640625,0.0,0.0,3.77734375,17.876861572265625
none,2,250,1.0,0.0,1.0,1.0,1.0,1.0,36.73046875,114.7265625,83.3984375,142.99609375,340.37109375,274.08984375,0.0,0.0,3.953125,18.068180084228516
none,2,251,1.0,0.0,1.0,1.0,1.0,1.0,37.12890625,115.77734375,82.56640625,142.24609375,340.81640625,271.16015625,0.0,0.0,3.875,18.173751831054688
none,2,252,1.0,0.0,1.0,1.0,1.0,1.0,38.96484375,114.4140625,83.59375,147.18359375,337.12109375,275.08203125,0.0,0.0,3.6640625,17.711042404174805
none,2,253,1.0,0.0,1.0,1.0,1.0,1.0,37.4921875,114.2890625,84.39453125,142.7734375,336.140625,275.6953125,0.0,0.0,3.78125,18.094364166259766
none,2,254,1.0,0.0,1.0,1.0,1.0,1.0,37.42578125,114.59765625,83.11328125,143.015625,337.44140625,271.91015625,0.0,0.0,3.93359375,18.153839111328125
none,2,255,1.0,0.0,1.0,1.0,1.0,1.0,37.20703125,115.69921875,82.2890625,142.65625,341.89453125,266.4609375,0.0,0.0,3.7890625,18.36126708984375
none,2,256,1.0,0.0,1.0,1.0,1.0,1.0,37.56640625,115.64453125,83.3828125,142.0078125,339.49609375,270.0625,0.0,0.0,3.60546875,18.37901496887207
none,2,257,1.0,0.0,1.0,1.0,1.0,1.0,36.4453125,115.21875,84.10546875,138.17578125,337.0859375,275.27734375,0.0,0.0,3.77734375,18.375812530517578
none,2,258,1.0,0.0,1.0,1.0,1.0,1.0,37.38671875,115.76171875,84.53515625,143.6328125,338.21484375,276.078125,0.0,0.0,3.65625,18.483287811279297
none,2,259,1.0,0.0,1.0,1.0,1.0,1.0,35.97265625,115.00390625,85.0546875,139.25,337.359375,276.65625,0.0,0.0,3.48046875,18.626344680786133
none,2,260,1.0,0.0,1.0,1.0,1.0,1.0,36.30859375,115.71875,84.6015625,137.66796875,337.4921875,274.80859375,0.0,0.0,3.51171875,18.55706787109375
none,2,261,1.0,0.0,1.0,1.0,1.0,1.0,37.09765625,114.546875,85.5234375,140.234375,334.00390625,276.3125,0.0,0.0,3.2890625,18.51569938659668
none,2,262,1.0,0.0,1.0,1.0,1.0,1.0,35.57421875,115.1171875,86.4375,136.15625,336.80859375,280.7421875,0.0,0.0,3.5390625,18.59261131286621
none,2,263,1.0,0.0,1.0,1.0,1.0,1.0,35.51953125,114.5625,85.5234375,135.7421875,334.01953125,279.1015625,0.0,0.0,3.4296875,18.670806884765625
none,2,264,1.0,0.0,1.0,1.0,1.0,1.0,35.76953125,116.25,84.72265625,136.04296875,340.5859375,278.50390625,0.0,0.0,3.2890625,18.989364624023438
none,2,265,1.0,0.0,1.0,1.0,1.0,1.0,36.3125,116.3515625,84.2265625,140.0078125,340.1953125,273.9375,0.0,0.0,3.38671875,18.74142074584961
none,2,266,1.0,0.0,1.0,1.0,1.0,1.0,36.06640625,115.80078125,84.96875,140.4765625,341.1875,279.078125,0.0,0.0,3.51953125,18.835796356201172
none,2,267,1.0,0.0,1.0,1.0,1.0,1.0,37.0625,117.30859375,84.03125,143.5859375,343.8515625,275.4453125,0.0,0.0,3.484375,18.795330047607422
none,2,268,1.0,0.0,1.0,1.0,1.0,1.0,36.3203125,116.34765625,84.3125,141.1171875,345.01953125,278.31640625,0.0,0.0,3.58984375,18.739362716674805
none,2,269,1.0,0.0,1.0,1.0,1.0,1.0,36.53515625,116.03515625,84.4375,141.3359375,343.765625,277.6875,0.0,0.0,3.19921875,18.80374526977539
none,2,270,1.0,0.0,1.0,1.0,1.0,1.0,36.453125,116.421875,83.921875,141.01171875,345.70703125,278.28125,0.0,0.0,3.21875,18.893850326538086
none,2,271,1.0,0.0,1.0,1.0,1.0,1.0,36.3828125,116.8828125,85.2578125,141.2421875,346.921875,281.68359375,0.0,0.0,3.28125,19.00171661376953
none,2,272,1.0,0.0,1.0,1.0,1.0,1.0,35.3671875,116.453125,86.0234375,135.484375,342.921875,285.875,0.0,0.0,3.359375,19.10414695739746
none,2,273,1.0,0.0,1.0,1.0,1.0,1.0,35.3515625,117.26953125,84.0859375,137.3984375,347.63671875,277.0703125,0.0,0.0,3.25,19.20520782470703
none,2,274,1.0,0.0,1.0,1.0,1.0,1.0,35.07421875,117.8203125,84.625,135.50390625,348.359375,281.7265625,0.0,0.0,3.37109375,19.32791519165039
none,2,275,1.0,0.0,1.0,1.0,1.0,1.0,34.5390625,117.6953125,85.7734375,133.86328125,348.546875,283.44140625,0.0,0.0,3.1875,19.507587432861328
none,2,276,1.0,0.0,1.0,1.0,1.0,1.0,34.10546875,119.0703125,85.234375,132.984375,352.0703125,281.72265625,0.0,0.0,3.2890625,19.846954345703125
none,2,277,1.0,0.0,1.0,1.0,1.0,1.0,35.078125,118.1015625,85.1796875,136.1328125,348.76953125,279.9765625,0.0,0.0,3.33203125,19.475576400756836
none,2,278,1.0,0.0,1.0,1.0,1.0,1.0,34.609375,118.33984375,85.49609375,133.8828125,349.08984375,280.44140625,0.0,0.0,3.4453125,19.657434463500977
none,2,279,1.0,0.0,1.0,1.0,1.0,1.0,34.8046875,117.25,86.703125,136.578125,344.64453125,283.16796875,0.0,0.0,3.11328125,19.59955596923828
none,2,280,1.0,0.0,1.0,1.0,1.0,1.0,34.47265625,118.32421875,86.30078125,132.8046875,346.22265625,282.91796875,0.0,0.0,3.00390625,19.65998649597168
none,2,281,1.0,0.0,1.0,1.0,1.0,1.0,34.9921875,117.44921875,85.5703125,133.66796875,343.17578125,279.390625,0.0,0.0,3.1640625,19.549015045166016
none,2,282,1.0,0.0,1.0,1.0,1.0,1.0,34.65234375,117.77734375,85.67578125,133.58203125,345.3046875,282.4140625,0.0,0.0,3.125,19.662160873413086
none,2,283,1.0,0.0,1.0,1.0,1.0,1.0,33.5546875,119.73046875,85.71484375,129.0859375,351.24609375,279.859375,0.0,0.0,2.9453125,20.145606994628906
none,2,284,1.0,0.0,1.0,1.0,1.0,1.0,33.55859375,119.18359375,87.1484375,129.1875,347.671875,283.3671875,0.0,0.0,2.80078125,20.110157012939453
none,2,285,1.0,0.0,1.0,1.0,1.0,1.0,33.73046875,118.984375,86.28515625,129.97265625,348.0078125,281.61328125,0.0,0.0,2.90625,20.02617645263672
none,2,286,1.0,0.0,1.0,1.0,1.0,1.0,34.375,119.14453125,86.30859375,132.0859375,349.7421875,282.37109375,0.0,0.0,2.83203125,20.125263214111328
none,2,287,1.0,0.0,1.0,1.0,1.0,1.0,34.75,118.7109375,87.27734375,133.93359375,348.19921875,284.79296875,0.0,0.0,2.69921875,19.957530975341797
none,2,288,1.0,0.0,1.0,1.0,1.0,1.0,35.04296875,118.83203125,86.18359375,135.04296875,347.29296875,282.5703125,0.0,0.0,2.78515625,19.91952133178711
none,2,289,1.0,0.0,1.0,1.0,1.0,1.0,34.34375,119.78515625,86.51171875,131.51171875,348.7890625,281.1640625,0.0,0.0,3.0078125,20.113975524902344
none,2,290,1.0,0.0,1.0,1.0,1.0,1.0,34.1484375,119.828125,85.66796875,130.2421875,348.90625,280.0390625,0.0,0.0,2.87890625,20.256343841552734
none,2,291,1.0,0.0,1.0,1.0,1.0,1.0,32.86328125,120.8359375,86.57421875,126.08984375,351.83984375,282.4140625,0.0,0.0,2.83203125,20.66865348815918
none,2,292,1.0,0.0,1.0,1.0,1.0,1.0,32.86328125,119.4375,88.1875,125.38671875,348.35546875,288.19140625,0.0,0.0,2.78125,20.3050537109375
none,2,293,1.0,0.0,1.0,1.0,1.0,1.0,32.921875,120.4765625,87.54296875,127.23828125,350.18359375,285.27734375,0.0,0.0,2.78515625,20.549190521240234
none,2,294,1.0,0.0,1.0,1.0,1.0,1.0,33.26953125,121.23828125,87.37109375,128.51953125,352.44140625,286.25,0.0,0.0,2.8828125,20.645362854003906
none,2,295,1.0,0.0,1.0,1.0,1.0,1.0,33.49609375,120.5390625,86.51953125,129.03515625,350.3984375,282.67578125,0.0,0.0,2.92578125,20.326488494873047
none,2,296,1.0,0.0,1.0,1.0,1.0,1.0,32.94921875,121.2421875,87.38671875,128.45703125,352.78515625,284.23046875,0.0,0.0,2.82421875,20.69439697265625
none,2,297,1.0,0.0,1.0,1.0,1.0,1.0,34.2109375,119.98046875,88.03515625,129.41796875,349.9921875,289.05078125,0.0,0.0,2.80859375,20.467073440551758
none,2,298,1.0,0.0,1.0,1.0,1.0,1.0,33.85546875,121.6484375,87.11328125,130.92578125,354.46484375,284.7109375,0.0,0.0,2.7265625,20.828903198242188
none,2,299,1.0,0.0,1.0,1.0,1.0,1.0,33.75390625,120.78515625,85.6796875,130.2890625,352.9296875,285.265625,0.0,0.0,2.84375,20.486005783081055
none,2,300,1.0,0.0,1.0,1.0,1.0,1.0,33.46875,120.265625,88.56640625,128.8984375,349.46484375,292.8671875,0.0,0.0,2.86328125,20.61429786682129
none,2,301,1.0,0.0,1.0,1.0,1.0,1.0,33.8125,121.64453125,86.921875,130.95703125,356.6875,286.1640625,0.0,0.0,2.76953125,20.60824966430664
none,2,302,1.0,0.0,1.0,1.0,1.0,1.0,32.78125,122.55078125,86.41015625,125.5390625,354.2578125,285.140625,0.0,0.0,2.75390625,21.168100357055664
none,2,303,1.0,0.0,1.0,1.0,1.0,1.0,32.203125,121.45703125,87.2734375,124.43359375,352.01171875,287.50390625,0.0,0.0,2.62890625,20.98847770690918
none,2,304,1.0,0.0,1.0,1.0,1.0,1.0,32.1328125,122.19921875,87.3828125,123.6171875,356.69921875,285.71875,0.0,0.0,2.8125,20.961467742919922
none,2,305,1.0,0.0,1.0,1.0,1.0,1.0,32.78515625,122.7734375,86.890625,125.2421875,355.74609375,284.3671875,0.0,0.0,2.69921875,21.204633712768555
none,2,306,1.0,0.0,1.0,1.0,1.0,1.0,32.328125,122.28125,87.046875,124.15234375,354.83984375,283.828125,0.0,0.0,2.65234375,21.131427764892578
none,2,307,1.0,0.0,1.0,1.0,1.0,1.0,32.87109375,123.73828125,85.70703125,128.05078125,357.5234375,280.8203125,0.0,0.0,2.64453125,21.233448028564453
none,2,308,1.0,0.0,1.0,1.0,1.0,1.0,33.25,122.37890625,87.6015625,127.9765625,355.1015625,286.22265625,0.0,0.0,2.62890625,21.011646270751953
none,2,309,1.0,0.0,1.0,1.0,1.0,1.0,32.7734375,122.86328125,89.3046875,126.10546875,356.26171875,289.37109375,0.0,0.0,2.61328125,21.298240661621094
none,2,310,1.0,0.0,1.0,1.0,1.0,1.0,33.09765625,123.69921875,86.625,126.9140625,360.48828125,281.12109375,0.0,0.0,2.48828125,21.366077423095703
none,2,311,1.0,0.0,1.0,1.0,1.0,1.0,33.76953125,122.01953125,88.0390625,131.85546875,353.6875,287.42578125,0.0,0.0,2.7734375,21.012306213378906
none,2,312,1.0,0.0,1.0,1.0,1.0,1.0,32.65234375,121.15234375,89.109375,126.8671875,351.49609375,293.41796875,0.0,0.0,2.515625,21.09319305419922
none,2,313,1.0,0.0,1.0,1.0,1.0,1.0,33.1953125,122.0703125,88.02734375,127.19921875,355.2109375,286.734375,0.0,0.0,2.64453125,21.098804473876953
none,2,314,1.0,0.0,1.0,1.0,1.0,1.0,32.5625,122.49609375,88.4453125,125.78515625,353.59765625,290.25,0.0,0.0,2.55859375,21.18124008178711
none,2,315,1.0,0.0,1.0,1.0,1.0,1.0,31.984375,123.89453125,86.71875,123.94921875,359.02734375,285.015625,0.0,0.0,2.609375,21.506877899169922
none,2,316,1.0,0.0,1.0,1.0,1.0,1.0,31.3515625,123.83984375,89.140625,121.12890625,358.984375,292.02734375,0.0,0.0,2.64453125,21.609729766845703
none,2,317,1.0,0.0,1.0,1.0,1.0,1.0,31.921875,123.48046875,89.14453125,123.9609375,357.78515625,294.05859375,0.0,0.0,2.4921875,21.677284240722656
none,2,318,1.0,0.0,1.0,1.0,1.0,1.0,30.53125,124.14453125,88.78125,118.82421875,361.1328125,289.734375,0.0,0.0,2.54296875,21.94054412841797
none,2,319,1.0,0.0,1.0,1.0,1.0,1.0,32.36328125,123.2109375,87.9765625,124.0,357.46484375,288.46484375,0.0,0.0,2.37109375,21.27971839904785
none,2,320,1.0,0.0,1.0,1.0,1.0,1.0,31.890625,122.5078125,90.765625,122.98046875,353.4765625,296.12890625,0.0,0.0,2.453125,21.403125762939453
none,2,321,1.0,0.0,1.0,1.0,1.0,1.0,31.3828125,122.96875,90.71875,119.51171875,352.97265625,298.08984375,0.0,0.0,2.3828125,21.649036407470703
none,2,322,1.0,0.0,1.0,1.0,1.0,1.0,31.87109375,124.0,90.1875,122.26953125,355.32421875,293.8359375,0.0,0.0,2.37109375,21.729049682617188
none,2,323,1.0,0.0,1.0,1.0,1.0,1.0,31.3203125,124.35546875,89.4296875,120.5546875,356.2734375,291.69140625,0.0,0.0,2.1640625,21.841161727905273
none,2,324,1.0,0.0,1.0,1.0,1.0,1.0,32.25390625,124.69140625,87.5546875,122.89453125,358.5390625,284.25,0.0,0.0,2.34375,21.478878021240234
none,2,325,1.0,0.0,1.0,1.0,1.0,1.0,32.12109375,124.7890625,88.38671875,121.53515625,355.7421875,286.70703125,0.0,0.0,2.46875,21.859493255615234
none,2,326,1.0,0.0,1.0,1.0,1.0,1.0,32.125,124.94921875,87.7890625,123.23046875,358.49609375,286.07421875,0.0,0.0,2.4296875,21.87322235107422
none,2,327,1.0,0.0,1.0,1.0,1.0,1.0,32.76171875,124.81640625,86.90625,125.3359375,357.87890625,284.40625,0.0,0.0,2.24609375,21.55350112915039
none,2,328,1.0,0.0,1.0,1.0,1.0,1.0,32.37890625,124.52734375,89.33984375,124.33984375,356.64453125,289.96484375,0.0,0.0,2.32421875,21.777915954589844
none,2,329,1.0,0.0,1.0,1.0,1.0,1.0,32.4140625,124.87890625,87.61328125,125.375,360.19921875,284.4296875,0.0,0.0,2.23046875,21.799480438232422
none,2,330,1.0,0.0,1.0,1.0,1.0,1.0,32.2421875,125.25390625,89.18359375,125.20703125,359.90625,290.87109375,0.0,0.0,2.25,21.9189510345459
none,2,331,1.0,0.0,1.0,1.0,1.0,1.0,31.375,124.55078125,88.96484375,122.08984375,359.7421875,292.56640625,0.0,0.0,2.37109375,21.903629302978516
none,2,332,1.0,0.0,1.0,1.0,1.0,1.0,31.140625,124.296875,88.7109375,120.69921875,357.62109375,292.4765625,0.0,0.0,2.19140625,22.11122703552246
none,2,333,1.0,0.0,1.0,1.0,1.0,1.0,30.984375,126.09765625,87.578125,118.9765625,362.08984375,287.67578125,0.0,0.0,2.17578125,22.139232635498047
none,2,334,1.0,0.0,1.0,1.0,1.0,1.0,30.75,125.99609375,87.77734375,120.37109375,362.046875,288.6484375,0.0,0.0,2.22265625,22.04521942138672
none,2,335,1.0,0.0,1.0,1.0,1.0,1.0,30.01171875,125.671875,88.7421875,116.66015625,361.9453125,290.9609375,0.0,0.0,2.26171875,22.24779510498047
none,2,336,1.0,0.0,1.0,1.0,1.0,1.0,30.2890625,126.61328125,88.62109375,118.21875,364.4453125,290.30859375,0.0,0.0,2.109375,22.35287857055664
none,2,337,1.0,0.0,1.0,1.0,1.0,1.0,30.28515625,127.16015625,88.51171875,118.94140625,365.1328125,291.55859375,0.0,0.0,2.265625,22.50137710571289
none,2,338,1.0,0.0,1.0,1.0,1.0,1.0,30.73828125,126.5703125,89.19921875,119.33984375,362.89453125,291.0234375,0.0,0.0,2.30859375,22.340543746948242
none,2,339,1.0,0.0,1.0,1.0,1.0,1.0,30.6953125,126.51171875,88.4375,118.33984375,364.6953125,288.98046875,0.0,0.0,2.1171875,22.454692840576172
none,2,340,1.0,0.0,1.0,1.0,1.0,1.0,30.10546875,126.83203125,87.72265625,116.12890625,365.96875,288.5546875,0.0,0.0,2.16015625,22.47432518005371
none,2,341,1.0,0.0,1.0,1.0,1.0,1.0,30.50390625,126.55078125,89.50390625,118.83984375,361.05078125,295.3203125,0.0,0.0,2.203125,22.270267486572266
none,2,342,1.0,0.0,1.0,1.0,1.0,1.0,30.47265625,125.640625,90.30859375,118.3046875,360.46875,296.640625,0.0,0.0,2.1015625,22.536861419677734
none,2,343,1.0,0.0,1.0,1.0,1.0,1.0,30.33984375,127.24609375,87.375,117.0078125,365.2421875,285.79296875,0.0,0.0,2.3203125,22.47412872314453
none,2,344,1.0,0.0,1.0,1.0,1.0,1.0,31.16015625,125.828125,90.08984375,120.00390625,359.140625,296.80078125,0.0,0.0,2.09765625,22.371776580810547
none,2,345,1.0,0.0,1.0,1.0,1.0,1.0,30.171875,126.859375,89.3203125,115.80078125,362.3046875,291.171875,0.0,0.0,2.19921875,22.555133819580078
none,2,346,1.0,0.0,1.0,1.0,1.0,1.0,30.9140625,126.65234375,87.92578125,118.2109375,361.765625,289.125,0.0,0.0,2.25,22.205623626708984
none,2,347,1.0,0.0,1.0,1.0,1.0,1.0,30.67578125,127.0703125,86.671875,117.55859375,363.62109375,285.109375,0.0,0.0,1.96875,22.4213924407959
none,2,348,1.0,0.0,1.0,1.0,1.0,1.0,30.66796875,128.14453125,87.56640625,120.3359375,367.171875,288.359375,0.0,0.0,2.03515625,22.689647674560547
none,2,349,1.0,0.0,1.0,1.0,1.0,1.0,30.39453125,127.8046875,87.59765625,116.86328125,366.18359375,287.47265625,0.0,0.0,2.00390625,22.468677520751953
none,2,350,1.0,0.0,1.0,1.0,1.0,1.0,30.6328125,126.48046875,88.2421875,119.125,362.3046875,292.0625,0.0,0.0,2.0703125,22.298254013061523
none,2,351,1.0,0.0,1.0,1.0,1.0,1.0,30.0546875,128.09765625,86.93359375,116.39453125,366.73046875,283.58203125,0.0,0.0,2.015625,22.822120666503906
none,2,352,1.0,0.0,1.0,1.0,1.0,1.0,30.47265625,127.27734375,88.3046875,117.7109375,363.35546875,288.28125,0.0,0.0,2.15234375,22.583494186401367
none,2,353,1.0,0.0,1.0,1.0,1.0,1.0,29.73046875,128.27734375,88.9453125,116.44140625,363.3046875,292.7734375,0.0,0.0,2.20703125,22.794235229492188
none,2,354,1.0,0.0,1.0,1.0,1.0,1.0,30.203125,128.4453125,89.4609375,116.62109375,365.1171875,291.22265625,0.0,0.0,2.01953125,22.771879196166992
none,2,355,1.0,0.0,1.0,1.0,1.0,1.0,30.2890625,129.26953125,88.9921875,117.40625,366.5703125,292.23828125,0.0,0.0,2.17578125,23.05562973022461
none,2,356,1.0,0.0,1.0,1.0,1.0,1.0,30.01953125,128.609375,90.625,115.85546875,365.84765625,296.05859375,0.0,0.0,2.15625,23.189956665039062
none,2,357,1.0,0.0,1.0,1.0,1.0,1.0,30.734375,128.66796875,89.265625,118.79296875,367.4375,291.515625,0.0,0.0,2.06640625,22.974395751953125
none,2,358,1.0,0.0,1.0,1.0,1.0,1.0,30.33203125,128.6015625,89.37109375,118.08984375,366.25390625,292.3046875,0.0,0.0,2.078125,23.03384017944336
none,2,359,1.0,0.0,1.0,1.0,1.0,1.0,30.1171875,129.1015625,87.73046875,117.2890625,369.11328125,288.40625,0.0,0.0,1.97265625,22.871313095092773
none,2,360,1.0,0.0,1.0,1.0,1.0,1.0,29.46875,128.83203125,89.65625,115.57421875,367.38671875,295.8515625,0.0,0.0,2.13671875,23.093658447265625
none,2,361,1.0,0.0,1.0,1.0,1.0,1.0,29.13671875,128.703125,88.8671875,113.66796875,368.27734375,291.83984375,0.0,0.0,2.0546875,23.123220443725586
none,2,362,1.0,0.0,1.0,1.0,1.0,1.0,29.28515625,130.30078125,88.37890625,112.50390625,371.87109375,291.1171875,0.0,0.0,2.0703125,23.330610275268555
none,2,363,1.0,0.0,1.0,1.0,1.0,1.0,28.84765625,128.9296875,92.2109375,112.26953125,363.98828125,304.140625,0.0,0.0,1.92578125,23.50448226928711
none,2,364,1.0,0.0,1.0,1.0,1.0,1.0,29.01953125,129.2890625,90.5625,112.6796875,369.16796875,296.765625,0.0,0.0,1.95703125,23.478958129882812
none,2,365,1.0,0.0,1.0,1.0,1.0,1.0,29.59375,128.671875,89.66796875,114.84375,366.0390625,294.89453125,0.0,0.0,1.99609375,23.10787010192871
none,2,366,1.0,0.0,1.0,1.0,1.0,1.0,29.421875,129.50390625,90.765625,114.22265625,368.0390625,297.3671875,0.0,0.0,1.7265625,23.533702850341797
none,2,367,1.0,0.0,1.0,1.0,1.0,1.0,29.98046875,130.0,90.10546875,117.48828125,370.36328125,295.0078125,0.0,0.0,2.05859375,23.21502685546875
none,2,368,1.0,0.0,1.0,1.0,1.0,1.0,30.13671875,128.4609375,91.046875,116.953125,365.5234375,299.9375,0.0,0.0,1.92578125,23.114452362060547
none,2,369,1.0,0.0,1.0,1.0,1.0,1.0,27.7421875,130.953125,90.3203125,110.0546875,372.0078125,295.671875,0.0,0.0,1.6796875,23.898231506347656
none,2,370,1.0,0.0,1.0,1.0,1.0,1.0,28.8046875,130.671875,90.88671875,112.86328125,372.05859375,299.22265625,0.0,0.0,1.88671875,23.802274703979492
none,2,371,1.0,0.0,1.0,1.0,1.0,1.0,29.02734375,130.76953125,88.77734375,113.01953125,371.84765625,289.46484375,0.0,0.0,1.921875,23.566612243652344
none,2,372,1.0,0.0,1.0,1.0,1.0,1.0,29.22265625,130.3046875,90.3046875,114.27734375,368.88671875,295.78125,0.0,0.0,1.8828125,23.524221420288086
none,2,373,1.0,0.0,1.0,1.0,1.0,1.0,29.0625,130.75390625,88.34375,113.03515625,371.27734375,290.734375,0.0,0.0,1.80078125,23.555130004882812
none,2,374,1.0,0.0,1.0,1.0,1.0,1.0,29.19140625,130.6484375,89.65234375,113.4765625,372.0625,290.09375,0.0,0.0,1.7265625,23.650409698486328
none,2,375,1.0,0.0,1.0,1.0,1.0,1.0,28.30078125,130.3515625,89.5078125,109.51171875,369.00390625,294.24609375,0.0,0.0,1.82421875,23.726394653320312
none,2,376,1.0,0.0,1.0,1.0,1.0,1.0,28.5078125,132.37890625,87.7421875,111.5625,373.16796875,284.4140625,0.0,0.0,1.7890625,23.906936645507812
none,2,377,1.0,0.0,1.0,1.0,1.0,1.0,28.5859375,131.08984375,90.5390625,110.76171875,369.99609375,292.3046875,0.0,0.0,1.8984375,24.007904052734375
none,2,378,1.0,0.0,1.0,1.0,1.0,1.0,28.60546875,129.80859375,91.19921875,110.73828125,366.42578125,295.6328125,0.0,0.0,1.74609375,23.726425170898438
none,2,379,1.0,0.0,1.0,1.0,1.0,1.0,29.0703125,131.3359375,89.7578125,111.84375,371.55078125,292.6015625,0.0,0.0,1.95703125,23.77633285522461
none,2,380,1.0,0.0,1.0,1.0,1.0,1.0,29.33984375,130.06640625,93.40625,113.69921875,365.52734375,306.68359375,0.0,0.0,1.84375,23.74571990966797
none,2,381,1.0,0.0,1.0,1.0,1.0,1.0,28.609375,131.1328125,91.0546875,111.1484375,368.171875,298.265625,0.0,0.0,1.8046875,24.136394500732422
none,2,382,1.0,0.0,1.0,1.0,1.0,1.0,29.203125,131.42578125,90.640625,112.1328125,369.91015625,295.03515625,0.0,0.0,1.83203125,23.92012596130371
none,2,383,1.0,0.0,1.0,1.0,1.0,1.0,29.03125,131.8125,91.38671875,112.4140625,371.5390625,297.31640625,0.0,0.0,1.83984375,24.040634155273438
none,2,384,1.0,0.0,1.0,1.0,1.0,1.0,28.51171875,131.7578125,91.671875,111.83203125,370.6484375,299.40234375,0.0,0.0,1.76953125,24.094398498535156
none,2,385,1.0,0.0,1.0,1.0,1.0,1.0,27.66796875,132.66015625,90.75390625,108.4296875,374.328125,295.421875,0.0,0.0,1.921875,24.318899154663086
none,2,386,1.0,0.0,1.0,1.0,1.0,1.0,28.00390625,133.4609375,89.53125,110.58203125,377.203125,290.91796875,0.0,0.0,1.80078125,24.429967880249023
none,2,387,1.0,0.0,1.0,1.0,1.0,1.0,26.18359375,132.8203125,91.2734375,104.67578125,376.94140625,297.73046875,0.0,0.0,1.78515625,24.492965698242188
none,2,388,1.0,0.0,1.0,1.0,1.0,1.0,27.76171875,133.16796875,90.79296875,108.88671875,377.6484375,298.94140625,0.0,0.0,1.55078125,24.442007064819336
none,2,389,1.0,0.0,1.0,1.0,1.0,1.0,28.22265625,133.359375,89.515625,110.77734375,381.1484375,294.74609375,0.0,0.0,1.79296875,24.422378540039062
none,2,390,1.0,0.0,1.0,1.0,1.0,1.0,27.87890625,132.46875,89.91015625,109.7578125,375.6796875,294.99609375,0.0,0.0,1.73046875,24.263107299804688
none,2,391,1.0,0.0,1.0,1.0,1.0,1.0,27.875,133.3125,88.56640625,110.15234375,379.33984375,290.1953125,0.0,0.0,1.7109375,24.230894088745117
none,2,392,1.0,0.0,1.0,1.0,1.0,1.0,27.76171875,132.9453125,89.49609375,110.22265625,378.44140625,295.34765625,0.0,0.0,1.765625,24.213451385498047
none,2,393,1.0,0.0,1.0,1.0,1.0,1.0,28.2265625,132.484375,90.875,110.86328125,374.8125,297.66015625,0.0,0.0,1.68359375,24.41529655456543
none,2,394,1.0,0.0,1.0,1.0,1.0,1.0,27.8046875,133.7890625,90.03515625,110.25390625,378.89453125,295.796875,0.0,0.0,1.6796875,24.593029022216797
none,2,395,1.0,0.0,1.0,1.0,1.0,1.0,26.7578125,133.81640625,91.3359375,106.06640625,378.53515625,299.75390625,0.0,0.0,1.65234375,24.851354598999023
none,2,396,1.0,0.0,1.0,1.0,1.0,1.0,28.1328125,133.74609375,90.99609375,112.4140625,378.10546875,297.984375,0.0,0.0,1.65234375,24.508337020874023
none,2,397,1.0,0.0,1.0,1.0,1.0,1.0,27.484375,133.62109375,91.26953125,108.1875,376.99609375,298.47265625,0.0,0.0,1.7109375,24.737632751464844
none,2,398,1.0,0.0,1.0,1.0,1.0,1.0,28.2109375,134.6328125,89.78125,108.48046875,379.94921875,291.89453125,0.0,0.0,1.90234375,24.609214782714844
none,2,399,1.0,0.0,1.0,1.0,1.0,1.0,27.5546875,135.62890625,89.96484375,107.71875,380.546875,293.15625,0.0,0.0,1.7265625,24.975162506103516
none,2,400,1.0,0.0,1.0,1.0,1.0,1.0,27.45703125,134.2109375,91.921875,107.921875,375.65625,299.64453125,0.0,0.0,1.6640625,24.877178192138672
none,2,401,1.0,0.0,1.0,1.0,1.0,1.0,27.3046875,135.9453125,90.09765625,107.703125,379.94140625,292.734375,0.0,0.0,1.62109375,25.09353256225586
none,2,402,1.0,0.0,1.0,1.0,1.0,1.0,27.54296875,134.34765625,90.24609375,108.72265625,375.77734375,293.77734375,0.0,0.0,1.71875,24.656253814697266
none,2,403,1.0,0.0,1.0,1.0,1.0,1.0,27.859375,135.0234375,91.7734375,109.69140625,375.6328125,297.375,0.0,0.0,1.53515625,25.079425811767578
none,2,404,1.0,0.0,1.0,1.0,1.0,1.0,27.73828125,134.515625,91.7734375,106.734375,377.76953125,297.66796875,0.0,0.0,1.5390625,24.87555694580078
none,2,405,1.0,0.0,1.0,1.0,1.0,1.0,26.86328125,134.5390625,91.765625,106.05859375,379.08203125,300.93359375,0.0,0.0,1.66015625,25.028362274169922
none,2,406,1.0,0.0,1.0,1.0,1.0,1.0,25.890625,134.59765625,92.1171875,102.83203125,378.32421875,301.2578125,0.0,0.0,1.6171875,25.342437744140625
none,2,407,1.0,0.0,1.0,1.0,1.0,1.0,26.84765625,134.4921875,92.57421875,104.296875,377.08203125,304.96484375,0.0,0.0,1.56640625,25.047481536865234
none,2,408,1.0,0.0,1.0,1.0,1.0,1.0,26.98828125,134.94140625,92.55859375,104.4140625,379.27734375,303.78515625,0.0,0.0,1.7265625,25.329931259155273
none,2,409,1.0,0.0,1.0,1.0,1.0,1.0,26.9375,135.109375,90.9609375,106.40234375,379.5078125,299.703125,0.0,0.0,1.63671875,25.017438888549805
none,2,410,1.0,0.0,1.0,1.0,1.0,1.0,27.0859375,136.00390625,92.1171875,105.1640625,381.58203125,303.59765625,0.0,0.0,1.58203125,25.50849151611328
none,2,411,1.0,0.0,1.0,1.0,1.0,1.0,27.19921875,134.09765625,93.16796875,106.41015625,375.85546875,306.83203125,0.0,0.0,1.515625,25.088659286499023
none,2,412,1.0,0.0,1.0,1.0,1.0,1.0,27.0234375,136.30859375,93.51953125,106.16015625,382.55078125,305.03515625,0.0,0.0,1.48828125,25.608129501342773
none,2,413,1.0,0.0,1.0,1.0,1.0,1.0,26.90625,136.25,92.140625,105.86328125,380.39453125,302.69140625,0.0,0.0,1.4921875,25.571386337280273
none,2,414,1.0,0.0,1.0,1.0,1.0,1.0,26.30859375,135.68359375,92.23046875,102.42578125,379.94921875,298.96484375,0.0,0.0,1.45703125,25.34278678894043
none,2,415,1.0,0.0,1.0,1.0,1.0,1.0,25.99609375,136.2421875,93.18359375,100.80078125,381.6171875,300.828125,0.0,0.0,1.58984375,25.623586654663086
none,2,416,1.0,0.0,1.0,1.0,1.0,1.0,25.96875,135.9453125,91.32421875,103.21484375,380.34765625,296.31640625,0.0,0.0,1.6328125,25.496685028076172
none,2,417,1.0,0.0,1.0,1.0,1.0,1.0,26.25,136.3515625,93.3359375,102.7265625,381.19921875,299.703125,0.0,0.0,1.49609375,25.683452606201172
none,2,418,1.0,0.0,1.0,1.0,1.0,1.0,25.4140625,136.28515625,92.05078125,100.5078125,380.671875,299.6796875,0.0,0.0,1.56640625,25.71168327331543
none,2,419,1.0,0.0,1.0,1.0,1.0,1.0,26.43359375,136.6953125,92.640625,102.0859375,381.7109375,297.1796875,0.0,0.0,1.4765625,25.5886287689209
none,2,420,1.0,0.0,1.0,1.0,1.0,1.0,27.0546875,136.73046875,92.91015625,106.1171875,383.23828125,299.171875,0.0,0.0,1.60546875,25.634506225585938
none,2,421,1.0,0.0,1.0,1.0,1.0,1.0,26.734375,136.75,91.8203125,104.87890625,383.3671875,297.3515625,0.0,0.0,1.55078125,25.506690979003906
none,2,422,1.0,0.0,1.0,1.0,1.0,1.0,26.18359375,136.41015625,93.515625,103.5,381.94921875,302.390625,0.0,0.0,1.55078125,25.73622703552246
none,2,423,1.0,0.0,1.0,1.0,1.0,1.0,26.6953125,136.625,92.4921875,105.2578125,383.37890625,299.8046875,0.0,0.0,1.5390625,25.58484649658203
none,2,424,1.0,0.0,1.0,1.0,1.0,1.0,26.609375,137.296875,92.29296875,105.0078125,384.35546875,298.9296875,0.0,0.0,1.48828125,25.634639739990234
none,2,425,1.0,0.0,1.0,1.0,1.0,1.0,26.34765625,138.26953125,92.52734375,103.58984375,386.5,301.05859375,0.0,0.0,1.48046875,25.924663543701172
none,2,426,1.0,0.0,1.0,1.0,1.0,1.0,26.90625,135.43359375,93.40234375,106.2265625,378.9296875,304.30859375,0.0,0.0,1.59765625,25.341922760009766
none,2,427,1.0,0.0,1.0,1.0,1.0,1.0,25.9921875,137.46875,92.12109375,103.80078125,386.47265625,300.45703125,0.0,0.0,1.45703125,25.8852596282959
none,2,428,1.0,0.0,1.0,1.0,1.0,1.0,26.078125,137.5703125,92.85546875,104.17578125,385.71484375,303.58984375,0.0,0.0,1.36328125,26.04610252380371
none,2,429,1.0,0.0,1.0,1.0,1.0,1.0,25.703125,136.40625,94.01171875,101.81640625,381.71484375,304.7578125,0.0,0.0,1.51171875,25.800270080566406
none,2,430,1.0,0.0,1.0,1.0,1.0,1.0,25.3046875,138.46484375,93.33203125,101.4375,386.99609375,302.1640625,0.0,0.0,1.4609375,26.24233627319336
none,2,431,1.0,0.0,1.0,1.0,1.0,1.0,25.87109375,136.3671875,93.7421875,102.2734375,382.83984375,305.421875,0.0,0.0,1.51953125,25.712909698486328
none,2,432,1.0,0.0,1.0,1.0,1.0,1.0,26.28125,136.328125,93.87109375,103.48046875,381.27734375,305.921875,0.0,0.0,1.42578125,25.629079818725586
none,2,433,1.0,0.0,1.0,1.0,1.0,1.0,25.9609375,138.65234375,91.6328125,102.11328125,386.7578125,297.91796875,0.0,0.0,1.5859375,26.00012969970703
none,2,434,1.0,0.0,1.0,1.0,1.0,1.0,25.23828125,138.36328125,91.76171875,101.69140625,386.75390625,297.62890625,0.0,0.0,1.4453125,26.089324951171875
none,2,435,1.0,0.0,1.0,1.0,1.0,1.0,25.421875,137.8984375,94.75390625,101.7109375,385.46875,308.828125,0.0,0.0,1.46875,26.05975341796875
none,2,436,1.0,0.0,1.0,1.0,1.0,1.0,25.18359375,139.42578125,92.62109375,100.5390625,390.8828125,303.0078125,0.0,0.0,1.5625,26.20285415649414
none,2,437,1.0,0.0,1.0,1.0,1.0,1.0,26.14453125,138.2421875,92.5859375,103.15625,386.59375,301.953125,0.0,0.0,1.546875,25.950674057006836
none,2,438,1.0,0.0,1.0,1.0,1.0,1.0,26.51953125,137.52734375,92.12109375,104.3046875,384.78125,298.78515625,0.0,0.0,1.51953125,25.729389190673828
none,2,439,1.0,0.0,1.0,1.0,1.0,1.0,25.65625,137.8125,92.41796875,102.265625,385.1875,299.03515625,0.0,0.0,1.5390625,25.885204315185547
none,2,440,1.0,0.0,1.0,1.0,1.0,1.0,26.19921875,137.19921875,91.8359375,104.58203125,384.37109375,295.8359375,0.0,0.0,1.4375,25.69052505493164
none,2,441,1.0,0.0,1.0,1.0,1.0,1.0,25.328125,138.10546875,92.69140625,101.1953125,386.234375,300.578125,0.0,0.0,1.49609375,26.126089096069336
none,2,442,1.0,0.0,1.0,1.0,1.0,1.0,25.3671875,138.3359375,92.4609375,100.52734375,387.00390625,298.1640625,0.0,0.0,1.40234375,26.13916778564453
none,2,443,1.0,0.0,1.0,1.0,1.0,1.0,25.70703125,139.09375,92.5546875,101.546875,385.52734375,298.82421875,0.0,0.0,1.53515625,26.160438537597656
none,2,444,1.0,0.0,1.0,1.0,1.0,1.0,25.296875,137.6484375,94.6640625,101.47265625,382.69140625,303.32421875,0.0,0.0,1.421875,26.141307830810547
none,2,445,1.0,0.0,1.0,1.0,1.0,1.0,25.78515625,138.296875,93.9453125,103.61328125,382.47265625,303.46875,0.0,0.0,1.4296875,26.119491577148438
none,2,446,1.0,0.0,1.0,1.0,1.0,1.0,24.5703125,139.23046875,93.62890625,98.78125,386.03125,301.0546875,0.0,0.0,1.3359375,26.5648193359375
none,2,447,1.0,0.0,1.0,1.0,1.0,1.0,25.5078125,138.08203125,92.8046875,102.3671875,381.9765625,298.296875,0.0,0.0,1.3828125,25.965314865112305
none,2,448,1.0,0.0,1.0,1.0,1.0,1.0,25.375,139.078125,91.4765625,100.6484375,386.52734375,293.8359375,0.0,0.0,1.5234375,26.34145736694336
none,2,449,1.0,0.0,1.0,1.0,1.0,1.0,23.8125,138.9375,92.52734375,94.68359375,385.953125,297.8203125,0.0,0.0,1.41796875,26.514617919921875
none,2,450,1.0,0.0,1.0,1.0,1.0,1.0,25.20703125,137.42578125,94.83984375,99.328125,382.2421875,307.90234375,0.0,0.0,1.5078125,25.9735164642334
none,2,451,1.0,0.0,1.0,1.0,1.0,1.0,24.19140625,140.3046875,92.984375,98.1640625,388.46875,298.79296875,0.0,0.0,1.33984375,26.740331649780273
none,2,452,1.0,0.0,1.0,1.0,1.0,1.0,25.63671875,139.26171875,93.6171875,102.3125,387.23828125,302.8515625,0.0,0.0,1.34375,26.38320541381836
none,2,453,1.0,0.0,1.0,1.0,1.0,1.0,24.48828125,138.51171875,93.27734375,98.05859375,386.90625,304.07421875,0.0,0.0,1.40234375,26.596572875976562
none,2,454,1.0,0.0,1.0,1.0,1.0,1.0,23.69921875,139.22265625,94.484375,97.12109375,387.203125,309.28125,0.0,0.0,1.34765625,26.710739135742188
none,2,455,1.0,0.0,1.0,1.0,1.0,1.0,25.05859375,140.23828125,94.83984375,99.7890625,390.76953125,307.17578125,0.0,0.0,1.359375,26.766555786132812
none,2,456,1.0,0.0,1.0,1.0,1.0,1.0,24.75,139.328125,92.98828125,99.77734375,388.09375,301.62109375,0.0,0.0,1.2734375,26.5753173828125
none,2,457,1.0,0.0,1.0,1.0,1.0,1.0,25.00390625,139.58203125,92.53125,100.92578125,389.41796875,301.66015625,0.0,0.0,1.28125,26.602516174316406
none,2,458,1.0,0.0,1.0,1.0,1.0,1.0,25.54296875,139.49609375,94.359375,102.4453125,388.85546875,305.1484375,0.0,0.0,1.38671875,26.769695281982422
none,2,459,1.0,0.0,1.0,1.0,1.0,1.0,25.0625,140.578125,94.625,100.49609375,389.203125,306.4453125,0.0,0.0,1.203125,27.038793563842773
none,2,460,1.0,0.0,1.0,1.0,1.0,1.0,25.37890625,139.6484375,93.33984375,101.58203125,387.45703125,300.96875,0.0,0.0,1.31640625,26.644329071044922
none,2,461,1.0,0.0,1.0,1.0,1.0,1.0,25.2265625,139.62890625,93.73828125,101.00390625,387.40234375,304.1640625,0.0,0.0,1.24609375,26.628820419311523
none,2,462,1.0,0.0,1.0,1.0,1.0,1.0,24.27734375,140.66015625,93.12890625,98.22265625,387.64453125,300.109375,0.0,0.0,1.36328125,26.965862274169922
none,2,463,1.0,0.0,1.0,1.0,1.0,1.0,24.94921875,141.12109375,93.10546875,100.6328125,390.9453125,299.71875,0.0,0.0,1.3125,26.805952072143555
none,2,464,1.0,0.0,1.0,1.0,1.0,1.0,23.84375,141.3046875,94.87109375,95.38671875,389.94140625,305.1875,0.0,0.0,1.2734375,27.484289169311523
none,2,465,1.0,0.0,1.0,1.0,1.0,1.0,24.0390625,140.0390625,93.54296875,95.66796875,388.1953125,301.14453125,0.0,0.0,1.296875,26.764759063720703
none,2,466,1.0,0.0,1.0,1.0,1.0,1.0,23.7578125,139.40625,93.82421875,95.1640625,386.8359375,300.98046875,0.0,0.0,1.32421875,26.757192611694336
none,2,467,1.0,0.0,1.0,1.0,1.0,1.0,23.61328125,140.79296875,94.67578125,94.90234375,389.50390625,303.75390625,0.0,0.0,1.2890625,27.191509246826172
none,2,468,1.0,0.0,1.0,1.0,1.0,1.0,23.4609375,141.734375,92.3828125,93.81640625,391.61328125,297.921875,0.0,0.0,1.38671875,27.12591552734375
none,2,469,1.0,0.0,1.0,1.0,1.0,1.0,23.296875,140.78125,95.94140625,94.51171875,388.23828125,309.04296875,0.0,0.0,1.2421875,27.329055786132812
none,2,470,1.0,0.0,1.0,1.0,1.0,1.0,24.06640625,142.375,93.49609375,97.1328125,395.98828125,300.8359375,0.0,0.0,1.265625,27.31966781616211
none,2,471,1.0,0.0,1.0,1.0,1.0,1.0,24.26953125,141.3515625,94.46484375,96.890625,390.23046875,305.59375,0.0,0.0,1.18359375,27.043285369873047
none,2,472,1.0,0.0,1.0,1.0,1.0,1.0,23.98828125,141.80859375,93.71875,96.44921875,393.859375,300.34375,0.0,0.0,1.2265625,27.2509822845459
none,2,473,1.0,0.0,1.0,1.0,1.0,1.0,24.58984375,141.5078125,94.15234375,97.953125,390.80859375,303.94921875,0.0,0.0,1.23046875,27.111862182617188
none,2,474,1.0,0.0,1.0,1.0,1.0,1.0,23.65234375,142.51953125,94.43359375,96.015625,393.84375,302.19140625,0.0,0.0,1.296875,27.728084564208984
none,2,475,1.0,0.0,1.0,1.0,1.0,1.0,23.875,141.7421875,94.875,97.0703125,392.62109375,304.77734375,0.0,0.0,1.40234375,27.305374145507812
none,2,476,1.0,0.0,1.0,1.0,1.0,1.0,23.72265625,143.21484375,93.921875,94.99609375,395.0234375,302.171875,0.0,0.0,1.1953125,27.51900291442871
none,2,477,1.0,0.0,1.0,1.0,1.0,1.0,24.73046875,141.48046875,95.48046875,98.00390625,389.453125,305.30078125,0.0,0.0,1.30859375,27.290863037109375
none,2,478,1.0,0.0,1.0,1.0,1.0,1.0,24.58203125,141.12109375,95.40234375,97.828125,388.2421875,305.58203125,0.0,0.0,1.2734375,27.201419830322266
none,2,479,1.0,0.0,1.0,1.0,1.0,1.0,23.9609375,142.7265625,94.984375,96.19140625,393.5546875,304.09375,0.0,0.0,1.27734375,27.51708984375
none,2,480,1.0,0.0,1.0,1.0,1.0,1.0,24.3125,142.21484375,94.43359375,97.01171875,393.1328125,302.9921875,0.0,0.0,1.28125,27.44837188720703
none,2,481,1.0,0.0,1.0,1.0,1.0,1.0,23.25390625,142.40234375,95.8515625,94.234375,392.73046875,308.6875,0.0,0.0,1.09375,27.59998321533203
none,2,482,1.0,0.0,1.0,1.0,1.0,1.0,23.76953125,143.17578125,94.79296875,94.37109375,394.5859375,304.96484375,0.0,0.0,1.26953125,27.69306755065918
none,2,483,1.0,0.0,1.0,1.0,1.0,1.0,23.1328125,142.7421875,95.1484375,92.96875,393.3984375,305.25390625,0.0,0.0,1.16015625,27.662839889526367
none,2,484,1.0,0.0,1.0,1.0,1.0,1.0,23.63671875,142.296875,95.80078125,94.71875,391.1484375,305.16015625,0.0,0.0,1.125,27.57233238220215
none,2,485,1.0,0.0,1.0,1.0,1.0,1.0,22.984375,142.5703125,94.2265625,92.7578125,392.4375,301.46484375,0.0,0.0,1.21875,27.745397567749023
none,2,486,1.0,0.0,1.0,1.0,1.0,1.0,22.953125,142.796875,94.93359375,92.40625,392.4765625,301.8515625,0.0,0.0,1.27734375,27.782455444335938
none,2,487,1.0,0.0,1.0,1.0,1.0,1.0,23.171875,143.3671875,96.421875,93.265625,392.16015625,309.24609375,0.0,0.0,1.18359375,27.9417781829834
none,2,488,1.0,0.0,1.0,1.0,1.0,1.0,23.87890625,142.375,95.04296875,96.28125,390.21875,304.16015625,0.0,0.0,1.15625,27.65206527709961
none,2,489,1.0,0.0,1.0,1.0,1.0,1.0,23.37890625,143.23046875,95.05859375,95.80078125,392.2265625,302.1796875,0.0,0.0,1.3203125,27.9038143157959
none,2,490,1.0,0.0,1.0,1.0,1.0,1.0,23.8203125,143.04296875,96.2578125,95.421875,392.5390625,308.734375,0.0,0.0,1.1484375,27.967693328857422
none,2,491,1.0,0.0,1.0,1.0,1.0,1.0,23.4140625,143.828125,94.46484375,95.4375,396.53125,301.8515625,0.0,0.0,1.1328125,28.03445816040039
none,2,492,1.0,0.0,1.0,1.0,1.0,1.0,23.69140625,143.66796875,96.66015625,95.234375,395.35546875,308.828125,0.0,0.0,1.40625,27.88654327392578
none,2,493,1.0,0.0,1.0,1.0,1.0,1.0,23.29296875,143.875,94.765625,94.7734375,396.59375,303.796875,0.0,0.0,1.21484375,27.97027587890625
none,2,494,1.0,0.0,1.0,1.0,1.0,1.0,22.56640625,144.43359375,94.8125,92.92578125,399.52734375,304.05859375,0.0,0.0,1.16015625,28.1387939453125
none,2,495,1.0,0.0,1.0,1.0,1.0,1.0,23.23046875,144.28515625,95.97265625,95.0,397.82421875,307.8046875,0.0,0.0,1.19921875,28.14003562927246
none,2,496,1.0,0.0,1.0,1.0,1.0,1.0,23.2265625,144.35546875,95.3125,95.59765625,398.70703125,307.1171875,0.0,0.0,1.109375,28.088237762451172
none,2,497,1.0,0.0,1.0,1.0,1.0,1.0,23.21484375,144.13671875,94.57421875,95.6171875,398.9375,306.265625,0.0,0.0,1.171875,28.095022201538086
none,2,498,1.0,0.0,1.0,1.0,1.0,1.0,23.31640625,143.1171875,96.109375,94.69921875,395.86328125,310.7265625,0.0,0.0,1.08984375,27.94585418701172
none,2,499,1.0,0.0,1.0,1.0,1.0,1.0,23.0234375,145.2421875,94.71484375,94.37109375,398.14453125,303.65234375,0.0,0.0,1.04296875,28.459259033203125
none,2,500,1.0,0.0,1.0,1.0,1.0,1.0,23.05078125,144.91796875,93.31640625,96.01171875,397.29296875,298.2265625,0.0,0.0,1.25390625,28.03032684326172
none,2,501,1.0,0.0,1.0,1.0,1.0,1.0,22.9921875,144.69140625,94.77734375,93.63671875,395.375,306.62890625,0.0,0.0,1.16796875,28.28310203552246
none,2,502,1.0,0.0,1.0,1.0,1.0,1.0,23.15234375,144.25,95.78125,93.25390625,395.59765625,305.796875,0.0,0.0,1.1015625,28.141523361206055
none,2,503,1.0,0.0,1.0,1.0,1.0,1.0,21.984375,144.64453125,96.2109375,91.16796875,397.41796875,307.6875,0.0,0.0,1.17578125,28.284435272216797
none,2,504,1.0,0.0,1.0,1.0,1.0,1.0,23.02734375,145.28125,95.265625,93.59765625,398.96484375,303.26171875,0.0,0.0,1.14453125,28.281417846679688
none,2,505,1.0,0.0,1.0,1.0,1.0,1.0,23.05078125,144.328125,95.86328125,92.89453125,395.4609375,306.09375,0.0,0.0,1.08984375,28.29359245300293
none,2,506,1.0,0.0,1.0,1.0,1.0,1.0,22.7265625,144.83203125,96.234375,92.2734375,397.47265625,306.47265625,0.0,0.0,1.14453125,28.065719604492188
none,2,507,1.0,0.0,1.0,1.0,1.0,1.0,22.65625,144.609375,97.22265625,91.51171875,395.5546875,310.93359375,0.0,0.0,1.1796875,28.437482833862305
none,2,508,1.0,0.0,1.0,1.0,1.0,1.0,22.8046875,144.4609375,97.15625,91.84765625,395.10546875,309.83203125,0.0,0.0,1.27734375,28.27965545654297
none,2,509,1.0,0.0,1.0,1.0,1.0,1.0,22.76171875,144.56640625,95.2734375,90.96875,393.8984375,304.09375,0.0,0.0,1.1640625,28.025691986083984
none,2,510,1.0,0.0,1.0,1.0,1.0,1.0,22.76171875,144.01953125,96.26171875,92.69921875,393.0078125,306.58203125,0.0,0.0,1.0859375,28.10012435913086
none,2,511,1.0,0.0,1.0,1.0,1.0,1.0,22.7421875,145.15625,95.79296875,92.203125,393.5625,303.48046875,0.0,0.0,1.16015625,28.332313537597656
none,2,512,1.0,0.0,1.0,1.0,1.0,1.0,23.0390625,145.609375,95.640625,93.70703125,396.890625,304.859375,0.0,0.0,1.0859375,28.444496154785156
none,2,513,1.0,0.0,1.0,1.0,1.0,1.0,22.8125,145.37109375,94.37890625,93.2734375,398.3984375,298.3984375,0.0,0.0,1.15625,28.318510055541992
none,2,514,1.0,0.0,1.0,1.0,1.0,1.0,22.51953125,145.92578125,94.97265625,91.296875,400.23828125,301.57421875,0.0,0.0,1.125,28.622852325439453
none,2,515,1.0,0.0,1.0,1.0,1.0,1.0,22.0703125,144.78515625,97.0625,91.18359375,398.0,310.46875,0.0,0.0,1.15625,28.590057373046875
none,2,516,1.0,0.0,1.0,1.0,1.0,1.0,22.828125,144.66015625,95.96484375,93.8515625,397.49609375,306.95703125,0.0,0.0,1.109375,28.242916107177734
none,2,517,1.0,0.0,1.0,1.0,1.0,1.0,23.09375,144.6171875,96.89453125,94.3515625,395.71484375,309.33203125,0.0,0.0,1.0703125,28.266616821289062
none,2,518,1.0,0.0,1.0,1.0,1.0,1.0,22.5625,145.9375,95.56640625,93.26171875,401.48828125,304.3828125,0.0,0.0,1.08203125,28.522428512573242
none,2,519,1.0,0.0,1.0,1.0,1.0,1.0,21.8125,145.94140625,95.78125,90.3203125,398.1875,306.39453125,0.0,0.0,1.125,28.76446533203125
none,2,520,1.0,0.0,1.0,1.0,1.0,1.0,22.87109375,146.75390625,96.02734375,93.62109375,402.0859375,306.484375,0.0,0.0,1.1171875,28.73836898803711
none,2,521,1.0,0.0,1.0,1.0,1.0,1.0,22.29296875,146.18359375,97.08984375,91.84765625,401.0234375,309.51953125,0.0,0.0,1.0,28.878759384155273
none,2,522,1.0,0.0,1.0,1.0,1.0,1.0,21.25,144.91796875,98.01171875,88.734375,398.8125,313.3828125,0.0,0.0,0.99609375,28.65909194946289
none,2,523,1.0,0.0,1.0,1.0,1.0,1.0,22.6640625,145.60546875,96.8125,94.390625,398.890625,307.2734375,0.0,0.0,1.1640625,28.689552307128906
none,2,524,1.0,0.0,1.0,1.0,1.0,1.0,22.390625,146.0,96.5390625,91.5,400.4296875,308.296875,0.0,0.0,1.08203125,28.78529930114746
none,2,525,1.0,0.0,1.0,1.0,1.0,1.0,22.88671875,145.1640625,96.85546875,95.08984375,397.73828125,307.4921875,0.0,0.0,0.98828125,28.596572875976562
none,2,526,1.0,0.0,1.0,1.0,1.0,1.0,22.20703125,144.91015625,97.94921875,91.9609375,397.78125,311.77734375,0.0,0.0,1.12890625,28.57708740234375
none,2,527,1.0,0.0,1.0,1.0,1.0,1.0,21.62109375,145.109375,97.375,91.46875,397.68359375,312.15234375,0.0,0.0,1.08984375,28.720802307128906
none,2,528,1.0,0.0,1.0,1.0,1.0,1.0,21.73046875,146.3515625,94.73046875,91.18359375,402.3828125,304.796875,0.0,0.0,1.02734375,29.038969039916992
none,2,529,1.0,0.0,1.0,1.0,1.0,1.0,21.72265625,147.2109375,96.60546875,90.76953125,402.72265625,308.96484375,0.0,0.0,1.0234375,29.042396545410156
none,2,530,1.0,0.0,1.0,1.0,1.0,1.0,21.640625,146.28125,98.5234375,89.9453125,398.609375,313.9453125,0.0,0.0,1.0546875,28.971670150756836
none,2,531,1.0,0.0,1.0,1.0,1.0,1.0,22.08203125,148.8984375,95.6640625,89.125,405.25,301.60546875,0.0,0.0,1.0703125,29.33264923095703
none,2,532,1.0,0.0,1.0,1.0,1.0,1.0,22.63671875,146.03125,97.94140625,92.2578125,395.37109375,311.85546875,0.0,0.0,0.96484375,28.80080795288086
none,2,533,1.0,0.0,1.0,1.0,1.0,1.0,22.01171875,148.33203125,97.46484375,90.81640625,400.82421875,307.0703125,0.0,0.0,1.0625,29.34991455078125
none,2,534,1.0,0.0,1.0,1.0,1.0,1.0,21.8515625,146.99609375,98.47265625,90.26171875,397.390625,312.68359375,0.0,0.0,1.0625,29.212812423706055
none,2,535,1.0,0.0,1.0,1.0,1.0,1.0,22.24609375,147.93359375,95.54296875,91.41015625,401.7890625,304.4375,0.0,0.0,1.0,29.12849235534668
none,2,536,1.0,0.0,1.0,1.0,1.0,1.0,21.7109375,146.80078125,96.69921875,90.5390625,398.00390625,308.13671875,0.0,0.0,1.1484375,28.841100692749023
none,2,537,1.0,0.0,1.0,1.0,1.0,1.0,21.60546875,147.93359375,98.25,88.96484375,400.703125,311.28515625,0.0,0.0,1.1328125,29.374664306640625
none,2,538,1.0,0.0,1.0,1.0,1.0,1.0,21.75,148.0625,97.30078125,89.5390625,403.359375,307.30859375,0.0,0.0,1.13671875,29.47371482849121
none,2,539,1.0,0.0,1.0,1.0,1.0,1.0,21.765625,148.21875,97.0859375,89.87109375,403.828125,309.69140625,0.0,0.0,1.078125,29.256641387939453
none,2,540,1.0,0.0,1.0,1.0,1.0,1.0,20.69921875,148.421875,98.0,87.22265625,405.84765625,309.45703125,0.0,0.0,1.0390625,29.658370971679688
none,2,541,1.0,0.0,1.0,1.0,1.0,1.0,21.44921875,148.71484375,96.8125,89.30078125,403.99609375,306.03515625,0.0,0.0,1.02734375,29.566692352294922
none,2,542,1.0,0.0,1.0,1.0,1.0,1.0,20.83984375,148.34375,98.3046875,87.40625,403.84375,311.6640625,0.0,0.0,1.13671875,29.581106185913086
none,2,543,1.0,0.0,1.0,1.0,1.0,1.0,20.03515625,148.7265625,99.078125,86.50390625,405.19140625,312.80078125,0.0,0.0,1.06640625,29.811073303222656
none,2,544,1.0,0.0,1.0,1.0,1.0,1.0,20.82421875,148.640625,97.9375,87.08984375,404.38671875,308.6015625,0.0,0.0,1.0234375,29.770376205444336
none,2,545,1.0,0.0,1.0,1.0,1.0,1.0,20.59375,148.75,97.8515625,85.94140625,405.3046875,308.1796875,0.0,0.0,0.99609375,29.68667221069336
none,2,546,1.0,0.0,1.0,1.0,1.0,1.0,21.75,147.6875,98.56640625,88.40234375,402.6484375,310.359375,0.0,0.0,0.9921875,29.39764404296875
none,2,547,1.0,0.0,1.0,1.0,1.0,1.0,21.33984375,149.89453125,97.859375,89.1875,406.01171875,308.90234375,0.0,0.0,1.0546875,29.710552215576172
none,2,548,1.0,0.0,1.0,1.0,1.0,1.0,22.29296875,147.8046875,97.9609375,92.28125,403.19921875,308.4296875,0.0,0.0,1.05859375,29.33583641052246
none,2,549,1.0,0.0,1.0,1.0,1.0,1.0,21.2734375,149.13671875,98.71484375,89.125,402.80859375,311.0859375,0.0,0.0,0.97265625,29.936904907226562
none,2,550,1.0,0.0,1.0,1.0,1.0,1.0,21.5,149.78515625,96.98828125,89.359375,406.22265625,303.5625,0.0,0.0,1.0234375,29.786779403686523
none,2,551,1.0,0.0,1.0,1.0,1.0,1.0,20.95703125,149.09765625,97.6484375,88.27734375,404.34375,308.51953125,0.0,0.0,0.9296875,29.728010177612305
none,2,552,1.0,0.0,1.0,1.0,1.0,1.0,22.21875,148.84375,97.4375,92.37109375,405.078125,303.66015625,0.0,0.0,1.05859375,29.378507614135742
none,2,553,1.0,0.0,1.0,1.0,1.0,1.0,21.4296875,148.71484375,97.125,89.33984375,403.30859375,304.6796875,0.0,0.0,0.9765625,29.589515686035156
none,2,554,1.0,0.0,1.0,1.0,1.0,1.0,21.140625,149.5390625,98.01953125,88.40625,406.94921875,305.4921875,0.0,0.0,1.0078125,29.825084686279297
none,2,555,1.0,0.0,1.0,1.0,1.0,1.0,21.71484375,149.84765625,98.390625,90.9375,404.4140625,308.2421875,0.0,0.0,0.9140625,29.960811614990234
none,2,556,1.0,0.0,1.0,1.0,1.0,1.0,21.41796875,150.0859375,98.55078125,89.515625,406.76171875,307.02734375,0.0,0.0,1.0546875,30.109676361083984
none,2,557,1.0,0.0,1.0,1.0,1.0,1.0,21.4453125,149.359375,99.02734375,89.4765625,402.8203125,310.73046875,0.0,0.0,1.01953125,30.06496810913086
none,2,558,1.0,0.0,1.0,1.0,1.0,1.0,21.53125,149.83203125,97.1875,90.8203125,405.08203125,304.3671875,0.0,0.0,0.90625,29.95180320739746
none,2,559,1.0,0.0,1.0,1.0,1.0,1.0,21.16796875,150.578125,96.87109375,88.98046875,407.6953125,301.98828125,0.0,0.0,1.12890625,30.03314781188965
none,2,560,1.0,0.0,1.0,1.0,1.0,1.0,21.078125,150.5703125,97.81640625,89.171875,407.55859375,304.80078125,0.0,0.0,0.97265625,30.076461791992188
none,2,561,1.0,0.0,1.0,1.0,1.0,1.0,21.10546875,149.25,99.74609375,88.390625,403.58203125,312.27734375,0.0,0.0,0.9375,30.041168212890625
none,2,562,1.0,0.0,1.0,1.0,1.0,1.0,21.35546875,150.03125,98.51953125,88.96484375,405.23828125,309.6640625,0.0,0.0,0.94140625,29.893260955810547
none,2,563,1.0,0.0,1.0,1.0,1.0,1.0,20.41796875,149.1953125,99.53515625,86.078125,402.9375,314.6875,0.0,0.0,0.9609375,30.078720092773438
none,2,564,1.0,0.0,1.0,1.0,1.0,1.0,20.40234375,149.95703125,98.28125,86.12890625,404.83984375,311.2890625,0.0,0.0,1.00390625,30.2825984954834
none,2,565,1.0,0.0,1.0,1.0,1.0,1.0,20.3984375,150.12890625,99.390625,85.12890625,402.83984375,310.83203125,0.0,0.0,1.00390625,30.171361923217773
none,2,566,1.0,0.0,1.0,1.0,1.0,1.0,20.5625,150.390625,99.61328125,86.21875,402.7265625,312.75390625,0.0,0.0,0.94140625,30.210308074951172
none,2,567,1.0,0.0,1.0,1.0,1.0,1.0,21.01953125,150.1015625,98.46484375,86.7578125,404.25390625,309.03125,0.0,0.0,0.93359375,29.921451568603516
none,2,568,1.0,0.0,1.0,1.0,1.0,1.0,21.484375,149.0078125,99.375,89.171875,398.5546875,311.95703125,0.0,0.0,0.99609375,29.765676498413086
none,2,569,1.0,0.0,1.0,1.0,1.0,1.0,20.7734375,149.74609375,100.10546875,87.5,401.9453125,313.13671875,0.0,0.0,0.96875,30.185787200927734
none,2,570,1.0,0.0,1.0,1.0,1.0,1.0,20.9609375,150.1015625,98.73828125,87.6015625,404.70703125,309.171875,0.0,0.0,1.05078125,29.951980590820312
none,2,571,1.0,0.0,1.0,1.0,1.0,1.0,20.37109375,150.04296875,99.8828125,86.13671875,403.67578125,313.96875,0.0,0.0,0.8828125,30.259380340576172
none,2,572,1.0,0.0,1.0,1.0,1.0,1.0,20.94140625,150.046875,101.4375,88.13671875,404.7734375,318.01953125,0.0,0.0,0.97265625,30.311498641967773
none,2,573,1.0,0.0,1.0,1.0,1.0,1.0,21.265625,150.33984375,99.40234375,89.44921875,405.6015625,311.23046875,0.0,0.0,0.8984375,30.227094650268555
none,2,574,1.0,0.0,1.0,1.0,1.0,1.0,20.51171875,151.734375,97.0703125,86.66796875,410.546875,303.3671875,0.0,0.0,0.9375,30.47260284423828
none,2,575,1.0,0.0,1.0,1.0,1.0,1.0,20.3828125,151.75,98.38671875,85.54296875,410.109375,305.1015625,0.0,0.0,0.8203125,30.561115264892578
none,2,576,1.0,0.0,1.0,1.0,1.0,1.0,20.90234375,150.92578125,99.96875,87.2421875,406.796875,311.71484375,0.0,0.0,0.91015625,30.18465805053711
none,2,577,1.0,0.0,1.0,1.0,1.0,1.0,20.58203125,150.9921875,99.74609375,86.53125,407.1640625,311.91015625,0.0,0.0,0.875,30.350616455078125
none,2,578,1.0,0.0,1.0,1.0,1.0,1.0,20.0703125,151.93359375,99.734375,83.90625,408.98046875,311.28125,0.0,0.0,0.96484375,30.65234375
none,2,579,1.0,0.0,1.0,1.0,1.0,1.0,19.984375,151.390625,101.41015625,83.6953125,406.46875,318.32421875,0.0,0.0,0.9921875,30.664541244506836
none,2,580,1.0,0.0,1.0,1.0,1.0,1.0,19.609375,151.86328125,99.80078125,83.4375,408.30078125,311.1796875,0.0,0.0,0.86328125,30.828039169311523
none,2,581,1.0,0.0,1.0,1.0,1.0,1.0,19.50390625,150.703125,100.08984375,83.546875,403.3515625,310.9609375,0.0,0.0,0.87890625,30.531795501708984
none,2,582,1.0,0.0,1.0,1.0,1.0,1.0,20.75390625,151.05859375,100.1484375,86.1328125,405.39453125,312.19140625,0.0,0.0,0.9375,30.28752899169922
none,2,583,1.0,0.0,1.0,1.0,1.0,1.0,19.9921875,150.83984375,99.13671875,84.15234375,406.5,308.5546875,0.0,0.0,0.94921875,30.545005798339844
none,2,584,1.0,0.0,1.0,1.0,1.0,1.0,20.31640625,151.10546875,98.7734375,85.5390625,406.6484375,307.91015625,0.0,0.0,0.8671875,30.463485717773438
none,2,585,1.0,0.0,1.0,1.0,1.0,1.0,20.26953125,151.17578125,98.98046875,86.87109375,406.00390625,310.31640625,0.0,0.0,0.8125,30.41547203063965
none,2,586,1.0,0.0,1.0,1.0,1.0,1.0,20.2421875,150.78515625,100.48046875,87.20703125,403.859375,313.3125,0.0,0.0,0.890625,30.53450584411621
none,2,587,1.0,0.0,1.0,1.0,1.0,1.0,20.3046875,152.80078125,98.96484375,85.1953125,408.41015625,308.21484375,0.0,0.0,0.92578125,30.82364273071289
none,2,588,1.0,0.0,1.0,1.0,1.0,1.0,20.24609375,151.03125,100.88671875,84.99609375,405.62109375,312.7734375,0.0,0.0,0.7890625,30.584632873535156
none,2,589,1.0,0.0,1.0,1.0,1.0,1.0,20.91015625,151.859375,98.28515625,88.22265625,407.34765625,305.46875,0.0,0.0,0.828125,30.431793212890625
none,2,590,1.0,0.0,1.0,1.0,1.0,1.0,20.37109375,150.6640625,98.44140625,85.203125,404.96875,305.10546875,0.0,0.0,0.91796875,30.261066436767578
none,2,591,1.0,0.0,1.0,1.0,1.0,1.0,20.1171875,151.3671875,100.125,84.140625,406.27734375,311.28515625,0.0,0.0,1.01953125,30.585739135742188
none,2,592,1.0,0.0,1.0,1.0,1.0,1.0,20.046875,151.53125,98.5,83.9453125,406.5625,306.234375,0.0,0.0,0.87890625,30.693382263183594
none,2,593,1.0,0.0,1.0,1.0,1.0,1.0,20.0703125,152.98828125,99.83984375,84.54296875,408.96875,307.61328125,0.0,0.0,0.89453125,30.88599395751953
none,2,594,1.0,0.0,1.0,1.0,1.0,1.0,19.59765625,152.61328125,99.484375,83.23046875,409.12109375,310.06640625,0.0,0.0,0.90625,30.771461486816406
none,2,595,1.0,0.0,1.0,1.0,1.0,1.0,19.6953125,150.1015625,102.45703125,84.1484375,400.7734375,318.234375,0.0,0.0,0.90234375,30.819366455078125
none,2,596,1.0,0.0,1.0,1.0,1.0,1.0,20.328125,152.14453125,100.265625,87.5390625,407.359375,309.55078125,0.0,0.0,0.9609375,30.767126083374023
none,2,597,1.0,0.0,1.0,1.0,1.0,1.0,20.390625,152.421875,99.25,86.921875,409.71875,307.39453125,0.0,0.0,0.9296875,30.80687713623047
none,2,598,1.0,0.0,1.0,1.0,1.0,1.0,20.08984375,152.75,98.58203125,86.125,410.55859375,304.046875,0.0,0.0,0.90234375,30.884023666381836
none,2,599,1.0,0.0,1.0,1.0,1.0,1.0,19.88671875,151.390625,101.16015625,85.0390625,406.26953125,310.98046875,0.0,0.0,0.87109375,30.774169921875
none,2,600,1.0,0.0,1.0,1.0,1.0,1.0,19.92578125,152.3515625,102.0234375,86.18359375,406.6953125,316.26171875,0.0,0.0,0.82421875,31.13283348083496
none,2,601,1.0,0.0,1.0,1.0,1.0,1.0,20.17578125,151.60546875,101.7265625,86.18359375,405.44921875,315.328125,0.0,0.0,0.88671875,30.93121910095215
none,2,602,1.0,0.0,1.0,1.0,1.0,1.0,19.9453125,152.6171875,102.26171875,85.76953125,408.2890625,317.88671875,0.0,0.0,0.8359375,31.156057357788086
none,2,603,1.0,0.0,1.0,1.0,1.0,1.0,19.7421875,151.33984375,102.9140625,84.7109375,403.25390625,318.5859375,0.0,0.0,0.90625,30.858135223388672
none,2,604,1.0,0.0,1.0,1.0,1.0,1.0,20.203125,153.28125,99.59765625,86.96875,410.5625,309.6796875,0.0,0.0,0.91796875,30.983596801757812
none,2,605,1.0,0.0,1.0,1.0,1.0,1.0,19.52734375,152.640625,100.65625,83.359375,410.20703125,315.1171875,0.0,0.0,0.84765625,31.0046443939209
none,2,606,1.0,0.0,1.0,1.0,1.0,1.0,19.92578125,154.859375,99.79296875,84.32421875,415.18359375,309.671875,0.0,0.0,0.88671875,31.294368743896484
none,2,607,1.0,0.0,1.0,1.0,1.0,1.0,19.53125,151.65625,102.546875,83.90625,406.5390625,319.55859375,0.0,0.0,0.83984375,30.957199096679688
none,2,608,1.0,0.0,1.0,1.0,1.0,1.0,20.28125,153.67578125,100.32421875,86.07421875,413.08984375,311.140625,0.0,0.0,0.86328125,31.20998191833496
none,2,609,1.0,0.0,1.0,1.0,1.0,1.0,20.0625,151.71484375,100.99609375,86.33203125,408.37109375,313.765625,0.0,0.0,0.88671875,30.787734985351562
none,2,610,1.0,0.0,1.0,1.0,1.0,1.0,19.91015625,152.53125,101.06640625,86.7421875,408.6875,314.8828125,0.0,0.0,0.828125,31.185909271240234
none,2,611,1.0,0.0,1.0,1.0,1.0,1.0,19.47265625,152.08984375,100.58203125,84.83984375,408.76953125,314.2109375,0.0,0.0,0.7890625,31.088912963867188
none,2,612,1.0,0.0,1.0,1.0,1.0,1.0,19.53125,152.3359375,101.1640625,85.01953125,408.99609375,314.5234375,0.0,0.0,0.8203125,30.89602279663086
none,2,613,1.0,0.0,1.0,1.0,1.0,1.0,18.890625,153.37890625,101.87890625,82.46484375,410.4765625,315.66015625,0.0,0.0,0.77734375,31.36305809020996
none,2,614,1.0,0.0,1.0,1.0,1.0,1.0,19.078125,153.35546875,101.640625,82.1640625,411.3671875,314.71875,0.0,0.0,0.875,31.582355499267578
none,2,615,1.0,0.0,1.0,1.0,1.0,1.0,18.8671875,153.171875,100.63671875,81.4453125,410.60546875,312.3125,0.0,0.0,0.79296875,31.22723388671875
none,2,616,1.0,0.0,1.0,1.0,1.0,1.0,19.90234375,152.67578125,101.0234375,85.28515625,408.6015625,313.03515625,0.0,0.0,0.90234375,31.06036949157715
none,2,617,1.0,0.0,1.0,1.0,1.0,1.0,18.91015625,152.4609375,100.91015625,81.57421875,408.25390625,312.6484375,0.0,0.0,0.875,31.31728172302246
none,2,618,1.0,0.0,1.0,1.0,1.0,1.0,18.91796875,154.33203125,99.96875,81.2578125,411.734375,312.78515625,0.0,0.0,0.796875,31.483121871948242
none,2,619,1.0,0.0,1.0,1.0,1.0,1.0,19.5625,153.44921875,101.12890625,82.86328125,408.07421875,314.02734375,0.0,0.0,0.99609375,31.221683502197266
none,2,620,1.0,0.0,1.0,1.0,1.0,1.0,19.390625,153.2109375,102.4765625,83.26171875,407.71875,317.87890625,0.0,0.0,0.82421875,31.40195083618164
none,2,621,1.0,0.0,1.0,1.0,1.0,1.0,19.08203125,152.33984375,102.09765625,84.14453125,404.90625,318.23046875,0.0,0.0,0.7578125,31.3023738861084
none,2,622,1.0,0.0,1.0,1.0,1.0,1.0,18.59765625,153.078125,102.03515625,81.76953125,407.1328125,316.39453125,0.0,0.0,0.93359375,31.189613342285156
none,2,623,1.0,0.0,1.0,1.0,1.0,1.0,19.125,153.734375,101.62890625,83.00390625,410.40625,316.55078125,0.0,0.0,0.76953125,31.5447998046875
none,2,624,1.0,0.0,1.0,1.0,1.0,1.0,18.55078125,153.68359375,101.47265625,80.8984375,412.66796875,315.11328125,0.0,0.0,0.83203125,31.682952880859375
none,2,625,1.0,0.0,1.0,1.0,1.0,1.0,18.19921875,154.56640625,102.078125,79.06640625,412.71484375,317.65234375,0.0,0.0,0.8828125,31.772825241088867
none,2,626,1.0,0.0,1.0,1.0,1.0,1.0,19.20703125,153.73046875,102.47265625,83.86328125,411.88671875,317.55078125,0.0,0.0,0.8359375,31.399961471557617
none,2,627,1.0,0.0,1.0,1.0,1.0,1.0,19.62109375,154.265625,101.328125,83.6640625,412.12109375,314.84375,0.0,0.0,0.8984375,31.372955322265625
none,2,628,1.0,0.0,1.0,1.0,1.0,1.0,18.6015625,153.26953125,103.21875,82.90234375,409.81640625,319.65625,0.0,0.0,0.68359375,31.705785751342773
none,2,629,1.0,0.0,1.0,1.0,1.0,1.0,19.44140625,154.21875,102.859375,84.45703125,411.87890625,316.38671875,0.0,0.0,0.80859375,31.67349624633789
none,2,630,1.0,0.0,1.0,1.0,1.0,1.0,19.31640625,153.96875,101.71484375,82.83203125,410.88671875,311.5,0.0,0.0,0.83984375,31.450199127197266
none,2,631,1.0,0.0,1.0,1.0,1.0,1.0,18.84765625,154.36328125,100.7109375,81.19921875,412.95703125,308.203125,0.0,0.0,0.82421875,31.511734008789062
none,2,632,1.0,0.0,1.0,1.0,1.0,1.0,19.19140625,153.27734375,102.07421875,83.21484375,406.26953125,311.1640625,0.0,0.0,0.8671875,31.446210861206055
none,2,633,1.0,0.0,1.0,1.0,1.0,1.0,18.875,153.43359375,102.92578125,82.41796875,407.828125,315.5703125,0.0,0.0,0.75,31.52187728881836
none,2,634,1.0,0.0,1.0,1.0,1.0,1.0,19.2890625,153.4453125,101.84765625,83.390625,407.20703125,310.91796875,0.0,0.0,0.84765625,31.3919734954834
none,2,635,1.0,0.0,1.0,1.0,1.0,1.0,18.765625,154.53125,102.8203125,81.15234375,409.078125,314.02734375,0.0,0.0,0.87109375,31.789403915405273
none,2,636,1.0,0.0,1.0,1.0,1.0,1.0,18.37109375,155.19140625,101.17578125,79.8125,411.20703125,308.79296875,0.0,0.0,0.8203125,31.895366668701172
none,2,637,1.0,0.0,1.0,1.0,1.0,1.0,19.4296875,155.63671875,100.38671875,84.4140625,412.20703125,305.5390625,0.0,0.0,0.7578125,31.84462547302246
none,2,638,1.0,0.0,1.0,1.0,1.0,1.0,18.73046875,154.47265625,100.2265625,82.12109375,410.41015625,305.43359375,0.0,0.0,0.890625,31.596019744873047
none,2,639,1.0,0.0,1.0,1.0,1.0,1.0,18.46484375,154.5,104.00390625,79.6328125,408.1796875,320.05859375,0.0,0.0,0.890625,32.068172454833984
none,2,640,1.0,0.0,1.0,1.0,1.0,1.0,18.3359375,154.3984375,103.39453125,80.38671875,410.140625,318.46484375,0.0,0.0,0.82421875,32.03125
none,2,641,1.0,0.0,1.0,1.0,1.0,1.0,18.25,154.4375,102.5,80.38671875,409.421875,316.0625,0.0,0.0,0.875,31.931987762451172
none,2,642,1.0,0.0,1.0,1.0,1.0,1.0,18.91796875,154.97265625,103.9453125,83.328125,409.06640625,322.140625,0.0,0.0,0.8046875,31.875164031982422
none,2,643,1.0,0.0,1.0,1.0,1.0,1.0,18.296875,154.8203125,103.16796875,82.82421875,410.171875,318.57421875,0.0,0.0,0.80859375,31.925567626953125
none,2,644,1.0,0.0,1.0,1.0,1.0,1.0,19.203125,155.12109375,102.96484375,84.3984375,411.1171875,318.04296875,0.0,0.0,0.80078125,31.931522369384766
none,2,645,1.0,0.0,1.0,1.0,1.0,1.0,18.796875,154.71484375,102.578125,82.953125,411.078125,317.3984375,0.0,0.0,0.87890625,31.872570037841797
none,2,646,1.0,0.0,1.0,1.0,1.0,1.0,18.7109375,155.9375,101.7890625,82.64453125,414.421875,314.89453125,0.0,0.0,0.83203125,32.22172164916992
none,2,647,1.0,0.0,1.0,1.0,1.0,1.0,17.8828125,155.89453125,102.42578125,79.33203125,413.41796875,314.83203125,0.0,0.0,0.80859375,32.085906982421875
none,2,648,1.0,0.0,1.0,1.0,1.0,1.0,19.01171875,156.453125,102.265625,82.2890625,415.4296875,311.9765625,0.0,0.0,0.765625,32.36562728881836
none,2,649,1.0,0.0,1.0,1.0,1.0,1.0,18.41015625,155.4375,101.49609375,80.765625,413.1796875,311.6015625,0.0,0.0,0.7890625,32.11986541748047
none,2,650,1.0,0.0,1.0,1.0,1.0,1.0,18.45703125,154.96484375,103.34375,82.953125,410.07421875,315.6640625,0.0,0.0,0.90625,32.05206298828125
none,2,651,1.0,0.0,1.0,1.0,1.0,1.0,19.28515625,156.19921875,101.98828125,84.75390625,414.34375,312.81640625,0.0,0.0,0.8125,32.06366729736328
none,2,652,1.0,0.0,1.0,1.0,1.0,1.0,18.7265625,154.6796875,102.765625,83.9453125,410.078125,315.1484375,0.0,0.0,0.74609375,31.962291717529297
none,2,653,1.0,0.0,1.0,1.0,1.0,1.0,18.73828125,155.421875,103.19921875,82.27734375,409.54296875,314.484375,0.0,0.0,0.80859375,32.05052947998047
none,2,654,1.0,0.0,1.0,1.0,1.0,1.0,17.78515625,155.85546875,102.55859375,79.4296875,412.10546875,314.8125,0.0,0.0,0.77734375,32.231021881103516
none,2,655,1.0,0.0,1.0,1.0,1.0,1.0,18.30859375,154.82421875,104.828125,80.6796875,408.28515625,321.76171875,0.0,0.0,0.69140625,32.197078704833984
none,2,656,1.0,0.0,1.0,1.0,1.0,1.0,17.9296875,155.91015625,104.2890625,79.44921875,411.1484375,318.92578125,0.0,0.0,0.78125,32.42430114746094
none,2,657,1.0,0.0,1.0,1.0,1.0,1.0,18.21875,155.3671875,104.3671875,80.08203125,409.44921875,317.66015625,0.0,0.0,0.7734375,32.1336669921875
none,2,658,1.0,0.0,1.0,1.0,1.0,1.0,18.390625,157.36328125,103.484375,80.74609375,414.3984375,314.3203125,0.0,0.0,0.79296875,32.62483596801758
none,2,659,1.0,0.0,1.0,1.0,1.0,1.0,18.16796875,158.21875,101.80859375,80.03125,416.140625,310.58984375,0.0,0.0,0.77734375,32.71328353881836
none,2,660,1.0,0.0,1.0,1.0,1.0,1.0,17.9453125,157.6015625,102.7421875,80.296875,415.66796875,312.1953125,0.0,0.0,0.8125,32.7249755859375
none,2,661,1.0,0.0,1.0,1.0,1.0,1.0,17.94921875,157.76953125,101.58984375,79.27734375,415.484375,311.359375,0.0,0.0,0.69140625,32.521484375
none,2,662,1.0,0.0,1.0,1.0,1.0,1.0,17.40234375,156.50390625,104.1875,79.51171875,411.65234375,318.55859375,0.0,0.0,0.90234375,32.64120864868164
none,2,663,1.0,0.0,1.0,1.0,1.0,1.0,17.87890625,158.13671875,102.515625,80.046875,417.41015625,314.51171875,0.0,0.0,0.92578125,32.81321334838867
none,2,664,1.0,0.0,1.0,1.0,1.0,1.0,17.90234375,157.125,103.0234375,80.1875,415.93359375,315.8984375,0.0,0.0,0.79296875,32.71555709838867
none,2,665,1.0,0.0,1.0,1.0,1.0,1.0,18.72265625,157.24609375,102.5234375,81.25,416.59375,314.125,0.0,0.0,0.80078125,32.44029998779297
none,2,666,1.0,0.0,1.0,1.0,1.0,1.0,18.375,157.21875,103.796875,82.19140625,414.8515625,318.28125,0.0,0.0,0.88671875,32.375091552734375
none,2,667,1.0,0.0,1.0,1.0,1.0,1.0,18.8984375,156.52734375,103.421875,83.3671875,412.85546875,316.55078125,0.0,0.0,0.80078125,32.16944122314453
none,2,668,1.0,0.0,1.0,1.0,1.0,1.0,17.51171875,157.10546875,104.64453125,78.6796875,411.76171875,320.32421875,0.0,0.0,0.87890625,32.66502380371094
none,2,669,1.0,0.0,1.0,1.0,1.0,1.0,18.640625,156.98046875,103.44140625,83.703125,415.6328125,316.47265625,0.0,0.0,0.765625,32.701454162597656
none,2,670,1.0,0.0,1.0,1.0,1.0,1.0,18.14453125,157.9140625,103.11328125,80.11328125,418.03125,314.546875,0.0,0.0,0.8046875,32.807979583740234
none,2,671,1.0,0.0,1.0,1.0,1.0,1.0,17.82421875,157.12109375,105.9453125,79.5859375,414.8828125,320.984375,0.0,0.0,0.73046875,32.82880401611328
none,2,672,1.0,0.0,1.0,1.0,1.0,1.0,17.93359375,158.22265625,103.890625,79.71484375,417.0859375,314.43359375,0.0,0.0,0.7734375,33.00478744506836
none,2,673,1.0,0.0,1.0,1.0,1.0,1.0,17.62890625,157.375,104.5625,79.203125,414.5859375,316.58203125,0.0,0.0,0.6015625,32.79633331298828
none,2,674,1.0,0.0,1.0,1.0,1.0,1.0,17.13671875,158.375,103.40625,79.45703125,416.25,314.50390625,0.0,0.0,0.77734375,32.97178649902344
none,2,675,1.0,0.0,1.0,1.0,1.0,1.0,17.2578125,157.87890625,104.19140625,77.92578125,415.78125,315.953125,0.0,0.0,0.83203125,33.00410461425781
none,2,676,1.0,0.0,1.0,1.0,1.0,1.0,17.44921875,157.94140625,103.0703125,78.59765625,415.7578125,311.05859375,0.0,0.0,0.70703125,32.755428314208984
none,2,677,1.0,0.0,1.0,1.0,1.0,1.0,18.13671875,158.36328125,104.39453125,78.33203125,415.875,313.7265625,0.0,0.0,0.74609375,32.9725456237793
none,2,678,1.0,0.0,1.0,1.0,1.0,1.0,17.14453125,156.97265625,105.984375,78.41796875,411.57421875,319.0,0.0,0.0,0.69921875,32.88407897949219
none,2,679,1.0,0.0,1.0,1.0,1.0,1.0,17.94921875,158.01171875,106.34765625,80.44921875,413.265625,320.69921875,0.0,0.0,0.71875,33.19999694824219
none,2,680,1.0,0.0,1.0,1.0,1.0,1.0,17.0546875,158.26171875,106.265625,77.30078125,414.30078125,321.22265625,0.0,0.0,0.76171875,33.243011474609375
none,2,681,1.0,0.0,1.0,1.0,1.0,1.0,17.06640625,158.171875,106.69921875,78.8671875,414.30859375,322.72265625,0.0,0.0,0.828125,33.24779510498047
none,2,682,1.0,0.0,1.0,1.0,1.0,1.0,17.70703125,158.6640625,105.4296875,79.91796875,415.36328125,319.3359375,0.0,0.0,0.71484375,33.217002868652344
none,2,683,1.0,0.0,1.0,1.0,1.0,1.0,16.76171875,157.91015625,106.34375,77.4921875,414.35546875,318.72265625,0.0,0.0,0.6875,33.189579010009766
none,2,684,1.0,0.0,1.0,1.0,1.0,1.0,17.23828125,159.08203125,105.6015625,78.74609375,416.37890625,317.2109375,0.0,0.0,0.7265625,33.26964569091797
none,2,685,1.0,0.0,1.0,1.0,1.0,1.0,17.23046875,159.33203125,104.921875,78.6796875,416.4765625,314.78515625,0.0,0.0,0.7421875,33.300804138183594
none,2,686,1.0,0.0,1.0,1.0,1.0,1.0,17.3046875,159.53125,105.296875,78.60546875,417.0078125,313.359375,0.0,0.0,0.6171875,33.52984619140625
none,2,687,1.0,0.0,1.0,1.0,1.0,1.0,17.21484375,158.73046875,105.66015625,78.0390625,414.875,315.28125,0.0,0.0,0.7890625,33.447872161865234
none,2,688,1.0,0.0,1.0,1.0,1.0,1.0,16.7890625,158.9453125,106.37890625,77.99609375,416.33203125,318.20703125,0.0,0.0,0.796875,33.469947814941406
none,2,689,1.0,0.0,1.0,1.0,1.0,1.0,16.421875,160.015625,103.89453125,75.66015625,417.1640625,311.625,0.0,0.0,0.80078125,33.57403564453125
none,2,690,1.0,0.0,1.0,1.0,1.0,1.0,16.96875,159.078125,106.28515625,77.0625,415.48828125,317.01171875,0.0,0.0,0.73046875,33.4556999206543
none,2,691,1.0,0.0,1.0,1.0,1.0,1.0,16.9921875,159.44921875,105.0546875,78.76171875,416.515625,314.5390625,0.0,0.0,0.7421875,33.431156158447266
none,2,692,1.0,0.0,1.0,1.0,1.0,1.0,17.55078125,158.8359375,105.76953125,79.3671875,417.26953125,318.06640625,0.0,0.0,0.71484375,33.4560546875
none,2,693,1.0,0.0,1.0,1.0,1.0,1.0,17.13671875,160.8828125,105.9375,79.4375,420.9765625,319.3125,0.0,0.0,0.63671875,33.874244689941406
none,2,694,1.0,0.0,1.0,1.0,1.0,1.0,16.75390625,159.5,105.92578125,78.1875,415.8984375,319.26953125,0.0,0.0,0.67578125,33.80549240112305
none,2,695,1.0,0.0,1.0,1.0,1.0,1.0,17.35546875,159.5703125,105.13671875,80.0390625,417.765625,313.57421875,0.0,0.0,0.60546875,33.341434478759766
none,2,696,1.0,0.0,1.0,1.0,1.0,1.0,16.5625,159.55859375,106.0390625,76.72265625,417.8515625,318.421875,0.0,0.0,0.7109375,33.59806442260742
none,2,697,1.0,0.0,1.0,1.0,1.0,1.0,17.40625,160.47265625,105.05078125,79.2578125,418.05078125,314.37890625,0.0,0.0,0.66015625,33.54145431518555
none,2,698,1.0,0.0,1.0,1.0,1.0,1.0,17.1796875,159.8984375,105.76953125,79.44921875,416.4609375,318.43359375,0.0,0.0,0.6640625,33.62356185913086
none,2,699,1.0,0.0,1.0,1.0,1.0,1.0,16.875,160.9375,105.40234375,79.0234375,421.2421875,313.7890625,0.0,0.0,0.62890625,33.96356201171875
none,2,700,1.0,0.0,1.0,1.0,1.0,1.0,17.32421875,161.1875,105.296875,80.265625,420.9296875,317.1484375,0.0,0.0,0.66015625,33.880828857421875
none,2,701,1.0,0.0,1.0,1.0,1.0,1.0,16.98046875,160.7890625,105.48046875,77.859375,422.75,319.00390625,0.0,0.0,0.65234375,33.83426284790039
none,2,702,1.0,0.0,1.0,1.0,1.0,1.0,16.4453125,159.79296875,105.5234375,76.875,419.578125,317.13671875,0.0,0.0,0.7265625,33.77368927001953
none,2,703,1.0,0.0,1.0,1.0,1.0,1.0,16.765625,159.55078125,108.203125,77.96875,416.734375,326.62109375,0.0,0.0,0.765625,33.79840850830078
none,2,704,1.0,0.0,1.0,1.0,1.0,1.0,16.77734375,160.44921875,107.3828125,78.5,417.578125,323.01171875,0.0,0.0,0.703125,33.903987884521484
none,2,705,1.0,0.0,1.0,1.0,1.0,1.0,17.046875,161.796875,105.8203125,77.75390625,419.3515625,317.1171875,0.0,0.0,0.63671875,34.25995635986328
none,2,706,1.0,0.0,1.0,1.0,1.0,1.0,16.86328125,160.47265625,106.33984375,76.06640625,417.87890625,318.57421875,0.0,0.0,0.74609375,33.82060623168945
none,2,707,1.0,0.0,1.0,1.0,1.0,1.0,16.4140625,160.71484375,106.12890625,76.43359375,416.97265625,315.546875,0.0,0.0,0.65234375,34.19507598876953
none,2,708,1.0,0.0,1.0,1.0,1.0,1.0,16.5,160.97265625,107.62890625,77.59375,417.2578125,317.44921875,0.0,0.0,0.65625,34.02733612060547
none,2,709,1.0,0.0,1.0,1.0,1.0,1.0,17.109375,162.1484375,105.88671875,80.4296875,420.03515625,314.77734375,0.0,0.0,0.6484375,34.20392608642578
none,2,710,1.0,0.0,1.0,1.0,1.0,1.0,16.484375,160.76953125,107.8046875,77.25,415.5703125,319.32421875,0.0,0.0,0.68359375,34.27170181274414
none,2,711,1.0,0.0,1.0,1.0,1.0,1.0,16.99609375,160.09375,107.88671875,78.3515625,413.64453125,319.37109375,0.0,0.0,0.71875,33.959373474121094
none,2,712,1.0,0.0,1.0,1.0,1.0,1.0,16.390625,159.7890625,108.5234375,77.61328125,413.1796875,320.71484375,0.0,0.0,0.6484375,33.937007904052734
none,2,713,1.0,0.0,1.0,1.0,1.0,1.0,15.8359375,160.703125,106.140625,74.73046875,417.80078125,313.5546875,0.0,0.0,0.7109375,34.13909149169922
none,2,714,1.0,0.0,1.0,1.0,1.0,1.0,15.97265625,159.80859375,108.44921875,75.0390625,414.53125,322.19921875,0.0,0.0,0.68359375,34.04317855834961
none,2,715,1.0,0.0,1.0,1.0,1.0,1.0,16.171875,161.62890625,108.2734375,77.90625,419.83203125,321.65625,0.0,0.0,0.640625,34.57212829589844
none,2,716,1.0,0.0,1.0,1.0,1.0,1.0,16.375,162.05859375,105.69140625,78.05859375,421.703125,316.08203125,0.0,0.0,0.73828125,34.30812454223633
none,2,717,1.0,0.0,1.0,1.0,1.0,1.0,16.10546875,161.4375,108.7578125,76.6640625,419.91796875,325.10546875,0.0,0.0,0.640625,34.325233459472656
none,2,718,1.0,0.0,1.0,1.0,1.0,1.0,16.921875,161.48828125,105.87109375,78.91796875,419.3203125,314.1875,0.0,0.0,0.73046875,34.196327209472656
none,2,719,1.0,0.0,1.0,1.0,1.0,1.0,16.56640625,162.0390625,106.6171875,77.56640625,421.1640625,317.3125,0.0,0.0,0.66015625,34.45052719116211
none,2,720,1.0,0.0,1.0,1.0,1.0,1.0,16.58984375,161.89453125,105.36328125,76.8203125,420.58984375,313.83984375,0.0,0.0,0.6640625,34.280941009521484
none,2,721,1.0,0.0,1.0,1.0,1.0,1.0,16.296875,163.05859375,107.14453125,77.015625,420.56640625,316.58203125,0.0,0.0,0.66015625,34.51274490356445
none,2,722,1.0,0.0,1.0,1.0,1.0,1.0,16.328125,162.99609375,108.15234375,76.27734375,420.640625,319.484375,0.0,0.0,0.609375,34.624351501464844
none,2,723,1.0,0.0,1.0,1.0,1.0,1.0,15.5625,161.83203125,108.3671875,74.6171875,418.0625,318.640625,0.0,0.0,0.6640625,34.4646110534668
none,2,724,1.0,0.0,1.0,1.0,1.0,1.0,16.3203125,160.65625,110.44140625,75.5859375,412.96484375,324.11328125,0.0,0.0,0.5546875,34.438392639160156
none,2,725,1.0,0.0,1.0,1.0,1.0,1.0,16.55859375,162.578125,108.12109375,76.41015625,418.3515625,317.48046875,0.0,0.0,0.6015625,34.57651901245117
none,2,726,1.0,0.0,1.0,1.0,1.0,1.0,16.15625,161.8125,107.4140625,75.33984375,418.1171875,316.96875,0.0,0.0,0.57421875,34.36613082885742
none,2,727,1.0,0.0,1.0,1.0,1.0,1.0,16.18359375,162.27734375,106.42578125,75.171875,418.35546875,313.99609375,0.0,0.0,0.7109375,34.48676300048828
none,2,728,1.0,0.0,1.0,1.0,1.0,1.0,16.78515625,162.30078125,109.59375,77.5,417.87109375,322.38671875,0.0,0.0,0.640625,34.74714279174805
none,2,729,1.0,0.0,1.0,1.0,1.0,1.0,16.4921875,161.7421875,109.2890625,76.84765625,416.7109375,321.47265625,0.0,0.0,0.6171875,34.631900787353516
none,2,730,1.0,0.0,1.0,1.0,1.0,1.0,15.79296875,161.76171875,108.87109375,76.34765625,417.46875,320.77734375,0.0,0.0,0.66796875,34.53242492675781
none,2,731,1.0,0.0,1.0,1.0,1.0,1.0,16.28125,162.13671875,108.1796875,78.03125,418.6953125,317.7265625,0.0,0.0,0.640625,34.45661544799805
none,2,732,1.0,0.0,1.0,1.0,1.0,1.0,15.7265625,163.94140625,108.98828125,74.9609375,421.62109375,322.83984375,0.0,0.0,0.65234375,34.98366928100586
none,2,733,1.0,0.0,1.0,1.0,1.0,1.0,15.4375,163.328125,108.734375,73.8203125,418.44921875,322.42578125,0.0,0.0,0.65625,34.90499496459961
none,2,734,1.0,0.0,1.0,1.0,1.0,1.0,15.83203125,163.2109375,108.19921875,75.890625,420.890625,319.61328125,0.0,0.0,0.51953125,34.61529541015625
none,2,735,1.0,0.0,1.0,1.0,1.0,1.0,15.1015625,162.96484375,108.4765625,74.12109375,418.578125,319.96875,0.0,0.0,0.69140625,34.9699821472168
none,2,736,1.0,0.0,1.0,1.0,1.0,1.0,14.859375,163.359375,108.30859375,72.34375,420.44921875,318.82421875,0.0,0.0,0.609375,35.100120544433594
none,2,737,1.0,0.0,1.0,1.0,1.0,1.0,15.53125,163.52734375,106.37890625,74.11328125,420.29296875,314.0390625,0.0,0.0,0.609375,34.90699768066406
none,2,738,1.0,0.0,1.0,1.0,1.0,1.0,15.13671875,163.1484375,110.19140625,72.86328125,420.5703125,324.27734375,0.0,0.0,0.625,34.9771728515625
none,2,739,1.0,0.0,1.0,1.0,1.0,1.0,16.01171875,162.89453125,108.05859375,75.94140625,417.66015625,320.97265625,0.0,0.0,0.69140625,34.763179779052734
none,2,740,1.0,0.0,1.0,1.0,1.0,1.0,15.6171875,163.37890625,109.3203125,75.859375,418.13671875,323.3125,0.0,0.0,0.6328125,35.094783782958984
none,2,741,1.0,0.0,1.0,1.0,1.0,1.0,15.2421875,163.0390625,110.70703125,73.1171875,417.54296875,327.6796875,0.0,0.0,0.6640625,35.1898307800293
none,2,742,1.0,0.0,1.0,1.0,1.0,1.0,16.796875,163.34765625,110.58203125,79.66015625,418.8984375,326.3359375,0.0,0.0,0.640625,34.93756103515625
none,2,743,1.0,0.0,1.0,1.0,1.0,1.0,16.1015625,162.3515625,110.27734375,77.21875,417.7265625,325.453125,0.0,0.0,0.5859375,34.950477600097656
none,2,744,1.0,0.0,1.0,1.0,1.0,1.0,16.01171875,162.55859375,111.15234375,77.296875,418.82421875,327.453125,0.0,0.0,0.65234375,34.90022277832031
none,2,745,1.0,0.0,1.0,1.0,1.0,1.0,15.36328125,163.67578125,110.6953125,73.7109375,419.1484375,322.70703125,0.0,0.0,0.57421875,35.33171081542969
none,2,746,1.0,0.0,1.0,1.0,1.0,1.0,14.75390625,164.69140625,110.88671875,72.4921875,423.046875,323.96875,0.0,0.0,0.60546875,35.47270202636719
none,2,747,1.0,0.0,1.0,1.0,1.0,1.0,15.0078125,163.55859375,110.671875,73.046875,419.40234375,323.9921875,0.0,0.0,0.54296875,35.17869567871094
none,2,748,1.0,0.0,1.0,1.0,1.0,1.0,15.37109375,163.83984375,109.375,74.7890625,419.578125,320.140625,0.0,0.0,0.60546875,35.22380447387695
none,2,749,1.0,0.0,1.0,1.0,1.0,1.0,14.68359375,164.57421875,110.4921875,71.921875,422.52734375,324.56640625,0.0,0.0,0.609375,35.634456634521484
none,2,750,1.0,0.0,1.0,1.0,1.0,1.0,15.28125,163.87109375,110.515625,73.57421875,420.57421875,324.65625,0.0,0.0,0.55078125,35.18622589111328
none,2,751,1.0,0.0,1.0,1.0,1.0,1.0,15.75390625,162.41015625,110.296875,75.12890625,418.63671875,325.16796875,0.0,0.0,0.61328125,34.87077713012695
none,2,752,1.0,0.0,1.0,1.0,1.0,1.0,15.6171875,164.91796875,109.078125,74.828125,424.15234375,319.62890625,0.0,0.0,0.53125,35.3663444519043
none,2,753,1.0,0.0,1.0,1.0,1.0,1.0,15.828125,162.8515625,110.5703125,76.79296875,417.203125,326.2109375,0.0,0.0,0.57421875,35.017574310302734
none,2,754,1.0,0.0,1.0,1.0,1.0,1.0,15.86328125,163.73046875,111.12890625,78.6484375,419.50390625,327.21484375,0.0,0.0,0.58203125,35.04909896850586
none,2,755,1.0,0.0,1.0,1.0,1.0,1.0,15.98828125,164.07421875,109.93359375,76.671875,418.4921875,324.16796875,0.0,0.0,0.55859375,35.13076400756836
none,2,756,1.0,0.0,1.0,1.0,1.0,1.0,15.68359375,164.12890625,110.64453125,76.36328125,420.3046875,326.3046875,0.0,0.0,0.49609375,35.11960983276367
none,2,757,1.0,0.0,1.0,1.0,1.0,1.0,15.3046875,164.01171875,110.77734375,74.21875,419.0859375,324.40625,0.0,0.0,0.58984375,35.21377944946289
none,2,758,1.0,0.0,1.0,1.0,1.0,1.0,14.953125,164.70703125,111.0859375,74.015625,420.2265625,326.70703125,0.0,0.0,0.5703125,35.73432159423828
none,2,759,1.0,0.0,1.0,1.0,1.0,1.0,14.3359375,165.8203125,110.7734375,70.9375,424.5625,324.90234375,0.0,0.0,0.60546875,35.95290756225586
none,2,760,1.0,0.0,1.0,1.0,1.0,1.0,15.5078125,165.5390625,107.99609375,75.74609375,424.19921875,315.546875,0.0,0.0,0.5703125,35.56252670288086
none,2,761,1.0,0.0,1.0,1.0,1.0,1.0,14.83203125,165.09765625,110.09765625,73.765625,423.17578125,323.55859375,0.0,0.0,0.5703125,35.712589263916016
none,2,762,1.0,0.0,1.0,1.0,1.0,1.0,15.36328125,164.94140625,111.5546875,76.19140625,423.0234375,326.4375,0.0,0.0,0.59375,35.815818786621094
none,2,763,1.0,0.0,1.0,1.0,1.0,1.0,15.26171875,165.34375,111.09375,73.20703125,423.50390625,324.60546875,0.0,0.0,0.625,35.695068359375
none,2,764,1.0,0.0,1.0,1.0,1.0,1.0,16.1015625,164.421875,110.05859375,77.328125,422.2109375,324.47265625,0.0,0.0,0.55859375,35.43305206298828
none,2,765,1.0,0.0,1.0,1.0,1.0,1.0,15.609375,165.19921875,112.078125,75.95703125,421.0078125,328.61328125,0.0,0.0,0.57421875,35.72175216674805
none,2,766,1.0,0.0,1.0,1.0,1.0,1.0,15.03125,164.8828125,110.6796875,74.859375,424.00390625,322.125,0.0,0.0,0.6484375,35.668296813964844
none,2,767,1.0,0.0,1.0,1.0,1.0,1.0,15.609375,164.38671875,112.30859375,76.5,419.58203125,326.62890625,0.0,0.0,0.55078125,35.69187927246094
none,2,768,1.0,0.0,1.0,1.0,1.0,1.0,15.015625,164.28515625,112.04296875,72.671875,418.390625,324.90234375,0.0,0.0,0.6640625,35.543434143066406
none,2,769,1.0,0.0,1.0,1.0,1.0,1.0,14.0078125,165.625,112.87890625,69.56640625,419.359375,329.14453125,0.0,0.0,0.5625,35.93647766113281
none,2,770,1.0,0.0,1.0,1.0,1.0,1.0,14.52734375,166.20703125,112.66015625,71.38671875,421.765625,326.6796875,0.0,0.0,0.5390625,36.198570251464844
none,2,771,1.0,0.0,1.0,1.0,1.0,1.0,15.33984375,165.87890625,112.265625,73.875,420.02734375,325.3828125,0.0,0.0,0.62109375,35.86840057373047
none,2,772,1.0,0.0,1.0,1.0,1.0,1.0,15.0859375,165.5,111.765625,74.484375,418.37890625,324.75,0.0,0.0,0.5234375,35.96080017089844
none,2,773,1.0,0.0,1.0,1.0,1.0,1.0,14.9609375,166.1171875,111.0078125,74.79296875,420.76953125,321.8046875,0.0,0.0,0.56640625,35.976646423339844
none,2,774,1.0,0.0,1.0,1.0,1.0,1.0,14.98046875,165.49609375,113.2109375,73.89453125,418.05859375,330.234375,0.0,0.0,0.5625,35.808982849121094
none,2,775,1.0,0.0,1.0,1.0,1.0,1.0,15.42578125,165.8125,112.51953125,77.55078125,419.58984375,326.7265625,0.0,0.0,0.55078125,35.98158264160156
none,2,776,1.0,0.0,1.0,1.0,1.0,1.0,15.3984375,166.27734375,112.75390625,75.92578125,420.546875,326.72265625,0.0,0.0,0.5859375,36.13651657104492
none,2,777,1.0,0.0,1.0,1.0,1.0,1.0,15.11328125,165.44140625,112.72265625,75.52734375,418.5078125,328.73828125,0.0,0.0,0.47265625,36.002769470214844
none,2,778,1.0,0.0,1.0,1.0,1.0,1.0,15.765625,165.36328125,114.12109375,75.81640625,421.03125,331.46875,0.0,0.0,0.578125,35.909141540527344
none,2,779,1.0,0.0,1.0,1.0,1.0,1.0,15.0625,164.921875,112.3828125,74.73046875,418.23828125,328.8125,0.0,0.0,0.62109375,35.7220458984375
none,2,780,1.0,0.0,1.0,1.0,1.0,1.0,15.23046875,165.828125,113.7265625,75.40234375,419.625,327.23828125,0.0,0.0,0.49609375,36.04426193237305
none,2,781,1.0,0.0,1.0,1.0,1.0,1.0,15.30078125,165.81640625,112.2265625,74.56640625,421.8671875,325.49609375,0.0,0.0,0.5390625,35.99445343017578
none,2,782,1.0,0.0,1.0,1.0,1.0,1.0,14.55859375,166.53515625,113.6875,73.2890625,422.98828125,327.140625,0.0,0.0,0.55859375,36.408111572265625
none,2,783,1.0,0.0,1.0,1.0,1.0,1.0,14.63671875,166.5390625,113.27734375,71.90625,423.08984375,326.8984375,0.0,0.0,0.5078125,36.107460021972656
none,2,784,1.0,0.0,1.0,1.0,1.0,1.0,14.8203125,166.671875,111.8046875,73.71484375,423.19921875,320.33984375,0.0,0.0,0.48046875,36.16842269897461
none,2,785,1.0,0.0,1.0,1.0,1.0,1.0,14.828125,167.6328125,112.03125,73.640625,423.78515625,322.12890625,0.0,0.0,0.5078125,36.49162292480469
none,2,786,1.0,0.0,1.0,1.0,1.0,1.0,14.8828125,166.28125,110.82421875,73.1875,421.8359375,320.31640625,0.0,0.0,0.59765625,35.92027282714844
none,2,787,1.0,0.0,1.0,1.0,1.0,1.0,14.30859375,166.72265625,112.34765625,71.28125,421.81640625,322.9296875,0.0,0.0,0.50390625,36.25332260131836
none,2,788,1.0,0.0,1.0,1.0,1.0,1.0,14.6875,167.40234375,112.58984375,73.80859375,422.609375,323.81640625,0.0,0.0,0.55859375,36.49559783935547
none,2,789,1.0,0.0,1.0,1.0,1.0,1.0,15.1796875,167.2109375,112.5078125,75.3984375,422.8984375,322.25,0.0,0.0,0.4765625,36.388145446777344
none,2,790,1.0,0.0,1.0,1.0,1.0,1.0,14.84765625,167.92578125,110.80859375,74.41015625,424.4921875,317.58984375,0.0,0.0,0.54296875,36.47966766357422
none,2,791,1.0,0.0,1.0,1.0,1.0,1.0,15.1875,166.921875,113.6640625,74.29296875,421.49609375,324.828125,0.0,0.0,0.50390625,36.25032043457031
none,2,792,1.0,0.0,1.0,1.0,1.0,1.0,14.80078125,166.3359375,114.47265625,74.31640625,421.2578125,326.6796875,0.0,0.0,0.5703125,36.24413299560547
none,2,793,1.0,0.0,1.0,1.0,1.0,1.0,14.26171875,167.57421875,113.20703125,72.1171875,423.93359375,326.05078125,0.0,0.0,0.5703125,36.57823181152344
none,2,794,1.0,0.0,1.0,1.0,1.0,1.0,14.6796875,167.82421875,111.953125,72.58203125,425.28125,321.47265625,0.0,0.0,0.5,36.3974723815918
none,2,795,1.0,0.0,1.0,1.0,1.0,1.0,14.828125,167.046875,112.59765625,74.84375,424.15234375,324.234375,0.0,0.0,0.48046875,36.351768493652344
none,2,796,1.0,0.0,1.0,1.0,1.0,1.0,15.203125,166.24609375,114.2890625,74.18359375,419.79296875,329.89453125,0.0,0.0,0.484375,36.21809005737305
none,2,797,1.0,0.0,1.0,1.0,1.0,1.0,14.4921875,166.76171875,114.74609375,73.1875,421.08984375,331.3046875,0.0,0.0,0.51171875,36.516265869140625
none,2,798,1.0,0.0,1.0,1.0,1.0,1.0,15.06640625,166.96875,114.81640625,75.2421875,420.98046875,331.11328125,0.0,0.0,0.48828125,36.43218994140625
none,2,799,1.0,0.0,1.0,1.0,1.0,1.0,15.16015625,166.80859375,112.40234375,74.58203125,420.09765625,323.7265625,0.0,0.0,0.5078125,36.3106803894043
none,2,800,1.0,0.0,1.0,1.0,1.0,1.0,14.51953125,167.359375,114.015625,72.234375,421.5625,327.44140625,0.0,0.0,0.59375,36.67042922973633
none,2,801,1.0,0.0,1.0,1.0,1.0,1.0,14.88671875,167.8671875,112.91015625,73.08203125,421.30859375,321.72265625,0.0,0.0,0.53515625,36.46323776245117
none,2,802,1.0,0.0,1.0,1.0,1.0,1.0,14.9375,167.23046875,112.14453125,74.49609375,421.6328125,321.09765625,0.0,0.0,0.515625,36.43360137939453
none,2,803,1.0,0.0,1.0,1.0,1.0,1.0,14.96484375,168.390625,114.30078125,73.62109375,424.90625,327.6015625,0.0,0.0,0.61328125,36.9249267578125
none,2,804,1.0,0.0,1.0,1.0,1.0,1.0,15.0625,167.3203125,113.40625,75.76171875,421.25390625,323.57421875,0.0,0.0,0.5390625,36.3613395690918
none,2,805,1.0,0.0,1.0,1.0,1.0,1.0,15.1015625,167.6796875,112.88671875,75.3046875,421.9296875,321.43359375,0.0,0.0,0.53125,36.34809112548828
none,2,806,1.0,0.0,1.0,1.0,1.0,1.0,14.65234375,167.62890625,112.4296875,74.61328125,421.04296875,318.98828125,0.0,0.0,0.61328125,36.59299850463867
none,2,807,1.0,0.0,1.0,1.0,1.0,1.0,15.09765625,168.109375,114.796875,74.71875,421.51953125,326.06640625,0.0,0.0,0.61328125,36.666542053222656
none,2,808,1.0,0.0,1.0,1.0,1.0,1.0,14.23046875,168.0546875,115.22265625,73.21484375,420.44140625,328.57421875,0.0,0.0,0.56640625,36.932891845703125
none,2,809,1.0,0.0,1.0,1.0,1.0,1.0,13.82421875,168.203125,113.8984375,70.98828125,423.29296875,324.83203125,0.0,0.0,0.51171875,36.82381820678711
none,2,810,1.0,0.0,1.0,1.0,1.0,1.0,15.0390625,168.3828125,113.171875,73.671875,424.4296875,323.73828125,0.0,0.0,0.54296875,36.81183624267578
none,2,811,1.0,0.0,1.0,1.0,1.0,1.0,14.69921875,167.24609375,113.77734375,75.29296875,419.875,325.5546875,0.0,0.0,0.53125,36.463706970214844
none,2,812,1.0,0.0,1.0,1.0,1.0,1.0,13.98828125,168.76953125,112.68359375,72.37109375,425.16015625,324.73828125,0.0,0.0,0.50390625,36.9605827331543
none,2,813,1.0,0.0,1.0,1.0,1.0,1.0,14.8671875,169.078125,113.48046875,75.78515625,425.6171875,326.05078125,0.0,0.0,0.5234375,36.9222412109375
none,2,814,1.0,0.0,1.0,1.0,1.0,1.0,14.63671875,167.2421875,115.3203125,74.515625,418.734375,329.99609375,0.0,0.0,0.54296875,36.56126022338867
none,2,815,1.0,0.0,1.0,1.0,1.0,1.0,14.97265625,167.87890625,116.40625,76.359375,420.13671875,332.3359375,0.0,0.0,0.515625,36.931114196777344
none,2,816,1.0,0.0,1.0,1.0,1.0,1.0,14.84375,168.93359375,113.69140625,75.6171875,421.96875,324.3359375,0.0,0.0,0.46875,37.134342193603516
none,2,817,1.0,0.0,1.0,1.0,1.0,1.0,15.2109375,167.953125,114.71875,77.48046875,418.73046875,325.921875,0.0,0.0,0.5546875,36.94477081298828
none,2,818,1.0,0.0,1.0,1.0,1.0,1.0,14.765625,168.4140625,114.1875,73.33984375,419.953125,321.73046875,0.0,0.0,0.4921875,36.97809600830078
none,2,819,1.0,0.0,1.0,1.0,1.0,1.0,14.65234375,169.78515625,112.62109375,73.01953125,423.0859375,319.86328125,0.0,0.0,0.57421875,37.25603485107422
none,2,820,1.0,0.0,1.0,1.0,1.0,1.0,13.875,169.85546875,112.9375,71.96484375,424.35546875,318.40625,0.0,0.0,0.56640625,37.238616943359375
none,2,821,1.0,0.0,1.0,1.0,1.0,1.0,14.07421875,167.1171875,115.4765625,71.64453125,415.77734375,324.8125,0.0,0.0,0.5703125,36.96556091308594
none,2,822,1.0,0.0,1.0,1.0,1.0,1.0,14.8515625,169.0390625,114.02734375,73.2578125,422.15234375,322.66015625,0.0,0.0,0.53125,37.16006088256836
none,2,823,1.0,0.0,1.0,1.0,1.0,1.0,14.1015625,167.46875,115.55859375,71.48046875,418.24609375,328.3828125,0.0,0.0,0.52734375,36.678680419921875
none,2,824,1.0,0.0,1.0,1.0,1.0,1.0,14.17578125,170.375,112.83203125,72.82421875,426.6640625,318.640625,0.0,0.0,0.46875,37.31942367553711
none,2,825,1.0,0.0,1.0,1.0,1.0,1.0,14.2578125,170.41796875,114.609375,74.16796875,425.87109375,327.40234375,0.0,0.0,0.51171875,37.37242126464844
none,2,826,1.0,0.0,1.0,1.0,1.0,1.0,14.72265625,170.58203125,112.56640625,76.0703125,427.5625,319.6640625,0.0,0.0,0.59375,37.347679138183594
none,2,827,1.0,0.0,1.0,1.0,1.0,1.0,15.23828125,169.8984375,113.94921875,78.06640625,424.578125,325.10546875,0.0,0.0,0.58984375,37.251502990722656
none,2,828,1.0,0.0,1.0,1.0,1.0,1.0,14.7890625,168.03125,116.1484375,74.71484375,420.109375,333.765625,0.0,0.0,0.51171875,36.96832275390625
none,2,829,1.0,0.0,1.0,1.0,1.0,1.0,15.01953125,168.953125,114.25,76.99609375,424.265625,327.38671875,0.0,0.0,0.578125,37.17973709106445
none,2,830,1.0,0.0,1.0,1.0,1.0,1.0,14.796875,169.8671875,114.88671875,75.59765625,426.22265625,325.45703125,0.0,0.0,0.65625,37.41168212890625
none,2,831,1.0,0.0,1.0,1.0,1.0,1.0,14.171875,169.52734375,114.53515625,72.53515625,424.296875,324.4609375,0.0,0.0,0.61328125,37.31902313232422
none,2,832,1.0,0.0,1.0,1.0,1.0,1.0,14.40234375,168.66015625,114.28515625,73.92578125,421.8125,322.71484375,0.0,0.0,0.50390625,37.132354736328125
none,2,833,1.0,0.0,1.0,1.0,1.0,1.0,14.41015625,169.125,114.81640625,74.75,423.6953125,323.59375,0.0,0.0,0.58203125,37.14472198486328
none,2,834,1.0,0.0,1.0,1.0,1.0,1.0,14.01171875,170.21875,116.55859375,71.9453125,423.66796875,328.953125,0.0,0.0,0.5,37.534454345703125
none,2,835,1.0,0.0,1.0,1.0,1.0,1.0,14.2734375,170.69921875,114.7734375,74.54296875,425.2578125,323.53125,0.0,0.0,0.484375,37.57118225097656
none,2,836,1.0,0.0,1.0,1.0,1.0,1.0,13.9375,168.43359375,115.73828125,73.22265625,418.984375,324.87109375,0.0,0.0,0.56640625,37.12120056152344
none,2,837,1.0,0.0,1.0,1.0,1.0,1.0,13.53125,169.953125,115.29296875,70.77734375,421.03515625,322.6796875,0.0,0.0,0.5078125,37.58355712890625
none,2,838,1.0,0.0,1.0,1.0,1.0,1.0,14.04296875,170.0703125,113.8671875,73.23046875,422.40234375,319.73046875,0.0,0.0,0.55859375,37.369140625
none,2,839,1.0,0.0,1.0,1.0,1.0,1.0,14.2578125,168.67578125,115.99609375,74.55078125,418.578125,327.9453125,0.0,0.0,0.4921875,37.16789245605469
none,2,840,1.0,0.0,1.0,1.0,1.0,1.0,14.921875,169.59765625,116.16796875,76.8046875,418.421875,329.44140625,0.0,0.0,0.55078125,37.25468063354492
none,2,841,1.0,0.0,1.0,1.0,1.0,1.0,15.12109375,169.23046875,115.84765625,77.01953125,419.15234375,326.3984375,0.0,0.0,0.5390625,37.32563018798828
none,2,842,1.0,0.0,1.0,1.0,1.0,1.0,14.0546875,169.89453125,116.62890625,74.08203125,422.453125,328.59375,0.0,0.0,0.49609375,37.59181213378906
none,2,843,1.0,0.0,1.0,1.0,1.0,1.0,14.359375,169.8515625,116.28515625,73.84765625,422.5546875,328.58203125,0.0,0.0,0.53125,37.35418701171875
none,2,844,1.0,0.0,1.0,1.0,1.0,1.0,13.3828125,169.5,116.7578125,70.88671875,421.65234375,328.9296875,0.0,0.0,0.48046875,37.49506759643555
none,2,845,1.0,0.0,1.0,1.0,1.0,1.0,13.796875,170.59375,116.1796875,72.94921875,423.11328125,326.79296875,0.0,0.0,0.50390625,37.597652435302734
none,2,846,1.0,0.0,1.0,1.0,1.0,1.0,13.6171875,170.25,117.6328125,72.03515625,419.55078125,329.34375,0.0,0.0,0.5625,37.79559326171875
none,2,847,1.0,0.0,1.0,1.0,1.0,1.0,13.86328125,169.77734375,118.26171875,72.515625,418.5859375,332.30078125,0.0,0.0,0.5390625,37.72284698486328
none,2,848,1.0,0.0,1.0,1.0,1.0,1.0,14.03125,171.4296875,118.390625,71.87890625,423.1953125,330.3515625,0.0,0.0,0.5,38.0902214050293
none,2,849,1.0,0.0,1.0,1.0,1.0,1.0,13.453125,172.18359375,115.83984375,70.3984375,425.328125,323.38671875,0.0,0.0,0.515625,38.16717529296875
none,2,850,1.0,0.0,1.0,1.0,1.0,1.0,13.23828125,170.55078125,118.31640625,70.7890625,423.7734375,331.12890625,0.0,0.0,0.59765625,38.00809860229492
none,2,851,1.0,0.0,1.0,1.0,1.0,1.0,13.03515625,171.671875,117.91796875,69.91796875,425.0546875,330.96875,0.0,0.0,0.51171875,38.302146911621094
none,2,852,1.0,0.0,1.0,1.0,1.0,1.0,13.9453125,169.79296875,117.5234375,72.33984375,420.80859375,330.42578125,0.0,0.0,0.4921875,37.7239990234375
none,2,853,1.0,0.0,1.0,1.0,1.0,1.0,13.359375,170.97265625,118.6953125,71.46484375,423.48828125,332.3125,0.0,0.0,0.46484375,38.17753601074219
none,2,854,1.0,0.0,1.0,1.0,1.0,1.0,13.8203125,171.25,118.8984375,72.5390625,423.375,332.92578125,0.0,0.0,0.51953125,38.370018005371094
none,2,855,1.0,0.0,1.0,1.0,1.0,1.0,13.703125,170.77734375,117.5390625,73.1640625,421.7890625,327.28125,0.0,0.0,0.55859375,37.88855743408203
none,2,856,1.0,0.0,1.0,1.0,1.0,1.0,14.4140625,170.91015625,117.85546875,74.67578125,422.359375,327.78125,0.0,0.0,0.53125,38.05491638183594
none,2,857,1.0,0.0,1.0,1.0,1.0,1.0,13.91015625,170.0234375,117.07421875,71.078125,420.89453125,327.234375,0.0,0.0,0.56640625,37.57811737060547
none,2,858,1.0,0.0,1.0,1.0,1.0,1.0,14.3515625,171.53515625,116.3046875,74.890625,426.7109375,326.203125,0.0,0.0,0.4765625,38.01082992553711
none,2,859,1.0,0.0,1.0,1.0,1.0,1.0,14.3515625,170.890625,116.09765625,74.625,423.88671875,326.05078125,0.0,0.0,0.50390625,37.79368209838867
none,2,860,1.0,0.0,1.0,1.0,1.0,1.0,13.93359375,171.9921875,117.31640625,73.55859375,425.3046875,328.46875,0.0,0.0,0.609375,38.03076934814453
none,2,861,1.0,0.0,1.0,1.0,1.0,1.0,13.32421875,172.31640625,116.90625,71.72265625,426.1328125,325.56640625,0.0,0.0,0.625,38.40692138671875
none,2,862,1.0,0.0,1.0,1.0,1.0,1.0,13.96875,171.85546875,117.27734375,74.7421875,424.95703125,327.51171875,0.0,0.0,0.3984375,38.305442810058594
none,2,863,1.0,0.0,1.0,1.0,1.0,1.0,13.99609375,172.0390625,118.6484375,73.734375,426.53125,329.8828125,0.0,0.0,0.53515625,38.23809051513672
none,2,864,1.0,0.0,1.0,1.0,1.0,1.0,13.72265625,172.3125,119.79296875,72.35546875,425.0546875,332.234375,0.0,0.0,0.515625,38.39698791503906
none,2,865,1.0,0.0,1.0,1.0,1.0,1.0,13.671875,171.703125,119.54296875,72.65234375,421.03515625,331.0078125,0.0,0.0,0.453125,38.50215148925781
none,2,866,1.0,0.0,1.0,1.0,1.0,1.0,13.91015625,171.71875,118.5625,73.515625,422.7421875,328.46875,0.0,0.0,0.50390625,38.2569580078125
none,2,867,1.0,0.0,1.0,1.0,1.0,1.0,13.55859375,171.484375,119.76953125,71.26953125,422.609375,332.31640625,0.0,0.0,0.4765625,38.17584228515625
none,2,868,1.0,0.0,1.0,1.0,1.0,1.0,13.25,171.87890625,116.68359375,71.4609375,424.73828125,322.20703125,0.0,0.0,0.46875,38.32670974731445
none,2,869,1.0,0.0,1.0,1.0,1.0,1.0,13.17578125,172.15625,115.98046875,71.37109375,425.65625,323.5078125,0.0,0.0,0.453125,38.17664337158203
none,2,870,1.0,0.0,1.0,1.0,1.0,1.0,13.52734375,172.3046875,117.734375,72.94921875,423.953125,328.11328125,0.0,0.0,0.625,38.328792572021484
none,2,871,1.0,0.0,1.0,1.0,1.0,1.0,13.43359375,172.28125,119.125,72.96875,423.35546875,331.5078125,0.0,0.0,0.51171875,38.50890350341797
none,2,872,1.0,0.0,1.0,1.0,1.0,1.0,12.7109375,173.33984375,117.140625,70.0390625,426.7890625,323.7890625,0.0,0.0,0.51953125,38.73970031738281
none,2,873,1.0,0.0,1.0,1.0,1.0,1.0,13.46875,172.92578125,118.27734375,71.83984375,424.90625,327.06640625,0.0,0.0,0.46484375,38.55289077758789
none,2,874,1.0,0.0,1.0,1.0,1.0,1.0,13.2109375,171.83203125,121.3125,70.8203125,421.74609375,336.05859375,0.0,0.0,0.48046875,38.644981384277344
none,2,875,1.0,0.0,1.0,1.0,1.0,1.0,13.703125,172.9375,118.87109375,73.61328125,424.38671875,328.62890625,0.0,0.0,0.54296875,38.835052490234375
none,2,876,1.0,0.0,1.0,1.0,1.0,1.0,13.55859375,172.14453125,119.69921875,72.25390625,422.85546875,329.99609375,0.0,0.0,0.5078125,38.73255920410156
none,2,877,1.0,0.0,1.0,1.0,1.0,1.0,13.5859375,173.02734375,119.04296875,73.90234375,421.77734375,328.4296875,0.0,0.0,0.5625,38.73814392089844
none,2,878,1.0,0.0,1.0,1.0,1.0,1.0,14.4921875,171.9453125,119.74609375,76.03125,420.15625,329.359375,0.0,0.0,0.4921875,38.337486267089844
none,2,879,1.0,0.0,1.0,1.0,1.0,1.0,13.58984375,172.2890625,118.56640625,72.86328125,419.2890625,325.453125,0.0,0.0,0.46484375,38.5269660949707
none,2,880,1.0,0.0,1.0,1.0,1.0,1.0,13.1875,173.90234375,119.828125,70.5390625,425.11328125,329.22265625,0.0,0.0,0.5078125,38.92909240722656
none,2,881,1.0,0.0,1.0,1.0,1.0,1.0,13.2265625,173.02734375,120.0078125,70.20703125,423.265625,327.88671875,0.0,0.0,0.5859375,38.88728332519531
none,2,882,1.0,0.0,1.0,1.0,1.0,1.0,13.83984375,171.76171875,119.61328125,73.0390625,416.87109375,328.46484375,0.0,0.0,0.46875,38.4304084777832
none,2,883,1.0,0.0,1.0,1.0,1.0,1.0,13.28515625,173.4921875,119.546875,71.40625,422.078125,328.41015625,0.0,0.0,0.46484375,39.091976165771484
none,2,884,1.0,0.0,1.0,1.0,1.0,1.0,13.69921875,173.66796875,120.51953125,72.75,422.51171875,330.63671875,0.0,0.0,0.49609375,38.940162658691406
none,2,885,1.0,0.0,1.0,1.0,1.0,1.0,13.2421875,172.93359375,119.47265625,71.58984375,421.37890625,329.890625,0.0,0.0,0.51171875,38.39551544189453
none,2,886,1.0,0.0,1.0,1.0,1.0,1.0,13.15234375,172.953125,118.90234375,71.125,422.8515625,326.62890625,0.0,0.0,0.5078125,38.97410202026367
none,2,887,1.0,0.0,1.0,1.0,1.0,1.0,12.62109375,173.08984375,119.29296875,68.6640625,424.03515625,327.48046875,0.0,0.0,0.45703125,38.8474235534668
none,2,888,1.0,0.0,1.0,1.0,1.0,1.0,13.41015625,172.30859375,118.96875,74.66015625,422.90625,328.65234375,0.0,0.0,0.453125,38.72846221923828
none,2,889,1.0,0.0,1.0,1.0,1.0,1.0,13.5625,172.07421875,120.50390625,74.05859375,422.62890625,333.140625,0.0,0.0,0.4921875,38.9124755859375
none,2,890,1.0,0.0,1.0,1.0,1.0,1.0,13.203125,173.14453125,120.11328125,73.11328125,423.7890625,334.23828125,0.0,0.0,0.43359375,38.84121322631836
none,2,891,1.0,0.0,1.0,1.0,1.0,1.0,13.11328125,174.625,120.07421875,73.4296875,426.9296875,331.9921875,0.0,0.0,0.4140625,39.22154235839844
none,2,892,1.0,0.0,1.0,1.0,1.0,1.0,13.03125,174.1171875,120.234375,70.96875,425.97265625,332.61328125,0.0,0.0,0.51171875,39.190338134765625
none,2,893,1.0,0.0,1.0,1.0,1.0,1.0,13.25,173.71875,119.11328125,73.5078125,424.25,329.49609375,0.0,0.0,0.51953125,39.08369445800781
none,2,894,1.0,0.0,1.0,1.0,1.0,1.0,13.484375,175.11328125,120.26171875,73.74609375,427.26171875,332.42578125,0.0,0.0,0.45703125,39.43773651123047
none,2,895,1.0,0.0,1.0,1.0,1.0,1.0,13.67578125,173.5078125,119.85546875,74.69140625,424.59765625,330.40625,0.0,0.0,0.52734375,38.99183654785156
none,2,896,1.0,0.0,1.0,1.0,1.0,1.0,13.52734375,174.24609375,120.1796875,72.92578125,424.109375,329.60546875,0.0,0.0,0.46875,39.267845153808594
none,2,897,1.0,0.0,1.0,1.0,1.0,1.0,13.48046875,173.75,121.66796875,71.61328125,422.5859375,334.1875,0.0,0.0,0.47265625,39.124244689941406
none,2,898,1.0,0.0,1.0,1.0,1.0,1.0,13.671875,173.79296875,122.8515625,74.0,421.9140625,335.4375,0.0,0.0,0.4609375,39.174598693847656
none,2,899,1.0,0.0,1.0,1.0,1.0,1.0,13.3828125,173.49609375,121.27734375,71.35546875,421.49609375,330.85546875,0.0,0.0,0.43359375,38.99219512939453
none,2,900,1.0,0.0,1.0,1.0,1.0,1.0,13.08203125,173.5546875,120.28515625,70.36328125,421.9609375,329.91796875,0.0,0.0,0.484375,39.03383255004883
none,2,901,1.0,0.0,1.0,1.0,1.0,1.0,13.11328125,174.52734375,121.26953125,70.8359375,423.44921875,330.98046875,0.0,0.0,0.4921875,39.33707809448242
none,2,902,1.0,0.0,1.0,1.0,1.0,1.0,13.08203125,175.14453125,120.22265625,71.36328125,425.7890625,327.03125,0.0,0.0,0.51953125,39.48107147216797
none,2,903,1.0,0.0,1.0,1.0,1.0,1.0,13.49609375,171.67578125,121.453125,71.859375,418.1484375,332.47265625,0.0,0.0,0.48046875,38.66593551635742
none,2,904,1.0,0.0,1.0,1.0,1.0,1.0,12.953125,175.1015625,121.70703125,72.48046875,425.75390625,333.26171875,0.0,0.0,0.53125,39.65729522705078
none,2,905,1.0,0.0,1.0,1.0,1.0,1.0,13.0625,174.34375,121.40234375,71.578125,423.38671875,332.7578125,0.0,0.0,0.43359375,39.43645477294922
none,2,906,1.0,0.0,1.0,1.0,1.0,1.0,12.61328125,173.66796875,121.3828125,69.69921875,422.078125,333.3125,0.0,0.0,0.37109375,39.38054656982422
none,2,907,1.0,0.0,1.0,1.0,1.0,1.0,13.07421875,175.4453125,119.01171875,71.72265625,427.41015625,324.94921875,0.0,0.0,0.4296875,39.47602081298828
none,2,908,1.0,0.0,1.0,1.0,1.0,1.0,13.16796875,173.6796875,120.0546875,72.3046875,421.05078125,327.28515625,0.0,0.0,0.5078125,39.04016876220703
none,2,909,1.0,0.0,1.0,1.0,1.0,1.0,13.40625,174.19921875,121.10546875,73.1171875,422.3203125,331.07421875,0.0,0.0,0.4765625,39.466758728027344
none,2,910,1.0,0.0,1.0,1.0,1.0,1.0,13.6953125,174.81640625,120.484375,75.77734375,424.65234375,329.25390625,0.0,0.0,0.51171875,39.367645263671875
none,2,911,1.0,0.0,1.0,1.0,1.0,1.0,13.28515625,175.9375,121.2109375,73.84375,425.4609375,331.77734375,0.0,0.0,0.4609375,39.58198165893555
none,2,912,1.0,0.0,1.0,1.0,1.0,1.0,13.3984375,174.77734375,119.15625,73.06640625,424.9375,325.96875,0.0,0.0,0.5625,39.188297271728516
none,2,913,1.0,0.0,1.0,1.0,1.0,1.0,13.60546875,175.82421875,119.578125,74.61328125,427.69140625,326.86328125,0.0,0.0,0.5,39.29167938232422
none,2,914,1.0,0.0,1.0,1.0,1.0,1.0,13.47265625,175.1171875,121.80078125,73.7109375,422.77734375,332.48828125,0.0,0.0,0.4765625,39.32416534423828
none,2,915,1.0,0.0,1.0,1.0,1.0,1.0,13.5625,175.74609375,121.1953125,74.00390625,424.76171875,328.74609375,0.0,0.0,0.44140625,39.55958557128906
none,2,916,1.0,0.0,1.0,1.0,1.0,1.0,12.98828125,175.8125,121.1953125,70.47265625,424.3359375,329.57421875,0.0,0.0,0.4765625,39.66474533081055
none,2,917,1.0,0.0,1.0,1.0,1.0,1.0,13.3515625,174.953125,121.37109375,72.8984375,423.05078125,330.6484375,0.0,0.0,0.51171875,39.5379753112793
none,2,918,1.0,0.0,1.0,1.0,1.0,1.0,12.96484375,175.125,121.33203125,71.45703125,424.13671875,329.41015625,0.0,0.0,0.390625,39.52845001220703
none,2,919,1.0,0.0,1.0,1.0,1.0,1.0,12.96484375,176.17578125,122.55078125,71.7578125,424.90625,332.9921875,0.0,0.0,0.47265625,39.925270080566406
none,2,920,1.0,0.0,1.0,1.0,1.0,1.0,12.88671875,174.42578125,122.69140625,71.58984375,420.359375,332.328125,0.0,0.0,0.46875,39.74559020996094
none,2,921,1.0,0.0,1.0,1.0,1.0,1.0,13.29296875,175.0,123.12890625,72.98828125,422.09375,334.671875,0.0,0.0,0.44921875,39.75439453125
none,2,922,1.0,0.0,1.0,1.0,1.0,1.0,13.89453125,175.73828125,122.4375,75.92578125,423.96484375,333.37109375,0.0,0.0,0.46484375,39.75499725341797
none,2,923,1.0,0.0,1.0,1.0,1.0,1.0,13.921875,175.84765625,122.78515625,75.39453125,424.171875,331.12109375,0.0,0.0,0.4296875,39.73812484741211
none,2,924,1.0,0.0,1.0,1.0,1.0,1.0,13.51171875,175.12109375,123.6640625,75.32421875,421.4765625,335.12109375,0.0,0.0,0.54296875,39.733760833740234
none,2,925,1.0,0.0,1.0,1.0,1.0,1.0,14.078125,174.546875,122.625,76.79296875,421.10546875,333.48828125,0.0,0.0,0.47265625,39.62858581542969
none,2,926,1.0,0.0,1.0,1.0,1.0,1.0,13.19140625,175.8203125,122.98828125,73.76953125,423.61328125,334.03515625,0.0,0.0,0.44921875,39.92377471923828
none,2,927,1.0,0.0,1.0,1.0,1.0,1.0,13.328125,174.60546875,122.97265625,74.05859375,421.12890625,333.12109375,0.0,0.0,0.45703125,39.781368255615234
none,2,928,1.0,0.0,1.0,1.0,1.0,1.0,13.98828125,175.6171875,123.68359375,76.296875,421.01953125,334.07421875,0.0,0.0,0.49609375,39.86498260498047
none,2,929,1.0,0.0,1.0,1.0,1.0,1.0,12.6953125,175.94140625,123.5859375,71.52734375,421.84375,333.04296875,0.0,0.0,0.4375,40.11595916748047
none,2,930,1.0,0.0,1.0,1.0,1.0,1.0,13.515625,175.95703125,123.82421875,73.66796875,420.7890625,332.015625,0.0,0.0,0.48828125,39.946346282958984
none,2,931,1.0,0.0,1.0,1.0,1.0,1.0,12.671875,175.625,124.39453125,71.34375,420.19140625,334.8125,0.0,0.0,0.48046875,39.88460922241211
none,2,932,1.0,0.0,1.0,1.0,1.0,1.0,13.15234375,175.37109375,124.7109375,71.97265625,419.8984375,335.25390625,0.0,0.0,0.39453125,39.90934753417969
none,2,933,1.0,0.0,1.0,1.0,1.0,1.0,13.04296875,176.1875,123.83203125,70.7890625,423.17578125,332.890625,0.0,0.0,0.45703125,40.07731628417969
none,2,934,1.0,0.0,1.0,1.0,1.0,1.0,12.546875,177.65625,123.8515625,71.1484375,425.1796875,333.5234375,0.0,0.0,0.42578125,40.51038360595703
none,2,935,1.0,0.0,1.0,1.0,1.0,1.0,12.66015625,177.3046875,124.20703125,69.94140625,424.37109375,334.50390625,0.0,0.0,0.42578125,40.38465881347656
none,2,936,1.0,0.0,1.0,1.0,1.0,1.0,12.76953125,176.76171875,124.15625,70.84765625,423.23046875,333.2890625,0.0,0.0,0.4765625,40.29564666748047
none,2,937,1.0,0.0,1.0,1.0,1.0,1.0,13.3203125,176.00390625,124.80078125,72.3203125,420.5546875,336.265625,0.0,0.0,0.4375,40.150875091552734
none,2,938,1.0,0.0,1.0,1.0,1.0,1.0,12.6640625,174.88671875,123.8984375,70.8828125,419.3125,335.2109375,0.0,0.0,0.44140625,39.66337585449219
none,2,939,1.0,0.0,1.0,1.0,1.0,1.0,12.97265625,176.3125,122.30859375,72.8203125,423.0078125,327.78125,0.0,0.0,0.46484375,40.017539978027344
none,2,940,1.0,0.0,1.0,1.0,1.0,1.0,12.77734375,176.36328125,124.76953125,71.56640625,423.0703125,335.2109375,0.0,0.0,0.34375,40.142738342285156
none,2,941,1.0,0.0,1.0,1.0,1.0,1.0,12.59765625,176.0859375,123.2890625,70.85546875,423.0859375,332.11328125,0.0,0.0,0.4140625,40.08251190185547
none,2,942,1.0,0.0,1.0,1.0,1.0,1.0,13.24609375,177.94921875,123.390625,74.12109375,426.12109375,334.12890625,0.0,0.0,0.48828125,40.31000900268555
none,2,943,1.0,0.0,1.0,1.0,1.0,1.0,13.79296875,175.41796875,125.1171875,75.94140625,418.2734375,336.84765625,0.0,0.0,0.44140625,40.025909423828125
none,2,944,1.0,0.0,1.0,1.0,1.0,1.0,13.328125,176.7421875,124.8671875,74.296875,421.0625,335.5703125,0.0,0.0,0.40625,40.367103576660156
none,2,945,1.0,0.0,1.0,1.0,1.0,1.0,12.87890625,177.45703125,125.25390625,72.5703125,424.1171875,335.24609375,0.0,0.0,0.51953125,40.422237396240234
none,2,946,1.0,0.0,1.0,1.0,1.0,1.0,12.7109375,177.27734375,124.05859375,72.27734375,424.2421875,333.9375,0.0,0.0,0.41015625,40.53496170043945
none,2,947,1.0,0.0,1.0,1.0,1.0,1.0,13.19140625,176.65234375,123.265625,73.38671875,421.6015625,330.39453125,0.0,0.0,0.43359375,40.06810760498047
none,2,948,1.0,0.0,1.0,1.0,1.0,1.0,12.15625,176.91796875,124.81640625,70.23828125,421.3125,335.07421875,0.0,0.0,0.46875,40.43422317504883
none,2,949,1.0,0.0,1.0,1.0,1.0,1.0,12.5625,176.86328125,123.765625,70.05078125,421.60546875,331.7109375,0.0,0.0,0.3984375,40.29780578613281
none,2,950,1.0,0.0,1.0,1.0,1.0,1.0,12.08203125,176.8515625,124.01953125,70.0078125,422.66015625,331.34375,0.0,0.0,0.4921875,40.27972412109375
none,2,951,1.0,0.0,1.0,1.0,1.0,1.0,11.796875,177.3828125,123.9375,69.52734375,423.57421875,332.1015625,0.0,0.0,0.40625,40.31398010253906
none,2,952,1.0,0.0,1.0,1.0,1.0,1.0,12.6328125,177.734375,125.1171875,72.90234375,423.4609375,336.11328125,0.0,0.0,0.44140625,40.56199645996094
none,2,953,1.0,0.0,1.0,1.0,1.0,1.0,12.296875,176.43359375,124.66796875,70.3671875,419.1953125,333.33984375,0.0,0.0,0.453125,40.386756896972656
none,2,954,1.0,0.0,1.0,1.0,1.0,1.0,12.21484375,177.8984375,125.83984375,70.36328125,424.11328125,335.3984375,0.0,0.0,0.4296875,40.78377914428711
none,2,955,1.0,0.0,1.0,1.0,1.0,1.0,11.87109375,177.16015625,125.64453125,68.98828125,422.5703125,336.6015625,0.0,0.0,0.3984375,40.50893783569336
none,2,956,1.0,0.0,1.0,1.0,1.0,1.0,12.2890625,176.7578125,125.3828125,69.32421875,422.421875,335.89453125,0.0,0.0,0.42578125,40.5682373046875
none,2,957,1.0,0.0,1.0,1.0,1.0,1.0,12.78515625,177.18359375,126.7890625,72.875,422.390625,337.9453125,0.0,0.0,0.421875,40.6878547668457
none,2,958,1.0,0.0,1.0,1.0,1.0,1.0,12.640625,178.4921875,125.421875,73.17578125,424.5625,334.5625,0.0,0.0,0.4375,40.927330017089844
none,2,959,1.0,0.0,1.0,1.0,1.0,1.0,11.6640625,177.7734375,128.02734375,69.57421875,421.9609375,341.0859375,0.0,0.0,0.40234375,40.86370086669922
none,2,960,1.0,0.0,1.0,1.0,1.0,1.0,13.0078125,178.21875,125.73046875,72.65625,423.4609375,335.29296875,0.0,0.0,0.39453125,40.63187789916992
none,2,961,1.0,0.0,1.0,1.0,1.0,1.0,12.4140625,177.0390625,127.203125,72.11328125,421.1953125,339.50390625,0.0,0.0,0.48046875,40.619483947753906
none,2,962,1.0,0.0,1.0,1.0,1.0,1.0,13.046875,177.6484375,126.953125,72.69140625,420.83203125,336.5625,0.0,0.0,0.40625,40.684898376464844
none,2,963,1.0,0.0,1.0,1.0,1.0,1.0,13.05859375,178.69140625,125.70703125,72.8203125,423.8828125,333.66796875,0.0,0.0,0.49609375,40.80663299560547
none,2,964,1.0,0.0,1.0,1.0,1.0,1.0,12.47265625,176.93359375,125.375,70.8203125,420.2421875,333.23046875,0.0,0.0,0.38671875,40.57293701171875
none,2,965,1.0,0.0,1.0,1.0,1.0,1.0,12.3125,178.46875,124.65625,70.82421875,423.484375,332.10546875,0.0,0.0,0.41015625,40.92914581298828
none,2,966,1.0,0.0,1.0,1.0,1.0,1.0,12.51171875,178.015625,124.94921875,72.0859375,423.34765625,332.49609375,0.0,0.0,0.39453125,40.81986618041992
none,2,967,1.0,0.0,1.0,1.0,1.0,1.0,12.70703125,177.828125,124.890625,72.71484375,420.58984375,331.125,0.0,0.0,0.3984375,40.70576095581055
none,2,968,1.0,0.0,1.0,1.0,1.0,1.0,12.53515625,179.03125,124.4609375,70.89453125,424.21484375,331.46484375,0.0,0.0,0.41015625,41.01470947265625
none,2,969,1.0,0.0,1.0,1.0,1.0,1.0,12.8515625,177.44140625,125.76171875,72.89453125,420.609375,334.046875,0.0,0.0,0.46484375,40.55638122558594
none,2,970,1.0,0.0,1.0,1.0,1.0,1.0,12.8203125,177.88671875,126.78515625,73.6484375,420.703125,335.9765625,0.0,0.0,0.4296875,40.89250564575195
none,2,971,1.0,0.0,1.0,1.0,1.0,1.0,13.09765625,177.64453125,127.4296875,74.54296875,418.3203125,338.40625,0.0,0.0,0.41796875,40.85319900512695
none,2,972,1.0,0.0,1.0,1.0,1.0,1.0,12.5546875,178.1640625,127.2421875,72.15625,420.87890625,339.39453125,0.0,0.0,0.45703125,41.124324798583984
none,2,973,1.0,0.0,1.0,1.0,1.0,1.0,12.921875,178.2578125,125.57421875,72.12890625,420.9296875,332.703125,0.0,0.0,0.37890625,40.76872253417969
none,2,974,1.0,0.0,1.0,1.0,1.0,1.0,12.796875,178.71484375,125.8671875,72.5546875,422.15625,334.23046875,0.0,0.0,0.375,40.922325134277344
none,2,975,1.0,0.0,1.0,1.0,1.0,1.0,12.3671875,179.16796875,125.9296875,71.58203125,423.44921875,335.546875,0.0,0.0,0.4921875,41.22828674316406
none,2,976,1.0,0.0,1.0,1.0,1.0,1.0,12.65625,178.65234375,124.8671875,71.8671875,423.5234375,332.86328125,0.0,0.0,0.44140625,40.93159484863281
none,2,977,1.0,0.0,1.0,1.0,1.0,1.0,12.44921875,179.1171875,127.05078125,71.6640625,423.70703125,337.203125,0.0,0.0,0.40625,41.182682037353516
none,2,978,1.0,0.0,1.0,1.0,1.0,1.0,12.75390625,177.4921875,127.3515625,72.43359375,419.8359375,339.484375,0.0,0.0,0.4375,40.94501495361328
none,2,979,1.0,0.0,1.0,1.0,1.0,1.0,12.87890625,179.140625,126.8828125,72.90625,423.9609375,337.125,0.0,0.0,0.390625,41.167694091796875
none,2,980,1.0,0.0,1.0,1.0,1.0,1.0,12.28125,178.5703125,127.265625,70.9609375,422.80859375,338.734375,0.0,0.0,0.50390625,41.1959342956543
none,2,981,1.0,0.0,1.0,1.0,1.0,1.0,12.3203125,179.546875,127.84375,71.48046875,424.22265625,337.50390625,0.0,0.0,0.44140625,41.43647766113281
none,2,982,1.0,0.0,1.0,1.0,1.0,1.0,12.203125,178.23828125,126.78125,70.55859375,420.5703125,337.2734375,0.0,0.0,0.56640625,40.964839935302734
none,2,983,1.0,0.0,1.0,1.0,1.0,1.0,11.88671875,178.55078125,127.140625,70.42578125,422.203125,338.55859375,0.0,0.0,0.40625,41.21802520751953
none,2,984,1.0,0.0,1.0,1.0,1.0,1.0,12.58203125,177.6875,126.23046875,71.76171875,420.609375,335.09375,0.0,0.0,0.44921875,40.755699157714844
none,2,985,1.0,0.0,1.0,1.0,1.0,1.0,12.1484375,178.8125,126.609375,70.9375,423.921875,336.41796875,0.0,0.0,0.3671875,41.359840393066406
none,2,986,1.0,0.0,1.0,1.0,1.0,1.0,12.390625,178.1328125,128.0390625,71.94921875,420.97265625,340.625,0.0,0.0,0.3671875,40.953678131103516
none,2,987,1.0,0.0,1.0,1.0,1.0,1.0,12.2734375,178.421875,126.81640625,72.44140625,421.9453125,334.953125,0.0,0.0,0.421875,41.20109939575195
none,2,988,1.0,0.0,1.0,1.0,1.0,1.0,12.21484375,178.19921875,127.28515625,69.85546875,421.546875,337.046875,0.0,0.0,0.38671875,41.187374114990234
none,2,989,1.0,0.0,1.0,1.0,1.0,1.0,12.3203125,177.67578125,126.44921875,71.1328125,419.94921875,336.44921875,0.0,0.0,0.3671875,41.038169860839844
none,2,990,1.0,0.0,1.0,1.0,1.0,1.0,11.81640625,180.01171875,126.4453125,71.25,424.703125,335.21484375,0.0,0.0,0.37890625,41.55326461791992
none,2,991,1.0,0.0,1.0,1.0,1.0,1.0,11.5703125,179.01171875,127.48046875,69.390625,423.91015625,337.45703125,0.0,0.0,0.5390625,41.25910949707031
none,2,992,1.0,0.0,1.0,1.0,1.0,1.0,11.84375,177.3046875,128.16796875,68.78515625,420.53125,339.67578125,0.0,0.0,0.38671875,40.952842712402344
none,2,993,1.0,0.0,1.0,1.0,1.0,1.0,11.63671875,178.66796875,127.76171875,69.296875,421.89453125,340.328125,0.0,0.0,0.41015625,41.30297088623047
none,2,994,1.0,0.0,1.0,1.0,1.0,1.0,11.61328125,178.98828125,127.49609375,70.51953125,422.9765625,336.91015625,0.0,0.0,0.41796875,41.58837890625
none,2,995,1.0,0.0,1.0,1.0,1.0,1.0,12.71875,178.46875,126.4296875,73.03515625,420.79296875,332.5078125,0.0,0.0,0.4921875,40.900672912597656
none,2,996,1.0,0.0,1.0,1.0,1.0,1.0,12.1875,178.88671875,128.00390625,72.28125,422.61328125,339.25,0.0,0.0,0.37890625,41.37327194213867
none,2,997,1.0,0.0,1.0,1.0,1.0,1.0,12.3515625,178.83984375,127.2890625,73.20703125,421.8046875,338.140625,0.0,0.0,0.45703125,41.43961715698242
none,2,998,1.0,0.0,1.0,1.0,1.0,1.0,12.20703125,180.58984375,126.26171875,70.77734375,425.0703125,333.75,0.0,0.0,0.421875,41.57843017578125
none,2,999,1.0,0.0,1.0,1.0,1.0,1.0,12.46484375,178.96484375,127.23828125,72.953125,420.8203125,336.640625,0.0,0.0,0.37109375,41.3753662109375
none,3,0,1.0,0.0,1.0,1.0,1.0,1.0,34.921875,32.390625,32.58203125,275.578125,258.60546875,254.71484375,0.0,0.0,23.6796875,-5.467299461364746
none,3,1,1.0,0.0,1.0,1.0,1.0,1.0,34.93359375,35.08203125,33.171875,272.7109375,265.14453125,251.33984375,0.0,0.0,23.7265625,-4.961861610412598
none,3,2,1.0,0.0,1.0,1.0,1.0,1.0,36.62890625,36.26171875,33.96875,276.875,265.859375,248.328125,0.0,0.0,23.44921875,-4.81391716003418
none,3,3,1.0,0.0,1.0,1.0,1.0,1.0,37.2578125,38.0625,35.2890625,268.03125,269.40234375,242.6484375,0.0,0.0,22.9375,-4.48763370513916
none,3,4,1.0,0.0,1.0,1.0,1.0,1.0,39.1015625,39.8203125,35.81640625,269.3203125,268.00390625,239.203125,0.0,0.0,22.91015625,-4.344409942626953
none,3,5,1.0,0.0,1.0,1.0,1.0,1.0,39.6796875,40.54296875,38.41796875,269.7265625,268.13671875,245.8828125,0.0,0.0,22.19140625,-3.951047420501709
none,3,6,1.0,0.0,1.0,1.0,1.0,1.0,42.31640625,43.0625,38.82421875,273.203125,271.859375,244.72265625,0.0,0.0,21.21875,-3.694883108139038
none,3,7,1.0,0.0,1.0,1.0,1.0,1.0,42.9453125,45.2421875,40.33984375,269.140625,276.78125,240.73046875,0.0,0.0,21.1875,-3.262718677520752
none,3,8,1.0,0.0,1.0,1.0,1.0,1.0,43.51171875,47.58984375,41.53515625,262.484375,279.03125,239.4765625,0.0,0.0,21.08984375,-2.605297565460205
none,3,9,1.0,0.0,1.0,1.0,1.0,1.0,45.6875,47.91015625,42.6171875,266.484375,278.26171875,236.79296875,0.0,0.0,20.55859375,-2.7223994731903076
none,3,10,1.0,0.0,1.0,1.0,1.0,1.0,46.04296875,49.19140625,45.8828125,259.515625,279.4609375,247.3125,0.0,0.0,20.38671875,-2.169802188873291
none,3,11,1.0,0.0,1.0,1.0,1.0,1.0,47.2265625,51.49609375,45.95703125,257.43359375,282.79296875,242.2578125,0.0,0.0,20.0234375,-1.8926905393600464
none,3,12,1.0,0.0,1.0,1.0,1.0,1.0,48.52734375,52.515625,46.6171875,250.984375,286.5,239.625,0.0,0.0,19.75390625,-1.8314083814620972
none,3,13,1.0,0.0,1.0,1.0,1.0,1.0,49.57421875,53.7421875,47.57421875,251.94921875,287.5546875,237.1953125,0.0,0.0,20.15625,-1.716355323791504
none,3,14,1.0,0.0,1.0,1.0,1.0,1.0,50.140625,55.1484375,48.375,247.75,285.859375,237.25390625,0.0,0.0,19.5,-1.3587591648101807
none,3,15,1.0,0.0,1.0,1.0,1.0,1.0,49.7109375,57.7890625,50.2109375,241.8125,295.33203125,238.83984375,0.0,0.0,19.4765625,-0.565962553024292
none,3,16,1.0,0.0,1.0,1.0,1.0,1.0,50.375,59.4140625,50.72265625,237.57421875,296.3125,240.0234375,0.0,0.0,19.2734375,-0.43532443046569824
none,3,17,1.0,0.0,1.0,1.0,1.0,1.0,51.796875,61.44140625,50.51953125,236.48828125,292.53125,235.65234375,0.0,0.0,18.83984375,-0.07590397447347641
none,3,18,1.0,0.0,1.0,1.0,1.0,1.0,52.00390625,63.15625,52.3671875,234.15234375,294.75390625,234.109375,0.0,0.0,18.765625,0.2835821807384491
none,3,19,1.0,0.0,1.0,1.0,1.0,1.0,52.0703125,64.10546875,52.828125,231.51171875,291.1875,231.33203125,0.0,0.0,18.83984375,0.47393903136253357
none,3,20,1.0,0.0,1.0,1.0,1.0,1.0,52.44140625,66.48828125,54.5703125,226.04296875,292.46484375,233.18359375,0.0,0.0,18.07421875,1.2530983686447144
none,3,21,1.0,0.0,1.0,1.0,1.0,1.0,50.9765625,70.01171875,55.46875,219.78125,295.89453125,232.80078125,0.0,0.0,17.984375,1.876770257949829
none,3,22,1.0,0.0,1.0,1.0,1.0,1.0,52.03125,68.73828125,56.3515625,218.703125,290.85546875,231.74609375,0.0,0.0,17.89453125,1.7806318998336792
none,3,23,1.0,0.0,1.0,1.0,1.0,1.0,52.53515625,72.69921875,55.28125,217.5078125,296.81640625,223.19140625,0.0,0.0,17.5078125,2.2644104957580566
none,3,24,1.0,0.0,1.0,1.0,1.0,1.0,51.6484375,74.30078125,57.16015625,206.91015625,296.16015625,225.375,0.0,0.0,17.5625,2.721376419067383
none,3,25,1.0,0.0,1.0,1.0,1.0,1.0,51.03515625,76.19140625,56.9375,202.8203125,294.66015625,222.9765625,0.0,0.0,17.01171875,3.2373194694519043
none,3,26,1.0,0.0,1.0,1.0,1.0,1.0,51.51171875,77.890625,57.57421875,201.18359375,296.84765625,221.0234375,0.0,0.0,16.71875,3.598733425140381
none,3,27,1.0,0.0,1.0,1.0,1.0,1.0,52.21875,78.68359375,57.69921875,200.43359375,295.73046875,218.4296875,0.0,0.0,16.43359375,3.7655792236328125
none,3,28,1.0,0.0,1.0,1.0,1.0,1.0,51.09765625,79.18359375,59.73046875,198.0078125,294.0390625,224.31640625,0.0,0.0,16.2734375,4.247740745544434
none,3,29,1.0,0.0,1.0,1.0,1.0,1.0,50.5,80.19921875,60.03515625,190.91015625,287.81640625,226.484375,0.0,0.0,16.171875,4.627627849578857
none,3,30,1.0,0.0,1.0,1.0,1.0,1.0,51.15234375,81.734375,60.89453125,189.9140625,291.40625,223.44140625,0.0,0.0,15.75390625,4.815377712249756
none,3,31,1.0,0.0,1.0,1.0,1.0,1.0,51.09375,83.12109375,60.484375,188.33203125,293.890625,220.05859375,0.0,0.0,15.24609375,5.306515693664551
none,3,32,1.0,0.0,1.0,1.0,1.0,1.0,49.46484375,84.26953125,61.73828125,182.01953125,295.140625,223.0546875,0.0,0.0,15.484375,5.69080924987793
none,3,33,1.0,0.0,1.0,1.0,1.0,1.0,50.234375,85.08203125,62.19140625,183.703125,294.76171875,225.65625,0.0,0.0,14.98828125,5.92004919052124
none,3,34,1.0,0.0,1.0,1.0,1.0,1.0,50.42578125,85.54296875,64.84375,183.703125,294.9921875,231.25,0.0,0.0,14.8828125,6.327634334564209
none,3,35,1.0,0.0,1.0,1.0,1.0,1.0,51.44921875,86.1328125,64.4140625,188.328125,296.05859375,229.70703125,0.0,0.0,14.8671875,6.153923034667969
none,3,36,1.0,0.0,1.0,1.0,1.0,1.0,50.8671875,84.91796875,65.28515625,186.984375,293.42578125,230.98046875,0.0,0.0,15.02734375,6.19154691696167
none,3,37,1.0,0.0,1.0,1.0,1.0,1.0,51.96875,86.11328125,66.33203125,190.3125,297.0390625,232.828125,0.0,0.0,14.53125,6.24717903137207
none,3,38,1.0,0.0,1.0,1.0,1.0,1.0,51.7578125,86.484375,67.3046875,191.375,298.56640625,235.88671875,0.0,0.0,14.4609375,6.153907299041748
none,3,39,1.0,0.0,1.0,1.0,1.0,1.0,51.453125,85.8828125,67.1171875,190.30078125,297.80859375,236.1484375,0.0,0.0,14.7265625,6.398647308349609
none,3,40,1.0,0.0,1.0,1.0,1.0,1.0,50.6953125,87.59375,66.07421875,192.2421875,304.42578125,234.7421875,0.0,0.0,14.43359375,6.6839118003845215
none,3,41,1.0,0.0,1.0,1.0,1.0,1.0,51.27734375,85.91796875,68.3125,192.90234375,298.015625,243.18359375,0.0,0.0,14.1875,6.462632656097412
none,3,42,1.0,0.0,1.0,1.0,1.0,1.0,51.48046875,85.65625,66.9453125,198.05078125,297.1171875,238.27734375,0.0,0.0,14.0546875,6.353693962097168
none,3,43,1.0,0.0,1.0,1.0,1.0,1.0,51.30078125,87.09375,68.03125,195.98828125,298.37109375,243.4609375,0.0,0.0,13.79296875,6.676887512207031
none,3,44,1.0,0.0,1.0,1.0,1.0,1.0,51.2265625,85.54296875,69.06640625,198.55078125,294.63671875,244.265625,0.0,0.0,13.765625,6.625648021697998
none,3,45,1.0,0.0,1.0,1.0,1.0,1.0,50.3046875,87.078125,68.5625,194.4375,301.671875,240.59765625,0.0,0.0,13.33203125,6.917304039001465
none,3,46,1.0,0.0,1.0,1.0,1.0,1.0,51.61328125,86.03515625,69.32421875,200.75390625,293.69140625,245.47265625,0.0,0.0,13.69921875,6.481729030609131
none,3,47,1.0,0.0,1.0,1.0,1.0,1.0,50.03125,87.16015625,69.33984375,194.24609375,297.64453125,246.3671875,0.0,0.0,13.13671875,7.091670989990234
none,3,48,1.0,0.0,1.0,1.0,1.0,1.0,50.23828125,86.87109375,68.07421875,194.8046875,298.21875,239.8203125,0.0,0.0,13.64453125,7.170836925506592
none,3,49,1.0,0.0,1.0,1.0,1.0,1.0,50.37109375,87.3203125,67.77734375,193.90625,300.40234375,240.74609375,0.0,0.0,13.12109375,7.103810787200928
none,3,50,1.0,0.0,1.0,1.0,1.0,1.0,50.98046875,87.265625,67.3359375,195.90234375,299.875,239.03515625,0.0,0.0,13.14453125,6.888898849487305
none,3,51,1.0,0.0,1.0,1.0,1.0,1.0,50.8125,87.16015625,68.04296875,195.54296875,297.78515625,238.96484375,0.0,0.0,13.33203125,6.896563529968262
none,3,52,1.0,0.0,1.0,1.0,1.0,1.0,50.9453125,86.63671875,67.3046875,195.22265625,298.2890625,239.3046875,0.0,0.0,13.17578125,6.820916652679443
none,3,53,1.0,0.0,1.0,1.0,1.0,1.0,51.17578125,87.5390625,67.359375,196.953125,301.28125,239.2421875,0.0,0.0,12.91015625,6.9634809494018555
none,3,54,1.0,0.0,1.0,1.0,1.0,1.0,51.19140625,86.3125,68.24609375,197.0390625,296.18359375,240.30859375,0.0,0.0,13.30078125,6.544151306152344
none,3,55,1.0,0.0,1.0,1.0,1.0,1.0,50.44921875,86.23046875,68.69140625,194.17578125,296.30078125,246.2734375,0.0,0.0,13.35546875,6.779550075531006
none,3,56,1.0,0.0,1.0,1.0,1.0,1.0,50.6640625,87.15625,68.46875,196.6484375,297.80859375,242.57421875,0.0,0.0,13.65625,6.976337432861328
none,3,57,1.0,0.0,1.0,1.0,1.0,1.0,50.73046875,86.94140625,68.05859375,197.7265625,299.4609375,243.9296875,0.0,0.0,13.35546875,6.708999156951904
none,3,58,1.0,0.0,1.0,1.0,1.0,1.0,49.8984375,88.08984375,69.3046875,191.16796875,301.05078125,248.06640625,0.0,0.0,13.671875,7.291635036468506
none,3,59,1.0,0.0,1.0,1.0,1.0,1.0,51.05859375,87.71484375,68.7421875,197.265625,298.92578125,245.1015625,0.0,0.0,13.12890625,6.920644760131836
none,3,60,1.0,0.0,1.0,1.0,1.0,1.0,50.55078125,87.34765625,68.921875,196.6171875,298.4140625,244.96484375,0.0,0.0,13.36328125,7.0366926193237305
none,3,61,1.0,0.0,1.0,1.0,1.0,1.0,51.0390625,87.5,69.32421875,195.34375,300.26953125,246.58984375,0.0,0.0,13.5703125,6.998859405517578
none,3,62,1.0,0.0,1.0,1.0,1.0,1.0,51.07421875,89.14453125,69.57421875,198.68359375,299.78515625,250.15625,0.0,0.0,13.03515625,7.352134704589844
none,3,63,1.0,0.0,1.0,1.0,1.0,1.0,50.90234375,89.91796875,68.2421875,194.80859375,304.29296875,242.703125,0.0,0.0,13.28125,7.431922435760498
none,3,64,1.0,0.0,1.0,1.0,1.0,1.0,50.81640625,89.7890625,69.59765625,193.67578125,303.97265625,249.20703125,0.0,0.0,13.40234375,7.52530574798584
none,3,65,1.0,0.0,1.0,1.0,1.0,1.0,51.07421875,90.203125,68.1796875,195.83984375,305.91015625,243.0234375,0.0,0.0,13.13671875,7.445199012756348
none,3,66,1.0,0.0,1.0,1.0,1.0,1.0,51.6875,90.6328125,67.40625,197.99609375,305.10546875,240.5390625,0.0,0.0,12.96875,7.316603660583496
none,3,67,1.0,0.0,1.0,1.0,1.0,1.0,52.46875,89.78515625,69.27734375,199.29296875,303.375,245.7578125,0.0,0.0,13.33203125,7.213443756103516
none,3,68,1.0,0.0,1.0,1.0,1.0,1.0,50.94921875,90.1171875,69.01171875,195.703125,303.3828125,247.18359375,0.0,0.0,13.1953125,7.428824424743652
none,3,69,1.0,0.0,1.0,1.0,1.0,1.0,51.2890625,90.125,68.9375,198.9609375,303.53125,246.15234375,0.0,0.0,13.07421875,7.5665693283081055
none,3,70,1.0,0.0,1.0,1.0,1.0,1.0,52.171875,89.60546875,68.50390625,201.19921875,303.76171875,245.94140625,0.0,0.0,12.8515625,7.0853729248046875
none,3,71,1.0,0.0,1.0,1.0,1.0,1.0,50.56640625,90.8203125,70.8046875,193.75390625,306.2421875,251.51953125,0.0,0.0,12.46875,8.10824203491211
none,3,72,1.0,0.0,1.0,1.0,1.0,1.0,50.65234375,90.234375,68.4609375,195.203125,303.62109375,244.2109375,0.0,0.0,12.8828125,7.685219764709473
none,3,73,1.0,0.0,1.0,1.0,1.0,1.0,51.16796875,90.98046875,68.578125,195.671875,307.703125,246.3828125,0.0,0.0,13.19921875,7.605891704559326
none,3,74,1.0,0.0,1.0,1.0,1.0,1.0,49.80078125,90.890625,68.42578125,194.0703125,305.01953125,243.265625,0.0,0.0,12.359375,8.166693687438965
none,3,75,1.0,0.0,1.0,1.0,1.0,1.0,50.68359375,90.5703125,69.18359375,195.7734375,304.62109375,243.5234375,0.0,0.0,12.46875,7.859477996826172
none,3,76,1.0,0.0,1.0,1.0,1.0,1.0,50.2734375,90.0390625,70.125,194.68359375,302.46875,248.3203125,0.0,0.0,12.3515625,8.031469345092773
none,3,77,1.0,0.0,1.0,1.0,1.0,1.0,50.54296875,90.0,69.90625,194.6640625,304.30859375,249.09375,0.0,0.0,12.19140625,7.8636088371276855
none,3,78,1.0,0.0,1.0,1.0,1.0,1.0,49.546875,90.25390625,69.62890625,189.515625,306.0703125,245.859375,0.0,0.0,12.390625,7.9176435470581055
none,3,79,1.0,0.0,1.0,1.0,1.0,1.0,50.33984375,89.26171875,70.078125,194.9921875,299.234375,248.6796875,0.0,0.0,12.6328125,7.824461936950684
none,3,80,1.0,0.0,1.0,1.0,1.0,1.0,51.328125,90.42578125,70.5625,197.546875,302.21875,250.48828125,0.0,0.0,12.20703125,7.961853981018066
none,3,81,1.0,0.0,1.0,1.0,1.0,1.0,50.71484375,90.421875,68.390625,193.88671875,302.390625,241.33203125,0.0,0.0,12.19921875,7.790266036987305
none,3,82,1.0,0.0,1.0,1.0,1.0,1.0,48.76953125,91.59765625,66.64453125,188.44921875,306.5703125,235.0703125,0.0,0.0,12.28515625,8.137774467468262
none,3,83,1.0,0.0,1.0,1.0,1.0,1.0,49.453125,90.34765625,66.9609375,191.3359375,301.953125,239.828125,0.0,0.0,11.83984375,8.168296813964844
none,3,84,1.0,0.0,1.0,1.0,1.0,1.0,49.140625,89.91796875,67.45703125,189.46484375,302.46484375,240.3671875,0.0,0.0,12.0625,7.9673967361450195
none,3,85,1.0,0.0,1.0,1.0,1.0,1.0,48.8515625,91.1796875,68.2578125,189.421875,303.37890625,240.94921875,0.0,0.0,12.07421875,8.311321258544922
none,3,86,1.0,0.0,1.0,1.0,1.0,1.0,49.921875,90.3046875,68.55859375,191.91015625,301.28125,243.546875,0.0,0.0,12.16015625,8.022321701049805
none,3,87,1.0,0.0,1.0,1.0,1.0,1.0,49.10546875,91.2890625,69.203125,187.703125,300.50390625,244.6875,0.0,0.0,12.76171875,8.337739944458008
none,3,88,1.0,0.0,1.0,1.0,1.0,1.0,50.59765625,91.77734375,68.40625,194.2109375,304.8984375,244.046875,0.0,0.0,12.11328125,8.174776077270508
none,3,89,1.0,0.0,1.0,1.0,1.0,1.0,48.90234375,91.51953125,68.7578125,186.8984375,300.6171875,243.51171875,0.0,0.0,12.15625,8.476491928100586
none,3,90,1.0,0.0,1.0,1.0,1.0,1.0,49.265625,91.671875,67.265625,190.21875,301.0078125,235.01171875,0.0,0.0,12.71484375,8.026649475097656
none,3,91,1.0,0.0,1.0,1.0,1.0,1.0,49.65625,90.90625,69.0625,189.890625,299.46484375,240.96875,0.0,0.0,12.48046875,8.073161125183105
none,3,92,1.0,0.0,1.0,1.0,1.0,1.0,49.33984375,93.32421875,68.6328125,187.12890625,306.953125,240.359375,0.0,0.0,12.28515625,8.638923645019531
none,3,93,1.0,0.0,1.0,1.0,1.0,1.0,49.21875,93.53515625,68.53515625,187.1953125,307.81640625,241.0546875,0.0,0.0,12.375,8.656919479370117
none,3,94,1.0,0.0,1.0,1.0,1.0,1.0,49.66015625,93.03515625,69.62109375,188.9375,307.2265625,243.84765625,0.0,0.0,12.43359375,8.598994255065918
none,3,95,1.0,0.0,1.0,1.0,1.0,1.0,49.64453125,92.3515625,71.6484375,188.91015625,304.62890625,249.109375,0.0,0.0,12.3125,8.828012466430664
none,3,96,1.0,0.0,1.0,1.0,1.0,1.0,49.4375,94.2734375,68.59375,187.19921875,309.96875,239.640625,0.0,0.0,12.58203125,8.67921257019043
none,3,97,1.0,0.0,1.0,1.0,1.0,1.0,50.06640625,94.1015625,71.21875,187.65625,309.4140625,246.96875,0.0,0.0,12.37890625,8.992984771728516
none,3,98,1.0,0.0,1.0,1.0,1.0,1.0,48.51953125,94.80859375,70.40625,183.5859375,312.296875,245.3515625,0.0,0.0,12.15234375,9.409239768981934
none,3,99,1.0,0.0,1.0,1.0,1.0,1.0,49.08203125,94.88671875,70.5859375,186.21875,311.12109375,247.78515625,0.0,0.0,12.2578125,9.226131439208984
none,3,100,1.0,0.0,1.0,1.0,1.0,1.0,49.92578125,95.3359375,71.16796875,186.94921875,313.8203125,249.7890625,0.0,0.0,12.5546875,8.955008506774902
none,3,101,1.0,0.0,1.0,1.0,1.0,1.0,48.75,95.125,70.7890625,185.42578125,312.59375,248.640625,0.0,0.0,12.1171875,9.423064231872559
none,3,102,1.0,0.0,1.0,1.0,1.0,1.0,48.6328125,95.94921875,70.92578125,183.546875,314.34765625,247.4296875,0.0,0.0,11.9140625,9.516010284423828
none,3,103,1.0,0.0,1.0,1.0,1.0,1.0,48.0234375,95.18359375,71.53125,178.00390625,311.88671875,248.1953125,0.0,0.0,12.36328125,9.432260513305664
none,3,104,1.0,0.0,1.0,1.0,1.0,1.0,49.4921875,96.59375,70.41796875,184.91796875,315.98828125,244.32421875,0.0,0.0,11.5546875,9.492086410522461
none,3,105,1.0,0.0,1.0,1.0,1.0,1.0,48.1640625,96.76953125,70.67578125,180.7734375,315.4140625,247.5234375,0.0,0.0,11.9296875,9.917863845825195
none,3,106,1.0,0.0,1.0,1.0,1.0,1.0,48.3671875,97.16796875,71.20703125,180.734375,316.4765625,248.40234375,0.0,0.0,11.73828125,10.037591934204102
none,3,107,1.0,0.0,1.0,1.0,1.0,1.0,48.5,95.234375,72.5625,182.1015625,311.30078125,249.68359375,0.0,0.0,12.015625,9.6906156539917
none,3,108,1.0,0.0,1.0,1.0,1.0,1.0,47.8828125,95.93359375,72.0234375,177.56640625,311.8359375,249.75390625,0.0,0.0,11.71484375,9.743097305297852
none,3,109,1.0,0.0,1.0,1.0,1.0,1.0,47.88671875,96.73828125,71.19921875,177.55859375,313.40234375,246.73046875,0.0,0.0,11.66796875,9.98278522491455
none,3,110,1.0,0.0,1.0,1.0,1.0,1.0,47.73828125,97.39453125,70.734375,177.91796875,316.69140625,244.046875,0.0,0.0,11.62109375,10.026887893676758
none,3,111,1.0,0.0,1.0,1.0,1.0,1.0,47.2734375,97.25390625,71.8125,177.4375,314.05078125,245.74609375,0.0,0.0,11.52734375,10.2561616897583
none,3,112,1.0,0.0,1.0,1.0,1.0,1.0,47.2890625,97.734375,72.3828125,177.328125,314.21875,247.02734375,0.0,0.0,11.234375,10.423155784606934
none,3,113,1.0,0.0,1.0,1.0,1.0,1.0,47.14453125,98.58984375,71.765625,175.68359375,318.7265625,246.06640625,0.0,0.0,11.12890625,10.65726089477539
none,3,114,1.0,0.0,1.0,1.0,1.0,1.0,47.5078125,96.5078125,72.671875,175.8125,311.65234375,249.24609375,0.0,0.0,11.6875,10.109102249145508
none,3,115,1.0,0.0,1.0,1.0,1.0,1.0,47.87890625,95.6328125,73.44921875,175.859375,309.734375,252.546875,0.0,0.0,11.3046875,10.04837703704834
none,3,116,1.0,0.0,1.0,1.0,1.0,1.0,47.390625,98.23828125,71.88671875,176.06640625,315.43359375,244.890625,0.0,0.0,11.109375,10.498887062072754
none,3,117,1.0,0.0,1.0,1.0,1.0,1.0,46.61328125,98.1015625,72.56640625,173.19140625,317.1796875,250.01171875,0.0,0.0,11.23828125,10.81917953491211
none,3,118,1.0,0.0,1.0,1.0,1.0,1.0,47.265625,97.1484375,73.37109375,175.94921875,314.6015625,252.28515625,0.0,0.0,11.1171875,10.592238426208496
none,3,119,1.0,0.0,1.0,1.0,1.0,1.0,47.15625,98.13671875,72.25,175.2734375,315.78125,249.81640625,0.0,0.0,11.09375,10.624027252197266
none,3,120,1.0,0.0,1.0,1.0,1.0,1.0,47.32421875,98.76171875,72.10546875,175.609375,317.72265625,248.88671875,0.0,0.0,11.26953125,10.960332870483398
none,3,121,1.0,0.0,1.0,1.0,1.0,1.0,46.40234375,99.3828125,73.015625,172.1796875,321.86328125,250.453125,0.0,0.0,11.0,11.073602676391602
none,3,122,1.0,0.0,1.0,1.0,1.0,1.0,45.8046875,98.3984375,73.35546875,170.78125,319.60546875,251.69140625,0.0,0.0,10.86328125,11.130722045898438
none,3,123,1.0,0.0,1.0,1.0,1.0,1.0,45.52734375,98.875,72.69921875,169.1328125,318.125,251.1953125,0.0,0.0,10.96484375,11.13526439666748
none,3,124,1.0,0.0,1.0,1.0,1.0,1.0,46.109375,99.53515625,72.6796875,172.921875,320.4296875,249.29296875,0.0,0.0,10.72265625,11.235759735107422
none,3,125,1.0,0.0,1.0,1.0,1.0,1.0,45.46484375,98.65625,73.359375,171.65234375,316.8359375,252.2109375,0.0,0.0,10.7734375,11.082738876342773
none,3,126,1.0,0.0,1.0,1.0,1.0,1.0,45.49609375,99.5390625,71.7890625,168.7734375,321.48828125,246.203125,0.0,0.0,10.7578125,11.123550415039062
none,3,127,1.0,0.0,1.0,1.0,1.0,1.0,46.171875,99.6640625,71.40234375,171.4375,320.46484375,247.015625,0.0,0.0,10.55078125,11.290308952331543
none,3,128,1.0,0.0,1.0,1.0,1.0,1.0,46.43359375,97.6875,72.98046875,171.6171875,313.28515625,250.921875,0.0,0.0,10.921875,11.109840393066406
none,3,129,1.0,0.0,1.0,1.0,1.0,1.0,45.80078125,98.89453125,74.08984375,171.43359375,315.9921875,250.84375,0.0,0.0,10.46875,11.16996955871582
none,3,130,1.0,0.0,1.0,1.0,1.0,1.0,44.93359375,99.203125,73.3515625,166.2890625,318.640625,252.75,0.0,0.0,10.140625,11.3563232421875
none,3,131,1.0,0.0,1.0,1.0,1.0,1.0,45.50390625,99.671875,73.17578125,167.71875,318.30078125,247.19140625,0.0,0.0,10.2421875,11.3232421875
none,3,132,1.0,0.0,1.0,1.0,1.0,1.0,44.7421875,99.6953125,71.97265625,167.4453125,317.7421875,245.12109375,0.0,0.0,10.08203125,11.473653793334961
none,3,133,1.0,0.0,1.0,1.0,1.0,1.0,44.38671875,101.015625,72.2265625,164.078125,323.58203125,246.47265625,0.0,0.0,10.42578125,11.691001892089844
none,3,134,1.0,0.0,1.0,1.0,1.0,1.0,44.58203125,101.33984375,71.55078125,165.38671875,323.3125,242.31640625,0.0,0.0,10.6015625,11.677363395690918
none,3,135,1.0,0.0,1.0,1.0,1.0,1.0,45.76953125,100.91796875,72.5546875,168.5,321.125,246.09765625,0.0,0.0,10.20703125,11.740095138549805
none,3,136,1.0,0.0,1.0,1.0,1.0,1.0,45.0703125,101.0078125,73.9375,167.9453125,322.50390625,250.546875,0.0,0.0,9.72265625,11.816516876220703
none,3,137,1.0,0.0,1.0,1.0,1.0,1.0,45.21484375,100.83984375,72.484375,167.765625,322.54296875,247.8203125,0.0,0.0,10.3125,11.728739738464355
none,3,138,1.0,0.0,1.0,1.0,1.0,1.0,45.2265625,100.63671875,73.015625,170.69921875,322.11328125,247.484375,0.0,0.0,10.0078125,11.87909984588623
none,3,139,1.0,0.0,1.0,1.0,1.0,1.0,45.4296875,100.1640625,73.8046875,169.703125,321.82421875,250.390625,0.0,0.0,9.87109375,11.560633659362793
none,3,140,1.0,0.0,1.0,1.0,1.0,1.0,45.3671875,100.89453125,73.1796875,169.61328125,322.1328125,248.54296875,0.0,0.0,9.71484375,11.927677154541016
none,3,141,1.0,0.0,1.0,1.0,1.0,1.0,45.0703125,100.953125,74.59375,167.234375,321.66015625,253.63671875,0.0,0.0,9.87109375,11.870234489440918
none,3,142,1.0,0.0,1.0,1.0,1.0,1.0,45.71484375,101.5546875,73.625,169.5859375,323.91796875,249.359375,0.0,0.0,9.80078125,11.927179336547852
none,3,143,1.0,0.0,1.0,1.0,1.0,1.0,45.4765625,101.46484375,74.203125,169.2890625,322.65625,250.8203125,0.0,0.0,9.78125,12.017165184020996
none,3,144,1.0,0.0,1.0,1.0,1.0,1.0,44.69921875,100.8046875,74.55859375,167.76171875,322.328125,251.6953125,0.0,0.0,9.5078125,11.994504928588867
none,3,145,1.0,0.0,1.0,1.0,1.0,1.0,44.26953125,101.94140625,74.37890625,165.109375,323.40625,253.53515625,0.0,0.0,9.36328125,12.433016777038574
none,3,146,1.0,0.0,1.0,1.0,1.0,1.0,44.61328125,100.984375,75.65234375,166.546875,321.5859375,258.00390625,0.0,0.0,9.4375,12.265799522399902
none,3,147,1.0,0.0,1.0,1.0,1.0,1.0,43.88671875,101.99609375,74.9140625,163.390625,324.65625,251.4296875,0.0,0.0,9.515625,12.450094223022461
none,3,148,1.0,0.0,1.0,1.0,1.0,1.0,43.83203125,100.65625,75.8125,163.98828125,320.43359375,257.5390625,0.0,0.0,9.640625,12.341245651245117
none,3,149,1.0,0.0,1.0,1.0,1.0,1.0,43.921875,101.92578125,74.62109375,163.95703125,321.109375,252.4765625,0.0,0.0,9.57421875,12.49610424041748
none,3,150,1.0,0.0,1.0,1.0,1.0,1.0,43.921875,102.66015625,74.23046875,162.828125,325.25,248.1875,0.0,0.0,9.80859375,12.512166976928711
none,3,151,1.0,0.0,1.0,1.0,1.0,1.0,43.90234375,102.0390625,75.71484375,162.29296875,321.87890625,253.69140625,0.0,0.0,9.33203125,12.863079071044922
none,3,152,1.0,0.0,1.0,1.0,1.0,1.0,44.7890625,102.21484375,76.359375,165.99609375,322.99609375,253.625,0.0,0.0,9.48828125,12.760625839233398
none,3,153,1.0,0.0,1.0,1.0,1.0,1.0,43.7109375,102.59765625,75.73046875,164.25,324.17578125,252.4765625,0.0,0.0,9.203125,12.996257781982422
none,3,154,1.0,0.0,1.0,1.0,1.0,1.0,43.69921875,102.75390625,74.62890625,162.51953125,324.671875,251.76171875,0.0,0.0,9.3046875,12.757991790771484
none,3,155,1.0,0.0,1.0,1.0,1.0,1.0,44.13671875,101.59765625,76.64453125,163.54296875,322.875,257.17578125,0.0,0.0,8.90625,12.963899612426758
none,3,156,1.0,0.0,1.0,1.0,1.0,1.0,42.91796875,102.6953125,75.3203125,158.6484375,324.56640625,253.4296875,0.0,0.0,8.69140625,13.09084701538086
none,3,157,1.0,0.0,1.0,1.0,1.0,1.0,42.80859375,102.91015625,75.0859375,159.3828125,326.0546875,250.28515625,0.0,0.0,8.96484375,12.980371475219727
none,3,158,1.0,0.0,1.0,1.0,1.0,1.0,42.8515625,104.140625,77.03125,157.8359375,327.76171875,255.5859375,0.0,0.0,8.83984375,13.650459289550781
none,3,159,1.0,0.0,1.0,1.0,1.0,1.0,43.3125,103.30859375,75.57421875,159.60546875,327.13671875,254.0625,0.0,0.0,8.8046875,13.046305656433105
none,3,160,1.0,0.0,1.0,1.0,1.0,1.0,43.26953125,101.98046875,76.609375,159.28125,322.48828125,255.1171875,0.0,0.0,8.765625,13.080263137817383
none,3,161,1.0,0.0,1.0,1.0,1.0,1.0,43.58203125,102.35546875,76.25390625,160.859375,322.11328125,254.53125,0.0,0.0,8.50390625,13.075358390808105
none,3,162,1.0,0.0,1.0,1.0,1.0,1.0,43.30078125,103.55859375,77.546875,158.49609375,324.28125,259.5859375,0.0,0.0,8.78125,13.486669540405273
none,3,163,1.0,0.0,1.0,1.0,1.0,1.0,43.10546875,103.6015625,78.53515625,160.0078125,323.890625,260.55859375,0.0,0.0,8.3359375,13.630422592163086
none,3,164,1.0,0.0,1.0,1.0,1.0,1.0,44.0,102.54296875,77.80078125,161.2578125,321.06640625,260.40625,0.0,0.0,8.55078125,13.106620788574219
none,3,165,1.0,0.0,1.0,1.0,1.0,1.0,41.27734375,104.80859375,78.30078125,152.74609375,328.4375,258.9296875,0.0,0.0,8.4765625,14.233413696289062
none,3,166,1.0,0.0,1.0,1.0,1.0,1.0,41.78515625,104.49609375,77.3203125,154.13671875,325.7734375,256.9765625,0.0,0.0,8.5078125,13.94842529296875
none,3,167,1.0,0.0,1.0,1.0,1.0,1.0,43.8359375,103.703125,77.74609375,161.1875,325.203125,259.74609375,0.0,0.0,8.2421875,13.443754196166992
none,3,168,1.0,0.0,1.0,1.0,1.0,1.0,42.48828125,104.59765625,77.26953125,156.0234375,325.5234375,257.625,0.0,0.0,8.640625,13.874857902526855
none,3,169,1.0,0.0,1.0,1.0,1.0,1.0,43.45703125,104.01953125,78.4375,158.4765625,323.3125,260.19921875,0.0,0.0,8.11328125,13.582916259765625
none,3,170,1.0,0.0,1.0,1.0,1.0,1.0,42.77734375,104.3984375,77.33203125,157.85546875,326.25,258.67578125,0.0,0.0,8.5625,13.624552726745605
none,3,171,1.0,0.0,1.0,1.0,1.0,1.0,42.703125,104.921875,75.79296875,158.25390625,326.51171875,252.203125,0.0,0.0,8.1328125,13.717552185058594
none,3,172,1.0,0.0,1.0,1.0,1.0,1.0,42.0546875,105.23046875,77.140625,155.83203125,328.77734375,258.5703125,0.0,0.0,8.04296875,14.107599258422852
none,3,173,1.0,0.0,1.0,1.0,1.0,1.0,42.15234375,104.58984375,80.234375,157.30859375,323.98046875,267.66796875,0.0,0.0,7.8046875,14.249031066894531
none,3,174,1.0,0.0,1.0,1.0,1.0,1.0,42.65625,104.64453125,78.78125,158.3359375,324.78515625,262.671875,0.0,0.0,8.01953125,13.982063293457031
none,3,175,1.0,0.0,1.0,1.0,1.0,1.0,41.8046875,104.25,79.40625,154.5703125,322.6953125,264.8671875,0.0,0.0,8.13671875,14.075628280639648
none,3,176,1.0,0.0,1.0,1.0,1.0,1.0,42.83203125,105.18359375,78.7890625,157.02734375,325.578125,262.85546875,0.0,0.0,7.8125,14.055963516235352
none,3,177,1.0,0.0,1.0,1.0,1.0,1.0,42.44921875,105.7734375,77.84375,157.19921875,326.76953125,260.48828125,0.0,0.0,7.8984375,14.258350372314453
none,3,178,1.0,0.0,1.0,1.0,1.0,1.0,42.703125,106.296875,78.05859375,157.60546875,328.63671875,257.98828125,0.0,0.0,7.703125,14.474825859069824
none,3,179,1.0,0.0,1.0,1.0,1.0,1.0,42.02734375,107.76953125,77.23046875,155.28515625,332.06640625,257.078125,0.0,0.0,7.921875,14.617095947265625
none,3,180,1.0,0.0,1.0,1.0,1.0,1.0,42.2734375,106.203125,79.01171875,157.76953125,328.4375,262.8828125,0.0,0.0,7.5078125,14.487848281860352
none,3,181,1.0,0.0,1.0,1.0,1.0,1.0,42.53125,106.484375,77.78515625,158.14453125,328.44140625,260.22265625,0.0,0.0,7.6640625,14.295565605163574
none,3,182,1.0,0.0,1.0,1.0,1.0,1.0,41.234375,105.67578125,80.84765625,152.7421875,325.51953125,269.76171875,0.0,0.0,7.60546875,14.818672180175781
none,3,183,1.0,0.0,1.0,1.0,1.0,1.0,41.81640625,106.50390625,79.9609375,154.25390625,326.73046875,263.6796875,0.0,0.0,7.18359375,14.75213623046875
none,3,184,1.0,0.0,1.0,1.0,1.0,1.0,42.75,106.32421875,79.703125,157.51953125,326.6796875,261.8671875,0.0,0.0,7.4453125,14.64575481414795
none,3,185,1.0,0.0,1.0,1.0,1.0,1.0,42.3046875,106.8203125,79.35546875,156.62890625,329.37109375,262.71484375,0.0,0.0,7.21484375,14.77600383758545
none,3,186,1.0,0.0,1.0,1.0,1.0,1.0,42.15234375,107.296875,79.34765625,157.73046875,330.1328125,262.8359375,0.0,0.0,7.390625,14.87658977508545
none,3,187,1.0,0.0,1.0,1.0,1.0,1.0,42.4453125,107.24609375,79.97265625,158.5,328.27734375,262.79296875,0.0,0.0,7.34375,14.866678237915039
none,3,188,1.0,0.0,1.0,1.0,1.0,1.0,42.3671875,106.1171875,80.0859375,156.5625,327.25390625,263.83203125,0.0,0.0,7.07421875,14.755229949951172
none,3,189,1.0,0.0,1.0,1.0,1.0,1.0,41.8046875,107.7734375,79.55078125,155.51953125,330.90625,261.9375,0.0,0.0,7.01953125,15.123746871948242
none,3,190,1.0,0.0,1.0,1.0,1.0,1.0,42.30078125,108.19921875,79.4609375,157.30859375,331.32421875,262.15234375,0.0,0.0,6.9921875,15.111800193786621
none,3,191,1.0,0.0,1.0,1.0,1.0,1.0,41.6328125,107.33984375,81.32421875,154.6640625,331.8671875,269.3671875,0.0,0.0,6.7421875,15.313863754272461
none,3,192,1.0,0.0,1.0,1.0,1.0,1.0,40.76171875,107.98046875,79.55078125,150.63671875,333.80078125,263.76953125,0.0,0.0,6.8203125,15.129546165466309
none,3,193,1.0,0.0,1.0,1.0,1.0,1.0,41.39453125,108.546875,80.35546875,154.2890625,332.2265625,266.23828125,0.0,0.0,6.89453125,15.431577682495117
none,3,194,1.0,0.0,1.0,1.0,1.0,1.0,42.1953125,108.66015625,79.5703125,157.52734375,335.94921875,263.98046875,0.0,0.0,6.921875,15.362906455993652
none,3,195,1.0,0.0,1.0,1.0,1.0,1.0,42.1796875,107.6953125,79.98828125,156.78125,331.4453125,265.953125,0.0,0.0,6.73046875,15.165985107421875
none,3,196,1.0,0.0,1.0,1.0,1.0,1.0,42.015625,107.87890625,81.6640625,156.12109375,333.0,271.09375,0.0,0.0,6.609375,15.511481285095215
none,3,197,1.0,0.0,1.0,1.0,1.0,1.0,41.29296875,108.453125,79.5703125,155.46484375,333.59765625,263.140625,0.0,0.0,6.8828125,15.439035415649414
none,3,198,1.0,0.0,1.0,1.0,1.0,1.0,43.2890625,107.52734375,79.92578125,160.734375,332.38671875,264.984375,0.0,0.0,6.72265625,15.260948181152344
none,3,199,1.0,0.0,1.0,1.0,1.0,1.0,42.1328125,107.71875,81.2578125,157.6328125,329.2265625,269.00390625,0.0,0.0,6.625,15.409072875976562
none,3,200,1.0,0.0,1.0,1.0,1.0,1.0,42.46875,108.2109375,81.02734375,157.76171875,332.14453125,270.86328125,0.0,0.0,6.6875,15.391820907592773
none,3,201,1.0,0.0,1.0,1.0,1.0,1.0,42.76171875,108.6640625,80.31640625,158.4375,332.25390625,265.02734375,0.0,0.0,6.19921875,15.52914047241211
none,3,202,1.0,0.0,1.0,1.0,1.0,1.0,41.83984375,109.7109375,81.33984375,155.18359375,336.73828125,269.26171875,0.0,0.0,6.34375,15.63605785369873
none,3,203,1.0,0.0,1.0,1.0,1.0,1.0,43.0703125,108.6484375,81.9765625,159.66796875,332.12890625,273.73046875,0.0,0.0,6.375,15.346156120300293
none,3,204,1.0,0.0,1.0,1.0,1.0,1.0,42.6796875,108.94140625,80.82421875,159.5234375,334.37890625,267.8125,0.0,0.0,6.57421875,15.423307418823242
none,3,205,1.0,0.0,1.0,1.0,1.0,1.0,42.12109375,109.609375,80.7734375,158.2734375,332.90625,267.2109375,0.0,0.0,6.234375,15.643678665161133
none,3,206,1.0,0.0,1.0,1.0,1.0,1.0,40.234375,109.87890625,82.55078125,151.0390625,335.6640625,272.15234375,0.0,0.0,6.125,16.26324462890625
none,3,207,1.0,0.0,1.0,1.0,1.0,1.0,41.046875,109.16015625,82.6484375,153.10546875,334.58203125,273.453125,0.0,0.0,6.06640625,16.017440795898438
none,3,208,1.0,0.0,1.0,1.0,1.0,1.0,41.50390625,110.74609375,80.21484375,153.5390625,335.3671875,263.671875,0.0,0.0,6.20703125,16.13429069519043
none,3,209,1.0,0.0,1.0,1.0,1.0,1.0,41.46875,109.92578125,82.421875,154.29296875,333.72265625,270.55859375,0.0,0.0,6.15234375,15.987192153930664
none,3,210,1.0,0.0,1.0,1.0,1.0,1.0,40.6640625,110.546875,82.13671875,150.7578125,336.15625,269.7421875,0.0,0.0,5.8515625,16.355459213256836
none,3,211,1.0,0.0,1.0,1.0,1.0,1.0,40.79296875,109.546875,83.05859375,151.60546875,332.25390625,271.92578125,0.0,0.0,5.9921875,16.128053665161133
none,3,212,1.0,0.0,1.0,1.0,1.0,1.0,41.32421875,111.03515625,82.5078125,153.6875,335.66015625,269.71875,0.0,0.0,5.8125,16.30757713317871
none,3,213,1.0,0.0,1.0,1.0,1.0,1.0,41.0703125,109.99609375,82.109375,154.87890625,333.01171875,269.69140625,0.0,0.0,5.76953125,16.247819900512695
none,3,214,1.0,0.0,1.0,1.0,1.0,1.0,40.51171875,111.33203125,81.46484375,150.70703125,337.25390625,267.73046875,0.0,0.0,5.87109375,16.30739974975586
none,3,215,1.0,0.0,1.0,1.0,1.0,1.0,40.984375,110.57421875,83.23046875,150.953125,333.83984375,272.83203125,0.0,0.0,5.875,16.290111541748047
none,3,216,1.0,0.0,1.0,1.0,1.0,1.0,40.90625,110.0,83.25390625,153.02734375,332.4609375,271.58984375,0.0,0.0,5.609375,16.466236114501953
none,3,217,1.0,0.0,1.0,1.0,1.0,1.0,39.94140625,110.9375,83.25390625,148.46484375,335.0625,271.1484375,0.0,0.0,5.8671875,16.466812133789062
none,3,218,1.0,0.0,1.0,1.0,1.0,1.0,40.14453125,110.8984375,83.55078125,148.49609375,333.9453125,272.71484375,0.0,0.0,5.56640625,16.48931884765625
none,3,219,1.0,0.0,1.0,1.0,1.0,1.0,39.3046875,111.8125,83.31640625,146.796875,336.75390625,272.328125,0.0,0.0,5.328125,16.970752716064453
none,3,220,1.0,0.0,1.0,1.0,1.0,1.0,40.02734375,112.20703125,81.64453125,148.34765625,337.4296875,264.640625,0.0,0.0,5.609375,16.721158981323242
none,3,221,1.0,0.0,1.0,1.0,1.0,1.0,41.53515625,111.4375,84.33203125,154.609375,334.4609375,274.61328125,0.0,0.0,5.43359375,16.649791717529297
none,3,222,1.0,0.0,1.0,1.0,1.0,1.0,39.75390625,111.3125,84.16796875,147.19921875,334.953125,275.765625,0.0,0.0,5.42578125,16.85332489013672
none,3,223,1.0,0.0,1.0,1.0,1.0,1.0,39.81640625,111.65625,84.1015625,149.51953125,339.1015625,274.77734375,0.0,0.0,5.46875,16.980892181396484
none,3,224,1.0,0.0,1.0,1.0,1.0,1.0,40.6875,112.13671875,84.796875,151.88671875,338.5234375,277.24609375,0.0,0.0,5.2890625,16.90511131286621
none,3,225,1.0,0.0,1.0,1.0,1.0,1.0,39.9609375,110.62109375,84.9453125,148.78125,332.83984375,274.2578125,0.0,0.0,5.37890625,16.774749755859375
none,3,226,1.0,0.0,1.0,1.0,1.0,1.0,39.8046875,112.17578125,84.875,148.46484375,337.4375,275.28515625,0.0,0.0,5.40234375,17.147232055664062
none,3,227,1.0,0.0,1.0,1.0,1.0,1.0,39.48046875,113.70703125,82.5546875,147.4140625,341.30078125,268.97265625,0.0,0.0,5.26953125,17.119441986083984
none,3,228,1.0,0.0,1.0,1.0,1.0,1.0,38.74609375,113.18359375,84.3203125,146.3671875,339.91015625,275.04296875,0.0,0.0,5.07421875,17.401731491088867
none,3,229,1.0,0.0,1.0,1.0,1.0,1.0,38.625,112.43359375,84.7265625,145.3984375,338.73828125,277.92578125,0.0,0.0,5.0859375,17.32671356201172
none,3,230,1.0,0.0,1.0,1.0,1.0,1.0,39.36328125,113.3125,85.44921875,146.92578125,338.39453125,281.09765625,0.0,0.0,5.00390625,17.580547332763672
none,3,231,1.0,0.0,1.0,1.0,1.0,1.0,39.171875,114.98828125,83.33984375,145.96484375,346.52734375,272.45703125,0.0,0.0,5.09765625,17.716693878173828
none,3,232,1.0,0.0,1.0,1.0,1.0,1.0,40.53125,113.3125,82.41796875,151.21484375,341.36328125,271.609375,0.0,0.0,4.94140625,17.016035079956055
none,3,233,1.0,0.0,1.0,1.0,1.0,1.0,40.08203125,113.12109375,83.98046875,151.32421875,340.734375,274.49609375,0.0,0.0,4.96484375,17.28145408630371
none,3,234,1.0,0.0,1.0,1.0,1.0,1.0,39.7421875,114.68359375,83.74609375,147.7890625,343.5234375,275.56640625,0.0,0.0,4.96484375,17.71981430053711
none,3,235,1.0,0.0,1.0,1.0,1.0,1.0,40.21484375,113.6796875,84.859375,150.9453125,341.2265625,280.5546875,0.0,0.0,4.734375,17.46485710144043
none,3,236,1.0,0.0,1.0,1.0,1.0,1.0,39.05859375,114.01953125,83.54296875,147.3203125,341.2890625,274.828125,0.0,0.0,4.6328125,17.69342803955078
none,3,237,1.0,0.0,1.0,1.0,1.0,1.0,38.75,114.12109375,84.73828125,144.61328125,341.8359375,277.3046875,0.0,0.0,4.80859375,17.703617095947266
none,3,238,1.0,0.0,1.0,1.0,1.0,1.0,38.43359375,114.6640625,86.2265625,142.52734375,343.1484375,282.10546875,0.0,0.0,4.46484375,18.05252456665039
none,3,239,1.0,0.0,1.0,1.0,1.0,1.0,37.65234375,115.48046875,83.5625,141.39453125,344.45703125,273.52734375,0.0,0.0,4.78515625,18.03580093383789
none,3,240,1.0,0.0,1.0,1.0,1.0,1.0,37.7890625,114.703125,85.10546875,141.69921875,341.80078125,276.921875,0.0,0.0,4.703125,18.01495361328125
none,3,241,1.0,0.0,1.0,1.0,1.0,1.0,38.7265625,115.54296875,84.140625,144.72265625,344.2109375,273.57421875,0.0,0.0,4.66796875,17.91501808166504
none,3,242,1.0,0.0,1.0,1.0,1.0,1.0,37.9921875,115.06640625,85.05859375,142.4375,343.1875,275.8984375,0.0,0.0,4.57421875,17.996389389038086
none,3,243,1.0,0.0,1.0,1.0,1.0,1.0,39.4765625,114.66796875,85.703125,149.4765625,341.44140625,278.3828125,0.0,0.0,4.6015625,18.04039764404297
none,3,244,1.0,0.0,1.0,1.0,1.0,1.0,38.71484375,116.390625,83.57421875,146.421875,347.07421875,274.27734375,0.0,0.0,4.37109375,18.097030639648438
none,3,245,1.0,0.0,1.0,1.0,1.0,1.0,39.25390625,115.24609375,84.78515625,149.3671875,344.2109375,278.21484375,0.0,0.0,4.3125,18.193069458007812
none,3,246,1.0,0.0,1.0,1.0,1.0,1.0,36.73828125,117.24609375,83.7734375,140.29296875,351.09765625,274.8046875,0.0,0.0,4.30859375,18.706979751586914
none,3,247,1.0,0.0,1.0,1.0,1.0,1.0,37.66796875,116.35546875,84.7265625,142.54296875,347.8828125,276.359375,0.0,0.0,4.4375,18.350387573242188
none,3,248,1.0,0.0,1.0,1.0,1.0,1.0,38.0390625,117.11328125,85.81640625,143.421875,351.23046875,279.37109375,0.0,0.0,4.0546875,18.802663803100586
none,3,249,1.0,0.0,1.0,1.0,1.0,1.0,35.85546875,117.17578125,85.36328125,137.80078125,352.08203125,279.2734375,0.0,0.0,4.06640625,18.971525192260742
none,3,250,1.0,0.0,1.0,1.0,1.0,1.0,37.06640625,117.1171875,84.7109375,140.15234375,350.83984375,276.28515625,0.0,0.0,4.14453125,18.833765029907227
none,3,251,1.0,0.0,1.0,1.0,1.0,1.0,37.27734375,116.0703125,86.3671875,141.09375,348.73046875,279.8828125,0.0,0.0,4.0703125,18.870502471923828
none,3,252,1.0,0.0,1.0,1.0,1.0,1.0,38.91796875,116.84765625,87.1640625,147.4453125,346.24609375,282.84375,0.0,0.0,3.859375,18.660968780517578
none,3,253,1.0,0.0,1.0,1.0,1.0,1.0,38.859375,116.01171875,86.5390625,149.55078125,344.17578125,280.72265625,0.0,0.0,3.86328125,18.529739379882812
none,3,254,1.0,0.0,1.0,1.0,1.0,1.0,39.39453125,116.94921875,86.19921875,149.55859375,346.140625,280.1171875,0.0,0.0,3.953125,18.61884307861328
none,3,255,1.0,0.0,1.0,1.0,1.0,1.0,39.171875,116.6640625,87.15234375,147.421875,343.6875,282.34375,0.0,0.0,3.765625,18.724140167236328
none,3,256,1.0,0.0,1.0,1.0,1.0,1.0,39.1171875,116.96875,86.98828125,148.1640625,344.51171875,281.66796875,0.0,0.0,3.62890625,18.79503631591797
none,3,257,1.0,0.0,1.0,1.0,1.0,1.0,38.38671875,117.1328125,86.2109375,146.17578125,344.16015625,281.8125,0.0,0.0,3.90234375,18.883544921875
none,3,258,1.0,0.0,1.0,1.0,1.0,1.0,39.27734375,117.546875,85.86328125,148.19921875,345.890625,280.734375,0.0,0.0,3.91796875,18.60285186767578
none,3,259,1.0,0.0,1.0,1.0,1.0,1.0,37.30078125,116.68359375,87.0703125,144.328125,343.3515625,284.25,0.0,0.0,3.79296875,18.997211456298828
none,3,260,1.0,0.0,1.0,1.0,1.0,1.0,36.4609375,117.63671875,86.6171875,138.30078125,346.359375,282.80859375,0.0,0.0,3.84765625,19.106094360351562
none,3,261,1.0,0.0,1.0,1.0,1.0,1.0,36.76953125,117.62890625,85.65625,138.3515625,348.83203125,278.9375,0.0,0.0,3.98046875,18.95611572265625
none,3,262,1.0,0.0,1.0,1.0,1.0,1.0,38.19921875,118.26171875,86.2421875,144.796875,350.22265625,282.015625,0.0,0.0,3.6015625,19.07025909423828
none,3,263,1.0,0.0,1.0,1.0,1.0,1.0,37.703125,118.9296875,86.8125,143.86328125,350.51171875,283.94140625,0.0,0.0,3.78125,19.245262145996094
none,3,264,1.0,0.0,1.0,1.0,1.0,1.0,36.76953125,119.4453125,88.21484375,142.1484375,353.08984375,288.12890625,0.0,0.0,3.4765625,19.84842300415039
none,3,265,1.0,0.0,1.0,1.0,1.0,1.0,38.5703125,118.51953125,86.5703125,145.59375,349.375,285.3515625,0.0,0.0,3.61328125,19.076196670532227
none,3,266,1.0,0.0,1.0,1.0,1.0,1.0,36.515625,119.60546875,85.7421875,139.296875,352.79296875,280.3359375,0.0,0.0,3.53515625,19.56623077392578
none,3,267,1.0,0.0,1.0,1.0,1.0,1.0,36.578125,118.3203125,87.41796875,140.00390625,348.51953125,284.12890625,0.0,0.0,3.29296875,19.38763999938965
none,3,268,1.0,0.0,1.0,1.0,1.0,1.0,36.734375,119.72265625,85.5,138.37890625,351.10546875,279.74609375,0.0,0.0,3.37109375,19.577903747558594
none,3,269,1.0,0.0,1.0,1.0,1.0,1.0,35.64453125,119.19140625,87.49609375,135.48046875,348.6796875,284.4140625,0.0,0.0,3.40234375,19.643291473388672
none,3,270,1.0,0.0,1.0,1.0,1.0,1.0,36.625,120.37890625,85.49609375,139.046875,351.65234375,276.9609375,0.0,0.0,3.2734375,19.79550552368164
none,3,271,1.0,0.0,1.0,1.0,1.0,1.0,37.4765625,117.5859375,88.90234375,141.87890625,343.50390625,289.203125,0.0,0.0,3.53515625,19.188854217529297
none,3,272,1.0,0.0,1.0,1.0,1.0,1.0,36.7265625,119.5,87.05859375,139.2578125,347.17578125,283.34375,0.0,0.0,3.2265625,19.54316520690918
none,3,273,1.0,0.0,1.0,1.0,1.0,1.0,37.3359375,118.6484375,89.01171875,140.015625,345.796875,290.0625,0.0,0.0,3.28125,19.496469497680664
none,3,274,1.0,0.0,1.0,1.0,1.0,1.0,37.09765625,119.00390625,87.98046875,141.6640625,346.76953125,287.203125,0.0,0.0,2.99609375,19.617435455322266
none,3,275,1.0,0.0,1.0,1.0,1.0,1.0,37.78515625,119.3046875,87.2421875,142.26953125,346.78125,284.9453125,0.0,0.0,3.08203125,19.642663955688477
none,3,276,1.0,0.0,1.0,1.0,1.0,1.0,37.23828125,119.51953125,87.55859375,139.96875,346.80859375,286.48046875,0.0,0.0,3.1953125,19.677364349365234
none,3,277,1.0,0.0,1.0,1.0,1.0,1.0,36.6796875,119.04296875,88.23828125,139.69140625,345.77734375,288.65234375,0.0,0.0,2.70703125,19.94441032409668
none,3,278,1.0,0.0,1.0,1.0,1.0,1.0,36.3515625,120.23046875,88.3671875,138.203125,349.9296875,286.98828125,0.0,0.0,3.359375,19.91497039794922
none,3,279,1.0,0.0,1.0,1.0,1.0,1.0,35.9921875,120.64453125,87.578125,136.328125,351.90234375,287.2421875,0.0,0.0,3.05859375,20.163522720336914
none,3,280,1.0,0.0,1.0,1.0,1.0,1.0,35.28515625,122.23828125,86.828125,133.484375,355.30859375,285.4765625,0.0,0.0,2.84765625,20.45077133178711
none,3,281,1.0,0.0,1.0,1.0,1.0,1.0,35.80078125,120.77734375,87.57421875,135.3203125,351.58984375,284.57421875,0.0,0.0,3.04296875,20.05084800720215
none,3,282,1.0,0.0,1.0,1.0,1.0,1.0,35.6796875,120.80859375,87.55859375,134.546875,350.15234375,283.8515625,0.0,0.0,3.1015625,20.212696075439453
none,3,283,1.0,0.0,1.0,1.0,1.0,1.0,35.9375,119.88671875,87.7265625,135.0625,346.34765625,286.34765625,0.0,0.0,3.20703125,20.004547119140625
none,3,284,1.0,0.0,1.0,1.0,1.0,1.0,35.42578125,120.546875,87.43359375,133.93359375,350.4140625,285.3828125,0.0,0.0,2.890625,20.3093318939209
none,3,285,1.0,0.0,1.0,1.0,1.0,1.0,36.91015625,120.9921875,88.5703125,139.828125,350.4140625,288.1953125,0.0,0.0,2.96875,20.08963966369629
none,3,286,1.0,0.0,1.0,1.0,1.0,1.0,36.59375,120.12890625,88.41015625,138.87109375,350.00390625,288.64453125,0.0,0.0,2.703125,19.93238639831543
none,3,287,1.0,0.0,1.0,1.0,1.0,1.0,37.69921875,120.46484375,89.32421875,142.38671875,350.65625,292.9140625,0.0,0.0,2.83203125,20.046552658081055
none,3,288,1.0,0.0,1.0,1.0,1.0,1.0,36.62109375,121.0390625,88.9921875,139.73046875,351.8515625,290.74609375,0.0,0.0,2.71484375,20.276775360107422
none,3,289,1.0,0.0,1.0,1.0,1.0,1.0,37.5703125,120.55078125,90.25390625,144.59375,350.484375,298.00390625,0.0,0.0,2.90234375,20.05008316040039
none,3,290,1.0,0.0,1.0,1.0,1.0,1.0,36.7578125,120.69140625,89.08984375,140.33203125,353.23828125,294.14453125,0.0,0.0,3.02734375,20.150402069091797
none,3,291,1.0,0.0,1.0,1.0,1.0,1.0,36.4296875,122.77734375,88.078125,139.20703125,356.625,287.84765625,0.0,0.0,2.93359375,20.686355590820312
none,3,292,1.0,0.0,1.0,1.0,1.0,1.0,35.984375,121.05859375,88.58203125,137.890625,352.6953125,292.08203125,0.0,0.0,2.76171875,20.300743103027344
none,3,293,1.0,0.0,1.0,1.0,1.0,1.0,35.34375,124.2109375,87.11328125,135.25390625,360.29296875,284.24609375,0.0,0.0,2.46484375,20.945877075195312
none,3,294,1.0,0.0,1.0,1.0,1.0,1.0,35.58984375,121.93359375,87.37890625,135.6328125,355.12890625,286.1484375,0.0,0.0,2.8046875,20.45351219177246
none,3,295,1.0,0.0,1.0,1.0,1.0,1.0,35.85546875,122.9609375,88.1015625,135.58203125,355.25,290.16015625,0.0,0.0,2.7734375,20.746782302856445
none,3,296,1.0,0.0,1.0,1.0,1.0,1.0,36.171875,123.25390625,88.8671875,137.2890625,356.14453125,291.19921875,0.0,0.0,2.6875,20.827774047851562
none,3,297,1.0,0.0,1.0,1.0,1.0,1.0,35.79296875,123.140625,89.17578125,135.4140625,354.984375,292.703125,0.0,0.0,2.59765625,20.879961013793945
none,3,298,1.0,0.0,1.0,1.0,1.0,1.0,36.08203125,123.39453125,88.12890625,137.16796875,356.79296875,289.33984375,0.0,0.0,2.60546875,20.913864135742188
none,3,299,1.0,0.0,1.0,1.0,1.0,1.0,35.4765625,122.9296875,89.02734375,135.8671875,353.22265625,291.2109375,0.0,0.0,2.5390625,20.95488166809082
none,3,300,1.0,0.0,1.0,1.0,1.0,1.0,36.6953125,122.6015625,88.19140625,138.828125,353.3359375,290.56640625,0.0,0.0,2.46484375,20.82455825805664
none,3,301,1.0,0.0,1.0,1.0,1.0,1.0,35.84375,122.4609375,90.421875,136.06640625,351.828125,295.4453125,0.0,0.0,2.546875,20.953956604003906
none,3,302,1.0,0.0,1.0,1.0,1.0,1.0,36.77734375,122.890625,89.6875,138.65234375,353.859375,293.50390625,0.0,0.0,2.46484375,20.80775260925293
none,3,303,1.0,0.0,1.0,1.0,1.0,1.0,35.96484375,123.55078125,88.7578125,136.0625,354.81640625,290.2265625,0.0,0.0,2.546875,20.846546173095703
none,3,304,1.0,0.0,1.0,1.0,1.0,1.0,35.52734375,124.55859375,87.58203125,135.6796875,359.82421875,287.84375,0.0,0.0,2.6484375,21.30895233154297
none,3,305,1.0,0.0,1.0,1.0,1.0,1.0,35.9453125,124.140625,88.6171875,136.140625,357.79296875,291.2734375,0.0,0.0,2.59765625,20.924171447753906
none,3,306,1.0,0.0,1.0,1.0,1.0,1.0,36.05078125,122.765625,89.22265625,136.390625,355.5546875,290.84375,0.0,0.0,2.39453125,20.97006607055664
none,3,307,1.0,0.0,1.0,1.0,1.0,1.0,34.91796875,123.92578125,87.4921875,133.21484375,356.97265625,289.13671875,0.0,0.0,2.5234375,21.109107971191406
none,3,308,1.0,0.0,1.0,1.0,1.0,1.0,35.171875,123.91796875,89.953125,132.01171875,358.01171875,295.46484375,0.0,0.0,2.5703125,21.35329246520996
none,3,309,1.0,0.0,1.0,1.0,1.0,1.0,34.72265625,125.109375,89.625,133.45703125,361.1328125,294.5,0.0,0.0,2.52734375,21.505470275878906
none,3,310,1.0,0.0,1.0,1.0,1.0,1.0,35.2265625,125.17578125,88.890625,133.2578125,361.4765625,289.0625,0.0,0.0,2.46875,21.413509368896484
none,3,311,1.0,0.0,1.0,1.0,1.0,1.0,35.3046875,125.328125,88.71875,133.6328125,361.5078125,291.53125,0.0,0.0,2.30078125,21.512615203857422
none,3,312,1.0,0.0,1.0,1.0,1.0,1.0,34.35546875,125.375,89.5,132.265625,360.87109375,294.0703125,0.0,0.0,2.3515625,21.60064697265625
none,3,313,1.0,0.0,1.0,1.0,1.0,1.0,35.46875,124.76171875,89.53515625,134.41015625,358.48828125,293.81640625,0.0,0.0,2.3671875,21.407024383544922
none,3,314,1.0,0.0,1.0,1.0,1.0,1.0,35.3671875,125.0,90.16796875,133.71484375,361.05859375,295.50390625,0.0,0.0,2.21484375,21.506689071655273
none,3,315,1.0,0.0,1.0,1.0,1.0,1.0,34.7578125,124.296875,90.7421875,130.6875,358.09375,297.8515625,0.0,0.0,2.41015625,21.52489471435547
none,3,316,1.0,0.0,1.0,1.0,1.0,1.0,34.71484375,125.85546875,89.7421875,131.53515625,364.73046875,293.296875,0.0,0.0,2.44921875,21.570770263671875
none,3,317,1.0,0.0,1.0,1.0,1.0,1.0,34.36328125,125.671875,91.265625,132.59765625,362.3203125,298.05859375,0.0,0.0,2.265625,21.844867706298828
none,3,318,1.0,0.0,1.0,1.0,1.0,1.0,35.6015625,125.88671875,88.22265625,134.8203125,360.6875,291.2734375,0.0,0.0,2.34375,21.6291561126709
none,3,319,1.0,0.0,1.0,1.0,1.0,1.0,34.05078125,126.546875,89.36328125,130.15625,364.9375,293.29296875,0.0,0.0,2.34375,21.971389770507812
none,3,320,1.0,0.0,1.0,1.0,1.0,1.0,34.73046875,125.7421875,90.02734375,132.265625,362.234375,296.046875,0.0,0.0,2.30078125,21.841955184936523
none,3,321,1.0,0.0,1.0,1.0,1.0,1.0,34.6953125,124.59375,91.62109375,132.8359375,357.1484375,300.9375,0.0,0.0,2.1640625,21.83251953125
none,3,322,1.0,0.0,1.0,1.0,1.0,1.0,35.25390625,125.58984375,90.98046875,135.453125,362.578125,297.19921875,0.0,0.0,2.1953125,21.7828369140625
none,3,323,1.0,0.0,1.0,1.0,1.0,1.0,34.40234375,126.53125,89.40625,130.75,363.9375,293.80078125,0.0,0.0,2.25,21.946836471557617
none,3,324,1.0,0.0,1.0,1.0,1.0,1.0,33.69921875,126.84765625,89.20703125,127.828125,365.1640625,293.4375,0.0,0.0,2.05859375,22.309911727905273
none,3,325,1.0,0.0,1.0,1.0,1.0,1.0,32.96875,125.75,90.796875,125.2890625,360.1953125,296.77734375,0.0,0.0,2.03515625,22.274267196655273
none,3,326,1.0,0.0,1.0,1.0,1.0,1.0,33.52734375,125.21484375,91.78125,127.24609375,358.30859375,300.5,0.0,0.0,2.05078125,22.083959579467773
none,3,327,1.0,0.0,1.0,1.0,1.0,1.0,34.890625,127.453125,90.3359375,130.9296875,361.80078125,295.74609375,0.0,0.0,2.1484375,22.206100463867188
none,3,328,1.0,0.0,1.0,1.0,1.0,1.0,33.76953125,127.5390625,90.05078125,126.6171875,365.08984375,292.37890625,0.0,0.0,2.01953125,22.38961410522461
none,3,329,1.0,0.0,1.0,1.0,1.0,1.0,33.48828125,126.79296875,90.53125,126.30078125,360.36328125,296.53515625,0.0,0.0,2.2265625,22.2860107421875
none,3,330,1.0,0.0,1.0,1.0,1.0,1.0,34.6328125,127.12890625,90.83984375,131.39453125,366.1484375,296.46875,0.0,0.0,2.0,22.276519775390625
none,3,331,1.0,0.0,1.0,1.0,1.0,1.0,35.109375,126.51171875,91.12109375,132.7265625,361.64453125,299.16796875,0.0,0.0,2.10546875,22.081388473510742
none,3,332,1.0,0.0,1.0,1.0,1.0,1.0,34.75390625,127.234375,90.875,132.4140625,363.86328125,300.84375,0.0,0.0,2.0625,22.2457332611084
none,3,333,1.0,0.0,1.0,1.0,1.0,1.0,34.734375,126.59375,90.23828125,131.84375,363.67578125,297.58203125,0.0,0.0,2.1796875,22.194189071655273
none,3,334,1.0,0.0,1.0,1.0,1.0,1.0,34.37109375,126.37890625,92.53125,132.14453125,359.96484375,304.875,0.0,0.0,2.08203125,22.413284301757812
none,3,335,1.0,0.0,1.0,1.0,1.0,1.0,33.8671875,126.80859375,91.03125,130.49609375,363.05078125,300.62890625,0.0,0.0,1.96875,22.325414657592773
none,3,336,1.0,0.0,1.0,1.0,1.0,1.0,33.03125,128.3515625,90.7734375,127.1484375,367.1953125,301.984375,0.0,0.0,1.98046875,22.68157196044922
none,3,337,1.0,0.0,1.0,1.0,1.0,1.0,32.58203125,128.4140625,91.50390625,123.54296875,366.80078125,301.5078125,0.0,0.0,1.8828125,22.976032257080078
none,3,338,1.0,0.0,1.0,1.0,1.0,1.0,31.8046875,128.3515625,89.85546875,122.18359375,367.3203125,298.6875,0.0,0.0,2.00390625,22.86270523071289
none,3,339,1.0,0.0,1.0,1.0,1.0,1.0,32.48046875,128.0859375,90.7109375,125.59375,366.5703125,296.83203125,0.0,0.0,2.05859375,22.74323081970215
none,3,340,1.0,0.0,1.0,1.0,1.0,1.0,33.99609375,128.8828125,89.2109375,130.56640625,370.39453125,293.44921875,0.0,0.0,1.90625,22.740835189819336
none,3,341,1.0,0.0,1.0,1.0,1.0,1.0,33.55859375,128.671875,91.3984375,128.99609375,368.89453125,302.16015625,0.0,0.0,2.1796875,22.79596519470215
none,3,342,1.0,0.0,1.0,1.0,1.0,1.0,34.3125,128.3125,92.015625,131.9453125,366.20703125,301.23828125,0.0,0.0,1.99609375,22.748973846435547
none,3,343,1.0,0.0,1.0,1.0,1.0,1.0,33.92578125,127.47265625,90.77734375,129.7890625,364.15234375,298.42578125,0.0,0.0,1.85546875,22.634456634521484
none,3,344,1.0,0.0,1.0,1.0,1.0,1.0,34.28515625,128.26953125,89.87890625,131.109375,363.91796875,292.09765625,0.0,0.0,2.171875,22.543508529663086
none,3,345,1.0,0.0,1.0,1.0,1.0,1.0,32.625,130.4921875,90.2578125,123.234375,370.3984375,294.26953125,0.0,0.0,1.8671875,23.313785552978516
none,3,346,1.0,0.0,1.0,1.0,1.0,1.0,32.5546875,128.4453125,91.5625,123.91015625,362.17578125,298.95703125,0.0,0.0,1.875,23.116065979003906
none,3,347,1.0,0.0,1.0,1.0,1.0,1.0,31.87109375,130.13671875,90.87890625,122.4296875,368.5625,292.390625,0.0,0.0,1.8984375,23.166133880615234
none,3,348,1.0,0.0,1.0,1.0,1.0,1.0,32.46875,130.11328125,90.4609375,123.36328125,367.03515625,291.9296875,0.0,0.0,1.8984375,23.21942710876465
none,3,349,1.0,0.0,1.0,1.0,1.0,1.0,31.3046875,130.51171875,91.56640625,119.46484375,369.2734375,296.4765625,0.0,0.0,1.9453125,23.5616455078125
none,3,350,1.0,0.0,1.0,1.0,1.0,1.0,32.92578125,131.18359375,92.18359375,126.296875,371.21484375,300.22265625,0.0,0.0,1.9140625,23.33749008178711
none,3,351,1.0,0.0,1.0,1.0,1.0,1.0,32.41796875,130.9609375,92.26953125,123.59765625,370.9140625,303.01171875,0.0,0.0,2.03515625,23.654447555541992
none,3,352,1.0,0.0,1.0,1.0,1.0,1.0,31.46875,130.74609375,91.12109375,120.2109375,371.91015625,295.83203125,0.0,0.0,2.0625,23.558361053466797
none,3,353,1.0,0.0,1.0,1.0,1.0,1.0,33.2421875,130.3984375,90.3828125,128.28125,372.11328125,296.5234375,0.0,0.0,1.9609375,23.234655380249023
none,3,354,1.0,0.0,1.0,1.0,1.0,1.0,32.69140625,130.79296875,90.55078125,126.62109375,371.25390625,295.0390625,0.0,0.0,2.0859375,23.518604278564453
none,3,355,1.0,0.0,1.0,1.0,1.0,1.0,33.078125,130.57421875,91.60546875,125.05078125,369.46875,299.8203125,0.0,0.0,2.015625,23.23779296875
none,3,356,1.0,0.0,1.0,1.0,1.0,1.0,33.1796875,130.7890625,90.8828125,127.49609375,371.22265625,298.8203125,0.0,0.0,1.98046875,23.355064392089844
none,3,357,1.0,0.0,1.0,1.0,1.0,1.0,33.40234375,130.84765625,91.5390625,126.72265625,371.56640625,298.046875,0.0,0.0,1.734375,23.40179443359375
none,3,358,1.0,0.0,1.0,1.0,1.0,1.0,33.68359375,130.61328125,90.5546875,127.7421875,370.80859375,296.01953125,0.0,0.0,2.06640625,23.12891960144043
none,3,359,1.0,0.0,1.0,1.0,1.0,1.0,32.453125,130.7890625,92.51953125,123.55078125,370.1171875,303.37109375,0.0,0.0,1.7734375,23.54371452331543
none,3,360,1.0,0.0,1.0,1.0,1.0,1.0,31.90234375,131.46875,91.91796875,121.09765625,371.51171875,300.82421875,0.0,0.0,1.875,23.6723690032959
none,3,361,1.0,0.0,1.0,1.0,1.0,1.0,32.8828125,131.9296875,90.72265625,123.390625,372.28125,296.08984375,0.0,0.0,1.6953125,23.46943473815918
none,3,362,1.0,0.0,1.0,1.0,1.0,1.0,31.4453125,131.359375,93.0234375,119.703125,371.54296875,301.39453125,0.0,0.0,1.73828125,23.925565719604492
none,3,363,1.0,0.0,1.0,1.0,1.0,1.0,31.26953125,133.45703125,91.84375,119.46484375,376.859375,298.99609375,0.0,0.0,1.79296875,24.07168197631836
none,3,364,1.0,0.0,1.0,1.0,1.0,1.0,30.859375,131.8125,91.25390625,118.296875,374.578125,298.7265625,0.0,0.0,1.7734375,23.933530807495117
none,3,365,1.0,0.0,1.0,1.0,1.0,1.0,30.9765625,132.7734375,92.43359375,119.1171875,374.328125,300.05078125,0.0,0.0,1.73828125,24.132253646850586
none,3,366,1.0,0.0,1.0,1.0,1.0,1.0,30.125,132.43359375,92.87890625,116.31640625,374.12109375,303.33984375,0.0,0.0,1.828125,24.202423095703125
none,3,367,1.0,0.0,1.0,1.0,1.0,1.0,30.70703125,131.86328125,92.4140625,117.95703125,372.8828125,301.01953125,0.0,0.0,1.6953125,23.904071807861328
none,3,368,1.0,0.0,1.0,1.0,1.0,1.0,30.78515625,132.25390625,93.03515625,118.03125,373.51171875,302.2890625,0.0,0.0,1.87890625,24.041393280029297
none,3,369,1.0,0.0,1.0,1.0,1.0,1.0,31.09375,132.1640625,92.6640625,118.5234375,373.265625,301.72265625,0.0,0.0,1.6328125,24.014312744140625
none,3,370,1.0,0.0,1.0,1.0,1.0,1.0,32.23046875,132.62890625,91.86328125,122.97265625,374.015625,298.75390625,0.0,0.0,1.7890625,23.90161895751953
none,3,371,1.0,0.0,1.0,1.0,1.0,1.0,31.45703125,132.171875,94.8984375,118.30859375,371.765625,308.6640625,0.0,0.0,1.6171875,24.151691436767578
none,3,372,1.0,0.0,1.0,1.0,1.0,1.0,30.9296875,133.5234375,91.5859375,117.93359375,375.515625,297.01953125,0.0,0.0,1.74609375,24.18471908569336
none,3,373,1.0,0.0,1.0,1.0,1.0,1.0,31.0703125,132.9609375,93.0,118.46875,374.4140625,302.23828125,0.0,0.0,1.6953125,24.218542098999023
none,3,374,1.0,0.0,1.0,1.0,1.0,1.0,31.37109375,132.421875,93.2578125,121.4921875,373.20703125,304.078125,0.0,0.0,1.76171875,24.166860580444336
none,3,375,1.0,0.0,1.0,1.0,1.0,1.0,31.25390625,133.1796875,92.26953125,118.82421875,375.6171875,302.2265625,0.0,0.0,1.6484375,24.418380737304688
none,3,376,1.0,0.0,1.0,1.0,1.0,1.0,32.16796875,133.171875,93.64453125,123.33984375,375.6484375,307.2265625,0.0,0.0,1.76953125,24.193349838256836
none,3,377,1.0,0.0,1.0,1.0,1.0,1.0,31.7421875,133.8515625,90.69140625,121.3359375,378.38671875,299.03515625,0.0,0.0,1.765625,24.308547973632812
none,3,378,1.0,0.0,1.0,1.0,1.0,1.0,30.21484375,134.00390625,91.42578125,117.08203125,380.4296875,299.7421875,0.0,0.0,1.8203125,24.57137107849121
none,3,379,1.0,0.0,1.0,1.0,1.0,1.0,30.71875,134.4140625,92.703125,120.64453125,378.33984375,305.34375,0.0,0.0,1.625,24.81183433532715
none,3,380,1.0,0.0,1.0,1.0,1.0,1.0,30.4453125,134.78125,92.1796875,117.83203125,379.19140625,303.80859375,0.0,0.0,1.71875,24.548141479492188
none,3,381,1.0,0.0,1.0,1.0,1.0,1.0,30.6015625,134.63671875,91.8359375,118.2890625,381.53125,300.953125,0.0,0.0,1.69140625,24.74129867553711
none,3,382,1.0,0.0,1.0,1.0,1.0,1.0,31.171875,135.2421875,91.453125,119.9765625,382.3359375,301.0625,0.0,0.0,1.62890625,24.56631088256836
none,3,383,1.0,0.0,1.0,1.0,1.0,1.0,30.88671875,134.7578125,91.7734375,118.5390625,379.78515625,300.52734375,0.0,0.0,1.625,24.503154754638672
none,3,384,1.0,0.0,1.0,1.0,1.0,1.0,30.55078125,134.38671875,93.44140625,118.11328125,378.67578125,304.09375,0.0,0.0,1.65234375,24.636350631713867
none,3,385,1.0,0.0,1.0,1.0,1.0,1.0,30.1484375,134.56640625,92.484375,116.3515625,376.359375,300.76953125,0.0,0.0,1.62109375,24.817615509033203
none,3,386,1.0,0.0,1.0,1.0,1.0,1.0,31.25,135.18359375,93.30078125,119.12890625,379.96484375,301.86328125,0.0,0.0,1.61328125,24.79229736328125
none,3,387,1.0,0.0,1.0,1.0,1.0,1.0,30.609375,135.30078125,93.609375,117.87109375,380.65625,303.01953125,0.0,0.0,1.60546875,24.688236236572266
none,3,388,1.0,0.0,1.0,1.0,1.0,1.0,29.77734375,136.6015625,93.828125,115.4375,383.12109375,303.71875,0.0,0.0,1.62890625,25.480098724365234
none,3,389,1.0,0.0,1.0,1.0,1.0,1.0,30.64453125,135.88671875,93.328125,117.9375,382.7109375,299.2265625,0.0,0.0,1.62890625,24.936279296875
none,3,390,1.0,0.0,1.0,1.0,1.0,1.0,30.44921875,137.3359375,92.82421875,118.20703125,386.97265625,299.046875,0.0,0.0,1.46875,25.348724365234375
none,3,391,1.0,0.0,1.0,1.0,1.0,1.0,30.828125,134.546875,94.7734375,118.01171875,378.80859375,308.73828125,0.0,0.0,1.56640625,24.72408676147461
none,3,392,1.0,0.0,1.0,1.0,1.0,1.0,30.6875,135.6484375,93.484375,117.62109375,381.95703125,302.9296875,0.0,0.0,1.515625,24.938961029052734
none,3,393,1.0,0.0,1.0,1.0,1.0,1.0,30.62890625,135.8828125,93.30859375,117.83203125,380.53515625,305.296875,0.0,0.0,1.5625,25.015668869018555
none,3,394,1.0,0.0,1.0,1.0,1.0,1.0,30.3359375,135.76953125,94.3671875,115.78125,383.34765625,306.640625,0.0,0.0,1.47265625,25.232990264892578
none,3,395,1.0,0.0,1.0,1.0,1.0,1.0,30.01953125,136.44921875,93.55078125,116.375,382.72265625,305.2421875,0.0,0.0,1.5390625,25.16145896911621
none,3,396,1.0,0.0,1.0,1.0,1.0,1.0,29.8359375,136.0546875,94.2265625,116.42578125,380.98046875,306.78515625,0.0,0.0,1.46484375,25.330989837646484
none,3,397,1.0,0.0,1.0,1.0,1.0,1.0,29.625,136.46875,93.8125,113.5859375,383.46875,304.640625,0.0,0.0,1.41796875,25.411518096923828
none,3,398,1.0,0.0,1.0,1.0,1.0,1.0,29.9140625,135.59375,93.8125,115.1640625,380.86328125,304.8984375,0.0,0.0,1.5625,24.978164672851562
none,3,399,1.0,0.0,1.0,1.0,1.0,1.0,29.26171875,136.28515625,93.29296875,112.6015625,381.20703125,304.5546875,0.0,0.0,1.5625,25.344314575195312
none,3,400,1.0,0.0,1.0,1.0,1.0,1.0,29.078125,137.44140625,94.1171875,111.9921875,386.26953125,304.87890625,0.0,0.0,1.453125,25.438457489013672
none,3,401,1.0,0.0,1.0,1.0,1.0,1.0,29.7890625,135.80078125,95.7109375,115.03125,380.2109375,311.875,0.0,0.0,1.453125,25.320858001708984
none,3,402,1.0,0.0,1.0,1.0,1.0,1.0,30.0078125,136.46875,94.203125,116.79296875,382.79296875,305.16796875,0.0,0.0,1.50390625,25.20355224609375
none,3,403,1.0,0.0,1.0,1.0,1.0,1.0,29.65625,136.8515625,95.60546875,115.24609375,384.3828125,309.84375,0.0,0.0,1.50390625,25.5235595703125
none,3,404,1.0,0.0,1.0,1.0,1.0,1.0,29.578125,137.73828125,94.2734375,113.68359375,386.8203125,307.22265625,0.0,0.0,1.45703125,25.59713363647461
none,3,405,1.0,0.0,1.0,1.0,1.0,1.0,28.86328125,137.3125,96.0234375,112.83203125,385.21875,310.0625,0.0,0.0,1.3046875,25.720653533935547
none,3,406,1.0,0.0,1.0,1.0,1.0,1.0,29.3203125,138.3984375,92.88671875,113.765625,387.0859375,300.8671875,0.0,0.0,1.61328125,25.34326171875
none,3,407,1.0,0.0,1.0,1.0,1.0,1.0,29.36328125,136.359375,95.046875,113.10546875,382.109375,308.21875,0.0,0.0,1.453125,25.366012573242188
none,3,408,1.0,0.0,1.0,1.0,1.0,1.0,29.2265625,137.59375,94.703125,114.9296875,384.7265625,308.45703125,0.0,0.0,1.53515625,25.590869903564453
none,3,409,1.0,0.0,1.0,1.0,1.0,1.0,29.06640625,137.10546875,94.625,115.1015625,383.3359375,306.31640625,0.0,0.0,1.546875,25.454252243041992
none,3,410,1.0,0.0,1.0,1.0,1.0,1.0,28.140625,137.71875,96.15234375,112.05859375,384.2890625,310.9765625,0.0,0.0,1.44921875,25.970256805419922
none,3,411,1.0,0.0,1.0,1.0,1.0,1.0,28.40234375,137.2734375,95.78515625,109.75390625,383.29296875,310.63671875,0.0,0.0,1.48828125,25.776782989501953
none,3,412,1.0,0.0,1.0,1.0,1.0,1.0,28.8046875,138.40625,94.0,112.1171875,386.94921875,303.73828125,0.0,0.0,1.3984375,25.82339096069336
none,3,413,1.0,0.0,1.0,1.0,1.0,1.0,29.0234375,137.93359375,94.1875,111.85546875,385.0859375,305.20703125,0.0,0.0,1.5,25.755407333374023
none,3,414,1.0,0.0,1.0,1.0,1.0,1.0,28.81640625,137.46875,95.3046875,110.31640625,382.94921875,309.14453125,0.0,0.0,1.36328125,25.63783836364746
none,3,415,1.0,0.0,1.0,1.0,1.0,1.0,29.22265625,137.625,95.2890625,112.8046875,383.0859375,308.9375,0.0,0.0,1.5078125,25.759292602539062
none,3,416,1.0,0.0,1.0,1.0,1.0,1.0,28.59765625,138.10546875,95.09375,110.625,384.2890625,304.78515625,0.0,0.0,1.359375,25.695043563842773
none,3,417,1.0,0.0,1.0,1.0,1.0,1.0,28.8046875,137.984375,94.796875,111.55078125,384.92578125,303.546875,0.0,0.0,1.4765625,25.793981552124023
none,3,418,1.0,0.0,1.0,1.0,1.0,1.0,29.2421875,139.01953125,95.1796875,112.9609375,386.36328125,305.44921875,0.0,0.0,1.36328125,25.952877044677734
none,3,419,1.0,0.0,1.0,1.0,1.0,1.0,28.69921875,138.94140625,93.59765625,111.98046875,386.34375,302.0390625,0.0,0.0,1.28125,26.015798568725586
none,3,420,1.0,0.0,1.0,1.0,1.0,1.0,29.34765625,139.1015625,93.56640625,112.73046875,385.15625,299.51171875,0.0,0.0,1.61328125,25.7961483001709
none,3,421,1.0,0.0,1.0,1.0,1.0,1.0,29.22265625,139.69921875,93.515625,113.5234375,388.0390625,298.72265625,0.0,0.0,1.28125,26.056880950927734
none,3,422,1.0,0.0,1.0,1.0,1.0,1.0,28.56640625,139.65625,94.1640625,110.703125,387.48828125,301.8359375,0.0,0.0,1.33984375,25.882884979248047
none,3,423,1.0,0.0,1.0,1.0,1.0,1.0,29.2890625,139.17578125,93.5078125,112.22265625,386.421875,300.8984375,0.0,0.0,1.5234375,25.865280151367188
none,3,424,1.0,0.0,1.0,1.0,1.0,1.0,28.609375,140.07421875,93.25,109.625,389.2421875,301.46875,0.0,0.0,1.2421875,26.14238739013672
none,3,425,1.0,0.0,1.0,1.0,1.0,1.0,28.96875,139.8125,94.16796875,110.734375,386.015625,303.12890625,0.0,0.0,1.44921875,26.234981536865234
none,3,426,1.0,0.0,1.0,1.0,1.0,1.0,28.625,139.140625,95.8046875,111.484375,386.046875,308.10546875,0.0,0.0,1.35546875,26.09392547607422
none,3,427,1.0,0.0,1.0,1.0,1.0,1.0,29.1640625,139.58203125,94.1484375,112.546875,386.94921875,302.44140625,0.0,0.0,1.3984375,25.960479736328125
none,3,428,1.0,0.0,1.0,1.0,1.0,1.0,29.046875,138.97265625,95.23046875,112.234375,384.1953125,307.828125,0.0,0.0,1.3828125,25.975299835205078
none,3,429,1.0,0.0,1.0,1.0,1.0,1.0,28.9609375,139.14453125,95.28515625,112.30078125,385.61328125,308.015625,0.0,0.0,1.38671875,26.0709228515625
none,3,430,1.0,0.0,1.0,1.0,1.0,1.0,27.8671875,140.984375,94.76953125,108.23046875,390.5703125,302.87890625,0.0,0.0,1.3671875,26.684097290039062
none,3,431,1.0,0.0,1.0,1.0,1.0,1.0,27.43359375,140.40625,95.31640625,108.0234375,389.47265625,304.53125,0.0,0.0,1.1640625,26.6936092376709
none,3,432,1.0,0.0,1.0,1.0,1.0,1.0,27.65234375,140.671875,92.984375,108.24609375,392.95703125,297.3671875,0.0,0.0,1.31640625,26.353404998779297
none,3,433,1.0,0.0,1.0,1.0,1.0,1.0,27.578125,140.56640625,94.35546875,108.36328125,392.09375,303.45703125,0.0,0.0,1.33203125,26.537574768066406
none,3,434,1.0,0.0,1.0,1.0,1.0,1.0,27.03125,140.16015625,95.78515625,105.48046875,387.625,306.81640625,0.0,0.0,1.3671875,26.436613082885742
none,3,435,1.0,0.0,1.0,1.0,1.0,1.0,27.55859375,139.98828125,95.0859375,107.30078125,387.5625,305.48046875,0.0,0.0,1.37890625,26.46527671813965
none,3,436,1.0,0.0,1.0,1.0,1.0,1.0,27.64453125,140.2734375,95.1953125,108.046875,388.09375,306.2890625,0.0,0.0,1.35546875,26.536359786987305
none,3,437,1.0,0.0,1.0,1.0,1.0,1.0,28.57421875,141.28125,94.33203125,111.25390625,390.89453125,301.515625,0.0,0.0,1.31640625,26.536169052124023
none,3,438,1.0,0.0,1.0,1.0,1.0,1.0,28.39453125,142.0859375,93.41015625,109.76171875,393.1796875,298.23828125,0.0,0.0,1.36328125,26.628276824951172
none,3,439,1.0,0.0,1.0,1.0,1.0,1.0,28.328125,141.2421875,94.3984375,110.984375,390.29296875,300.8125,0.0,0.0,1.234375,26.605754852294922
none,3,440,1.0,0.0,1.0,1.0,1.0,1.0,28.6796875,140.90234375,95.12890625,110.66015625,388.390625,302.921875,0.0,0.0,1.390625,26.539230346679688
none,3,441,1.0,0.0,1.0,1.0,1.0,1.0,29.15625,141.23828125,93.6171875,112.69140625,388.1796875,298.921875,0.0,0.0,1.39453125,26.313018798828125
none,3,442,1.0,0.0,1.0,1.0,1.0,1.0,28.44921875,140.4140625,95.92578125,111.08984375,386.09765625,306.48828125,0.0,0.0,1.26171875,26.533191680908203
none,3,443,1.0,0.0,1.0,1.0,1.0,1.0,29.17578125,138.546875,97.35546875,112.4375,381.25,311.34765625,0.0,0.0,1.33203125,26.31996726989746
none,3,444,1.0,0.0,1.0,1.0,1.0,1.0,28.09375,139.3828125,95.6640625,109.43359375,385.87109375,306.01171875,0.0,0.0,1.44921875,26.398956298828125
none,3,445,1.0,0.0,1.0,1.0,1.0,1.0,29.33984375,141.4296875,94.73828125,112.30859375,391.25390625,302.62109375,0.0,0.0,1.44921875,26.44659996032715
none,3,446,1.0,0.0,1.0,1.0,1.0,1.0,28.18359375,141.55859375,97.1015625,108.5234375,392.984375,310.2109375,0.0,0.0,1.33984375,27.070968627929688
none,3,447,1.0,0.0,1.0,1.0,1.0,1.0,27.86328125,141.984375,97.4921875,106.81640625,391.55078125,312.52734375,0.0,0.0,1.1875,26.90741539001465
none,3,448,1.0,0.0,1.0,1.0,1.0,1.0,27.55078125,140.91015625,94.59375,106.828125,390.99609375,302.0390625,0.0,0.0,1.28125,26.758861541748047
none,3,449,1.0,0.0,1.0,1.0,1.0,1.0,27.84375,141.40625,96.51171875,107.26953125,391.10546875,308.9765625,0.0,0.0,1.3671875,26.83437728881836
none,3,450,1.0,0.0,1.0,1.0,1.0,1.0,27.93359375,140.89453125,96.52734375,108.43359375,388.6171875,309.9765625,0.0,0.0,1.21875,26.674373626708984
none,3,451,1.0,0.0,1.0,1.0,1.0,1.0,28.38671875,142.5234375,95.08203125,109.1484375,393.10546875,302.9453125,0.0,0.0,1.3828125,26.921981811523438
none,3,452,1.0,0.0,1.0,1.0,1.0,1.0,27.93359375,142.6171875,95.140625,108.0390625,390.9765625,303.34375,0.0,0.0,1.26953125,27.07830810546875
none,3,453,1.0,0.0,1.0,1.0,1.0,1.0,27.3203125,140.3828125,97.75390625,106.7578125,386.921875,310.91796875,0.0,0.0,1.4453125,26.77962303161621
none,3,454,1.0,0.0,1.0,1.0,1.0,1.0,27.4609375,143.1875,95.3046875,106.11328125,395.96875,305.87890625,0.0,0.0,1.4140625,27.161916732788086
none,3,455,1.0,0.0,1.0,1.0,1.0,1.0,27.85546875,142.0078125,95.90625,107.82421875,391.734375,304.78125,0.0,0.0,1.359375,26.85100555419922
none,3,456,1.0,0.0,1.0,1.0,1.0,1.0,27.35546875,142.79296875,95.65625,106.2109375,391.875,305.375,0.0,0.0,1.265625,27.16109848022461
none,3,457,1.0,0.0,1.0,1.0,1.0,1.0,27.515625,142.53125,97.33203125,106.734375,393.63671875,311.66015625,0.0,0.0,1.24609375,27.191638946533203
none,3,458,1.0,0.0,1.0,1.0,1.0,1.0,27.2109375,142.0703125,97.40234375,106.078125,390.8203125,310.46875,0.0,0.0,1.25390625,27.087154388427734
none,3,459,1.0,0.0,1.0,1.0,1.0,1.0,27.703125,142.8984375,96.40234375,108.37109375,394.375,308.05078125,0.0,0.0,1.171875,27.176639556884766
none,3,460,1.0,0.0,1.0,1.0,1.0,1.0,28.25,142.74609375,97.05078125,110.109375,393.54296875,309.1484375,0.0,0.0,1.23046875,27.343303680419922
none,3,461,1.0,0.0,1.0,1.0,1.0,1.0,27.94921875,142.90234375,95.7265625,107.86328125,394.32421875,307.0546875,0.0,0.0,1.2890625,27.17982292175293
none,3,462,1.0,0.0,1.0,1.0,1.0,1.0,28.55078125,142.11328125,96.48046875,110.66015625,392.46484375,309.15625,0.0,0.0,1.19140625,27.103361129760742
none,3,463,1.0,0.0,1.0,1.0,1.0,1.0,28.46484375,143.7265625,95.62890625,109.87109375,397.203125,305.7578125,0.0,0.0,1.17578125,27.390945434570312
none,3,464,1.0,0.0,1.0,1.0,1.0,1.0,28.25390625,144.14453125,95.52734375,109.74609375,397.02734375,305.98828125,0.0,0.0,1.17578125,27.473989486694336
none,3,465,1.0,0.0,1.0,1.0,1.0,1.0,28.45703125,142.96484375,94.18359375,110.5546875,395.87109375,300.546875,0.0,0.0,1.19921875,27.112411499023438
none,3,466,1.0,0.0,1.0,1.0,1.0,1.0,28.0625,143.69140625,94.0234375,108.75390625,396.56640625,300.67578125,0.0,0.0,1.2265625,27.254104614257812
none,3,467,1.0,0.0,1.0,1.0,1.0,1.0,28.13671875,143.68359375,94.35546875,108.79296875,396.140625,300.08203125,0.0,0.0,1.21875,27.424556732177734
none,3,468,1.0,0.0,1.0,1.0,1.0,1.0,27.34765625,143.30859375,96.02734375,107.10546875,394.03515625,306.96875,0.0,0.0,1.34375,27.29531478881836
none,3,469,1.0,0.0,1.0,1.0,1.0,1.0,27.40234375,143.3828125,94.703125,106.30859375,393.61328125,301.1015625,0.0,0.0,1.14453125,27.257110595703125
none,3,470,1.0,0.0,1.0,1.0,1.0,1.0,26.8515625,143.43359375,95.4375,104.796875,394.8671875,305.33203125,0.0,0.0,1.19921875,27.435531616210938
none,3,471,1.0,0.0,1.0,1.0,1.0,1.0,27.40234375,143.4296875,95.640625,104.7890625,393.07421875,305.5546875,0.0,0.0,1.1328125,27.515422821044922
none,3,472,1.0,0.0,1.0,1.0,1.0,1.0,27.796875,143.19921875,95.765625,106.67578125,393.61328125,303.09765625,0.0,0.0,1.18359375,27.366039276123047
none,3,473,1.0,0.0,1.0,1.0,1.0,1.0,27.79296875,143.60546875,96.29296875,107.5,393.49609375,303.796875,0.0,0.0,1.26171875,27.351238250732422
none,3,474,1.0,0.0,1.0,1.0,1.0,1.0,28.57421875,143.41796875,96.4765625,108.5625,392.87890625,304.5546875,0.0,0.0,1.203125,27.197479248046875
none,3,475,1.0,0.0,1.0,1.0,1.0,1.0,28.2734375,142.8671875,96.19921875,110.078125,392.08984375,304.6328125,0.0,0.0,1.3359375,27.176708221435547
none,3,476,1.0,0.0,1.0,1.0,1.0,1.0,27.08984375,143.859375,95.3203125,106.15625,393.75390625,300.34765625,0.0,0.0,1.2890625,27.343849182128906
none,3,477,1.0,0.0,1.0,1.0,1.0,1.0,27.5078125,144.16796875,96.97265625,107.1640625,392.7734375,307.37890625,0.0,0.0,1.03515625,27.751354217529297
none,3,478,1.0,0.0,1.0,1.0,1.0,1.0,27.8203125,144.61328125,96.05078125,108.1171875,396.34765625,304.9609375,0.0,0.0,1.18359375,27.469070434570312
none,3,479,1.0,0.0,1.0,1.0,1.0,1.0,28.33203125,143.69140625,97.03515625,108.7890625,395.4140625,308.28515625,0.0,0.0,1.29296875,27.333942413330078
none,3,480,1.0,0.0,1.0,1.0,1.0,1.0,27.36328125,144.05078125,96.6171875,107.6484375,397.3984375,306.984375,0.0,0.0,1.26171875,27.559722900390625
none,3,481,1.0,0.0,1.0,1.0,1.0,1.0,26.9453125,144.24609375,96.4609375,104.765625,397.01171875,308.81640625,0.0,0.0,1.1328125,27.773399353027344
none,3,482,1.0,0.0,1.0,1.0,1.0,1.0,27.1640625,145.31640625,95.22265625,105.859375,402.5703125,303.19921875,0.0,0.0,1.26171875,27.85256004333496
none,3,483,1.0,0.0,1.0,1.0,1.0,1.0,27.6015625,145.30859375,97.86328125,107.45703125,398.0,313.55078125,0.0,0.0,1.18359375,27.82039451599121
none,3,484,1.0,0.0,1.0,1.0,1.0,1.0,27.21484375,143.96484375,98.84765625,104.75390625,397.05078125,317.66015625,0.0,0.0,1.140625,27.734344482421875
none,3,485,1.0,0.0,1.0,1.0,1.0,1.0,26.390625,145.80078125,97.1171875,103.96875,400.43359375,310.80859375,0.0,0.0,1.078125,28.21010398864746
none,3,486,1.0,0.0,1.0,1.0,1.0,1.0,26.18359375,145.52734375,96.64453125,103.546875,398.72265625,307.40625,0.0,0.0,1.19921875,28.153697967529297
none,3,487,1.0,0.0,1.0,1.0,1.0,1.0,27.265625,144.03125,98.69140625,106.21484375,394.4609375,314.1640625,0.0,0.0,1.28125,27.792369842529297
none,3,488,1.0,0.0,1.0,1.0,1.0,1.0,26.21875,145.875,95.93359375,103.0703125,399.5546875,304.8984375,0.0,0.0,1.046875,28.09895896911621
none,3,489,1.0,0.0,1.0,1.0,1.0,1.0,26.29296875,146.67578125,95.28515625,102.33203125,402.9296875,303.40625,0.0,0.0,1.203125,28.287710189819336
none,3,490,1.0,0.0,1.0,1.0,1.0,1.0,26.65625,145.79296875,96.79296875,103.8515625,399.51953125,307.06640625,0.0,0.0,1.3359375,28.061145782470703
none,3,491,1.0,0.0,1.0,1.0,1.0,1.0,26.09375,146.20703125,96.33203125,102.7421875,398.19921875,305.03515625,0.0,0.0,1.09375,28.319501876831055
none,3,492,1.0,0.0,1.0,1.0,1.0,1.0,25.40625,146.2265625,95.77734375,100.5,399.37890625,305.0,0.0,0.0,1.30078125,28.4031982421875
none,3,493,1.0,0.0,1.0,1.0,1.0,1.0,26.05078125,145.953125,96.39453125,101.91015625,397.3046875,305.4765625,0.0,0.0,1.2265625,28.141307830810547
none,3,494,1.0,0.0,1.0,1.0,1.0,1.0,26.60546875,145.64453125,95.25,103.3203125,396.40625,303.078125,0.0,0.0,1.140625,28.01296043395996
none,3,495,1.0,0.0,1.0,1.0,1.0,1.0,26.34765625,145.64453125,97.44140625,104.3203125,398.609375,308.5,0.0,0.0,1.1015625,28.1217098236084
none,3,496,1.0,0.0,1.0,1.0,1.0,1.0,26.05078125,144.40625,97.65625,102.97265625,393.08203125,309.7578125,0.0,0.0,1.1796875,28.161306381225586
none,3,497,1.0,0.0,1.0,1.0,1.0,1.0,26.3359375,145.7734375,96.90234375,104.56640625,396.34765625,306.0390625,0.0,0.0,1.14453125,28.01333236694336
none,3,498,1.0,0.0,1.0,1.0,1.0,1.0,26.3125,146.62109375,97.7109375,104.515625,401.0546875,310.171875,0.0,0.0,1.19921875,28.451858520507812
none,3,499,1.0,0.0,1.0,1.0,1.0,1.0,26.21875,145.97265625,96.60546875,104.04296875,398.15625,308.015625,0.0,0.0,1.05859375,28.327001571655273
none,3,500,1.0,0.0,1.0,1.0,1.0,1.0,26.0625,146.94921875,96.91796875,101.12109375,400.58203125,308.078125,0.0,0.0,1.1015625,28.455730438232422
none,3,501,1.0,0.0,1.0,1.0,1.0,1.0,25.75390625,146.10546875,96.46484375,102.8203125,398.39453125,308.41796875,0.0,0.0,1.125,28.180295944213867
none,3,502,1.0,0.0,1.0,1.0,1.0,1.0,26.328125,146.8125,97.3203125,102.40234375,399.12109375,312.18359375,0.0,0.0,1.21484375,28.280593872070312
none,3,503,1.0,0.0,1.0,1.0,1.0,1.0,25.421875,147.64453125,96.40625,100.5859375,403.37109375,304.79296875,0.0,0.0,1.1953125,28.618221282958984
none,3,504,1.0,0.0,1.0,1.0,1.0,1.0,25.8359375,147.62109375,97.6171875,101.76171875,403.0078125,310.6171875,0.0,0.0,1.10546875,28.620220184326172
none,3,505,1.0,0.0,1.0,1.0,1.0,1.0,24.9296875,147.1796875,96.1796875,99.8984375,401.58203125,306.6484375,0.0,0.0,1.1015625,28.702133178710938
none,3,506,1.0,0.0,1.0,1.0,1.0,1.0,26.61328125,146.734375,97.0625,105.609375,401.12890625,305.42578125,0.0,0.0,1.15234375,28.42268943786621
none,3,507,1.0,0.0,1.0,1.0,1.0,1.0,26.32421875,147.15234375,96.359375,102.95703125,402.45703125,304.1328125,0.0,0.0,1.01953125,28.540630340576172
none,3,508,1.0,0.0,1.0,1.0,1.0,1.0,25.43359375,146.99609375,97.59765625,100.171875,401.84375,310.2578125,0.0,0.0,1.125,28.582256317138672
none,3,509,1.0,0.0,1.0,1.0,1.0,1.0,25.58203125,147.71875,98.6484375,101.4609375,401.35546875,310.0078125,0.0,0.0,1.0390625,28.808914184570312
none,3,510,1.0,0.0,1.0,1.0,1.0,1.0,24.73046875,148.7890625,96.02734375,98.11328125,404.41796875,303.9765625,0.0,0.0,1.04296875,29.191680908203125
none,3,511,1.0,0.0,1.0,1.0,1.0,1.0,25.20703125,146.98828125,97.40234375,100.0,398.5546875,309.0234375,0.0,0.0,1.0625,28.415454864501953
none,3,512,1.0,0.0,1.0,1.0,1.0,1.0,25.1328125,148.25,98.61328125,99.48046875,400.8828125,310.25,0.0,0.0,1.078125,28.941343307495117
none,3,513,1.0,0.0,1.0,1.0,1.0,1.0,25.04296875,148.33203125,98.41796875,98.67578125,399.90234375,309.30859375,0.0,0.0,1.0546875,29.066320419311523
none,3,514,1.0,0.0,1.0,1.0,1.0,1.0,25.53515625,147.67578125,98.57421875,99.125,400.69140625,311.21875,0.0,0.0,0.9609375,28.587596893310547
none,3,515,1.0,0.0,1.0,1.0,1.0,1.0,25.8984375,147.36328125,97.88671875,101.08203125,399.7890625,306.9375,0.0,0.0,1.1171875,28.775135040283203
none,3,516,1.0,0.0,1.0,1.0,1.0,1.0,26.046875,146.609375,98.359375,101.28125,395.91796875,310.51953125,0.0,0.0,1.0859375,28.563940048217773
none,3,517,1.0,0.0,1.0,1.0,1.0,1.0,25.66796875,148.60546875,98.984375,101.25,402.4921875,312.640625,0.0,0.0,1.046875,29.05712890625
none,3,518,1.0,0.0,1.0,1.0,1.0,1.0,25.890625,148.12109375,96.60546875,102.1875,401.50390625,306.76171875,0.0,0.0,1.03515625,28.855361938476562
none,3,519,1.0,0.0,1.0,1.0,1.0,1.0,26.21484375,148.79296875,96.91796875,102.84375,402.9765625,306.00390625,0.0,0.0,1.1484375,28.73937225341797
none,3,520,1.0,0.0,1.0,1.0,1.0,1.0,25.54296875,148.703125,98.640625,101.34375,401.4609375,310.7109375,0.0,0.0,1.09375,29.140811920166016
none,3,521,1.0,0.0,1.0,1.0,1.0,1.0,26.7578125,147.76171875,98.0234375,106.0,399.90625,309.47265625,0.0,0.0,1.015625,28.74916648864746
none,3,522,1.0,0.0,1.0,1.0,1.0,1.0,26.6328125,148.3515625,96.95703125,105.76171875,401.78515625,305.328125,0.0,0.0,1.20703125,28.627660751342773
none,3,523,1.0,0.0,1.0,1.0,1.0,1.0,25.65234375,148.03515625,99.87109375,100.69921875,399.42578125,314.80859375,0.0,0.0,1.125,29.301830291748047
none,3,524,1.0,0.0,1.0,1.0,1.0,1.0,25.4921875,147.8671875,98.58984375,100.9453125,400.66015625,311.29296875,0.0,0.0,0.96484375,28.81842803955078
none,3,525,1.0,0.0,1.0,1.0,1.0,1.0,25.046875,148.95703125,97.48828125,98.953125,404.3515625,308.94140625,0.0,0.0,1.0703125,29.099035263061523
none,3,526,1.0,0.0,1.0,1.0,1.0,1.0,24.77734375,149.3515625,98.46484375,99.16015625,403.15234375,311.66796875,0.0,0.0,1.06640625,29.246084213256836
none,3,527,1.0,0.0,1.0,1.0,1.0,1.0,25.21484375,149.2421875,98.046875,99.6640625,403.87109375,308.96484375,0.0,0.0,1.06640625,29.131078720092773
none,3,528,1.0,0.0,1.0,1.0,1.0,1.0,25.44921875,148.78515625,98.77734375,100.77734375,400.125,311.97265625,0.0,0.0,1.15234375,28.9460506439209
none,3,529,1.0,0.0,1.0,1.0,1.0,1.0,25.046875,148.96875,97.41015625,99.29296875,403.22265625,307.3671875,0.0,0.0,1.10546875,29.265182495117188
none,3,530,1.0,0.0,1.0,1.0,1.0,1.0,25.02734375,149.3046875,96.94140625,100.10546875,405.3125,307.46875,0.0,0.0,1.09765625,28.858373641967773
none,3,531,1.0,0.0,1.0,1.0,1.0,1.0,24.70703125,149.00390625,97.85546875,99.07421875,401.98046875,311.3125,0.0,0.0,1.14453125,29.243133544921875
none,3,532,1.0,0.0,1.0,1.0,1.0,1.0,25.14453125,150.8828125,97.375,100.7265625,409.04296875,308.02734375,0.0,0.0,1.10546875,29.4885311126709
none,3,533,1.0,0.0,1.0,1.0,1.0,1.0,25.0234375,149.22265625,96.8203125,100.3125,404.37890625,306.9921875,0.0,0.0,1.10546875,29.15865135192871
none,3,534,1.0,0.0,1.0,1.0,1.0,1.0,25.5,150.75390625,97.609375,102.72265625,409.015625,307.015625,0.0,0.0,1.10546875,29.522085189819336
none,3,535,1.0,0.0,1.0,1.0,1.0,1.0,25.60546875,150.25,98.73828125,101.4921875,404.9921875,312.5859375,0.0,0.0,1.05078125,29.390409469604492
none,3,536,1.0,0.0,1.0,1.0,1.0,1.0,25.4296875,150.76171875,97.20703125,101.23828125,406.26171875,307.33984375,0.0,0.0,1.06640625,29.321666717529297
none,3,537,1.0,0.0,1.0,1.0,1.0,1.0,25.44921875,149.47265625,98.10546875,102.08203125,403.50390625,308.1171875,0.0,0.0,1.03515625,29.246572494506836
none,3,538,1.0,0.0,1.0,1.0,1.0,1.0,24.8046875,149.94921875,98.671875,99.234375,404.55859375,310.421875,0.0,0.0,0.953125,29.528470993041992
none,3,539,1.0,0.0,1.0,1.0,1.0,1.0,25.55859375,150.13671875,98.87109375,102.515625,404.453125,310.453125,0.0,0.0,1.046875,29.396541595458984
none,3,540,1.0,0.0,1.0,1.0,1.0,1.0,25.19140625,149.796875,98.75,99.99609375,403.8203125,308.875,0.0,0.0,1.0078125,29.428810119628906
none,3,541,1.0,0.0,1.0,1.0,1.0,1.0,25.5546875,150.62890625,99.30859375,101.16015625,405.61328125,310.30078125,0.0,0.0,1.0,29.688339233398438
none,3,542,1.0,0.0,1.0,1.0,1.0,1.0,24.90234375,150.8359375,97.58984375,99.2421875,406.41015625,304.25,0.0,0.0,0.984375,29.726964950561523
none,3,543,1.0,0.0,1.0,1.0,1.0,1.0,24.953125,151.703125,97.0390625,100.47265625,409.125,303.3828125,0.0,0.0,0.984375,29.71114730834961
none,3,544,1.0,0.0,1.0,1.0,1.0,1.0,25.2890625,150.37109375,97.30859375,100.828125,406.80078125,302.640625,0.0,0.0,1.0546875,29.418827056884766
none,3,545,1.0,0.0,1.0,1.0,1.0,1.0,24.70703125,151.1171875,98.55078125,99.44140625,405.8125,305.6328125,0.0,0.0,0.99609375,29.660877227783203
none,3,546,1.0,0.0,1.0,1.0,1.0,1.0,23.40234375,151.46484375,96.70703125,94.625,409.0,302.7578125,0.0,0.0,0.94921875,29.95498275756836
none,3,547,1.0,0.0,1.0,1.0,1.0,1.0,24.43359375,150.87890625,98.59765625,98.78125,405.44140625,309.0625,0.0,0.0,1.08984375,29.920074462890625
none,3,548,1.0,0.0,1.0,1.0,1.0,1.0,24.2109375,151.6796875,98.23828125,96.54296875,407.4609375,307.625,0.0,0.0,1.01171875,30.208484649658203
none,3,549,1.0,0.0,1.0,1.0,1.0,1.0,24.24609375,150.0078125,98.0859375,97.1796875,402.953125,308.5,0.0,0.0,1.0390625,29.55220603942871
none,3,550,1.0,0.0,1.0,1.0,1.0,1.0,23.82421875,151.5703125,98.3984375,95.6171875,406.9296875,309.671875,0.0,0.0,0.96484375,30.043838500976562
none,3,551,1.0,0.0,1.0,1.0,1.0,1.0,23.9375,151.13671875,100.12890625,96.91015625,404.6015625,316.6015625,0.0,0.0,1.0,30.120290756225586
none,3,552,1.0,0.0,1.0,1.0,1.0,1.0,25.125,151.99609375,98.3046875,100.46875,408.1328125,309.0390625,0.0,0.0,0.9921875,30.014305114746094
none,3,553,1.0,0.0,1.0,1.0,1.0,1.0,24.390625,151.72265625,98.6171875,97.953125,405.8125,310.58203125,0.0,0.0,1.04296875,29.884517669677734
none,3,554,1.0,0.0,1.0,1.0,1.0,1.0,24.3125,151.41796875,99.53125,100.078125,404.13671875,312.8125,0.0,0.0,0.99609375,29.93914794921875
none,3,555,1.0,0.0,1.0,1.0,1.0,1.0,25.28125,151.3515625,97.5703125,101.46875,405.7578125,306.0703125,0.0,0.0,1.06640625,29.752561569213867
none,3,556,1.0,0.0,1.0,1.0,1.0,1.0,24.55078125,151.0390625,98.62109375,98.76171875,403.9375,307.43359375,0.0,0.0,0.953125,29.73488998413086
none,3,557,1.0,0.0,1.0,1.0,1.0,1.0,24.9453125,150.796875,98.92578125,98.4453125,404.3984375,308.34765625,0.0,0.0,1.03125,29.640701293945312
none,3,558,1.0,0.0,1.0,1.0,1.0,1.0,24.84375,151.80859375,98.4609375,98.99609375,404.95703125,306.59375,0.0,0.0,1.03515625,29.944149017333984
none,3,559,1.0,0.0,1.0,1.0,1.0,1.0,24.3359375,150.9921875,97.65234375,97.625,404.7109375,302.8515625,0.0,0.0,0.94921875,29.757789611816406
none,3,560,1.0,0.0,1.0,1.0,1.0,1.0,24.796875,152.390625,98.05859375,99.16796875,407.8359375,304.73046875,0.0,0.0,0.9375,30.0911922454834
none,3,561,1.0,0.0,1.0,1.0,1.0,1.0,25.08984375,151.80078125,98.90625,99.4921875,405.765625,306.7265625,0.0,0.0,0.890625,30.1633358001709
none,3,562,1.0,0.0,1.0,1.0,1.0,1.0,24.79296875,153.26171875,99.21484375,98.25,408.41015625,310.2265625,0.0,0.0,1.0,30.333866119384766
none,3,563,1.0,0.0,1.0,1.0,1.0,1.0,24.3046875,152.1328125,99.1328125,96.421875,405.8828125,307.98046875,0.0,0.0,0.96875,30.19356918334961
none,3,564,1.0,0.0,1.0,1.0,1.0,1.0,23.80859375,152.2265625,101.5078125,95.37109375,406.03125,314.046875,0.0,0.0,0.921875,30.381256103515625
none,3,565,1.0,0.0,1.0,1.0,1.0,1.0,23.90234375,153.08984375,99.75,96.38671875,407.7109375,308.14453125,0.0,0.0,0.921875,30.445653915405273
none,3,566,1.0,0.0,1.0,1.0,1.0,1.0,24.00390625,152.85546875,98.078125,96.04296875,407.58203125,303.890625,0.0,0.0,0.89453125,30.078824996948242
none,3,567,1.0,0.0,1.0,1.0,1.0,1.0,24.78515625,153.18359375,100.69921875,98.1328125,407.765625,311.796875,0.0,0.0,0.87890625,30.36225128173828
none,3,568,1.0,0.0,1.0,1.0,1.0,1.0,24.890625,153.42578125,98.47265625,99.38671875,408.71875,304.20703125,0.0,0.0,1.05859375,30.14776611328125
none,3,569,1.0,0.0,1.0,1.0,1.0,1.0,24.421875,152.73828125,99.484375,96.796875,408.33984375,311.09375,0.0,0.0,1.07421875,30.398910522460938
none,3,570,1.0,0.0,1.0,1.0,1.0,1.0,23.1171875,153.015625,100.046875,93.33984375,409.46484375,311.14453125,0.0,0.0,0.91796875,30.619291305541992
none,3,571,1.0,0.0,1.0,1.0,1.0,1.0,25.296875,152.91796875,99.39453125,100.16796875,407.953125,308.71484375,0.0,0.0,0.921875,30.092334747314453
none,3,572,1.0,0.0,1.0,1.0,1.0,1.0,23.7265625,152.3125,99.55078125,96.4140625,406.13671875,309.890625,0.0,0.0,1.05859375,30.32761001586914
none,3,573,1.0,0.0,1.0,1.0,1.0,1.0,23.24609375,152.390625,100.078125,94.42578125,406.609375,311.80859375,0.0,0.0,0.87890625,30.403106689453125
none,3,574,1.0,0.0,1.0,1.0,1.0,1.0,24.1796875,152.7421875,98.38671875,96.7890625,406.55859375,306.76171875,0.0,0.0,0.96484375,30.378652572631836
none,3,575,1.0,0.0,1.0,1.0,1.0,1.0,23.03515625,153.05078125,101.06640625,93.578125,406.7890625,314.8828125,0.0,0.0,0.9609375,30.7824764251709
none,3,576,1.0,0.0,1.0,1.0,1.0,1.0,23.6796875,153.0390625,102.11328125,95.875,407.38671875,317.75,0.0,0.0,0.8984375,30.66268539428711
none,3,577,1.0,0.0,1.0,1.0,1.0,1.0,24.09765625,153.21484375,101.796875,97.9140625,410.18359375,315.37109375,0.0,0.0,0.78515625,30.810230255126953
none,3,578,1.0,0.0,1.0,1.0,1.0,1.0,23.0,153.8515625,100.44140625,92.3515625,412.39453125,311.9296875,0.0,0.0,0.98828125,30.75408935546875
none,3,579,1.0,0.0,1.0,1.0,1.0,1.0,23.5859375,154.3046875,101.1796875,94.171875,411.95703125,313.5078125,0.0,0.0,0.984375,30.855751037597656
none,3,580,1.0,0.0,1.0,1.0,1.0,1.0,23.046875,153.62109375,100.234375,92.9765625,411.67578125,311.3515625,0.0,0.0,0.8828125,30.77225112915039
none,3,581,1.0,0.0,1.0,1.0,1.0,1.0,23.48046875,153.578125,102.63671875,93.58984375,409.90625,315.9921875,0.0,0.0,0.96875,30.80660629272461
none,3,582,1.0,0.0,1.0,1.0,1.0,1.0,23.0703125,154.953125,100.5234375,93.234375,414.35546875,311.75390625,0.0,0.0,0.87890625,31.05145835876465
none,3,583,1.0,0.0,1.0,1.0,1.0,1.0,24.31640625,153.79296875,99.5,98.2421875,410.31640625,306.08984375,0.0,0.0,0.95703125,30.631526947021484
none,3,584,1.0,0.0,1.0,1.0,1.0,1.0,23.890625,154.734375,100.28125,95.77734375,412.72265625,308.87109375,0.0,0.0,0.953125,30.978988647460938
none,3,585,1.0,0.0,1.0,1.0,1.0,1.0,24.31640625,154.8046875,100.6640625,96.55859375,411.76953125,310.68359375,0.0,0.0,0.80859375,30.825414657592773
none,3,586,1.0,0.0,1.0,1.0,1.0,1.0,24.17578125,154.23828125,99.9375,95.53125,411.04296875,307.7578125,0.0,0.0,0.96875,30.654842376708984
none,3,587,1.0,0.0,1.0,1.0,1.0,1.0,23.59765625,154.75,100.6171875,96.23828125,410.96875,310.140625,0.0,0.0,0.875,30.682769775390625
none,3,588,1.0,0.0,1.0,1.0,1.0,1.0,23.4296875,154.56640625,100.53515625,95.3203125,410.97265625,309.140625,0.0,0.0,0.953125,31.025632858276367
none,3,589,1.0,0.0,1.0,1.0,1.0,1.0,23.5,155.36328125,99.90625,93.97265625,413.640625,307.69921875,0.0,0.0,0.86328125,30.972272872924805
none,3,590,1.0,0.0,1.0,1.0,1.0,1.0,23.484375,155.33984375,100.4296875,94.0390625,412.890625,308.6328125,0.0,0.0,0.92578125,31.044414520263672
none,3,591,1.0,0.0,1.0,1.0,1.0,1.0,23.83984375,155.5390625,98.14453125,94.7734375,413.55078125,300.7578125,0.0,0.0,0.8984375,31.070720672607422
none,3,592,1.0,0.0,1.0,1.0,1.0,1.0,23.20703125,154.48828125,101.44140625,93.70703125,410.3046875,312.2265625,0.0,0.0,0.96484375,30.976703643798828
none,3,593,1.0,0.0,1.0,1.0,1.0,1.0,24.24609375,154.640625,100.703125,97.05859375,410.71484375,311.03125,0.0,0.0,0.95703125,30.7717342376709
none,3,594,1.0,0.0,1.0,1.0,1.0,1.0,23.6484375,154.73828125,101.890625,95.703125,411.37890625,313.08984375,0.0,0.0,0.84765625,31.101146697998047
none,3,595,1.0,0.0,1.0,1.0,1.0,1.0,23.37109375,155.078125,101.453125,93.9453125,411.15234375,313.140625,0.0,0.0,0.7890625,31.14324188232422
none,3,596,1.0,0.0,1.0,1.0,1.0,1.0,23.0546875,155.54296875,101.05859375,93.2109375,414.1953125,309.4921875,0.0,0.0,0.890625,31.26885986328125
none,3,597,1.0,0.0,1.0,1.0,1.0,1.0,23.34375,155.828125,100.828125,93.515625,413.2421875,312.14453125,0.0,0.0,0.90625,31.25510025024414
none,3,598,1.0,0.0,1.0,1.0,1.0,1.0,23.71875,155.04296875,100.578125,94.875,411.41796875,311.7109375,0.0,0.0,0.87109375,30.97830581665039
none,3,599,1.0,0.0,1.0,1.0,1.0,1.0,22.15625,155.16796875,102.88671875,90.68359375,412.8046875,320.1875,0.0,0.0,0.84375,31.520605087280273
none,3,600,1.0,0.0,1.0,1.0,1.0,1.0,23.48046875,155.5078125,100.83203125,94.96875,415.03125,311.35546875,0.0,0.0,0.9453125,31.125722885131836
none,3,601,1.0,0.0,1.0,1.0,1.0,1.0,23.19140625,154.4921875,99.65234375,93.6875,410.22265625,307.21875,0.0,0.0,0.9296875,31.099721908569336
none,3,602,1.0,0.0,1.0,1.0,1.0,1.0,24.04296875,154.5078125,101.046875,96.56640625,409.83203125,311.25,0.0,0.0,0.921875,30.971237182617188
none,3,603,1.0,0.0,1.0,1.0,1.0,1.0,23.0234375,155.578125,99.94921875,94.51171875,412.84375,306.25,0.0,0.0,1.02734375,31.282264709472656
none,3,604,1.0,0.0,1.0,1.0,1.0,1.0,22.97265625,155.0703125,102.4453125,94.22265625,411.5078125,316.015625,0.0,0.0,0.9375,31.245580673217773
none,3,605,1.0,0.0,1.0,1.0,1.0,1.0,23.46484375,155.671875,101.046875,95.6484375,414.5390625,309.6484375,0.0,0.0,0.8671875,31.085750579833984
none,3,606,1.0,0.0,1.0,1.0,1.0,1.0,23.3125,154.76171875,102.6328125,94.6171875,411.8203125,314.86328125,0.0,0.0,0.953125,31.165115356445312
none,3,607,1.0,0.0,1.0,1.0,1.0,1.0,22.87890625,155.2109375,98.84375,93.1484375,413.6953125,303.25390625,0.0,0.0,0.953125,31.16176986694336
none,3,608,1.0,0.0,1.0,1.0,1.0,1.0,23.0625,155.29296875,101.203125,94.35546875,413.4296875,310.62890625,0.0,0.0,0.83984375,31.252689361572266
none,3,609,1.0,0.0,1.0,1.0,1.0,1.0,23.0546875,155.3515625,101.1640625,93.95703125,411.75390625,312.19921875,0.0,0.0,0.80078125,31.349472045898438
none,3,610,1.0,0.0,1.0,1.0,1.0,1.0,23.1796875,156.6328125,102.0703125,94.0,413.66015625,309.85546875,0.0,0.0,0.91796875,31.66846466064453
none,3,611,1.0,0.0,1.0,1.0,1.0,1.0,22.953125,155.65234375,99.62890625,92.88671875,413.01171875,305.265625,0.0,0.0,0.87890625,31.118663787841797
none,3,612,1.0,0.0,1.0,1.0,1.0,1.0,23.140625,157.1015625,99.62109375,93.89453125,414.54296875,305.54296875,0.0,0.0,0.88671875,31.521015167236328
none,3,613,1.0,0.0,1.0,1.0,1.0,1.0,23.83984375,155.734375,102.86328125,96.21484375,412.04296875,313.62890625,0.0,0.0,0.90625,31.360694885253906
none,3,614,1.0,0.0,1.0,1.0,1.0,1.0,23.3984375,154.9296875,101.85546875,95.1015625,409.30859375,312.09375,0.0,0.0,0.85546875,31.213468551635742
none,3,615,1.0,0.0,1.0,1.0,1.0,1.0,23.87890625,157.05859375,100.234375,95.8125,414.734375,306.0625,0.0,0.0,0.79296875,31.442960739135742
none,3,616,1.0,0.0,1.0,1.0,1.0,1.0,23.44921875,156.5859375,100.56640625,95.421875,414.90625,305.34375,0.0,0.0,0.80859375,31.523468017578125
none,3,617,1.0,0.0,1.0,1.0,1.0,1.0,22.3125,156.921875,102.35546875,91.390625,414.5078125,311.80078125,0.0,0.0,0.83203125,31.810209274291992
none,3,618,1.0,0.0,1.0,1.0,1.0,1.0,23.1015625,155.1328125,102.20703125,94.29296875,409.79296875,313.23046875,0.0,0.0,0.8828125,31.133459091186523
none,3,619,1.0,0.0,1.0,1.0,1.0,1.0,22.4296875,157.30859375,100.6640625,91.97265625,415.515625,307.25,0.0,0.0,0.828125,31.672409057617188
none,3,620,1.0,0.0,1.0,1.0,1.0,1.0,22.5859375,156.3828125,103.1015625,91.921875,412.21875,313.22265625,0.0,0.0,0.84765625,31.663738250732422
none,3,621,1.0,0.0,1.0,1.0,1.0,1.0,21.89453125,156.0078125,103.78515625,90.7265625,409.78125,315.9140625,0.0,0.0,0.93359375,31.783971786499023
none,3,622,1.0,0.0,1.0,1.0,1.0,1.0,22.44140625,157.47265625,101.46484375,90.98046875,414.71484375,308.21484375,0.0,0.0,0.86328125,31.81576919555664
none,3,623,1.0,0.0,1.0,1.0,1.0,1.0,21.9296875,156.79296875,102.37890625,91.390625,413.3359375,311.82421875,0.0,0.0,0.85546875,31.906402587890625
none,3,624,1.0,0.0,1.0,1.0,1.0,1.0,22.515625,156.08203125,102.91015625,92.11328125,411.74609375,311.8984375,0.0,0.0,0.93359375,31.450515747070312
none,3,625,1.0,0.0,1.0,1.0,1.0,1.0,22.74609375,157.32421875,101.96875,92.53515625,415.3359375,310.546875,0.0,0.0,0.8359375,31.70596694946289
none,3,626,1.0,0.0,1.0,1.0,1.0,1.0,22.16796875,157.49609375,102.625,91.4375,412.703125,311.3984375,0.0,0.0,0.8671875,31.975627899169922
none,3,627,1.0,0.0,1.0,1.0,1.0,1.0,22.0625,156.46484375,102.63671875,89.72265625,411.4765625,313.1640625,0.0,0.0,0.8828125,31.739883422851562
none,3,628,1.0,0.0,1.0,1.0,1.0,1.0,22.890625,156.57421875,102.22265625,92.71875,412.265625,313.421875,0.0,0.0,0.91015625,31.562175750732422
none,3,629,1.0,0.0,1.0,1.0,1.0,1.0,22.59375,156.359375,102.9140625,93.25,411.875,315.42578125,0.0,0.0,0.875,31.642757415771484
none,3,630,1.0,0.0,1.0,1.0,1.0,1.0,23.30078125,156.87890625,102.375,94.6953125,413.15234375,314.82421875,0.0,0.0,0.93359375,31.616317749023438
none,3,631,1.0,0.0,1.0,1.0,1.0,1.0,22.875,156.8828125,102.23828125,93.6796875,412.8671875,314.75,0.0,0.0,0.8203125,31.666234970092773
none,3,632,1.0,0.0,1.0,1.0,1.0,1.0,21.98046875,156.86328125,103.05078125,90.98046875,412.64453125,316.60546875,0.0,0.0,0.71875,31.871747970581055
none,3,633,1.0,0.0,1.0,1.0,1.0,1.0,22.859375,157.27734375,101.6875,94.203125,413.875,310.94140625,0.0,0.0,0.83984375,31.757553100585938
none,3,634,1.0,0.0,1.0,1.0,1.0,1.0,23.8984375,156.84765625,101.27734375,97.47265625,411.2265625,310.0390625,0.0,0.0,0.8515625,31.46725082397461
none,3,635,1.0,0.0,1.0,1.0,1.0,1.0,23.37890625,157.41796875,103.09765625,94.54296875,412.3203125,313.88671875,0.0,0.0,0.8203125,32.04853057861328
none,3,636,1.0,0.0,1.0,1.0,1.0,1.0,22.69921875,158.01171875,102.25,92.625,415.2890625,309.58203125,0.0,0.0,0.91796875,32.012298583984375
none,3,637,1.0,0.0,1.0,1.0,1.0,1.0,22.60546875,158.62109375,102.47265625,91.87109375,417.06640625,312.0078125,0.0,0.0,0.8125,32.3817253112793
none,3,638,1.0,0.0,1.0,1.0,1.0,1.0,22.6484375,158.8984375,102.4609375,92.69140625,416.53125,311.09765625,0.0,0.0,0.7734375,32.26762390136719
none,3,639,1.0,0.0,1.0,1.0,1.0,1.0,21.921875,158.82421875,102.40625,90.6796875,415.9296875,312.8515625,0.0,0.0,0.81640625,32.26660919189453
none,3,640,1.0,0.0,1.0,1.0,1.0,1.0,22.7578125,159.109375,103.6015625,92.859375,417.86328125,315.6015625,0.0,0.0,0.828125,32.319053649902344
none,3,641,1.0,0.0,1.0,1.0,1.0,1.0,22.10546875,158.46875,103.06640625,90.6796875,414.8046875,314.2421875,0.0,0.0,0.89453125,32.23902893066406
none,3,642,1.0,0.0,1.0,1.0,1.0,1.0,22.75,156.96484375,102.9375,92.96875,412.42578125,314.41796875,0.0,0.0,0.8984375,31.78560447692871
none,3,643,1.0,0.0,1.0,1.0,1.0,1.0,22.96484375,157.828125,101.87890625,94.38671875,413.44921875,311.01953125,0.0,0.0,0.76171875,31.967605590820312
none,3,644,1.0,0.0,1.0,1.0,1.0,1.0,23.515625,158.59375,102.04296875,96.0,415.1796875,310.41796875,0.0,0.0,0.84765625,31.980514526367188
none,3,645,1.0,0.0,1.0,1.0,1.0,1.0,23.42578125,157.9140625,103.375,97.20703125,412.3671875,313.5625,0.0,0.0,0.8203125,31.988723754882812
none,3,646,1.0,0.0,1.0,1.0,1.0,1.0,22.5078125,158.2265625,104.9140625,90.921875,413.09375,317.71875,0.0,0.0,0.77734375,32.26107406616211
none,3,647,1.0,0.0,1.0,1.0,1.0,1.0,22.2421875,159.20703125,103.578125,91.6953125,416.1015625,314.875,0.0,0.0,0.87890625,32.4806022644043
none,3,648,1.0,0.0,1.0,1.0,1.0,1.0,22.34765625,158.0,103.92578125,91.21484375,414.19140625,312.65234375,0.0,0.0,0.79296875,32.17646408081055
none,3,649,1.0,0.0,1.0,1.0,1.0,1.0,22.44921875,158.640625,105.23046875,92.2265625,414.11328125,317.48046875,0.0,0.0,0.80859375,32.370338439941406
none,3,650,1.0,0.0,1.0,1.0,1.0,1.0,21.921875,158.68359375,104.7578125,90.72265625,413.421875,316.43359375,0.0,0.0,0.7734375,32.300315856933594
none,3,651,1.0,0.0,1.0,1.0,1.0,1.0,22.73046875,158.9140625,103.46484375,93.67578125,413.81640625,311.625,0.0,0.0,0.80078125,32.25801086425781
none,3,652,1.0,0.0,1.0,1.0,1.0,1.0,22.03515625,158.62109375,101.75390625,90.4140625,413.421875,306.80859375,0.0,0.0,0.8125,32.18859100341797
none,3,653,1.0,0.0,1.0,1.0,1.0,1.0,22.3828125,159.74609375,103.55859375,92.30859375,416.59375,314.55859375,0.0,0.0,0.78515625,32.56514358520508
none,3,654,1.0,0.0,1.0,1.0,1.0,1.0,22.98046875,159.7890625,104.34375,93.2265625,417.109375,314.80078125,0.0,0.0,0.80859375,32.6322021484375
none,3,655,1.0,0.0,1.0,1.0,1.0,1.0,22.83203125,159.9375,104.765625,94.05078125,416.609375,317.7578125,0.0,0.0,0.68359375,32.65489196777344
none,3,656,1.0,0.0,1.0,1.0,1.0,1.0,22.21875,160.25390625,105.1953125,91.8515625,417.671875,319.13671875,0.0,0.0,0.8359375,32.940208435058594
none,3,657,1.0,0.0,1.0,1.0,1.0,1.0,22.2578125,158.859375,104.09375,91.6953125,414.81640625,315.80859375,0.0,0.0,0.828125,32.571659088134766
none,3,658,1.0,0.0,1.0,1.0,1.0,1.0,21.66796875,159.3515625,106.21484375,90.359375,414.13671875,321.61328125,0.0,0.0,0.8125,32.716644287109375
none,3,659,1.0,0.0,1.0,1.0,1.0,1.0,22.5,159.17578125,104.3671875,93.453125,414.71875,315.79296875,0.0,0.0,0.89453125,32.56254196166992
none,3,660,1.0,0.0,1.0,1.0,1.0,1.0,22.28125,158.40625,104.2734375,91.70703125,412.47265625,314.96484375,0.0,0.0,0.8125,32.3015251159668
none,3,661,1.0,0.0,1.0,1.0,1.0,1.0,22.11328125,158.3359375,103.70703125,91.6796875,411.1484375,313.51171875,0.0,0.0,0.8125,32.525203704833984
none,3,662,1.0,0.0,1.0,1.0,1.0,1.0,22.32421875,159.44140625,104.171875,93.3671875,414.33203125,315.98046875,0.0,0.0,0.75,32.61140441894531
none,3,663,1.0,0.0,1.0,1.0,1.0,1.0,21.4765625,160.08203125,104.2109375,89.453125,417.86328125,315.77734375,0.0,0.0,0.76953125,32.89452362060547
none,3,664,1.0,0.0,1.0,1.0,1.0,1.0,21.6171875,160.5234375,104.59375,91.32421875,416.92578125,317.1484375,0.0,0.0,0.86328125,33.012020111083984
none,3,665,1.0,0.0,1.0,1.0,1.0,1.0,21.9921875,160.48046875,103.12109375,91.48046875,419.08203125,310.0703125,0.0,0.0,0.85546875,32.87196350097656
none,3,666,1.0,0.0,1.0,1.0,1.0,1.0,21.4296875,159.40234375,104.62109375,90.4296875,414.98828125,316.03125,0.0,0.0,0.87109375,32.65653610229492
none,3,667,1.0,0.0,1.0,1.0,1.0,1.0,21.4765625,159.6875,105.984375,91.00390625,416.87109375,321.25390625,0.0,0.0,0.84375,32.86474609375
none,3,668,1.0,0.0,1.0,1.0,1.0,1.0,21.09375,159.9921875,103.953125,88.76953125,416.734375,315.078125,0.0,0.0,0.8125,32.86209487915039
none,3,669,1.0,0.0,1.0,1.0,1.0,1.0,21.28515625,160.40625,105.82421875,90.08203125,416.25,319.8046875,0.0,0.0,0.77734375,33.22864532470703
none,3,670,1.0,0.0,1.0,1.0,1.0,1.0,21.109375,160.2734375,105.0234375,89.25,417.69921875,318.5390625,0.0,0.0,0.8125,32.92377471923828
none,3,671,1.0,0.0,1.0,1.0,1.0,1.0,21.2734375,159.7734375,104.1640625,88.77734375,415.359375,316.2578125,0.0,0.0,0.6953125,32.91908264160156
none,3,672,1.0,0.0,1.0,1.0,1.0,1.0,21.40625,160.04296875,105.2890625,88.515625,415.734375,317.5390625,0.0,0.0,0.85546875,32.917293548583984
none,3,673,1.0,0.0,1.0,1.0,1.0,1.0,21.23046875,160.2109375,105.0625,89.0859375,415.734375,318.05859375,0.0,0.0,0.75390625,33.16242218017578
none,3,674,1.0,0.0,1.0,1.0,1.0,1.0,20.95703125,160.22265625,106.734375,88.80859375,417.15625,322.85546875,0.0,0.0,0.87109375,33.29981231689453
none,3,675,1.0,0.0,1.0,1.0,1.0,1.0,21.86328125,160.73828125,106.55078125,91.08203125,417.92578125,322.078125,0.0,0.0,0.77734375,33.36888122558594
none,3,676,1.0,0.0,1.0,1.0,1.0,1.0,21.48046875,159.92578125,106.66015625,90.28515625,414.04296875,320.828125,0.0,0.0,0.921875,33.04035568237305
none,3,677,1.0,0.0,1.0,1.0,1.0,1.0,21.50390625,161.30859375,104.546875,90.28515625,418.2734375,315.59765625,0.0,0.0,0.78125,33.1654052734375
none,3,678,1.0,0.0,1.0,1.0,1.0,1.0,21.6015625,160.3203125,108.16015625,90.57421875,414.8828125,325.546875,0.0,0.0,0.77734375,33.12407684326172
none,3,679,1.0,0.0,1.0,1.0,1.0,1.0,21.19921875,161.79296875,106.71484375,89.25390625,417.89453125,321.84765625,0.0,0.0,0.75,33.6173095703125
none,3,680,1.0,0.0,1.0,1.0,1.0,1.0,21.67578125,161.578125,105.58203125,90.0,419.7421875,318.1328125,0.0,0.0,0.7109375,33.30699157714844
none,3,681,1.0,0.0,1.0,1.0,1.0,1.0,20.9921875,161.74609375,105.7734375,88.82421875,419.08203125,319.54296875,0.0,0.0,0.68359375,33.49114227294922
none,3,682,1.0,0.0,1.0,1.0,1.0,1.0,21.109375,160.5078125,105.87890625,88.87109375,415.953125,321.42578125,0.0,0.0,0.75390625,33.381492614746094
none,3,683,1.0,0.0,1.0,1.0,1.0,1.0,21.23046875,161.359375,106.171875,88.7421875,417.03125,317.80078125,0.0,0.0,0.765625,33.73958206176758
none,3,684,1.0,0.0,1.0,1.0,1.0,1.0,20.5625,161.0078125,106.9609375,86.20703125,416.609375,323.60546875,0.0,0.0,0.7109375,33.45664978027344
none,3,685,1.0,0.0,1.0,1.0,1.0,1.0,20.3984375,161.65625,107.02734375,87.08984375,419.296875,322.25,0.0,0.0,0.74609375,33.59930419921875
none,3,686,1.0,0.0,1.0,1.0,1.0,1.0,20.1875,162.75,106.50390625,86.09375,420.28515625,320.5078125,0.0,0.0,0.73828125,33.84941864013672
none,3,687,1.0,0.0,1.0,1.0,1.0,1.0,20.625,161.34765625,107.3359375,87.98828125,417.765625,323.40625,0.0,0.0,0.83203125,33.47343063354492
none,3,688,1.0,0.0,1.0,1.0,1.0,1.0,20.59765625,161.33203125,106.6171875,87.01953125,417.66015625,322.16015625,0.0,0.0,0.76171875,33.624122619628906
none,3,689,1.0,0.0,1.0,1.0,1.0,1.0,20.078125,161.5703125,106.296875,85.8671875,417.46875,321.0703125,0.0,0.0,0.796875,33.49555587768555
none,3,690,1.0,0.0,1.0,1.0,1.0,1.0,20.921875,161.71484375,107.7265625,88.83203125,417.5234375,325.2734375,0.0,0.0,0.77734375,33.50249481201172
none,3,691,1.0,0.0,1.0,1.0,1.0,1.0,20.890625,162.2421875,106.1484375,88.078125,417.62109375,319.25390625,0.0,0.0,0.80078125,33.610225677490234
none,3,692,1.0,0.0,1.0,1.0,1.0,1.0,21.7578125,161.9609375,106.10546875,90.76171875,416.6484375,319.16015625,0.0,0.0,0.84375,33.356544494628906
none,3,693,1.0,0.0,1.0,1.0,1.0,1.0,21.0703125,161.6328125,107.9140625,88.890625,415.62890625,323.13671875,0.0,0.0,0.79296875,33.361427307128906
none,3,694,1.0,0.0,1.0,1.0,1.0,1.0,20.69140625,162.75390625,106.00390625,88.27734375,420.0234375,315.6171875,0.0,0.0,0.73046875,33.544368743896484
none,3,695,1.0,0.0,1.0,1.0,1.0,1.0,20.76953125,163.06640625,105.10546875,89.39453125,419.41015625,312.63671875,0.0,0.0,0.78515625,33.85981750488281
none,3,696,1.0,0.0,1.0,1.0,1.0,1.0,19.87890625,161.71875,104.8203125,85.046875,417.80859375,312.35546875,0.0,0.0,0.75390625,33.566246032714844
none,3,697,1.0,0.0,1.0,1.0,1.0,1.0,20.52734375,162.4921875,106.01953125,86.65625,417.16015625,315.34765625,0.0,0.0,0.6875,33.45691680908203
none,3,698,1.0,0.0,1.0,1.0,1.0,1.0,20.078125,162.62890625,106.09375,85.82421875,417.54296875,314.94921875,0.0,0.0,0.7890625,33.86311721801758
none,3,699,1.0,0.0,1.0,1.0,1.0,1.0,20.26171875,163.26171875,106.65625,86.28125,418.0625,317.359375,0.0,0.0,0.73828125,33.917579650878906
none,3,700,1.0,0.0,1.0,1.0,1.0,1.0,19.36328125,162.828125,108.0078125,82.80859375,416.75,318.75,0.0,0.0,0.7734375,34.01282501220703
none,3,701,1.0,0.0,1.0,1.0,1.0,1.0,19.76171875,162.5625,107.93359375,84.39453125,416.6015625,320.5859375,0.0,0.0,0.703125,33.9124870300293
none,3,702,1.0,0.0,1.0,1.0,1.0,1.0,20.10546875,162.47265625,107.421875,85.37890625,416.0859375,320.25,0.0,0.0,0.6875,33.844383239746094
none,3,703,1.0,0.0,1.0,1.0,1.0,1.0,20.12890625,162.53125,108.4296875,85.6328125,416.4453125,322.7578125,0.0,0.0,0.72265625,33.96844482421875
none,3,704,1.0,0.0,1.0,1.0,1.0,1.0,20.0,161.6328125,108.8828125,85.66796875,413.09375,324.40234375,0.0,0.0,0.84375,34.0573844909668
none,3,705,1.0,0.0,1.0,1.0,1.0,1.0,20.703125,162.671875,107.296875,87.5625,417.92578125,317.9609375,0.0,0.0,0.734375,33.869136810302734
none,3,706,1.0,0.0,1.0,1.0,1.0,1.0,19.453125,163.31640625,106.73046875,84.09765625,417.82421875,316.8828125,0.0,0.0,0.77734375,34.14967346191406
none,3,707,1.0,0.0,1.0,1.0,1.0,1.0,20.29296875,162.94140625,107.43359375,86.49609375,416.41796875,318.609375,0.0,0.0,0.79296875,34.0102653503418
none,3,708,1.0,0.0,1.0,1.0,1.0,1.0,20.23828125,162.1015625,107.60546875,86.24609375,415.2578125,321.23046875,0.0,0.0,0.87109375,33.86016845703125
none,3,709,1.0,0.0,1.0,1.0,1.0,1.0,20.64453125,163.27734375,108.6640625,87.1953125,416.75390625,323.33984375,0.0,0.0,0.74609375,34.08808135986328
none,3,710,1.0,0.0,1.0,1.0,1.0,1.0,20.28515625,163.0703125,108.34765625,85.484375,417.015625,321.484375,0.0,0.0,0.65234375,34.057777404785156
none,3,711,1.0,0.0,1.0,1.0,1.0,1.0,19.87109375,163.80078125,107.6875,84.765625,419.1875,320.4453125,0.0,0.0,0.80078125,34.192955017089844
none,3,712,1.0,0.0,1.0,1.0,1.0,1.0,19.73046875,162.796875,109.21484375,85.36328125,416.5,328.43359375,0.0,0.0,0.671875,34.26624298095703
none,3,713,1.0,0.0,1.0,1.0,1.0,1.0,20.140625,163.34765625,107.7421875,87.03515625,417.296875,322.06640625,0.0,0.0,0.66015625,34.16783142089844
none,3,714,1.0,0.0,1.0,1.0,1.0,1.0,19.34375,162.7265625,108.4375,83.5546875,417.23046875,323.46484375,0.0,0.0,0.796875,34.04744338989258
none,3,715,1.0,0.0,1.0,1.0,1.0,1.0,20.0,162.6015625,107.546875,87.234375,416.7734375,321.484375,0.0,0.0,0.6796875,33.86347579956055
none,3,716,1.0,0.0,1.0,1.0,1.0,1.0,20.25390625,162.98046875,107.9296875,88.03515625,418.20703125,321.203125,0.0,0.0,0.70703125,33.91280746459961
none,3,717,1.0,0.0,1.0,1.0,1.0,1.0,19.8828125,163.35546875,106.5390625,85.36328125,420.10546875,317.6328125,0.0,0.0,0.6640625,34.00222396850586
none,3,718,1.0,0.0,1.0,1.0,1.0,1.0,20.2421875,163.13671875,107.71484375,87.33984375,418.3515625,319.46875,0.0,0.0,0.76953125,34.10637664794922
none,3,719,1.0,0.0,1.0,1.0,1.0,1.0,19.40234375,164.83203125,107.609375,84.76953125,420.77734375,319.67578125,0.0,0.0,0.7265625,34.52455520629883
none,3,720,1.0,0.0,1.0,1.0,1.0,1.0,20.0,163.421875,109.0234375,87.703125,417.93359375,322.56640625,0.0,0.0,0.75,34.46651077270508
none,3,721,1.0,0.0,1.0,1.0,1.0,1.0,20.24609375,164.05859375,106.78125,87.3828125,420.265625,318.20703125,0.0,0.0,0.76171875,34.29336166381836
none,3,722,1.0,0.0,1.0,1.0,1.0,1.0,19.5859375,164.03125,108.9765625,85.578125,419.60546875,324.90625,0.0,0.0,0.70703125,34.389488220214844
none,3,723,1.0,0.0,1.0,1.0,1.0,1.0,20.3984375,164.671875,107.25,87.734375,419.60546875,318.25,0.0,0.0,0.69921875,34.490787506103516
none,3,724,1.0,0.0,1.0,1.0,1.0,1.0,20.40234375,163.37109375,108.2578125,87.5234375,417.73046875,320.1875,0.0,0.0,0.734375,34.170997619628906
none,3,725,1.0,0.0,1.0,1.0,1.0,1.0,20.6171875,164.25390625,108.69140625,88.2265625,418.34765625,323.296875,0.0,0.0,0.71875,34.376556396484375
none,3,726,1.0,0.0,1.0,1.0,1.0,1.0,21.70703125,163.8828125,107.89453125,92.80078125,416.74609375,319.609375,0.0,0.0,0.6953125,34.20444107055664
none,3,727,1.0,0.0,1.0,1.0,1.0,1.0,20.6953125,164.06640625,108.55859375,89.21484375,419.68359375,321.57421875,0.0,0.0,0.8046875,34.51887130737305
none,3,728,1.0,0.0,1.0,1.0,1.0,1.0,20.05859375,163.39453125,108.90625,87.21875,417.11328125,321.0546875,0.0,0.0,0.765625,34.32084655761719
none,3,729,1.0,0.0,1.0,1.0,1.0,1.0,19.96484375,164.296875,107.703125,86.9375,419.8671875,319.52734375,0.0,0.0,0.79296875,34.43587875366211
none,3,730,1.0,0.0,1.0,1.0,1.0,1.0,19.94921875,163.27734375,108.50390625,86.07421875,417.3125,322.5703125,0.0,0.0,0.7109375,34.25377655029297
none,3,731,1.0,0.0,1.0,1.0,1.0,1.0,19.453125,165.265625,108.9609375,83.96875,421.43359375,322.4609375,0.0,0.0,0.65234375,35.004085540771484
none,3,732,1.0,0.0,1.0,1.0,1.0,1.0,19.92578125,164.125,107.3125,86.0625,418.86328125,317.26953125,0.0,0.0,0.69140625,34.555721282958984
none,3,733,1.0,0.0,1.0,1.0,1.0,1.0,19.375,163.94140625,109.95703125,84.140625,418.83984375,327.046875,0.0,0.0,0.70703125,34.406700134277344
none,3,734,1.0,0.0,1.0,1.0,1.0,1.0,19.0859375,165.9921875,109.56640625,82.6796875,422.828125,325.234375,0.0,0.0,0.734375,34.926300048828125
none,3,735,1.0,0.0,1.0,1.0,1.0,1.0,19.375,164.5390625,109.6796875,84.25390625,418.91015625,328.1171875,0.0,0.0,0.80859375,34.72246551513672
none,3,736,1.0,0.0,1.0,1.0,1.0,1.0,19.27734375,165.375,108.8359375,85.2109375,420.5,321.90625,0.0,0.0,0.671875,34.95012283325195
none,3,737,1.0,0.0,1.0,1.0,1.0,1.0,18.96484375,165.19140625,108.70703125,82.8671875,420.04296875,322.90625,0.0,0.0,0.75,34.81385803222656
none,3,738,1.0,0.0,1.0,1.0,1.0,1.0,19.53515625,164.82421875,108.78125,84.71484375,421.359375,322.23046875,0.0,0.0,0.6796875,34.86672592163086
none,3,739,1.0,0.0,1.0,1.0,1.0,1.0,19.94140625,165.51171875,108.93359375,86.40625,422.359375,321.34765625,0.0,0.0,0.76953125,35.044837951660156
none,3,740,1.0,0.0,1.0,1.0,1.0,1.0,19.6484375,165.359375,110.49609375,85.34765625,421.8359375,326.1015625,0.0,0.0,0.65234375,34.824153900146484
none,3,741,1.0,0.0,1.0,1.0,1.0,1.0,19.86328125,164.44921875,109.734375,86.55078125,418.1875,322.23046875,0.0,0.0,0.7421875,34.68025588989258
none,3,742,1.0,0.0,1.0,1.0,1.0,1.0,18.5078125,164.66796875,109.5625,82.15625,416.41015625,322.21875,0.0,0.0,0.71484375,34.889129638671875
none,3,743,1.0,0.0,1.0,1.0,1.0,1.0,18.49609375,165.22265625,110.95703125,81.765625,418.76953125,327.3984375,0.0,0.0,0.61328125,35.088897705078125
none,3,744,1.0,0.0,1.0,1.0,1.0,1.0,19.1640625,166.20703125,110.421875,83.78125,421.7109375,323.46875,0.0,0.0,0.72265625,35.188133239746094
none,3,745,1.0,0.0,1.0,1.0,1.0,1.0,19.11328125,165.765625,110.1015625,83.171875,419.6875,323.26171875,0.0,0.0,0.671875,35.023582458496094
none,3,746,1.0,0.0,1.0,1.0,1.0,1.0,18.51171875,165.48046875,109.6484375,81.1640625,417.8984375,321.96875,0.0,0.0,0.65234375,35.02753448486328
none,3,747,1.0,0.0,1.0,1.0,1.0,1.0,18.98828125,165.82421875,110.55859375,83.59765625,420.08203125,324.64453125,0.0,0.0,0.67578125,35.138912200927734
none,3,748,1.0,0.0,1.0,1.0,1.0,1.0,19.65234375,165.8671875,111.4375,84.46875,420.6875,327.390625,0.0,0.0,0.65234375,35.114402770996094
none,3,749,1.0,0.0,1.0,1.0,1.0,1.0,19.8671875,166.2265625,109.72265625,85.484375,419.19921875,320.70703125,0.0,0.0,0.71875,35.04364013671875
none,3,750,1.0,0.0,1.0,1.0,1.0,1.0,18.82421875,165.796875,110.65625,82.63671875,421.2265625,325.296875,0.0,0.0,0.69140625,35.09901809692383
none,3,751,1.0,0.0,1.0,1.0,1.0,1.0,19.5234375,164.88671875,110.83984375,85.3125,418.82421875,326.16796875,0.0,0.0,0.80078125,34.82427978515625
none,3,752,1.0,0.0,1.0,1.0,1.0,1.0,18.93359375,166.140625,110.109375,82.6171875,421.16015625,326.84765625,0.0,0.0,0.71875,35.46293640136719
none,3,753,1.0,0.0,1.0,1.0,1.0,1.0,19.015625,166.75390625,108.70703125,83.25,422.96484375,318.25,0.0,0.0,0.6640625,35.18269348144531
none,3,754,1.0,0.0,1.0,1.0,1.0,1.0,18.61328125,166.125,110.77734375,81.6171875,421.0859375,327.0078125,0.0,0.0,0.73046875,35.37847137451172
none,3,755,1.0,0.0,1.0,1.0,1.0,1.0,19.46875,165.3984375,112.25390625,84.38671875,416.9921875,328.02734375,0.0,0.0,0.6484375,35.251121520996094
none,3,756,1.0,0.0,1.0,1.0,1.0,1.0,19.1875,165.88671875,111.8515625,84.203125,418.6015625,327.0859375,0.0,0.0,0.6796875,35.449947357177734
none,3,757,1.0,0.0,1.0,1.0,1.0,1.0,19.015625,165.5546875,112.41796875,83.0078125,416.66796875,327.37109375,0.0,0.0,0.71484375,35.313846588134766
none,3,758,1.0,0.0,1.0,1.0,1.0,1.0,18.68359375,166.79296875,111.6953125,83.17578125,421.91015625,325.6796875,0.0,0.0,0.5703125,35.4715576171875
none,3,759,1.0,0.0,1.0,1.0,1.0,1.0,17.8046875,166.3984375,112.5625,80.40234375,419.5546875,328.65625,0.0,0.0,0.65234375,35.56182861328125
none,3,760,1.0,0.0,1.0,1.0,1.0,1.0,18.4375,166.69921875,110.41796875,81.36328125,420.0390625,322.19921875,0.0,0.0,0.6328125,35.323524475097656
none,3,761,1.0,0.0,1.0,1.0,1.0,1.0,18.8125,165.55078125,112.1171875,83.33984375,417.8671875,326.609375,0.0,0.0,0.71484375,35.33357238769531
none,3,762,1.0,0.0,1.0,1.0,1.0,1.0,18.47265625,166.62109375,113.30078125,81.40234375,418.3203125,330.59765625,0.0,0.0,0.6484375,35.67743682861328
none,3,763,1.0,0.0,1.0,1.0,1.0,1.0,19.171875,167.625,111.91015625,84.74609375,422.28515625,325.86328125,0.0,0.0,0.6875,35.52808380126953
none,3,764,1.0,0.0,1.0,1.0,1.0,1.0,18.16015625,166.25390625,112.6015625,81.42578125,418.65625,329.15625,0.0,0.0,0.59765625,35.432621002197266
none,3,765,1.0,0.0,1.0,1.0,1.0,1.0,18.16015625,167.2421875,112.515625,79.7578125,420.4140625,329.81640625,0.0,0.0,0.5546875,35.824832916259766
none,3,766,1.0,0.0,1.0,1.0,1.0,1.0,18.55859375,167.6640625,111.75,80.6015625,419.75390625,327.3515625,0.0,0.0,0.70703125,35.46401596069336
none,3,767,1.0,0.0,1.0,1.0,1.0,1.0,18.75390625,166.81640625,110.80078125,83.1953125,418.66796875,323.4765625,0.0,0.0,0.59765625,35.35308074951172
none,3,768,1.0,0.0,1.0,1.0,1.0,1.0,18.48828125,166.4453125,111.94921875,82.71484375,418.8125,329.0546875,0.0,0.0,0.6328125,35.31051254272461
none,3,769,1.0,0.0,1.0,1.0,1.0,1.0,18.66015625,168.09765625,112.43359375,81.09375,423.2421875,327.6484375,0.0,0.0,0.62109375,35.75470733642578
none,3,770,1.0,0.0,1.0,1.0,1.0,1.0,18.46875,167.91015625,111.82421875,82.15625,421.58203125,327.5234375,0.0,0.0,0.66015625,35.7596435546875
none,3,771,1.0,0.0,1.0,1.0,1.0,1.0,18.5859375,167.96875,113.8671875,82.109375,421.26171875,333.578125,0.0,0.0,0.56640625,35.97062301635742
none,3,772,1.0,0.0,1.0,1.0,1.0,1.0,17.78125,167.5546875,111.79296875,80.9609375,420.78515625,325.2890625,0.0,0.0,0.64453125,35.81488800048828
none,3,773,1.0,0.0,1.0,1.0,1.0,1.0,18.51953125,168.89453125,113.08984375,82.921875,421.57421875,330.140625,0.0,0.0,0.5703125,35.906951904296875
none,3,774,1.0,0.0,1.0,1.0,1.0,1.0,19.0078125,167.05078125,113.34375,83.25390625,417.3984375,328.03515625,0.0,0.0,0.6953125,35.58937072753906
none,3,775,1.0,0.0,1.0,1.0,1.0,1.0,17.9140625,168.08203125,113.4296875,80.22265625,421.421875,328.1875,0.0,0.0,0.71875,35.965641021728516
none,3,776,1.0,0.0,1.0,1.0,1.0,1.0,18.26171875,167.66015625,110.890625,80.3359375,419.328125,320.6875,0.0,0.0,0.72265625,35.70550537109375
none,3,777,1.0,0.0,1.0,1.0,1.0,1.0,18.68359375,167.56640625,111.98046875,82.09765625,419.44921875,322.68359375,0.0,0.0,0.6171875,35.669944763183594
none,3,778,1.0,0.0,1.0,1.0,1.0,1.0,18.6875,168.35546875,111.765625,82.97265625,420.7265625,322.8125,0.0,0.0,0.59765625,36.00359344482422
none,3,779,1.0,0.0,1.0,1.0,1.0,1.0,18.01171875,168.08203125,111.91015625,79.625,419.8984375,322.82421875,0.0,0.0,0.625,35.863677978515625
none,3,780,1.0,0.0,1.0,1.0,1.0,1.0,18.1484375,167.9140625,111.45703125,81.328125,421.7421875,322.4921875,0.0,0.0,0.6328125,35.83434295654297
none,3,781,1.0,0.0,1.0,1.0,1.0,1.0,18.46875,168.40625,111.58203125,81.50390625,421.81640625,323.62109375,0.0,0.0,0.66796875,36.0120735168457
none,3,782,1.0,0.0,1.0,1.0,1.0,1.0,18.20703125,167.74609375,112.265625,81.203125,421.52734375,324.72265625,0.0,0.0,0.62890625,35.902503967285156
none,3,783,1.0,0.0,1.0,1.0,1.0,1.0,18.5390625,168.31640625,112.42578125,82.96484375,419.90625,325.51953125,0.0,0.0,0.66796875,35.75798034667969
none,3,784,1.0,0.0,1.0,1.0,1.0,1.0,17.7265625,167.33984375,113.234375,80.76171875,419.12890625,325.703125,0.0,0.0,0.6328125,36.11566162109375
none,3,785,1.0,0.0,1.0,1.0,1.0,1.0,18.36328125,168.078125,114.03515625,81.7109375,418.92578125,328.4765625,0.0,0.0,0.65625,36.0301628112793
none,3,786,1.0,0.0,1.0,1.0,1.0,1.0,17.9765625,169.84375,113.1640625,79.71484375,423.81640625,324.2734375,0.0,0.0,0.59765625,36.448524475097656
none,3,787,1.0,0.0,1.0,1.0,1.0,1.0,18.35546875,168.2734375,113.44140625,80.83203125,418.5,327.765625,0.0,0.0,0.59375,36.21544647216797
none,3,788,1.0,0.0,1.0,1.0,1.0,1.0,18.5625,167.5546875,113.3046875,82.58984375,415.91796875,326.609375,0.0,0.0,0.59375,35.70871353149414
none,3,789,1.0,0.0,1.0,1.0,1.0,1.0,18.984375,168.34765625,113.390625,84.20703125,417.24609375,325.609375,0.0,0.0,0.62890625,36.07793426513672
none,3,790,1.0,0.0,1.0,1.0,1.0,1.0,18.0625,168.1328125,112.87890625,81.578125,417.30859375,325.90625,0.0,0.0,0.5859375,36.058990478515625
none,3,791,1.0,0.0,1.0,1.0,1.0,1.0,18.08203125,168.3984375,114.14453125,81.91015625,418.37109375,329.99609375,0.0,0.0,0.71484375,36.3038444519043
none,3,792,1.0,0.0,1.0,1.0,1.0,1.0,18.16015625,167.50390625,115.4609375,81.796875,415.6171875,335.29296875,0.0,0.0,0.60546875,36.16004943847656
none,3,793,1.0,0.0,1.0,1.0,1.0,1.0,18.47265625,168.98046875,115.8046875,83.05078125,419.40234375,335.85546875,0.0,0.0,0.57421875,36.53738021850586
none,3,794,1.0,0.0,1.0,1.0,1.0,1.0,18.015625,167.82421875,115.4921875,82.8671875,416.4609375,334.1171875,0.0,0.0,0.61328125,36.13208770751953
none,3,795,1.0,0.0,1.0,1.0,1.0,1.0,18.0625,167.55078125,114.0,81.41796875,417.68359375,329.79296875,0.0,0.0,0.6171875,36.174354553222656
none,3,796,1.0,0.0,1.0,1.0,1.0,1.0,17.7421875,169.45703125,113.16015625,81.453125,424.35546875,328.42578125,0.0,0.0,0.52734375,36.45119094848633
none,3,797,1.0,0.0,1.0,1.0,1.0,1.0,17.71484375,169.046875,114.625,81.09765625,421.26953125,333.3203125,0.0,0.0,0.59375,36.400543212890625
none,3,798,1.0,0.0,1.0,1.0,1.0,1.0,17.44140625,169.12109375,113.703125,80.34765625,422.59765625,328.07421875,0.0,0.0,0.53125,36.44675827026367
none,3,799,1.0,0.0,1.0,1.0,1.0,1.0,17.5,169.09375,114.13671875,79.79296875,421.4921875,329.17578125,0.0,0.0,0.6328125,36.59757995605469
none,3,800,1.0,0.0,1.0,1.0,1.0,1.0,17.5859375,168.75,113.859375,80.05859375,421.55859375,327.21875,0.0,0.0,0.61328125,36.47721862792969
none,3,801,1.0,0.0,1.0,1.0,1.0,1.0,17.38671875,168.375,114.6171875,78.515625,420.140625,330.78515625,0.0,0.0,0.73828125,36.426483154296875
none,3,802,1.0,0.0,1.0,1.0,1.0,1.0,17.03125,170.62890625,115.16015625,79.4921875,423.78515625,331.16796875,0.0,0.0,0.63671875,36.85132598876953
none,3,803,1.0,0.0,1.0,1.0,1.0,1.0,17.07421875,169.58203125,114.84375,78.8046875,420.9453125,328.4140625,0.0,0.0,0.66796875,36.578765869140625
none,3,804,1.0,0.0,1.0,1.0,1.0,1.0,16.484375,169.80859375,115.34375,76.46484375,420.82421875,330.23828125,0.0,0.0,0.57421875,36.934932708740234
none,3,805,1.0,0.0,1.0,1.0,1.0,1.0,17.65234375,169.7265625,113.8359375,79.671875,420.28515625,326.2109375,0.0,0.0,0.60546875,36.596038818359375
none,3,806,1.0,0.0,1.0,1.0,1.0,1.0,16.88671875,169.4609375,117.328125,77.734375,418.94140625,337.61328125,0.0,0.0,0.6171875,36.921836853027344
none,3,807,1.0,0.0,1.0,1.0,1.0,1.0,17.703125,168.25390625,117.7265625,80.51171875,415.02734375,335.69140625,0.0,0.0,0.6015625,36.595726013183594
none,3,808,1.0,0.0,1.0,1.0,1.0,1.0,17.2890625,168.58984375,117.2578125,78.9296875,415.73046875,334.46484375,0.0,0.0,0.71484375,36.541221618652344
none,3,809,1.0,0.0,1.0,1.0,1.0,1.0,18.265625,168.953125,117.19921875,82.71875,415.86328125,334.0703125,0.0,0.0,0.625,36.69124984741211
none,3,810,1.0,0.0,1.0,1.0,1.0,1.0,17.1640625,170.0234375,116.23828125,79.71875,418.0234375,331.6328125,0.0,0.0,0.61328125,37.12744140625
none,3,811,1.0,0.0,1.0,1.0,1.0,1.0,17.9453125,170.42578125,115.3828125,80.9609375,418.55078125,328.3984375,0.0,0.0,0.6171875,36.83224868774414
none,3,812,1.0,0.0,1.0,1.0,1.0,1.0,18.32421875,169.8515625,115.8203125,83.2734375,416.81640625,329.69921875,0.0,0.0,0.62109375,36.74430847167969
none,3,813,1.0,0.0,1.0,1.0,1.0,1.0,18.140625,170.30078125,116.96484375,81.18359375,419.12890625,332.1328125,0.0,0.0,0.609375,36.852386474609375
none,3,814,1.0,0.0,1.0,1.0,1.0,1.0,17.1875,170.5859375,116.8984375,78.35546875,418.8828125,335.390625,0.0,0.0,0.5390625,37.24677658081055
none,3,815,1.0,0.0,1.0,1.0,1.0,1.0,18.4453125,170.73828125,113.609375,81.04296875,418.97265625,323.1875,0.0,0.0,0.55859375,37.008522033691406
none,3,816,1.0,0.0,1.0,1.0,1.0,1.0,17.11328125,170.87890625,114.73828125,77.0703125,419.62109375,327.99609375,0.0,0.0,0.54296875,37.04183578491211
none,3,817,1.0,0.0,1.0,1.0,1.0,1.0,17.58984375,172.23828125,113.92578125,79.29296875,423.80078125,323.171875,0.0,0.0,0.53515625,37.153865814208984
none,3,818,1.0,0.0,1.0,1.0,1.0,1.0,17.19140625,171.78125,115.89453125,76.28515625,420.72265625,330.19921875,0.0,0.0,0.50390625,37.487239837646484
none,3,819,1.0,0.0,1.0,1.0,1.0,1.0,16.6953125,170.484375,115.96875,75.7109375,419.1484375,330.80859375,0.0,0.0,0.640625,37.06975555419922
none,3,820,1.0,0.0,1.0,1.0,1.0,1.0,16.8203125,171.0,115.51171875,76.42578125,419.90234375,328.03515625,0.0,0.0,0.5859375,37.24642562866211
none,3,821,1.0,0.0,1.0,1.0,1.0,1.0,16.73046875,170.01953125,116.75,76.73828125,415.609375,334.734375,0.0,0.0,0.625,37.362483978271484
none,3,822,1.0,0.0,1.0,1.0,1.0,1.0,16.96484375,170.0859375,116.6015625,78.375,416.83203125,331.32421875,0.0,0.0,0.54296875,36.88475799560547
none,3,823,1.0,0.0,1.0,1.0,1.0,1.0,16.64453125,170.25,119.26953125,76.07421875,414.83984375,341.234375,0.0,0.0,0.5703125,37.484413146972656
none,3,824,1.0,0.0,1.0,1.0,1.0,1.0,16.85546875,170.1015625,116.96875,76.82421875,416.984375,333.50390625,0.0,0.0,0.5078125,37.132572174072266
none,3,825,1.0,0.0,1.0,1.0,1.0,1.0,15.87109375,171.1796875,117.20703125,75.6328125,420.87109375,333.609375,0.0,0.0,0.6484375,37.58973693847656
none,3,826,1.0,0.0,1.0,1.0,1.0,1.0,16.3359375,170.91015625,117.70703125,75.49609375,420.6171875,334.5078125,0.0,0.0,0.609375,37.36855697631836
none,3,827,1.0,0.0,1.0,1.0,1.0,1.0,16.16796875,171.5546875,114.84375,76.36328125,422.76171875,324.36328125,0.0,0.0,0.6953125,37.49735641479492
none,3,828,1.0,0.0,1.0,1.0,1.0,1.0,16.4375,171.0546875,115.6484375,76.41015625,420.41015625,328.29296875,0.0,0.0,0.640625,37.16802215576172
none,3,829,1.0,0.0,1.0,1.0,1.0,1.0,16.91015625,171.80078125,116.95703125,77.53125,421.66796875,331.0,0.0,0.0,0.546875,37.60167694091797
none,3,830,1.0,0.0,1.0,1.0,1.0,1.0,16.23046875,170.77734375,118.234375,75.9453125,419.38671875,332.76171875,0.0,0.0,0.59375,37.48806381225586
none,3,831,1.0,0.0,1.0,1.0,1.0,1.0,16.6015625,172.3359375,115.7578125,79.10546875,420.578125,326.95703125,0.0,0.0,0.609375,37.75890350341797
none,3,832,1.0,0.0,1.0,1.0,1.0,1.0,16.98046875,171.125,118.10546875,79.30078125,418.72265625,331.04296875,0.0,0.0,0.5546875,37.65192413330078
none,3,833,1.0,0.0,1.0,1.0,1.0,1.0,16.88671875,172.4375,118.87890625,77.33203125,419.625,335.34765625,0.0,0.0,0.49609375,37.69989013671875
none,3,834,1.0,0.0,1.0,1.0,1.0,1.0,16.5859375,172.0625,117.70703125,77.66015625,419.1015625,331.5546875,0.0,0.0,0.609375,37.57481384277344
none,3,835,1.0,0.0,1.0,1.0,1.0,1.0,16.9765625,172.35546875,118.296875,77.58203125,418.6015625,332.08203125,0.0,0.0,0.62109375,37.77431869506836
none,3,836,1.0,0.0,1.0,1.0,1.0,1.0,16.41796875,172.0546875,116.3359375,76.078125,419.8671875,327.1875,0.0,0.0,0.55859375,37.761199951171875
none,3,837,1.0,0.0,1.0,1.0,1.0,1.0,16.12890625,171.76171875,118.02734375,75.1015625,418.86328125,331.3359375,0.0,0.0,0.66796875,37.894386291503906
none,3,838,1.0,0.0,1.0,1.0,1.0,1.0,15.875,171.0,118.65625,74.8828125,415.4765625,333.6875,0.0,0.0,0.5,37.5911750793457
none,3,839,1.0,0.0,1.0,1.0,1.0,1.0,16.046875,171.63671875,119.80078125,75.640625,416.56640625,336.7265625,0.0,0.0,0.58984375,37.64466094970703
none,3,840,1.0,0.0,1.0,1.0,1.0,1.0,16.17578125,173.671875,118.75390625,76.12890625,423.66015625,332.9453125,0.0,0.0,0.56640625,38.30958557128906
none,3,841,1.0,0.0,1.0,1.0,1.0,1.0,16.45703125,172.20703125,118.9921875,77.30859375,419.5390625,336.34375,0.0,0.0,0.53515625,37.90126037597656
none,3,842,1.0,0.0,1.0,1.0,1.0,1.0,16.0234375,172.69140625,119.078125,75.8046875,421.2265625,334.75390625,0.0,0.0,0.57421875,37.9885139465332
none,3,843,1.0,0.0,1.0,1.0,1.0,1.0,15.76953125,173.32421875,117.83203125,74.28125,423.38671875,331.921875,0.0,0.0,0.5078125,37.97624969482422
none,3,844,1.0,0.0,1.0,1.0,1.0,1.0,15.16015625,173.11328125,118.31640625,72.8671875,422.33203125,334.1875,0.0,0.0,0.53515625,38.246742248535156
none,3,845,1.0,0.0,1.0,1.0,1.0,1.0,15.59765625,173.0859375,119.75,73.88671875,422.7265625,336.9609375,0.0,0.0,0.5703125,38.24363327026367
none,3,846,1.0,0.0,1.0,1.0,1.0,1.0,15.50390625,173.515625,118.3046875,74.78125,424.75,334.77734375,0.0,0.0,0.59765625,38.12472152709961
none,3,847,1.0,0.0,1.0,1.0,1.0,1.0,14.99609375,172.265625,120.2890625,72.85546875,419.44140625,340.046875,0.0,0.0,0.54296875,38.14630126953125
none,3,848,1.0,0.0,1.0,1.0,1.0,1.0,15.50390625,172.6953125,118.546875,74.4453125,420.16796875,333.015625,0.0,0.0,0.546875,37.834346771240234
none,3,849,1.0,0.0,1.0,1.0,1.0,1.0,15.5234375,173.79296875,120.46484375,74.05078125,421.35546875,340.66015625,0.0,0.0,0.54296875,38.40244674682617
none,3,850,1.0,0.0,1.0,1.0,1.0,1.0,14.6875,173.71875,119.671875,71.16796875,421.2890625,335.6796875,0.0,0.0,0.51171875,38.32127380371094
none,3,851,1.0,0.0,1.0,1.0,1.0,1.0,16.23046875,171.85546875,119.34765625,76.21875,417.2890625,334.6328125,0.0,0.0,0.640625,37.88609313964844
none,3,852,1.0,0.0,1.0,1.0,1.0,1.0,16.04296875,173.28125,119.515625,76.08203125,419.265625,335.1484375,0.0,0.0,0.65625,38.1318473815918
none,3,853,1.0,0.0,1.0,1.0,1.0,1.0,16.0234375,174.3203125,119.16796875,75.78515625,420.078125,331.546875,0.0,0.0,0.47265625,38.60304260253906
none,3,854,1.0,0.0,1.0,1.0,1.0,1.0,15.95703125,173.98828125,118.29296875,75.6796875,419.9609375,328.82421875,0.0,0.0,0.4921875,38.500648498535156
none,3,855,1.0,0.0,1.0,1.0,1.0,1.0,16.08203125,173.49609375,120.44140625,76.11328125,418.25,334.0546875,0.0,0.0,0.51953125,38.391090393066406
none,3,856,1.0,0.0,1.0,1.0,1.0,1.0,16.49609375,173.625,119.671875,77.28515625,416.8828125,333.23046875,0.0,0.0,0.4609375,38.057029724121094
none,3,857,1.0,0.0,1.0,1.0,1.0,1.0,16.23828125,173.25390625,121.5390625,76.9765625,415.5546875,338.44140625,0.0,0.0,0.4765625,38.406558990478516
none,3,858,1.0,0.0,1.0,1.0,1.0,1.0,16.16796875,174.390625,119.91015625,76.640625,419.69921875,334.5859375,0.0,0.0,0.5625,38.40852355957031
none,3,859,1.0,0.0,1.0,1.0,1.0,1.0,16.71484375,173.77734375,121.85546875,77.77734375,418.23828125,339.703125,0.0,0.0,0.6015625,38.33481979370117
none,3,860,1.0,0.0,1.0,1.0,1.0,1.0,16.2265625,174.453125,120.09375,76.98046875,419.546875,333.9921875,0.0,0.0,0.5234375,38.34828186035156
none,3,861,1.0,0.0,1.0,1.0,1.0,1.0,16.109375,174.3125,119.9296875,75.46875,419.91796875,333.4296875,0.0,0.0,0.67578125,38.401954650878906
none,3,862,1.0,0.0,1.0,1.0,1.0,1.0,15.30078125,173.8359375,121.83203125,73.74609375,419.2578125,338.578125,0.0,0.0,0.46484375,38.768802642822266
none,3,863,1.0,0.0,1.0,1.0,1.0,1.0,15.671875,174.40625,120.07421875,74.44140625,420.796875,332.8359375,0.0,0.0,0.53515625,38.68093490600586
none,3,864,1.0,0.0,1.0,1.0,1.0,1.0,16.0703125,174.05859375,120.3203125,77.30078125,420.1484375,333.93359375,0.0,0.0,0.50390625,38.562652587890625
none,3,865,1.0,0.0,1.0,1.0,1.0,1.0,15.015625,175.02734375,122.6640625,72.6953125,420.98046875,340.05078125,0.0,0.0,0.4765625,38.98720169067383
none,3,866,1.0,0.0,1.0,1.0,1.0,1.0,15.58984375,173.7109375,121.98046875,76.05859375,420.375,338.875,0.0,0.0,0.4609375,38.67683410644531
none,3,867,1.0,0.0,1.0,1.0,1.0,1.0,15.88671875,173.86328125,120.97265625,75.6796875,418.58984375,335.07421875,0.0,0.0,0.5234375,38.511268615722656
none,3,868,1.0,0.0,1.0,1.0,1.0,1.0,15.6640625,172.90234375,120.0859375,76.2109375,418.6796875,333.2734375,0.0,0.0,0.51171875,38.14255905151367
none,3,869,1.0,0.0,1.0,1.0,1.0,1.0,16.10546875,174.55859375,120.04296875,76.6171875,421.91796875,331.52734375,0.0,0.0,0.4921875,38.487667083740234
none,3,870,1.0,0.0,1.0,1.0,1.0,1.0,15.2421875,175.59375,121.4609375,74.34765625,422.35546875,336.37890625,0.0,0.0,0.5078125,39.000328063964844
none,3,871,1.0,0.0,1.0,1.0,1.0,1.0,15.51171875,175.015625,121.1640625,75.8828125,419.85546875,336.3828125,0.0,0.0,0.515625,38.74961853027344
none,3,872,1.0,0.0,1.0,1.0,1.0,1.0,14.69140625,174.3515625,123.046875,72.859375,418.390625,341.32421875,0.0,0.0,0.453125,38.9925422668457
none,3,873,1.0,0.0,1.0,1.0,1.0,1.0,15.1953125,174.5078125,122.06640625,75.15625,417.84375,337.046875,0.0,0.0,0.60546875,38.82392120361328
none,3,874,1.0,0.0,1.0,1.0,1.0,1.0,14.671875,174.90234375,120.84765625,73.359375,420.890625,335.19140625,0.0,0.0,0.48828125,38.92463684082031
none,3,875,1.0,0.0,1.0,1.0,1.0,1.0,15.015625,174.7265625,120.80859375,73.9375,421.421875,334.58984375,0.0,0.0,0.52734375,38.743743896484375
none,3,876,1.0,0.0,1.0,1.0,1.0,1.0,14.71875,174.2421875,121.84375,73.64453125,419.1328125,338.4765625,0.0,0.0,0.57421875,38.72037887573242
none,3,877,1.0,0.0,1.0,1.0,1.0,1.0,14.51171875,176.03515625,121.875,72.234375,424.12890625,336.7890625,0.0,0.0,0.5,39.220664978027344
none,3,878,1.0,0.0,1.0,1.0,1.0,1.0,14.53125,175.3515625,122.69140625,72.28515625,422.85546875,340.6875,0.0,0.0,0.46875,39.33445358276367
none,3,879,1.0,0.0,1.0,1.0,1.0,1.0,15.171875,175.0,123.03125,73.96875,422.54296875,342.2421875,0.0,0.0,0.53125,39.055599212646484
none,3,880,1.0,0.0,1.0,1.0,1.0,1.0,15.31640625,174.875,123.21484375,75.57421875,419.62109375,342.3515625,0.0,0.0,0.56640625,39.261226654052734
none,3,881,1.0,0.0,1.0,1.0,1.0,1.0,14.8828125,175.14453125,122.390625,74.4609375,422.21484375,338.47265625,0.0,0.0,0.58203125,39.0494499206543
none,3,882,1.0,0.0,1.0,1.0,1.0,1.0,14.49609375,176.08203125,122.5390625,73.171875,422.078125,338.7265625,0.0,0.0,0.44140625,39.34955978393555
none,3,883,1.0,0.0,1.0,1.0,1.0,1.0,15.87890625,174.8515625,125.08203125,77.171875,417.46484375,344.98828125,0.0,0.0,0.40234375,39.113773345947266
none,3,884,1.0,0.0,1.0,1.0,1.0,1.0,14.85546875,175.6640625,122.86328125,74.1015625,419.81640625,337.84765625,0.0,0.0,0.5703125,39.38414001464844
none,3,885,1.0,0.0,1.0,1.0,1.0,1.0,15.59765625,175.38671875,123.921875,76.69921875,418.08203125,341.3671875,0.0,0.0,0.484375,39.06617736816406
none,3,886,1.0,0.0,1.0,1.0,1.0,1.0,14.92578125,175.34765625,122.82421875,74.03515625,417.72265625,337.8515625,0.0,0.0,0.5625,39.349403381347656
none,3,887,1.0,0.0,1.0,1.0,1.0,1.0,14.328125,175.6171875,122.33984375,72.50390625,420.53515625,334.4375,0.0,0.0,0.45703125,39.38703155517578
none,3,888,1.0,0.0,1.0,1.0,1.0,1.0,15.375,174.70703125,122.5703125,75.04296875,416.5390625,334.73828125,0.0,0.0,0.5625,39.102474212646484
none,3,889,1.0,0.0,1.0,1.0,1.0,1.0,14.71875,174.578125,122.53125,71.7890625,417.12890625,335.3359375,0.0,0.0,0.4609375,39.22804641723633
none,3,890,1.0,0.0,1.0,1.0,1.0,1.0,15.23046875,176.55859375,122.48828125,74.08984375,418.76953125,334.1015625,0.0,0.0,0.48828125,39.451595306396484
none,3,891,1.0,0.0,1.0,1.0,1.0,1.0,15.1796875,175.171875,122.8515625,74.5625,416.97265625,336.97265625,0.0,0.0,0.48046875,39.19061279296875
none,3,892,1.0,0.0,1.0,1.0,1.0,1.0,13.9765625,176.53515625,124.28515625,70.625,419.95703125,340.6328125,0.0,0.0,0.47265625,39.987030029296875
none,3,893,1.0,0.0,1.0,1.0,1.0,1.0,15.04296875,175.42578125,124.3515625,74.50390625,416.80859375,341.71875,0.0,0.0,0.421875,39.28169250488281
none,3,894,1.0,0.0,1.0,1.0,1.0,1.0,14.1484375,176.75390625,124.59375,71.76953125,420.96484375,341.09765625,0.0,0.0,0.4296875,39.957557678222656
none,3,895,1.0,0.0,1.0,1.0,1.0,1.0,14.01171875,175.4453125,124.3984375,72.40234375,418.00390625,340.6171875,0.0,0.0,0.49609375,39.590492248535156
none,3,896,1.0,0.0,1.0,1.0,1.0,1.0,14.75390625,176.0,124.203125,74.08203125,420.8828125,340.09765625,0.0,0.0,0.52734375,39.68351364135742
none,3,897,1.0,0.0,1.0,1.0,1.0,1.0,14.84765625,175.11328125,124.328125,74.5,417.15234375,341.7734375,0.0,0.0,0.48828125,39.36423873901367
none,3,898,1.0,0.0,1.0,1.0,1.0,1.0,14.796875,175.37109375,125.34375,74.328125,418.0703125,343.29296875,0.0,0.0,0.53125,39.55067443847656
none,3,899,1.0,0.0,1.0,1.0,1.0,1.0,14.484375,176.20703125,124.13671875,72.671875,420.5390625,341.31640625,0.0,0.0,0.52734375,39.8253059387207
none,3,900,1.0,0.0,1.0,1.0,1.0,1.0,14.43359375,176.9375,123.80859375,72.28125,420.73046875,340.70703125,0.0,0.0,0.5234375,39.722591400146484
none,3,901,1.0,0.0,1.0,1.0,1.0,1.0,14.30859375,175.3046875,124.921875,70.7578125,417.35546875,340.03125,0.0,0.0,0.5546875,39.334007263183594
none,3,902,1.0,0.0,1.0,1.0,1.0,1.0,14.1484375,175.953125,124.421875,70.83203125,418.26953125,340.3984375,0.0,0.0,0.453125,39.522071838378906
none,3,903,1.0,0.0,1.0,1.0,1.0,1.0,14.73046875,177.28515625,122.19140625,73.95703125,420.6640625,332.9140625,0.0,0.0,0.53125,39.67011642456055
none,3,904,1.0,0.0,1.0,1.0,1.0,1.0,14.56640625,176.53515625,124.0546875,73.48046875,418.8515625,337.90234375,0.0,0.0,0.5,39.69938659667969
none,3,905,1.0,0.0,1.0,1.0,1.0,1.0,14.671875,176.4921875,124.734375,73.5625,417.84765625,341.5625,0.0,0.0,0.46484375,39.81597137451172
none,3,906,1.0,0.0,1.0,1.0,1.0,1.0,14.71875,176.171875,125.2421875,73.71875,416.51171875,342.33984375,0.0,0.0,0.46484375,39.675506591796875
none,3,907,1.0,0.0,1.0,1.0,1.0,1.0,14.96484375,176.296875,125.0546875,74.16796875,416.56640625,340.34375,0.0,0.0,0.48046875,39.6311149597168
none,3,908,1.0,0.0,1.0,1.0,1.0,1.0,15.26171875,176.51953125,125.96875,75.68359375,417.6171875,343.60546875,0.0,0.0,0.48828125,39.77307891845703
none,3,909,1.0,0.0,1.0,1.0,1.0,1.0,14.80859375,176.9609375,126.53125,74.8046875,418.6796875,345.48046875,0.0,0.0,0.49609375,40.10565185546875
none,3,910,1.0,0.0,1.0,1.0,1.0,1.0,14.50390625,176.16796875,125.015625,74.71875,416.78515625,342.37109375,0.0,0.0,0.5234375,39.783023834228516
none,3,911,1.0,0.0,1.0,1.0,1.0,1.0,14.3828125,176.390625,127.09765625,72.97265625,416.2890625,347.71484375,0.0,0.0,0.4765625,39.919281005859375
none,3,912,1.0,0.0,1.0,1.0,1.0,1.0,14.328125,177.234375,125.65234375,73.49609375,419.21875,345.3984375,0.0,0.0,0.51171875,40.00285339355469
none,3,913,1.0,0.0,1.0,1.0,1.0,1.0,13.78515625,178.7421875,126.02734375,70.91015625,423.9765625,343.67578125,0.0,0.0,0.3984375,40.51479721069336
none,3,914,1.0,0.0,1.0,1.0,1.0,1.0,14.69921875,178.11328125,124.05859375,75.17578125,421.6015625,337.65234375,0.0,0.0,0.4921875,40.17489242553711
none,3,915,1.0,0.0,1.0,1.0,1.0,1.0,14.2734375,177.43359375,125.34375,72.4921875,418.9453125,340.37109375,0.0,0.0,0.4609375,40.12640380859375
none,3,916,1.0,0.0,1.0,1.0,1.0,1.0,13.83984375,176.4140625,125.80078125,70.24609375,417.5625,342.41015625,0.0,0.0,0.49609375,39.82096862792969
none,3,917,1.0,0.0,1.0,1.0,1.0,1.0,13.87109375,178.15625,124.80078125,69.4609375,420.73046875,336.65234375,0.0,0.0,0.45703125,40.30952453613281
none,3,918,1.0,0.0,1.0,1.0,1.0,1.0,13.7578125,176.9921875,125.49609375,68.81640625,417.046875,337.55859375,0.0,0.0,0.546875,40.093788146972656
none,3,919,1.0,0.0,1.0,1.0,1.0,1.0,13.98828125,177.046875,125.25390625,70.2734375,417.8359375,337.05859375,0.0,0.0,0.546875,39.989810943603516
none,3,920,1.0,0.0,1.0,1.0,1.0,1.0,13.91015625,178.6796875,125.46875,70.10546875,421.5546875,337.39453125,0.0,0.0,0.4921875,40.38531494140625
none,3,921,1.0,0.0,1.0,1.0,1.0,1.0,14.3828125,178.421875,123.98046875,72.6875,420.5234375,336.19140625,0.0,0.0,0.3984375,40.07046127319336
none,3,922,1.0,0.0,1.0,1.0,1.0,1.0,14.28125,177.8046875,124.1640625,71.5546875,419.234375,334.16796875,0.0,0.0,0.546875,40.03569030761719
none,3,923,1.0,0.0,1.0,1.0,1.0,1.0,13.9921875,178.1875,124.859375,71.96875,420.1875,338.1953125,0.0,0.0,0.5546875,40.10420227050781
none,3,924,1.0,0.0,1.0,1.0,1.0,1.0,14.3203125,177.16015625,126.9765625,72.16796875,417.390625,343.37890625,0.0,0.0,0.43359375,40.13039779663086
none,3,925,1.0,0.0,1.0,1.0,1.0,1.0,14.5,177.0390625,127.80078125,72.85546875,416.6875,346.7890625,0.0,0.0,0.34765625,40.3056640625
none,3,926,1.0,0.0,1.0,1.0,1.0,1.0,14.0078125,177.37109375,127.30859375,72.0859375,417.8984375,345.02734375,0.0,0.0,0.45703125,40.37885284423828
none,3,927,1.0,0.0,1.0,1.0,1.0,1.0,14.23046875,178.0546875,126.765625,72.95703125,419.10546875,342.53125,0.0,0.0,0.48828125,40.266326904296875
none,3,928,1.0,0.0,1.0,1.0,1.0,1.0,13.9453125,178.84375,127.328125,72.12109375,421.296875,343.4765625,0.0,0.0,0.45703125,40.51268005371094
none,3,929,1.0,0.0,1.0,1.0,1.0,1.0,13.68359375,177.390625,128.21484375,71.22265625,418.0078125,347.80859375,0.0,0.0,0.4296875,40.44210433959961
none,3,930,1.0,0.0,1.0,1.0,1.0,1.0,13.42578125,177.7265625,128.06640625,71.24609375,416.7734375,346.671875,0.0,0.0,0.4375,40.526023864746094
none,3,931,1.0,0.0,1.0,1.0,1.0,1.0,14.546875,178.08203125,124.87109375,72.2890625,418.06640625,337.38671875,0.0,0.0,0.4296875,40.19053649902344
none,3,932,1.0,0.0,1.0,1.0,1.0,1.0,13.8359375,177.8203125,126.92578125,72.03125,417.1484375,343.19921875,0.0,0.0,0.45703125,40.56440734863281
none,3,933,1.0,0.0,1.0,1.0,1.0,1.0,13.9375,177.90625,125.8984375,70.41015625,417.30859375,340.6953125,0.0,0.0,0.53515625,40.34456253051758
none,3,934,1.0,0.0,1.0,1.0,1.0,1.0,14.51171875,178.58203125,127.328125,72.890625,418.02734375,343.328125,0.0,0.0,0.44921875,40.58854293823242
none,3,935,1.0,0.0,1.0,1.0,1.0,1.0,14.53125,178.08203125,125.8046875,73.1484375,418.5625,339.36328125,0.0,0.0,0.46875,40.109066009521484
none,3,936,1.0,0.0,1.0,1.0,1.0,1.0,13.734375,177.90625,126.88671875,70.75,416.84765625,342.70703125,0.0,0.0,0.48828125,40.4753532409668
none,3,937,1.0,0.0,1.0,1.0,1.0,1.0,13.87890625,178.18359375,127.05078125,72.62109375,416.609375,343.19921875,0.0,0.0,0.44921875,40.45631408691406
none,3,938,1.0,0.0,1.0,1.0,1.0,1.0,13.66796875,178.67578125,126.859375,72.234375,417.9765625,341.1171875,0.0,0.0,0.4140625,40.644264221191406
none,3,939,1.0,0.0,1.0,1.0,1.0,1.0,13.72265625,178.4296875,125.46875,72.0,416.8046875,338.37109375,0.0,0.0,0.515625,40.48848342895508
none,3,940,1.0,0.0,1.0,1.0,1.0,1.0,13.94921875,178.50390625,127.4921875,72.29296875,419.671875,344.47265625,0.0,0.0,0.484375,40.84418869018555
none,3,941,1.0,0.0,1.0,1.0,1.0,1.0,14.01171875,177.484375,127.33203125,72.91015625,416.22265625,343.87890625,0.0,0.0,0.53125,40.357906341552734
none,3,942,1.0,0.0,1.0,1.0,1.0,1.0,14.24609375,178.12890625,126.53125,72.78125,418.5625,340.89453125,0.0,0.0,0.47265625,40.411048889160156
none,3,943,1.0,0.0,1.0,1.0,1.0,1.0,14.1953125,177.78125,127.2890625,72.46875,417.7265625,344.65234375,0.0,0.0,0.35546875,40.40604782104492
none,3,944,1.0,0.0,1.0,1.0,1.0,1.0,13.765625,178.8359375,127.34375,72.62109375,418.80078125,342.60546875,0.0,0.0,0.47265625,40.853538513183594
none,3,945,1.0,0.0,1.0,1.0,1.0,1.0,13.29296875,177.8125,128.91796875,69.73828125,416.78515625,346.9765625,0.0,0.0,0.453125,40.720577239990234
none,3,946,1.0,0.0,1.0,1.0,1.0,1.0,13.2265625,178.5859375,126.53125,70.30859375,419.25,342.6015625,0.0,0.0,0.4296875,40.721824645996094
none,3,947,1.0,0.0,1.0,1.0,1.0,1.0,13.37890625,179.609375,127.06640625,70.5625,420.875,343.3515625,0.0,0.0,0.45703125,40.767601013183594
none,3,948,1.0,0.0,1.0,1.0,1.0,1.0,13.52734375,178.63671875,127.2578125,72.09765625,417.84375,343.20703125,0.0,0.0,0.42578125,40.664207458496094
none,3,949,1.0,0.0,1.0,1.0,1.0,1.0,13.79296875,179.16015625,126.56640625,72.4609375,419.265625,340.8828125,0.0,0.0,0.4765625,40.73014831542969
none,3,950,1.0,0.0,1.0,1.0,1.0,1.0,13.4765625,179.859375,127.99609375,70.078125,419.61328125,344.34765625,0.0,0.0,0.42578125,40.947296142578125
none,3,951,1.0,0.0,1.0,1.0,1.0,1.0,13.71484375,178.953125,126.56640625,70.96875,419.171875,339.5390625,0.0,0.0,0.43359375,40.565101623535156
none,3,952,1.0,0.0,1.0,1.0,1.0,1.0,13.0078125,178.9296875,127.3671875,69.55859375,417.37109375,340.7109375,0.0,0.0,0.4609375,40.820777893066406
none,3,953,1.0,0.0,1.0,1.0,1.0,1.0,13.35546875,179.2421875,129.6328125,70.01953125,418.61328125,346.80078125,0.0,0.0,0.421875,41.12976837158203
none,3,954,1.0,0.0,1.0,1.0,1.0,1.0,12.9921875,178.0,129.8359375,69.06640625,414.54296875,348.23046875,0.0,0.0,0.46875,40.847110748291016
none,3,955,1.0,0.0,1.0,1.0,1.0,1.0,13.11328125,179.671875,128.109375,69.703125,418.43359375,341.75,0.0,0.0,0.49609375,41.043235778808594
none,3,956,1.0,0.0,1.0,1.0,1.0,1.0,13.29296875,180.08984375,128.59375,70.4921875,420.09765625,342.609375,0.0,0.0,0.43359375,41.06368637084961
none,3,957,1.0,0.0,1.0,1.0,1.0,1.0,13.4296875,180.12109375,129.08203125,71.14453125,418.29296875,343.19921875,0.0,0.0,0.49609375,41.24027633666992
none,3,958,1.0,0.0,1.0,1.0,1.0,1.0,13.23046875,179.5234375,129.9609375,70.015625,418.8515625,345.55078125,0.0,0.0,0.40234375,41.11790084838867
none,3,959,1.0,0.0,1.0,1.0,1.0,1.0,13.11328125,179.74609375,130.31640625,68.3828125,418.64453125,345.046875,0.0,0.0,0.38671875,41.32006072998047
none,3,960,1.0,0.0,1.0,1.0,1.0,1.0,13.2265625,178.78515625,129.04296875,68.5390625,417.08203125,345.78125,0.0,0.0,0.45703125,40.95781326293945
none,3,961,1.0,0.0,1.0,1.0,1.0,1.0,13.109375,179.8828125,129.2421875,69.80859375,418.1015625,344.43359375,0.0,0.0,0.421875,41.32396697998047
none,3,962,1.0,0.0,1.0,1.0,1.0,1.0,12.84765625,178.7109375,127.89453125,68.984375,417.30859375,341.23828125,0.0,0.0,0.53515625,40.65711975097656
none,3,963,1.0,0.0,1.0,1.0,1.0,1.0,13.2265625,179.0546875,127.2578125,71.6796875,417.0625,342.359375,0.0,0.0,0.3984375,40.975067138671875
none,3,964,1.0,0.0,1.0,1.0,1.0,1.0,13.3125,179.55859375,129.37890625,71.22265625,419.5078125,345.03125,0.0,0.0,0.4453125,41.168426513671875
none,3,965,1.0,0.0,1.0,1.0,1.0,1.0,13.20703125,179.9296875,128.48828125,69.578125,419.53515625,344.0234375,0.0,0.0,0.40625,41.24235916137695
none,3,966,1.0,0.0,1.0,1.0,1.0,1.0,13.421875,178.29296875,129.7734375,72.046875,417.328125,346.9921875,0.0,0.0,0.4296875,40.919525146484375
none,3,967,1.0,0.0,1.0,1.0,1.0,1.0,13.296875,179.484375,129.41015625,69.9375,418.08203125,346.921875,0.0,0.0,0.3828125,41.0506477355957
none,3,968,1.0,0.0,1.0,1.0,1.0,1.0,13.078125,179.3203125,129.265625,69.890625,417.0390625,345.39453125,0.0,0.0,0.4453125,41.25147247314453
none,3,969,1.0,0.0,1.0,1.0,1.0,1.0,13.20703125,180.328125,131.1484375,69.8984375,418.734375,350.73828125,0.0,0.0,0.49609375,41.551429748535156
none,3,970,1.0,0.0,1.0,1.0,1.0,1.0,13.4765625,179.01953125,129.87890625,70.5,415.75,345.39453125,0.0,0.0,0.4765625,41.04393005371094
none,3,971,1.0,0.0,1.0,1.0,1.0,1.0,13.01953125,180.62890625,129.87890625,69.359375,418.19140625,345.99609375,0.0,0.0,0.4375,41.61144256591797
none,3,972,1.0,0.0,1.0,1.0,1.0,1.0,13.0,179.6953125,130.1328125,70.3203125,417.0390625,342.953125,0.0,0.0,0.43359375,41.29885482788086
none,3,973,1.0,0.0,1.0,1.0,1.0,1.0,13.5390625,179.47265625,130.078125,71.3125,414.60546875,344.65234375,0.0,0.0,0.484375,41.24473190307617
none,3,974,1.0,0.0,1.0,1.0,1.0,1.0,13.08203125,179.83203125,129.8828125,69.65625,416.546875,344.83984375,0.0,0.0,0.4296875,41.39918518066406
none,3,975,1.0,0.0,1.0,1.0,1.0,1.0,13.02734375,179.80078125,130.09765625,69.32421875,416.9296875,342.94140625,0.0,0.0,0.41796875,41.37268829345703
none,3,976,1.0,0.0,1.0,1.0,1.0,1.0,13.43359375,181.0234375,129.54296875,70.109375,418.171875,342.14453125,0.0,0.0,0.5,41.7563362121582
none,3,977,1.0,0.0,1.0,1.0,1.0,1.0,13.25390625,179.9921875,130.5234375,69.66796875,417.484375,346.2578125,0.0,0.0,0.421875,41.426918029785156
none,3,978,1.0,0.0,1.0,1.0,1.0,1.0,12.9140625,179.39453125,129.30859375,70.3359375,415.078125,342.57421875,0.0,0.0,0.3828125,41.259864807128906
none,3,979,1.0,0.0,1.0,1.0,1.0,1.0,13.21484375,181.08203125,131.03125,70.125,419.0546875,347.5,0.0,0.0,0.34375,41.70500946044922
none,3,980,1.0,0.0,1.0,1.0,1.0,1.0,12.95703125,179.28515625,129.97265625,70.1484375,415.8828125,346.1171875,0.0,0.0,0.43359375,41.32255935668945
none,3,981,1.0,0.0,1.0,1.0,1.0,1.0,13.3359375,180.6171875,129.69921875,71.2578125,419.8203125,345.0390625,0.0,0.0,0.546875,41.418121337890625
none,3,982,1.0,0.0,1.0,1.0,1.0,1.0,14.01171875,179.59375,130.80078125,73.98828125,417.42578125,347.140625,0.0,0.0,0.4609375,41.289913177490234
none,3,983,1.0,0.0,1.0,1.0,1.0,1.0,13.375,180.43359375,131.16796875,71.4609375,418.2421875,348.765625,0.0,0.0,0.44921875,41.316925048828125
none,3,984,1.0,0.0,1.0,1.0,1.0,1.0,13.5546875,180.07421875,131.0625,72.94140625,417.42578125,348.1953125,0.0,0.0,0.453125,41.301963806152344
none,3,985,1.0,0.0,1.0,1.0,1.0,1.0,12.93359375,180.64453125,132.015625,69.3515625,418.1640625,350.984375,0.0,0.0,0.421875,41.80904769897461
none,3,986,1.0,0.0,1.0,1.0,1.0,1.0,12.94921875,180.37890625,131.08203125,69.83984375,418.06640625,347.7734375,0.0,0.0,0.41796875,41.852142333984375
none,3,987,1.0,0.0,1.0,1.0,1.0,1.0,12.95703125,181.3515625,130.92578125,69.76171875,418.796875,349.41015625,0.0,0.0,0.421875,41.71808624267578
none,3,988,1.0,0.0,1.0,1.0,1.0,1.0,13.0234375,181.09375,131.5859375,71.43359375,418.11328125,349.51171875,0.0,0.0,0.41796875,41.74851608276367
none,3,989,1.0,0.0,1.0,1.0,1.0,1.0,12.875,180.48046875,131.453125,71.515625,417.390625,347.390625,0.0,0.0,0.42578125,41.596412658691406
none,3,990,1.0,0.0,1.0,1.0,1.0,1.0,13.2109375,178.56640625,132.5703125,71.75390625,413.6640625,351.16796875,0.0,0.0,0.5390625,41.16371154785156
none,3,991,1.0,0.0,1.0,1.0,1.0,1.0,12.55859375,180.890625,132.91015625,68.9140625,417.7109375,351.15234375,0.0,0.0,0.4140625,41.86013412475586
none,3,992,1.0,0.0,1.0,1.0,1.0,1.0,12.53515625,180.08984375,132.5,69.2421875,416.9453125,348.32421875,0.0,0.0,0.3984375,41.74959945678711
none,3,993,1.0,0.0,1.0,1.0,1.0,1.0,12.34765625,180.79296875,132.13671875,68.2265625,418.03125,351.1015625,0.0,0.0,0.51953125,41.971824645996094
none,3,994,1.0,0.0,1.0,1.0,1.0,1.0,13.015625,179.98828125,132.578125,70.3359375,414.91015625,350.54296875,0.0,0.0,0.44140625,41.786651611328125
none,3,995,1.0,0.0,1.0,1.0,1.0,1.0,12.94921875,179.828125,132.890625,71.046875,414.4140625,350.33203125,0.0,0.0,0.41796875,41.59870147705078
none,3,996,1.0,0.0,1.0,1.0,1.0,1.0,12.859375,179.13671875,134.4296875,69.9296875,411.64453125,354.99609375,0.0,0.0,0.390625,41.52706527709961
none,3,997,1.0,0.0,1.0,1.0,1.0,1.0,12.37109375,179.69140625,133.28515625,69.48828125,412.1171875,350.8515625,0.0,0.0,0.43359375,41.77447509765625
none,3,998,1.0,0.0,1.0,1.0,1.0,1.0,12.26171875,181.26953125,132.1875,68.3359375,416.88671875,346.96484375,0.0,0.0,0.3515625,41.976806640625
none,3,999,1.0,0.0,1.0,1.0,1.0,1.0,12.83984375,180.95703125,132.26171875,69.89453125,415.9609375,349.171875,0.0,0.0,0.4375,41.79798126220703
none,4,0,1.0,0.0,1.0,1.0,1.0,1.0,33.0078125,34.6640625,32.3125,265.51171875,272.28125,266.16015625,0.0,0.0,22.59765625,-4.750823974609375
none,4,1,1.0,0.0,1.0,1.0,1.0,1.0,33.0078125,36.87890625,33.37890625,261.0078125,279.46875,265.7265625,0.0,0.0,22.98828125,-4.113187789916992
none,4,2,1.0,0.0,1.0,1.0,1.0,1.0,34.67578125,37.640625,35.34765625,265.03125,269.77734375,273.37890625,0.0,0.0,23.125,-4.108581066131592
none,4,3,1.0,0.0,1.0,1.0,1.0,1.0,35.08203125,40.7109375,36.6484375,260.2890625,283.4765625,273.10546875,0.0,0.0,22.78515625,-3.532649517059326
none,4,4,1.0,0.0,1.0,1.0,1.0,1.0,35.94140625,42.03125,37.74609375,256.734375,284.1953125,267.43359375,0.0,0.0,23.14453125,-3.403738021850586
none,4,5,1.0,0.0,1.0,1.0,1.0,1.0,37.94140625,44.03125,38.75390625,257.5546875,280.9609375,265.83203125,0.0,0.0,22.63671875,-3.275566816329956
none,4,6,1.0,0.0,1.0,1.0,1.0,1.0,39.234375,46.3984375,40.09765625,260.7890625,286.21875,263.62109375,0.0,0.0,22.1171875,-2.801250457763672
none,4,7,1.0,0.0,1.0,1.0,1.0,1.0,40.54296875,48.08984375,41.421875,259.7265625,288.796875,256.265625,0.0,0.0,22.06640625,-2.4725217819213867
none,4,8,1.0,0.0,1.0,1.0,1.0,1.0,41.99609375,50.2734375,43.0625,256.2421875,288.625,256.703125,0.0,0.0,21.50390625,-2.147829055786133
none,4,9,1.0,0.0,1.0,1.0,1.0,1.0,43.18359375,51.890625,43.64453125,255.08203125,289.97265625,251.8046875,0.0,0.0,21.50390625,-1.9022326469421387
none,4,10,1.0,0.0,1.0,1.0,1.0,1.0,44.98828125,54.75390625,44.47265625,255.0703125,293.1328125,245.484375,0.0,0.0,21.30078125,-1.3792407512664795
none,4,11,1.0,0.0,1.0,1.0,1.0,1.0,45.48046875,55.48828125,46.04296875,247.234375,293.01953125,244.7734375,0.0,0.0,21.53125,-1.4087085723876953
none,4,12,1.0,0.0,1.0,1.0,1.0,1.0,47.40625,57.109375,46.98046875,247.046875,290.89453125,238.9140625,0.0,0.0,21.296875,-1.2919782400131226
none,4,13,1.0,0.0,1.0,1.0,1.0,1.0,50.16015625,60.33984375,48.203125,251.80859375,295.8203125,238.3828125,0.0,0.0,20.48828125,-0.8470363616943359
none,4,14,1.0,0.0,1.0,1.0,1.0,1.0,49.09375,60.375,51.08203125,240.55078125,289.0625,244.43359375,0.0,0.0,20.02734375,-0.2911817729473114
none,4,15,1.0,0.0,1.0,1.0,1.0,1.0,50.0546875,61.9375,50.890625,239.32421875,288.953125,235.73828125,0.0,0.0,20.27734375,-0.20408853888511658
none,4,16,1.0,0.0,1.0,1.0,1.0,1.0,50.71484375,64.8203125,52.34375,235.8203125,289.5390625,237.65234375,0.0,0.0,19.82421875,0.4203093647956848
none,4,17,1.0,0.0,1.0,1.0,1.0,1.0,51.32421875,66.390625,52.46875,236.9609375,290.69140625,233.19921875,0.0,0.0,19.8203125,0.511185348033905
none,4,18,1.0,0.0,1.0,1.0,1.0,1.0,52.78125,67.96484375,54.71875,236.67578125,290.8359375,235.6953125,0.0,0.0,18.93359375,0.9102794528007507
none,4,19,1.0,0.0,1.0,1.0,1.0,1.0,51.515625,69.984375,53.51953125,229.7421875,289.6953125,226.91015625,0.0,0.0,19.4453125,1.618833065032959
none,4,20,1.0,0.0,1.0,1.0,1.0,1.0,52.640625,70.703125,55.80859375,227.015625,282.86328125,231.00390625,0.0,0.0,19.19140625,1.4878995418548584
none,4,21,1.0,0.0,1.0,1.0,1.0,1.0,51.44921875,72.6796875,56.73828125,218.84375,284.5625,227.05859375,0.0,0.0,18.95703125,2.329315662384033
none,4,22,1.0,0.0,1.0,1.0,1.0,1.0,52.64453125,75.11328125,56.40234375,221.45703125,283.65234375,222.9453125,0.0,0.0,18.52734375,2.599813938140869
none,4,23,1.0,0.0,1.0,1.0,1.0,1.0,51.9296875,76.06640625,57.203125,214.5859375,288.96484375,222.0625,0.0,0.0,18.62890625,2.772988796234131
none,4,24,1.0,0.0,1.0,1.0,1.0,1.0,52.296875,78.3984375,58.96875,214.3515625,289.01953125,225.51953125,0.0,0.0,17.56640625,3.538064479827881
none,4,25,1.0,0.0,1.0,1.0,1.0,1.0,53.00390625,78.0546875,58.85546875,214.7109375,282.265625,223.3359375,0.0,0.0,17.5234375,3.4530932903289795
none,4,26,1.0,0.0,1.0,1.0,1.0,1.0,51.6953125,80.2421875,59.0390625,205.25,286.94140625,221.671875,0.0,0.0,17.90625,3.694894790649414
none,4,27,1.0,0.0,1.0,1.0,1.0,1.0,52.6328125,83.1953125,58.828125,205.0234375,294.11328125,218.9140625,0.0,0.0,17.3046875,4.399227142333984
none,4,28,1.0,0.0,1.0,1.0,1.0,1.0,51.6875,83.88671875,59.8515625,199.89453125,291.61328125,220.40625,0.0,0.0,17.01953125,4.704599857330322
none,4,29,1.0,0.0,1.0,1.0,1.0,1.0,52.0,84.890625,59.40625,198.390625,292.5,217.140625,0.0,0.0,16.89453125,4.832838535308838
none,4,30,1.0,0.0,1.0,1.0,1.0,1.0,51.828125,86.74609375,60.4453125,194.21484375,297.77734375,220.50390625,0.0,0.0,16.6171875,5.217871189117432
none,4,31,1.0,0.0,1.0,1.0,1.0,1.0,51.60546875,88.16796875,59.30859375,192.73046875,301.1640625,213.734375,0.0,0.0,16.37109375,5.567391872406006
none,4,32,1.0,0.0,1.0,1.0,1.0,1.0,51.13671875,88.59375,60.80859375,190.0078125,299.6015625,220.15234375,0.0,0.0,16.34375,5.869271278381348
none,4,33,1.0,0.0,1.0,1.0,1.0,1.0,50.7421875,88.89453125,62.07421875,188.90625,301.34765625,222.95703125,0.0,0.0,15.7578125,6.005528926849365
none,4,34,1.0,0.0,1.0,1.0,1.0,1.0,50.62890625,89.83984375,61.30078125,187.5625,304.03515625,220.52734375,0.0,0.0,15.80859375,6.3996500968933105
none,4,35,1.0,0.0,1.0,1.0,1.0,1.0,50.125,89.85546875,61.578125,186.41015625,300.19140625,221.51171875,0.0,0.0,15.41796875,6.423633575439453
none,4,36,1.0,0.0,1.0,1.0,1.0,1.0,50.6484375,89.9765625,63.48828125,186.734375,299.31640625,227.92578125,0.0,0.0,15.2578125,6.3464674949646
none,4,37,1.0,0.0,1.0,1.0,1.0,1.0,51.34765625,90.55078125,63.32421875,187.59375,300.05859375,226.22265625,0.0,0.0,14.7734375,6.702645778656006
none,4,38,1.0,0.0,1.0,1.0,1.0,1.0,50.4140625,90.95703125,63.44921875,183.5703125,300.0078125,227.3515625,0.0,0.0,14.4375,6.955621242523193
none,4,39,1.0,0.0,1.0,1.0,1.0,1.0,50.421875,91.48046875,63.265625,184.31640625,302.13671875,227.4375,0.0,0.0,14.34375,7.0292487144470215
none,4,40,1.0,0.0,1.0,1.0,1.0,1.0,52.19921875,89.76171875,65.12109375,190.37109375,296.44140625,233.91796875,0.0,0.0,14.34765625,6.671746253967285
none,4,41,1.0,0.0,1.0,1.0,1.0,1.0,50.2734375,91.25390625,64.76953125,182.51953125,298.70703125,233.35546875,0.0,0.0,14.32421875,7.088374137878418
none,4,42,1.0,0.0,1.0,1.0,1.0,1.0,51.57421875,90.3046875,64.40625,186.88671875,294.859375,232.66015625,0.0,0.0,14.1796875,6.727713584899902
none,4,43,1.0,0.0,1.0,1.0,1.0,1.0,50.14453125,91.55859375,65.0234375,183.30859375,298.5703125,234.85546875,0.0,0.0,14.0546875,7.217948913574219
none,4,44,1.0,0.0,1.0,1.0,1.0,1.0,50.453125,89.63671875,65.58984375,184.45703125,293.31640625,237.55859375,0.0,0.0,14.0625,6.891478538513184
none,4,45,1.0,0.0,1.0,1.0,1.0,1.0,48.1953125,90.15625,65.27734375,177.3203125,297.54296875,239.12890625,0.0,0.0,14.55859375,7.145274639129639
none,4,46,1.0,0.0,1.0,1.0,1.0,1.0,49.90234375,90.91015625,65.47265625,182.7421875,300.37890625,238.1640625,0.0,0.0,14.12890625,7.1948699951171875
none,4,47,1.0,0.0,1.0,1.0,1.0,1.0,48.30078125,89.578125,66.28515625,178.26171875,294.0859375,242.74609375,0.0,0.0,14.16015625,7.237851142883301
none,4,48,1.0,0.0,1.0,1.0,1.0,1.0,48.3046875,89.84765625,65.96875,177.921875,294.53515625,242.07421875,0.0,0.0,13.99609375,7.237957000732422
none,4,49,1.0,0.0,1.0,1.0,1.0,1.0,49.0078125,90.73046875,66.5,181.5546875,296.984375,244.57421875,0.0,0.0,13.93359375,7.290694236755371
none,4,50,1.0,0.0,1.0,1.0,1.0,1.0,48.44140625,89.8203125,66.5546875,179.19921875,296.1484375,242.58984375,0.0,0.0,13.875,7.300163269042969
none,4,51,1.0,0.0,1.0,1.0,1.0,1.0,49.47265625,88.99609375,67.7734375,181.69140625,291.8046875,246.41796875,0.0,0.0,13.90625,7.059981346130371
none,4,52,1.0,0.0,1.0,1.0,1.0,1.0,49.4609375,90.21875,66.58203125,182.28515625,293.96484375,242.0390625,0.0,0.0,14.078125,7.160743713378906
none,4,53,1.0,0.0,1.0,1.0,1.0,1.0,48.51171875,90.05078125,67.64453125,179.25390625,294.87109375,244.4140625,0.0,0.0,13.57421875,7.590209007263184
none,4,54,1.0,0.0,1.0,1.0,1.0,1.0,48.36328125,89.54296875,67.65234375,177.70703125,291.26171875,245.40234375,0.0,0.0,13.3203125,7.46088171005249
none,4,55,1.0,0.0,1.0,1.0,1.0,1.0,49.33984375,90.01171875,66.9765625,180.546875,293.96484375,241.48828125,0.0,0.0,13.4140625,7.321676254272461
none,4,56,1.0,0.0,1.0,1.0,1.0,1.0,49.04296875,90.71875,67.62890625,179.38671875,295.62890625,245.68359375,0.0,0.0,13.16015625,7.533267974853516
none,4,57,1.0,0.0,1.0,1.0,1.0,1.0,49.8203125,89.484375,67.4921875,182.33203125,292.26953125,245.51171875,0.0,0.0,13.6171875,7.052367687225342
none,4,58,1.0,0.0,1.0,1.0,1.0,1.0,49.56640625,88.9453125,68.01171875,184.484375,292.91015625,247.35546875,0.0,0.0,13.1875,7.0344953536987305
none,4,59,1.0,0.0,1.0,1.0,1.0,1.0,49.9453125,89.53125,68.0546875,185.7265625,295.28125,249.97265625,0.0,0.0,13.5078125,7.066408157348633
none,4,60,1.0,0.0,1.0,1.0,1.0,1.0,49.5703125,90.1171875,68.1875,186.41796875,297.55859375,250.44140625,0.0,0.0,13.19140625,7.576498031616211
none,4,61,1.0,0.0,1.0,1.0,1.0,1.0,49.7578125,88.890625,68.5546875,185.59765625,295.8828125,252.76953125,0.0,0.0,13.23828125,7.058015823364258
none,4,62,1.0,0.0,1.0,1.0,1.0,1.0,48.8984375,90.01953125,66.75390625,184.45703125,297.59375,245.70703125,0.0,0.0,13.890625,7.279280662536621
none,4,63,1.0,0.0,1.0,1.0,1.0,1.0,48.80859375,90.61328125,66.5625,185.7734375,300.0234375,245.8984375,0.0,0.0,13.18359375,7.450292110443115
none,4,64,1.0,0.0,1.0,1.0,1.0,1.0,50.30859375,90.00390625,68.203125,189.28515625,298.6015625,249.7421875,0.0,0.0,13.5390625,7.341565132141113
none,4,65,1.0,0.0,1.0,1.0,1.0,1.0,49.9453125,90.171875,67.7109375,184.71484375,299.26953125,250.125,0.0,0.0,13.21484375,7.452845573425293
none,4,66,1.0,0.0,1.0,1.0,1.0,1.0,49.4765625,89.6484375,69.37109375,187.44140625,295.65625,254.078125,0.0,0.0,13.34765625,7.464327812194824
none,4,67,1.0,0.0,1.0,1.0,1.0,1.0,50.62109375,90.91796875,67.05078125,190.015625,298.5625,246.70703125,0.0,0.0,13.35546875,7.497771263122559
none,4,68,1.0,0.0,1.0,1.0,1.0,1.0,50.52734375,90.625,68.984375,188.0390625,298.19921875,251.10546875,0.0,0.0,13.19140625,7.524046897888184
none,4,69,1.0,0.0,1.0,1.0,1.0,1.0,51.09765625,90.671875,67.98046875,190.30078125,296.6171875,246.140625,0.0,0.0,13.2734375,7.526254653930664
none,4,70,1.0,0.0,1.0,1.0,1.0,1.0,50.734375,90.43359375,68.68359375,187.03515625,296.2890625,248.08984375,0.0,0.0,13.11328125,7.431608200073242
none,4,71,1.0,0.0,1.0,1.0,1.0,1.0,50.26171875,91.453125,67.36328125,186.95703125,299.15625,244.62109375,0.0,0.0,13.11328125,7.641993999481201
none,4,72,1.0,0.0,1.0,1.0,1.0,1.0,50.296875,91.08984375,69.671875,186.078125,295.671875,250.66015625,0.0,0.0,13.0234375,7.903564453125
none,4,73,1.0,0.0,1.0,1.0,1.0,1.0,51.0859375,89.671875,68.76171875,188.1796875,293.328125,248.1015625,0.0,0.0,13.02734375,7.3694987297058105
none,4,74,1.0,0.0,1.0,1.0,1.0,1.0,51.76171875,89.85546875,68.75390625,191.00390625,293.44921875,248.09375,0.0,0.0,13.03515625,7.194923400878906
none,4,75,1.0,0.0,1.0,1.0,1.0,1.0,51.47265625,90.453125,69.05078125,188.49609375,294.26953125,248.7890625,0.0,0.0,13.06640625,7.3047003746032715
none,4,76,1.0,0.0,1.0,1.0,1.0,1.0,52.625,90.19140625,69.46875,192.7265625,293.93359375,250.45703125,0.0,0.0,12.21875,7.409358501434326
none,4,77,1.0,0.0,1.0,1.0,1.0,1.0,51.203125,90.0078125,70.24609375,188.37109375,293.68359375,253.31640625,0.0,0.0,12.79296875,7.4852800369262695
none,4,78,1.0,0.0,1.0,1.0,1.0,1.0,51.65625,92.21484375,69.18359375,188.78515625,299.3984375,250.68359375,0.0,0.0,12.47265625,7.729281902313232
none,4,79,1.0,0.0,1.0,1.0,1.0,1.0,50.4765625,91.69921875,68.29296875,185.7109375,299.07421875,248.6875,0.0,0.0,12.26953125,7.935141563415527
none,4,80,1.0,0.0,1.0,1.0,1.0,1.0,51.18359375,91.85546875,67.7734375,190.80859375,298.73046875,248.23046875,0.0,0.0,12.53515625,7.555344581604004
none,4,81,1.0,0.0,1.0,1.0,1.0,1.0,50.7265625,91.984375,67.359375,188.2890625,299.9140625,243.96875,0.0,0.0,12.3984375,7.676682949066162
none,4,82,1.0,0.0,1.0,1.0,1.0,1.0,50.1875,92.0859375,67.80859375,184.19140625,300.515625,246.984375,0.0,0.0,12.70703125,7.819586753845215
none,4,83,1.0,0.0,1.0,1.0,1.0,1.0,51.64453125,91.65625,67.328125,190.05078125,301.1875,247.140625,0.0,0.0,12.5234375,7.518418788909912
none,4,84,1.0,0.0,1.0,1.0,1.0,1.0,50.1328125,92.41015625,69.1015625,185.29296875,301.796875,252.36328125,0.0,0.0,12.1796875,8.032899856567383
none,4,85,1.0,0.0,1.0,1.0,1.0,1.0,48.62109375,92.8046875,68.4921875,182.34375,304.578125,249.109375,0.0,0.0,12.30078125,8.383931159973145
none,4,86,1.0,0.0,1.0,1.0,1.0,1.0,49.9765625,91.27734375,69.0078125,185.32421875,298.6328125,251.875,0.0,0.0,12.35546875,7.958821773529053
none,4,87,1.0,0.0,1.0,1.0,1.0,1.0,48.625,92.6796875,70.25,180.4296875,302.83203125,255.8046875,0.0,0.0,11.9921875,8.632070541381836
none,4,88,1.0,0.0,1.0,1.0,1.0,1.0,49.6328125,93.1484375,69.734375,184.71484375,302.74609375,250.41796875,0.0,0.0,11.81640625,8.495180130004883
none,4,89,1.0,0.0,1.0,1.0,1.0,1.0,48.78125,93.27734375,69.26171875,182.5078125,302.828125,250.8671875,0.0,0.0,12.07421875,8.33825397491455
none,4,90,1.0,0.0,1.0,1.0,1.0,1.0,48.9375,94.7109375,68.1171875,183.62890625,307.3828125,242.2734375,0.0,0.0,12.26171875,8.826380729675293
none,4,91,1.0,0.0,1.0,1.0,1.0,1.0,50.13671875,94.2109375,67.55859375,187.29296875,305.44921875,240.08203125,0.0,0.0,12.1171875,8.426786422729492
none,4,92,1.0,0.0,1.0,1.0,1.0,1.0,49.83984375,95.50390625,67.4765625,184.06640625,308.52734375,237.55859375,0.0,0.0,11.9296875,8.707450866699219
none,4,93,1.0,0.0,1.0,1.0,1.0,1.0,49.58203125,94.32421875,68.0234375,185.44140625,305.671875,241.05859375,0.0,0.0,12.0546875,8.58936595916748
none,4,94,1.0,0.0,1.0,1.0,1.0,1.0,49.5859375,94.73828125,68.52734375,184.453125,308.5234375,239.63671875,0.0,0.0,12.14453125,8.63791275024414
none,4,95,1.0,0.0,1.0,1.0,1.0,1.0,49.75390625,95.16796875,67.796875,183.10546875,306.97265625,237.12109375,0.0,0.0,12.34375,8.74827766418457
none,4,96,1.0,0.0,1.0,1.0,1.0,1.0,49.421875,95.26171875,69.3984375,181.421875,307.28125,243.97265625,0.0,0.0,11.81640625,8.933971405029297
none,4,97,1.0,0.0,1.0,1.0,1.0,1.0,50.0,95.40234375,68.796875,184.484375,306.171875,239.2890625,0.0,0.0,11.734375,8.880791664123535
none,4,98,1.0,0.0,1.0,1.0,1.0,1.0,48.6875,95.0,69.08203125,179.86328125,306.58984375,243.328125,0.0,0.0,11.8671875,8.892261505126953
none,4,99,1.0,0.0,1.0,1.0,1.0,1.0,48.5859375,94.6328125,69.28125,179.0625,305.2109375,242.48828125,0.0,0.0,11.84765625,8.8380765914917
none,4,100,1.0,0.0,1.0,1.0,1.0,1.0,49.26953125,95.95703125,68.7109375,183.5546875,309.1484375,241.66015625,0.0,0.0,12.07421875,9.23413372039795
none,4,101,1.0,0.0,1.0,1.0,1.0,1.0,49.16796875,95.69140625,68.77734375,182.4921875,306.890625,240.26953125,0.0,0.0,12.0390625,8.836652755737305
none,4,102,1.0,0.0,1.0,1.0,1.0,1.0,49.03515625,96.1796875,68.4140625,183.49609375,309.51953125,239.0078125,0.0,0.0,11.5234375,8.974737167358398
none,4,103,1.0,0.0,1.0,1.0,1.0,1.0,47.84765625,95.890625,67.7265625,177.1875,308.16015625,237.8203125,0.0,0.0,12.28515625,9.034285545349121
none,4,104,1.0,0.0,1.0,1.0,1.0,1.0,48.79296875,97.65625,67.6953125,181.85546875,317.1328125,237.75,0.0,0.0,11.6640625,9.505431175231934
none,4,105,1.0,0.0,1.0,1.0,1.0,1.0,48.27734375,98.1796875,67.8671875,181.30078125,316.34765625,235.53125,0.0,0.0,11.96875,9.789885520935059
none,4,106,1.0,0.0,1.0,1.0,1.0,1.0,47.5859375,98.015625,68.765625,178.328125,315.78125,240.4296875,0.0,0.0,11.96875,9.793970108032227
none,4,107,1.0,0.0,1.0,1.0,1.0,1.0,48.76171875,98.08984375,68.5859375,182.66015625,317.421875,239.78515625,0.0,0.0,11.8671875,9.597028732299805
none,4,108,1.0,0.0,1.0,1.0,1.0,1.0,47.6953125,97.83984375,69.58984375,179.10546875,314.8125,240.58984375,0.0,0.0,11.828125,9.989097595214844
none,4,109,1.0,0.0,1.0,1.0,1.0,1.0,48.31640625,98.62890625,69.0859375,178.5625,317.6328125,239.91796875,0.0,0.0,11.890625,9.966322898864746
none,4,110,1.0,0.0,1.0,1.0,1.0,1.0,47.95703125,97.7578125,70.5078125,179.44921875,316.51171875,244.1171875,0.0,0.0,12.1875,9.841812133789062
none,4,111,1.0,0.0,1.0,1.0,1.0,1.0,47.18359375,98.171875,69.8828125,176.05859375,315.73828125,241.03125,0.0,0.0,11.32421875,10.059707641601562
none,4,112,1.0,0.0,1.0,1.0,1.0,1.0,47.19140625,99.85546875,70.1015625,177.86328125,318.25,240.8046875,0.0,0.0,11.5390625,10.607025146484375
none,4,113,1.0,0.0,1.0,1.0,1.0,1.0,46.59375,99.42578125,69.21484375,173.90234375,316.7734375,235.8203125,0.0,0.0,11.36328125,10.31788444519043
none,4,114,1.0,0.0,1.0,1.0,1.0,1.0,46.98828125,98.859375,70.328125,175.7421875,318.13671875,242.5859375,0.0,0.0,11.4296875,10.355742454528809
none,4,115,1.0,0.0,1.0,1.0,1.0,1.0,46.91796875,99.67578125,69.8671875,177.2109375,318.625,241.77734375,0.0,0.0,11.47265625,10.563026428222656
none,4,116,1.0,0.0,1.0,1.0,1.0,1.0,46.09375,99.8359375,70.078125,173.234375,319.57421875,242.15234375,0.0,0.0,11.32421875,10.697967529296875
none,4,117,1.0,0.0,1.0,1.0,1.0,1.0,46.48046875,100.4140625,69.54296875,175.58984375,319.16015625,239.11328125,0.0,0.0,11.59765625,10.85954475402832
none,4,118,1.0,0.0,1.0,1.0,1.0,1.0,47.26171875,100.140625,69.734375,178.265625,318.08984375,240.5078125,0.0,0.0,11.38671875,10.491689682006836
none,4,119,1.0,0.0,1.0,1.0,1.0,1.0,47.515625,100.47265625,70.1796875,177.5,319.21484375,240.5078125,0.0,0.0,10.9921875,10.66565227508545
none,4,120,1.0,0.0,1.0,1.0,1.0,1.0,46.90625,101.375,70.4375,175.69921875,321.09375,240.41015625,0.0,0.0,11.09375,10.984285354614258
none,4,121,1.0,0.0,1.0,1.0,1.0,1.0,47.70703125,100.3515625,70.1640625,179.078125,318.5859375,237.69140625,0.0,0.0,11.03515625,10.658934593200684
none,4,122,1.0,0.0,1.0,1.0,1.0,1.0,47.0703125,102.12109375,69.61328125,175.9921875,323.7734375,236.58984375,0.0,0.0,10.85546875,10.851611137390137
none,4,123,1.0,0.0,1.0,1.0,1.0,1.0,45.90234375,101.9765625,69.265625,171.96875,324.99609375,234.59765625,0.0,0.0,10.6796875,11.287246704101562
none,4,124,1.0,0.0,1.0,1.0,1.0,1.0,46.31640625,101.58984375,70.60546875,172.2265625,321.1328125,238.2421875,0.0,0.0,10.75390625,11.287806510925293
none,4,125,1.0,0.0,1.0,1.0,1.0,1.0,46.17578125,101.59765625,69.34375,170.52734375,321.8359375,233.578125,0.0,0.0,10.99609375,11.054488182067871
none,4,126,1.0,0.0,1.0,1.0,1.0,1.0,45.390625,100.94140625,70.35546875,167.6015625,320.546875,237.7109375,0.0,0.0,10.7890625,11.173643112182617
none,4,127,1.0,0.0,1.0,1.0,1.0,1.0,46.140625,102.16015625,70.53515625,171.67578125,320.94921875,237.29296875,0.0,0.0,10.67578125,11.435815811157227
none,4,128,1.0,0.0,1.0,1.0,1.0,1.0,46.640625,101.5,70.78515625,172.82421875,320.80859375,237.2734375,0.0,0.0,10.375,11.470316886901855
none,4,129,1.0,0.0,1.0,1.0,1.0,1.0,45.9375,102.01953125,70.01953125,169.03125,321.21484375,234.1953125,0.0,0.0,10.50390625,11.31226634979248
none,4,130,1.0,0.0,1.0,1.0,1.0,1.0,45.5859375,102.08984375,70.703125,168.6953125,323.0546875,236.6015625,0.0,0.0,10.11328125,11.574987411499023
none,4,131,1.0,0.0,1.0,1.0,1.0,1.0,45.29296875,102.71875,73.01953125,167.8359375,324.61328125,243.82421875,0.0,0.0,10.3515625,11.978893280029297
none,4,132,1.0,0.0,1.0,1.0,1.0,1.0,44.52734375,102.828125,71.9375,167.28125,323.4296875,239.05859375,0.0,0.0,10.29296875,12.20088005065918
none,4,133,1.0,0.0,1.0,1.0,1.0,1.0,45.59375,101.90234375,70.6953125,169.5546875,321.4296875,237.70703125,0.0,0.0,10.515625,11.761221885681152
none,4,134,1.0,0.0,1.0,1.0,1.0,1.0,44.69921875,101.41015625,72.27734375,168.17578125,321.140625,242.3671875,0.0,0.0,9.8671875,11.89709758758545
none,4,135,1.0,0.0,1.0,1.0,1.0,1.0,44.1328125,102.05078125,71.9453125,165.8984375,322.484375,241.51171875,0.0,0.0,9.81640625,11.994241714477539
none,4,136,1.0,0.0,1.0,1.0,1.0,1.0,44.77734375,101.51171875,72.8359375,167.96484375,320.25390625,243.875,0.0,0.0,9.99609375,11.969100952148438
none,4,137,1.0,0.0,1.0,1.0,1.0,1.0,45.90234375,102.68359375,71.40625,172.41015625,322.2578125,241.2578125,0.0,0.0,9.72265625,11.981206893920898
none,4,138,1.0,0.0,1.0,1.0,1.0,1.0,45.359375,102.44140625,71.87890625,170.609375,322.1171875,243.1796875,0.0,0.0,9.8515625,11.880213737487793
none,4,139,1.0,0.0,1.0,1.0,1.0,1.0,44.88671875,102.14453125,71.8671875,168.48046875,322.6875,241.79296875,0.0,0.0,9.94921875,12.11097240447998
none,4,140,1.0,0.0,1.0,1.0,1.0,1.0,45.4609375,103.23046875,73.41796875,170.08203125,322.37109375,246.68359375,0.0,0.0,9.62109375,12.228683471679688
none,4,141,1.0,0.0,1.0,1.0,1.0,1.0,44.84765625,102.7890625,71.9296875,168.75390625,323.47265625,241.8203125,0.0,0.0,9.953125,12.237483978271484
none,4,142,1.0,0.0,1.0,1.0,1.0,1.0,44.45703125,102.64453125,72.734375,170.4765625,322.34765625,244.9296875,0.0,0.0,9.61328125,12.327975273132324
none,4,143,1.0,0.0,1.0,1.0,1.0,1.0,44.16015625,104.359375,70.77734375,167.73046875,327.71875,237.515625,0.0,0.0,9.84765625,12.483260154724121
none,4,144,1.0,0.0,1.0,1.0,1.0,1.0,44.83984375,102.6171875,71.99609375,170.078125,322.76953125,241.05078125,0.0,0.0,9.609375,12.288389205932617
none,4,145,1.0,0.0,1.0,1.0,1.0,1.0,44.6484375,103.60546875,72.79296875,170.23046875,325.51953125,242.61328125,0.0,0.0,9.49609375,12.55017375946045
none,4,146,1.0,0.0,1.0,1.0,1.0,1.0,44.63671875,104.81640625,72.46875,169.140625,326.12890625,242.66015625,0.0,0.0,9.375,12.702568054199219
none,4,147,1.0,0.0,1.0,1.0,1.0,1.0,44.4140625,103.3359375,74.015625,169.87890625,320.1875,245.59765625,0.0,0.0,9.39453125,12.71745491027832
none,4,148,1.0,0.0,1.0,1.0,1.0,1.0,45.17578125,102.546875,74.16796875,172.421875,318.73828125,248.390625,0.0,0.0,9.34375,12.28821849822998
none,4,149,1.0,0.0,1.0,1.0,1.0,1.0,44.7734375,102.4609375,74.7109375,171.296875,319.4609375,250.33984375,0.0,0.0,9.33984375,12.51356315612793
none,4,150,1.0,0.0,1.0,1.0,1.0,1.0,43.94921875,103.5078125,74.359375,168.18359375,323.21875,246.546875,0.0,0.0,9.12109375,13.014442443847656
none,4,151,1.0,0.0,1.0,1.0,1.0,1.0,44.6015625,103.25,73.3671875,170.25390625,320.54296875,244.26171875,0.0,0.0,9.12109375,12.624759674072266
none,4,152,1.0,0.0,1.0,1.0,1.0,1.0,43.53125,104.421875,74.76953125,166.36328125,324.02734375,247.45703125,0.0,0.0,8.83203125,13.218626022338867
none,4,153,1.0,0.0,1.0,1.0,1.0,1.0,44.33984375,102.98046875,73.33203125,171.32421875,320.8046875,244.15234375,0.0,0.0,9.0703125,12.558784484863281
none,4,154,1.0,0.0,1.0,1.0,1.0,1.0,44.49609375,104.24609375,74.07421875,171.640625,327.0625,245.6640625,0.0,0.0,8.80078125,13.084681510925293
none,4,155,1.0,0.0,1.0,1.0,1.0,1.0,43.33203125,104.515625,73.8515625,166.67578125,324.62890625,245.31640625,0.0,0.0,8.8984375,13.231773376464844
none,4,156,1.0,0.0,1.0,1.0,1.0,1.0,42.5859375,105.06640625,73.1953125,163.49609375,326.66015625,243.71875,0.0,0.0,8.99609375,13.211874008178711
none,4,157,1.0,0.0,1.0,1.0,1.0,1.0,44.15234375,104.3984375,74.6640625,172.0546875,324.2734375,248.53125,0.0,0.0,8.59765625,13.353082656860352
none,4,158,1.0,0.0,1.0,1.0,1.0,1.0,44.2890625,104.734375,73.1796875,171.890625,324.00390625,243.19921875,0.0,0.0,8.54296875,13.123085021972656
none,4,159,1.0,0.0,1.0,1.0,1.0,1.0,42.828125,104.78515625,74.2734375,165.93359375,328.0,249.20703125,0.0,0.0,8.80859375,13.248621940612793
none,4,160,1.0,0.0,1.0,1.0,1.0,1.0,44.33984375,105.75390625,73.22265625,172.47265625,328.9921875,244.47265625,0.0,0.0,8.12890625,13.291984558105469
none,4,161,1.0,0.0,1.0,1.0,1.0,1.0,43.7109375,104.15625,75.421875,169.6875,323.64453125,251.32421875,0.0,0.0,8.62890625,13.143698692321777
none,4,162,1.0,0.0,1.0,1.0,1.0,1.0,42.7578125,105.58984375,75.90625,165.671875,326.70703125,251.7890625,0.0,0.0,8.3359375,13.76172161102295
none,4,163,1.0,0.0,1.0,1.0,1.0,1.0,44.12890625,104.7890625,74.8046875,169.74609375,325.10546875,248.23828125,0.0,0.0,8.30859375,13.244489669799805
none,4,164,1.0,0.0,1.0,1.0,1.0,1.0,44.3203125,106.21875,74.359375,171.37890625,327.30078125,245.38671875,0.0,0.0,8.41015625,13.43195629119873
none,4,165,1.0,0.0,1.0,1.0,1.0,1.0,44.0390625,105.125,74.62109375,171.02734375,323.4765625,247.23828125,0.0,0.0,8.04296875,13.395637512207031
none,4,166,1.0,0.0,1.0,1.0,1.0,1.0,43.19921875,106.21484375,74.5234375,167.01171875,327.109375,245.83203125,0.0,0.0,7.953125,13.797182083129883
none,4,167,1.0,0.0,1.0,1.0,1.0,1.0,43.6484375,105.11328125,75.3984375,167.7578125,323.6796875,248.828125,0.0,0.0,7.76171875,13.682555198669434
none,4,168,1.0,0.0,1.0,1.0,1.0,1.0,43.171875,106.98828125,75.44921875,165.52734375,328.38671875,246.8125,0.0,0.0,7.69140625,14.076624870300293
none,4,169,1.0,0.0,1.0,1.0,1.0,1.0,43.1171875,105.1328125,76.04296875,166.05859375,322.97265625,251.53125,0.0,0.0,8.0625,13.929155349731445
none,4,170,1.0,0.0,1.0,1.0,1.0,1.0,43.796875,105.421875,75.53515625,167.65234375,322.69921875,249.91796875,0.0,0.0,8.0859375,13.634748458862305
none,4,171,1.0,0.0,1.0,1.0,1.0,1.0,42.69140625,106.9375,75.34765625,165.015625,327.0859375,248.140625,0.0,0.0,7.97265625,14.047388076782227
none,4,172,1.0,0.0,1.0,1.0,1.0,1.0,43.16015625,106.31640625,75.3203125,166.54296875,325.91796875,246.7890625,0.0,0.0,7.6875,13.886630058288574
none,4,173,1.0,0.0,1.0,1.0,1.0,1.0,42.67578125,106.74609375,74.93359375,165.00390625,326.8671875,246.3984375,0.0,0.0,7.56640625,13.966657638549805
none,4,174,1.0,0.0,1.0,1.0,1.0,1.0,42.65625,108.23828125,75.13671875,166.5,330.52734375,246.63671875,0.0,0.0,7.33203125,14.523557662963867
none,4,175,1.0,0.0,1.0,1.0,1.0,1.0,42.76953125,107.6796875,74.32421875,165.1015625,329.84765625,244.9140625,0.0,0.0,7.74609375,14.291830062866211
none,4,176,1.0,0.0,1.0,1.0,1.0,1.0,42.3125,108.1484375,74.15234375,164.4453125,330.0859375,241.73828125,0.0,0.0,7.80078125,14.286788940429688
none,4,177,1.0,0.0,1.0,1.0,1.0,1.0,42.51953125,107.328125,74.4609375,164.94140625,327.9296875,245.32421875,0.0,0.0,7.28125,14.32647705078125
none,4,178,1.0,0.0,1.0,1.0,1.0,1.0,42.81640625,109.0625,74.17578125,166.16796875,329.859375,243.51953125,0.0,0.0,7.07421875,14.741554260253906
none,4,179,1.0,0.0,1.0,1.0,1.0,1.0,43.25390625,108.0,74.87109375,167.46875,328.03515625,246.12109375,0.0,0.0,7.33203125,14.18701457977295
none,4,180,1.0,0.0,1.0,1.0,1.0,1.0,42.57421875,108.4296875,74.37109375,165.44140625,330.4609375,243.56640625,0.0,0.0,7.375,14.510217666625977
none,4,181,1.0,0.0,1.0,1.0,1.0,1.0,41.3515625,109.9453125,75.2265625,161.26171875,332.86328125,246.07421875,0.0,0.0,7.12890625,14.8819580078125
none,4,182,1.0,0.0,1.0,1.0,1.0,1.0,40.9375,109.69921875,74.70703125,158.96484375,332.9140625,244.2890625,0.0,0.0,7.015625,14.980753898620605
none,4,183,1.0,0.0,1.0,1.0,1.0,1.0,41.453125,108.7265625,75.89453125,160.6875,330.23046875,247.3984375,0.0,0.0,6.83203125,15.00879192352295
none,4,184,1.0,0.0,1.0,1.0,1.0,1.0,42.6796875,109.2734375,74.390625,167.44921875,331.890625,243.34375,0.0,0.0,7.19140625,14.670034408569336
none,4,185,1.0,0.0,1.0,1.0,1.0,1.0,41.58203125,109.29296875,75.5234375,163.14453125,330.5234375,247.828125,0.0,0.0,6.75,14.9239501953125
none,4,186,1.0,0.0,1.0,1.0,1.0,1.0,42.6953125,109.3515625,76.05859375,166.0078125,332.4453125,249.046875,0.0,0.0,6.85546875,14.888114929199219
none,4,187,1.0,0.0,1.0,1.0,1.0,1.0,41.7421875,110.3984375,75.34765625,162.9140625,336.6640625,243.94921875,0.0,0.0,6.81640625,15.438380241394043
none,4,188,1.0,0.0,1.0,1.0,1.0,1.0,40.70703125,110.69140625,75.83203125,159.78515625,335.8984375,245.81640625,0.0,0.0,6.5,15.32349967956543
none,4,189,1.0,0.0,1.0,1.0,1.0,1.0,42.3515625,109.00390625,78.15625,167.19140625,330.3359375,253.7421875,0.0,0.0,6.62109375,15.010770797729492
none,4,190,1.0,0.0,1.0,1.0,1.0,1.0,41.83203125,110.37109375,77.15625,163.76953125,333.88671875,250.03515625,0.0,0.0,6.39453125,15.420799255371094
none,4,191,1.0,0.0,1.0,1.0,1.0,1.0,41.41796875,109.8515625,76.5859375,163.45703125,333.39453125,249.70703125,0.0,0.0,6.34765625,15.357271194458008
none,4,192,1.0,0.0,1.0,1.0,1.0,1.0,40.96875,110.00390625,77.484375,162.1328125,332.8359375,253.5703125,0.0,0.0,6.3359375,15.458446502685547
none,4,193,1.0,0.0,1.0,1.0,1.0,1.0,41.6328125,111.09765625,76.2421875,164.5,337.05859375,248.49609375,0.0,0.0,6.3203125,15.366717338562012
none,4,194,1.0,0.0,1.0,1.0,1.0,1.0,40.5078125,111.53125,77.06640625,160.4921875,337.27734375,251.6171875,0.0,0.0,5.98046875,15.957155227661133
none,4,195,1.0,0.0,1.0,1.0,1.0,1.0,41.28515625,110.2890625,77.85546875,165.5234375,334.2265625,252.984375,0.0,0.0,6.21875,15.603517532348633
none,4,196,1.0,0.0,1.0,1.0,1.0,1.0,40.87109375,111.046875,77.03515625,161.359375,336.06640625,251.75390625,0.0,0.0,6.22265625,15.708564758300781
none,4,197,1.0,0.0,1.0,1.0,1.0,1.0,41.28515625,111.0390625,77.18359375,163.09765625,336.25390625,253.09765625,0.0,0.0,6.09765625,15.621577262878418
none,4,198,1.0,0.0,1.0,1.0,1.0,1.0,40.80078125,111.04296875,77.453125,160.984375,335.578125,250.50390625,0.0,0.0,6.08203125,15.793051719665527
none,4,199,1.0,0.0,1.0,1.0,1.0,1.0,40.73046875,111.51953125,75.734375,160.78515625,338.91796875,247.765625,0.0,0.0,5.87109375,15.720858573913574
none,4,200,1.0,0.0,1.0,1.0,1.0,1.0,40.0,111.4453125,77.29296875,158.5703125,338.11328125,250.328125,0.0,0.0,5.80078125,15.903112411499023
none,4,201,1.0,0.0,1.0,1.0,1.0,1.0,39.73046875,111.921875,76.8203125,159.33984375,339.37890625,249.359375,0.0,0.0,5.8984375,15.961398124694824
none,4,202,1.0,0.0,1.0,1.0,1.0,1.0,39.453125,112.09375,76.5703125,157.84375,340.30078125,249.6953125,0.0,0.0,5.765625,16.129249572753906
none,4,203,1.0,0.0,1.0,1.0,1.0,1.0,38.21875,112.93359375,76.95703125,152.4609375,339.18359375,249.26953125,0.0,0.0,5.53515625,16.479337692260742
none,4,204,1.0,0.0,1.0,1.0,1.0,1.0,39.43359375,113.06640625,76.58984375,157.23046875,339.6171875,249.41796875,0.0,0.0,5.59765625,16.363313674926758
none,4,205,1.0,0.0,1.0,1.0,1.0,1.0,38.57421875,112.7578125,77.30078125,153.56640625,338.64453125,251.625,0.0,0.0,5.54296875,16.527889251708984
none,4,206,1.0,0.0,1.0,1.0,1.0,1.0,39.50390625,112.6015625,79.375,155.640625,339.3984375,258.125,0.0,0.0,5.5234375,16.548152923583984
none,4,207,1.0,0.0,1.0,1.0,1.0,1.0,39.4375,111.73046875,78.33984375,157.47265625,336.0390625,253.984375,0.0,0.0,5.453125,16.266555786132812
none,4,208,1.0,0.0,1.0,1.0,1.0,1.0,39.91796875,112.24609375,78.9453125,157.8359375,336.45703125,256.64453125,0.0,0.0,5.3671875,16.477760314941406
none,4,209,1.0,0.0,1.0,1.0,1.0,1.0,38.67578125,113.79296875,78.20703125,155.3046875,340.25,253.85546875,0.0,0.0,5.51953125,17.09149932861328
none,4,210,1.0,0.0,1.0,1.0,1.0,1.0,39.8046875,113.84375,77.2421875,161.0078125,341.73046875,252.14453125,0.0,0.0,5.67578125,16.619365692138672
none,4,211,1.0,0.0,1.0,1.0,1.0,1.0,39.734375,113.14453125,78.23828125,158.7109375,340.61328125,253.234375,0.0,0.0,5.453125,16.564943313598633
none,4,212,1.0,0.0,1.0,1.0,1.0,1.0,39.26171875,113.3671875,78.83203125,157.49609375,338.64453125,254.87890625,0.0,0.0,5.328125,16.7005615234375
none,4,213,1.0,0.0,1.0,1.0,1.0,1.0,39.1796875,114.5859375,78.859375,156.48828125,342.28125,253.6875,0.0,0.0,5.23046875,16.855884552001953
none,4,214,1.0,0.0,1.0,1.0,1.0,1.0,38.97265625,116.015625,76.625,158.55859375,345.609375,249.9375,0.0,0.0,5.234375,17.093442916870117
none,4,215,1.0,0.0,1.0,1.0,1.0,1.0,39.171875,114.83984375,76.88671875,157.78125,345.609375,250.6015625,0.0,0.0,5.28515625,16.930084228515625
none,4,216,1.0,0.0,1.0,1.0,1.0,1.0,38.31640625,113.44140625,79.48828125,155.19921875,340.34765625,260.12109375,0.0,0.0,4.96875,16.958759307861328
none,4,217,1.0,0.0,1.0,1.0,1.0,1.0,39.05859375,114.7109375,78.40234375,157.5859375,344.421875,256.67578125,0.0,0.0,4.9609375,17.203990936279297
none,4,218,1.0,0.0,1.0,1.0,1.0,1.0,38.5234375,115.19921875,79.25,155.14453125,344.421875,257.7265625,0.0,0.0,5.01171875,17.333255767822266
none,4,219,1.0,0.0,1.0,1.0,1.0,1.0,38.84375,114.78515625,78.90234375,157.76171875,341.20703125,257.4765625,0.0,0.0,4.75390625,17.167320251464844
none,4,220,1.0,0.0,1.0,1.0,1.0,1.0,38.40625,115.8359375,77.70703125,154.390625,347.7109375,251.9296875,0.0,0.0,4.66796875,17.217002868652344
none,4,221,1.0,0.0,1.0,1.0,1.0,1.0,37.37109375,115.37109375,79.1171875,150.55859375,344.19140625,256.84375,0.0,0.0,4.765625,17.55461311340332
none,4,222,1.0,0.0,1.0,1.0,1.0,1.0,37.31640625,114.9921875,79.8671875,150.57421875,342.71484375,258.6875,0.0,0.0,4.65234375,17.554039001464844
none,4,223,1.0,0.0,1.0,1.0,1.0,1.0,37.66015625,115.58984375,79.5625,149.9296875,344.1484375,257.80859375,0.0,0.0,4.87890625,17.386035919189453
none,4,224,1.0,0.0,1.0,1.0,1.0,1.0,38.1953125,117.546875,78.03515625,152.484375,347.2265625,250.734375,0.0,0.0,4.61328125,17.610334396362305
none,4,225,1.0,0.0,1.0,1.0,1.0,1.0,38.3359375,114.546875,80.92578125,154.94921875,340.625,262.4375,0.0,0.0,4.515625,17.373382568359375
none,4,226,1.0,0.0,1.0,1.0,1.0,1.0,38.51171875,116.76171875,79.95703125,155.92578125,344.5078125,260.52734375,0.0,0.0,4.578125,17.740436553955078
none,4,227,1.0,0.0,1.0,1.0,1.0,1.0,37.828125,116.328125,79.359375,152.4921875,345.88671875,257.52734375,0.0,0.0,4.25,17.7711181640625
none,4,228,1.0,0.0,1.0,1.0,1.0,1.0,38.4765625,117.4140625,80.1875,153.33203125,349.625,259.16796875,0.0,0.0,4.546875,17.769132614135742
none,4,229,1.0,0.0,1.0,1.0,1.0,1.0,37.3515625,117.015625,80.36328125,148.6328125,346.59765625,259.1953125,0.0,0.0,4.52734375,17.927494049072266
none,4,230,1.0,0.0,1.0,1.0,1.0,1.0,36.37890625,116.67578125,80.48046875,147.66015625,348.2109375,260.73046875,0.0,0.0,4.3984375,18.14797592163086
none,4,231,1.0,0.0,1.0,1.0,1.0,1.0,36.18359375,116.75390625,80.4296875,147.02734375,348.1328125,260.37890625,0.0,0.0,4.171875,18.142337799072266
none,4,232,1.0,0.0,1.0,1.0,1.0,1.0,35.13671875,118.06640625,79.6328125,144.38671875,349.89453125,259.109375,0.0,0.0,4.4375,18.46784019470215
none,4,233,1.0,0.0,1.0,1.0,1.0,1.0,36.3046875,117.85546875,79.87890625,147.734375,351.1953125,261.0390625,0.0,0.0,4.40625,18.21253204345703
none,4,234,1.0,0.0,1.0,1.0,1.0,1.0,35.75390625,118.20703125,80.95703125,143.73828125,350.79296875,262.61328125,0.0,0.0,4.4375,18.440336227416992
none,4,235,1.0,0.0,1.0,1.0,1.0,1.0,36.15625,117.94921875,80.3125,148.26171875,348.34765625,263.203125,0.0,0.0,4.234375,18.402515411376953
none,4,236,1.0,0.0,1.0,1.0,1.0,1.0,38.01171875,118.453125,79.56640625,154.4140625,350.5859375,260.36328125,0.0,0.0,4.34765625,18.066070556640625
none,4,237,1.0,0.0,1.0,1.0,1.0,1.0,36.64453125,118.3125,80.62109375,150.11328125,350.70703125,261.890625,0.0,0.0,4.296875,18.47527503967285
none,4,238,1.0,0.0,1.0,1.0,1.0,1.0,37.07421875,119.30859375,79.05078125,150.671875,352.48828125,257.62109375,0.0,0.0,4.50390625,18.459880828857422
none,4,239,1.0,0.0,1.0,1.0,1.0,1.0,37.0078125,118.3046875,80.41796875,150.25390625,348.18359375,262.08203125,0.0,0.0,4.14453125,18.398786544799805
none,4,240,1.0,0.0,1.0,1.0,1.0,1.0,38.01171875,118.23046875,81.3671875,152.26171875,350.46484375,266.30078125,0.0,0.0,4.19140625,18.373823165893555
none,4,241,1.0,0.0,1.0,1.0,1.0,1.0,36.34765625,117.7421875,79.97265625,149.14453125,349.1875,262.0234375,0.0,0.0,4.1015625,18.371318817138672
none,4,242,1.0,0.0,1.0,1.0,1.0,1.0,36.19921875,118.89453125,80.453125,147.15234375,352.90625,263.1953125,0.0,0.0,4.03125,18.65985107421875
none,4,243,1.0,0.0,1.0,1.0,1.0,1.0,35.9296875,119.046875,80.3984375,146.734375,352.31640625,262.9140625,0.0,0.0,4.03125,18.779712677001953
none,4,244,1.0,0.0,1.0,1.0,1.0,1.0,35.37890625,118.90234375,81.1015625,146.078125,352.1484375,265.828125,0.0,0.0,3.99609375,18.950237274169922
none,4,245,1.0,0.0,1.0,1.0,1.0,1.0,35.6875,118.72265625,81.34375,145.44140625,348.796875,267.625,0.0,0.0,3.953125,18.73153305053711
none,4,246,1.0,0.0,1.0,1.0,1.0,1.0,34.82421875,119.3828125,83.1875,140.91796875,348.953125,273.484375,0.0,0.0,3.75,19.26677703857422
none,4,247,1.0,0.0,1.0,1.0,1.0,1.0,34.0703125,118.27734375,83.21875,141.18359375,347.75,273.5546875,0.0,0.0,3.73046875,19.241540908813477
none,4,248,1.0,0.0,1.0,1.0,1.0,1.0,34.69921875,118.8984375,82.59375,141.921875,350.34375,272.0546875,0.0,0.0,3.703125,19.06841278076172
none,4,249,1.0,0.0,1.0,1.0,1.0,1.0,35.07421875,119.80859375,82.76171875,144.56640625,353.5703125,271.26171875,0.0,0.0,3.66015625,19.406524658203125
none,4,250,1.0,0.0,1.0,1.0,1.0,1.0,35.39453125,120.05078125,81.62890625,146.0078125,352.140625,267.64453125,0.0,0.0,3.84765625,19.259958267211914
none,4,251,1.0,0.0,1.0,1.0,1.0,1.0,35.69140625,120.0,83.6015625,147.1484375,350.04296875,274.40234375,0.0,0.0,3.4375,19.376636505126953
none,4,252,1.0,0.0,1.0,1.0,1.0,1.0,35.56640625,121.10546875,81.6015625,145.1796875,353.41015625,266.70703125,0.0,0.0,3.52734375,19.566789627075195
none,4,253,1.0,0.0,1.0,1.0,1.0,1.0,35.35546875,120.59375,83.38671875,144.20703125,351.12890625,270.67578125,0.0,0.0,3.45703125,19.619220733642578
none,4,254,1.0,0.0,1.0,1.0,1.0,1.0,35.0546875,120.46875,81.75,144.6796875,351.2734375,264.90625,0.0,0.0,3.7421875,19.359243392944336
none,4,255,1.0,0.0,1.0,1.0,1.0,1.0,34.828125,120.5546875,81.92578125,141.71875,351.00390625,266.328125,0.0,0.0,3.4609375,19.5458927154541
none,4,256,1.0,0.0,1.0,1.0,1.0,1.0,34.27734375,121.25390625,82.41796875,140.515625,355.83203125,267.890625,0.0,0.0,3.5078125,19.658843994140625
none,4,257,1.0,0.0,1.0,1.0,1.0,1.0,33.53125,121.85546875,81.8984375,137.6171875,354.76171875,267.5,0.0,0.0,3.54296875,19.873815536499023
none,4,258,1.0,0.0,1.0,1.0,1.0,1.0,34.15234375,122.359375,80.18359375,140.8125,358.40234375,261.109375,0.0,0.0,3.49609375,19.759445190429688
none,4,259,1.0,0.0,1.0,1.0,1.0,1.0,33.62109375,121.8671875,82.28125,137.96484375,355.125,269.00390625,0.0,0.0,3.4609375,19.929763793945312
none,4,260,1.0,0.0,1.0,1.0,1.0,1.0,33.23046875,121.96484375,83.23828125,136.7265625,358.07421875,273.78515625,0.0,0.0,3.3203125,20.118927001953125
none,4,261,1.0,0.0,1.0,1.0,1.0,1.0,34.16796875,122.984375,81.1796875,141.3828125,359.859375,266.4765625,0.0,0.0,3.6171875,19.897523880004883
none,4,262,1.0,0.0,1.0,1.0,1.0,1.0,34.48046875,122.1484375,82.17578125,141.91015625,357.42578125,269.8515625,0.0,0.0,3.640625,19.883764266967773
none,4,263,1.0,0.0,1.0,1.0,1.0,1.0,34.67578125,122.359375,82.859375,144.1640625,356.17578125,271.96484375,0.0,0.0,3.32421875,19.931522369384766
none,4,264,1.0,0.0,1.0,1.0,1.0,1.0,33.7890625,121.79296875,84.01953125,139.0625,356.1875,276.01171875,0.0,0.0,3.49609375,20.057992935180664
none,4,265,1.0,0.0,1.0,1.0,1.0,1.0,33.55078125,122.5234375,82.12109375,139.41796875,359.83203125,269.828125,0.0,0.0,3.2109375,20.250328063964844
none,4,266,1.0,0.0,1.0,1.0,1.0,1.0,34.1953125,122.95703125,83.1328125,140.5078125,359.78125,268.2421875,0.0,0.0,3.24609375,20.231395721435547
none,4,267,1.0,0.0,1.0,1.0,1.0,1.0,34.16796875,123.41796875,82.67578125,137.37109375,358.37890625,265.68359375,0.0,0.0,3.21875,20.221702575683594
none,4,268,1.0,0.0,1.0,1.0,1.0,1.0,33.22265625,122.37890625,83.00390625,136.99609375,355.75390625,270.17578125,0.0,0.0,3.00390625,20.280670166015625
none,4,269,1.0,0.0,1.0,1.0,1.0,1.0,33.640625,123.5234375,81.5859375,139.0078125,359.8828125,264.6328125,0.0,0.0,3.10546875,20.247604370117188
none,4,270,1.0,0.0,1.0,1.0,1.0,1.0,34.0625,122.5,83.01171875,139.703125,356.859375,268.51953125,0.0,0.0,2.9921875,20.05972671508789
none,4,271,1.0,0.0,1.0,1.0,1.0,1.0,33.21484375,123.49609375,82.16015625,136.3515625,359.49609375,267.86328125,0.0,0.0,3.203125,20.52873992919922
none,4,272,1.0,0.0,1.0,1.0,1.0,1.0,33.8828125,124.80859375,82.0078125,139.53125,362.33984375,266.30078125,0.0,0.0,3.140625,20.60944366455078
none,4,273,1.0,0.0,1.0,1.0,1.0,1.0,33.375,123.30859375,82.33984375,139.140625,358.35546875,267.109375,0.0,0.0,3.23046875,20.426544189453125
none,4,274,1.0,0.0,1.0,1.0,1.0,1.0,32.94140625,125.0234375,81.1875,138.6171875,365.55859375,262.64453125,0.0,0.0,3.171875,20.698495864868164
none,4,275,1.0,0.0,1.0,1.0,1.0,1.0,33.03515625,126.0234375,81.4921875,139.26953125,366.46484375,267.19140625,0.0,0.0,3.1875,20.929248809814453
none,4,276,1.0,0.0,1.0,1.0,1.0,1.0,32.890625,124.015625,81.70703125,138.453125,361.08984375,267.671875,0.0,0.0,3.25,20.575164794921875
none,4,277,1.0,0.0,1.0,1.0,1.0,1.0,32.609375,124.81640625,83.02734375,137.1875,363.66796875,272.8125,0.0,0.0,2.9921875,20.840911865234375
none,4,278,1.0,0.0,1.0,1.0,1.0,1.0,32.53125,124.6640625,82.39453125,135.5703125,362.6171875,270.01171875,0.0,0.0,3.00390625,20.840892791748047
none,4,279,1.0,0.0,1.0,1.0,1.0,1.0,32.3828125,126.7421875,82.578125,135.8046875,369.9296875,269.8984375,0.0,0.0,2.95703125,21.22002410888672
none,4,280,1.0,0.0,1.0,1.0,1.0,1.0,32.08984375,125.35546875,82.5546875,134.63671875,366.015625,270.609375,0.0,0.0,3.125,21.046314239501953
none,4,281,1.0,0.0,1.0,1.0,1.0,1.0,32.8125,124.94140625,83.68359375,136.7421875,364.9609375,277.23046875,0.0,0.0,2.98828125,20.8544864654541
none,4,282,1.0,0.0,1.0,1.0,1.0,1.0,32.59765625,125.265625,82.09375,137.80859375,365.3359375,269.6015625,0.0,0.0,3.0,21.01657485961914
none,4,283,1.0,0.0,1.0,1.0,1.0,1.0,32.69921875,125.1953125,83.65625,137.3828125,364.8203125,275.671875,0.0,0.0,2.96484375,21.11355209350586
none,4,284,1.0,0.0,1.0,1.0,1.0,1.0,32.83203125,124.6484375,83.7421875,137.06640625,364.828125,274.83203125,0.0,0.0,3.015625,20.906774520874023
none,4,285,1.0,0.0,1.0,1.0,1.0,1.0,32.578125,127.29296875,81.6015625,137.63671875,370.8515625,268.19140625,0.0,0.0,3.1328125,21.285316467285156
none,4,286,1.0,0.0,1.0,1.0,1.0,1.0,31.4765625,126.05859375,83.5703125,131.359375,367.53125,270.6796875,0.0,0.0,3.0,21.540599822998047
none,4,287,1.0,0.0,1.0,1.0,1.0,1.0,31.17578125,125.17578125,84.5703125,130.19921875,365.3671875,275.625,0.0,0.0,2.7265625,21.332603454589844
none,4,288,1.0,0.0,1.0,1.0,1.0,1.0,31.5078125,126.34375,82.515625,133.44140625,366.24609375,269.38671875,0.0,0.0,2.8515625,21.568744659423828
none,4,289,1.0,0.0,1.0,1.0,1.0,1.0,31.55859375,125.26171875,82.9609375,131.515625,362.94140625,270.16015625,0.0,0.0,2.8359375,21.273624420166016
none,4,290,1.0,0.0,1.0,1.0,1.0,1.0,31.26953125,126.94921875,85.07421875,130.7578125,365.32421875,275.05859375,0.0,0.0,2.671875,21.78799819946289
none,4,291,1.0,0.0,1.0,1.0,1.0,1.0,31.38671875,126.8984375,84.74609375,131.2890625,365.5859375,274.6015625,0.0,0.0,2.8515625,21.78057098388672
none,4,292,1.0,0.0,1.0,1.0,1.0,1.0,31.08984375,127.9609375,83.04296875,128.28125,370.171875,272.5859375,0.0,0.0,2.6484375,21.766841888427734
none,4,293,1.0,0.0,1.0,1.0,1.0,1.0,32.34375,127.34375,83.4296875,133.23828125,368.23828125,271.48046875,0.0,0.0,2.76953125,21.733016967773438
none,4,294,1.0,0.0,1.0,1.0,1.0,1.0,31.80859375,127.0546875,84.31640625,133.49609375,366.57421875,277.80859375,0.0,0.0,2.6171875,21.90912437438965
none,4,295,1.0,0.0,1.0,1.0,1.0,1.0,32.23828125,126.76171875,83.7890625,135.53515625,365.99609375,276.1171875,0.0,0.0,2.72265625,21.504314422607422
none,4,296,1.0,0.0,1.0,1.0,1.0,1.0,32.55078125,127.23046875,84.9921875,137.4609375,367.6875,278.53515625,0.0,0.0,2.7890625,21.800060272216797
none,4,297,1.0,0.0,1.0,1.0,1.0,1.0,31.83984375,126.72265625,85.3515625,132.203125,365.87890625,280.96484375,0.0,0.0,2.66796875,21.766258239746094
none,4,298,1.0,0.0,1.0,1.0,1.0,1.0,30.81640625,128.265625,83.8125,128.3125,369.76171875,274.58984375,0.0,0.0,2.75,22.129453659057617
none,4,299,1.0,0.0,1.0,1.0,1.0,1.0,30.6484375,127.62890625,84.0546875,129.6796875,370.6015625,277.26171875,0.0,0.0,2.58203125,22.036739349365234
none,4,300,1.0,0.0,1.0,1.0,1.0,1.0,29.8984375,129.06640625,82.7578125,126.71484375,372.59375,273.41796875,0.0,0.0,2.46484375,22.464160919189453
none,4,301,1.0,0.0,1.0,1.0,1.0,1.0,29.75390625,128.70703125,83.828125,126.0625,371.94140625,276.984375,0.0,0.0,2.6484375,22.385208129882812
none,4,302,1.0,0.0,1.0,1.0,1.0,1.0,30.4765625,128.63671875,84.71484375,127.66015625,373.29296875,278.28515625,0.0,0.0,2.5703125,22.299121856689453
none,4,303,1.0,0.0,1.0,1.0,1.0,1.0,29.6328125,127.39453125,85.0859375,126.2265625,368.015625,280.91796875,0.0,0.0,2.7109375,22.248859405517578
none,4,304,1.0,0.0,1.0,1.0,1.0,1.0,30.41796875,127.84765625,84.12109375,128.78515625,371.23046875,277.59765625,0.0,0.0,2.46484375,22.258466720581055
none,4,305,1.0,0.0,1.0,1.0,1.0,1.0,30.265625,127.07421875,84.26953125,128.75,367.5234375,275.69921875,0.0,0.0,2.4609375,21.99282455444336
none,4,306,1.0,0.0,1.0,1.0,1.0,1.0,30.46875,127.75,84.62890625,128.87109375,368.2890625,277.4140625,0.0,0.0,2.59375,22.1265869140625
none,4,307,1.0,0.0,1.0,1.0,1.0,1.0,29.875,129.8125,84.80078125,126.234375,374.08203125,277.59375,0.0,0.0,2.390625,22.720273971557617
none,4,308,1.0,0.0,1.0,1.0,1.0,1.0,30.41796875,128.8125,84.89453125,129.52734375,373.13671875,278.97265625,0.0,0.0,2.5859375,22.23630142211914
none,4,309,1.0,0.0,1.0,1.0,1.0,1.0,29.203125,128.98828125,85.51171875,125.1953125,372.60546875,280.36328125,0.0,0.0,2.49609375,22.760021209716797
none,4,310,1.0,0.0,1.0,1.0,1.0,1.0,30.37109375,129.34375,86.0859375,130.48828125,369.51171875,282.60546875,0.0,0.0,2.42578125,22.566940307617188
none,4,311,1.0,0.0,1.0,1.0,1.0,1.0,30.2734375,129.35546875,85.265625,126.078125,369.91796875,277.49609375,0.0,0.0,2.4375,22.611013412475586
none,4,312,1.0,0.0,1.0,1.0,1.0,1.0,29.359375,129.69921875,85.6953125,124.0703125,368.265625,279.25390625,0.0,0.0,2.3046875,22.79681396484375
none,4,313,1.0,0.0,1.0,1.0,1.0,1.0,29.609375,129.48828125,84.78125,124.43359375,368.80859375,276.55859375,0.0,0.0,2.50390625,22.602558135986328
none,4,314,1.0,0.0,1.0,1.0,1.0,1.0,29.48046875,130.42578125,86.12109375,121.75,369.77734375,280.12109375,0.0,0.0,2.37890625,23.045570373535156
none,4,315,1.0,0.0,1.0,1.0,1.0,1.0,29.56640625,130.59375,86.46484375,122.8203125,370.2109375,279.78515625,0.0,0.0,2.41796875,22.97121238708496
none,4,316,1.0,0.0,1.0,1.0,1.0,1.0,28.41015625,130.83203125,86.421875,118.4296875,373.9375,280.8828125,0.0,0.0,2.4453125,23.367630004882812
none,4,317,1.0,0.0,1.0,1.0,1.0,1.0,29.0703125,130.1484375,83.7578125,122.26953125,371.56640625,272.56640625,0.0,0.0,2.19140625,22.76320457458496
none,4,318,1.0,0.0,1.0,1.0,1.0,1.0,28.7421875,131.4921875,86.13671875,121.984375,374.296875,279.79296875,0.0,0.0,2.23046875,23.174720764160156
none,4,319,1.0,0.0,1.0,1.0,1.0,1.0,30.15625,131.33203125,85.5,126.21875,374.26953125,277.53125,0.0,0.0,2.20703125,23.238605499267578
none,4,320,1.0,0.0,1.0,1.0,1.0,1.0,29.17578125,131.10546875,84.8203125,122.6328125,373.6015625,275.26953125,0.0,0.0,2.41015625,23.048656463623047
none,4,321,1.0,0.0,1.0,1.0,1.0,1.0,29.52734375,129.859375,88.515625,125.54296875,370.21875,286.94921875,0.0,0.0,2.34765625,23.177196502685547
none,4,322,1.0,0.0,1.0,1.0,1.0,1.0,29.2890625,131.26953125,86.60546875,123.73828125,374.13671875,279.4921875,0.0,0.0,2.21484375,23.447683334350586
none,4,323,1.0,0.0,1.0,1.0,1.0,1.0,28.80078125,130.5078125,88.06640625,121.09765625,371.5703125,286.13671875,0.0,0.0,2.35546875,23.319501876831055
none,4,324,1.0,0.0,1.0,1.0,1.0,1.0,28.76171875,131.86328125,86.50390625,120.92578125,376.9765625,280.875,0.0,0.0,2.265625,23.387981414794922
none,4,325,1.0,0.0,1.0,1.0,1.0,1.0,27.69921875,131.578125,86.1796875,117.08203125,375.2890625,281.85546875,0.0,0.0,2.23828125,23.432369232177734
none,4,326,1.0,0.0,1.0,1.0,1.0,1.0,27.65234375,131.0,88.08203125,117.33984375,373.81640625,286.87890625,0.0,0.0,2.296875,23.755714416503906
none,4,327,1.0,0.0,1.0,1.0,1.0,1.0,28.125,131.56640625,87.41796875,118.16796875,375.52734375,285.68359375,0.0,0.0,2.23828125,23.531599044799805
none,4,328,1.0,0.0,1.0,1.0,1.0,1.0,28.19140625,132.36328125,85.69921875,120.203125,380.88671875,282.36328125,0.0,0.0,2.1328125,23.649227142333984
none,4,329,1.0,0.0,1.0,1.0,1.0,1.0,28.58203125,131.73828125,87.75390625,121.375,376.68359375,288.88671875,0.0,0.0,2.171875,23.57880210876465
none,4,330,1.0,0.0,1.0,1.0,1.0,1.0,28.328125,131.82421875,89.65234375,119.94921875,375.0,293.10546875,0.0,0.0,2.05859375,23.882604598999023
none,4,331,1.0,0.0,1.0,1.0,1.0,1.0,28.4375,132.70703125,86.41796875,122.1640625,378.08203125,281.06640625,0.0,0.0,2.21484375,23.713340759277344
none,4,332,1.0,0.0,1.0,1.0,1.0,1.0,28.07421875,131.95703125,87.0546875,118.875,377.921875,283.4140625,0.0,0.0,2.1015625,23.662282943725586
none,4,333,1.0,0.0,1.0,1.0,1.0,1.0,28.390625,132.1484375,88.98828125,121.1796875,375.19140625,289.6484375,0.0,0.0,1.8984375,23.628767013549805
none,4,334,1.0,0.0,1.0,1.0,1.0,1.0,27.98046875,132.734375,87.28125,118.8203125,377.32421875,285.1328125,0.0,0.0,2.09375,23.733320236206055
none,4,335,1.0,0.0,1.0,1.0,1.0,1.0,27.76171875,132.296875,87.73046875,118.01953125,374.9140625,285.97265625,0.0,0.0,2.05078125,23.85698699951172
none,4,336,1.0,0.0,1.0,1.0,1.0,1.0,28.46484375,132.515625,87.01953125,118.44921875,376.0234375,284.4921875,0.0,0.0,2.0390625,23.871261596679688
none,4,337,1.0,0.0,1.0,1.0,1.0,1.0,27.328125,132.25,87.50390625,115.84765625,375.34375,285.04296875,0.0,0.0,1.92578125,23.984203338623047
none,4,338,1.0,0.0,1.0,1.0,1.0,1.0,27.4140625,133.12109375,87.30078125,115.89453125,376.37109375,284.44140625,0.0,0.0,2.02734375,24.004392623901367
none,4,339,1.0,0.0,1.0,1.0,1.0,1.0,27.65234375,133.90625,86.23046875,116.64453125,379.8203125,281.4296875,0.0,0.0,2.08203125,24.128507614135742
none,4,340,1.0,0.0,1.0,1.0,1.0,1.0,27.5859375,133.6640625,87.53125,117.12109375,378.55859375,284.359375,0.0,0.0,2.21484375,24.128597259521484
none,4,341,1.0,0.0,1.0,1.0,1.0,1.0,27.8125,133.36328125,86.453125,117.96484375,379.25390625,282.5546875,0.0,0.0,2.078125,23.982398986816406
none,4,342,1.0,0.0,1.0,1.0,1.0,1.0,27.28125,134.625,86.4765625,115.31640625,381.82421875,282.48046875,0.0,0.0,2.0703125,24.435558319091797
none,4,343,1.0,0.0,1.0,1.0,1.0,1.0,27.58984375,133.91796875,88.08203125,117.953125,381.2890625,289.0625,0.0,0.0,1.953125,24.43087387084961
none,4,344,1.0,0.0,1.0,1.0,1.0,1.0,27.5234375,134.0078125,89.01171875,115.265625,381.01171875,290.953125,0.0,0.0,1.9296875,24.50003433227539
none,4,345,1.0,0.0,1.0,1.0,1.0,1.0,26.96484375,134.4609375,88.9453125,114.921875,382.33984375,290.72265625,0.0,0.0,1.81640625,24.547727584838867
none,4,346,1.0,0.0,1.0,1.0,1.0,1.0,27.25,134.2109375,89.3046875,114.89453125,380.9609375,293.8046875,0.0,0.0,2.0859375,24.49286460876465
none,4,347,1.0,0.0,1.0,1.0,1.0,1.0,27.6640625,133.76953125,88.27734375,117.1796875,378.36328125,288.78125,0.0,0.0,1.94140625,24.314464569091797
none,4,348,1.0,0.0,1.0,1.0,1.0,1.0,26.55859375,134.83203125,88.484375,113.8984375,380.734375,290.77734375,0.0,0.0,1.890625,24.519573211669922
none,4,349,1.0,0.0,1.0,1.0,1.0,1.0,26.828125,136.28125,86.48828125,114.69140625,386.69921875,281.703125,0.0,0.0,2.046875,24.703121185302734
none,4,350,1.0,0.0,1.0,1.0,1.0,1.0,27.14453125,134.40234375,88.8125,114.83984375,380.11328125,289.15234375,0.0,0.0,2.0390625,24.53253746032715
none,4,351,1.0,0.0,1.0,1.0,1.0,1.0,27.45703125,135.0234375,87.48828125,116.57421875,380.734375,285.73046875,0.0,0.0,1.9609375,24.567481994628906
none,4,352,1.0,0.0,1.0,1.0,1.0,1.0,27.2265625,135.734375,87.23828125,116.90625,382.3359375,285.43359375,0.0,0.0,1.9609375,24.62201499938965
none,4,353,1.0,0.0,1.0,1.0,1.0,1.0,27.45703125,135.5546875,88.45703125,116.47265625,382.21875,288.3203125,0.0,0.0,1.90625,24.700515747070312
none,4,354,1.0,0.0,1.0,1.0,1.0,1.0,27.62109375,136.75,87.73828125,117.98828125,384.2890625,286.0859375,0.0,0.0,1.95703125,24.99593162536621
none,4,355,1.0,0.0,1.0,1.0,1.0,1.0,27.6875,136.05859375,88.08984375,116.6484375,384.03515625,287.39453125,0.0,0.0,1.90234375,24.726192474365234
none,4,356,1.0,0.0,1.0,1.0,1.0,1.0,26.33984375,135.81640625,87.04296875,111.8203125,383.515625,286.0,0.0,0.0,1.8125,24.859783172607422
none,4,357,1.0,0.0,1.0,1.0,1.0,1.0,25.1796875,135.3046875,87.80859375,107.58203125,382.1015625,287.24609375,0.0,0.0,1.7109375,25.044713973999023
none,4,358,1.0,0.0,1.0,1.0,1.0,1.0,26.36328125,135.33984375,88.5703125,111.125,379.98828125,290.40625,0.0,0.0,1.8984375,24.734477996826172
none,4,359,1.0,0.0,1.0,1.0,1.0,1.0,25.92578125,136.4609375,88.1484375,110.19921875,384.82421875,287.49609375,0.0,0.0,1.7578125,25.004079818725586
none,4,360,1.0,0.0,1.0,1.0,1.0,1.0,26.17578125,135.6484375,88.859375,110.7734375,384.24609375,290.15625,0.0,0.0,1.7109375,24.98522186279297
none,4,361,1.0,0.0,1.0,1.0,1.0,1.0,25.5390625,135.1640625,90.40625,108.9453125,382.87109375,296.6015625,0.0,0.0,1.84765625,25.025394439697266
none,4,362,1.0,0.0,1.0,1.0,1.0,1.0,25.94140625,137.15625,87.6640625,111.14453125,391.11328125,288.109375,0.0,0.0,1.88671875,25.164541244506836
none,4,363,1.0,0.0,1.0,1.0,1.0,1.0,25.6796875,135.8515625,90.3515625,108.58203125,387.3828125,295.6875,0.0,0.0,1.72265625,25.204626083374023
none,4,364,1.0,0.0,1.0,1.0,1.0,1.0,25.94921875,136.8671875,89.1328125,111.98828125,388.07421875,291.953125,0.0,0.0,1.69921875,25.328350067138672
none,4,365,1.0,0.0,1.0,1.0,1.0,1.0,25.4375,136.9140625,89.84765625,110.359375,387.03515625,294.91796875,0.0,0.0,1.7265625,25.66754722595215
none,4,366,1.0,0.0,1.0,1.0,1.0,1.0,25.50390625,136.5625,90.22265625,109.87109375,384.14453125,294.21484375,0.0,0.0,1.7109375,25.385147094726562
none,4,367,1.0,0.0,1.0,1.0,1.0,1.0,25.70703125,136.7265625,89.1015625,109.5234375,386.5625,288.41015625,0.0,0.0,1.76171875,25.312925338745117
none,4,368,1.0,0.0,1.0,1.0,1.0,1.0,25.90625,137.55859375,89.3515625,109.57421875,388.44921875,291.11328125,0.0,0.0,1.734375,25.52937889099121
none,4,369,1.0,0.0,1.0,1.0,1.0,1.0,24.52734375,137.70703125,89.09375,104.51953125,387.125,289.1484375,0.0,0.0,1.7734375,25.616313934326172
none,4,370,1.0,0.0,1.0,1.0,1.0,1.0,25.55859375,137.4140625,88.97265625,107.625,387.70703125,288.921875,0.0,0.0,1.85546875,25.592971801757812
none,4,371,1.0,0.0,1.0,1.0,1.0,1.0,24.83203125,138.26953125,89.75,106.171875,389.38671875,292.4375,0.0,0.0,1.6015625,25.745494842529297
none,4,372,1.0,0.0,1.0,1.0,1.0,1.0,25.1640625,137.375,89.375,108.21875,386.75,289.18359375,0.0,0.0,1.7734375,25.64406394958496
none,4,373,1.0,0.0,1.0,1.0,1.0,1.0,25.99609375,137.44140625,89.7890625,110.19921875,384.7890625,292.40625,0.0,0.0,1.59375,25.475942611694336
none,4,374,1.0,0.0,1.0,1.0,1.0,1.0,25.2578125,138.7578125,89.5546875,110.4609375,389.9765625,289.3828125,0.0,0.0,1.5390625,26.042804718017578
none,4,375,1.0,0.0,1.0,1.0,1.0,1.0,26.9140625,138.44140625,88.9375,113.9296875,387.84765625,287.828125,0.0,0.0,1.8671875,25.543880462646484
none,4,376,1.0,0.0,1.0,1.0,1.0,1.0,26.2421875,138.04296875,89.28125,111.79296875,387.11328125,289.203125,0.0,0.0,1.71875,25.469640731811523
none,4,377,1.0,0.0,1.0,1.0,1.0,1.0,24.62109375,139.953125,88.85546875,106.15625,392.859375,288.28125,0.0,0.0,1.71484375,26.134830474853516
none,4,378,1.0,0.0,1.0,1.0,1.0,1.0,25.75390625,139.1953125,87.69921875,109.53515625,391.953125,286.1015625,0.0,0.0,1.59375,25.70977783203125
none,4,379,1.0,0.0,1.0,1.0,1.0,1.0,25.51953125,138.4453125,88.72265625,108.57421875,386.76953125,290.3515625,0.0,0.0,1.640625,25.863933563232422
none,4,380,1.0,0.0,1.0,1.0,1.0,1.0,25.1171875,138.953125,89.56640625,108.984375,388.0625,292.09375,0.0,0.0,1.65234375,25.9545955657959
none,4,381,1.0,0.0,1.0,1.0,1.0,1.0,24.90234375,140.3046875,87.15234375,107.171875,392.796875,283.453125,0.0,0.0,1.6328125,26.1217098236084
none,4,382,1.0,0.0,1.0,1.0,1.0,1.0,24.80859375,139.95703125,90.0546875,105.6328125,392.640625,293.3203125,0.0,0.0,1.71484375,26.28363037109375
none,4,383,1.0,0.0,1.0,1.0,1.0,1.0,24.69140625,139.34375,89.4375,105.91015625,389.6484375,292.68359375,0.0,0.0,1.73828125,26.259199142456055
none,4,384,1.0,0.0,1.0,1.0,1.0,1.0,24.89453125,139.55859375,89.6640625,105.4375,390.28125,287.10546875,0.0,0.0,1.5859375,25.866491317749023
none,4,385,1.0,0.0,1.0,1.0,1.0,1.0,24.21484375,139.78125,90.30859375,105.94921875,390.28515625,291.265625,0.0,0.0,1.6640625,26.265676498413086
none,4,386,1.0,0.0,1.0,1.0,1.0,1.0,24.73828125,139.890625,88.82421875,104.67578125,393.7734375,286.94140625,0.0,0.0,1.671875,26.068639755249023
none,4,387,1.0,0.0,1.0,1.0,1.0,1.0,25.0390625,138.25,89.62109375,106.70703125,388.40234375,290.9609375,0.0,0.0,1.67578125,25.911270141601562
none,4,388,1.0,0.0,1.0,1.0,1.0,1.0,24.28125,139.6796875,89.33984375,103.73828125,394.625,288.60546875,0.0,0.0,1.6328125,26.426549911499023
none,4,389,1.0,0.0,1.0,1.0,1.0,1.0,24.50390625,140.30078125,90.4140625,105.11328125,393.2890625,291.47265625,0.0,0.0,1.5859375,26.450740814208984
none,4,390,1.0,0.0,1.0,1.0,1.0,1.0,25.1171875,139.3984375,91.40234375,106.9609375,390.671875,295.16796875,0.0,0.0,1.71484375,26.2335262298584
none,4,391,1.0,0.0,1.0,1.0,1.0,1.0,24.74609375,140.91796875,90.39453125,105.7890625,392.078125,291.69140625,0.0,0.0,1.55859375,26.521800994873047
none,4,392,1.0,0.0,1.0,1.0,1.0,1.0,23.95703125,139.3671875,89.57421875,103.73828125,388.13671875,289.4921875,0.0,0.0,1.59375,26.292583465576172
none,4,393,1.0,0.0,1.0,1.0,1.0,1.0,23.890625,141.02734375,90.80078125,101.875,392.7578125,290.41796875,0.0,0.0,1.625,26.771621704101562
none,4,394,1.0,0.0,1.0,1.0,1.0,1.0,23.62890625,141.37890625,90.4375,101.4296875,392.59765625,290.1640625,0.0,0.0,1.6328125,27.038238525390625
none,4,395,1.0,0.0,1.0,1.0,1.0,1.0,24.40625,140.22265625,91.0859375,105.25,390.0625,293.9609375,0.0,0.0,1.66796875,26.535903930664062
none,4,396,1.0,0.0,1.0,1.0,1.0,1.0,25.00390625,140.54296875,89.8515625,106.60546875,391.6640625,289.0859375,0.0,0.0,1.5078125,26.546215057373047
none,4,397,1.0,0.0,1.0,1.0,1.0,1.0,23.859375,140.1484375,91.484375,102.7421875,389.609375,296.87109375,0.0,0.0,1.55859375,26.686004638671875
none,4,398,1.0,0.0,1.0,1.0,1.0,1.0,24.484375,141.34375,91.203125,105.5078125,392.234375,297.48828125,0.0,0.0,1.60546875,26.631778717041016
none,4,399,1.0,0.0,1.0,1.0,1.0,1.0,24.609375,141.99609375,90.55078125,105.08984375,395.09375,294.4140625,0.0,0.0,1.58203125,26.95754051208496
none,4,400,1.0,0.0,1.0,1.0,1.0,1.0,24.0390625,141.34375,91.73828125,104.921875,393.6640625,297.921875,0.0,0.0,1.6015625,26.854551315307617
none,4,401,1.0,0.0,1.0,1.0,1.0,1.0,23.88671875,141.109375,89.61328125,103.26171875,395.28125,293.44921875,0.0,0.0,1.5390625,26.94569206237793
none,4,402,1.0,0.0,1.0,1.0,1.0,1.0,23.2578125,141.26171875,90.64453125,100.8359375,393.51171875,294.32421875,0.0,0.0,1.6328125,26.83429527282715
none,4,403,1.0,0.0,1.0,1.0,1.0,1.0,23.18359375,141.046875,91.984375,99.75390625,392.4453125,298.1796875,0.0,0.0,1.5859375,26.80355453491211
none,4,404,1.0,0.0,1.0,1.0,1.0,1.0,23.47265625,140.6875,93.35546875,99.8671875,389.984375,300.96484375,0.0,0.0,1.65625,26.86360740661621
none,4,405,1.0,0.0,1.0,1.0,1.0,1.0,23.53125,140.390625,91.74609375,100.62890625,390.87890625,297.5625,0.0,0.0,1.6484375,26.62717056274414
none,4,406,1.0,0.0,1.0,1.0,1.0,1.0,23.81640625,141.15234375,91.73828125,101.46484375,390.875,297.99609375,0.0,0.0,1.53125,26.997488021850586
none,4,407,1.0,0.0,1.0,1.0,1.0,1.0,24.15234375,140.58203125,93.89453125,103.8203125,388.08984375,303.66796875,0.0,0.0,1.56640625,26.8819580078125
none,4,408,1.0,0.0,1.0,1.0,1.0,1.0,23.671875,141.9375,90.36328125,101.78125,394.01953125,292.98046875,0.0,0.0,1.66796875,26.883895874023438
none,4,409,1.0,0.0,1.0,1.0,1.0,1.0,24.5546875,141.83984375,92.4140625,104.53125,392.11328125,298.2734375,0.0,0.0,1.53125,26.78156089782715
none,4,410,1.0,0.0,1.0,1.0,1.0,1.0,24.21875,141.546875,92.35546875,104.8515625,392.09765625,299.74609375,0.0,0.0,1.6015625,26.87468719482422
none,4,411,1.0,0.0,1.0,1.0,1.0,1.0,23.59765625,141.5546875,92.0859375,100.5546875,390.5625,297.98046875,0.0,0.0,1.47265625,27.226545333862305
none,4,412,1.0,0.0,1.0,1.0,1.0,1.0,23.3515625,141.953125,92.765625,100.48828125,392.19921875,299.30859375,0.0,0.0,1.41796875,27.379589080810547
none,4,413,1.0,0.0,1.0,1.0,1.0,1.0,23.39453125,141.60546875,93.26953125,99.82421875,388.1484375,303.2109375,0.0,0.0,1.40234375,27.193214416503906
none,4,414,1.0,0.0,1.0,1.0,1.0,1.0,23.453125,141.30078125,92.7734375,100.19140625,390.78125,300.42578125,0.0,0.0,1.51171875,27.08279037475586
none,4,415,1.0,0.0,1.0,1.0,1.0,1.0,23.34765625,142.6875,92.60546875,100.63671875,394.03125,301.140625,0.0,0.0,1.51953125,27.244848251342773
none,4,416,1.0,0.0,1.0,1.0,1.0,1.0,23.375,142.9765625,90.73046875,100.7890625,394.90625,291.41015625,0.0,0.0,1.6015625,27.023555755615234
none,4,417,1.0,0.0,1.0,1.0,1.0,1.0,23.3828125,142.56640625,92.46875,101.09375,394.3203125,301.1640625,0.0,0.0,1.55859375,27.211650848388672
none,4,418,1.0,0.0,1.0,1.0,1.0,1.0,24.07421875,143.87890625,91.9375,104.09375,396.90625,298.609375,0.0,0.0,1.484375,27.416189193725586
none,4,419,1.0,0.0,1.0,1.0,1.0,1.0,23.97265625,142.21484375,92.2109375,104.4140625,394.69921875,300.4375,0.0,0.0,1.5859375,27.050552368164062
none,4,420,1.0,0.0,1.0,1.0,1.0,1.0,23.24609375,143.06640625,91.98046875,99.77734375,395.390625,299.24609375,0.0,0.0,1.46484375,27.43256378173828
none,4,421,1.0,0.0,1.0,1.0,1.0,1.0,22.578125,143.0625,92.24609375,97.69921875,397.1484375,299.3359375,0.0,0.0,1.39453125,27.536392211914062
none,4,422,1.0,0.0,1.0,1.0,1.0,1.0,23.82421875,143.6171875,91.484375,104.2109375,398.23046875,298.03515625,0.0,0.0,1.53515625,27.419822692871094
none,4,423,1.0,0.0,1.0,1.0,1.0,1.0,23.140625,141.99609375,92.44140625,101.38671875,392.9921875,300.6640625,0.0,0.0,1.5078125,27.309722900390625
none,4,424,1.0,0.0,1.0,1.0,1.0,1.0,23.328125,142.796875,92.6015625,100.8828125,395.48828125,301.83984375,0.0,0.0,1.546875,27.323711395263672
none,4,425,1.0,0.0,1.0,1.0,1.0,1.0,23.875,143.4375,90.38671875,102.671875,398.38671875,293.6171875,0.0,0.0,1.484375,27.325613021850586
none,4,426,1.0,0.0,1.0,1.0,1.0,1.0,23.265625,142.78515625,93.0234375,101.328125,395.21875,301.12109375,0.0,0.0,1.515625,27.505041122436523
none,4,427,1.0,0.0,1.0,1.0,1.0,1.0,23.52734375,142.359375,93.015625,101.546875,394.36328125,300.06640625,0.0,0.0,1.375,27.600576400756836
none,4,428,1.0,0.0,1.0,1.0,1.0,1.0,22.08203125,144.0234375,94.33203125,96.875,398.75390625,304.83984375,0.0,0.0,1.4609375,27.912487030029297
none,4,429,1.0,0.0,1.0,1.0,1.0,1.0,22.46875,143.4765625,92.47265625,97.83984375,396.62890625,299.609375,0.0,0.0,1.484375,27.505210876464844
none,4,430,1.0,0.0,1.0,1.0,1.0,1.0,23.1484375,143.4921875,93.1953125,99.98828125,397.84765625,301.5625,0.0,0.0,1.46484375,27.70770263671875
none,4,431,1.0,0.0,1.0,1.0,1.0,1.0,23.31640625,144.61328125,93.0234375,101.33203125,396.86328125,299.59375,0.0,0.0,1.48046875,27.679533004760742
none,4,432,1.0,0.0,1.0,1.0,1.0,1.0,23.046875,143.98046875,93.10546875,99.9609375,398.16796875,302.28515625,0.0,0.0,1.4453125,27.695608139038086
none,4,433,1.0,0.0,1.0,1.0,1.0,1.0,22.7890625,144.0,93.109375,100.08203125,396.10546875,301.81640625,0.0,0.0,1.4375,27.94601058959961
none,4,434,1.0,0.0,1.0,1.0,1.0,1.0,23.375,143.44921875,93.5625,102.2421875,396.7265625,304.33984375,0.0,0.0,1.51171875,27.64728355407715
none,4,435,1.0,0.0,1.0,1.0,1.0,1.0,23.328125,143.52734375,92.015625,100.70703125,396.05078125,298.42578125,0.0,0.0,1.4609375,27.644437789916992
none,4,436,1.0,0.0,1.0,1.0,1.0,1.0,22.359375,143.6796875,93.50390625,97.46875,395.375,302.375,0.0,0.0,1.33203125,27.785329818725586
none,4,437,1.0,0.0,1.0,1.0,1.0,1.0,23.6171875,144.203125,92.2578125,102.22265625,395.58984375,298.17578125,0.0,0.0,1.45703125,27.633031845092773
none,4,438,1.0,0.0,1.0,1.0,1.0,1.0,23.02734375,144.2890625,92.35546875,99.15234375,399.36328125,298.8359375,0.0,0.0,1.296875,27.718280792236328
none,4,439,1.0,0.0,1.0,1.0,1.0,1.0,22.125,143.71484375,92.4140625,99.84765625,396.1640625,299.6796875,0.0,0.0,1.4921875,27.723934173583984
none,4,440,1.0,0.0,1.0,1.0,1.0,1.0,22.06640625,143.46875,92.95703125,97.6171875,396.515625,301.83984375,0.0,0.0,1.47265625,27.739421844482422
none,4,441,1.0,0.0,1.0,1.0,1.0,1.0,22.1875,145.4921875,91.5546875,97.4609375,402.55078125,295.8828125,0.0,0.0,1.3203125,28.163467407226562
none,4,442,1.0,0.0,1.0,1.0,1.0,1.0,22.18359375,143.5234375,93.7265625,97.34765625,398.37890625,306.5078125,0.0,0.0,1.3828125,27.884395599365234
none,4,443,1.0,0.0,1.0,1.0,1.0,1.0,22.1875,145.31640625,92.1796875,96.63671875,402.86328125,296.30078125,0.0,0.0,1.49609375,28.13812828063965
none,4,444,1.0,0.0,1.0,1.0,1.0,1.0,22.15625,145.1796875,93.51953125,96.38671875,399.37109375,304.94140625,0.0,0.0,1.42578125,28.32105255126953
none,4,445,1.0,0.0,1.0,1.0,1.0,1.0,21.15625,144.96875,94.4609375,93.44921875,397.1015625,307.79296875,0.0,0.0,1.31640625,28.38277244567871
none,4,446,1.0,0.0,1.0,1.0,1.0,1.0,22.0546875,145.00390625,93.1953125,96.9609375,399.44140625,302.3359375,0.0,0.0,1.2421875,27.971385955810547
none,4,447,1.0,0.0,1.0,1.0,1.0,1.0,22.1328125,144.94921875,92.5390625,95.64453125,397.50390625,299.50390625,0.0,0.0,1.28515625,27.963058471679688
none,4,448,1.0,0.0,1.0,1.0,1.0,1.0,22.34375,145.5234375,91.828125,97.71875,400.0078125,296.71875,0.0,0.0,1.5,28.06631088256836
none,4,449,1.0,0.0,1.0,1.0,1.0,1.0,22.84765625,145.4609375,92.734375,99.69921875,400.40234375,298.38671875,0.0,0.0,1.44140625,27.9836483001709
none,4,450,1.0,0.0,1.0,1.0,1.0,1.0,21.6640625,146.46484375,90.6953125,94.28515625,404.5234375,292.6953125,0.0,0.0,1.40625,28.414169311523438
none,4,451,1.0,0.0,1.0,1.0,1.0,1.0,22.24609375,144.18359375,93.34765625,96.75390625,394.41796875,301.34375,0.0,0.0,1.4453125,28.05371856689453
none,4,452,1.0,0.0,1.0,1.0,1.0,1.0,22.5859375,146.3046875,92.14453125,97.15234375,401.55859375,297.23046875,0.0,0.0,1.4375,28.089916229248047
none,4,453,1.0,0.0,1.0,1.0,1.0,1.0,21.44921875,145.359375,92.203125,97.0625,400.15625,295.98046875,0.0,0.0,1.43359375,28.191556930541992
none,4,454,1.0,0.0,1.0,1.0,1.0,1.0,22.015625,144.8203125,92.1171875,97.09375,397.625,297.765625,0.0,0.0,1.44140625,27.93487548828125
none,4,455,1.0,0.0,1.0,1.0,1.0,1.0,21.97265625,146.8125,92.61328125,96.59375,404.3359375,300.5625,0.0,0.0,1.35546875,28.56488037109375
none,4,456,1.0,0.0,1.0,1.0,1.0,1.0,22.5859375,144.99609375,93.828125,98.3671875,399.4453125,304.45703125,0.0,0.0,1.2421875,28.24187469482422
none,4,457,1.0,0.0,1.0,1.0,1.0,1.0,22.02734375,144.3359375,92.51171875,97.5546875,398.56640625,301.0390625,0.0,0.0,1.15234375,28.207828521728516
none,4,458,1.0,0.0,1.0,1.0,1.0,1.0,22.38671875,145.9296875,92.73828125,97.34375,402.96875,300.0234375,0.0,0.0,1.46484375,28.402294158935547
none,4,459,1.0,0.0,1.0,1.0,1.0,1.0,22.61328125,145.62890625,92.609375,98.94921875,400.2265625,301.37109375,0.0,0.0,1.2890625,28.035411834716797
none,4,460,1.0,0.0,1.0,1.0,1.0,1.0,22.48828125,146.84765625,93.8828125,99.5234375,403.8125,303.5390625,0.0,0.0,1.34765625,28.54775619506836
none,4,461,1.0,0.0,1.0,1.0,1.0,1.0,22.44140625,145.6796875,93.765625,98.9921875,402.29296875,301.62890625,0.0,0.0,1.36328125,28.34539794921875
none,4,462,1.0,0.0,1.0,1.0,1.0,1.0,21.9921875,145.66015625,94.1953125,97.92578125,401.0625,302.34375,0.0,0.0,1.39453125,28.470333099365234
none,4,463,1.0,0.0,1.0,1.0,1.0,1.0,22.34765625,146.3203125,93.60546875,99.27734375,402.62890625,300.34765625,0.0,0.0,1.30078125,28.658605575561523
none,4,464,1.0,0.0,1.0,1.0,1.0,1.0,22.3515625,147.8515625,93.3046875,96.4375,406.7421875,299.796875,0.0,0.0,1.3671875,28.670272827148438
none,4,465,1.0,0.0,1.0,1.0,1.0,1.0,22.16015625,147.015625,93.9375,97.57421875,405.3828125,300.39453125,0.0,0.0,1.24609375,28.628997802734375
none,4,466,1.0,0.0,1.0,1.0,1.0,1.0,22.09765625,146.66015625,94.65234375,99.04296875,401.18359375,303.43359375,0.0,0.0,1.25,28.749065399169922
none,4,467,1.0,0.0,1.0,1.0,1.0,1.0,22.41796875,146.36328125,93.8359375,97.9296875,400.75390625,300.43359375,0.0,0.0,1.1953125,28.387527465820312
none,4,468,1.0,0.0,1.0,1.0,1.0,1.0,22.453125,146.09375,93.40625,97.8203125,399.4765625,299.21875,0.0,0.0,1.40234375,28.435773849487305
none,4,469,1.0,0.0,1.0,1.0,1.0,1.0,22.78125,145.8125,95.3046875,99.13671875,398.26171875,305.609375,0.0,0.0,1.2890625,28.60637664794922
none,4,470,1.0,0.0,1.0,1.0,1.0,1.0,22.03515625,146.6484375,94.38671875,96.76171875,398.9609375,302.69140625,0.0,0.0,1.28515625,28.87532615661621
none,4,471,1.0,0.0,1.0,1.0,1.0,1.0,22.78125,147.26171875,93.59375,99.84765625,401.67578125,299.76953125,0.0,0.0,1.2265625,28.81429100036621
none,4,472,1.0,0.0,1.0,1.0,1.0,1.0,22.0390625,146.6953125,94.1484375,97.9609375,399.80859375,300.71484375,0.0,0.0,1.30859375,28.746410369873047
none,4,473,1.0,0.0,1.0,1.0,1.0,1.0,22.38671875,148.03515625,93.4921875,98.1328125,403.72265625,299.58984375,0.0,0.0,1.21875,28.84177017211914
none,4,474,1.0,0.0,1.0,1.0,1.0,1.0,22.30859375,147.3515625,94.859375,97.234375,401.4296875,301.60546875,0.0,0.0,1.18359375,28.82678985595703
none,4,475,1.0,0.0,1.0,1.0,1.0,1.0,22.390625,145.82421875,94.75,98.97265625,398.28515625,303.5546875,0.0,0.0,1.26953125,28.395957946777344
none,4,476,1.0,0.0,1.0,1.0,1.0,1.0,22.35546875,146.1484375,93.66796875,97.8828125,398.6953125,298.99609375,0.0,0.0,1.33984375,28.722614288330078
none,4,477,1.0,0.0,1.0,1.0,1.0,1.0,21.62890625,146.41796875,95.28125,95.28125,401.98046875,305.0,0.0,0.0,1.171875,29.004201889038086
none,4,478,1.0,0.0,1.0,1.0,1.0,1.0,21.00390625,146.9609375,95.11328125,93.09375,400.5703125,306.875,0.0,0.0,1.20703125,29.176488876342773
none,4,479,1.0,0.0,1.0,1.0,1.0,1.0,21.17578125,146.515625,95.890625,93.9609375,401.1015625,306.984375,0.0,0.0,1.2578125,28.76857566833496
none,4,480,1.0,0.0,1.0,1.0,1.0,1.0,21.2734375,147.37109375,96.7109375,93.609375,402.97265625,310.40234375,0.0,0.0,1.31640625,29.173625946044922
none,4,481,1.0,0.0,1.0,1.0,1.0,1.0,21.1328125,147.078125,95.11328125,92.46875,403.42578125,307.12109375,0.0,0.0,1.171875,29.119731903076172
none,4,482,1.0,0.0,1.0,1.0,1.0,1.0,20.515625,146.79296875,95.73046875,91.18359375,400.9765625,306.60546875,0.0,0.0,1.296875,28.99141502380371
none,4,483,1.0,0.0,1.0,1.0,1.0,1.0,21.05859375,147.58984375,93.84765625,92.609375,402.8984375,301.12109375,0.0,0.0,1.3046875,28.736968994140625
none,4,484,1.0,0.0,1.0,1.0,1.0,1.0,21.96875,147.72265625,94.93359375,95.26171875,400.94921875,304.76953125,0.0,0.0,1.38671875,28.96657943725586
none,4,485,1.0,0.0,1.0,1.0,1.0,1.0,21.06640625,147.7734375,95.9375,92.8671875,402.25,306.58984375,0.0,0.0,1.23828125,29.153623580932617
none,4,486,1.0,0.0,1.0,1.0,1.0,1.0,21.21484375,148.703125,94.73046875,94.87109375,402.296875,303.07421875,0.0,0.0,1.29296875,29.363454818725586
none,4,487,1.0,0.0,1.0,1.0,1.0,1.0,22.17578125,147.36328125,95.51953125,97.70703125,399.1015625,305.64453125,0.0,0.0,1.23828125,28.806995391845703
none,4,488,1.0,0.0,1.0,1.0,1.0,1.0,20.921875,148.16015625,95.2890625,93.703125,403.63671875,306.61328125,0.0,0.0,1.19921875,29.270442962646484
none,4,489,1.0,0.0,1.0,1.0,1.0,1.0,21.984375,146.95703125,96.38671875,99.171875,396.3203125,309.26953125,0.0,0.0,1.3046875,29.133779525756836
none,4,490,1.0,0.0,1.0,1.0,1.0,1.0,22.421875,147.4609375,96.08984375,97.33203125,399.7421875,307.28125,0.0,0.0,1.1796875,29.038406372070312
none,4,491,1.0,0.0,1.0,1.0,1.0,1.0,22.45703125,148.13671875,96.05078125,98.609375,402.0546875,307.99609375,0.0,0.0,1.296875,29.12148094177246
none,4,492,1.0,0.0,1.0,1.0,1.0,1.0,21.67578125,148.4765625,94.26953125,94.79296875,403.2109375,300.84765625,0.0,0.0,1.2265625,29.32277488708496
none,4,493,1.0,0.0,1.0,1.0,1.0,1.0,21.2109375,148.4921875,93.58203125,94.171875,403.16796875,300.19921875,0.0,0.0,1.23046875,29.06208038330078
none,4,494,1.0,0.0,1.0,1.0,1.0,1.0,21.484375,148.6796875,94.20703125,94.01953125,403.8828125,301.671875,0.0,0.0,1.32421875,29.2548885345459
none,4,495,1.0,0.0,1.0,1.0,1.0,1.0,21.08984375,148.28125,95.1875,94.6953125,403.37109375,306.625,0.0,0.0,1.12109375,29.10250473022461
none,4,496,1.0,0.0,1.0,1.0,1.0,1.0,21.40234375,148.0703125,95.140625,94.50390625,401.19140625,303.87890625,0.0,0.0,1.28125,29.12624740600586
none,4,497,1.0,0.0,1.0,1.0,1.0,1.0,20.55078125,148.67578125,93.42578125,92.98828125,403.92578125,299.22265625,0.0,0.0,1.203125,29.438390731811523
none,4,498,1.0,0.0,1.0,1.0,1.0,1.0,21.93359375,149.203125,95.171875,96.953125,405.6640625,305.57421875,0.0,0.0,1.3203125,29.38779067993164
none,4,499,1.0,0.0,1.0,1.0,1.0,1.0,20.734375,148.25390625,95.33203125,92.4921875,402.265625,307.671875,0.0,0.0,1.20703125,29.45148277282715
none,4,500,1.0,0.0,1.0,1.0,1.0,1.0,21.37890625,148.24609375,96.203125,93.4765625,403.66015625,308.65234375,0.0,0.0,1.16796875,29.3469295501709
none,4,501,1.0,0.0,1.0,1.0,1.0,1.0,20.9375,149.28515625,95.640625,93.25390625,403.734375,305.4921875,0.0,0.0,1.16796875,29.58327293395996
none,4,502,1.0,0.0,1.0,1.0,1.0,1.0,20.85546875,147.953125,95.06640625,92.40234375,401.5234375,303.6640625,0.0,0.0,1.1875,29.290355682373047
none,4,503,1.0,0.0,1.0,1.0,1.0,1.0,21.0546875,147.21875,96.23046875,92.64453125,398.38671875,305.5,0.0,0.0,1.390625,29.047801971435547
none,4,504,1.0,0.0,1.0,1.0,1.0,1.0,21.14453125,149.7890625,94.70703125,91.73828125,405.53125,301.99609375,0.0,0.0,1.1484375,29.33328628540039
none,4,505,1.0,0.0,1.0,1.0,1.0,1.0,20.375,148.0390625,96.796875,91.6796875,401.5703125,308.33984375,0.0,0.0,1.140625,29.49006462097168
none,4,506,1.0,0.0,1.0,1.0,1.0,1.0,20.4921875,149.28515625,96.625,90.46484375,403.64453125,309.16796875,0.0,0.0,1.15625,29.6875057220459
none,4,507,1.0,0.0,1.0,1.0,1.0,1.0,20.94140625,150.74609375,94.91796875,94.3359375,406.06640625,304.1171875,0.0,0.0,1.07421875,29.779399871826172
none,4,508,1.0,0.0,1.0,1.0,1.0,1.0,20.5234375,149.0390625,97.5234375,92.05859375,403.07421875,310.37109375,0.0,0.0,1.2265625,29.522857666015625
none,4,509,1.0,0.0,1.0,1.0,1.0,1.0,21.546875,148.58984375,96.0703125,95.53125,401.84765625,304.53515625,0.0,0.0,1.22265625,29.128997802734375
none,4,510,1.0,0.0,1.0,1.0,1.0,1.0,20.89453125,150.015625,96.2578125,94.00390625,406.265625,307.015625,0.0,0.0,1.3046875,29.648839950561523
none,4,511,1.0,0.0,1.0,1.0,1.0,1.0,20.5390625,149.60546875,96.90234375,91.9765625,403.50390625,309.2890625,0.0,0.0,1.16796875,29.683507919311523
none,4,512,1.0,0.0,1.0,1.0,1.0,1.0,20.9375,149.7890625,95.36328125,92.82421875,405.62890625,304.13671875,0.0,0.0,1.27734375,29.616836547851562
none,4,513,1.0,0.0,1.0,1.0,1.0,1.0,20.08203125,150.34765625,95.01953125,89.5,405.67578125,304.46484375,0.0,0.0,1.1640625,29.824649810791016
none,4,514,1.0,0.0,1.0,1.0,1.0,1.0,20.046875,149.3515625,96.55078125,90.4765625,404.21875,307.5234375,0.0,0.0,1.2421875,29.654081344604492
none,4,515,1.0,0.0,1.0,1.0,1.0,1.0,20.03125,149.69921875,95.40234375,88.875,404.27734375,304.9375,0.0,0.0,1.17578125,29.69928550720215
none,4,516,1.0,0.0,1.0,1.0,1.0,1.0,21.02734375,149.41796875,95.203125,93.16015625,404.52734375,303.11328125,0.0,0.0,1.1015625,29.525327682495117
none,4,517,1.0,0.0,1.0,1.0,1.0,1.0,20.18359375,150.1796875,96.16796875,89.71875,405.82421875,309.06640625,0.0,0.0,1.23046875,30.1495361328125
none,4,518,1.0,0.0,1.0,1.0,1.0,1.0,21.2109375,150.28125,96.87890625,94.85546875,404.87890625,309.42578125,0.0,0.0,1.078125,29.93541717529297
none,4,519,1.0,0.0,1.0,1.0,1.0,1.0,20.890625,149.57421875,96.02734375,91.53125,404.98046875,307.2421875,0.0,0.0,1.234375,29.70473289489746
none,4,520,1.0,0.0,1.0,1.0,1.0,1.0,19.87890625,150.2578125,96.7734375,90.46484375,406.84375,309.94921875,0.0,0.0,1.1796875,30.0581111907959
none,4,521,1.0,0.0,1.0,1.0,1.0,1.0,20.6328125,151.13671875,96.0,93.73046875,407.4375,307.2109375,0.0,0.0,1.2109375,29.99135398864746
none,4,522,1.0,0.0,1.0,1.0,1.0,1.0,19.84375,151.3046875,95.87890625,90.6796875,409.890625,305.921875,0.0,0.0,1.0078125,30.1712703704834
none,4,523,1.0,0.0,1.0,1.0,1.0,1.0,20.37109375,150.12890625,97.703125,90.34765625,405.5546875,311.97265625,0.0,0.0,1.21484375,29.971691131591797
none,4,524,1.0,0.0,1.0,1.0,1.0,1.0,20.0078125,150.88671875,96.5703125,89.09375,407.359375,309.6640625,0.0,0.0,1.17578125,30.23139190673828
none,4,525,1.0,0.0,1.0,1.0,1.0,1.0,20.2109375,150.4140625,96.40625,89.5078125,407.55859375,306.34765625,0.0,0.0,1.0625,30.011014938354492
none,4,526,1.0,0.0,1.0,1.0,1.0,1.0,20.61328125,150.328125,98.79296875,90.859375,405.19921875,313.1484375,0.0,0.0,1.16796875,30.1656551361084
none,4,527,1.0,0.0,1.0,1.0,1.0,1.0,20.7109375,150.59375,97.3359375,91.4921875,405.87109375,307.578125,0.0,0.0,1.13671875,30.152847290039062
none,4,528,1.0,0.0,1.0,1.0,1.0,1.0,20.94921875,150.76171875,97.42578125,94.8828125,407.171875,309.15234375,0.0,0.0,1.1640625,29.991085052490234
none,4,529,1.0,0.0,1.0,1.0,1.0,1.0,20.1171875,150.88671875,97.15234375,91.7421875,407.1015625,308.22265625,0.0,0.0,1.1796875,30.152502059936523
none,4,530,1.0,0.0,1.0,1.0,1.0,1.0,20.9296875,150.89453125,96.96484375,93.09765625,406.39453125,307.9609375,0.0,0.0,1.203125,30.100696563720703
none,4,531,1.0,0.0,1.0,1.0,1.0,1.0,19.91796875,151.78125,95.23828125,90.41015625,408.6171875,304.65234375,0.0,0.0,1.1484375,30.25531578063965
none,4,532,1.0,0.0,1.0,1.0,1.0,1.0,20.12890625,151.20703125,94.9140625,89.7734375,407.9921875,301.7421875,0.0,0.0,1.23046875,30.197372436523438
none,4,533,1.0,0.0,1.0,1.0,1.0,1.0,19.6171875,151.078125,96.18359375,87.02734375,405.52734375,305.23828125,0.0,0.0,1.14453125,30.142257690429688
none,4,534,1.0,0.0,1.0,1.0,1.0,1.0,19.24609375,153.375,94.52734375,86.578125,412.71484375,300.296875,0.0,0.0,1.06640625,30.628904342651367
none,4,535,1.0,0.0,1.0,1.0,1.0,1.0,20.1640625,151.57421875,95.19140625,89.40234375,406.58203125,302.51171875,0.0,0.0,1.125,30.098052978515625
none,4,536,1.0,0.0,1.0,1.0,1.0,1.0,18.8125,151.00390625,95.8046875,86.16015625,405.25390625,304.453125,0.0,0.0,1.07421875,30.269269943237305
none,4,537,1.0,0.0,1.0,1.0,1.0,1.0,19.5625,151.7421875,97.34765625,87.87890625,406.87109375,308.6875,0.0,0.0,1.15234375,30.50128746032715
none,4,538,1.0,0.0,1.0,1.0,1.0,1.0,19.45703125,151.2890625,95.7421875,87.15234375,406.875,303.75,0.0,0.0,1.01953125,30.44580078125
none,4,539,1.0,0.0,1.0,1.0,1.0,1.0,19.8515625,151.953125,96.49609375,89.9375,408.68359375,307.9296875,0.0,0.0,1.02734375,30.4051570892334
none,4,540,1.0,0.0,1.0,1.0,1.0,1.0,19.953125,152.390625,98.5703125,89.41015625,408.875,312.41015625,0.0,0.0,1.15625,30.562971115112305
none,4,541,1.0,0.0,1.0,1.0,1.0,1.0,19.796875,151.1875,98.02734375,89.109375,405.60546875,313.14453125,0.0,0.0,0.9765625,30.398197174072266
none,4,542,1.0,0.0,1.0,1.0,1.0,1.0,20.359375,151.40234375,97.95703125,91.10546875,405.62890625,309.875,0.0,0.0,1.1328125,30.332420349121094
none,4,543,1.0,0.0,1.0,1.0,1.0,1.0,20.05078125,152.1875,96.3515625,91.0390625,409.0234375,304.29296875,0.0,0.0,1.23046875,30.22377586364746
none,4,544,1.0,0.0,1.0,1.0,1.0,1.0,19.88671875,151.09375,98.9453125,89.73046875,408.47265625,314.46484375,0.0,0.0,1.0703125,30.47799301147461
none,4,545,1.0,0.0,1.0,1.0,1.0,1.0,20.23046875,152.4296875,95.9296875,90.51171875,410.421875,304.82421875,0.0,0.0,1.18359375,30.373214721679688
none,4,546,1.0,0.0,1.0,1.0,1.0,1.0,19.87890625,152.24609375,98.44140625,90.8359375,410.84765625,312.25390625,0.0,0.0,1.21484375,30.560110092163086
none,4,547,1.0,0.0,1.0,1.0,1.0,1.0,19.328125,151.71875,100.09375,87.6015625,407.484375,318.5546875,0.0,0.0,1.10546875,30.695674896240234
none,4,548,1.0,0.0,1.0,1.0,1.0,1.0,19.734375,152.16015625,98.2265625,88.93359375,411.05078125,314.7734375,0.0,0.0,1.08984375,30.576902389526367
none,4,549,1.0,0.0,1.0,1.0,1.0,1.0,19.6015625,152.7890625,97.078125,89.5,410.18359375,309.19140625,0.0,0.0,1.17578125,30.604778289794922
none,4,550,1.0,0.0,1.0,1.0,1.0,1.0,18.99609375,152.87890625,97.4609375,86.59375,411.79296875,310.67578125,0.0,0.0,1.05859375,30.956417083740234
none,4,551,1.0,0.0,1.0,1.0,1.0,1.0,18.9375,151.76953125,95.89453125,87.46484375,409.6796875,306.328125,0.0,0.0,1.07421875,30.487010955810547
none,4,552,1.0,0.0,1.0,1.0,1.0,1.0,19.34375,153.62890625,96.890625,87.53515625,412.5546875,308.73828125,0.0,0.0,1.08203125,30.91058921813965
none,4,553,1.0,0.0,1.0,1.0,1.0,1.0,19.33984375,152.71484375,96.90625,88.26953125,408.57421875,307.2265625,0.0,0.0,1.21875,30.746200561523438
none,4,554,1.0,0.0,1.0,1.0,1.0,1.0,19.87890625,152.72265625,98.70703125,89.58203125,407.44140625,310.046875,0.0,0.0,0.96484375,30.73046112060547
none,4,555,1.0,0.0,1.0,1.0,1.0,1.0,19.0703125,152.77734375,98.23046875,87.94140625,407.96875,307.7890625,0.0,0.0,0.95703125,30.937984466552734
none,4,556,1.0,0.0,1.0,1.0,1.0,1.0,19.6171875,152.53125,96.75,90.234375,405.41015625,303.40234375,0.0,0.0,0.9921875,30.69233512878418
none,4,557,1.0,0.0,1.0,1.0,1.0,1.0,19.51171875,152.5625,96.73046875,88.47265625,408.48828125,304.296875,0.0,0.0,0.98046875,30.756988525390625
none,4,558,1.0,0.0,1.0,1.0,1.0,1.0,19.23828125,154.01953125,97.578125,86.66015625,410.20703125,309.28515625,0.0,0.0,1.05859375,31.09958267211914
none,4,559,1.0,0.0,1.0,1.0,1.0,1.0,19.52734375,153.69921875,98.0703125,88.5546875,410.24609375,309.796875,0.0,0.0,1.10546875,30.88722801208496
none,4,560,1.0,0.0,1.0,1.0,1.0,1.0,19.8828125,153.10546875,96.7734375,90.15234375,408.80859375,306.6796875,0.0,0.0,1.140625,30.853435516357422
none,4,561,1.0,0.0,1.0,1.0,1.0,1.0,18.859375,152.265625,99.23828125,86.6640625,407.2109375,313.265625,0.0,0.0,1.046875,30.794193267822266
none,4,562,1.0,0.0,1.0,1.0,1.0,1.0,18.62890625,153.53125,97.875,85.19921875,410.28125,310.91015625,0.0,0.0,1.13671875,31.220062255859375
none,4,563,1.0,0.0,1.0,1.0,1.0,1.0,18.87890625,153.0703125,97.85546875,87.15234375,408.1015625,309.640625,0.0,0.0,1.140625,30.840072631835938
none,4,564,1.0,0.0,1.0,1.0,1.0,1.0,18.859375,152.72265625,99.94140625,85.0859375,408.5625,316.1953125,0.0,0.0,1.046875,31.170372009277344
none,4,565,1.0,0.0,1.0,1.0,1.0,1.0,18.72265625,152.98046875,97.95703125,86.26953125,409.83984375,309.328125,0.0,0.0,1.09765625,30.99642562866211
none,4,566,1.0,0.0,1.0,1.0,1.0,1.0,18.3359375,153.91015625,99.46875,84.9140625,412.98828125,314.10546875,0.0,0.0,1.1171875,31.2326717376709
none,4,567,1.0,0.0,1.0,1.0,1.0,1.0,19.45703125,154.265625,99.39453125,89.34765625,411.09765625,312.24609375,0.0,0.0,1.0390625,31.191619873046875
none,4,568,1.0,0.0,1.0,1.0,1.0,1.0,19.31640625,153.05078125,98.02734375,88.265625,411.0625,310.75390625,0.0,0.0,1.0078125,30.874271392822266
none,4,569,1.0,0.0,1.0,1.0,1.0,1.0,18.78125,153.375,97.65234375,86.51171875,411.67578125,306.8125,0.0,0.0,1.06640625,31.001708984375
none,4,570,1.0,0.0,1.0,1.0,1.0,1.0,18.58984375,153.828125,97.2421875,85.98828125,410.39453125,308.99609375,0.0,0.0,1.11328125,30.949607849121094
none,4,571,1.0,0.0,1.0,1.0,1.0,1.0,18.94140625,154.234375,97.9296875,85.046875,411.79296875,307.94921875,0.0,0.0,0.98828125,31.072690963745117
none,4,572,1.0,0.0,1.0,1.0,1.0,1.0,18.7265625,154.19921875,98.5234375,86.8125,411.62109375,311.56640625,0.0,0.0,1.0859375,31.187957763671875
none,4,573,1.0,0.0,1.0,1.0,1.0,1.0,18.859375,153.80859375,96.86328125,85.90234375,411.26953125,304.09765625,0.0,0.0,1.04296875,31.101102828979492
none,4,574,1.0,0.0,1.0,1.0,1.0,1.0,19.36328125,153.66796875,99.8359375,87.3203125,410.03125,314.32421875,0.0,0.0,0.95703125,31.272705078125
none,4,575,1.0,0.0,1.0,1.0,1.0,1.0,19.1640625,154.31640625,98.484375,87.43359375,409.53515625,310.390625,0.0,0.0,1.0390625,31.40581512451172
none,4,576,1.0,0.0,1.0,1.0,1.0,1.0,18.8515625,154.9609375,95.58984375,85.5,413.40234375,298.96484375,0.0,0.0,0.9765625,31.24368667602539
none,4,577,1.0,0.0,1.0,1.0,1.0,1.0,18.68359375,153.76171875,99.03515625,85.484375,409.5390625,310.64453125,0.0,0.0,0.9921875,31.205673217773438
none,4,578,1.0,0.0,1.0,1.0,1.0,1.0,18.52734375,154.62109375,96.125,84.796875,412.4921875,302.67578125,0.0,0.0,1.02734375,31.092540740966797
none,4,579,1.0,0.0,1.0,1.0,1.0,1.0,18.2109375,155.19921875,98.4375,83.77734375,413.64453125,308.140625,0.0,0.0,1.08203125,31.39386558532715
none,4,580,1.0,0.0,1.0,1.0,1.0,1.0,17.765625,155.5,98.546875,81.5859375,413.08984375,311.109375,0.0,0.0,1.0,31.643346786499023
none,4,581,1.0,0.0,1.0,1.0,1.0,1.0,18.22265625,154.34765625,98.14453125,84.64453125,412.89453125,310.6015625,0.0,0.0,1.0078125,31.208110809326172
none,4,582,1.0,0.0,1.0,1.0,1.0,1.0,18.640625,154.5703125,96.1171875,85.234375,412.05859375,303.67578125,0.0,0.0,1.0703125,31.224517822265625
none,4,583,1.0,0.0,1.0,1.0,1.0,1.0,18.3984375,154.09375,96.8515625,85.28125,411.5390625,307.609375,0.0,0.0,1.2109375,31.103607177734375
none,4,584,1.0,0.0,1.0,1.0,1.0,1.0,18.890625,153.97265625,99.6015625,86.765625,410.92578125,317.73046875,0.0,0.0,1.1328125,31.366378784179688
none,4,585,1.0,0.0,1.0,1.0,1.0,1.0,18.7734375,154.80859375,99.25390625,88.26953125,411.16796875,316.26953125,0.0,0.0,0.99609375,31.495819091796875
none,4,586,1.0,0.0,1.0,1.0,1.0,1.0,18.578125,154.1015625,99.0703125,85.15234375,411.1875,314.60546875,0.0,0.0,1.03515625,31.304576873779297
none,4,587,1.0,0.0,1.0,1.0,1.0,1.0,18.3984375,155.12109375,99.296875,84.21875,414.30078125,314.953125,0.0,0.0,0.9765625,31.43721580505371
none,4,588,1.0,0.0,1.0,1.0,1.0,1.0,17.68359375,154.046875,99.91015625,84.30859375,412.140625,317.66015625,0.0,0.0,1.0625,31.379127502441406
none,4,589,1.0,0.0,1.0,1.0,1.0,1.0,17.5078125,154.1484375,100.42578125,82.65234375,411.39453125,318.4453125,0.0,0.0,1.09375,31.49233627319336
none,4,590,1.0,0.0,1.0,1.0,1.0,1.0,17.859375,155.0625,99.03125,83.19140625,413.8671875,312.45703125,0.0,0.0,0.953125,31.678298950195312
none,4,591,1.0,0.0,1.0,1.0,1.0,1.0,18.0625,154.4765625,99.87109375,83.9453125,411.93359375,315.0703125,0.0,0.0,0.99609375,31.576963424682617
none,4,592,1.0,0.0,1.0,1.0,1.0,1.0,18.5390625,155.09375,98.63671875,86.72265625,413.9921875,311.171875,0.0,0.0,1.03125,31.635971069335938
none,4,593,1.0,0.0,1.0,1.0,1.0,1.0,18.44140625,154.55078125,99.75390625,85.71875,411.3359375,315.60546875,0.0,0.0,0.92578125,31.6356201171875
none,4,594,1.0,0.0,1.0,1.0,1.0,1.0,18.609375,154.80078125,99.13671875,87.41015625,413.3828125,314.08203125,0.0,0.0,0.97265625,31.399517059326172
none,4,595,1.0,0.0,1.0,1.0,1.0,1.0,18.609375,155.30859375,98.46875,86.765625,414.57421875,312.39453125,0.0,0.0,1.10546875,31.52524185180664
none,4,596,1.0,0.0,1.0,1.0,1.0,1.0,18.41015625,155.79296875,99.91015625,85.71484375,413.390625,313.02734375,0.0,0.0,0.9765625,31.92691421508789
none,4,597,1.0,0.0,1.0,1.0,1.0,1.0,17.90234375,155.171875,99.86328125,82.09375,411.67578125,313.98046875,0.0,0.0,0.9609375,31.603248596191406
none,4,598,1.0,0.0,1.0,1.0,1.0,1.0,18.12109375,155.20703125,99.90234375,83.25390625,409.71484375,313.0390625,0.0,0.0,1.01953125,31.467159271240234
none,4,599,1.0,0.0,1.0,1.0,1.0,1.0,17.7578125,155.80859375,99.08203125,82.1015625,412.27734375,309.78125,0.0,0.0,0.8671875,31.806129455566406
none,4,600,1.0,0.0,1.0,1.0,1.0,1.0,17.19921875,155.38671875,98.68359375,79.06640625,411.7890625,311.14453125,0.0,0.0,0.953125,31.618408203125
none,4,601,1.0,0.0,1.0,1.0,1.0,1.0,18.12890625,156.8046875,97.84765625,83.625,414.625,307.4375,0.0,0.0,1.0546875,31.892101287841797
none,4,602,1.0,0.0,1.0,1.0,1.0,1.0,17.71484375,155.73046875,98.70703125,83.31640625,413.421875,308.515625,0.0,0.0,0.95703125,31.93268394470215
none,4,603,1.0,0.0,1.0,1.0,1.0,1.0,17.796875,155.8125,99.9765625,83.4609375,413.66015625,314.40625,0.0,0.0,0.98046875,31.88348960876465
none,4,604,1.0,0.0,1.0,1.0,1.0,1.0,18.28125,155.5859375,100.3046875,84.2109375,412.12890625,314.09375,0.0,0.0,1.0078125,31.750335693359375
none,4,605,1.0,0.0,1.0,1.0,1.0,1.0,17.74609375,155.43359375,100.3125,84.87890625,412.4140625,317.5703125,0.0,0.0,1.08203125,31.699331283569336
none,4,606,1.0,0.0,1.0,1.0,1.0,1.0,17.94140625,155.40234375,100.65625,84.43359375,413.90625,314.6640625,0.0,0.0,0.9765625,32.047210693359375
none,4,607,1.0,0.0,1.0,1.0,1.0,1.0,17.64453125,155.96875,97.14453125,83.38671875,415.1796875,305.109375,0.0,0.0,0.9609375,31.653167724609375
none,4,608,1.0,0.0,1.0,1.0,1.0,1.0,17.5625,156.6875,99.64453125,82.91796875,415.66015625,312.4921875,0.0,0.0,0.9453125,32.13593292236328
none,4,609,1.0,0.0,1.0,1.0,1.0,1.0,17.125,156.55078125,100.79296875,81.4921875,416.2109375,317.125,0.0,0.0,0.953125,31.924339294433594
none,4,610,1.0,0.0,1.0,1.0,1.0,1.0,17.08203125,156.64453125,101.2578125,81.58203125,415.8125,318.8671875,0.0,0.0,1.03125,32.15444564819336
none,4,611,1.0,0.0,1.0,1.0,1.0,1.0,17.03125,156.17578125,100.1875,80.60546875,415.04296875,315.18359375,0.0,0.0,0.90234375,32.21094512939453
none,4,612,1.0,0.0,1.0,1.0,1.0,1.0,17.29296875,155.8984375,98.62109375,82.6328125,414.796875,310.1640625,0.0,0.0,0.921875,31.906400680541992
none,4,613,1.0,0.0,1.0,1.0,1.0,1.0,17.9140625,157.37109375,97.75390625,83.96484375,418.5625,308.81640625,0.0,0.0,1.015625,31.82748031616211
none,4,614,1.0,0.0,1.0,1.0,1.0,1.0,17.015625,155.77734375,100.49609375,82.5390625,413.75390625,317.078125,0.0,0.0,0.984375,32.0399169921875
none,4,615,1.0,0.0,1.0,1.0,1.0,1.0,17.58203125,156.59765625,98.2109375,83.0234375,418.203125,309.37890625,0.0,0.0,0.9140625,32.09455490112305
none,4,616,1.0,0.0,1.0,1.0,1.0,1.0,17.79296875,156.4140625,98.72265625,85.421875,414.0703125,310.74609375,0.0,0.0,0.9296875,31.924816131591797
none,4,617,1.0,0.0,1.0,1.0,1.0,1.0,17.140625,156.95703125,99.953125,81.69140625,414.61328125,312.734375,0.0,0.0,0.9296875,32.11119079589844
none,4,618,1.0,0.0,1.0,1.0,1.0,1.0,17.9140625,156.55078125,99.1484375,84.41796875,414.16015625,311.546875,0.0,0.0,0.921875,32.09456253051758
none,4,619,1.0,0.0,1.0,1.0,1.0,1.0,17.09375,157.1328125,99.390625,81.515625,416.1875,311.3046875,0.0,0.0,0.8046875,32.39167785644531
none,4,620,1.0,0.0,1.0,1.0,1.0,1.0,17.87890625,156.95703125,99.9296875,83.76953125,413.37890625,314.41015625,0.0,0.0,0.91015625,32.17741012573242
none,4,621,1.0,0.0,1.0,1.0,1.0,1.0,17.85546875,156.9453125,99.6875,82.8828125,414.046875,311.66796875,0.0,0.0,1.06640625,32.13394546508789
none,4,622,1.0,0.0,1.0,1.0,1.0,1.0,17.875,157.796875,100.859375,84.9609375,414.890625,315.53125,0.0,0.0,0.84375,32.184654235839844
none,4,623,1.0,0.0,1.0,1.0,1.0,1.0,18.19921875,156.85546875,102.0390625,85.55859375,411.6875,318.34765625,0.0,0.0,0.953125,32.07310485839844
none,4,624,1.0,0.0,1.0,1.0,1.0,1.0,18.328125,157.625,99.7265625,85.171875,414.30859375,310.5078125,0.0,0.0,0.8671875,32.07530212402344
none,4,625,1.0,0.0,1.0,1.0,1.0,1.0,18.046875,157.0859375,99.62890625,83.33203125,415.00390625,311.7265625,0.0,0.0,0.89453125,31.996212005615234
none,4,626,1.0,0.0,1.0,1.0,1.0,1.0,18.41796875,156.25,101.0078125,84.921875,411.890625,316.54296875,0.0,0.0,0.83984375,32.217777252197266
none,4,627,1.0,0.0,1.0,1.0,1.0,1.0,17.11328125,157.609375,101.73046875,81.2265625,415.79296875,317.34375,0.0,0.0,0.86328125,32.63900375366211
none,4,628,1.0,0.0,1.0,1.0,1.0,1.0,17.16796875,156.75,99.5703125,82.98046875,412.984375,310.76171875,0.0,0.0,0.9140625,32.17362976074219
none,4,629,1.0,0.0,1.0,1.0,1.0,1.0,17.0703125,157.84375,99.953125,80.703125,413.1953125,313.296875,0.0,0.0,0.93359375,32.33477783203125
none,4,630,1.0,0.0,1.0,1.0,1.0,1.0,17.6328125,157.3046875,100.01171875,83.9921875,412.89453125,309.92578125,0.0,0.0,0.984375,32.12232208251953
none,4,631,1.0,0.0,1.0,1.0,1.0,1.0,17.51171875,157.62109375,101.03515625,81.80859375,413.34375,312.99609375,0.0,0.0,0.95703125,32.370094299316406
none,4,632,1.0,0.0,1.0,1.0,1.0,1.0,17.796875,156.8984375,101.8515625,83.85546875,412.24609375,314.359375,0.0,0.0,0.88671875,32.23409652709961
none,4,633,1.0,0.0,1.0,1.0,1.0,1.0,17.31640625,156.8671875,100.44921875,82.6015625,411.71484375,310.4765625,0.0,0.0,0.984375,32.41688537597656
none,4,634,1.0,0.0,1.0,1.0,1.0,1.0,17.96484375,158.18359375,100.6640625,82.95703125,415.97265625,311.3671875,0.0,0.0,0.93359375,32.554222106933594
none,4,635,1.0,0.0,1.0,1.0,1.0,1.0,17.55078125,157.76953125,99.9296875,82.25,414.8046875,309.8671875,0.0,0.0,0.9609375,32.46350860595703
none,4,636,1.0,0.0,1.0,1.0,1.0,1.0,17.73046875,157.8671875,99.78125,84.390625,413.5078125,309.13671875,0.0,0.0,0.8828125,32.3752326965332
none,4,637,1.0,0.0,1.0,1.0,1.0,1.0,18.22265625,157.83984375,100.16015625,86.1640625,413.77734375,309.53515625,0.0,0.0,1.04296875,32.31219482421875
none,4,638,1.0,0.0,1.0,1.0,1.0,1.0,16.7109375,158.05859375,101.2578125,80.0703125,414.3515625,313.6484375,0.0,0.0,0.80859375,32.8248405456543
none,4,639,1.0,0.0,1.0,1.0,1.0,1.0,17.68359375,157.6875,101.2265625,82.54296875,414.0234375,315.921875,0.0,0.0,0.96484375,32.48908615112305
none,4,640,1.0,0.0,1.0,1.0,1.0,1.0,17.48046875,158.17578125,100.2265625,82.90625,414.6484375,310.30859375,0.0,0.0,0.9453125,32.564842224121094
none,4,641,1.0,0.0,1.0,1.0,1.0,1.0,16.78125,157.94140625,99.91015625,80.42578125,415.27734375,312.5625,0.0,0.0,0.95703125,32.593650817871094
none,4,642,1.0,0.0,1.0,1.0,1.0,1.0,17.375,157.29296875,99.4453125,83.44140625,413.38671875,310.6875,0.0,0.0,0.9375,32.290687561035156
none,4,643,1.0,0.0,1.0,1.0,1.0,1.0,16.96875,158.4453125,100.6171875,82.23046875,416.55859375,314.2890625,0.0,0.0,0.9765625,32.7942008972168
none,4,644,1.0,0.0,1.0,1.0,1.0,1.0,17.14453125,158.859375,101.421875,81.7421875,417.42578125,317.390625,0.0,0.0,0.82421875,32.78511047363281
none,4,645,1.0,0.0,1.0,1.0,1.0,1.0,17.203125,158.75,100.62109375,82.22265625,417.578125,316.4296875,0.0,0.0,0.875,32.681312561035156
none,4,646,1.0,0.0,1.0,1.0,1.0,1.0,17.4140625,159.08203125,101.19140625,83.11328125,417.70703125,315.20703125,0.0,0.0,0.8515625,32.683349609375
none,4,647,1.0,0.0,1.0,1.0,1.0,1.0,17.36328125,158.49609375,100.4765625,81.23828125,415.68359375,313.8515625,0.0,0.0,0.90234375,32.497650146484375
none,4,648,1.0,0.0,1.0,1.0,1.0,1.0,16.625,157.515625,101.796875,80.6953125,415.13671875,317.390625,0.0,0.0,0.83984375,32.68238830566406
none,4,649,1.0,0.0,1.0,1.0,1.0,1.0,16.2578125,158.2890625,101.90234375,79.54296875,414.125,317.16796875,0.0,0.0,0.8984375,32.94425964355469
none,4,650,1.0,0.0,1.0,1.0,1.0,1.0,17.0703125,158.78125,101.4140625,80.4765625,415.8125,316.9296875,0.0,0.0,0.93359375,32.77152633666992
none,4,651,1.0,0.0,1.0,1.0,1.0,1.0,16.7890625,158.80859375,101.7890625,79.33203125,415.0625,318.55859375,0.0,0.0,0.93359375,32.90740966796875
none,4,652,1.0,0.0,1.0,1.0,1.0,1.0,16.95703125,157.84765625,101.66015625,80.703125,414.546875,318.06640625,0.0,0.0,0.890625,32.516632080078125
none,4,653,1.0,0.0,1.0,1.0,1.0,1.0,17.06640625,157.66015625,102.671875,80.29296875,413.421875,319.1328125,0.0,0.0,0.90625,32.715362548828125
none,4,654,1.0,0.0,1.0,1.0,1.0,1.0,17.16796875,159.4296875,100.546875,79.87890625,418.625,314.8828125,0.0,0.0,0.859375,32.945098876953125
none,4,655,1.0,0.0,1.0,1.0,1.0,1.0,16.62890625,158.7734375,100.32421875,79.296875,413.94921875,313.53515625,0.0,0.0,0.89453125,32.796546936035156
none,4,656,1.0,0.0,1.0,1.0,1.0,1.0,16.3671875,159.7578125,100.609375,78.38671875,416.75,313.9140625,0.0,0.0,0.98828125,32.89352035522461
none,4,657,1.0,0.0,1.0,1.0,1.0,1.0,16.328125,157.76953125,100.62109375,78.90625,410.8515625,315.76171875,0.0,0.0,0.94140625,32.518394470214844
none,4,658,1.0,0.0,1.0,1.0,1.0,1.0,16.4140625,159.828125,99.87109375,78.515625,418.859375,311.3515625,0.0,0.0,0.85546875,32.980037689208984
none,4,659,1.0,0.0,1.0,1.0,1.0,1.0,16.96875,158.50390625,102.40625,79.96484375,414.65234375,317.8046875,0.0,0.0,0.8203125,32.86658477783203
none,4,660,1.0,0.0,1.0,1.0,1.0,1.0,16.37890625,160.4296875,100.3359375,80.2734375,418.21484375,311.53125,0.0,0.0,0.81640625,33.22137451171875
none,4,661,1.0,0.0,1.0,1.0,1.0,1.0,17.3203125,158.59375,103.078125,80.26953125,413.60546875,321.5625,0.0,0.0,0.9140625,32.996009826660156
none,4,662,1.0,0.0,1.0,1.0,1.0,1.0,16.40625,158.6796875,101.7109375,79.58203125,414.09765625,317.83203125,0.0,0.0,1.046875,32.92824172973633
none,4,663,1.0,0.0,1.0,1.0,1.0,1.0,17.2734375,158.87109375,100.20703125,80.57421875,413.59765625,312.90234375,0.0,0.0,0.9140625,32.70481872558594
none,4,664,1.0,0.0,1.0,1.0,1.0,1.0,17.03125,158.6640625,102.09375,81.25,413.97265625,319.109375,0.0,0.0,0.90234375,32.94325256347656
none,4,665,1.0,0.0,1.0,1.0,1.0,1.0,16.35546875,158.73828125,101.28125,80.4140625,413.4375,316.078125,0.0,0.0,0.86328125,32.98200225830078
none,4,666,1.0,0.0,1.0,1.0,1.0,1.0,17.13671875,158.87890625,102.15234375,82.5625,414.62890625,317.01171875,0.0,0.0,0.8203125,32.923675537109375
none,4,667,1.0,0.0,1.0,1.0,1.0,1.0,16.1875,160.05859375,100.64453125,79.1328125,417.546875,311.734375,0.0,0.0,0.8828125,33.275917053222656
none,4,668,1.0,0.0,1.0,1.0,1.0,1.0,16.74609375,159.0078125,102.06640625,80.2578125,414.16015625,315.34765625,0.0,0.0,0.9140625,32.83726501464844
none,4,669,1.0,0.0,1.0,1.0,1.0,1.0,16.5234375,159.8359375,102.6328125,80.046875,418.05859375,320.1953125,0.0,0.0,0.875,33.2205924987793
none,4,670,1.0,0.0,1.0,1.0,1.0,1.0,17.109375,158.859375,101.125,80.7421875,415.2421875,313.67578125,0.0,0.0,0.98828125,32.89179992675781
none,4,671,1.0,0.0,1.0,1.0,1.0,1.0,16.47265625,158.83984375,102.203125,80.0703125,414.90234375,318.0703125,0.0,0.0,0.98046875,32.99852752685547
none,4,672,1.0,0.0,1.0,1.0,1.0,1.0,16.6875,159.37890625,102.125,79.734375,415.51171875,315.4921875,0.0,0.0,0.9140625,33.02487564086914
none,4,673,1.0,0.0,1.0,1.0,1.0,1.0,16.75,159.2421875,100.96484375,80.375,415.015625,311.96484375,0.0,0.0,0.8984375,32.870765686035156
none,4,674,1.0,0.0,1.0,1.0,1.0,1.0,16.625,159.625,103.3515625,79.1015625,414.12109375,320.94921875,0.0,0.0,0.81640625,33.03301239013672
none,4,675,1.0,0.0,1.0,1.0,1.0,1.0,16.6640625,159.8828125,100.1015625,79.58203125,416.69140625,310.14453125,0.0,0.0,0.921875,33.085323333740234
none,4,676,1.0,0.0,1.0,1.0,1.0,1.0,16.69921875,159.5234375,102.1015625,79.87109375,415.73828125,316.86328125,0.0,0.0,0.8359375,33.06816101074219
none,4,677,1.0,0.0,1.0,1.0,1.0,1.0,17.125,158.9453125,104.45703125,80.3828125,412.5859375,321.09375,0.0,0.0,0.90234375,33.077911376953125
none,4,678,1.0,0.0,1.0,1.0,1.0,1.0,16.60546875,159.109375,104.17578125,79.35546875,412.30078125,322.2421875,0.0,0.0,0.84375,33.255165100097656
none,4,679,1.0,0.0,1.0,1.0,1.0,1.0,17.21484375,160.16796875,101.33984375,81.953125,417.43359375,312.52734375,0.0,0.0,0.76953125,33.222686767578125
none,4,680,1.0,0.0,1.0,1.0,1.0,1.0,16.69140625,159.75,103.8125,78.68359375,414.84375,320.9609375,0.0,0.0,0.828125,33.3474235534668
none,4,681,1.0,0.0,1.0,1.0,1.0,1.0,16.29296875,159.78125,103.4609375,78.296875,415.8359375,321.6640625,0.0,0.0,0.82421875,33.38956832885742
none,4,682,1.0,0.0,1.0,1.0,1.0,1.0,16.33203125,160.26953125,103.53515625,79.48828125,416.2421875,321.671875,0.0,0.0,0.8984375,33.45362854003906
none,4,683,1.0,0.0,1.0,1.0,1.0,1.0,16.265625,159.9921875,102.4609375,78.21875,417.5,315.49609375,0.0,0.0,0.78515625,33.250328063964844
none,4,684,1.0,0.0,1.0,1.0,1.0,1.0,16.62109375,160.50390625,103.6015625,80.31640625,417.37109375,320.546875,0.0,0.0,0.91796875,33.466880798339844
none,4,685,1.0,0.0,1.0,1.0,1.0,1.0,16.640625,159.75,103.23046875,80.84375,416.70703125,320.1328125,0.0,0.0,0.8359375,33.27603530883789
none,4,686,1.0,0.0,1.0,1.0,1.0,1.0,16.20703125,161.0,103.078125,79.5078125,418.76171875,320.7578125,0.0,0.0,0.8671875,33.42929458618164
none,4,687,1.0,0.0,1.0,1.0,1.0,1.0,16.41015625,160.60546875,103.0546875,80.1953125,417.6953125,320.10546875,0.0,0.0,0.828125,33.519012451171875
none,4,688,1.0,0.0,1.0,1.0,1.0,1.0,16.4296875,160.74609375,103.04296875,80.89453125,416.51953125,318.9765625,0.0,0.0,0.92578125,33.43305969238281
none,4,689,1.0,0.0,1.0,1.0,1.0,1.0,16.890625,160.69921875,100.921875,82.73046875,416.02734375,312.828125,0.0,0.0,0.84375,33.21833419799805
none,4,690,1.0,0.0,1.0,1.0,1.0,1.0,16.69140625,160.6015625,104.21484375,80.89453125,414.10546875,320.8828125,0.0,0.0,0.94140625,33.666080474853516
none,4,691,1.0,0.0,1.0,1.0,1.0,1.0,16.33984375,161.74609375,102.859375,79.328125,419.08984375,317.82421875,0.0,0.0,0.90234375,33.677127838134766
none,4,692,1.0,0.0,1.0,1.0,1.0,1.0,16.40625,161.53515625,102.1015625,81.25,418.78515625,317.5078125,0.0,0.0,0.81640625,33.58458709716797
none,4,693,1.0,0.0,1.0,1.0,1.0,1.0,16.75390625,160.40625,102.28125,81.62109375,416.98046875,315.49609375,0.0,0.0,0.7890625,33.30544662475586
none,4,694,1.0,0.0,1.0,1.0,1.0,1.0,16.89453125,159.55078125,103.39453125,82.1328125,414.27734375,318.68359375,0.0,0.0,0.765625,33.289390563964844
none,4,695,1.0,0.0,1.0,1.0,1.0,1.0,16.7421875,160.79296875,103.51171875,82.375,417.21484375,318.6484375,0.0,0.0,0.70703125,33.69095993041992
none,4,696,1.0,0.0,1.0,1.0,1.0,1.0,16.7890625,160.31640625,103.66015625,81.8984375,416.08984375,321.5703125,0.0,0.0,0.8046875,33.47003173828125
none,4,697,1.0,0.0,1.0,1.0,1.0,1.0,17.05078125,161.04296875,102.4609375,83.15234375,417.4140625,318.5234375,0.0,0.0,0.7265625,33.562095642089844
none,4,698,1.0,0.0,1.0,1.0,1.0,1.0,16.296875,160.78515625,104.046875,81.9296875,418.66015625,322.296875,0.0,0.0,0.76953125,33.7354736328125
none,4,699,1.0,0.0,1.0,1.0,1.0,1.0,17.37109375,160.5078125,102.375,84.8984375,415.8125,316.52734375,0.0,0.0,0.73828125,33.45501708984375
none,4,700,1.0,0.0,1.0,1.0,1.0,1.0,17.5390625,161.6875,101.48046875,85.23828125,419.953125,316.30859375,0.0,0.0,0.8125,33.47936248779297
none,4,701,1.0,0.0,1.0,1.0,1.0,1.0,16.7421875,160.3984375,101.46875,81.6015625,416.234375,315.1796875,0.0,0.0,0.796875,33.43860626220703
none,4,702,1.0,0.0,1.0,1.0,1.0,1.0,16.9296875,161.125,102.54296875,81.4765625,416.67578125,318.078125,0.0,0.0,0.83203125,33.529380798339844
none,4,703,1.0,0.0,1.0,1.0,1.0,1.0,17.59765625,160.78515625,102.48828125,85.69140625,415.6875,317.921875,0.0,0.0,0.76953125,33.43021774291992
none,4,704,1.0,0.0,1.0,1.0,1.0,1.0,17.41015625,161.27734375,100.515625,84.90234375,417.31640625,310.875,0.0,0.0,0.8125,33.32002258300781
none,4,705,1.0,0.0,1.0,1.0,1.0,1.0,17.07421875,160.90234375,101.99609375,84.28515625,415.22265625,314.3515625,0.0,0.0,0.859375,33.62625503540039
none,4,706,1.0,0.0,1.0,1.0,1.0,1.0,17.41015625,161.609375,102.07421875,82.92578125,416.5859375,314.578125,0.0,0.0,0.92578125,33.69902038574219
none,4,707,1.0,0.0,1.0,1.0,1.0,1.0,17.71875,160.828125,103.63671875,85.0078125,414.98828125,318.765625,0.0,0.0,0.984375,33.52837371826172
none,4,708,1.0,0.0,1.0,1.0,1.0,1.0,17.20703125,161.63671875,102.1015625,83.25,416.9140625,312.84375,0.0,0.0,0.9375,33.8084831237793
none,4,709,1.0,0.0,1.0,1.0,1.0,1.0,18.0546875,161.19140625,103.3359375,86.5234375,416.64453125,317.80859375,0.0,0.0,0.94140625,33.49481964111328
none,4,710,1.0,0.0,1.0,1.0,1.0,1.0,17.73828125,160.13671875,104.2109375,86.05859375,411.52734375,320.359375,0.0,0.0,0.79296875,33.43062210083008
none,4,711,1.0,0.0,1.0,1.0,1.0,1.0,18.1015625,160.13671875,103.1953125,86.625,410.95703125,315.39453125,0.0,0.0,0.734375,33.57537841796875
none,4,712,1.0,0.0,1.0,1.0,1.0,1.0,18.37109375,161.96875,103.11328125,86.5546875,416.58984375,316.30859375,0.0,0.0,0.85546875,33.75458526611328
none,4,713,1.0,0.0,1.0,1.0,1.0,1.0,17.53515625,162.16796875,102.4296875,85.50390625,417.23828125,315.21484375,0.0,0.0,0.81640625,33.7265739440918
none,4,714,1.0,0.0,1.0,1.0,1.0,1.0,18.125,161.76171875,102.6953125,86.43359375,416.43359375,315.52734375,0.0,0.0,0.76953125,33.52903366088867
none,4,715,1.0,0.0,1.0,1.0,1.0,1.0,17.6875,161.87109375,102.83984375,86.5703125,416.32421875,315.8125,0.0,0.0,0.88671875,33.76469039916992
none,4,716,1.0,0.0,1.0,1.0,1.0,1.0,18.09375,160.58203125,103.18359375,86.6328125,413.3515625,317.4296875,0.0,0.0,0.70703125,33.469085693359375
none,4,717,1.0,0.0,1.0,1.0,1.0,1.0,18.78515625,160.46875,103.8046875,90.4375,414.36328125,319.6796875,0.0,0.0,0.84375,33.442222595214844
none,4,718,1.0,0.0,1.0,1.0,1.0,1.0,18.703125,162.4765625,102.3828125,88.54296875,418.60546875,313.3203125,0.0,0.0,0.91796875,33.80926513671875
none,4,719,1.0,0.0,1.0,1.0,1.0,1.0,17.9609375,162.72265625,103.6796875,86.3359375,417.328125,317.734375,0.0,0.0,0.9375,34.0797119140625
none,4,720,1.0,0.0,1.0,1.0,1.0,1.0,18.05078125,160.6640625,104.30859375,85.86328125,412.359375,319.98828125,0.0,0.0,0.87890625,33.55870056152344
none,4,721,1.0,0.0,1.0,1.0,1.0,1.0,18.2578125,161.54296875,103.59375,84.98828125,414.5859375,315.6015625,0.0,0.0,0.76953125,33.47138214111328
none,4,722,1.0,0.0,1.0,1.0,1.0,1.0,18.41796875,162.55859375,102.6328125,85.98046875,419.9296875,315.86328125,0.0,0.0,0.921875,33.6258659362793
none,4,723,1.0,0.0,1.0,1.0,1.0,1.0,18.84765625,161.2421875,103.28125,88.79296875,414.73046875,317.859375,0.0,0.0,0.921875,33.33917236328125
none,4,724,1.0,0.0,1.0,1.0,1.0,1.0,17.69140625,162.5390625,102.984375,86.13671875,418.47265625,316.19140625,0.0,0.0,0.9375,33.827659606933594
none,4,725,1.0,0.0,1.0,1.0,1.0,1.0,17.8046875,161.77734375,105.484375,85.1171875,415.05078125,324.84375,0.0,0.0,0.82421875,34.06222152709961
none,4,726,1.0,0.0,1.0,1.0,1.0,1.0,18.09765625,161.73828125,103.7734375,87.31640625,415.9296875,318.26953125,0.0,0.0,0.89453125,33.63481140136719
none,4,727,1.0,0.0,1.0,1.0,1.0,1.0,17.81640625,161.37109375,104.28515625,86.484375,414.65234375,321.796875,0.0,0.0,0.8671875,33.746803283691406
none,4,728,1.0,0.0,1.0,1.0,1.0,1.0,17.3125,162.8359375,104.4765625,85.66796875,417.84765625,321.83984375,0.0,0.0,0.75390625,34.005462646484375
none,4,729,1.0,0.0,1.0,1.0,1.0,1.0,17.1015625,162.7578125,103.78125,83.7734375,418.65625,321.0390625,0.0,0.0,0.7578125,34.031494140625
none,4,730,1.0,0.0,1.0,1.0,1.0,1.0,16.62109375,161.28125,103.82421875,81.671875,416.09765625,319.4296875,0.0,0.0,0.8515625,33.79311752319336
none,4,731,1.0,0.0,1.0,1.0,1.0,1.0,16.8046875,162.203125,104.99609375,80.26953125,417.390625,323.37109375,0.0,0.0,0.734375,34.17475128173828
none,4,732,1.0,0.0,1.0,1.0,1.0,1.0,16.94140625,162.28515625,104.23828125,79.2734375,416.09375,318.8359375,0.0,0.0,0.75390625,34.16096878051758
none,4,733,1.0,0.0,1.0,1.0,1.0,1.0,16.62109375,162.22265625,103.2734375,80.296875,415.56640625,317.37890625,0.0,0.0,0.83203125,33.917449951171875
none,4,734,1.0,0.0,1.0,1.0,1.0,1.0,16.8671875,162.2421875,103.89453125,79.2890625,415.56640625,316.91796875,0.0,0.0,0.76953125,34.212547302246094
none,4,735,1.0,0.0,1.0,1.0,1.0,1.0,15.80078125,163.69921875,103.33203125,78.31640625,420.5234375,314.8984375,0.0,0.0,0.8359375,34.281349182128906
none,4,736,1.0,0.0,1.0,1.0,1.0,1.0,16.2734375,162.6484375,104.1640625,77.875,416.7421875,317.15234375,0.0,0.0,0.75390625,34.17650604248047
none,4,737,1.0,0.0,1.0,1.0,1.0,1.0,15.796875,163.0859375,105.25390625,77.32421875,417.8671875,324.0625,0.0,0.0,0.80859375,34.479434967041016
none,4,738,1.0,0.0,1.0,1.0,1.0,1.0,16.3046875,163.29296875,104.61328125,78.30859375,418.015625,320.265625,0.0,0.0,0.8203125,34.196800231933594
none,4,739,1.0,0.0,1.0,1.0,1.0,1.0,15.88671875,163.8515625,104.359375,78.32421875,419.41015625,318.8125,0.0,0.0,0.734375,34.54208755493164
none,4,740,1.0,0.0,1.0,1.0,1.0,1.0,15.7734375,162.52734375,105.359375,77.078125,414.109375,322.3125,0.0,0.0,0.734375,34.25769805908203
none,4,741,1.0,0.0,1.0,1.0,1.0,1.0,15.83203125,163.046875,103.98828125,77.51171875,417.05859375,319.24609375,0.0,0.0,0.6875,34.31248092651367
none,4,742,1.0,0.0,1.0,1.0,1.0,1.0,16.11328125,162.2265625,106.1484375,78.19140625,414.7578125,324.01171875,0.0,0.0,0.71875,34.28013610839844
none,4,743,1.0,0.0,1.0,1.0,1.0,1.0,15.4765625,164.1171875,104.9375,76.875,419.453125,320.7578125,0.0,0.0,0.70703125,34.49303436279297
none,4,744,1.0,0.0,1.0,1.0,1.0,1.0,16.328125,163.06640625,104.51171875,79.1640625,417.56640625,319.93359375,0.0,0.0,0.75,34.347225189208984
none,4,745,1.0,0.0,1.0,1.0,1.0,1.0,15.96484375,162.6328125,104.51953125,79.39453125,415.8984375,321.40625,0.0,0.0,0.6875,34.26027297973633
none,4,746,1.0,0.0,1.0,1.0,1.0,1.0,15.6875,163.55859375,104.7109375,78.8125,416.8359375,322.48828125,0.0,0.0,0.7109375,34.5147590637207
none,4,747,1.0,0.0,1.0,1.0,1.0,1.0,15.47265625,164.59765625,102.40234375,75.7578125,422.0546875,316.203125,0.0,0.0,0.69140625,34.5340690612793
none,4,748,1.0,0.0,1.0,1.0,1.0,1.0,16.015625,163.7421875,105.51171875,79.6796875,418.29296875,324.54296875,0.0,0.0,0.66796875,34.57286071777344
none,4,749,1.0,0.0,1.0,1.0,1.0,1.0,15.33203125,163.875,104.03515625,75.48828125,420.921875,321.73828125,0.0,0.0,0.7265625,34.4904899597168
none,4,750,1.0,0.0,1.0,1.0,1.0,1.0,15.96875,163.796875,104.4375,78.55859375,419.1171875,320.65234375,0.0,0.0,0.71484375,34.44706344604492
none,4,751,1.0,0.0,1.0,1.0,1.0,1.0,16.21875,162.6484375,104.34765625,80.2265625,416.44921875,320.05078125,0.0,0.0,0.7265625,34.234474182128906
none,4,752,1.0,0.0,1.0,1.0,1.0,1.0,15.75,164.8984375,103.875,77.28125,421.00390625,316.453125,0.0,0.0,0.58984375,34.6612663269043
none,4,753,1.0,0.0,1.0,1.0,1.0,1.0,15.34375,163.38671875,105.93359375,74.91015625,415.9375,322.9296875,0.0,0.0,0.69140625,34.66709899902344
none,4,754,1.0,0.0,1.0,1.0,1.0,1.0,15.6640625,162.9375,105.109375,78.078125,414.02734375,322.62109375,0.0,0.0,0.7421875,34.43026351928711
none,4,755,1.0,0.0,1.0,1.0,1.0,1.0,15.98046875,165.2265625,104.953125,79.3515625,418.48828125,320.87109375,0.0,0.0,0.78125,34.87962341308594
none,4,756,1.0,0.0,1.0,1.0,1.0,1.0,15.734375,164.265625,104.48046875,77.5,415.0859375,319.015625,0.0,0.0,0.7578125,34.6797981262207
none,4,757,1.0,0.0,1.0,1.0,1.0,1.0,15.97265625,163.69140625,106.65625,79.51171875,415.5078125,327.06640625,0.0,0.0,0.7109375,34.595951080322266
none,4,758,1.0,0.0,1.0,1.0,1.0,1.0,15.98828125,163.515625,105.2890625,79.0859375,417.13671875,323.11328125,0.0,0.0,0.6953125,34.6978645324707
none,4,759,1.0,0.0,1.0,1.0,1.0,1.0,15.2578125,163.57421875,104.69140625,76.26171875,417.359375,320.3359375,0.0,0.0,0.69140625,34.584712982177734
none,4,760,1.0,0.0,1.0,1.0,1.0,1.0,16.34375,165.265625,102.96875,80.16796875,418.81640625,316.4296875,0.0,0.0,0.62109375,34.54829406738281
none,4,761,1.0,0.0,1.0,1.0,1.0,1.0,15.98828125,163.51953125,106.72265625,77.88671875,416.375,327.765625,0.0,0.0,0.671875,34.66876220703125
none,4,762,1.0,0.0,1.0,1.0,1.0,1.0,15.94921875,164.359375,105.05078125,78.4609375,416.91796875,320.3828125,0.0,0.0,0.63671875,34.86872863769531
none,4,763,1.0,0.0,1.0,1.0,1.0,1.0,16.1171875,163.26953125,106.90234375,79.23046875,414.90234375,326.85546875,0.0,0.0,0.71875,34.54534912109375
none,4,764,1.0,0.0,1.0,1.0,1.0,1.0,16.04296875,164.4296875,105.84765625,78.66015625,417.7734375,323.5703125,0.0,0.0,0.6875,34.724586486816406
none,4,765,1.0,0.0,1.0,1.0,1.0,1.0,15.91796875,165.3828125,105.33203125,77.375,419.73046875,321.83984375,0.0,0.0,0.73828125,34.911216735839844
none,4,766,1.0,0.0,1.0,1.0,1.0,1.0,15.84375,163.30859375,106.109375,78.25390625,415.6875,326.828125,0.0,0.0,0.71484375,34.573944091796875
none,4,767,1.0,0.0,1.0,1.0,1.0,1.0,15.3515625,164.6171875,106.25390625,76.28125,418.1875,326.59375,0.0,0.0,0.6796875,35.06010818481445
none,4,768,1.0,0.0,1.0,1.0,1.0,1.0,15.625,164.41015625,106.640625,77.78125,418.28125,325.5625,0.0,0.0,0.6796875,34.73356246948242
none,4,769,1.0,0.0,1.0,1.0,1.0,1.0,15.82421875,164.74609375,105.62109375,77.55859375,419.87109375,322.6171875,0.0,0.0,0.63671875,34.78611373901367
none,4,770,1.0,0.0,1.0,1.0,1.0,1.0,15.87890625,164.0859375,105.72265625,79.25,415.48828125,323.66796875,0.0,0.0,0.640625,34.90056610107422
none,4,771,1.0,0.0,1.0,1.0,1.0,1.0,15.44140625,163.91015625,104.1171875,77.46484375,416.9765625,317.28515625,0.0,0.0,0.7109375,34.52448272705078
none,4,772,1.0,0.0,1.0,1.0,1.0,1.0,15.328125,164.390625,105.80859375,76.87109375,416.18359375,323.4921875,0.0,0.0,0.69140625,34.84648513793945
none,4,773,1.0,0.0,1.0,1.0,1.0,1.0,15.96875,164.125,104.7265625,79.48046875,417.19140625,317.81640625,0.0,0.0,0.68359375,34.62301254272461
none,4,774,1.0,0.0,1.0,1.0,1.0,1.0,15.34765625,165.12890625,106.7265625,78.11328125,416.8984375,324.359375,0.0,0.0,0.5546875,35.02293014526367
none,4,775,1.0,0.0,1.0,1.0,1.0,1.0,15.6484375,165.6640625,105.0,76.94921875,418.63671875,318.4453125,0.0,0.0,0.57421875,34.94551467895508
none,4,776,1.0,0.0,1.0,1.0,1.0,1.0,15.60546875,165.5390625,106.34375,77.875,420.19921875,321.03125,0.0,0.0,0.62109375,35.09446716308594
none,4,777,1.0,0.0,1.0,1.0,1.0,1.0,15.9375,164.796875,106.32421875,79.1953125,417.90234375,323.6640625,0.0,0.0,0.6875,35.06666564941406
none,4,778,1.0,0.0,1.0,1.0,1.0,1.0,15.73046875,164.41015625,108.39453125,77.95703125,414.69921875,328.29296875,0.0,0.0,0.5703125,34.92424774169922
none,4,779,1.0,0.0,1.0,1.0,1.0,1.0,15.75,164.97265625,107.0234375,78.69921875,415.95703125,326.7421875,0.0,0.0,0.6484375,35.05508041381836
none,4,780,1.0,0.0,1.0,1.0,1.0,1.0,16.03125,164.64453125,107.23828125,79.5546875,415.1328125,325.72265625,0.0,0.0,0.7109375,35.00609588623047
none,4,781,1.0,0.0,1.0,1.0,1.0,1.0,16.3671875,165.64453125,107.3515625,80.79296875,417.578125,327.671875,0.0,0.0,0.6171875,35.06116485595703
none,4,782,1.0,0.0,1.0,1.0,1.0,1.0,16.15625,164.88671875,107.80859375,80.17578125,415.6484375,327.4296875,0.0,0.0,0.66015625,35.17499542236328
none,4,783,1.0,0.0,1.0,1.0,1.0,1.0,15.35546875,166.2578125,107.34375,76.15625,419.21875,326.94921875,0.0,0.0,0.60546875,35.438472747802734
none,4,784,1.0,0.0,1.0,1.0,1.0,1.0,15.38671875,165.546875,107.6640625,76.734375,418.16796875,326.5859375,0.0,0.0,0.6328125,35.214054107666016
none,4,785,1.0,0.0,1.0,1.0,1.0,1.0,15.6953125,165.7890625,106.84765625,77.078125,418.02734375,323.6171875,0.0,0.0,0.609375,35.207000732421875
none,4,786,1.0,0.0,1.0,1.0,1.0,1.0,15.484375,166.29296875,106.25,77.515625,418.671875,324.71875,0.0,0.0,0.6640625,35.472808837890625
none,4,787,1.0,0.0,1.0,1.0,1.0,1.0,14.79296875,165.3671875,104.875,75.05859375,418.95703125,320.1171875,0.0,0.0,0.68359375,35.24303436279297
none,4,788,1.0,0.0,1.0,1.0,1.0,1.0,15.48828125,165.34375,105.2890625,77.83203125,416.4140625,320.91015625,0.0,0.0,0.58984375,35.18754196166992
none,4,789,1.0,0.0,1.0,1.0,1.0,1.0,16.12109375,166.74609375,105.8046875,80.1015625,418.99609375,320.02734375,0.0,0.0,0.66796875,35.505821228027344
none,4,790,1.0,0.0,1.0,1.0,1.0,1.0,15.94921875,165.6015625,107.3046875,79.91015625,416.69921875,325.15625,0.0,0.0,0.6484375,35.037689208984375
none,4,791,1.0,0.0,1.0,1.0,1.0,1.0,15.37109375,166.4375,107.0234375,76.98828125,416.7421875,326.171875,0.0,0.0,0.609375,35.4427604675293
none,4,792,1.0,0.0,1.0,1.0,1.0,1.0,15.23828125,165.00390625,105.83203125,76.60546875,415.375,321.875,0.0,0.0,0.59375,35.20501708984375
none,4,793,1.0,0.0,1.0,1.0,1.0,1.0,15.99609375,165.83203125,106.1171875,79.0078125,417.49609375,323.73828125,0.0,0.0,0.6640625,35.224281311035156
none,4,794,1.0,0.0,1.0,1.0,1.0,1.0,15.76953125,166.015625,107.234375,77.6796875,414.90234375,325.1953125,0.0,0.0,0.71484375,35.37127685546875
none,4,795,1.0,0.0,1.0,1.0,1.0,1.0,15.65234375,166.796875,106.09375,77.95703125,418.91015625,320.8203125,0.0,0.0,0.5625,35.492225646972656
none,4,796,1.0,0.0,1.0,1.0,1.0,1.0,14.94140625,166.546875,106.92578125,76.11328125,417.125,324.3203125,0.0,0.0,0.70703125,35.56163024902344
none,4,797,1.0,0.0,1.0,1.0,1.0,1.0,15.6796875,166.42578125,106.74609375,77.4765625,416.08203125,321.671875,0.0,0.0,0.70703125,35.24681091308594
none,4,798,1.0,0.0,1.0,1.0,1.0,1.0,15.8515625,166.8359375,107.23828125,76.9609375,418.69140625,323.859375,0.0,0.0,0.66796875,35.501258850097656
none,4,799,1.0,0.0,1.0,1.0,1.0,1.0,15.48046875,166.38671875,107.48828125,77.96875,416.59375,324.625,0.0,0.0,0.58203125,35.47168731689453
none,4,800,1.0,0.0,1.0,1.0,1.0,1.0,15.23828125,167.54296875,109.078125,75.50390625,419.6171875,330.4296875,0.0,0.0,0.57421875,36.0926628112793
none,4,801,1.0,0.0,1.0,1.0,1.0,1.0,15.66015625,166.3203125,107.18359375,77.42578125,417.84375,321.9375,0.0,0.0,0.65625,35.502960205078125
none,4,802,1.0,0.0,1.0,1.0,1.0,1.0,15.50390625,166.08984375,107.18359375,77.890625,417.25,322.3828125,0.0,0.0,0.62109375,35.53174591064453
none,4,803,1.0,0.0,1.0,1.0,1.0,1.0,16.15234375,165.28125,108.3125,80.78515625,414.9921875,327.8984375,0.0,0.0,0.56640625,35.381961822509766
none,4,804,1.0,0.0,1.0,1.0,1.0,1.0,15.86328125,165.73046875,109.171875,78.3359375,415.16015625,329.03125,0.0,0.0,0.609375,35.469173431396484
none,4,805,1.0,0.0,1.0,1.0,1.0,1.0,15.5390625,166.14453125,109.2109375,77.81640625,415.0390625,330.296875,0.0,0.0,0.6015625,35.61480712890625
none,4,806,1.0,0.0,1.0,1.0,1.0,1.0,15.5390625,168.02734375,107.58984375,76.75,419.4921875,325.015625,0.0,0.0,0.60546875,35.85331726074219
none,4,807,1.0,0.0,1.0,1.0,1.0,1.0,15.171875,167.125,108.48828125,77.3125,418.3828125,328.125,0.0,0.0,0.62109375,35.90961456298828
none,4,808,1.0,0.0,1.0,1.0,1.0,1.0,15.234375,166.5625,107.921875,76.26171875,416.26171875,327.66015625,0.0,0.0,0.66796875,35.712921142578125
none,4,809,1.0,0.0,1.0,1.0,1.0,1.0,15.48828125,167.1171875,108.796875,77.28125,416.19140625,330.09375,0.0,0.0,0.5625,35.85880661010742
none,4,810,1.0,0.0,1.0,1.0,1.0,1.0,16.109375,166.7109375,107.5703125,79.35546875,415.7578125,326.46875,0.0,0.0,0.609375,35.36328125
none,4,811,1.0,0.0,1.0,1.0,1.0,1.0,15.6796875,167.0078125,107.02734375,79.171875,417.484375,324.40234375,0.0,0.0,0.609375,35.68724822998047
none,4,812,1.0,0.0,1.0,1.0,1.0,1.0,15.796875,167.12109375,108.69921875,78.2890625,417.625,329.46484375,0.0,0.0,0.49609375,35.82774353027344
none,4,813,1.0,0.0,1.0,1.0,1.0,1.0,15.64453125,164.77734375,108.6484375,78.4296875,411.40234375,327.73046875,0.0,0.0,0.6796875,35.27432632446289
none,4,814,1.0,0.0,1.0,1.0,1.0,1.0,16.859375,166.1171875,108.046875,83.109375,416.30859375,323.7421875,0.0,0.0,0.71484375,35.42256164550781
none,4,815,1.0,0.0,1.0,1.0,1.0,1.0,16.6171875,167.0390625,109.15234375,82.0390625,418.82421875,329.07421875,0.0,0.0,0.6328125,35.775962829589844
none,4,816,1.0,0.0,1.0,1.0,1.0,1.0,16.0078125,166.54296875,109.25,80.125,417.16015625,329.875,0.0,0.0,0.6171875,35.69940185546875
none,4,817,1.0,0.0,1.0,1.0,1.0,1.0,15.69140625,167.5625,110.171875,80.4921875,420.02734375,331.75390625,0.0,0.0,0.65234375,35.984474182128906
none,4,818,1.0,0.0,1.0,1.0,1.0,1.0,16.33984375,167.890625,110.0546875,81.171875,419.015625,331.44921875,0.0,0.0,0.671875,36.06792449951172
none,4,819,1.0,0.0,1.0,1.0,1.0,1.0,15.0703125,166.90625,109.9453125,76.82421875,416.7578125,332.33984375,0.0,0.0,0.5703125,36.02257537841797
none,4,820,1.0,0.0,1.0,1.0,1.0,1.0,16.2109375,168.39453125,108.51171875,80.19921875,419.4140625,328.125,0.0,0.0,0.53125,36.05457305908203
none,4,821,1.0,0.0,1.0,1.0,1.0,1.0,15.88671875,168.15625,108.28125,78.7578125,418.74609375,326.390625,0.0,0.0,0.57421875,36.09858703613281
none,4,822,1.0,0.0,1.0,1.0,1.0,1.0,14.94921875,167.83984375,111.125,76.73828125,417.5234375,335.33984375,0.0,0.0,0.6484375,36.31681823730469
none,4,823,1.0,0.0,1.0,1.0,1.0,1.0,15.3828125,168.16796875,109.8515625,78.28515625,417.36328125,331.3359375,0.0,0.0,0.6796875,35.9469108581543
none,4,824,1.0,0.0,1.0,1.0,1.0,1.0,15.91796875,168.1640625,109.55078125,78.734375,418.24609375,331.79296875,0.0,0.0,0.55859375,36.09379577636719
none,4,825,1.0,0.0,1.0,1.0,1.0,1.0,15.0703125,168.85546875,110.20703125,76.5703125,418.33203125,333.9765625,0.0,0.0,0.6015625,36.43840026855469
none,4,826,1.0,0.0,1.0,1.0,1.0,1.0,15.07421875,168.4765625,110.33984375,77.29296875,420.015625,331.65625,0.0,0.0,0.5,36.32920455932617
none,4,827,1.0,0.0,1.0,1.0,1.0,1.0,14.44140625,169.3046875,109.69140625,75.4453125,420.10546875,329.88671875,0.0,0.0,0.5625,36.6588249206543
none,4,828,1.0,0.0,1.0,1.0,1.0,1.0,15.8828125,168.078125,110.2265625,79.72265625,418.91015625,329.96875,0.0,0.0,0.50390625,36.11121368408203
none,4,829,1.0,0.0,1.0,1.0,1.0,1.0,15.62890625,168.578125,108.35546875,78.2578125,417.65625,324.140625,0.0,0.0,0.6328125,36.17882537841797
none,4,830,1.0,0.0,1.0,1.0,1.0,1.0,15.9609375,168.95703125,109.828125,78.98046875,419.07421875,332.17578125,0.0,0.0,0.62109375,36.26288604736328
none,4,831,1.0,0.0,1.0,1.0,1.0,1.0,15.76171875,167.18359375,109.33203125,79.94921875,414.328125,331.609375,0.0,0.0,0.62109375,35.89771270751953
none,4,832,1.0,0.0,1.0,1.0,1.0,1.0,15.96484375,168.6640625,111.234375,80.296875,417.125,333.3046875,0.0,0.0,0.5703125,36.5557861328125
none,4,833,1.0,0.0,1.0,1.0,1.0,1.0,15.76171875,168.453125,108.3515625,80.3828125,416.6171875,325.9453125,0.0,0.0,0.609375,36.22258758544922
none,4,834,1.0,0.0,1.0,1.0,1.0,1.0,15.58984375,169.15234375,109.30078125,76.8046875,418.05078125,326.484375,0.0,0.0,0.6875,36.46950149536133
none,4,835,1.0,0.0,1.0,1.0,1.0,1.0,15.265625,168.03125,111.40234375,75.96484375,415.1953125,331.82421875,0.0,0.0,0.65625,36.16204833984375
none,4,836,1.0,0.0,1.0,1.0,1.0,1.0,15.48046875,168.546875,109.3359375,77.86328125,417.40625,325.42578125,0.0,0.0,0.578125,36.33396530151367
none,4,837,1.0,0.0,1.0,1.0,1.0,1.0,15.44921875,168.11328125,109.00390625,77.328125,417.078125,326.6875,0.0,0.0,0.55859375,36.18354034423828
none,4,838,1.0,0.0,1.0,1.0,1.0,1.0,14.70703125,170.40625,109.0703125,75.875,422.890625,324.6953125,0.0,0.0,0.5234375,36.81632995605469
none,4,839,1.0,0.0,1.0,1.0,1.0,1.0,15.7109375,168.5390625,108.9296875,79.21484375,417.39453125,325.87109375,0.0,0.0,0.62890625,36.17063522338867
none,4,840,1.0,0.0,1.0,1.0,1.0,1.0,15.90625,167.31640625,111.88671875,78.56640625,413.51171875,333.84765625,0.0,0.0,0.58984375,36.11991882324219
none,4,841,1.0,0.0,1.0,1.0,1.0,1.0,15.96875,168.14453125,109.28125,79.7265625,415.80078125,327.75390625,0.0,0.0,0.60546875,36.10050964355469
none,4,842,1.0,0.0,1.0,1.0,1.0,1.0,15.87890625,168.30078125,109.08984375,78.375,416.73046875,327.69921875,0.0,0.0,0.65625,36.32158660888672
none,4,843,1.0,0.0,1.0,1.0,1.0,1.0,16.39453125,168.5078125,108.26171875,81.8125,417.578125,324.67578125,0.0,0.0,0.62890625,36.200096130371094
none,4,844,1.0,0.0,1.0,1.0,1.0,1.0,15.94140625,169.14453125,110.3515625,81.53125,418.3046875,330.546875,0.0,0.0,0.5625,36.39522933959961
none,4,845,1.0,0.0,1.0,1.0,1.0,1.0,16.15234375,167.11328125,111.359375,81.0546875,414.36328125,332.54296875,0.0,0.0,0.61328125,36.33549499511719
none,4,846,1.0,0.0,1.0,1.0,1.0,1.0,15.6640625,169.15625,110.67578125,78.75,417.59375,332.21875,0.0,0.0,0.66796875,36.4317512512207
none,4,847,1.0,0.0,1.0,1.0,1.0,1.0,15.546875,168.14453125,112.5390625,79.125,414.96484375,338.0234375,0.0,0.0,0.5703125,36.624629974365234
none,4,848,1.0,0.0,1.0,1.0,1.0,1.0,15.359375,169.4921875,111.328125,78.609375,417.41015625,333.0390625,0.0,0.0,0.6640625,36.68840789794922
none,4,849,1.0,0.0,1.0,1.0,1.0,1.0,15.5546875,169.58984375,110.45703125,78.1171875,419.8359375,330.4921875,0.0,0.0,0.58984375,36.832801818847656
none,4,850,1.0,0.0,1.0,1.0,1.0,1.0,15.11328125,169.51953125,110.13671875,77.58984375,418.34765625,325.95703125,0.0,0.0,0.640625,36.68465805053711
none,4,851,1.0,0.0,1.0,1.0,1.0,1.0,15.109375,169.796875,110.40234375,76.52734375,418.1875,328.51953125,0.0,0.0,0.62109375,36.52739715576172
none,4,852,1.0,0.0,1.0,1.0,1.0,1.0,15.55078125,169.78125,109.68359375,79.484375,418.9609375,327.7890625,0.0,0.0,0.61328125,36.53857421875
none,4,853,1.0,0.0,1.0,1.0,1.0,1.0,15.38671875,169.7890625,109.80859375,77.02734375,418.859375,326.375,0.0,0.0,0.6015625,36.68017578125
none,4,854,1.0,0.0,1.0,1.0,1.0,1.0,14.74609375,168.7734375,111.19140625,75.546875,414.15625,329.72265625,0.0,0.0,0.5546875,36.61518859863281
none,4,855,1.0,0.0,1.0,1.0,1.0,1.0,15.57421875,169.703125,110.6875,79.4765625,417.1484375,328.81640625,0.0,0.0,0.609375,36.65689468383789
none,4,856,1.0,0.0,1.0,1.0,1.0,1.0,15.18359375,170.61328125,109.97265625,77.53515625,420.6875,327.40234375,0.0,0.0,0.546875,36.84071731567383
none,4,857,1.0,0.0,1.0,1.0,1.0,1.0,15.85546875,169.5546875,109.6484375,80.8125,417.05078125,327.984375,0.0,0.0,0.58203125,36.784141540527344
none,4,858,1.0,0.0,1.0,1.0,1.0,1.0,15.40625,169.4375,111.31640625,79.109375,417.0234375,331.046875,0.0,0.0,0.54296875,36.65763854980469
none,4,859,1.0,0.0,1.0,1.0,1.0,1.0,15.375,170.50390625,111.41796875,78.66796875,418.9453125,331.63671875,0.0,0.0,0.59375,36.86034393310547
none,4,860,1.0,0.0,1.0,1.0,1.0,1.0,15.03125,170.1015625,111.66015625,76.8828125,418.2109375,332.03515625,0.0,0.0,0.53125,36.92383575439453
none,4,861,1.0,0.0,1.0,1.0,1.0,1.0,14.9453125,169.46484375,111.8359375,76.5625,415.296875,332.3984375,0.0,0.0,0.54296875,36.823463439941406
none,4,862,1.0,0.0,1.0,1.0,1.0,1.0,14.4609375,170.78125,112.078125,75.61328125,418.83984375,333.85546875,0.0,0.0,0.59765625,37.492706298828125
none,4,863,1.0,0.0,1.0,1.0,1.0,1.0,14.84765625,170.6171875,110.421875,76.453125,418.8984375,329.4296875,0.0,0.0,0.5078125,37.03923797607422
none,4,864,1.0,0.0,1.0,1.0,1.0,1.0,14.67578125,171.01171875,112.46484375,75.68359375,418.578125,334.90625,0.0,0.0,0.58984375,37.25285339355469
none,4,865,1.0,0.0,1.0,1.0,1.0,1.0,15.7265625,169.80859375,111.640625,79.3203125,414.9296875,332.3515625,0.0,0.0,0.609375,36.72804260253906
none,4,866,1.0,0.0,1.0,1.0,1.0,1.0,15.12890625,170.62890625,112.4140625,77.98046875,416.7890625,334.41015625,0.0,0.0,0.50390625,37.31596374511719
none,4,867,1.0,0.0,1.0,1.0,1.0,1.0,14.84765625,170.95703125,113.59765625,75.6875,415.59375,337.0546875,0.0,0.0,0.59765625,37.28290557861328
none,4,868,1.0,0.0,1.0,1.0,1.0,1.0,14.61328125,170.7890625,111.671875,75.73046875,418.44140625,331.48828125,0.0,0.0,0.55859375,37.08469772338867
none,4,869,1.0,0.0,1.0,1.0,1.0,1.0,15.3125,170.55078125,112.5625,79.171875,416.49609375,334.1640625,0.0,0.0,0.609375,36.98158264160156
none,4,870,1.0,0.0,1.0,1.0,1.0,1.0,15.12890625,170.5625,110.94921875,77.5546875,416.56640625,330.6953125,0.0,0.0,0.59375,37.16128158569336
none,4,871,1.0,0.0,1.0,1.0,1.0,1.0,15.078125,169.890625,112.08984375,77.75390625,417.9140625,334.76953125,0.0,0.0,0.6328125,36.93326187133789
none,4,872,1.0,0.0,1.0,1.0,1.0,1.0,14.99609375,170.9296875,112.08203125,77.0625,418.734375,335.33203125,0.0,0.0,0.5625,37.130271911621094
none,4,873,1.0,0.0,1.0,1.0,1.0,1.0,14.984375,171.125,111.50390625,76.91015625,420.015625,330.45703125,0.0,0.0,0.51953125,37.21040344238281
none,4,874,1.0,0.0,1.0,1.0,1.0,1.0,14.828125,170.234375,113.109375,76.8046875,416.2578125,336.3671875,0.0,0.0,0.48046875,37.37981033325195
none,4,875,1.0,0.0,1.0,1.0,1.0,1.0,15.01171875,171.3828125,112.23046875,76.71875,417.25390625,334.859375,0.0,0.0,0.51171875,37.236785888671875
none,4,876,1.0,0.0,1.0,1.0,1.0,1.0,14.26953125,171.12890625,111.375,73.21875,419.05859375,330.40625,0.0,0.0,0.49609375,37.51980209350586
none,4,877,1.0,0.0,1.0,1.0,1.0,1.0,14.78125,171.00390625,112.14453125,77.46875,418.55078125,333.11328125,0.0,0.0,0.51953125,37.26806640625
none,4,878,1.0,0.0,1.0,1.0,1.0,1.0,15.6328125,170.20703125,112.484375,79.45703125,416.703125,331.39453125,0.0,0.0,0.578125,37.00852966308594
none,4,879,1.0,0.0,1.0,1.0,1.0,1.0,15.453125,171.65625,112.1796875,77.87109375,417.93359375,333.5,0.0,0.0,0.52734375,37.463768005371094
none,4,880,1.0,0.0,1.0,1.0,1.0,1.0,15.63671875,170.5625,112.41015625,78.390625,416.421875,331.36328125,0.0,0.0,0.6328125,37.06964874267578
none,4,881,1.0,0.0,1.0,1.0,1.0,1.0,15.2109375,170.53515625,113.0859375,76.9140625,414.3671875,333.8828125,0.0,0.0,0.57421875,37.09393310546875
none,4,882,1.0,0.0,1.0,1.0,1.0,1.0,15.5703125,171.2265625,113.23828125,79.0859375,416.6015625,333.23046875,0.0,0.0,0.63671875,37.40098190307617
none,4,883,1.0,0.0,1.0,1.0,1.0,1.0,14.69921875,171.69140625,114.3984375,76.37890625,417.484375,337.0703125,0.0,0.0,0.57421875,37.59501647949219
none,4,884,1.0,0.0,1.0,1.0,1.0,1.0,14.2734375,172.45703125,113.453125,74.47265625,420.5078125,334.62109375,0.0,0.0,0.55078125,37.62644958496094
none,4,885,1.0,0.0,1.0,1.0,1.0,1.0,14.9296875,170.875,113.9453125,78.41796875,414.1640625,335.56640625,0.0,0.0,0.54296875,37.35259246826172
none,4,886,1.0,0.0,1.0,1.0,1.0,1.0,15.3046875,172.7578125,115.8984375,77.21875,417.8828125,341.0859375,0.0,0.0,0.57421875,37.842708587646484
none,4,887,1.0,0.0,1.0,1.0,1.0,1.0,14.56640625,170.80859375,115.4140625,75.37890625,416.01953125,341.578125,0.0,0.0,0.51953125,37.58893585205078
none,4,888,1.0,0.0,1.0,1.0,1.0,1.0,14.6171875,171.08984375,114.5859375,77.41796875,414.84375,338.42578125,0.0,0.0,0.46875,37.32954406738281
none,4,889,1.0,0.0,1.0,1.0,1.0,1.0,14.83984375,171.8671875,113.79296875,77.01171875,417.99609375,336.5234375,0.0,0.0,0.5546875,37.70219421386719
none,4,890,1.0,0.0,1.0,1.0,1.0,1.0,14.4453125,171.38671875,114.67578125,75.94921875,415.25390625,338.66015625,0.0,0.0,0.46484375,37.620628356933594
none,4,891,1.0,0.0,1.0,1.0,1.0,1.0,14.125,172.44140625,113.07421875,74.59765625,419.20703125,333.1953125,0.0,0.0,0.58203125,37.741817474365234
none,4,892,1.0,0.0,1.0,1.0,1.0,1.0,15.1015625,172.16796875,113.68359375,78.03125,418.4453125,334.8125,0.0,0.0,0.54296875,37.699668884277344
none,4,893,1.0,0.0,1.0,1.0,1.0,1.0,14.32421875,172.0078125,114.37890625,73.70703125,416.921875,336.484375,0.0,0.0,0.50390625,37.92377853393555
none,4,894,1.0,0.0,1.0,1.0,1.0,1.0,14.51953125,171.3984375,114.83984375,75.9140625,416.2578125,337.625,0.0,0.0,0.5859375,37.63912582397461
none,4,895,1.0,0.0,1.0,1.0,1.0,1.0,16.01953125,173.01171875,113.3359375,81.70703125,420.03125,330.83984375,0.0,0.0,0.54296875,37.81658172607422
none,4,896,1.0,0.0,1.0,1.0,1.0,1.0,15.16796875,171.78515625,114.51953125,78.7265625,416.30078125,335.953125,0.0,0.0,0.578125,37.712669372558594
none,4,897,1.0,0.0,1.0,1.0,1.0,1.0,15.16015625,171.89453125,114.07421875,78.56640625,416.1484375,336.25,0.0,0.0,0.5625,37.611392974853516
none,4,898,1.0,0.0,1.0,1.0,1.0,1.0,15.33984375,171.19921875,114.80859375,79.08203125,415.14453125,336.96875,0.0,0.0,0.5234375,37.492889404296875
none,4,899,1.0,0.0,1.0,1.0,1.0,1.0,14.65625,173.01171875,112.82421875,76.16796875,418.7265625,331.71484375,0.0,0.0,0.5,37.838661193847656
none,4,900,1.0,0.0,1.0,1.0,1.0,1.0,14.55078125,173.0078125,114.55859375,76.609375,419.2578125,335.2734375,0.0,0.0,0.546875,37.896217346191406
none,4,901,1.0,0.0,1.0,1.0,1.0,1.0,14.69140625,173.1875,113.59765625,75.796875,418.42578125,331.5546875,0.0,0.0,0.58984375,37.922210693359375
none,4,902,1.0,0.0,1.0,1.0,1.0,1.0,15.5546875,172.29296875,112.98828125,78.42578125,416.6796875,329.01953125,0.0,0.0,0.46875,37.623802185058594
none,4,903,1.0,0.0,1.0,1.0,1.0,1.0,15.1796875,173.0625,113.94140625,76.44140625,418.84375,332.19140625,0.0,0.0,0.484375,38.04999923706055
none,4,904,1.0,0.0,1.0,1.0,1.0,1.0,15.40234375,172.25,114.48828125,79.296875,416.58984375,335.50390625,0.0,0.0,0.4921875,37.60160446166992
none,4,905,1.0,0.0,1.0,1.0,1.0,1.0,14.88671875,171.75,114.93359375,77.625,416.2578125,336.34375,0.0,0.0,0.578125,37.78522491455078
none,4,906,1.0,0.0,1.0,1.0,1.0,1.0,15.44140625,171.6796875,114.85546875,79.0234375,416.01953125,337.84765625,0.0,0.0,0.47265625,37.62385559082031
none,4,907,1.0,0.0,1.0,1.0,1.0,1.0,15.265625,173.703125,114.38671875,80.328125,421.65234375,337.14453125,0.0,0.0,0.53125,38.224082946777344
none,4,908,1.0,0.0,1.0,1.0,1.0,1.0,15.09765625,172.5234375,115.8515625,78.87109375,417.12890625,340.71484375,0.0,0.0,0.5546875,37.93315124511719
none,4,909,1.0,0.0,1.0,1.0,1.0,1.0,15.2734375,171.6171875,116.40625,79.08984375,413.86328125,345.03125,0.0,0.0,0.42578125,37.93434143066406
none,4,910,1.0,0.0,1.0,1.0,1.0,1.0,15.23828125,172.37890625,115.09765625,79.515625,414.85546875,339.359375,0.0,0.0,0.59375,37.764007568359375
none,4,911,1.0,0.0,1.0,1.0,1.0,1.0,15.00390625,173.640625,114.42578125,77.89453125,417.39453125,335.875,0.0,0.0,0.60546875,38.41164779663086
none,4,912,1.0,0.0,1.0,1.0,1.0,1.0,15.734375,172.28515625,116.515625,80.2265625,413.54296875,342.0,0.0,0.0,0.4609375,38.005714416503906
none,4,913,1.0,0.0,1.0,1.0,1.0,1.0,15.26953125,172.1484375,116.24609375,79.26953125,413.74609375,337.77734375,0.0,0.0,0.515625,37.925682067871094
none,4,914,1.0,0.0,1.0,1.0,1.0,1.0,15.0625,173.06640625,116.16796875,78.19921875,413.0859375,339.6484375,0.0,0.0,0.5390625,38.267982482910156
none,4,915,1.0,0.0,1.0,1.0,1.0,1.0,15.33984375,173.60546875,116.203125,78.734375,415.22265625,338.43359375,0.0,0.0,0.50390625,38.28235626220703
none,4,916,1.0,0.0,1.0,1.0,1.0,1.0,14.5625,173.2265625,116.19921875,76.31640625,414.578125,339.79296875,0.0,0.0,0.53125,38.208641052246094
none,4,917,1.0,0.0,1.0,1.0,1.0,1.0,15.23046875,174.2890625,116.421875,78.04296875,416.0546875,339.9140625,0.0,0.0,0.484375,38.35247039794922
none,4,918,1.0,0.0,1.0,1.0,1.0,1.0,14.6640625,172.34375,116.921875,75.53125,413.640625,344.06640625,0.0,0.0,0.52734375,37.963619232177734
none,4,919,1.0,0.0,1.0,1.0,1.0,1.0,14.8125,173.5703125,115.78515625,76.96875,417.4765625,341.30859375,0.0,0.0,0.5703125,38.2326774597168
none,4,920,1.0,0.0,1.0,1.0,1.0,1.0,14.23828125,173.79296875,115.6484375,74.7265625,416.7421875,337.765625,0.0,0.0,0.515625,38.387298583984375
none,4,921,1.0,0.0,1.0,1.0,1.0,1.0,13.78125,173.7421875,115.1640625,75.296875,417.640625,340.76953125,0.0,0.0,0.51171875,38.362098693847656
none,4,922,1.0,0.0,1.0,1.0,1.0,1.0,14.74609375,174.0078125,115.54296875,77.6796875,418.4609375,339.47265625,0.0,0.0,0.51953125,38.45378875732422
none,4,923,1.0,0.0,1.0,1.0,1.0,1.0,14.44140625,174.09375,116.5,75.81640625,418.0703125,340.6953125,0.0,0.0,0.4921875,38.55152130126953
none,4,924,1.0,0.0,1.0,1.0,1.0,1.0,14.5,174.5234375,115.0859375,77.98046875,420.55078125,337.0390625,0.0,0.0,0.5625,38.598548889160156
none,4,925,1.0,0.0,1.0,1.0,1.0,1.0,14.1640625,174.02734375,115.94921875,74.43359375,420.2109375,340.1328125,0.0,0.0,0.54296875,38.66312789916992
none,4,926,1.0,0.0,1.0,1.0,1.0,1.0,14.94140625,174.8671875,116.2109375,79.4375,419.31640625,340.21875,0.0,0.0,0.5,38.676483154296875
none,4,927,1.0,0.0,1.0,1.0,1.0,1.0,14.2578125,174.87890625,116.8125,75.828125,419.20703125,342.59375,0.0,0.0,0.46484375,38.66364288330078
none,4,928,1.0,0.0,1.0,1.0,1.0,1.0,14.4921875,174.4453125,116.8984375,76.6328125,417.5625,341.9921875,0.0,0.0,0.4375,38.73183822631836
none,4,929,1.0,0.0,1.0,1.0,1.0,1.0,14.6015625,173.66796875,115.5546875,78.16015625,416.56640625,335.59765625,0.0,0.0,0.546875,38.36131286621094
none,4,930,1.0,0.0,1.0,1.0,1.0,1.0,14.53125,173.3125,116.63671875,77.859375,416.4296875,337.59765625,0.0,0.0,0.48046875,38.434967041015625
none,4,931,1.0,0.0,1.0,1.0,1.0,1.0,14.61328125,174.91796875,118.15625,77.74609375,417.55859375,342.21875,0.0,0.0,0.58203125,38.84077072143555
none,4,932,1.0,0.0,1.0,1.0,1.0,1.0,15.0234375,174.8984375,118.203125,78.2265625,417.890625,342.26171875,0.0,0.0,0.45703125,38.753623962402344
none,4,933,1.0,0.0,1.0,1.0,1.0,1.0,14.8203125,173.82421875,118.34765625,77.515625,413.73046875,342.63671875,0.0,0.0,0.5390625,38.677974700927734
none,4,934,1.0,0.0,1.0,1.0,1.0,1.0,14.9296875,172.984375,118.00390625,78.19140625,411.76953125,342.62890625,0.0,0.0,0.359375,38.45426940917969
none,4,935,1.0,0.0,1.0,1.0,1.0,1.0,14.81640625,174.8671875,116.63671875,78.7265625,417.86328125,339.2578125,0.0,0.0,0.50390625,38.67066192626953
none,4,936,1.0,0.0,1.0,1.0,1.0,1.0,15.50390625,175.70703125,116.64453125,80.84375,417.73828125,340.4609375,0.0,0.0,0.421875,39.035858154296875
none,4,937,1.0,0.0,1.0,1.0,1.0,1.0,15.3203125,175.39453125,116.8203125,81.09765625,416.30859375,342.32421875,0.0,0.0,0.51953125,38.85668182373047
none,4,938,1.0,0.0,1.0,1.0,1.0,1.0,14.87890625,174.15625,117.859375,79.6640625,414.70703125,343.30078125,0.0,0.0,0.6328125,38.56993865966797
none,4,939,1.0,0.0,1.0,1.0,1.0,1.0,14.65234375,173.71484375,118.0390625,78.5703125,412.1796875,343.1015625,0.0,0.0,0.44140625,38.50029754638672
none,4,940,1.0,0.0,1.0,1.0,1.0,1.0,15.30859375,175.23046875,116.7109375,81.55078125,415.60546875,340.6328125,0.0,0.0,0.48828125,38.69480895996094
none,4,941,1.0,0.0,1.0,1.0,1.0,1.0,14.84765625,174.5703125,117.9453125,77.17578125,414.35546875,342.3203125,0.0,0.0,0.49609375,38.90212631225586
none,4,942,1.0,0.0,1.0,1.0,1.0,1.0,15.0234375,175.140625,116.8359375,79.0703125,415.328125,338.5625,0.0,0.0,0.46875,38.72798156738281
none,4,943,1.0,0.0,1.0,1.0,1.0,1.0,14.953125,174.8359375,119.18359375,78.8046875,412.79296875,345.21484375,0.0,0.0,0.44921875,38.9560546875
none,4,944,1.0,0.0,1.0,1.0,1.0,1.0,14.41015625,174.45703125,119.9296875,76.703125,413.15625,345.4140625,0.0,0.0,0.42578125,39.192142486572266
none,4,945,1.0,0.0,1.0,1.0,1.0,1.0,15.640625,174.734375,117.7734375,82.1640625,414.91796875,341.046875,0.0,0.0,0.53515625,38.73893356323242
none,4,946,1.0,0.0,1.0,1.0,1.0,1.0,15.85546875,175.29296875,117.546875,82.578125,415.55859375,340.23828125,0.0,0.0,0.53515625,38.761260986328125
none,4,947,1.0,0.0,1.0,1.0,1.0,1.0,15.03125,176.046875,118.7578125,78.84375,416.890625,343.390625,0.0,0.0,0.45703125,39.33103942871094
none,4,948,1.0,0.0,1.0,1.0,1.0,1.0,15.29296875,174.0859375,119.11328125,79.84765625,413.3515625,344.76171875,0.0,0.0,0.546875,38.72663879394531
none,4,949,1.0,0.0,1.0,1.0,1.0,1.0,15.3125,174.74609375,119.43359375,79.76171875,415.55859375,344.953125,0.0,0.0,0.41796875,38.78467559814453
none,4,950,1.0,0.0,1.0,1.0,1.0,1.0,15.5625,175.21875,118.09375,81.37109375,417.7265625,339.5078125,0.0,0.0,0.48046875,38.795005798339844
none,4,951,1.0,0.0,1.0,1.0,1.0,1.0,14.71875,175.62890625,117.33984375,80.1484375,418.35546875,338.9453125,0.0,0.0,0.421875,39.14595031738281
none,4,952,1.0,0.0,1.0,1.0,1.0,1.0,15.43359375,175.19140625,118.21875,80.60546875,416.8671875,340.72265625,0.0,0.0,0.59765625,38.94216537475586
none,4,953,1.0,0.0,1.0,1.0,1.0,1.0,15.30859375,174.6953125,119.65234375,82.484375,414.76171875,345.6953125,0.0,0.0,0.39453125,38.78681945800781
none,4,954,1.0,0.0,1.0,1.0,1.0,1.0,14.921875,177.19921875,118.234375,80.22265625,420.30859375,341.23828125,0.0,0.0,0.53125,39.453792572021484
none,4,955,1.0,0.0,1.0,1.0,1.0,1.0,15.140625,175.65625,116.72265625,80.1171875,418.046875,337.39453125,0.0,0.0,0.48828125,38.98237609863281
none,4,956,1.0,0.0,1.0,1.0,1.0,1.0,15.0546875,175.80859375,118.40625,79.47265625,418.7578125,341.94921875,0.0,0.0,0.484375,39.233646392822266
none,4,957,1.0,0.0,1.0,1.0,1.0,1.0,14.5546875,176.6171875,118.21484375,77.1015625,418.71875,342.15625,0.0,0.0,0.53515625,39.281768798828125
none,4,958,1.0,0.0,1.0,1.0,1.0,1.0,15.40234375,175.7265625,119.5078125,79.01171875,414.48828125,345.9375,0.0,0.0,0.390625,39.176307678222656
none,4,959,1.0,0.0,1.0,1.0,1.0,1.0,14.4921875,174.734375,120.4296875,78.82421875,412.44140625,346.01953125,0.0,0.0,0.5,39.14788055419922
none,4,960,1.0,0.0,1.0,1.0,1.0,1.0,14.66015625,176.01953125,119.83984375,78.58203125,414.72265625,345.01953125,0.0,0.0,0.44140625,39.466915130615234
none,4,961,1.0,0.0,1.0,1.0,1.0,1.0,15.47265625,177.48046875,118.05078125,79.46875,419.30078125,339.57421875,0.0,0.0,0.42578125,39.6815071105957
none,4,962,1.0,0.0,1.0,1.0,1.0,1.0,15.484375,175.796875,119.60546875,80.703125,413.8515625,344.22265625,0.0,0.0,0.45703125,39.19190216064453
none,4,963,1.0,0.0,1.0,1.0,1.0,1.0,14.7265625,175.48828125,120.6953125,78.06640625,412.8125,348.12109375,0.0,0.0,0.46484375,39.414127349853516
none,4,964,1.0,0.0,1.0,1.0,1.0,1.0,15.74609375,175.30859375,120.93359375,81.45703125,412.65234375,347.37109375,0.0,0.0,0.45703125,39.123252868652344
none,4,965,1.0,0.0,1.0,1.0,1.0,1.0,14.93359375,177.35546875,119.59765625,79.89453125,416.484375,342.99609375,0.0,0.0,0.41796875,39.586769104003906
none,4,966,1.0,0.0,1.0,1.0,1.0,1.0,15.22265625,175.1953125,121.4765625,81.0859375,413.24609375,348.0,0.0,0.0,0.51171875,39.31781768798828
none,4,967,1.0,0.0,1.0,1.0,1.0,1.0,14.6015625,177.2734375,120.8828125,80.02734375,417.05859375,347.38671875,0.0,0.0,0.4453125,39.81413269042969
none,4,968,1.0,0.0,1.0,1.0,1.0,1.0,14.44921875,176.47265625,119.9375,76.45703125,415.734375,343.92578125,0.0,0.0,0.4921875,39.4983024597168
none,4,969,1.0,0.0,1.0,1.0,1.0,1.0,15.17578125,176.0625,120.40234375,80.73828125,414.4296875,344.890625,0.0,0.0,0.453125,39.46199035644531
none,4,970,1.0,0.0,1.0,1.0,1.0,1.0,14.80078125,177.41796875,118.70703125,78.671875,416.83203125,339.4453125,0.0,0.0,0.515625,39.54768371582031
none,4,971,1.0,0.0,1.0,1.0,1.0,1.0,14.53515625,177.25390625,119.296875,79.54296875,415.94921875,341.83984375,0.0,0.0,0.54296875,39.31086349487305
none,4,972,1.0,0.0,1.0,1.0,1.0,1.0,15.0078125,176.8515625,120.79296875,80.2578125,415.6484375,344.8515625,0.0,0.0,0.51171875,39.65717315673828
none,4,973,1.0,0.0,1.0,1.0,1.0,1.0,14.62890625,176.91015625,122.12109375,77.87109375,415.09765625,350.9921875,0.0,0.0,0.41015625,39.672889709472656
none,4,974,1.0,0.0,1.0,1.0,1.0,1.0,14.2890625,176.91015625,121.3984375,78.4140625,415.265625,347.859375,0.0,0.0,0.34375,39.7557487487793
none,4,975,1.0,0.0,1.0,1.0,1.0,1.0,15.25,177.328125,121.38671875,80.125,415.53515625,346.09375,0.0,0.0,0.484375,39.84101486206055
none,4,976,1.0,0.0,1.0,1.0,1.0,1.0,14.5234375,176.71484375,121.82421875,77.8671875,414.12890625,348.45703125,0.0,0.0,0.4453125,39.646080017089844
none,4,977,1.0,0.0,1.0,1.0,1.0,1.0,15.12890625,176.93359375,120.48828125,80.1796875,414.1171875,343.74609375,0.0,0.0,0.5078125,39.503597259521484
none,4,978,1.0,0.0,1.0,1.0,1.0,1.0,14.9375,175.69140625,119.96484375,79.53125,411.9375,341.8125,0.0,0.0,0.484375,39.33086395263672
none,4,979,1.0,0.0,1.0,1.0,1.0,1.0,14.5,177.62109375,120.6484375,79.14453125,416.88671875,345.47265625,0.0,0.0,0.41796875,39.91578674316406
none,4,980,1.0,0.0,1.0,1.0,1.0,1.0,14.6328125,175.91015625,121.5078125,78.58203125,413.1875,346.640625,0.0,0.0,0.515625,39.70025634765625
none,4,981,1.0,0.0,1.0,1.0,1.0,1.0,15.203125,177.3828125,121.1328125,81.140625,416.25,344.2734375,0.0,0.0,0.37890625,39.86842346191406
none,4,982,1.0,0.0,1.0,1.0,1.0,1.0,15.69140625,177.39453125,120.68359375,81.74609375,417.01953125,343.21484375,0.0,0.0,0.46484375,39.79280471801758
none,4,983,1.0,0.0,1.0,1.0,1.0,1.0,14.54296875,176.9375,121.54296875,77.8046875,414.12890625,345.09375,0.0,0.0,0.453125,39.86782455444336
none,4,984,1.0,0.0,1.0,1.0,1.0,1.0,14.3046875,177.05859375,122.59375,78.9609375,414.76171875,348.94140625,0.0,0.0,0.44140625,39.87134552001953
none,4,985,1.0,0.0,1.0,1.0,1.0,1.0,14.48046875,176.38671875,122.6640625,78.57421875,412.375,348.35546875,0.0,0.0,0.46484375,39.932464599609375
none,4,986,1.0,0.0,1.0,1.0,1.0,1.0,14.17578125,176.6796875,121.9765625,77.328125,412.55859375,347.52734375,0.0,0.0,0.41015625,39.875797271728516
none,4,987,1.0,0.0,1.0,1.0,1.0,1.0,14.22265625,177.9140625,121.54296875,79.12890625,414.46484375,345.80078125,0.0,0.0,0.47265625,40.04867935180664
none,4,988,1.0,0.0,1.0,1.0,1.0,1.0,15.06640625,176.95703125,121.60546875,80.51171875,414.0546875,346.1640625,0.0,0.0,0.41015625,39.84714889526367
none,4,989,1.0,0.0,1.0,1.0,1.0,1.0,14.12890625,178.03515625,122.49609375,77.37890625,415.41015625,348.65234375,0.0,0.0,0.4375,40.322547912597656
none,4,990,1.0,0.0,1.0,1.0,1.0,1.0,14.828125,177.51953125,122.09765625,79.7578125,413.55078125,348.6953125,0.0,0.0,0.4765625,40.092926025390625
none,4,991,1.0,0.0,1.0,1.0,1.0,1.0,14.35546875,177.0546875,122.203125,78.11328125,413.375,348.65625,0.0,0.0,0.4375,39.99249267578125
none,4,992,1.0,0.0,1.0,1.0,1.0,1.0,14.45703125,177.5234375,121.734375,78.421875,413.5859375,347.640625,0.0,0.0,0.5,40.065128326416016
none,4,993,1.0,0.0,1.0,1.0,1.0,1.0,14.34765625,178.43359375,122.19921875,77.30859375,417.609375,346.30078125,0.0,0.0,0.4765625,40.14205551147461
none,4,994,1.0,0.0,1.0,1.0,1.0,1.0,14.2109375,179.078125,122.19921875,78.03515625,418.5703125,347.26171875,0.0,0.0,0.49609375,40.607215881347656
none,4,995,1.0,0.0,1.0,1.0,1.0,1.0,14.546875,179.2109375,123.74609375,79.859375,417.94921875,351.3046875,0.0,0.0,0.51171875,40.433616638183594
none,4,996,1.0,0.0,1.0,1.0,1.0,1.0,15.29296875,178.18359375,122.875,81.71484375,414.859375,349.40625,0.0,0.0,0.43359375,40.137794494628906
none,4,997,1.0,0.0,1.0,1.0,1.0,1.0,14.24609375,177.8203125,124.421875,78.30078125,414.5859375,353.35546875,0.0,0.0,0.390625,40.41985321044922
none,4,998,1.0,0.0,1.0,1.0,1.0,1.0,14.4609375,178.26171875,123.2578125,79.0,415.33203125,350.078125,0.0,0.0,0.44921875,40.217491149902344
none,4,999,1.0,0.0,1.0,1.0,1.0,1.0,14.14453125,178.73828125,122.8984375,77.61328125,418.9296875,348.30078125,0.0,0.0,0.4140625,40.42167663574219
