condition,seed,update,enforce,freeze,bonus_on,removal_on,hazard_on,coord_on,eat0,eat1,eat2,eat3,enc0,enc1,enc2,enc3,selectivity,prevalence,zaps,ret
none,0,0,1.0,0.0,1.0,1.0,1.0,1.0,24.4140625,26.5,24.15234375,24.08203125,196.796875,205.11328125,188.953125,193.79296875,0.0,0.0,17.73046875,-0.39481157064437866
none,0,1,1.0,0.0,1.0,1.0,1.0,1.0,26.5,27.71484375,25.39453125,24.59375,199.56640625,204.98046875,191.828125,184.51171875,0.0,0.0,17.38671875,-0.032037973403930664
none,0,2,1.0,0.0,1.0,1.0,1.0,1.0,27.84375,29.375,27.33984375,26.0859375,192.76953125,210.515625,196.6484375,187.1015625,0.0,0.0,17.1875,0.5935691595077515
none,0,3,1.0,0.0,1.0,1.0,1.0,1.0,29.08984375,30.42578125,28.32421875,28.1640625,195.44140625,205.40234375,192.94140625,195.37109375,0.0,0.0,16.578125,1.183297872543335
none,0,4,1.0,0.0,1.0,1.0,1.0,1.0,30.0625,32.8125,29.78125,28.98046875,189.94140625,212.4140625,194.109375,189.57421875,0.0,0.0,16.41015625,1.8590819835662842
none,0,5,1.0,0.0,1.0,1.0,1.0,1.0,31.4609375,32.80859375,30.82421875,31.796875,188.41796875,200.5859375,189.42578125,199.55078125,0.0,0.0,16.04296875,2.413553237915039
none,0,6,1.0,0.0,1.0,1.0,1.0,1.0,32.609375,34.875,31.6328125,33.0234375,188.42578125,201.46875,187.24609375,194.2421875,0.0,0.0,15.61328125,2.874959945678711
none,0,7,1.0,0.0,1.0,1.0,1.0,1.0,32.67578125,37.1484375,33.2734375,34.89453125,177.21484375,201.55078125,188.55078125,196.265625,0.0,0.0,15.29296875,3.8858633041381836
none,0,8,1.0,0.0,1.0,1.0,1.0,1.0,34.3515625,37.5546875,34.80859375,37.0390625,176.9296875,194.9609375,183.1796875,197.4609375,0.0,0.0,14.75390625,4.332917213439941
none,0,9,1.0,0.0,1.0,1.0,1.0,1.0,35.82421875,38.91796875,36.31640625,37.578125,177.27734375,191.046875,182.08203125,191.69140625,0.0,0.0,14.02734375,4.940883159637451
none,0,10,1.0,0.0,1.0,1.0,1.0,1.0,35.28515625,39.94921875,38.2421875,39.625,165.390625,186.57421875,179.98046875,189.09765625,0.0,0.0,13.671875,5.793904781341553
none,0,11,1.0,0.0,1.0,1.0,1.0,1.0,37.02734375,40.33984375,38.65234375,40.734375,163.4453125,179.015625,175.7578125,186.33984375,0.0,0.0,13.82421875,5.8614630699157715
none,0,12,1.0,0.0,1.0,1.0,1.0,1.0,36.8359375,42.26953125,39.28125,42.5859375,158.328125,179.9375,169.015625,185.4765625,0.0,0.0,12.96875,6.781741142272949
none,0,13,1.0,0.0,1.0,1.0,1.0,1.0,37.234375,42.44921875,40.9765625,44.0,153.34375,171.953125,166.2578125,181.59375,0.0,0.0,12.99609375,7.406452178955078
none,0,14,1.0,0.0,1.0,1.0,1.0,1.0,39.3125,42.57421875,42.3828125,45.8671875,155.43359375,165.78515625,165.140625,182.05078125,0.0,0.0,12.26171875,7.673149108886719
none,0,15,1.0,0.0,1.0,1.0,1.0,1.0,38.3203125,44.953125,41.1171875,46.56640625,149.0390625,168.94921875,157.75390625,180.2109375,0.0,0.0,12.0234375,8.198173522949219
none,0,16,1.0,0.0,1.0,1.0,1.0,1.0,40.0,44.75,43.21484375,46.9609375,152.42578125,163.484375,157.86328125,175.546875,0.0,0.0,11.6640625,8.20650863647461
none,0,17,1.0,0.0,1.0,1.0,1.0,1.0,39.515625,46.69921875,45.45703125,48.484375,147.3984375,167.97265625,162.53125,176.25390625,0.0,0.0,11.3984375,9.441375732421875
none,0,18,1.0,0.0,1.0,1.0,1.0,1.0,40.13671875,47.35546875,45.515625,47.92578125,148.3984375,167.6171875,157.80078125,173.21875,0.0,0.0,11.38671875,9.31950569152832
none,0,19,1.0,0.0,1.0,1.0,1.0,1.0,40.5625,48.609375,45.8515625,48.4140625,150.5390625,168.48046875,157.37109375,173.34765625,0.0,0.0,11.2890625,9.649479866027832
none,0,20,1.0,0.0,1.0,1.0,1.0,1.0,40.69140625,50.8203125,46.5234375,48.91015625,149.1875,173.73046875,157.87890625,169.80859375,0.0,0.0,10.9609375,10.236528396606445
none,0,21,1.0,0.0,1.0,1.0,1.0,1.0,39.78515625,49.77734375,47.0390625,49.95703125,144.921875,168.515625,158.3359375,176.09765625,0.0,0.0,11.09765625,10.520927429199219
none,0,22,1.0,0.0,1.0,1.0,1.0,1.0,40.15234375,51.5078125,48.078125,51.078125,144.4296875,171.8359375,158.25390625,176.9921875,0.0,0.0,10.80859375,11.1627836227417
none,0,23,1.0,0.0,1.0,1.0,1.0,1.0,39.28125,51.05859375,47.85546875,51.8203125,142.67578125,170.1796875,156.609375,176.96875,0.0,0.0,11.02734375,11.315532684326172
none,0,24,1.0,0.0,1.0,1.0,1.0,1.0,40.48828125,50.60546875,48.39453125,53.16015625,146.3359375,166.2109375,157.37109375,182.30078125,0.0,0.0,10.546875,11.530599594116211
none,0,25,1.0,0.0,1.0,1.0,1.0,1.0,40.65234375,52.484375,50.484375,51.9375,144.27734375,173.5390625,163.94921875,176.890625,0.0,0.0,10.22265625,12.030668258666992
none,0,26,1.0,0.0,1.0,1.0,1.0,1.0,40.84375,54.22265625,50.30859375,52.77734375,144.43359375,177.83984375,163.94140625,178.16015625,0.0,0.0,9.8984375,12.46738338470459
none,0,27,1.0,0.0,1.0,1.0,1.0,1.0,39.74609375,54.4609375,52.32421875,52.57421875,140.1953125,178.08203125,167.38671875,177.5859375,0.0,0.0,9.79296875,12.740439414978027
none,0,28,1.0,0.0,1.0,1.0,1.0,1.0,39.31640625,55.15234375,53.5390625,53.08203125,139.0625,180.88671875,170.75390625,178.70703125,0.0,0.0,9.5234375,13.519156455993652
none,0,29,1.0,0.0,1.0,1.0,1.0,1.0,39.578125,55.859375,53.5625,52.671875,139.03125,183.0078125,170.48828125,176.16015625,0.0,0.0,9.3125,13.630851745605469
none,0,30,1.0,0.0,1.0,1.0,1.0,1.0,39.109375,56.38671875,54.7734375,52.9453125,135.19921875,182.46875,172.8984375,176.2421875,0.0,0.0,9.04296875,13.990686416625977
none,0,31,1.0,0.0,1.0,1.0,1.0,1.0,39.6015625,57.5859375,55.24609375,52.6875,136.35546875,185.7421875,174.20703125,172.80859375,0.0,0.0,8.81640625,14.213375091552734
none,0,32,1.0,0.0,1.0,1.0,1.0,1.0,38.97265625,58.8984375,56.8984375,53.5234375,134.5078125,189.73046875,178.75390625,174.48046875,0.0,0.0,8.1953125,15.022231101989746
none,0,33,1.0,0.0,1.0,1.0,1.0,1.0,38.99609375,58.91015625,57.51953125,53.3828125,134.3046875,189.3671875,181.6015625,173.015625,0.0,0.0,8.15625,14.96351146697998
none,0,34,1.0,0.0,1.0,1.0,1.0,1.0,39.63671875,59.1953125,58.03125,53.66796875,133.4765625,190.984375,183.0078125,174.734375,0.0,0.0,7.7734375,15.288911819458008
none,0,35,1.0,0.0,1.0,1.0,1.0,1.0,40.109375,58.91796875,57.92578125,54.7734375,137.984375,189.5546875,182.5390625,179.10546875,0.0,0.0,7.5390625,15.199234008789062
none,0,36,1.0,0.0,1.0,1.0,1.0,1.0,41.125,59.55078125,59.42578125,52.80859375,139.87890625,192.39453125,189.84765625,172.87109375,0.0,0.0,7.671875,15.264037132263184
none,0,37,1.0,0.0,1.0,1.0,1.0,1.0,40.00390625,60.140625,58.9921875,54.859375,136.92578125,196.32421875,186.57421875,180.32421875,0.0,0.0,7.59765625,15.887164115905762
none,0,38,1.0,0.0,1.0,1.0,1.0,1.0,40.64453125,60.6640625,58.8125,55.49609375,138.140625,194.8984375,187.50390625,182.6328125,0.0,0.0,7.17578125,15.995780944824219
none,0,39,1.0,0.0,1.0,1.0,1.0,1.0,41.28515625,59.98046875,60.890625,55.19921875,139.00390625,192.03125,191.26953125,180.5078125,0.0,0.0,6.5546875,16.176313400268555
none,0,40,1.0,0.0,1.0,1.0,1.0,1.0,40.34375,61.5390625,59.23046875,55.640625,135.4765625,198.39453125,186.13671875,180.37890625,0.0,0.0,6.50390625,16.435176849365234
none,0,41,1.0,0.0,1.0,1.0,1.0,1.0,40.38671875,60.78125,61.27734375,56.19140625,135.08203125,194.59765625,192.03125,181.9140625,0.0,0.0,6.31640625,16.641212463378906
none,0,42,1.0,0.0,1.0,1.0,1.0,1.0,41.19140625,62.05859375,59.49609375,54.78515625,137.26171875,198.08984375,186.4921875,178.6328125,0.0,0.0,6.31640625,16.21329116821289
none,0,43,1.0,0.0,1.0,1.0,1.0,1.0,40.32421875,63.34375,61.2890625,56.70703125,135.4921875,203.359375,193.4921875,183.40625,0.0,0.0,5.7578125,17.332992553710938
none,0,44,1.0,0.0,1.0,1.0,1.0,1.0,39.984375,61.765625,62.15625,55.51171875,133.1171875,198.109375,193.12890625,178.3125,0.0,0.0,5.95703125,16.92461395263672
none,0,45,1.0,0.0,1.0,1.0,1.0,1.0,39.60546875,63.8203125,61.1640625,55.37109375,131.61328125,204.19140625,191.33203125,177.6640625,0.0,0.0,5.9140625,17.552595138549805
none,0,46,1.0,0.0,1.0,1.0,1.0,1.0,41.06640625,63.13671875,60.6171875,55.5859375,136.234375,204.80078125,189.88671875,177.89453125,0.0,0.0,5.98828125,16.980493545532227
none,0,47,1.0,0.0,1.0,1.0,1.0,1.0,39.94140625,62.3984375,62.3984375,56.2578125,132.97265625,201.9453125,197.0859375,183.0390625,0.0,0.0,5.234375,17.454242706298828
none,0,48,1.0,0.0,1.0,1.0,1.0,1.0,40.2421875,63.59765625,60.7734375,56.07421875,137.09375,205.98828125,192.49609375,183.44140625,0.0,0.0,5.37109375,17.321002960205078
none,0,49,1.0,0.0,1.0,1.0,1.0,1.0,39.56640625,62.7734375,61.91015625,56.69921875,135.90234375,204.2734375,196.921875,185.66796875,0.0,0.0,5.38671875,17.58403205871582
none,0,50,1.0,0.0,1.0,1.0,1.0,1.0,39.98828125,62.47265625,61.53515625,55.6328125,137.96875,204.49609375,195.890625,183.25,0.0,0.0,5.328125,17.08055877685547
none,0,51,1.0,0.0,1.0,1.0,1.0,1.0,39.984375,63.60546875,62.33984375,56.88671875,139.35546875,206.83203125,199.33984375,186.80859375,0.0,0.0,5.19140625,17.755672454833984
none,0,52,1.0,0.0,1.0,1.0,1.0,1.0,39.71484375,60.5859375,60.015625,58.078125,139.50390625,199.08203125,193.05859375,190.56640625,0.0,0.0,5.04296875,17.25052833557129
none,0,53,1.0,0.0,1.0,1.0,1.0,1.0,40.546875,59.69921875,60.29296875,57.74609375,142.98046875,196.484375,194.39453125,192.40234375,0.0,0.0,5.140625,16.90265464782715
none,0,54,1.0,0.0,1.0,1.0,1.0,1.0,38.75390625,60.17578125,60.55078125,56.7421875,136.734375,197.63671875,196.26953125,191.19921875,0.0,0.0,5.1171875,17.025083541870117
none,0,55,1.0,0.0,1.0,1.0,1.0,1.0,39.0546875,60.99609375,60.76953125,58.20703125,141.2265625,201.7578125,197.65234375,194.6640625,0.0,0.0,4.86328125,17.356449127197266
none,0,56,1.0,0.0,1.0,1.0,1.0,1.0,38.125,60.84765625,60.55078125,58.0546875,136.13671875,199.8828125,196.0234375,194.58203125,0.0,0.0,5.1484375,17.32068634033203
none,0,57,1.0,0.0,1.0,1.0,1.0,1.0,38.00390625,62.11328125,59.53515625,58.23046875,134.4375,204.34375,195.02734375,193.9921875,0.0,0.0,5.16015625,17.226882934570312
none,0,58,1.0,0.0,1.0,1.0,1.0,1.0,38.05078125,61.23828125,61.2734375,57.484375,135.33984375,200.40625,200.15234375,192.09765625,0.0,0.0,5.21875,17.306171417236328
none,0,59,1.0,0.0,1.0,1.0,1.0,1.0,38.64453125,60.43359375,59.6171875,58.3984375,137.9140625,200.46484375,195.98828125,195.39453125,0.0,0.0,5.24609375,17.065994262695312
none,0,60,1.0,0.0,1.0,1.0,1.0,1.0,38.8515625,60.21484375,59.88671875,58.2109375,137.19140625,198.24609375,196.515625,194.66796875,0.0,0.0,5.15234375,17.052642822265625
none,0,61,1.0,0.0,1.0,1.0,1.0,1.0,38.828125,60.66015625,60.96875,58.078125,137.36328125,199.58984375,197.81640625,192.3984375,0.0,0.0,5.19140625,17.36636734008789
none,0,62,1.0,0.0,1.0,1.0,1.0,1.0,38.8828125,60.2578125,59.71875,58.2421875,138.71875,197.921875,194.88671875,193.1953125,0.0,0.0,5.203125,17.152721405029297
none,0,63,1.0,0.0,1.0,1.0,1.0,1.0,37.85546875,61.5234375,59.40625,58.62890625,136.23046875,201.265625,192.44921875,194.015625,0.0,0.0,5.13671875,17.39584732055664
none,0,64,1.0,0.0,1.0,1.0,1.0,1.0,38.85546875,62.0625,60.7265625,57.625,137.296875,203.98046875,196.921875,190.6015625,0.0,0.0,5.21875,17.437593460083008
none,0,65,1.0,0.0,1.0,1.0,1.0,1.0,38.1875,62.34375,62.05859375,58.71875,136.30859375,205.546875,202.3359375,194.6328125,0.0,0.0,5.5546875,17.861099243164062
none,0,66,1.0,0.0,1.0,1.0,1.0,1.0,38.52734375,62.859375,59.87109375,58.05078125,138.03515625,206.203125,195.0234375,192.33203125,0.0,0.0,5.171875,17.59624481201172
none,0,67,1.0,0.0,1.0,1.0,1.0,1.0,39.05859375,63.1328125,60.39453125,58.48828125,138.8828125,206.70703125,195.0,194.33984375,0.0,0.0,5.53125,17.513790130615234
none,0,68,1.0,0.0,1.0,1.0,1.0,1.0,39.56640625,61.18359375,60.51171875,59.4765625,140.0625,200.15234375,195.01171875,195.359375,0.0,0.0,5.13671875,17.712207794189453
none,0,69,1.0,0.0,1.0,1.0,1.0,1.0,39.80859375,62.40625,60.75390625,59.50390625,140.9453125,203.359375,195.50390625,197.61328125,0.0,0.0,5.01171875,17.683990478515625
none,0,70,1.0,0.0,1.0,1.0,1.0,1.0,40.6015625,61.22265625,59.05859375,60.18359375,143.6953125,199.94921875,190.26171875,197.3828125,0.0,0.0,5.15234375,17.424335479736328
none,0,71,1.0,0.0,1.0,1.0,1.0,1.0,39.76171875,61.04296875,59.59375,59.00390625,139.83984375,196.98828125,190.46484375,194.58203125,0.0,0.0,5.140625,17.436710357666016
none,0,72,1.0,0.0,1.0,1.0,1.0,1.0,41.05859375,61.43359375,60.5859375,59.80078125,143.34765625,198.43359375,193.09765625,196.359375,0.0,0.0,4.80078125,17.398664474487305
none,0,73,1.0,0.0,1.0,1.0,1.0,1.0,39.7109375,62.25,61.05078125,59.15625,140.203125,202.16796875,195.8828125,193.046875,0.0,0.0,5.0078125,17.73491096496582
none,0,74,1.0,0.0,1.0,1.0,1.0,1.0,39.640625,61.50390625,60.47265625,59.9765625,139.796875,200.7890625,195.25,196.62890625,0.0,0.0,5.00390625,17.7705135345459
none,0,75,1.0,0.0,1.0,1.0,1.0,1.0,39.69140625,62.2578125,61.96484375,58.36328125,139.41015625,201.6640625,199.23046875,192.6796875,0.0,0.0,4.73046875,17.752477645874023
none,0,76,1.0,0.0,1.0,1.0,1.0,1.0,39.53125,60.15234375,61.4140625,59.41015625,138.8828125,194.9296875,198.1171875,192.9375,0.0,0.0,4.7890625,17.729358673095703
none,0,77,1.0,0.0,1.0,1.0,1.0,1.0,39.9765625,61.63671875,62.06640625,59.87890625,140.7109375,199.3984375,198.9453125,195.56640625,0.0,0.0,4.68359375,17.777341842651367
none,0,78,1.0,0.0,1.0,1.0,1.0,1.0,40.01171875,62.07421875,62.3125,58.57421875,142.171875,201.78125,200.9765625,192.94140625,0.0,0.0,4.6015625,17.772069931030273
none,0,79,1.0,0.0,1.0,1.0,1.0,1.0,40.41796875,60.4296875,62.77734375,59.61328125,141.57421875,197.5546875,202.94921875,195.71484375,0.0,0.0,4.78515625,17.731292724609375
none,0,80,1.0,0.0,1.0,1.0,1.0,1.0,40.51953125,61.2265625,62.7109375,58.921875,143.12890625,198.59765625,201.58203125,193.96484375,0.0,0.0,4.84375,17.83061981201172
none,0,81,1.0,0.0,1.0,1.0,1.0,1.0,39.79296875,60.18359375,62.05859375,60.4296875,139.3828125,195.81640625,199.12109375,198.8359375,0.0,0.0,4.80078125,17.781002044677734
none,0,82,1.0,0.0,1.0,1.0,1.0,1.0,40.0078125,60.44140625,61.71484375,59.26171875,140.45703125,195.7578125,197.19140625,194.94921875,0.0,0.0,4.82421875,17.80369758605957
none,0,83,1.0,0.0,1.0,1.0,1.0,1.0,39.58984375,61.85546875,62.38671875,59.93359375,139.86328125,198.640625,200.04296875,195.55859375,0.0,0.0,4.76953125,18.140483856201172
none,0,84,1.0,0.0,1.0,1.0,1.0,1.0,39.38671875,60.625,62.34765625,61.046875,137.67578125,195.08203125,200.51171875,200.1484375,0.0,0.0,4.71875,18.103408813476562
none,0,85,1.0,0.0,1.0,1.0,1.0,1.0,39.73046875,61.5078125,63.0078125,59.4140625,137.87109375,198.265625,202.28125,191.8515625,0.0,0.0,4.39453125,18.108936309814453
none,0,86,1.0,0.0,1.0,1.0,1.0,1.0,38.73828125,61.89453125,62.53515625,59.01953125,133.2734375,198.0703125,199.98828125,191.3984375,0.0,0.0,4.5625,18.185781478881836
none,0,87,1.0,0.0,1.0,1.0,1.0,1.0,39.9296875,63.3984375,61.8359375,59.69921875,137.37109375,202.31640625,196.66796875,194.1171875,0.0,0.0,4.5390625,18.327129364013672
none,0,88,1.0,0.0,1.0,1.0,1.0,1.0,40.09375,62.85546875,62.0546875,60.60546875,138.44140625,199.01171875,197.28515625,196.45703125,0.0,0.0,4.34375,18.266643524169922
none,0,89,1.0,0.0,1.0,1.0,1.0,1.0,40.22265625,61.92578125,61.81640625,60.13671875,138.5546875,196.77734375,195.32421875,194.3984375,0.0,0.0,4.4765625,18.005998611450195
none,0,90,1.0,0.0,1.0,1.0,1.0,1.0,40.34375,62.7578125,61.953125,59.99609375,138.97265625,198.4296875,195.68359375,192.984375,0.0,0.0,4.55078125,18.259458541870117
none,0,91,1.0,0.0,1.0,1.0,1.0,1.0,40.54296875,62.84375,60.52734375,61.453125,140.953125,199.6875,192.22265625,199.04296875,0.0,0.0,4.2890625,18.21088409423828
none,0,92,1.0,0.0,1.0,1.0,1.0,1.0,40.79296875,60.9375,62.36328125,62.4140625,140.66015625,193.17578125,197.640625,203.06640625,0.0,0.0,4.5625,18.2081298828125
none,0,93,1.0,0.0,1.0,1.0,1.0,1.0,40.0546875,62.62890625,61.62890625,60.51953125,138.41796875,199.7734375,196.1875,197.04296875,0.0,0.0,4.31640625,18.338451385498047
none,0,94,1.0,0.0,1.0,1.0,1.0,1.0,39.34375,62.7109375,61.87890625,61.65625,137.515625,198.01953125,195.9921875,200.41796875,0.0,0.0,4.4375,18.621633529663086
none,0,95,1.0,0.0,1.0,1.0,1.0,1.0,41.01953125,60.64453125,62.89453125,62.50390625,142.8828125,192.21484375,198.31640625,203.890625,0.0,0.0,4.2890625,18.387062072753906
none,0,96,1.0,0.0,1.0,1.0,1.0,1.0,41.80078125,62.09765625,61.96484375,61.63671875,144.3359375,197.0625,196.16796875,200.984375,0.0,0.0,4.21875,18.16629981994629
none,0,97,1.0,0.0,1.0,1.0,1.0,1.0,39.14453125,63.04296875,62.63671875,61.01953125,137.7578125,200.1484375,197.51953125,197.5078125,0.0,0.0,4.15625,18.75177574157715
none,0,98,1.0,0.0,1.0,1.0,1.0,1.0,38.83984375,62.90625,61.89453125,61.16015625,135.74609375,198.953125,196.5703125,198.17578125,0.0,0.0,4.1640625,18.76600456237793
none,0,99,1.0,0.0,1.0,1.0,1.0,1.0,40.390625,62.5234375,63.4375,60.64453125,140.7578125,198.38671875,200.0859375,196.8671875,0.0,0.0,4.0625,18.397010803222656
none,0,100,1.0,0.0,1.0,1.0,1.0,1.0,40.03125,63.23828125,62.328125,62.67578125,138.703125,200.4453125,196.90234375,203.171875,0.0,0.0,4.1953125,18.921682357788086
none,0,101,1.0,0.0,1.0,1.0,1.0,1.0,39.3125,62.39453125,64.66796875,60.890625,137.4140625,196.9140625,203.5390625,196.90625,0.0,0.0,3.76171875,19.022720336914062
none,0,102,1.0,0.0,1.0,1.0,1.0,1.0,39.015625,64.7578125,62.62890625,59.91796875,135.24609375,204.4609375,199.23828125,193.87109375,0.0,0.0,4.02734375,18.894893646240234
none,0,103,1.0,0.0,1.0,1.0,1.0,1.0,39.4921875,63.96484375,63.8828125,60.16015625,138.15625,201.83984375,201.44921875,195.61328125,0.0,0.0,3.734375,18.97509765625
none,0,104,1.0,0.0,1.0,1.0,1.0,1.0,40.38671875,63.42578125,62.82421875,60.97265625,141.89453125,201.32421875,198.828125,197.421875,0.0,0.0,3.78515625,18.696956634521484
none,0,105,1.0,0.0,1.0,1.0,1.0,1.0,39.1015625,63.50390625,62.7265625,60.62890625,138.55859375,202.90625,198.44140625,197.16796875,0.0,0.0,3.5546875,18.768688201904297
none,0,106,1.0,0.0,1.0,1.0,1.0,1.0,39.31640625,63.83203125,64.3359375,60.57421875,137.40234375,202.73828125,202.41796875,195.34375,0.0,0.0,3.75,19.176342010498047
none,0,107,1.0,0.0,1.0,1.0,1.0,1.0,39.984375,63.62109375,61.890625,59.80078125,141.04296875,203.08984375,195.9765625,193.890625,0.0,0.0,3.78125,18.452688217163086
none,0,108,1.0,0.0,1.0,1.0,1.0,1.0,38.26171875,64.24609375,61.91015625,59.75,134.88671875,204.45703125,196.375,193.28515625,0.0,0.0,3.6953125,18.834707260131836
none,0,109,1.0,0.0,1.0,1.0,1.0,1.0,40.41796875,63.90625,63.38671875,59.86328125,141.32421875,202.5546875,201.109375,195.03515625,0.0,0.0,3.72265625,18.811809539794922
none,0,110,1.0,0.0,1.0,1.0,1.0,1.0,39.3828125,64.16796875,63.859375,60.12890625,138.55859375,203.4375,202.11328125,194.1953125,0.0,0.0,3.7421875,18.97079086303711
none,0,111,1.0,0.0,1.0,1.0,1.0,1.0,38.29296875,65.05859375,64.140625,59.7734375,136.60546875,205.2265625,201.49609375,192.59765625,0.0,0.0,3.72265625,19.242517471313477
none,0,112,1.0,0.0,1.0,1.0,1.0,1.0,38.57421875,62.6328125,63.84375,61.23046875,136.5078125,199.63671875,201.8984375,198.9296875,0.0,0.0,3.76953125,19.16695785522461
none,0,113,1.0,0.0,1.0,1.0,1.0,1.0,39.21484375,62.87109375,63.38671875,61.6328125,138.375,200.71875,198.8046875,197.65625,0.0,0.0,3.625,19.071102142333984
none,0,114,1.0,0.0,1.0,1.0,1.0,1.0,39.26953125,62.77734375,62.76171875,62.80859375,138.8203125,198.08984375,197.1640625,201.19140625,0.0,0.0,3.625,19.254009246826172
none,0,115,1.0,0.0,1.0,1.0,1.0,1.0,39.484375,63.21875,64.8046875,62.7265625,140.0390625,200.09375,203.1015625,203.2421875,0.0,0.0,3.32421875,19.433637619018555
none,0,116,1.0,0.0,1.0,1.0,1.0,1.0,38.8203125,64.171875,63.38671875,62.70703125,136.75,205.0625,198.32421875,200.21875,0.0,0.0,3.62109375,19.52356719970703
none,0,117,1.0,0.0,1.0,1.0,1.0,1.0,39.58203125,63.3984375,64.22265625,61.5234375,140.22265625,201.33984375,201.25390625,196.0546875,0.0,0.0,3.55859375,19.137218475341797
none,0,118,1.0,0.0,1.0,1.0,1.0,1.0,39.57421875,64.22265625,64.0546875,61.99609375,139.609375,201.26171875,199.90625,197.49609375,0.0,0.0,3.44140625,19.581802368164062
none,0,119,1.0,0.0,1.0,1.0,1.0,1.0,39.22265625,64.48828125,64.640625,61.37890625,139.0078125,203.92578125,200.85546875,195.875,0.0,0.0,3.3125,19.649084091186523
none,0,120,1.0,0.0,1.0,1.0,1.0,1.0,38.4921875,64.67578125,63.94140625,62.015625,136.94921875,204.66796875,200.109375,198.75,0.0,0.0,3.421875,19.858022689819336
none,0,121,1.0,0.0,1.0,1.0,1.0,1.0,38.609375,65.37890625,64.66796875,62.8671875,136.6640625,205.15625,201.5078125,199.37890625,0.0,0.0,3.55078125,19.879131317138672
none,0,122,1.0,0.0,1.0,1.0,1.0,1.0,38.08984375,65.515625,63.93359375,61.6796875,136.2578125,205.3046875,198.98828125,198.2265625,0.0,0.0,3.26171875,20.049251556396484
none,0,123,1.0,0.0,1.0,1.0,1.0,1.0,38.8515625,65.41796875,64.04296875,61.7109375,139.109375,207.8203125,199.96484375,199.16015625,0.0,0.0,3.3125,19.647449493408203
none,0,124,1.0,0.0,1.0,1.0,1.0,1.0,38.859375,65.64453125,64.34765625,62.46484375,139.59375,208.17578125,203.0859375,200.2578125,0.0,0.0,3.38671875,19.967721939086914
none,0,125,1.0,0.0,1.0,1.0,1.0,1.0,38.53125,64.96875,64.83984375,61.94921875,138.70703125,205.84765625,203.38671875,199.53515625,0.0,0.0,3.2421875,19.949966430664062
none,0,126,1.0,0.0,1.0,1.0,1.0,1.0,38.53125,64.4609375,65.05859375,62.1484375,138.796875,204.375,203.55859375,199.78515625,0.0,0.0,3.43359375,19.900928497314453
none,0,127,1.0,0.0,1.0,1.0,1.0,1.0,38.4609375,65.4765625,64.6953125,61.65234375,137.9453125,206.43359375,203.28125,197.94140625,0.0,0.0,3.2265625,20.052471160888672
none,0,128,1.0,0.0,1.0,1.0,1.0,1.0,38.1796875,65.8203125,64.37109375,61.9765625,137.71484375,207.4375,201.078125,198.5390625,0.0,0.0,3.34765625,19.985721588134766
none,0,129,1.0,0.0,1.0,1.0,1.0,1.0,37.31640625,66.2109375,64.3125,61.7109375,134.6796875,209.23046875,200.0859375,197.7421875,0.0,0.0,3.22265625,20.044971466064453
none,0,130,1.0,0.0,1.0,1.0,1.0,1.0,38.63671875,65.1171875,64.59375,62.66796875,138.87890625,204.6640625,201.71484375,200.74609375,0.0,0.0,3.3359375,20.038715362548828
none,0,131,1.0,0.0,1.0,1.0,1.0,1.0,38.109375,66.5234375,64.16796875,62.625,138.21875,210.75390625,201.10546875,200.1015625,0.0,0.0,3.18359375,20.229290008544922
none,0,132,1.0,0.0,1.0,1.0,1.0,1.0,37.9296875,65.86328125,64.765625,62.79296875,136.89453125,208.640625,200.9453125,199.95703125,0.0,0.0,3.3359375,20.197586059570312
none,0,133,1.0,0.0,1.0,1.0,1.0,1.0,37.59375,64.21875,65.15625,63.76171875,136.64453125,202.12890625,204.0,204.20703125,0.0,0.0,3.20703125,20.307682037353516
none,0,134,1.0,0.0,1.0,1.0,1.0,1.0,37.6640625,66.171875,65.55859375,62.4453125,135.7109375,206.9453125,203.69140625,198.95703125,0.0,0.0,2.8828125,20.468656539916992
none,0,135,1.0,0.0,1.0,1.0,1.0,1.0,36.765625,65.953125,65.34765625,61.82421875,133.96875,206.484375,204.23046875,198.45703125,0.0,0.0,3.171875,20.473712921142578
none,0,136,1.0,0.0,1.0,1.0,1.0,1.0,35.94921875,65.4140625,66.31640625,63.57421875,130.87109375,205.23828125,205.5703125,202.65234375,0.0,0.0,3.125,20.900663375854492
none,0,137,1.0,0.0,1.0,1.0,1.0,1.0,37.09765625,67.0703125,65.90625,63.08984375,132.88671875,210.80859375,203.89453125,200.55859375,0.0,0.0,2.93359375,20.719223022460938
none,0,138,1.0,0.0,1.0,1.0,1.0,1.0,36.7890625,67.16796875,64.515625,63.91796875,133.234375,210.85546875,199.78125,203.11328125,0.0,0.0,3.02734375,20.964004516601562
none,0,139,1.0,0.0,1.0,1.0,1.0,1.0,37.921875,67.953125,64.55859375,62.59375,137.40625,214.58203125,200.27734375,198.06640625,0.0,0.0,3.0390625,20.631502151489258
none,0,140,1.0,0.0,1.0,1.0,1.0,1.0,37.09375,67.1328125,66.48046875,63.6796875,133.4375,211.02734375,206.65625,204.109375,0.0,0.0,2.98046875,21.130918502807617
none,0,141,1.0,0.0,1.0,1.0,1.0,1.0,37.453125,66.3359375,65.58984375,62.8828125,135.80078125,209.2734375,203.21875,200.16015625,0.0,0.0,2.94921875,20.647666931152344
none,0,142,1.0,0.0,1.0,1.0,1.0,1.0,36.921875,66.5859375,66.26953125,63.8984375,134.90234375,209.17578125,206.17578125,204.15234375,0.0,0.0,2.79296875,21.024524688720703
none,0,143,1.0,0.0,1.0,1.0,1.0,1.0,36.515625,68.55078125,66.63671875,64.4609375,133.203125,214.16015625,205.3671875,205.72265625,0.0,0.0,2.8515625,21.347394943237305
none,0,144,1.0,0.0,1.0,1.0,1.0,1.0,36.83203125,67.80078125,65.359375,64.6875,134.98046875,213.19140625,204.1484375,206.02734375,0.0,0.0,2.85546875,21.185237884521484
none,0,145,1.0,0.0,1.0,1.0,1.0,1.0,35.87109375,69.15625,66.12109375,63.80078125,131.125,216.33203125,204.5703125,203.5390625,0.0,0.0,2.74609375,21.62188720703125
none,0,146,1.0,0.0,1.0,1.0,1.0,1.0,36.9609375,68.16796875,65.07421875,62.671875,135.36328125,216.5859375,200.75390625,200.9921875,0.0,0.0,2.7578125,21.05811882019043
none,0,147,1.0,0.0,1.0,1.0,1.0,1.0,35.91015625,68.05859375,66.62890625,63.62109375,131.7421875,213.02734375,207.36328125,202.046875,0.0,0.0,2.65234375,21.50616455078125
none,0,148,1.0,0.0,1.0,1.0,1.0,1.0,35.8984375,68.125,67.265625,64.26171875,131.37109375,213.56640625,209.015625,203.8671875,0.0,0.0,2.65625,21.65582847595215
none,0,149,1.0,0.0,1.0,1.0,1.0,1.0,35.5859375,67.87109375,68.84765625,64.61328125,130.4453125,213.78515625,212.7734375,204.6171875,0.0,0.0,2.6953125,21.972257614135742
none,0,150,1.0,0.0,1.0,1.0,1.0,1.0,35.77734375,66.15625,67.25390625,65.37109375,131.88671875,208.109375,208.84765625,207.44140625,0.0,0.0,2.5703125,21.622732162475586
none,0,151,1.0,0.0,1.0,1.0,1.0,1.0,35.3046875,66.828125,68.671875,64.73046875,130.33203125,209.94921875,213.5,206.1796875,0.0,0.0,2.54296875,21.954130172729492
none,0,152,1.0,0.0,1.0,1.0,1.0,1.0,36.09375,67.234375,67.21875,65.53515625,132.63671875,211.26171875,208.7265625,208.5625,0.0,0.0,2.65234375,21.71954345703125
none,0,153,1.0,0.0,1.0,1.0,1.0,1.0,35.9765625,67.39453125,68.5703125,64.109375,132.83984375,210.0546875,211.03515625,203.91796875,0.0,0.0,2.61328125,21.892715454101562
none,0,154,1.0,0.0,1.0,1.0,1.0,1.0,35.6015625,67.77734375,69.44921875,64.18359375,132.63671875,212.36328125,214.58984375,202.8984375,0.0,0.0,2.40234375,22.279449462890625
none,0,155,1.0,0.0,1.0,1.0,1.0,1.0,34.8515625,69.83984375,68.3359375,64.1796875,130.1015625,217.734375,212.98828125,205.84765625,0.0,0.0,2.42578125,22.5042724609375
none,0,156,1.0,0.0,1.0,1.0,1.0,1.0,35.03515625,69.875,66.671875,64.30078125,131.70703125,217.953125,204.82421875,204.390625,0.0,0.0,2.546875,22.128795623779297
none,0,157,1.0,0.0,1.0,1.0,1.0,1.0,34.91796875,68.51171875,67.37890625,65.2734375,130.0703125,213.8671875,207.9140625,209.328125,0.0,0.0,2.59765625,22.32326889038086
none,0,158,1.0,0.0,1.0,1.0,1.0,1.0,35.2109375,69.5859375,67.89453125,65.54296875,131.59765625,218.05859375,208.875,208.78125,0.0,0.0,2.44140625,22.575206756591797
none,0,159,1.0,0.0,1.0,1.0,1.0,1.0,33.9765625,67.984375,68.34375,67.0546875,127.94140625,211.69140625,210.3125,212.38671875,0.0,0.0,2.453125,22.57219696044922
none,0,160,1.0,0.0,1.0,1.0,1.0,1.0,35.19921875,69.6328125,68.62890625,65.1640625,131.56640625,214.62109375,211.05078125,207.72265625,0.0,0.0,2.3984375,22.447256088256836
none,0,161,1.0,0.0,1.0,1.0,1.0,1.0,34.03515625,69.0546875,68.796875,66.62890625,127.4453125,213.94921875,210.66015625,212.32421875,0.0,0.0,2.21875,23.088043212890625
none,0,162,1.0,0.0,1.0,1.0,1.0,1.0,33.9765625,68.515625,68.23046875,66.26953125,127.08984375,211.1953125,209.4609375,209.7265625,0.0,0.0,2.33984375,22.69614028930664
none,0,163,1.0,0.0,1.0,1.0,1.0,1.0,33.24609375,68.5390625,70.09375,66.13671875,125.84765625,211.3828125,213.92578125,208.32421875,0.0,0.0,2.33203125,22.962413787841797
none,0,164,1.0,0.0,1.0,1.0,1.0,1.0,34.69921875,69.82421875,69.78515625,64.83984375,128.09375,217.04296875,212.91015625,204.234375,0.0,0.0,2.234375,22.966503143310547
none,0,165,1.0,0.0,1.0,1.0,1.0,1.0,34.3828125,68.80078125,68.984375,64.59375,127.83984375,213.0390625,212.17578125,203.44140625,0.0,0.0,2.36328125,22.6109676361084
none,0,166,1.0,0.0,1.0,1.0,1.0,1.0,33.7265625,69.85546875,70.25,65.32421875,127.2890625,217.33984375,215.734375,205.06640625,0.0,0.0,2.2734375,23.137191772460938
none,0,167,1.0,0.0,1.0,1.0,1.0,1.0,33.89453125,71.3203125,69.21875,64.4296875,128.703125,221.4921875,213.703125,203.9375,0.0,0.0,2.32421875,23.185531616210938
none,0,168,1.0,0.0,1.0,1.0,1.0,1.0,34.08984375,69.765625,69.6015625,66.2109375,129.03515625,216.15625,214.5625,209.09375,0.0,0.0,2.21875,23.277019500732422
none,0,169,1.0,0.0,1.0,1.0,1.0,1.0,34.12109375,71.9765625,69.12109375,65.2734375,128.12109375,222.54296875,214.40625,206.02734375,0.0,0.0,2.234375,23.17456817626953
none,0,170,1.0,0.0,1.0,1.0,1.0,1.0,33.8515625,71.54296875,69.4140625,65.71484375,128.18359375,221.17578125,215.05859375,207.859375,0.0,0.0,2.296875,23.329153060913086
none,0,171,1.0,0.0,1.0,1.0,1.0,1.0,34.515625,70.51171875,69.3671875,65.3984375,130.51953125,218.33984375,213.00390625,208.3046875,0.0,0.0,2.25390625,23.035030364990234
none,0,172,1.0,0.0,1.0,1.0,1.0,1.0,33.4453125,70.31640625,71.12890625,65.46875,128.39453125,220.71484375,218.59375,210.59765625,0.0,0.0,2.1484375,23.500333786010742
none,0,173,1.0,0.0,1.0,1.0,1.0,1.0,32.91015625,69.5,70.94921875,66.48046875,126.1015625,217.078125,218.86328125,211.76953125,0.0,0.0,2.15625,23.593868255615234
none,0,174,1.0,0.0,1.0,1.0,1.0,1.0,33.05859375,69.66015625,70.7734375,65.7734375,128.65234375,219.04296875,220.1796875,210.5078125,0.0,0.0,2.11328125,23.63845443725586
none,0,175,1.0,0.0,1.0,1.0,1.0,1.0,32.6015625,69.12109375,71.03515625,65.7578125,125.5078125,216.69140625,220.19140625,209.91796875,0.0,0.0,2.14453125,23.61998748779297
none,0,176,1.0,0.0,1.0,1.0,1.0,1.0,32.2421875,71.1015625,72.34765625,65.6875,125.29296875,221.296875,222.734375,209.8515625,0.0,0.0,2.03515625,24.06396484375
none,0,177,1.0,0.0,1.0,1.0,1.0,1.0,32.77734375,70.3203125,72.57421875,66.5546875,125.328125,217.890625,223.99609375,210.39453125,0.0,0.0,2.0,24.247379302978516
none,0,178,1.0,0.0,1.0,1.0,1.0,1.0,31.89453125,71.4296875,71.4609375,64.94140625,124.3828125,221.9609375,219.6875,207.15625,0.0,0.0,1.99609375,23.971324920654297
none,0,179,1.0,0.0,1.0,1.0,1.0,1.0,32.421875,70.66015625,72.8984375,65.65625,124.9453125,217.90625,224.61328125,205.7265625,0.0,0.0,1.984375,24.216482162475586
none,0,180,1.0,0.0,1.0,1.0,1.0,1.0,33.06640625,70.75390625,71.6640625,67.2578125,127.78125,219.6640625,219.125,210.55859375,0.0,0.0,2.21875,24.097557067871094
none,0,181,1.0,0.0,1.0,1.0,1.0,1.0,32.78515625,73.375,70.953125,65.84765625,127.5,227.53125,216.39453125,207.5,0.0,0.0,1.95703125,24.315221786499023
none,0,182,1.0,0.0,1.0,1.0,1.0,1.0,32.38671875,72.62109375,71.4765625,64.69921875,126.48828125,223.4765625,217.84375,202.9296875,0.0,0.0,2.07421875,24.25958251953125
none,0,183,1.0,0.0,1.0,1.0,1.0,1.0,32.56640625,72.125,71.39453125,66.47265625,125.328125,221.91015625,217.7421875,207.72265625,0.0,0.0,2.078125,24.22450828552246
none,0,184,1.0,0.0,1.0,1.0,1.0,1.0,32.6484375,73.04296875,72.66015625,65.84765625,126.5625,225.58984375,221.046875,204.76953125,0.0,0.0,1.91796875,24.448406219482422
none,0,185,1.0,0.0,1.0,1.0,1.0,1.0,32.31640625,72.67578125,71.44140625,66.7265625,124.77734375,223.59765625,217.7265625,208.21484375,0.0,0.0,1.9140625,24.445781707763672
none,0,186,1.0,0.0,1.0,1.0,1.0,1.0,32.76953125,72.2578125,71.71484375,67.4609375,126.45703125,224.44921875,219.1796875,209.0625,0.0,0.0,2.0546875,24.691631317138672
none,0,187,1.0,0.0,1.0,1.0,1.0,1.0,32.56640625,71.421875,73.203125,66.69140625,126.62890625,221.96875,222.2890625,206.73046875,0.0,0.0,1.984375,24.336088180541992
none,0,188,1.0,0.0,1.0,1.0,1.0,1.0,32.33203125,73.46875,72.56640625,66.171875,125.0234375,227.5859375,220.26171875,206.28515625,0.0,0.0,1.69140625,24.720867156982422
none,0,189,1.0,0.0,1.0,1.0,1.0,1.0,31.93359375,73.1171875,72.98828125,66.50390625,124.3046875,225.15625,220.2578125,206.55078125,0.0,0.0,1.91796875,24.83144760131836
none,0,190,1.0,0.0,1.0,1.0,1.0,1.0,31.91796875,72.4375,74.12890625,65.76953125,124.2265625,223.45703125,224.85546875,202.640625,0.0,0.0,1.98828125,24.84273910522461
none,0,191,1.0,0.0,1.0,1.0,1.0,1.0,32.69140625,74.31640625,73.38671875,66.140625,126.5,226.640625,221.75,203.7265625,0.0,0.0,1.859375,25.06378746032715
none,0,192,1.0,0.0,1.0,1.0,1.0,1.0,32.01953125,73.23828125,73.578125,66.38671875,124.32421875,224.73828125,221.5390625,206.99609375,0.0,0.0,1.70703125,24.922592163085938
none,0,193,1.0,0.0,1.0,1.0,1.0,1.0,31.078125,74.83984375,74.66796875,64.7265625,120.296875,230.1171875,224.4375,199.0859375,0.0,0.0,1.77734375,25.228384017944336
none,0,194,1.0,0.0,1.0,1.0,1.0,1.0,32.1171875,73.37109375,75.1328125,67.12109375,122.890625,223.90625,225.1796875,207.4921875,0.0,0.0,1.7578125,25.3775691986084
none,0,195,1.0,0.0,1.0,1.0,1.0,1.0,31.74609375,73.8984375,74.03515625,66.05078125,121.515625,225.3828125,222.4765625,203.67578125,0.0,0.0,1.578125,25.1844482421875
none,0,196,1.0,0.0,1.0,1.0,1.0,1.0,31.546875,74.06640625,74.56640625,66.44921875,120.9140625,226.0390625,224.29296875,206.36328125,0.0,0.0,1.71484375,25.49258041381836
none,0,197,1.0,0.0,1.0,1.0,1.0,1.0,32.58203125,71.7421875,75.125,68.05859375,125.5625,219.1015625,224.9921875,209.4453125,0.0,0.0,1.8515625,25.131847381591797
none,0,198,1.0,0.0,1.0,1.0,1.0,1.0,31.72265625,74.30859375,74.6953125,67.671875,122.51953125,225.7890625,223.23046875,210.609375,0.0,0.0,1.72265625,25.56630516052246
none,0,199,1.0,0.0,1.0,1.0,1.0,1.0,31.671875,72.57421875,74.4921875,67.578125,123.1171875,220.5546875,223.5625,209.48046875,0.0,0.0,1.7421875,25.437429428100586
none,0,200,1.0,0.0,1.0,1.0,1.0,1.0,32.1015625,73.0078125,73.1328125,68.5078125,125.89453125,222.56640625,218.9921875,211.8515625,0.0,0.0,1.6953125,25.252456665039062
none,0,201,1.0,0.0,1.0,1.0,1.0,1.0,31.73828125,74.0,73.94921875,67.8125,124.43359375,223.984375,221.53515625,209.19921875,0.0,0.0,1.7421875,25.362300872802734
none,0,202,1.0,0.0,1.0,1.0,1.0,1.0,32.1953125,73.0546875,74.51171875,68.47265625,124.77734375,222.05859375,222.5625,211.05078125,0.0,0.0,1.55078125,25.487197875976562
none,0,203,1.0,0.0,1.0,1.0,1.0,1.0,31.92578125,73.3515625,75.19140625,67.71875,125.453125,221.7734375,224.39453125,208.28125,0.0,0.0,1.60546875,25.52865982055664
none,0,204,1.0,0.0,1.0,1.0,1.0,1.0,31.140625,73.12890625,76.0390625,68.02734375,121.7421875,221.65625,226.53515625,209.25390625,0.0,0.0,1.578125,25.868946075439453
none,0,205,1.0,0.0,1.0,1.0,1.0,1.0,31.96875,72.4765625,75.6328125,67.3359375,124.984375,219.640625,227.390625,206.76171875,0.0,0.0,1.6328125,25.443065643310547
none,0,206,1.0,0.0,1.0,1.0,1.0,1.0,31.1484375,74.53515625,77.40625,65.171875,121.640625,227.625,231.58203125,199.8046875,0.0,0.0,1.5703125,25.86804962158203
none,0,207,1.0,0.0,1.0,1.0,1.0,1.0,30.67578125,74.23046875,76.5703125,66.91015625,120.81640625,226.76953125,230.1328125,206.578125,0.0,0.0,1.41796875,25.925186157226562
none,0,208,1.0,0.0,1.0,1.0,1.0,1.0,31.78515625,74.16796875,75.4609375,66.61328125,123.625,225.59375,227.24609375,205.0625,0.0,0.0,1.63671875,25.549659729003906
none,0,209,1.0,0.0,1.0,1.0,1.0,1.0,31.57421875,73.80078125,74.8359375,68.296875,124.3984375,227.07421875,225.5078125,211.6875,0.0,0.0,1.67578125,25.5476131439209
none,0,210,1.0,0.0,1.0,1.0,1.0,1.0,31.89453125,73.625,74.6171875,68.39453125,125.16796875,226.66796875,223.9140625,210.328125,0.0,0.0,1.640625,25.54119873046875
none,0,211,1.0,0.0,1.0,1.0,1.0,1.0,32.34375,73.8203125,74.9765625,68.6328125,127.171875,225.2421875,226.5625,212.8046875,0.0,0.0,1.64453125,25.876882553100586
none,0,212,1.0,0.0,1.0,1.0,1.0,1.0,32.5390625,74.37109375,74.828125,68.47265625,124.83984375,227.390625,223.1796875,209.7734375,0.0,0.0,1.52734375,25.818410873413086
none,0,213,1.0,0.0,1.0,1.0,1.0,1.0,32.3203125,72.44921875,75.83984375,68.72265625,126.296875,221.296875,228.07421875,212.2421875,0.0,0.0,1.59375,25.586467742919922
none,0,214,1.0,0.0,1.0,1.0,1.0,1.0,31.734375,72.56640625,75.28125,70.12890625,124.99609375,221.10546875,226.58984375,214.57421875,0.0,0.0,1.6484375,25.86592674255371
none,0,215,1.0,0.0,1.0,1.0,1.0,1.0,31.6640625,72.95703125,76.0625,70.8984375,124.671875,221.984375,229.37109375,218.57421875,0.0,0.0,1.44140625,26.17457389831543
none,0,216,1.0,0.0,1.0,1.0,1.0,1.0,30.66796875,74.484375,77.578125,69.375,119.703125,226.546875,231.69921875,213.296875,0.0,0.0,1.37890625,26.74544334411621
none,0,217,1.0,0.0,1.0,1.0,1.0,1.0,31.4921875,74.1640625,76.5546875,70.68359375,122.98828125,225.71484375,227.2109375,217.40625,0.0,0.0,1.35546875,26.474136352539062
none,0,218,1.0,0.0,1.0,1.0,1.0,1.0,31.15234375,73.76953125,76.3515625,69.80078125,123.05078125,224.64453125,228.83984375,215.078125,0.0,0.0,1.421875,26.47064781188965
none,0,219,1.0,0.0,1.0,1.0,1.0,1.0,29.92578125,74.13671875,76.25,69.6953125,118.921875,224.85546875,228.2265625,214.00390625,0.0,0.0,1.515625,26.49275779724121
none,0,220,1.0,0.0,1.0,1.0,1.0,1.0,30.5859375,74.05078125,75.3046875,70.359375,120.125,225.33984375,225.98828125,215.28515625,0.0,0.0,1.328125,26.256866455078125
none,0,221,1.0,0.0,1.0,1.0,1.0,1.0,31.41015625,74.82421875,77.65234375,68.21484375,123.37890625,227.7890625,230.9453125,209.26171875,0.0,0.0,1.4921875,26.53517723083496
none,0,222,1.0,0.0,1.0,1.0,1.0,1.0,31.1796875,75.7421875,76.51953125,68.70703125,122.95703125,231.6640625,228.32421875,209.296875,0.0,0.0,1.3671875,26.449398040771484
none,0,223,1.0,0.0,1.0,1.0,1.0,1.0,30.5,74.9375,78.1875,68.92578125,120.91015625,228.28515625,232.90234375,211.046875,0.0,0.0,1.3671875,26.861562728881836
none,0,224,1.0,0.0,1.0,1.0,1.0,1.0,30.53515625,74.87890625,78.52734375,68.63671875,121.58203125,228.3515625,235.38671875,210.38671875,0.0,0.0,1.4140625,26.96021842956543
none,0,225,1.0,0.0,1.0,1.0,1.0,1.0,30.9921875,75.12890625,78.93359375,68.7734375,123.1015625,228.44921875,236.28125,212.53125,0.0,0.0,1.36328125,26.75983238220215
none,0,226,1.0,0.0,1.0,1.0,1.0,1.0,30.6796875,73.48046875,77.48828125,70.20703125,121.625,222.5234375,232.5,215.92578125,0.0,0.0,1.55859375,26.501379013061523
none,0,227,1.0,0.0,1.0,1.0,1.0,1.0,31.1875,74.296875,78.29296875,69.27734375,123.29296875,225.1015625,233.3515625,214.09375,0.0,0.0,1.4609375,26.602035522460938
none,0,228,1.0,0.0,1.0,1.0,1.0,1.0,31.17578125,74.19140625,77.76953125,69.51171875,122.51953125,226.76953125,231.90234375,214.125,0.0,0.0,1.46484375,26.584997177124023
none,0,229,1.0,0.0,1.0,1.0,1.0,1.0,31.26171875,72.671875,77.30859375,71.4375,123.5625,222.62890625,231.51953125,220.26171875,0.0,0.0,1.4453125,26.560741424560547
none,0,230,1.0,0.0,1.0,1.0,1.0,1.0,30.29296875,75.09765625,79.6796875,70.625,120.22265625,228.515625,237.09765625,216.4375,0.0,0.0,1.3046875,27.361135482788086
none,0,231,1.0,0.0,1.0,1.0,1.0,1.0,31.11328125,74.2421875,79.1015625,70.88671875,123.09375,225.5703125,236.12890625,218.703125,0.0,0.0,1.375,27.026077270507812
none,0,232,1.0,0.0,1.0,1.0,1.0,1.0,30.265625,74.83984375,79.7578125,70.36328125,121.0,226.26953125,237.5703125,215.3359375,0.0,0.0,1.42578125,27.21105194091797
none,0,233,1.0,0.0,1.0,1.0,1.0,1.0,30.2421875,76.08203125,79.82421875,69.72265625,119.26953125,230.0078125,234.73046875,213.3203125,0.0,0.0,1.2734375,27.437480926513672
none,0,234,1.0,0.0,1.0,1.0,1.0,1.0,30.734375,77.078125,79.76953125,69.0390625,122.04296875,232.921875,236.29296875,208.81640625,0.0,0.0,1.34765625,27.344680786132812
none,0,235,1.0,0.0,1.0,1.0,1.0,1.0,30.69921875,76.52734375,79.23828125,68.53515625,120.37890625,230.921875,234.83984375,208.90234375,0.0,0.0,1.25,27.299697875976562
none,0,236,1.0,0.0,1.0,1.0,1.0,1.0,30.1328125,76.07421875,79.7109375,71.78515625,120.09375,228.83984375,235.74609375,217.8515625,0.0,0.0,1.20703125,27.72121238708496
none,0,237,1.0,0.0,1.0,1.0,1.0,1.0,30.7578125,75.37109375,80.35546875,70.84765625,120.48828125,226.23046875,236.21484375,214.18359375,0.0,0.0,1.39453125,27.502349853515625
none,0,238,1.0,0.0,1.0,1.0,1.0,1.0,30.171875,77.0078125,81.45703125,69.08984375,118.48046875,231.6171875,239.67578125,208.9453125,0.0,0.0,1.37890625,27.745107650756836
none,0,239,1.0,0.0,1.0,1.0,1.0,1.0,30.60546875,77.75390625,79.22265625,68.59765625,119.74609375,234.3671875,233.31640625,207.16796875,0.0,0.0,1.3046875,27.249530792236328
none,0,240,1.0,0.0,1.0,1.0,1.0,1.0,30.58984375,74.10546875,80.93359375,71.3359375,119.2890625,221.234375,237.73828125,214.9765625,0.0,0.0,1.140625,27.573776245117188
none,0,241,1.0,0.0,1.0,1.0,1.0,1.0,29.7578125,76.2421875,80.734375,70.65234375,117.8671875,227.75,237.6015625,212.00390625,0.0,0.0,1.28515625,27.959224700927734
none,0,242,1.0,0.0,1.0,1.0,1.0,1.0,30.6796875,76.17578125,79.58203125,70.5,121.2890625,229.125,234.8671875,213.109375,0.0,0.0,1.26953125,27.604999542236328
none,0,243,1.0,0.0,1.0,1.0,1.0,1.0,30.6015625,75.21484375,79.8828125,72.046875,120.12890625,226.7265625,235.65234375,218.87109375,0.0,0.0,1.1953125,27.550174713134766
none,0,244,1.0,0.0,1.0,1.0,1.0,1.0,29.796875,75.9140625,79.75390625,70.984375,118.3984375,227.70703125,234.859375,217.33203125,0.0,0.0,1.37109375,27.77102279663086
none,0,245,1.0,0.0,1.0,1.0,1.0,1.0,30.27734375,75.43359375,79.34375,72.34765625,120.8203125,227.30859375,236.05859375,220.32421875,0.0,0.0,1.328125,27.77347183227539
none,0,246,1.0,0.0,1.0,1.0,1.0,1.0,29.1640625,75.60546875,79.7890625,71.35546875,117.27734375,228.01953125,236.14453125,218.06640625,0.0,0.0,1.30078125,27.863805770874023
none,0,247,1.0,0.0,1.0,1.0,1.0,1.0,30.21484375,76.80078125,80.72265625,72.71484375,119.25,230.5390625,236.78125,222.33203125,0.0,0.0,1.18359375,28.12302017211914
none,0,248,1.0,0.0,1.0,1.0,1.0,1.0,30.12109375,76.23828125,80.16015625,72.5,120.4453125,231.546875,237.33984375,221.671875,0.0,0.0,1.22265625,27.98603630065918
none,0,249,1.0,0.0,1.0,1.0,1.0,1.0,29.1796875,76.69140625,80.85546875,70.59765625,115.74609375,231.6640625,239.546875,217.84375,0.0,0.0,1.2109375,27.9941463470459
none,0,250,1.0,0.0,1.0,1.0,1.0,1.0,30.57421875,77.29296875,80.2734375,70.70703125,119.83203125,233.09765625,237.296875,216.390625,0.0,0.0,1.3125,27.752050399780273
none,0,251,1.0,0.0,1.0,1.0,1.0,1.0,29.8515625,76.76171875,81.87109375,71.3828125,118.8359375,230.36328125,241.93359375,219.67578125,0.0,0.0,1.2734375,28.314411163330078
none,0,252,1.0,0.0,1.0,1.0,1.0,1.0,29.7421875,77.3359375,82.62109375,71.53515625,117.27734375,234.1484375,242.5546875,219.21484375,0.0,0.0,1.16015625,28.468151092529297
none,0,253,1.0,0.0,1.0,1.0,1.0,1.0,29.890625,76.81640625,80.75390625,71.671875,119.6796875,231.828125,238.43359375,219.33984375,0.0,0.0,1.109375,28.100833892822266
none,0,254,1.0,0.0,1.0,1.0,1.0,1.0,29.96875,75.5078125,82.12109375,72.47265625,118.94140625,228.3359375,242.98046875,221.58984375,0.0,0.0,1.1875,28.262042999267578
none,0,255,1.0,0.0,1.0,1.0,1.0,1.0,29.3203125,78.1328125,82.2890625,70.28515625,117.82421875,235.79296875,242.69921875,214.16796875,0.0,0.0,1.2109375,28.57131004333496
none,0,256,1.0,0.0,1.0,1.0,1.0,1.0,30.09765625,76.73828125,81.54296875,72.984375,120.0625,231.5625,243.06640625,222.5703125,0.0,0.0,1.1640625,28.4469051361084
none,0,257,1.0,0.0,1.0,1.0,1.0,1.0,29.34765625,78.16015625,80.69140625,71.328125,115.33984375,236.9140625,238.703125,216.26953125,0.0,0.0,1.1953125,28.170730590820312
none,0,258,1.0,0.0,1.0,1.0,1.0,1.0,29.53515625,77.91796875,82.16015625,71.0234375,117.796875,235.03125,242.765625,216.31640625,0.0,0.0,1.296875,28.464366912841797
none,0,259,1.0,0.0,1.0,1.0,1.0,1.0,28.921875,77.93359375,83.89453125,71.26171875,115.95703125,234.23828125,246.359375,216.30078125,0.0,0.0,1.1875,28.954809188842773
none,0,260,1.0,0.0,1.0,1.0,1.0,1.0,29.3125,77.08984375,83.02734375,71.6953125,117.5703125,232.8046875,244.2265625,217.4296875,0.0,0.0,1.21875,28.58041000366211
none,0,261,1.0,0.0,1.0,1.0,1.0,1.0,28.86328125,78.2109375,83.93359375,71.52734375,114.9453125,234.48046875,246.234375,216.20703125,0.0,0.0,1.06640625,29.102933883666992
none,0,262,1.0,0.0,1.0,1.0,1.0,1.0,30.3984375,78.1015625,83.03125,72.09765625,120.10546875,233.3515625,244.47265625,218.7734375,0.0,0.0,1.13671875,28.738628387451172
none,0,263,1.0,0.0,1.0,1.0,1.0,1.0,28.53125,79.05859375,83.83203125,71.171875,114.9296875,236.859375,245.671875,213.91015625,0.0,0.0,1.18359375,29.176841735839844
none,0,264,1.0,0.0,1.0,1.0,1.0,1.0,29.62109375,78.4765625,82.625,72.61328125,118.50390625,235.40625,242.7421875,220.84375,0.0,0.0,1.19921875,28.96041488647461
none,0,265,1.0,0.0,1.0,1.0,1.0,1.0,29.625,79.31640625,82.96875,72.70703125,119.625,238.0546875,242.37109375,220.9296875,0.0,0.0,1.12890625,29.350784301757812
none,0,266,1.0,0.0,1.0,1.0,1.0,1.0,29.51171875,78.4609375,81.98828125,73.09765625,116.88671875,234.3515625,240.6953125,222.24609375,0.0,0.0,1.07421875,29.046483993530273
none,0,267,1.0,0.0,1.0,1.0,1.0,1.0,28.68359375,79.34375,83.89453125,71.8203125,113.0546875,239.06640625,246.8125,217.82421875,0.0,0.0,1.08984375,29.39601707458496
none,0,268,1.0,0.0,1.0,1.0,1.0,1.0,29.8125,76.84765625,82.8359375,74.72265625,119.00390625,230.94921875,244.46484375,227.296875,0.0,0.0,1.171875,29.056325912475586
none,0,269,1.0,0.0,1.0,1.0,1.0,1.0,29.59765625,77.734375,82.4375,74.7265625,118.30859375,234.6328125,241.96875,228.2109375,0.0,0.0,1.06640625,29.296361923217773
none,0,270,1.0,0.0,1.0,1.0,1.0,1.0,28.88671875,79.0,83.05859375,73.69921875,117.70703125,235.96484375,245.03125,224.9375,0.0,0.0,1.08203125,29.307952880859375
none,0,271,1.0,0.0,1.0,1.0,1.0,1.0,29.421875,79.16015625,83.00390625,73.42578125,119.4921875,240.18359375,244.67578125,223.75,0.0,0.0,1.09375,29.423492431640625
none,0,272,1.0,0.0,1.0,1.0,1.0,1.0,29.5703125,78.4453125,82.515625,74.39453125,118.87890625,235.328125,242.40234375,226.19921875,0.0,0.0,1.0546875,29.27913475036621
none,0,273,1.0,0.0,1.0,1.0,1.0,1.0,29.55078125,77.9375,83.5625,74.3671875,118.60546875,234.390625,244.79296875,226.4609375,0.0,0.0,1.0234375,29.40949821472168
none,0,274,1.0,0.0,1.0,1.0,1.0,1.0,29.9296875,77.859375,83.2578125,73.73828125,120.96875,234.21484375,243.640625,224.40234375,0.0,0.0,1.05078125,29.105655670166016
none,0,275,1.0,0.0,1.0,1.0,1.0,1.0,28.09375,77.65625,85.42578125,72.80859375,114.796875,234.3359375,251.65234375,220.25,0.0,0.0,1.01171875,29.52606773376465
none,0,276,1.0,0.0,1.0,1.0,1.0,1.0,28.21875,78.65234375,85.01171875,74.21484375,114.38671875,236.8046875,249.65234375,223.609375,0.0,0.0,1.0703125,29.79439926147461
none,0,277,1.0,0.0,1.0,1.0,1.0,1.0,29.12109375,77.85546875,84.48046875,73.19140625,117.640625,234.41015625,247.2421875,219.69921875,0.0,0.0,1.01953125,29.394203186035156
none,0,278,1.0,0.0,1.0,1.0,1.0,1.0,28.5703125,78.15234375,83.79296875,74.015625,116.4375,233.5546875,246.84765625,224.421875,0.0,0.0,0.98828125,29.393056869506836
none,0,279,1.0,0.0,1.0,1.0,1.0,1.0,28.2578125,80.87109375,84.83984375,72.84765625,115.10546875,242.1875,248.4453125,219.06640625,0.0,0.0,1.109375,30.024044036865234
none,0,280,1.0,0.0,1.0,1.0,1.0,1.0,28.91015625,78.80859375,84.72265625,74.05859375,116.76953125,236.61328125,248.6875,224.43359375,0.0,0.0,1.01171875,29.820341110229492
none,0,281,1.0,0.0,1.0,1.0,1.0,1.0,29.82421875,79.11328125,83.94140625,74.078125,118.88671875,236.9296875,245.6171875,225.10546875,0.0,0.0,0.9765625,29.529264450073242
none,0,282,1.0,0.0,1.0,1.0,1.0,1.0,28.4296875,78.8828125,84.40625,73.20703125,113.796875,235.5625,247.44921875,220.984375,0.0,0.0,1.03515625,29.655548095703125
none,0,283,1.0,0.0,1.0,1.0,1.0,1.0,28.82421875,80.28515625,84.67578125,72.1015625,113.89453125,239.91796875,248.484375,217.59765625,0.0,0.0,1.0625,29.569509506225586
none,0,284,1.0,0.0,1.0,1.0,1.0,1.0,29.375,80.3046875,84.95703125,72.7109375,116.7109375,239.76171875,248.67578125,219.05859375,0.0,0.0,0.95703125,29.677764892578125
none,0,285,1.0,0.0,1.0,1.0,1.0,1.0,28.1171875,80.671875,84.31640625,73.58203125,112.4453125,242.1484375,245.96875,220.56640625,0.0,0.0,1.05859375,29.960914611816406
none,0,286,1.0,0.0,1.0,1.0,1.0,1.0,27.26171875,81.14453125,83.99609375,74.0625,111.31640625,241.00390625,245.2265625,223.72265625,0.0,0.0,0.96484375,30.163908004760742
none,0,287,1.0,0.0,1.0,1.0,1.0,1.0,28.0625,80.3203125,84.921875,74.2890625,113.62109375,239.46875,248.17578125,224.91015625,0.0,0.0,0.96875,30.199445724487305
none,0,288,1.0,0.0,1.0,1.0,1.0,1.0,29.34375,80.5234375,85.421875,74.6875,116.6328125,239.70703125,250.54296875,225.97265625,0.0,0.0,1.0078125,30.242015838623047
none,0,289,1.0,0.0,1.0,1.0,1.0,1.0,27.96484375,78.70703125,85.69921875,74.2578125,112.2734375,234.8671875,250.3515625,224.0078125,0.0,0.0,1.05859375,30.066322326660156
none,0,290,1.0,0.0,1.0,1.0,1.0,1.0,28.1015625,79.9609375,86.046875,73.65234375,112.24609375,238.6953125,251.359375,222.1171875,0.0,0.0,1.02734375,30.351346969604492
none,0,291,1.0,0.0,1.0,1.0,1.0,1.0,28.171875,78.98046875,85.43359375,74.67578125,112.36328125,237.07421875,250.328125,225.25390625,0.0,0.0,1.0078125,30.04827880859375
none,0,292,1.0,0.0,1.0,1.0,1.0,1.0,29.46484375,78.90625,86.66015625,75.63671875,116.765625,234.0390625,252.2890625,227.9921875,0.0,0.0,0.90234375,30.22409439086914
none,0,293,1.0,0.0,1.0,1.0,1.0,1.0,28.671875,78.8828125,85.32421875,76.01953125,114.19140625,234.1953125,249.26171875,228.72265625,0.0,0.0,0.99609375,30.17440414428711
none,0,294,1.0,0.0,1.0,1.0,1.0,1.0,28.8359375,79.12890625,85.8515625,76.0625,114.40234375,235.62890625,250.69140625,229.7109375,0.0,0.0,0.96484375,30.437541961669922
none,0,295,1.0,0.0,1.0,1.0,1.0,1.0,28.66796875,79.52734375,85.59375,74.5546875,115.5859375,237.84765625,250.09765625,225.3671875,0.0,0.0,1.015625,30.139507293701172
none,0,296,1.0,0.0,1.0,1.0,1.0,1.0,28.7421875,79.35546875,85.875,75.26953125,115.484375,236.53515625,251.203125,226.515625,0.0,0.0,0.984375,30.319974899291992
none,0,297,1.0,0.0,1.0,1.0,1.0,1.0,28.54296875,80.7109375,85.3671875,75.96875,114.265625,241.5703125,250.65234375,227.8203125,0.0,0.0,0.91796875,30.536285400390625
none,0,298,1.0,0.0,1.0,1.0,1.0,1.0,29.03125,81.0234375,84.7109375,74.8828125,115.73828125,240.3359375,246.89453125,226.5390625,0.0,0.0,0.97265625,30.31099510192871
none,0,299,1.0,0.0,1.0,1.0,1.0,1.0,27.8203125,79.6484375,85.9921875,74.953125,112.5078125,238.9609375,250.06640625,224.7734375,0.0,0.0,0.953125,30.315589904785156
none,0,300,1.0,0.0,1.0,1.0,1.0,1.0,29.6328125,80.04296875,84.79296875,74.765625,118.05078125,239.27734375,248.5,223.640625,0.0,0.0,0.890625,29.911148071289062
none,0,301,1.0,0.0,1.0,1.0,1.0,1.0,27.53515625,79.75,86.21875,74.609375,110.49609375,238.421875,253.15234375,223.73046875,0.0,0.0,1.0,30.340496063232422
none,0,302,1.0,0.0,1.0,1.0,1.0,1.0,28.06640625,79.3203125,85.37890625,75.76171875,112.80859375,236.91796875,252.921875,228.98828125,0.0,0.0,1.01953125,30.297460556030273
none,0,303,1.0,0.0,1.0,1.0,1.0,1.0,27.77734375,81.23828125,86.36328125,75.24609375,112.58203125,239.78125,251.953125,227.9375,0.0,0.0,0.93359375,30.86556625366211
none,0,304,1.0,0.0,1.0,1.0,1.0,1.0,27.7265625,81.1171875,85.54296875,74.90234375,110.5703125,242.14453125,250.13671875,225.00390625,0.0,0.0,0.9453125,30.664915084838867
none,0,305,1.0,0.0,1.0,1.0,1.0,1.0,27.5078125,79.4765625,85.5859375,76.9375,112.07421875,236.921875,250.4453125,231.5625,0.0,0.0,1.08984375,30.70125389099121
none,0,306,1.0,0.0,1.0,1.0,1.0,1.0,27.1796875,79.94921875,87.1015625,75.1015625,109.48828125,238.9140625,254.07421875,226.39453125,0.0,0.0,0.94921875,30.843494415283203
none,0,307,1.0,0.0,1.0,1.0,1.0,1.0,28.453125,80.30859375,86.171875,76.84765625,114.0078125,238.984375,251.01953125,229.77734375,0.0,0.0,0.9765625,30.78563690185547
none,0,308,1.0,0.0,1.0,1.0,1.0,1.0,27.8671875,81.33984375,86.91015625,76.16796875,110.39453125,240.875,252.7578125,227.8203125,0.0,0.0,0.93359375,31.15637969970703
none,0,309,1.0,0.0,1.0,1.0,1.0,1.0,27.12890625,79.38671875,85.97265625,76.28125,109.8984375,235.52734375,251.23828125,228.984375,0.0,0.0,0.9140625,30.67987060546875
none,0,310,1.0,0.0,1.0,1.0,1.0,1.0,28.73046875,79.96875,86.08984375,76.140625,114.84765625,236.02734375,252.74609375,228.796875,0.0,0.0,0.98046875,30.76034164428711
none,0,311,1.0,0.0,1.0,1.0,1.0,1.0,27.671875,82.5546875,85.70703125,75.0859375,109.4453125,245.26171875,249.87890625,225.703125,0.0,0.0,0.9453125,30.9233455657959
none,0,312,1.0,0.0,1.0,1.0,1.0,1.0,27.69140625,80.5703125,86.4609375,76.41796875,110.71875,239.62890625,252.43359375,228.74609375,0.0,0.0,0.875,30.987136840820312
none,0,313,1.0,0.0,1.0,1.0,1.0,1.0,27.578125,81.13671875,87.49609375,74.84375,111.4765625,242.06640625,256.04296875,224.21875,0.0,0.0,0.9140625,30.901878356933594
none,0,314,1.0,0.0,1.0,1.0,1.0,1.0,27.8984375,80.859375,87.3125,74.05078125,111.28125,241.578125,255.16015625,223.640625,0.0,0.0,0.83203125,30.75020980834961
none,0,315,1.0,0.0,1.0,1.0,1.0,1.0,27.84375,81.92578125,87.35546875,74.78125,111.37109375,243.33203125,254.99609375,223.6640625,0.0,0.0,0.8671875,31.002660751342773
none,0,316,1.0,0.0,1.0,1.0,1.0,1.0,28.296875,79.56640625,86.97265625,76.98046875,112.8046875,237.609375,253.75390625,230.27734375,0.0,0.0,0.9609375,31.061920166015625
none,0,317,1.0,0.0,1.0,1.0,1.0,1.0,28.16796875,80.2578125,86.66015625,75.77734375,112.64453125,238.9609375,252.91015625,227.27734375,0.0,0.0,0.93359375,30.777931213378906
none,0,318,1.0,0.0,1.0,1.0,1.0,1.0,27.734375,82.16796875,88.328125,75.67578125,110.015625,243.66796875,258.28125,226.24609375,0.0,0.0,0.92578125,31.38605499267578
none,0,319,1.0,0.0,1.0,1.0,1.0,1.0,27.88671875,80.84765625,88.12109375,75.7265625,110.06640625,239.703125,256.30859375,225.87890625,0.0,0.0,0.90625,31.214393615722656
none,0,320,1.0,0.0,1.0,1.0,1.0,1.0,27.49609375,82.0859375,88.07421875,76.45703125,110.70703125,243.37890625,254.546875,228.4140625,0.0,0.0,0.90234375,31.4909725189209
none,0,321,1.0,0.0,1.0,1.0,1.0,1.0,27.1953125,81.2265625,87.19921875,75.56640625,108.453125,239.78125,252.5078125,225.75,0.0,0.0,0.9296875,31.123275756835938
none,0,322,1.0,0.0,1.0,1.0,1.0,1.0,27.04296875,81.62109375,87.93359375,75.046875,107.99609375,241.359375,255.37109375,223.92578125,0.0,0.0,0.8984375,31.261892318725586
none,0,323,1.0,0.0,1.0,1.0,1.0,1.0,27.40625,80.703125,87.73046875,77.5546875,108.97265625,237.88671875,253.15625,231.296875,0.0,0.0,0.890625,31.47985076904297
none,0,324,1.0,0.0,1.0,1.0,1.0,1.0,27.78515625,82.12890625,86.3125,76.84765625,109.2890625,241.1171875,250.2109375,228.40234375,0.0,0.0,1.0078125,31.29287338256836
none,0,325,1.0,0.0,1.0,1.0,1.0,1.0,27.6796875,80.68359375,86.9140625,77.83984375,110.65234375,238.5703125,251.9921875,231.94140625,0.0,0.0,0.86328125,31.336753845214844
none,0,326,1.0,0.0,1.0,1.0,1.0,1.0,27.5703125,81.94921875,87.5625,76.16015625,111.51171875,242.41796875,254.21484375,228.4296875,0.0,0.0,0.9140625,31.324356079101562
none,0,327,1.0,0.0,1.0,1.0,1.0,1.0,27.6796875,79.72265625,87.76171875,78.31640625,111.375,237.23046875,257.18359375,234.265625,0.0,0.0,0.87109375,31.374258041381836
none,0,328,1.0,0.0,1.0,1.0,1.0,1.0,26.9609375,79.14453125,88.984375,78.0390625,108.94921875,234.7265625,259.203125,234.65234375,0.0,0.0,0.92578125,31.527860641479492
none,0,329,1.0,0.0,1.0,1.0,1.0,1.0,27.03125,80.5390625,89.21484375,77.3046875,109.609375,238.44921875,259.6875,232.8046875,0.0,0.0,0.91796875,31.826330184936523
none,0,330,1.0,0.0,1.0,1.0,1.0,1.0,26.90625,82.08984375,88.28125,77.02734375,109.14453125,244.07421875,257.875,230.44921875,0.0,0.0,0.83203125,31.843212127685547
none,0,331,1.0,0.0,1.0,1.0,1.0,1.0,27.6796875,81.48046875,88.72265625,77.12109375,111.453125,242.70703125,256.92578125,231.265625,0.0,0.0,0.91015625,31.628164291381836
none,0,332,1.0,0.0,1.0,1.0,1.0,1.0,26.5078125,81.75390625,88.88671875,76.5546875,106.9765625,242.92578125,256.984375,228.62890625,0.0,0.0,0.83203125,31.886226654052734
none,0,333,1.0,0.0,1.0,1.0,1.0,1.0,27.4453125,81.92578125,88.4296875,77.51953125,108.69140625,242.78515625,256.41796875,230.625,0.0,0.0,0.8203125,31.803457260131836
none,0,334,1.0,0.0,1.0,1.0,1.0,1.0,27.015625,80.875,88.59375,77.73046875,108.30859375,239.45703125,257.76171875,232.01953125,0.0,0.0,0.7578125,31.702693939208984
none,0,335,1.0,0.0,1.0,1.0,1.0,1.0,27.125,82.78515625,89.6640625,76.75,108.8125,244.06640625,260.0,228.1640625,0.0,0.0,0.84375,31.87468719482422
none,0,336,1.0,0.0,1.0,1.0,1.0,1.0,26.48046875,81.6484375,90.48046875,74.921875,105.6484375,242.3125,262.921875,222.64453125,0.0,0.0,0.9375,31.760250091552734
none,0,337,1.0,0.0,1.0,1.0,1.0,1.0,26.2890625,82.5703125,88.953125,75.85546875,105.03515625,245.66796875,257.65625,226.26953125,0.0,0.0,0.85546875,31.891210556030273
none,0,338,1.0,0.0,1.0,1.0,1.0,1.0,26.49609375,82.91796875,89.95703125,75.48046875,104.83984375,245.26953125,261.46875,225.75390625,0.0,0.0,0.76171875,32.200496673583984
none,0,339,1.0,0.0,1.0,1.0,1.0,1.0,26.7578125,82.88671875,88.171875,76.6484375,107.46484375,244.55859375,257.08984375,229.43359375,0.0,0.0,0.87109375,31.8288631439209
none,0,340,1.0,0.0,1.0,1.0,1.0,1.0,26.6640625,83.625,88.078125,77.41015625,108.46484375,247.1796875,255.79296875,229.6171875,0.0,0.0,0.7890625,31.95284080505371
none,0,341,1.0,0.0,1.0,1.0,1.0,1.0,26.71875,82.15625,90.05078125,77.9921875,108.4296875,244.71875,260.65625,232.76953125,0.0,0.0,0.8515625,32.27752685546875
none,0,342,1.0,0.0,1.0,1.0,1.0,1.0,26.47265625,81.421875,90.58203125,78.24609375,107.09765625,240.83984375,263.11328125,231.97265625,0.0,0.0,0.75,32.183963775634766
none,0,343,1.0,0.0,1.0,1.0,1.0,1.0,26.53125,81.7109375,88.484375,78.4453125,107.09765625,243.39453125,257.05078125,234.79296875,0.0,0.0,0.90234375,32.09330749511719
none,0,344,1.0,0.0,1.0,1.0,1.0,1.0,26.74609375,81.62109375,89.2265625,78.7421875,106.30859375,242.7109375,259.5,234.7890625,0.0,0.0,0.890625,32.03585433959961
none,0,345,1.0,0.0,1.0,1.0,1.0,1.0,26.69921875,81.20703125,89.51953125,77.8515625,106.59765625,241.17578125,260.3515625,233.0546875,0.0,0.0,0.8671875,32.03950119018555
none,0,346,1.0,0.0,1.0,1.0,1.0,1.0,26.87109375,82.3515625,90.78125,78.68359375,108.26171875,243.2734375,263.171875,233.91015625,0.0,0.0,0.76953125,32.45881271362305
none,0,347,1.0,0.0,1.0,1.0,1.0,1.0,26.78515625,81.25390625,89.79296875,79.3828125,109.109375,241.9453125,260.73828125,236.1796875,0.0,0.0,0.7421875,32.2640266418457
none,0,348,1.0,0.0,1.0,1.0,1.0,1.0,26.30859375,82.07421875,90.21875,78.56640625,106.15625,242.97265625,260.9140625,233.25,0.0,0.0,0.87890625,32.37438201904297
none,0,349,1.0,0.0,1.0,1.0,1.0,1.0,26.7265625,81.9375,90.0859375,78.96875,109.140625,242.7734375,262.27734375,235.7890625,0.0,0.0,0.83984375,32.405216217041016
none,0,350,1.0,0.0,1.0,1.0,1.0,1.0,26.5,83.00390625,90.375,77.2578125,106.44921875,247.35546875,264.2890625,230.12890625,0.0,0.0,0.83203125,32.33850860595703
none,0,351,1.0,0.0,1.0,1.0,1.0,1.0,26.8671875,83.796875,90.7890625,77.6015625,107.40234375,247.23828125,264.26953125,231.5625,0.0,0.0,0.73828125,32.68046569824219
none,0,352,1.0,0.0,1.0,1.0,1.0,1.0,26.16796875,84.68359375,90.20703125,77.42578125,105.29296875,252.37890625,263.515625,231.21875,0.0,0.0,0.85546875,32.79172897338867
none,0,353,1.0,0.0,1.0,1.0,1.0,1.0,26.44140625,83.37109375,91.0703125,77.67578125,106.78125,245.15234375,265.2734375,232.7265625,0.0,0.0,0.84375,32.77729415893555
none,0,354,1.0,0.0,1.0,1.0,1.0,1.0,26.79296875,82.2734375,92.05078125,78.74609375,109.1015625,244.15625,266.32421875,235.26171875,0.0,0.0,0.8515625,32.72037887573242
none,0,355,1.0,0.0,1.0,1.0,1.0,1.0,26.36328125,83.00390625,90.87890625,78.75390625,105.9765625,246.25390625,265.265625,234.28515625,0.0,0.0,0.796875,32.776573181152344
none,0,356,1.0,0.0,1.0,1.0,1.0,1.0,26.23828125,83.7578125,89.88671875,78.75390625,106.21484375,249.35546875,263.6875,234.19921875,0.0,0.0,0.68359375,32.794036865234375
none,0,357,1.0,0.0,1.0,1.0,1.0,1.0,26.0,82.765625,89.2265625,79.359375,104.03515625,245.828125,258.26953125,237.51171875,0.0,0.0,0.8359375,32.69137191772461
none,0,358,1.0,0.0,1.0,1.0,1.0,1.0,25.6875,83.16015625,91.05859375,79.015625,103.984375,248.09375,261.44921875,235.3359375,0.0,0.0,0.8046875,32.976070404052734
none,0,359,1.0,0.0,1.0,1.0,1.0,1.0,25.8984375,82.61328125,91.6953125,79.02734375,104.8046875,243.32421875,264.44140625,235.41796875,0.0,0.0,0.74609375,33.099082946777344
none,0,360,1.0,0.0,1.0,1.0,1.0,1.0,25.08984375,84.3046875,91.6015625,77.84375,102.80078125,248.953125,264.67578125,231.78125,0.0,0.0,0.84375,33.03257369995117
none,0,361,1.0,0.0,1.0,1.0,1.0,1.0,25.8828125,83.92578125,91.76171875,78.75390625,105.58203125,249.4453125,265.44140625,233.96875,0.0,0.0,0.88671875,33.0871696472168
none,0,362,1.0,0.0,1.0,1.0,1.0,1.0,25.5,84.28125,91.3125,78.4921875,103.82421875,248.96875,265.578125,233.609375,0.0,0.0,0.796875,33.041690826416016
none,0,363,1.0,0.0,1.0,1.0,1.0,1.0,25.57421875,83.98828125,90.96875,76.98046875,103.94140625,249.3671875,265.859375,230.47265625,0.0,0.0,0.8046875,32.74755859375
none,0,364,1.0,0.0,1.0,1.0,1.0,1.0,26.06640625,84.46484375,91.15625,78.41015625,104.8671875,250.1484375,265.578125,232.2890625,0.0,0.0,0.9140625,33.00626754760742
none,0,365,1.0,0.0,1.0,1.0,1.0,1.0,26.30859375,83.18359375,91.85546875,77.390625,105.54296875,245.65234375,269.8125,229.6875,0.0,0.0,0.71484375,32.75441360473633
none,0,366,1.0,0.0,1.0,1.0,1.0,1.0,25.890625,84.36328125,91.5703125,77.125,104.76171875,250.5390625,266.2734375,229.96875,0.0,0.0,0.76171875,32.86248016357422
none,0,367,1.0,0.0,1.0,1.0,1.0,1.0,26.390625,84.91796875,92.515625,78.44921875,105.76171875,250.98828125,268.6640625,234.125,0.0,0.0,0.83984375,33.28313446044922
none,0,368,1.0,0.0,1.0,1.0,1.0,1.0,25.578125,85.95703125,91.0,79.71875,103.63671875,254.4375,265.8515625,238.08203125,0.0,0.0,0.6484375,33.563961029052734
none,0,369,1.0,0.0,1.0,1.0,1.0,1.0,25.86328125,85.16796875,91.97265625,77.73046875,104.41015625,251.89453125,268.25,232.44140625,0.0,0.0,0.80859375,33.196075439453125
none,0,370,1.0,0.0,1.0,1.0,1.0,1.0,25.3203125,84.078125,91.46875,80.0546875,103.6875,248.34375,265.96484375,238.05859375,0.0,0.0,0.86328125,33.35380554199219
none,0,371,1.0,0.0,1.0,1.0,1.0,1.0,26.41796875,82.34375,91.42578125,80.20703125,106.42578125,244.64453125,265.6875,238.41796875,0.0,0.0,0.875,32.86126708984375
none,0,372,1.0,0.0,1.0,1.0,1.0,1.0,26.5546875,85.03515625,89.98828125,80.6171875,106.80078125,251.66796875,260.95703125,239.203125,0.0,0.0,0.77734375,33.12605667114258
none,0,373,1.0,0.0,1.0,1.0,1.0,1.0,25.5,83.50390625,90.01171875,82.12890625,102.25,246.61328125,262.44140625,243.7421875,0.0,0.0,0.671875,33.42545700073242
none,0,374,1.0,0.0,1.0,1.0,1.0,1.0,26.75,82.8984375,90.08984375,81.8359375,107.52734375,244.26171875,260.4765625,243.2265625,0.0,0.0,0.8046875,33.1115608215332
none,0,375,1.0,0.0,1.0,1.0,1.0,1.0,25.08984375,83.265625,92.03125,81.59765625,101.9765625,245.203125,264.70703125,241.25,0.0,0.0,0.71875,33.65401840209961
none,0,376,1.0,0.0,1.0,1.0,1.0,1.0,25.6796875,84.65625,91.98828125,79.2734375,102.890625,251.28515625,264.37890625,233.61328125,0.0,0.0,0.80078125,33.46623611450195
none,0,377,1.0,0.0,1.0,1.0,1.0,1.0,26.03515625,83.421875,92.56640625,79.9609375,105.546875,245.484375,268.4296875,236.8203125,0.0,0.0,0.75,33.184688568115234
none,0,378,1.0,0.0,1.0,1.0,1.0,1.0,25.15625,84.7265625,93.375,79.890625,102.1640625,248.578125,270.203125,236.65625,0.0,0.0,0.76953125,33.80650329589844
none,0,379,1.0,0.0,1.0,1.0,1.0,1.0,25.80859375,84.8984375,92.484375,78.44921875,102.890625,251.6015625,268.3203125,232.96875,0.0,0.0,0.78125,33.389747619628906
none,0,380,1.0,0.0,1.0,1.0,1.0,1.0,24.640625,85.0625,93.02734375,79.26953125,100.8046875,251.30859375,271.35546875,235.55859375,0.0,0.0,0.7265625,33.811134338378906
none,0,381,1.0,0.0,1.0,1.0,1.0,1.0,25.921875,83.67578125,93.3515625,80.3203125,104.5625,247.92578125,271.53125,239.36328125,0.0,0.0,0.75,33.692161560058594
none,0,382,1.0,0.0,1.0,1.0,1.0,1.0,24.9609375,85.44140625,92.61328125,79.5625,102.28515625,252.87890625,271.38671875,237.55859375,0.0,0.0,0.7421875,33.83359909057617
none,0,383,1.0,0.0,1.0,1.0,1.0,1.0,25.0546875,85.57421875,92.45703125,79.81640625,103.30078125,253.71484375,269.55859375,237.1796875,0.0,0.0,0.71875,33.89299011230469
none,0,384,1.0,0.0,1.0,1.0,1.0,1.0,24.76953125,85.0234375,92.90625,79.859375,100.51171875,252.515625,271.3203125,237.5390625,0.0,0.0,0.703125,33.89267349243164
none,0,385,1.0,0.0,1.0,1.0,1.0,1.0,24.99609375,85.40234375,92.84765625,79.07421875,101.38671875,252.05859375,271.1015625,234.01953125,0.0,0.0,0.71875,33.857330322265625
none,0,386,1.0,0.0,1.0,1.0,1.0,1.0,25.3671875,83.53515625,93.8671875,79.91015625,102.6015625,245.4609375,272.98828125,238.09375,0.0,0.0,0.71484375,33.932769775390625
none,0,387,1.0,0.0,1.0,1.0,1.0,1.0,25.2890625,84.26171875,92.953125,80.5234375,101.71875,248.0234375,270.578125,240.28125,0.0,0.0,0.6015625,33.794525146484375
none,0,388,1.0,0.0,1.0,1.0,1.0,1.0,25.00390625,85.23828125,92.96875,80.82421875,101.9921875,250.7421875,268.16015625,240.73828125,0.0,0.0,0.66796875,34.175758361816406
none,0,389,1.0,0.0,1.0,1.0,1.0,1.0,25.125,83.39453125,93.5078125,81.14453125,100.8671875,245.3125,270.05859375,242.1328125,0.0,0.0,0.765625,33.826805114746094
none,0,390,1.0,0.0,1.0,1.0,1.0,1.0,24.7734375,84.8515625,93.671875,81.63671875,100.1484375,249.4375,270.76171875,241.1640625,0.0,0.0,0.80078125,34.400047302246094
none,0,391,1.0,0.0,1.0,1.0,1.0,1.0,25.0234375,84.40625,92.7578125,79.8984375,101.28515625,250.17578125,268.328125,238.359375,0.0,0.0,0.63671875,33.73760986328125
none,0,392,1.0,0.0,1.0,1.0,1.0,1.0,24.98828125,84.88671875,93.8515625,80.70703125,100.97265625,250.1171875,271.90625,240.62109375,0.0,0.0,0.73046875,34.26362228393555
none,0,393,1.0,0.0,1.0,1.0,1.0,1.0,25.23828125,84.1875,92.3515625,81.328125,102.9140625,248.21875,267.48828125,240.21875,0.0,0.0,0.734375,33.88914489746094
none,0,394,1.0,0.0,1.0,1.0,1.0,1.0,25.41015625,85.11328125,92.6484375,81.1015625,103.31640625,249.6171875,268.65625,239.9375,0.0,0.0,0.6796875,34.07003402709961
none,0,395,1.0,0.0,1.0,1.0,1.0,1.0,24.640625,84.34765625,93.8046875,81.59765625,100.40625,248.73828125,271.078125,240.76171875,0.0,0.0,0.76171875,34.24913024902344
none,0,396,1.0,0.0,1.0,1.0,1.0,1.0,24.6953125,85.5546875,94.3359375,80.72265625,99.30859375,250.78515625,274.05078125,238.58203125,0.0,0.0,0.6484375,34.568702697753906
none,0,397,1.0,0.0,1.0,1.0,1.0,1.0,24.83203125,84.1953125,93.92578125,82.09375,100.3828125,246.71484375,272.0546875,242.05078125,0.0,0.0,0.8515625,34.425540924072266
none,0,398,1.0,0.0,1.0,1.0,1.0,1.0,24.39453125,84.859375,93.65234375,80.8203125,98.0,249.43359375,271.12109375,237.33984375,0.0,0.0,0.75,34.124855041503906
none,0,399,1.0,0.0,1.0,1.0,1.0,1.0,24.74609375,84.5859375,93.4921875,82.08203125,100.65625,248.1484375,269.10546875,239.70703125,0.0,0.0,0.62109375,34.3753547668457
none,0,400,1.0,0.0,1.0,1.0,1.0,1.0,24.359375,85.28515625,93.44921875,81.296875,96.9765625,249.6796875,268.77734375,237.69921875,0.0,0.0,0.76171875,34.301116943359375
none,0,401,1.0,0.0,1.0,1.0,1.0,1.0,25.06640625,85.96875,93.62890625,81.03125,100.39453125,251.2890625,269.62890625,238.25390625,0.0,0.0,0.7421875,34.359527587890625
none,0,402,1.0,0.0,1.0,1.0,1.0,1.0,24.6875,86.4453125,94.421875,81.12109375,99.515625,253.66015625,272.40625,239.75,0.0,0.0,0.69921875,34.7119140625
none,0,403,1.0,0.0,1.0,1.0,1.0,1.0,25.359375,86.80859375,93.86328125,79.2734375,101.734375,254.61328125,270.60546875,232.33984375,0.0,0.0,0.6484375,34.16724395751953
none,0,404,1.0,0.0,1.0,1.0,1.0,1.0,24.875,87.22265625,93.93359375,79.71875,99.6328125,256.94921875,272.01171875,235.1875,0.0,0.0,0.64453125,34.36463928222656
none,0,405,1.0,0.0,1.0,1.0,1.0,1.0,24.66015625,85.01953125,94.93359375,80.90625,99.8671875,249.59765625,274.95703125,238.78125,0.0,0.0,0.71875,34.363014221191406
none,0,406,1.0,0.0,1.0,1.0,1.0,1.0,24.375,85.78125,94.55078125,81.5390625,99.375,253.83203125,273.03515625,242.03125,0.0,0.0,0.76171875,34.53965759277344
none,0,407,1.0,0.0,1.0,1.0,1.0,1.0,24.67578125,85.83984375,94.8203125,81.32421875,98.671875,253.99609375,275.375,241.6171875,0.0,0.0,0.6953125,34.677894592285156
none,0,408,1.0,0.0,1.0,1.0,1.0,1.0,24.43359375,86.79296875,93.4453125,81.359375,99.01171875,255.5625,270.3515625,239.9296875,0.0,0.0,0.61328125,34.627052307128906
none,0,409,1.0,0.0,1.0,1.0,1.0,1.0,24.96875,86.5703125,95.1484375,80.44140625,99.5703125,254.1796875,276.08984375,237.68359375,0.0,0.0,0.7578125,34.43642807006836
none,0,410,1.0,0.0,1.0,1.0,1.0,1.0,24.24609375,84.71484375,96.10546875,80.48046875,99.05078125,251.18359375,278.609375,236.52734375,0.0,0.0,0.7265625,34.49152755737305
none,0,411,1.0,0.0,1.0,1.0,1.0,1.0,24.53515625,86.08984375,95.43359375,81.84765625,100.01953125,253.6796875,275.96484375,240.75,0.0,0.0,0.7109375,34.887168884277344
none,0,412,1.0,0.0,1.0,1.0,1.0,1.0,24.890625,86.50390625,95.23828125,81.80078125,100.609375,253.53515625,274.62890625,242.3359375,0.0,0.0,0.6171875,34.6839599609375
none,0,413,1.0,0.0,1.0,1.0,1.0,1.0,24.3515625,86.04296875,95.8046875,81.9453125,98.74609375,254.34765625,277.2734375,243.3984375,0.0,0.0,0.6484375,34.96026611328125
none,0,414,1.0,0.0,1.0,1.0,1.0,1.0,24.04296875,87.00390625,95.62109375,81.33203125,97.4140625,255.76953125,276.875,239.875,0.0,0.0,0.65625,35.02184295654297
none,0,415,1.0,0.0,1.0,1.0,1.0,1.0,24.53515625,87.63671875,96.28515625,80.0625,97.68359375,257.42578125,278.9609375,235.9765625,0.0,0.0,0.6328125,35.07152557373047
none,0,416,1.0,0.0,1.0,1.0,1.0,1.0,24.19140625,87.8125,96.3671875,80.09375,98.66015625,256.74609375,277.4140625,235.90625,0.0,0.0,0.625,35.15235900878906
none,0,417,1.0,0.0,1.0,1.0,1.0,1.0,24.734375,86.80078125,95.2578125,80.08984375,99.69140625,253.65625,275.6015625,236.30078125,0.0,0.0,0.6796875,34.79020309448242
none,0,418,1.0,0.0,1.0,1.0,1.0,1.0,24.359375,87.8359375,94.91015625,80.42578125,99.1875,256.3125,272.08984375,234.8203125,0.0,0.0,0.68359375,34.963966369628906
none,0,419,1.0,0.0,1.0,1.0,1.0,1.0,23.62890625,87.796875,95.61328125,81.453125,95.16015625,256.16796875,273.23046875,238.30078125,0.0,0.0,0.734375,35.139949798583984
none,0,420,1.0,0.0,1.0,1.0,1.0,1.0,24.51171875,88.62109375,96.453125,80.734375,98.7578125,259.3125,277.13671875,236.44921875,0.0,0.0,0.64453125,35.403419494628906
none,0,421,1.0,0.0,1.0,1.0,1.0,1.0,24.0546875,87.62109375,94.73828125,80.37890625,98.04296875,255.58203125,273.16015625,235.18359375,0.0,0.0,0.74609375,34.9031982421875
none,0,422,1.0,0.0,1.0,1.0,1.0,1.0,24.33203125,85.484375,95.8046875,80.76171875,99.34375,250.1875,276.7734375,236.015625,0.0,0.0,0.6328125,34.732177734375
none,0,423,1.0,0.0,1.0,1.0,1.0,1.0,24.703125,86.6875,95.03125,84.25390625,100.33203125,251.5859375,273.66015625,245.19140625,0.0,0.0,0.66796875,35.251792907714844
none,0,424,1.0,0.0,1.0,1.0,1.0,1.0,24.21484375,85.53515625,95.92578125,82.84375,97.80859375,248.28515625,275.52734375,244.296875,0.0,0.0,0.59765625,35.07436752319336
none,0,425,1.0,0.0,1.0,1.0,1.0,1.0,23.65625,87.17578125,95.5625,82.8046875,96.1484375,254.37890625,276.37890625,242.76953125,0.0,0.0,0.66796875,35.33647918701172
none,0,426,1.0,0.0,1.0,1.0,1.0,1.0,24.41015625,87.62109375,95.625,81.6328125,99.44921875,256.125,274.69140625,239.37890625,0.0,0.0,0.63671875,35.17042541503906
none,0,427,1.0,0.0,1.0,1.0,1.0,1.0,24.2890625,87.09765625,95.421875,82.38671875,99.01171875,255.44140625,275.9921875,241.27734375,0.0,0.0,0.6796875,35.308502197265625
none,0,428,1.0,0.0,1.0,1.0,1.0,1.0,24.30859375,87.984375,96.53515625,80.6484375,99.1796875,258.8203125,278.75390625,235.8828125,0.0,0.0,0.70703125,35.4970703125
none,0,429,1.0,0.0,1.0,1.0,1.0,1.0,24.44140625,88.15625,95.796875,80.69140625,98.58203125,258.44921875,278.19140625,236.15625,0.0,0.0,0.58203125,35.26530456542969
none,0,430,1.0,0.0,1.0,1.0,1.0,1.0,23.8671875,88.08984375,95.02734375,81.09765625,96.859375,257.1328125,274.92578125,236.9921875,0.0,0.0,0.6171875,35.16621780395508
none,0,431,1.0,0.0,1.0,1.0,1.0,1.0,24.00390625,89.03125,96.89453125,81.08203125,96.94140625,261.13671875,279.6640625,237.58203125,0.0,0.0,0.57421875,35.45260238647461
none,0,432,1.0,0.0,1.0,1.0,1.0,1.0,25.16015625,88.625,96.484375,80.3203125,101.92578125,259.64453125,278.5078125,238.0,0.0,0.0,0.7734375,35.08251190185547
none,0,433,1.0,0.0,1.0,1.0,1.0,1.0,24.0625,88.62890625,96.24609375,80.90234375,98.08984375,260.91015625,279.41796875,238.49609375,0.0,0.0,0.66015625,35.37782287597656
none,0,434,1.0,0.0,1.0,1.0,1.0,1.0,23.98046875,88.3359375,95.4921875,80.6171875,98.13671875,261.88671875,278.11328125,238.55859375,0.0,0.0,0.62109375,35.0440673828125
none,0,435,1.0,0.0,1.0,1.0,1.0,1.0,23.5390625,89.02734375,95.93359375,80.94140625,95.3984375,260.2265625,279.50390625,238.98828125,0.0,0.0,0.65234375,35.413238525390625
none,0,436,1.0,0.0,1.0,1.0,1.0,1.0,23.7109375,88.08203125,96.078125,83.10546875,97.2734375,258.49609375,278.61328125,244.609375,0.0,0.0,0.65234375,35.62836456298828
none,0,437,1.0,0.0,1.0,1.0,1.0,1.0,25.07421875,87.90625,96.86328125,80.80078125,100.54296875,258.8046875,281.36328125,238.7265625,0.0,0.0,0.60546875,35.27010726928711
none,0,438,1.0,0.0,1.0,1.0,1.0,1.0,23.26171875,88.0,96.5,82.23046875,96.203125,260.2578125,280.78125,240.203125,0.0,0.0,0.609375,35.465484619140625
none,0,439,1.0,0.0,1.0,1.0,1.0,1.0,23.42578125,87.23046875,96.64453125,83.1015625,96.26171875,257.83203125,279.7578125,245.734375,0.0,0.0,0.578125,35.725860595703125
none,0,440,1.0,0.0,1.0,1.0,1.0,1.0,23.9921875,88.12890625,95.02734375,82.4921875,99.00390625,258.453125,274.8125,244.125,0.0,0.0,0.66796875,35.33647155761719
none,0,441,1.0,0.0,1.0,1.0,1.0,1.0,23.77734375,87.3671875,95.33203125,82.69921875,96.0625,256.6484375,276.0703125,243.00390625,0.0,0.0,0.625,35.37308883666992
none,0,442,1.0,0.0,1.0,1.0,1.0,1.0,23.9375,88.04296875,96.140625,83.87890625,96.8203125,257.8359375,278.60546875,247.3359375,0.0,0.0,0.57421875,35.833168029785156
none,0,443,1.0,0.0,1.0,1.0,1.0,1.0,24.15234375,87.08984375,96.0,83.2421875,99.3125,255.44921875,277.5703125,246.15625,0.0,0.0,0.55859375,35.484031677246094
none,0,444,1.0,0.0,1.0,1.0,1.0,1.0,23.45703125,86.8671875,96.15234375,83.171875,96.83984375,255.76953125,279.19921875,246.2109375,0.0,0.0,0.75,35.465049743652344
none,0,445,1.0,0.0,1.0,1.0,1.0,1.0,24.05078125,89.2421875,96.7265625,82.47265625,97.37109375,262.57421875,279.4609375,241.16015625,0.0,0.0,0.66015625,36.01179504394531
none,0,446,1.0,0.0,1.0,1.0,1.0,1.0,23.41015625,87.484375,96.3125,83.11328125,96.328125,256.5,280.51171875,244.5625,0.0,0.0,0.6328125,35.71626663208008
none,0,447,1.0,0.0,1.0,1.0,1.0,1.0,23.453125,88.859375,96.46484375,81.4921875,94.2421875,260.55078125,279.453125,241.05859375,0.0,0.0,0.6328125,35.76341247558594
none,0,448,1.0,0.0,1.0,1.0,1.0,1.0,23.56640625,87.76171875,96.51953125,83.9453125,96.77734375,256.19921875,278.73828125,245.50390625,0.0,0.0,0.62890625,35.737022399902344
none,0,449,1.0,0.0,1.0,1.0,1.0,1.0,22.890625,88.98828125,96.8515625,82.14453125,92.36328125,260.7109375,279.94140625,240.85546875,0.0,0.0,0.6015625,35.98195266723633
none,0,450,1.0,0.0,1.0,1.0,1.0,1.0,23.26171875,89.140625,96.83984375,82.2421875,93.74609375,261.2890625,278.59375,240.41015625,0.0,0.0,0.62890625,35.804107666015625
none,0,451,1.0,0.0,1.0,1.0,1.0,1.0,23.6171875,89.53125,97.62109375,82.1015625,96.6015625,261.39453125,282.61328125,240.6796875,0.0,0.0,0.62109375,36.14146041870117
none,0,452,1.0,0.0,1.0,1.0,1.0,1.0,22.96484375,88.0,98.515625,83.4609375,93.20703125,255.73828125,282.9140625,244.484375,0.0,0.0,0.57421875,36.36323547363281
none,0,453,1.0,0.0,1.0,1.0,1.0,1.0,23.953125,87.96484375,96.1953125,83.5703125,95.72265625,257.03515625,276.5546875,245.58984375,0.0,0.0,0.6171875,35.82147216796875
none,0,454,1.0,0.0,1.0,1.0,1.0,1.0,23.1796875,88.765625,96.6796875,83.84765625,94.5859375,258.29296875,278.65625,245.26953125,0.0,0.0,0.6171875,35.962013244628906
none,0,455,1.0,0.0,1.0,1.0,1.0,1.0,23.31640625,88.21875,97.46875,83.55078125,95.1953125,258.23828125,281.42578125,244.3359375,0.0,0.0,0.66796875,36.107215881347656
none,0,456,1.0,0.0,1.0,1.0,1.0,1.0,24.0,88.57421875,97.03125,81.91796875,96.5234375,259.7265625,279.11328125,240.72265625,0.0,0.0,0.6015625,35.845088958740234
none,0,457,1.0,0.0,1.0,1.0,1.0,1.0,23.87109375,89.08984375,97.08203125,82.359375,96.91796875,261.5078125,281.140625,241.609375,0.0,0.0,0.55078125,35.953514099121094
none,0,458,1.0,0.0,1.0,1.0,1.0,1.0,23.90234375,88.8671875,97.0859375,84.4765625,97.22265625,258.96484375,280.4140625,247.4375,0.0,0.0,0.60546875,36.15885925292969
none,0,459,1.0,0.0,1.0,1.0,1.0,1.0,22.88671875,88.03515625,96.984375,84.1640625,93.76953125,258.96875,279.859375,246.8984375,0.0,0.0,0.640625,36.28570556640625
none,0,460,1.0,0.0,1.0,1.0,1.0,1.0,23.57421875,87.65234375,98.375,83.94921875,95.375,256.796875,284.77734375,244.765625,0.0,0.0,0.6328125,36.12522506713867
none,0,461,1.0,0.0,1.0,1.0,1.0,1.0,23.2578125,88.7578125,97.75390625,81.7578125,94.58984375,259.76953125,282.3671875,239.52734375,0.0,0.0,0.64453125,36.090145111083984
none,0,462,1.0,0.0,1.0,1.0,1.0,1.0,22.77734375,88.34375,97.07421875,82.62109375,94.36328125,259.7578125,280.18359375,244.515625,0.0,0.0,0.75390625,35.95269012451172
none,0,463,1.0,0.0,1.0,1.0,1.0,1.0,23.63671875,89.3828125,97.5078125,81.14453125,94.36328125,262.3828125,281.50390625,236.25,0.0,0.0,0.6953125,35.839019775390625
none,0,464,1.0,0.0,1.0,1.0,1.0,1.0,23.05859375,89.57421875,97.25390625,82.5703125,94.375,262.1484375,281.1640625,240.765625,0.0,0.0,0.64453125,36.215415954589844
none,0,465,1.0,0.0,1.0,1.0,1.0,1.0,23.67578125,90.0078125,97.94140625,83.99609375,96.17578125,262.9921875,282.37109375,246.01953125,0.0,0.0,0.5859375,36.58386993408203
none,0,466,1.0,0.0,1.0,1.0,1.0,1.0,23.40625,89.34765625,98.00390625,83.73046875,95.09765625,259.6953125,281.69921875,245.44140625,0.0,0.0,0.61328125,36.49766159057617
none,0,467,1.0,0.0,1.0,1.0,1.0,1.0,22.60546875,89.58203125,98.125,83.0390625,92.07421875,260.87890625,281.9140625,242.62109375,0.0,0.0,0.59765625,36.76800537109375
none,0,468,1.0,0.0,1.0,1.0,1.0,1.0,23.26171875,89.3828125,98.484375,84.9140625,93.765625,260.328125,281.75390625,246.0859375,0.0,0.0,0.5625,36.79304122924805
none,0,469,1.0,0.0,1.0,1.0,1.0,1.0,23.34765625,89.9453125,97.90234375,83.6328125,94.71875,261.37890625,280.6796875,242.95703125,0.0,0.0,0.61328125,36.367916107177734
none,0,470,1.0,0.0,1.0,1.0,1.0,1.0,24.09765625,89.31640625,97.23046875,83.06640625,97.90625,259.9296875,277.39453125,242.79296875,0.0,0.0,0.6484375,36.26152038574219
none,0,471,1.0,0.0,1.0,1.0,1.0,1.0,22.859375,89.36328125,98.3671875,82.9296875,93.203125,259.59765625,282.0234375,240.78515625,0.0,0.0,0.69140625,36.4162483215332
none,0,472,1.0,0.0,1.0,1.0,1.0,1.0,22.3828125,89.921875,98.140625,83.57421875,92.4609375,263.0390625,280.859375,242.48046875,0.0,0.0,0.62890625,36.6888542175293
none,0,473,1.0,0.0,1.0,1.0,1.0,1.0,23.1796875,89.3203125,98.0625,85.07421875,94.59765625,259.63671875,280.4765625,246.9609375,0.0,0.0,0.66015625,36.69862365722656
none,0,474,1.0,0.0,1.0,1.0,1.0,1.0,22.140625,88.9375,98.54296875,84.921875,90.703125,258.77734375,282.70703125,247.6953125,0.0,0.0,0.58984375,36.66337203979492
none,0,475,1.0,0.0,1.0,1.0,1.0,1.0,23.15625,88.94921875,97.50390625,83.89453125,94.2890625,259.31640625,280.91796875,245.75390625,0.0,0.0,0.6015625,36.24819564819336
none,0,476,1.0,0.0,1.0,1.0,1.0,1.0,22.4921875,90.68359375,99.5390625,82.63671875,91.84765625,263.75390625,286.12890625,241.7265625,0.0,0.0,0.58984375,36.735374450683594
none,0,477,1.0,0.0,1.0,1.0,1.0,1.0,22.84375,89.03125,100.0234375,83.23046875,95.21484375,261.7421875,289.18359375,243.4296875,0.0,0.0,0.62109375,36.62476348876953
none,0,478,1.0,0.0,1.0,1.0,1.0,1.0,22.546875,90.43359375,98.80859375,82.35546875,92.13671875,265.20703125,285.46875,241.37109375,0.0,0.0,0.62109375,36.72529220581055
none,0,479,1.0,0.0,1.0,1.0,1.0,1.0,22.796875,89.39453125,100.30078125,83.23828125,93.73046875,260.98046875,290.33203125,243.72265625,0.0,0.0,0.54296875,36.99108123779297
none,0,480,1.0,0.0,1.0,1.0,1.0,1.0,22.78125,89.72265625,97.9609375,82.828125,94.12109375,262.85546875,282.89453125,244.19921875,0.0,0.0,0.609375,36.48311996459961
none,0,481,1.0,0.0,1.0,1.0,1.0,1.0,22.44140625,91.05078125,99.01171875,82.83203125,93.70703125,266.234375,286.328125,243.58984375,0.0,0.0,0.58984375,36.96720886230469
none,0,482,1.0,0.0,1.0,1.0,1.0,1.0,23.17578125,88.765625,99.11328125,84.046875,95.9765625,259.72265625,288.13671875,246.4609375,0.0,0.0,0.70703125,36.65745544433594
none,0,483,1.0,0.0,1.0,1.0,1.0,1.0,22.47265625,89.875,97.35546875,84.05078125,92.2890625,262.73046875,280.79296875,248.89453125,0.0,0.0,0.63671875,36.59701156616211
none,0,484,1.0,0.0,1.0,1.0,1.0,1.0,22.83203125,89.81640625,98.51953125,84.87109375,93.9140625,262.7265625,284.13671875,249.30078125,0.0,0.0,0.5078125,37.00074768066406
none,0,485,1.0,0.0,1.0,1.0,1.0,1.0,22.609375,90.1171875,98.375,84.6484375,93.84375,263.0,283.32421875,249.3828125,0.0,0.0,0.625,36.878807067871094
none,0,486,1.0,0.0,1.0,1.0,1.0,1.0,22.66796875,91.07421875,97.01171875,85.50390625,93.47265625,265.80859375,280.2109375,250.94140625,0.0,0.0,0.5390625,36.91802215576172
none,0,487,1.0,0.0,1.0,1.0,1.0,1.0,22.92578125,91.84375,97.51171875,84.765625,94.36328125,267.87890625,281.72265625,248.015625,0.0,0.0,0.6484375,37.07901382446289
none,0,488,1.0,0.0,1.0,1.0,1.0,1.0,22.61328125,91.19140625,98.9921875,83.93359375,91.92578125,266.41015625,283.40625,245.61328125,0.0,0.0,0.60546875,37.02273178100586
none,0,489,1.0,0.0,1.0,1.0,1.0,1.0,22.5703125,91.6640625,98.41796875,83.18359375,92.26171875,266.8671875,282.3984375,243.66015625,0.0,0.0,0.55078125,36.87190246582031
none,0,490,1.0,0.0,1.0,1.0,1.0,1.0,22.05078125,91.73046875,99.30078125,83.25390625,90.15234375,268.26953125,284.30859375,241.3515625,0.0,0.0,0.62109375,37.186317443847656
none,0,491,1.0,0.0,1.0,1.0,1.0,1.0,22.2265625,90.4609375,98.2578125,84.796875,91.56640625,265.30859375,281.88671875,247.94921875,0.0,0.0,0.58203125,36.969852447509766
none,0,492,1.0,0.0,1.0,1.0,1.0,1.0,23.12109375,90.2890625,98.953125,84.75,93.421875,263.34765625,283.171875,247.76953125,0.0,0.0,0.58984375,36.97490692138672
none,0,493,1.0,0.0,1.0,1.0,1.0,1.0,22.47265625,91.046875,100.23828125,85.24609375,90.45703125,263.49609375,287.33203125,248.5625,0.0,0.0,0.51171875,37.52703094482422
none,0,494,1.0,0.0,1.0,1.0,1.0,1.0,22.44140625,90.63671875,100.06640625,84.078125,91.5859375,262.78125,287.5859375,245.6015625,0.0,0.0,0.61328125,37.219661712646484
none,0,495,1.0,0.0,1.0,1.0,1.0,1.0,22.3984375,89.56640625,99.30078125,85.99609375,92.953125,260.79296875,285.0703125,252.91796875,0.0,0.0,0.59765625,37.29258728027344
none,0,496,1.0,0.0,1.0,1.0,1.0,1.0,22.421875,89.7265625,98.875,84.94921875,91.18359375,263.8515625,282.89453125,249.6484375,0.0,0.0,0.5234375,36.9593505859375
none,0,497,1.0,0.0,1.0,1.0,1.0,1.0,22.77734375,90.8671875,100.46875,84.83984375,93.42578125,264.26171875,286.62109375,248.18359375,0.0,0.0,0.60546875,37.377655029296875
none,0,498,1.0,0.0,1.0,1.0,1.0,1.0,22.078125,90.8515625,98.89453125,85.21484375,91.62890625,264.296875,284.27734375,250.06640625,0.0,0.0,0.6640625,37.284881591796875
none,0,499,1.0,0.0,1.0,1.0,1.0,1.0,22.23828125,91.2421875,99.05859375,86.265625,91.515625,267.703125,285.60546875,252.17578125,0.0,0.0,0.5546875,37.60310363769531
none,0,500,1.0,0.0,1.0,1.0,1.0,1.0,22.24609375,90.1015625,100.3359375,84.80078125,92.71484375,263.37109375,288.921875,247.828125,0.0,0.0,0.54296875,37.33060073852539
none,0,501,1.0,0.0,1.0,1.0,1.0,1.0,22.27734375,92.3359375,98.99609375,84.0234375,93.03515625,269.79296875,285.28515625,245.1875,0.0,0.0,0.59375,37.29962921142578
none,0,502,1.0,0.0,1.0,1.0,1.0,1.0,22.2734375,91.38671875,99.67578125,84.7734375,92.2265625,266.91015625,285.37109375,249.08984375,0.0,0.0,0.51171875,37.638343811035156
none,0,503,1.0,0.0,1.0,1.0,1.0,1.0,22.09765625,91.171875,99.75390625,85.7265625,92.046875,265.5859375,286.45703125,250.4921875,0.0,0.0,0.546875,37.52516174316406
none,0,504,1.0,0.0,1.0,1.0,1.0,1.0,21.85546875,88.9296875,100.52734375,87.27734375,90.53515625,259.26953125,288.53515625,257.46875,0.0,0.0,0.58203125,37.6483154296875
none,0,505,1.0,0.0,1.0,1.0,1.0,1.0,21.69921875,90.375,100.98046875,85.90625,88.0546875,262.24609375,290.8984375,251.171875,0.0,0.0,0.59765625,37.54706954956055
none,0,506,1.0,0.0,1.0,1.0,1.0,1.0,22.0625,90.2109375,100.98046875,85.359375,90.140625,262.49609375,290.234375,249.12109375,0.0,0.0,0.515625,37.602447509765625
none,0,507,1.0,0.0,1.0,1.0,1.0,1.0,22.30078125,91.7578125,100.3671875,84.98046875,91.12109375,268.30859375,286.0,248.1015625,0.0,0.0,0.484375,37.663246154785156
none,0,508,1.0,0.0,1.0,1.0,1.0,1.0,22.68359375,91.64453125,100.015625,85.765625,92.609375,266.17578125,285.85546875,250.5234375,0.0,0.0,0.6171875,37.560447692871094
none,0,509,1.0,0.0,1.0,1.0,1.0,1.0,21.40234375,92.796875,100.3203125,84.1015625,88.8671875,272.02734375,287.96875,244.34765625,0.0,0.0,0.5859375,37.94169616699219
none,0,510,1.0,0.0,1.0,1.0,1.0,1.0,21.73046875,92.7578125,100.53515625,83.140625,89.44921875,270.90625,287.83984375,241.52734375,0.0,0.0,0.48046875,37.663612365722656
none,0,511,1.0,0.0,1.0,1.0,1.0,1.0,21.8984375,91.953125,100.9921875,84.0625,90.3359375,266.49609375,289.08984375,244.05859375,0.0,0.0,0.5234375,37.63727569580078
none,0,512,1.0,0.0,1.0,1.0,1.0,1.0,21.90234375,94.29296875,99.47265625,84.1484375,88.8984375,273.96484375,284.87109375,243.10546875,0.0,0.0,0.56640625,37.803466796875
none,0,513,1.0,0.0,1.0,1.0,1.0,1.0,22.30859375,92.35546875,99.55078125,85.23828125,90.453125,269.3515625,285.60546875,247.0625,0.0,0.0,0.53125,37.650211334228516
none,0,514,1.0,0.0,1.0,1.0,1.0,1.0,21.5234375,91.484375,101.27734375,85.17578125,89.4921875,266.09375,290.51953125,247.1875,0.0,0.0,0.56640625,37.971107482910156
none,0,515,1.0,0.0,1.0,1.0,1.0,1.0,21.62109375,91.75,101.10546875,85.5703125,89.8984375,265.8984375,289.89453125,247.12890625,0.0,0.0,0.57421875,37.824462890625
none,0,516,1.0,0.0,1.0,1.0,1.0,1.0,21.2578125,91.59765625,101.03515625,84.90234375,88.52734375,266.83984375,291.0546875,247.0546875,0.0,0.0,0.59375,37.82121276855469
none,0,517,1.0,0.0,1.0,1.0,1.0,1.0,21.3984375,91.99609375,101.9375,85.5546875,87.68359375,268.234375,290.9453125,248.77734375,0.0,0.0,0.50390625,38.07180404663086
none,0,518,1.0,0.0,1.0,1.0,1.0,1.0,21.43359375,91.47265625,101.16015625,84.41015625,87.5859375,266.2109375,290.71484375,245.85546875,0.0,0.0,0.5234375,37.70142364501953
none,0,519,1.0,0.0,1.0,1.0,1.0,1.0,21.48828125,91.9375,100.46484375,85.6328125,88.28515625,266.61328125,288.72265625,249.6328125,0.0,0.0,0.59765625,37.81593322753906
none,0,520,1.0,0.0,1.0,1.0,1.0,1.0,20.65625,92.828125,101.0,84.828125,86.08203125,269.703125,290.16015625,247.12109375,0.0,0.0,0.60546875,38.11324691772461
none,0,521,1.0,0.0,1.0,1.0,1.0,1.0,22.078125,91.125,99.93359375,86.40625,90.56640625,264.68359375,285.65234375,250.20703125,0.0,0.0,0.49609375,37.70193862915039
none,0,522,1.0,0.0,1.0,1.0,1.0,1.0,21.6953125,90.59375,101.53515625,86.67578125,89.52734375,264.60546875,291.46875,252.78125,0.0,0.0,0.5234375,38.034908294677734
none,0,523,1.0,0.0,1.0,1.0,1.0,1.0,21.95703125,91.9375,100.85546875,85.69140625,88.953125,267.38671875,289.8125,250.171875,0.0,0.0,0.44140625,38.06608581542969
none,0,524,1.0,0.0,1.0,1.0,1.0,1.0,21.57421875,91.4609375,101.58984375,85.640625,88.6953125,265.515625,290.5859375,250.41796875,0.0,0.0,0.55078125,38.0332145690918
none,0,525,1.0,0.0,1.0,1.0,1.0,1.0,21.11328125,90.8515625,100.80078125,86.765625,88.203125,263.58984375,288.44921875,253.0546875,0.0,0.0,0.4921875,37.90400695800781
none,0,526,1.0,0.0,1.0,1.0,1.0,1.0,21.921875,93.12109375,101.53125,85.984375,89.5078125,270.9140625,289.8046875,250.38671875,0.0,0.0,0.54296875,38.30317306518555
none,0,527,1.0,0.0,1.0,1.0,1.0,1.0,21.0703125,93.1484375,101.4375,86.33203125,88.28125,270.41015625,290.87109375,250.125,0.0,0.0,0.5625,38.55352783203125
none,0,528,1.0,0.0,1.0,1.0,1.0,1.0,21.48828125,92.39453125,101.1328125,85.6953125,89.8125,268.48046875,290.234375,249.11328125,0.0,0.0,0.51171875,38.14044952392578
none,0,529,1.0,0.0,1.0,1.0,1.0,1.0,20.61328125,92.15234375,101.7265625,84.828125,86.171875,267.30078125,291.09375,247.47265625,0.0,0.0,0.51953125,38.211097717285156
none,0,530,1.0,0.0,1.0,1.0,1.0,1.0,21.83984375,91.19921875,101.546875,86.76953125,91.4296875,264.33203125,290.96484375,252.67578125,0.0,0.0,0.50390625,38.315181732177734
none,0,531,1.0,0.0,1.0,1.0,1.0,1.0,21.78125,93.4140625,100.5078125,86.41796875,90.3984375,270.0625,286.05859375,250.64453125,0.0,0.0,0.51953125,38.28784942626953
none,0,532,1.0,0.0,1.0,1.0,1.0,1.0,21.5,91.9375,102.796875,84.98046875,89.09765625,267.46875,294.40625,248.5859375,0.0,0.0,0.48046875,38.086151123046875
none,0,533,1.0,0.0,1.0,1.0,1.0,1.0,21.4609375,91.359375,102.1796875,85.96875,89.02734375,264.71484375,292.98046875,252.9609375,0.0,0.0,0.50390625,38.15699005126953
none,0,534,1.0,0.0,1.0,1.0,1.0,1.0,22.26171875,92.44921875,102.20703125,86.09765625,92.06640625,269.52734375,291.765625,250.6953125,0.0,0.0,0.56640625,38.20276641845703
none,0,535,1.0,0.0,1.0,1.0,1.0,1.0,21.328125,92.703125,102.234375,85.31640625,88.11328125,268.5625,291.1875,247.89453125,0.0,0.0,0.53515625,38.41362762451172
none,0,536,1.0,0.0,1.0,1.0,1.0,1.0,21.1953125,93.8828125,101.9921875,85.5859375,89.2265625,271.08203125,290.453125,248.2421875,0.0,0.0,0.5859375,38.642677307128906
none,0,537,1.0,0.0,1.0,1.0,1.0,1.0,21.87109375,93.734375,102.67578125,84.8203125,89.5546875,272.0703125,292.21875,247.19921875,0.0,0.0,0.484375,38.61471176147461
none,0,538,1.0,0.0,1.0,1.0,1.0,1.0,21.3359375,93.18359375,101.7109375,86.69921875,88.73828125,268.94140625,289.3046875,251.484375,0.0,0.0,0.4921875,38.69755172729492
none,0,539,1.0,0.0,1.0,1.0,1.0,1.0,20.6796875,92.8984375,102.6171875,85.33984375,85.39453125,269.01171875,292.3359375,246.98046875,0.0,0.0,0.50390625,38.54389572143555
none,0,540,1.0,0.0,1.0,1.0,1.0,1.0,21.3359375,92.3125,100.94140625,87.203125,87.4921875,266.90625,288.10546875,252.88671875,0.0,0.0,0.5546875,38.337188720703125
none,0,541,1.0,0.0,1.0,1.0,1.0,1.0,21.21484375,91.30078125,102.1171875,88.56640625,87.82421875,264.43359375,290.40234375,258.31640625,0.0,0.0,0.6171875,38.61201477050781
none,0,542,1.0,0.0,1.0,1.0,1.0,1.0,20.7578125,92.28125,103.02734375,86.265625,87.01953125,268.2578125,294.0390625,250.30078125,0.0,0.0,0.4921875,38.878143310546875
none,0,543,1.0,0.0,1.0,1.0,1.0,1.0,20.7734375,92.80859375,101.80078125,87.89453125,86.41015625,268.8046875,292.12890625,255.90625,0.0,0.0,0.48046875,38.80685806274414
none,0,544,1.0,0.0,1.0,1.0,1.0,1.0,21.109375,91.80859375,102.25,87.5859375,87.5859375,266.30078125,292.5546875,254.40625,0.0,0.0,0.5,38.48430633544922
none,0,545,1.0,0.0,1.0,1.0,1.0,1.0,20.625,91.8515625,103.39453125,87.7734375,86.171875,264.46875,295.7421875,255.76171875,0.0,0.0,0.5859375,38.828338623046875
none,0,546,1.0,0.0,1.0,1.0,1.0,1.0,20.14453125,92.83984375,104.3125,86.875,83.2890625,267.57421875,296.41796875,252.63671875,0.0,0.0,0.5,39.02729034423828
none,0,547,1.0,0.0,1.0,1.0,1.0,1.0,21.2421875,92.4453125,102.9453125,87.17578125,87.8203125,268.78125,293.65625,252.60546875,0.0,0.0,0.4921875,38.804256439208984
none,0,548,1.0,0.0,1.0,1.0,1.0,1.0,20.2890625,92.4921875,102.42578125,86.3359375,84.3828125,270.14453125,292.66796875,252.5390625,0.0,0.0,0.45703125,38.665313720703125
none,0,549,1.0,0.0,1.0,1.0,1.0,1.0,20.90625,93.48046875,103.671875,85.875,88.20703125,270.31640625,297.1484375,249.1875,0.0,0.0,0.44140625,38.75666809082031
none,0,550,1.0,0.0,1.0,1.0,1.0,1.0,20.26171875,93.30859375,102.44921875,86.59375,85.20703125,270.625,294.2109375,251.73828125,0.0,0.0,0.5546875,38.97975158691406
none,0,551,1.0,0.0,1.0,1.0,1.0,1.0,21.08203125,94.81640625,101.9453125,85.90625,87.0390625,275.453125,291.38671875,248.73046875,0.0,0.0,0.44140625,38.85458755493164
none,0,552,1.0,0.0,1.0,1.0,1.0,1.0,20.37890625,94.0546875,103.27734375,85.11328125,84.6484375,271.61328125,294.671875,248.69140625,0.0,0.0,0.5078125,38.91790008544922
none,0,553,1.0,0.0,1.0,1.0,1.0,1.0,20.9453125,95.01953125,102.62109375,85.5625,87.98046875,275.82421875,293.93359375,247.94140625,0.0,0.0,0.4921875,38.83311080932617
none,0,554,1.0,0.0,1.0,1.0,1.0,1.0,20.2421875,94.45703125,103.98828125,86.84375,85.5625,274.6953125,296.41015625,252.87890625,0.0,0.0,0.44921875,39.22926330566406
none,0,555,1.0,0.0,1.0,1.0,1.0,1.0,21.1875,95.0078125,102.84375,85.62890625,87.5703125,276.046875,295.1328125,249.4140625,0.0,0.0,0.5234375,38.93742370605469
none,0,556,1.0,0.0,1.0,1.0,1.0,1.0,20.69140625,92.8515625,102.40625,87.96484375,87.0703125,270.3671875,291.72265625,255.47265625,0.0,0.0,0.515625,38.89418029785156
none,0,557,1.0,0.0,1.0,1.0,1.0,1.0,20.9765625,93.4453125,103.23046875,87.97265625,87.3046875,269.9609375,295.16796875,255.7578125,0.0,0.0,0.5078125,39.14337921142578
none,0,558,1.0,0.0,1.0,1.0,1.0,1.0,20.8125,92.91015625,102.921875,87.62890625,86.33203125,269.84765625,294.1875,254.4765625,0.0,0.0,0.515625,39.112701416015625
none,0,559,1.0,0.0,1.0,1.0,1.0,1.0,20.6015625,94.4921875,103.3671875,86.84375,85.80078125,273.71484375,295.9609375,250.81640625,0.0,0.0,0.45703125,39.33714294433594
none,0,560,1.0,0.0,1.0,1.0,1.0,1.0,21.1953125,93.921875,103.984375,87.1171875,88.94921875,271.66015625,298.515625,253.49609375,0.0,0.0,0.6484375,39.306297302246094
none,0,561,1.0,0.0,1.0,1.0,1.0,1.0,21.140625,93.59375,102.61328125,86.63671875,88.24609375,269.95703125,292.71875,251.70703125,0.0,0.0,0.55078125,38.906375885009766
none,0,562,1.0,0.0,1.0,1.0,1.0,1.0,20.85546875,93.94140625,102.61328125,86.40625,87.01171875,271.75,293.78515625,249.82421875,0.0,0.0,0.546875,38.89705276489258
none,0,563,1.0,0.0,1.0,1.0,1.0,1.0,20.875,93.4609375,102.46484375,88.5703125,87.69140625,268.6328125,291.21875,254.7265625,0.0,0.0,0.4921875,39.164825439453125
none,0,564,1.0,0.0,1.0,1.0,1.0,1.0,19.74609375,93.66015625,105.484375,85.87109375,82.6953125,269.26953125,298.29296875,248.34765625,0.0,0.0,0.55078125,39.515506744384766
none,0,565,1.0,0.0,1.0,1.0,1.0,1.0,20.27734375,94.41015625,103.83984375,88.20703125,84.4921875,270.99609375,294.54296875,256.17578125,0.0,0.0,0.47265625,39.496253967285156
none,0,566,1.0,0.0,1.0,1.0,1.0,1.0,20.078125,94.98828125,103.75,88.15625,83.62109375,273.23046875,294.6015625,254.4921875,0.0,0.0,0.51953125,39.82952880859375
none,0,567,1.0,0.0,1.0,1.0,1.0,1.0,20.62890625,94.89453125,103.5625,88.4140625,85.83984375,273.92578125,294.5625,256.30078125,0.0,0.0,0.47265625,39.469482421875
none,0,568,1.0,0.0,1.0,1.0,1.0,1.0,20.3203125,93.55078125,103.41796875,88.3203125,85.4140625,269.9296875,296.125,255.4453125,0.0,0.0,0.48046875,39.41670227050781
none,0,569,1.0,0.0,1.0,1.0,1.0,1.0,20.52734375,94.1796875,103.3984375,88.16015625,87.10546875,272.67578125,294.671875,255.640625,0.0,0.0,0.6015625,39.40670394897461
none,0,570,1.0,0.0,1.0,1.0,1.0,1.0,21.02734375,95.44140625,103.26953125,87.8359375,87.14453125,276.63671875,293.48046875,254.65234375,0.0,0.0,0.515625,39.651546478271484
none,0,571,1.0,0.0,1.0,1.0,1.0,1.0,20.69140625,95.5,104.75390625,86.41796875,86.2578125,275.2578125,296.80078125,249.109375,0.0,0.0,0.4453125,39.677154541015625
none,0,572,1.0,0.0,1.0,1.0,1.0,1.0,20.94140625,94.4765625,102.96484375,87.33984375,88.13671875,273.0859375,293.96875,253.05859375,0.0,0.0,0.44921875,39.18342590332031
none,0,573,1.0,0.0,1.0,1.0,1.0,1.0,20.24609375,95.2421875,102.4765625,88.33203125,84.953125,274.74609375,290.5859375,255.84375,0.0,0.0,0.48828125,39.605377197265625
none,0,574,1.0,0.0,1.0,1.0,1.0,1.0,21.0859375,95.5859375,103.7734375,88.125,87.01171875,274.59765625,294.59375,254.62890625,0.0,0.0,0.515625,39.67652130126953
none,0,575,1.0,0.0,1.0,1.0,1.0,1.0,20.609375,95.46484375,104.48046875,86.9453125,86.05859375,274.0,298.640625,252.05859375,0.0,0.0,0.43359375,39.619869232177734
none,0,576,1.0,0.0,1.0,1.0,1.0,1.0,20.14453125,95.1875,104.61328125,86.8984375,84.58984375,274.42578125,297.66796875,252.5859375,0.0,0.0,0.48046875,39.836631774902344
none,0,577,1.0,0.0,1.0,1.0,1.0,1.0,20.85546875,95.37109375,104.80078125,87.83203125,87.2109375,275.4453125,297.55859375,255.1640625,0.0,0.0,0.51953125,39.77407455444336
none,0,578,1.0,0.0,1.0,1.0,1.0,1.0,20.171875,94.09765625,105.66796875,88.84765625,84.3828125,272.359375,300.66796875,256.375,0.0,0.0,0.52734375,39.94320297241211
none,0,579,1.0,0.0,1.0,1.0,1.0,1.0,19.83984375,94.76171875,103.9765625,88.30859375,83.05859375,273.30078125,295.73046875,255.76953125,0.0,0.0,0.50390625,39.63405990600586
none,0,580,1.0,0.0,1.0,1.0,1.0,1.0,19.94140625,94.7421875,104.51171875,88.24609375,83.1640625,273.55078125,296.828125,254.80078125,0.0,0.0,0.55078125,39.74351501464844
none,0,581,1.0,0.0,1.0,1.0,1.0,1.0,20.12109375,93.9453125,103.5390625,90.12109375,85.61328125,270.7265625,292.83984375,262.50390625,0.0,0.0,0.48046875,39.55207443237305
none,0,582,1.0,0.0,1.0,1.0,1.0,1.0,20.01953125,93.6328125,105.16796875,88.953125,84.67578125,269.33984375,298.87890625,256.31640625,0.0,0.0,0.39453125,40.033447265625
none,0,583,1.0,0.0,1.0,1.0,1.0,1.0,19.82421875,94.16015625,104.1796875,87.96484375,82.23828125,272.9296875,294.828125,254.43359375,0.0,0.0,0.46875,39.665287017822266
none,0,584,1.0,0.0,1.0,1.0,1.0,1.0,20.08984375,95.89453125,104.41015625,88.89453125,84.34375,276.04296875,295.48828125,256.52734375,0.0,0.0,0.49609375,40.026302337646484
none,0,585,1.0,0.0,1.0,1.0,1.0,1.0,19.58203125,95.515625,105.890625,87.67578125,81.2890625,275.609375,298.12109375,252.46875,0.0,0.0,0.515625,40.17170333862305
none,0,586,1.0,0.0,1.0,1.0,1.0,1.0,19.9609375,96.00390625,103.83203125,89.28515625,85.21875,276.49609375,293.92578125,258.20703125,0.0,0.0,0.48046875,40.03807830810547
none,0,587,1.0,0.0,1.0,1.0,1.0,1.0,19.7109375,96.32421875,105.09375,86.87109375,82.0625,277.7890625,298.6640625,250.23046875,0.0,0.0,0.4921875,40.0764274597168
none,0,588,1.0,0.0,1.0,1.0,1.0,1.0,20.2265625,95.26953125,104.83203125,87.59375,85.38671875,276.16796875,297.2578125,253.79296875,0.0,0.0,0.44921875,39.847015380859375
none,0,589,1.0,0.0,1.0,1.0,1.0,1.0,19.96484375,94.7578125,106.24609375,89.08984375,83.078125,272.734375,302.04296875,257.04296875,0.0,0.0,0.41796875,40.35181427001953
none,0,590,1.0,0.0,1.0,1.0,1.0,1.0,19.921875,94.1484375,104.08984375,88.3828125,83.84375,272.01953125,295.50390625,257.24609375,0.0,0.0,0.48046875,39.79271697998047
none,0,591,1.0,0.0,1.0,1.0,1.0,1.0,19.7578125,94.06640625,104.7421875,89.6953125,84.44921875,271.95703125,295.69140625,259.32421875,0.0,0.0,0.51953125,39.8863525390625
none,0,592,1.0,0.0,1.0,1.0,1.0,1.0,19.5859375,95.64453125,104.51171875,89.0078125,82.66796875,276.66796875,297.22265625,258.51953125,0.0,0.0,0.484375,40.211265563964844
none,0,593,1.0,0.0,1.0,1.0,1.0,1.0,20.10546875,96.69140625,105.203125,87.64453125,83.71875,279.109375,300.03125,255.625,0.0,0.0,0.48828125,40.271484375
none,0,594,1.0,0.0,1.0,1.0,1.0,1.0,20.08984375,95.21875,104.9765625,89.69140625,84.140625,274.86328125,297.734375,261.140625,0.0,0.0,0.54296875,40.225154876708984
none,0,595,1.0,0.0,1.0,1.0,1.0,1.0,20.16796875,95.03125,105.92578125,88.86328125,83.72265625,274.41015625,302.90234375,257.21484375,0.0,0.0,0.54296875,40.332454681396484
none,0,596,1.0,0.0,1.0,1.0,1.0,1.0,19.83203125,95.29296875,105.23046875,88.734375,82.8359375,274.640625,299.2109375,258.02734375,0.0,0.0,0.5,40.134849548339844
none,0,597,1.0,0.0,1.0,1.0,1.0,1.0,20.484375,94.6484375,103.71875,89.9375,86.03515625,272.875,295.3359375,261.13671875,0.0,0.0,0.4765625,40.00327682495117
none,0,598,1.0,0.0,1.0,1.0,1.0,1.0,19.953125,95.37890625,105.12890625,88.94140625,83.64453125,273.88671875,296.5,258.06640625,0.0,0.0,0.4609375,40.2412109375
none,0,599,1.0,0.0,1.0,1.0,1.0,1.0,20.50390625,96.203125,104.72265625,88.6796875,86.3125,277.19140625,297.68359375,256.8046875,0.0,0.0,0.5,40.18040466308594
none,0,600,1.0,0.0,1.0,1.0,1.0,1.0,19.9921875,95.2109375,105.76953125,89.45703125,84.85546875,274.02734375,300.7265625,258.83984375,0.0,0.0,0.43359375,40.350616455078125
none,0,601,1.0,0.0,1.0,1.0,1.0,1.0,19.62890625,95.41015625,105.78125,90.39453125,83.59375,275.48828125,300.078125,261.80078125,0.0,0.0,0.5234375,40.55984878540039
none,0,602,1.0,0.0,1.0,1.0,1.0,1.0,19.41796875,97.61328125,106.546875,87.796875,81.828125,282.203125,302.078125,256.30859375,0.0,0.0,0.47265625,40.710079193115234
none,0,603,1.0,0.0,1.0,1.0,1.0,1.0,19.515625,95.53515625,105.85546875,89.28125,82.78515625,275.921875,300.4609375,258.49609375,0.0,0.0,0.47265625,40.44374084472656
none,0,604,1.0,0.0,1.0,1.0,1.0,1.0,20.07421875,95.5703125,105.66796875,88.80859375,83.65625,275.63671875,299.5078125,255.78125,0.0,0.0,0.49609375,40.40899658203125
none,0,605,1.0,0.0,1.0,1.0,1.0,1.0,19.61328125,95.37109375,106.94921875,87.28125,82.14453125,276.234375,304.08984375,252.6484375,0.0,0.0,0.41796875,40.312255859375
none,0,606,1.0,0.0,1.0,1.0,1.0,1.0,19.7421875,95.7734375,105.3828125,88.23046875,83.59375,275.95703125,297.44140625,255.41796875,0.0,0.0,0.4609375,40.34185791015625
none,0,607,1.0,0.0,1.0,1.0,1.0,1.0,19.3984375,96.65625,105.3984375,89.0078125,81.48828125,278.06640625,297.81640625,257.609375,0.0,0.0,0.484375,40.17628479003906
none,0,608,1.0,0.0,1.0,1.0,1.0,1.0,19.48828125,97.921875,105.3359375,88.828125,81.0859375,280.18359375,298.2578125,256.03515625,0.0,0.0,0.47265625,40.90159606933594
none,0,609,1.0,0.0,1.0,1.0,1.0,1.0,19.55078125,97.796875,106.0390625,89.75,81.8359375,279.72265625,299.08984375,258.5,0.0,0.0,0.5234375,40.98107147216797
none,0,610,1.0,0.0,1.0,1.0,1.0,1.0,19.30078125,96.2578125,106.00390625,89.45703125,81.51171875,276.30859375,299.21875,258.1015625,0.0,0.0,0.54296875,40.50740051269531
none,0,611,1.0,0.0,1.0,1.0,1.0,1.0,19.76171875,98.6640625,104.96484375,88.12890625,83.46484375,284.35546875,293.71875,253.36328125,0.0,0.0,0.4375,40.563255310058594
none,0,612,1.0,0.0,1.0,1.0,1.0,1.0,19.64453125,95.88671875,105.80078125,89.4296875,83.21875,273.52734375,299.62109375,258.609375,0.0,0.0,0.44140625,40.606422424316406
none,0,613,1.0,0.0,1.0,1.0,1.0,1.0,19.60546875,96.75390625,105.0390625,88.1953125,83.0625,277.58203125,297.421875,255.05078125,0.0,0.0,0.44921875,40.33820343017578
none,0,614,1.0,0.0,1.0,1.0,1.0,1.0,19.28125,97.046875,106.2734375,89.265625,81.36328125,278.08984375,300.8671875,255.69921875,0.0,0.0,0.50390625,40.77507781982422
none,0,615,1.0,0.0,1.0,1.0,1.0,1.0,20.0625,96.37890625,105.73828125,91.13671875,84.14453125,275.60546875,298.7578125,263.0,0.0,0.0,0.52734375,40.92122268676758
none,0,616,1.0,0.0,1.0,1.0,1.0,1.0,19.52734375,98.3046875,105.51171875,89.61328125,82.96484375,282.1484375,298.23828125,257.9296875,0.0,0.0,0.5,41.03342819213867
none,0,617,1.0,0.0,1.0,1.0,1.0,1.0,19.015625,97.08203125,106.35546875,90.41015625,81.27734375,277.44921875,299.6171875,262.12890625,0.0,0.0,0.43359375,41.08625030517578
none,0,618,1.0,0.0,1.0,1.0,1.0,1.0,19.2421875,95.71875,106.9921875,89.90625,80.41796875,274.671875,302.29296875,259.33203125,0.0,0.0,0.484375,40.747222900390625
none,0,619,1.0,0.0,1.0,1.0,1.0,1.0,19.859375,96.29296875,105.9140625,89.5078125,83.62109375,279.265625,299.5234375,257.3515625,0.0,0.0,0.53125,40.77104568481445
none,0,620,1.0,0.0,1.0,1.0,1.0,1.0,19.2109375,96.68359375,107.03515625,89.53125,80.0546875,277.75,303.859375,259.72265625,0.0,0.0,0.46484375,40.912166595458984
none,0,621,1.0,0.0,1.0,1.0,1.0,1.0,19.3125,97.0703125,106.5625,88.28125,81.8515625,278.0625,300.890625,254.80078125,0.0,0.0,0.453125,40.69640350341797
none,0,622,1.0,0.0,1.0,1.0,1.0,1.0,19.5625,96.78515625,107.2109375,90.12890625,81.48828125,276.6875,302.7421875,257.66015625,0.0,0.0,0.44140625,41.03590393066406
none,0,623,1.0,0.0,1.0,1.0,1.0,1.0,19.58984375,96.38671875,106.5234375,91.08984375,81.41796875,275.75,299.13671875,262.52734375,0.0,0.0,0.43359375,40.89455795288086
none,0,624,1.0,0.0,1.0,1.0,1.0,1.0,18.9453125,98.1015625,107.1875,90.22265625,80.6796875,280.76171875,302.625,261.39453125,0.0,0.0,0.37109375,41.42024230957031
none,0,625,1.0,0.0,1.0,1.0,1.0,1.0,19.44921875,97.88671875,106.7421875,89.5625,81.5078125,280.30078125,301.54296875,257.62890625,0.0,0.0,0.38671875,41.04020309448242
none,0,626,1.0,0.0,1.0,1.0,1.0,1.0,19.765625,95.94140625,106.54296875,91.01171875,83.40625,275.34375,301.19921875,262.26953125,0.0,0.0,0.42578125,40.942623138427734
none,0,627,1.0,0.0,1.0,1.0,1.0,1.0,19.28125,97.4921875,107.35546875,89.78515625,82.1015625,280.97265625,302.52734375,259.359375,0.0,0.0,0.42578125,41.090240478515625
none,0,628,1.0,0.0,1.0,1.0,1.0,1.0,19.25,97.83984375,107.57421875,88.8359375,80.578125,281.66015625,304.8984375,256.75390625,0.0,0.0,0.37109375,41.14189147949219
none,0,629,1.0,0.0,1.0,1.0,1.0,1.0,19.19921875,97.1875,106.83984375,90.01953125,82.515625,278.3984375,304.74609375,261.07421875,0.0,0.0,0.484375,41.130165100097656
none,0,630,1.0,0.0,1.0,1.0,1.0,1.0,19.4296875,97.83203125,107.6171875,89.83203125,83.4609375,281.16015625,306.66796875,261.3125,0.0,0.0,0.421875,41.28825378417969
none,0,631,1.0,0.0,1.0,1.0,1.0,1.0,18.87109375,96.30078125,107.77734375,90.4140625,79.66796875,278.30859375,306.828125,260.71484375,0.0,0.0,0.4453125,41.26836395263672
none,0,632,1.0,0.0,1.0,1.0,1.0,1.0,19.24609375,98.44921875,107.484375,90.1640625,81.19921875,282.3671875,304.42578125,260.9453125,0.0,0.0,0.37890625,41.469154357910156
none,0,633,1.0,0.0,1.0,1.0,1.0,1.0,19.94921875,96.76171875,107.0703125,91.03125,85.078125,276.3984375,302.64453125,263.87109375,0.0,0.0,0.4375,41.03031539916992
none,0,634,1.0,0.0,1.0,1.0,1.0,1.0,19.6328125,98.015625,107.23046875,91.15234375,82.63671875,281.72265625,302.53125,264.08984375,0.0,0.0,0.51953125,41.5074462890625
none,0,635,1.0,0.0,1.0,1.0,1.0,1.0,20.10546875,96.2890625,105.70703125,91.95703125,85.18359375,276.9296875,298.29296875,267.0,0.0,0.0,0.5078125,40.888973236083984
none,0,636,1.0,0.0,1.0,1.0,1.0,1.0,19.41015625,97.49609375,106.171875,91.15234375,82.609375,278.953125,300.5,264.953125,0.0,0.0,0.5234375,41.213951110839844
none,0,637,1.0,0.0,1.0,1.0,1.0,1.0,19.16796875,98.234375,106.453125,90.6953125,81.46484375,282.7109375,302.03515625,261.01953125,0.0,0.0,0.453125,41.344154357910156
none,0,638,1.0,0.0,1.0,1.0,1.0,1.0,19.1796875,97.40625,107.08984375,90.546875,81.515625,279.16796875,304.03125,262.484375,0.0,0.0,0.4140625,41.276763916015625
none,0,639,1.0,0.0,1.0,1.0,1.0,1.0,19.20703125,97.30859375,107.22265625,90.8359375,82.265625,278.8359375,303.51171875,262.6796875,0.0,0.0,0.3671875,41.278343200683594
none,0,640,1.0,0.0,1.0,1.0,1.0,1.0,18.8828125,99.203125,107.57421875,90.26171875,81.16015625,284.34765625,303.9375,259.76171875,0.0,0.0,0.3828125,41.598976135253906
none,0,641,1.0,0.0,1.0,1.0,1.0,1.0,18.66015625,98.70703125,107.78515625,90.21484375,80.359375,282.21875,303.421875,259.53125,0.0,0.0,0.48828125,41.73957824707031
none,0,642,1.0,0.0,1.0,1.0,1.0,1.0,18.76171875,98.6484375,107.99609375,89.3984375,79.4296875,281.29296875,303.90234375,257.5859375,0.0,0.0,0.46875,41.487953186035156
none,0,643,1.0,0.0,1.0,1.0,1.0,1.0,19.7265625,98.07421875,108.76953125,89.8515625,82.75,280.484375,305.640625,258.14453125,0.0,0.0,0.42578125,41.57295227050781
none,0,644,1.0,0.0,1.0,1.0,1.0,1.0,19.140625,99.4140625,108.54296875,90.3359375,81.34765625,283.01953125,305.2109375,259.6015625,0.0,0.0,0.4375,41.8433837890625
none,0,645,1.0,0.0,1.0,1.0,1.0,1.0,19.2734375,96.91796875,109.5625,91.140625,81.640625,274.03125,308.5390625,262.08984375,0.0,0.0,0.40625,41.828346252441406
none,0,646,1.0,0.0,1.0,1.0,1.0,1.0,19.09765625,99.125,108.20703125,91.09765625,80.37890625,281.4609375,303.22265625,260.44921875,0.0,0.0,0.53515625,41.98075485229492
none,0,647,1.0,0.0,1.0,1.0,1.0,1.0,19.3203125,96.12109375,108.23828125,93.0,80.609375,272.734375,302.52734375,266.67578125,0.0,0.0,0.35546875,41.51020050048828
none,0,648,1.0,0.0,1.0,1.0,1.0,1.0,18.65625,98.13671875,109.6875,91.8828125,78.640625,279.03515625,307.578125,262.75390625,0.0,0.0,0.45703125,42.13292694091797
none,0,649,1.0,0.0,1.0,1.0,1.0,1.0,18.80078125,100.3359375,107.5625,92.42578125,80.0546875,285.109375,300.56640625,264.6875,0.0,0.0,0.4375,42.031951904296875
none,0,650,1.0,0.0,1.0,1.0,1.0,1.0,18.5703125,98.24609375,106.5546875,92.140625,81.76171875,280.2890625,300.04296875,264.83984375,0.0,0.0,0.4921875,41.786659240722656
none,0,651,1.0,0.0,1.0,1.0,1.0,1.0,19.390625,99.98046875,107.30859375,91.9921875,81.02734375,284.66015625,302.51171875,264.62109375,0.0,0.0,0.3984375,42.046974182128906
none,0,652,1.0,0.0,1.0,1.0,1.0,1.0,18.51171875,99.3203125,108.23046875,90.4296875,78.51171875,284.640625,304.57421875,259.890625,0.0,0.0,0.421875,41.96022415161133
none,0,653,1.0,0.0,1.0,1.0,1.0,1.0,18.59375,99.08984375,108.859375,89.79296875,79.83203125,283.60546875,307.73828125,258.1015625,0.0,0.0,0.48828125,42.030128479003906
none,0,654,1.0,0.0,1.0,1.0,1.0,1.0,18.578125,97.19921875,109.015625,90.79296875,78.8671875,277.33984375,306.71484375,260.7265625,0.0,0.0,0.44921875,41.74248123168945
none,0,655,1.0,0.0,1.0,1.0,1.0,1.0,18.81640625,99.07421875,108.61328125,91.34765625,80.0859375,282.51171875,304.80859375,261.22265625,0.0,0.0,0.4375,42.00489044189453
none,0,656,1.0,0.0,1.0,1.0,1.0,1.0,18.8984375,99.5078125,108.5546875,91.41796875,81.984375,281.578125,304.91015625,262.37109375,0.0,0.0,0.4453125,42.130889892578125
none,0,657,1.0,0.0,1.0,1.0,1.0,1.0,19.33203125,97.7578125,108.46875,92.76171875,82.83984375,278.0234375,305.87890625,266.26171875,0.0,0.0,0.4296875,41.975791931152344
none,0,658,1.0,0.0,1.0,1.0,1.0,1.0,19.15234375,98.5546875,108.53515625,92.734375,82.54296875,281.59765625,304.92578125,266.2578125,0.0,0.0,0.39453125,42.164573669433594
none,0,659,1.0,0.0,1.0,1.0,1.0,1.0,19.50390625,98.06640625,107.98828125,92.12109375,81.77734375,279.66796875,302.1015625,263.8515625,0.0,0.0,0.51953125,41.71623611450195
none,0,660,1.0,0.0,1.0,1.0,1.0,1.0,19.140625,98.88671875,107.03515625,92.89453125,82.63671875,281.7109375,300.671875,265.84765625,0.0,0.0,0.390625,41.91340637207031
none,0,661,1.0,0.0,1.0,1.0,1.0,1.0,18.52734375,99.93359375,109.359375,91.21484375,80.34375,283.54296875,304.47265625,262.265625,0.0,0.0,0.4453125,42.286109924316406
none,0,662,1.0,0.0,1.0,1.0,1.0,1.0,18.0546875,99.65234375,109.2421875,91.32421875,78.75,283.54296875,307.08984375,261.00390625,0.0,0.0,0.3125,42.526336669921875
none,0,663,1.0,0.0,1.0,1.0,1.0,1.0,18.828125,99.6171875,108.56640625,91.703125,80.05078125,283.71484375,303.66015625,263.69140625,0.0,0.0,0.3671875,42.36616516113281
none,0,664,1.0,0.0,1.0,1.0,1.0,1.0,19.0234375,101.125,108.3671875,91.63671875,80.55859375,286.39453125,304.3046875,262.25,0.0,0.0,0.41796875,42.250057220458984
none,0,665,1.0,0.0,1.0,1.0,1.0,1.0,18.9765625,100.8046875,107.77734375,91.84765625,80.6953125,287.61328125,302.12109375,261.79296875,0.0,0.0,0.4140625,42.188289642333984
none,0,666,1.0,0.0,1.0,1.0,1.0,1.0,18.75390625,99.11328125,110.17578125,93.25,79.7578125,281.015625,308.23828125,266.796875,0.0,0.0,0.43359375,42.646156311035156
none,0,667,1.0,0.0,1.0,1.0,1.0,1.0,18.890625,99.65234375,108.8359375,92.37890625,79.85546875,283.24609375,304.921875,265.640625,0.0,0.0,0.45703125,42.369178771972656
none,0,668,1.0,0.0,1.0,1.0,1.0,1.0,18.09375,101.16015625,109.28125,91.14453125,78.2578125,286.1796875,305.7890625,261.78125,0.0,0.0,0.421875,42.65313720703125
none,0,669,1.0,0.0,1.0,1.0,1.0,1.0,18.37109375,99.23828125,108.48828125,92.01171875,78.89453125,283.046875,304.92578125,264.078125,0.0,0.0,0.36328125,42.28931427001953
none,0,670,1.0,0.0,1.0,1.0,1.0,1.0,18.37109375,99.21484375,109.5703125,93.484375,80.7265625,281.57421875,308.81640625,266.58203125,0.0,0.0,0.37109375,42.78156280517578
none,0,671,1.0,0.0,1.0,1.0,1.0,1.0,19.26171875,100.3203125,110.01953125,92.33984375,83.26953125,285.41015625,309.93359375,263.3515625,0.0,0.0,0.44140625,42.5888786315918
none,0,672,1.0,0.0,1.0,1.0,1.0,1.0,18.5390625,99.73828125,108.3125,93.63671875,80.78125,283.8828125,305.4453125,267.81640625,0.0,0.0,0.4140625,42.50175476074219
none,0,673,1.0,0.0,1.0,1.0,1.0,1.0,18.375,99.4453125,108.828125,92.01171875,77.79296875,283.9765625,306.1796875,263.27734375,0.0,0.0,0.453125,42.412330627441406
none,0,674,1.0,0.0,1.0,1.0,1.0,1.0,19.0703125,99.1171875,108.55078125,92.25,82.1328125,283.8359375,305.05078125,263.890625,0.0,0.0,0.37109375,42.34504699707031
none,0,675,1.0,0.0,1.0,1.0,1.0,1.0,18.12890625,100.0078125,109.28515625,92.4609375,78.171875,285.80859375,307.578125,265.84765625,0.0,0.0,0.4921875,42.585140228271484
none,0,676,1.0,0.0,1.0,1.0,1.0,1.0,19.09375,98.98046875,109.14453125,92.64453125,82.1171875,281.51171875,307.0625,265.78515625,0.0,0.0,0.4296875,42.43246078491211
none,0,677,1.0,0.0,1.0,1.0,1.0,1.0,18.2109375,99.5546875,108.77734375,93.421875,78.55859375,283.1171875,305.70703125,268.20703125,0.0,0.0,0.4453125,42.64977264404297
none,0,678,1.0,0.0,1.0,1.0,1.0,1.0,19.15234375,100.66796875,110.9453125,91.37890625,81.63671875,284.9609375,312.84375,261.44921875,0.0,0.0,0.375,42.686004638671875
none,0,679,1.0,0.0,1.0,1.0,1.0,1.0,18.53515625,101.0078125,110.4765625,91.61328125,79.5546875,286.25,310.05859375,262.40234375,0.0,0.0,0.4609375,42.75105285644531
none,0,680,1.0,0.0,1.0,1.0,1.0,1.0,20.03125,101.00390625,109.7890625,92.11328125,84.921875,285.796875,307.203125,263.97265625,0.0,0.0,0.45703125,42.54011535644531
none,0,681,1.0,0.0,1.0,1.0,1.0,1.0,18.921875,101.46875,109.99609375,92.46484375,81.05859375,287.5703125,308.2734375,264.51953125,0.0,0.0,0.41796875,42.739715576171875
none,0,682,1.0,0.0,1.0,1.0,1.0,1.0,18.453125,100.7890625,108.8515625,92.01171875,78.8359375,287.4375,305.18359375,264.375,0.0,0.0,0.3671875,42.54297637939453
none,0,683,1.0,0.0,1.0,1.0,1.0,1.0,18.34765625,99.1171875,109.42578125,93.30859375,78.046875,281.796875,305.3125,268.18359375,0.0,0.0,0.48828125,42.51164245605469
none,0,684,1.0,0.0,1.0,1.0,1.0,1.0,18.234375,98.8125,109.3046875,94.11328125,77.8984375,280.1640625,305.609375,269.6796875,0.0,0.0,0.390625,42.678619384765625
none,0,685,1.0,0.0,1.0,1.0,1.0,1.0,18.70703125,100.76953125,110.23046875,92.828125,80.34375,283.2890625,309.48828125,266.63671875,0.0,0.0,0.46484375,43.09503173828125
none,0,686,1.0,0.0,1.0,1.0,1.0,1.0,17.99609375,98.80078125,110.8125,94.51171875,77.55078125,280.61328125,309.1875,269.58203125,0.0,0.0,0.45703125,42.9541130065918
none,0,687,1.0,0.0,1.0,1.0,1.0,1.0,18.0703125,99.8515625,110.0234375,93.26953125,78.13671875,282.76953125,308.64453125,267.14453125,0.0,0.0,0.4140625,42.796531677246094
none,0,688,1.0,0.0,1.0,1.0,1.0,1.0,17.8125,100.48828125,110.4453125,94.75,76.0859375,285.21875,309.6953125,270.86328125,0.0,0.0,0.37890625,43.403892517089844
none,0,689,1.0,0.0,1.0,1.0,1.0,1.0,18.578125,99.58984375,111.44921875,93.640625,80.78125,283.78515625,311.09375,267.1640625,0.0,0.0,0.4921875,43.178504943847656
none,0,690,1.0,0.0,1.0,1.0,1.0,1.0,18.765625,99.81640625,111.32421875,94.546875,80.58203125,283.40234375,311.1015625,269.33203125,0.0,0.0,0.46484375,43.212093353271484
none,0,691,1.0,0.0,1.0,1.0,1.0,1.0,18.5859375,101.265625,110.1640625,94.2890625,80.69921875,286.75,308.828125,269.265625,0.0,0.0,0.37890625,43.26121139526367
none,0,692,1.0,0.0,1.0,1.0,1.0,1.0,18.72265625,100.1640625,109.921875,93.9765625,81.71484375,283.00390625,306.8046875,269.01953125,0.0,0.0,0.41796875,42.94087219238281
none,0,693,1.0,0.0,1.0,1.0,1.0,1.0,17.921875,101.1875,110.1015625,95.20703125,78.41796875,285.56640625,308.078125,270.78515625,0.0,0.0,0.35546875,43.624794006347656
none,0,694,1.0,0.0,1.0,1.0,1.0,1.0,18.234375,99.44140625,110.734375,93.34375,77.17578125,282.265625,309.52734375,266.51953125,0.0,0.0,0.40234375,43.242462158203125
none,0,695,1.0,0.0,1.0,1.0,1.0,1.0,18.41015625,99.37890625,109.99609375,94.1796875,79.33203125,280.484375,307.9765625,268.8359375,0.0,0.0,0.41796875,42.753173828125
none,0,696,1.0,0.0,1.0,1.0,1.0,1.0,18.6953125,100.47265625,111.43359375,93.3828125,80.64453125,284.37890625,311.953125,266.98046875,0.0,0.0,0.4609375,43.27550506591797
none,0,697,1.0,0.0,1.0,1.0,1.0,1.0,18.33203125,101.19921875,111.01953125,93.73828125,78.59375,285.390625,311.1953125,266.00390625,0.0,0.0,0.4375,43.37788009643555
none,0,698,1.0,0.0,1.0,1.0,1.0,1.0,17.92578125,100.8984375,111.6640625,93.12890625,78.71484375,284.32421875,312.328125,264.0859375,0.0,0.0,0.3671875,43.23853302001953
none,0,699,1.0,0.0,1.0,1.0,1.0,1.0,18.44921875,100.6328125,110.05078125,94.625,79.65234375,284.625,307.83203125,268.20703125,0.0,0.0,0.43359375,43.1531982421875
none,0,700,1.0,0.0,1.0,1.0,1.0,1.0,18.15625,101.15234375,112.6328125,92.95703125,78.1015625,286.12109375,314.390625,264.5546875,0.0,0.0,0.46484375,43.40989685058594
none,0,701,1.0,0.0,1.0,1.0,1.0,1.0,18.1875,100.16015625,111.71484375,93.69921875,78.12890625,283.66015625,313.11328125,267.87109375,0.0,0.0,0.41796875,43.209835052490234
none,0,702,1.0,0.0,1.0,1.0,1.0,1.0,17.64453125,101.109375,110.91015625,94.16015625,76.4765625,287.01953125,308.94921875,268.48046875,0.0,0.0,0.3828125,43.46979904174805
none,0,703,1.0,0.0,1.0,1.0,1.0,1.0,18.2734375,100.49609375,110.35546875,95.1015625,79.4921875,283.4765625,308.19921875,271.26171875,0.0,0.0,0.39453125,43.261940002441406
none,0,704,1.0,0.0,1.0,1.0,1.0,1.0,18.71484375,101.10546875,110.8671875,94.48828125,80.1171875,286.78515625,309.16015625,269.046875,0.0,0.0,0.41796875,43.30925750732422
none,0,705,1.0,0.0,1.0,1.0,1.0,1.0,17.41796875,101.046875,112.1953125,93.91015625,76.8828125,286.390625,312.53515625,267.61328125,0.0,0.0,0.3359375,43.69707489013672
none,0,706,1.0,0.0,1.0,1.0,1.0,1.0,17.96875,101.04296875,109.94921875,95.0703125,79.34765625,286.390625,308.9375,271.46875,0.0,0.0,0.421875,43.354827880859375
none,0,707,1.0,0.0,1.0,1.0,1.0,1.0,18.0859375,101.1328125,110.72265625,95.8828125,78.21484375,287.71484375,310.66796875,273.09765625,0.0,0.0,0.390625,43.82992172241211
none,0,708,1.0,0.0,1.0,1.0,1.0,1.0,17.7265625,101.78515625,110.484375,94.0703125,78.2734375,288.26171875,308.8359375,268.26171875,0.0,0.0,0.3515625,43.37577438354492
none,0,709,1.0,0.0,1.0,1.0,1.0,1.0,18.0,101.80078125,109.859375,95.03515625,78.18359375,287.66796875,306.203125,269.71484375,0.0,0.0,0.41796875,43.456703186035156
none,0,710,1.0,0.0,1.0,1.0,1.0,1.0,18.46875,101.4609375,111.859375,94.421875,79.2578125,286.58984375,312.390625,269.69921875,0.0,0.0,0.3828125,43.83690643310547
none,0,711,1.0,0.0,1.0,1.0,1.0,1.0,17.1171875,100.9375,111.90234375,94.328125,75.890625,285.65625,313.29296875,268.9765625,0.0,0.0,0.44140625,43.82583236694336
none,0,712,1.0,0.0,1.0,1.0,1.0,1.0,17.99609375,100.99609375,112.171875,93.6015625,78.1484375,285.80859375,313.609375,265.12890625,0.0,0.0,0.41015625,43.47869110107422
none,0,713,1.0,0.0,1.0,1.0,1.0,1.0,18.00390625,101.1328125,112.35546875,93.39453125,77.09375,286.16796875,313.51171875,265.08984375,0.0,0.0,0.3984375,43.557167053222656
none,0,714,1.0,0.0,1.0,1.0,1.0,1.0,17.55078125,101.953125,113.1484375,93.73828125,76.265625,287.34375,313.26953125,266.12890625,0.0,0.0,0.3046875,44.027862548828125
none,0,715,1.0,0.0,1.0,1.0,1.0,1.0,18.17578125,101.8515625,111.6796875,94.44140625,78.234375,286.29296875,309.828125,266.45703125,0.0,0.0,0.4375,43.63950729370117
none,0,716,1.0,0.0,1.0,1.0,1.0,1.0,18.171875,101.77734375,113.328125,91.96484375,77.046875,287.14453125,314.75,259.91015625,0.0,0.0,0.40625,43.505882263183594
none,0,717,1.0,0.0,1.0,1.0,1.0,1.0,16.96484375,102.66796875,112.609375,93.95703125,74.19140625,289.10546875,312.8125,266.00390625,0.0,0.0,0.37109375,44.224159240722656
none,0,718,1.0,0.0,1.0,1.0,1.0,1.0,17.64453125,102.55859375,111.078125,95.12109375,76.328125,289.76171875,308.703125,269.6796875,0.0,0.0,0.30859375,43.834312438964844
none,0,719,1.0,0.0,1.0,1.0,1.0,1.0,17.91796875,101.53125,111.2578125,94.48828125,77.734375,287.75,309.19921875,267.5625,0.0,0.0,0.3203125,43.69090270996094
none,0,720,1.0,0.0,1.0,1.0,1.0,1.0,17.859375,102.2109375,112.68359375,93.6953125,76.9140625,288.578125,313.984375,265.8359375,0.0,0.0,0.3984375,43.70261764526367
none,0,721,1.0,0.0,1.0,1.0,1.0,1.0,17.82421875,101.90625,111.484375,93.8984375,77.1796875,288.0546875,310.5546875,267.2890625,0.0,0.0,0.328125,43.60978698730469
none,0,722,1.0,0.0,1.0,1.0,1.0,1.0,18.03125,102.265625,111.41796875,96.4296875,79.30859375,288.48046875,311.6796875,272.25,0.0,0.0,0.34375,44.1643180847168
none,0,723,1.0,0.0,1.0,1.0,1.0,1.0,18.09375,102.61328125,112.06640625,92.9453125,78.73828125,290.99609375,312.48046875,264.3046875,0.0,0.0,0.4609375,43.64449691772461
none,0,724,1.0,0.0,1.0,1.0,1.0,1.0,18.15234375,101.9140625,111.68359375,95.9453125,79.00390625,287.06640625,311.90234375,272.4453125,0.0,0.0,0.39453125,43.989646911621094
none,0,725,1.0,0.0,1.0,1.0,1.0,1.0,17.72265625,103.08203125,112.0,94.94921875,78.45703125,292.17578125,312.92578125,267.55859375,0.0,0.0,0.359375,44.082237243652344
none,0,726,1.0,0.0,1.0,1.0,1.0,1.0,18.0234375,101.2734375,113.625,95.30859375,79.9765625,285.80078125,315.9609375,271.375,0.0,0.0,0.3671875,44.157630920410156
none,0,727,1.0,0.0,1.0,1.0,1.0,1.0,17.6640625,103.1328125,112.55859375,94.12109375,78.37890625,291.9140625,313.85546875,267.41015625,0.0,0.0,0.421875,44.118492126464844
none,0,728,1.0,0.0,1.0,1.0,1.0,1.0,17.703125,101.20703125,112.7421875,95.4375,76.453125,286.0703125,313.23046875,269.97265625,0.0,0.0,0.34765625,44.02181625366211
none,0,729,1.0,0.0,1.0,1.0,1.0,1.0,17.984375,101.99609375,113.30859375,94.328125,78.6640625,287.5078125,315.0546875,268.12890625,0.0,0.0,0.375,44.051055908203125
none,0,730,1.0,0.0,1.0,1.0,1.0,1.0,18.27734375,101.890625,112.140625,96.14453125,80.4609375,286.62890625,310.0390625,271.72265625,0.0,0.0,0.4453125,44.097251892089844
none,0,731,1.0,0.0,1.0,1.0,1.0,1.0,18.1796875,101.1328125,111.76171875,96.38671875,79.58203125,285.13671875,310.18359375,274.75390625,0.0,0.0,0.37890625,43.98545837402344
none,0,732,1.0,0.0,1.0,1.0,1.0,1.0,17.88671875,101.71484375,112.0,95.59765625,78.43359375,287.25,310.64453125,270.22265625,0.0,0.0,0.26171875,44.09596252441406
none,0,733,1.0,0.0,1.0,1.0,1.0,1.0,17.90234375,102.1328125,111.4453125,93.83203125,77.90625,287.63671875,309.81640625,268.30859375,0.0,0.0,0.3671875,43.63648223876953
none,0,734,1.0,0.0,1.0,1.0,1.0,1.0,18.55859375,103.3359375,111.1171875,94.78515625,81.1953125,291.75,310.25390625,269.83203125,0.0,0.0,0.4140625,43.949684143066406
none,0,735,1.0,0.0,1.0,1.0,1.0,1.0,17.921875,101.6875,113.18359375,94.34375,78.34375,285.90234375,313.375,269.8359375,0.0,0.0,0.34765625,44.00408172607422
none,0,736,1.0,0.0,1.0,1.0,1.0,1.0,18.046875,103.22265625,112.01171875,95.42578125,78.01953125,290.84765625,311.3828125,271.88671875,0.0,0.0,0.35546875,44.16009521484375
none,0,737,1.0,0.0,1.0,1.0,1.0,1.0,17.7890625,102.83203125,112.765625,95.6953125,78.2109375,288.05078125,313.19140625,270.31640625,0.0,0.0,0.33984375,44.581661224365234
none,0,738,1.0,0.0,1.0,1.0,1.0,1.0,17.59375,102.7109375,113.8125,96.1328125,77.8125,286.2109375,316.48046875,271.8125,0.0,0.0,0.40234375,44.51190948486328
none,0,739,1.0,0.0,1.0,1.0,1.0,1.0,18.12109375,102.9375,113.671875,95.79296875,78.2578125,288.77734375,316.48046875,271.5625,0.0,0.0,0.359375,44.56830978393555
none,0,740,1.0,0.0,1.0,1.0,1.0,1.0,17.4765625,102.63671875,113.7890625,95.18359375,76.69140625,289.61328125,315.8984375,268.94140625,0.0,0.0,0.3984375,44.40627670288086
none,0,741,1.0,0.0,1.0,1.0,1.0,1.0,17.95703125,102.55859375,114.65234375,95.5859375,77.57421875,288.51171875,319.45703125,269.78125,0.0,0.0,0.41796875,44.654937744140625
none,0,742,1.0,0.0,1.0,1.0,1.0,1.0,17.8984375,103.484375,113.26171875,95.58984375,79.44921875,290.609375,310.65625,269.390625,0.0,0.0,0.38671875,44.49198532104492
none,0,743,1.0,0.0,1.0,1.0,1.0,1.0,17.3671875,103.06640625,113.71875,94.234375,75.34765625,290.76171875,315.03515625,263.45703125,0.0,0.0,0.4296875,44.44502258300781
none,0,744,1.0,0.0,1.0,1.0,1.0,1.0,18.3203125,105.73828125,112.72265625,94.26953125,79.6640625,297.30078125,311.9375,264.30859375,0.0,0.0,0.37890625,44.680686950683594
none,0,745,1.0,0.0,1.0,1.0,1.0,1.0,17.89453125,104.5234375,111.45703125,94.6953125,77.21484375,293.4921875,307.046875,266.578125,0.0,0.0,0.42578125,44.26597595214844
none,0,746,1.0,0.0,1.0,1.0,1.0,1.0,18.1484375,103.12109375,113.2421875,95.17578125,78.64453125,288.3515625,311.79296875,266.890625,0.0,0.0,0.46875,44.3560905456543
none,0,747,1.0,0.0,1.0,1.0,1.0,1.0,17.80859375,104.47265625,113.73046875,94.890625,76.26171875,291.80859375,313.171875,266.53515625,0.0,0.0,0.42578125,44.699462890625
none,0,748,1.0,0.0,1.0,1.0,1.0,1.0,18.05078125,104.09765625,112.5859375,95.3828125,78.3125,291.78515625,310.28515625,269.4453125,0.0,0.0,0.37890625,44.50274658203125
none,0,749,1.0,0.0,1.0,1.0,1.0,1.0,17.86328125,103.4375,114.05859375,95.2890625,78.6953125,290.44921875,314.484375,269.515625,0.0,0.0,0.375,44.58289337158203
none,0,750,1.0,0.0,1.0,1.0,1.0,1.0,17.46875,103.23046875,113.828125,95.9140625,76.78125,292.140625,314.0625,271.1171875,0.0,0.0,0.3203125,44.753475189208984
none,0,751,1.0,0.0,1.0,1.0,1.0,1.0,17.67578125,103.09375,113.1640625,96.71484375,78.23828125,290.2109375,314.90234375,275.38671875,0.0,0.0,0.4296875,44.83916473388672
none,0,752,1.0,0.0,1.0,1.0,1.0,1.0,17.93359375,102.4765625,113.40234375,96.40625,79.89453125,287.2421875,315.578125,273.9921875,0.0,0.0,0.34765625,44.420143127441406
none,0,753,1.0,0.0,1.0,1.0,1.0,1.0,18.18359375,102.67578125,113.859375,96.56640625,79.58984375,288.76953125,316.8125,273.2578125,0.0,0.0,0.4296875,44.65062713623047
none,0,754,1.0,0.0,1.0,1.0,1.0,1.0,17.15625,103.32421875,114.65625,97.03515625,77.06640625,290.26171875,318.19140625,274.12890625,0.0,0.0,0.390625,45.232139587402344
none,0,755,1.0,0.0,1.0,1.0,1.0,1.0,18.0,104.1015625,113.14453125,95.734375,79.4609375,293.859375,314.046875,270.1953125,0.0,0.0,0.33203125,44.698692321777344
none,0,756,1.0,0.0,1.0,1.0,1.0,1.0,18.0625,102.52734375,113.203125,96.85546875,79.91015625,287.44140625,314.78125,274.62890625,0.0,0.0,0.40234375,44.533782958984375
none,0,757,1.0,0.0,1.0,1.0,1.0,1.0,17.36328125,103.265625,112.5,96.45703125,78.18359375,290.96484375,312.5,272.2265625,0.0,0.0,0.3984375,44.647972106933594
none,0,758,1.0,0.0,1.0,1.0,1.0,1.0,18.34765625,103.546875,113.94921875,96.546875,80.07421875,290.6953125,316.4140625,273.90625,0.0,0.0,0.328125,44.982383728027344
none,0,759,1.0,0.0,1.0,1.0,1.0,1.0,17.5,103.26171875,113.8671875,97.1953125,77.2578125,290.65625,314.96875,274.73828125,0.0,0.0,0.23046875,45.136749267578125
none,0,760,1.0,0.0,1.0,1.0,1.0,1.0,18.19921875,103.41796875,112.58203125,96.30859375,79.7890625,289.78515625,311.859375,273.17578125,0.0,0.0,0.40234375,44.4232177734375
none,0,761,1.0,0.0,1.0,1.0,1.0,1.0,18.31640625,103.49609375,115.10546875,95.97265625,79.703125,289.80078125,317.83203125,269.88671875,0.0,0.0,0.3046875,44.98143768310547
none,0,762,1.0,0.0,1.0,1.0,1.0,1.0,17.484375,104.0859375,114.40234375,96.62890625,76.5859375,290.55078125,315.83203125,273.26171875,0.0,0.0,0.35546875,45.132049560546875
none,0,763,1.0,0.0,1.0,1.0,1.0,1.0,17.359375,104.35546875,114.81640625,94.84375,76.91796875,292.34375,316.98046875,267.23828125,0.0,0.0,0.359375,45.04362487792969
none,0,764,1.0,0.0,1.0,1.0,1.0,1.0,17.8046875,102.26953125,115.02734375,97.7265625,77.84765625,287.0625,318.17578125,276.66015625,0.0,0.0,0.36328125,45.09162521362305
none,0,765,1.0,0.0,1.0,1.0,1.0,1.0,17.2890625,104.46484375,113.671875,98.60546875,76.45703125,291.60546875,314.58203125,278.18359375,0.0,0.0,0.3203125,45.244407653808594
none,0,766,1.0,0.0,1.0,1.0,1.0,1.0,17.55859375,104.77734375,114.5234375,95.875,76.48828125,293.9921875,316.765625,269.75,0.0,0.0,0.359375,45.02410125732422
none,0,767,1.0,0.0,1.0,1.0,1.0,1.0,17.73046875,103.09765625,114.90625,96.421875,77.81640625,289.25390625,316.9375,272.7734375,0.0,0.0,0.3125,45.023765563964844
none,0,768,1.0,0.0,1.0,1.0,1.0,1.0,17.15625,104.45703125,115.30078125,95.5546875,74.6015625,292.69140625,318.6328125,269.91796875,0.0,0.0,0.3515625,44.9909782409668
none,0,769,1.0,0.0,1.0,1.0,1.0,1.0,16.93359375,104.00390625,115.0703125,97.265625,75.09765625,291.8046875,317.48046875,273.15625,0.0,0.0,0.3984375,45.45507049560547
none,0,770,1.0,0.0,1.0,1.0,1.0,1.0,17.55859375,104.54296875,114.26953125,97.6328125,76.80078125,293.36328125,314.04296875,275.24609375,0.0,0.0,0.25,45.35246276855469
none,0,771,1.0,0.0,1.0,1.0,1.0,1.0,17.1875,105.58203125,115.31640625,95.96875,76.53515625,295.890625,317.421875,271.1640625,0.0,0.0,0.37109375,45.40963363647461
none,0,772,1.0,0.0,1.0,1.0,1.0,1.0,17.23046875,103.8046875,115.140625,98.56640625,77.18359375,290.8359375,317.41796875,276.3359375,0.0,0.0,0.3046875,45.464256286621094
none,0,773,1.0,0.0,1.0,1.0,1.0,1.0,17.578125,105.30078125,114.3828125,97.2734375,79.08984375,293.43359375,317.01953125,274.11328125,0.0,0.0,0.35546875,45.56882858276367
none,0,774,1.0,0.0,1.0,1.0,1.0,1.0,17.59765625,104.1015625,116.109375,97.921875,76.96484375,291.13671875,319.7578125,275.2734375,0.0,0.0,0.37890625,45.621368408203125
none,0,775,1.0,0.0,1.0,1.0,1.0,1.0,17.6953125,103.921875,113.92578125,98.94921875,78.80859375,290.72265625,313.75,277.98828125,0.0,0.0,0.37890625,45.56171417236328
none,0,776,1.0,0.0,1.0,1.0,1.0,1.0,17.3984375,105.03515625,113.9296875,96.640625,77.44140625,294.54296875,312.515625,271.7265625,0.0,0.0,0.3828125,45.08199691772461
none,0,777,1.0,0.0,1.0,1.0,1.0,1.0,17.45703125,104.19140625,115.1171875,96.66796875,76.49609375,289.7734375,317.0859375,271.6953125,0.0,0.0,0.36328125,45.400787353515625
none,0,778,1.0,0.0,1.0,1.0,1.0,1.0,17.7265625,104.19140625,115.5703125,99.53515625,78.73046875,289.29296875,317.5234375,278.9296875,0.0,0.0,0.3359375,45.79346466064453
none,0,779,1.0,0.0,1.0,1.0,1.0,1.0,17.7265625,106.1953125,114.69140625,96.7421875,78.625,296.0078125,315.328125,272.4921875,0.0,0.0,0.31640625,45.43334197998047
none,0,780,1.0,0.0,1.0,1.0,1.0,1.0,17.27734375,104.85546875,114.890625,98.046875,76.4296875,291.46484375,316.4453125,273.2265625,0.0,0.0,0.3125,45.590492248535156
none,0,781,1.0,0.0,1.0,1.0,1.0,1.0,17.46875,104.09765625,115.0390625,98.109375,78.47265625,289.8359375,314.7421875,276.671875,0.0,0.0,0.32421875,45.53184509277344
none,0,782,1.0,0.0,1.0,1.0,1.0,1.0,17.5390625,103.7265625,114.55078125,98.87109375,78.28125,288.37109375,315.1796875,278.18359375,0.0,0.0,0.359375,45.647193908691406
none,0,783,1.0,0.0,1.0,1.0,1.0,1.0,17.578125,106.37109375,115.6328125,96.6875,76.875,294.75390625,317.6015625,272.359375,0.0,0.0,0.3828125,45.940208435058594
none,0,784,1.0,0.0,1.0,1.0,1.0,1.0,17.42578125,105.03515625,114.31640625,97.5078125,77.0625,291.98828125,312.375,272.0625,0.0,0.0,0.296875,45.33966827392578
none,0,785,1.0,0.0,1.0,1.0,1.0,1.0,17.19921875,104.2109375,114.79296875,98.0703125,76.015625,288.2265625,316.03515625,275.828125,0.0,0.0,0.25390625,45.6529541015625
none,0,786,1.0,0.0,1.0,1.0,1.0,1.0,16.9765625,105.7890625,114.0234375,98.27734375,75.46484375,294.86328125,312.40234375,274.5546875,0.0,0.0,0.3359375,45.84980392456055
none,0,787,1.0,0.0,1.0,1.0,1.0,1.0,17.91015625,105.97265625,113.76171875,97.8359375,78.21875,295.30859375,312.89453125,274.12890625,0.0,0.0,0.296875,45.688331604003906
none,0,788,1.0,0.0,1.0,1.0,1.0,1.0,17.42578125,105.48828125,115.3984375,98.5390625,76.2734375,294.3046875,317.3671875,278.1171875,0.0,0.0,0.359375,45.96623992919922
none,0,789,1.0,0.0,1.0,1.0,1.0,1.0,17.5546875,105.1328125,116.7109375,98.28515625,79.75,291.85546875,321.984375,276.56640625,0.0,0.0,0.328125,46.0077018737793
none,0,790,1.0,0.0,1.0,1.0,1.0,1.0,17.89453125,105.1875,114.7890625,99.22265625,78.99609375,291.86328125,317.41796875,279.1171875,0.0,0.0,0.3125,45.61219787597656
none,0,791,1.0,0.0,1.0,1.0,1.0,1.0,17.65234375,105.61328125,115.23046875,96.7265625,78.9296875,294.1015625,317.9609375,272.578125,0.0,0.0,0.30859375,45.64051055908203
none,0,792,1.0,0.0,1.0,1.0,1.0,1.0,16.65625,106.57421875,115.37890625,97.015625,75.03125,298.1171875,316.4609375,272.3828125,0.0,0.0,0.359375,46.0680046081543
none,0,793,1.0,0.0,1.0,1.0,1.0,1.0,17.08984375,106.3359375,114.828125,97.68359375,76.58203125,295.30859375,317.46875,274.37109375,0.0,0.0,0.29296875,45.745269775390625
none,0,794,1.0,0.0,1.0,1.0,1.0,1.0,16.65234375,104.51953125,114.75390625,97.66796875,74.69140625,292.3984375,315.5390625,275.765625,0.0,0.0,0.30859375,45.678131103515625
none,0,795,1.0,0.0,1.0,1.0,1.0,1.0,17.23046875,105.53515625,115.48046875,98.37890625,77.56640625,293.80078125,317.36328125,278.1171875,0.0,0.0,0.35546875,46.05135726928711
none,0,796,1.0,0.0,1.0,1.0,1.0,1.0,17.05078125,104.75390625,114.953125,97.7890625,75.92578125,291.94140625,317.91015625,276.52734375,0.0,0.0,0.39453125,45.537498474121094
none,0,797,1.0,0.0,1.0,1.0,1.0,1.0,17.39453125,105.41015625,115.47265625,98.58984375,77.578125,293.7421875,317.59765625,277.94921875,0.0,0.0,0.34375,45.82843017578125
none,0,798,1.0,0.0,1.0,1.0,1.0,1.0,17.31640625,106.7109375,114.734375,97.43359375,78.859375,296.75,316.4375,274.28125,0.0,0.0,0.37890625,46.02294158935547
none,0,799,1.0,0.0,1.0,1.0,1.0,1.0,16.99609375,106.7109375,114.94140625,97.53125,75.66796875,297.65625,316.109375,274.33203125,0.0,0.0,0.3125,45.92481231689453
none,0,800,1.0,0.0,1.0,1.0,1.0,1.0,17.875,105.2265625,114.9609375,97.1796875,79.2734375,292.58203125,317.6875,274.65234375,0.0,0.0,0.34375,45.69725799560547
none,0,801,1.0,0.0,1.0,1.0,1.0,1.0,17.4140625,105.4765625,115.19921875,98.046875,77.2421875,292.7734375,317.2734375,275.27734375,0.0,0.0,0.3203125,45.8060302734375
none,0,802,1.0,0.0,1.0,1.0,1.0,1.0,17.80859375,107.0,115.30859375,97.234375,77.765625,298.375,315.56640625,271.6640625,0.0,0.0,0.40234375,45.68987274169922
none,0,803,1.0,0.0,1.0,1.0,1.0,1.0,17.6015625,106.1484375,115.87109375,99.04296875,77.73046875,295.11328125,317.6640625,277.6875,0.0,0.0,0.3203125,46.12327194213867
none,0,804,1.0,0.0,1.0,1.0,1.0,1.0,17.578125,105.49609375,116.28515625,98.33984375,77.80859375,292.828125,319.44140625,276.6640625,0.0,0.0,0.28515625,46.129005432128906
none,0,805,1.0,0.0,1.0,1.0,1.0,1.0,17.08984375,106.4609375,116.078125,97.93359375,76.9765625,293.85546875,321.45703125,276.421875,0.0,0.0,0.32421875,46.102081298828125
none,0,806,1.0,0.0,1.0,1.0,1.0,1.0,16.75390625,105.5546875,116.36328125,99.1796875,75.65234375,294.75390625,320.30859375,277.5078125,0.0,0.0,0.28515625,46.226585388183594
none,0,807,1.0,0.0,1.0,1.0,1.0,1.0,16.98828125,106.953125,116.06640625,98.21484375,75.2421875,296.984375,320.62109375,276.41796875,0.0,0.0,0.32421875,46.30168151855469
none,0,808,1.0,0.0,1.0,1.0,1.0,1.0,17.41796875,108.546875,115.64453125,96.7421875,77.10546875,303.1015625,317.94921875,271.06640625,0.0,0.0,0.31640625,46.29487228393555
none,0,809,1.0,0.0,1.0,1.0,1.0,1.0,17.09375,107.55859375,116.2265625,97.1875,77.30859375,299.28515625,319.90234375,273.05078125,0.0,0.0,0.30859375,46.418601989746094
none,0,810,1.0,0.0,1.0,1.0,1.0,1.0,17.65625,105.8125,115.765625,98.8359375,78.890625,294.51953125,318.5546875,279.54296875,0.0,0.0,0.328125,46.111351013183594
none,0,811,1.0,0.0,1.0,1.0,1.0,1.0,17.4453125,105.796875,114.90234375,98.44140625,77.88671875,295.8359375,316.1171875,278.40234375,0.0,0.0,0.29296875,45.9596061706543
none,0,812,1.0,0.0,1.0,1.0,1.0,1.0,17.2578125,108.20703125,117.23828125,98.33203125,75.86328125,299.52734375,321.62109375,275.68359375,0.0,0.0,0.29296875,46.828094482421875
none,0,813,1.0,0.0,1.0,1.0,1.0,1.0,17.89453125,104.43359375,115.48046875,99.85546875,79.4765625,290.64453125,317.9453125,280.8125,0.0,0.0,0.32421875,45.90135955810547
none,0,814,1.0,0.0,1.0,1.0,1.0,1.0,16.796875,106.87109375,115.8125,99.39453125,74.90234375,296.49609375,315.90234375,277.71875,0.0,0.0,0.359375,46.61127471923828
none,0,815,1.0,0.0,1.0,1.0,1.0,1.0,17.1484375,106.12109375,116.30859375,98.7578125,77.7109375,294.046875,318.76171875,276.328125,0.0,0.0,0.32421875,46.21985626220703
none,0,816,1.0,0.0,1.0,1.0,1.0,1.0,17.32421875,105.75390625,116.52734375,99.2421875,76.92578125,293.8671875,318.85546875,277.36328125,0.0,0.0,0.35546875,46.31353759765625
none,0,817,1.0,0.0,1.0,1.0,1.0,1.0,17.18359375,107.125,116.9140625,99.5703125,77.05078125,297.5078125,321.23828125,276.5859375,0.0,0.0,0.3125,46.50694274902344
none,0,818,1.0,0.0,1.0,1.0,1.0,1.0,17.95703125,106.98046875,115.0234375,99.9765625,80.07421875,298.14453125,315.01953125,280.75,0.0,0.0,0.3828125,46.37566375732422
none,0,819,1.0,0.0,1.0,1.0,1.0,1.0,17.22265625,104.828125,117.14453125,100.26953125,78.21875,289.9921875,323.23828125,280.6953125,0.0,0.0,0.3203125,46.43321228027344
none,0,820,1.0,0.0,1.0,1.0,1.0,1.0,17.09765625,106.19140625,117.5703125,98.41796875,77.1640625,294.89453125,321.6015625,274.12890625,0.0,0.0,0.32421875,46.545684814453125
none,0,821,1.0,0.0,1.0,1.0,1.0,1.0,17.6953125,106.41796875,115.7265625,98.5546875,79.984375,296.375,317.69140625,276.9140625,0.0,0.0,0.32421875,46.15169906616211
none,0,822,1.0,0.0,1.0,1.0,1.0,1.0,17.63671875,106.23828125,117.0390625,99.15625,77.76953125,295.4609375,321.88671875,279.0546875,0.0,0.0,0.3359375,46.38898468017578
none,0,823,1.0,0.0,1.0,1.0,1.0,1.0,17.05078125,107.875,116.484375,98.84765625,76.1796875,300.28125,319.6875,276.33203125,0.0,0.0,0.26171875,46.5628662109375
none,0,824,1.0,0.0,1.0,1.0,1.0,1.0,17.09375,108.01953125,117.87109375,98.265625,76.328125,298.4921875,322.0625,275.26171875,0.0,0.0,0.3125,46.9329948425293
none,0,825,1.0,0.0,1.0,1.0,1.0,1.0,17.3671875,108.546875,117.58984375,98.875,77.62109375,301.9921875,323.15625,273.71875,0.0,0.0,0.3359375,47.14301681518555
none,0,826,1.0,0.0,1.0,1.0,1.0,1.0,16.87109375,108.94140625,117.203125,97.87890625,76.05078125,302.75,319.7109375,272.58203125,0.0,0.0,0.34375,46.80609130859375
none,0,827,1.0,0.0,1.0,1.0,1.0,1.0,16.69140625,108.72265625,117.48046875,99.87109375,76.6953125,299.76171875,321.00390625,278.76953125,0.0,0.0,0.31640625,47.308685302734375
none,0,828,1.0,0.0,1.0,1.0,1.0,1.0,16.95703125,106.54296875,117.0390625,99.44921875,75.296875,293.9921875,319.28515625,277.75,0.0,0.0,0.2890625,46.797027587890625
none,0,829,1.0,0.0,1.0,1.0,1.0,1.0,17.29296875,107.7890625,117.1484375,99.0625,77.43359375,296.33203125,319.109375,275.01171875,0.0,0.0,0.30078125,46.9437255859375
none,0,830,1.0,0.0,1.0,1.0,1.0,1.0,17.79296875,107.75390625,116.7578125,99.8984375,78.82421875,296.68359375,318.14453125,277.4375,0.0,0.0,0.3125,46.996551513671875
none,0,831,1.0,0.0,1.0,1.0,1.0,1.0,16.26953125,107.828125,117.83984375,98.10546875,74.21875,297.515625,320.109375,272.40625,0.0,0.0,0.33203125,46.943206787109375
none,0,832,1.0,0.0,1.0,1.0,1.0,1.0,16.703125,108.359375,116.58984375,98.96484375,74.3359375,299.17578125,316.70703125,273.75,0.0,0.0,0.38671875,46.80021286010742
none,0,833,1.0,0.0,1.0,1.0,1.0,1.0,17.01171875,106.640625,117.58984375,100.125,76.375,294.44140625,320.11328125,278.703125,0.0,0.0,0.3125,46.97166061401367
none,0,834,1.0,0.0,1.0,1.0,1.0,1.0,16.765625,108.28515625,117.28515625,98.70703125,76.015625,298.2734375,320.125,275.38671875,0.0,0.0,0.296875,46.895057678222656
none,0,835,1.0,0.0,1.0,1.0,1.0,1.0,16.94921875,107.46875,116.6875,100.578125,76.22265625,297.72265625,319.64453125,280.375,0.0,0.0,0.2890625,47.0311393737793
none,0,836,1.0,0.0,1.0,1.0,1.0,1.0,18.0078125,106.19140625,116.11328125,100.40234375,79.2265625,293.8984375,318.25390625,281.58203125,0.0,0.0,0.31640625,46.440853118896484
none,0,837,1.0,0.0,1.0,1.0,1.0,1.0,16.859375,106.4765625,116.81640625,99.84765625,75.55859375,295.1171875,319.0078125,278.55859375,0.0,0.0,0.265625,46.709651947021484
none,0,838,1.0,0.0,1.0,1.0,1.0,1.0,17.34375,108.15234375,117.6484375,100.65625,77.6171875,297.5234375,320.0390625,280.02734375,0.0,0.0,0.30078125,47.425392150878906
none,0,839,1.0,0.0,1.0,1.0,1.0,1.0,17.12890625,108.55078125,116.5234375,100.36328125,76.21875,299.9609375,318.4140625,279.2890625,0.0,0.0,0.32421875,46.95093536376953
none,0,840,1.0,0.0,1.0,1.0,1.0,1.0,17.75,108.04296875,116.953125,99.91796875,78.80078125,300.421875,319.984375,277.46484375,0.0,0.0,0.296875,46.74967575073242
none,0,841,1.0,0.0,1.0,1.0,1.0,1.0,17.12890625,106.95703125,117.01953125,100.49609375,75.59375,295.125,319.9453125,279.15234375,0.0,0.0,0.34765625,46.7933349609375
none,0,842,1.0,0.0,1.0,1.0,1.0,1.0,16.46875,108.19921875,118.35546875,99.421875,73.88671875,298.82421875,323.578125,276.59765625,0.0,0.0,0.296875,47.16022491455078
none,0,843,1.0,0.0,1.0,1.0,1.0,1.0,16.84375,107.125,118.03125,100.30078125,75.20703125,296.87890625,323.23828125,278.875,0.0,0.0,0.359375,47.063453674316406
none,0,844,1.0,0.0,1.0,1.0,1.0,1.0,17.2421875,108.703125,117.3828125,100.31640625,78.17578125,299.46484375,321.328125,280.1640625,0.0,0.0,0.31640625,47.38792037963867
none,0,845,1.0,0.0,1.0,1.0,1.0,1.0,16.8359375,108.14453125,118.21484375,100.36328125,76.5703125,299.421875,322.8203125,278.6953125,0.0,0.0,0.31640625,47.38140106201172
none,0,846,1.0,0.0,1.0,1.0,1.0,1.0,16.6015625,108.0546875,117.91015625,100.6875,74.56640625,298.67578125,322.46875,281.0078125,0.0,0.0,0.3203125,47.4677734375
none,0,847,1.0,0.0,1.0,1.0,1.0,1.0,17.734375,108.27734375,117.3515625,101.078125,78.90234375,297.73046875,320.60546875,280.49609375,0.0,0.0,0.30078125,47.18918991088867
none,0,848,1.0,0.0,1.0,1.0,1.0,1.0,16.93359375,106.71484375,118.0234375,100.453125,75.55859375,294.51953125,321.1953125,278.69921875,0.0,0.0,0.28515625,47.08998107910156
none,0,849,1.0,0.0,1.0,1.0,1.0,1.0,16.9609375,108.48046875,117.015625,101.3515625,75.91015625,297.984375,318.921875,281.2421875,0.0,0.0,0.32421875,47.232234954833984
none,0,850,1.0,0.0,1.0,1.0,1.0,1.0,17.01953125,108.0703125,118.08984375,99.96484375,76.859375,298.28125,321.52734375,277.80078125,0.0,0.0,0.265625,47.244712829589844
none,0,851,1.0,0.0,1.0,1.0,1.0,1.0,16.87890625,107.65234375,117.56640625,101.49609375,75.8671875,295.8359375,318.8359375,281.7265625,0.0,0.0,0.3046875,47.383628845214844
none,0,852,1.0,0.0,1.0,1.0,1.0,1.0,17.015625,107.76171875,118.0234375,101.6171875,77.85546875,297.17578125,320.89453125,281.94921875,0.0,0.0,0.2578125,47.579833984375
none,0,853,1.0,0.0,1.0,1.0,1.0,1.0,17.171875,107.72265625,117.83203125,100.42578125,78.00390625,298.359375,320.921875,278.81640625,0.0,0.0,0.3125,47.16758346557617
none,0,854,1.0,0.0,1.0,1.0,1.0,1.0,16.546875,108.0625,117.44921875,100.7734375,74.875,297.40625,319.99609375,279.47265625,0.0,0.0,0.3125,47.361541748046875
none,0,855,1.0,0.0,1.0,1.0,1.0,1.0,17.4921875,108.1875,118.11328125,102.359375,78.8984375,297.0078125,319.546875,283.9453125,0.0,0.0,0.33203125,47.556968688964844
none,0,856,1.0,0.0,1.0,1.0,1.0,1.0,17.2265625,108.85546875,117.80859375,102.33984375,80.03515625,299.79296875,319.90625,283.4296875,0.0,0.0,0.2890625,47.67817306518555
none,0,857,1.0,0.0,1.0,1.0,1.0,1.0,17.3203125,107.69140625,118.03515625,101.6328125,77.640625,296.55859375,320.3515625,282.33203125,0.0,0.0,0.265625,47.46674346923828
none,0,858,1.0,0.0,1.0,1.0,1.0,1.0,17.2265625,108.41015625,118.46484375,101.48046875,77.77734375,297.1484375,321.58984375,282.0859375,0.0,0.0,0.34375,47.52727508544922
none,0,859,1.0,0.0,1.0,1.0,1.0,1.0,17.82421875,108.95703125,118.0859375,102.5390625,80.5703125,298.46484375,320.12890625,286.01171875,0.0,0.0,0.34375,47.660179138183594
none,0,860,1.0,0.0,1.0,1.0,1.0,1.0,17.19140625,108.99609375,117.83984375,101.94140625,77.3359375,297.390625,322.62109375,282.859375,0.0,0.0,0.35546875,47.672340393066406
none,0,861,1.0,0.0,1.0,1.0,1.0,1.0,17.4296875,109.0625,117.625,103.17578125,78.06640625,297.7421875,319.359375,286.4296875,0.0,0.0,0.29296875,47.9212646484375
none,0,862,1.0,0.0,1.0,1.0,1.0,1.0,16.546875,107.5,118.07421875,101.80859375,75.8203125,294.6640625,320.73046875,280.85546875,0.0,0.0,0.34765625,47.76122283935547
none,0,863,1.0,0.0,1.0,1.0,1.0,1.0,16.89453125,107.5625,117.3046875,102.171875,75.78125,294.140625,317.28125,283.3203125,0.0,0.0,0.29296875,47.442474365234375
none,0,864,1.0,0.0,1.0,1.0,1.0,1.0,16.7421875,108.01953125,119.3359375,101.9140625,76.94140625,295.5234375,324.83984375,282.7734375,0.0,0.0,0.30859375,47.822547912597656
none,0,865,1.0,0.0,1.0,1.0,1.0,1.0,16.625,107.96875,119.5234375,103.03515625,75.45703125,296.1484375,323.77734375,284.6328125,0.0,0.0,0.25390625,47.970062255859375
none,0,866,1.0,0.0,1.0,1.0,1.0,1.0,16.55859375,108.9609375,118.25,101.37890625,75.4296875,297.98046875,322.75,281.234375,0.0,0.0,0.28515625,47.6486930847168
none,0,867,1.0,0.0,1.0,1.0,1.0,1.0,16.875,108.88671875,118.98828125,102.23046875,76.4140625,298.90625,322.17578125,282.82421875,0.0,0.0,0.32421875,47.928733825683594
none,0,868,1.0,0.0,1.0,1.0,1.0,1.0,16.48046875,108.59375,117.87890625,103.6484375,76.57421875,298.19140625,319.125,286.6171875,0.0,0.0,0.38671875,47.78451156616211
none,0,869,1.0,0.0,1.0,1.0,1.0,1.0,16.453125,108.94921875,119.2265625,101.67578125,73.5390625,299.58984375,323.18359375,283.16796875,0.0,0.0,0.2421875,48.0273551940918
none,0,870,1.0,0.0,1.0,1.0,1.0,1.0,16.4609375,108.42578125,117.92578125,102.484375,76.51953125,297.3203125,319.94921875,284.02734375,0.0,0.0,0.3828125,47.70856857299805
none,0,871,1.0,0.0,1.0,1.0,1.0,1.0,17.10546875,109.8515625,119.16796875,102.015625,78.78515625,302.27734375,323.94140625,283.625,0.0,0.0,0.30078125,48.05955123901367
none,0,872,1.0,0.0,1.0,1.0,1.0,1.0,16.42578125,110.7890625,118.98046875,101.2265625,75.84765625,305.765625,322.77734375,279.50390625,0.0,0.0,0.296875,48.09363555908203
none,0,873,1.0,0.0,1.0,1.0,1.0,1.0,16.80859375,111.42578125,118.5625,100.22265625,76.55859375,306.3828125,322.7421875,278.19140625,0.0,0.0,0.3359375,47.90538787841797
none,0,874,1.0,0.0,1.0,1.0,1.0,1.0,16.90234375,109.4609375,119.35546875,101.99609375,76.9921875,301.23046875,324.37890625,282.1875,0.0,0.0,0.3125,48.08948516845703
none,0,875,1.0,0.0,1.0,1.0,1.0,1.0,16.83203125,108.390625,119.703125,100.6171875,76.71484375,298.859375,323.5390625,277.609375,0.0,0.0,0.29296875,47.86345672607422
none,0,876,1.0,0.0,1.0,1.0,1.0,1.0,16.78515625,109.96875,120.12890625,101.62890625,75.765625,301.99609375,326.01171875,278.91015625,0.0,0.0,0.29296875,48.169158935546875
none,0,877,1.0,0.0,1.0,1.0,1.0,1.0,16.47265625,109.5078125,119.11328125,101.91796875,73.546875,300.31640625,324.703125,279.86328125,0.0,0.0,0.296875,48.00974655151367
none,0,878,1.0,0.0,1.0,1.0,1.0,1.0,16.06640625,108.50390625,120.00390625,102.56640625,72.015625,298.046875,324.578125,282.5625,0.0,0.0,0.32421875,48.075653076171875
none,0,879,1.0,0.0,1.0,1.0,1.0,1.0,16.97265625,109.41796875,119.66796875,100.54296875,76.52734375,301.7734375,324.42578125,278.07421875,0.0,0.0,0.2734375,47.903076171875
none,0,880,1.0,0.0,1.0,1.0,1.0,1.0,16.8046875,108.93359375,119.7890625,101.57421875,77.26953125,301.20703125,325.0546875,278.890625,0.0,0.0,0.34375,47.96875
none,0,881,1.0,0.0,1.0,1.0,1.0,1.0,16.98828125,109.12109375,119.85546875,101.20703125,75.89453125,300.76953125,325.4453125,279.23046875,0.0,0.0,0.3203125,47.83628845214844
none,0,882,1.0,0.0,1.0,1.0,1.0,1.0,16.78515625,109.6015625,119.73828125,101.57421875,75.59375,300.3515625,325.4921875,280.79296875,0.0,0.0,0.28125,48.307945251464844
none,0,883,1.0,0.0,1.0,1.0,1.0,1.0,16.35546875,110.39453125,119.28515625,102.92578125,74.05078125,304.21484375,323.328125,283.0546875,0.0,0.0,0.296875,48.63813400268555
none,0,884,1.0,0.0,1.0,1.0,1.0,1.0,16.71484375,109.765625,119.7265625,102.2421875,76.3671875,302.55859375,325.55078125,281.890625,0.0,0.0,0.2421875,48.32042694091797
none,0,885,1.0,0.0,1.0,1.0,1.0,1.0,16.61328125,110.76953125,119.96484375,102.015625,76.98828125,304.26953125,324.4609375,281.875,0.0,0.0,0.3515625,48.49543380737305
none,0,886,1.0,0.0,1.0,1.0,1.0,1.0,16.765625,110.10546875,119.52734375,102.59765625,76.6015625,301.28515625,324.19921875,284.42578125,0.0,0.0,0.234375,48.354347229003906
none,0,887,1.0,0.0,1.0,1.0,1.0,1.0,16.3203125,109.98828125,121.48046875,102.9609375,75.328125,301.7109375,329.40625,283.94921875,0.0,0.0,0.26953125,49.002906799316406
none,0,888,1.0,0.0,1.0,1.0,1.0,1.0,17.03125,108.671875,120.80078125,103.671875,77.33203125,296.27734375,326.6796875,286.8515625,0.0,0.0,0.3359375,48.48737335205078
none,0,889,1.0,0.0,1.0,1.0,1.0,1.0,16.4296875,109.59375,120.05078125,102.87890625,76.10546875,300.21875,326.78515625,283.92578125,0.0,0.0,0.3046875,48.302330017089844
none,0,890,1.0,0.0,1.0,1.0,1.0,1.0,16.984375,109.5390625,119.484375,102.84375,77.8046875,299.15625,323.2265625,284.64453125,0.0,0.0,0.28125,48.34230041503906
none,0,891,1.0,0.0,1.0,1.0,1.0,1.0,17.1875,109.06640625,119.83984375,103.11328125,77.2421875,299.37890625,324.359375,284.9296875,0.0,0.0,0.26953125,48.383758544921875
none,0,892,1.0,0.0,1.0,1.0,1.0,1.0,16.6328125,110.17578125,120.26953125,103.4453125,77.1796875,299.2890625,327.6953125,284.58984375,0.0,0.0,0.30078125,48.74275207519531
none,0,893,1.0,0.0,1.0,1.0,1.0,1.0,16.60546875,110.2421875,120.01171875,102.69921875,77.234375,300.70703125,327.60546875,283.33203125,0.0,0.0,0.296875,48.518211364746094
none,0,894,1.0,0.0,1.0,1.0,1.0,1.0,16.52734375,110.26171875,121.1953125,103.4453125,75.76171875,299.70703125,327.03125,286.6171875,0.0,0.0,0.25390625,48.9337272644043
none,0,895,1.0,0.0,1.0,1.0,1.0,1.0,16.08984375,109.8828125,120.7890625,103.6640625,74.7421875,300.05078125,328.33203125,284.9375,0.0,0.0,0.328125,48.940155029296875
none,0,896,1.0,0.0,1.0,1.0,1.0,1.0,16.34375,109.1484375,120.1015625,103.6796875,75.5078125,298.75390625,325.77734375,285.18359375,0.0,0.0,0.3359375,48.551536560058594
none,0,897,1.0,0.0,1.0,1.0,1.0,1.0,16.30078125,111.015625,120.3515625,101.95703125,74.8046875,302.64453125,326.4296875,281.9765625,0.0,0.0,0.3125,48.601226806640625
none,0,898,1.0,0.0,1.0,1.0,1.0,1.0,16.4140625,110.89453125,120.3828125,103.67578125,75.30078125,302.07421875,325.18359375,285.56640625,0.0,0.0,0.3046875,49.053916931152344
none,0,899,1.0,0.0,1.0,1.0,1.0,1.0,16.3125,108.6015625,120.66796875,102.37890625,76.29296875,298.1875,324.7734375,282.34375,0.0,0.0,0.30078125,48.421539306640625
none,0,900,1.0,0.0,1.0,1.0,1.0,1.0,16.37890625,110.05078125,121.49609375,103.29296875,75.3671875,299.41796875,325.9765625,282.9609375,0.0,0.0,0.3046875,48.769256591796875
none,0,901,1.0,0.0,1.0,1.0,1.0,1.0,16.640625,110.28125,122.84375,101.66796875,75.94140625,299.27734375,331.69140625,280.296875,0.0,0.0,0.34765625,48.84600830078125
none,0,902,1.0,0.0,1.0,1.0,1.0,1.0,16.82421875,110.03515625,120.65625,103.171875,75.97265625,302.16796875,325.71484375,283.5703125,0.0,0.0,0.328125,48.6489372253418
none,0,903,1.0,0.0,1.0,1.0,1.0,1.0,16.296875,109.99609375,120.89453125,103.19140625,76.35546875,301.421875,326.1015625,282.53125,0.0,0.0,0.3203125,48.746246337890625
none,0,904,1.0,0.0,1.0,1.0,1.0,1.0,15.75390625,109.703125,122.26953125,103.49609375,72.95703125,299.5390625,329.28125,285.44140625,0.0,0.0,0.28125,49.0722770690918
none,0,905,1.0,0.0,1.0,1.0,1.0,1.0,16.2109375,109.8125,120.91796875,103.33984375,75.43359375,298.859375,326.0546875,283.71875,0.0,0.0,0.29296875,48.89116668701172
none,0,906,1.0,0.0,1.0,1.0,1.0,1.0,17.11328125,109.62890625,120.77734375,103.46484375,77.0859375,298.734375,326.296875,284.14453125,0.0,0.0,0.30859375,48.63694763183594
none,0,907,1.0,0.0,1.0,1.0,1.0,1.0,16.2109375,111.91796875,120.58203125,103.1640625,76.93359375,305.53515625,324.91015625,283.8203125,0.0,0.0,0.2578125,48.927398681640625
none,0,908,1.0,0.0,1.0,1.0,1.0,1.0,16.1640625,110.65625,122.28125,103.74609375,77.47265625,300.8125,328.34375,285.5234375,0.0,0.0,0.26953125,49.245384216308594
none,0,909,1.0,0.0,1.0,1.0,1.0,1.0,16.54296875,109.48828125,121.8828125,105.8984375,75.94140625,298.04296875,327.6484375,291.27734375,0.0,0.0,0.296875,49.44095993041992
none,0,910,1.0,0.0,1.0,1.0,1.0,1.0,16.81640625,110.84765625,120.01171875,105.3984375,77.5625,301.7421875,323.03125,290.08984375,0.0,0.0,0.31640625,48.97898483276367
none,0,911,1.0,0.0,1.0,1.0,1.0,1.0,15.41796875,110.18359375,121.1875,103.94140625,73.59765625,299.84375,327.546875,285.51171875,0.0,0.0,0.24609375,49.055904388427734
none,0,912,1.0,0.0,1.0,1.0,1.0,1.0,16.29296875,111.19140625,120.82421875,105.28515625,75.41796875,302.37109375,324.21484375,288.5859375,0.0,0.0,0.27734375,49.4600944519043
none,0,913,1.0,0.0,1.0,1.0,1.0,1.0,16.765625,109.4140625,121.33984375,104.91015625,77.6640625,296.74609375,324.86328125,287.8125,0.0,0.0,0.2890625,48.943321228027344
none,0,914,1.0,0.0,1.0,1.0,1.0,1.0,16.64453125,109.84765625,121.1015625,103.40234375,76.6328125,298.84375,323.671875,283.484375,0.0,0.0,0.25,48.873634338378906
none,0,915,1.0,0.0,1.0,1.0,1.0,1.0,15.71875,109.78125,120.4296875,104.7578125,73.78515625,298.0390625,323.5078125,286.11328125,0.0,0.0,0.34375,49.132537841796875
none,0,916,1.0,0.0,1.0,1.0,1.0,1.0,16.36328125,110.171875,121.83984375,104.09375,75.83984375,296.29296875,325.79296875,282.46875,0.0,0.0,0.24609375,49.10741424560547
none,0,917,1.0,0.0,1.0,1.0,1.0,1.0,16.17578125,110.70703125,121.70703125,103.64453125,74.64453125,299.7578125,326.65234375,284.97265625,0.0,0.0,0.3046875,49.073890686035156
none,0,918,1.0,0.0,1.0,1.0,1.0,1.0,16.29296875,109.96484375,121.98828125,104.8359375,75.98828125,297.32421875,327.046875,285.1953125,0.0,0.0,0.28515625,49.32967758178711
none,0,919,1.0,0.0,1.0,1.0,1.0,1.0,16.171875,111.64453125,122.765625,103.01953125,74.28515625,301.74609375,328.94921875,281.375,0.0,0.0,0.26953125,49.52809143066406
none,0,920,1.0,0.0,1.0,1.0,1.0,1.0,16.5625,110.765625,122.80859375,103.70703125,74.875,298.57421875,329.63671875,284.03125,0.0,0.0,0.32421875,49.32673263549805
none,0,921,1.0,0.0,1.0,1.0,1.0,1.0,15.76171875,111.28515625,121.95703125,103.72265625,74.20703125,299.85546875,327.84375,285.578125,0.0,0.0,0.21875,49.28779220581055
none,0,922,1.0,0.0,1.0,1.0,1.0,1.0,16.53515625,110.77734375,122.19140625,102.984375,75.921875,300.80859375,330.3359375,281.953125,0.0,0.0,0.30078125,49.10976791381836
none,0,923,1.0,0.0,1.0,1.0,1.0,1.0,16.3203125,111.453125,122.1015625,103.6328125,75.66015625,303.27734375,327.171875,286.31640625,0.0,0.0,0.3359375,49.268699645996094
none,0,924,1.0,0.0,1.0,1.0,1.0,1.0,15.98046875,112.74609375,122.10546875,102.421875,74.08203125,305.95703125,328.47265625,281.3046875,0.0,0.0,0.2421875,49.51789855957031
none,0,925,1.0,0.0,1.0,1.0,1.0,1.0,16.3828125,112.08203125,121.98046875,103.19921875,77.03515625,305.7734375,327.83984375,283.0390625,0.0,0.0,0.30078125,49.3010368347168
none,0,926,1.0,0.0,1.0,1.0,1.0,1.0,16.2890625,113.359375,122.05078125,104.81640625,77.56640625,308.1484375,328.109375,287.76953125,0.0,0.0,0.2734375,49.988948822021484
none,0,927,1.0,0.0,1.0,1.0,1.0,1.0,15.89453125,110.4296875,121.8125,105.87890625,74.9140625,300.328125,326.60546875,290.515625,0.0,0.0,0.2421875,49.7210807800293
none,0,928,1.0,0.0,1.0,1.0,1.0,1.0,16.19140625,111.421875,121.05859375,106.3984375,77.48046875,300.98828125,324.37109375,293.04296875,0.0,0.0,0.24609375,49.67982482910156
none,0,929,1.0,0.0,1.0,1.0,1.0,1.0,16.08984375,111.37109375,121.625,106.3203125,75.18359375,299.9609375,325.69921875,291.74609375,0.0,0.0,0.296875,49.90953826904297
none,0,930,1.0,0.0,1.0,1.0,1.0,1.0,16.3046875,111.76953125,121.15625,105.8984375,77.20703125,302.2265625,324.37890625,291.21484375,0.0,0.0,0.234375,49.83437728881836
none,0,931,1.0,0.0,1.0,1.0,1.0,1.0,16.4765625,110.57421875,121.6953125,106.21484375,77.14453125,298.51953125,326.71484375,293.29296875,0.0,0.0,0.26953125,49.58201217651367
none,0,932,1.0,0.0,1.0,1.0,1.0,1.0,16.0078125,111.46875,122.03515625,106.8515625,76.02734375,301.56640625,327.03125,291.66796875,0.0,0.0,0.28125,49.91199493408203
none,0,933,1.0,0.0,1.0,1.0,1.0,1.0,16.27734375,112.56640625,122.42578125,104.1015625,77.1171875,305.390625,328.35546875,285.1328125,0.0,0.0,0.24609375,49.659912109375
none,0,934,1.0,0.0,1.0,1.0,1.0,1.0,16.85546875,111.66015625,121.8046875,105.69140625,76.96875,300.84375,326.9765625,289.10546875,0.0,0.0,0.33984375,49.697532653808594
none,0,935,1.0,0.0,1.0,1.0,1.0,1.0,16.171875,113.04296875,123.51953125,105.6796875,75.88671875,305.61328125,329.8515625,288.56640625,0.0,0.0,0.265625,50.194053649902344
none,0,936,1.0,0.0,1.0,1.0,1.0,1.0,16.05078125,112.6171875,121.73046875,105.95703125,76.32421875,304.55859375,325.49609375,291.35546875,0.0,0.0,0.3125,49.904022216796875
none,0,937,1.0,0.0,1.0,1.0,1.0,1.0,16.39453125,110.7734375,123.15625,105.33203125,76.3203125,299.19140625,328.30078125,288.19921875,0.0,0.0,0.265625,49.62333297729492
none,0,938,1.0,0.0,1.0,1.0,1.0,1.0,16.8125,111.81640625,121.89453125,105.30859375,77.0859375,302.515625,326.09375,287.38671875,0.0,0.0,0.28515625,49.459266662597656
none,0,939,1.0,0.0,1.0,1.0,1.0,1.0,16.2265625,112.35546875,122.47265625,105.24609375,75.71875,303.9921875,327.75390625,286.47265625,0.0,0.0,0.3515625,49.801536560058594
none,0,940,1.0,0.0,1.0,1.0,1.0,1.0,16.015625,111.1171875,122.171875,105.9921875,75.078125,298.890625,326.23828125,288.421875,0.0,0.0,0.25390625,49.65528869628906
none,0,941,1.0,0.0,1.0,1.0,1.0,1.0,15.95703125,112.92578125,122.1171875,104.80078125,76.625,307.0703125,326.08984375,285.7265625,0.0,0.0,0.1953125,49.949462890625
none,0,942,1.0,0.0,1.0,1.0,1.0,1.0,15.953125,111.91015625,122.2734375,105.921875,76.6953125,301.2109375,326.40625,287.6484375,0.0,0.0,0.234375,49.890411376953125
none,0,943,1.0,0.0,1.0,1.0,1.0,1.0,16.03515625,114.14453125,121.63671875,106.71484375,75.7109375,306.75,324.2734375,291.43359375,0.0,0.0,0.26953125,50.34370040893555
none,0,944,1.0,0.0,1.0,1.0,1.0,1.0,16.3125,111.18359375,124.2265625,106.85546875,76.86328125,298.1953125,329.30078125,291.6328125,0.0,0.0,0.28515625,50.473411560058594
none,0,945,1.0,0.0,1.0,1.0,1.0,1.0,15.984375,112.453125,122.34375,105.421875,75.8515625,304.8671875,327.5546875,287.41015625,0.0,0.0,0.296875,50.04395294189453
none,0,946,1.0,0.0,1.0,1.0,1.0,1.0,16.14453125,111.97265625,121.578125,106.19921875,76.46875,301.6640625,323.6640625,290.90234375,0.0,0.0,0.22265625,49.754180908203125
none,0,947,1.0,0.0,1.0,1.0,1.0,1.0,16.13671875,112.28515625,122.59765625,106.546875,77.17578125,304.1015625,328.6796875,291.40234375,0.0,0.0,0.30078125,50.183135986328125
none,0,948,1.0,0.0,1.0,1.0,1.0,1.0,15.8515625,113.5625,123.05078125,104.53125,75.85546875,308.19140625,330.06640625,283.13671875,0.0,0.0,0.2734375,50.26519775390625
none,0,949,1.0,0.0,1.0,1.0,1.0,1.0,15.578125,112.07421875,123.29296875,105.52734375,74.17578125,303.11328125,329.79296875,287.5703125,0.0,0.0,0.2890625,49.956878662109375
none,0,950,1.0,0.0,1.0,1.0,1.0,1.0,15.85546875,111.22265625,123.25,105.71484375,75.9296875,303.08203125,330.62890625,288.97265625,0.0,0.0,0.234375,49.90599822998047
none,0,951,1.0,0.0,1.0,1.0,1.0,1.0,15.74609375,112.640625,124.2421875,105.58203125,74.76953125,305.11328125,332.3046875,287.7265625,0.0,0.0,0.296875,50.290992736816406
none,0,952,1.0,0.0,1.0,1.0,1.0,1.0,16.19921875,111.04296875,123.16015625,106.04296875,76.82421875,300.328125,328.8984375,290.0703125,0.0,0.0,0.234375,50.00968551635742
none,0,953,1.0,0.0,1.0,1.0,1.0,1.0,15.9453125,112.6171875,123.671875,106.04296875,76.03515625,305.34375,330.3984375,290.53125,0.0,0.0,0.23046875,50.1695556640625
none,0,954,1.0,0.0,1.0,1.0,1.0,1.0,15.75,112.859375,123.65234375,106.14453125,75.8671875,306.74609375,330.62109375,289.89453125,0.0,0.0,0.34765625,50.38740158081055
none,0,955,1.0,0.0,1.0,1.0,1.0,1.0,16.10546875,115.546875,123.21484375,105.546875,76.80078125,312.390625,328.96875,287.453125,0.0,0.0,0.28125,50.7916259765625
none,0,956,1.0,0.0,1.0,1.0,1.0,1.0,16.1640625,113.9765625,123.078125,105.59765625,76.6328125,307.90625,327.69921875,289.46484375,0.0,0.0,0.30078125,50.3994255065918
none,0,957,1.0,0.0,1.0,1.0,1.0,1.0,15.33203125,114.13671875,123.1484375,105.59375,74.1328125,307.65234375,328.7421875,288.296875,0.0,0.0,0.30859375,50.459434509277344
none,0,958,1.0,0.0,1.0,1.0,1.0,1.0,16.5078125,113.8046875,123.29296875,107.2734375,78.02734375,305.2890625,329.10546875,290.71875,0.0,0.0,0.2578125,50.69304656982422
none,0,959,1.0,0.0,1.0,1.0,1.0,1.0,15.87109375,114.7265625,122.9765625,106.18359375,74.62890625,307.55859375,326.35546875,289.46484375,0.0,0.0,0.25390625,50.62398910522461
none,0,960,1.0,0.0,1.0,1.0,1.0,1.0,15.859375,113.49609375,123.7109375,105.34765625,74.61328125,303.6171875,327.5,284.37890625,0.0,0.0,0.2734375,50.40235137939453
none,0,961,1.0,0.0,1.0,1.0,1.0,1.0,15.90234375,113.640625,124.890625,107.8125,75.37109375,303.89453125,330.4765625,289.91015625,0.0,0.0,0.296875,51.114105224609375
none,0,962,1.0,0.0,1.0,1.0,1.0,1.0,15.5625,115.01171875,123.9609375,106.05078125,75.2265625,307.125,328.2109375,284.52734375,0.0,0.0,0.21875,50.90564727783203
none,0,963,1.0,0.0,1.0,1.0,1.0,1.0,16.33203125,112.765625,123.15234375,107.265625,76.87890625,302.296875,326.59375,289.76171875,0.0,0.0,0.2578125,50.47429656982422
none,0,964,1.0,0.0,1.0,1.0,1.0,1.0,16.46875,113.6484375,122.875,106.55859375,77.859375,303.7734375,325.9375,288.90625,0.0,0.0,0.1953125,50.393638610839844
none,0,965,1.0,0.0,1.0,1.0,1.0,1.0,16.41015625,114.0078125,122.66796875,107.703125,78.3203125,305.859375,325.48046875,292.35546875,0.0,0.0,0.26171875,50.629180908203125
none,0,966,1.0,0.0,1.0,1.0,1.0,1.0,16.10546875,113.40625,123.4921875,107.7109375,76.79296875,303.74609375,328.60546875,291.8515625,0.0,0.0,0.27734375,50.7696533203125
none,0,967,1.0,0.0,1.0,1.0,1.0,1.0,15.83203125,112.29296875,123.31640625,107.48046875,76.76953125,300.83203125,328.6171875,293.19140625,0.0,0.0,0.25,50.54723358154297
none,0,968,1.0,0.0,1.0,1.0,1.0,1.0,15.59375,113.49609375,124.55078125,107.734375,75.7265625,304.3125,331.6484375,293.109375,0.0,0.0,0.2578125,50.897666931152344
none,0,969,1.0,0.0,1.0,1.0,1.0,1.0,15.71875,114.50390625,125.10546875,107.625,74.1328125,307.46484375,332.12890625,292.30078125,0.0,0.0,0.24609375,51.28466796875
none,0,970,1.0,0.0,1.0,1.0,1.0,1.0,15.43359375,111.625,125.22265625,106.6875,74.66015625,300.83203125,332.125,289.5625,0.0,0.0,0.2265625,50.64464569091797
none,0,971,1.0,0.0,1.0,1.0,1.0,1.0,15.77734375,111.71875,124.95703125,106.65234375,77.12890625,301.16015625,331.60546875,288.83984375,0.0,0.0,0.27734375,50.493080139160156
none,0,972,1.0,0.0,1.0,1.0,1.0,1.0,16.30859375,111.609375,125.29296875,109.16796875,77.4609375,298.99609375,332.67578125,297.44140625,0.0,0.0,0.296875,50.9522819519043
none,0,973,1.0,0.0,1.0,1.0,1.0,1.0,15.83984375,111.9921875,124.6953125,108.6171875,76.62109375,300.80078125,330.640625,295.1015625,0.0,0.0,0.28515625,50.863365173339844
none,0,974,1.0,0.0,1.0,1.0,1.0,1.0,15.8125,113.96484375,124.22265625,107.22265625,74.54296875,304.55859375,329.41015625,290.94140625,0.0,0.0,0.19921875,51.05891036987305
none,0,975,1.0,0.0,1.0,1.0,1.0,1.0,15.3515625,111.85546875,124.46484375,108.37890625,74.41015625,299.0078125,329.56640625,291.9765625,0.0,0.0,0.2890625,51.04384994506836
none,0,976,1.0,0.0,1.0,1.0,1.0,1.0,15.87109375,113.52734375,124.69140625,106.8125,76.08984375,303.76171875,328.4296875,289.19140625,0.0,0.0,0.2578125,50.98077392578125
none,0,977,1.0,0.0,1.0,1.0,1.0,1.0,15.6875,113.97265625,124.3046875,107.9765625,74.4921875,304.9140625,329.3125,291.28515625,0.0,0.0,0.203125,51.09893798828125
none,0,978,1.0,0.0,1.0,1.0,1.0,1.0,15.9375,114.32421875,123.55859375,107.625,75.46484375,306.06640625,325.33203125,288.87109375,0.0,0.0,0.23828125,50.89092254638672
none,0,979,1.0,0.0,1.0,1.0,1.0,1.0,15.8359375,113.984375,123.43359375,107.37109375,74.62890625,303.19140625,327.390625,288.39453125,0.0,0.0,0.234375,50.825355529785156
none,0,980,1.0,0.0,1.0,1.0,1.0,1.0,16.03515625,114.359375,123.8515625,108.32421875,77.99609375,304.35546875,325.68359375,290.7890625,0.0,0.0,0.2421875,51.2346305847168
none,0,981,1.0,0.0,1.0,1.0,1.0,1.0,16.1796875,115.9765625,125.1640625,107.55078125,77.45703125,310.8984375,331.3984375,289.60546875,0.0,0.0,0.19921875,51.401588439941406
none,0,982,1.0,0.0,1.0,1.0,1.0,1.0,15.46875,116.015625,125.20703125,107.63671875,74.74609375,310.4765625,330.328125,290.21484375,0.0,0.0,0.265625,51.75358200073242
none,0,983,1.0,0.0,1.0,1.0,1.0,1.0,15.85546875,115.12109375,124.3515625,109.44140625,77.671875,308.13671875,329.55078125,296.34375,0.0,0.0,0.21484375,51.66832733154297
none,0,984,1.0,0.0,1.0,1.0,1.0,1.0,16.14453125,114.34765625,124.47265625,106.62109375,78.01953125,306.89453125,329.3515625,289.078125,0.0,0.0,0.25390625,50.966224670410156
none,0,985,1.0,0.0,1.0,1.0,1.0,1.0,15.76171875,115.1484375,123.828125,108.7265625,76.9453125,308.30078125,327.73046875,292.8515625,0.0,0.0,0.22265625,51.279563903808594
none,0,986,1.0,0.0,1.0,1.0,1.0,1.0,15.2265625,116.04296875,124.375,106.7734375,74.80859375,311.4375,329.6796875,287.61328125,0.0,0.0,0.3046875,51.212276458740234
none,0,987,1.0,0.0,1.0,1.0,1.0,1.0,15.90234375,114.26171875,124.22265625,110.109375,76.78125,305.3359375,329.00390625,296.37109375,0.0,0.0,0.234375,51.51806640625
none,0,988,1.0,0.0,1.0,1.0,1.0,1.0,14.77734375,115.69140625,125.046875,107.7890625,73.25390625,310.05859375,330.92578125,291.77734375,0.0,0.0,0.25390625,51.56158447265625
none,0,989,1.0,0.0,1.0,1.0,1.0,1.0,15.1796875,114.109375,125.08203125,107.41796875,75.94140625,306.125,330.78515625,290.921875,0.0,0.0,0.21875,51.16881561279297
none,0,990,1.0,0.0,1.0,1.0,1.0,1.0,15.02734375,114.53515625,124.984375,108.12890625,74.296875,308.07421875,331.12109375,293.625,0.0,0.0,0.2421875,51.4171142578125
none,0,991,1.0,0.0,1.0,1.0,1.0,1.0,15.01953125,115.4375,123.6484375,106.81640625,73.97265625,310.88671875,330.01953125,290.72265625,0.0,0.0,0.27734375,51.068359375
none,0,992,1.0,0.0,1.0,1.0,1.0,1.0,15.55859375,115.53125,124.95703125,107.19921875,76.546875,311.08203125,330.80859375,289.25,0.0,0.0,0.25,51.34892272949219
none,0,993,1.0,0.0,1.0,1.0,1.0,1.0,15.44921875,115.13671875,125.5546875,107.484375,76.1875,309.74609375,334.55859375,290.7734375,0.0,0.0,0.2421875,51.4315299987793
none,0,994,1.0,0.0,1.0,1.0,1.0,1.0,15.4609375,115.375,125.69921875,108.46875,75.69921875,309.67578125,333.921875,293.76953125,0.0,0.0,0.265625,51.74467086791992
none,0,995,1.0,0.0,1.0,1.0,1.0,1.0,15.50390625,113.76953125,124.8671875,110.375,76.60546875,305.3203125,330.27734375,299.07421875,0.0,0.0,0.23828125,51.430381774902344
none,0,996,1.0,0.0,1.0,1.0,1.0,1.0,15.62109375,115.875,126.015625,108.16015625,75.6796875,309.578125,335.12109375,292.4296875,0.0,0.0,0.296875,51.8348503112793
none,0,997,1.0,0.0,1.0,1.0,1.0,1.0,15.8046875,112.7578125,125.7109375,107.63671875,78.3203125,301.83984375,333.84375,290.8828125,0.0,0.0,0.24609375,51.1618766784668
none,0,998,1.0,0.0,1.0,1.0,1.0,1.0,14.96484375,114.54296875,126.77734375,108.51171875,73.84375,304.7890625,334.72265625,292.5859375,0.0,0.0,0.26953125,51.77635955810547
none,0,999,1.0,0.0,1.0,1.0,1.0,1.0,15.39453125,114.22265625,126.5546875,109.29296875,76.1015625,305.76953125,333.734375,294.33203125,0.0,0.0,0.2265625,51.738155364990234
none,0,1000,1.0,0.0,1.0,1.0,1.0,1.0,15.359375,114.1328125,125.01171875,108.37109375,73.96484375,305.7421875,329.10546875,290.734375,0.0,0.0,0.28125,51.40837097167969
none,0,1001,1.0,0.0,1.0,1.0,1.0,1.0,15.2421875,114.5625,125.87109375,109.78515625,72.80859375,306.44140625,332.49609375,293.05078125,0.0,0.0,0.24609375,51.91661071777344
none,0,1002,1.0,0.0,1.0,1.0,1.0,1.0,15.3984375,114.84765625,124.8046875,109.32421875,74.65234375,306.02734375,329.9609375,295.03515625,0.0,0.0,0.21875,51.713165283203125
none,0,1003,1.0,0.0,1.0,1.0,1.0,1.0,15.5703125,116.3359375,124.2109375,107.3671875,76.78125,308.84765625,328.28515625,290.2890625,0.0,0.0,0.22265625,51.399383544921875
none,0,1004,1.0,0.0,1.0,1.0,1.0,1.0,15.14453125,115.9375,125.984375,108.95703125,75.49609375,309.7421875,332.13671875,293.5703125,0.0,0.0,0.2421875,52.153282165527344
none,0,1005,1.0,0.0,1.0,1.0,1.0,1.0,15.75,115.9921875,125.87109375,108.18359375,75.8203125,310.046875,333.69921875,291.6640625,0.0,0.0,0.328125,51.8193473815918
none,0,1006,1.0,0.0,1.0,1.0,1.0,1.0,15.41015625,116.5859375,125.9765625,106.8984375,75.46875,312.125,334.15625,287.890625,0.0,0.0,0.24609375,51.82164001464844
none,0,1007,1.0,0.0,1.0,1.0,1.0,1.0,15.484375,114.79296875,125.23046875,109.82421875,75.765625,305.53515625,330.55859375,295.28515625,0.0,0.0,0.2421875,51.579071044921875
none,0,1008,1.0,0.0,1.0,1.0,1.0,1.0,15.796875,115.5703125,126.51953125,107.81640625,76.9375,307.73046875,332.859375,290.70703125,0.0,0.0,0.25,51.66923141479492
none,0,1009,1.0,0.0,1.0,1.0,1.0,1.0,15.453125,116.37109375,126.375,108.7109375,74.71484375,309.27734375,332.59765625,293.4375,0.0,0.0,0.26171875,51.9785270690918
none,0,1010,1.0,0.0,1.0,1.0,1.0,1.0,15.234375,115.4453125,126.33984375,108.4609375,75.58984375,304.7578125,331.55078125,292.60546875,0.0,0.0,0.30078125,51.9821891784668
none,0,1011,1.0,0.0,1.0,1.0,1.0,1.0,15.10546875,114.15234375,127.046875,108.953125,73.4140625,303.09375,334.71875,292.37890625,0.0,0.0,0.25,51.926612854003906
none,0,1012,1.0,0.0,1.0,1.0,1.0,1.0,15.53515625,115.37109375,127.35546875,110.1171875,75.37109375,305.55078125,334.9609375,295.8515625,0.0,0.0,0.328125,52.15339660644531
none,0,1013,1.0,0.0,1.0,1.0,1.0,1.0,15.4375,115.0234375,125.70703125,109.5859375,75.46875,304.20703125,330.12890625,293.68359375,0.0,0.0,0.25390625,51.82351303100586
none,0,1014,1.0,0.0,1.0,1.0,1.0,1.0,15.3046875,115.359375,126.55078125,107.2265625,74.3828125,305.6953125,334.58984375,285.5546875,0.0,0.0,0.19921875,51.74016571044922
none,0,1015,1.0,0.0,1.0,1.0,1.0,1.0,15.2734375,115.51953125,126.484375,108.86328125,74.74609375,306.2578125,332.1796875,291.3125,0.0,0.0,0.17578125,51.95838165283203
none,0,1016,1.0,0.0,1.0,1.0,1.0,1.0,15.46484375,115.828125,127.28515625,108.42578125,75.00390625,307.74609375,334.234375,290.2734375,0.0,0.0,0.25390625,52.058502197265625
none,0,1017,1.0,0.0,1.0,1.0,1.0,1.0,15.5859375,116.67578125,126.57421875,109.33203125,75.28515625,310.91015625,334.69921875,293.40234375,0.0,0.0,0.22265625,52.4541130065918
none,0,1018,1.0,0.0,1.0,1.0,1.0,1.0,15.4140625,114.4375,126.0859375,109.71875,76.29296875,302.51953125,334.23828125,295.58984375,0.0,0.0,0.20703125,51.93903732299805
none,0,1019,1.0,0.0,1.0,1.0,1.0,1.0,15.76953125,113.98828125,126.7109375,109.10546875,75.5,303.80859375,334.609375,293.8359375,0.0,0.0,0.23046875,51.875465393066406
none,0,1020,1.0,0.0,1.0,1.0,1.0,1.0,15.38671875,113.734375,128.2890625,108.7578125,75.6640625,303.8203125,340.87109375,294.328125,0.0,0.0,0.26953125,51.94939422607422
none,0,1021,1.0,0.0,1.0,1.0,1.0,1.0,15.0859375,113.90625,127.28125,109.46484375,75.24609375,303.57421875,337.4765625,295.65234375,0.0,0.0,0.19921875,52.077247619628906
none,0,1022,1.0,0.0,1.0,1.0,1.0,1.0,15.41015625,115.44921875,127.18359375,109.10546875,76.33203125,307.76953125,336.8359375,293.73828125,0.0,0.0,0.265625,52.105857849121094
none,0,1023,1.0,0.0,1.0,1.0,1.0,1.0,15.10546875,117.0390625,127.58203125,109.25390625,75.1171875,312.01953125,338.48046875,295.02734375,0.0,0.0,0.22265625,52.7601318359375
none,0,1024,1.0,0.0,1.0,1.0,1.0,1.0,15.87109375,115.20703125,126.32421875,110.19140625,77.36328125,306.5234375,334.30859375,297.75,0.0,0.0,0.26953125,52.03091049194336
none,0,1025,1.0,0.0,1.0,1.0,1.0,1.0,15.82421875,115.2109375,126.6953125,110.04296875,77.8203125,305.74609375,333.734375,298.0390625,0.0,0.0,0.2265625,52.22904968261719
none,0,1026,1.0,0.0,1.0,1.0,1.0,1.0,16.05078125,116.2109375,126.1796875,110.546875,78.26171875,308.625,332.96875,298.66796875,0.0,0.0,0.234375,52.197021484375
none,0,1027,1.0,0.0,1.0,1.0,1.0,1.0,15.66796875,115.68359375,126.1328125,110.89453125,76.13671875,306.35546875,332.8125,298.75,0.0,0.0,0.26171875,51.97850799560547
none,0,1028,1.0,0.0,1.0,1.0,1.0,1.0,15.8828125,115.34375,126.015625,110.69921875,79.046875,304.45703125,333.30859375,298.96875,0.0,0.0,0.3046875,52.18074035644531
none,0,1029,1.0,0.0,1.0,1.0,1.0,1.0,15.703125,115.1171875,126.5078125,109.87109375,76.90625,305.10546875,334.12109375,293.33984375,0.0,0.0,0.28125,52.0556755065918
none,0,1030,1.0,0.0,1.0,1.0,1.0,1.0,15.30078125,116.30859375,127.10546875,108.78515625,74.859375,308.6484375,334.59765625,292.3515625,0.0,0.0,0.25,52.14835739135742
none,0,1031,1.0,0.0,1.0,1.0,1.0,1.0,16.02734375,115.6328125,127.0546875,109.44921875,77.30078125,306.0546875,333.95703125,293.51953125,0.0,0.0,0.21875,52.1025390625
none,0,1032,1.0,0.0,1.0,1.0,1.0,1.0,14.81640625,115.98046875,128.11328125,109.76953125,72.60546875,307.296875,337.73046875,294.94140625,0.0,0.0,0.22265625,52.680686950683594
none,0,1033,1.0,0.0,1.0,1.0,1.0,1.0,15.2421875,116.09765625,127.84765625,109.66015625,75.91796875,307.80859375,336.1640625,295.08203125,0.0,0.0,0.25,52.60790252685547
none,0,1034,1.0,0.0,1.0,1.0,1.0,1.0,15.75,114.54296875,127.26953125,111.12109375,76.5703125,302.98046875,335.40234375,299.6015625,0.0,0.0,0.19921875,52.30849838256836
none,0,1035,1.0,0.0,1.0,1.0,1.0,1.0,15.5078125,115.515625,128.16015625,109.29296875,77.31640625,306.3828125,336.8984375,293.19140625,0.0,0.0,0.28125,52.50286865234375
none,0,1036,1.0,0.0,1.0,1.0,1.0,1.0,14.50390625,115.828125,127.43359375,111.03515625,72.64453125,305.71484375,335.80859375,297.9453125,0.0,0.0,0.26171875,52.6879997253418
none,0,1037,1.0,0.0,1.0,1.0,1.0,1.0,15.77734375,115.7890625,127.51171875,109.75,77.109375,306.26171875,335.73828125,295.375,0.0,0.0,0.20703125,52.40653610229492
none,0,1038,1.0,0.0,1.0,1.0,1.0,1.0,16.03515625,115.46484375,128.36328125,110.59375,77.21875,304.60546875,337.42578125,297.390625,0.0,0.0,0.21875,52.5755615234375
none,0,1039,1.0,0.0,1.0,1.0,1.0,1.0,15.421875,116.75,127.82421875,109.55859375,76.48046875,308.7734375,336.52734375,294.66015625,0.0,0.0,0.19921875,52.58270263671875
none,0,1040,1.0,0.0,1.0,1.0,1.0,1.0,15.44921875,117.42578125,127.9375,109.25390625,77.0625,310.29296875,337.69140625,294.29296875,0.0,0.0,0.2421875,52.71564865112305
none,0,1041,1.0,0.0,1.0,1.0,1.0,1.0,15.41015625,115.828125,127.8203125,111.29296875,75.5546875,306.74609375,337.1171875,300.015625,0.0,0.0,0.25,52.68937683105469
none,0,1042,1.0,0.0,1.0,1.0,1.0,1.0,14.98046875,116.4453125,127.05078125,110.62109375,74.3046875,309.08203125,335.6328125,296.58203125,0.0,0.0,0.1875,52.61846160888672
none,0,1043,1.0,0.0,1.0,1.0,1.0,1.0,14.8203125,117.3984375,127.7265625,110.7109375,74.32421875,311.80859375,336.9765625,297.171875,0.0,0.0,0.21875,53.018882751464844
none,0,1044,1.0,0.0,1.0,1.0,1.0,1.0,15.390625,117.03515625,127.578125,111.6015625,76.40234375,309.27734375,336.15625,299.484375,0.0,0.0,0.234375,53.06064987182617
none,0,1045,1.0,0.0,1.0,1.0,1.0,1.0,15.01171875,117.69921875,128.56640625,109.078125,74.06640625,311.49609375,338.234375,291.93359375,0.0,0.0,0.234375,53.01456832885742
none,0,1046,1.0,0.0,1.0,1.0,1.0,1.0,14.93359375,116.546875,127.7109375,109.12109375,72.40625,307.91796875,334.828125,291.80859375,0.0,0.0,0.26953125,52.6075439453125
none,0,1047,1.0,0.0,1.0,1.0,1.0,1.0,15.1484375,117.86328125,127.54296875,110.18359375,74.03125,311.07421875,335.48046875,294.58984375,0.0,0.0,0.2734375,52.909542083740234
none,0,1048,1.0,0.0,1.0,1.0,1.0,1.0,15.2421875,117.01953125,126.953125,109.6875,74.75390625,309.17578125,333.74609375,293.3046875,0.0,0.0,0.234375,52.426483154296875
none,0,1049,1.0,0.0,1.0,1.0,1.0,1.0,15.35546875,118.1015625,127.55078125,109.6328125,75.69140625,310.51953125,333.54296875,293.2734375,0.0,0.0,0.203125,52.80833053588867
none,0,1050,1.0,0.0,1.0,1.0,1.0,1.0,16.1484375,115.390625,127.1875,109.765625,77.8984375,304.1484375,334.765625,293.4765625,0.0,0.0,0.23828125,52.15733337402344
none,0,1051,1.0,0.0,1.0,1.0,1.0,1.0,14.59765625,117.828125,127.32421875,109.37890625,73.046875,311.34765625,333.7734375,291.97265625,0.0,0.0,0.23828125,52.833396911621094
none,0,1052,1.0,0.0,1.0,1.0,1.0,1.0,15.5078125,117.41796875,127.2265625,110.4921875,76.49609375,309.390625,334.64453125,293.57421875,0.0,0.0,0.1640625,52.887916564941406
none,0,1053,1.0,0.0,1.0,1.0,1.0,1.0,15.41015625,116.55859375,127.75,111.6796875,75.6171875,307.16796875,336.0703125,297.80078125,0.0,0.0,0.2109375,53.0521354675293
none,0,1054,1.0,0.0,1.0,1.0,1.0,1.0,15.5078125,117.55078125,127.69140625,110.5859375,76.63671875,311.67578125,335.71875,297.1953125,0.0,0.0,0.28515625,52.79764938354492
none,0,1055,1.0,0.0,1.0,1.0,1.0,1.0,15.19921875,117.7109375,126.9921875,110.75390625,77.5703125,311.203125,334.79296875,296.4921875,0.0,0.0,0.22265625,52.951133728027344
none,0,1056,1.0,0.0,1.0,1.0,1.0,1.0,14.70703125,117.85546875,128.44140625,109.71875,72.9765625,310.953125,339.01171875,293.99609375,0.0,0.0,0.21484375,53.013301849365234
none,0,1057,1.0,0.0,1.0,1.0,1.0,1.0,15.2421875,116.890625,127.88671875,111.890625,75.99609375,307.7265625,335.6796875,299.94921875,0.0,0.0,0.22265625,53.161834716796875
none,0,1058,1.0,0.0,1.0,1.0,1.0,1.0,15.1875,116.22265625,128.3671875,112.109375,76.77734375,306.2109375,336.42578125,301.109375,0.0,0.0,0.2265625,53.175071716308594
none,0,1059,1.0,0.0,1.0,1.0,1.0,1.0,15.14453125,116.0078125,127.890625,111.703125,74.73046875,304.75,336.37109375,298.72265625,0.0,0.0,0.19921875,53.03069305419922
none,0,1060,1.0,0.0,1.0,1.0,1.0,1.0,15.2578125,117.8125,127.81640625,110.52734375,75.26953125,311.75390625,334.53515625,294.09765625,0.0,0.0,0.2265625,52.84386444091797
none,0,1061,1.0,0.0,1.0,1.0,1.0,1.0,15.2109375,117.1875,127.4296875,110.78515625,75.57421875,308.015625,333.7734375,295.99609375,0.0,0.0,0.1875,52.713226318359375
none,0,1062,1.0,0.0,1.0,1.0,1.0,1.0,15.0078125,117.71484375,127.21484375,112.08984375,73.73828125,309.1796875,332.87109375,299.58203125,0.0,0.0,0.2578125,53.219764709472656
none,0,1063,1.0,0.0,1.0,1.0,1.0,1.0,14.7734375,117.58984375,127.96484375,111.125,74.16796875,309.9609375,334.734375,297.91015625,0.0,0.0,0.25390625,53.1875
none,0,1064,1.0,0.0,1.0,1.0,1.0,1.0,15.4765625,117.015625,128.046875,111.13671875,76.4765625,306.953125,336.30859375,297.65234375,0.0,0.0,0.265625,53.01447677612305
none,0,1065,1.0,0.0,1.0,1.0,1.0,1.0,15.28515625,117.16015625,129.03515625,110.640625,74.57421875,309.7421875,336.2109375,296.12109375,0.0,0.0,0.265625,53.24980163574219
none,0,1066,1.0,0.0,1.0,1.0,1.0,1.0,14.85546875,117.7421875,127.2890625,112.03515625,74.46484375,308.11328125,333.12109375,299.28515625,0.0,0.0,0.30078125,53.087425231933594
none,0,1067,1.0,0.0,1.0,1.0,1.0,1.0,15.578125,117.07421875,129.75390625,111.1171875,76.41015625,307.4453125,341.30078125,295.89453125,0.0,0.0,0.234375,53.32110595703125
none,0,1068,1.0,0.0,1.0,1.0,1.0,1.0,15.1796875,115.63671875,127.90625,112.8046875,75.8828125,304.83203125,335.01171875,301.10546875,0.0,0.0,0.21484375,53.11573028564453
none,0,1069,1.0,0.0,1.0,1.0,1.0,1.0,15.24609375,117.484375,128.16796875,112.20703125,74.66796875,308.32421875,335.6015625,299.68359375,0.0,0.0,0.21484375,53.335105895996094
none,0,1070,1.0,0.0,1.0,1.0,1.0,1.0,14.68359375,117.46484375,128.0078125,112.4140625,73.125,308.66015625,335.7109375,301.140625,0.0,0.0,0.21484375,53.397605895996094
none,0,1071,1.0,0.0,1.0,1.0,1.0,1.0,14.70703125,117.8828125,128.6015625,111.38671875,73.48828125,309.66015625,337.96875,297.515625,0.0,0.0,0.25,53.436092376708984
none,0,1072,1.0,0.0,1.0,1.0,1.0,1.0,14.859375,117.62890625,128.44921875,111.90625,74.1796875,309.67578125,337.1875,298.69140625,0.0,0.0,0.16796875,53.218727111816406
none,0,1073,1.0,0.0,1.0,1.0,1.0,1.0,15.203125,119.203125,127.77734375,111.50390625,75.6171875,314.41796875,333.70703125,297.1484375,0.0,0.0,0.15234375,53.3952751159668
none,0,1074,1.0,0.0,1.0,1.0,1.0,1.0,15.03515625,119.24609375,128.2578125,109.4453125,73.49609375,314.8203125,337.13671875,291.66796875,0.0,0.0,0.2109375,53.041290283203125
none,0,1075,1.0,0.0,1.0,1.0,1.0,1.0,14.5703125,117.8515625,128.70703125,112.421875,73.78515625,309.984375,339.77734375,299.6796875,0.0,0.0,0.2265625,53.62220764160156
none,0,1076,1.0,0.0,1.0,1.0,1.0,1.0,15.578125,117.17578125,128.51953125,111.87890625,77.49609375,309.12109375,335.25390625,299.93359375,0.0,0.0,0.21875,53.031349182128906
none,0,1077,1.0,0.0,1.0,1.0,1.0,1.0,15.4921875,117.171875,128.0859375,111.5625,77.24609375,308.9140625,336.26953125,299.796875,0.0,0.0,0.1953125,52.9470329284668
none,0,1078,1.0,0.0,1.0,1.0,1.0,1.0,15.84375,118.08984375,128.21484375,113.36328125,78.43359375,310.89453125,336.10546875,302.1328125,0.0,0.0,0.1875,53.378334045410156
none,0,1079,1.0,0.0,1.0,1.0,1.0,1.0,15.24609375,118.88671875,128.62109375,111.04296875,77.3828125,312.81640625,337.1640625,296.1484375,0.0,0.0,0.25390625,53.33085632324219
none,0,1080,1.0,0.0,1.0,1.0,1.0,1.0,14.8828125,118.453125,127.43359375,111.86328125,75.19921875,312.1484375,333.05078125,298.078125,0.0,0.0,0.18359375,53.271209716796875
none,0,1081,1.0,0.0,1.0,1.0,1.0,1.0,14.58984375,117.41015625,128.90625,111.2109375,74.22265625,308.78125,337.140625,297.3515625,0.0,0.0,0.19921875,53.364524841308594
none,0,1082,1.0,0.0,1.0,1.0,1.0,1.0,15.1640625,117.26171875,129.10546875,110.33984375,75.2890625,307.06640625,337.03125,294.64453125,0.0,0.0,0.2578125,53.099464416503906
none,0,1083,1.0,0.0,1.0,1.0,1.0,1.0,14.96875,116.85546875,128.83203125,111.95703125,74.55859375,305.078125,336.84375,297.16015625,0.0,0.0,0.234375,53.234554290771484
none,0,1084,1.0,0.0,1.0,1.0,1.0,1.0,14.328125,117.16796875,129.24609375,111.9453125,72.78515625,307.609375,338.140625,298.765625,0.0,0.0,0.27734375,53.54290771484375
none,0,1085,1.0,0.0,1.0,1.0,1.0,1.0,14.90625,118.73046875,129.859375,111.23046875,75.57421875,310.8984375,340.27734375,297.578125,0.0,0.0,0.203125,53.689918518066406
none,0,1086,1.0,0.0,1.0,1.0,1.0,1.0,15.01171875,118.703125,129.04296875,112.1015625,74.078125,309.53125,335.859375,298.6953125,0.0,0.0,0.25390625,53.703468322753906
none,0,1087,1.0,0.0,1.0,1.0,1.0,1.0,14.984375,117.55859375,129.0625,111.63671875,75.49609375,308.60546875,335.79296875,295.80859375,0.0,0.0,0.26953125,53.22690963745117
none,0,1088,1.0,0.0,1.0,1.0,1.0,1.0,14.8125,117.3046875,128.984375,111.02734375,74.66015625,308.97265625,337.00390625,295.07421875,0.0,0.0,0.19921875,53.2943229675293
none,0,1089,1.0,0.0,1.0,1.0,1.0,1.0,14.515625,118.58203125,128.94921875,111.48828125,72.7578125,310.4296875,335.6015625,296.58203125,0.0,0.0,0.25,53.47944259643555
none,0,1090,1.0,0.0,1.0,1.0,1.0,1.0,14.96875,117.60546875,129.40234375,112.87109375,75.41796875,307.27734375,336.82421875,299.71484375,0.0,0.0,0.21484375,53.73394775390625
none,0,1091,1.0,0.0,1.0,1.0,1.0,1.0,14.9375,117.82421875,128.95703125,112.81640625,75.796875,308.33203125,336.66796875,300.703125,0.0,0.0,0.1953125,53.69115447998047
none,0,1092,1.0,0.0,1.0,1.0,1.0,1.0,14.953125,118.16015625,128.83984375,113.10546875,74.70703125,308.95703125,335.4921875,301.37890625,0.0,0.0,0.25,53.68821334838867
none,0,1093,1.0,0.0,1.0,1.0,1.0,1.0,14.63671875,118.18359375,128.73046875,111.78125,72.76953125,309.97265625,336.34765625,297.15234375,0.0,0.0,0.24609375,53.4365234375
none,0,1094,1.0,0.0,1.0,1.0,1.0,1.0,15.1015625,119.25390625,127.5546875,112.078125,75.171875,312.859375,333.32421875,299.81640625,0.0,0.0,0.2265625,53.452964782714844
none,0,1095,1.0,0.0,1.0,1.0,1.0,1.0,14.9453125,118.7421875,129.80078125,111.89453125,74.296875,312.68359375,337.40625,296.734375,0.0,0.0,0.17578125,53.94573211669922
none,0,1096,1.0,0.0,1.0,1.0,1.0,1.0,14.9453125,118.6328125,128.6875,113.0078125,76.4296875,310.24609375,336.3984375,301.0625,0.0,0.0,0.23046875,53.8751335144043
none,0,1097,1.0,0.0,1.0,1.0,1.0,1.0,14.58984375,117.37890625,127.8671875,113.1484375,73.27734375,309.83203125,333.828125,301.05078125,0.0,0.0,0.21484375,53.30961608886719
none,0,1098,1.0,0.0,1.0,1.0,1.0,1.0,14.5390625,117.16796875,129.33984375,113.8984375,76.58984375,307.890625,337.46484375,303.28515625,0.0,0.0,0.171875,53.69004440307617
none,0,1099,1.0,0.0,1.0,1.0,1.0,1.0,15.55078125,117.79296875,128.30078125,112.45703125,77.53515625,310.18359375,334.44921875,299.640625,0.0,0.0,0.23828125,53.37919235229492
none,0,1100,1.0,0.0,1.0,1.0,1.0,1.0,14.71875,119.06640625,129.4375,113.17578125,74.51171875,312.28125,338.16015625,300.6953125,0.0,0.0,0.1953125,54.22137451171875
none,0,1101,1.0,0.0,1.0,1.0,1.0,1.0,14.73828125,119.6796875,128.8671875,112.63671875,75.48828125,313.83984375,336.28515625,298.80078125,0.0,0.0,0.2421875,53.99109649658203
none,0,1102,1.0,0.0,1.0,1.0,1.0,1.0,14.4609375,118.55859375,129.3203125,113.8125,74.9375,311.65234375,337.578125,304.1796875,0.0,0.0,0.21484375,54.23009490966797
none,0,1103,1.0,0.0,1.0,1.0,1.0,1.0,14.63671875,119.21875,129.375,112.0625,75.7890625,312.859375,337.8984375,297.53515625,0.0,0.0,0.21875,53.96614074707031
none,0,1104,1.0,0.0,1.0,1.0,1.0,1.0,14.875,119.7890625,128.3984375,111.66015625,74.8984375,313.5859375,337.171875,296.37890625,0.0,0.0,0.2421875,53.757530212402344
none,0,1105,1.0,0.0,1.0,1.0,1.0,1.0,14.4296875,119.05078125,129.71484375,112.46484375,73.49609375,312.90625,337.63671875,299.0703125,0.0,0.0,0.23046875,54.0821533203125
none,0,1106,1.0,0.0,1.0,1.0,1.0,1.0,14.46484375,119.69921875,130.078125,112.75,75.46484375,312.53125,338.6015625,298.27734375,0.0,0.0,0.19140625,54.36730194091797
none,0,1107,1.0,0.0,1.0,1.0,1.0,1.0,15.2890625,117.90625,128.69921875,114.46484375,78.171875,308.5078125,336.25390625,303.2890625,0.0,0.0,0.24609375,53.98017883300781
none,0,1108,1.0,0.0,1.0,1.0,1.0,1.0,14.578125,118.55859375,130.07421875,112.703125,74.59375,309.65234375,339.05078125,298.88671875,0.0,0.0,0.2265625,54.05347442626953
none,0,1109,1.0,0.0,1.0,1.0,1.0,1.0,14.38671875,118.39453125,129.6953125,112.40625,72.97265625,308.65234375,337.20703125,297.1328125,0.0,0.0,0.15234375,54.10941696166992
none,0,1110,1.0,0.0,1.0,1.0,1.0,1.0,15.27734375,119.265625,130.53515625,113.80078125,76.80859375,310.7109375,337.31640625,300.55859375,0.0,0.0,0.16796875,54.2404899597168
none,0,1111,1.0,0.0,1.0,1.0,1.0,1.0,14.9296875,118.74609375,129.5859375,113.2421875,75.3515625,309.390625,336.8671875,299.5859375,0.0,0.0,0.2265625,54.021087646484375
none,0,1112,1.0,0.0,1.0,1.0,1.0,1.0,14.7421875,119.37109375,131.87109375,111.92578125,74.15234375,312.12109375,342.7265625,296.859375,0.0,0.0,0.19140625,54.326778411865234
none,0,1113,1.0,0.0,1.0,1.0,1.0,1.0,15.29296875,118.7421875,129.83984375,112.94140625,76.328125,310.94921875,336.37890625,298.73046875,0.0,0.0,0.203125,53.93124008178711
none,0,1114,1.0,0.0,1.0,1.0,1.0,1.0,15.2109375,119.59375,129.2265625,111.87109375,75.671875,312.21484375,333.421875,296.609375,0.0,0.0,0.2421875,53.90046310424805
none,0,1115,1.0,0.0,1.0,1.0,1.0,1.0,14.83984375,120.15625,128.76171875,112.46484375,74.71875,313.54296875,334.4453125,298.59375,0.0,0.0,0.25390625,53.95718002319336
none,0,1116,1.0,0.0,1.0,1.0,1.0,1.0,15.04296875,119.3125,129.75390625,113.66015625,76.9765625,311.890625,335.453125,302.1953125,0.0,0.0,0.234375,53.96929168701172
none,0,1117,1.0,0.0,1.0,1.0,1.0,1.0,14.75390625,119.50390625,129.98828125,111.46484375,74.5625,311.98828125,336.35546875,295.984375,0.0,0.0,0.203125,53.96586227416992
none,0,1118,1.0,0.0,1.0,1.0,1.0,1.0,15.25390625,119.875,129.62890625,112.6640625,76.30078125,311.92578125,335.08203125,297.78125,0.0,0.0,0.23828125,54.11181640625
none,0,1119,1.0,0.0,1.0,1.0,1.0,1.0,14.46484375,119.1640625,130.44921875,112.8828125,73.71484375,309.296875,339.2734375,298.6796875,0.0,0.0,0.22265625,54.37289047241211
none,0,1120,1.0,0.0,1.0,1.0,1.0,1.0,15.20703125,119.85546875,129.6015625,112.31640625,75.66015625,313.69921875,336.5625,296.8203125,0.0,0.0,0.19140625,54.23838806152344
none,0,1121,1.0,0.0,1.0,1.0,1.0,1.0,14.75,120.015625,130.07421875,112.7421875,75.11328125,313.15234375,336.89453125,297.19140625,0.0,0.0,0.2421875,54.278717041015625
none,0,1122,1.0,0.0,1.0,1.0,1.0,1.0,15.42578125,119.796875,129.4296875,114.14453125,75.8046875,310.61328125,335.2734375,301.734375,0.0,0.0,0.1796875,54.17914962768555
none,0,1123,1.0,0.0,1.0,1.0,1.0,1.0,15.09765625,119.890625,130.37109375,113.6328125,76.70703125,309.87109375,336.7734375,298.90234375,0.0,0.0,0.203125,54.27606201171875
none,0,1124,1.0,0.0,1.0,1.0,1.0,1.0,15.234375,119.62109375,131.06640625,113.5390625,75.59375,311.22265625,338.34375,298.78125,0.0,0.0,0.19140625,54.3255615234375
none,0,1125,1.0,0.0,1.0,1.0,1.0,1.0,15.13671875,119.08203125,130.6015625,112.08203125,74.88671875,308.71875,338.015625,297.3671875,0.0,0.0,0.19921875,54.064414978027344
none,0,1126,1.0,0.0,1.0,1.0,1.0,1.0,15.15234375,118.984375,129.83203125,114.05078125,76.7265625,307.9140625,335.25390625,300.75390625,0.0,0.0,0.265625,54.236534118652344
none,0,1127,1.0,0.0,1.0,1.0,1.0,1.0,14.98046875,120.58984375,130.578125,113.51953125,75.51953125,312.84765625,337.53515625,299.85546875,0.0,0.0,0.1953125,54.583431243896484
none,0,1128,1.0,0.0,1.0,1.0,1.0,1.0,14.90234375,120.07421875,130.56640625,113.5859375,75.5546875,311.6484375,338.609375,300.7890625,0.0,0.0,0.24609375,54.6097412109375
none,0,1129,1.0,0.0,1.0,1.0,1.0,1.0,14.1171875,118.73828125,130.18359375,113.19921875,73.3984375,309.7421875,338.37890625,299.6328125,0.0,0.0,0.17578125,54.22190475463867
none,0,1130,1.0,0.0,1.0,1.0,1.0,1.0,14.83984375,119.3671875,130.23828125,112.9765625,74.66015625,310.8359375,338.625,299.77734375,0.0,0.0,0.2265625,54.385009765625
none,0,1131,1.0,0.0,1.0,1.0,1.0,1.0,15.04296875,119.8046875,130.7578125,113.734375,77.24609375,311.25,337.41015625,299.95703125,0.0,0.0,0.19921875,54.619361877441406
none,0,1132,1.0,0.0,1.0,1.0,1.0,1.0,14.21875,118.9765625,129.9453125,114.07421875,73.3828125,309.3515625,337.0390625,302.80859375,0.0,0.0,0.17578125,54.4616813659668
none,0,1133,1.0,0.0,1.0,1.0,1.0,1.0,14.5703125,119.85546875,131.1328125,113.80078125,74.48046875,310.44921875,339.921875,301.09375,0.0,0.0,0.2421875,54.725521087646484
none,0,1134,1.0,0.0,1.0,1.0,1.0,1.0,14.640625,120.265625,130.15234375,114.0078125,75.6875,313.0234375,337.484375,299.67578125,0.0,0.0,0.1796875,54.606292724609375
none,0,1135,1.0,0.0,1.0,1.0,1.0,1.0,14.61328125,119.81640625,131.53515625,114.50390625,75.2890625,311.68359375,340.62109375,302.73046875,0.0,0.0,0.2109375,54.87447738647461
none,0,1136,1.0,0.0,1.0,1.0,1.0,1.0,14.33203125,119.4453125,130.98046875,113.3671875,73.6875,310.98046875,338.0390625,299.27734375,0.0,0.0,0.1953125,54.65378952026367
none,0,1137,1.0,0.0,1.0,1.0,1.0,1.0,14.1328125,119.5,130.95703125,113.5234375,72.15625,309.56640625,338.6328125,300.0625,0.0,0.0,0.21875,54.50006866455078
none,0,1138,1.0,0.0,1.0,1.0,1.0,1.0,14.13671875,120.421875,131.22265625,113.77734375,73.25,312.5625,338.85546875,300.5,0.0,0.0,0.26171875,54.803466796875
none,0,1139,1.0,0.0,1.0,1.0,1.0,1.0,14.7265625,119.58203125,130.6484375,114.0859375,74.8359375,310.703125,339.23828125,299.921875,0.0,0.0,0.2578125,54.65253829956055
none,0,1140,1.0,0.0,1.0,1.0,1.0,1.0,14.6171875,121.12109375,131.86328125,113.47265625,74.99609375,313.6015625,340.109375,297.77734375,0.0,0.0,0.2109375,54.868988037109375
none,0,1141,1.0,0.0,1.0,1.0,1.0,1.0,14.125,120.6953125,131.88671875,113.4921875,73.42578125,313.41796875,341.4453125,298.9765625,0.0,0.0,0.1953125,54.83506393432617
none,0,1142,1.0,0.0,1.0,1.0,1.0,1.0,14.2109375,119.98046875,131.62890625,113.875,73.03125,310.0234375,341.26171875,301.37890625,0.0,0.0,0.22265625,54.786617279052734
none,0,1143,1.0,0.0,1.0,1.0,1.0,1.0,14.65234375,120.1875,131.76171875,115.26171875,77.25,310.34765625,341.5703125,303.51171875,0.0,0.0,0.1796875,55.1151123046875
none,0,1144,1.0,0.0,1.0,1.0,1.0,1.0,14.734375,120.55859375,130.01953125,114.48828125,75.37890625,311.5234375,337.08984375,303.48046875,0.0,0.0,0.21875,54.696434020996094
none,0,1145,1.0,0.0,1.0,1.0,1.0,1.0,15.04296875,118.80859375,130.68359375,115.97265625,77.5703125,307.18359375,339.0078125,305.0859375,0.0,0.0,0.15234375,54.91910934448242
none,0,1146,1.0,0.0,1.0,1.0,1.0,1.0,14.1171875,119.92578125,129.92578125,114.0390625,74.0,311.76953125,336.9453125,301.015625,0.0,0.0,0.16796875,54.669517517089844
none,0,1147,1.0,0.0,1.0,1.0,1.0,1.0,15.1484375,119.16015625,131.9296875,116.19140625,77.25390625,308.48046875,340.28515625,306.609375,0.0,0.0,0.21484375,55.0985221862793
none,0,1148,1.0,0.0,1.0,1.0,1.0,1.0,15.22265625,119.21484375,131.09375,115.203125,77.7265625,308.44921875,340.54296875,304.21484375,0.0,0.0,0.1796875,54.801788330078125
none,0,1149,1.0,0.0,1.0,1.0,1.0,1.0,14.33984375,121.28515625,131.78515625,113.1953125,74.22265625,315.40625,341.1640625,297.79296875,0.0,0.0,0.25,55.05754852294922
none,0,1150,1.0,0.0,1.0,1.0,1.0,1.0,14.7578125,120.359375,131.69921875,113.83203125,76.76171875,310.39453125,342.44921875,299.6484375,0.0,0.0,0.28515625,54.80327606201172
none,0,1151,1.0,0.0,1.0,1.0,1.0,1.0,14.46875,121.42578125,130.51171875,114.625,75.00390625,315.13671875,338.95703125,301.2109375,0.0,0.0,0.19140625,54.83950424194336
none,0,1152,1.0,0.0,1.0,1.0,1.0,1.0,15.0078125,121.31640625,131.3515625,114.33203125,76.15234375,315.52734375,338.5234375,300.79296875,0.0,0.0,0.203125,54.958343505859375
none,0,1153,1.0,0.0,1.0,1.0,1.0,1.0,14.26171875,120.53515625,132.0625,115.58984375,73.390625,311.02734375,340.43359375,302.265625,0.0,0.0,0.19140625,55.213783264160156
none,0,1154,1.0,0.0,1.0,1.0,1.0,1.0,14.62109375,119.60546875,131.58984375,115.33203125,75.26953125,307.75390625,340.04296875,303.12109375,0.0,0.0,0.171875,55.034576416015625
none,0,1155,1.0,0.0,1.0,1.0,1.0,1.0,14.68359375,121.5390625,131.12890625,115.30859375,76.1796875,313.09375,338.48046875,302.30078125,0.0,0.0,0.234375,55.29827117919922
none,0,1156,1.0,0.0,1.0,1.0,1.0,1.0,14.56640625,120.42578125,132.69921875,115.453125,75.28125,310.87109375,342.015625,302.03125,0.0,0.0,0.17578125,55.35062789916992
none,0,1157,1.0,0.0,1.0,1.0,1.0,1.0,14.46484375,121.04296875,133.58203125,115.8984375,75.359375,310.421875,342.86328125,301.8046875,0.0,0.0,0.21875,55.76976013183594
none,0,1158,1.0,0.0,1.0,1.0,1.0,1.0,14.97265625,120.37890625,131.08203125,115.67578125,76.05859375,308.56640625,338.71875,303.34765625,0.0,0.0,0.21875,55.00495147705078
none,0,1159,1.0,0.0,1.0,1.0,1.0,1.0,14.61328125,120.9140625,131.58203125,116.2890625,75.6796875,310.78515625,338.31640625,304.98828125,0.0,0.0,0.17578125,55.40386199951172
none,0,1160,1.0,0.0,1.0,1.0,1.0,1.0,14.30078125,120.1171875,131.45703125,115.76953125,75.44140625,308.3984375,337.2578125,302.32421875,0.0,0.0,0.2109375,55.1744499206543
none,0,1161,1.0,0.0,1.0,1.0,1.0,1.0,14.296875,121.0078125,132.22265625,114.23046875,74.0078125,311.01953125,340.46484375,297.4609375,0.0,0.0,0.1796875,55.05818176269531
none,0,1162,1.0,0.0,1.0,1.0,1.0,1.0,14.609375,120.0234375,131.33984375,114.75,75.6640625,309.51953125,336.68359375,300.37890625,0.0,0.0,0.15625,55.02607345581055
none,0,1163,1.0,0.0,1.0,1.0,1.0,1.0,14.47265625,120.98046875,132.25390625,114.7734375,74.80078125,313.421875,338.578125,300.91796875,0.0,0.0,0.234375,55.306678771972656
none,0,1164,1.0,0.0,1.0,1.0,1.0,1.0,14.359375,120.87109375,132.49609375,113.5625,75.265625,312.5859375,340.19921875,298.30859375,0.0,0.0,0.20703125,55.04872131347656
none,0,1165,1.0,0.0,1.0,1.0,1.0,1.0,14.4375,119.7734375,133.59375,115.46484375,75.984375,311.4453125,341.6484375,302.6796875,0.0,0.0,0.203125,55.50829315185547
none,0,1166,1.0,0.0,1.0,1.0,1.0,1.0,14.52734375,121.37109375,131.5078125,113.9921875,73.7265625,313.421875,339.34375,298.875,0.0,0.0,0.2265625,55.03118133544922
none,0,1167,1.0,0.0,1.0,1.0,1.0,1.0,14.82421875,120.96875,131.29296875,114.8671875,76.03125,312.3046875,338.2109375,301.36328125,0.0,0.0,0.21875,54.96575164794922
none,0,1168,1.0,0.0,1.0,1.0,1.0,1.0,13.8828125,122.5390625,132.08203125,114.75,73.1953125,316.07421875,340.94140625,300.52734375,0.0,0.0,0.19140625,55.66289520263672
none,0,1169,1.0,0.0,1.0,1.0,1.0,1.0,14.2578125,122.73046875,132.17578125,114.58203125,75.10546875,316.56640625,339.23046875,298.3046875,0.0,0.0,0.18359375,55.35350799560547
none,0,1170,1.0,0.0,1.0,1.0,1.0,1.0,13.94140625,122.6875,132.734375,115.4375,74.38671875,315.71484375,341.4921875,301.76171875,0.0,0.0,0.2578125,55.83446502685547
none,0,1171,1.0,0.0,1.0,1.0,1.0,1.0,14.91015625,121.21484375,132.6796875,115.10546875,75.2890625,312.15625,341.58984375,301.3125,0.0,0.0,0.2578125,55.4860954284668
none,0,1172,1.0,0.0,1.0,1.0,1.0,1.0,14.4140625,121.78125,132.21484375,115.59765625,74.2265625,311.55859375,339.25390625,303.859375,0.0,0.0,0.203125,55.549560546875
none,0,1173,1.0,0.0,1.0,1.0,1.0,1.0,14.60546875,122.375,131.7578125,115.4296875,74.37109375,315.2578125,340.94921875,303.09375,0.0,0.0,0.16015625,55.616668701171875
none,0,1174,1.0,0.0,1.0,1.0,1.0,1.0,14.79296875,121.1484375,132.9375,115.046875,76.05078125,314.140625,343.56640625,302.58203125,0.0,0.0,0.1953125,55.58894348144531
none,0,1175,1.0,0.0,1.0,1.0,1.0,1.0,14.26171875,122.77734375,132.3671875,115.16796875,74.8828125,316.9765625,341.9140625,301.7734375,0.0,0.0,0.23828125,55.8012809753418
none,0,1176,1.0,0.0,1.0,1.0,1.0,1.0,13.97265625,121.19921875,132.93359375,114.9609375,75.21484375,312.56640625,343.46484375,302.4375,0.0,0.0,0.22265625,55.69094467163086
none,0,1177,1.0,0.0,1.0,1.0,1.0,1.0,14.16015625,121.8046875,132.37890625,116.05859375,75.125,313.625,340.8125,305.66015625,0.0,0.0,0.23046875,55.659603118896484
none,0,1178,1.0,0.0,1.0,1.0,1.0,1.0,14.7109375,121.32421875,131.8671875,116.28125,76.5,313.30078125,341.421875,303.9765625,0.0,0.0,0.17578125,55.784873962402344
none,0,1179,1.0,0.0,1.0,1.0,1.0,1.0,14.30859375,122.3125,131.76171875,116.75390625,74.609375,314.4140625,339.58984375,305.546875,0.0,0.0,0.20703125,56.011940002441406
none,0,1180,1.0,0.0,1.0,1.0,1.0,1.0,14.40234375,121.22265625,131.9140625,115.859375,76.546875,313.01953125,338.83203125,304.46875,0.0,0.0,0.19921875,55.36387252807617
none,0,1181,1.0,0.0,1.0,1.0,1.0,1.0,14.578125,122.796875,131.953125,117.453125,76.05078125,315.27734375,339.5703125,307.25390625,0.0,0.0,0.2109375,55.95714569091797
none,0,1182,1.0,0.0,1.0,1.0,1.0,1.0,14.23046875,120.80078125,132.88671875,116.36328125,74.828125,310.5546875,342.20703125,304.55859375,0.0,0.0,0.21875,55.69053268432617
none,0,1183,1.0,0.0,1.0,1.0,1.0,1.0,14.6875,121.58203125,133.41796875,116.37109375,74.11328125,311.9765625,342.66796875,303.375,0.0,0.0,0.2265625,56.077754974365234
none,0,1184,1.0,0.0,1.0,1.0,1.0,1.0,14.40234375,121.3203125,133.9296875,116.6796875,74.0703125,311.0234375,343.44140625,303.84375,0.0,0.0,0.2109375,56.06744384765625
none,0,1185,1.0,0.0,1.0,1.0,1.0,1.0,14.22265625,122.34765625,132.4453125,115.625,72.1484375,313.640625,339.92578125,301.02734375,0.0,0.0,0.1953125,55.70882797241211
none,0,1186,1.0,0.0,1.0,1.0,1.0,1.0,13.90234375,124.390625,132.24609375,117.74609375,74.81640625,318.50390625,339.08203125,305.84375,0.0,0.0,0.19140625,56.45730209350586
none,0,1187,1.0,0.0,1.0,1.0,1.0,1.0,14.7421875,122.32421875,131.89453125,116.01953125,77.19140625,312.69140625,338.65625,302.01171875,0.0,0.0,0.1875,55.88850402832031
none,0,1188,1.0,0.0,1.0,1.0,1.0,1.0,14.2734375,121.23828125,132.453125,117.56640625,74.62109375,308.25,339.37890625,306.18359375,0.0,0.0,0.2109375,56.094085693359375
none,0,1189,1.0,0.0,1.0,1.0,1.0,1.0,14.85546875,121.55859375,132.92578125,117.453125,75.69140625,310.59375,338.59375,305.76171875,0.0,0.0,0.19921875,56.0374755859375
none,0,1190,1.0,0.0,1.0,1.0,1.0,1.0,14.28125,123.09375,133.37890625,115.90625,73.56640625,315.2265625,341.30078125,299.578125,0.0,0.0,0.203125,56.19554901123047
none,0,1191,1.0,0.0,1.0,1.0,1.0,1.0,14.4609375,123.77734375,133.61328125,116.69140625,75.01953125,316.71875,340.43359375,302.45703125,0.0,0.0,0.1796875,56.37261199951172
none,0,1192,1.0,0.0,1.0,1.0,1.0,1.0,14.25,121.12890625,134.33984375,116.703125,74.4921875,309.22265625,344.7421875,303.984375,0.0,0.0,0.25390625,56.27513122558594
none,0,1193,1.0,0.0,1.0,1.0,1.0,1.0,14.8828125,121.92578125,132.9765625,117.0,75.77734375,312.0,339.015625,305.4609375,0.0,0.0,0.19140625,55.76316452026367
none,0,1194,1.0,0.0,1.0,1.0,1.0,1.0,14.07421875,122.35546875,134.16796875,115.8046875,75.45703125,314.1953125,343.1015625,301.33203125,0.0,0.0,0.23828125,56.22445297241211
none,0,1195,1.0,0.0,1.0,1.0,1.0,1.0,14.296875,122.921875,133.5390625,115.6953125,75.56640625,315.45703125,341.94140625,299.87109375,0.0,0.0,0.203125,56.104915618896484
none,0,1196,1.0,0.0,1.0,1.0,1.0,1.0,13.96484375,121.2578125,136.08203125,116.41796875,73.99609375,309.34375,347.67578125,302.93359375,0.0,0.0,0.203125,56.37629699707031
none,0,1197,1.0,0.0,1.0,1.0,1.0,1.0,13.76171875,123.359375,133.6796875,115.62890625,73.65625,316.01171875,342.27734375,300.046875,0.0,0.0,0.1875,56.38188171386719
none,0,1198,1.0,0.0,1.0,1.0,1.0,1.0,14.17578125,124.12109375,132.59375,116.83203125,74.609375,317.0078125,340.1328125,302.5859375,0.0,0.0,0.14453125,56.51403045654297
none,0,1199,1.0,0.0,1.0,1.0,1.0,1.0,14.09375,122.60546875,134.48828125,116.953125,74.33203125,312.71875,341.6875,302.7109375,0.0,0.0,0.19140625,56.52192306518555
none,1,0,1.0,0.0,1.0,1.0,1.0,1.0,25.21484375,25.28125,24.43359375,22.703125,200.9296875,205.4296875,196.4140625,190.203125,0.0,0.0,18.48828125,-1.0322046279907227
none,1,1,1.0,0.0,1.0,1.0,1.0,1.0,26.13671875,26.68359375,25.46484375,24.1875,195.66015625,204.82421875,199.58984375,191.37890625,0.0,0.0,18.328125,-0.3287356197834015
none,1,2,1.0,0.0,1.0,1.0,1.0,1.0,27.4375,28.66796875,28.26171875,26.17578125,199.02734375,208.015625,204.5,193.4765625,0.0,0.0,17.703125,0.4266795516014099
none,1,3,1.0,0.0,1.0,1.0,1.0,1.0,28.5703125,29.6796875,29.8515625,27.296875,190.4921875,207.375,207.828125,192.14453125,0.0,0.0,16.59765625,1.1095781326293945
none,1,4,1.0,0.0,1.0,1.0,1.0,1.0,29.93359375,32.06640625,29.81640625,27.8203125,189.26953125,207.2734375,200.2890625,186.04296875,0.0,0.0,16.77734375,1.48297917842865
none,1,5,1.0,0.0,1.0,1.0,1.0,1.0,30.44921875,33.63671875,32.25,29.9453125,185.68359375,207.59765625,204.3359375,190.01953125,0.0,0.0,16.64453125,2.429983615875244
none,1,6,1.0,0.0,1.0,1.0,1.0,1.0,31.1953125,35.1015625,33.20703125,31.9140625,179.9921875,207.84375,202.16796875,193.01171875,0.0,0.0,15.96875,2.967637538909912
none,1,7,1.0,0.0,1.0,1.0,1.0,1.0,32.3046875,37.77734375,34.390625,33.49609375,176.76171875,211.91015625,197.77734375,191.31640625,0.0,0.0,15.55859375,3.817150592803955
none,1,8,1.0,0.0,1.0,1.0,1.0,1.0,33.3671875,38.98046875,35.60546875,33.9609375,174.4140625,210.1015625,200.828125,187.60546875,0.0,0.0,15.06640625,4.3014655113220215
none,1,9,1.0,0.0,1.0,1.0,1.0,1.0,33.65234375,41.10546875,36.703125,35.296875,168.28125,210.53515625,197.73046875,186.171875,0.0,0.0,14.7265625,4.975001811981201
none,1,10,1.0,0.0,1.0,1.0,1.0,1.0,33.9375,42.32421875,37.35546875,36.7578125,162.23046875,208.3203125,190.953125,183.25,0.0,0.0,14.578125,5.473727703094482
none,1,11,1.0,0.0,1.0,1.0,1.0,1.0,34.16796875,43.515625,38.2578125,37.734375,158.609375,201.30078125,190.19921875,182.6875,0.0,0.0,14.12890625,6.057887077331543
none,1,12,1.0,0.0,1.0,1.0,1.0,1.0,34.1953125,45.01171875,39.8359375,39.4140625,153.125,200.68359375,186.84765625,179.796875,0.0,0.0,13.3671875,6.91190242767334
none,1,13,1.0,0.0,1.0,1.0,1.0,1.0,36.06640625,45.65234375,39.90234375,40.80859375,154.26171875,195.3046875,178.1796875,180.21875,0.0,0.0,13.33203125,7.152896881103516
none,1,14,1.0,0.0,1.0,1.0,1.0,1.0,36.00390625,47.1171875,42.01953125,41.67578125,147.96484375,195.1171875,180.1875,176.328125,0.0,0.0,13.0546875,7.864913463592529
none,1,15,1.0,0.0,1.0,1.0,1.0,1.0,36.265625,47.609375,42.35546875,43.45703125,145.55859375,189.9140625,174.24609375,175.453125,0.0,0.0,12.55859375,8.386502265930176
none,1,16,1.0,0.0,1.0,1.0,1.0,1.0,36.48046875,49.32421875,43.32421875,43.50390625,141.84765625,189.80859375,171.52734375,169.98828125,0.0,0.0,12.1484375,8.946173667907715
none,1,17,1.0,0.0,1.0,1.0,1.0,1.0,38.3203125,49.69140625,44.828125,44.69140625,146.484375,186.9765625,170.640625,168.7734375,0.0,0.0,11.9375,9.146339416503906
none,1,18,1.0,0.0,1.0,1.0,1.0,1.0,39.23828125,49.62890625,45.2109375,48.0625,147.36328125,182.70703125,167.34765625,175.72265625,0.0,0.0,11.7890625,9.640954971313477
none,1,19,1.0,0.0,1.0,1.0,1.0,1.0,39.25390625,51.81640625,46.02734375,46.546875,145.5625,187.8125,167.26953125,169.1328125,0.0,0.0,11.38671875,9.810236930847168
none,1,20,1.0,0.0,1.0,1.0,1.0,1.0,39.0390625,52.48828125,47.5,48.109375,141.51953125,185.5703125,168.421875,171.12109375,0.0,0.0,11.40234375,10.648009300231934
none,1,21,1.0,0.0,1.0,1.0,1.0,1.0,40.85546875,52.73046875,47.90625,48.29296875,147.5859375,184.37109375,167.9296875,171.27734375,0.0,0.0,10.8671875,10.830169677734375
none,1,22,1.0,0.0,1.0,1.0,1.0,1.0,41.19921875,54.015625,48.546875,48.23828125,147.33984375,185.19140625,167.05078125,167.515625,0.0,0.0,10.8359375,10.950675964355469
none,1,23,1.0,0.0,1.0,1.0,1.0,1.0,40.55859375,53.62109375,48.96484375,49.59375,143.46484375,182.79296875,168.734375,171.546875,0.0,0.0,10.41796875,11.402514457702637
none,1,24,1.0,0.0,1.0,1.0,1.0,1.0,40.94140625,53.59375,50.25,49.98046875,145.44140625,183.671875,169.23046875,172.95703125,0.0,0.0,10.17578125,11.654870986938477
none,1,25,1.0,0.0,1.0,1.0,1.0,1.0,41.51171875,55.8828125,50.69140625,48.8671875,145.953125,188.0625,170.33984375,167.48828125,0.0,0.0,9.88671875,11.986536026000977
none,1,26,1.0,0.0,1.0,1.0,1.0,1.0,41.9765625,55.9296875,50.5703125,49.44921875,145.8984375,184.7421875,169.765625,169.40234375,0.0,0.0,9.953125,11.881354331970215
none,1,27,1.0,0.0,1.0,1.0,1.0,1.0,42.81640625,55.01171875,51.7109375,50.18359375,148.90234375,182.9296875,172.16015625,170.6015625,0.0,0.0,9.39453125,12.072134971618652
none,1,28,1.0,0.0,1.0,1.0,1.0,1.0,42.06640625,56.7421875,52.28125,50.6953125,147.07421875,186.98046875,174.546875,172.09765625,0.0,0.0,9.2734375,12.928317070007324
none,1,29,1.0,0.0,1.0,1.0,1.0,1.0,43.12890625,58.04296875,52.71484375,50.4921875,148.56640625,191.29296875,174.95703125,170.01171875,0.0,0.0,9.078125,13.073301315307617
none,1,30,1.0,0.0,1.0,1.0,1.0,1.0,42.76953125,57.6328125,53.3203125,52.08984375,147.28125,188.6796875,173.59375,173.32421875,0.0,0.0,8.70703125,13.285539627075195
none,1,31,1.0,0.0,1.0,1.0,1.0,1.0,42.50390625,56.93359375,53.20703125,50.7265625,146.57421875,186.2109375,174.84765625,169.23828125,0.0,0.0,8.40234375,13.231422424316406
none,1,32,1.0,0.0,1.0,1.0,1.0,1.0,43.58984375,57.91015625,53.46484375,51.6796875,148.48828125,186.48828125,172.609375,170.8984375,0.0,0.0,8.41015625,13.369182586669922
none,1,33,1.0,0.0,1.0,1.0,1.0,1.0,44.10546875,58.36328125,54.18359375,52.52734375,149.125,186.828125,173.890625,173.984375,0.0,0.0,8.37890625,13.801379203796387
none,1,34,1.0,0.0,1.0,1.0,1.0,1.0,43.5703125,57.83984375,55.28515625,53.90234375,147.2421875,185.54296875,178.7109375,177.03515625,0.0,0.0,7.9609375,14.178838729858398
none,1,35,1.0,0.0,1.0,1.0,1.0,1.0,43.77734375,59.57421875,56.34765625,54.3515625,146.9765625,191.56640625,180.58984375,177.09375,0.0,0.0,7.66015625,14.847047805786133
none,1,36,1.0,0.0,1.0,1.0,1.0,1.0,42.9765625,59.87109375,55.125,54.265625,143.73828125,191.26953125,174.9765625,176.63671875,0.0,0.0,7.40625,14.812835693359375
none,1,37,1.0,0.0,1.0,1.0,1.0,1.0,42.94140625,60.078125,55.7734375,53.828125,144.17578125,193.1015625,179.125,175.3828125,0.0,0.0,7.32421875,14.8811674118042
none,1,38,1.0,0.0,1.0,1.0,1.0,1.0,43.2734375,60.81640625,55.23046875,54.1328125,144.56640625,194.85546875,177.44921875,176.20703125,0.0,0.0,7.23828125,14.909704208374023
none,1,39,1.0,0.0,1.0,1.0,1.0,1.0,42.56640625,60.546875,57.296875,54.765625,142.58203125,195.4296875,185.7265625,178.625,0.0,0.0,6.87109375,15.475187301635742
none,1,40,1.0,0.0,1.0,1.0,1.0,1.0,41.10546875,60.296875,59.2890625,55.63671875,137.87890625,195.23046875,191.109375,181.94921875,0.0,0.0,6.78515625,16.001707077026367
none,1,41,1.0,0.0,1.0,1.0,1.0,1.0,40.62109375,60.97265625,58.59765625,56.59375,137.24609375,196.80078125,190.23046875,184.58984375,0.0,0.0,6.1796875,16.528966903686523
none,1,42,1.0,0.0,1.0,1.0,1.0,1.0,42.39453125,62.21875,59.109375,56.2734375,142.03515625,199.01171875,190.453125,183.52734375,0.0,0.0,6.296875,16.486209869384766
none,1,43,1.0,0.0,1.0,1.0,1.0,1.0,41.625,61.9765625,58.58984375,55.2734375,138.8515625,199.76171875,189.6484375,180.34765625,0.0,0.0,5.74609375,16.254737854003906
none,1,44,1.0,0.0,1.0,1.0,1.0,1.0,40.9375,61.796875,60.66015625,55.42578125,135.03125,197.66015625,193.734375,180.33984375,0.0,0.0,5.41796875,16.8159236907959
none,1,45,1.0,0.0,1.0,1.0,1.0,1.0,39.81640625,62.45703125,60.48828125,55.05078125,130.4921875,199.8359375,193.515625,176.23046875,0.0,0.0,5.5,16.97793197631836
none,1,46,1.0,0.0,1.0,1.0,1.0,1.0,40.9375,61.6953125,59.1953125,56.1640625,135.48046875,197.70703125,188.98046875,179.1015625,0.0,0.0,5.25390625,16.630104064941406
none,1,47,1.0,0.0,1.0,1.0,1.0,1.0,40.49609375,62.36328125,59.21875,56.4296875,131.68359375,196.8828125,188.53515625,180.03515625,0.0,0.0,5.2578125,16.941162109375
none,1,48,1.0,0.0,1.0,1.0,1.0,1.0,40.72265625,63.65234375,59.02734375,54.71484375,131.8984375,202.234375,186.86328125,174.0234375,0.0,0.0,4.90625,16.854736328125
none,1,49,1.0,0.0,1.0,1.0,1.0,1.0,39.25,62.72265625,59.734375,55.1953125,130.30859375,198.65625,189.0546875,176.0546875,0.0,0.0,5.0859375,17.148117065429688
none,1,50,1.0,0.0,1.0,1.0,1.0,1.0,39.71484375,62.45703125,59.56640625,54.9921875,129.5390625,197.71875,188.578125,175.6796875,0.0,0.0,4.89453125,16.77197265625
none,1,51,1.0,0.0,1.0,1.0,1.0,1.0,38.515625,64.37109375,59.42578125,53.67578125,128.42578125,203.6171875,189.5546875,172.9765625,0.0,0.0,4.99609375,17.076862335205078
none,1,52,1.0,0.0,1.0,1.0,1.0,1.0,38.21484375,62.6484375,59.73046875,54.87890625,126.84375,200.6484375,190.4921875,177.78125,0.0,0.0,4.9921875,16.990230560302734
none,1,53,1.0,0.0,1.0,1.0,1.0,1.0,39.28515625,62.21484375,60.67578125,54.30859375,129.99609375,199.23046875,195.703125,176.73828125,0.0,0.0,5.0078125,16.89807891845703
none,1,54,1.0,0.0,1.0,1.0,1.0,1.0,39.125,61.9453125,58.4765625,55.69921875,129.73046875,198.65234375,187.77734375,181.68359375,0.0,0.0,4.91015625,16.86670684814453
none,1,55,1.0,0.0,1.0,1.0,1.0,1.0,37.6796875,61.51953125,60.8671875,53.3828125,126.88671875,199.28515625,196.2109375,173.86328125,0.0,0.0,4.8828125,16.898910522460938
none,1,56,1.0,0.0,1.0,1.0,1.0,1.0,38.4296875,62.25390625,60.3046875,53.890625,129.90234375,202.56640625,195.3984375,176.8515625,0.0,0.0,4.71875,17.024991989135742
none,1,57,1.0,0.0,1.0,1.0,1.0,1.0,38.46875,61.84375,61.171875,53.66796875,129.52734375,203.84765625,199.36328125,176.1875,0.0,0.0,4.8125,17.009990692138672
none,1,58,1.0,0.0,1.0,1.0,1.0,1.0,38.03125,62.25,59.6796875,53.4453125,130.00390625,203.3671875,195.7734375,176.89453125,0.0,0.0,4.8984375,16.878101348876953
none,1,59,1.0,0.0,1.0,1.0,1.0,1.0,38.70703125,60.7734375,58.78125,54.67578125,133.9453125,198.39453125,192.640625,180.125,0.0,0.0,4.7109375,16.69780921936035
none,1,60,1.0,0.0,1.0,1.0,1.0,1.0,39.6953125,59.78515625,59.6171875,54.94921875,135.9296875,195.4296875,197.5,183.60546875,0.0,0.0,4.9140625,16.45284652709961
none,1,61,1.0,0.0,1.0,1.0,1.0,1.0,38.6953125,62.22265625,59.33203125,53.77734375,132.9375,203.31640625,196.359375,179.5546875,0.0,0.0,5.0703125,16.66374969482422
none,1,62,1.0,0.0,1.0,1.0,1.0,1.0,39.33984375,62.328125,58.7578125,53.82421875,135.55078125,203.36328125,196.15234375,180.4765625,0.0,0.0,4.9375,16.55573081970215
none,1,63,1.0,0.0,1.0,1.0,1.0,1.0,39.6484375,60.21875,58.546875,55.2109375,136.81640625,196.38671875,194.734375,183.26171875,0.0,0.0,4.99609375,16.401952743530273
none,1,64,1.0,0.0,1.0,1.0,1.0,1.0,39.41015625,60.921875,58.90625,55.58203125,137.390625,199.55078125,196.1015625,186.6640625,0.0,0.0,5.09765625,16.664478302001953
none,1,65,1.0,0.0,1.0,1.0,1.0,1.0,40.23046875,61.04296875,60.04296875,55.61328125,140.02734375,199.5703125,199.828125,187.421875,0.0,0.0,5.05859375,16.927104949951172
none,1,66,1.0,0.0,1.0,1.0,1.0,1.0,39.6484375,61.4375,59.82421875,54.546875,139.52734375,200.8671875,198.66796875,182.61328125,0.0,0.0,5.33984375,16.834257125854492
none,1,67,1.0,0.0,1.0,1.0,1.0,1.0,39.64453125,60.82421875,59.2734375,55.94140625,138.85546875,199.28125,195.140625,186.80859375,0.0,0.0,4.85546875,16.871379852294922
none,1,68,1.0,0.0,1.0,1.0,1.0,1.0,39.65625,60.75390625,58.390625,56.2421875,138.609375,198.8515625,195.40625,188.42578125,0.0,0.0,4.74609375,16.844568252563477
none,1,69,1.0,0.0,1.0,1.0,1.0,1.0,40.05078125,60.04296875,59.390625,57.0390625,139.4921875,197.64453125,195.015625,190.14453125,0.0,0.0,4.7734375,16.720861434936523
none,1,70,1.0,0.0,1.0,1.0,1.0,1.0,40.87109375,60.96484375,58.1796875,56.68359375,142.2890625,197.87890625,191.8046875,189.51953125,0.0,0.0,4.80859375,16.397415161132812
none,1,71,1.0,0.0,1.0,1.0,1.0,1.0,39.6796875,61.96875,59.09375,57.68359375,140.51171875,203.20703125,195.0,191.54296875,0.0,0.0,4.6875,17.07740592956543
none,1,72,1.0,0.0,1.0,1.0,1.0,1.0,39.015625,62.75,58.05078125,56.65625,137.3125,204.8046875,192.0234375,189.5234375,0.0,0.0,4.6640625,17.15106201171875
none,1,73,1.0,0.0,1.0,1.0,1.0,1.0,40.86328125,62.08984375,58.27734375,58.0390625,142.16796875,201.36328125,191.19140625,192.765625,0.0,0.0,4.92578125,16.84534454345703
none,1,74,1.0,0.0,1.0,1.0,1.0,1.0,39.22265625,62.55078125,58.3984375,56.76953125,137.78125,201.64453125,191.99609375,188.42578125,0.0,0.0,4.8359375,17.142688751220703
none,1,75,1.0,0.0,1.0,1.0,1.0,1.0,38.5859375,62.35546875,58.94921875,57.61328125,134.203125,201.94140625,193.1953125,189.4375,0.0,0.0,4.70703125,17.413490295410156
none,1,76,1.0,0.0,1.0,1.0,1.0,1.0,38.76953125,62.6484375,59.06640625,57.27734375,134.82421875,202.3359375,193.3125,188.0546875,0.0,0.0,4.8515625,17.374116897583008
none,1,77,1.0,0.0,1.0,1.0,1.0,1.0,39.7109375,61.43359375,58.03125,58.625,138.671875,198.87109375,191.0078125,192.67578125,0.0,0.0,4.41015625,17.142724990844727
none,1,78,1.0,0.0,1.0,1.0,1.0,1.0,39.37890625,62.2890625,58.890625,57.75,139.25390625,201.859375,192.828125,192.3046875,0.0,0.0,4.6796875,17.44107437133789
none,1,79,1.0,0.0,1.0,1.0,1.0,1.0,40.8515625,62.625,58.84765625,58.25,141.52734375,200.734375,191.515625,192.02734375,0.0,0.0,4.34765625,17.217636108398438
none,1,80,1.0,0.0,1.0,1.0,1.0,1.0,39.71484375,62.9609375,58.40234375,58.53515625,140.31640625,202.35546875,190.5546875,191.83984375,0.0,0.0,4.39453125,17.26498794555664
none,1,81,1.0,0.0,1.0,1.0,1.0,1.0,39.140625,63.046875,58.77734375,57.58203125,136.24609375,202.69921875,191.703125,189.64453125,0.0,0.0,4.4296875,17.31496238708496
none,1,82,1.0,0.0,1.0,1.0,1.0,1.0,40.32421875,62.15234375,59.85546875,57.8984375,139.43359375,198.51953125,195.1015625,189.74609375,0.0,0.0,4.25390625,17.319562911987305
none,1,83,1.0,0.0,1.0,1.0,1.0,1.0,39.4921875,62.22265625,59.21875,58.046875,137.1171875,200.62109375,194.26953125,189.98046875,0.0,0.0,4.453125,17.575572967529297
none,1,84,1.0,0.0,1.0,1.0,1.0,1.0,39.8515625,63.68359375,59.6796875,56.83203125,138.61328125,206.33203125,193.921875,185.3515625,0.0,0.0,4.44140625,17.486858367919922
none,1,85,1.0,0.0,1.0,1.0,1.0,1.0,39.06640625,62.5859375,59.609375,57.9140625,136.64453125,201.484375,195.66796875,189.625,0.0,0.0,4.125,17.66594696044922
none,1,86,1.0,0.0,1.0,1.0,1.0,1.0,38.6953125,64.09375,59.40234375,57.26953125,133.921875,207.484375,194.984375,186.58203125,0.0,0.0,4.45703125,17.592161178588867
none,1,87,1.0,0.0,1.0,1.0,1.0,1.0,40.2890625,62.9375,60.16015625,57.75390625,139.5859375,203.62109375,197.2421875,190.00390625,0.0,0.0,4.1796875,17.659385681152344
none,1,88,1.0,0.0,1.0,1.0,1.0,1.0,39.203125,63.6015625,58.55859375,56.70703125,136.12109375,206.71875,192.203125,185.76953125,0.0,0.0,4.21875,17.50301742553711
none,1,89,1.0,0.0,1.0,1.0,1.0,1.0,39.9921875,62.82421875,60.39453125,57.94140625,139.09375,202.640625,198.30078125,186.9921875,0.0,0.0,4.046875,17.67608642578125
none,1,90,1.0,0.0,1.0,1.0,1.0,1.0,39.59375,62.55078125,60.67578125,57.03515625,137.11328125,202.453125,198.09375,186.4296875,0.0,0.0,4.10546875,17.64945411682129
none,1,91,1.0,0.0,1.0,1.0,1.0,1.0,40.1640625,63.09765625,59.796875,57.1953125,139.84765625,205.62890625,195.578125,187.76171875,0.0,0.0,4.12890625,17.340742111206055
none,1,92,1.0,0.0,1.0,1.0,1.0,1.0,39.45703125,62.24609375,61.20703125,57.64453125,138.23828125,202.875,200.09375,186.08203125,0.0,0.0,4.37109375,17.787551879882812
none,1,93,1.0,0.0,1.0,1.0,1.0,1.0,39.3671875,62.4609375,61.734375,57.953125,137.68359375,202.5234375,201.68359375,187.59765625,0.0,0.0,4.0859375,17.878108978271484
none,1,94,1.0,0.0,1.0,1.0,1.0,1.0,38.17578125,64.19921875,60.40625,58.14453125,133.91796875,206.734375,195.82421875,188.109375,0.0,0.0,4.03125,18.31934356689453
none,1,95,1.0,0.0,1.0,1.0,1.0,1.0,39.0390625,64.02734375,60.328125,57.9921875,134.984375,205.7109375,195.34375,187.5703125,0.0,0.0,4.20703125,17.924596786499023
none,1,96,1.0,0.0,1.0,1.0,1.0,1.0,39.5078125,63.81640625,60.53125,57.74609375,136.8671875,205.42578125,197.046875,184.88671875,0.0,0.0,4.08984375,18.051279067993164
none,1,97,1.0,0.0,1.0,1.0,1.0,1.0,38.9921875,63.93359375,60.84765625,57.61328125,132.71875,206.27734375,196.484375,185.83984375,0.0,0.0,4.09375,18.16314697265625
none,1,98,1.0,0.0,1.0,1.0,1.0,1.0,39.4140625,62.7890625,62.125,59.3203125,135.234375,200.265625,200.578125,190.22265625,0.0,0.0,4.2265625,18.335683822631836
none,1,99,1.0,0.0,1.0,1.0,1.0,1.0,39.00390625,62.8125,60.08984375,58.37890625,135.24609375,201.78515625,194.89453125,187.22265625,0.0,0.0,4.1015625,17.836132049560547
none,1,100,1.0,0.0,1.0,1.0,1.0,1.0,39.61328125,63.81640625,60.16796875,58.00390625,135.67578125,204.32421875,194.6875,184.48046875,0.0,0.0,4.09375,18.210735321044922
none,1,101,1.0,0.0,1.0,1.0,1.0,1.0,39.15625,62.46875,61.7421875,59.69921875,136.3984375,199.1328125,199.25390625,191.7265625,0.0,0.0,3.84375,18.32931900024414
none,1,102,1.0,0.0,1.0,1.0,1.0,1.0,39.27734375,63.48828125,60.5703125,60.046875,135.37890625,202.375,195.05078125,190.24609375,0.0,0.0,3.90625,18.270946502685547
none,1,103,1.0,0.0,1.0,1.0,1.0,1.0,39.046875,61.53125,61.5234375,59.09765625,133.7890625,197.4453125,199.171875,189.2578125,0.0,0.0,3.8984375,17.99247932434082
none,1,104,1.0,0.0,1.0,1.0,1.0,1.0,39.17578125,63.84375,61.0625,59.3671875,134.515625,203.375,196.765625,188.89453125,0.0,0.0,3.92578125,18.388614654541016
none,1,105,1.0,0.0,1.0,1.0,1.0,1.0,40.109375,63.4375,61.5859375,59.74609375,136.23046875,202.94140625,197.625,189.23828125,0.0,0.0,3.82421875,18.364059448242188
none,1,106,1.0,0.0,1.0,1.0,1.0,1.0,39.703125,62.875,61.87890625,60.08203125,136.25,198.4765625,198.87109375,191.74609375,0.0,0.0,3.8203125,18.533763885498047
none,1,107,1.0,0.0,1.0,1.0,1.0,1.0,39.30078125,62.80859375,62.0546875,59.6796875,134.30859375,200.22265625,198.73828125,189.98828125,0.0,0.0,3.78515625,18.47841453552246
none,1,108,1.0,0.0,1.0,1.0,1.0,1.0,40.47265625,63.25390625,61.3203125,60.0078125,138.22265625,198.8515625,198.01171875,191.23828125,0.0,0.0,3.77734375,18.327680587768555
none,1,109,1.0,0.0,1.0,1.0,1.0,1.0,39.91796875,62.83203125,61.484375,59.08984375,137.46875,200.3125,197.953125,187.390625,0.0,0.0,3.796875,18.36687660217285
none,1,110,1.0,0.0,1.0,1.0,1.0,1.0,40.1640625,62.9453125,61.140625,59.97265625,137.828125,201.9921875,196.5390625,190.42578125,0.0,0.0,3.77734375,18.232582092285156
none,1,111,1.0,0.0,1.0,1.0,1.0,1.0,39.5,62.2421875,61.203125,59.44921875,135.5625,198.609375,198.59765625,189.09375,0.0,0.0,3.67578125,18.3945369720459
none,1,112,1.0,0.0,1.0,1.0,1.0,1.0,39.64453125,62.2578125,61.84765625,59.24609375,137.30859375,199.1953125,198.33984375,189.55859375,0.0,0.0,3.5546875,18.28422737121582
none,1,113,1.0,0.0,1.0,1.0,1.0,1.0,39.77734375,63.765625,61.02734375,60.015625,136.625,202.6796875,196.734375,191.51171875,0.0,0.0,3.75390625,18.447162628173828
none,1,114,1.0,0.0,1.0,1.0,1.0,1.0,38.34375,62.9140625,60.78125,60.67578125,131.09375,199.7265625,194.546875,193.4609375,0.0,0.0,3.80078125,18.59436798095703
none,1,115,1.0,0.0,1.0,1.0,1.0,1.0,38.53125,63.1484375,61.4765625,60.2421875,132.96875,200.21484375,197.93359375,192.15234375,0.0,0.0,3.6953125,18.739791870117188
none,1,116,1.0,0.0,1.0,1.0,1.0,1.0,39.671875,62.7265625,61.04296875,60.171875,136.0234375,198.45703125,196.9140625,191.5546875,0.0,0.0,3.8046875,18.351364135742188
none,1,117,1.0,0.0,1.0,1.0,1.0,1.0,38.8828125,62.9921875,62.6015625,60.3359375,134.02734375,199.62890625,200.203125,190.23046875,0.0,0.0,3.6015625,18.772106170654297
none,1,118,1.0,0.0,1.0,1.0,1.0,1.0,39.6953125,63.51953125,61.87890625,60.74609375,137.5,200.4921875,198.77734375,192.29296875,0.0,0.0,3.6015625,18.73923110961914
none,1,119,1.0,0.0,1.0,1.0,1.0,1.0,39.26171875,65.3046875,61.59375,59.64453125,133.9609375,206.31640625,196.10546875,190.109375,0.0,0.0,3.48046875,18.92432403564453
none,1,120,1.0,0.0,1.0,1.0,1.0,1.0,38.4921875,63.91015625,63.5703125,59.5703125,130.9765625,200.38671875,202.09375,189.15625,0.0,0.0,3.47265625,19.114059448242188
none,1,121,1.0,0.0,1.0,1.0,1.0,1.0,39.27734375,64.6953125,62.890625,58.46484375,134.88671875,204.36328125,200.125,183.74609375,0.0,0.0,3.58203125,18.916637420654297
none,1,122,1.0,0.0,1.0,1.0,1.0,1.0,39.40625,66.4765625,60.82421875,60.13671875,135.3203125,210.5,193.23828125,189.92578125,0.0,0.0,3.3203125,19.05031967163086
none,1,123,1.0,0.0,1.0,1.0,1.0,1.0,39.87109375,65.07421875,62.2734375,61.09375,137.12890625,205.24609375,198.37109375,192.78125,0.0,0.0,3.5,19.125106811523438
none,1,124,1.0,0.0,1.0,1.0,1.0,1.0,38.7109375,64.46484375,61.98046875,60.4296875,133.3828125,203.796875,197.67578125,191.4140625,0.0,0.0,3.546875,19.196537017822266
none,1,125,1.0,0.0,1.0,1.0,1.0,1.0,38.78515625,65.171875,61.86328125,60.890625,134.61328125,204.46875,197.7421875,191.91015625,0.0,0.0,3.3359375,19.37566375732422
none,1,126,1.0,0.0,1.0,1.0,1.0,1.0,38.765625,65.015625,61.859375,61.171875,134.67578125,205.4375,197.81640625,192.74609375,0.0,0.0,3.37890625,19.359298706054688
none,1,127,1.0,0.0,1.0,1.0,1.0,1.0,38.53125,64.78515625,63.578125,60.29296875,133.76171875,205.390625,201.3203125,191.7734375,0.0,0.0,3.21484375,19.720579147338867
none,1,128,1.0,0.0,1.0,1.0,1.0,1.0,39.3203125,65.34765625,62.6875,59.70703125,136.7734375,206.26171875,200.2578125,190.453125,0.0,0.0,3.3671875,19.34821128845215
none,1,129,1.0,0.0,1.0,1.0,1.0,1.0,39.15234375,65.14453125,63.6171875,61.046875,135.65625,206.828125,201.71484375,193.96875,0.0,0.0,3.2265625,19.685789108276367
none,1,130,1.0,0.0,1.0,1.0,1.0,1.0,39.0390625,66.49609375,61.9453125,60.65625,135.58203125,211.9296875,198.05078125,191.3359375,0.0,0.0,3.23046875,19.447463989257812
none,1,131,1.0,0.0,1.0,1.0,1.0,1.0,38.58203125,65.69921875,62.60546875,60.3203125,134.265625,207.1484375,199.7265625,191.62890625,0.0,0.0,3.40625,19.54029083251953
none,1,132,1.0,0.0,1.0,1.0,1.0,1.0,38.51171875,66.37890625,63.32421875,60.453125,134.0078125,209.5390625,201.390625,191.41796875,0.0,0.0,3.26171875,19.809865951538086
none,1,133,1.0,0.0,1.0,1.0,1.0,1.0,38.8828125,65.59765625,63.15625,60.6796875,135.8203125,206.9375,200.11328125,191.53515625,0.0,0.0,3.078125,19.597885131835938
none,1,134,1.0,0.0,1.0,1.0,1.0,1.0,38.09765625,65.4375,61.9453125,61.59375,133.35546875,206.03125,196.94921875,194.5234375,0.0,0.0,3.16015625,19.622722625732422
none,1,135,1.0,0.0,1.0,1.0,1.0,1.0,38.5078125,65.10546875,62.3671875,60.27734375,134.33203125,205.32421875,198.04296875,189.67578125,0.0,0.0,3.21875,19.51927375793457
none,1,136,1.0,0.0,1.0,1.0,1.0,1.0,38.9140625,65.23046875,63.0703125,60.57421875,135.94140625,206.31640625,200.359375,191.34375,0.0,0.0,3.07421875,19.738155364990234
none,1,137,1.0,0.0,1.0,1.0,1.0,1.0,38.0546875,66.5,62.3125,60.8828125,133.12890625,211.1875,198.984375,192.71484375,0.0,0.0,3.0703125,19.66933822631836
none,1,138,1.0,0.0,1.0,1.0,1.0,1.0,38.6875,65.91796875,63.34765625,60.07421875,135.38671875,207.609375,200.87109375,190.6953125,0.0,0.0,3.1015625,19.565580368041992
none,1,139,1.0,0.0,1.0,1.0,1.0,1.0,37.30859375,64.89453125,64.54296875,60.69140625,131.10546875,205.25,203.796875,191.921875,0.0,0.0,3.1953125,19.956388473510742
none,1,140,1.0,0.0,1.0,1.0,1.0,1.0,37.34375,65.2109375,64.33984375,60.95703125,131.96484375,205.74609375,204.07421875,192.82421875,0.0,0.0,3.12890625,20.040319442749023
none,1,141,1.0,0.0,1.0,1.0,1.0,1.0,37.15625,65.8125,63.3671875,61.59375,130.171875,208.37109375,201.71484375,195.40625,0.0,0.0,3.046875,19.952919006347656
none,1,142,1.0,0.0,1.0,1.0,1.0,1.0,36.59375,65.37109375,64.03125,61.5,131.2109375,205.46484375,203.921875,194.7265625,0.0,0.0,3.04296875,20.169078826904297
none,1,143,1.0,0.0,1.0,1.0,1.0,1.0,36.953125,65.2421875,63.01953125,62.03125,131.44140625,206.9609375,200.296875,197.296875,0.0,0.0,3.01953125,20.121074676513672
none,1,144,1.0,0.0,1.0,1.0,1.0,1.0,37.5,65.109375,63.359375,62.1640625,133.0625,205.23046875,201.47265625,198.6875,0.0,0.0,3.2109375,19.98999786376953
none,1,145,1.0,0.0,1.0,1.0,1.0,1.0,37.33984375,66.63671875,64.046875,61.38671875,133.07421875,210.25390625,203.16015625,193.97265625,0.0,0.0,2.94921875,20.221837997436523
none,1,146,1.0,0.0,1.0,1.0,1.0,1.0,36.88671875,65.8515625,64.4609375,61.6640625,132.546875,208.3828125,203.60546875,196.44921875,0.0,0.0,2.98046875,20.30179214477539
none,1,147,1.0,0.0,1.0,1.0,1.0,1.0,36.41796875,68.015625,64.53515625,59.69921875,130.87109375,215.29296875,204.7734375,189.328125,0.0,0.0,2.85546875,20.46475601196289
none,1,148,1.0,0.0,1.0,1.0,1.0,1.0,36.828125,66.29296875,63.60546875,60.96875,133.10546875,211.109375,202.04296875,194.36328125,0.0,0.0,2.90625,20.193775177001953
none,1,149,1.0,0.0,1.0,1.0,1.0,1.0,36.33984375,66.8203125,64.4609375,61.203125,130.13671875,211.44140625,204.234375,194.28125,0.0,0.0,2.94140625,20.519777297973633
none,1,150,1.0,0.0,1.0,1.0,1.0,1.0,35.97265625,66.703125,65.41015625,60.71875,130.90234375,211.5078125,205.80078125,192.94921875,0.0,0.0,2.90234375,20.689502716064453
none,1,151,1.0,0.0,1.0,1.0,1.0,1.0,35.80078125,67.6796875,65.26953125,60.78125,128.6015625,214.1796875,205.44921875,192.69921875,0.0,0.0,2.89453125,20.96042251586914
none,1,152,1.0,0.0,1.0,1.0,1.0,1.0,37.484375,66.84375,64.62109375,62.25390625,135.26953125,209.9140625,203.0859375,197.69921875,0.0,0.0,2.765625,20.57857322692871
none,1,153,1.0,0.0,1.0,1.0,1.0,1.0,36.75,68.40625,65.19140625,61.25390625,132.90625,216.35546875,205.69921875,194.78125,0.0,0.0,2.921875,20.771114349365234
none,1,154,1.0,0.0,1.0,1.0,1.0,1.0,36.3671875,69.1328125,64.28515625,60.5,131.4140625,218.53125,203.171875,193.06640625,0.0,0.0,2.83203125,20.755687713623047
none,1,155,1.0,0.0,1.0,1.0,1.0,1.0,35.52734375,68.671875,65.05859375,61.3359375,129.7734375,217.93359375,205.84765625,194.234375,0.0,0.0,2.76171875,21.233491897583008
none,1,156,1.0,0.0,1.0,1.0,1.0,1.0,34.94140625,68.3515625,66.03515625,61.14453125,128.86328125,217.3828125,208.52734375,194.85546875,0.0,0.0,2.76953125,21.307714462280273
none,1,157,1.0,0.0,1.0,1.0,1.0,1.0,34.8203125,69.80859375,65.16015625,60.65625,129.14453125,221.50390625,207.625,192.19140625,0.0,0.0,2.86328125,21.539840698242188
none,1,158,1.0,0.0,1.0,1.0,1.0,1.0,35.27734375,68.79296875,66.2265625,60.3359375,130.9765625,218.55078125,209.33984375,192.46875,0.0,0.0,2.93359375,21.297515869140625
none,1,159,1.0,0.0,1.0,1.0,1.0,1.0,35.3828125,66.58203125,65.3984375,62.265625,130.29296875,210.6640625,206.09375,199.05078125,0.0,0.0,2.7421875,21.09441566467285
none,1,160,1.0,0.0,1.0,1.0,1.0,1.0,35.06640625,68.375,65.75,60.1953125,129.3515625,216.12890625,208.39453125,192.078125,0.0,0.0,2.65625,21.098209381103516
none,1,161,1.0,0.0,1.0,1.0,1.0,1.0,35.0625,70.0078125,65.77734375,61.20703125,129.09765625,222.29296875,207.8359375,196.5859375,0.0,0.0,2.87109375,21.440969467163086
none,1,162,1.0,0.0,1.0,1.0,1.0,1.0,34.93359375,67.91796875,65.57421875,62.375,130.77734375,213.76953125,207.59765625,196.6171875,0.0,0.0,2.765625,21.413196563720703
none,1,163,1.0,0.0,1.0,1.0,1.0,1.0,36.0703125,68.03125,67.16015625,62.47265625,132.2890625,214.47265625,208.875,197.5859375,0.0,0.0,2.734375,21.63582420349121
none,1,164,1.0,0.0,1.0,1.0,1.0,1.0,35.01171875,66.65234375,67.2421875,63.125,130.62890625,209.06640625,212.14453125,198.51953125,0.0,0.0,2.57421875,21.588092803955078
none,1,165,1.0,0.0,1.0,1.0,1.0,1.0,35.0859375,68.75390625,65.5859375,62.37890625,130.66796875,217.703125,206.671875,196.51953125,0.0,0.0,2.609375,21.587188720703125
none,1,166,1.0,0.0,1.0,1.0,1.0,1.0,34.078125,67.859375,66.70703125,63.5546875,127.015625,212.4296875,210.484375,201.84765625,0.0,0.0,2.5078125,21.89902114868164
none,1,167,1.0,0.0,1.0,1.0,1.0,1.0,33.93359375,69.203125,65.5859375,62.18359375,125.97265625,217.73046875,205.53125,197.12890625,0.0,0.0,2.4921875,21.83712387084961
none,1,168,1.0,0.0,1.0,1.0,1.0,1.0,34.47265625,67.15234375,66.09375,64.19140625,128.49609375,211.09765625,207.77734375,205.03515625,0.0,0.0,2.57421875,21.665937423706055
none,1,169,1.0,0.0,1.0,1.0,1.0,1.0,34.49609375,68.859375,66.94140625,63.296875,127.015625,214.875,208.90625,199.796875,0.0,0.0,2.5234375,21.880102157592773
none,1,170,1.0,0.0,1.0,1.0,1.0,1.0,34.36328125,68.5625,65.57421875,63.56640625,127.0625,214.94140625,206.0234375,200.89453125,0.0,0.0,2.484375,21.862224578857422
none,1,171,1.0,0.0,1.0,1.0,1.0,1.0,34.55859375,68.74609375,67.203125,61.97265625,128.62890625,218.57421875,211.359375,195.328125,0.0,0.0,2.51171875,21.827686309814453
none,1,172,1.0,0.0,1.0,1.0,1.0,1.0,33.9140625,69.33984375,67.30078125,61.4375,127.8828125,218.65625,210.5859375,194.2890625,0.0,0.0,2.6328125,21.986709594726562
none,1,173,1.0,0.0,1.0,1.0,1.0,1.0,34.76953125,68.6484375,68.921875,61.5625,129.2421875,215.84765625,216.609375,194.08984375,0.0,0.0,2.48046875,22.283353805541992
none,1,174,1.0,0.0,1.0,1.0,1.0,1.0,34.37890625,68.12890625,68.59765625,62.76953125,127.11328125,213.7109375,214.5390625,198.06640625,0.0,0.0,2.46484375,22.03651237487793
none,1,175,1.0,0.0,1.0,1.0,1.0,1.0,34.86328125,68.94140625,68.8203125,62.3125,130.3671875,216.65234375,213.0546875,196.71875,0.0,0.0,2.2421875,22.26032066345215
none,1,176,1.0,0.0,1.0,1.0,1.0,1.0,34.62890625,69.4453125,68.58984375,61.44921875,129.51953125,219.28125,213.12890625,194.26171875,0.0,0.0,2.4609375,22.125457763671875
none,1,177,1.0,0.0,1.0,1.0,1.0,1.0,33.65625,71.46484375,69.25,60.27734375,125.546875,225.3828125,215.28125,190.44921875,0.0,0.0,2.2734375,22.607885360717773
none,1,178,1.0,0.0,1.0,1.0,1.0,1.0,34.0703125,69.9296875,67.91796875,61.46484375,128.5859375,220.578125,210.5390625,193.69140625,0.0,0.0,2.4453125,22.349777221679688
none,1,179,1.0,0.0,1.0,1.0,1.0,1.0,34.23828125,69.9765625,69.00390625,62.8125,128.984375,219.83984375,214.35546875,196.3828125,0.0,0.0,2.39453125,22.702762603759766
none,1,180,1.0,0.0,1.0,1.0,1.0,1.0,33.71875,69.26171875,68.5625,63.4765625,125.875,215.51953125,212.1640625,199.359375,0.0,0.0,2.25390625,22.63436508178711
none,1,181,1.0,0.0,1.0,1.0,1.0,1.0,33.1484375,71.8515625,69.25,61.05078125,124.60546875,222.49609375,214.5546875,190.984375,0.0,0.0,2.44921875,22.886001586914062
none,1,182,1.0,0.0,1.0,1.0,1.0,1.0,33.58984375,68.65625,68.859375,62.69921875,125.484375,213.1171875,213.66015625,194.3984375,0.0,0.0,2.5078125,22.53132438659668
none,1,183,1.0,0.0,1.0,1.0,1.0,1.0,33.640625,70.07421875,70.4609375,63.1015625,125.56640625,217.06640625,217.46484375,196.2109375,0.0,0.0,2.24609375,23.137916564941406
none,1,184,1.0,0.0,1.0,1.0,1.0,1.0,34.890625,69.60546875,69.21875,64.33203125,130.66796875,216.5390625,213.96484375,199.65625,0.0,0.0,2.28515625,22.881505966186523
none,1,185,1.0,0.0,1.0,1.0,1.0,1.0,32.734375,71.35546875,69.46484375,62.39453125,123.2734375,221.51171875,213.55859375,193.73828125,0.0,0.0,2.265625,23.04623031616211
none,1,186,1.0,0.0,1.0,1.0,1.0,1.0,32.75,70.2421875,69.32421875,63.19140625,124.72265625,217.62109375,212.9140625,196.52734375,0.0,0.0,2.37109375,23.057403564453125
none,1,187,1.0,0.0,1.0,1.0,1.0,1.0,33.16015625,71.09375,67.61328125,62.7734375,124.828125,222.35546875,208.47265625,195.76953125,0.0,0.0,2.10546875,22.888595581054688
none,1,188,1.0,0.0,1.0,1.0,1.0,1.0,32.43359375,69.12890625,69.5703125,63.48828125,123.8125,215.91015625,214.390625,198.11328125,0.0,0.0,2.3984375,22.972402572631836
none,1,189,1.0,0.0,1.0,1.0,1.0,1.0,33.671875,70.0703125,69.4921875,63.82421875,128.3515625,217.59765625,215.0546875,198.7890625,0.0,0.0,2.2109375,22.98773193359375
none,1,190,1.0,0.0,1.0,1.0,1.0,1.0,32.55859375,70.83984375,70.08984375,62.9609375,122.87890625,220.66015625,215.859375,194.37890625,0.0,0.0,2.1875,23.25606346130371
none,1,191,1.0,0.0,1.0,1.0,1.0,1.0,32.30859375,71.6796875,69.8671875,62.421875,123.01953125,222.99609375,214.5078125,194.18359375,0.0,0.0,2.19140625,23.319610595703125
none,1,192,1.0,0.0,1.0,1.0,1.0,1.0,32.93359375,71.6171875,70.45703125,61.8828125,124.47265625,223.55078125,216.90234375,192.62109375,0.0,0.0,2.1484375,23.25985336303711
none,1,193,1.0,0.0,1.0,1.0,1.0,1.0,33.59375,71.453125,70.5625,62.68359375,126.3359375,222.76953125,215.78515625,196.2265625,0.0,0.0,2.078125,23.120779037475586
none,1,194,1.0,0.0,1.0,1.0,1.0,1.0,31.78515625,71.7421875,72.15234375,62.9296875,123.2421875,224.97265625,222.51171875,195.07421875,0.0,0.0,2.0,23.873428344726562
none,1,195,1.0,0.0,1.0,1.0,1.0,1.0,32.77734375,72.31640625,71.3203125,62.046875,125.421875,225.19140625,220.50390625,193.1640625,0.0,0.0,2.10546875,23.564306259155273
none,1,196,1.0,0.0,1.0,1.0,1.0,1.0,33.203125,71.984375,70.8671875,62.57421875,126.30859375,224.4140625,218.8515625,193.8671875,0.0,0.0,2.10546875,23.418392181396484
none,1,197,1.0,0.0,1.0,1.0,1.0,1.0,32.234375,72.171875,70.76171875,63.52734375,123.1953125,224.6015625,216.5,198.20703125,0.0,0.0,2.05859375,23.827259063720703
none,1,198,1.0,0.0,1.0,1.0,1.0,1.0,34.109375,70.06640625,70.296875,64.6640625,128.28515625,216.73828125,216.78125,200.3203125,0.0,0.0,2.06640625,23.26797103881836
none,1,199,1.0,0.0,1.0,1.0,1.0,1.0,33.125,69.64453125,71.37890625,64.515625,124.73046875,215.0234375,219.05078125,199.33984375,0.0,0.0,1.9921875,23.329496383666992
none,1,200,1.0,0.0,1.0,1.0,1.0,1.0,34.0859375,70.71875,71.0234375,64.31640625,127.42578125,217.62109375,217.83203125,199.421875,0.0,0.0,2.1328125,23.42751693725586
none,1,201,1.0,0.0,1.0,1.0,1.0,1.0,33.03125,69.37109375,71.84765625,66.16796875,125.296875,213.3203125,220.0625,203.515625,0.0,0.0,2.05859375,23.85915184020996
none,1,202,1.0,0.0,1.0,1.0,1.0,1.0,33.640625,71.59765625,71.21484375,63.609375,126.50390625,220.39453125,217.70703125,195.42578125,0.0,0.0,1.9140625,23.716602325439453
none,1,203,1.0,0.0,1.0,1.0,1.0,1.0,33.015625,72.125,71.203125,65.7109375,124.890625,221.21484375,218.6796875,202.515625,0.0,0.0,1.953125,24.062679290771484
none,1,204,1.0,0.0,1.0,1.0,1.0,1.0,33.08203125,72.16015625,71.9375,64.33984375,125.31640625,223.01171875,219.56640625,198.8125,0.0,0.0,1.99609375,23.892087936401367
none,1,205,1.0,0.0,1.0,1.0,1.0,1.0,32.546875,72.765625,71.01171875,63.046875,123.515625,223.37890625,217.34765625,195.86328125,0.0,0.0,1.859375,23.9219970703125
none,1,206,1.0,0.0,1.0,1.0,1.0,1.0,32.16796875,72.10546875,71.921875,63.5546875,122.66015625,223.21484375,219.8125,196.76171875,0.0,0.0,1.87109375,23.959026336669922
none,1,207,1.0,0.0,1.0,1.0,1.0,1.0,33.0703125,72.46875,72.80078125,64.203125,125.265625,222.13671875,224.65234375,197.75390625,0.0,0.0,1.90625,24.321645736694336
none,1,208,1.0,0.0,1.0,1.0,1.0,1.0,33.6328125,72.41796875,71.734375,64.33203125,130.265625,223.62890625,218.3984375,199.9140625,0.0,0.0,1.890625,23.997663497924805
none,1,209,1.0,0.0,1.0,1.0,1.0,1.0,33.171875,71.8046875,72.3828125,65.46875,128.23828125,222.30859375,224.109375,203.51171875,0.0,0.0,1.8515625,24.17275047302246
none,1,210,1.0,0.0,1.0,1.0,1.0,1.0,33.3125,71.61328125,73.36328125,64.796875,128.48828125,221.9296875,225.65234375,200.4453125,0.0,0.0,1.875,24.270755767822266
none,1,211,1.0,0.0,1.0,1.0,1.0,1.0,32.85546875,72.55078125,73.85546875,65.390625,128.68359375,226.1328125,226.30078125,201.56640625,0.0,0.0,1.77734375,24.727962493896484
none,1,212,1.0,0.0,1.0,1.0,1.0,1.0,32.78125,72.70703125,73.4453125,64.9140625,127.9375,224.51953125,227.12109375,200.046875,0.0,0.0,1.875,24.51460075378418
none,1,213,1.0,0.0,1.0,1.0,1.0,1.0,32.7265625,71.0546875,73.6953125,65.26171875,126.3125,219.68359375,227.13671875,202.33203125,0.0,0.0,1.82421875,24.73366928100586
none,1,214,1.0,0.0,1.0,1.0,1.0,1.0,33.1484375,70.8203125,74.15625,65.47265625,126.75,216.33984375,227.1640625,202.58203125,0.0,0.0,1.8671875,24.420568466186523
none,1,215,1.0,0.0,1.0,1.0,1.0,1.0,33.52734375,71.51953125,74.29296875,65.8984375,128.25390625,219.515625,227.41796875,204.1328125,0.0,0.0,1.80859375,24.59491729736328
none,1,216,1.0,0.0,1.0,1.0,1.0,1.0,33.21875,71.17578125,73.03515625,66.71484375,128.1171875,219.8671875,222.40234375,205.15625,0.0,0.0,1.85546875,24.586669921875
none,1,217,1.0,0.0,1.0,1.0,1.0,1.0,33.36328125,72.328125,72.62109375,66.328125,128.57421875,222.12109375,221.52734375,205.59765625,0.0,0.0,1.73046875,24.384902954101562
none,1,218,1.0,0.0,1.0,1.0,1.0,1.0,33.34765625,70.859375,74.3046875,65.25,128.41015625,216.15234375,227.45703125,200.25,0.0,0.0,1.72265625,24.20138168334961
none,1,219,1.0,0.0,1.0,1.0,1.0,1.0,33.9453125,72.265625,74.59375,65.80078125,130.0390625,222.56640625,227.40625,201.55078125,0.0,0.0,1.7265625,24.60603904724121
none,1,220,1.0,0.0,1.0,1.0,1.0,1.0,33.421875,73.3125,73.58203125,65.51953125,129.140625,224.6953125,224.86328125,202.78125,0.0,0.0,1.734375,24.546627044677734
none,1,221,1.0,0.0,1.0,1.0,1.0,1.0,34.296875,70.84765625,73.484375,66.45703125,132.09765625,217.5234375,223.53125,203.44140625,0.0,0.0,1.8046875,24.27562713623047
none,1,222,1.0,0.0,1.0,1.0,1.0,1.0,33.125,70.8203125,75.14453125,65.80078125,128.89453125,219.00390625,228.66015625,201.32421875,0.0,0.0,1.734375,24.708480834960938
none,1,223,1.0,0.0,1.0,1.0,1.0,1.0,32.8828125,72.515625,75.93359375,65.1953125,127.0078125,221.03125,231.6796875,199.2578125,0.0,0.0,1.6640625,25.096839904785156
none,1,224,1.0,0.0,1.0,1.0,1.0,1.0,32.75,72.19140625,75.171875,66.1640625,129.08984375,221.2265625,228.26171875,203.453125,0.0,0.0,1.6875,25.064918518066406
none,1,225,1.0,0.0,1.0,1.0,1.0,1.0,33.484375,72.8203125,75.953125,65.49609375,128.58203125,223.67578125,232.68359375,202.07421875,0.0,0.0,1.62109375,25.02559471130371
none,1,226,1.0,0.0,1.0,1.0,1.0,1.0,32.69921875,73.3828125,74.78125,65.71875,128.03125,224.62109375,227.61328125,202.21484375,0.0,0.0,1.67578125,25.124691009521484
none,1,227,1.0,0.0,1.0,1.0,1.0,1.0,31.66796875,74.125,74.6328125,65.00390625,124.51953125,227.90234375,227.3671875,200.98828125,0.0,0.0,1.66796875,25.09322166442871
none,1,228,1.0,0.0,1.0,1.0,1.0,1.0,32.578125,72.5390625,75.953125,65.89453125,126.4296875,222.7265625,231.41015625,202.80078125,0.0,0.0,1.54296875,25.20607566833496
none,1,229,1.0,0.0,1.0,1.0,1.0,1.0,32.2890625,71.6015625,74.88671875,66.90234375,125.12109375,218.39453125,226.6328125,205.1015625,0.0,0.0,1.6640625,24.999624252319336
none,1,230,1.0,0.0,1.0,1.0,1.0,1.0,32.37109375,73.0234375,74.77734375,66.62109375,123.87109375,222.18359375,226.64453125,203.859375,0.0,0.0,1.765625,25.166044235229492
none,1,231,1.0,0.0,1.0,1.0,1.0,1.0,32.52734375,71.76953125,75.47265625,68.640625,126.578125,219.37890625,226.98046875,208.84375,0.0,0.0,1.56640625,25.34255599975586
none,1,232,1.0,0.0,1.0,1.0,1.0,1.0,32.96484375,72.5078125,74.57421875,68.37890625,127.46875,221.296875,226.53125,209.4453125,0.0,0.0,1.52734375,25.243484497070312
none,1,233,1.0,0.0,1.0,1.0,1.0,1.0,32.23828125,72.56640625,76.02734375,68.296875,124.07421875,218.85546875,229.3828125,208.859375,0.0,0.0,1.6015625,25.530574798583984
none,1,234,1.0,0.0,1.0,1.0,1.0,1.0,32.31640625,73.3671875,76.671875,66.421875,124.3671875,222.453125,231.7890625,201.44921875,0.0,0.0,1.5,25.687240600585938
none,1,235,1.0,0.0,1.0,1.0,1.0,1.0,32.3984375,72.93359375,76.03515625,66.83984375,126.109375,221.43359375,230.4375,203.78125,0.0,0.0,1.64453125,25.54610252380371
none,1,236,1.0,0.0,1.0,1.0,1.0,1.0,32.12890625,72.9921875,76.8046875,67.5546875,124.1796875,222.015625,230.60546875,205.8125,0.0,0.0,1.65234375,25.80794334411621
none,1,237,1.0,0.0,1.0,1.0,1.0,1.0,32.83203125,74.26953125,77.11328125,66.34765625,126.875,225.984375,232.44921875,202.234375,0.0,0.0,1.55078125,25.69088363647461
none,1,238,1.0,0.0,1.0,1.0,1.0,1.0,32.63671875,73.9140625,77.390625,67.234375,126.53125,223.69140625,233.41015625,204.72265625,0.0,0.0,1.46484375,25.943777084350586
none,1,239,1.0,0.0,1.0,1.0,1.0,1.0,33.109375,72.28515625,78.07421875,68.0546875,128.96484375,220.0078125,234.76171875,207.22265625,0.0,0.0,1.59375,25.88630485534668
none,1,240,1.0,0.0,1.0,1.0,1.0,1.0,33.01953125,73.38671875,76.74609375,67.19140625,127.859375,224.734375,232.02734375,205.609375,0.0,0.0,1.51953125,25.977081298828125
none,1,241,1.0,0.0,1.0,1.0,1.0,1.0,33.5859375,73.65234375,76.99609375,67.15625,129.09375,224.45703125,234.7109375,205.23828125,0.0,0.0,1.45703125,25.590179443359375
none,1,242,1.0,0.0,1.0,1.0,1.0,1.0,32.86328125,73.625,77.23828125,67.70703125,129.85546875,224.60546875,233.2890625,207.6875,0.0,0.0,1.5,26.024127960205078
none,1,243,1.0,0.0,1.0,1.0,1.0,1.0,32.62890625,74.12890625,78.609375,66.765625,128.51171875,227.4375,237.81640625,203.77734375,0.0,0.0,1.55078125,26.11178970336914
none,1,244,1.0,0.0,1.0,1.0,1.0,1.0,32.07421875,73.08984375,77.86328125,69.734375,125.81640625,223.8515625,235.234375,211.66015625,0.0,0.0,1.4921875,26.426633834838867
none,1,245,1.0,0.0,1.0,1.0,1.0,1.0,33.5546875,73.74609375,77.3671875,68.546875,130.96875,224.91015625,234.26171875,208.796875,0.0,0.0,1.55078125,26.051137924194336
none,1,246,1.0,0.0,1.0,1.0,1.0,1.0,32.15234375,73.50390625,78.05078125,67.6015625,123.5,222.26953125,236.640625,209.1015625,0.0,0.0,1.5234375,26.159910202026367
none,1,247,1.0,0.0,1.0,1.0,1.0,1.0,32.328125,74.84375,78.734375,67.81640625,125.8984375,227.6875,236.77734375,206.046875,0.0,0.0,1.390625,26.647014617919922
none,1,248,1.0,0.0,1.0,1.0,1.0,1.0,32.078125,74.375,78.11328125,69.43359375,125.2421875,225.671875,236.484375,211.390625,0.0,0.0,1.34375,26.5479736328125
none,1,249,1.0,0.0,1.0,1.0,1.0,1.0,32.7421875,74.71484375,77.74609375,68.52734375,129.8203125,228.21875,235.4140625,209.99609375,0.0,0.0,1.54296875,26.373802185058594
none,1,250,1.0,0.0,1.0,1.0,1.0,1.0,32.8125,74.6875,77.33203125,68.79296875,129.8125,228.25,235.4765625,209.93359375,0.0,0.0,1.4453125,26.456594467163086
none,1,251,1.0,0.0,1.0,1.0,1.0,1.0,31.34375,74.109375,78.3203125,69.1015625,123.6640625,226.75,237.70703125,210.26171875,0.0,0.0,1.3515625,26.660680770874023
none,1,252,1.0,0.0,1.0,1.0,1.0,1.0,33.0,75.09765625,78.47265625,68.95703125,128.69140625,229.375,238.34765625,210.39453125,0.0,0.0,1.4921875,26.634700775146484
none,1,253,1.0,0.0,1.0,1.0,1.0,1.0,32.76953125,77.15625,77.6328125,67.5625,127.81640625,235.4921875,235.359375,207.1640625,0.0,0.0,1.4609375,26.713653564453125
none,1,254,1.0,0.0,1.0,1.0,1.0,1.0,32.26953125,75.09765625,77.765625,68.3203125,125.07421875,231.0078125,237.8984375,209.171875,0.0,0.0,1.40234375,26.46383285522461
none,1,255,1.0,0.0,1.0,1.0,1.0,1.0,31.4921875,75.75,78.76953125,69.4140625,123.74609375,228.703125,239.41796875,211.73046875,0.0,0.0,1.3984375,27.100215911865234
none,1,256,1.0,0.0,1.0,1.0,1.0,1.0,31.6484375,74.6640625,78.8671875,68.78125,123.52734375,227.38671875,237.234375,209.6328125,0.0,0.0,1.33203125,26.61715316772461
none,1,257,1.0,0.0,1.0,1.0,1.0,1.0,32.0625,75.7265625,78.3359375,69.875,124.65234375,229.203125,237.9765625,213.66796875,0.0,0.0,1.39453125,26.859516143798828
none,1,258,1.0,0.0,1.0,1.0,1.0,1.0,31.21875,75.046875,78.92578125,69.62890625,123.375,227.1015625,237.93359375,213.19140625,0.0,0.0,1.36328125,27.011428833007812
none,1,259,1.0,0.0,1.0,1.0,1.0,1.0,31.84375,75.20703125,79.08203125,69.75390625,122.8046875,226.88671875,237.95703125,211.4609375,0.0,0.0,1.3046875,27.088451385498047
none,1,260,1.0,0.0,1.0,1.0,1.0,1.0,32.375,73.9375,80.4453125,70.15625,124.88671875,223.734375,241.44921875,213.671875,0.0,0.0,1.2265625,27.023895263671875
none,1,261,1.0,0.0,1.0,1.0,1.0,1.0,32.5390625,74.50390625,79.5703125,70.421875,126.1015625,226.22265625,237.7578125,214.953125,0.0,0.0,1.34765625,26.91774559020996
none,1,262,1.0,0.0,1.0,1.0,1.0,1.0,31.31640625,74.71875,80.30078125,70.63671875,121.26953125,226.828125,241.8515625,212.66015625,0.0,0.0,1.3671875,27.465045928955078
none,1,263,1.0,0.0,1.0,1.0,1.0,1.0,32.30078125,75.18359375,80.69921875,70.1328125,125.39453125,226.95703125,241.15625,213.01953125,0.0,0.0,1.31640625,27.27741241455078
none,1,264,1.0,0.0,1.0,1.0,1.0,1.0,32.05859375,74.203125,80.30859375,70.9765625,123.68359375,224.68359375,238.97265625,215.90234375,0.0,0.0,1.38671875,27.231069564819336
none,1,265,1.0,0.0,1.0,1.0,1.0,1.0,31.8671875,76.3203125,80.0703125,69.56640625,121.80859375,230.99609375,239.609375,210.90234375,0.0,0.0,1.27734375,27.370159149169922
none,1,266,1.0,0.0,1.0,1.0,1.0,1.0,31.53125,75.921875,79.83203125,69.265625,121.64453125,229.59375,240.94140625,211.09765625,0.0,0.0,1.3359375,27.202381134033203
none,1,267,1.0,0.0,1.0,1.0,1.0,1.0,30.9609375,77.00390625,79.43359375,69.4921875,120.26171875,234.30078125,239.35546875,211.265625,0.0,0.0,1.36328125,27.541488647460938
none,1,268,1.0,0.0,1.0,1.0,1.0,1.0,31.50390625,76.44140625,81.078125,69.40625,122.98828125,231.671875,243.96875,209.6484375,0.0,0.0,1.3828125,27.589941024780273
none,1,269,1.0,0.0,1.0,1.0,1.0,1.0,31.23046875,75.5234375,81.3359375,69.79296875,120.4140625,228.64453125,244.6484375,211.63671875,0.0,0.0,1.3359375,27.751583099365234
none,1,270,1.0,0.0,1.0,1.0,1.0,1.0,31.5234375,76.6875,79.8828125,68.37109375,122.62890625,232.8046875,241.0625,209.1015625,0.0,0.0,1.24609375,27.241832733154297
none,1,271,1.0,0.0,1.0,1.0,1.0,1.0,31.53515625,77.984375,80.65625,67.58984375,122.96875,237.3515625,242.90234375,205.75,0.0,0.0,1.3359375,27.66298484802246
none,1,272,1.0,0.0,1.0,1.0,1.0,1.0,30.5859375,76.9296875,80.453125,68.44921875,117.91015625,234.90234375,241.8203125,208.02734375,0.0,0.0,1.33984375,27.507116317749023
none,1,273,1.0,0.0,1.0,1.0,1.0,1.0,32.5,76.484375,81.0234375,69.078125,124.50390625,231.01171875,244.26953125,210.64453125,0.0,0.0,1.17578125,27.361188888549805
none,1,274,1.0,0.0,1.0,1.0,1.0,1.0,32.2734375,76.0703125,79.7109375,69.69921875,126.375,230.2109375,239.69140625,211.515625,0.0,0.0,1.39453125,27.25899887084961
none,1,275,1.0,0.0,1.0,1.0,1.0,1.0,31.140625,76.078125,81.62890625,70.55859375,123.08984375,229.125,245.0390625,213.65234375,0.0,0.0,1.28125,27.844970703125
none,1,276,1.0,0.0,1.0,1.0,1.0,1.0,32.15234375,75.71484375,81.375,70.0078125,126.11328125,227.3828125,245.39453125,212.6171875,0.0,0.0,1.29296875,27.62190818786621
none,1,277,1.0,0.0,1.0,1.0,1.0,1.0,32.546875,75.984375,80.29296875,69.73828125,126.69921875,230.796875,240.875,211.171875,0.0,0.0,1.31640625,27.36837387084961
none,1,278,1.0,0.0,1.0,1.0,1.0,1.0,31.61328125,74.9375,81.046875,71.3671875,124.73046875,227.4375,242.66015625,216.078125,0.0,0.0,1.3046875,27.657752990722656
none,1,279,1.0,0.0,1.0,1.0,1.0,1.0,31.3671875,76.93359375,81.33203125,70.6015625,122.9609375,231.828125,244.66796875,211.7265625,0.0,0.0,1.3515625,28.043746948242188
none,1,280,1.0,0.0,1.0,1.0,1.0,1.0,30.87109375,76.58203125,81.70703125,71.1875,120.19140625,230.546875,245.02734375,215.6328125,0.0,0.0,1.265625,28.11181640625
none,1,281,1.0,0.0,1.0,1.0,1.0,1.0,31.359375,75.9296875,81.65625,71.64453125,122.078125,226.69140625,244.8984375,216.02734375,0.0,0.0,1.140625,27.942426681518555
none,1,282,1.0,0.0,1.0,1.0,1.0,1.0,30.47265625,76.09375,81.43359375,71.12890625,122.00390625,227.59375,243.484375,214.29296875,0.0,0.0,1.19921875,28.038619995117188
none,1,283,1.0,0.0,1.0,1.0,1.0,1.0,30.80859375,77.703125,80.87109375,69.78515625,120.65625,233.17578125,241.15234375,210.2109375,0.0,0.0,1.37890625,27.90945816040039
none,1,284,1.0,0.0,1.0,1.0,1.0,1.0,29.953125,78.23828125,81.390625,69.453125,116.1171875,235.5546875,242.828125,209.546875,0.0,0.0,1.2265625,28.28265953063965
none,1,285,1.0,0.0,1.0,1.0,1.0,1.0,30.36328125,78.69140625,80.90625,70.27734375,119.51171875,237.59375,241.08984375,212.3359375,0.0,0.0,1.19140625,28.42599868774414
none,1,286,1.0,0.0,1.0,1.0,1.0,1.0,30.9765625,77.109375,80.9609375,71.38671875,120.78515625,235.9453125,243.23046875,218.59375,0.0,0.0,1.20703125,27.951566696166992
none,1,287,1.0,0.0,1.0,1.0,1.0,1.0,30.546875,78.21484375,81.2265625,70.00390625,120.29296875,237.62109375,243.7890625,214.765625,0.0,0.0,1.1484375,28.225894927978516
none,1,288,1.0,0.0,1.0,1.0,1.0,1.0,30.45703125,77.86328125,81.953125,70.8046875,119.8828125,236.22265625,245.87890625,216.6796875,0.0,0.0,1.2734375,28.368999481201172
none,1,289,1.0,0.0,1.0,1.0,1.0,1.0,30.72265625,78.2421875,82.671875,70.59375,120.921875,236.7578125,247.9609375,216.0234375,0.0,0.0,1.20703125,28.420059204101562
none,1,290,1.0,0.0,1.0,1.0,1.0,1.0,30.7265625,76.1015625,83.28125,71.34765625,122.33203125,230.99609375,250.1796875,216.8515625,0.0,0.0,1.16796875,28.479732513427734
none,1,291,1.0,0.0,1.0,1.0,1.0,1.0,31.15234375,76.6015625,82.66796875,72.17578125,122.19921875,231.265625,247.4375,218.4609375,0.0,0.0,1.21484375,28.55055809020996
none,1,292,1.0,0.0,1.0,1.0,1.0,1.0,31.16015625,78.3984375,82.3359375,71.2421875,121.8828125,236.81640625,246.546875,215.37890625,0.0,0.0,1.26171875,28.664907455444336
none,1,293,1.0,0.0,1.0,1.0,1.0,1.0,30.8515625,77.31640625,83.80078125,70.72265625,119.859375,234.71875,250.703125,213.9296875,0.0,0.0,1.1171875,28.63827133178711
none,1,294,1.0,0.0,1.0,1.0,1.0,1.0,31.3984375,77.4765625,82.94921875,70.4375,120.96484375,233.5859375,248.578125,212.41796875,0.0,0.0,1.171875,28.295238494873047
none,1,295,1.0,0.0,1.0,1.0,1.0,1.0,30.8046875,78.09765625,82.59765625,70.05859375,119.16015625,235.3359375,247.515625,211.61328125,0.0,0.0,1.21875,28.277786254882812
none,1,296,1.0,0.0,1.0,1.0,1.0,1.0,30.703125,77.40625,83.18359375,70.7109375,119.53125,233.9296875,251.171875,213.1875,0.0,0.0,1.1953125,28.377845764160156
none,1,297,1.0,0.0,1.0,1.0,1.0,1.0,29.70703125,78.56640625,83.125,71.0234375,117.2109375,236.49609375,248.90625,214.7421875,0.0,0.0,1.23828125,28.861623764038086
none,1,298,1.0,0.0,1.0,1.0,1.0,1.0,30.6171875,79.4765625,83.09375,71.3984375,118.91015625,239.76171875,248.02734375,216.015625,0.0,0.0,1.08984375,28.9386043548584
none,1,299,1.0,0.0,1.0,1.0,1.0,1.0,30.97265625,78.92578125,81.64453125,71.98828125,121.80078125,237.875,244.234375,217.59375,0.0,0.0,1.1015625,28.654193878173828
none,1,300,1.0,0.0,1.0,1.0,1.0,1.0,30.66796875,77.90625,83.68359375,70.73828125,119.21484375,235.640625,249.2109375,214.0625,0.0,0.0,1.046875,28.638341903686523
none,1,301,1.0,0.0,1.0,1.0,1.0,1.0,29.65625,77.1953125,83.99609375,71.390625,116.171875,232.84375,250.91015625,215.70703125,0.0,0.0,1.16015625,28.731369018554688
none,1,302,1.0,0.0,1.0,1.0,1.0,1.0,29.35546875,78.875,84.03515625,71.50390625,115.16015625,236.70703125,252.30859375,217.1171875,0.0,0.0,1.10546875,29.042869567871094
none,1,303,1.0,0.0,1.0,1.0,1.0,1.0,30.02734375,78.0703125,84.43359375,71.47265625,116.1484375,235.640625,250.21484375,216.33984375,0.0,0.0,1.08203125,29.126066207885742
none,1,304,1.0,0.0,1.0,1.0,1.0,1.0,31.15625,78.90234375,83.91015625,72.44140625,122.64453125,236.171875,250.1875,218.4296875,0.0,0.0,1.19140625,29.24244499206543
none,1,305,1.0,0.0,1.0,1.0,1.0,1.0,30.6953125,79.5078125,83.0234375,71.52734375,119.52734375,239.1015625,245.03515625,215.421875,0.0,0.0,1.21875,28.985713958740234
none,1,306,1.0,0.0,1.0,1.0,1.0,1.0,31.04296875,79.3984375,82.875,70.8125,121.5546875,239.01953125,246.3828125,215.1171875,0.0,0.0,1.140625,28.798419952392578
none,1,307,1.0,0.0,1.0,1.0,1.0,1.0,30.82421875,79.9453125,83.578125,71.3515625,119.7890625,240.19140625,246.60546875,216.70703125,0.0,0.0,1.109375,29.07733154296875
none,1,308,1.0,0.0,1.0,1.0,1.0,1.0,30.65234375,79.6015625,82.77734375,71.35546875,118.87890625,238.30859375,246.75,214.86328125,0.0,0.0,1.171875,29.0032958984375
none,1,309,1.0,0.0,1.0,1.0,1.0,1.0,30.0703125,79.21875,84.09375,72.94921875,118.80078125,237.6796875,249.42578125,220.75,0.0,0.0,1.09375,29.466650009155273
none,1,310,1.0,0.0,1.0,1.0,1.0,1.0,30.7734375,77.76171875,84.88671875,72.1875,120.5703125,232.4453125,252.28125,218.265625,0.0,0.0,1.0390625,29.177303314208984
none,1,311,1.0,0.0,1.0,1.0,1.0,1.0,30.5390625,78.5078125,84.03515625,72.53515625,119.35546875,235.35546875,248.42578125,220.4375,0.0,0.0,1.1171875,29.142589569091797
none,1,312,1.0,0.0,1.0,1.0,1.0,1.0,29.2890625,79.296875,84.2265625,72.0,115.13671875,236.58984375,249.98828125,215.859375,0.0,0.0,1.0234375,29.4993896484375
none,1,313,1.0,0.0,1.0,1.0,1.0,1.0,29.40234375,78.65625,85.49609375,72.37890625,114.34375,234.8046875,254.078125,217.28515625,0.0,0.0,1.0859375,29.531356811523438
none,1,314,1.0,0.0,1.0,1.0,1.0,1.0,30.2890625,78.5546875,85.33984375,73.04296875,119.85546875,235.05078125,253.40625,220.0625,0.0,0.0,1.0859375,29.51007080078125
none,1,315,1.0,0.0,1.0,1.0,1.0,1.0,30.21875,79.35546875,83.91015625,73.0546875,117.89453125,236.5234375,249.0859375,219.69140625,0.0,0.0,0.97265625,29.6007080078125
none,1,316,1.0,0.0,1.0,1.0,1.0,1.0,29.7734375,79.81640625,84.60546875,72.55078125,116.91796875,239.984375,251.6171875,219.7421875,0.0,0.0,1.125,29.6196346282959
none,1,317,1.0,0.0,1.0,1.0,1.0,1.0,29.24609375,80.5546875,85.875,70.61328125,114.9140625,241.69921875,255.48828125,213.14453125,0.0,0.0,0.9921875,29.8920955657959
none,1,318,1.0,0.0,1.0,1.0,1.0,1.0,29.25390625,81.24609375,84.578125,72.98046875,113.32421875,243.73046875,252.953125,218.75,0.0,0.0,1.0078125,30.08340072631836
none,1,319,1.0,0.0,1.0,1.0,1.0,1.0,29.46875,78.625,86.50390625,72.6484375,114.73828125,236.55859375,255.91015625,218.81640625,0.0,0.0,1.03125,29.71578025817871
none,1,320,1.0,0.0,1.0,1.0,1.0,1.0,29.25390625,80.75,84.66015625,70.7734375,115.19921875,242.390625,251.15234375,212.90625,0.0,0.0,1.01171875,29.68062973022461
none,1,321,1.0,0.0,1.0,1.0,1.0,1.0,29.19140625,80.1328125,83.83203125,72.9609375,113.76171875,239.12109375,248.4375,219.49609375,0.0,0.0,0.9375,29.636526107788086
none,1,322,1.0,0.0,1.0,1.0,1.0,1.0,28.89453125,79.2578125,86.87109375,73.3125,114.0625,237.390625,257.7890625,221.015625,0.0,0.0,0.9921875,30.137828826904297
none,1,323,1.0,0.0,1.0,1.0,1.0,1.0,30.07421875,79.80859375,85.94921875,73.69140625,118.57421875,236.8125,254.2265625,219.87109375,0.0,0.0,1.09765625,30.1593074798584
none,1,324,1.0,0.0,1.0,1.0,1.0,1.0,29.48828125,80.71875,84.60546875,72.5703125,117.1796875,240.609375,250.33203125,218.8046875,0.0,0.0,1.078125,29.931743621826172
none,1,325,1.0,0.0,1.0,1.0,1.0,1.0,29.40625,80.6171875,84.85546875,73.3046875,115.78125,239.9609375,250.34375,223.1015625,0.0,0.0,0.97265625,30.046001434326172
none,1,326,1.0,0.0,1.0,1.0,1.0,1.0,30.21875,80.39453125,84.609375,74.11328125,117.98828125,239.828125,251.7890625,223.8203125,0.0,0.0,0.9921875,30.089643478393555
none,1,327,1.0,0.0,1.0,1.0,1.0,1.0,29.99609375,79.5625,85.34375,74.46484375,119.53515625,238.39453125,254.38671875,225.34375,0.0,0.0,1.01171875,29.900793075561523
none,1,328,1.0,0.0,1.0,1.0,1.0,1.0,29.390625,80.44140625,86.64453125,74.32421875,116.6875,240.83203125,257.34765625,225.921875,0.0,0.0,1.0234375,30.459341049194336
none,1,329,1.0,0.0,1.0,1.0,1.0,1.0,29.56640625,79.484375,87.00390625,73.7109375,118.3046875,237.546875,258.8828125,221.6328125,0.0,0.0,0.92578125,30.332012176513672
none,1,330,1.0,0.0,1.0,1.0,1.0,1.0,28.57421875,80.55078125,85.7578125,74.140625,113.06640625,241.6328125,255.99609375,224.69921875,0.0,0.0,0.9375,30.39443016052246
none,1,331,1.0,0.0,1.0,1.0,1.0,1.0,28.44140625,80.1875,86.6875,74.1640625,113.8515625,240.58984375,258.25390625,223.92578125,0.0,0.0,1.08203125,30.533605575561523
none,1,332,1.0,0.0,1.0,1.0,1.0,1.0,29.10546875,81.82421875,86.6640625,73.84765625,115.34765625,246.80078125,257.48046875,221.54296875,0.0,0.0,0.99609375,30.532302856445312
none,1,333,1.0,0.0,1.0,1.0,1.0,1.0,29.03515625,79.76171875,87.16015625,74.73046875,115.04296875,238.4765625,258.4921875,225.796875,0.0,0.0,0.953125,30.49111557006836
none,1,334,1.0,0.0,1.0,1.0,1.0,1.0,28.08984375,79.94921875,87.02734375,74.81640625,111.1875,239.30859375,257.2890625,225.93359375,0.0,0.0,1.0390625,30.608238220214844
none,1,335,1.0,0.0,1.0,1.0,1.0,1.0,28.1796875,81.71875,87.01953125,73.75,111.5390625,244.80859375,257.046875,222.37890625,0.0,0.0,0.93359375,30.81531524658203
none,1,336,1.0,0.0,1.0,1.0,1.0,1.0,28.17578125,80.67578125,87.2421875,73.87109375,110.4140625,240.16796875,257.69921875,222.2421875,0.0,0.0,0.92578125,30.790172576904297
none,1,337,1.0,0.0,1.0,1.0,1.0,1.0,29.4921875,81.14453125,86.80859375,73.55859375,114.66796875,240.76953125,255.97265625,220.44140625,0.0,0.0,1.0078125,30.368518829345703
none,1,338,1.0,0.0,1.0,1.0,1.0,1.0,29.07421875,81.6640625,86.81640625,74.3828125,113.6953125,243.64453125,257.15625,224.5703125,0.0,0.0,0.91015625,30.813793182373047
none,1,339,1.0,0.0,1.0,1.0,1.0,1.0,28.9765625,82.484375,87.26953125,73.54296875,113.453125,245.7265625,257.1171875,220.78125,0.0,0.0,0.9921875,30.83486557006836
none,1,340,1.0,0.0,1.0,1.0,1.0,1.0,28.67578125,81.546875,87.16015625,73.01953125,112.4140625,245.5625,257.23046875,220.26171875,0.0,0.0,0.94921875,30.627315521240234
none,1,341,1.0,0.0,1.0,1.0,1.0,1.0,29.10546875,80.26953125,87.25390625,74.25390625,114.8359375,240.53125,258.5703125,225.2109375,0.0,0.0,0.94921875,30.53518295288086
none,1,342,1.0,0.0,1.0,1.0,1.0,1.0,28.578125,82.171875,87.66796875,74.171875,111.8984375,243.30859375,259.2890625,222.29296875,0.0,0.0,0.90234375,31.116750717163086
none,1,343,1.0,0.0,1.0,1.0,1.0,1.0,29.51953125,80.9140625,88.578125,74.51953125,115.98828125,242.09375,261.9609375,223.265625,0.0,0.0,0.8515625,30.873638153076172
none,1,344,1.0,0.0,1.0,1.0,1.0,1.0,28.86328125,82.0234375,87.87109375,73.88671875,112.26171875,245.1953125,259.40234375,221.31640625,0.0,0.0,1.01953125,30.80995750427246
none,1,345,1.0,0.0,1.0,1.0,1.0,1.0,28.765625,82.25,87.2109375,73.671875,112.484375,245.77734375,256.5390625,221.84375,0.0,0.0,0.9296875,30.902786254882812
none,1,346,1.0,0.0,1.0,1.0,1.0,1.0,27.40625,81.39453125,88.171875,75.92578125,107.328125,243.66015625,259.625,228.26953125,0.0,0.0,0.94140625,31.30184555053711
none,1,347,1.0,0.0,1.0,1.0,1.0,1.0,28.75,81.82421875,88.48046875,74.65625,112.14453125,245.40234375,261.19921875,224.2578125,0.0,0.0,0.83984375,31.26032257080078
none,1,348,1.0,0.0,1.0,1.0,1.0,1.0,28.51171875,81.89453125,88.2578125,75.69921875,111.8671875,243.5,260.18359375,226.390625,0.0,0.0,0.9453125,31.43294334411621
none,1,349,1.0,0.0,1.0,1.0,1.0,1.0,28.33203125,80.94140625,88.28125,74.515625,111.37890625,240.9765625,259.65625,224.98046875,0.0,0.0,0.81640625,30.95783042907715
none,1,350,1.0,0.0,1.0,1.0,1.0,1.0,27.375,82.8671875,88.3046875,74.36328125,108.48046875,246.61328125,260.29296875,221.5390625,0.0,0.0,0.99609375,31.56069564819336
none,1,351,1.0,0.0,1.0,1.0,1.0,1.0,27.9453125,81.19921875,88.2265625,74.421875,110.87890625,243.33203125,257.81640625,222.3984375,0.0,0.0,1.01171875,31.09028434753418
none,1,352,1.0,0.0,1.0,1.0,1.0,1.0,27.62890625,82.87109375,89.28515625,74.4140625,109.38671875,246.05859375,262.31640625,221.09375,0.0,0.0,0.81640625,31.493453979492188
none,1,353,1.0,0.0,1.0,1.0,1.0,1.0,27.76953125,81.3125,89.296875,74.39453125,108.4609375,241.484375,261.36328125,221.42578125,0.0,0.0,0.86328125,31.19362449645996
none,1,354,1.0,0.0,1.0,1.0,1.0,1.0,27.8984375,81.7578125,89.89453125,74.48046875,109.6796875,243.14453125,266.19921875,223.32421875,0.0,0.0,0.9140625,31.39296531677246
none,1,355,1.0,0.0,1.0,1.0,1.0,1.0,28.5625,82.234375,89.25390625,75.63671875,110.03515625,244.3515625,262.796875,226.203125,0.0,0.0,0.92578125,31.4771728515625
none,1,356,1.0,0.0,1.0,1.0,1.0,1.0,27.9453125,82.75390625,88.90234375,75.30078125,109.0234375,246.515625,261.84375,224.92578125,0.0,0.0,0.984375,31.563190460205078
none,1,357,1.0,0.0,1.0,1.0,1.0,1.0,28.3203125,82.9453125,89.390625,75.3359375,110.28125,246.43359375,262.27734375,225.47265625,0.0,0.0,1.015625,31.661102294921875
none,1,358,1.0,0.0,1.0,1.0,1.0,1.0,28.5390625,83.15625,89.04296875,75.8984375,112.65234375,249.09375,263.43359375,227.62109375,0.0,0.0,0.99609375,31.753929138183594
none,1,359,1.0,0.0,1.0,1.0,1.0,1.0,27.77734375,84.25,89.796875,75.25,108.2265625,251.58203125,264.703125,225.765625,0.0,0.0,0.91015625,31.985891342163086
none,1,360,1.0,0.0,1.0,1.0,1.0,1.0,27.86328125,82.97265625,89.03515625,74.57421875,107.82421875,248.26171875,263.66015625,224.515625,0.0,0.0,0.92578125,31.678876876831055
none,1,361,1.0,0.0,1.0,1.0,1.0,1.0,27.88671875,83.4296875,88.78125,75.66015625,108.65625,249.171875,260.9296875,227.2109375,0.0,0.0,0.85546875,31.850826263427734
none,1,362,1.0,0.0,1.0,1.0,1.0,1.0,26.62890625,82.98828125,90.234375,75.1015625,105.38671875,248.6328125,267.41796875,225.03515625,0.0,0.0,0.8203125,31.977088928222656
none,1,363,1.0,0.0,1.0,1.0,1.0,1.0,28.6875,84.765625,89.80859375,74.80859375,111.94140625,252.33984375,265.90625,225.34765625,0.0,0.0,0.75390625,31.84432601928711
none,1,364,1.0,0.0,1.0,1.0,1.0,1.0,27.98828125,84.05078125,88.9140625,77.19140625,109.6328125,250.93359375,261.16796875,230.12890625,0.0,0.0,0.80078125,32.212825775146484
none,1,365,1.0,0.0,1.0,1.0,1.0,1.0,27.9140625,84.42578125,89.7265625,75.34765625,109.01953125,250.09765625,263.1328125,225.609375,0.0,0.0,0.9296875,31.99761199951172
none,1,366,1.0,0.0,1.0,1.0,1.0,1.0,27.34375,84.578125,89.359375,76.22265625,110.33984375,250.796875,263.82421875,227.4765625,0.0,0.0,0.84765625,32.2296142578125
none,1,367,1.0,0.0,1.0,1.0,1.0,1.0,29.08203125,84.5859375,89.5703125,76.41015625,113.79296875,252.94140625,262.84375,228.6484375,0.0,0.0,0.7890625,32.20029830932617
none,1,368,1.0,0.0,1.0,1.0,1.0,1.0,27.6015625,83.3125,91.109375,77.19140625,109.33984375,248.6328125,266.8359375,231.7421875,0.0,0.0,0.828125,32.59038543701172
none,1,369,1.0,0.0,1.0,1.0,1.0,1.0,27.6875,84.33203125,90.59765625,76.4453125,109.2265625,249.5859375,265.7421875,227.51171875,0.0,0.0,0.92578125,32.16978454589844
none,1,370,1.0,0.0,1.0,1.0,1.0,1.0,28.52734375,82.08984375,90.30859375,76.51171875,112.09765625,242.8515625,265.36328125,228.1484375,0.0,0.0,0.97265625,32.03715515136719
none,1,371,1.0,0.0,1.0,1.0,1.0,1.0,27.4296875,82.4375,90.94921875,77.17578125,107.26171875,244.08984375,267.390625,231.73828125,0.0,0.0,0.7890625,32.42286682128906
none,1,372,1.0,0.0,1.0,1.0,1.0,1.0,28.0234375,81.6484375,90.1953125,78.609375,110.10546875,242.68359375,266.32421875,235.89453125,0.0,0.0,0.8359375,32.34766387939453
none,1,373,1.0,0.0,1.0,1.0,1.0,1.0,27.390625,85.51171875,89.84375,76.82421875,109.3515625,254.03515625,262.3515625,229.69140625,0.0,0.0,0.8046875,32.60881805419922
none,1,374,1.0,0.0,1.0,1.0,1.0,1.0,27.41796875,85.65625,90.29296875,76.90234375,108.27734375,254.40234375,265.3203125,230.3984375,0.0,0.0,0.79296875,32.781211853027344
none,1,375,1.0,0.0,1.0,1.0,1.0,1.0,27.30078125,84.9609375,90.94921875,75.0546875,106.83984375,254.73828125,265.51171875,224.5546875,0.0,0.0,0.76953125,32.584075927734375
none,1,376,1.0,0.0,1.0,1.0,1.0,1.0,26.4296875,85.79296875,91.609375,76.296875,104.25390625,255.12890625,268.0859375,228.18359375,0.0,0.0,0.72265625,32.95085906982422
none,1,377,1.0,0.0,1.0,1.0,1.0,1.0,26.94921875,86.00390625,89.55078125,76.01953125,105.578125,254.3984375,261.390625,225.42578125,0.0,0.0,0.9765625,32.62968444824219
none,1,378,1.0,0.0,1.0,1.0,1.0,1.0,26.1640625,85.9921875,91.16796875,75.76171875,102.76953125,253.8046875,266.51953125,225.67578125,0.0,0.0,0.78125,32.9253044128418
none,1,379,1.0,0.0,1.0,1.0,1.0,1.0,27.16015625,84.76171875,91.08203125,77.69921875,105.484375,249.80078125,265.06640625,230.96875,0.0,0.0,0.80078125,32.710445404052734
none,1,380,1.0,0.0,1.0,1.0,1.0,1.0,26.91796875,84.76953125,91.75,76.1640625,103.421875,250.1328125,266.7734375,226.1875,0.0,0.0,0.8828125,32.95005798339844
none,1,381,1.0,0.0,1.0,1.0,1.0,1.0,26.87109375,85.96484375,91.70703125,75.05078125,103.703125,254.5078125,266.9765625,221.33984375,0.0,0.0,0.8671875,32.694576263427734
none,1,382,1.0,0.0,1.0,1.0,1.0,1.0,27.03125,86.2890625,92.890625,74.55078125,103.40234375,255.50390625,271.01171875,220.94921875,0.0,0.0,0.796875,32.873435974121094
none,1,383,1.0,0.0,1.0,1.0,1.0,1.0,26.65625,84.7265625,92.109375,75.81640625,103.29296875,248.52734375,269.58203125,224.19140625,0.0,0.0,0.86328125,32.913055419921875
none,1,384,1.0,0.0,1.0,1.0,1.0,1.0,26.296875,85.84765625,92.0,76.26171875,101.48046875,253.8515625,268.9765625,226.99609375,0.0,0.0,0.75,33.12626266479492
none,1,385,1.0,0.0,1.0,1.0,1.0,1.0,25.72265625,85.30859375,91.83984375,76.87890625,102.7421875,253.23046875,267.46875,227.7734375,0.0,0.0,0.74609375,33.309017181396484
none,1,386,1.0,0.0,1.0,1.0,1.0,1.0,25.89453125,86.00390625,92.82421875,74.80859375,102.1875,255.90625,271.87109375,223.015625,0.0,0.0,0.87109375,33.05502700805664
none,1,387,1.0,0.0,1.0,1.0,1.0,1.0,26.6328125,84.7265625,92.99609375,76.64453125,104.80078125,250.80859375,271.5234375,229.31640625,0.0,0.0,0.74609375,33.23005676269531
none,1,388,1.0,0.0,1.0,1.0,1.0,1.0,26.765625,85.46484375,92.140625,77.58203125,104.609375,252.87109375,268.92578125,230.828125,0.0,0.0,0.72265625,33.190067291259766
none,1,389,1.0,0.0,1.0,1.0,1.0,1.0,27.03515625,83.8671875,90.4921875,77.34765625,107.84765625,248.625,265.1015625,231.8359375,0.0,0.0,0.78125,32.710411071777344
none,1,390,1.0,0.0,1.0,1.0,1.0,1.0,26.60546875,86.421875,91.6875,77.83984375,104.04296875,254.24609375,267.13671875,232.06640625,0.0,0.0,0.796875,33.32713317871094
none,1,391,1.0,0.0,1.0,1.0,1.0,1.0,26.12890625,85.4609375,92.01953125,76.71875,102.5546875,254.0546875,265.87890625,229.6484375,0.0,0.0,0.875,33.3007926940918
none,1,392,1.0,0.0,1.0,1.0,1.0,1.0,26.8828125,85.390625,90.35546875,77.8515625,105.96875,252.31640625,263.51953125,231.7578125,0.0,0.0,0.78125,33.052520751953125
none,1,393,1.0,0.0,1.0,1.0,1.0,1.0,26.57421875,85.94140625,91.953125,77.9765625,103.53515625,254.14453125,268.87109375,231.9921875,0.0,0.0,0.78125,33.36956787109375
none,1,394,1.0,0.0,1.0,1.0,1.0,1.0,25.95703125,83.80078125,93.578125,77.4921875,102.16015625,249.1015625,273.68359375,231.921875,0.0,0.0,0.86328125,33.302589416503906
none,1,395,1.0,0.0,1.0,1.0,1.0,1.0,27.77734375,84.28515625,92.33984375,78.97265625,108.61328125,249.17578125,270.67578125,235.3046875,0.0,0.0,0.6484375,33.26667404174805
none,1,396,1.0,0.0,1.0,1.0,1.0,1.0,26.3671875,84.43359375,93.6328125,77.66015625,105.23828125,250.04296875,274.67578125,231.57421875,0.0,0.0,0.6796875,33.43505096435547
none,1,397,1.0,0.0,1.0,1.0,1.0,1.0,27.125,86.0390625,91.04296875,77.63671875,106.58203125,254.2890625,268.56640625,231.87109375,0.0,0.0,0.78125,33.087249755859375
none,1,398,1.0,0.0,1.0,1.0,1.0,1.0,26.046875,84.8984375,92.5390625,77.3984375,102.64453125,252.21875,271.52734375,230.16015625,0.0,0.0,0.79296875,33.389625549316406
none,1,399,1.0,0.0,1.0,1.0,1.0,1.0,26.0703125,85.9140625,92.51171875,76.75,102.72265625,254.296875,272.70703125,228.94921875,0.0,0.0,0.859375,33.4445686340332
none,1,400,1.0,0.0,1.0,1.0,1.0,1.0,25.65234375,85.58984375,92.58203125,78.8046875,100.01953125,253.921875,271.92578125,233.73828125,0.0,0.0,0.75390625,33.767677307128906
none,1,401,1.0,0.0,1.0,1.0,1.0,1.0,25.5703125,86.28125,93.125,78.125,101.89453125,257.45703125,273.01171875,234.8828125,0.0,0.0,0.765625,33.949729919433594
none,1,402,1.0,0.0,1.0,1.0,1.0,1.0,26.02734375,86.8359375,93.33203125,77.45703125,105.046875,257.37890625,273.1875,230.4453125,0.0,0.0,0.76953125,33.7763671875
none,1,403,1.0,0.0,1.0,1.0,1.0,1.0,26.68359375,87.01953125,92.875,77.52734375,105.265625,258.70703125,272.58984375,232.0078125,0.0,0.0,0.8671875,33.75709533691406
none,1,404,1.0,0.0,1.0,1.0,1.0,1.0,25.22265625,87.09765625,93.08203125,78.11328125,99.546875,257.69140625,274.1640625,233.1328125,0.0,0.0,0.77734375,33.877220153808594
none,1,405,1.0,0.0,1.0,1.0,1.0,1.0,25.4296875,85.5234375,93.3359375,79.53125,99.7578125,253.83984375,273.265625,237.96484375,0.0,0.0,0.734375,33.857505798339844
none,1,406,1.0,0.0,1.0,1.0,1.0,1.0,27.3203125,85.84765625,93.59765625,79.296875,107.94140625,253.69140625,272.9453125,236.37890625,0.0,0.0,0.6796875,33.79026794433594
none,1,407,1.0,0.0,1.0,1.0,1.0,1.0,25.78125,86.20703125,92.4453125,78.3984375,102.49609375,256.2734375,271.80078125,233.05078125,0.0,0.0,0.73828125,33.74077224731445
none,1,408,1.0,0.0,1.0,1.0,1.0,1.0,26.12109375,85.50390625,93.23046875,80.5625,103.671875,253.4921875,273.1875,240.671875,0.0,0.0,0.7421875,34.10868453979492
none,1,409,1.0,0.0,1.0,1.0,1.0,1.0,26.53515625,86.14453125,93.97265625,79.21875,106.3984375,257.4921875,276.23828125,237.31640625,0.0,0.0,0.80078125,33.93087387084961
none,1,410,1.0,0.0,1.0,1.0,1.0,1.0,26.2578125,87.0625,94.31640625,78.65234375,104.484375,257.984375,276.59765625,234.41796875,0.0,0.0,0.8828125,34.20331573486328
none,1,411,1.0,0.0,1.0,1.0,1.0,1.0,26.39453125,87.8671875,93.24609375,79.03515625,105.59375,261.640625,274.4921875,235.1015625,0.0,0.0,0.68359375,34.16736602783203
none,1,412,1.0,0.0,1.0,1.0,1.0,1.0,25.984375,86.3828125,93.28125,79.9765625,103.56640625,257.6875,274.59375,239.109375,0.0,0.0,0.70703125,34.31736755371094
none,1,413,1.0,0.0,1.0,1.0,1.0,1.0,26.82421875,86.765625,92.6640625,79.68359375,105.10546875,257.19140625,271.26171875,237.828125,0.0,0.0,0.61328125,34.0319938659668
none,1,414,1.0,0.0,1.0,1.0,1.0,1.0,27.03125,87.3125,92.9921875,80.3671875,106.16015625,256.42578125,270.5078125,238.9375,0.0,0.0,0.7734375,34.044639587402344
none,1,415,1.0,0.0,1.0,1.0,1.0,1.0,25.96484375,87.23828125,93.5234375,79.09765625,102.54296875,256.859375,272.328125,236.1796875,0.0,0.0,0.7578125,34.33156967163086
none,1,416,1.0,0.0,1.0,1.0,1.0,1.0,26.7265625,88.59765625,93.078125,78.21875,104.359375,261.5703125,269.65234375,231.9765625,0.0,0.0,0.8046875,34.086219787597656
none,1,417,1.0,0.0,1.0,1.0,1.0,1.0,26.64453125,88.50390625,93.79296875,77.9453125,105.015625,259.8515625,273.64453125,233.796875,0.0,0.0,0.76953125,34.2730827331543
none,1,418,1.0,0.0,1.0,1.0,1.0,1.0,25.65625,88.203125,93.6328125,79.8046875,100.328125,259.44921875,272.00390625,236.13671875,0.0,0.0,0.6484375,34.484535217285156
none,1,419,1.0,0.0,1.0,1.0,1.0,1.0,25.58203125,88.01171875,94.19921875,79.56640625,100.19140625,257.5390625,274.4453125,235.29296875,0.0,0.0,0.734375,34.609710693359375
none,1,420,1.0,0.0,1.0,1.0,1.0,1.0,25.81640625,87.24609375,94.73828125,79.31640625,101.69140625,256.35546875,275.48046875,235.46875,0.0,0.0,0.66015625,34.56331253051758
none,1,421,1.0,0.0,1.0,1.0,1.0,1.0,25.03125,86.7109375,94.1875,80.703125,98.8984375,253.22265625,273.25390625,238.5859375,0.0,0.0,0.7109375,34.43614196777344
none,1,422,1.0,0.0,1.0,1.0,1.0,1.0,25.69140625,86.625,94.046875,80.171875,101.2109375,253.98828125,273.30078125,236.1796875,0.0,0.0,0.7265625,34.290245056152344
none,1,423,1.0,0.0,1.0,1.0,1.0,1.0,25.375,88.44921875,93.890625,79.046875,99.3359375,260.86328125,272.94140625,234.16015625,0.0,0.0,0.671875,34.37656784057617
none,1,424,1.0,0.0,1.0,1.0,1.0,1.0,25.33984375,88.22265625,95.5625,79.4453125,100.0390625,258.8984375,275.20703125,235.01953125,0.0,0.0,0.640625,34.954322814941406
none,1,425,1.0,0.0,1.0,1.0,1.0,1.0,24.34765625,87.83203125,94.7890625,79.4140625,97.125,255.609375,276.4140625,234.59375,0.0,0.0,0.66015625,34.662628173828125
none,1,426,1.0,0.0,1.0,1.0,1.0,1.0,25.12890625,88.87109375,96.1640625,77.97265625,99.10546875,261.47265625,276.73828125,230.6015625,0.0,0.0,0.8046875,34.781166076660156
none,1,427,1.0,0.0,1.0,1.0,1.0,1.0,25.80078125,87.7421875,95.99609375,79.63671875,101.12890625,256.65625,276.74609375,235.55859375,0.0,0.0,0.65625,34.87571716308594
none,1,428,1.0,0.0,1.0,1.0,1.0,1.0,24.77734375,87.08203125,95.98828125,80.21875,98.62890625,254.71875,277.4921875,236.4609375,0.0,0.0,0.6953125,34.79485321044922
none,1,429,1.0,0.0,1.0,1.0,1.0,1.0,25.20703125,87.34765625,94.48828125,80.2890625,99.26171875,255.09375,274.234375,237.953125,0.0,0.0,0.8125,34.439369201660156
none,1,430,1.0,0.0,1.0,1.0,1.0,1.0,24.0546875,88.20703125,95.3671875,80.6484375,96.05078125,257.734375,276.34375,237.37890625,0.0,0.0,0.65234375,35.212501525878906
none,1,431,1.0,0.0,1.0,1.0,1.0,1.0,24.9296875,86.30078125,95.35546875,81.0625,99.2734375,251.53515625,274.5390625,238.37890625,0.0,0.0,0.72265625,34.63068771362305
none,1,432,1.0,0.0,1.0,1.0,1.0,1.0,25.21484375,88.33984375,95.05859375,80.44140625,99.47265625,257.2734375,274.4140625,236.89453125,0.0,0.0,0.69140625,34.81234359741211
none,1,433,1.0,0.0,1.0,1.0,1.0,1.0,24.60546875,87.57421875,95.34765625,80.46484375,98.69140625,257.66015625,275.83984375,238.05859375,0.0,0.0,0.734375,34.944580078125
none,1,434,1.0,0.0,1.0,1.0,1.0,1.0,25.4375,86.6875,95.48828125,80.29296875,102.578125,255.765625,278.16796875,237.48828125,0.0,0.0,0.74609375,34.74598693847656
none,1,435,1.0,0.0,1.0,1.0,1.0,1.0,24.78125,87.453125,97.03125,80.6328125,99.53515625,257.3984375,281.6953125,238.83984375,0.0,0.0,0.7578125,35.212013244628906
none,1,436,1.0,0.0,1.0,1.0,1.0,1.0,24.5546875,87.25,95.65234375,81.22265625,98.51171875,257.08203125,277.35546875,241.38671875,0.0,0.0,0.6015625,35.14580535888672
none,1,437,1.0,0.0,1.0,1.0,1.0,1.0,25.29296875,88.5859375,96.33984375,79.73828125,100.8671875,261.63671875,280.82421875,236.15234375,0.0,0.0,0.6953125,35.02991485595703
none,1,438,1.0,0.0,1.0,1.0,1.0,1.0,24.34765625,89.1171875,95.61328125,79.05859375,97.734375,265.05078125,278.90625,236.1328125,0.0,0.0,0.66015625,35.21116638183594
none,1,439,1.0,0.0,1.0,1.0,1.0,1.0,24.47265625,89.6015625,95.96484375,78.37890625,98.68359375,266.07421875,279.81640625,232.2265625,0.0,0.0,0.75390625,35.03711700439453
none,1,440,1.0,0.0,1.0,1.0,1.0,1.0,24.37109375,88.21484375,96.73046875,80.3359375,97.5,260.12890625,281.0625,237.390625,0.0,0.0,0.79296875,35.193458557128906
none,1,441,1.0,0.0,1.0,1.0,1.0,1.0,25.6171875,89.94921875,95.1796875,80.51171875,101.1796875,264.609375,276.44140625,239.77734375,0.0,0.0,0.7109375,35.22650909423828
none,1,442,1.0,0.0,1.0,1.0,1.0,1.0,24.42578125,88.83203125,96.91796875,80.61328125,99.48046875,262.4296875,281.671875,239.234375,0.0,0.0,0.6171875,35.46554183959961
none,1,443,1.0,0.0,1.0,1.0,1.0,1.0,24.63671875,90.06640625,95.30859375,80.58984375,98.62890625,264.078125,277.6640625,238.83984375,0.0,0.0,0.65234375,35.426551818847656
none,1,444,1.0,0.0,1.0,1.0,1.0,1.0,24.3828125,87.55859375,96.11328125,81.6796875,97.91796875,258.08203125,278.78515625,241.70703125,0.0,0.0,0.625,35.35786437988281
none,1,445,1.0,0.0,1.0,1.0,1.0,1.0,24.7734375,88.8125,96.0078125,80.84765625,97.17578125,261.4765625,279.8125,239.81640625,0.0,0.0,0.65625,35.33506393432617
none,1,446,1.0,0.0,1.0,1.0,1.0,1.0,24.51171875,89.921875,95.68359375,81.55859375,98.66015625,265.0625,275.6953125,241.1484375,0.0,0.0,0.609375,35.73091506958008
none,1,447,1.0,0.0,1.0,1.0,1.0,1.0,24.828125,88.734375,96.57421875,81.1796875,99.3203125,262.6796875,280.08203125,241.51171875,0.0,0.0,0.66015625,35.37761688232422
none,1,448,1.0,0.0,1.0,1.0,1.0,1.0,23.73828125,88.21875,97.20703125,80.78515625,94.8984375,260.921875,281.84765625,239.98828125,0.0,0.0,0.6484375,35.717811584472656
none,1,449,1.0,0.0,1.0,1.0,1.0,1.0,24.453125,89.55078125,96.5078125,79.71875,97.94140625,263.04296875,280.12109375,236.45703125,0.0,0.0,0.71484375,35.56965255737305
none,1,450,1.0,0.0,1.0,1.0,1.0,1.0,24.26953125,89.44140625,96.40234375,81.01171875,97.63671875,262.8671875,278.91796875,239.8125,0.0,0.0,0.59375,35.69976043701172
none,1,451,1.0,0.0,1.0,1.0,1.0,1.0,24.31640625,89.40625,96.76171875,80.8359375,97.92578125,262.9453125,280.68359375,238.3125,0.0,0.0,0.70703125,35.639404296875
none,1,452,1.0,0.0,1.0,1.0,1.0,1.0,24.44140625,89.58203125,96.66796875,80.88671875,98.78125,262.109375,279.796875,240.3515625,0.0,0.0,0.59765625,35.73832702636719
none,1,453,1.0,0.0,1.0,1.0,1.0,1.0,24.5625,89.10546875,95.67578125,81.47265625,98.62109375,261.0390625,277.4453125,241.2578125,0.0,0.0,0.765625,35.42063522338867
none,1,454,1.0,0.0,1.0,1.0,1.0,1.0,24.54296875,87.84375,96.16015625,82.64453125,98.67578125,258.9140625,279.3046875,245.34375,0.0,0.0,0.71875,35.655845642089844
none,1,455,1.0,0.0,1.0,1.0,1.0,1.0,24.4296875,89.99609375,96.33984375,80.71484375,97.52734375,263.8203125,279.0078125,237.9375,0.0,0.0,0.6171875,35.60044479370117
none,1,456,1.0,0.0,1.0,1.0,1.0,1.0,24.6796875,88.14453125,96.4375,82.44140625,98.28125,259.0078125,278.0078125,242.8203125,0.0,0.0,0.671875,35.64712142944336
none,1,457,1.0,0.0,1.0,1.0,1.0,1.0,24.7890625,89.34375,96.66015625,81.1640625,97.125,262.49609375,279.46875,240.953125,0.0,0.0,0.734375,35.57723617553711
none,1,458,1.0,0.0,1.0,1.0,1.0,1.0,23.99609375,90.1484375,96.33203125,81.27734375,96.8046875,264.796875,280.23828125,240.39453125,0.0,0.0,0.71484375,35.81623840332031
none,1,459,1.0,0.0,1.0,1.0,1.0,1.0,24.29296875,88.51953125,97.51953125,80.6953125,97.19140625,260.21875,282.82421875,239.33984375,0.0,0.0,0.58984375,35.729835510253906
none,1,460,1.0,0.0,1.0,1.0,1.0,1.0,24.00390625,89.99609375,96.97265625,82.28515625,96.2421875,266.05859375,280.8125,244.20703125,0.0,0.0,0.5703125,36.20436096191406
none,1,461,1.0,0.0,1.0,1.0,1.0,1.0,24.23828125,88.09375,98.45703125,82.5546875,97.640625,258.8984375,286.015625,243.77734375,0.0,0.0,0.6796875,36.039798736572266
none,1,462,1.0,0.0,1.0,1.0,1.0,1.0,24.078125,90.53125,96.98828125,82.12109375,97.53125,265.890625,281.37890625,242.28125,0.0,0.0,0.62109375,35.93030548095703
none,1,463,1.0,0.0,1.0,1.0,1.0,1.0,23.6015625,90.28515625,96.78515625,81.06640625,95.55078125,264.96484375,280.6171875,239.01171875,0.0,0.0,0.60546875,36.03813934326172
none,1,464,1.0,0.0,1.0,1.0,1.0,1.0,24.57421875,88.86328125,96.953125,82.9609375,96.91796875,261.98828125,280.6953125,243.40234375,0.0,0.0,0.70703125,36.09066390991211
none,1,465,1.0,0.0,1.0,1.0,1.0,1.0,24.546875,89.63671875,96.703125,82.9609375,98.36328125,261.6484375,279.80859375,243.15234375,0.0,0.0,0.60546875,36.099891662597656
none,1,466,1.0,0.0,1.0,1.0,1.0,1.0,23.54296875,89.26171875,97.8515625,82.515625,95.02734375,261.65625,282.2890625,243.05859375,0.0,0.0,0.64453125,36.30519104003906
none,1,467,1.0,0.0,1.0,1.0,1.0,1.0,24.046875,89.34765625,98.0234375,83.03515625,96.87109375,259.7421875,284.0078125,244.7109375,0.0,0.0,0.65234375,36.496952056884766
none,1,468,1.0,0.0,1.0,1.0,1.0,1.0,24.01171875,89.6015625,97.65234375,82.0390625,94.84375,264.01953125,283.14453125,241.1875,0.0,0.0,0.69921875,35.988677978515625
none,1,469,1.0,0.0,1.0,1.0,1.0,1.0,23.09765625,91.53125,96.8046875,80.8125,92.07421875,268.21484375,281.078125,238.953125,0.0,0.0,0.65234375,36.19232177734375
none,1,470,1.0,0.0,1.0,1.0,1.0,1.0,24.06640625,89.484375,99.19921875,81.3671875,95.5078125,264.9375,286.33984375,239.44140625,0.0,0.0,0.61328125,36.134521484375
none,1,471,1.0,0.0,1.0,1.0,1.0,1.0,24.1015625,90.1484375,96.48046875,83.20703125,96.3828125,264.4921875,281.9375,245.234375,0.0,0.0,0.6796875,36.044071197509766
none,1,472,1.0,0.0,1.0,1.0,1.0,1.0,23.71484375,89.80859375,97.8203125,81.359375,95.4609375,265.53515625,283.82421875,239.1328125,0.0,0.0,0.6796875,36.26634216308594
none,1,473,1.0,0.0,1.0,1.0,1.0,1.0,23.58203125,91.78515625,98.56640625,82.20703125,95.7734375,269.97265625,286.96484375,242.4921875,0.0,0.0,0.57421875,36.81924057006836
none,1,474,1.0,0.0,1.0,1.0,1.0,1.0,23.28125,90.234375,98.625,81.13671875,93.66015625,267.86328125,286.5390625,240.4609375,0.0,0.0,0.67578125,36.503475189208984
none,1,475,1.0,0.0,1.0,1.0,1.0,1.0,23.109375,90.37109375,98.87109375,81.91015625,93.0703125,266.6796875,286.2734375,241.87890625,0.0,0.0,0.625,36.67270278930664
none,1,476,1.0,0.0,1.0,1.0,1.0,1.0,24.39453125,89.93359375,96.5546875,82.8671875,97.41796875,266.1171875,281.05859375,245.10546875,0.0,0.0,0.59765625,36.06919479370117
none,1,477,1.0,0.0,1.0,1.0,1.0,1.0,23.84375,90.7578125,98.0234375,82.03515625,96.09375,266.9921875,284.00390625,244.4296875,0.0,0.0,0.59375,36.27228927612305
none,1,478,1.0,0.0,1.0,1.0,1.0,1.0,23.8359375,91.16796875,96.96484375,82.11328125,94.87890625,269.49609375,280.84375,242.38671875,0.0,0.0,0.58203125,36.25952911376953
none,1,479,1.0,0.0,1.0,1.0,1.0,1.0,24.42578125,90.99609375,97.65234375,83.4921875,97.33203125,267.46875,283.80859375,247.90625,0.0,0.0,0.609375,36.641414642333984
none,1,480,1.0,0.0,1.0,1.0,1.0,1.0,23.45703125,90.390625,96.03125,84.5078125,94.94140625,265.30078125,279.73046875,250.07421875,0.0,0.0,0.66796875,36.404842376708984
none,1,481,1.0,0.0,1.0,1.0,1.0,1.0,23.359375,90.37890625,98.0703125,82.98828125,95.6171875,266.8515625,285.98046875,245.30078125,0.0,0.0,0.6796875,36.33995056152344
none,1,482,1.0,0.0,1.0,1.0,1.0,1.0,23.3515625,90.51953125,97.98828125,81.8984375,94.10546875,266.74609375,285.25,242.234375,0.0,0.0,0.6484375,36.58916473388672
none,1,483,1.0,0.0,1.0,1.0,1.0,1.0,23.60546875,91.51171875,97.98046875,82.96484375,94.765625,269.56640625,283.8359375,244.40625,0.0,0.0,0.61328125,36.7787971496582
none,1,484,1.0,0.0,1.0,1.0,1.0,1.0,24.140625,90.3828125,97.4921875,81.47265625,97.55078125,266.1015625,282.8125,241.13671875,0.0,0.0,0.66796875,36.24248504638672
none,1,485,1.0,0.0,1.0,1.0,1.0,1.0,23.09375,91.15625,98.5234375,81.265625,94.01171875,270.12109375,287.0625,239.74609375,0.0,0.0,0.58203125,36.62873458862305
none,1,486,1.0,0.0,1.0,1.0,1.0,1.0,23.67578125,90.91015625,97.38671875,82.9765625,95.75390625,267.7265625,283.84375,246.6875,0.0,0.0,0.63671875,36.71358108520508
none,1,487,1.0,0.0,1.0,1.0,1.0,1.0,24.32421875,90.96875,98.76953125,82.8125,96.60546875,266.3359375,286.26171875,243.99609375,0.0,0.0,0.63671875,36.576717376708984
none,1,488,1.0,0.0,1.0,1.0,1.0,1.0,24.06640625,90.859375,98.03515625,83.20703125,96.0546875,265.52734375,284.87890625,246.1484375,0.0,0.0,0.578125,36.74955368041992
none,1,489,1.0,0.0,1.0,1.0,1.0,1.0,24.84375,90.51953125,98.5390625,83.546875,99.20703125,265.546875,285.2109375,247.0859375,0.0,0.0,0.625,36.52281951904297
none,1,490,1.0,0.0,1.0,1.0,1.0,1.0,23.57421875,90.5,97.8359375,83.80078125,95.65625,264.78125,283.63671875,246.6640625,0.0,0.0,0.640625,36.576812744140625
none,1,491,1.0,0.0,1.0,1.0,1.0,1.0,23.26171875,89.5390625,99.89453125,83.69921875,94.19921875,262.28515625,290.56640625,247.53125,0.0,0.0,0.5390625,37.03875732421875
none,1,492,1.0,0.0,1.0,1.0,1.0,1.0,24.08203125,90.62890625,98.52734375,83.3984375,96.85546875,266.75390625,285.19140625,246.5703125,0.0,0.0,0.62890625,36.70093536376953
none,1,493,1.0,0.0,1.0,1.0,1.0,1.0,23.51171875,91.0078125,98.78125,83.21875,94.07421875,268.00390625,286.32421875,245.4140625,0.0,0.0,0.69921875,36.75838088989258
none,1,494,1.0,0.0,1.0,1.0,1.0,1.0,23.37890625,93.125,97.85546875,82.76953125,94.6015625,273.40625,284.328125,245.8046875,0.0,0.0,0.640625,36.97346496582031
none,1,495,1.0,0.0,1.0,1.0,1.0,1.0,22.9375,92.2578125,97.7578125,83.0390625,93.36328125,272.4453125,285.234375,245.78125,0.0,0.0,0.5703125,36.948970794677734
none,1,496,1.0,0.0,1.0,1.0,1.0,1.0,23.01171875,91.41796875,98.59375,82.1875,93.03515625,268.6953125,287.34765625,243.34375,0.0,0.0,0.54296875,36.7185173034668
none,1,497,1.0,0.0,1.0,1.0,1.0,1.0,22.52734375,92.5078125,98.76171875,81.8984375,90.609375,274.56640625,287.83984375,243.26171875,0.0,0.0,0.609375,37.21247863769531
none,1,498,1.0,0.0,1.0,1.0,1.0,1.0,22.8359375,91.8203125,98.9375,83.33203125,92.70703125,271.2578125,286.35546875,245.62109375,0.0,0.0,0.578125,37.05188751220703
none,1,499,1.0,0.0,1.0,1.0,1.0,1.0,23.5703125,91.265625,98.82421875,84.17578125,95.2109375,269.2265625,286.23828125,248.8359375,0.0,0.0,0.609375,37.05476379394531
none,1,500,1.0,0.0,1.0,1.0,1.0,1.0,23.89453125,91.32421875,97.9921875,84.00390625,96.125,268.8828125,284.1640625,247.8671875,0.0,0.0,0.5234375,36.8371467590332
none,1,501,1.0,0.0,1.0,1.0,1.0,1.0,23.203125,91.72265625,99.59375,84.1953125,92.546875,269.0390625,287.0078125,248.0625,0.0,0.0,0.61328125,37.19552230834961
none,1,502,1.0,0.0,1.0,1.0,1.0,1.0,23.0546875,92.328125,100.30078125,83.40625,92.33984375,270.15234375,289.55859375,245.796875,0.0,0.0,0.58984375,37.51752853393555
none,1,503,1.0,0.0,1.0,1.0,1.0,1.0,24.3984375,90.98046875,99.171875,84.25390625,97.58203125,265.609375,287.49609375,247.390625,0.0,0.0,0.53125,37.02801513671875
none,1,504,1.0,0.0,1.0,1.0,1.0,1.0,23.05078125,91.1640625,98.82421875,84.8046875,92.79296875,265.91015625,286.86328125,249.8125,0.0,0.0,0.59765625,37.227149963378906
none,1,505,1.0,0.0,1.0,1.0,1.0,1.0,22.8984375,91.33203125,99.6484375,84.08203125,91.12890625,267.0,287.67578125,248.2109375,0.0,0.0,0.61328125,37.18240737915039
none,1,506,1.0,0.0,1.0,1.0,1.0,1.0,23.203125,91.05078125,98.88671875,82.8046875,91.65625,267.30859375,285.6796875,244.04296875,0.0,0.0,0.6484375,36.78404998779297
none,1,507,1.0,0.0,1.0,1.0,1.0,1.0,22.5859375,91.70703125,99.73046875,82.98828125,90.29296875,269.6171875,287.80859375,242.97265625,0.0,0.0,0.67578125,37.284271240234375
none,1,508,1.0,0.0,1.0,1.0,1.0,1.0,22.953125,91.80859375,98.72265625,83.296875,92.0546875,268.390625,283.875,246.609375,0.0,0.0,0.609375,37.13117980957031
none,1,509,1.0,0.0,1.0,1.0,1.0,1.0,22.9765625,92.8203125,98.4921875,83.6953125,93.9375,271.38671875,284.30859375,246.5390625,0.0,0.0,0.52734375,37.419189453125
none,1,510,1.0,0.0,1.0,1.0,1.0,1.0,23.2265625,92.18359375,98.984375,83.921875,92.70703125,268.765625,286.25,247.1640625,0.0,0.0,0.62109375,37.26560974121094
none,1,511,1.0,0.0,1.0,1.0,1.0,1.0,23.41015625,91.796875,98.74609375,83.13671875,92.71875,268.44921875,283.8828125,244.60546875,0.0,0.0,0.70703125,37.18241500854492
none,1,512,1.0,0.0,1.0,1.0,1.0,1.0,22.796875,93.16796875,98.890625,83.1328125,92.4609375,272.2265625,286.6796875,244.60546875,0.0,0.0,0.6328125,37.294158935546875
none,1,513,1.0,0.0,1.0,1.0,1.0,1.0,23.2109375,91.3203125,99.23046875,84.68359375,93.7578125,266.453125,285.48828125,249.1484375,0.0,0.0,0.69921875,37.20820617675781
none,1,514,1.0,0.0,1.0,1.0,1.0,1.0,22.86328125,90.3984375,99.171875,85.12109375,92.24609375,263.49609375,286.56640625,251.47265625,0.0,0.0,0.66015625,37.318519592285156
none,1,515,1.0,0.0,1.0,1.0,1.0,1.0,22.9453125,91.23046875,98.41015625,85.63671875,94.140625,267.19140625,283.4453125,252.12890625,0.0,0.0,0.609375,37.405662536621094
none,1,516,1.0,0.0,1.0,1.0,1.0,1.0,23.3984375,91.3125,99.9453125,83.79296875,94.45703125,266.8984375,287.59375,246.7734375,0.0,0.0,0.6484375,37.18831253051758
none,1,517,1.0,0.0,1.0,1.0,1.0,1.0,23.140625,92.62109375,99.8984375,84.359375,91.89453125,270.578125,289.26171875,244.4921875,0.0,0.0,0.5546875,37.578773498535156
none,1,518,1.0,0.0,1.0,1.0,1.0,1.0,22.4375,92.42578125,100.078125,84.078125,91.1484375,268.38671875,286.3671875,245.75390625,0.0,0.0,0.66015625,37.69509506225586
none,1,519,1.0,0.0,1.0,1.0,1.0,1.0,22.875,92.57421875,98.91796875,84.734375,92.1015625,270.01953125,285.125,248.83984375,0.0,0.0,0.51953125,37.554420471191406
none,1,520,1.0,0.0,1.0,1.0,1.0,1.0,23.5703125,92.59765625,98.5859375,83.2890625,94.55078125,270.65625,284.15234375,244.87109375,0.0,0.0,0.6015625,37.320404052734375
none,1,521,1.0,0.0,1.0,1.0,1.0,1.0,22.8828125,93.52734375,99.3828125,83.55078125,93.1328125,276.14453125,286.546875,246.4296875,0.0,0.0,0.5625,37.63405227661133
none,1,522,1.0,0.0,1.0,1.0,1.0,1.0,22.40234375,92.671875,100.12890625,83.55859375,91.91015625,271.421875,288.0,244.41015625,0.0,0.0,0.6015625,37.655784606933594
none,1,523,1.0,0.0,1.0,1.0,1.0,1.0,22.41796875,94.2421875,99.328125,84.609375,91.1953125,275.7421875,288.65625,248.77734375,0.0,0.0,0.4765625,37.880958557128906
none,1,524,1.0,0.0,1.0,1.0,1.0,1.0,22.6015625,92.73046875,99.56640625,82.9609375,91.4765625,272.109375,288.5078125,242.69140625,0.0,0.0,0.609375,37.551429748535156
none,1,525,1.0,0.0,1.0,1.0,1.0,1.0,22.9296875,92.10546875,100.01953125,85.25390625,92.76171875,267.17578125,289.54296875,249.5,0.0,0.0,0.671875,37.684959411621094
none,1,526,1.0,0.0,1.0,1.0,1.0,1.0,22.578125,92.3984375,99.765625,85.07421875,92.22265625,268.18359375,286.6953125,248.390625,0.0,0.0,0.5625,37.68536376953125
none,1,527,1.0,0.0,1.0,1.0,1.0,1.0,22.2578125,93.015625,101.7890625,83.62890625,88.57421875,273.20703125,293.953125,245.52734375,0.0,0.0,0.51953125,38.05423355102539
none,1,528,1.0,0.0,1.0,1.0,1.0,1.0,22.34765625,92.69921875,100.6640625,83.85546875,91.5078125,270.65234375,290.9921875,246.98828125,0.0,0.0,0.62109375,37.70199966430664
none,1,529,1.0,0.0,1.0,1.0,1.0,1.0,22.265625,93.15234375,100.19921875,85.01953125,89.53125,271.3515625,288.02734375,250.62109375,0.0,0.0,0.65234375,37.96916198730469
none,1,530,1.0,0.0,1.0,1.0,1.0,1.0,22.41796875,92.640625,100.625,84.9140625,92.03515625,269.515625,289.6953125,248.92578125,0.0,0.0,0.59375,37.96027755737305
none,1,531,1.0,0.0,1.0,1.0,1.0,1.0,22.5859375,92.69140625,101.6484375,84.9921875,91.4921875,268.8984375,292.1875,250.359375,0.0,0.0,0.640625,38.062618255615234
none,1,532,1.0,0.0,1.0,1.0,1.0,1.0,22.80859375,91.890625,101.7109375,84.8125,92.0546875,267.7734375,294.421875,249.72265625,0.0,0.0,0.56640625,37.96220397949219
none,1,533,1.0,0.0,1.0,1.0,1.0,1.0,22.03515625,93.68359375,100.078125,83.76171875,89.7578125,273.07421875,289.1640625,246.9296875,0.0,0.0,0.578125,37.85639190673828
none,1,534,1.0,0.0,1.0,1.0,1.0,1.0,22.484375,92.0234375,100.4140625,85.1640625,93.140625,270.70703125,289.1796875,249.7578125,0.0,0.0,0.5078125,37.95026779174805
none,1,535,1.0,0.0,1.0,1.0,1.0,1.0,22.7265625,93.6640625,100.4921875,84.62109375,91.25390625,274.91796875,290.2734375,247.82421875,0.0,0.0,0.5546875,38.068702697753906
none,1,536,1.0,0.0,1.0,1.0,1.0,1.0,22.42578125,93.203125,101.2578125,84.03125,90.125,272.08203125,290.9296875,249.0859375,0.0,0.0,0.56640625,38.046966552734375
none,1,537,1.0,0.0,1.0,1.0,1.0,1.0,21.96484375,93.50390625,100.92578125,83.4921875,90.1875,273.42578125,291.0234375,244.71484375,0.0,0.0,0.484375,38.150672912597656
none,1,538,1.0,0.0,1.0,1.0,1.0,1.0,22.125,95.12109375,100.37890625,83.2265625,89.84765625,279.44921875,288.94140625,244.42578125,0.0,0.0,0.6171875,38.188072204589844
none,1,539,1.0,0.0,1.0,1.0,1.0,1.0,21.359375,93.6171875,101.6640625,84.13671875,88.66015625,274.52734375,292.2265625,247.46484375,0.0,0.0,0.5,38.41146469116211
none,1,540,1.0,0.0,1.0,1.0,1.0,1.0,22.01171875,94.12890625,101.29296875,84.05859375,90.68359375,276.328125,292.69921875,246.875,0.0,0.0,0.5625,38.103240966796875
none,1,541,1.0,0.0,1.0,1.0,1.0,1.0,21.8515625,94.3046875,100.65234375,85.0078125,88.93359375,275.51953125,288.15625,250.16796875,0.0,0.0,0.5625,38.2744255065918
none,1,542,1.0,0.0,1.0,1.0,1.0,1.0,22.7265625,93.66015625,100.44140625,84.6875,91.59375,273.3984375,289.94140625,249.5546875,0.0,0.0,0.55078125,37.91654968261719
none,1,543,1.0,0.0,1.0,1.0,1.0,1.0,22.46484375,94.140625,100.26953125,84.7421875,90.5234375,274.91796875,288.4375,249.68359375,0.0,0.0,0.5390625,38.22524642944336
none,1,544,1.0,0.0,1.0,1.0,1.0,1.0,22.46875,93.1484375,101.03515625,85.19921875,89.97265625,269.76953125,291.2890625,251.3984375,0.0,0.0,0.5546875,38.262855529785156
none,1,545,1.0,0.0,1.0,1.0,1.0,1.0,22.1875,94.390625,100.55078125,84.65234375,90.140625,277.0703125,288.9140625,249.20703125,0.0,0.0,0.57421875,38.195167541503906
none,1,546,1.0,0.0,1.0,1.0,1.0,1.0,21.7890625,94.4453125,101.46875,85.6484375,88.2109375,274.74609375,293.96484375,253.26953125,0.0,0.0,0.53125,38.749019622802734
none,1,547,1.0,0.0,1.0,1.0,1.0,1.0,22.2578125,91.828125,100.90625,86.53125,90.32421875,269.15234375,290.8046875,254.5078125,0.0,0.0,0.546875,38.19511413574219
none,1,548,1.0,0.0,1.0,1.0,1.0,1.0,22.44921875,93.44921875,100.65625,85.2578125,90.6171875,271.25390625,289.9453125,250.71875,0.0,0.0,0.55078125,38.01921463012695
none,1,549,1.0,0.0,1.0,1.0,1.0,1.0,22.19921875,94.13671875,100.6953125,85.36328125,89.39453125,275.21484375,288.51953125,249.55078125,0.0,0.0,0.59375,38.327720642089844
none,1,550,1.0,0.0,1.0,1.0,1.0,1.0,21.82421875,95.2421875,102.58203125,84.55859375,88.484375,277.046875,293.77734375,247.671875,0.0,0.0,0.578125,38.72752380371094
none,1,551,1.0,0.0,1.0,1.0,1.0,1.0,21.078125,95.4609375,100.99609375,83.05078125,87.57421875,279.9609375,289.9296875,242.484375,0.0,0.0,0.5625,38.27635955810547
none,1,552,1.0,0.0,1.0,1.0,1.0,1.0,21.6328125,95.05078125,101.3203125,85.18359375,88.97265625,277.61328125,290.7890625,249.41796875,0.0,0.0,0.57421875,38.60419464111328
none,1,553,1.0,0.0,1.0,1.0,1.0,1.0,21.671875,94.18359375,101.0078125,85.94921875,88.328125,274.015625,291.8828125,252.546875,0.0,0.0,0.43359375,38.52114486694336
none,1,554,1.0,0.0,1.0,1.0,1.0,1.0,22.37109375,93.70703125,102.640625,86.2734375,90.17578125,274.74609375,293.0625,251.609375,0.0,0.0,0.48046875,38.692298889160156
none,1,555,1.0,0.0,1.0,1.0,1.0,1.0,22.73828125,95.578125,102.23828125,85.1796875,91.94921875,278.55078125,290.1484375,248.3046875,0.0,0.0,0.54296875,38.805397033691406
none,1,556,1.0,0.0,1.0,1.0,1.0,1.0,21.46484375,93.8515625,102.0625,86.9921875,87.421875,275.45703125,291.43359375,254.34765625,0.0,0.0,0.49609375,38.742916107177734
none,1,557,1.0,0.0,1.0,1.0,1.0,1.0,21.859375,95.3828125,100.75,84.57421875,89.1015625,278.09765625,286.0546875,246.42578125,0.0,0.0,0.5703125,38.39724349975586
none,1,558,1.0,0.0,1.0,1.0,1.0,1.0,21.6875,94.03125,100.96875,86.75,89.5234375,272.90625,288.6875,253.91015625,0.0,0.0,0.49609375,38.709285736083984
none,1,559,1.0,0.0,1.0,1.0,1.0,1.0,21.2578125,94.09765625,101.203125,87.0234375,89.109375,273.76953125,289.11328125,254.15234375,0.0,0.0,0.59765625,38.80375289916992
none,1,560,1.0,0.0,1.0,1.0,1.0,1.0,21.9140625,95.34765625,100.78125,85.4609375,89.734375,278.9140625,290.72265625,250.390625,0.0,0.0,0.5859375,38.58232498168945
none,1,561,1.0,0.0,1.0,1.0,1.0,1.0,21.48828125,94.59765625,102.2109375,85.8046875,88.9375,276.08984375,292.25,249.796875,0.0,0.0,0.671875,38.8623161315918
none,1,562,1.0,0.0,1.0,1.0,1.0,1.0,21.35546875,95.5,102.0625,86.3984375,88.765625,278.26171875,291.8125,254.10546875,0.0,0.0,0.53515625,39.07238006591797
none,1,563,1.0,0.0,1.0,1.0,1.0,1.0,22.24609375,93.0703125,102.28125,87.94921875,90.76171875,272.14453125,293.03125,256.671875,0.0,0.0,0.53515625,38.95204162597656
none,1,564,1.0,0.0,1.0,1.0,1.0,1.0,21.53125,94.51953125,101.984375,85.44921875,88.015625,275.921875,294.0546875,250.90625,0.0,0.0,0.61328125,38.89674758911133
none,1,565,1.0,0.0,1.0,1.0,1.0,1.0,21.90234375,95.4453125,102.31640625,84.55078125,88.94140625,278.69921875,295.00390625,245.828125,0.0,0.0,0.56640625,38.847412109375
none,1,566,1.0,0.0,1.0,1.0,1.0,1.0,21.140625,94.03515625,103.31640625,85.19921875,87.09765625,274.78515625,298.24609375,248.88671875,0.0,0.0,0.6015625,38.927921295166016
none,1,567,1.0,0.0,1.0,1.0,1.0,1.0,21.7734375,94.3515625,101.92578125,87.1015625,91.0,273.8984375,292.58984375,252.74609375,0.0,0.0,0.55859375,38.97269821166992
none,1,568,1.0,0.0,1.0,1.0,1.0,1.0,20.82421875,95.50390625,102.25390625,84.70703125,86.05078125,277.98046875,294.83203125,246.4296875,0.0,0.0,0.51171875,38.95664596557617
none,1,569,1.0,0.0,1.0,1.0,1.0,1.0,21.52734375,96.1328125,101.82421875,86.08984375,88.30859375,279.7578125,292.40234375,249.83203125,0.0,0.0,0.609375,39.12876892089844
none,1,570,1.0,0.0,1.0,1.0,1.0,1.0,21.96875,96.01953125,102.70703125,86.23828125,89.359375,280.26953125,295.1328125,252.29296875,0.0,0.0,0.54296875,39.176937103271484
none,1,571,1.0,0.0,1.0,1.0,1.0,1.0,21.65625,95.05859375,103.24609375,86.5,89.91796875,276.97265625,295.5546875,252.328125,0.0,0.0,0.5078125,39.3822135925293
none,1,572,1.0,0.0,1.0,1.0,1.0,1.0,21.421875,96.85546875,101.96484375,87.04296875,88.25390625,279.15234375,291.08984375,252.44140625,0.0,0.0,0.52734375,39.3477897644043
none,1,573,1.0,0.0,1.0,1.0,1.0,1.0,21.23828125,95.4140625,102.3359375,87.4453125,87.69921875,276.078125,291.72265625,252.8203125,0.0,0.0,0.5,39.4327507019043
none,1,574,1.0,0.0,1.0,1.0,1.0,1.0,21.734375,96.28515625,101.484375,86.8359375,89.6015625,279.00390625,288.96484375,251.16015625,0.0,0.0,0.5234375,39.22120666503906
none,1,575,1.0,0.0,1.0,1.0,1.0,1.0,21.39453125,95.38671875,104.046875,85.984375,87.1328125,276.73828125,297.3046875,249.34765625,0.0,0.0,0.53125,39.38177490234375
none,1,576,1.0,0.0,1.0,1.0,1.0,1.0,21.84375,96.8671875,103.8203125,85.85546875,88.42578125,279.9140625,295.32421875,249.171875,0.0,0.0,0.56640625,39.49380111694336
none,1,577,1.0,0.0,1.0,1.0,1.0,1.0,21.55078125,96.9140625,102.71484375,85.52734375,88.69140625,281.76953125,292.32421875,247.65234375,0.0,0.0,0.56640625,39.17467498779297
none,1,578,1.0,0.0,1.0,1.0,1.0,1.0,22.078125,95.8203125,102.0,86.328125,89.046875,279.0078125,291.35546875,249.984375,0.0,0.0,0.5234375,39.15308380126953
none,1,579,1.0,0.0,1.0,1.0,1.0,1.0,20.99609375,97.30859375,103.83984375,85.75,85.86328125,283.59765625,296.69921875,248.44140625,0.0,0.0,0.5390625,39.7635612487793
none,1,580,1.0,0.0,1.0,1.0,1.0,1.0,21.37890625,96.5,104.15625,86.08984375,86.26953125,278.75390625,298.03125,250.84375,0.0,0.0,0.5390625,39.490623474121094
none,1,581,1.0,0.0,1.0,1.0,1.0,1.0,21.0078125,97.6328125,102.29296875,85.234375,86.05859375,282.62109375,293.33984375,248.69140625,0.0,0.0,0.515625,39.314064025878906
none,1,582,1.0,0.0,1.0,1.0,1.0,1.0,21.3203125,96.7109375,103.94921875,88.6875,87.41015625,277.703125,297.75390625,256.1640625,0.0,0.0,0.50390625,39.972625732421875
none,1,583,1.0,0.0,1.0,1.0,1.0,1.0,21.13671875,97.3671875,103.1171875,85.890625,86.39453125,282.3203125,293.51171875,249.48046875,0.0,0.0,0.52734375,39.695213317871094
none,1,584,1.0,0.0,1.0,1.0,1.0,1.0,21.6171875,96.046875,104.80859375,86.44921875,87.32421875,277.57421875,299.546875,250.82421875,0.0,0.0,0.53515625,39.762542724609375
none,1,585,1.0,0.0,1.0,1.0,1.0,1.0,21.58203125,98.265625,103.46484375,84.94140625,88.7421875,284.52734375,296.07421875,245.7109375,0.0,0.0,0.52734375,39.748573303222656
none,1,586,1.0,0.0,1.0,1.0,1.0,1.0,21.48046875,96.76171875,102.73828125,87.23046875,87.63671875,279.8515625,293.51171875,252.89453125,0.0,0.0,0.55078125,39.657814025878906
none,1,587,1.0,0.0,1.0,1.0,1.0,1.0,21.30078125,96.69921875,103.23046875,86.21875,87.75390625,280.890625,293.43359375,250.62109375,0.0,0.0,0.4765625,39.51435852050781
none,1,588,1.0,0.0,1.0,1.0,1.0,1.0,20.609375,97.37890625,103.78125,86.34375,85.6796875,282.83203125,296.08984375,251.30078125,0.0,0.0,0.46875,40.146400451660156
none,1,589,1.0,0.0,1.0,1.0,1.0,1.0,20.78515625,95.4140625,104.02734375,88.23046875,87.08203125,277.234375,297.6796875,259.31640625,0.0,0.0,0.5,39.880706787109375
none,1,590,1.0,0.0,1.0,1.0,1.0,1.0,21.09765625,96.87109375,102.28515625,87.2421875,87.60546875,281.55078125,291.25,255.18359375,0.0,0.0,0.484375,39.72270202636719
none,1,591,1.0,0.0,1.0,1.0,1.0,1.0,21.06640625,95.2421875,104.3046875,88.13671875,87.27734375,275.60546875,296.6484375,255.5625,0.0,0.0,0.53125,39.897972106933594
none,1,592,1.0,0.0,1.0,1.0,1.0,1.0,20.79296875,96.40625,103.4375,88.265625,86.48828125,280.7734375,295.69140625,255.4765625,0.0,0.0,0.50390625,39.92250061035156
none,1,593,1.0,0.0,1.0,1.0,1.0,1.0,21.16796875,96.88671875,104.27734375,86.51953125,86.65625,282.15625,297.5625,251.12890625,0.0,0.0,0.51171875,39.85337448120117
none,1,594,1.0,0.0,1.0,1.0,1.0,1.0,20.265625,96.26953125,102.9140625,87.4765625,85.37890625,279.18359375,294.66796875,253.859375,0.0,0.0,0.5859375,39.74273681640625
none,1,595,1.0,0.0,1.0,1.0,1.0,1.0,21.14453125,96.9140625,103.6015625,87.1171875,86.60546875,282.60546875,294.51953125,254.78515625,0.0,0.0,0.44921875,39.78785705566406
none,1,596,1.0,0.0,1.0,1.0,1.0,1.0,21.3515625,96.47265625,103.33984375,85.53125,87.3515625,281.65234375,294.16796875,250.7265625,0.0,0.0,0.4765625,39.429840087890625
none,1,597,1.0,0.0,1.0,1.0,1.0,1.0,20.2890625,97.5,103.3984375,88.078125,85.32421875,281.94140625,295.58203125,257.05078125,0.0,0.0,0.48828125,40.146820068359375
none,1,598,1.0,0.0,1.0,1.0,1.0,1.0,20.59765625,96.890625,104.55078125,86.046875,86.7109375,282.4453125,299.75,249.9140625,0.0,0.0,0.48828125,39.89464569091797
none,1,599,1.0,0.0,1.0,1.0,1.0,1.0,21.59375,96.4453125,103.7578125,88.2109375,89.20703125,279.80859375,295.796875,257.1953125,0.0,0.0,0.4609375,39.99326705932617
none,1,600,1.0,0.0,1.0,1.0,1.0,1.0,20.79296875,97.3984375,105.19921875,86.65234375,86.1171875,282.43359375,299.90625,253.49609375,0.0,0.0,0.4921875,40.12068176269531
none,1,601,1.0,0.0,1.0,1.0,1.0,1.0,21.23828125,96.1640625,103.18359375,88.4765625,87.578125,279.28125,293.3515625,259.546875,0.0,0.0,0.59765625,39.8597526550293
none,1,602,1.0,0.0,1.0,1.0,1.0,1.0,20.0234375,96.70703125,103.98828125,87.6171875,84.328125,279.70703125,295.34375,257.39453125,0.0,0.0,0.4453125,40.1563720703125
none,1,603,1.0,0.0,1.0,1.0,1.0,1.0,21.546875,96.40234375,105.0859375,87.41796875,87.55078125,278.15234375,299.69921875,255.26171875,0.0,0.0,0.51953125,40.08412170410156
none,1,604,1.0,0.0,1.0,1.0,1.0,1.0,20.1796875,97.0625,104.8046875,87.87890625,84.1171875,281.50390625,300.09765625,256.35546875,0.0,0.0,0.56640625,40.352149963378906
none,1,605,1.0,0.0,1.0,1.0,1.0,1.0,20.76953125,96.84765625,104.81640625,86.640625,84.1015625,281.2109375,297.5703125,251.05078125,0.0,0.0,0.43359375,40.16895294189453
none,1,606,1.0,0.0,1.0,1.0,1.0,1.0,21.0390625,97.390625,105.14453125,86.296875,85.3984375,281.53515625,296.76953125,251.3671875,0.0,0.0,0.42578125,40.125701904296875
none,1,607,1.0,0.0,1.0,1.0,1.0,1.0,21.19140625,97.734375,104.55078125,86.27734375,86.66015625,282.7734375,296.07421875,248.4609375,0.0,0.0,0.5,40.09009552001953
none,1,608,1.0,0.0,1.0,1.0,1.0,1.0,20.65234375,98.4921875,105.06640625,87.48046875,84.8984375,285.05078125,298.06640625,252.76171875,0.0,0.0,0.45703125,40.66402816772461
none,1,609,1.0,0.0,1.0,1.0,1.0,1.0,20.67578125,98.51953125,103.1953125,86.7890625,84.84375,286.12890625,292.3671875,250.47265625,0.0,0.0,0.49609375,39.949344635009766
none,1,610,1.0,0.0,1.0,1.0,1.0,1.0,20.41015625,98.0625,105.15625,88.13671875,84.4609375,283.1171875,298.8203125,254.8984375,0.0,0.0,0.40625,40.61457443237305
none,1,611,1.0,0.0,1.0,1.0,1.0,1.0,20.171875,98.796875,103.62109375,87.68359375,83.84375,284.96875,294.43359375,255.265625,0.0,0.0,0.54296875,40.3674201965332
none,1,612,1.0,0.0,1.0,1.0,1.0,1.0,20.10546875,97.51953125,103.28125,88.86328125,82.6640625,282.83984375,293.5703125,255.671875,0.0,0.0,0.52734375,40.33251190185547
none,1,613,1.0,0.0,1.0,1.0,1.0,1.0,20.6796875,97.25390625,104.39453125,88.234375,85.7265625,282.18359375,296.0078125,255.26953125,0.0,0.0,0.4765625,40.56470489501953
none,1,614,1.0,0.0,1.0,1.0,1.0,1.0,20.82421875,98.9453125,103.66015625,87.67578125,85.90625,284.5078125,294.32421875,253.89453125,0.0,0.0,0.46875,40.274574279785156
none,1,615,1.0,0.0,1.0,1.0,1.0,1.0,20.203125,95.69921875,105.75,88.11328125,84.3359375,276.37890625,300.56640625,254.25,0.0,0.0,0.5234375,40.51212692260742
none,1,616,1.0,0.0,1.0,1.0,1.0,1.0,20.390625,97.16015625,104.1640625,88.81640625,84.96484375,279.8125,294.265625,258.12109375,0.0,0.0,0.51171875,40.58360290527344
none,1,617,1.0,0.0,1.0,1.0,1.0,1.0,19.90625,97.8828125,104.16015625,88.63671875,82.9921875,283.10546875,295.27734375,258.8046875,0.0,0.0,0.4921875,40.5489616394043
none,1,618,1.0,0.0,1.0,1.0,1.0,1.0,20.70703125,97.66015625,104.2109375,89.33984375,86.47265625,282.26953125,296.12890625,259.42578125,0.0,0.0,0.546875,40.58374786376953
none,1,619,1.0,0.0,1.0,1.0,1.0,1.0,19.97265625,99.28125,105.24609375,87.61328125,84.05078125,285.87109375,299.5859375,253.46484375,0.0,0.0,0.53125,40.818241119384766
none,1,620,1.0,0.0,1.0,1.0,1.0,1.0,19.99609375,97.5,104.8359375,88.79296875,83.14453125,282.109375,297.671875,257.66015625,0.0,0.0,0.44140625,40.72246551513672
none,1,621,1.0,0.0,1.0,1.0,1.0,1.0,19.9765625,97.953125,105.85546875,87.23046875,82.4375,282.8203125,301.18359375,251.2578125,0.0,0.0,0.46484375,40.75447082519531
none,1,622,1.0,0.0,1.0,1.0,1.0,1.0,20.0234375,100.58203125,105.84765625,86.53125,82.99609375,291.50390625,300.55078125,250.8828125,0.0,0.0,0.47265625,40.834938049316406
none,1,623,1.0,0.0,1.0,1.0,1.0,1.0,20.08984375,99.30078125,104.88671875,87.85546875,84.6796875,288.5234375,299.47265625,255.26171875,0.0,0.0,0.48046875,40.92141342163086
none,1,624,1.0,0.0,1.0,1.0,1.0,1.0,19.6484375,98.81640625,105.18359375,88.35546875,82.0234375,285.28125,296.53515625,254.81640625,0.0,0.0,0.51171875,40.81242370605469
none,1,625,1.0,0.0,1.0,1.0,1.0,1.0,19.31640625,99.28125,105.62109375,87.7734375,81.92578125,286.515625,300.3984375,252.65234375,0.0,0.0,0.54296875,40.97660827636719
none,1,626,1.0,0.0,1.0,1.0,1.0,1.0,19.91015625,99.09375,106.91015625,87.7578125,81.91796875,285.15234375,303.63671875,253.59765625,0.0,0.0,0.45703125,41.04167938232422
none,1,627,1.0,0.0,1.0,1.0,1.0,1.0,20.19140625,98.19140625,105.26171875,88.765625,83.73046875,282.6484375,299.83203125,257.203125,0.0,0.0,0.46875,40.853519439697266
none,1,628,1.0,0.0,1.0,1.0,1.0,1.0,20.30078125,98.31640625,105.73828125,89.32421875,85.62890625,281.18359375,297.81640625,258.859375,0.0,0.0,0.5,41.03108215332031
none,1,629,1.0,0.0,1.0,1.0,1.0,1.0,20.98046875,98.61328125,105.62109375,89.2421875,86.95703125,282.578125,298.67578125,257.58984375,0.0,0.0,0.4375,40.84465789794922
none,1,630,1.0,0.0,1.0,1.0,1.0,1.0,19.8515625,98.8671875,105.33203125,88.3828125,84.3515625,284.98828125,298.7890625,256.64453125,0.0,0.0,0.54296875,40.838096618652344
none,1,631,1.0,0.0,1.0,1.0,1.0,1.0,20.8046875,98.06640625,105.98828125,88.26171875,86.46875,281.19140625,300.71484375,254.57421875,0.0,0.0,0.4921875,40.81577682495117
none,1,632,1.0,0.0,1.0,1.0,1.0,1.0,19.6875,98.1328125,107.12109375,89.625,82.34765625,281.9453125,305.125,259.125,0.0,0.0,0.44921875,41.354888916015625
none,1,633,1.0,0.0,1.0,1.0,1.0,1.0,19.92578125,97.953125,105.66015625,87.87109375,84.65234375,283.0390625,300.9609375,255.16796875,0.0,0.0,0.453125,40.47751235961914
none,1,634,1.0,0.0,1.0,1.0,1.0,1.0,19.109375,99.1484375,105.87109375,87.77734375,79.9140625,286.0625,300.10546875,253.66796875,0.0,0.0,0.49609375,41.104217529296875
none,1,635,1.0,0.0,1.0,1.0,1.0,1.0,20.10546875,97.640625,105.9375,88.4140625,85.015625,283.30859375,301.4140625,255.34375,0.0,0.0,0.51171875,40.843536376953125
none,1,636,1.0,0.0,1.0,1.0,1.0,1.0,20.078125,99.78515625,106.0078125,88.2421875,84.578125,289.10546875,301.828125,254.21875,0.0,0.0,0.4609375,41.253963470458984
none,1,637,1.0,0.0,1.0,1.0,1.0,1.0,20.8046875,99.9453125,105.56640625,88.33203125,86.38671875,289.74609375,300.42578125,256.1875,0.0,0.0,0.45703125,40.84521484375
none,1,638,1.0,0.0,1.0,1.0,1.0,1.0,20.09375,99.53515625,105.48046875,88.4921875,83.59375,288.3046875,300.875,257.3046875,0.0,0.0,0.4765625,41.068939208984375
none,1,639,1.0,0.0,1.0,1.0,1.0,1.0,19.90234375,100.83203125,105.45703125,87.125,83.30859375,292.48046875,300.44140625,252.42578125,0.0,0.0,0.515625,40.96356964111328
none,1,640,1.0,0.0,1.0,1.0,1.0,1.0,20.2265625,100.1796875,106.0390625,88.234375,83.82421875,289.48828125,301.79296875,255.68359375,0.0,0.0,0.40625,41.293251037597656
none,1,641,1.0,0.0,1.0,1.0,1.0,1.0,19.53515625,100.1796875,105.875,88.7421875,83.1484375,289.88671875,299.92578125,257.09765625,0.0,0.0,0.484375,41.361167907714844
none,1,642,1.0,0.0,1.0,1.0,1.0,1.0,19.52734375,100.2578125,105.53515625,89.234375,83.25,289.9453125,299.109375,258.80078125,0.0,0.0,0.44921875,41.370853424072266
none,1,643,1.0,0.0,1.0,1.0,1.0,1.0,19.75390625,99.3828125,106.390625,89.66796875,82.21484375,286.2890625,303.16796875,259.16796875,0.0,0.0,0.4765625,41.27539825439453
none,1,644,1.0,0.0,1.0,1.0,1.0,1.0,19.1953125,98.765625,107.296875,88.90625,81.3359375,284.8515625,304.18359375,255.40234375,0.0,0.0,0.4140625,41.586631774902344
none,1,645,1.0,0.0,1.0,1.0,1.0,1.0,19.96484375,99.37109375,105.984375,89.421875,81.76171875,286.69921875,302.1796875,256.546875,0.0,0.0,0.48046875,41.222900390625
none,1,646,1.0,0.0,1.0,1.0,1.0,1.0,19.69140625,100.5234375,106.41015625,89.2265625,82.17578125,289.5703125,302.6171875,257.37109375,0.0,0.0,0.515625,41.557777404785156
none,1,647,1.0,0.0,1.0,1.0,1.0,1.0,19.46484375,100.27734375,106.6875,89.390625,81.31640625,287.71484375,302.0390625,256.56640625,0.0,0.0,0.41015625,41.5836296081543
none,1,648,1.0,0.0,1.0,1.0,1.0,1.0,19.60546875,99.97265625,106.3515625,89.03125,81.171875,286.81640625,302.0703125,256.375,0.0,0.0,0.4921875,41.6691780090332
none,1,649,1.0,0.0,1.0,1.0,1.0,1.0,20.48046875,98.2890625,105.859375,89.51953125,84.5625,282.171875,300.5390625,257.87109375,0.0,0.0,0.55078125,41.09247589111328
none,1,650,1.0,0.0,1.0,1.0,1.0,1.0,19.94921875,98.18359375,105.90625,89.33984375,83.19921875,282.13671875,299.4375,256.33984375,0.0,0.0,0.50390625,41.1077880859375
none,1,651,1.0,0.0,1.0,1.0,1.0,1.0,19.98828125,100.71875,105.44140625,88.63671875,83.078125,289.328125,299.27734375,253.7578125,0.0,0.0,0.52734375,41.41431427001953
none,1,652,1.0,0.0,1.0,1.0,1.0,1.0,19.1484375,100.8203125,107.3125,88.2265625,81.56640625,290.5546875,303.0703125,254.24609375,0.0,0.0,0.37890625,41.77617645263672
none,1,653,1.0,0.0,1.0,1.0,1.0,1.0,19.796875,99.62890625,106.0625,88.94921875,82.22265625,287.82421875,302.1015625,256.953125,0.0,0.0,0.4453125,41.40285110473633
none,1,654,1.0,0.0,1.0,1.0,1.0,1.0,20.01953125,98.70703125,106.7890625,89.921875,83.90234375,284.84375,304.30859375,260.09765625,0.0,0.0,0.4296875,41.4478645324707
none,1,655,1.0,0.0,1.0,1.0,1.0,1.0,19.6796875,100.84765625,106.578125,89.390625,81.83984375,290.015625,301.9765625,258.609375,0.0,0.0,0.35546875,41.841636657714844
none,1,656,1.0,0.0,1.0,1.0,1.0,1.0,19.53125,101.75,106.5703125,88.78125,82.3828125,293.58984375,301.5546875,256.58203125,0.0,0.0,0.48828125,41.80876541137695
none,1,657,1.0,0.0,1.0,1.0,1.0,1.0,19.85546875,99.8203125,107.9140625,88.359375,82.75390625,289.109375,305.1640625,253.43359375,0.0,0.0,0.453125,41.6270866394043
none,1,658,1.0,0.0,1.0,1.0,1.0,1.0,19.125,101.03515625,107.28515625,89.26953125,81.0078125,291.10546875,303.921875,256.1953125,0.0,0.0,0.47265625,41.969512939453125
none,1,659,1.0,0.0,1.0,1.0,1.0,1.0,19.9375,99.3671875,106.41796875,90.43359375,84.1640625,284.8671875,300.53515625,260.8125,0.0,0.0,0.40625,41.469303131103516
none,1,660,1.0,0.0,1.0,1.0,1.0,1.0,19.32421875,99.828125,106.90625,89.9609375,83.40625,286.6484375,303.62890625,260.46875,0.0,0.0,0.4375,41.83367156982422
none,1,661,1.0,0.0,1.0,1.0,1.0,1.0,19.85546875,99.5234375,107.14453125,89.89453125,83.90234375,284.7109375,302.66015625,258.15625,0.0,0.0,0.40234375,41.586875915527344
none,1,662,1.0,0.0,1.0,1.0,1.0,1.0,19.1015625,99.17578125,107.93359375,89.1875,80.2421875,285.2109375,306.93359375,256.92578125,0.0,0.0,0.49609375,41.658905029296875
none,1,663,1.0,0.0,1.0,1.0,1.0,1.0,19.71484375,99.5859375,108.3359375,88.30078125,83.6796875,286.46484375,306.00390625,254.0859375,0.0,0.0,0.51953125,41.640777587890625
none,1,664,1.0,0.0,1.0,1.0,1.0,1.0,19.55078125,99.76171875,107.58984375,88.2109375,83.5390625,289.37890625,304.55859375,255.265625,0.0,0.0,0.41015625,41.62626647949219
none,1,665,1.0,0.0,1.0,1.0,1.0,1.0,19.921875,99.38671875,108.64453125,89.9765625,84.046875,285.44140625,306.37109375,259.28125,0.0,0.0,0.4765625,41.87226867675781
none,1,666,1.0,0.0,1.0,1.0,1.0,1.0,20.12890625,99.125,107.6796875,89.91015625,84.3671875,284.31640625,305.47265625,258.83203125,0.0,0.0,0.54296875,41.741268157958984
none,1,667,1.0,0.0,1.0,1.0,1.0,1.0,19.62890625,99.88671875,106.6796875,88.75,81.75390625,287.984375,302.046875,256.1640625,0.0,0.0,0.4140625,41.477256774902344
none,1,668,1.0,0.0,1.0,1.0,1.0,1.0,19.9921875,100.6328125,106.77734375,90.34765625,83.53125,289.33203125,300.98046875,260.77734375,0.0,0.0,0.4296875,41.88751983642578
none,1,669,1.0,0.0,1.0,1.0,1.0,1.0,19.75,100.76953125,104.65625,90.10546875,83.84375,288.859375,294.8828125,260.34765625,0.0,0.0,0.51171875,41.45508575439453
none,1,670,1.0,0.0,1.0,1.0,1.0,1.0,18.984375,102.06640625,107.25,89.421875,80.3046875,293.578125,303.359375,255.3515625,0.0,0.0,0.4296875,42.189727783203125
none,1,671,1.0,0.0,1.0,1.0,1.0,1.0,18.69140625,100.62890625,107.9375,89.13671875,79.203125,289.1640625,305.23828125,258.66015625,0.0,0.0,0.4296875,41.991188049316406
none,1,672,1.0,0.0,1.0,1.0,1.0,1.0,19.078125,102.02734375,107.1171875,89.55859375,81.6796875,293.3984375,302.078125,256.73046875,0.0,0.0,0.41796875,42.14841079711914
none,1,673,1.0,0.0,1.0,1.0,1.0,1.0,19.16796875,101.44140625,106.84375,88.33203125,80.3828125,292.0859375,302.5625,254.640625,0.0,0.0,0.37109375,41.907318115234375
none,1,674,1.0,0.0,1.0,1.0,1.0,1.0,19.11328125,100.859375,108.421875,89.08984375,79.6484375,290.37890625,304.62890625,257.04296875,0.0,0.0,0.5,42.1294059753418
none,1,675,1.0,0.0,1.0,1.0,1.0,1.0,18.55078125,101.578125,107.234375,88.4921875,78.97265625,290.59375,302.79296875,255.91015625,0.0,0.0,0.40625,41.993408203125
none,1,676,1.0,0.0,1.0,1.0,1.0,1.0,19.07421875,100.55859375,108.2578125,89.9140625,81.55859375,287.6328125,305.5703125,259.89453125,0.0,0.0,0.3984375,42.26523971557617
none,1,677,1.0,0.0,1.0,1.0,1.0,1.0,19.21875,99.91015625,108.703125,90.48828125,80.95703125,285.54296875,307.40234375,260.94921875,0.0,0.0,0.390625,42.144081115722656
none,1,678,1.0,0.0,1.0,1.0,1.0,1.0,18.91796875,101.31640625,107.58984375,89.89453125,80.66015625,290.94140625,304.96484375,259.16015625,0.0,0.0,0.4609375,42.226715087890625
none,1,679,1.0,0.0,1.0,1.0,1.0,1.0,19.15625,101.09765625,107.70703125,90.046875,80.74609375,291.90625,305.125,260.26953125,0.0,0.0,0.38671875,42.106754302978516
none,1,680,1.0,0.0,1.0,1.0,1.0,1.0,18.91015625,101.96875,108.21484375,89.53515625,80.5859375,294.78515625,305.6875,258.7421875,0.0,0.0,0.40625,42.447017669677734
none,1,681,1.0,0.0,1.0,1.0,1.0,1.0,19.71875,101.95703125,106.62890625,91.04296875,82.90234375,292.23828125,300.6328125,263.49609375,0.0,0.0,0.4453125,42.074363708496094
none,1,682,1.0,0.0,1.0,1.0,1.0,1.0,18.7109375,101.046875,107.21875,89.515625,80.70703125,291.26953125,303.703125,259.265625,0.0,0.0,0.47265625,42.14228820800781
none,1,683,1.0,0.0,1.0,1.0,1.0,1.0,18.48828125,100.89453125,107.79296875,90.4453125,81.39453125,289.18359375,306.01171875,261.72265625,0.0,0.0,0.4921875,42.29475402832031
none,1,684,1.0,0.0,1.0,1.0,1.0,1.0,18.46484375,100.1875,108.2734375,91.44140625,79.0390625,288.8125,307.53515625,262.01953125,0.0,0.0,0.43359375,42.413780212402344
none,1,685,1.0,0.0,1.0,1.0,1.0,1.0,18.359375,100.8828125,108.91015625,89.9296875,77.8359375,291.2421875,309.21875,259.84375,0.0,0.0,0.41796875,42.473487854003906
none,1,686,1.0,0.0,1.0,1.0,1.0,1.0,19.04296875,102.7265625,108.32421875,89.19140625,81.66796875,296.2109375,307.890625,257.40625,0.0,0.0,0.4765625,42.42999267578125
none,1,687,1.0,0.0,1.0,1.0,1.0,1.0,18.9609375,100.71875,107.546875,91.10546875,82.0390625,290.05078125,303.7578125,261.875,0.0,0.0,0.4453125,42.338134765625
none,1,688,1.0,0.0,1.0,1.0,1.0,1.0,18.59375,100.44921875,108.203125,91.3671875,81.1484375,288.3671875,304.734375,262.98046875,0.0,0.0,0.45703125,42.436668395996094
none,1,689,1.0,0.0,1.0,1.0,1.0,1.0,18.3203125,101.328125,109.64453125,90.87890625,79.03515625,290.09375,309.26171875,260.2109375,0.0,0.0,0.42578125,42.727752685546875
none,1,690,1.0,0.0,1.0,1.0,1.0,1.0,19.12109375,101.0625,108.8984375,90.63671875,81.5625,288.1171875,306.31640625,259.94921875,0.0,0.0,0.5078125,42.601863861083984
none,1,691,1.0,0.0,1.0,1.0,1.0,1.0,18.6328125,101.89453125,107.7109375,91.421875,80.52734375,290.765625,304.50390625,262.01953125,0.0,0.0,0.41015625,42.5906982421875
none,1,692,1.0,0.0,1.0,1.0,1.0,1.0,18.37109375,101.39453125,109.83203125,90.23828125,78.2578125,290.41015625,310.2890625,258.3828125,0.0,0.0,0.43359375,42.70382308959961
none,1,693,1.0,0.0,1.0,1.0,1.0,1.0,18.51953125,102.625,108.77734375,91.33203125,79.69140625,293.140625,305.44140625,261.3203125,0.0,0.0,0.4296875,42.81684875488281
none,1,694,1.0,0.0,1.0,1.0,1.0,1.0,18.21484375,102.28515625,109.06640625,89.9140625,77.8984375,291.43359375,307.0,258.6484375,0.0,0.0,0.4765625,42.69559860229492
none,1,695,1.0,0.0,1.0,1.0,1.0,1.0,18.078125,102.828125,108.91015625,89.29296875,77.859375,295.29296875,308.15234375,256.75,0.0,0.0,0.46484375,42.818565368652344
none,1,696,1.0,0.0,1.0,1.0,1.0,1.0,18.98828125,102.046875,108.48046875,89.96875,80.41015625,294.29296875,305.19921875,258.1015625,0.0,0.0,0.41015625,42.3974723815918
none,1,697,1.0,0.0,1.0,1.0,1.0,1.0,18.19921875,101.3046875,110.19140625,90.8203125,77.89453125,289.6171875,310.88671875,260.0546875,0.0,0.0,0.4140625,42.81929016113281
none,1,698,1.0,0.0,1.0,1.0,1.0,1.0,18.10546875,101.58984375,109.6328125,89.984375,77.16015625,292.57421875,310.64453125,258.2578125,0.0,0.0,0.41015625,42.73064422607422
none,1,699,1.0,0.0,1.0,1.0,1.0,1.0,18.73828125,102.125,109.81640625,92.20703125,78.7109375,291.85546875,310.72265625,265.015625,0.0,0.0,0.4296875,43.07441329956055
none,1,700,1.0,0.0,1.0,1.0,1.0,1.0,18.12890625,101.76171875,109.984375,91.21875,77.2265625,291.26953125,310.73046875,263.05859375,0.0,0.0,0.41015625,42.972503662109375
none,1,701,1.0,0.0,1.0,1.0,1.0,1.0,18.84765625,101.83984375,107.79296875,90.46484375,80.19921875,290.6875,304.5859375,258.7109375,0.0,0.0,0.42578125,42.514007568359375
none,1,702,1.0,0.0,1.0,1.0,1.0,1.0,17.734375,101.89453125,108.5078125,90.5703125,77.03125,291.3359375,306.0859375,259.21875,0.0,0.0,0.453125,42.71674728393555
none,1,703,1.0,0.0,1.0,1.0,1.0,1.0,18.359375,102.73046875,109.359375,88.82421875,79.078125,295.015625,306.74609375,253.25,0.0,0.0,0.44140625,42.74159240722656
none,1,704,1.0,0.0,1.0,1.0,1.0,1.0,18.69921875,101.734375,108.47265625,90.76953125,79.5078125,290.24609375,303.6484375,260.3515625,0.0,0.0,0.44921875,42.579864501953125
none,1,705,1.0,0.0,1.0,1.0,1.0,1.0,18.21875,103.91796875,108.66015625,90.80859375,78.3359375,298.31640625,305.640625,259.7578125,0.0,0.0,0.42578125,43.115474700927734
none,1,706,1.0,0.0,1.0,1.0,1.0,1.0,18.171875,103.02734375,108.1484375,91.6875,77.01953125,292.06640625,305.125,264.1484375,0.0,0.0,0.3671875,43.01127243041992
none,1,707,1.0,0.0,1.0,1.0,1.0,1.0,18.5,103.1171875,109.42578125,90.85546875,79.9453125,295.57421875,306.46484375,261.6484375,0.0,0.0,0.41015625,43.09532928466797
none,1,708,1.0,0.0,1.0,1.0,1.0,1.0,18.6796875,102.1015625,107.75390625,91.4765625,80.8671875,291.96875,304.05859375,263.58203125,0.0,0.0,0.44921875,42.78356170654297
none,1,709,1.0,0.0,1.0,1.0,1.0,1.0,18.34375,102.14453125,108.4609375,92.54296875,79.39453125,292.8828125,305.6171875,263.9140625,0.0,0.0,0.453125,42.816062927246094
none,1,710,1.0,0.0,1.0,1.0,1.0,1.0,18.47265625,100.64453125,108.00390625,92.19140625,80.125,286.8125,304.48046875,266.671875,0.0,0.0,0.40234375,42.64236068725586
none,1,711,1.0,0.0,1.0,1.0,1.0,1.0,17.78125,101.85546875,109.25390625,91.15625,77.91015625,293.7578125,308.1875,262.0,0.0,0.0,0.3984375,43.07872772216797
none,1,712,1.0,0.0,1.0,1.0,1.0,1.0,18.09765625,102.1640625,109.3359375,92.69921875,79.66015625,293.04296875,308.57421875,264.875,0.0,0.0,0.48046875,43.077659606933594
none,1,713,1.0,0.0,1.0,1.0,1.0,1.0,18.2421875,102.2265625,109.953125,92.37109375,78.19921875,291.5,310.91015625,266.921875,0.0,0.0,0.35546875,43.169219970703125
none,1,714,1.0,0.0,1.0,1.0,1.0,1.0,17.953125,104.12890625,109.53515625,91.21484375,77.7265625,298.6875,308.93359375,261.8671875,0.0,0.0,0.3359375,43.42234420776367
none,1,715,1.0,0.0,1.0,1.0,1.0,1.0,18.1640625,102.9921875,109.8828125,91.8046875,78.95703125,294.203125,308.67578125,264.5546875,0.0,0.0,0.390625,42.95924377441406
none,1,716,1.0,0.0,1.0,1.0,1.0,1.0,17.71484375,104.36328125,109.13671875,89.81640625,77.28125,300.0546875,307.14453125,257.359375,0.0,0.0,0.421875,42.97159957885742
none,1,717,1.0,0.0,1.0,1.0,1.0,1.0,18.33984375,102.6484375,108.609375,91.6171875,78.7421875,293.375,305.41015625,262.06640625,0.0,0.0,0.4609375,42.88563537597656
none,1,718,1.0,0.0,1.0,1.0,1.0,1.0,17.52734375,102.31640625,109.875,90.94140625,76.8671875,292.3203125,307.66796875,259.796875,0.0,0.0,0.4296875,43.10041427612305
none,1,719,1.0,0.0,1.0,1.0,1.0,1.0,18.2109375,102.91796875,110.359375,90.5078125,79.1171875,294.1015625,310.26953125,258.71484375,0.0,0.0,0.4765625,43.28974151611328
none,1,720,1.0,0.0,1.0,1.0,1.0,1.0,17.6015625,103.79296875,110.11328125,90.65625,78.15234375,297.3828125,309.3359375,260.04296875,0.0,0.0,0.38671875,43.449851989746094
none,1,721,1.0,0.0,1.0,1.0,1.0,1.0,18.20703125,102.84765625,110.07421875,91.40625,78.78515625,293.55859375,309.0390625,263.01953125,0.0,0.0,0.42578125,43.20231628417969
none,1,722,1.0,0.0,1.0,1.0,1.0,1.0,17.1796875,102.71484375,110.09765625,92.29296875,76.2265625,293.9140625,309.8515625,263.578125,0.0,0.0,0.359375,43.55303192138672
none,1,723,1.0,0.0,1.0,1.0,1.0,1.0,18.34375,102.77734375,110.1640625,90.47265625,78.58984375,294.515625,309.98828125,260.3984375,0.0,0.0,0.40625,43.046226501464844
none,1,724,1.0,0.0,1.0,1.0,1.0,1.0,18.07421875,103.296875,109.8046875,90.8046875,77.7734375,294.34765625,309.2734375,260.8515625,0.0,0.0,0.3515625,43.2342643737793
none,1,725,1.0,0.0,1.0,1.0,1.0,1.0,18.0390625,103.578125,108.76171875,91.23828125,78.0546875,294.4453125,306.5,261.1484375,0.0,0.0,0.37109375,43.191162109375
none,1,726,1.0,0.0,1.0,1.0,1.0,1.0,17.78125,101.671875,110.015625,90.80859375,78.16796875,290.796875,310.25,261.74609375,0.0,0.0,0.35546875,43.161033630371094
none,1,727,1.0,0.0,1.0,1.0,1.0,1.0,17.9765625,102.96875,109.796875,91.26171875,78.23828125,293.88671875,308.86328125,262.87890625,0.0,0.0,0.37109375,43.347469329833984
none,1,728,1.0,0.0,1.0,1.0,1.0,1.0,18.09375,103.3671875,109.54296875,91.09375,78.5078125,296.26171875,307.8515625,261.00390625,0.0,0.0,0.4375,43.24248504638672
none,1,729,1.0,0.0,1.0,1.0,1.0,1.0,18.30078125,103.8671875,110.30078125,89.55078125,80.19140625,295.68359375,310.6484375,256.77734375,0.0,0.0,0.39453125,43.040428161621094
none,1,730,1.0,0.0,1.0,1.0,1.0,1.0,17.08984375,104.5234375,108.88671875,90.69140625,76.23046875,300.12890625,306.5703125,258.15625,0.0,0.0,0.40625,43.46173095703125
none,1,731,1.0,0.0,1.0,1.0,1.0,1.0,17.2734375,104.578125,110.51953125,91.04296875,75.17578125,300.92578125,308.1796875,261.375,0.0,0.0,0.40234375,43.67104721069336
none,1,732,1.0,0.0,1.0,1.0,1.0,1.0,17.95703125,103.875,110.51953125,91.203125,76.890625,297.35546875,309.953125,260.60546875,0.0,0.0,0.421875,43.76557540893555
none,1,733,1.0,0.0,1.0,1.0,1.0,1.0,17.71484375,104.4765625,109.5546875,92.546875,76.27734375,298.5703125,307.72265625,265.3359375,0.0,0.0,0.4375,43.746185302734375
none,1,734,1.0,0.0,1.0,1.0,1.0,1.0,17.86328125,105.1328125,110.4921875,89.84765625,76.68359375,299.53515625,308.9921875,256.546875,0.0,0.0,0.40625,43.59422302246094
none,1,735,1.0,0.0,1.0,1.0,1.0,1.0,18.03125,104.74609375,108.4453125,91.99609375,77.28515625,297.7421875,303.70703125,263.10546875,0.0,0.0,0.4921875,43.29792404174805
none,1,736,1.0,0.0,1.0,1.0,1.0,1.0,17.6484375,102.87890625,108.25,92.03125,76.8359375,293.078125,301.33984375,264.87109375,0.0,0.0,0.40625,42.896358489990234
none,1,737,1.0,0.0,1.0,1.0,1.0,1.0,17.21484375,105.75390625,109.703125,91.40625,75.16796875,300.31640625,307.25390625,259.94921875,0.0,0.0,0.390625,43.75263977050781
none,1,738,1.0,0.0,1.0,1.0,1.0,1.0,17.7578125,103.35546875,110.51171875,92.515625,76.48828125,293.734375,308.95703125,263.33203125,0.0,0.0,0.421875,43.387359619140625
none,1,739,1.0,0.0,1.0,1.0,1.0,1.0,17.8046875,103.01953125,109.140625,93.04296875,77.16015625,292.28125,306.0078125,265.328125,0.0,0.0,0.35546875,43.41389465332031
none,1,740,1.0,0.0,1.0,1.0,1.0,1.0,18.10546875,102.74609375,111.37890625,93.3359375,78.31640625,288.9765625,310.09765625,267.18359375,0.0,0.0,0.37890625,43.936256408691406
none,1,741,1.0,0.0,1.0,1.0,1.0,1.0,17.3203125,103.5625,110.55859375,93.4296875,75.85546875,293.71875,309.43359375,266.01953125,0.0,0.0,0.33984375,43.7468376159668
none,1,742,1.0,0.0,1.0,1.0,1.0,1.0,17.36328125,103.51953125,110.453125,92.34375,75.76953125,293.9296875,309.53125,263.15234375,0.0,0.0,0.39453125,43.65869140625
none,1,743,1.0,0.0,1.0,1.0,1.0,1.0,17.31640625,102.5546875,109.70703125,93.55078125,74.63671875,290.3359375,309.19921875,266.92578125,0.0,0.0,0.390625,43.614952087402344
none,1,744,1.0,0.0,1.0,1.0,1.0,1.0,17.62109375,103.6796875,110.78125,95.23046875,77.09765625,292.63671875,310.41015625,271.5390625,0.0,0.0,0.36328125,44.29370880126953
none,1,745,1.0,0.0,1.0,1.0,1.0,1.0,17.2265625,103.77734375,110.06640625,92.65234375,75.390625,295.37890625,309.70703125,262.4140625,0.0,0.0,0.421875,43.65156173706055
none,1,746,1.0,0.0,1.0,1.0,1.0,1.0,17.03125,104.48046875,110.44921875,93.15625,73.83203125,296.44140625,309.6484375,264.28125,0.0,0.0,0.34765625,43.91560363769531
none,1,747,1.0,0.0,1.0,1.0,1.0,1.0,16.3671875,103.5859375,109.94140625,93.20703125,72.71484375,294.66796875,308.7578125,265.49609375,0.0,0.0,0.36328125,43.68781661987305
none,1,748,1.0,0.0,1.0,1.0,1.0,1.0,17.05859375,104.3515625,109.40234375,92.95703125,76.0625,297.57421875,308.7265625,266.30078125,0.0,0.0,0.38671875,43.841209411621094
none,1,749,1.0,0.0,1.0,1.0,1.0,1.0,17.55078125,105.9375,110.91015625,91.78125,75.61328125,301.84375,312.9609375,262.25,0.0,0.0,0.390625,44.15372848510742
none,1,750,1.0,0.0,1.0,1.0,1.0,1.0,16.80078125,104.9921875,111.88671875,92.15625,74.0546875,299.65234375,315.30078125,262.8984375,0.0,0.0,0.38671875,44.257957458496094
none,1,751,1.0,0.0,1.0,1.0,1.0,1.0,17.07421875,104.45703125,110.24609375,93.25,75.50390625,296.33203125,312.11328125,267.4765625,0.0,0.0,0.45703125,43.950103759765625
none,1,752,1.0,0.0,1.0,1.0,1.0,1.0,17.0,104.3984375,111.87109375,92.95703125,75.31640625,297.2734375,314.37890625,263.52734375,0.0,0.0,0.41015625,44.21355438232422
none,1,753,1.0,0.0,1.0,1.0,1.0,1.0,17.609375,103.921875,110.53125,92.7578125,77.33984375,296.1875,312.08984375,266.08203125,0.0,0.0,0.421875,43.939048767089844
none,1,754,1.0,0.0,1.0,1.0,1.0,1.0,17.81640625,103.17578125,110.54296875,92.9765625,78.21875,292.28515625,312.26171875,266.4375,0.0,0.0,0.38671875,43.66558074951172
none,1,755,1.0,0.0,1.0,1.0,1.0,1.0,16.8828125,103.4140625,111.203125,92.96484375,75.3984375,293.17578125,312.2109375,266.046875,0.0,0.0,0.3671875,44.085479736328125
none,1,756,1.0,0.0,1.0,1.0,1.0,1.0,17.5625,104.72265625,110.71875,92.2578125,76.765625,296.6015625,310.54296875,264.94921875,0.0,0.0,0.32421875,44.095001220703125
none,1,757,1.0,0.0,1.0,1.0,1.0,1.0,17.4296875,104.08203125,110.7734375,93.421875,76.62890625,296.33203125,310.19140625,268.61328125,0.0,0.0,0.36328125,44.214500427246094
none,1,758,1.0,0.0,1.0,1.0,1.0,1.0,17.6640625,104.48828125,111.9375,93.28125,77.47265625,296.96484375,312.578125,266.6171875,0.0,0.0,0.42578125,44.432281494140625
none,1,759,1.0,0.0,1.0,1.0,1.0,1.0,16.93359375,105.171875,111.8984375,93.265625,77.0859375,297.12890625,312.5,266.9921875,0.0,0.0,0.46875,44.440185546875
none,1,760,1.0,0.0,1.0,1.0,1.0,1.0,17.4609375,102.9375,111.76171875,93.88671875,76.359375,291.46484375,313.73828125,269.6640625,0.0,0.0,0.35546875,44.152679443359375
none,1,761,1.0,0.0,1.0,1.0,1.0,1.0,17.69140625,105.13671875,112.26953125,93.46875,76.5859375,297.54296875,313.80859375,265.9609375,0.0,0.0,0.37109375,44.51968002319336
none,1,762,1.0,0.0,1.0,1.0,1.0,1.0,17.0859375,104.95703125,111.65625,93.55078125,74.796875,296.875,311.6171875,268.3671875,0.0,0.0,0.36328125,44.51048278808594
none,1,763,1.0,0.0,1.0,1.0,1.0,1.0,17.30078125,103.6171875,111.91015625,94.08203125,75.8984375,291.828125,311.484375,268.40625,0.0,0.0,0.4140625,44.333003997802734
none,1,764,1.0,0.0,1.0,1.0,1.0,1.0,17.5390625,106.25,110.87109375,93.453125,76.0546875,299.3828125,308.7265625,264.17578125,0.0,0.0,0.32421875,44.393287658691406
none,1,765,1.0,0.0,1.0,1.0,1.0,1.0,16.625,105.08203125,110.8828125,93.09375,74.2109375,299.53515625,311.2734375,264.73046875,0.0,0.0,0.37109375,44.267269134521484
none,1,766,1.0,0.0,1.0,1.0,1.0,1.0,17.19921875,104.83203125,110.296875,94.890625,74.50390625,297.6875,309.81640625,270.41796875,0.0,0.0,0.33984375,44.55767822265625
none,1,767,1.0,0.0,1.0,1.0,1.0,1.0,16.8984375,104.3046875,111.83203125,95.51953125,74.66015625,294.96484375,312.1484375,272.27734375,0.0,0.0,0.3828125,44.693260192871094
none,1,768,1.0,0.0,1.0,1.0,1.0,1.0,17.34375,104.28515625,111.01953125,93.890625,76.78515625,296.42578125,312.75390625,269.36328125,0.0,0.0,0.46484375,43.932151794433594
none,1,769,1.0,0.0,1.0,1.0,1.0,1.0,17.08203125,105.69921875,109.93359375,92.85546875,75.15234375,301.70703125,308.23828125,265.25390625,0.0,0.0,0.4609375,44.09629821777344
none,1,770,1.0,0.0,1.0,1.0,1.0,1.0,16.84765625,104.59375,112.2734375,94.296875,74.44140625,297.6953125,316.79296875,270.80078125,0.0,0.0,0.37890625,44.65859603881836
none,1,771,1.0,0.0,1.0,1.0,1.0,1.0,16.82421875,105.61328125,111.546875,93.43359375,75.46484375,301.5,313.8828125,268.41796875,0.0,0.0,0.42578125,44.43513107299805
none,1,772,1.0,0.0,1.0,1.0,1.0,1.0,17.140625,103.38671875,113.1171875,94.25,76.3984375,293.1796875,318.0859375,269.87890625,0.0,0.0,0.4140625,44.635738372802734
none,1,773,1.0,0.0,1.0,1.0,1.0,1.0,17.09375,105.39453125,111.95703125,95.328125,77.07421875,298.5625,315.203125,273.6328125,0.0,0.0,0.3671875,44.74909591674805
none,1,774,1.0,0.0,1.0,1.0,1.0,1.0,16.34375,103.953125,112.2890625,93.69140625,75.41015625,296.72265625,315.40625,267.9921875,0.0,0.0,0.45703125,44.452598571777344
none,1,775,1.0,0.0,1.0,1.0,1.0,1.0,16.5078125,105.3203125,112.09765625,93.5,74.39453125,298.62890625,314.55078125,268.7421875,0.0,0.0,0.42578125,44.84397888183594
none,1,776,1.0,0.0,1.0,1.0,1.0,1.0,17.3046875,105.91015625,112.16796875,94.40234375,77.48046875,299.96875,315.14453125,270.7578125,0.0,0.0,0.36328125,44.745445251464844
none,1,777,1.0,0.0,1.0,1.0,1.0,1.0,16.88671875,105.32421875,112.62109375,95.32421875,76.984375,298.21875,316.1875,271.1796875,0.0,0.0,0.3515625,44.871971130371094
none,1,778,1.0,0.0,1.0,1.0,1.0,1.0,16.76171875,105.71484375,113.28515625,93.55859375,74.9140625,297.31640625,318.3125,267.12890625,0.0,0.0,0.3984375,44.82259750366211
none,1,779,1.0,0.0,1.0,1.0,1.0,1.0,16.1484375,107.24609375,112.96484375,93.43359375,71.81640625,301.46875,313.40625,265.46875,0.0,0.0,0.38671875,45.25986862182617
none,1,780,1.0,0.0,1.0,1.0,1.0,1.0,16.68359375,106.875,112.76953125,94.45703125,74.859375,300.37109375,312.828125,267.4296875,0.0,0.0,0.38671875,45.0555419921875
none,1,781,1.0,0.0,1.0,1.0,1.0,1.0,16.4921875,107.0390625,113.25390625,94.44921875,73.12109375,300.80859375,315.9609375,268.16796875,0.0,0.0,0.34375,45.311798095703125
none,1,782,1.0,0.0,1.0,1.0,1.0,1.0,16.17578125,105.44921875,112.6015625,93.90625,73.21484375,297.4296875,314.25390625,266.8046875,0.0,0.0,0.3125,44.964500427246094
none,1,783,1.0,0.0,1.0,1.0,1.0,1.0,16.8828125,106.890625,112.1484375,92.6796875,73.6953125,300.8671875,312.609375,263.1015625,0.0,0.0,0.3359375,44.763343811035156
none,1,784,1.0,0.0,1.0,1.0,1.0,1.0,16.921875,106.6171875,113.31640625,93.3046875,74.0859375,299.7578125,315.14453125,263.84375,0.0,0.0,0.41015625,45.02630615234375
none,1,785,1.0,0.0,1.0,1.0,1.0,1.0,16.81640625,106.22265625,113.98046875,93.69921875,73.74609375,299.2421875,316.97265625,266.1875,0.0,0.0,0.359375,45.109962463378906
none,1,786,1.0,0.0,1.0,1.0,1.0,1.0,16.49609375,106.01171875,112.92578125,93.671875,73.33984375,297.90234375,314.0703125,266.0,0.0,0.0,0.37890625,45.025299072265625
none,1,787,1.0,0.0,1.0,1.0,1.0,1.0,16.5390625,105.46484375,112.7578125,95.1953125,73.3046875,296.8203125,314.39453125,269.90625,0.0,0.0,0.3671875,44.916969299316406
none,1,788,1.0,0.0,1.0,1.0,1.0,1.0,16.33203125,107.8125,112.26171875,94.55078125,73.7734375,303.125,313.37109375,267.6171875,0.0,0.0,0.3515625,45.33763885498047
none,1,789,1.0,0.0,1.0,1.0,1.0,1.0,16.4140625,108.10546875,113.453125,93.12109375,73.01953125,304.40234375,314.875,263.41015625,0.0,0.0,0.3984375,45.200355529785156
none,1,790,1.0,0.0,1.0,1.0,1.0,1.0,16.21875,106.8828125,113.46484375,94.07421875,73.27734375,300.5859375,315.2890625,265.7109375,0.0,0.0,0.453125,45.26868438720703
none,1,791,1.0,0.0,1.0,1.0,1.0,1.0,16.51171875,106.12890625,112.37109375,95.921875,73.57421875,298.9375,311.38671875,271.984375,0.0,0.0,0.42578125,45.13531494140625
none,1,792,1.0,0.0,1.0,1.0,1.0,1.0,16.10546875,105.421875,112.41796875,96.41015625,72.7421875,296.91796875,311.98046875,273.65625,0.0,0.0,0.37109375,45.223876953125
none,1,793,1.0,0.0,1.0,1.0,1.0,1.0,17.421875,104.359375,112.99609375,95.8359375,76.53515625,292.40625,314.265625,272.33984375,0.0,0.0,0.34765625,44.99036407470703
none,1,794,1.0,0.0,1.0,1.0,1.0,1.0,16.30078125,106.375,113.8515625,96.421875,73.2109375,298.47265625,315.90234375,273.25,0.0,0.0,0.36328125,45.460655212402344
none,1,795,1.0,0.0,1.0,1.0,1.0,1.0,16.2265625,105.27734375,112.65625,95.8359375,71.61328125,296.609375,312.5390625,272.4296875,0.0,0.0,0.34765625,45.03030014038086
none,1,796,1.0,0.0,1.0,1.0,1.0,1.0,16.3984375,105.85546875,114.50390625,95.015625,72.8515625,297.11328125,318.2265625,268.6953125,0.0,0.0,0.35546875,45.430015563964844
none,1,797,1.0,0.0,1.0,1.0,1.0,1.0,16.15234375,107.140625,113.51171875,96.4765625,74.203125,302.4375,316.8359375,274.22265625,0.0,0.0,0.3984375,45.66997528076172
none,1,798,1.0,0.0,1.0,1.0,1.0,1.0,17.3515625,105.54296875,113.40625,95.2734375,76.43359375,298.90625,316.796875,271.03125,0.0,0.0,0.421875,45.051490783691406
none,1,799,1.0,0.0,1.0,1.0,1.0,1.0,16.53515625,106.62109375,114.34375,96.328125,74.8046875,300.18359375,317.53125,275.26953125,0.0,0.0,0.35546875,45.67556381225586
none,1,800,1.0,0.0,1.0,1.0,1.0,1.0,16.45703125,107.90234375,113.61328125,95.23828125,74.08984375,304.265625,316.9296875,271.8125,0.0,0.0,0.3203125,45.750144958496094
none,1,801,1.0,0.0,1.0,1.0,1.0,1.0,16.28125,106.1171875,113.23046875,95.41015625,74.375,301.19921875,317.5546875,272.66796875,0.0,0.0,0.3515625,45.45867919921875
none,1,802,1.0,0.0,1.0,1.0,1.0,1.0,16.76953125,105.7578125,113.3359375,96.82421875,75.1640625,297.6328125,316.03125,275.15625,0.0,0.0,0.3671875,45.41387939453125
none,1,803,1.0,0.0,1.0,1.0,1.0,1.0,16.36328125,106.078125,112.703125,96.12890625,73.30859375,299.61328125,313.671875,274.92578125,0.0,0.0,0.390625,45.330963134765625
none,1,804,1.0,0.0,1.0,1.0,1.0,1.0,16.140625,106.25390625,113.85546875,96.34375,72.33984375,298.87109375,317.28125,273.171875,0.0,0.0,0.35546875,45.673828125
none,1,805,1.0,0.0,1.0,1.0,1.0,1.0,16.8984375,106.14453125,114.94921875,95.90625,74.97265625,296.95703125,320.05859375,272.42578125,0.0,0.0,0.37109375,45.68407440185547
none,1,806,1.0,0.0,1.0,1.0,1.0,1.0,16.14453125,107.48046875,114.5390625,94.98828125,71.78125,300.9140625,317.55078125,268.2734375,0.0,0.0,0.34765625,45.82300567626953
none,1,807,1.0,0.0,1.0,1.0,1.0,1.0,16.453125,107.8671875,113.0390625,95.75,75.39453125,302.02734375,313.0546875,272.00390625,0.0,0.0,0.3046875,45.617828369140625
none,1,808,1.0,0.0,1.0,1.0,1.0,1.0,16.29296875,108.4609375,115.31640625,94.7890625,73.60546875,302.89453125,317.37890625,267.1796875,0.0,0.0,0.3671875,45.84259033203125
none,1,809,1.0,0.0,1.0,1.0,1.0,1.0,15.984375,107.40234375,114.82421875,96.6484375,70.921875,299.65234375,317.46875,270.609375,0.0,0.0,0.28125,46.2218017578125
none,1,810,1.0,0.0,1.0,1.0,1.0,1.0,16.25390625,105.7265625,114.71875,96.1171875,71.19140625,294.484375,316.8359375,271.44921875,0.0,0.0,0.36328125,45.579402923583984
none,1,811,1.0,0.0,1.0,1.0,1.0,1.0,15.94921875,106.2421875,115.66796875,95.19140625,70.8359375,295.78125,318.17578125,267.64453125,0.0,0.0,0.31640625,45.86611557006836
none,1,812,1.0,0.0,1.0,1.0,1.0,1.0,16.1875,108.3515625,113.53125,95.1640625,71.640625,301.96875,314.47265625,266.77734375,0.0,0.0,0.3984375,45.92144012451172
none,1,813,1.0,0.0,1.0,1.0,1.0,1.0,16.69921875,106.3515625,113.921875,96.2265625,73.33984375,297.66796875,314.15234375,271.40625,0.0,0.0,0.30078125,45.405303955078125
none,1,814,1.0,0.0,1.0,1.0,1.0,1.0,16.17578125,106.8984375,112.3203125,96.03125,71.67578125,297.99609375,310.44140625,270.78125,0.0,0.0,0.3515625,45.4362907409668
none,1,815,1.0,0.0,1.0,1.0,1.0,1.0,16.1875,107.71875,113.61328125,97.04296875,73.61328125,300.91796875,313.4921875,273.453125,0.0,0.0,0.3515625,45.924102783203125
none,1,816,1.0,0.0,1.0,1.0,1.0,1.0,16.59375,106.70703125,113.24609375,97.09375,74.3515625,298.80078125,313.8515625,272.01171875,0.0,0.0,0.42578125,45.708038330078125
none,1,817,1.0,0.0,1.0,1.0,1.0,1.0,16.09375,105.9140625,113.68359375,98.390625,73.8203125,297.18359375,315.19921875,276.40234375,0.0,0.0,0.3125,45.9754638671875
none,1,818,1.0,0.0,1.0,1.0,1.0,1.0,15.73046875,106.0625,114.29296875,97.86328125,72.91796875,297.8828125,316.32421875,276.1953125,0.0,0.0,0.33203125,45.87522506713867
none,1,819,1.0,0.0,1.0,1.0,1.0,1.0,15.859375,107.8671875,115.1328125,95.67578125,71.7421875,302.73046875,320.7734375,269.41015625,0.0,0.0,0.375,46.15452575683594
none,1,820,1.0,0.0,1.0,1.0,1.0,1.0,15.5546875,106.97265625,115.60546875,96.921875,71.44140625,300.984375,321.24609375,274.15625,0.0,0.0,0.37890625,46.279388427734375
none,1,821,1.0,0.0,1.0,1.0,1.0,1.0,16.265625,106.5859375,114.33984375,96.79296875,73.86328125,300.12109375,318.16796875,273.421875,0.0,0.0,0.3671875,45.95116424560547
none,1,822,1.0,0.0,1.0,1.0,1.0,1.0,16.16015625,107.52734375,114.22265625,96.640625,74.0859375,301.125,315.40625,273.34375,0.0,0.0,0.3359375,45.841758728027344
none,1,823,1.0,0.0,1.0,1.0,1.0,1.0,16.65234375,106.4453125,114.7265625,97.14453125,75.6015625,299.62890625,318.359375,275.12109375,0.0,0.0,0.40234375,46.00151824951172
none,1,824,1.0,0.0,1.0,1.0,1.0,1.0,16.1953125,107.8515625,114.78515625,96.63671875,73.046875,303.8125,318.75,272.80859375,0.0,0.0,0.33984375,46.222686767578125
none,1,825,1.0,0.0,1.0,1.0,1.0,1.0,16.37109375,106.19921875,113.55078125,97.91015625,74.8125,298.5859375,314.21875,277.01953125,0.0,0.0,0.41796875,45.78583908081055
none,1,826,1.0,0.0,1.0,1.0,1.0,1.0,16.0625,107.66015625,114.3203125,96.76953125,73.18359375,302.23046875,317.9609375,273.1640625,0.0,0.0,0.37109375,46.018341064453125
none,1,827,1.0,0.0,1.0,1.0,1.0,1.0,16.10546875,106.6796875,113.32421875,97.40234375,72.85546875,299.13671875,314.07421875,275.41015625,0.0,0.0,0.296875,45.8618278503418
none,1,828,1.0,0.0,1.0,1.0,1.0,1.0,15.640625,106.97265625,114.98828125,97.1171875,71.35546875,299.26171875,319.40625,275.46484375,0.0,0.0,0.36328125,46.21446228027344
none,1,829,1.0,0.0,1.0,1.0,1.0,1.0,15.78125,108.00390625,114.95703125,97.109375,71.375,302.4921875,319.30078125,274.0,0.0,0.0,0.390625,46.369911193847656
none,1,830,1.0,0.0,1.0,1.0,1.0,1.0,15.53125,107.6640625,114.88671875,95.99609375,70.6640625,301.05859375,318.74609375,269.84765625,0.0,0.0,0.3671875,46.06694793701172
none,1,831,1.0,0.0,1.0,1.0,1.0,1.0,16.6640625,106.09765625,114.76953125,97.6328125,75.06640625,297.42578125,317.01953125,275.3359375,0.0,0.0,0.38671875,46.10661315917969
none,1,832,1.0,0.0,1.0,1.0,1.0,1.0,15.9453125,107.79296875,115.3203125,97.66015625,72.65234375,301.39453125,317.8671875,276.48046875,0.0,0.0,0.40625,46.547332763671875
none,1,833,1.0,0.0,1.0,1.0,1.0,1.0,16.33203125,107.55078125,114.23046875,96.7890625,74.359375,300.4609375,315.8515625,271.796875,0.0,0.0,0.40234375,46.06112289428711
none,1,834,1.0,0.0,1.0,1.0,1.0,1.0,16.23046875,107.95703125,115.1875,96.86328125,73.47265625,302.00390625,319.22265625,273.45703125,0.0,0.0,0.34375,46.17108154296875
none,1,835,1.0,0.0,1.0,1.0,1.0,1.0,15.53515625,107.94921875,115.09765625,97.62890625,70.67578125,301.0078125,318.50390625,273.19921875,0.0,0.0,0.31640625,46.243953704833984
none,1,836,1.0,0.0,1.0,1.0,1.0,1.0,15.9609375,108.71484375,114.671875,98.6328125,72.375,302.12890625,318.30859375,278.296875,0.0,0.0,0.3203125,46.707176208496094
none,1,837,1.0,0.0,1.0,1.0,1.0,1.0,16.265625,109.16796875,115.41796875,97.234375,73.4765625,304.58203125,319.328125,273.796875,0.0,0.0,0.296875,46.63739013671875
none,1,838,1.0,0.0,1.0,1.0,1.0,1.0,15.78515625,109.1640625,115.82421875,96.81640625,71.7578125,303.828125,320.609375,274.08984375,0.0,0.0,0.3671875,46.60685348510742
none,1,839,1.0,0.0,1.0,1.0,1.0,1.0,16.03515625,109.109375,114.66015625,97.1484375,73.765625,305.421875,317.1953125,273.28125,0.0,0.0,0.33203125,46.50079345703125
none,1,840,1.0,0.0,1.0,1.0,1.0,1.0,16.10546875,107.54296875,116.234375,97.8984375,73.54296875,299.10546875,321.19140625,275.29296875,0.0,0.0,0.34375,46.505332946777344
none,1,841,1.0,0.0,1.0,1.0,1.0,1.0,16.234375,108.34375,114.98828125,96.8828125,75.26953125,302.765625,319.12109375,273.19140625,0.0,0.0,0.33984375,46.26934051513672
none,1,842,1.0,0.0,1.0,1.0,1.0,1.0,15.99609375,107.85546875,115.10546875,96.8046875,72.984375,300.5703125,319.22265625,273.2265625,0.0,0.0,0.44140625,46.20974349975586
none,1,843,1.0,0.0,1.0,1.0,1.0,1.0,15.87109375,109.046875,115.9765625,96.5859375,72.75,303.4453125,319.28515625,272.19140625,0.0,0.0,0.33984375,46.559967041015625
none,1,844,1.0,0.0,1.0,1.0,1.0,1.0,15.89453125,109.39453125,115.87109375,96.21875,71.890625,304.49609375,320.328125,270.66015625,0.0,0.0,0.328125,46.59990692138672
none,1,845,1.0,0.0,1.0,1.0,1.0,1.0,15.359375,109.73828125,116.2890625,96.2890625,71.33984375,304.4375,319.9296875,270.125,0.0,0.0,0.34375,46.8323974609375
none,1,846,1.0,0.0,1.0,1.0,1.0,1.0,16.29296875,109.04296875,115.1328125,96.75,74.1953125,302.1953125,316.921875,272.0,0.0,0.0,0.359375,46.38488006591797
none,1,847,1.0,0.0,1.0,1.0,1.0,1.0,15.875,109.13671875,114.94140625,96.5859375,72.8671875,304.37109375,316.578125,271.83984375,0.0,0.0,0.3515625,46.4569206237793
none,1,848,1.0,0.0,1.0,1.0,1.0,1.0,15.9375,109.32421875,115.7109375,96.76171875,72.6015625,304.046875,318.29296875,271.55859375,0.0,0.0,0.29296875,46.641441345214844
none,1,849,1.0,0.0,1.0,1.0,1.0,1.0,16.15625,109.328125,116.03125,96.8359375,71.25390625,304.23828125,319.796875,272.6953125,0.0,0.0,0.34765625,46.69663619995117
none,1,850,1.0,0.0,1.0,1.0,1.0,1.0,16.2109375,108.234375,115.36328125,97.48828125,72.6640625,300.984375,318.35546875,274.609375,0.0,0.0,0.30078125,46.570106506347656
none,1,851,1.0,0.0,1.0,1.0,1.0,1.0,15.55859375,108.4375,116.43359375,98.84765625,71.3515625,301.40234375,318.8359375,277.546875,0.0,0.0,0.265625,46.98445129394531
none,1,852,1.0,0.0,1.0,1.0,1.0,1.0,16.2109375,109.703125,116.00390625,98.63671875,74.15234375,304.8046875,318.140625,277.70703125,0.0,0.0,0.33203125,47.04737854003906
none,1,853,1.0,0.0,1.0,1.0,1.0,1.0,15.75,107.8671875,115.2734375,98.49609375,71.9453125,302.2109375,318.01171875,277.3203125,0.0,0.0,0.3046875,46.759185791015625
none,1,854,1.0,0.0,1.0,1.0,1.0,1.0,16.23828125,107.86328125,116.0703125,98.38671875,73.171875,299.5703125,319.58203125,277.0078125,0.0,0.0,0.28515625,46.67296600341797
none,1,855,1.0,0.0,1.0,1.0,1.0,1.0,15.36328125,106.86328125,115.9140625,99.5546875,71.953125,297.8203125,318.578125,278.390625,0.0,0.0,0.359375,46.68392562866211
none,1,856,1.0,0.0,1.0,1.0,1.0,1.0,15.94140625,107.7109375,115.71484375,99.4375,72.890625,301.01953125,320.40625,279.3125,0.0,0.0,0.32421875,46.81764221191406
none,1,857,1.0,0.0,1.0,1.0,1.0,1.0,15.29296875,108.140625,116.12109375,98.59765625,70.3515625,300.92578125,321.484375,276.02734375,0.0,0.0,0.38671875,46.822349548339844
none,1,858,1.0,0.0,1.0,1.0,1.0,1.0,15.7265625,109.56640625,115.30859375,98.41796875,74.29296875,304.26171875,317.10546875,276.515625,0.0,0.0,0.33984375,46.890716552734375
none,1,859,1.0,0.0,1.0,1.0,1.0,1.0,15.453125,108.34765625,115.87890625,99.1328125,71.375,300.90625,320.16796875,278.640625,0.0,0.0,0.33203125,47.051048278808594
none,1,860,1.0,0.0,1.0,1.0,1.0,1.0,15.5546875,110.1484375,115.44140625,97.203125,72.28125,305.77734375,318.49609375,271.6484375,0.0,0.0,0.2734375,46.87792205810547
none,1,861,1.0,0.0,1.0,1.0,1.0,1.0,15.9609375,110.07421875,117.29296875,98.07421875,73.3671875,306.125,322.1796875,274.45703125,0.0,0.0,0.32421875,47.36456298828125
none,1,862,1.0,0.0,1.0,1.0,1.0,1.0,16.39453125,109.171875,117.60546875,97.2890625,74.0390625,302.87109375,323.21484375,272.2109375,0.0,0.0,0.27734375,47.088348388671875
none,1,863,1.0,0.0,1.0,1.0,1.0,1.0,15.6875,109.93359375,116.03515625,98.17578125,72.91015625,304.046875,319.2734375,274.078125,0.0,0.0,0.28515625,47.10083770751953
none,1,864,1.0,0.0,1.0,1.0,1.0,1.0,15.8984375,108.953125,115.02734375,98.359375,73.8671875,300.3515625,316.82421875,276.81640625,0.0,0.0,0.359375,46.63938522338867
none,1,865,1.0,0.0,1.0,1.0,1.0,1.0,15.63671875,109.5234375,117.0234375,96.94140625,71.4375,305.0625,321.07421875,271.078125,0.0,0.0,0.3515625,46.87969207763672
none,1,866,1.0,0.0,1.0,1.0,1.0,1.0,16.30859375,110.4296875,115.94140625,97.60546875,73.7578125,305.71875,318.9921875,275.0546875,0.0,0.0,0.30078125,47.056427001953125
none,1,867,1.0,0.0,1.0,1.0,1.0,1.0,16.3046875,109.40625,116.2578125,98.26171875,73.828125,301.90625,319.14453125,275.17578125,0.0,0.0,0.34765625,46.824241638183594
none,1,868,1.0,0.0,1.0,1.0,1.0,1.0,15.76953125,109.484375,116.09765625,99.76171875,72.484375,302.765625,320.3984375,278.1484375,0.0,0.0,0.29296875,47.348812103271484
none,1,869,1.0,0.0,1.0,1.0,1.0,1.0,16.67578125,108.5234375,115.703125,100.328125,76.2734375,300.3828125,318.40625,282.1171875,0.0,0.0,0.33203125,47.07389831542969
none,1,870,1.0,0.0,1.0,1.0,1.0,1.0,15.88671875,108.99609375,117.22265625,98.6875,73.63671875,299.29296875,323.1875,277.109375,0.0,0.0,0.33203125,47.19585418701172
none,1,871,1.0,0.0,1.0,1.0,1.0,1.0,15.73046875,109.90625,116.76171875,99.421875,71.96484375,302.83203125,321.09375,278.53125,0.0,0.0,0.34375,47.37786865234375
none,1,872,1.0,0.0,1.0,1.0,1.0,1.0,16.36328125,110.01953125,116.62890625,99.8046875,75.140625,304.25390625,320.4296875,278.64453125,0.0,0.0,0.33984375,47.31699752807617
none,1,873,1.0,0.0,1.0,1.0,1.0,1.0,15.3125,110.19140625,116.36328125,98.73828125,70.734375,306.6640625,321.16796875,275.578125,0.0,0.0,0.27734375,47.32415771484375
none,1,874,1.0,0.0,1.0,1.0,1.0,1.0,15.3828125,109.890625,116.4453125,100.07421875,72.61328125,304.41796875,319.8125,280.859375,0.0,0.0,0.32421875,47.6282958984375
none,1,875,1.0,0.0,1.0,1.0,1.0,1.0,15.55859375,110.91015625,117.01171875,98.32421875,72.703125,307.80859375,323.44921875,276.86328125,0.0,0.0,0.30859375,47.263580322265625
none,1,876,1.0,0.0,1.0,1.0,1.0,1.0,15.91015625,109.375,116.44921875,100.03125,74.5078125,304.09765625,321.0546875,282.4609375,0.0,0.0,0.3359375,47.094417572021484
none,1,877,1.0,0.0,1.0,1.0,1.0,1.0,15.640625,111.50390625,115.50390625,99.8984375,72.69140625,308.5078125,319.66015625,279.65625,0.0,0.0,0.28515625,47.47295379638672
none,1,878,1.0,0.0,1.0,1.0,1.0,1.0,15.44140625,111.4609375,117.44140625,97.328125,72.0234375,310.2421875,323.76171875,272.40234375,0.0,0.0,0.32421875,47.33768844604492
none,1,879,1.0,0.0,1.0,1.0,1.0,1.0,15.47265625,110.97265625,117.28515625,99.296875,74.07421875,306.890625,323.05078125,278.08984375,0.0,0.0,0.328125,47.528343200683594
none,1,880,1.0,0.0,1.0,1.0,1.0,1.0,15.4609375,111.41015625,116.4140625,98.796875,72.8203125,311.41796875,320.00390625,276.66015625,0.0,0.0,0.2734375,47.51617431640625
none,1,881,1.0,0.0,1.0,1.0,1.0,1.0,15.51953125,111.59765625,117.25,97.6328125,71.59375,309.87890625,323.94140625,273.06640625,0.0,0.0,0.2421875,47.59747314453125
none,1,882,1.0,0.0,1.0,1.0,1.0,1.0,15.50390625,107.9296875,117.3828125,100.14453125,72.046875,299.32421875,324.3125,279.4921875,0.0,0.0,0.37109375,47.3421630859375
none,1,883,1.0,0.0,1.0,1.0,1.0,1.0,14.859375,111.73828125,116.609375,97.953125,70.984375,308.82421875,320.16015625,275.1953125,0.0,0.0,0.3671875,47.59702682495117
none,1,884,1.0,0.0,1.0,1.0,1.0,1.0,15.55078125,111.27734375,117.52734375,98.3671875,72.00390625,307.94921875,324.12109375,275.2421875,0.0,0.0,0.34375,47.53013229370117
none,1,885,1.0,0.0,1.0,1.0,1.0,1.0,15.63671875,110.95703125,116.73828125,99.15625,73.62109375,307.1328125,320.39453125,276.5234375,0.0,0.0,0.30078125,47.50067138671875
none,1,886,1.0,0.0,1.0,1.0,1.0,1.0,15.1875,111.484375,117.109375,99.35546875,71.89453125,309.52734375,320.91796875,276.828125,0.0,0.0,0.37109375,47.8642692565918
none,1,887,1.0,0.0,1.0,1.0,1.0,1.0,15.6015625,111.6328125,116.90625,99.84375,73.25390625,310.296875,319.3984375,278.65234375,0.0,0.0,0.30859375,47.72265625
none,1,888,1.0,0.0,1.0,1.0,1.0,1.0,14.89453125,111.4296875,116.59765625,99.5390625,69.421875,307.3046875,318.99609375,279.03515625,0.0,0.0,0.26171875,47.631378173828125
none,1,889,1.0,0.0,1.0,1.0,1.0,1.0,15.33203125,111.85546875,117.078125,98.96875,71.6640625,308.1796875,321.09375,276.1953125,0.0,0.0,0.30078125,47.95409393310547
none,1,890,1.0,0.0,1.0,1.0,1.0,1.0,15.78515625,110.53125,117.1328125,99.01953125,72.19140625,304.9765625,319.49609375,275.8515625,0.0,0.0,0.29296875,47.40476608276367
none,1,891,1.0,0.0,1.0,1.0,1.0,1.0,15.078125,112.0859375,116.3828125,99.87890625,69.6484375,309.14453125,317.89453125,277.59375,0.0,0.0,0.2890625,47.79586410522461
none,1,892,1.0,0.0,1.0,1.0,1.0,1.0,15.40234375,111.5078125,117.42578125,100.08984375,71.94140625,304.9375,321.57421875,279.93359375,0.0,0.0,0.34765625,47.98292541503906
none,1,893,1.0,0.0,1.0,1.0,1.0,1.0,15.68359375,111.6796875,117.03125,99.70703125,73.1796875,307.58984375,319.7109375,277.17578125,0.0,0.0,0.35546875,47.7419548034668
none,1,894,1.0,0.0,1.0,1.0,1.0,1.0,14.97265625,111.57421875,117.44921875,100.0078125,70.109375,306.69140625,322.484375,279.703125,0.0,0.0,0.2578125,47.99052047729492
none,1,895,1.0,0.0,1.0,1.0,1.0,1.0,14.4296875,111.80078125,117.7265625,101.19140625,69.33203125,306.55078125,322.30859375,281.203125,0.0,0.0,0.2890625,48.26310729980469
none,1,896,1.0,0.0,1.0,1.0,1.0,1.0,15.54296875,110.76171875,118.48828125,100.97265625,71.203125,304.03515625,324.41015625,281.3125,0.0,0.0,0.34375,48.209083557128906
none,1,897,1.0,0.0,1.0,1.0,1.0,1.0,15.09375,110.125,118.6015625,99.421875,70.0546875,303.20703125,324.4296875,277.96875,0.0,0.0,0.33984375,47.970985412597656
none,1,898,1.0,0.0,1.0,1.0,1.0,1.0,14.63671875,110.89453125,118.0234375,100.578125,69.93359375,305.71484375,323.046875,281.796875,0.0,0.0,0.32421875,48.36212158203125
none,1,899,1.0,0.0,1.0,1.0,1.0,1.0,15.09375,110.9921875,118.09765625,100.671875,71.36328125,305.4453125,323.1796875,280.765625,0.0,0.0,0.296875,48.24028778076172
none,1,900,1.0,0.0,1.0,1.0,1.0,1.0,15.41796875,112.28125,118.1484375,99.4296875,71.08203125,308.625,323.72265625,277.0,0.0,0.0,0.30859375,48.17925262451172
none,1,901,1.0,0.0,1.0,1.0,1.0,1.0,15.234375,110.671875,118.4921875,101.58203125,72.23828125,303.3984375,323.2578125,284.35546875,0.0,0.0,0.33984375,48.2956657409668
none,1,902,1.0,0.0,1.0,1.0,1.0,1.0,15.05859375,110.3671875,118.20703125,101.20703125,70.921875,304.3828125,323.21875,282.47265625,0.0,0.0,0.30078125,48.17686462402344
none,1,903,1.0,0.0,1.0,1.0,1.0,1.0,15.34765625,112.76171875,117.58984375,100.39453125,71.046875,311.296875,320.19921875,278.1328125,0.0,0.0,0.25390625,48.23857879638672
none,1,904,1.0,0.0,1.0,1.0,1.0,1.0,15.1015625,111.58203125,117.80078125,101.06640625,72.49609375,305.8515625,321.8046875,281.24609375,0.0,0.0,0.30859375,48.212181091308594
none,1,905,1.0,0.0,1.0,1.0,1.0,1.0,15.7890625,110.96875,117.9453125,100.58203125,72.9609375,305.4375,322.40234375,280.55078125,0.0,0.0,0.37890625,48.05181884765625
none,1,906,1.0,0.0,1.0,1.0,1.0,1.0,15.640625,110.296875,118.1484375,102.4609375,73.39453125,303.4296875,321.421875,284.26171875,0.0,0.0,0.27734375,48.320152282714844
none,1,907,1.0,0.0,1.0,1.0,1.0,1.0,15.55859375,111.0234375,117.578125,100.37890625,72.91015625,306.1875,322.73828125,279.9140625,0.0,0.0,0.33203125,47.815895080566406
none,1,908,1.0,0.0,1.0,1.0,1.0,1.0,15.0703125,111.3984375,117.5234375,99.984375,71.26953125,307.9140625,321.3046875,278.5625,0.0,0.0,0.32421875,48.05072021484375
none,1,909,1.0,0.0,1.0,1.0,1.0,1.0,15.41796875,112.078125,117.3828125,102.39453125,72.41015625,307.01953125,320.73046875,284.37890625,0.0,0.0,0.28125,48.3577880859375
none,1,910,1.0,0.0,1.0,1.0,1.0,1.0,15.23828125,110.21875,118.90625,103.578125,71.2578125,300.8515625,325.28125,287.5,0.0,0.0,0.36328125,48.588043212890625
none,1,911,1.0,0.0,1.0,1.0,1.0,1.0,15.5390625,110.5,117.32421875,102.41796875,71.84765625,303.7109375,321.1171875,283.82421875,0.0,0.0,0.27734375,48.095943450927734
none,1,912,1.0,0.0,1.0,1.0,1.0,1.0,15.0234375,110.9921875,118.625,102.4453125,70.578125,303.125,323.6953125,285.9453125,0.0,0.0,0.3125,48.48044967651367
none,1,913,1.0,0.0,1.0,1.0,1.0,1.0,15.26171875,113.171875,118.29296875,101.171875,72.05859375,308.64453125,322.23828125,280.73828125,0.0,0.0,0.328125,48.63297653198242
none,1,914,1.0,0.0,1.0,1.0,1.0,1.0,15.5703125,110.4765625,117.859375,101.7890625,72.5859375,302.3515625,321.92578125,281.8515625,0.0,0.0,0.31640625,48.02696990966797
none,1,915,1.0,0.0,1.0,1.0,1.0,1.0,15.44140625,110.09375,118.17578125,101.52734375,70.53125,302.43359375,322.30859375,283.68359375,0.0,0.0,0.265625,48.017860412597656
none,1,916,1.0,0.0,1.0,1.0,1.0,1.0,15.13671875,111.6796875,118.86328125,100.58203125,71.54296875,305.92578125,324.69921875,278.93359375,0.0,0.0,0.32421875,48.25636291503906
none,1,917,1.0,0.0,1.0,1.0,1.0,1.0,15.05078125,113.54296875,119.53515625,99.9453125,70.9765625,310.109375,326.1328125,277.203125,0.0,0.0,0.3125,48.6712760925293
none,1,918,1.0,0.0,1.0,1.0,1.0,1.0,14.7734375,112.6796875,119.15625,101.15234375,71.10546875,309.28515625,326.0859375,280.84765625,0.0,0.0,0.36328125,48.70781707763672
none,1,919,1.0,0.0,1.0,1.0,1.0,1.0,14.80078125,113.3828125,119.33984375,100.5546875,69.4140625,310.82421875,324.96484375,280.10546875,0.0,0.0,0.28125,48.77045822143555
none,1,920,1.0,0.0,1.0,1.0,1.0,1.0,14.765625,111.984375,118.96875,101.15234375,70.1875,307.38671875,325.63671875,281.6875,0.0,0.0,0.30078125,48.811119079589844
none,1,921,1.0,0.0,1.0,1.0,1.0,1.0,15.21484375,112.8984375,117.79296875,100.375,72.8671875,309.953125,321.09765625,281.046875,0.0,0.0,0.33203125,48.54633712768555
none,1,922,1.0,0.0,1.0,1.0,1.0,1.0,14.796875,111.8984375,119.83984375,100.8125,70.68359375,308.1875,326.33203125,281.28515625,0.0,0.0,0.30078125,48.685970306396484
none,1,923,1.0,0.0,1.0,1.0,1.0,1.0,14.6171875,111.5625,118.890625,101.51171875,69.78515625,305.640625,326.8125,283.359375,0.0,0.0,0.2578125,48.685333251953125
none,1,924,1.0,0.0,1.0,1.0,1.0,1.0,14.4921875,112.328125,118.4453125,102.02734375,68.6171875,309.41015625,324.5390625,284.10546875,0.0,0.0,0.390625,48.6662712097168
none,1,925,1.0,0.0,1.0,1.0,1.0,1.0,14.7109375,111.45703125,118.3203125,100.55078125,70.92578125,307.93359375,324.42578125,279.9375,0.0,0.0,0.296875,48.3143424987793
none,1,926,1.0,0.0,1.0,1.0,1.0,1.0,14.8984375,111.80078125,119.50390625,102.44140625,70.6875,305.3046875,326.5546875,287.234375,0.0,0.0,0.33203125,48.840553283691406
none,1,927,1.0,0.0,1.0,1.0,1.0,1.0,14.97265625,111.625,119.45703125,101.4921875,73.57421875,306.4375,327.55078125,282.8828125,0.0,0.0,0.34375,48.5020866394043
none,1,928,1.0,0.0,1.0,1.0,1.0,1.0,14.69140625,110.78515625,121.12890625,102.10546875,71.27734375,303.43359375,330.359375,283.23828125,0.0,0.0,0.3125,48.998924255371094
none,1,929,1.0,0.0,1.0,1.0,1.0,1.0,14.828125,112.32421875,118.85546875,101.5546875,70.98046875,307.60546875,323.7578125,282.36328125,0.0,0.0,0.29296875,48.6754264831543
none,1,930,1.0,0.0,1.0,1.0,1.0,1.0,15.1953125,111.5078125,119.671875,102.17578125,72.53125,304.875,327.1015625,284.09765625,0.0,0.0,0.38671875,48.885711669921875
none,1,931,1.0,0.0,1.0,1.0,1.0,1.0,14.73046875,112.28125,119.81640625,102.15234375,70.12890625,306.1015625,327.43359375,282.82421875,0.0,0.0,0.25390625,48.963409423828125
none,1,932,1.0,0.0,1.0,1.0,1.0,1.0,14.7890625,112.734375,119.26953125,100.8984375,70.9765625,306.4453125,323.3671875,280.59765625,0.0,0.0,0.3671875,48.95360565185547
none,1,933,1.0,0.0,1.0,1.0,1.0,1.0,14.8671875,113.125,118.60546875,103.42578125,71.234375,307.84375,322.76953125,287.109375,0.0,0.0,0.3125,49.10728073120117
none,1,934,1.0,0.0,1.0,1.0,1.0,1.0,14.84765625,112.8671875,118.40625,103.765625,70.27734375,306.796875,321.30859375,287.26171875,0.0,0.0,0.34765625,49.07184982299805
none,1,935,1.0,0.0,1.0,1.0,1.0,1.0,14.2734375,113.40234375,118.96484375,102.1875,68.73828125,308.7421875,322.13671875,283.12890625,0.0,0.0,0.2890625,49.19817352294922
none,1,936,1.0,0.0,1.0,1.0,1.0,1.0,14.53515625,113.5859375,119.953125,102.82421875,69.859375,307.7421875,323.859375,284.63671875,0.0,0.0,0.265625,49.30344772338867
none,1,937,1.0,0.0,1.0,1.0,1.0,1.0,14.546875,113.625,119.359375,102.046875,69.18359375,307.3515625,324.58984375,283.65625,0.0,0.0,0.25390625,49.160152435302734
none,1,938,1.0,0.0,1.0,1.0,1.0,1.0,14.6875,113.65234375,119.18359375,101.76171875,70.265625,309.29296875,325.3828125,282.78125,0.0,0.0,0.26171875,49.301902770996094
none,1,939,1.0,0.0,1.0,1.0,1.0,1.0,15.05078125,113.73046875,119.72265625,102.30859375,70.625,311.35546875,325.2890625,283.36328125,0.0,0.0,0.33984375,49.077239990234375
none,1,940,1.0,0.0,1.0,1.0,1.0,1.0,14.33203125,113.16015625,119.91796875,102.28515625,69.62109375,308.6328125,326.71875,284.81640625,0.0,0.0,0.328125,49.184234619140625
none,1,941,1.0,0.0,1.0,1.0,1.0,1.0,15.20703125,112.515625,119.0234375,103.34765625,72.21875,306.921875,325.48828125,286.4453125,0.0,0.0,0.2578125,49.04473114013672
none,1,942,1.0,0.0,1.0,1.0,1.0,1.0,15.1875,114.2265625,119.08984375,103.46875,72.47265625,312.87109375,322.60546875,286.7265625,0.0,0.0,0.28125,49.33928680419922
none,1,943,1.0,0.0,1.0,1.0,1.0,1.0,14.13671875,114.140625,118.7421875,102.91015625,69.4375,311.15625,322.14453125,284.94921875,0.0,0.0,0.28125,49.26560974121094
none,1,944,1.0,0.0,1.0,1.0,1.0,1.0,15.0,113.99609375,118.26171875,101.4140625,72.4921875,310.35546875,322.828125,282.89453125,0.0,0.0,0.3125,48.877532958984375
none,1,945,1.0,0.0,1.0,1.0,1.0,1.0,14.37109375,113.6484375,121.3125,102.36328125,69.41015625,309.015625,327.68359375,283.234375,0.0,0.0,0.28515625,49.65165710449219
none,1,946,1.0,0.0,1.0,1.0,1.0,1.0,14.7109375,114.1015625,119.4609375,102.265625,68.5703125,311.2109375,324.22265625,282.2265625,0.0,0.0,0.296875,49.387569427490234
none,1,947,1.0,0.0,1.0,1.0,1.0,1.0,14.7265625,112.6875,119.27734375,103.19140625,70.86328125,306.12890625,323.0078125,286.2578125,0.0,0.0,0.2578125,49.21417236328125
none,1,948,1.0,0.0,1.0,1.0,1.0,1.0,15.0234375,113.08984375,119.84765625,104.328125,72.00390625,307.296875,324.33203125,288.671875,0.0,0.0,0.29296875,49.529571533203125
none,1,949,1.0,0.0,1.0,1.0,1.0,1.0,14.4921875,114.8671875,120.89453125,101.03125,70.15234375,312.6484375,328.1015625,279.75,0.0,0.0,0.26953125,49.387535095214844
none,1,950,1.0,0.0,1.0,1.0,1.0,1.0,14.67578125,114.0703125,120.21484375,102.40234375,69.59765625,309.9765625,325.95703125,282.70703125,0.0,0.0,0.2734375,49.405548095703125
none,1,951,1.0,0.0,1.0,1.0,1.0,1.0,14.9375,113.08203125,120.5,102.796875,71.2421875,307.140625,326.765625,284.10546875,0.0,0.0,0.28125,49.324058532714844
none,1,952,1.0,0.0,1.0,1.0,1.0,1.0,14.39453125,113.390625,120.91796875,104.1171875,70.1015625,307.85546875,327.05859375,288.73046875,0.0,0.0,0.2265625,49.91884994506836
none,1,953,1.0,0.0,1.0,1.0,1.0,1.0,14.7890625,112.9609375,119.28125,103.62109375,70.4765625,306.85546875,323.46875,287.17578125,0.0,0.0,0.3359375,49.33757781982422
none,1,954,1.0,0.0,1.0,1.0,1.0,1.0,14.62890625,112.47265625,121.07421875,103.984375,70.83203125,303.87890625,328.421875,288.40625,0.0,0.0,0.26171875,49.639923095703125
none,1,955,1.0,0.0,1.0,1.0,1.0,1.0,13.9453125,113.14453125,120.34765625,103.19921875,67.98828125,306.4296875,324.54296875,284.69140625,0.0,0.0,0.30859375,49.530967712402344
none,1,956,1.0,0.0,1.0,1.0,1.0,1.0,14.83984375,112.86328125,119.44140625,104.7265625,71.5390625,304.7734375,324.1796875,288.78515625,0.0,0.0,0.2578125,49.30413055419922
none,1,957,1.0,0.0,1.0,1.0,1.0,1.0,14.31640625,113.4375,121.546875,103.671875,68.88671875,306.109375,328.3515625,284.89453125,0.0,0.0,0.28125,49.7815055847168
none,1,958,1.0,0.0,1.0,1.0,1.0,1.0,14.22265625,115.79296875,119.7265625,102.53125,70.0546875,311.98046875,323.08984375,282.7578125,0.0,0.0,0.2578125,49.86913299560547
none,1,959,1.0,0.0,1.0,1.0,1.0,1.0,13.94921875,115.45703125,121.74609375,102.828125,68.6875,312.0234375,328.23046875,281.265625,0.0,0.0,0.27734375,50.181365966796875
none,1,960,1.0,0.0,1.0,1.0,1.0,1.0,14.58984375,113.5234375,120.69140625,104.59765625,70.109375,305.36328125,326.8984375,287.35546875,0.0,0.0,0.2890625,49.770294189453125
none,1,961,1.0,0.0,1.0,1.0,1.0,1.0,15.11328125,114.4765625,120.46484375,103.29296875,71.63671875,308.3203125,324.73046875,285.95703125,0.0,0.0,0.3203125,49.52801513671875
none,1,962,1.0,0.0,1.0,1.0,1.0,1.0,14.54296875,114.66015625,121.16015625,104.1171875,69.48046875,309.82421875,327.6484375,286.75390625,0.0,0.0,0.3046875,50.01969528198242
none,1,963,1.0,0.0,1.0,1.0,1.0,1.0,14.94921875,113.73046875,119.34765625,103.8125,72.578125,307.8828125,324.0,285.98828125,0.0,0.0,0.328125,49.58224105834961
none,1,964,1.0,0.0,1.0,1.0,1.0,1.0,14.24609375,114.7109375,121.12109375,102.8828125,68.16015625,308.984375,329.0546875,283.33203125,0.0,0.0,0.3046875,49.90454864501953
none,1,965,1.0,0.0,1.0,1.0,1.0,1.0,13.83203125,115.515625,120.97265625,102.3125,67.82421875,313.703125,328.32421875,282.9765625,0.0,0.0,0.27734375,50.07485580444336
none,1,966,1.0,0.0,1.0,1.0,1.0,1.0,14.56640625,113.4453125,120.8984375,102.796875,70.3515625,308.53515625,327.96875,286.81640625,0.0,0.0,0.33984375,49.42694854736328
none,1,967,1.0,0.0,1.0,1.0,1.0,1.0,14.43359375,114.1953125,121.265625,102.578125,69.28515625,312.16796875,329.43359375,284.4140625,0.0,0.0,0.265625,49.795494079589844
none,1,968,1.0,0.0,1.0,1.0,1.0,1.0,14.30078125,114.32421875,121.2734375,102.92578125,68.6484375,311.5390625,329.75,284.95703125,0.0,0.0,0.2890625,49.9682731628418
none,1,969,1.0,0.0,1.0,1.0,1.0,1.0,13.76953125,115.55859375,122.0234375,102.40234375,66.71875,314.48828125,331.05078125,282.125,0.0,0.0,0.328125,50.20859909057617
none,1,970,1.0,0.0,1.0,1.0,1.0,1.0,14.140625,115.8671875,121.4765625,102.19140625,69.73828125,314.15625,327.64453125,281.9765625,0.0,0.0,0.33203125,49.95652389526367
none,1,971,1.0,0.0,1.0,1.0,1.0,1.0,14.203125,115.58984375,120.8515625,104.2734375,69.37109375,312.62109375,328.25390625,286.22265625,0.0,0.0,0.26171875,50.33464813232422
none,1,972,1.0,0.0,1.0,1.0,1.0,1.0,14.28515625,115.515625,122.22265625,103.35546875,68.9609375,313.6875,330.15625,283.51171875,0.0,0.0,0.265625,50.22209167480469
none,1,973,1.0,0.0,1.0,1.0,1.0,1.0,14.44140625,116.07421875,120.46484375,102.30078125,69.13671875,315.171875,325.49609375,281.1328125,0.0,0.0,0.3125,49.86564636230469
none,1,974,1.0,0.0,1.0,1.0,1.0,1.0,14.79296875,112.86328125,121.09765625,106.3828125,70.3515625,304.1875,327.125,291.18359375,0.0,0.0,0.3046875,50.34990692138672
none,1,975,1.0,0.0,1.0,1.0,1.0,1.0,14.484375,114.8046875,120.11328125,105.71875,70.0625,309.41796875,322.83984375,290.70703125,0.0,0.0,0.23046875,50.18497848510742
none,1,976,1.0,0.0,1.0,1.0,1.0,1.0,14.0078125,115.2421875,122.1015625,105.38671875,69.02734375,310.8359375,328.30859375,288.65625,0.0,0.0,0.31640625,50.67866134643555
none,1,977,1.0,0.0,1.0,1.0,1.0,1.0,13.75,116.984375,121.734375,104.03125,68.09375,315.484375,325.49609375,284.86328125,0.0,0.0,0.296875,50.53702926635742
none,1,978,1.0,0.0,1.0,1.0,1.0,1.0,14.578125,114.515625,120.953125,106.15625,70.5625,307.91015625,326.53125,289.2265625,0.0,0.0,0.3359375,50.27275848388672
none,1,979,1.0,0.0,1.0,1.0,1.0,1.0,14.6171875,115.5625,121.625,105.3125,70.34375,312.17578125,326.6640625,288.21484375,0.0,0.0,0.28125,50.627586364746094
none,1,980,1.0,0.0,1.0,1.0,1.0,1.0,14.0859375,112.74609375,122.1875,105.3359375,68.546875,304.55859375,330.23046875,288.3984375,0.0,0.0,0.26171875,50.11500549316406
none,1,981,1.0,0.0,1.0,1.0,1.0,1.0,14.83984375,114.75390625,122.125,105.41015625,70.6171875,308.14453125,328.9609375,288.68359375,0.0,0.0,0.3046875,50.4107666015625
none,1,982,1.0,0.0,1.0,1.0,1.0,1.0,14.6328125,112.796875,122.49609375,105.75390625,69.87890625,304.11328125,331.296875,289.16796875,0.0,0.0,0.2421875,50.09590148925781
none,1,983,1.0,0.0,1.0,1.0,1.0,1.0,14.23046875,115.51171875,122.12109375,103.50390625,70.0234375,311.8671875,327.8515625,284.57421875,0.0,0.0,0.2421875,50.384796142578125
none,1,984,1.0,0.0,1.0,1.0,1.0,1.0,14.3359375,115.99609375,121.5390625,103.77734375,70.2421875,315.3984375,327.046875,284.57421875,0.0,0.0,0.2734375,50.36066818237305
none,1,985,1.0,0.0,1.0,1.0,1.0,1.0,14.25,117.0078125,121.7578125,104.03125,69.25390625,316.6328125,329.12890625,284.9375,0.0,0.0,0.24609375,50.593505859375
none,1,986,1.0,0.0,1.0,1.0,1.0,1.0,14.51171875,118.0625,121.47265625,101.9921875,71.3671875,320.50390625,328.15234375,280.9609375,0.0,0.0,0.3203125,50.4412956237793
none,1,987,1.0,0.0,1.0,1.0,1.0,1.0,14.28515625,116.27734375,121.3671875,104.69140625,70.09765625,314.5,325.66796875,287.5234375,0.0,0.0,0.26171875,50.602142333984375
none,1,988,1.0,0.0,1.0,1.0,1.0,1.0,14.15234375,115.40234375,122.30859375,104.28515625,69.13671875,311.75390625,329.18359375,287.35546875,0.0,0.0,0.25390625,50.69652557373047
none,1,989,1.0,0.0,1.0,1.0,1.0,1.0,13.9609375,116.19921875,121.90625,104.8984375,70.15625,314.0625,327.72265625,288.7421875,0.0,0.0,0.25,50.79643249511719
none,1,990,1.0,0.0,1.0,1.0,1.0,1.0,14.0625,116.27734375,121.90234375,105.296875,70.078125,314.65234375,328.38671875,288.078125,0.0,0.0,0.234375,50.794464111328125
none,1,991,1.0,0.0,1.0,1.0,1.0,1.0,14.53125,117.5078125,121.47265625,104.28125,70.97265625,315.6328125,325.6328125,286.52734375,0.0,0.0,0.20703125,50.6593017578125
none,1,992,1.0,0.0,1.0,1.0,1.0,1.0,14.5234375,116.984375,121.625,106.0234375,71.01953125,314.765625,326.91015625,290.03125,0.0,0.0,0.29296875,50.807212829589844
none,1,993,1.0,0.0,1.0,1.0,1.0,1.0,14.37109375,115.2890625,121.7890625,105.9765625,69.55859375,311.32421875,325.51171875,288.8359375,0.0,0.0,0.2265625,50.63779830932617
none,1,994,1.0,0.0,1.0,1.0,1.0,1.0,13.67578125,116.53515625,123.10546875,106.11328125,67.71875,312.65625,330.47265625,291.4140625,0.0,0.0,0.23046875,51.043968200683594
none,1,995,1.0,0.0,1.0,1.0,1.0,1.0,14.6484375,116.6328125,122.7734375,104.20703125,71.51953125,312.734375,327.72265625,284.890625,0.0,0.0,0.24609375,50.745147705078125
none,1,996,1.0,0.0,1.0,1.0,1.0,1.0,14.1953125,116.734375,122.14453125,105.0390625,68.3828125,312.9375,327.3203125,288.21484375,0.0,0.0,0.2421875,50.68008041381836
none,1,997,1.0,0.0,1.0,1.0,1.0,1.0,14.28125,117.1875,121.98046875,104.515625,69.859375,314.125,326.48828125,283.3359375,0.0,0.0,0.2421875,50.782684326171875
none,1,998,1.0,0.0,1.0,1.0,1.0,1.0,14.58984375,118.25,121.01171875,106.3203125,71.30078125,316.359375,324.578125,292.7265625,0.0,0.0,0.25,51.14286804199219
none,1,999,1.0,0.0,1.0,1.0,1.0,1.0,13.75,117.30078125,121.53125,105.69140625,68.10546875,315.078125,325.9453125,288.23046875,0.0,0.0,0.2890625,51.005706787109375
none,1,1000,1.0,0.0,1.0,1.0,1.0,1.0,13.70703125,117.1640625,122.9765625,105.6171875,68.2421875,314.48046875,329.03125,288.4921875,0.0,0.0,0.2578125,51.10609436035156
none,1,1001,1.0,0.0,1.0,1.0,1.0,1.0,13.51953125,117.38671875,122.6015625,104.2890625,67.48046875,315.703125,329.33984375,283.96484375,0.0,0.0,0.24609375,50.961944580078125
none,1,1002,1.0,0.0,1.0,1.0,1.0,1.0,13.80078125,117.5390625,122.7265625,105.93359375,68.015625,315.5546875,331.02734375,291.1328125,0.0,0.0,0.19921875,51.30183029174805
none,1,1003,1.0,0.0,1.0,1.0,1.0,1.0,13.8046875,116.96484375,122.8828125,105.71875,68.265625,314.8125,330.3671875,288.91015625,0.0,0.0,0.28125,51.2591667175293
none,1,1004,1.0,0.0,1.0,1.0,1.0,1.0,14.02734375,115.98828125,124.30859375,105.94921875,70.58203125,313.0234375,333.22265625,290.73046875,0.0,0.0,0.23828125,51.306915283203125
none,1,1005,1.0,0.0,1.0,1.0,1.0,1.0,14.5625,114.7265625,124.6171875,105.4921875,70.9375,309.3203125,334.71875,288.16796875,0.0,0.0,0.22265625,50.940330505371094
none,1,1006,1.0,0.0,1.0,1.0,1.0,1.0,14.234375,116.40625,123.57421875,106.03515625,70.91015625,312.96484375,332.1796875,289.453125,0.0,0.0,0.26171875,51.084556579589844
none,1,1007,1.0,0.0,1.0,1.0,1.0,1.0,13.97265625,116.77734375,124.34765625,104.6953125,69.8828125,313.90234375,332.15234375,285.96484375,0.0,0.0,0.26171875,51.27617645263672
none,1,1008,1.0,0.0,1.0,1.0,1.0,1.0,13.96484375,116.2109375,123.765625,105.953125,69.16015625,310.953125,330.984375,290.44921875,0.0,0.0,0.2890625,51.041481018066406
none,1,1009,1.0,0.0,1.0,1.0,1.0,1.0,13.9375,115.078125,122.9765625,106.4140625,66.9609375,308.25390625,329.0859375,289.1875,0.0,0.0,0.234375,50.90407943725586
none,1,1010,1.0,0.0,1.0,1.0,1.0,1.0,14.171875,115.37890625,123.23828125,108.78125,71.0703125,308.7265625,329.4921875,298.19921875,0.0,0.0,0.2109375,51.42906188964844
none,1,1011,1.0,0.0,1.0,1.0,1.0,1.0,14.30078125,115.75,123.9296875,108.078125,69.359375,309.47265625,332.68359375,295.96875,0.0,0.0,0.24609375,51.44017791748047
none,1,1012,1.0,0.0,1.0,1.0,1.0,1.0,13.63671875,114.453125,123.44921875,107.859375,68.1171875,306.73828125,330.484375,295.12109375,0.0,0.0,0.265625,51.40604782104492
none,1,1013,1.0,0.0,1.0,1.0,1.0,1.0,14.0078125,115.45703125,123.3203125,106.58203125,70.4921875,311.3203125,330.5234375,290.796875,0.0,0.0,0.21875,50.953224182128906
none,1,1014,1.0,0.0,1.0,1.0,1.0,1.0,13.62109375,115.97265625,123.39453125,107.109375,68.37109375,308.9609375,330.19140625,294.19140625,0.0,0.0,0.32421875,51.380882263183594
none,1,1015,1.0,0.0,1.0,1.0,1.0,1.0,14.23046875,117.3125,123.640625,106.8671875,71.5703125,316.390625,329.84765625,292.62890625,0.0,0.0,0.26953125,51.64164352416992
none,1,1016,1.0,0.0,1.0,1.0,1.0,1.0,14.44140625,117.35546875,124.2109375,106.96875,71.3984375,314.58984375,332.59765625,292.28125,0.0,0.0,0.2421875,51.635963439941406
none,1,1017,1.0,0.0,1.0,1.0,1.0,1.0,13.890625,116.9921875,123.50390625,105.97265625,70.22265625,313.12890625,331.06640625,290.87109375,0.0,0.0,0.2421875,51.47443771362305
none,1,1018,1.0,0.0,1.0,1.0,1.0,1.0,14.42578125,116.921875,123.53515625,107.546875,72.21484375,313.19921875,331.7734375,294.2421875,0.0,0.0,0.26953125,51.67547607421875
none,1,1019,1.0,0.0,1.0,1.0,1.0,1.0,14.13671875,115.9921875,123.59375,107.1796875,71.33203125,311.265625,331.31640625,291.74609375,0.0,0.0,0.26953125,51.3092155456543
none,1,1020,1.0,0.0,1.0,1.0,1.0,1.0,14.09375,117.51171875,123.26953125,107.79296875,69.75,314.2734375,330.43359375,294.34765625,0.0,0.0,0.2734375,51.53434753417969
none,1,1021,1.0,0.0,1.0,1.0,1.0,1.0,14.3203125,117.03125,123.40234375,108.8359375,71.74609375,312.1953125,330.453125,299.0546875,0.0,0.0,0.26171875,51.80723190307617
none,1,1022,1.0,0.0,1.0,1.0,1.0,1.0,13.6953125,116.265625,123.796875,107.42578125,68.56640625,312.4140625,331.63671875,291.578125,0.0,0.0,0.26171875,51.553565979003906
none,1,1023,1.0,0.0,1.0,1.0,1.0,1.0,14.4765625,116.5546875,123.3125,109.12890625,71.97265625,312.625,329.625,297.484375,0.0,0.0,0.1953125,51.7777214050293
none,1,1024,1.0,0.0,1.0,1.0,1.0,1.0,13.859375,117.69921875,124.40234375,106.64453125,69.515625,314.66015625,331.6875,290.53125,0.0,0.0,0.25390625,51.76638412475586
none,1,1025,1.0,0.0,1.0,1.0,1.0,1.0,14.85546875,117.29296875,123.671875,106.80078125,73.390625,312.90625,331.6015625,291.99609375,0.0,0.0,0.24609375,51.6759033203125
none,1,1026,1.0,0.0,1.0,1.0,1.0,1.0,13.9140625,117.30859375,124.234375,106.9609375,69.30859375,312.296875,332.79296875,293.3515625,0.0,0.0,0.26953125,51.90142822265625
none,1,1027,1.0,0.0,1.0,1.0,1.0,1.0,13.6875,116.69921875,124.3203125,106.97265625,68.48046875,312.4296875,331.76953125,292.0546875,0.0,0.0,0.1953125,51.72496795654297
none,1,1028,1.0,0.0,1.0,1.0,1.0,1.0,13.90625,116.89453125,124.90234375,107.671875,68.78125,312.31640625,331.890625,294.23828125,0.0,0.0,0.2109375,51.91421127319336
none,1,1029,1.0,0.0,1.0,1.0,1.0,1.0,13.95703125,116.85546875,125.70703125,107.19921875,70.23828125,311.43359375,334.73046875,290.04296875,0.0,0.0,0.23828125,51.860382080078125
none,1,1030,1.0,0.0,1.0,1.0,1.0,1.0,14.0390625,117.09765625,123.625,107.8515625,69.68359375,312.9765625,329.08984375,293.43359375,0.0,0.0,0.2421875,51.661094665527344
none,1,1031,1.0,0.0,1.0,1.0,1.0,1.0,14.22265625,117.0390625,123.71875,108.015625,70.578125,311.10546875,329.7421875,294.4765625,0.0,0.0,0.234375,51.69793701171875
none,1,1032,1.0,0.0,1.0,1.0,1.0,1.0,13.99609375,118.05859375,124.19921875,107.26171875,71.16796875,313.8828125,330.67578125,290.12890625,0.0,0.0,0.25,51.82855224609375
none,1,1033,1.0,0.0,1.0,1.0,1.0,1.0,14.609375,116.6171875,123.13671875,107.2890625,70.59375,310.55859375,327.50390625,291.5546875,0.0,0.0,0.24609375,51.27204132080078
none,1,1034,1.0,0.0,1.0,1.0,1.0,1.0,13.80859375,117.1796875,124.76953125,107.703125,69.94921875,312.23828125,333.24609375,293.23828125,0.0,0.0,0.26171875,51.96721649169922
none,1,1035,1.0,0.0,1.0,1.0,1.0,1.0,14.421875,117.88671875,124.3828125,107.57421875,71.23046875,315.72265625,331.50390625,292.125,0.0,0.0,0.29296875,51.86725616455078
none,1,1036,1.0,0.0,1.0,1.0,1.0,1.0,14.15234375,116.9296875,123.20703125,107.4375,71.11328125,312.875,329.63671875,292.54296875,0.0,0.0,0.2734375,51.61429977416992
none,1,1037,1.0,0.0,1.0,1.0,1.0,1.0,14.234375,117.30078125,124.72265625,107.2265625,70.50390625,313.31640625,334.05859375,289.91015625,0.0,0.0,0.2578125,51.69175338745117
none,1,1038,1.0,0.0,1.0,1.0,1.0,1.0,13.44921875,118.6015625,124.4296875,107.57421875,69.16015625,315.5078125,333.18359375,292.42578125,0.0,0.0,0.18359375,52.164588928222656
none,1,1039,1.0,0.0,1.0,1.0,1.0,1.0,14.296875,119.2421875,124.05859375,108.5078125,71.40625,317.671875,331.2421875,293.72265625,0.0,0.0,0.2265625,52.31171417236328
none,1,1040,1.0,0.0,1.0,1.0,1.0,1.0,14.0859375,117.6484375,123.9375,108.67578125,71.3828125,314.76953125,331.25390625,293.515625,0.0,0.0,0.24609375,52.022979736328125
none,1,1041,1.0,0.0,1.0,1.0,1.0,1.0,13.76171875,118.44921875,125.203125,108.7734375,70.484375,315.6171875,332.5625,294.5390625,0.0,0.0,0.20703125,52.38962936401367
none,1,1042,1.0,0.0,1.0,1.0,1.0,1.0,13.76171875,118.28515625,125.28125,108.10546875,68.83203125,313.12890625,333.19921875,291.875,0.0,0.0,0.27734375,52.20705795288086
none,1,1043,1.0,0.0,1.0,1.0,1.0,1.0,13.52734375,119.08984375,124.70703125,108.5234375,67.3828125,317.078125,331.203125,293.30859375,0.0,0.0,0.265625,52.30804443359375
none,1,1044,1.0,0.0,1.0,1.0,1.0,1.0,13.65625,118.67578125,124.9609375,108.16015625,68.828125,314.7265625,332.1171875,291.73828125,0.0,0.0,0.2578125,52.077842712402344
none,1,1045,1.0,0.0,1.0,1.0,1.0,1.0,14.21875,119.32421875,124.6484375,108.9140625,71.57421875,317.7109375,332.35546875,294.5546875,0.0,0.0,0.21875,52.39909362792969
none,1,1046,1.0,0.0,1.0,1.0,1.0,1.0,14.10546875,118.8984375,124.24609375,109.63671875,71.99609375,314.9375,330.91015625,297.25,0.0,0.0,0.28125,52.540550231933594
none,1,1047,1.0,0.0,1.0,1.0,1.0,1.0,13.5078125,118.57421875,124.11328125,109.421875,68.34765625,313.203125,330.8046875,296.30078125,0.0,0.0,0.24609375,52.247291564941406
none,1,1048,1.0,0.0,1.0,1.0,1.0,1.0,14.0234375,118.2265625,124.8203125,109.94140625,70.6640625,313.22265625,332.15234375,298.5390625,0.0,0.0,0.28515625,52.46407699584961
none,1,1049,1.0,0.0,1.0,1.0,1.0,1.0,13.5,119.69140625,123.46875,108.640625,68.1484375,317.1953125,328.83203125,295.84765625,0.0,0.0,0.27734375,52.36016082763672
none,1,1050,1.0,0.0,1.0,1.0,1.0,1.0,13.57421875,119.95703125,124.27734375,110.0,68.23828125,316.83203125,329.5234375,297.84375,0.0,0.0,0.27734375,52.82398986816406
none,1,1051,1.0,0.0,1.0,1.0,1.0,1.0,13.58984375,120.04296875,125.08984375,108.04296875,69.2890625,318.4609375,330.73046875,292.35546875,0.0,0.0,0.25,52.63031768798828
none,1,1052,1.0,0.0,1.0,1.0,1.0,1.0,13.5234375,118.73046875,124.0703125,110.03125,70.453125,314.4921875,330.0390625,296.89453125,0.0,0.0,0.2265625,52.805843353271484
none,1,1053,1.0,0.0,1.0,1.0,1.0,1.0,14.0390625,118.3515625,124.40625,109.78125,69.35546875,311.78125,331.80078125,296.859375,0.0,0.0,0.2421875,52.37019348144531
none,1,1054,1.0,0.0,1.0,1.0,1.0,1.0,13.29296875,118.453125,125.203125,108.60546875,69.08984375,312.65625,332.32421875,293.3359375,0.0,0.0,0.2109375,52.37409591674805
none,1,1055,1.0,0.0,1.0,1.0,1.0,1.0,13.59765625,119.7734375,126.2421875,109.19921875,68.76171875,317.48046875,334.2890625,295.6328125,0.0,0.0,0.19140625,52.88446044921875
none,1,1056,1.0,0.0,1.0,1.0,1.0,1.0,13.5546875,119.80859375,125.625,108.87109375,69.796875,317.5625,333.546875,293.65234375,0.0,0.0,0.2578125,52.66346740722656
none,1,1057,1.0,0.0,1.0,1.0,1.0,1.0,13.13671875,120.30859375,125.01171875,107.71484375,67.80859375,319.49609375,331.92578125,289.203125,0.0,0.0,0.23828125,52.78963851928711
none,1,1058,1.0,0.0,1.0,1.0,1.0,1.0,13.76953125,119.09375,124.67578125,108.171875,70.74609375,314.94921875,332.43359375,290.81640625,0.0,0.0,0.2734375,52.414146423339844
none,1,1059,1.0,0.0,1.0,1.0,1.0,1.0,13.51171875,120.0390625,125.97265625,107.54296875,69.1796875,318.16796875,333.359375,289.46875,0.0,0.0,0.265625,52.73394775390625
none,1,1060,1.0,0.0,1.0,1.0,1.0,1.0,13.703125,120.51953125,126.08203125,108.94921875,69.63671875,317.8125,333.38671875,293.4140625,0.0,0.0,0.265625,53.100154876708984
none,1,1061,1.0,0.0,1.0,1.0,1.0,1.0,13.41796875,120.046875,125.95703125,109.44921875,69.640625,318.63671875,333.88671875,293.54296875,0.0,0.0,0.234375,53.05485153198242
none,1,1062,1.0,0.0,1.0,1.0,1.0,1.0,13.6640625,120.44921875,126.04296875,109.37109375,69.33984375,318.9921875,334.0546875,295.25,0.0,0.0,0.23828125,53.288108825683594
none,1,1063,1.0,0.0,1.0,1.0,1.0,1.0,13.2265625,120.3359375,126.9140625,108.8359375,68.25,317.60546875,337.65625,292.96875,0.0,0.0,0.234375,53.240333557128906
none,1,1064,1.0,0.0,1.0,1.0,1.0,1.0,13.6015625,121.1640625,125.8046875,108.57421875,67.8203125,320.2734375,332.421875,290.7734375,0.0,0.0,0.25,53.22894287109375
none,1,1065,1.0,0.0,1.0,1.0,1.0,1.0,13.90234375,120.5234375,126.734375,109.046875,69.74609375,317.89453125,335.63671875,293.62890625,0.0,0.0,0.21484375,53.087684631347656
none,1,1066,1.0,0.0,1.0,1.0,1.0,1.0,13.5625,120.24609375,125.44140625,109.90625,69.359375,317.83203125,330.140625,296.2890625,0.0,0.0,0.31640625,53.04173278808594
none,1,1067,1.0,0.0,1.0,1.0,1.0,1.0,13.5625,120.515625,127.82421875,110.453125,68.8125,317.328125,339.26953125,297.2734375,0.0,0.0,0.2734375,53.55559539794922
none,1,1068,1.0,0.0,1.0,1.0,1.0,1.0,13.91015625,122.19921875,126.25,108.26953125,70.28125,320.953125,333.4140625,290.63671875,0.0,0.0,0.2578125,53.33941650390625
none,1,1069,1.0,0.0,1.0,1.0,1.0,1.0,13.328125,119.04296875,125.85546875,110.625,68.52734375,314.015625,332.49609375,298.69921875,0.0,0.0,0.23828125,53.16026306152344
none,1,1070,1.0,0.0,1.0,1.0,1.0,1.0,13.609375,119.5703125,126.62109375,111.85546875,69.61328125,312.8359375,333.26953125,300.21484375,0.0,0.0,0.234375,53.756927490234375
none,1,1071,1.0,0.0,1.0,1.0,1.0,1.0,13.48046875,121.23828125,125.640625,110.09375,68.0859375,318.64453125,331.0546875,295.69140625,0.0,0.0,0.21484375,53.30132293701172
none,1,1072,1.0,0.0,1.0,1.0,1.0,1.0,13.9609375,120.5390625,125.8984375,109.4140625,68.76953125,316.75,331.78125,292.98046875,0.0,0.0,0.25,53.07822799682617
none,1,1073,1.0,0.0,1.0,1.0,1.0,1.0,13.22265625,120.3671875,127.10546875,109.90625,68.5390625,317.78515625,335.43359375,295.4140625,0.0,0.0,0.22265625,53.323524475097656
none,1,1074,1.0,0.0,1.0,1.0,1.0,1.0,12.78515625,122.41015625,127.75,110.0078125,65.71484375,322.19921875,336.0703125,294.69921875,0.0,0.0,0.25390625,54.117835998535156
none,1,1075,1.0,0.0,1.0,1.0,1.0,1.0,12.71484375,119.94921875,128.37890625,110.5859375,66.13671875,315.02734375,339.4140625,296.2421875,0.0,0.0,0.2578125,53.660003662109375
none,1,1076,1.0,0.0,1.0,1.0,1.0,1.0,13.0234375,120.73046875,126.4140625,111.375,67.84375,318.7734375,333.671875,300.51171875,0.0,0.0,0.17578125,53.64097213745117
none,1,1077,1.0,0.0,1.0,1.0,1.0,1.0,13.265625,120.26953125,126.609375,110.5390625,67.37109375,316.4375,335.80859375,297.09375,0.0,0.0,0.23828125,53.423492431640625
none,1,1078,1.0,0.0,1.0,1.0,1.0,1.0,13.09375,120.30859375,127.1953125,110.48046875,67.93359375,316.00390625,335.71875,298.12109375,0.0,0.0,0.22265625,53.59526062011719
none,1,1079,1.0,0.0,1.0,1.0,1.0,1.0,13.53515625,121.33203125,126.25,110.94921875,68.41796875,318.5703125,334.56640625,298.58984375,0.0,0.0,0.28125,53.67179489135742
none,1,1080,1.0,0.0,1.0,1.0,1.0,1.0,13.2578125,121.5390625,124.9765625,111.96484375,69.12890625,319.49609375,329.796875,301.16796875,0.0,0.0,0.234375,53.54276657104492
none,1,1081,1.0,0.0,1.0,1.0,1.0,1.0,13.1171875,121.57421875,126.8203125,111.3828125,67.15234375,319.5859375,334.67578125,298.12109375,0.0,0.0,0.23046875,53.822174072265625
none,1,1082,1.0,0.0,1.0,1.0,1.0,1.0,13.55859375,121.52734375,126.5703125,111.05859375,69.484375,319.28515625,332.9765625,296.01953125,0.0,0.0,0.26953125,53.61717224121094
none,1,1083,1.0,0.0,1.0,1.0,1.0,1.0,12.796875,121.89453125,126.80859375,110.62109375,67.0390625,320.51171875,332.3203125,297.58984375,0.0,0.0,0.25390625,53.91321563720703
none,1,1084,1.0,0.0,1.0,1.0,1.0,1.0,13.25,120.75,126.54296875,112.1328125,69.66796875,317.80078125,331.35546875,299.30078125,0.0,0.0,0.2109375,53.76191329956055
none,1,1085,1.0,0.0,1.0,1.0,1.0,1.0,13.52734375,122.61328125,126.70703125,110.8515625,69.25,320.65625,332.640625,298.0859375,0.0,0.0,0.22265625,54.01766586303711
none,1,1086,1.0,0.0,1.0,1.0,1.0,1.0,13.42578125,120.265625,126.4921875,110.50390625,68.05859375,313.7421875,333.82421875,296.3125,0.0,0.0,0.20703125,53.5493278503418
none,1,1087,1.0,0.0,1.0,1.0,1.0,1.0,13.43359375,120.9921875,125.19140625,110.60546875,68.6953125,316.0390625,327.5078125,295.90625,0.0,0.0,0.2109375,53.27842330932617
none,1,1088,1.0,0.0,1.0,1.0,1.0,1.0,13.2734375,121.05078125,126.30078125,111.625,68.9921875,315.34765625,330.3046875,298.62890625,0.0,0.0,0.22265625,53.74274444580078
none,1,1089,1.0,0.0,1.0,1.0,1.0,1.0,13.17578125,121.27734375,127.5390625,111.5234375,68.19140625,316.59765625,334.1953125,297.3046875,0.0,0.0,0.21484375,53.96007537841797
none,1,1090,1.0,0.0,1.0,1.0,1.0,1.0,13.51171875,121.16015625,126.32421875,111.109375,69.41015625,315.99609375,331.68359375,297.62109375,0.0,0.0,0.2109375,53.586463928222656
none,1,1091,1.0,0.0,1.0,1.0,1.0,1.0,12.890625,122.1484375,127.390625,110.046875,66.453125,319.79296875,334.8203125,294.95703125,0.0,0.0,0.2734375,53.80194091796875
none,1,1092,1.0,0.0,1.0,1.0,1.0,1.0,13.5,121.36328125,127.390625,111.62890625,69.7109375,317.96875,335.47265625,299.19921875,0.0,0.0,0.2578125,54.05382537841797
none,1,1093,1.0,0.0,1.0,1.0,1.0,1.0,13.17578125,120.60546875,126.3984375,112.31640625,69.15234375,317.30859375,333.83984375,303.08203125,0.0,0.0,0.21484375,53.78667449951172
none,1,1094,1.0,0.0,1.0,1.0,1.0,1.0,13.44921875,121.99609375,127.8203125,111.5546875,70.28125,319.8125,336.43359375,299.84765625,0.0,0.0,0.265625,54.2551383972168
none,1,1095,1.0,0.0,1.0,1.0,1.0,1.0,13.484375,121.39453125,128.05859375,111.01171875,69.83984375,317.4453125,336.33203125,298.98828125,0.0,0.0,0.23828125,53.833045959472656
none,1,1096,1.0,0.0,1.0,1.0,1.0,1.0,13.10546875,120.9296875,128.265625,111.890625,68.1015625,317.265625,337.6796875,301.140625,0.0,0.0,0.19921875,54.12181854248047
none,1,1097,1.0,0.0,1.0,1.0,1.0,1.0,13.26953125,121.5625,127.49609375,112.36328125,69.81640625,318.27734375,335.3359375,302.48828125,0.0,0.0,0.22265625,54.163726806640625
none,1,1098,1.0,0.0,1.0,1.0,1.0,1.0,13.37890625,122.42578125,127.546875,110.6328125,70.9921875,321.02734375,334.22265625,296.3125,0.0,0.0,0.22265625,54.03828048706055
none,1,1099,1.0,0.0,1.0,1.0,1.0,1.0,13.05859375,122.58203125,127.9765625,111.84375,68.43359375,320.09765625,334.88671875,296.51171875,0.0,0.0,0.23046875,54.4996452331543
none,1,1100,1.0,0.0,1.0,1.0,1.0,1.0,12.96875,122.75,126.67578125,110.203125,67.296875,320.15234375,331.5703125,294.984375,0.0,0.0,0.26953125,53.83690643310547
none,1,1101,1.0,0.0,1.0,1.0,1.0,1.0,13.0078125,122.4375,127.765625,111.6953125,67.69140625,319.08984375,333.0078125,297.2109375,0.0,0.0,0.26953125,54.306304931640625
none,1,1102,1.0,0.0,1.0,1.0,1.0,1.0,13.16015625,121.25,128.1953125,110.64453125,69.34765625,316.74609375,335.453125,295.82421875,0.0,0.0,0.234375,53.91202926635742
none,1,1103,1.0,0.0,1.0,1.0,1.0,1.0,12.96484375,123.31640625,128.66796875,112.6640625,68.890625,320.984375,338.69140625,299.9453125,0.0,0.0,0.140625,54.763790130615234
none,1,1104,1.0,0.0,1.0,1.0,1.0,1.0,12.984375,122.6953125,126.8515625,112.86328125,69.84375,320.73828125,333.78125,301.61328125,0.0,0.0,0.19921875,54.57775115966797
none,1,1105,1.0,0.0,1.0,1.0,1.0,1.0,12.83203125,121.796875,128.5703125,111.37109375,67.0703125,319.984375,337.69140625,297.2890625,0.0,0.0,0.25,54.158355712890625
none,1,1106,1.0,0.0,1.0,1.0,1.0,1.0,12.8046875,124.7578125,127.203125,110.81640625,68.26953125,327.1796875,333.8203125,296.29296875,0.0,0.0,0.25390625,54.28548812866211
none,1,1107,1.0,0.0,1.0,1.0,1.0,1.0,12.36328125,124.0078125,128.265625,112.42578125,65.6171875,323.49609375,336.58984375,300.28125,0.0,0.0,0.23828125,54.69224166870117
none,1,1108,1.0,0.0,1.0,1.0,1.0,1.0,13.2109375,120.9609375,129.30078125,112.95703125,68.92578125,315.0859375,338.0625,301.4375,0.0,0.0,0.1953125,54.50746154785156
none,1,1109,1.0,0.0,1.0,1.0,1.0,1.0,13.05078125,122.25390625,128.62890625,111.26171875,68.1015625,319.37109375,336.01953125,296.99609375,0.0,0.0,0.23046875,54.36388397216797
none,1,1110,1.0,0.0,1.0,1.0,1.0,1.0,12.6015625,123.00390625,128.390625,112.8515625,67.9609375,319.13671875,334.34375,299.41015625,0.0,0.0,0.22265625,54.9615478515625
none,1,1111,1.0,0.0,1.0,1.0,1.0,1.0,12.60546875,122.08203125,128.265625,112.43359375,68.453125,316.37109375,334.9921875,301.16796875,0.0,0.0,0.16796875,54.60466766357422
none,1,1112,1.0,0.0,1.0,1.0,1.0,1.0,12.6328125,123.125,128.83203125,111.6171875,67.484375,319.5546875,336.17578125,297.81640625,0.0,0.0,0.2421875,54.696449279785156
none,1,1113,1.0,0.0,1.0,1.0,1.0,1.0,12.69140625,122.421875,129.6015625,113.015625,66.76953125,318.0703125,337.1484375,301.51953125,0.0,0.0,0.1953125,55.03221893310547
none,1,1114,1.0,0.0,1.0,1.0,1.0,1.0,12.98828125,121.41015625,129.22265625,111.17578125,67.75,317.1015625,338.02734375,296.28515625,0.0,0.0,0.2265625,54.31432342529297
none,1,1115,1.0,0.0,1.0,1.0,1.0,1.0,13.13671875,120.859375,128.49609375,113.22265625,68.97265625,313.61328125,335.94921875,302.203125,0.0,0.0,0.203125,54.557613372802734
none,1,1116,1.0,0.0,1.0,1.0,1.0,1.0,12.97265625,122.921875,129.48828125,111.1875,69.31640625,321.24609375,339.17578125,296.19921875,0.0,0.0,0.21484375,54.67463302612305
none,1,1117,1.0,0.0,1.0,1.0,1.0,1.0,12.57421875,123.3359375,128.296875,114.28515625,69.20703125,320.74609375,335.4765625,303.30078125,0.0,0.0,0.203125,55.081016540527344
none,1,1118,1.0,0.0,1.0,1.0,1.0,1.0,12.8984375,124.765625,128.82421875,110.953125,69.1328125,324.77734375,336.84375,295.63671875,0.0,0.0,0.2578125,54.807830810546875
none,1,1119,1.0,0.0,1.0,1.0,1.0,1.0,13.22265625,123.828125,128.453125,112.453125,68.96875,322.6328125,335.52734375,299.96875,0.0,0.0,0.23828125,54.87777328491211
none,1,1120,1.0,0.0,1.0,1.0,1.0,1.0,12.93359375,123.31640625,128.05859375,112.68359375,68.44140625,321.2578125,334.4453125,299.98828125,0.0,0.0,0.203125,54.5135498046875
none,1,1121,1.0,0.0,1.0,1.0,1.0,1.0,13.08984375,124.59765625,129.3046875,111.81640625,69.8046875,324.64453125,336.87890625,296.5703125,0.0,0.0,0.22265625,55.21807861328125
none,1,1122,1.0,0.0,1.0,1.0,1.0,1.0,13.39453125,124.12890625,128.0,112.546875,70.5703125,322.73046875,334.62890625,298.14453125,0.0,0.0,0.18359375,54.84930419921875
none,1,1123,1.0,0.0,1.0,1.0,1.0,1.0,13.05859375,123.48046875,129.20703125,113.2421875,68.87890625,322.36328125,337.47265625,301.45703125,0.0,0.0,0.2109375,55.01703643798828
none,1,1124,1.0,0.0,1.0,1.0,1.0,1.0,13.2734375,123.3046875,128.21875,114.48828125,71.20703125,320.79296875,333.91796875,303.92578125,0.0,0.0,0.19921875,55.115020751953125
none,1,1125,1.0,0.0,1.0,1.0,1.0,1.0,12.546875,123.96484375,129.4375,112.2734375,68.47265625,324.0625,337.265625,299.26953125,0.0,0.0,0.23046875,55.2623405456543
none,1,1126,1.0,0.0,1.0,1.0,1.0,1.0,12.90625,123.2890625,128.58203125,112.30078125,68.26171875,320.18359375,334.30859375,298.54296875,0.0,0.0,0.1875,54.88983154296875
none,1,1127,1.0,0.0,1.0,1.0,1.0,1.0,13.2109375,123.16796875,128.63671875,112.95703125,68.97265625,318.828125,335.0625,299.29296875,0.0,0.0,0.2421875,54.884796142578125
none,1,1128,1.0,0.0,1.0,1.0,1.0,1.0,12.96875,122.99609375,129.7421875,114.0859375,68.2109375,317.5,336.7265625,300.921875,0.0,0.0,0.25390625,55.31463623046875
none,1,1129,1.0,0.0,1.0,1.0,1.0,1.0,13.4765625,123.76953125,128.62109375,113.421875,71.2265625,319.98046875,331.96484375,299.984375,0.0,0.0,0.234375,54.99015426635742
none,1,1130,1.0,0.0,1.0,1.0,1.0,1.0,13.16796875,123.46484375,130.0234375,112.9765625,70.30078125,319.80078125,336.81640625,299.2265625,0.0,0.0,0.23828125,55.00469970703125
none,1,1131,1.0,0.0,1.0,1.0,1.0,1.0,12.96484375,123.2109375,129.171875,113.265625,69.89453125,317.9140625,335.859375,299.421875,0.0,0.0,0.22265625,55.0555534362793
none,1,1132,1.0,0.0,1.0,1.0,1.0,1.0,13.25390625,124.0078125,128.41015625,113.328125,68.73046875,321.4453125,334.234375,300.66015625,0.0,0.0,0.21875,55.02143478393555
none,1,1133,1.0,0.0,1.0,1.0,1.0,1.0,12.68359375,123.1328125,129.05078125,114.09375,68.9921875,319.43359375,334.703125,302.1640625,0.0,0.0,0.17578125,55.17892074584961
none,1,1134,1.0,0.0,1.0,1.0,1.0,1.0,12.85546875,123.5703125,130.9375,113.91796875,69.39453125,319.19140625,339.0703125,301.2578125,0.0,0.0,0.21484375,55.681907653808594
none,1,1135,1.0,0.0,1.0,1.0,1.0,1.0,13.4453125,124.54296875,130.12109375,114.1328125,69.640625,322.46875,335.89453125,300.75390625,0.0,0.0,0.20703125,55.534912109375
none,1,1136,1.0,0.0,1.0,1.0,1.0,1.0,12.7890625,122.85546875,130.37109375,115.24609375,69.1953125,317.76953125,338.6953125,305.53125,0.0,0.0,0.18359375,55.58153533935547
none,1,1137,1.0,0.0,1.0,1.0,1.0,1.0,12.56640625,123.78125,129.22265625,113.64453125,67.98046875,320.3671875,336.03125,300.67578125,0.0,0.0,0.20703125,55.142608642578125
none,1,1138,1.0,0.0,1.0,1.0,1.0,1.0,12.80859375,126.64453125,129.265625,112.91015625,70.1171875,329.15625,334.56640625,297.96484375,0.0,0.0,0.18359375,55.77993392944336
none,1,1139,1.0,0.0,1.0,1.0,1.0,1.0,12.91015625,125.55859375,128.58984375,112.84375,70.0703125,325.66796875,336.25390625,299.46875,0.0,0.0,0.25390625,55.35129928588867
none,1,1140,1.0,0.0,1.0,1.0,1.0,1.0,13.16015625,124.55078125,128.98046875,113.60546875,69.59375,321.44921875,336.5390625,303.6796875,0.0,0.0,0.16015625,55.47414779663086
none,1,1141,1.0,0.0,1.0,1.0,1.0,1.0,12.66796875,123.6640625,130.4453125,115.23828125,68.9765625,320.37890625,338.99609375,306.27734375,0.0,0.0,0.2265625,55.8751335144043
none,1,1142,1.0,0.0,1.0,1.0,1.0,1.0,12.72265625,125.3671875,129.54296875,113.1640625,69.04296875,325.16015625,336.38671875,300.15625,0.0,0.0,0.2265625,55.56583786010742
none,1,1143,1.0,0.0,1.0,1.0,1.0,1.0,12.66015625,124.375,129.41796875,114.34375,67.109375,319.78515625,334.953125,302.65234375,0.0,0.0,0.171875,55.56879806518555
none,1,1144,1.0,0.0,1.0,1.0,1.0,1.0,12.55859375,125.921875,128.98046875,113.38671875,67.98828125,326.17578125,336.8125,299.91796875,0.0,0.0,0.22265625,55.43674850463867
none,1,1145,1.0,0.0,1.0,1.0,1.0,1.0,12.44140625,124.31640625,130.49609375,114.26171875,67.2890625,321.02734375,339.4296875,301.63671875,0.0,0.0,0.2265625,55.794700622558594
none,1,1146,1.0,0.0,1.0,1.0,1.0,1.0,12.77734375,123.05078125,131.1640625,114.04296875,67.984375,316.734375,340.1328125,302.05078125,0.0,0.0,0.25,55.59389877319336
none,1,1147,1.0,0.0,1.0,1.0,1.0,1.0,12.7421875,123.19921875,129.73046875,115.3671875,68.8046875,315.6015625,337.0390625,303.88671875,0.0,0.0,0.2421875,55.71349334716797
none,1,1148,1.0,0.0,1.0,1.0,1.0,1.0,12.63671875,123.375,129.9453125,115.21875,68.15625,316.5703125,336.17578125,304.08984375,0.0,0.0,0.21875,55.62845993041992
none,1,1149,1.0,0.0,1.0,1.0,1.0,1.0,12.53125,123.88671875,131.34375,116.82421875,68.5703125,318.5078125,339.94140625,308.51171875,0.0,0.0,0.21484375,56.54386901855469
none,1,1150,1.0,0.0,1.0,1.0,1.0,1.0,12.984375,123.9609375,130.30859375,115.96875,69.015625,319.45703125,338.359375,304.80078125,0.0,0.0,0.203125,55.9468994140625
none,1,1151,1.0,0.0,1.0,1.0,1.0,1.0,12.91796875,125.55859375,130.26953125,114.85546875,68.0859375,322.1484375,339.5703125,302.34765625,0.0,0.0,0.2578125,56.098724365234375
none,1,1152,1.0,0.0,1.0,1.0,1.0,1.0,12.2734375,125.3359375,130.578125,115.82421875,67.17578125,323.16796875,338.31640625,306.796875,0.0,0.0,0.1953125,56.37759017944336
none,1,1153,1.0,0.0,1.0,1.0,1.0,1.0,12.4140625,125.22265625,129.4453125,115.78515625,68.9140625,323.15234375,336.79296875,306.40234375,0.0,0.0,0.26953125,55.89838409423828
none,1,1154,1.0,0.0,1.0,1.0,1.0,1.0,12.51953125,124.859375,131.46875,115.05078125,67.01171875,321.78125,342.171875,304.84765625,0.0,0.0,0.19921875,56.22313690185547
none,1,1155,1.0,0.0,1.0,1.0,1.0,1.0,12.8203125,125.87109375,130.8203125,115.01953125,69.53515625,324.13671875,339.62890625,305.7421875,0.0,0.0,0.23828125,56.04943084716797
none,1,1156,1.0,0.0,1.0,1.0,1.0,1.0,12.6171875,125.09765625,130.5546875,114.34765625,69.578125,322.109375,338.3671875,303.01953125,0.0,0.0,0.23828125,56.00080108642578
none,1,1157,1.0,0.0,1.0,1.0,1.0,1.0,12.65234375,126.33203125,130.4140625,114.625,68.4453125,324.48046875,337.8125,302.87109375,0.0,0.0,0.2109375,56.0189208984375
none,1,1158,1.0,0.0,1.0,1.0,1.0,1.0,12.50390625,125.14453125,130.8046875,114.4609375,69.83203125,321.578125,337.9609375,301.9296875,0.0,0.0,0.2109375,56.05503845214844
none,1,1159,1.0,0.0,1.0,1.0,1.0,1.0,12.71875,125.10546875,131.59375,115.16796875,70.015625,320.2109375,341.55859375,302.16015625,0.0,0.0,0.16796875,56.1087646484375
none,1,1160,1.0,0.0,1.0,1.0,1.0,1.0,12.49609375,125.6171875,132.74609375,114.265625,68.015625,321.390625,342.25,299.9375,0.0,0.0,0.265625,56.39605712890625
none,1,1161,1.0,0.0,1.0,1.0,1.0,1.0,12.4140625,125.75390625,131.9453125,113.859375,67.890625,321.89453125,340.4921875,300.921875,0.0,0.0,0.203125,56.39266586303711
none,1,1162,1.0,0.0,1.0,1.0,1.0,1.0,12.76171875,125.34375,131.67578125,114.66796875,68.328125,320.4609375,339.5546875,301.0390625,0.0,0.0,0.1875,56.40399169921875
none,1,1163,1.0,0.0,1.0,1.0,1.0,1.0,13.109375,125.33203125,131.29296875,116.21875,70.46484375,319.703125,337.578125,305.6875,0.0,0.0,0.2578125,56.26957702636719
none,1,1164,1.0,0.0,1.0,1.0,1.0,1.0,12.82421875,124.70703125,131.515625,116.44140625,70.41015625,317.171875,338.24609375,305.72265625,0.0,0.0,0.20703125,56.34614181518555
none,1,1165,1.0,0.0,1.0,1.0,1.0,1.0,12.6796875,126.515625,132.32421875,115.2265625,70.36328125,322.65234375,338.7890625,303.15625,0.0,0.0,0.15234375,56.68368148803711
none,1,1166,1.0,0.0,1.0,1.0,1.0,1.0,12.85546875,125.90625,132.29296875,116.70703125,69.9296875,322.4921875,340.04296875,306.3203125,0.0,0.0,0.17578125,56.8422966003418
none,1,1167,1.0,0.0,1.0,1.0,1.0,1.0,12.46484375,124.04296875,131.75,116.33984375,69.1796875,317.53125,338.390625,306.703125,0.0,0.0,0.20703125,56.26517868041992
none,1,1168,1.0,0.0,1.0,1.0,1.0,1.0,12.00390625,126.19921875,130.70703125,115.46484375,67.76171875,323.34375,338.85546875,303.83203125,0.0,0.0,0.28125,56.56388473510742
none,1,1169,1.0,0.0,1.0,1.0,1.0,1.0,12.14453125,125.5,131.55859375,116.4921875,66.921875,320.953125,337.68359375,305.1171875,0.0,0.0,0.2421875,56.56462860107422
none,1,1170,1.0,0.0,1.0,1.0,1.0,1.0,12.61328125,125.5078125,131.6484375,116.51171875,67.8125,319.015625,339.73828125,306.3359375,0.0,0.0,0.19140625,56.49123764038086
none,1,1171,1.0,0.0,1.0,1.0,1.0,1.0,12.77734375,125.21875,132.17578125,116.33203125,71.71484375,320.87109375,340.6796875,305.53125,0.0,0.0,0.171875,56.76270294189453
none,1,1172,1.0,0.0,1.0,1.0,1.0,1.0,12.890625,127.25,131.74609375,115.5078125,71.15234375,326.62109375,338.21484375,302.9375,0.0,0.0,0.25,56.787200927734375
none,1,1173,1.0,0.0,1.0,1.0,1.0,1.0,12.99609375,125.8984375,131.69140625,116.9609375,71.1015625,323.640625,338.29296875,308.203125,0.0,0.0,0.19921875,56.71782684326172
none,1,1174,1.0,0.0,1.0,1.0,1.0,1.0,12.171875,126.328125,132.453125,116.16015625,68.40625,324.92578125,340.48828125,305.48046875,0.0,0.0,0.1953125,56.785789489746094
none,1,1175,1.0,0.0,1.0,1.0,1.0,1.0,12.2421875,127.1640625,131.45703125,116.14453125,69.09765625,325.4140625,337.53125,305.02734375,0.0,0.0,0.23046875,56.815696716308594
none,1,1176,1.0,0.0,1.0,1.0,1.0,1.0,12.296875,127.3828125,132.73046875,116.22265625,69.1875,324.94921875,340.37109375,304.87109375,0.0,0.0,0.20703125,57.093788146972656
none,1,1177,1.0,0.0,1.0,1.0,1.0,1.0,12.33984375,128.14453125,130.69140625,116.26953125,68.703125,328.7578125,335.60546875,305.671875,0.0,0.0,0.18359375,56.945762634277344
none,1,1178,1.0,0.0,1.0,1.0,1.0,1.0,12.73046875,127.60546875,131.80078125,116.20703125,69.921875,327.5390625,337.546875,305.29296875,0.0,0.0,0.234375,56.8679313659668
none,1,1179,1.0,0.0,1.0,1.0,1.0,1.0,12.7421875,128.2578125,132.41796875,116.25390625,69.4296875,327.125,340.91015625,303.7109375,0.0,0.0,0.1796875,57.144287109375
none,1,1180,1.0,0.0,1.0,1.0,1.0,1.0,12.5546875,125.7734375,133.3828125,117.16796875,70.15234375,320.68359375,342.39453125,306.796875,0.0,0.0,0.1875,57.17717742919922
none,1,1181,1.0,0.0,1.0,1.0,1.0,1.0,12.2578125,125.6953125,133.5625,118.34765625,68.60546875,321.0546875,342.84375,308.5390625,0.0,0.0,0.16796875,57.37217330932617
none,1,1182,1.0,0.0,1.0,1.0,1.0,1.0,12.42578125,127.31640625,131.6796875,118.140625,70.83203125,324.1953125,336.70703125,308.125,0.0,0.0,0.1953125,57.218597412109375
none,1,1183,1.0,0.0,1.0,1.0,1.0,1.0,12.09765625,127.10546875,133.390625,117.68359375,68.39453125,325.09375,340.484375,307.26953125,0.0,0.0,0.2578125,57.266387939453125
none,1,1184,1.0,0.0,1.0,1.0,1.0,1.0,12.26953125,126.62109375,131.73046875,118.16015625,69.671875,322.75390625,337.8515625,309.2890625,0.0,0.0,0.203125,57.18891906738281
none,1,1185,1.0,0.0,1.0,1.0,1.0,1.0,12.25390625,126.3515625,131.7734375,117.44921875,67.8125,320.78125,337.34765625,307.18359375,0.0,0.0,0.1953125,57.11025619506836
none,1,1186,1.0,0.0,1.0,1.0,1.0,1.0,12.22265625,127.54296875,132.83984375,117.78125,68.44140625,323.58984375,338.93359375,308.4609375,0.0,0.0,0.234375,57.498653411865234
none,1,1187,1.0,0.0,1.0,1.0,1.0,1.0,11.77734375,127.921875,132.91015625,117.5625,67.42578125,323.40234375,339.01953125,307.42578125,0.0,0.0,0.19140625,57.42034149169922
none,1,1188,1.0,0.0,1.0,1.0,1.0,1.0,11.93359375,128.15625,133.33984375,116.31640625,66.75,324.1015625,339.87890625,302.93359375,0.0,0.0,0.140625,57.40728759765625
none,1,1189,1.0,0.0,1.0,1.0,1.0,1.0,12.12890625,128.8984375,132.77734375,116.2578125,68.0703125,325.8203125,337.765625,302.91015625,0.0,0.0,0.234375,57.475799560546875
none,1,1190,1.0,0.0,1.0,1.0,1.0,1.0,12.31640625,129.546875,133.86328125,115.65625,68.74609375,327.76171875,340.90234375,301.2109375,0.0,0.0,0.19921875,57.7049674987793
none,1,1191,1.0,0.0,1.0,1.0,1.0,1.0,11.99609375,129.078125,133.74609375,114.94140625,68.83203125,327.3125,341.83984375,299.58203125,0.0,0.0,0.19140625,57.5262451171875
none,1,1192,1.0,0.0,1.0,1.0,1.0,1.0,12.42578125,129.95703125,133.94140625,116.7109375,68.484375,329.8515625,341.58203125,302.8671875,0.0,0.0,0.1796875,57.861141204833984
none,1,1193,1.0,0.0,1.0,1.0,1.0,1.0,12.34765625,129.19921875,133.71484375,116.1953125,68.76953125,325.70703125,342.88671875,302.3828125,0.0,0.0,0.1953125,57.6717529296875
none,1,1194,1.0,0.0,1.0,1.0,1.0,1.0,11.53515625,127.92578125,134.55078125,115.92578125,65.55078125,323.7109375,344.453125,301.26171875,0.0,0.0,0.16015625,57.79523849487305
none,1,1195,1.0,0.0,1.0,1.0,1.0,1.0,12.38671875,130.13671875,132.859375,115.359375,69.4140625,330.6171875,340.08984375,300.81640625,0.0,0.0,0.14453125,57.715431213378906
none,1,1196,1.0,0.0,1.0,1.0,1.0,1.0,12.41796875,127.8359375,133.53515625,117.54296875,68.46875,324.21484375,341.55078125,304.55078125,0.0,0.0,0.19921875,57.56865692138672
none,1,1197,1.0,0.0,1.0,1.0,1.0,1.0,11.84765625,126.80859375,133.94140625,118.140625,66.859375,322.10546875,342.5546875,307.64453125,0.0,0.0,0.20703125,57.646690368652344
none,1,1198,1.0,0.0,1.0,1.0,1.0,1.0,11.43359375,127.140625,133.84765625,119.390625,66.8125,322.33984375,341.1875,309.2578125,0.0,0.0,0.16796875,57.81421661376953
none,1,1199,1.0,0.0,1.0,1.0,1.0,1.0,12.09375,128.58984375,133.82421875,117.42578125,67.171875,326.33203125,341.109375,305.11328125,0.0,0.0,0.2109375,57.803741455078125
none,2,0,1.0,0.0,1.0,1.0,1.0,1.0,24.19921875,26.45703125,25.625,23.53125,194.44921875,202.76171875,197.51171875,188.17578125,0.0,0.0,18.1015625,-0.3293757140636444
none,2,1,1.0,0.0,1.0,1.0,1.0,1.0,25.6484375,28.765625,26.48046875,24.5703125,192.69921875,203.62109375,192.82421875,184.98828125,0.0,0.0,17.7421875,0.2910122275352478
none,2,2,1.0,0.0,1.0,1.0,1.0,1.0,26.29296875,29.921875,28.99609375,26.7421875,185.52734375,209.0234375,200.48828125,185.515625,0.0,0.0,17.23828125,1.3460359573364258
none,2,3,1.0,0.0,1.0,1.0,1.0,1.0,28.55859375,30.8125,30.25,27.6484375,189.015625,206.59765625,195.8828125,187.40234375,0.0,0.0,16.91796875,1.1996631622314453
none,2,4,1.0,0.0,1.0,1.0,1.0,1.0,28.8515625,32.69140625,31.609375,29.8125,179.9921875,205.4609375,198.25390625,188.21875,0.0,0.0,16.6171875,2.2726593017578125
none,2,5,1.0,0.0,1.0,1.0,1.0,1.0,29.69140625,34.63671875,32.3125,31.68359375,177.046875,208.5546875,195.60546875,188.62109375,0.0,0.0,15.99609375,3.1214823722839355
none,2,6,1.0,0.0,1.0,1.0,1.0,1.0,31.6015625,35.796875,33.0078125,33.14453125,179.1015625,205.421875,191.20703125,188.26171875,0.0,0.0,15.77734375,3.341114044189453
none,2,7,1.0,0.0,1.0,1.0,1.0,1.0,31.92578125,36.40234375,35.66015625,34.3515625,173.1640625,197.90625,193.83984375,186.5703125,0.0,0.0,15.3046875,4.176552772521973
none,2,8,1.0,0.0,1.0,1.0,1.0,1.0,33.23828125,38.09765625,36.83984375,35.27734375,171.3515625,198.9921875,192.2109375,182.53515625,0.0,0.0,15.11328125,4.5445780754089355
none,2,9,1.0,0.0,1.0,1.0,1.0,1.0,32.97265625,40.08203125,39.5,37.09765625,161.53125,198.625,196.08203125,181.6171875,0.0,0.0,14.015625,5.790033340454102
none,2,10,1.0,0.0,1.0,1.0,1.0,1.0,34.09765625,42.5703125,40.08203125,38.3046875,160.34375,200.234375,191.265625,177.17578125,0.0,0.0,13.91015625,6.302819728851318
none,2,11,1.0,0.0,1.0,1.0,1.0,1.0,35.95703125,43.58984375,41.60546875,38.79296875,159.8515625,195.26953125,186.32421875,171.27734375,0.0,0.0,13.6171875,6.729999542236328
none,2,12,1.0,0.0,1.0,1.0,1.0,1.0,35.640625,44.76953125,41.8046875,40.62109375,151.6015625,191.9453125,181.03125,170.46484375,0.0,0.0,13.15625,7.4023756980896
none,2,13,1.0,0.0,1.0,1.0,1.0,1.0,37.2265625,46.19921875,43.16796875,40.84375,150.05859375,190.94921875,176.58984375,164.44921875,0.0,0.0,12.97265625,7.850053310394287
none,2,14,1.0,0.0,1.0,1.0,1.0,1.0,36.48828125,47.171875,44.859375,42.44921875,144.85546875,187.578125,178.53125,164.90234375,0.0,0.0,12.16796875,8.717265129089355
none,2,15,1.0,0.0,1.0,1.0,1.0,1.0,37.68359375,48.0390625,45.984375,42.75,145.7578125,184.921875,176.33203125,160.796875,0.0,0.0,12.03125,8.910926818847656
none,2,16,1.0,0.0,1.0,1.0,1.0,1.0,37.5390625,49.8359375,46.0625,45.04296875,140.92578125,185.99609375,169.9609375,163.15625,0.0,0.0,11.94140625,9.68930721282959
none,2,17,1.0,0.0,1.0,1.0,1.0,1.0,39.33984375,49.4921875,46.15234375,46.0703125,143.55859375,179.98828125,167.34375,164.5625,0.0,0.0,11.49609375,9.565812110900879
none,2,18,1.0,0.0,1.0,1.0,1.0,1.0,40.046875,50.96484375,48.203125,44.9609375,144.5078125,181.66796875,168.70703125,160.1171875,0.0,0.0,11.1484375,10.113960266113281
none,2,19,1.0,0.0,1.0,1.0,1.0,1.0,39.09375,51.37890625,49.09765625,45.6015625,141.4609375,180.2578125,170.26171875,159.63671875,0.0,0.0,11.21484375,10.51321792602539
none,2,20,1.0,0.0,1.0,1.0,1.0,1.0,40.109375,52.43359375,50.0546875,47.0703125,142.640625,179.22265625,170.42578125,165.203125,0.0,0.0,11.203125,10.965243339538574
none,2,21,1.0,0.0,1.0,1.0,1.0,1.0,39.6328125,52.984375,50.15234375,48.42578125,141.3828125,181.15625,168.73828125,168.15625,0.0,0.0,10.91015625,11.413106918334961
none,2,22,1.0,0.0,1.0,1.0,1.0,1.0,38.98828125,54.51953125,49.9296875,48.3046875,137.80859375,183.9765625,167.39453125,164.71484375,0.0,0.0,10.6015625,11.844549179077148
none,2,23,1.0,0.0,1.0,1.0,1.0,1.0,39.2421875,53.8828125,51.1328125,48.78515625,139.203125,183.97265625,169.19140625,165.828125,0.0,0.0,10.4453125,11.867227554321289
none,2,24,1.0,0.0,1.0,1.0,1.0,1.0,38.62109375,54.57421875,52.05078125,49.28515625,135.9375,182.51171875,172.51171875,167.578125,0.0,0.0,10.14453125,12.547843933105469
none,2,25,1.0,0.0,1.0,1.0,1.0,1.0,39.7578125,56.1640625,51.59375,50.4453125,139.62890625,186.42578125,168.89453125,167.86328125,0.0,0.0,9.80078125,12.583572387695312
none,2,26,1.0,0.0,1.0,1.0,1.0,1.0,40.328125,56.0859375,52.8203125,50.05078125,138.76171875,184.51171875,173.38671875,165.73828125,0.0,0.0,9.38671875,12.967010498046875
none,2,27,1.0,0.0,1.0,1.0,1.0,1.0,40.1953125,57.08984375,54.53125,49.48046875,138.5859375,185.69921875,175.66015625,164.67578125,0.0,0.0,9.25390625,13.349449157714844
none,2,28,1.0,0.0,1.0,1.0,1.0,1.0,40.1328125,57.8984375,54.20703125,50.05078125,136.85546875,187.05078125,173.2265625,164.5625,0.0,0.0,9.171875,13.515357971191406
none,2,29,1.0,0.0,1.0,1.0,1.0,1.0,40.859375,57.66796875,55.640625,50.1796875,139.39453125,186.765625,178.6015625,163.625,0.0,0.0,8.53125,13.885171890258789
none,2,30,1.0,0.0,1.0,1.0,1.0,1.0,40.43359375,58.61328125,55.734375,50.9453125,138.66796875,188.921875,177.5390625,165.12890625,0.0,0.0,8.62109375,14.077766418457031
none,2,31,1.0,0.0,1.0,1.0,1.0,1.0,40.9296875,59.26171875,56.23828125,50.65625,138.2109375,190.27734375,178.8984375,163.0078125,0.0,0.0,8.13671875,14.35492992401123
none,2,32,1.0,0.0,1.0,1.0,1.0,1.0,40.9453125,58.15625,56.99609375,49.6328125,138.76171875,188.26171875,181.15625,160.2734375,0.0,0.0,8.14453125,14.201342582702637
none,2,33,1.0,0.0,1.0,1.0,1.0,1.0,40.5078125,60.33203125,56.4375,52.59765625,136.0234375,195.16796875,179.7890625,167.625,0.0,0.0,7.65625,15.088735580444336
none,2,34,1.0,0.0,1.0,1.0,1.0,1.0,40.3515625,59.55859375,57.34765625,51.05078125,136.06640625,192.58984375,182.0234375,163.8828125,0.0,0.0,7.7890625,14.884443283081055
none,2,35,1.0,0.0,1.0,1.0,1.0,1.0,40.69921875,60.28125,58.015625,52.02734375,137.12890625,194.15234375,185.4765625,166.39453125,0.0,0.0,7.6640625,15.246447563171387
none,2,36,1.0,0.0,1.0,1.0,1.0,1.0,41.40625,61.3515625,57.18359375,51.3515625,139.609375,198.1328125,184.03125,165.59375,0.0,0.0,7.25390625,15.22546672821045
none,2,37,1.0,0.0,1.0,1.0,1.0,1.0,40.12890625,61.6171875,58.87109375,50.46875,135.859375,196.99609375,188.375,160.83203125,0.0,0.0,7.3125,15.504748344421387
none,2,38,1.0,0.0,1.0,1.0,1.0,1.0,41.1484375,62.94140625,57.5,51.7890625,139.171875,201.78515625,183.49609375,166.87109375,0.0,0.0,7.25,15.572061538696289
none,2,39,1.0,0.0,1.0,1.0,1.0,1.0,40.4609375,61.35546875,58.1875,53.46484375,136.4921875,195.49609375,186.296875,169.56640625,0.0,0.0,6.8359375,15.906028747558594
none,2,40,1.0,0.0,1.0,1.0,1.0,1.0,39.90625,63.62109375,59.40234375,52.21875,132.203125,201.94921875,188.4609375,166.2578125,0.0,0.0,6.703125,16.34105682373047
none,2,41,1.0,0.0,1.0,1.0,1.0,1.0,41.3046875,62.828125,60.38671875,53.5,136.51953125,200.0625,189.96875,168.8203125,0.0,0.0,6.18359375,16.525863647460938
none,2,42,1.0,0.0,1.0,1.0,1.0,1.0,40.83984375,61.9921875,60.22265625,54.5859375,135.32421875,196.92578125,188.53515625,173.82421875,0.0,0.0,6.01171875,16.6838321685791
none,2,43,1.0,0.0,1.0,1.0,1.0,1.0,41.16015625,62.70703125,60.0,54.9921875,135.53515625,197.53515625,187.65625,174.3046875,0.0,0.0,5.78515625,16.790172576904297
none,2,44,1.0,0.0,1.0,1.0,1.0,1.0,39.78515625,64.11328125,61.82421875,53.86328125,130.61328125,201.609375,192.79296875,169.5390625,0.0,0.0,5.421875,17.615318298339844
none,2,45,1.0,0.0,1.0,1.0,1.0,1.0,40.828125,63.47265625,61.65625,54.9921875,133.3828125,200.796875,192.69921875,172.3984375,0.0,0.0,5.5625,17.48255157470703
none,2,46,1.0,0.0,1.0,1.0,1.0,1.0,41.13671875,63.7578125,62.484375,54.66796875,134.91015625,199.16796875,194.2578125,173.2421875,0.0,0.0,5.12890625,17.46963119506836
none,2,47,1.0,0.0,1.0,1.0,1.0,1.0,40.65234375,63.78125,63.4765625,54.6171875,132.5390625,199.36328125,198.12109375,172.859375,0.0,0.0,4.9296875,17.644620895385742
none,2,48,1.0,0.0,1.0,1.0,1.0,1.0,40.421875,65.60546875,62.0234375,54.1328125,131.87109375,204.78515625,194.54296875,171.1640625,0.0,0.0,4.57421875,17.860029220581055
none,2,49,1.0,0.0,1.0,1.0,1.0,1.0,40.3984375,64.9921875,61.98828125,53.328125,131.30859375,202.91015625,193.6328125,167.44140625,0.0,0.0,4.5703125,17.693084716796875
none,2,50,1.0,0.0,1.0,1.0,1.0,1.0,40.68359375,64.89453125,61.27734375,54.8359375,133.2421875,203.5390625,193.19140625,172.73046875,0.0,0.0,4.46875,17.67500114440918
none,2,51,1.0,0.0,1.0,1.0,1.0,1.0,39.609375,64.15625,63.3125,55.95703125,130.55859375,201.359375,198.59375,177.265625,0.0,0.0,4.07421875,18.292797088623047
none,2,52,1.0,0.0,1.0,1.0,1.0,1.0,40.55078125,63.359375,61.76953125,56.875,135.109375,199.58203125,193.55078125,179.96875,0.0,0.0,4.29296875,17.887683868408203
none,2,53,1.0,0.0,1.0,1.0,1.0,1.0,39.546875,63.99609375,60.0078125,56.80859375,129.5390625,201.46484375,188.21875,180.39453125,0.0,0.0,4.21484375,17.905805587768555
none,2,54,1.0,0.0,1.0,1.0,1.0,1.0,39.83203125,62.6015625,61.828125,56.35546875,132.39453125,199.5859375,195.4140625,180.890625,0.0,0.0,4.265625,17.864952087402344
none,2,55,1.0,0.0,1.0,1.0,1.0,1.0,39.1640625,61.00390625,60.48046875,58.59765625,130.4140625,193.5390625,192.81640625,186.8984375,0.0,0.0,4.32421875,17.79849624633789
none,2,56,1.0,0.0,1.0,1.0,1.0,1.0,39.828125,59.83203125,61.25390625,58.56640625,132.2890625,191.8046875,197.1171875,189.1484375,0.0,0.0,4.203125,17.596067428588867
none,2,57,1.0,0.0,1.0,1.0,1.0,1.0,38.84765625,59.78125,60.59375,58.81640625,132.23046875,192.55078125,195.2265625,191.49609375,0.0,0.0,4.24609375,17.54808807373047
none,2,58,1.0,0.0,1.0,1.0,1.0,1.0,37.8828125,60.1953125,59.38671875,58.0625,129.9140625,196.47265625,194.30859375,190.859375,0.0,0.0,4.3515625,17.367294311523438
none,2,59,1.0,0.0,1.0,1.0,1.0,1.0,38.8828125,57.29296875,59.63671875,59.7109375,133.35546875,187.328125,194.12890625,196.3671875,0.0,0.0,4.1875,17.270606994628906
none,2,60,1.0,0.0,1.0,1.0,1.0,1.0,38.359375,58.44921875,59.59765625,58.2890625,134.09765625,191.2265625,193.41796875,191.171875,0.0,0.0,4.42578125,17.219436645507812
none,2,61,1.0,0.0,1.0,1.0,1.0,1.0,38.40625,59.1328125,59.01953125,59.05078125,134.9140625,194.234375,193.53125,195.48828125,0.0,0.0,4.3359375,17.453325271606445
none,2,62,1.0,0.0,1.0,1.0,1.0,1.0,39.109375,59.28125,58.58203125,58.3203125,136.53515625,192.1328125,192.59765625,194.44140625,0.0,0.0,4.546875,17.093055725097656
none,2,63,1.0,0.0,1.0,1.0,1.0,1.0,38.9765625,59.953125,59.51953125,57.7109375,137.5703125,196.05859375,194.05078125,190.42578125,0.0,0.0,4.49609375,17.264995574951172
none,2,64,1.0,0.0,1.0,1.0,1.0,1.0,40.1953125,58.1796875,59.3671875,57.38671875,141.62109375,191.6953125,193.23828125,192.453125,0.0,0.0,4.53125,16.693031311035156
none,2,65,1.0,0.0,1.0,1.0,1.0,1.0,38.89453125,59.4453125,59.15234375,58.23046875,138.31640625,194.359375,191.86328125,191.76953125,0.0,0.0,4.4609375,16.98224639892578
none,2,66,1.0,0.0,1.0,1.0,1.0,1.0,38.8828125,59.01953125,60.125,59.33203125,138.20703125,192.8125,196.33984375,194.78125,0.0,0.0,4.609375,17.32678985595703
none,2,67,1.0,0.0,1.0,1.0,1.0,1.0,38.69140625,58.90625,59.42578125,58.73828125,137.66796875,192.39453125,193.4921875,195.9375,0.0,0.0,4.56640625,17.11635398864746
none,2,68,1.0,0.0,1.0,1.0,1.0,1.0,38.6796875,60.6328125,59.13671875,57.1171875,136.66015625,196.54296875,193.828125,189.21484375,0.0,0.0,4.57421875,17.196626663208008
none,2,69,1.0,0.0,1.0,1.0,1.0,1.0,38.2109375,58.7734375,61.05078125,58.73828125,134.6640625,191.5,198.24609375,193.5625,0.0,0.0,4.4609375,17.43408203125
none,2,70,1.0,0.0,1.0,1.0,1.0,1.0,38.3984375,60.58203125,60.01171875,57.42578125,135.77734375,197.765625,195.76171875,190.3046875,0.0,0.0,4.7421875,17.3736629486084
none,2,71,1.0,0.0,1.0,1.0,1.0,1.0,39.6328125,59.5859375,60.21875,58.01953125,140.6328125,191.49609375,192.53125,191.91796875,0.0,0.0,4.5390625,17.190147399902344
none,2,72,1.0,0.0,1.0,1.0,1.0,1.0,39.90625,61.28125,59.4296875,58.8125,141.46875,199.96484375,191.0546875,193.24609375,0.0,0.0,4.02734375,17.297178268432617
none,2,73,1.0,0.0,1.0,1.0,1.0,1.0,38.9453125,60.81640625,59.80859375,58.171875,139.0390625,195.7890625,192.7578125,191.8671875,0.0,0.0,4.38671875,17.272003173828125
none,2,74,1.0,0.0,1.0,1.0,1.0,1.0,39.640625,61.88671875,59.94140625,58.65625,140.1875,200.3515625,192.9140625,191.9375,0.0,0.0,4.44140625,17.64398193359375
none,2,75,1.0,0.0,1.0,1.0,1.0,1.0,39.703125,60.64453125,60.77734375,60.02734375,141.61328125,193.2890625,194.65234375,194.5078125,0.0,0.0,4.5,17.8243408203125
none,2,76,1.0,0.0,1.0,1.0,1.0,1.0,39.4296875,61.60546875,59.07421875,58.59375,140.27734375,195.546875,188.34765625,188.81640625,0.0,0.0,4.4921875,17.430038452148438
none,2,77,1.0,0.0,1.0,1.0,1.0,1.0,40.046875,61.44140625,61.64453125,58.4140625,138.33984375,196.34765625,195.7421875,189.98828125,0.0,0.0,4.0,17.639572143554688
none,2,78,1.0,0.0,1.0,1.0,1.0,1.0,40.46875,62.42578125,60.01171875,58.57421875,142.21875,198.890625,190.13671875,189.84375,0.0,0.0,4.02734375,17.559677124023438
none,2,79,1.0,0.0,1.0,1.0,1.0,1.0,40.33203125,61.55859375,61.3359375,59.8828125,140.265625,193.7109375,193.5859375,192.56640625,0.0,0.0,4.26953125,18.193998336791992
none,2,80,1.0,0.0,1.0,1.0,1.0,1.0,39.74609375,63.78125,59.52734375,58.58984375,137.8828125,202.1484375,186.8984375,187.23046875,0.0,0.0,3.98046875,18.032114028930664
none,2,81,1.0,0.0,1.0,1.0,1.0,1.0,39.55078125,63.1953125,59.7421875,58.921875,136.60546875,200.32421875,186.69921875,188.359375,0.0,0.0,3.9921875,18.037193298339844
none,2,82,1.0,0.0,1.0,1.0,1.0,1.0,40.6640625,64.4375,60.17578125,58.890625,141.21484375,203.953125,188.84375,188.59375,0.0,0.0,3.6796875,18.188512802124023
none,2,83,1.0,0.0,1.0,1.0,1.0,1.0,40.8984375,63.5703125,62.421875,58.625,140.32421875,201.94140625,195.25,186.42578125,0.0,0.0,3.6484375,18.34817123413086
none,2,84,1.0,0.0,1.0,1.0,1.0,1.0,40.21484375,64.4375,61.13671875,59.34375,139.7109375,203.58984375,192.09765625,189.859375,0.0,0.0,3.8828125,18.507471084594727
none,2,85,1.0,0.0,1.0,1.0,1.0,1.0,40.64453125,64.21875,61.37890625,59.38671875,140.6484375,202.69140625,192.97265625,190.734375,0.0,0.0,3.6015625,18.542512893676758
none,2,86,1.0,0.0,1.0,1.0,1.0,1.0,40.21484375,62.75,61.1171875,59.80859375,141.18359375,198.609375,191.1328125,190.8359375,0.0,0.0,3.67578125,18.348249435424805
none,2,87,1.0,0.0,1.0,1.0,1.0,1.0,40.29296875,62.28515625,62.015625,58.98828125,141.078125,197.953125,192.4375,191.62890625,0.0,0.0,3.55859375,18.125415802001953
none,2,88,1.0,0.0,1.0,1.0,1.0,1.0,40.875,61.76171875,61.734375,61.125,142.765625,195.6796875,194.359375,196.06640625,0.0,0.0,3.80078125,18.50775718688965
none,2,89,1.0,0.0,1.0,1.0,1.0,1.0,39.88671875,62.328125,61.59765625,59.5625,140.8359375,197.4609375,192.5546875,191.2421875,0.0,0.0,3.5078125,18.376798629760742
none,2,90,1.0,0.0,1.0,1.0,1.0,1.0,40.65625,63.89453125,62.24609375,58.81640625,141.58203125,202.234375,193.796875,189.640625,0.0,0.0,3.578125,18.359235763549805
none,2,91,1.0,0.0,1.0,1.0,1.0,1.0,39.98046875,63.95703125,61.515625,59.39453125,141.0546875,203.359375,194.03515625,192.28125,0.0,0.0,3.5859375,18.4932804107666
none,2,92,1.0,0.0,1.0,1.0,1.0,1.0,40.70703125,62.26953125,62.57421875,59.078125,144.4765625,197.96484375,197.40625,194.265625,0.0,0.0,3.72265625,18.3631649017334
none,2,93,1.0,0.0,1.0,1.0,1.0,1.0,39.6328125,62.9453125,61.42578125,59.7265625,143.38671875,201.9609375,193.8359375,195.27734375,0.0,0.0,3.6953125,18.36095428466797
none,2,94,1.0,0.0,1.0,1.0,1.0,1.0,39.80078125,62.4453125,63.16015625,61.53125,141.328125,198.69921875,200.015625,202.484375,0.0,0.0,3.703125,18.918376922607422
none,2,95,1.0,0.0,1.0,1.0,1.0,1.0,39.3046875,61.97265625,62.26171875,62.015625,141.6875,196.6875,196.328125,203.6484375,0.0,0.0,3.48046875,18.967578887939453
none,2,96,1.0,0.0,1.0,1.0,1.0,1.0,39.453125,62.49609375,61.4765625,60.9921875,141.921875,198.33203125,193.15234375,199.65234375,0.0,0.0,3.53125,18.643741607666016
none,2,97,1.0,0.0,1.0,1.0,1.0,1.0,39.734375,63.8515625,62.55078125,59.9296875,141.58984375,203.38671875,198.6953125,196.078125,0.0,0.0,3.67578125,18.76352310180664
none,2,98,1.0,0.0,1.0,1.0,1.0,1.0,40.40234375,63.9296875,63.04296875,59.921875,144.8046875,202.0859375,200.1953125,193.23046875,0.0,0.0,3.3046875,18.880165100097656
none,2,99,1.0,0.0,1.0,1.0,1.0,1.0,38.9609375,65.19140625,63.34765625,59.234375,139.0546875,204.79296875,200.1796875,191.9296875,0.0,0.0,3.703125,19.22968101501465
none,2,100,1.0,0.0,1.0,1.0,1.0,1.0,39.6328125,63.9296875,62.65234375,59.81640625,140.8828125,202.19140625,198.6796875,193.1484375,0.0,0.0,3.6171875,18.776029586791992
none,2,101,1.0,0.0,1.0,1.0,1.0,1.0,39.40234375,64.44140625,63.703125,58.9140625,140.3828125,201.8203125,199.16796875,189.61328125,0.0,0.0,3.671875,18.91932487487793
none,2,102,1.0,0.0,1.0,1.0,1.0,1.0,39.92578125,63.14453125,63.05078125,59.8515625,140.5625,198.34375,197.81640625,192.49609375,0.0,0.0,3.45703125,18.747379302978516
none,2,103,1.0,0.0,1.0,1.0,1.0,1.0,39.28515625,63.0078125,64.43359375,61.78515625,139.59765625,198.73828125,200.8046875,197.3125,0.0,0.0,3.33984375,19.358991622924805
none,2,104,1.0,0.0,1.0,1.0,1.0,1.0,40.109375,63.890625,64.15625,59.80859375,143.08203125,199.6640625,200.484375,191.3046875,0.0,0.0,3.47265625,19.17542266845703
none,2,105,1.0,0.0,1.0,1.0,1.0,1.0,39.8203125,63.734375,63.0625,59.61328125,141.24609375,199.6015625,197.33984375,191.91796875,0.0,0.0,3.56640625,18.87566375732422
none,2,106,1.0,0.0,1.0,1.0,1.0,1.0,38.83984375,64.99609375,63.1796875,60.61328125,139.234375,205.921875,198.25,193.58203125,0.0,0.0,3.265625,19.392345428466797
none,2,107,1.0,0.0,1.0,1.0,1.0,1.0,39.7734375,64.87109375,63.453125,59.28515625,142.43359375,203.796875,198.109375,189.15625,0.0,0.0,3.234375,19.03030776977539
none,2,108,1.0,0.0,1.0,1.0,1.0,1.0,39.2109375,65.55859375,64.078125,59.203125,140.6875,206.3515625,200.171875,189.53515625,0.0,0.0,3.21484375,19.234607696533203
none,2,109,1.0,0.0,1.0,1.0,1.0,1.0,38.19140625,65.27734375,64.6953125,59.88671875,136.44921875,205.71875,202.6640625,191.7734375,0.0,0.0,3.296875,19.58661651611328
none,2,110,1.0,0.0,1.0,1.0,1.0,1.0,38.99609375,66.06640625,63.44140625,61.3828125,137.671875,207.98046875,197.92578125,194.2421875,0.0,0.0,3.15625,19.79570770263672
none,2,111,1.0,0.0,1.0,1.0,1.0,1.0,39.69921875,65.2421875,63.75,60.53515625,139.578125,205.38671875,200.390625,193.4921875,0.0,0.0,3.27734375,19.2996768951416
none,2,112,1.0,0.0,1.0,1.0,1.0,1.0,40.03515625,65.9453125,64.05078125,58.6796875,143.2421875,210.6875,202.52734375,189.09765625,0.0,0.0,3.40234375,19.25223159790039
none,2,113,1.0,0.0,1.0,1.0,1.0,1.0,39.15625,64.4296875,64.5703125,60.5703125,139.5234375,204.48046875,202.0078125,194.14453125,0.0,0.0,3.2890625,19.442317962646484
none,2,114,1.0,0.0,1.0,1.0,1.0,1.0,38.53125,66.390625,63.57421875,60.359375,137.640625,207.7890625,199.21484375,192.50390625,0.0,0.0,3.02734375,19.69532012939453
none,2,115,1.0,0.0,1.0,1.0,1.0,1.0,38.77734375,65.7421875,64.0234375,61.99609375,139.48828125,207.66796875,200.2421875,197.6015625,0.0,0.0,3.23828125,19.949146270751953
none,2,116,1.0,0.0,1.0,1.0,1.0,1.0,39.44140625,65.24609375,63.515625,61.52734375,140.609375,204.421875,198.39453125,196.33984375,0.0,0.0,3.046875,19.673011779785156
none,2,117,1.0,0.0,1.0,1.0,1.0,1.0,39.26953125,66.84375,64.66015625,59.078125,139.78125,211.40625,201.98828125,189.0390625,0.0,0.0,3.1328125,19.619779586791992
none,2,118,1.0,0.0,1.0,1.0,1.0,1.0,39.73046875,67.0390625,63.4765625,60.21484375,139.75390625,210.2109375,198.22265625,192.73828125,0.0,0.0,2.9765625,19.741046905517578
none,2,119,1.0,0.0,1.0,1.0,1.0,1.0,39.484375,67.2734375,64.359375,61.25390625,140.2578125,211.28125,201.3515625,195.59765625,0.0,0.0,2.9296875,20.280344009399414
none,2,120,1.0,0.0,1.0,1.0,1.0,1.0,38.296875,66.91796875,64.546875,60.7421875,137.2734375,210.578125,200.6171875,193.79296875,0.0,0.0,3.0390625,20.179431915283203
none,2,121,1.0,0.0,1.0,1.0,1.0,1.0,37.82421875,67.98046875,63.89453125,60.30859375,136.42578125,213.10546875,198.28515625,191.77734375,0.0,0.0,2.85546875,20.34669303894043
none,2,122,1.0,0.0,1.0,1.0,1.0,1.0,38.93359375,66.2734375,63.5625,61.578125,137.82421875,207.296875,199.40625,196.14453125,0.0,0.0,2.859375,19.89166831970215
none,2,123,1.0,0.0,1.0,1.0,1.0,1.0,38.078125,68.10546875,64.16796875,62.35546875,136.5625,212.00390625,201.17578125,197.9609375,0.0,0.0,2.91796875,20.548240661621094
none,2,124,1.0,0.0,1.0,1.0,1.0,1.0,37.875,69.19921875,65.17578125,59.57421875,135.3203125,218.13671875,203.06640625,189.57421875,0.0,0.0,2.72265625,20.46942710876465
none,2,125,1.0,0.0,1.0,1.0,1.0,1.0,37.7421875,68.4765625,65.90625,59.2578125,135.1484375,215.55859375,205.41015625,188.43359375,0.0,0.0,2.75390625,20.556779861450195
none,2,126,1.0,0.0,1.0,1.0,1.0,1.0,37.39453125,68.61328125,64.94140625,59.94140625,135.0234375,216.71484375,204.5703125,190.41796875,0.0,0.0,2.78125,20.545778274536133
none,2,127,1.0,0.0,1.0,1.0,1.0,1.0,38.02734375,67.64453125,65.41015625,61.4140625,136.7265625,212.66796875,203.28515625,193.8046875,0.0,0.0,2.890625,20.579917907714844
none,2,128,1.0,0.0,1.0,1.0,1.0,1.0,38.4453125,67.4375,64.82421875,60.89453125,139.55859375,212.24609375,202.37890625,193.15625,0.0,0.0,2.95703125,20.36054801940918
none,2,129,1.0,0.0,1.0,1.0,1.0,1.0,37.61328125,68.25,65.0390625,60.390625,136.421875,213.76171875,203.17578125,191.91796875,0.0,0.0,2.83984375,20.562116622924805
none,2,130,1.0,0.0,1.0,1.0,1.0,1.0,38.09765625,68.68359375,65.24609375,60.11328125,136.625,216.0078125,202.21484375,190.8359375,0.0,0.0,2.83984375,20.429174423217773
none,2,131,1.0,0.0,1.0,1.0,1.0,1.0,38.15234375,68.01953125,66.0390625,61.33203125,137.12890625,212.83984375,204.04296875,193.9765625,0.0,0.0,2.67578125,20.637283325195312
none,2,132,1.0,0.0,1.0,1.0,1.0,1.0,37.8984375,67.98046875,65.171875,62.1640625,137.078125,213.515625,201.6875,197.4453125,0.0,0.0,2.62109375,21.01363182067871
none,2,133,1.0,0.0,1.0,1.0,1.0,1.0,38.9609375,68.296875,64.91015625,61.578125,139.2109375,213.609375,200.05078125,196.55859375,0.0,0.0,2.75390625,20.738426208496094
none,2,134,1.0,0.0,1.0,1.0,1.0,1.0,38.5,67.953125,65.32421875,61.34375,138.7421875,212.43359375,202.45703125,195.09765625,0.0,0.0,2.78515625,20.634687423706055
none,2,135,1.0,0.0,1.0,1.0,1.0,1.0,37.1796875,68.4609375,65.3203125,60.61328125,134.984375,214.765625,201.87109375,191.7265625,0.0,0.0,2.83203125,20.881195068359375
none,2,136,1.0,0.0,1.0,1.0,1.0,1.0,37.25390625,68.2890625,65.8984375,61.66015625,134.87890625,213.84375,202.390625,195.34375,0.0,0.0,2.65234375,21.0986385345459
none,2,137,1.0,0.0,1.0,1.0,1.0,1.0,37.9609375,67.89453125,65.734375,60.92578125,136.91796875,212.33203125,202.27734375,192.8671875,0.0,0.0,2.8203125,20.696304321289062
none,2,138,1.0,0.0,1.0,1.0,1.0,1.0,37.3671875,67.46875,65.54296875,61.76953125,136.53125,211.203125,204.1484375,196.0703125,0.0,0.0,2.44921875,21.060523986816406
none,2,139,1.0,0.0,1.0,1.0,1.0,1.0,37.921875,68.38671875,65.26953125,61.81640625,137.6484375,214.578125,201.7265625,195.5625,0.0,0.0,2.48828125,21.148193359375
none,2,140,1.0,0.0,1.0,1.0,1.0,1.0,38.01171875,68.21875,64.8203125,61.98046875,137.609375,213.28125,200.90625,198.98828125,0.0,0.0,2.57421875,20.944292068481445
none,2,141,1.0,0.0,1.0,1.0,1.0,1.0,37.390625,68.98828125,65.53125,62.9140625,136.890625,214.7578125,202.19921875,199.5546875,0.0,0.0,2.6015625,21.20108413696289
none,2,142,1.0,0.0,1.0,1.0,1.0,1.0,36.78125,70.828125,65.234375,61.1015625,134.69921875,221.0,201.3046875,194.5703125,0.0,0.0,2.640625,21.496496200561523
none,2,143,1.0,0.0,1.0,1.0,1.0,1.0,37.28125,70.36328125,66.45703125,60.22265625,135.96875,219.21484375,205.90234375,189.91015625,0.0,0.0,2.51953125,21.479284286499023
none,2,144,1.0,0.0,1.0,1.0,1.0,1.0,38.76953125,69.171875,65.6484375,62.140625,139.83203125,216.453125,202.12109375,197.171875,0.0,0.0,2.53515625,21.05126190185547
none,2,145,1.0,0.0,1.0,1.0,1.0,1.0,38.19140625,69.5546875,66.75390625,61.67578125,140.125,217.578125,204.3984375,195.91796875,0.0,0.0,2.5390625,21.48358154296875
none,2,146,1.0,0.0,1.0,1.0,1.0,1.0,37.58984375,70.54296875,67.3359375,60.95703125,138.30078125,220.27734375,207.79296875,192.3671875,0.0,0.0,2.5390625,21.665225982666016
none,2,147,1.0,0.0,1.0,1.0,1.0,1.0,38.15625,67.3671875,66.94140625,63.19921875,139.41796875,211.69921875,207.30078125,201.3671875,0.0,0.0,2.62890625,21.34465789794922
none,2,148,1.0,0.0,1.0,1.0,1.0,1.0,38.44921875,67.66015625,68.3359375,63.05078125,142.74609375,212.8125,212.6796875,199.953125,0.0,0.0,2.40625,21.7171688079834
none,2,149,1.0,0.0,1.0,1.0,1.0,1.0,37.8203125,69.94921875,66.29296875,62.8125,139.72265625,218.15234375,206.1015625,199.40625,0.0,0.0,2.29296875,21.8204345703125
none,2,150,1.0,0.0,1.0,1.0,1.0,1.0,37.859375,69.24609375,67.22265625,61.71484375,139.875,217.85546875,208.57421875,195.890625,0.0,0.0,2.4921875,21.67487144470215
none,2,151,1.0,0.0,1.0,1.0,1.0,1.0,37.14453125,70.3984375,67.02734375,61.8046875,135.546875,221.28515625,207.8984375,195.8515625,0.0,0.0,2.34375,22.02614974975586
none,2,152,1.0,0.0,1.0,1.0,1.0,1.0,37.48828125,70.83984375,67.89453125,61.36328125,138.7578125,222.60546875,209.0703125,193.9609375,0.0,0.0,2.23828125,21.947406768798828
none,2,153,1.0,0.0,1.0,1.0,1.0,1.0,36.5859375,70.57421875,66.1640625,62.62109375,135.70703125,221.32421875,203.98828125,198.1953125,0.0,0.0,2.4296875,21.89691162109375
none,2,154,1.0,0.0,1.0,1.0,1.0,1.0,36.0,71.07421875,67.60546875,62.27734375,133.47265625,222.203125,207.8125,197.31640625,0.0,0.0,2.27734375,22.21088218688965
none,2,155,1.0,0.0,1.0,1.0,1.0,1.0,36.5,71.47265625,68.14453125,61.28515625,135.9453125,225.515625,208.35546875,193.80859375,0.0,0.0,2.453125,22.23866844177246
none,2,156,1.0,0.0,1.0,1.0,1.0,1.0,35.8203125,71.26171875,68.171875,62.296875,132.41796875,223.90625,210.23828125,197.125,0.0,0.0,2.37890625,22.56685447692871
none,2,157,1.0,0.0,1.0,1.0,1.0,1.0,37.34375,72.37109375,67.9296875,62.08203125,137.31640625,226.05859375,208.38671875,197.6875,0.0,0.0,2.27734375,22.386486053466797
none,2,158,1.0,0.0,1.0,1.0,1.0,1.0,36.41015625,69.90234375,68.23828125,61.78125,137.05078125,219.8046875,210.33203125,196.59765625,0.0,0.0,2.34765625,22.177593231201172
none,2,159,1.0,0.0,1.0,1.0,1.0,1.0,35.31640625,73.1328125,68.58203125,61.00390625,131.6328125,227.03125,211.1015625,192.3984375,0.0,0.0,2.23046875,22.744457244873047
none,2,160,1.0,0.0,1.0,1.0,1.0,1.0,35.734375,72.16015625,68.33984375,61.8046875,131.078125,224.859375,209.875,194.5078125,0.0,0.0,2.2109375,22.650793075561523
none,2,161,1.0,0.0,1.0,1.0,1.0,1.0,35.671875,73.88671875,68.89453125,62.0703125,132.921875,232.0859375,211.37890625,194.91015625,0.0,0.0,2.0234375,22.918880462646484
none,2,162,1.0,0.0,1.0,1.0,1.0,1.0,36.1640625,72.48828125,68.609375,62.04296875,135.5,225.9296875,209.66015625,194.80078125,0.0,0.0,2.26953125,22.524822235107422
none,2,163,1.0,0.0,1.0,1.0,1.0,1.0,35.609375,71.26171875,68.70703125,63.59375,133.91796875,224.09375,210.1015625,199.51953125,0.0,0.0,2.3671875,22.679248809814453
none,2,164,1.0,0.0,1.0,1.0,1.0,1.0,35.84375,72.13671875,69.734375,61.31640625,134.2421875,226.046875,213.55859375,194.16796875,0.0,0.0,2.2734375,22.838375091552734
none,2,165,1.0,0.0,1.0,1.0,1.0,1.0,35.6953125,72.72265625,68.09375,62.4453125,134.5,227.10546875,208.34375,197.80078125,0.0,0.0,2.234375,22.84093475341797
none,2,166,1.0,0.0,1.0,1.0,1.0,1.0,35.859375,71.78125,69.578125,62.60546875,133.4140625,224.78125,211.98828125,195.9375,0.0,0.0,2.21484375,22.964420318603516
none,2,167,1.0,0.0,1.0,1.0,1.0,1.0,35.9765625,71.44140625,69.82421875,63.203125,135.1015625,221.06640625,211.83203125,198.5,0.0,0.0,2.18359375,23.07650375366211
none,2,168,1.0,0.0,1.0,1.0,1.0,1.0,35.6015625,70.96484375,68.6015625,62.8828125,134.19921875,220.8515625,208.62109375,196.87890625,0.0,0.0,2.34375,22.5820369720459
none,2,169,1.0,0.0,1.0,1.0,1.0,1.0,35.08984375,73.90625,69.30078125,63.453125,134.484375,227.29296875,211.6640625,199.51953125,0.0,0.0,2.01171875,23.538864135742188
none,2,170,1.0,0.0,1.0,1.0,1.0,1.0,35.4609375,74.09765625,69.0,62.62890625,133.37890625,228.984375,210.48828125,195.1953125,0.0,0.0,2.03515625,23.319316864013672
none,2,171,1.0,0.0,1.0,1.0,1.0,1.0,36.01171875,72.25390625,70.33984375,64.5625,135.55859375,223.8046875,213.76953125,201.43359375,0.0,0.0,1.91796875,23.259702682495117
none,2,172,1.0,0.0,1.0,1.0,1.0,1.0,34.859375,71.9453125,70.55859375,63.171875,132.58203125,224.9296875,214.2890625,200.14453125,0.0,0.0,2.00390625,23.41762924194336
none,2,173,1.0,0.0,1.0,1.0,1.0,1.0,34.63671875,73.765625,70.19140625,63.04296875,132.20703125,228.796875,213.11328125,197.609375,0.0,0.0,2.11328125,23.502056121826172
none,2,174,1.0,0.0,1.0,1.0,1.0,1.0,35.08984375,73.84375,68.53515625,64.40234375,134.25390625,228.69140625,209.19140625,200.81640625,0.0,0.0,1.97265625,23.532651901245117
none,2,175,1.0,0.0,1.0,1.0,1.0,1.0,33.76953125,73.9453125,70.62109375,62.6875,129.48828125,230.63671875,214.7890625,197.70703125,0.0,0.0,2.06640625,23.755733489990234
none,2,176,1.0,0.0,1.0,1.0,1.0,1.0,34.453125,72.7421875,70.91796875,63.0234375,132.515625,226.8515625,216.2421875,198.84375,0.0,0.0,1.8828125,23.605924606323242
none,2,177,1.0,0.0,1.0,1.0,1.0,1.0,34.0703125,74.375,72.03125,62.640625,131.5,231.125,219.40625,197.2734375,0.0,0.0,2.0625,24.032241821289062
none,2,178,1.0,0.0,1.0,1.0,1.0,1.0,34.65234375,72.8359375,71.70703125,63.43359375,131.84375,227.72265625,216.54296875,199.48828125,0.0,0.0,1.8359375,23.824237823486328
none,2,179,1.0,0.0,1.0,1.0,1.0,1.0,34.48046875,74.76171875,70.1484375,64.703125,132.7578125,232.3359375,212.24609375,202.6328125,0.0,0.0,2.0234375,23.947233200073242
none,2,180,1.0,0.0,1.0,1.0,1.0,1.0,33.859375,73.359375,70.87890625,63.91015625,128.546875,227.69140625,216.4453125,200.79296875,0.0,0.0,1.90234375,24.0576229095459
none,2,181,1.0,0.0,1.0,1.0,1.0,1.0,34.3125,73.6953125,70.20703125,64.65625,130.890625,229.48046875,212.421875,202.76953125,0.0,0.0,1.98828125,24.021230697631836
none,2,182,1.0,0.0,1.0,1.0,1.0,1.0,33.7734375,72.85546875,71.49609375,64.31640625,131.0625,227.62109375,216.96875,201.546875,0.0,0.0,1.890625,24.09444808959961
none,2,183,1.0,0.0,1.0,1.0,1.0,1.0,33.51953125,73.5,72.05078125,63.3046875,130.11328125,229.4375,219.15234375,199.3125,0.0,0.0,1.80078125,24.200382232666016
none,2,184,1.0,0.0,1.0,1.0,1.0,1.0,34.05859375,73.6640625,73.53515625,64.609375,130.3359375,228.7734375,222.12109375,201.64453125,0.0,0.0,1.7421875,24.461212158203125
none,2,185,1.0,0.0,1.0,1.0,1.0,1.0,34.0234375,73.8203125,72.4296875,63.703125,130.76171875,230.30859375,220.1953125,198.94140625,0.0,0.0,1.87109375,24.04164695739746
none,2,186,1.0,0.0,1.0,1.0,1.0,1.0,34.3046875,73.99609375,73.078125,64.28125,132.640625,231.14453125,222.2890625,202.18359375,0.0,0.0,1.71875,24.430103302001953
none,2,187,1.0,0.0,1.0,1.0,1.0,1.0,34.30859375,74.48828125,70.90625,65.921875,132.12109375,230.265625,213.87890625,206.19921875,0.0,0.0,1.8515625,24.43606185913086
none,2,188,1.0,0.0,1.0,1.0,1.0,1.0,33.87890625,75.3515625,71.26171875,64.37109375,131.79296875,232.78125,215.2578125,201.24609375,0.0,0.0,1.80078125,24.382787704467773
none,2,189,1.0,0.0,1.0,1.0,1.0,1.0,33.109375,74.96875,72.9453125,64.81640625,127.91015625,231.7890625,220.41796875,203.31640625,0.0,0.0,1.8515625,24.844661712646484
none,2,190,1.0,0.0,1.0,1.0,1.0,1.0,33.515625,75.4296875,71.90234375,64.203125,131.1875,234.1484375,217.5703125,200.4609375,0.0,0.0,1.7421875,24.47504234313965
none,2,191,1.0,0.0,1.0,1.0,1.0,1.0,32.99609375,74.140625,73.6484375,64.80859375,129.20703125,228.57421875,223.63671875,202.15625,0.0,0.0,1.77734375,24.888526916503906
none,2,192,1.0,0.0,1.0,1.0,1.0,1.0,33.33203125,73.27734375,73.29296875,65.08984375,130.1953125,226.19140625,221.56640625,202.47265625,0.0,0.0,1.78125,24.578903198242188
none,2,193,1.0,0.0,1.0,1.0,1.0,1.0,33.046875,74.23046875,73.6328125,65.31640625,128.28125,228.1328125,220.140625,204.73828125,0.0,0.0,1.65234375,24.967845916748047
none,2,194,1.0,0.0,1.0,1.0,1.0,1.0,31.94921875,74.63671875,73.26171875,64.46484375,126.35546875,231.74609375,220.21875,201.1171875,0.0,0.0,1.85546875,25.086013793945312
none,2,195,1.0,0.0,1.0,1.0,1.0,1.0,33.21484375,75.328125,73.16796875,64.00390625,130.05078125,234.27734375,221.0078125,199.3359375,0.0,0.0,1.90625,24.795146942138672
none,2,196,1.0,0.0,1.0,1.0,1.0,1.0,33.5625,76.015625,73.1953125,65.17578125,131.04296875,234.52734375,220.4375,201.82421875,0.0,0.0,1.546875,24.993093490600586
none,2,197,1.0,0.0,1.0,1.0,1.0,1.0,32.77734375,75.36328125,74.03515625,64.765625,127.0625,232.9375,222.0390625,200.94140625,0.0,0.0,1.765625,25.287511825561523
none,2,198,1.0,0.0,1.0,1.0,1.0,1.0,33.79296875,73.72265625,74.3515625,65.8359375,129.9609375,227.65625,223.38671875,203.62890625,0.0,0.0,1.62890625,25.124919891357422
none,2,199,1.0,0.0,1.0,1.0,1.0,1.0,32.53125,76.63671875,74.23828125,64.828125,125.28515625,235.6484375,221.7265625,200.765625,0.0,0.0,1.703125,25.50605010986328
none,2,200,1.0,0.0,1.0,1.0,1.0,1.0,32.8984375,76.80078125,74.1484375,64.26953125,128.609375,236.62890625,223.078125,198.6171875,0.0,0.0,1.59375,25.471763610839844
none,2,201,1.0,0.0,1.0,1.0,1.0,1.0,32.0703125,75.30078125,75.09375,64.52734375,123.29296875,233.8203125,224.859375,200.42578125,0.0,0.0,1.5,25.359472274780273
none,2,202,1.0,0.0,1.0,1.0,1.0,1.0,31.453125,76.49609375,75.24609375,64.37109375,123.640625,234.94921875,223.6953125,199.80859375,0.0,0.0,1.625,25.654644012451172
none,2,203,1.0,0.0,1.0,1.0,1.0,1.0,33.5859375,76.56640625,73.5078125,65.4296875,129.85546875,234.4609375,221.03125,202.1875,0.0,0.0,1.62109375,25.280309677124023
none,2,204,1.0,0.0,1.0,1.0,1.0,1.0,31.97265625,76.546875,75.421875,65.1953125,124.8671875,234.859375,224.29296875,202.76953125,0.0,0.0,1.49609375,25.88179588317871
none,2,205,1.0,0.0,1.0,1.0,1.0,1.0,31.6953125,76.02734375,74.8046875,63.9453125,124.0546875,234.94140625,224.70703125,198.23828125,0.0,0.0,1.6328125,25.377883911132812
none,2,206,1.0,0.0,1.0,1.0,1.0,1.0,32.55859375,74.95703125,76.0546875,66.83984375,127.16796875,230.3125,227.51953125,205.47265625,0.0,0.0,1.65625,25.7681884765625
none,2,207,1.0,0.0,1.0,1.0,1.0,1.0,33.6640625,73.74609375,75.37109375,68.13671875,131.65234375,226.328125,226.04296875,211.05859375,0.0,0.0,1.49609375,25.548839569091797
none,2,208,1.0,0.0,1.0,1.0,1.0,1.0,32.46484375,76.19140625,75.99609375,66.24609375,128.171875,233.72265625,227.86328125,205.9921875,0.0,0.0,1.48828125,25.86322021484375
none,2,209,1.0,0.0,1.0,1.0,1.0,1.0,32.31640625,75.640625,76.3671875,68.2109375,126.83984375,232.375,229.765625,211.37109375,0.0,0.0,1.43359375,26.290584564208984
none,2,210,1.0,0.0,1.0,1.0,1.0,1.0,32.27734375,77.390625,75.40625,66.93359375,125.84375,238.5,224.76171875,206.05078125,0.0,0.0,1.55078125,26.179710388183594
none,2,211,1.0,0.0,1.0,1.0,1.0,1.0,31.87109375,77.4375,74.12109375,66.69140625,126.94140625,238.47265625,220.36328125,207.57421875,0.0,0.0,1.515625,26.101211547851562
none,2,212,1.0,0.0,1.0,1.0,1.0,1.0,31.7890625,76.3125,75.82421875,66.3359375,124.015625,234.56640625,227.0625,205.671875,0.0,0.0,1.47265625,26.03010368347168
none,2,213,1.0,0.0,1.0,1.0,1.0,1.0,31.58203125,75.953125,75.64453125,68.1640625,125.30859375,234.2734375,226.89453125,212.0546875,0.0,0.0,1.47265625,26.329702377319336
none,2,214,1.0,0.0,1.0,1.0,1.0,1.0,32.78515625,75.8984375,76.0390625,66.375,129.81640625,233.98046875,230.15625,207.44140625,0.0,0.0,1.5078125,25.956707000732422
none,2,215,1.0,0.0,1.0,1.0,1.0,1.0,30.84765625,77.99609375,76.109375,66.03125,124.53515625,242.046875,230.19921875,205.1875,0.0,0.0,1.72265625,26.414974212646484
none,2,216,1.0,0.0,1.0,1.0,1.0,1.0,31.68359375,75.9453125,76.28125,66.10546875,125.859375,236.41015625,231.296875,205.421875,0.0,0.0,1.43359375,26.132247924804688
none,2,217,1.0,0.0,1.0,1.0,1.0,1.0,32.03125,77.7109375,76.4375,66.015625,127.7421875,240.38671875,231.22265625,205.73828125,0.0,0.0,1.4296875,26.510284423828125
none,2,218,1.0,0.0,1.0,1.0,1.0,1.0,31.99609375,76.9609375,76.77734375,68.21484375,128.01953125,236.55859375,230.3515625,212.31640625,0.0,0.0,1.51953125,26.646251678466797
none,2,219,1.0,0.0,1.0,1.0,1.0,1.0,30.90625,77.03515625,77.16796875,67.52734375,123.1796875,237.6328125,231.515625,210.56640625,0.0,0.0,1.4609375,26.73261070251465
none,2,220,1.0,0.0,1.0,1.0,1.0,1.0,32.68359375,78.7265625,76.578125,66.375,127.36328125,241.52734375,229.1875,205.3125,0.0,0.0,1.42578125,26.437328338623047
none,2,221,1.0,0.0,1.0,1.0,1.0,1.0,31.91015625,78.5703125,76.5703125,66.5546875,125.46875,241.13671875,228.9375,205.47265625,0.0,0.0,1.5390625,26.519405364990234
none,2,222,1.0,0.0,1.0,1.0,1.0,1.0,31.1171875,78.6171875,77.73828125,66.015625,123.48046875,241.3515625,233.17578125,202.7265625,0.0,0.0,1.42578125,26.88998031616211
none,2,223,1.0,0.0,1.0,1.0,1.0,1.0,32.25,79.2421875,75.54296875,67.4296875,127.0546875,245.12890625,225.81640625,208.12109375,0.0,0.0,1.4375,26.457061767578125
none,2,224,1.0,0.0,1.0,1.0,1.0,1.0,30.83984375,77.98828125,76.296875,67.43359375,122.640625,239.00390625,226.97265625,208.15625,0.0,0.0,1.48046875,26.758655548095703
none,2,225,1.0,0.0,1.0,1.0,1.0,1.0,31.828125,77.75390625,77.35546875,68.88671875,125.15234375,237.69921875,230.26953125,211.0390625,0.0,0.0,1.3046875,27.058334350585938
none,2,226,1.0,0.0,1.0,1.0,1.0,1.0,32.37890625,78.49609375,76.1484375,67.92578125,125.87109375,240.375,226.6484375,209.05859375,0.0,0.0,1.48046875,26.636791229248047
none,2,227,1.0,0.0,1.0,1.0,1.0,1.0,31.80078125,75.6171875,77.10546875,69.828125,124.3046875,231.6171875,228.98828125,216.12890625,0.0,0.0,1.28515625,26.716527938842773
none,2,228,1.0,0.0,1.0,1.0,1.0,1.0,31.41015625,77.94921875,77.65625,68.5546875,125.1875,238.18359375,231.109375,212.8203125,0.0,0.0,1.25390625,26.9788875579834
none,2,229,1.0,0.0,1.0,1.0,1.0,1.0,31.83203125,77.60546875,77.76171875,69.11328125,124.26953125,239.015625,232.9609375,212.60546875,0.0,0.0,1.42578125,27.2185115814209
none,2,230,1.0,0.0,1.0,1.0,1.0,1.0,30.35546875,77.76171875,79.36328125,68.82421875,120.609375,235.86328125,237.83984375,211.2109375,0.0,0.0,1.4296875,27.542387008666992
none,2,231,1.0,0.0,1.0,1.0,1.0,1.0,30.92578125,77.78515625,78.09765625,68.66796875,120.75,238.828125,233.4296875,212.171875,0.0,0.0,1.35546875,27.19832992553711
none,2,232,1.0,0.0,1.0,1.0,1.0,1.0,31.390625,78.70703125,77.73828125,68.5,123.21875,242.55078125,231.890625,211.41796875,0.0,0.0,1.29296875,27.240745544433594
none,2,233,1.0,0.0,1.0,1.0,1.0,1.0,31.125,79.046875,79.15625,67.39453125,124.26953125,242.578125,237.11328125,207.0390625,0.0,0.0,1.140625,27.494415283203125
none,2,234,1.0,0.0,1.0,1.0,1.0,1.0,31.0859375,78.671875,77.640625,68.5546875,124.84765625,241.48046875,231.22265625,210.26953125,0.0,0.0,1.28125,27.342145919799805
none,2,235,1.0,0.0,1.0,1.0,1.0,1.0,31.02734375,78.19140625,79.078125,68.359375,122.27734375,239.5546875,236.484375,209.51171875,0.0,0.0,1.36328125,27.485774993896484
none,2,236,1.0,0.0,1.0,1.0,1.0,1.0,31.0234375,79.265625,78.0,68.0703125,122.2109375,244.984375,234.4609375,208.4375,0.0,0.0,1.33984375,27.38717269897461
none,2,237,1.0,0.0,1.0,1.0,1.0,1.0,31.62890625,79.05078125,78.52734375,68.6953125,125.9609375,242.265625,234.53515625,210.453125,0.0,0.0,1.3828125,27.50244903564453
none,2,238,1.0,0.0,1.0,1.0,1.0,1.0,30.328125,79.78515625,78.046875,68.2265625,120.0,243.984375,232.85546875,209.71875,0.0,0.0,1.26953125,27.412633895874023
none,2,239,1.0,0.0,1.0,1.0,1.0,1.0,31.2734375,78.921875,78.80859375,69.28515625,123.56640625,240.37890625,233.9609375,211.60546875,0.0,0.0,1.30859375,27.53466796875
none,2,240,1.0,0.0,1.0,1.0,1.0,1.0,31.43359375,80.64453125,78.609375,68.609375,123.63671875,247.0390625,234.15234375,209.421875,0.0,0.0,1.18359375,27.904422760009766
none,2,241,1.0,0.0,1.0,1.0,1.0,1.0,31.6015625,80.23046875,79.31640625,68.89453125,125.25,243.27734375,235.71484375,211.50390625,0.0,0.0,1.37890625,27.76704216003418
none,2,242,1.0,0.0,1.0,1.0,1.0,1.0,31.2890625,79.1640625,80.41015625,70.36328125,123.77734375,240.50390625,238.53515625,214.53125,0.0,0.0,1.35546875,27.967628479003906
none,2,243,1.0,0.0,1.0,1.0,1.0,1.0,31.07421875,79.62109375,80.5546875,70.2109375,124.08984375,240.734375,237.140625,214.01953125,0.0,0.0,1.2890625,28.15481185913086
none,2,244,1.0,0.0,1.0,1.0,1.0,1.0,31.0546875,79.85546875,80.14453125,69.46484375,122.42578125,241.67578125,236.55078125,211.19921875,0.0,0.0,1.13671875,28.178897857666016
none,2,245,1.0,0.0,1.0,1.0,1.0,1.0,30.68359375,80.390625,79.09765625,69.85546875,121.80078125,242.83203125,233.45703125,211.0,0.0,0.0,1.25390625,27.918624877929688
none,2,246,1.0,0.0,1.0,1.0,1.0,1.0,30.49609375,80.89453125,78.87109375,70.3125,120.9609375,244.05859375,233.609375,214.609375,0.0,0.0,1.15234375,28.26466941833496
none,2,247,1.0,0.0,1.0,1.0,1.0,1.0,30.9453125,80.19921875,79.93359375,69.01953125,121.70703125,245.01953125,237.03515625,210.453125,0.0,0.0,1.3359375,28.11751365661621
none,2,248,1.0,0.0,1.0,1.0,1.0,1.0,30.21484375,78.83203125,80.90234375,70.65625,120.12890625,241.35546875,239.7734375,215.87890625,0.0,0.0,1.16796875,28.52533531188965
none,2,249,1.0,0.0,1.0,1.0,1.0,1.0,30.9609375,78.7578125,79.9609375,70.9921875,122.20703125,239.38671875,238.01953125,217.17578125,0.0,0.0,1.30859375,28.25502586364746
none,2,250,1.0,0.0,1.0,1.0,1.0,1.0,30.6484375,78.64453125,80.81640625,70.046875,122.375,239.25390625,239.39453125,214.328125,0.0,0.0,1.3125,28.18157958984375
none,2,251,1.0,0.0,1.0,1.0,1.0,1.0,31.08984375,80.1875,80.71875,68.58984375,124.30078125,244.86328125,241.19921875,209.36328125,0.0,0.0,1.1796875,28.20302391052246
none,2,252,1.0,0.0,1.0,1.0,1.0,1.0,29.9453125,79.69921875,80.46484375,70.0703125,118.85546875,243.1796875,238.41796875,215.55078125,0.0,0.0,1.05859375,28.53017807006836
none,2,253,1.0,0.0,1.0,1.0,1.0,1.0,29.93359375,79.76171875,80.48046875,70.39453125,119.17578125,243.80078125,238.51171875,217.0546875,0.0,0.0,1.1171875,28.36841583251953
none,2,254,1.0,0.0,1.0,1.0,1.0,1.0,29.19921875,79.94140625,82.19921875,70.80859375,117.44921875,242.69921875,245.08203125,216.02734375,0.0,0.0,1.12890625,28.87664794921875
none,2,255,1.0,0.0,1.0,1.0,1.0,1.0,30.78125,79.25,81.3828125,71.73828125,120.7109375,239.88671875,241.24609375,218.3203125,0.0,0.0,1.25390625,28.649511337280273
none,2,256,1.0,0.0,1.0,1.0,1.0,1.0,30.3359375,80.35546875,81.25390625,70.01171875,119.81640625,243.59765625,240.4453125,212.53125,0.0,0.0,1.2421875,28.583324432373047
none,2,257,1.0,0.0,1.0,1.0,1.0,1.0,29.7578125,81.46484375,82.10546875,68.8984375,117.26171875,247.296875,242.27734375,209.08203125,0.0,0.0,1.19140625,28.9077205657959
none,2,258,1.0,0.0,1.0,1.0,1.0,1.0,29.58984375,81.7265625,80.88671875,70.98828125,116.875,247.1171875,239.265625,214.078125,0.0,0.0,1.109375,28.903228759765625
none,2,259,1.0,0.0,1.0,1.0,1.0,1.0,29.6640625,80.12890625,81.34375,71.90625,116.34375,242.1484375,240.796875,217.828125,0.0,0.0,1.2421875,29.02345848083496
none,2,260,1.0,0.0,1.0,1.0,1.0,1.0,30.03515625,78.83984375,82.36328125,72.125,119.0703125,235.76171875,241.83984375,218.1484375,0.0,0.0,1.04296875,28.859954833984375
none,2,261,1.0,0.0,1.0,1.0,1.0,1.0,30.2578125,79.59765625,81.1953125,72.640625,119.39453125,239.52734375,237.828125,220.19921875,0.0,0.0,1.03515625,28.92019271850586
none,2,262,1.0,0.0,1.0,1.0,1.0,1.0,29.77734375,79.69140625,81.5078125,72.52734375,116.2265625,239.375,239.3125,220.37890625,0.0,0.0,1.1875,29.207937240600586
none,2,263,1.0,0.0,1.0,1.0,1.0,1.0,29.53515625,79.53515625,81.5234375,72.24609375,115.6875,238.73046875,240.90234375,218.7734375,0.0,0.0,1.21484375,28.975250244140625
none,2,264,1.0,0.0,1.0,1.0,1.0,1.0,30.1484375,81.015625,81.703125,71.1484375,116.91015625,244.43359375,240.66015625,215.25,0.0,0.0,0.99609375,29.06216049194336
none,2,265,1.0,0.0,1.0,1.0,1.0,1.0,30.0859375,81.34375,81.921875,71.4765625,117.63671875,244.515625,242.06640625,216.609375,0.0,0.0,1.22265625,29.10194969177246
none,2,266,1.0,0.0,1.0,1.0,1.0,1.0,30.44140625,80.234375,82.58203125,70.8828125,118.9765625,243.98046875,243.3359375,215.1640625,0.0,0.0,1.125,28.89052391052246
none,2,267,1.0,0.0,1.0,1.0,1.0,1.0,31.01171875,80.16015625,83.3203125,71.828125,120.68359375,242.296875,247.3515625,217.11328125,0.0,0.0,1.08203125,29.155492782592773
none,2,268,1.0,0.0,1.0,1.0,1.0,1.0,29.0390625,81.6953125,83.9921875,69.96484375,114.25,250.0,250.97265625,214.41015625,0.0,0.0,1.203125,29.568992614746094
none,2,269,1.0,0.0,1.0,1.0,1.0,1.0,29.27734375,80.8203125,82.63671875,72.14453125,117.3984375,245.375,244.22265625,219.68359375,0.0,0.0,1.1171875,29.53297233581543
none,2,270,1.0,0.0,1.0,1.0,1.0,1.0,30.4375,81.35546875,80.81640625,71.77734375,120.81640625,247.0859375,239.91796875,219.4375,0.0,0.0,1.0078125,28.878787994384766
none,2,271,1.0,0.0,1.0,1.0,1.0,1.0,29.22265625,81.640625,82.05078125,71.58203125,117.21484375,247.90234375,244.01171875,219.04296875,0.0,0.0,1.05078125,29.403717041015625
none,2,272,1.0,0.0,1.0,1.0,1.0,1.0,29.703125,82.25390625,83.16015625,70.6484375,118.3828125,249.23046875,245.17578125,215.63671875,0.0,0.0,1.109375,29.383115768432617
none,2,273,1.0,0.0,1.0,1.0,1.0,1.0,28.78515625,82.39453125,82.7109375,71.0859375,115.75,248.234375,245.1015625,216.0,0.0,0.0,0.9609375,29.590938568115234
none,2,274,1.0,0.0,1.0,1.0,1.0,1.0,29.5625,81.21484375,83.8359375,71.9453125,116.24609375,244.484375,247.7421875,219.16796875,0.0,0.0,1.05078125,29.720474243164062
none,2,275,1.0,0.0,1.0,1.0,1.0,1.0,28.94921875,81.85546875,83.3359375,72.15234375,115.1015625,245.33984375,245.71484375,218.5390625,0.0,0.0,1.17578125,29.730972290039062
none,2,276,1.0,0.0,1.0,1.0,1.0,1.0,28.8125,81.4375,83.82421875,71.90625,112.73046875,244.93359375,245.82421875,217.65234375,0.0,0.0,1.05078125,29.594945907592773
none,2,277,1.0,0.0,1.0,1.0,1.0,1.0,28.484375,82.12890625,82.40234375,71.9453125,113.99609375,247.5078125,242.76953125,217.87109375,0.0,0.0,1.1328125,29.653018951416016
none,2,278,1.0,0.0,1.0,1.0,1.0,1.0,29.30078125,82.671875,82.4921875,71.78125,116.01171875,248.3515625,242.90234375,218.64453125,0.0,0.0,1.1328125,29.545188903808594
none,2,279,1.0,0.0,1.0,1.0,1.0,1.0,27.94140625,81.87109375,84.41796875,72.32421875,111.69921875,246.55078125,248.91796875,218.7578125,0.0,0.0,1.10546875,30.02707290649414
none,2,280,1.0,0.0,1.0,1.0,1.0,1.0,29.87109375,81.27734375,82.515625,74.546875,118.328125,245.38671875,242.29296875,227.96875,0.0,0.0,1.12890625,29.61397933959961
none,2,281,1.0,0.0,1.0,1.0,1.0,1.0,29.4765625,82.10546875,83.20703125,73.7109375,115.53515625,248.2109375,245.27734375,222.68359375,0.0,0.0,1.09375,29.828847885131836
none,2,282,1.0,0.0,1.0,1.0,1.0,1.0,28.9765625,82.66015625,84.015625,71.97265625,115.64453125,249.0859375,248.4765625,219.48046875,0.0,0.0,1.03515625,29.874935150146484
none,2,283,1.0,0.0,1.0,1.0,1.0,1.0,29.3671875,82.11328125,82.2578125,72.46875,118.30859375,248.171875,242.92578125,221.76953125,0.0,0.0,0.98828125,29.657669067382812
none,2,284,1.0,0.0,1.0,1.0,1.0,1.0,28.234375,81.22265625,83.65625,72.73828125,113.67578125,245.35546875,247.078125,222.28125,0.0,0.0,0.953125,30.09267234802246
none,2,285,1.0,0.0,1.0,1.0,1.0,1.0,28.984375,81.28515625,84.04296875,72.9453125,115.9375,245.86328125,249.0546875,220.90234375,0.0,0.0,0.89453125,30.00067901611328
none,2,286,1.0,0.0,1.0,1.0,1.0,1.0,28.19921875,84.06640625,84.734375,72.30859375,113.015625,254.4453125,250.02734375,219.2265625,0.0,0.0,1.05859375,30.496490478515625
none,2,287,1.0,0.0,1.0,1.0,1.0,1.0,29.33984375,83.46875,84.03515625,72.046875,116.56640625,253.3828125,245.6796875,218.16015625,0.0,0.0,1.0390625,30.05145263671875
none,2,288,1.0,0.0,1.0,1.0,1.0,1.0,28.609375,85.1953125,83.23828125,71.9453125,113.65625,257.35546875,245.66796875,217.3046875,0.0,0.0,1.02734375,30.23333740234375
none,2,289,1.0,0.0,1.0,1.0,1.0,1.0,28.90625,81.99609375,84.25390625,72.796875,114.5546875,248.3125,246.9140625,219.05859375,0.0,0.0,0.98046875,30.06728744506836
none,2,290,1.0,0.0,1.0,1.0,1.0,1.0,28.0390625,83.52734375,85.51171875,71.01171875,109.96875,252.00390625,252.22265625,214.390625,0.0,0.0,0.81640625,30.409358978271484
none,2,291,1.0,0.0,1.0,1.0,1.0,1.0,27.63671875,83.0390625,85.1328125,71.390625,110.39453125,250.3125,250.10546875,215.35546875,0.0,0.0,1.0234375,30.437801361083984
none,2,292,1.0,0.0,1.0,1.0,1.0,1.0,28.68359375,82.87890625,84.6015625,71.57421875,113.828125,251.296875,248.96484375,216.703125,0.0,0.0,1.015625,30.088272094726562
none,2,293,1.0,0.0,1.0,1.0,1.0,1.0,28.36328125,82.9453125,84.15234375,72.73046875,112.08984375,250.40625,246.59375,218.85546875,0.0,0.0,1.109375,30.176198959350586
none,2,294,1.0,0.0,1.0,1.0,1.0,1.0,28.79296875,82.2265625,84.84765625,73.7734375,113.734375,248.1640625,250.0703125,222.97265625,0.0,0.0,0.9765625,30.364639282226562
none,2,295,1.0,0.0,1.0,1.0,1.0,1.0,29.59375,83.2109375,84.1875,74.08203125,116.80078125,249.48828125,246.91796875,223.15625,0.0,0.0,0.9609375,30.39472007751465
none,2,296,1.0,0.0,1.0,1.0,1.0,1.0,27.82421875,83.21484375,84.13671875,73.92578125,111.296875,250.453125,246.92578125,221.19921875,0.0,0.0,1.078125,30.57529067993164
none,2,297,1.0,0.0,1.0,1.0,1.0,1.0,29.0,81.796875,83.7265625,74.56640625,115.234375,244.86328125,245.421875,225.28515625,0.0,0.0,0.984375,30.14180564880371
none,2,298,1.0,0.0,1.0,1.0,1.0,1.0,28.6015625,82.8515625,83.96484375,74.08203125,113.5234375,248.734375,245.484375,222.65234375,0.0,0.0,0.96875,30.445598602294922
none,2,299,1.0,0.0,1.0,1.0,1.0,1.0,28.65234375,82.515625,84.62890625,71.80078125,112.22265625,248.20703125,247.18359375,216.08203125,0.0,0.0,1.0546875,29.99976921081543
none,2,300,1.0,0.0,1.0,1.0,1.0,1.0,28.10546875,85.12109375,84.73046875,72.71484375,111.97265625,254.84375,247.91015625,217.73828125,0.0,0.0,0.90625,30.767013549804688
none,2,301,1.0,0.0,1.0,1.0,1.0,1.0,28.41015625,83.390625,85.34765625,72.8984375,112.85546875,248.71484375,249.2265625,219.3359375,0.0,0.0,0.99609375,30.627010345458984
none,2,302,1.0,0.0,1.0,1.0,1.0,1.0,27.37890625,84.671875,85.51953125,72.14453125,108.11328125,252.1796875,248.3515625,216.66796875,0.0,0.0,1.0078125,30.8326473236084
none,2,303,1.0,0.0,1.0,1.0,1.0,1.0,27.48046875,85.0234375,85.203125,73.3984375,109.078125,256.03125,249.171875,220.72265625,0.0,0.0,0.94921875,31.067874908447266
none,2,304,1.0,0.0,1.0,1.0,1.0,1.0,28.5078125,84.56640625,86.60546875,72.9140625,112.30859375,253.86328125,252.2578125,218.28125,0.0,0.0,0.93359375,31.015884399414062
none,2,305,1.0,0.0,1.0,1.0,1.0,1.0,28.16796875,84.58984375,87.12109375,73.0859375,110.296875,254.10546875,253.609375,219.5859375,0.0,0.0,1.0625,31.133398056030273
none,2,306,1.0,0.0,1.0,1.0,1.0,1.0,28.1484375,84.94921875,84.87890625,73.25390625,112.26171875,254.46484375,248.875,220.953125,0.0,0.0,0.90625,30.979726791381836
none,2,307,1.0,0.0,1.0,1.0,1.0,1.0,27.7578125,84.24609375,84.87890625,73.53125,109.46484375,255.13671875,248.81640625,222.45703125,0.0,0.0,0.96875,30.77309226989746
none,2,308,1.0,0.0,1.0,1.0,1.0,1.0,26.87890625,82.546875,85.953125,74.20703125,108.4921875,249.02734375,251.09765625,226.13671875,0.0,0.0,0.96484375,31.066822052001953
none,2,309,1.0,0.0,1.0,1.0,1.0,1.0,27.32421875,83.94921875,86.24609375,75.01171875,109.79296875,253.86328125,251.69921875,225.796875,0.0,0.0,0.8359375,31.227140426635742
none,2,310,1.0,0.0,1.0,1.0,1.0,1.0,27.21875,85.875,86.37890625,74.015625,109.78125,257.109375,255.00390625,223.375,0.0,0.0,0.80859375,31.596410751342773
none,2,311,1.0,0.0,1.0,1.0,1.0,1.0,26.72265625,85.16796875,86.20703125,73.375,107.03125,257.046875,253.2421875,221.2421875,0.0,0.0,0.90234375,31.248794555664062
none,2,312,1.0,0.0,1.0,1.0,1.0,1.0,26.484375,84.1484375,86.91796875,73.921875,105.828125,256.06640625,253.9453125,222.64453125,0.0,0.0,0.93359375,31.464466094970703
none,2,313,1.0,0.0,1.0,1.0,1.0,1.0,27.5234375,85.05078125,86.5390625,74.59765625,110.015625,255.25,254.2265625,224.79296875,0.0,0.0,0.96484375,31.532398223876953
none,2,314,1.0,0.0,1.0,1.0,1.0,1.0,27.33203125,85.45703125,85.50390625,74.62109375,109.60546875,257.49609375,249.421875,223.95703125,0.0,0.0,0.9453125,31.41478729248047
none,2,315,1.0,0.0,1.0,1.0,1.0,1.0,27.3828125,84.2265625,85.8671875,74.73828125,110.55859375,254.5859375,253.21484375,225.2890625,0.0,0.0,0.90625,31.3514461517334
none,2,316,1.0,0.0,1.0,1.0,1.0,1.0,27.63671875,85.46875,86.10546875,72.23828125,110.453125,259.77734375,252.87890625,218.203125,0.0,0.0,0.98828125,30.988622665405273
none,2,317,1.0,0.0,1.0,1.0,1.0,1.0,27.0546875,85.390625,85.4921875,74.46875,107.34765625,257.54296875,252.4296875,225.46875,0.0,0.0,0.828125,31.13104248046875
none,2,318,1.0,0.0,1.0,1.0,1.0,1.0,27.125,84.96484375,87.74609375,74.29296875,108.5390625,257.25390625,257.26171875,222.96875,0.0,0.0,0.9765625,31.61763572692871
none,2,319,1.0,0.0,1.0,1.0,1.0,1.0,27.19921875,85.09765625,85.5625,74.9921875,108.6875,256.046875,251.44921875,225.9765625,0.0,0.0,0.8984375,31.43251609802246
none,2,320,1.0,0.0,1.0,1.0,1.0,1.0,26.5078125,84.46875,86.8671875,74.453125,107.14453125,252.96875,255.515625,226.08203125,0.0,0.0,0.9140625,31.575542449951172
none,2,321,1.0,0.0,1.0,1.0,1.0,1.0,27.875,85.38671875,87.66796875,74.6953125,109.859375,257.87109375,257.83984375,223.47265625,0.0,0.0,0.8203125,31.86763572692871
none,2,322,1.0,0.0,1.0,1.0,1.0,1.0,27.234375,86.6328125,87.98046875,73.8046875,109.15625,259.5,258.6484375,222.5,0.0,0.0,0.8828125,32.07814025878906
none,2,323,1.0,0.0,1.0,1.0,1.0,1.0,26.91015625,86.09765625,86.16015625,75.26953125,107.54296875,258.76953125,251.88671875,225.88671875,0.0,0.0,0.7578125,31.935665130615234
none,2,324,1.0,0.0,1.0,1.0,1.0,1.0,26.92578125,85.71875,86.84765625,75.4296875,107.515625,257.08984375,254.390625,226.15234375,0.0,0.0,0.80078125,31.9002685546875
none,2,325,1.0,0.0,1.0,1.0,1.0,1.0,27.25390625,85.23046875,87.65234375,72.70703125,107.28515625,258.37890625,255.4765625,218.66796875,0.0,0.0,0.83203125,31.607772827148438
none,2,326,1.0,0.0,1.0,1.0,1.0,1.0,27.6015625,85.40625,86.859375,73.984375,108.55078125,258.12890625,253.2265625,221.625,0.0,0.0,0.9453125,31.52264404296875
none,2,327,1.0,0.0,1.0,1.0,1.0,1.0,27.453125,87.51171875,86.3203125,74.734375,109.1171875,262.94921875,252.15625,223.61328125,0.0,0.0,0.90234375,31.768001556396484
none,2,328,1.0,0.0,1.0,1.0,1.0,1.0,27.30859375,85.00390625,87.7265625,74.24609375,109.39453125,256.1484375,257.203125,222.89453125,0.0,0.0,0.8671875,31.625228881835938
none,2,329,1.0,0.0,1.0,1.0,1.0,1.0,26.49609375,85.60546875,86.05859375,76.984375,105.7890625,258.51953125,252.8671875,232.18359375,0.0,0.0,0.86328125,31.952266693115234
none,2,330,1.0,0.0,1.0,1.0,1.0,1.0,26.39453125,85.77734375,89.3515625,74.65625,105.921875,259.40625,262.390625,224.5546875,0.0,0.0,0.71875,32.23210906982422
none,2,331,1.0,0.0,1.0,1.0,1.0,1.0,25.96875,86.39453125,88.2265625,74.75390625,105.08203125,261.27734375,259.75,225.82421875,0.0,0.0,0.87109375,32.20496368408203
none,2,332,1.0,0.0,1.0,1.0,1.0,1.0,26.37890625,85.3046875,87.578125,75.51953125,105.83203125,256.67578125,257.796875,227.4921875,0.0,0.0,0.890625,31.948720932006836
none,2,333,1.0,0.0,1.0,1.0,1.0,1.0,26.73046875,86.30859375,88.546875,74.08203125,105.33984375,259.71484375,259.32421875,219.98828125,0.0,0.0,0.94921875,32.154666900634766
none,2,334,1.0,0.0,1.0,1.0,1.0,1.0,26.1015625,84.2578125,88.77734375,74.984375,104.21875,252.2109375,258.984375,222.45703125,0.0,0.0,0.82421875,31.849239349365234
none,2,335,1.0,0.0,1.0,1.0,1.0,1.0,26.203125,86.80078125,89.33984375,74.20703125,105.16015625,261.2265625,260.42578125,223.1171875,0.0,0.0,0.7734375,32.32244873046875
none,2,336,1.0,0.0,1.0,1.0,1.0,1.0,25.609375,87.0546875,87.6015625,75.8203125,102.29296875,261.46875,255.109375,225.59375,0.0,0.0,0.84375,32.43220520019531
none,2,337,1.0,0.0,1.0,1.0,1.0,1.0,26.26953125,86.33984375,89.015625,74.5234375,103.859375,258.23828125,258.09765625,223.1328125,0.0,0.0,0.80859375,32.33375549316406
none,2,338,1.0,0.0,1.0,1.0,1.0,1.0,25.80859375,86.484375,87.80859375,75.25,103.4140625,258.86328125,256.51953125,224.19140625,0.0,0.0,0.83984375,32.2470588684082
none,2,339,1.0,0.0,1.0,1.0,1.0,1.0,26.87109375,85.921875,88.171875,75.50390625,106.671875,258.1328125,258.31640625,226.94140625,0.0,0.0,0.8203125,32.22225570678711
none,2,340,1.0,0.0,1.0,1.0,1.0,1.0,26.30078125,87.28515625,88.6953125,74.25390625,104.2421875,262.234375,258.578125,223.3203125,0.0,0.0,0.8046875,32.297027587890625
none,2,341,1.0,0.0,1.0,1.0,1.0,1.0,26.40234375,85.79296875,88.140625,75.8359375,106.56640625,256.90234375,256.75390625,226.5234375,0.0,0.0,0.78125,32.28760528564453
none,2,342,1.0,0.0,1.0,1.0,1.0,1.0,26.25,86.59765625,88.26953125,76.1953125,105.26953125,260.0,257.26953125,227.484375,0.0,0.0,0.81640625,32.58460235595703
none,2,343,1.0,0.0,1.0,1.0,1.0,1.0,26.78515625,86.5703125,87.68359375,76.875,107.91015625,259.09375,256.359375,230.921875,0.0,0.0,0.78515625,32.441062927246094
none,2,344,1.0,0.0,1.0,1.0,1.0,1.0,26.62890625,86.6015625,88.96875,76.0234375,106.828125,259.296875,259.296875,228.44921875,0.0,0.0,0.7734375,32.59142303466797
none,2,345,1.0,0.0,1.0,1.0,1.0,1.0,25.22265625,86.30078125,89.05078125,76.3359375,101.01953125,260.98046875,260.3203125,228.2109375,0.0,0.0,0.875,32.594093322753906
none,2,346,1.0,0.0,1.0,1.0,1.0,1.0,26.0390625,86.35546875,88.63671875,75.64453125,104.0703125,259.91796875,257.56640625,226.98046875,0.0,0.0,0.8359375,32.534786224365234
none,2,347,1.0,0.0,1.0,1.0,1.0,1.0,26.078125,87.1953125,89.7421875,74.6953125,105.140625,261.91015625,261.8046875,223.8515625,0.0,0.0,0.70703125,32.69615936279297
none,2,348,1.0,0.0,1.0,1.0,1.0,1.0,26.21484375,85.78125,88.890625,76.3359375,104.78125,258.27734375,261.1015625,229.640625,0.0,0.0,0.80078125,32.44438171386719
none,2,349,1.0,0.0,1.0,1.0,1.0,1.0,25.62890625,85.61328125,89.39453125,76.44140625,103.27734375,258.26171875,260.078125,229.3046875,0.0,0.0,0.7734375,32.519588470458984
none,2,350,1.0,0.0,1.0,1.0,1.0,1.0,26.25,86.04296875,88.9609375,76.14453125,103.52734375,259.80859375,259.703125,228.31640625,0.0,0.0,0.83203125,32.4412956237793
none,2,351,1.0,0.0,1.0,1.0,1.0,1.0,25.12890625,86.8828125,89.8359375,74.4140625,100.9921875,262.6953125,263.35546875,223.69921875,0.0,0.0,0.8203125,32.78414535522461
none,2,352,1.0,0.0,1.0,1.0,1.0,1.0,25.7421875,85.88671875,88.9453125,77.07421875,103.9296875,257.34375,259.26171875,230.21484375,0.0,0.0,0.84375,32.7266960144043
none,2,353,1.0,0.0,1.0,1.0,1.0,1.0,26.30859375,87.10546875,89.44921875,75.8203125,105.2578125,263.01171875,260.7421875,227.9921875,0.0,0.0,0.8515625,32.66956329345703
none,2,354,1.0,0.0,1.0,1.0,1.0,1.0,25.98046875,87.26953125,90.34375,74.76171875,104.14453125,261.66796875,263.38671875,223.6796875,0.0,0.0,0.890625,32.683868408203125
none,2,355,1.0,0.0,1.0,1.0,1.0,1.0,25.84765625,87.95703125,88.65234375,75.37109375,103.59765625,263.56640625,260.296875,225.1328125,0.0,0.0,0.74609375,32.638206481933594
none,2,356,1.0,0.0,1.0,1.0,1.0,1.0,25.171875,87.265625,89.2578125,76.87890625,100.29296875,262.36328125,261.13671875,228.45703125,0.0,0.0,0.8125,33.16743087768555
none,2,357,1.0,0.0,1.0,1.0,1.0,1.0,25.3671875,89.078125,89.625,74.60546875,101.36328125,266.06640625,261.67578125,223.0546875,0.0,0.0,0.765625,33.122169494628906
none,2,358,1.0,0.0,1.0,1.0,1.0,1.0,25.13671875,88.09375,89.26171875,75.41015625,101.1875,263.96484375,260.29296875,225.6953125,0.0,0.0,0.72265625,33.071285247802734
none,2,359,1.0,0.0,1.0,1.0,1.0,1.0,25.56640625,88.203125,89.453125,75.0859375,101.03515625,264.328125,259.62890625,222.7421875,0.0,0.0,0.8046875,32.80199432373047
none,2,360,1.0,0.0,1.0,1.0,1.0,1.0,25.3671875,88.68359375,89.2421875,76.7578125,100.109375,264.9296875,258.34375,229.0546875,0.0,0.0,0.78515625,33.30735778808594
none,2,361,1.0,0.0,1.0,1.0,1.0,1.0,25.7734375,89.03125,88.2734375,76.32421875,102.02734375,265.3046875,257.3125,227.3359375,0.0,0.0,0.7578125,33.03807830810547
none,2,362,1.0,0.0,1.0,1.0,1.0,1.0,26.234375,88.3125,90.15625,75.34765625,103.96875,263.35546875,260.79296875,224.75390625,0.0,0.0,0.8359375,32.81178283691406
none,2,363,1.0,0.0,1.0,1.0,1.0,1.0,25.73828125,88.40234375,91.171875,76.5234375,101.5,262.625,266.13671875,228.2734375,0.0,0.0,0.74609375,33.54880905151367
none,2,364,1.0,0.0,1.0,1.0,1.0,1.0,26.0546875,88.77734375,89.3359375,75.6484375,103.31640625,267.05859375,259.1328125,226.734375,0.0,0.0,0.8125,32.930782318115234
none,2,365,1.0,0.0,1.0,1.0,1.0,1.0,25.296875,86.5078125,89.703125,77.6875,101.58203125,257.90234375,261.6796875,231.3515625,0.0,0.0,0.7265625,33.07823181152344
none,2,366,1.0,0.0,1.0,1.0,1.0,1.0,26.30078125,87.32421875,90.57421875,76.95703125,105.6640625,262.921875,263.5078125,229.28125,0.0,0.0,0.83984375,33.21527862548828
none,2,367,1.0,0.0,1.0,1.0,1.0,1.0,25.734375,87.36328125,90.5859375,75.48828125,101.94921875,262.92578125,263.98046875,223.73046875,0.0,0.0,0.6953125,33.001068115234375
none,2,368,1.0,0.0,1.0,1.0,1.0,1.0,25.5703125,86.8671875,91.390625,78.13671875,101.3984375,258.625,265.1875,232.81640625,0.0,0.0,0.7421875,33.42962646484375
none,2,369,1.0,0.0,1.0,1.0,1.0,1.0,25.5625,88.28125,90.5234375,75.65234375,100.82421875,266.07421875,263.3984375,226.86328125,0.0,0.0,0.75390625,33.07234573364258
none,2,370,1.0,0.0,1.0,1.0,1.0,1.0,25.8515625,86.97265625,90.4140625,78.1640625,102.234375,258.9921875,262.109375,232.70703125,0.0,0.0,0.6796875,33.338130950927734
none,2,371,1.0,0.0,1.0,1.0,1.0,1.0,25.09375,88.00390625,90.29296875,77.41796875,101.94921875,262.9375,261.00390625,229.7578125,0.0,0.0,0.83984375,33.49382019042969
none,2,372,1.0,0.0,1.0,1.0,1.0,1.0,25.484375,87.78515625,89.765625,78.2109375,101.61328125,261.05859375,260.43359375,231.14453125,0.0,0.0,0.72265625,33.50461959838867
none,2,373,1.0,0.0,1.0,1.0,1.0,1.0,24.23828125,87.78515625,90.63671875,77.41015625,98.09375,261.08203125,260.87890625,229.1171875,0.0,0.0,0.78125,33.81916809082031
none,2,374,1.0,0.0,1.0,1.0,1.0,1.0,24.82421875,87.88671875,89.2109375,77.85546875,99.1953125,259.9296875,257.2109375,230.65625,0.0,0.0,0.76953125,33.421485900878906
none,2,375,1.0,0.0,1.0,1.0,1.0,1.0,25.484375,87.00390625,90.83203125,78.48828125,101.60546875,257.49609375,263.23046875,233.64453125,0.0,0.0,0.82421875,33.597557067871094
none,2,376,1.0,0.0,1.0,1.0,1.0,1.0,25.28515625,87.87109375,90.6171875,77.7734375,99.078125,261.26953125,261.1796875,229.4609375,0.0,0.0,0.63671875,33.5620231628418
none,2,377,1.0,0.0,1.0,1.0,1.0,1.0,25.05078125,86.22265625,90.6484375,79.1015625,97.11328125,255.37890625,262.3671875,233.08203125,0.0,0.0,0.8203125,33.4945068359375
none,2,378,1.0,0.0,1.0,1.0,1.0,1.0,24.35546875,86.83984375,92.03125,77.6875,97.171875,258.37890625,265.140625,228.9765625,0.0,0.0,0.7578125,33.76093292236328
none,2,379,1.0,0.0,1.0,1.0,1.0,1.0,25.0078125,87.91796875,91.2109375,77.48828125,99.53515625,262.8125,266.12109375,229.2265625,0.0,0.0,0.87109375,33.45329284667969
none,2,380,1.0,0.0,1.0,1.0,1.0,1.0,24.69140625,88.8203125,91.36328125,78.96484375,98.09375,264.85546875,263.93359375,234.109375,0.0,0.0,0.69921875,34.20554733276367
none,2,381,1.0,0.0,1.0,1.0,1.0,1.0,24.3671875,87.38671875,90.30859375,78.7109375,97.828125,261.0078125,262.7109375,232.25,0.0,0.0,0.69921875,33.75689697265625
none,2,382,1.0,0.0,1.0,1.0,1.0,1.0,24.87109375,88.48046875,91.39453125,78.26171875,99.39453125,263.31640625,264.3671875,232.5390625,0.0,0.0,0.66015625,33.79158020019531
none,2,383,1.0,0.0,1.0,1.0,1.0,1.0,24.80859375,89.265625,90.12109375,76.4140625,99.69140625,266.5390625,261.6171875,225.65625,0.0,0.0,0.73828125,33.620662689208984
none,2,384,1.0,0.0,1.0,1.0,1.0,1.0,24.18359375,88.57421875,92.421875,76.75390625,97.86328125,265.24609375,268.9453125,227.29296875,0.0,0.0,0.734375,33.94608688354492
none,2,385,1.0,0.0,1.0,1.0,1.0,1.0,24.671875,88.890625,92.71484375,77.02734375,98.0546875,265.578125,269.53125,228.87109375,0.0,0.0,0.7109375,33.99567413330078
none,2,386,1.0,0.0,1.0,1.0,1.0,1.0,24.59375,89.10546875,92.21875,77.2578125,98.98046875,267.05078125,267.53515625,228.3515625,0.0,0.0,0.69921875,34.16579055786133
none,2,387,1.0,0.0,1.0,1.0,1.0,1.0,24.30078125,89.14453125,92.1796875,76.0625,97.734375,266.453125,269.98828125,223.296875,0.0,0.0,0.6875,33.867401123046875
none,2,388,1.0,0.0,1.0,1.0,1.0,1.0,24.125,88.734375,91.47265625,77.3203125,97.06640625,264.21875,267.46484375,230.80078125,0.0,0.0,0.67578125,33.95011520385742
none,2,389,1.0,0.0,1.0,1.0,1.0,1.0,25.21875,87.80078125,90.890625,79.48046875,100.32421875,259.84765625,264.12109375,235.98828125,0.0,0.0,0.7421875,33.70655059814453
none,2,390,1.0,0.0,1.0,1.0,1.0,1.0,24.39453125,87.7890625,91.8125,77.8203125,97.49609375,262.84765625,266.51953125,230.57421875,0.0,0.0,0.71484375,33.92401885986328
none,2,391,1.0,0.0,1.0,1.0,1.0,1.0,24.86328125,89.03125,92.41796875,77.21484375,99.46875,264.015625,269.0078125,230.07421875,0.0,0.0,0.671875,34.01487731933594
none,2,392,1.0,0.0,1.0,1.0,1.0,1.0,25.34765625,87.81640625,91.4375,77.6796875,103.125,263.25,267.12109375,231.65625,0.0,0.0,0.74609375,33.867408752441406
none,2,393,1.0,0.0,1.0,1.0,1.0,1.0,24.796875,88.609375,91.6171875,78.09375,100.08203125,264.58984375,264.0703125,232.8046875,0.0,0.0,0.74609375,33.97161865234375
none,2,394,1.0,0.0,1.0,1.0,1.0,1.0,24.3515625,89.33203125,92.03515625,77.8125,100.28515625,266.48046875,267.6171875,232.27734375,0.0,0.0,0.66015625,34.22111129760742
none,2,395,1.0,0.0,1.0,1.0,1.0,1.0,23.890625,89.63671875,92.2578125,76.9921875,97.8046875,267.55859375,268.20703125,228.05859375,0.0,0.0,0.671875,34.378414154052734
none,2,396,1.0,0.0,1.0,1.0,1.0,1.0,24.921875,88.875,91.015625,77.75,101.45703125,266.390625,264.71875,230.7578125,0.0,0.0,0.640625,33.93799591064453
none,2,397,1.0,0.0,1.0,1.0,1.0,1.0,24.3125,89.41015625,92.359375,78.3515625,99.171875,267.8125,267.3828125,233.8828125,0.0,0.0,0.6875,34.394283294677734
none,2,398,1.0,0.0,1.0,1.0,1.0,1.0,24.58203125,89.3515625,91.39453125,77.66796875,97.37109375,266.421875,264.609375,231.26171875,0.0,0.0,0.78515625,34.134315490722656
none,2,399,1.0,0.0,1.0,1.0,1.0,1.0,24.13671875,89.34375,90.99609375,79.65625,97.06640625,266.6328125,263.17578125,235.3046875,0.0,0.0,0.6328125,34.487518310546875
none,2,400,1.0,0.0,1.0,1.0,1.0,1.0,23.765625,89.2421875,91.08203125,78.46484375,95.73046875,266.2890625,264.1953125,232.13671875,0.0,0.0,0.76171875,34.186927795410156
none,2,401,1.0,0.0,1.0,1.0,1.0,1.0,23.3828125,90.36328125,91.765625,76.48828125,93.3671875,269.359375,266.38671875,225.859375,0.0,0.0,0.68359375,34.20866012573242
none,2,402,1.0,0.0,1.0,1.0,1.0,1.0,23.56640625,90.6328125,92.54296875,78.28125,95.73828125,268.51171875,267.8125,230.6171875,0.0,0.0,0.7109375,34.69395446777344
none,2,403,1.0,0.0,1.0,1.0,1.0,1.0,23.35546875,89.12890625,92.84375,78.20703125,93.91015625,265.828125,268.63671875,231.63671875,0.0,0.0,0.7109375,34.617916107177734
none,2,404,1.0,0.0,1.0,1.0,1.0,1.0,23.06640625,90.53125,92.7265625,77.59765625,93.5546875,269.640625,269.51953125,229.65234375,0.0,0.0,0.70703125,34.587398529052734
none,2,405,1.0,0.0,1.0,1.0,1.0,1.0,23.67578125,89.703125,92.36328125,78.38671875,95.5546875,267.55078125,267.359375,231.94140625,0.0,0.0,0.7109375,34.42059326171875
none,2,406,1.0,0.0,1.0,1.0,1.0,1.0,24.0390625,90.55859375,91.4921875,77.34765625,97.234375,270.95703125,265.9921875,230.30859375,0.0,0.0,0.7265625,34.28108215332031
none,2,407,1.0,0.0,1.0,1.0,1.0,1.0,23.828125,89.9140625,92.37109375,77.33984375,96.390625,270.1640625,268.3203125,229.8515625,0.0,0.0,0.69140625,34.34977722167969
none,2,408,1.0,0.0,1.0,1.0,1.0,1.0,23.87109375,90.2734375,93.484375,76.4453125,96.16796875,270.6953125,269.8984375,227.15625,0.0,0.0,0.7265625,34.46355438232422
none,2,409,1.0,0.0,1.0,1.0,1.0,1.0,24.015625,91.703125,92.19921875,76.48828125,95.2890625,276.26171875,266.41796875,225.38671875,0.0,0.0,0.76171875,34.49223327636719
none,2,410,1.0,0.0,1.0,1.0,1.0,1.0,24.69921875,89.37890625,92.4609375,78.046875,98.2265625,265.734375,267.52734375,230.515625,0.0,0.0,0.67578125,34.149452209472656
none,2,411,1.0,0.0,1.0,1.0,1.0,1.0,23.33984375,91.1875,92.375,77.3203125,94.05859375,270.3828125,267.03125,228.7421875,0.0,0.0,0.6796875,34.647491455078125
none,2,412,1.0,0.0,1.0,1.0,1.0,1.0,24.171875,90.54296875,91.828125,77.6953125,96.41015625,268.48046875,265.56640625,229.9609375,0.0,0.0,0.72265625,34.3010368347168
none,2,413,1.0,0.0,1.0,1.0,1.0,1.0,24.07421875,88.06640625,93.2734375,80.08984375,97.17578125,263.1640625,268.80078125,238.23828125,0.0,0.0,0.62109375,34.71699523925781
none,2,414,1.0,0.0,1.0,1.0,1.0,1.0,23.55078125,90.609375,93.28125,77.26953125,94.92578125,270.1953125,269.890625,228.51171875,0.0,0.0,0.6484375,34.6748161315918
none,2,415,1.0,0.0,1.0,1.0,1.0,1.0,23.30859375,89.48046875,92.48046875,78.54296875,93.859375,266.63671875,268.34765625,230.125,0.0,0.0,0.66796875,34.72615432739258
none,2,416,1.0,0.0,1.0,1.0,1.0,1.0,24.52734375,89.16796875,92.296875,78.90234375,97.625,265.2890625,265.56640625,234.45703125,0.0,0.0,0.578125,34.44545364379883
none,2,417,1.0,0.0,1.0,1.0,1.0,1.0,24.0625,89.484375,93.6875,79.56640625,95.15234375,266.78515625,269.86328125,235.37890625,0.0,0.0,0.65625,34.86639404296875
none,2,418,1.0,0.0,1.0,1.0,1.0,1.0,24.48046875,89.52734375,92.65625,78.83984375,97.87890625,266.1015625,266.69921875,234.8125,0.0,0.0,0.71875,34.65591812133789
none,2,419,1.0,0.0,1.0,1.0,1.0,1.0,24.109375,89.65625,91.421875,80.06640625,96.99609375,267.59375,264.34765625,238.140625,0.0,0.0,0.74609375,34.493629455566406
none,2,420,1.0,0.0,1.0,1.0,1.0,1.0,23.546875,91.234375,93.21484375,78.1640625,94.24609375,271.53515625,269.04296875,230.39453125,0.0,0.0,0.7890625,34.85502243041992
none,2,421,1.0,0.0,1.0,1.0,1.0,1.0,23.8203125,90.30859375,92.390625,78.0078125,95.01171875,269.2265625,265.171875,231.5390625,0.0,0.0,0.7109375,34.619606018066406
none,2,422,1.0,0.0,1.0,1.0,1.0,1.0,23.99609375,89.109375,92.44140625,79.61328125,96.71875,266.44140625,268.17578125,236.546875,0.0,0.0,0.6328125,34.52852249145508
none,2,423,1.0,0.0,1.0,1.0,1.0,1.0,23.2421875,88.8515625,93.18359375,79.859375,94.3125,264.44140625,268.96875,235.9609375,0.0,0.0,0.60546875,34.74909210205078
none,2,424,1.0,0.0,1.0,1.0,1.0,1.0,23.5234375,90.6015625,93.609375,79.4765625,95.98046875,268.875,270.3359375,235.046875,0.0,0.0,0.76171875,35.022300720214844
none,2,425,1.0,0.0,1.0,1.0,1.0,1.0,23.28515625,90.23046875,95.16796875,79.375,93.6171875,268.29296875,274.3359375,234.4296875,0.0,0.0,0.62109375,35.295257568359375
none,2,426,1.0,0.0,1.0,1.0,1.0,1.0,23.0,89.8125,93.875,79.76953125,92.9921875,266.6015625,270.7734375,235.63671875,0.0,0.0,0.65625,35.025352478027344
none,2,427,1.0,0.0,1.0,1.0,1.0,1.0,23.609375,90.59375,93.30078125,78.62109375,97.02734375,268.91796875,268.9921875,230.78515625,0.0,0.0,0.703125,34.764190673828125
none,2,428,1.0,0.0,1.0,1.0,1.0,1.0,23.578125,90.80078125,93.4296875,78.46875,93.8828125,268.96484375,268.6796875,232.78515625,0.0,0.0,0.65625,34.91730499267578
none,2,429,1.0,0.0,1.0,1.0,1.0,1.0,22.99609375,91.76171875,93.7578125,78.9140625,92.7578125,271.5703125,270.9375,231.19921875,0.0,0.0,0.63671875,35.278350830078125
none,2,430,1.0,0.0,1.0,1.0,1.0,1.0,23.87890625,90.85546875,92.953125,78.05078125,95.79296875,269.40234375,268.63671875,229.890625,0.0,0.0,0.671875,34.882957458496094
none,2,431,1.0,0.0,1.0,1.0,1.0,1.0,23.6796875,90.5,92.8125,80.078125,95.3984375,268.3046875,267.12109375,235.83203125,0.0,0.0,0.65625,34.999351501464844
none,2,432,1.0,0.0,1.0,1.0,1.0,1.0,23.0078125,90.5078125,93.15625,78.7109375,91.96875,268.5390625,267.984375,232.3125,0.0,0.0,0.640625,34.97039031982422
none,2,433,1.0,0.0,1.0,1.0,1.0,1.0,23.48046875,90.65234375,94.265625,79.2109375,95.0234375,269.42578125,272.19140625,233.55078125,0.0,0.0,0.69921875,35.261260986328125
none,2,434,1.0,0.0,1.0,1.0,1.0,1.0,23.80859375,89.11328125,93.58984375,79.671875,96.76953125,265.80078125,270.4765625,235.96875,0.0,0.0,0.7109375,34.67945861816406
none,2,435,1.0,0.0,1.0,1.0,1.0,1.0,22.84765625,90.32421875,95.29296875,78.99609375,90.9609375,268.0078125,276.2578125,233.1015625,0.0,0.0,0.640625,35.271751403808594
none,2,436,1.0,0.0,1.0,1.0,1.0,1.0,22.84765625,90.64453125,93.71484375,79.49609375,93.453125,271.71875,270.765625,234.2734375,0.0,0.0,0.68359375,35.09659957885742
none,2,437,1.0,0.0,1.0,1.0,1.0,1.0,22.08203125,89.8671875,94.53515625,79.921875,89.58984375,267.96875,273.453125,235.96484375,0.0,0.0,0.6796875,35.42176818847656
none,2,438,1.0,0.0,1.0,1.0,1.0,1.0,22.70703125,91.21484375,93.48046875,79.41015625,91.94921875,271.4375,269.921875,235.75390625,0.0,0.0,0.65625,35.444313049316406
none,2,439,1.0,0.0,1.0,1.0,1.0,1.0,22.03515625,90.00390625,94.48046875,80.09765625,90.140625,266.7890625,272.25390625,237.37109375,0.0,0.0,0.62109375,35.35691833496094
none,2,440,1.0,0.0,1.0,1.0,1.0,1.0,22.625,90.16015625,95.11328125,80.37890625,91.265625,269.5703125,273.7890625,238.52734375,0.0,0.0,0.66796875,35.69786834716797
none,2,441,1.0,0.0,1.0,1.0,1.0,1.0,22.109375,90.53515625,94.6171875,79.37890625,89.67578125,269.66796875,273.125,234.19921875,0.0,0.0,0.71484375,35.406768798828125
none,2,442,1.0,0.0,1.0,1.0,1.0,1.0,22.2421875,89.7265625,94.60546875,79.671875,91.3203125,267.87890625,274.07421875,236.3671875,0.0,0.0,0.54296875,35.504703521728516
none,2,443,1.0,0.0,1.0,1.0,1.0,1.0,22.578125,90.0390625,94.46484375,79.19140625,90.5703125,268.84765625,272.23828125,233.69140625,0.0,0.0,0.65234375,35.28477478027344
none,2,444,1.0,0.0,1.0,1.0,1.0,1.0,22.4921875,92.50390625,93.68359375,78.5625,91.89453125,274.13671875,269.9453125,232.5859375,0.0,0.0,0.609375,35.386863708496094
none,2,445,1.0,0.0,1.0,1.0,1.0,1.0,22.203125,91.79296875,93.33984375,80.23828125,90.80859375,273.46484375,270.70703125,236.875,0.0,0.0,0.7109375,35.52854537963867
none,2,446,1.0,0.0,1.0,1.0,1.0,1.0,23.015625,90.4609375,93.65625,80.78125,93.23828125,269.40234375,270.47265625,238.296875,0.0,0.0,0.6171875,35.45848846435547
none,2,447,1.0,0.0,1.0,1.0,1.0,1.0,22.65234375,90.3125,94.1953125,79.875,92.40234375,268.69140625,270.69921875,236.953125,0.0,0.0,0.6640625,35.389793395996094
none,2,448,1.0,0.0,1.0,1.0,1.0,1.0,22.78125,91.25390625,94.046875,80.56640625,92.2734375,271.34375,271.60546875,238.1796875,0.0,0.0,0.6328125,35.66204833984375
none,2,449,1.0,0.0,1.0,1.0,1.0,1.0,23.09375,90.36328125,95.17578125,80.328125,93.140625,266.8203125,274.66796875,237.64453125,0.0,0.0,0.625,35.575008392333984
none,2,450,1.0,0.0,1.0,1.0,1.0,1.0,22.95703125,91.80859375,94.203125,80.12890625,93.03515625,273.6875,272.75390625,237.3984375,0.0,0.0,0.55859375,35.66603088378906
none,2,451,1.0,0.0,1.0,1.0,1.0,1.0,23.00390625,91.21875,93.3515625,80.50390625,93.42578125,270.77734375,270.1796875,238.97265625,0.0,0.0,0.6015625,35.654449462890625
none,2,452,1.0,0.0,1.0,1.0,1.0,1.0,23.34765625,90.828125,93.16015625,80.8125,93.82421875,269.48046875,268.5390625,239.1875,0.0,0.0,0.5625,35.23735809326172
none,2,453,1.0,0.0,1.0,1.0,1.0,1.0,23.12109375,92.16015625,94.46875,79.125,91.8125,273.56640625,272.7109375,232.46484375,0.0,0.0,0.60546875,35.74425506591797
none,2,454,1.0,0.0,1.0,1.0,1.0,1.0,23.14453125,90.43359375,94.26171875,80.1640625,92.578125,270.4765625,271.4453125,237.72265625,0.0,0.0,0.68359375,35.38267135620117
none,2,455,1.0,0.0,1.0,1.0,1.0,1.0,23.02734375,90.66796875,94.09765625,81.171875,93.5234375,268.91796875,272.3828125,239.46875,0.0,0.0,0.6796875,35.66046142578125
none,2,456,1.0,0.0,1.0,1.0,1.0,1.0,22.91015625,90.390625,94.37109375,81.390625,93.18359375,269.9375,273.3984375,240.984375,0.0,0.0,0.54296875,35.67303466796875
none,2,457,1.0,0.0,1.0,1.0,1.0,1.0,23.0078125,91.515625,95.4296875,80.1171875,93.16796875,272.22265625,273.98046875,238.09375,0.0,0.0,0.625,35.77647399902344
none,2,458,1.0,0.0,1.0,1.0,1.0,1.0,22.4921875,90.265625,94.0546875,81.3984375,91.79296875,269.41015625,272.33203125,241.4609375,0.0,0.0,0.65625,35.62029266357422
none,2,459,1.0,0.0,1.0,1.0,1.0,1.0,22.76171875,91.91796875,94.37890625,81.90625,93.34765625,273.3671875,273.0390625,242.296875,0.0,0.0,0.6640625,36.14855194091797
none,2,460,1.0,0.0,1.0,1.0,1.0,1.0,22.578125,91.65625,95.94921875,81.85546875,91.8828125,272.8046875,277.3671875,241.86328125,0.0,0.0,0.6171875,36.32784652709961
none,2,461,1.0,0.0,1.0,1.0,1.0,1.0,23.3203125,92.10546875,94.66015625,80.2421875,94.9375,275.046875,273.34765625,236.73828125,0.0,0.0,0.5546875,35.60742950439453
none,2,462,1.0,0.0,1.0,1.0,1.0,1.0,22.28515625,90.1875,94.76953125,81.609375,90.73046875,268.5234375,274.46484375,240.85546875,0.0,0.0,0.58984375,35.929595947265625
none,2,463,1.0,0.0,1.0,1.0,1.0,1.0,22.78125,90.76953125,94.6171875,81.54296875,92.5078125,270.51953125,274.515625,241.8828125,0.0,0.0,0.578125,35.85227966308594
none,2,464,1.0,0.0,1.0,1.0,1.0,1.0,22.60546875,91.1640625,96.23828125,81.078125,91.0546875,270.98046875,277.61328125,238.77734375,0.0,0.0,0.6015625,36.07731628417969
none,2,465,1.0,0.0,1.0,1.0,1.0,1.0,22.953125,91.22265625,95.5625,80.6875,91.6953125,270.859375,274.82421875,237.0546875,0.0,0.0,0.65625,35.76807403564453
none,2,466,1.0,0.0,1.0,1.0,1.0,1.0,22.953125,91.91015625,95.8671875,81.69140625,91.76171875,272.21875,277.46875,239.921875,0.0,0.0,0.5546875,36.251869201660156
none,2,467,1.0,0.0,1.0,1.0,1.0,1.0,22.609375,91.86328125,95.45703125,80.953125,91.3984375,269.29296875,273.80078125,238.515625,0.0,0.0,0.609375,35.997066497802734
none,2,468,1.0,0.0,1.0,1.0,1.0,1.0,22.54296875,92.36328125,94.91015625,82.1015625,91.62109375,272.953125,271.35546875,241.40234375,0.0,0.0,0.6640625,36.32753372192383
none,2,469,1.0,0.0,1.0,1.0,1.0,1.0,22.8359375,91.890625,95.08203125,80.33203125,91.37109375,271.76171875,272.44921875,237.046875,0.0,0.0,0.6015625,35.838035583496094
none,2,470,1.0,0.0,1.0,1.0,1.0,1.0,22.03125,91.47265625,95.25390625,80.95703125,88.9609375,269.6171875,273.1796875,236.97265625,0.0,0.0,0.5625,35.831932067871094
none,2,471,1.0,0.0,1.0,1.0,1.0,1.0,22.78125,91.81640625,95.47265625,80.73828125,92.0625,270.0234375,274.37109375,235.640625,0.0,0.0,0.55078125,35.81595230102539
none,2,472,1.0,0.0,1.0,1.0,1.0,1.0,21.86328125,93.22265625,95.6171875,81.2578125,88.28125,274.33984375,275.40234375,237.45703125,0.0,0.0,0.53515625,36.4140625
none,2,473,1.0,0.0,1.0,1.0,1.0,1.0,22.4140625,91.88671875,96.8828125,82.16015625,89.37890625,271.12890625,277.80859375,239.0625,0.0,0.0,0.609375,36.44972610473633
none,2,474,1.0,0.0,1.0,1.0,1.0,1.0,21.96484375,91.6015625,96.70703125,80.6953125,88.59375,271.82421875,278.140625,236.3515625,0.0,0.0,0.61328125,36.147090911865234
none,2,475,1.0,0.0,1.0,1.0,1.0,1.0,22.0078125,92.12890625,95.9765625,81.828125,89.8828125,272.03125,276.2734375,240.65234375,0.0,0.0,0.66015625,36.48933410644531
none,2,476,1.0,0.0,1.0,1.0,1.0,1.0,22.06640625,91.16796875,96.74609375,81.46484375,89.0078125,268.33984375,279.62890625,238.953125,0.0,0.0,0.59765625,36.11253356933594
none,2,477,1.0,0.0,1.0,1.0,1.0,1.0,22.140625,92.73046875,96.3125,81.16796875,90.44140625,273.125,277.42578125,239.88671875,0.0,0.0,0.6328125,36.326942443847656
none,2,478,1.0,0.0,1.0,1.0,1.0,1.0,22.296875,92.61328125,95.6953125,80.984375,90.828125,273.80859375,274.85546875,238.8515625,0.0,0.0,0.56640625,36.26873016357422
none,2,479,1.0,0.0,1.0,1.0,1.0,1.0,22.1015625,91.4453125,95.22265625,81.98046875,89.484375,271.88671875,275.19140625,242.92578125,0.0,0.0,0.6171875,36.424034118652344
none,2,480,1.0,0.0,1.0,1.0,1.0,1.0,21.50390625,94.03125,96.13671875,80.61328125,87.41796875,278.59375,276.76171875,238.04296875,0.0,0.0,0.703125,36.64234161376953
none,2,481,1.0,0.0,1.0,1.0,1.0,1.0,22.1171875,92.74609375,95.8359375,82.5234375,89.48046875,274.39453125,275.46484375,241.859375,0.0,0.0,0.546875,36.65016174316406
none,2,482,1.0,0.0,1.0,1.0,1.0,1.0,21.95703125,93.0234375,96.37109375,80.859375,88.74609375,274.7578125,277.1484375,237.8203125,0.0,0.0,0.5546875,36.41468811035156
none,2,483,1.0,0.0,1.0,1.0,1.0,1.0,23.16796875,91.734375,95.59765625,82.19921875,92.22265625,271.01953125,273.9296875,241.5234375,0.0,0.0,0.6171875,36.29843521118164
none,2,484,1.0,0.0,1.0,1.0,1.0,1.0,21.33203125,92.37109375,96.73828125,81.3828125,87.26171875,271.421875,278.0546875,238.09375,0.0,0.0,0.58984375,36.60543441772461
none,2,485,1.0,0.0,1.0,1.0,1.0,1.0,21.6875,92.05078125,96.9375,82.34375,87.79296875,272.4453125,278.96484375,241.078125,0.0,0.0,0.59375,36.76347351074219
none,2,486,1.0,0.0,1.0,1.0,1.0,1.0,22.0625,92.359375,96.34375,81.87109375,89.109375,271.95703125,275.65625,240.65625,0.0,0.0,0.57421875,36.45825958251953
none,2,487,1.0,0.0,1.0,1.0,1.0,1.0,21.3515625,90.96875,97.82421875,81.51171875,86.90625,267.65625,279.1796875,238.12890625,0.0,0.0,0.625,36.39659881591797
none,2,488,1.0,0.0,1.0,1.0,1.0,1.0,21.61328125,92.328125,96.4765625,82.6796875,88.74609375,270.94140625,278.46484375,242.25,0.0,0.0,0.60546875,36.6395378112793
none,2,489,1.0,0.0,1.0,1.0,1.0,1.0,21.90625,92.5390625,96.21875,82.75,88.3046875,271.328125,274.36328125,242.25,0.0,0.0,0.62109375,36.789283752441406
none,2,490,1.0,0.0,1.0,1.0,1.0,1.0,22.67578125,92.23046875,97.58984375,81.74609375,91.421875,272.2421875,280.03125,239.48828125,0.0,0.0,0.55859375,36.63776397705078
none,2,491,1.0,0.0,1.0,1.0,1.0,1.0,22.59375,91.66796875,95.90625,81.8359375,91.6875,270.53125,275.1640625,238.7890625,0.0,0.0,0.65625,36.37580871582031
none,2,492,1.0,0.0,1.0,1.0,1.0,1.0,21.65234375,92.87109375,96.171875,81.37890625,87.93359375,274.65234375,275.8828125,237.62890625,0.0,0.0,0.58203125,36.60332489013672
none,2,493,1.0,0.0,1.0,1.0,1.0,1.0,21.28515625,92.22265625,96.9296875,82.7265625,87.06640625,272.53515625,279.3984375,242.26953125,0.0,0.0,0.61328125,36.928741455078125
none,2,494,1.0,0.0,1.0,1.0,1.0,1.0,20.96875,94.3125,96.71875,81.48828125,86.2421875,279.24609375,278.62890625,236.90625,0.0,0.0,0.57421875,36.9338264465332
none,2,495,1.0,0.0,1.0,1.0,1.0,1.0,21.515625,92.8125,97.1640625,81.828125,89.0703125,275.30078125,279.2734375,239.3359375,0.0,0.0,0.58984375,36.879051208496094
none,2,496,1.0,0.0,1.0,1.0,1.0,1.0,21.5625,93.34375,96.7265625,82.234375,88.76953125,276.4765625,279.2578125,243.15625,0.0,0.0,0.5546875,37.0177001953125
none,2,497,1.0,0.0,1.0,1.0,1.0,1.0,21.375,92.06640625,97.296875,82.85546875,87.390625,273.55859375,280.9609375,242.72265625,0.0,0.0,0.6328125,36.98747253417969
none,2,498,1.0,0.0,1.0,1.0,1.0,1.0,20.64453125,91.53125,98.08203125,83.046875,86.359375,271.171875,284.31640625,243.328125,0.0,0.0,0.44921875,36.962764739990234
none,2,499,1.0,0.0,1.0,1.0,1.0,1.0,21.85546875,93.05859375,97.08203125,83.52734375,89.30859375,275.7734375,278.33984375,245.07421875,0.0,0.0,0.58203125,37.077537536621094
none,2,500,1.0,0.0,1.0,1.0,1.0,1.0,21.125,92.86328125,96.48046875,81.5078125,87.41015625,275.8125,278.640625,239.484375,0.0,0.0,0.60546875,36.773441314697266
none,2,501,1.0,0.0,1.0,1.0,1.0,1.0,21.359375,92.91796875,97.75390625,81.671875,86.51953125,276.1484375,281.66796875,238.55859375,0.0,0.0,0.6640625,37.00895690917969
none,2,502,1.0,0.0,1.0,1.0,1.0,1.0,21.046875,93.47265625,97.3515625,83.2421875,86.30078125,277.25390625,280.6328125,244.6640625,0.0,0.0,0.5390625,37.318214416503906
none,2,503,1.0,0.0,1.0,1.0,1.0,1.0,21.11328125,93.703125,96.796875,81.6796875,87.703125,277.80859375,278.546875,239.29296875,0.0,0.0,0.6015625,37.02934265136719
none,2,504,1.0,0.0,1.0,1.0,1.0,1.0,21.48046875,95.14453125,96.51171875,80.703125,87.64453125,282.125,279.67578125,236.98046875,0.0,0.0,0.6171875,37.108089447021484
none,2,505,1.0,0.0,1.0,1.0,1.0,1.0,21.81640625,93.4921875,96.609375,82.62890625,88.921875,277.48828125,278.265625,243.00390625,0.0,0.0,0.515625,37.105567932128906
none,2,506,1.0,0.0,1.0,1.0,1.0,1.0,21.9296875,94.3515625,96.30078125,82.97265625,89.28125,278.97265625,279.2109375,242.91015625,0.0,0.0,0.59765625,37.24131774902344
none,2,507,1.0,0.0,1.0,1.0,1.0,1.0,20.94921875,91.71484375,97.28515625,84.625,87.2265625,271.58203125,279.48828125,248.375,0.0,0.0,0.5546875,37.21026611328125
none,2,508,1.0,0.0,1.0,1.0,1.0,1.0,21.1328125,94.16796875,97.05859375,81.6953125,86.05859375,278.43359375,280.234375,239.27734375,0.0,0.0,0.58984375,37.105159759521484
none,2,509,1.0,0.0,1.0,1.0,1.0,1.0,21.046875,93.640625,97.953125,82.45703125,86.88671875,276.25,282.08203125,241.1875,0.0,0.0,0.6015625,37.161354064941406
none,2,510,1.0,0.0,1.0,1.0,1.0,1.0,21.4609375,92.5859375,96.91015625,82.5,87.53125,274.125,278.390625,240.890625,0.0,0.0,0.54296875,36.81661605834961
none,2,511,1.0,0.0,1.0,1.0,1.0,1.0,21.29296875,93.3828125,98.3046875,83.484375,85.578125,275.890625,282.20703125,241.0546875,0.0,0.0,0.5703125,37.51252746582031
none,2,512,1.0,0.0,1.0,1.0,1.0,1.0,20.859375,93.5859375,97.875,83.0625,84.63671875,275.53125,282.5078125,242.5078125,0.0,0.0,0.54296875,37.3475341796875
none,2,513,1.0,0.0,1.0,1.0,1.0,1.0,20.875,93.13671875,98.109375,83.1015625,85.73828125,276.52734375,282.05078125,242.66015625,0.0,0.0,0.63671875,37.24134063720703
none,2,514,1.0,0.0,1.0,1.0,1.0,1.0,21.16796875,93.45703125,99.859375,83.56640625,84.7890625,275.23046875,285.71484375,242.30859375,0.0,0.0,0.55859375,37.70711135864258
none,2,515,1.0,0.0,1.0,1.0,1.0,1.0,21.1015625,95.23046875,98.13671875,82.3984375,86.70703125,279.77734375,281.93359375,238.61328125,0.0,0.0,0.56640625,37.64752960205078
none,2,516,1.0,0.0,1.0,1.0,1.0,1.0,20.5390625,92.78125,99.48046875,83.7890625,83.56640625,273.140625,286.859375,243.5625,0.0,0.0,0.46875,37.71217346191406
none,2,517,1.0,0.0,1.0,1.0,1.0,1.0,21.33984375,94.35546875,98.7734375,82.53125,86.6796875,277.328125,282.43359375,239.84375,0.0,0.0,0.48046875,37.533966064453125
none,2,518,1.0,0.0,1.0,1.0,1.0,1.0,20.7421875,94.7890625,99.43359375,81.3046875,85.09765625,280.83203125,284.65625,236.54296875,0.0,0.0,0.58203125,37.74683380126953
none,2,519,1.0,0.0,1.0,1.0,1.0,1.0,21.1015625,94.76171875,97.50390625,83.06640625,84.80078125,279.71484375,280.875,242.44140625,0.0,0.0,0.53125,37.553462982177734
none,2,520,1.0,0.0,1.0,1.0,1.0,1.0,21.265625,96.09375,97.171875,82.3359375,87.0,284.65234375,280.0234375,238.890625,0.0,0.0,0.51171875,37.67792892456055
none,2,521,1.0,0.0,1.0,1.0,1.0,1.0,21.265625,94.53515625,97.12109375,83.5859375,87.5078125,276.890625,279.36328125,244.9609375,0.0,0.0,0.55859375,37.545806884765625
none,2,522,1.0,0.0,1.0,1.0,1.0,1.0,21.1640625,93.57421875,97.19140625,83.3046875,87.6953125,275.02734375,278.96484375,245.08203125,0.0,0.0,0.5703125,37.330726623535156
none,2,523,1.0,0.0,1.0,1.0,1.0,1.0,21.22265625,94.45703125,96.65625,83.5625,87.2265625,278.703125,277.453125,243.89453125,0.0,0.0,0.5703125,37.43543243408203
none,2,524,1.0,0.0,1.0,1.0,1.0,1.0,21.26953125,93.51171875,96.93359375,84.46875,87.88671875,275.4765625,276.359375,244.87109375,0.0,0.0,0.55859375,37.499961853027344
none,2,525,1.0,0.0,1.0,1.0,1.0,1.0,20.7109375,92.6875,97.73046875,84.5625,85.31640625,274.25390625,280.69921875,247.59375,0.0,0.0,0.53125,37.49403762817383
none,2,526,1.0,0.0,1.0,1.0,1.0,1.0,20.6953125,95.59375,97.34765625,82.80078125,85.00390625,280.4765625,278.35546875,241.48046875,0.0,0.0,0.5390625,37.61578369140625
none,2,527,1.0,0.0,1.0,1.0,1.0,1.0,21.03125,92.83984375,99.25390625,84.68359375,86.9765625,273.25,285.16796875,246.6640625,0.0,0.0,0.44921875,37.83494567871094
none,2,528,1.0,0.0,1.0,1.0,1.0,1.0,20.421875,94.93359375,99.1015625,83.078125,85.69921875,279.0625,285.5546875,241.68359375,0.0,0.0,0.625,37.854408264160156
none,2,529,1.0,0.0,1.0,1.0,1.0,1.0,20.55078125,93.9609375,97.6484375,84.7578125,86.66015625,275.62109375,281.6328125,248.453125,0.0,0.0,0.515625,37.77030944824219
none,2,530,1.0,0.0,1.0,1.0,1.0,1.0,20.52734375,94.359375,99.0703125,82.171875,85.0703125,279.1484375,285.01953125,239.71484375,0.0,0.0,0.5234375,37.79851531982422
none,2,531,1.0,0.0,1.0,1.0,1.0,1.0,20.23046875,95.65234375,98.9375,84.0625,84.25,282.48046875,284.93359375,246.51953125,0.0,0.0,0.44140625,38.268646240234375
none,2,532,1.0,0.0,1.0,1.0,1.0,1.0,20.796875,95.14453125,99.16015625,81.8046875,84.43359375,280.38671875,286.32421875,238.7734375,0.0,0.0,0.4609375,37.912696838378906
none,2,533,1.0,0.0,1.0,1.0,1.0,1.0,21.390625,94.1796875,99.1796875,83.76953125,87.57421875,277.16015625,285.30859375,245.3515625,0.0,0.0,0.51953125,37.92107391357422
none,2,534,1.0,0.0,1.0,1.0,1.0,1.0,21.07421875,93.36328125,97.890625,85.4296875,86.51953125,274.765625,281.99609375,249.12890625,0.0,0.0,0.546875,37.819091796875
none,2,535,1.0,0.0,1.0,1.0,1.0,1.0,20.40234375,95.8125,100.3125,83.47265625,82.671875,280.23046875,287.01953125,242.7109375,0.0,0.0,0.51953125,38.50397491455078
none,2,536,1.0,0.0,1.0,1.0,1.0,1.0,20.91015625,95.3359375,99.2265625,82.8515625,86.8203125,281.01171875,284.04296875,241.13671875,0.0,0.0,0.60546875,37.853126525878906
none,2,537,1.0,0.0,1.0,1.0,1.0,1.0,20.9453125,94.39453125,98.8359375,84.16015625,85.33203125,276.3046875,282.60546875,244.296875,0.0,0.0,0.5625,38.03710174560547
none,2,538,1.0,0.0,1.0,1.0,1.0,1.0,20.69140625,96.04296875,99.75390625,84.41015625,83.6640625,279.27734375,282.7265625,242.44140625,0.0,0.0,0.5625,38.385101318359375
none,2,539,1.0,0.0,1.0,1.0,1.0,1.0,20.49609375,94.68359375,99.265625,82.71484375,83.60546875,277.1484375,284.59375,238.40625,0.0,0.0,0.46875,37.86396789550781
none,2,540,1.0,0.0,1.0,1.0,1.0,1.0,21.01953125,94.84765625,99.34765625,85.15625,86.98828125,277.71484375,283.9375,248.39453125,0.0,0.0,0.53125,38.25520324707031
none,2,541,1.0,0.0,1.0,1.0,1.0,1.0,20.77734375,95.84375,99.2578125,82.71484375,84.46875,282.90234375,284.95703125,241.33203125,0.0,0.0,0.51171875,37.89208984375
none,2,542,1.0,0.0,1.0,1.0,1.0,1.0,21.22265625,95.61328125,98.58984375,83.68359375,86.28125,281.23828125,282.0703125,242.53125,0.0,0.0,0.4609375,37.96303176879883
none,2,543,1.0,0.0,1.0,1.0,1.0,1.0,19.421875,96.37890625,99.1171875,83.16796875,80.8359375,284.35546875,282.73828125,241.2734375,0.0,0.0,0.48046875,38.327857971191406
none,2,544,1.0,0.0,1.0,1.0,1.0,1.0,20.91796875,95.1171875,99.578125,84.76171875,86.68359375,277.77734375,285.87109375,246.58203125,0.0,0.0,0.53125,38.28530502319336
none,2,545,1.0,0.0,1.0,1.0,1.0,1.0,21.109375,94.625,100.21875,85.1171875,86.02734375,276.76171875,287.0234375,249.328125,0.0,0.0,0.46875,38.392547607421875
none,2,546,1.0,0.0,1.0,1.0,1.0,1.0,20.71484375,94.30859375,99.8671875,84.3046875,86.5234375,276.828125,286.34375,245.609375,0.0,0.0,0.5234375,37.963619232177734
none,2,547,1.0,0.0,1.0,1.0,1.0,1.0,21.26953125,95.4921875,100.27734375,83.875,87.01953125,280.45703125,286.78515625,243.62890625,0.0,0.0,0.6328125,38.152183532714844
none,2,548,1.0,0.0,1.0,1.0,1.0,1.0,20.29296875,94.13671875,99.13671875,84.37109375,84.515625,278.2734375,284.859375,247.359375,0.0,0.0,0.51171875,38.30734634399414
none,2,549,1.0,0.0,1.0,1.0,1.0,1.0,21.0,95.17578125,100.29296875,85.50390625,86.84765625,279.37109375,288.1796875,249.94140625,0.0,0.0,0.42578125,38.779052734375
none,2,550,1.0,0.0,1.0,1.0,1.0,1.0,20.6796875,95.7109375,99.6171875,84.3046875,84.20703125,280.859375,284.88671875,245.36328125,0.0,0.0,0.50390625,38.46620559692383
none,2,551,1.0,0.0,1.0,1.0,1.0,1.0,20.515625,95.90234375,99.21875,85.03515625,85.45703125,281.2421875,285.1015625,248.02734375,0.0,0.0,0.4609375,38.517730712890625
none,2,552,1.0,0.0,1.0,1.0,1.0,1.0,20.28125,95.6484375,99.5625,85.86328125,83.82421875,280.7890625,286.95703125,250.78125,0.0,0.0,0.484375,38.77216720581055
none,2,553,1.0,0.0,1.0,1.0,1.0,1.0,19.921875,94.625,100.20703125,83.9140625,82.1171875,277.95703125,288.46875,245.4765625,0.0,0.0,0.48046875,38.22294235229492
none,2,554,1.0,0.0,1.0,1.0,1.0,1.0,19.4296875,94.625,100.625,84.44140625,81.125,278.4375,287.31640625,245.30078125,0.0,0.0,0.41015625,38.610870361328125
none,2,555,1.0,0.0,1.0,1.0,1.0,1.0,20.0234375,95.59375,100.05859375,84.95703125,83.6015625,281.3203125,284.48828125,247.171875,0.0,0.0,0.59375,38.65066909790039
none,2,556,1.0,0.0,1.0,1.0,1.0,1.0,20.38671875,94.12109375,100.4296875,85.41796875,85.0703125,276.56640625,290.1953125,247.66015625,0.0,0.0,0.59375,38.49119567871094
none,2,557,1.0,0.0,1.0,1.0,1.0,1.0,20.109375,95.36328125,100.5859375,86.71484375,83.73828125,278.9296875,288.27734375,253.25390625,0.0,0.0,0.50390625,38.75813674926758
none,2,558,1.0,0.0,1.0,1.0,1.0,1.0,20.3828125,95.55859375,99.74609375,84.8203125,85.04296875,281.609375,287.6171875,246.44140625,0.0,0.0,0.44140625,38.486328125
none,2,559,1.0,0.0,1.0,1.0,1.0,1.0,20.60546875,95.265625,99.625,84.921875,84.44140625,279.26171875,286.57421875,245.7578125,0.0,0.0,0.50390625,38.346683502197266
none,2,560,1.0,0.0,1.0,1.0,1.0,1.0,19.77734375,96.50390625,100.46875,85.78125,82.40234375,282.80078125,286.875,248.98046875,0.0,0.0,0.4609375,38.98984909057617
none,2,561,1.0,0.0,1.0,1.0,1.0,1.0,20.87890625,95.91796875,99.7265625,84.66796875,86.38671875,281.15625,285.37109375,244.875,0.0,0.0,0.4609375,38.41362380981445
none,2,562,1.0,0.0,1.0,1.0,1.0,1.0,20.40625,94.3828125,101.04296875,86.51953125,83.828125,275.390625,288.94140625,251.1875,0.0,0.0,0.421875,38.813682556152344
none,2,563,1.0,0.0,1.0,1.0,1.0,1.0,20.08984375,96.44140625,100.7421875,84.69921875,83.16796875,283.28515625,288.25390625,245.83984375,0.0,0.0,0.390625,38.88255310058594
none,2,564,1.0,0.0,1.0,1.0,1.0,1.0,19.33984375,97.8828125,99.96484375,85.16015625,80.171875,288.81640625,286.4296875,246.01171875,0.0,0.0,0.5,39.09080123901367
none,2,565,1.0,0.0,1.0,1.0,1.0,1.0,20.64453125,94.63671875,101.4140625,86.76171875,85.13671875,276.671875,289.86328125,251.3125,0.0,0.0,0.515625,39.00921630859375
none,2,566,1.0,0.0,1.0,1.0,1.0,1.0,19.83984375,96.171875,100.546875,85.0,82.11328125,282.59375,286.33203125,247.0859375,0.0,0.0,0.49609375,38.941322326660156
none,2,567,1.0,0.0,1.0,1.0,1.0,1.0,19.9375,97.4453125,100.88671875,84.61328125,83.6640625,284.7265625,287.75,244.65625,0.0,0.0,0.5390625,39.0836296081543
none,2,568,1.0,0.0,1.0,1.0,1.0,1.0,19.5546875,96.98828125,100.1875,85.5390625,80.796875,286.43359375,285.25,247.5859375,0.0,0.0,0.41015625,39.136451721191406
none,2,569,1.0,0.0,1.0,1.0,1.0,1.0,20.640625,95.859375,100.42578125,85.59765625,84.05078125,280.37890625,286.69921875,247.078125,0.0,0.0,0.5234375,38.75577926635742
none,2,570,1.0,0.0,1.0,1.0,1.0,1.0,20.04296875,95.75390625,101.01953125,86.4765625,83.44921875,280.20703125,288.203125,249.5,0.0,0.0,0.39453125,39.021705627441406
none,2,571,1.0,0.0,1.0,1.0,1.0,1.0,20.73046875,94.48046875,101.015625,86.98046875,84.9921875,275.8984375,287.7734375,251.36328125,0.0,0.0,0.5078125,38.76551818847656
none,2,572,1.0,0.0,1.0,1.0,1.0,1.0,19.9140625,96.09765625,100.45703125,87.328125,81.80859375,281.75390625,286.59765625,252.07421875,0.0,0.0,0.47265625,39.32185363769531
none,2,573,1.0,0.0,1.0,1.0,1.0,1.0,19.94140625,96.1875,99.90625,86.3359375,83.00390625,279.49609375,286.29296875,249.24609375,0.0,0.0,0.51953125,38.846649169921875
none,2,574,1.0,0.0,1.0,1.0,1.0,1.0,19.97265625,95.5390625,100.99609375,85.50390625,82.3515625,280.16015625,287.6640625,246.92578125,0.0,0.0,0.453125,38.94666290283203
none,2,575,1.0,0.0,1.0,1.0,1.0,1.0,20.125,96.6640625,99.78125,85.66015625,83.29296875,282.078125,283.73828125,246.76171875,0.0,0.0,0.5859375,38.99031448364258
none,2,576,1.0,0.0,1.0,1.0,1.0,1.0,19.734375,96.28515625,102.50390625,85.01953125,82.15625,281.4140625,291.5859375,245.87890625,0.0,0.0,0.44140625,39.19972229003906
none,2,577,1.0,0.0,1.0,1.0,1.0,1.0,20.01171875,96.828125,100.83203125,86.140625,81.93359375,284.7734375,287.14453125,248.53515625,0.0,0.0,0.515625,39.286529541015625
none,2,578,1.0,0.0,1.0,1.0,1.0,1.0,18.79296875,97.00390625,101.98046875,85.3046875,79.890625,282.609375,291.36328125,246.49609375,0.0,0.0,0.55859375,39.50484085083008
none,2,579,1.0,0.0,1.0,1.0,1.0,1.0,20.61328125,96.06640625,102.3359375,85.81640625,84.6953125,279.9375,290.890625,248.50390625,0.0,0.0,0.48046875,39.230464935302734
none,2,580,1.0,0.0,1.0,1.0,1.0,1.0,19.76953125,96.73046875,100.68359375,86.12890625,82.51953125,282.76171875,287.54296875,247.26953125,0.0,0.0,0.45703125,39.2453498840332
none,2,581,1.0,0.0,1.0,1.0,1.0,1.0,20.26171875,97.21484375,100.84765625,86.41015625,85.9140625,280.75390625,288.3515625,248.4765625,0.0,0.0,0.49609375,39.14720916748047
none,2,582,1.0,0.0,1.0,1.0,1.0,1.0,19.1171875,96.671875,101.0625,85.8828125,81.6328125,281.9296875,288.1796875,247.51953125,0.0,0.0,0.484375,39.24368667602539
none,2,583,1.0,0.0,1.0,1.0,1.0,1.0,19.56640625,96.30078125,100.515625,85.73046875,81.48046875,280.859375,287.265625,247.68359375,0.0,0.0,0.4921875,39.025245666503906
none,2,584,1.0,0.0,1.0,1.0,1.0,1.0,19.6640625,96.89453125,101.515625,86.3984375,83.18359375,282.28515625,289.890625,251.53515625,0.0,0.0,0.484375,39.49669647216797
none,2,585,1.0,0.0,1.0,1.0,1.0,1.0,19.796875,96.9921875,101.2265625,86.3046875,81.6640625,283.31640625,289.5859375,249.35546875,0.0,0.0,0.515625,39.54914855957031
none,2,586,1.0,0.0,1.0,1.0,1.0,1.0,19.8984375,97.30078125,100.5,85.3359375,83.63671875,286.6328125,287.77734375,247.1484375,0.0,0.0,0.5,39.21442413330078
none,2,587,1.0,0.0,1.0,1.0,1.0,1.0,19.03515625,97.60546875,101.33984375,87.1796875,81.13671875,283.41015625,289.765625,254.14453125,0.0,0.0,0.5078125,39.818641662597656
none,2,588,1.0,0.0,1.0,1.0,1.0,1.0,19.86328125,97.16796875,99.5234375,87.81640625,84.31640625,284.1953125,285.4609375,253.6484375,0.0,0.0,0.43359375,39.12627029418945
none,2,589,1.0,0.0,1.0,1.0,1.0,1.0,19.59765625,97.48046875,100.640625,85.98046875,82.15234375,282.421875,287.6328125,249.05859375,0.0,0.0,0.47265625,39.40810775756836
none,2,590,1.0,0.0,1.0,1.0,1.0,1.0,19.54296875,98.578125,100.3515625,85.59375,81.80859375,286.203125,287.2578125,247.859375,0.0,0.0,0.5,39.33231735229492
none,2,591,1.0,0.0,1.0,1.0,1.0,1.0,19.58203125,98.66796875,100.35546875,86.17578125,81.51953125,286.74609375,287.55078125,249.23046875,0.0,0.0,0.453125,39.52197265625
none,2,592,1.0,0.0,1.0,1.0,1.0,1.0,19.71484375,97.37890625,102.91015625,85.171875,82.9375,282.9453125,294.78515625,244.5390625,0.0,0.0,0.4375,39.46331787109375
none,2,593,1.0,0.0,1.0,1.0,1.0,1.0,19.33984375,96.73046875,102.1171875,85.375,81.03515625,282.19140625,291.48046875,245.61328125,0.0,0.0,0.55078125,39.368431091308594
none,2,594,1.0,0.0,1.0,1.0,1.0,1.0,19.5234375,96.76171875,101.7578125,86.171875,82.1875,280.1640625,289.875,247.8046875,0.0,0.0,0.515625,39.375885009765625
none,2,595,1.0,0.0,1.0,1.0,1.0,1.0,19.9140625,96.38671875,100.6484375,85.90234375,84.51171875,279.7265625,286.953125,248.75,0.0,0.0,0.453125,39.155731201171875
none,2,596,1.0,0.0,1.0,1.0,1.0,1.0,20.109375,97.35546875,101.0234375,86.671875,83.6484375,284.23046875,287.65234375,249.53515625,0.0,0.0,0.43359375,39.362213134765625
none,2,597,1.0,0.0,1.0,1.0,1.0,1.0,19.6484375,97.93359375,101.65625,86.38671875,82.72265625,284.35546875,291.97265625,246.51171875,0.0,0.0,0.47265625,39.652156829833984
none,2,598,1.0,0.0,1.0,1.0,1.0,1.0,19.70703125,97.953125,101.21875,86.00390625,81.671875,286.78125,289.34375,246.4453125,0.0,0.0,0.4921875,39.50914001464844
none,2,599,1.0,0.0,1.0,1.0,1.0,1.0,19.30859375,98.65625,101.8359375,86.83203125,81.87890625,286.40625,289.83203125,251.15625,0.0,0.0,0.421875,40.00928497314453
none,2,600,1.0,0.0,1.0,1.0,1.0,1.0,18.9921875,99.51953125,101.328125,85.40625,80.4140625,290.9140625,291.36328125,246.33984375,0.0,0.0,0.46875,39.86114501953125
none,2,601,1.0,0.0,1.0,1.0,1.0,1.0,19.32421875,98.125,101.50390625,87.16015625,81.37890625,285.640625,291.359375,252.0625,0.0,0.0,0.4296875,39.77654266357422
none,2,602,1.0,0.0,1.0,1.0,1.0,1.0,19.2734375,96.91015625,102.08984375,86.50390625,80.87109375,283.80078125,293.22265625,249.11328125,0.0,0.0,0.4375,39.80190658569336
none,2,603,1.0,0.0,1.0,1.0,1.0,1.0,19.1875,97.3515625,102.09765625,87.5703125,81.6484375,283.1171875,291.5078125,252.6328125,0.0,0.0,0.46875,39.679161071777344
none,2,604,1.0,0.0,1.0,1.0,1.0,1.0,19.48828125,99.296875,101.9140625,86.05078125,81.359375,288.359375,292.40625,248.140625,0.0,0.0,0.5078125,39.88591384887695
none,2,605,1.0,0.0,1.0,1.0,1.0,1.0,19.55859375,97.9609375,102.8671875,87.296875,80.48828125,284.25,293.02734375,251.67578125,0.0,0.0,0.46484375,40.17167282104492
none,2,606,1.0,0.0,1.0,1.0,1.0,1.0,18.9921875,97.5703125,103.609375,86.828125,81.21875,284.1640625,295.171875,250.7890625,0.0,0.0,0.39453125,39.90399932861328
none,2,607,1.0,0.0,1.0,1.0,1.0,1.0,18.84375,98.9609375,100.9140625,86.7421875,78.76171875,287.765625,288.87109375,248.609375,0.0,0.0,0.45703125,39.80876922607422
none,2,608,1.0,0.0,1.0,1.0,1.0,1.0,18.921875,97.7578125,101.203125,86.96875,78.99609375,283.07421875,287.16796875,250.65234375,0.0,0.0,0.3984375,39.67816925048828
none,2,609,1.0,0.0,1.0,1.0,1.0,1.0,18.7890625,99.546875,102.2109375,87.94921875,81.41015625,287.75,290.73828125,252.28515625,0.0,0.0,0.4765625,40.28723907470703
none,2,610,1.0,0.0,1.0,1.0,1.0,1.0,18.828125,98.46875,102.80859375,87.6796875,79.33984375,286.03125,292.33984375,251.7890625,0.0,0.0,0.453125,40.30657958984375
none,2,611,1.0,0.0,1.0,1.0,1.0,1.0,19.078125,97.59375,102.4921875,86.9375,80.03515625,281.453125,292.76953125,250.22265625,0.0,0.0,0.42578125,39.95168685913086
none,2,612,1.0,0.0,1.0,1.0,1.0,1.0,19.36328125,97.13671875,100.88671875,88.203125,81.47265625,281.8671875,288.2109375,253.8203125,0.0,0.0,0.48046875,39.769309997558594
none,2,613,1.0,0.0,1.0,1.0,1.0,1.0,18.78125,98.28125,102.3984375,88.35546875,79.3671875,283.63671875,290.2421875,252.13671875,0.0,0.0,0.421875,40.18579864501953
none,2,614,1.0,0.0,1.0,1.0,1.0,1.0,18.8203125,97.36328125,102.34375,87.48828125,80.14453125,282.11328125,292.484375,251.546875,0.0,0.0,0.48828125,39.773681640625
none,2,615,1.0,0.0,1.0,1.0,1.0,1.0,19.16796875,96.75390625,103.41015625,87.99609375,81.16015625,281.8984375,296.5859375,253.98828125,0.0,0.0,0.40234375,40.148983001708984
none,2,616,1.0,0.0,1.0,1.0,1.0,1.0,18.8828125,97.40234375,102.80078125,88.4375,80.1953125,283.51953125,294.09765625,256.8203125,0.0,0.0,0.484375,40.158878326416016
none,2,617,1.0,0.0,1.0,1.0,1.0,1.0,18.93359375,98.05078125,102.80078125,86.38671875,79.78125,286.96484375,295.33203125,250.13671875,0.0,0.0,0.375,39.906005859375
none,2,618,1.0,0.0,1.0,1.0,1.0,1.0,19.01953125,97.859375,103.23828125,87.296875,79.796875,283.328125,296.05078125,251.9140625,0.0,0.0,0.4453125,40.09503936767578
none,2,619,1.0,0.0,1.0,1.0,1.0,1.0,19.265625,98.59375,103.265625,87.56640625,80.99609375,287.76171875,295.61328125,253.4296875,0.0,0.0,0.53125,40.265159606933594
none,2,620,1.0,0.0,1.0,1.0,1.0,1.0,19.109375,99.5,102.921875,85.91796875,81.1328125,289.69140625,294.59765625,246.63671875,0.0,0.0,0.45703125,40.255638122558594
none,2,621,1.0,0.0,1.0,1.0,1.0,1.0,19.1328125,98.06640625,103.046875,86.65625,80.97265625,285.78125,294.08984375,250.44140625,0.0,0.0,0.43359375,40.118797302246094
none,2,622,1.0,0.0,1.0,1.0,1.0,1.0,18.8203125,98.33203125,103.6640625,87.03125,79.84765625,286.12890625,294.7421875,251.05859375,0.0,0.0,0.40625,40.26854705810547
none,2,623,1.0,0.0,1.0,1.0,1.0,1.0,19.69140625,98.421875,103.33203125,86.6171875,82.30859375,285.91796875,293.9375,249.9765625,0.0,0.0,0.43359375,40.02740478515625
none,2,624,1.0,0.0,1.0,1.0,1.0,1.0,19.70703125,99.796875,101.921875,88.2109375,81.80859375,288.07421875,289.3046875,253.98046875,0.0,0.0,0.421875,40.31779479980469
none,2,625,1.0,0.0,1.0,1.0,1.0,1.0,19.11328125,98.71875,103.03515625,87.3984375,80.41796875,285.359375,292.76171875,252.00390625,0.0,0.0,0.421875,40.3303337097168
none,2,626,1.0,0.0,1.0,1.0,1.0,1.0,19.50390625,98.2578125,102.99609375,88.0703125,81.359375,285.74609375,291.53515625,253.03515625,0.0,0.0,0.49609375,40.37866973876953
none,2,627,1.0,0.0,1.0,1.0,1.0,1.0,19.49609375,99.8203125,102.28515625,88.25,81.39453125,288.3828125,289.8671875,252.0546875,0.0,0.0,0.50390625,40.43278503417969
none,2,628,1.0,0.0,1.0,1.0,1.0,1.0,18.83203125,99.20703125,102.28125,88.46875,80.47265625,287.61328125,291.09765625,254.18359375,0.0,0.0,0.48046875,40.49400329589844
none,2,629,1.0,0.0,1.0,1.0,1.0,1.0,19.40234375,98.83203125,102.59375,89.0390625,81.22265625,284.734375,290.3671875,254.83203125,0.0,0.0,0.42578125,40.55277633666992
none,2,630,1.0,0.0,1.0,1.0,1.0,1.0,19.3046875,98.3828125,103.59765625,88.3359375,80.78515625,285.30859375,292.98046875,251.27734375,0.0,0.0,0.3984375,40.51477813720703
none,2,631,1.0,0.0,1.0,1.0,1.0,1.0,18.81640625,98.890625,102.5390625,88.203125,80.03515625,285.234375,292.375,253.0078125,0.0,0.0,0.4375,40.56739044189453
none,2,632,1.0,0.0,1.0,1.0,1.0,1.0,18.83984375,99.53515625,103.87890625,87.46484375,80.3203125,287.5546875,294.0625,249.8984375,0.0,0.0,0.4375,40.72382354736328
none,2,633,1.0,0.0,1.0,1.0,1.0,1.0,19.203125,98.82421875,103.69140625,88.56640625,81.08203125,286.75,294.6953125,255.0078125,0.0,0.0,0.421875,40.65837860107422
none,2,634,1.0,0.0,1.0,1.0,1.0,1.0,18.92578125,99.140625,103.25390625,88.62109375,81.32421875,287.61328125,294.640625,254.921875,0.0,0.0,0.44921875,40.622066497802734
none,2,635,1.0,0.0,1.0,1.0,1.0,1.0,18.7421875,98.296875,103.7578125,89.65625,79.7890625,286.32421875,294.765625,257.421875,0.0,0.0,0.421875,40.920005798339844
none,2,636,1.0,0.0,1.0,1.0,1.0,1.0,18.7265625,99.56640625,102.40234375,88.390625,82.00390625,287.98828125,290.08984375,255.01953125,0.0,0.0,0.43359375,40.5225944519043
none,2,637,1.0,0.0,1.0,1.0,1.0,1.0,18.5859375,100.62890625,103.875,87.7421875,79.2890625,291.2890625,296.484375,251.24609375,0.0,0.0,0.37890625,40.9041748046875
none,2,638,1.0,0.0,1.0,1.0,1.0,1.0,19.32421875,99.703125,103.03515625,89.3984375,81.08984375,290.703125,292.67578125,256.046875,0.0,0.0,0.40234375,40.901153564453125
none,2,639,1.0,0.0,1.0,1.0,1.0,1.0,19.05078125,100.23046875,103.78125,87.62890625,81.68359375,288.9375,295.48046875,250.84375,0.0,0.0,0.48828125,40.74085998535156
none,2,640,1.0,0.0,1.0,1.0,1.0,1.0,18.60546875,100.46484375,103.03125,87.91796875,79.265625,290.9921875,291.828125,252.078125,0.0,0.0,0.40625,40.72078323364258
none,2,641,1.0,0.0,1.0,1.0,1.0,1.0,18.15625,99.54296875,103.484375,88.1640625,78.59765625,288.390625,294.140625,252.375,0.0,0.0,0.421875,40.729610443115234
none,2,642,1.0,0.0,1.0,1.0,1.0,1.0,18.4453125,101.11328125,104.9296875,87.6328125,78.46875,293.04296875,297.6875,251.66796875,0.0,0.0,0.453125,41.05381774902344
none,2,643,1.0,0.0,1.0,1.0,1.0,1.0,18.82421875,100.71484375,104.3203125,88.36328125,80.41796875,291.296875,295.05078125,252.59375,0.0,0.0,0.3828125,41.15468978881836
none,2,644,1.0,0.0,1.0,1.0,1.0,1.0,18.99609375,99.90625,104.2109375,89.60546875,80.51953125,289.875,296.1328125,255.7421875,0.0,0.0,0.4296875,41.03173065185547
none,2,645,1.0,0.0,1.0,1.0,1.0,1.0,18.55859375,102.38671875,104.2578125,86.71484375,78.80859375,296.57421875,295.7734375,247.328125,0.0,0.0,0.42578125,41.06755065917969
none,2,646,1.0,0.0,1.0,1.0,1.0,1.0,19.08203125,99.5546875,105.34765625,89.09765625,82.3203125,287.48046875,299.37890625,255.42578125,0.0,0.0,0.38671875,41.22058868408203
none,2,647,1.0,0.0,1.0,1.0,1.0,1.0,18.50390625,99.6484375,104.48828125,88.1015625,79.3203125,286.71484375,296.765625,250.7578125,0.0,0.0,0.5390625,40.903900146484375
none,2,648,1.0,0.0,1.0,1.0,1.0,1.0,18.8359375,100.69140625,104.609375,88.10546875,80.98828125,290.609375,295.953125,251.4609375,0.0,0.0,0.44140625,40.97100067138672
none,2,649,1.0,0.0,1.0,1.0,1.0,1.0,19.015625,99.87890625,104.09765625,87.69140625,81.171875,288.44921875,296.828125,248.953125,0.0,0.0,0.3828125,40.890960693359375
none,2,650,1.0,0.0,1.0,1.0,1.0,1.0,18.7578125,99.62890625,105.6953125,87.20703125,80.28125,287.94140625,298.8515625,248.73828125,0.0,0.0,0.453125,41.004119873046875
none,2,651,1.0,0.0,1.0,1.0,1.0,1.0,19.2421875,100.4921875,105.15234375,88.9765625,82.390625,289.859375,297.2734375,253.453125,0.0,0.0,0.4296875,41.25977325439453
none,2,652,1.0,0.0,1.0,1.0,1.0,1.0,19.48046875,99.27734375,104.50390625,89.82421875,82.70703125,286.625,295.98046875,255.09375,0.0,0.0,0.48828125,41.10414505004883
none,2,653,1.0,0.0,1.0,1.0,1.0,1.0,18.3046875,101.4296875,104.4453125,88.56640625,79.83203125,293.984375,296.140625,251.703125,0.0,0.0,0.3359375,41.33200454711914
none,2,654,1.0,0.0,1.0,1.0,1.0,1.0,19.25390625,101.43359375,103.7578125,88.2890625,81.515625,293.68359375,292.33984375,252.2421875,0.0,0.0,0.43359375,41.10746765136719
none,2,655,1.0,0.0,1.0,1.0,1.0,1.0,18.578125,101.46875,104.50390625,89.2734375,81.16015625,295.390625,295.85546875,253.94921875,0.0,0.0,0.40234375,41.43594741821289
none,2,656,1.0,0.0,1.0,1.0,1.0,1.0,18.88671875,100.56640625,103.90234375,89.67578125,81.5234375,290.4375,295.0234375,257.19140625,0.0,0.0,0.43359375,41.05949020385742
none,2,657,1.0,0.0,1.0,1.0,1.0,1.0,18.37890625,100.07421875,105.30859375,90.32421875,80.3515625,289.8125,298.27734375,256.93359375,0.0,0.0,0.4453125,41.51492691040039
none,2,658,1.0,0.0,1.0,1.0,1.0,1.0,18.2109375,100.890625,106.2421875,89.01953125,78.98046875,291.9609375,300.23046875,253.7421875,0.0,0.0,0.36328125,41.6015625
none,2,659,1.0,0.0,1.0,1.0,1.0,1.0,18.51171875,99.96484375,106.0546875,89.3125,79.20703125,288.109375,302.1015625,254.16015625,0.0,0.0,0.46875,41.429229736328125
none,2,660,1.0,0.0,1.0,1.0,1.0,1.0,17.375,101.3671875,104.9609375,89.1484375,75.0078125,291.8125,297.6328125,253.98046875,0.0,0.0,0.4609375,41.651100158691406
none,2,661,1.0,0.0,1.0,1.0,1.0,1.0,18.26171875,99.9765625,105.69921875,90.52734375,78.578125,288.48828125,298.5625,258.8125,0.0,0.0,0.390625,41.77821731567383
none,2,662,1.0,0.0,1.0,1.0,1.0,1.0,18.72265625,100.22265625,104.26953125,89.0703125,80.1171875,289.87890625,294.62109375,253.1953125,0.0,0.0,0.453125,41.135353088378906
none,2,663,1.0,0.0,1.0,1.0,1.0,1.0,18.1171875,101.50390625,105.16796875,89.8828125,78.63671875,293.23046875,296.50390625,255.15234375,0.0,0.0,0.43359375,41.753936767578125
none,2,664,1.0,0.0,1.0,1.0,1.0,1.0,18.0703125,99.98046875,105.2109375,91.25390625,78.09765625,287.3984375,297.80859375,260.17578125,0.0,0.0,0.3828125,41.71056365966797
none,2,665,1.0,0.0,1.0,1.0,1.0,1.0,17.62109375,101.046875,105.19140625,89.54296875,77.64453125,291.26953125,296.45703125,253.87890625,0.0,0.0,0.390625,41.68358612060547
none,2,666,1.0,0.0,1.0,1.0,1.0,1.0,18.53515625,100.66015625,105.32421875,90.43359375,79.12890625,290.8515625,297.42578125,257.6328125,0.0,0.0,0.421875,41.58160400390625
none,2,667,1.0,0.0,1.0,1.0,1.0,1.0,17.7890625,102.203125,105.98828125,89.0859375,77.31640625,295.359375,299.03125,253.5234375,0.0,0.0,0.453125,41.83917999267578
none,2,668,1.0,0.0,1.0,1.0,1.0,1.0,18.703125,100.5078125,105.73828125,90.1015625,80.890625,287.89453125,297.98046875,256.44921875,0.0,0.0,0.4375,41.586788177490234
none,2,669,1.0,0.0,1.0,1.0,1.0,1.0,18.3046875,101.59765625,105.80859375,88.984375,79.0234375,292.5,298.80859375,253.546875,0.0,0.0,0.34765625,41.64573669433594
none,2,670,1.0,0.0,1.0,1.0,1.0,1.0,18.08984375,100.69140625,106.56640625,89.53515625,78.63671875,290.69921875,301.6953125,254.15234375,0.0,0.0,0.42578125,41.82430648803711
none,2,671,1.0,0.0,1.0,1.0,1.0,1.0,18.94140625,100.17578125,106.1640625,90.67578125,81.2265625,288.40625,298.7890625,256.62890625,0.0,0.0,0.4140625,41.66816711425781
none,2,672,1.0,0.0,1.0,1.0,1.0,1.0,18.61328125,101.0625,107.125,89.36328125,81.26953125,290.35546875,300.46484375,254.171875,0.0,0.0,0.40234375,41.90119934082031
none,2,673,1.0,0.0,1.0,1.0,1.0,1.0,18.57421875,101.7578125,105.63671875,90.06640625,80.25390625,291.0078125,298.6171875,254.94140625,0.0,0.0,0.5,41.75558090209961
none,2,674,1.0,0.0,1.0,1.0,1.0,1.0,17.8203125,100.734375,107.078125,89.58203125,77.41015625,291.04296875,302.48828125,255.4296875,0.0,0.0,0.4375,41.928611755371094
none,2,675,1.0,0.0,1.0,1.0,1.0,1.0,17.91796875,101.6640625,105.6328125,90.1953125,78.56640625,293.8125,298.55078125,257.2578125,0.0,0.0,0.3203125,41.986148834228516
none,2,676,1.0,0.0,1.0,1.0,1.0,1.0,18.30859375,101.9453125,106.28515625,89.64453125,78.9375,292.45703125,300.33984375,255.0078125,0.0,0.0,0.39453125,42.075435638427734
none,2,677,1.0,0.0,1.0,1.0,1.0,1.0,18.3984375,102.46875,106.8046875,90.2265625,79.33203125,294.57421875,301.3203125,253.5,0.0,0.0,0.42578125,42.22077178955078
none,2,678,1.0,0.0,1.0,1.0,1.0,1.0,17.57421875,101.359375,106.2734375,88.46875,78.4765625,294.58203125,298.8984375,250.01171875,0.0,0.0,0.421875,41.641876220703125
none,2,679,1.0,0.0,1.0,1.0,1.0,1.0,17.77734375,100.99609375,106.1953125,91.015625,76.8828125,290.44921875,300.79296875,258.015625,0.0,0.0,0.37890625,41.93925476074219
none,2,680,1.0,0.0,1.0,1.0,1.0,1.0,17.84765625,102.875,105.390625,91.2890625,78.05859375,296.9609375,297.69140625,260.2265625,0.0,0.0,0.41796875,42.212074279785156
none,2,681,1.0,0.0,1.0,1.0,1.0,1.0,18.30859375,102.19140625,106.296875,91.234375,80.46875,294.9375,299.6796875,259.94140625,0.0,0.0,0.30859375,42.299530029296875
none,2,682,1.0,0.0,1.0,1.0,1.0,1.0,18.16796875,102.390625,107.43359375,91.07421875,79.265625,295.37890625,303.5859375,260.06640625,0.0,0.0,0.3828125,42.45996856689453
none,2,683,1.0,0.0,1.0,1.0,1.0,1.0,18.171875,102.4921875,105.64453125,91.73828125,79.39453125,293.7734375,298.08984375,260.29296875,0.0,0.0,0.37890625,42.37222671508789
none,2,684,1.0,0.0,1.0,1.0,1.0,1.0,18.20703125,103.296875,105.17578125,91.59375,79.53125,297.09765625,296.38671875,261.2578125,0.0,0.0,0.41015625,42.36848449707031
none,2,685,1.0,0.0,1.0,1.0,1.0,1.0,17.359375,103.09375,104.71875,91.31640625,75.4140625,296.22265625,296.1875,259.67578125,0.0,0.0,0.390625,42.41412353515625
none,2,686,1.0,0.0,1.0,1.0,1.0,1.0,17.6953125,103.2109375,105.828125,88.6796875,77.93359375,296.515625,299.09375,250.97265625,0.0,0.0,0.4296875,42.172203063964844
none,2,687,1.0,0.0,1.0,1.0,1.0,1.0,18.234375,103.18359375,104.86328125,90.5390625,78.87109375,297.140625,295.515625,257.9609375,0.0,0.0,0.45703125,42.08515167236328
none,2,688,1.0,0.0,1.0,1.0,1.0,1.0,17.8359375,103.8203125,106.484375,89.7734375,75.71484375,300.3125,300.3515625,254.484375,0.0,0.0,0.36328125,42.394527435302734
none,2,689,1.0,0.0,1.0,1.0,1.0,1.0,17.33203125,102.8046875,107.4609375,89.55078125,75.4921875,296.01171875,302.8515625,254.375,0.0,0.0,0.37890625,42.34145736694336
none,2,690,1.0,0.0,1.0,1.0,1.0,1.0,18.24609375,102.34765625,105.8515625,89.5546875,78.953125,295.671875,298.87109375,254.51953125,0.0,0.0,0.48046875,41.98382568359375
none,2,691,1.0,0.0,1.0,1.0,1.0,1.0,17.953125,102.4609375,105.35546875,90.93359375,78.16015625,295.4296875,297.8515625,257.84375,0.0,0.0,0.40625,42.16026306152344
none,2,692,1.0,0.0,1.0,1.0,1.0,1.0,17.578125,102.46484375,106.78515625,89.3984375,76.640625,296.08203125,301.3984375,252.06640625,0.0,0.0,0.42578125,42.30888366699219
none,2,693,1.0,0.0,1.0,1.0,1.0,1.0,18.2109375,102.171875,106.5,90.81640625,79.58984375,293.2421875,302.015625,257.67578125,0.0,0.0,0.39453125,42.10260772705078
none,2,694,1.0,0.0,1.0,1.0,1.0,1.0,17.81640625,102.08984375,106.85546875,90.9453125,77.5703125,291.7265625,302.92578125,258.08984375,0.0,0.0,0.375,42.3657341003418
none,2,695,1.0,0.0,1.0,1.0,1.0,1.0,18.49609375,102.01953125,106.7265625,91.53515625,80.44921875,290.4453125,301.1015625,259.57421875,0.0,0.0,0.38671875,42.462379455566406
none,2,696,1.0,0.0,1.0,1.0,1.0,1.0,17.890625,102.44921875,107.46875,92.16796875,78.62890625,293.61328125,302.64453125,260.94140625,0.0,0.0,0.36328125,42.89167404174805
none,2,697,1.0,0.0,1.0,1.0,1.0,1.0,18.30078125,105.28515625,107.6484375,90.5546875,80.48046875,299.8984375,302.76953125,256.51953125,0.0,0.0,0.37109375,42.84386444091797
none,2,698,1.0,0.0,1.0,1.0,1.0,1.0,18.62109375,100.10546875,106.515625,91.7109375,80.5078125,287.5078125,302.2890625,260.74609375,0.0,0.0,0.40234375,42.031761169433594
none,2,699,1.0,0.0,1.0,1.0,1.0,1.0,18.52734375,101.5859375,108.140625,91.890625,80.578125,290.703125,303.98046875,261.00390625,0.0,0.0,0.375,42.41754913330078
none,2,700,1.0,0.0,1.0,1.0,1.0,1.0,18.59765625,102.78125,106.6484375,90.77734375,80.3046875,296.88671875,301.6953125,258.40625,0.0,0.0,0.33984375,42.46870040893555
none,2,701,1.0,0.0,1.0,1.0,1.0,1.0,18.01953125,104.16015625,106.66015625,89.8828125,78.19140625,298.51171875,300.2578125,253.80078125,0.0,0.0,0.453125,42.330299377441406
none,2,702,1.0,0.0,1.0,1.0,1.0,1.0,18.24609375,103.234375,107.6015625,90.390625,77.8828125,295.69921875,303.84375,256.05859375,0.0,0.0,0.36328125,42.543243408203125
none,2,703,1.0,0.0,1.0,1.0,1.0,1.0,17.75390625,102.50390625,107.46484375,91.62109375,78.171875,295.34375,301.68359375,257.8828125,0.0,0.0,0.390625,42.809425354003906
none,2,704,1.0,0.0,1.0,1.0,1.0,1.0,17.8671875,103.3203125,107.21484375,92.17578125,77.87109375,293.546875,302.55859375,260.16796875,0.0,0.0,0.3046875,42.82004928588867
none,2,705,1.0,0.0,1.0,1.0,1.0,1.0,18.328125,103.125,107.9921875,90.8125,79.15625,293.72265625,303.81640625,256.41796875,0.0,0.0,0.37890625,42.579925537109375
none,2,706,1.0,0.0,1.0,1.0,1.0,1.0,17.73828125,102.28515625,106.7109375,92.65234375,76.2421875,291.75390625,301.94921875,262.0234375,0.0,0.0,0.375,42.755393981933594
none,2,707,1.0,0.0,1.0,1.0,1.0,1.0,18.05078125,101.671875,107.21875,93.3046875,79.2421875,289.85546875,300.9921875,264.9140625,0.0,0.0,0.3671875,42.8983268737793
none,2,708,1.0,0.0,1.0,1.0,1.0,1.0,18.23828125,102.19921875,107.05859375,92.41015625,78.9453125,291.17578125,301.671875,261.2421875,0.0,0.0,0.36328125,42.64844512939453
none,2,709,1.0,0.0,1.0,1.0,1.0,1.0,18.15625,103.62890625,107.94140625,91.5078125,79.33984375,295.88671875,303.4453125,257.07421875,0.0,0.0,0.41015625,42.99393844604492
none,2,710,1.0,0.0,1.0,1.0,1.0,1.0,17.97265625,103.24609375,108.125,93.18359375,77.41796875,294.77734375,304.41015625,263.7265625,0.0,0.0,0.375,43.130157470703125
none,2,711,1.0,0.0,1.0,1.0,1.0,1.0,17.44921875,104.30859375,107.1015625,91.734375,76.515625,298.62109375,301.6875,259.69140625,0.0,0.0,0.43359375,42.95281982421875
none,2,712,1.0,0.0,1.0,1.0,1.0,1.0,18.19921875,103.78125,107.734375,91.97265625,80.08203125,295.4609375,302.15234375,258.7578125,0.0,0.0,0.36328125,42.96158981323242
none,2,713,1.0,0.0,1.0,1.0,1.0,1.0,17.45703125,105.7890625,107.6015625,90.671875,77.546875,303.421875,301.2890625,252.94140625,0.0,0.0,0.375,43.172698974609375
none,2,714,1.0,0.0,1.0,1.0,1.0,1.0,18.0625,104.9921875,108.52734375,89.4609375,78.41015625,300.77734375,305.0625,251.79296875,0.0,0.0,0.34765625,42.92462921142578
none,2,715,1.0,0.0,1.0,1.0,1.0,1.0,18.68359375,105.796875,105.26171875,91.65234375,80.85546875,302.37109375,294.5546875,258.671875,0.0,0.0,0.38671875,42.69072723388672
none,2,716,1.0,0.0,1.0,1.0,1.0,1.0,18.046875,105.24609375,107.35546875,92.1328125,78.5703125,301.44921875,299.515625,260.41015625,0.0,0.0,0.3984375,43.33594512939453
none,2,717,1.0,0.0,1.0,1.0,1.0,1.0,17.03515625,104.91015625,108.0546875,92.23046875,75.828125,300.9296875,304.16015625,258.8671875,0.0,0.0,0.35546875,43.475799560546875
none,2,718,1.0,0.0,1.0,1.0,1.0,1.0,17.2890625,104.09375,107.70703125,92.06640625,75.7421875,298.34375,302.6953125,260.296875,0.0,0.0,0.33984375,43.245574951171875
none,2,719,1.0,0.0,1.0,1.0,1.0,1.0,17.703125,105.125,106.5078125,93.89453125,78.46875,300.27734375,298.234375,264.66015625,0.0,0.0,0.4375,43.482784271240234
none,2,720,1.0,0.0,1.0,1.0,1.0,1.0,17.5625,104.05078125,108.703125,91.71875,77.7890625,298.515625,304.72265625,257.6640625,0.0,0.0,0.42578125,43.275299072265625
none,2,721,1.0,0.0,1.0,1.0,1.0,1.0,17.65234375,103.30078125,109.25390625,93.046875,77.29296875,294.6640625,305.48828125,261.21484375,0.0,0.0,0.30859375,43.44683837890625
none,2,722,1.0,0.0,1.0,1.0,1.0,1.0,17.46875,103.8984375,108.04296875,92.69140625,78.125,296.4140625,304.04296875,262.6171875,0.0,0.0,0.3515625,43.256324768066406
none,2,723,1.0,0.0,1.0,1.0,1.0,1.0,17.65234375,103.0859375,107.078125,93.38671875,77.78125,292.12109375,301.2578125,263.73828125,0.0,0.0,0.359375,42.86819076538086
none,2,724,1.0,0.0,1.0,1.0,1.0,1.0,17.73046875,103.5078125,108.60546875,92.7265625,78.67578125,293.96484375,305.23046875,260.6953125,0.0,0.0,0.32421875,43.47056198120117
none,2,725,1.0,0.0,1.0,1.0,1.0,1.0,17.56640625,104.69921875,108.52734375,91.38671875,76.76953125,298.4140625,305.16796875,256.5078125,0.0,0.0,0.43359375,43.20274353027344
none,2,726,1.0,0.0,1.0,1.0,1.0,1.0,17.0625,103.3203125,107.82421875,91.796875,76.15234375,296.15625,302.44140625,259.03125,0.0,0.0,0.33203125,42.97248458862305
none,2,727,1.0,0.0,1.0,1.0,1.0,1.0,17.4296875,104.859375,108.390625,92.0546875,77.21484375,299.90234375,303.609375,257.6875,0.0,0.0,0.40625,43.38154220581055
none,2,728,1.0,0.0,1.0,1.0,1.0,1.0,17.484375,104.6484375,107.79296875,92.40625,77.30859375,301.578125,301.48046875,260.8046875,0.0,0.0,0.37109375,43.21392059326172
none,2,729,1.0,0.0,1.0,1.0,1.0,1.0,17.234375,104.83203125,108.49609375,91.81640625,76.328125,299.64453125,304.6328125,259.38671875,0.0,0.0,0.328125,43.56364059448242
none,2,730,1.0,0.0,1.0,1.0,1.0,1.0,17.40234375,105.2890625,108.29296875,91.984375,76.71875,301.65625,303.62109375,258.87890625,0.0,0.0,0.34765625,43.5029296875
none,2,731,1.0,0.0,1.0,1.0,1.0,1.0,18.109375,104.40625,108.43359375,93.34375,77.59765625,296.77734375,303.10546875,261.9921875,0.0,0.0,0.40234375,43.52416229248047
none,2,732,1.0,0.0,1.0,1.0,1.0,1.0,18.16796875,105.5390625,107.63671875,91.8984375,79.62890625,300.29296875,301.33984375,256.90625,0.0,0.0,0.35546875,43.48463439941406
none,2,733,1.0,0.0,1.0,1.0,1.0,1.0,17.9453125,104.65234375,106.94140625,93.78125,78.859375,297.16796875,299.82421875,262.81640625,0.0,0.0,0.36328125,43.23087692260742
none,2,734,1.0,0.0,1.0,1.0,1.0,1.0,17.953125,105.01171875,108.26953125,93.046875,78.5859375,298.44140625,303.97265625,261.3984375,0.0,0.0,0.37890625,43.51396179199219
none,2,735,1.0,0.0,1.0,1.0,1.0,1.0,17.33203125,104.6953125,108.265625,93.64453125,78.01171875,297.92578125,302.0546875,262.98046875,0.0,0.0,0.328125,43.834495544433594
none,2,736,1.0,0.0,1.0,1.0,1.0,1.0,17.3046875,105.6484375,108.49609375,92.72265625,77.609375,299.9609375,304.546875,258.76171875,0.0,0.0,0.28515625,43.763031005859375
none,2,737,1.0,0.0,1.0,1.0,1.0,1.0,17.5859375,104.49609375,108.3515625,93.40625,77.62109375,296.6328125,303.25,260.73828125,0.0,0.0,0.390625,43.620384216308594
none,2,738,1.0,0.0,1.0,1.0,1.0,1.0,17.64453125,104.47265625,109.609375,94.4296875,79.11328125,296.546875,307.21875,263.96875,0.0,0.0,0.234375,43.99091720581055
none,2,739,1.0,0.0,1.0,1.0,1.0,1.0,17.36328125,106.57421875,109.58984375,91.9296875,76.0078125,301.6953125,306.45703125,256.8359375,0.0,0.0,0.3359375,43.90403366088867
none,2,740,1.0,0.0,1.0,1.0,1.0,1.0,17.57421875,105.0078125,109.70703125,93.3359375,77.01953125,298.55859375,306.1484375,261.59375,0.0,0.0,0.36328125,43.92567443847656
none,2,741,1.0,0.0,1.0,1.0,1.0,1.0,17.30859375,106.07421875,108.8046875,92.31640625,76.109375,301.578125,304.3828125,259.09375,0.0,0.0,0.33984375,43.650970458984375
none,2,742,1.0,0.0,1.0,1.0,1.0,1.0,17.02734375,104.93359375,109.16796875,94.359375,76.3203125,296.59375,304.58984375,263.4375,0.0,0.0,0.31640625,43.893775939941406
none,2,743,1.0,0.0,1.0,1.0,1.0,1.0,17.6796875,105.43359375,109.203125,92.41015625,77.8046875,299.5234375,306.6953125,257.46875,0.0,0.0,0.28515625,43.771148681640625
none,2,744,1.0,0.0,1.0,1.0,1.0,1.0,17.953125,106.3828125,108.7421875,92.328125,78.7734375,301.859375,302.5,259.203125,0.0,0.0,0.3203125,43.58634567260742
none,2,745,1.0,0.0,1.0,1.0,1.0,1.0,17.96875,105.43359375,109.12890625,93.0234375,79.53125,297.65234375,304.953125,261.4296875,0.0,0.0,0.4140625,43.86350631713867
none,2,746,1.0,0.0,1.0,1.0,1.0,1.0,16.9765625,106.23046875,108.9375,93.40625,75.953125,303.19140625,304.875,260.171875,0.0,0.0,0.33984375,43.970184326171875
none,2,747,1.0,0.0,1.0,1.0,1.0,1.0,17.828125,106.51171875,109.34765625,92.2734375,78.921875,302.34765625,307.13671875,257.046875,0.0,0.0,0.3515625,43.76014709472656
none,2,748,1.0,0.0,1.0,1.0,1.0,1.0,17.8671875,104.38671875,109.28125,93.56640625,80.2734375,297.47265625,306.45703125,263.68359375,0.0,0.0,0.33984375,43.71148681640625
none,2,749,1.0,0.0,1.0,1.0,1.0,1.0,16.87890625,106.2578125,109.91015625,93.0,76.57421875,301.55078125,308.8671875,260.5703125,0.0,0.0,0.33203125,44.16190719604492
none,2,750,1.0,0.0,1.0,1.0,1.0,1.0,17.609375,106.53515625,109.41796875,93.24609375,77.99609375,304.65234375,306.30859375,262.03125,0.0,0.0,0.33203125,44.017303466796875
none,2,751,1.0,0.0,1.0,1.0,1.0,1.0,17.50390625,103.45703125,110.0546875,94.65234375,78.06640625,294.34375,308.3125,265.63671875,0.0,0.0,0.33203125,43.96221923828125
none,2,752,1.0,0.0,1.0,1.0,1.0,1.0,17.67578125,105.71875,109.36328125,94.12890625,78.53515625,300.68359375,307.65625,262.62109375,0.0,0.0,0.35546875,43.989501953125
none,2,753,1.0,0.0,1.0,1.0,1.0,1.0,17.625,106.0,109.6328125,94.6015625,79.33203125,300.703125,307.1484375,265.62109375,0.0,0.0,0.30078125,44.32915496826172
none,2,754,1.0,0.0,1.0,1.0,1.0,1.0,17.828125,104.97265625,110.421875,93.62890625,79.44921875,296.765625,310.0,262.328125,0.0,0.0,0.3671875,44.07501983642578
none,2,755,1.0,0.0,1.0,1.0,1.0,1.0,17.7890625,104.1953125,109.3671875,93.6015625,79.2421875,295.26171875,305.62890625,262.6640625,0.0,0.0,0.328125,43.781517028808594
none,2,756,1.0,0.0,1.0,1.0,1.0,1.0,17.08984375,106.3515625,108.6953125,95.5546875,76.6171875,300.62109375,302.55078125,266.78125,0.0,0.0,0.31640625,44.338165283203125
none,2,757,1.0,0.0,1.0,1.0,1.0,1.0,17.46484375,105.82421875,109.74609375,93.4453125,77.6796875,299.4609375,305.10546875,262.8125,0.0,0.0,0.3203125,44.063262939453125
none,2,758,1.0,0.0,1.0,1.0,1.0,1.0,17.234375,106.25390625,109.1953125,93.9453125,76.875,299.26953125,305.2578125,263.3046875,0.0,0.0,0.40234375,44.270233154296875
none,2,759,1.0,0.0,1.0,1.0,1.0,1.0,17.13671875,106.953125,108.97265625,93.90625,77.578125,303.51953125,305.25390625,260.390625,0.0,0.0,0.3984375,44.143089294433594
none,2,760,1.0,0.0,1.0,1.0,1.0,1.0,17.3203125,107.4140625,109.72265625,93.2421875,78.40234375,301.9296875,306.66796875,261.1796875,0.0,0.0,0.34765625,44.37128829956055
none,2,761,1.0,0.0,1.0,1.0,1.0,1.0,17.09375,105.83984375,108.84375,94.31640625,77.7734375,299.546875,303.6953125,264.16796875,0.0,0.0,0.3515625,44.29359436035156
none,2,762,1.0,0.0,1.0,1.0,1.0,1.0,16.58203125,107.5703125,110.3203125,93.39453125,74.73828125,304.9375,309.3515625,260.921875,0.0,0.0,0.36328125,44.58324432373047
none,2,763,1.0,0.0,1.0,1.0,1.0,1.0,17.29296875,106.09765625,109.71875,94.96875,77.19140625,301.12890625,305.34765625,263.6796875,0.0,0.0,0.328125,44.37876510620117
none,2,764,1.0,0.0,1.0,1.0,1.0,1.0,16.984375,105.5,110.80859375,94.49609375,75.7421875,298.95703125,308.2734375,265.25,0.0,0.0,0.39453125,44.30222702026367
none,2,765,1.0,0.0,1.0,1.0,1.0,1.0,16.76171875,104.9921875,110.8671875,95.5546875,75.83984375,299.08203125,308.79296875,268.4453125,0.0,0.0,0.2890625,44.553375244140625
none,2,766,1.0,0.0,1.0,1.0,1.0,1.0,16.97265625,105.4453125,111.0,94.046875,76.75390625,299.484375,311.08984375,263.10546875,0.0,0.0,0.296875,44.39739990234375
none,2,767,1.0,0.0,1.0,1.0,1.0,1.0,16.9609375,105.53515625,110.0078125,96.17578125,77.59765625,299.328125,307.88671875,270.20703125,0.0,0.0,0.3046875,44.63224792480469
none,2,768,1.0,0.0,1.0,1.0,1.0,1.0,16.99609375,107.578125,109.8359375,94.6953125,77.87890625,304.8203125,306.1875,265.80859375,0.0,0.0,0.33203125,44.751670837402344
none,2,769,1.0,0.0,1.0,1.0,1.0,1.0,17.3359375,106.08984375,110.2109375,96.0859375,76.88671875,299.41015625,309.3125,269.2109375,0.0,0.0,0.33984375,44.73869323730469
none,2,770,1.0,0.0,1.0,1.0,1.0,1.0,16.4765625,106.921875,110.84765625,94.93359375,75.82421875,301.23046875,309.8359375,265.68359375,0.0,0.0,0.35546875,44.73980712890625
none,2,771,1.0,0.0,1.0,1.0,1.0,1.0,17.0625,105.9609375,111.3046875,96.4375,75.2890625,298.296875,308.609375,268.44921875,0.0,0.0,0.31640625,44.901161193847656
none,2,772,1.0,0.0,1.0,1.0,1.0,1.0,17.2734375,107.62109375,111.7578125,93.7890625,77.09375,304.30859375,310.08984375,261.375,0.0,0.0,0.29296875,44.87864303588867
none,2,773,1.0,0.0,1.0,1.0,1.0,1.0,16.3671875,108.83203125,112.12109375,93.78125,72.7578125,307.015625,312.6328125,260.50390625,0.0,0.0,0.3046875,45.230403900146484
none,2,774,1.0,0.0,1.0,1.0,1.0,1.0,16.34765625,108.1640625,111.8828125,95.1328125,74.5625,303.3671875,309.0625,264.26953125,0.0,0.0,0.3828125,45.290382385253906
none,2,775,1.0,0.0,1.0,1.0,1.0,1.0,16.734375,106.9140625,111.578125,95.7109375,75.10546875,300.83203125,308.34375,266.87890625,0.0,0.0,0.30859375,45.01517868041992
none,2,776,1.0,0.0,1.0,1.0,1.0,1.0,17.10546875,107.91015625,110.484375,95.3203125,75.75,304.546875,307.890625,264.06640625,0.0,0.0,0.33203125,45.015472412109375
none,2,777,1.0,0.0,1.0,1.0,1.0,1.0,16.6796875,107.578125,110.64453125,95.6171875,75.4921875,300.703125,308.5546875,265.64453125,0.0,0.0,0.32421875,44.99909591674805
none,2,778,1.0,0.0,1.0,1.0,1.0,1.0,16.5859375,106.6953125,111.3515625,96.3046875,74.453125,299.27734375,308.9765625,266.69921875,0.0,0.0,0.328125,45.09435272216797
none,2,779,1.0,0.0,1.0,1.0,1.0,1.0,17.08984375,107.640625,111.10546875,94.140625,77.01953125,302.14453125,310.10546875,262.6171875,0.0,0.0,0.30078125,44.8604850769043
none,2,780,1.0,0.0,1.0,1.0,1.0,1.0,16.515625,107.1015625,111.1484375,95.79296875,75.66796875,300.76171875,308.53125,266.79296875,0.0,0.0,0.33984375,45.0733757019043
none,2,781,1.0,0.0,1.0,1.0,1.0,1.0,16.0,108.05078125,111.76953125,96.05078125,73.1953125,303.49609375,312.6875,268.44921875,0.0,0.0,0.265625,45.4201774597168
none,2,782,1.0,0.0,1.0,1.0,1.0,1.0,16.59765625,107.125,110.02734375,97.09765625,77.1640625,301.453125,306.76171875,270.7421875,0.0,0.0,0.3359375,45.1302490234375
none,2,783,1.0,0.0,1.0,1.0,1.0,1.0,17.0,107.51171875,110.8203125,97.29296875,77.41796875,302.140625,307.546875,272.80078125,0.0,0.0,0.31640625,45.44477081298828
none,2,784,1.0,0.0,1.0,1.0,1.0,1.0,16.38671875,107.6796875,111.109375,96.09765625,75.12890625,303.37890625,307.9453125,266.26953125,0.0,0.0,0.3359375,45.29523849487305
none,2,785,1.0,0.0,1.0,1.0,1.0,1.0,16.5625,107.8984375,111.6953125,95.7734375,76.01953125,303.74609375,312.1484375,266.69921875,0.0,0.0,0.359375,45.26255798339844
none,2,786,1.0,0.0,1.0,1.0,1.0,1.0,16.6875,106.4921875,112.4453125,97.21484375,76.58203125,300.16796875,313.0,271.87109375,0.0,0.0,0.36328125,45.58159637451172
none,2,787,1.0,0.0,1.0,1.0,1.0,1.0,17.15234375,106.90625,112.484375,96.125,78.68359375,301.7421875,312.90625,269.47265625,0.0,0.0,0.31640625,45.27033615112305
none,2,788,1.0,0.0,1.0,1.0,1.0,1.0,16.44140625,106.5859375,111.61328125,97.90234375,77.0,301.41796875,311.58203125,274.22265625,0.0,0.0,0.375,45.54288864135742
none,2,789,1.0,0.0,1.0,1.0,1.0,1.0,17.09765625,107.91015625,112.03515625,95.27734375,77.5390625,304.1015625,311.71484375,265.56640625,0.0,0.0,0.3203125,45.348960876464844
none,2,790,1.0,0.0,1.0,1.0,1.0,1.0,16.75,108.2890625,112.44140625,96.734375,75.69140625,304.9921875,313.078125,267.91796875,0.0,0.0,0.37890625,45.74028778076172
none,2,791,1.0,0.0,1.0,1.0,1.0,1.0,16.734375,107.7109375,112.515625,95.48828125,75.46875,302.16015625,311.9375,264.796875,0.0,0.0,0.34765625,45.43981170654297
none,2,792,1.0,0.0,1.0,1.0,1.0,1.0,16.0,107.29296875,112.66015625,96.20703125,73.12890625,302.18359375,314.1875,266.69921875,0.0,0.0,0.34765625,45.51685333251953
none,2,793,1.0,0.0,1.0,1.0,1.0,1.0,16.92578125,107.65625,111.93359375,95.56640625,76.8125,302.10546875,309.59765625,265.33203125,0.0,0.0,0.29296875,45.39918518066406
none,2,794,1.0,0.0,1.0,1.0,1.0,1.0,16.87890625,107.16796875,112.44921875,96.90625,76.36328125,300.28515625,311.5078125,268.4765625,0.0,0.0,0.30859375,45.39496994018555
none,2,795,1.0,0.0,1.0,1.0,1.0,1.0,16.69921875,106.47265625,113.44140625,96.44140625,77.0,298.265625,313.97265625,267.953125,0.0,0.0,0.33984375,45.62232971191406
none,2,796,1.0,0.0,1.0,1.0,1.0,1.0,16.7109375,107.015625,112.47265625,96.7734375,76.7890625,299.84375,309.8359375,267.921875,0.0,0.0,0.32421875,45.356689453125
none,2,797,1.0,0.0,1.0,1.0,1.0,1.0,15.9921875,107.16015625,113.53125,96.9375,74.0546875,299.265625,315.83203125,269.7578125,0.0,0.0,0.328125,45.72028732299805
none,2,798,1.0,0.0,1.0,1.0,1.0,1.0,16.359375,107.90625,111.8359375,98.19140625,74.27734375,301.578125,309.234375,272.7265625,0.0,0.0,0.3203125,45.77496337890625
none,2,799,1.0,0.0,1.0,1.0,1.0,1.0,16.04296875,108.46484375,112.78515625,96.9375,74.3984375,303.0078125,312.59765625,269.3359375,0.0,0.0,0.26171875,45.91109848022461
none,2,800,1.0,0.0,1.0,1.0,1.0,1.0,15.52734375,108.4375,112.4296875,96.328125,71.76953125,305.25,311.62109375,267.046875,0.0,0.0,0.32421875,45.68250274658203
none,2,801,1.0,0.0,1.0,1.0,1.0,1.0,16.28515625,107.6875,112.33203125,97.0234375,73.56640625,302.4375,311.5234375,268.6640625,0.0,0.0,0.3359375,45.525325775146484
none,2,802,1.0,0.0,1.0,1.0,1.0,1.0,15.3828125,108.85546875,112.89453125,96.8359375,71.4296875,307.27734375,313.80859375,268.28515625,0.0,0.0,0.28125,46.1229362487793
none,2,803,1.0,0.0,1.0,1.0,1.0,1.0,15.93359375,110.77734375,112.49609375,95.52734375,74.41015625,313.06640625,313.01171875,266.625,0.0,0.0,0.27734375,45.9748649597168
none,2,804,1.0,0.0,1.0,1.0,1.0,1.0,16.37890625,109.16015625,112.53125,97.19921875,73.28515625,306.375,313.421875,269.94140625,0.0,0.0,0.359375,46.1716423034668
none,2,805,1.0,0.0,1.0,1.0,1.0,1.0,16.37890625,108.609375,111.59765625,96.875,75.796875,305.58203125,309.84765625,269.32421875,0.0,0.0,0.296875,45.680091857910156
none,2,806,1.0,0.0,1.0,1.0,1.0,1.0,16.1796875,109.609375,113.71484375,96.6015625,74.1796875,307.98046875,314.296875,267.54296875,0.0,0.0,0.30859375,46.228973388671875
none,2,807,1.0,0.0,1.0,1.0,1.0,1.0,16.53515625,108.265625,112.421875,98.05078125,75.3671875,303.0,310.7734375,271.859375,0.0,0.0,0.3046875,45.97563934326172
none,2,808,1.0,0.0,1.0,1.0,1.0,1.0,16.125,108.12890625,112.64453125,98.5546875,74.03515625,304.63671875,311.2109375,273.1953125,0.0,0.0,0.2734375,46.12226867675781
none,2,809,1.0,0.0,1.0,1.0,1.0,1.0,16.1015625,107.38671875,112.44140625,97.78515625,73.09765625,300.921875,311.6953125,270.58984375,0.0,0.0,0.28515625,45.828895568847656
none,2,810,1.0,0.0,1.0,1.0,1.0,1.0,16.7265625,108.3671875,112.72265625,97.5703125,76.51171875,304.45703125,312.30859375,269.4296875,0.0,0.0,0.40625,46.0936393737793
none,2,811,1.0,0.0,1.0,1.0,1.0,1.0,16.4140625,108.5546875,112.34765625,97.375,75.57421875,303.375,313.546875,269.11328125,0.0,0.0,0.25,45.91630554199219
none,2,812,1.0,0.0,1.0,1.0,1.0,1.0,16.79296875,107.32421875,113.54296875,97.6953125,77.21875,300.83203125,313.73828125,270.23828125,0.0,0.0,0.28515625,45.92991256713867
none,2,813,1.0,0.0,1.0,1.0,1.0,1.0,15.921875,108.4921875,113.92578125,98.25390625,74.55859375,305.23046875,314.58203125,270.3046875,0.0,0.0,0.3515625,46.469322204589844
none,2,814,1.0,0.0,1.0,1.0,1.0,1.0,16.27734375,107.36328125,113.45703125,98.16015625,75.38671875,299.21484375,314.0859375,271.17578125,0.0,0.0,0.3203125,46.056732177734375
none,2,815,1.0,0.0,1.0,1.0,1.0,1.0,16.28515625,108.86328125,113.70703125,97.16796875,74.74609375,305.2578125,313.6484375,267.97265625,0.0,0.0,0.3203125,46.03129196166992
none,2,816,1.0,0.0,1.0,1.0,1.0,1.0,15.8671875,109.59375,114.14453125,97.8046875,74.5,305.609375,316.15625,270.5078125,0.0,0.0,0.34765625,46.52490234375
none,2,817,1.0,0.0,1.0,1.0,1.0,1.0,16.21875,109.60546875,113.5390625,97.17578125,75.046875,305.00390625,313.359375,268.3359375,0.0,0.0,0.28125,46.304664611816406
none,2,818,1.0,0.0,1.0,1.0,1.0,1.0,16.328125,108.51953125,112.74609375,97.75390625,75.84375,302.5,313.44140625,269.33984375,0.0,0.0,0.3515625,45.96091842651367
none,2,819,1.0,0.0,1.0,1.0,1.0,1.0,16.328125,109.21875,113.65234375,98.01171875,75.2265625,304.91015625,315.48046875,270.37109375,0.0,0.0,0.28515625,46.50674057006836
none,2,820,1.0,0.0,1.0,1.0,1.0,1.0,16.453125,108.46484375,113.06640625,97.9375,76.60546875,303.8203125,313.125,270.76171875,0.0,0.0,0.26171875,46.223846435546875
none,2,821,1.0,0.0,1.0,1.0,1.0,1.0,16.51953125,108.8515625,112.37890625,99.328125,76.68359375,303.8828125,309.4453125,274.24609375,0.0,0.0,0.33984375,46.30841064453125
none,2,822,1.0,0.0,1.0,1.0,1.0,1.0,15.8828125,107.51953125,114.59765625,99.2109375,74.32421875,301.8359375,317.25390625,274.375,0.0,0.0,0.29296875,46.40081024169922
none,2,823,1.0,0.0,1.0,1.0,1.0,1.0,15.53515625,109.09375,114.51953125,98.7421875,74.06640625,302.33203125,315.40625,271.046875,0.0,0.0,0.296875,46.6767692565918
none,2,824,1.0,0.0,1.0,1.0,1.0,1.0,15.83203125,110.25,114.52734375,97.546875,73.0859375,306.55859375,316.23046875,269.9296875,0.0,0.0,0.3203125,46.747314453125
none,2,825,1.0,0.0,1.0,1.0,1.0,1.0,16.109375,110.0,114.28515625,99.04296875,75.5625,305.69140625,314.5390625,271.02734375,0.0,0.0,0.32421875,46.69132614135742
none,2,826,1.0,0.0,1.0,1.0,1.0,1.0,15.375,109.0859375,114.55078125,97.74609375,72.29296875,304.34765625,315.3828125,270.2734375,0.0,0.0,0.2578125,46.633148193359375
none,2,827,1.0,0.0,1.0,1.0,1.0,1.0,16.27734375,110.29296875,113.94140625,96.4375,75.3046875,305.390625,313.80078125,265.87890625,0.0,0.0,0.32421875,46.142303466796875
none,2,828,1.0,0.0,1.0,1.0,1.0,1.0,15.2890625,110.11328125,114.625,98.265625,72.9375,306.1015625,315.984375,270.94921875,0.0,0.0,0.25,46.84789276123047
none,2,829,1.0,0.0,1.0,1.0,1.0,1.0,16.6796875,110.26953125,114.171875,98.51953125,77.1171875,306.44921875,316.36328125,271.41796875,0.0,0.0,0.28125,46.71259307861328
none,2,830,1.0,0.0,1.0,1.0,1.0,1.0,15.953125,110.30078125,115.05078125,98.0546875,73.6875,306.7421875,316.49609375,270.62890625,0.0,0.0,0.3046875,46.840484619140625
none,2,831,1.0,0.0,1.0,1.0,1.0,1.0,16.2265625,109.78515625,113.765625,98.90625,75.09765625,305.14453125,314.234375,273.171875,0.0,0.0,0.3046875,46.744224548339844
none,2,832,1.0,0.0,1.0,1.0,1.0,1.0,16.046875,109.609375,115.57421875,98.86328125,77.0234375,304.3828125,316.92578125,272.38671875,0.0,0.0,0.29296875,47.114898681640625
none,2,833,1.0,0.0,1.0,1.0,1.0,1.0,16.8046875,109.19921875,113.4921875,98.90234375,78.13671875,304.171875,313.8984375,272.84765625,0.0,0.0,0.34375,46.37702560424805
none,2,834,1.0,0.0,1.0,1.0,1.0,1.0,15.97265625,109.9453125,113.91796875,99.1875,74.76171875,305.34375,313.10546875,274.203125,0.0,0.0,0.26171875,46.751853942871094
none,2,835,1.0,0.0,1.0,1.0,1.0,1.0,16.3203125,109.578125,115.21484375,99.6875,76.30078125,304.05859375,316.89453125,274.76171875,0.0,0.0,0.2734375,47.056304931640625
none,2,836,1.0,0.0,1.0,1.0,1.0,1.0,15.890625,109.953125,114.171875,98.55078125,75.04296875,304.9375,315.41015625,272.1015625,0.0,0.0,0.3125,46.7474365234375
none,2,837,1.0,0.0,1.0,1.0,1.0,1.0,15.85546875,109.625,114.36328125,99.4375,74.3828125,305.45703125,315.38671875,273.77734375,0.0,0.0,0.29296875,46.82074737548828
none,2,838,1.0,0.0,1.0,1.0,1.0,1.0,16.26171875,111.95703125,113.93359375,97.43359375,75.7265625,310.375,313.88671875,268.109375,0.0,0.0,0.296875,46.808753967285156
none,2,839,1.0,0.0,1.0,1.0,1.0,1.0,16.05078125,109.87109375,115.546875,98.51171875,74.9609375,304.734375,317.76953125,269.73046875,0.0,0.0,0.28515625,47.130165100097656
none,2,840,1.0,0.0,1.0,1.0,1.0,1.0,15.59375,110.56640625,115.41796875,99.03125,74.859375,307.0625,316.8203125,273.51171875,0.0,0.0,0.2890625,47.109649658203125
none,2,841,1.0,0.0,1.0,1.0,1.0,1.0,15.97265625,110.05859375,115.2890625,99.1796875,75.1328125,304.33203125,315.9140625,272.4140625,0.0,0.0,0.28515625,47.00173568725586
none,2,842,1.0,0.0,1.0,1.0,1.0,1.0,15.47265625,110.51953125,115.578125,99.7421875,72.1015625,304.8515625,317.3515625,273.73828125,0.0,0.0,0.2890625,47.33515548706055
none,2,843,1.0,0.0,1.0,1.0,1.0,1.0,15.70703125,111.1171875,115.52734375,97.37109375,72.984375,307.34375,318.15625,267.03515625,0.0,0.0,0.26953125,47.03843307495117
none,2,844,1.0,0.0,1.0,1.0,1.0,1.0,16.15234375,110.4609375,115.65234375,99.04296875,75.26953125,305.12109375,318.15234375,272.21875,0.0,0.0,0.26953125,47.24290466308594
none,2,845,1.0,0.0,1.0,1.0,1.0,1.0,14.8515625,110.44140625,116.140625,98.69921875,70.671875,305.328125,319.359375,270.35546875,0.0,0.0,0.32421875,47.326568603515625
none,2,846,1.0,0.0,1.0,1.0,1.0,1.0,15.78125,111.671875,114.76171875,99.49609375,75.19921875,310.3515625,315.2265625,271.984375,0.0,0.0,0.30859375,47.407928466796875
none,2,847,1.0,0.0,1.0,1.0,1.0,1.0,16.36328125,110.59765625,114.4296875,99.65234375,76.76171875,307.98828125,315.24609375,273.0859375,0.0,0.0,0.2890625,47.17748260498047
none,2,848,1.0,0.0,1.0,1.0,1.0,1.0,16.08984375,111.6796875,115.23046875,100.35546875,76.8828125,309.1328125,317.02734375,276.8125,0.0,0.0,0.30859375,47.47319793701172
none,2,849,1.0,0.0,1.0,1.0,1.0,1.0,15.68359375,111.078125,115.5859375,99.3046875,73.578125,309.734375,317.49609375,273.63671875,0.0,0.0,0.3046875,47.392059326171875
none,2,850,1.0,0.0,1.0,1.0,1.0,1.0,15.96875,112.2578125,115.28515625,99.75390625,74.9140625,310.79296875,317.17578125,274.125,0.0,0.0,0.34375,47.75971603393555
none,2,851,1.0,0.0,1.0,1.0,1.0,1.0,15.25390625,111.6484375,116.19140625,100.36328125,73.20703125,309.8046875,318.8671875,275.79296875,0.0,0.0,0.30078125,47.659873962402344
none,2,852,1.0,0.0,1.0,1.0,1.0,1.0,15.7421875,110.515625,116.06640625,99.390625,74.828125,306.38671875,319.875,272.99609375,0.0,0.0,0.28515625,47.22849655151367
none,2,853,1.0,0.0,1.0,1.0,1.0,1.0,15.21484375,111.8671875,116.765625,98.77734375,72.90625,311.02734375,320.796875,270.74609375,0.0,0.0,0.27734375,47.73942184448242
none,2,854,1.0,0.0,1.0,1.0,1.0,1.0,15.69921875,109.83203125,115.6171875,101.4375,73.56640625,304.98046875,316.62109375,278.25,0.0,0.0,0.36328125,47.589656829833984
none,2,855,1.0,0.0,1.0,1.0,1.0,1.0,15.2734375,110.37109375,116.8203125,99.7421875,72.43359375,305.16015625,321.49609375,272.6953125,0.0,0.0,0.28515625,47.5745964050293
none,2,856,1.0,0.0,1.0,1.0,1.0,1.0,15.453125,110.58984375,116.7265625,101.24609375,74.25390625,304.1796875,320.32421875,277.06640625,0.0,0.0,0.296875,47.820274353027344
none,2,857,1.0,0.0,1.0,1.0,1.0,1.0,15.42578125,110.484375,116.2890625,100.0703125,74.3046875,304.5546875,318.48828125,273.88671875,0.0,0.0,0.21875,47.55112838745117
none,2,858,1.0,0.0,1.0,1.0,1.0,1.0,15.125,111.5234375,117.00390625,98.6171875,73.64453125,306.875,321.76953125,269.72265625,0.0,0.0,0.26171875,47.789459228515625
none,2,859,1.0,0.0,1.0,1.0,1.0,1.0,15.62109375,110.52734375,116.8828125,100.60546875,73.8828125,303.90625,320.203125,274.56640625,0.0,0.0,0.296875,47.793296813964844
none,2,860,1.0,0.0,1.0,1.0,1.0,1.0,16.19140625,110.27734375,116.62890625,100.375,76.09765625,304.74609375,319.4296875,274.06640625,0.0,0.0,0.32421875,47.58576965332031
none,2,861,1.0,0.0,1.0,1.0,1.0,1.0,16.1015625,110.6953125,116.90625,100.75,76.03515625,305.4140625,319.0234375,274.44921875,0.0,0.0,0.27734375,47.758934020996094
none,2,862,1.0,0.0,1.0,1.0,1.0,1.0,16.328125,111.8046875,115.91796875,99.78125,76.7109375,309.61328125,317.8203125,272.07421875,0.0,0.0,0.23046875,47.55073165893555
none,2,863,1.0,0.0,1.0,1.0,1.0,1.0,15.5390625,111.6171875,117.71484375,99.21484375,74.05859375,308.1875,323.3828125,270.796875,0.0,0.0,0.30859375,47.93154525756836
none,2,864,1.0,0.0,1.0,1.0,1.0,1.0,16.42578125,110.859375,115.62890625,102.14453125,77.3125,306.50390625,317.7734375,279.42578125,0.0,0.0,0.29296875,47.749916076660156
none,2,865,1.0,0.0,1.0,1.0,1.0,1.0,15.6640625,112.2734375,115.33203125,100.8125,74.64453125,309.51171875,315.84765625,274.10546875,0.0,0.0,0.265625,47.85869598388672
none,2,866,1.0,0.0,1.0,1.0,1.0,1.0,15.36328125,112.00390625,116.4375,100.86328125,74.8671875,308.25390625,318.015625,277.03515625,0.0,0.0,0.33984375,47.983482360839844
none,2,867,1.0,0.0,1.0,1.0,1.0,1.0,15.2265625,111.34375,117.18359375,99.33984375,72.94140625,306.8203125,322.39453125,272.40625,0.0,0.0,0.265625,47.854888916015625
none,2,868,1.0,0.0,1.0,1.0,1.0,1.0,15.73046875,112.359375,117.11328125,100.703125,74.4609375,312.0234375,321.0859375,276.75390625,0.0,0.0,0.28125,48.05146408081055
none,2,869,1.0,0.0,1.0,1.0,1.0,1.0,15.3828125,112.609375,116.28515625,101.40625,74.2578125,311.6953125,318.828125,279.015625,0.0,0.0,0.2265625,48.2049560546875
none,2,870,1.0,0.0,1.0,1.0,1.0,1.0,15.5546875,111.54296875,116.578125,101.37890625,74.48046875,307.9140625,319.984375,276.9296875,0.0,0.0,0.3203125,47.99925994873047
none,2,871,1.0,0.0,1.0,1.0,1.0,1.0,15.41796875,113.72265625,116.67578125,100.61328125,73.03515625,312.57421875,320.546875,273.984375,0.0,0.0,0.3125,48.35865783691406
none,2,872,1.0,0.0,1.0,1.0,1.0,1.0,15.58203125,113.94140625,116.89453125,100.8125,73.91796875,314.12109375,319.171875,274.66796875,0.0,0.0,0.3125,48.53740692138672
none,2,873,1.0,0.0,1.0,1.0,1.0,1.0,15.31640625,112.05859375,116.73828125,101.47265625,73.88671875,308.3203125,319.5703125,275.92578125,0.0,0.0,0.28515625,48.1794548034668
none,2,874,1.0,0.0,1.0,1.0,1.0,1.0,15.4375,113.34765625,117.1171875,100.75390625,75.4375,311.796875,319.6328125,274.99609375,0.0,0.0,0.25,48.44408416748047
none,2,875,1.0,0.0,1.0,1.0,1.0,1.0,15.48046875,113.375,117.7578125,100.10546875,74.890625,311.46484375,321.1015625,271.6640625,0.0,0.0,0.30859375,48.28928756713867
none,2,876,1.0,0.0,1.0,1.0,1.0,1.0,14.80859375,111.8671875,117.50390625,102.046875,71.5625,305.64453125,319.75,277.9609375,0.0,0.0,0.3046875,48.511253356933594
none,2,877,1.0,0.0,1.0,1.0,1.0,1.0,15.14453125,112.2421875,117.56640625,101.484375,72.5546875,306.51171875,321.44140625,275.41015625,0.0,0.0,0.32421875,48.53069305419922
none,2,878,1.0,0.0,1.0,1.0,1.0,1.0,15.05859375,112.8671875,117.08203125,102.78125,71.546875,308.5078125,319.72265625,278.78125,0.0,0.0,0.2734375,48.63201141357422
none,2,879,1.0,0.0,1.0,1.0,1.0,1.0,15.2265625,111.42578125,117.73046875,101.796875,72.58203125,304.30859375,322.046875,276.421875,0.0,0.0,0.28515625,48.14268112182617
none,2,880,1.0,0.0,1.0,1.0,1.0,1.0,14.9765625,113.17578125,117.67578125,101.9453125,72.17578125,310.33984375,321.78125,277.39453125,0.0,0.0,0.32421875,48.675254821777344
none,2,881,1.0,0.0,1.0,1.0,1.0,1.0,15.953125,112.96484375,117.20703125,101.640625,76.39453125,311.40625,320.2890625,276.5234375,0.0,0.0,0.2734375,48.45002365112305
none,2,882,1.0,0.0,1.0,1.0,1.0,1.0,14.53515625,114.69921875,117.81640625,99.72265625,71.91796875,315.1875,322.35546875,271.3671875,0.0,0.0,0.2890625,48.62505340576172
none,2,883,1.0,0.0,1.0,1.0,1.0,1.0,15.359375,113.6484375,117.53125,103.3203125,76.0390625,312.171875,320.48046875,280.94921875,0.0,0.0,0.26171875,48.905242919921875
none,2,884,1.0,0.0,1.0,1.0,1.0,1.0,15.3515625,114.3828125,117.19921875,100.12890625,73.5234375,314.58984375,321.3125,271.3359375,0.0,0.0,0.25390625,48.54781723022461
none,2,885,1.0,0.0,1.0,1.0,1.0,1.0,15.58984375,114.1953125,117.578125,102.28125,74.703125,312.25,321.4921875,279.75390625,0.0,0.0,0.2734375,48.77079391479492
none,2,886,1.0,0.0,1.0,1.0,1.0,1.0,15.4140625,113.96484375,117.0859375,101.95703125,74.44140625,311.0390625,321.30078125,277.48828125,0.0,0.0,0.29296875,48.717262268066406
none,2,887,1.0,0.0,1.0,1.0,1.0,1.0,14.734375,114.37890625,117.4921875,100.64453125,71.3125,313.7578125,320.78125,273.25,0.0,0.0,0.34765625,48.6826171875
none,2,888,1.0,0.0,1.0,1.0,1.0,1.0,15.0546875,113.328125,117.18359375,102.4140625,73.88671875,310.6640625,320.1015625,278.1640625,0.0,0.0,0.265625,48.829036712646484
none,2,889,1.0,0.0,1.0,1.0,1.0,1.0,15.4609375,112.70703125,117.54296875,102.5625,74.796875,309.3203125,319.765625,279.71875,0.0,0.0,0.22265625,48.66291427612305
none,2,890,1.0,0.0,1.0,1.0,1.0,1.0,15.37890625,113.19140625,117.69140625,102.328125,74.36328125,309.54296875,321.19921875,276.8359375,0.0,0.0,0.28515625,48.64704895019531
none,2,891,1.0,0.0,1.0,1.0,1.0,1.0,15.10546875,112.02734375,117.51953125,103.00390625,72.4609375,307.40234375,319.12109375,279.68359375,0.0,0.0,0.234375,48.6402702331543
none,2,892,1.0,0.0,1.0,1.0,1.0,1.0,15.265625,114.52734375,117.15625,102.51953125,72.83203125,310.4921875,319.01953125,277.4609375,0.0,0.0,0.32421875,49.16735076904297
none,2,893,1.0,0.0,1.0,1.0,1.0,1.0,15.60546875,112.90234375,119.14453125,103.234375,74.49609375,306.15234375,323.99609375,280.39453125,0.0,0.0,0.328125,49.09394836425781
none,2,894,1.0,0.0,1.0,1.0,1.0,1.0,16.08203125,112.875,117.640625,102.453125,77.70703125,307.515625,319.05078125,277.0234375,0.0,0.0,0.29296875,48.49859619140625
none,2,895,1.0,0.0,1.0,1.0,1.0,1.0,15.7109375,112.96875,117.87890625,103.4609375,74.375,307.56640625,320.26953125,280.23828125,0.0,0.0,0.2890625,48.80284881591797
none,2,896,1.0,0.0,1.0,1.0,1.0,1.0,15.16015625,113.71875,118.93359375,101.9765625,74.4296875,311.46875,324.40625,276.5234375,0.0,0.0,0.2421875,48.93585205078125
none,2,897,1.0,0.0,1.0,1.0,1.0,1.0,15.93359375,113.7109375,118.3828125,102.3203125,75.11328125,309.875,322.23828125,276.67578125,0.0,0.0,0.33203125,48.75922775268555
none,2,898,1.0,0.0,1.0,1.0,1.0,1.0,15.3203125,114.3671875,118.06640625,102.21875,74.4609375,312.6484375,321.375,277.0625,0.0,0.0,0.26953125,48.76630783081055
none,2,899,1.0,0.0,1.0,1.0,1.0,1.0,15.5625,114.4765625,118.546875,101.8359375,75.54296875,311.8359375,322.9609375,275.25,0.0,0.0,0.3515625,49.167720794677734
none,2,900,1.0,0.0,1.0,1.0,1.0,1.0,14.546875,113.85546875,119.12890625,102.53125,72.265625,311.60546875,324.6015625,276.546875,0.0,0.0,0.31640625,49.33519744873047
none,2,901,1.0,0.0,1.0,1.0,1.0,1.0,15.79296875,113.9375,118.421875,102.96875,76.1953125,311.81640625,321.62890625,278.21484375,0.0,0.0,0.2265625,49.095359802246094
none,2,902,1.0,0.0,1.0,1.0,1.0,1.0,14.9609375,115.16796875,119.56640625,102.703125,72.5,316.234375,323.8828125,277.6484375,0.0,0.0,0.26953125,49.675899505615234
none,2,903,1.0,0.0,1.0,1.0,1.0,1.0,14.9609375,115.61328125,118.8359375,102.875,73.19140625,316.4921875,323.3828125,277.98828125,0.0,0.0,0.234375,49.443111419677734
none,2,904,1.0,0.0,1.0,1.0,1.0,1.0,14.984375,113.171875,119.9140625,103.17578125,73.8359375,310.26953125,326.41796875,279.046875,0.0,0.0,0.30078125,49.56249237060547
none,2,905,1.0,0.0,1.0,1.0,1.0,1.0,15.2734375,115.09765625,117.48046875,102.1171875,73.66015625,316.05859375,320.37890625,275.72265625,0.0,0.0,0.25,49.14068603515625
none,2,906,1.0,0.0,1.0,1.0,1.0,1.0,15.99609375,114.41015625,118.27734375,103.203125,76.0859375,311.69921875,321.90234375,278.55859375,0.0,0.0,0.2578125,49.231971740722656
none,2,907,1.0,0.0,1.0,1.0,1.0,1.0,15.12109375,115.5078125,117.6484375,102.1640625,75.125,315.01171875,318.5546875,274.51953125,0.0,0.0,0.29296875,49.02306365966797
none,2,908,1.0,0.0,1.0,1.0,1.0,1.0,15.78125,115.484375,118.12890625,102.1953125,76.4140625,313.953125,320.80859375,275.64453125,0.0,0.0,0.30078125,49.3258056640625
none,2,909,1.0,0.0,1.0,1.0,1.0,1.0,15.74609375,114.25390625,117.65625,103.88671875,76.484375,312.4765625,320.00390625,280.9609375,0.0,0.0,0.28125,49.183982849121094
none,2,910,1.0,0.0,1.0,1.0,1.0,1.0,15.35546875,114.80859375,119.39453125,103.73046875,75.83203125,311.84765625,325.0390625,279.92578125,0.0,0.0,0.26953125,49.77077865600586
none,2,911,1.0,0.0,1.0,1.0,1.0,1.0,16.2265625,115.24609375,117.96484375,103.08203125,76.78515625,314.2578125,319.34375,279.41796875,0.0,0.0,0.28125,49.265357971191406
none,2,912,1.0,0.0,1.0,1.0,1.0,1.0,16.0078125,115.96484375,118.5,104.0859375,78.2890625,316.6640625,320.671875,279.84375,0.0,0.0,0.25,49.83367919921875
none,2,913,1.0,0.0,1.0,1.0,1.0,1.0,14.96875,115.39453125,120.21875,104.328125,74.19140625,314.2265625,325.59375,282.4375,0.0,0.0,0.265625,50.07404327392578
none,2,914,1.0,0.0,1.0,1.0,1.0,1.0,15.1171875,114.76953125,118.4609375,103.140625,75.1484375,313.60546875,321.28515625,277.296875,0.0,0.0,0.2890625,49.45954132080078
none,2,915,1.0,0.0,1.0,1.0,1.0,1.0,15.70703125,114.87109375,119.83203125,103.5234375,77.76953125,312.0390625,323.5078125,280.265625,0.0,0.0,0.2734375,49.75870895385742
none,2,916,1.0,0.0,1.0,1.0,1.0,1.0,15.02734375,115.296875,119.55078125,103.2265625,73.88671875,314.53515625,326.26953125,279.23828125,0.0,0.0,0.24609375,49.888519287109375
none,2,917,1.0,0.0,1.0,1.0,1.0,1.0,15.00390625,116.89453125,119.234375,102.8125,74.27734375,319.76953125,325.16015625,279.14453125,0.0,0.0,0.29296875,49.85279083251953
none,2,918,1.0,0.0,1.0,1.0,1.0,1.0,15.15625,116.265625,119.64453125,102.578125,76.6328125,318.82421875,324.5546875,277.3125,0.0,0.0,0.265625,49.769195556640625
none,2,919,1.0,0.0,1.0,1.0,1.0,1.0,15.375,116.40234375,119.3984375,103.58984375,74.86328125,318.2109375,323.13671875,280.41015625,0.0,0.0,0.34765625,49.98147201538086
none,2,920,1.0,0.0,1.0,1.0,1.0,1.0,15.14453125,116.34375,118.94140625,103.26171875,76.078125,318.484375,321.93359375,278.265625,0.0,0.0,0.26171875,49.8088493347168
none,2,921,1.0,0.0,1.0,1.0,1.0,1.0,15.05078125,116.26171875,119.3671875,102.74609375,75.1015625,318.234375,323.65234375,277.9765625,0.0,0.0,0.28515625,49.679439544677734
none,2,922,1.0,0.0,1.0,1.0,1.0,1.0,14.8671875,116.2265625,118.58984375,103.33984375,73.375,317.14453125,322.98046875,279.421875,0.0,0.0,0.2734375,49.63909149169922
none,2,923,1.0,0.0,1.0,1.0,1.0,1.0,15.8515625,114.4375,119.2421875,104.87109375,78.26171875,310.84765625,323.96875,283.5390625,0.0,0.0,0.21875,49.71207809448242
none,2,924,1.0,0.0,1.0,1.0,1.0,1.0,15.23046875,114.5078125,120.140625,105.14453125,76.7890625,309.6796875,325.6953125,285.06640625,0.0,0.0,0.25390625,49.91255187988281
none,2,925,1.0,0.0,1.0,1.0,1.0,1.0,14.578125,115.69921875,120.05078125,104.375,73.41796875,314.8359375,322.59765625,280.2421875,0.0,0.0,0.265625,50.18711853027344
none,2,926,1.0,0.0,1.0,1.0,1.0,1.0,14.78125,116.390625,118.6015625,104.09765625,75.0078125,314.78515625,321.4609375,280.7578125,0.0,0.0,0.265625,49.919429779052734
none,2,927,1.0,0.0,1.0,1.0,1.0,1.0,14.984375,115.70703125,118.84375,104.96875,74.8203125,313.5703125,320.27734375,282.078125,0.0,0.0,0.26171875,49.978111267089844
none,2,928,1.0,0.0,1.0,1.0,1.0,1.0,15.45703125,114.828125,119.66015625,105.625,76.0390625,310.5,323.4765625,284.84765625,0.0,0.0,0.25390625,50.0084342956543
none,2,929,1.0,0.0,1.0,1.0,1.0,1.0,15.53125,116.2421875,119.97265625,104.60546875,77.22265625,314.57421875,324.40234375,282.2265625,0.0,0.0,0.28515625,50.16779708862305
none,2,930,1.0,0.0,1.0,1.0,1.0,1.0,14.9375,115.70703125,119.015625,105.23828125,76.140625,314.61328125,320.87109375,282.74609375,0.0,0.0,0.328125,50.04177474975586
none,2,931,1.0,0.0,1.0,1.0,1.0,1.0,15.16015625,116.2734375,118.48828125,105.3828125,74.4453125,315.30859375,320.265625,283.48828125,0.0,0.0,0.2734375,49.83332061767578
none,2,932,1.0,0.0,1.0,1.0,1.0,1.0,15.4453125,116.515625,119.58203125,104.7890625,77.546875,315.54296875,322.3125,281.91015625,0.0,0.0,0.26171875,50.029762268066406
none,2,933,1.0,0.0,1.0,1.0,1.0,1.0,14.9609375,116.1484375,120.66015625,103.8828125,74.890625,314.33984375,325.078125,278.93359375,0.0,0.0,0.2578125,50.156890869140625
none,2,934,1.0,0.0,1.0,1.0,1.0,1.0,14.6015625,115.16015625,121.3203125,105.08984375,73.140625,310.984375,328.234375,281.3828125,0.0,0.0,0.28125,50.23230743408203
none,2,935,1.0,0.0,1.0,1.0,1.0,1.0,14.203125,116.0078125,121.2421875,105.890625,73.09375,311.8359375,327.44140625,283.9921875,0.0,0.0,0.23828125,50.67418670654297
none,2,936,1.0,0.0,1.0,1.0,1.0,1.0,14.74609375,117.046875,119.92578125,104.84375,72.42578125,315.55859375,322.03515625,281.55078125,0.0,0.0,0.24609375,50.25846862792969
none,2,937,1.0,0.0,1.0,1.0,1.0,1.0,15.55859375,116.32421875,121.80078125,104.40234375,76.37890625,314.84375,328.26953125,280.7890625,0.0,0.0,0.30859375,50.4285888671875
none,2,938,1.0,0.0,1.0,1.0,1.0,1.0,14.9765625,117.6484375,120.0,104.63671875,74.8359375,318.890625,322.59375,280.71875,0.0,0.0,0.26171875,50.535797119140625
none,2,939,1.0,0.0,1.0,1.0,1.0,1.0,14.54296875,116.3828125,121.234375,106.625,72.10546875,315.3515625,325.72265625,284.6953125,0.0,0.0,0.26171875,50.94207763671875
none,2,940,1.0,0.0,1.0,1.0,1.0,1.0,15.08984375,118.55078125,119.82421875,104.0078125,76.2890625,321.02734375,322.5625,279.16796875,0.0,0.0,0.28125,50.63407516479492
none,2,941,1.0,0.0,1.0,1.0,1.0,1.0,15.04296875,117.640625,120.1328125,104.64453125,75.03515625,319.28515625,324.1484375,281.44140625,0.0,0.0,0.25,50.460540771484375
none,2,942,1.0,0.0,1.0,1.0,1.0,1.0,14.98828125,117.1875,121.3125,105.69140625,74.09765625,317.09375,326.9765625,284.0078125,0.0,0.0,0.31640625,50.668678283691406
none,2,943,1.0,0.0,1.0,1.0,1.0,1.0,15.1953125,117.3828125,119.21484375,106.21484375,75.87109375,316.48828125,321.58203125,286.375,0.0,0.0,0.2578125,50.61251449584961
none,2,944,1.0,0.0,1.0,1.0,1.0,1.0,15.12890625,117.61328125,121.1953125,105.2421875,75.765625,316.328125,326.23828125,281.48046875,0.0,0.0,0.2734375,50.86181640625
none,2,945,1.0,0.0,1.0,1.0,1.0,1.0,14.76171875,117.6953125,120.86328125,105.50390625,74.359375,315.9453125,326.78515625,282.421875,0.0,0.0,0.27734375,50.83795166015625
none,2,946,1.0,0.0,1.0,1.0,1.0,1.0,15.0859375,117.234375,120.82421875,106.33203125,75.73828125,317.37109375,326.33984375,284.39453125,0.0,0.0,0.21875,50.71538543701172
none,2,947,1.0,0.0,1.0,1.0,1.0,1.0,15.18359375,117.6640625,120.75390625,106.046875,77.03125,315.703125,325.6015625,282.890625,0.0,0.0,0.2421875,51.003562927246094
none,2,948,1.0,0.0,1.0,1.0,1.0,1.0,15.04296875,117.68359375,120.77734375,107.09375,76.2421875,316.859375,325.734375,286.296875,0.0,0.0,0.23828125,51.02165985107422
none,2,949,1.0,0.0,1.0,1.0,1.0,1.0,15.0234375,116.64453125,121.48046875,106.91796875,75.44140625,313.74609375,326.1796875,286.16015625,0.0,0.0,0.25,50.94029235839844
none,2,950,1.0,0.0,1.0,1.0,1.0,1.0,15.01953125,116.8125,122.57421875,105.8671875,73.78515625,314.671875,329.96484375,282.9375,0.0,0.0,0.26953125,50.82798385620117
none,2,951,1.0,0.0,1.0,1.0,1.0,1.0,14.72265625,117.80859375,120.76953125,105.41796875,73.9765625,317.76171875,326.4453125,281.34765625,0.0,0.0,0.203125,50.69853973388672
none,2,952,1.0,0.0,1.0,1.0,1.0,1.0,14.6171875,117.1171875,120.86328125,106.38671875,74.33203125,313.79296875,326.0234375,285.984375,0.0,0.0,0.25390625,50.81487274169922
none,2,953,1.0,0.0,1.0,1.0,1.0,1.0,14.73046875,117.0390625,120.6953125,107.1640625,74.4921875,314.453125,323.83984375,286.875,0.0,0.0,0.2109375,50.82291793823242
none,2,954,1.0,0.0,1.0,1.0,1.0,1.0,14.4140625,116.28125,121.421875,106.15234375,73.45703125,313.35546875,326.71875,283.21875,0.0,0.0,0.23828125,50.70298385620117
none,2,955,1.0,0.0,1.0,1.0,1.0,1.0,14.96875,117.5625,121.50390625,106.51953125,74.8984375,317.18359375,326.328125,285.0703125,0.0,0.0,0.265625,51.01777267456055
none,2,956,1.0,0.0,1.0,1.0,1.0,1.0,14.6328125,117.7734375,120.140625,105.2734375,73.08984375,317.0859375,322.0,281.5625,0.0,0.0,0.2265625,50.47283172607422
none,2,957,1.0,0.0,1.0,1.0,1.0,1.0,14.84765625,117.48828125,121.484375,106.18359375,75.90234375,315.34765625,327.0625,282.796875,0.0,0.0,0.26953125,50.711265563964844
none,2,958,1.0,0.0,1.0,1.0,1.0,1.0,14.9765625,118.67578125,121.3671875,105.0234375,74.94140625,319.56640625,324.85546875,280.82421875,0.0,0.0,0.25,50.98107147216797
none,2,959,1.0,0.0,1.0,1.0,1.0,1.0,14.36328125,118.51953125,121.5,106.5859375,74.0234375,317.8671875,327.28125,284.640625,0.0,0.0,0.19140625,51.177940368652344
none,2,960,1.0,0.0,1.0,1.0,1.0,1.0,14.8203125,117.98046875,122.75,105.93359375,76.84765625,315.36328125,329.41015625,282.28515625,0.0,0.0,0.171875,51.271217346191406
none,2,961,1.0,0.0,1.0,1.0,1.0,1.0,14.80859375,117.5625,121.65234375,105.85546875,75.62109375,315.46484375,327.1875,284.125,0.0,0.0,0.28515625,50.99042510986328
none,2,962,1.0,0.0,1.0,1.0,1.0,1.0,14.57421875,116.71875,121.640625,106.09765625,75.6875,313.35546875,326.73046875,286.203125,0.0,0.0,0.26953125,50.88751983642578
none,2,963,1.0,0.0,1.0,1.0,1.0,1.0,14.3359375,118.56640625,121.4453125,106.7890625,73.1796875,317.390625,326.4765625,286.359375,0.0,0.0,0.19921875,51.360679626464844
none,2,964,1.0,0.0,1.0,1.0,1.0,1.0,15.2421875,117.3515625,121.703125,107.56640625,77.27734375,314.32421875,324.86328125,289.25390625,0.0,0.0,0.25390625,51.19468307495117
none,2,965,1.0,0.0,1.0,1.0,1.0,1.0,14.34765625,117.65625,122.19921875,106.37109375,72.94140625,315.94140625,326.59765625,284.01953125,0.0,0.0,0.2109375,51.2114372253418
none,2,966,1.0,0.0,1.0,1.0,1.0,1.0,14.97265625,118.3984375,121.52734375,107.5234375,76.19921875,317.19921875,326.76953125,287.72265625,0.0,0.0,0.2578125,51.39952850341797
none,2,967,1.0,0.0,1.0,1.0,1.0,1.0,14.65234375,118.05078125,121.703125,105.38671875,75.1015625,316.75390625,325.79296875,281.48046875,0.0,0.0,0.20703125,50.9744873046875
none,2,968,1.0,0.0,1.0,1.0,1.0,1.0,14.04296875,119.6953125,122.8984375,105.98046875,72.8359375,321.6484375,329.03125,281.0234375,0.0,0.0,0.2421875,51.797706604003906
none,2,969,1.0,0.0,1.0,1.0,1.0,1.0,14.796875,118.8984375,121.3203125,108.46875,75.51171875,318.85546875,325.60546875,288.8125,0.0,0.0,0.171875,51.699668884277344
none,2,970,1.0,0.0,1.0,1.0,1.0,1.0,13.859375,119.53125,121.5546875,106.515625,72.2265625,320.046875,323.41015625,283.015625,0.0,0.0,0.2578125,51.5684928894043
none,2,971,1.0,0.0,1.0,1.0,1.0,1.0,14.68359375,117.87890625,123.171875,106.45703125,74.1328125,315.9453125,329.28515625,284.71484375,0.0,0.0,0.25390625,51.386749267578125
none,2,972,1.0,0.0,1.0,1.0,1.0,1.0,14.296875,119.69921875,121.43359375,106.125,73.3046875,321.984375,323.87109375,280.6953125,0.0,0.0,0.26171875,51.254486083984375
none,2,973,1.0,0.0,1.0,1.0,1.0,1.0,14.546875,119.16796875,122.8515625,106.74609375,73.51953125,319.1875,328.3671875,284.0703125,0.0,0.0,0.25390625,51.645904541015625
none,2,974,1.0,0.0,1.0,1.0,1.0,1.0,14.64453125,118.98046875,120.98828125,106.234375,73.35546875,317.0390625,323.2578125,282.04296875,0.0,0.0,0.2421875,50.98261642456055
none,2,975,1.0,0.0,1.0,1.0,1.0,1.0,14.40625,117.53125,122.30859375,106.24609375,73.140625,314.375,327.546875,281.78125,0.0,0.0,0.1953125,51.089569091796875
none,2,976,1.0,0.0,1.0,1.0,1.0,1.0,14.828125,119.87109375,122.47265625,105.8046875,76.30078125,321.48046875,327.66796875,280.11328125,0.0,0.0,0.2421875,51.464019775390625
none,2,977,1.0,0.0,1.0,1.0,1.0,1.0,14.8984375,118.26171875,122.5390625,107.83203125,75.58984375,316.765625,327.98828125,285.6796875,0.0,0.0,0.21484375,51.665008544921875
none,2,978,1.0,0.0,1.0,1.0,1.0,1.0,14.62890625,118.3359375,122.46875,107.63671875,75.8359375,316.12890625,328.15234375,286.9921875,0.0,0.0,0.2578125,51.52782440185547
none,2,979,1.0,0.0,1.0,1.0,1.0,1.0,14.859375,117.83984375,122.234375,108.0859375,75.734375,315.65625,326.734375,287.77734375,0.0,0.0,0.21484375,51.51310348510742
none,2,980,1.0,0.0,1.0,1.0,1.0,1.0,14.9140625,118.22265625,121.82421875,107.9453125,76.6875,315.1640625,326.1796875,286.80859375,0.0,0.0,0.25,51.65997314453125
none,2,981,1.0,0.0,1.0,1.0,1.0,1.0,13.9296875,118.58203125,121.1953125,107.20703125,73.2421875,317.4453125,325.3125,285.859375,0.0,0.0,0.22265625,51.39785385131836
none,2,982,1.0,0.0,1.0,1.0,1.0,1.0,14.6484375,116.87890625,122.58984375,108.51171875,75.2578125,310.90234375,326.9921875,287.953125,0.0,0.0,0.22265625,51.56754684448242
none,2,983,1.0,0.0,1.0,1.0,1.0,1.0,14.625,119.1640625,122.953125,108.65234375,74.27734375,318.47265625,328.41015625,288.82421875,0.0,0.0,0.20703125,52.016597747802734
none,2,984,1.0,0.0,1.0,1.0,1.0,1.0,14.62890625,119.2421875,122.01171875,107.59375,74.72265625,318.35546875,326.453125,287.12890625,0.0,0.0,0.2578125,51.523887634277344
none,2,985,1.0,0.0,1.0,1.0,1.0,1.0,14.93359375,118.6875,122.09375,107.65625,76.4296875,317.44140625,326.640625,287.36328125,0.0,0.0,0.20703125,51.53031539916992
none,2,986,1.0,0.0,1.0,1.0,1.0,1.0,14.01953125,118.5703125,121.88671875,108.546875,72.56640625,316.6796875,325.50390625,288.9375,0.0,0.0,0.26171875,51.839630126953125
none,2,987,1.0,0.0,1.0,1.0,1.0,1.0,14.41015625,118.30078125,123.02734375,108.921875,74.046875,316.95703125,329.4921875,290.0078125,0.0,0.0,0.26953125,51.962520599365234
none,2,988,1.0,0.0,1.0,1.0,1.0,1.0,14.5234375,118.875,122.484375,107.33203125,73.73046875,316.9765625,328.21875,285.82421875,0.0,0.0,0.26171875,51.60856628417969
none,2,989,1.0,0.0,1.0,1.0,1.0,1.0,14.109375,119.16796875,122.53515625,108.20703125,74.14453125,319.71875,326.6640625,287.36328125,0.0,0.0,0.23046875,51.88847351074219
none,2,990,1.0,0.0,1.0,1.0,1.0,1.0,14.484375,118.78515625,122.36328125,108.3359375,73.29296875,317.40625,328.34375,289.53125,0.0,0.0,0.203125,51.819610595703125
none,2,991,1.0,0.0,1.0,1.0,1.0,1.0,14.44921875,119.921875,122.2890625,107.47265625,74.58984375,322.01171875,328.6171875,287.67578125,0.0,0.0,0.2421875,51.88121795654297
none,2,992,1.0,0.0,1.0,1.0,1.0,1.0,13.9140625,119.453125,123.0703125,109.05859375,72.5390625,318.9453125,330.88671875,291.87109375,0.0,0.0,0.21484375,52.163360595703125
none,2,993,1.0,0.0,1.0,1.0,1.0,1.0,14.16796875,119.94921875,123.79296875,107.640625,74.23046875,321.84765625,331.05859375,287.203125,0.0,0.0,0.203125,52.22117233276367
none,2,994,1.0,0.0,1.0,1.0,1.0,1.0,14.1484375,121.35546875,122.89453125,107.109375,73.62109375,324.046875,329.05078125,284.859375,0.0,0.0,0.234375,52.282745361328125
none,2,995,1.0,0.0,1.0,1.0,1.0,1.0,14.64453125,120.375,123.3828125,106.83203125,76.328125,322.69140625,330.11328125,283.421875,0.0,0.0,0.25390625,51.838653564453125
none,2,996,1.0,0.0,1.0,1.0,1.0,1.0,14.61328125,120.01171875,123.0859375,106.91796875,76.0546875,320.7578125,329.375,284.62890625,0.0,0.0,0.26953125,51.87440490722656
none,2,997,1.0,0.0,1.0,1.0,1.0,1.0,13.9921875,119.44921875,122.65234375,108.62890625,74.640625,319.53125,329.32421875,288.44140625,0.0,0.0,0.2734375,52.10496139526367
none,2,998,1.0,0.0,1.0,1.0,1.0,1.0,14.2578125,119.6796875,123.9375,108.44921875,74.48046875,319.61328125,331.453125,287.21484375,0.0,0.0,0.23046875,52.27122116088867
none,2,999,1.0,0.0,1.0,1.0,1.0,1.0,14.484375,118.6640625,123.125,107.03515625,76.28125,318.04296875,330.03125,284.7578125,0.0,0.0,0.21484375,51.85530090332031
none,2,1000,1.0,0.0,1.0,1.0,1.0,1.0,14.40234375,118.6953125,123.51953125,108.03125,75.3046875,318.125,331.33203125,287.3984375,0.0,0.0,0.2578125,51.93797302246094
none,2,1001,1.0,0.0,1.0,1.0,1.0,1.0,13.94921875,119.375,123.7578125,108.39453125,73.890625,320.4453125,329.55859375,288.2109375,0.0,0.0,0.2265625,52.228782653808594
none,2,1002,1.0,0.0,1.0,1.0,1.0,1.0,14.62890625,118.5703125,122.19140625,108.625,76.6875,316.97265625,327.40234375,288.20703125,0.0,0.0,0.21484375,51.877769470214844
none,2,1003,1.0,0.0,1.0,1.0,1.0,1.0,14.08984375,118.796875,123.0703125,108.77734375,75.6640625,316.640625,330.42578125,289.4609375,0.0,0.0,0.2890625,52.09341049194336
none,2,1004,1.0,0.0,1.0,1.0,1.0,1.0,14.19921875,119.02734375,123.8046875,108.0546875,74.6328125,317.85546875,330.578125,287.1640625,0.0,0.0,0.265625,52.22834396362305
none,2,1005,1.0,0.0,1.0,1.0,1.0,1.0,14.75,119.140625,124.32421875,107.81640625,77.11328125,318.37109375,331.21484375,285.9375,0.0,0.0,0.1953125,52.04951477050781
none,2,1006,1.0,0.0,1.0,1.0,1.0,1.0,13.96484375,119.86328125,123.7578125,107.4375,74.72265625,320.4375,329.1953125,286.6484375,0.0,0.0,0.21875,52.0743408203125
none,2,1007,1.0,0.0,1.0,1.0,1.0,1.0,14.55078125,118.70703125,123.17578125,109.94140625,76.3984375,317.42578125,327.9375,292.7734375,0.0,0.0,0.2578125,52.31739807128906
none,2,1008,1.0,0.0,1.0,1.0,1.0,1.0,13.9765625,119.91796875,123.9765625,108.765625,74.22265625,319.7890625,330.53125,287.39453125,0.0,0.0,0.234375,52.46312713623047
none,2,1009,1.0,0.0,1.0,1.0,1.0,1.0,13.83984375,119.9296875,123.61328125,108.421875,74.02734375,320.7265625,330.04296875,287.5859375,0.0,0.0,0.25,52.4212760925293
none,2,1010,1.0,0.0,1.0,1.0,1.0,1.0,14.30078125,120.68359375,124.078125,108.50390625,74.265625,321.51953125,332.25390625,288.625,0.0,0.0,0.25,52.59989547729492
none,2,1011,1.0,0.0,1.0,1.0,1.0,1.0,14.640625,119.78125,124.0703125,109.19921875,76.19140625,318.62890625,330.7578125,289.87890625,0.0,0.0,0.23828125,52.45637130737305
none,2,1012,1.0,0.0,1.0,1.0,1.0,1.0,14.1015625,121.85546875,123.3046875,108.8359375,74.14453125,325.46875,328.625,288.4296875,0.0,0.0,0.25390625,52.67900848388672
none,2,1013,1.0,0.0,1.0,1.0,1.0,1.0,13.87890625,119.99609375,123.484375,108.57421875,73.890625,319.21484375,328.10546875,288.36328125,0.0,0.0,0.21875,52.3624382019043
none,2,1014,1.0,0.0,1.0,1.0,1.0,1.0,14.2578125,121.05078125,124.6015625,107.1484375,74.38671875,322.296875,332.0625,284.921875,0.0,0.0,0.26171875,52.44567108154297
none,2,1015,1.0,0.0,1.0,1.0,1.0,1.0,14.4921875,119.95703125,123.9921875,108.34765625,74.44921875,319.74609375,329.5546875,285.90625,0.0,0.0,0.1796875,52.444026947021484
none,2,1016,1.0,0.0,1.0,1.0,1.0,1.0,13.6328125,120.9609375,124.96484375,109.84375,72.640625,321.22265625,331.9375,290.3671875,0.0,0.0,0.19921875,53.37834930419922
none,2,1017,1.0,0.0,1.0,1.0,1.0,1.0,14.12890625,121.36328125,123.1796875,109.23828125,74.5703125,322.37109375,327.359375,287.84765625,0.0,0.0,0.23828125,52.621490478515625
none,2,1018,1.0,0.0,1.0,1.0,1.0,1.0,13.6640625,119.796875,124.5078125,109.0078125,73.43359375,317.65234375,332.078125,288.0703125,0.0,0.0,0.171875,52.491432189941406
none,2,1019,1.0,0.0,1.0,1.0,1.0,1.0,14.41015625,120.47265625,124.48046875,109.21484375,75.6328125,319.203125,329.61328125,289.5390625,0.0,0.0,0.2421875,52.79966354370117
none,2,1020,1.0,0.0,1.0,1.0,1.0,1.0,14.1796875,120.50390625,122.94921875,108.56640625,74.0390625,319.82421875,326.64453125,287.7421875,0.0,0.0,0.2734375,52.278541564941406
none,2,1021,1.0,0.0,1.0,1.0,1.0,1.0,14.1484375,120.89453125,123.453125,107.640625,73.69140625,319.4296875,328.71875,283.80078125,0.0,0.0,0.1875,52.34977340698242
none,2,1022,1.0,0.0,1.0,1.0,1.0,1.0,14.0703125,120.125,123.51171875,109.63671875,74.734375,318.24609375,328.46875,288.45703125,0.0,0.0,0.1953125,52.506099700927734
none,2,1023,1.0,0.0,1.0,1.0,1.0,1.0,14.203125,121.453125,123.32421875,109.546875,74.78125,322.703125,328.73828125,289.46875,0.0,0.0,0.22265625,52.793182373046875
none,2,1024,1.0,0.0,1.0,1.0,1.0,1.0,13.90625,120.390625,123.23046875,108.84765625,73.57421875,319.99609375,328.5078125,289.515625,0.0,0.0,0.2265625,52.54393768310547
none,2,1025,1.0,0.0,1.0,1.0,1.0,1.0,14.0,120.0390625,124.51171875,108.98046875,74.67578125,320.15234375,331.63671875,288.69921875,0.0,0.0,0.1875,52.57242965698242
none,2,1026,1.0,0.0,1.0,1.0,1.0,1.0,13.64453125,121.05078125,124.203125,108.27734375,73.6328125,322.5390625,330.58984375,286.65234375,0.0,0.0,0.2265625,52.6872673034668
none,2,1027,1.0,0.0,1.0,1.0,1.0,1.0,13.8046875,121.0859375,123.61328125,109.70703125,74.875,320.9140625,327.84765625,290.90625,0.0,0.0,0.26953125,52.68888473510742
none,2,1028,1.0,0.0,1.0,1.0,1.0,1.0,13.91796875,120.109375,125.24609375,110.05078125,75.09765625,319.07421875,331.7265625,291.35546875,0.0,0.0,0.21484375,52.855430603027344
none,2,1029,1.0,0.0,1.0,1.0,1.0,1.0,14.22265625,119.59765625,124.48828125,110.45703125,76.7265625,316.5234375,330.44140625,292.51953125,0.0,0.0,0.21875,52.893280029296875
none,2,1030,1.0,0.0,1.0,1.0,1.0,1.0,13.8125,121.0859375,124.8984375,109.796875,75.203125,321.12109375,331.85546875,291.76171875,0.0,0.0,0.265625,53.00883102416992
none,2,1031,1.0,0.0,1.0,1.0,1.0,1.0,13.734375,119.6484375,124.30859375,110.97265625,73.296875,317.0859375,330.22265625,294.04296875,0.0,0.0,0.2109375,52.84385299682617
none,2,1032,1.0,0.0,1.0,1.0,1.0,1.0,13.984375,121.3359375,124.765625,110.4375,74.5390625,322.09375,331.30078125,293.5234375,0.0,0.0,0.2421875,53.18743133544922
none,2,1033,1.0,0.0,1.0,1.0,1.0,1.0,13.6953125,120.9609375,122.83984375,110.921875,74.40234375,320.22265625,327.35546875,294.84765625,0.0,0.0,0.203125,52.743011474609375
none,2,1034,1.0,0.0,1.0,1.0,1.0,1.0,13.4140625,121.23046875,124.796875,109.9375,72.421875,320.9453125,333.40625,291.3984375,0.0,0.0,0.2265625,53.11935043334961
none,2,1035,1.0,0.0,1.0,1.0,1.0,1.0,13.23828125,120.9375,124.71484375,111.2578125,72.6171875,321.6015625,332.0703125,294.9140625,0.0,0.0,0.22265625,53.4004020690918
none,2,1036,1.0,0.0,1.0,1.0,1.0,1.0,13.82421875,120.23046875,124.1015625,110.109375,74.60546875,319.64453125,329.9765625,293.68359375,0.0,0.0,0.19921875,52.85441207885742
none,2,1037,1.0,0.0,1.0,1.0,1.0,1.0,13.60546875,121.51953125,125.26953125,108.30078125,74.015625,323.33984375,333.046875,287.50390625,0.0,0.0,0.3125,52.87438201904297
none,2,1038,1.0,0.0,1.0,1.0,1.0,1.0,13.09765625,121.0078125,124.63671875,109.26171875,72.84765625,320.35546875,331.45703125,288.7109375,0.0,0.0,0.2109375,52.95870590209961
none,2,1039,1.0,0.0,1.0,1.0,1.0,1.0,13.6953125,120.69140625,124.4375,109.63671875,74.6171875,320.29296875,330.94140625,290.26171875,0.0,0.0,0.17578125,53.02248764038086
none,2,1040,1.0,0.0,1.0,1.0,1.0,1.0,13.4921875,121.96484375,124.0078125,109.82421875,73.54296875,323.36328125,329.93359375,291.2421875,0.0,0.0,0.171875,53.12603759765625
none,2,1041,1.0,0.0,1.0,1.0,1.0,1.0,13.796875,121.3203125,124.55078125,109.6171875,75.33203125,320.7421875,329.2890625,290.03125,0.0,0.0,0.1875,53.080867767333984
none,2,1042,1.0,0.0,1.0,1.0,1.0,1.0,13.45703125,121.32421875,124.98046875,109.109375,72.80859375,322.08203125,330.38671875,286.8828125,0.0,0.0,0.1953125,53.02252197265625
none,2,1043,1.0,0.0,1.0,1.0,1.0,1.0,13.5859375,121.98046875,125.25390625,110.375,74.8984375,320.68359375,331.61328125,292.30078125,0.0,0.0,0.23046875,53.32093048095703
none,2,1044,1.0,0.0,1.0,1.0,1.0,1.0,14.140625,120.96484375,125.1328125,109.22265625,75.89453125,319.6796875,332.6953125,287.2578125,0.0,0.0,0.203125,52.986968994140625
none,2,1045,1.0,0.0,1.0,1.0,1.0,1.0,13.7578125,121.92578125,125.16015625,109.87890625,75.0546875,322.5234375,329.25390625,289.58203125,0.0,0.0,0.20703125,53.377685546875
none,2,1046,1.0,0.0,1.0,1.0,1.0,1.0,14.18359375,121.3828125,126.15234375,109.79296875,75.4375,321.75,333.0625,287.8671875,0.0,0.0,0.25,53.3543701171875
none,2,1047,1.0,0.0,1.0,1.0,1.0,1.0,14.2890625,121.046875,124.828125,110.9296875,76.34375,317.94921875,329.62890625,292.578125,0.0,0.0,0.25390625,53.14544677734375
none,2,1048,1.0,0.0,1.0,1.0,1.0,1.0,13.60546875,121.9609375,124.66015625,110.1875,74.01953125,323.29296875,329.19921875,290.62109375,0.0,0.0,0.1875,53.43914031982422
none,2,1049,1.0,0.0,1.0,1.0,1.0,1.0,14.2890625,120.58984375,124.4921875,111.65625,76.13671875,317.0703125,328.59375,293.796875,0.0,0.0,0.21875,53.352874755859375
none,2,1050,1.0,0.0,1.0,1.0,1.0,1.0,13.51953125,120.8828125,125.7265625,111.18359375,73.7890625,317.9375,331.62109375,292.03515625,0.0,0.0,0.1953125,53.4893798828125
none,2,1051,1.0,0.0,1.0,1.0,1.0,1.0,14.47265625,120.890625,124.5703125,110.390625,76.74609375,320.13671875,329.98828125,290.16015625,0.0,0.0,0.23828125,53.10673141479492
none,2,1052,1.0,0.0,1.0,1.0,1.0,1.0,14.38671875,122.76953125,125.171875,110.56640625,75.81640625,323.8828125,329.234375,289.515625,0.0,0.0,0.26171875,53.582305908203125
none,2,1053,1.0,0.0,1.0,1.0,1.0,1.0,13.1875,121.44140625,126.18359375,110.3125,72.46875,321.26953125,333.90625,288.9375,0.0,0.0,0.20703125,53.5218505859375
none,2,1054,1.0,0.0,1.0,1.0,1.0,1.0,13.8125,121.0546875,125.3984375,112.1875,76.61328125,320.6328125,332.0546875,295.85546875,0.0,0.0,0.1875,53.650001525878906
none,2,1055,1.0,0.0,1.0,1.0,1.0,1.0,13.3515625,121.24609375,125.05859375,110.8046875,73.078125,321.5234375,331.953125,293.1328125,0.0,0.0,0.1796875,53.48810958862305
none,2,1056,1.0,0.0,1.0,1.0,1.0,1.0,13.34375,122.43359375,125.671875,111.625,72.82421875,324.12890625,330.8359375,292.7265625,0.0,0.0,0.21484375,53.8731803894043
none,2,1057,1.0,0.0,1.0,1.0,1.0,1.0,13.78515625,121.34765625,125.984375,110.84765625,74.5546875,320.32421875,333.515625,292.2578125,0.0,0.0,0.1953125,53.541114807128906
none,2,1058,1.0,0.0,1.0,1.0,1.0,1.0,13.16015625,121.12890625,125.08203125,112.59765625,72.1875,318.625,331.3046875,297.47265625,0.0,0.0,0.2421875,53.564453125
none,2,1059,1.0,0.0,1.0,1.0,1.0,1.0,12.9765625,122.1796875,125.98828125,110.0546875,72.25,323.00390625,333.0859375,288.79296875,0.0,0.0,0.2421875,53.55796432495117
none,2,1060,1.0,0.0,1.0,1.0,1.0,1.0,12.7265625,123.234375,125.671875,112.49609375,72.54296875,324.12109375,331.23046875,296.328125,0.0,0.0,0.23828125,54.12120056152344
none,2,1061,1.0,0.0,1.0,1.0,1.0,1.0,13.57421875,122.9765625,125.73828125,111.828125,75.171875,323.8359375,332.37109375,292.94921875,0.0,0.0,0.19921875,53.97637939453125
none,2,1062,1.0,0.0,1.0,1.0,1.0,1.0,13.1484375,121.01953125,126.83984375,111.82421875,73.359375,318.24609375,335.33203125,294.87890625,0.0,0.0,0.25390625,53.978599548339844
none,2,1063,1.0,0.0,1.0,1.0,1.0,1.0,13.43359375,121.11328125,126.41015625,111.64453125,75.3515625,320.921875,333.953125,295.0703125,0.0,0.0,0.203125,53.530025482177734
none,2,1064,1.0,0.0,1.0,1.0,1.0,1.0,13.51171875,122.5390625,125.375,111.14453125,75.5234375,324.43359375,331.7265625,292.54296875,0.0,0.0,0.2890625,53.52904510498047
none,2,1065,1.0,0.0,1.0,1.0,1.0,1.0,13.14453125,121.109375,126.0546875,112.375,73.73046875,319.21875,333.01171875,296.2734375,0.0,0.0,0.2265625,53.80168914794922
none,2,1066,1.0,0.0,1.0,1.0,1.0,1.0,13.46875,121.2265625,126.171875,113.375,75.4609375,319.24609375,332.70703125,297.11328125,0.0,0.0,0.23828125,54.09630584716797
none,2,1067,1.0,0.0,1.0,1.0,1.0,1.0,13.59765625,121.83984375,126.33203125,112.65625,75.75390625,321.46875,332.69921875,296.296875,0.0,0.0,0.16015625,53.8811149597168
none,2,1068,1.0,0.0,1.0,1.0,1.0,1.0,13.73046875,120.68359375,125.36328125,111.94921875,76.30859375,317.08984375,331.1953125,294.80859375,0.0,0.0,0.2109375,53.41529083251953
none,2,1069,1.0,0.0,1.0,1.0,1.0,1.0,13.05859375,121.1796875,126.9296875,111.39453125,73.9140625,318.59375,335.85546875,293.51171875,0.0,0.0,0.2109375,53.63376998901367
none,2,1070,1.0,0.0,1.0,1.0,1.0,1.0,13.30078125,121.078125,126.3359375,113.1328125,74.2421875,318.1328125,333.6640625,296.30859375,0.0,0.0,0.171875,54.25083923339844
none,2,1071,1.0,0.0,1.0,1.0,1.0,1.0,13.08984375,121.80078125,126.7890625,111.94921875,72.8671875,321.0390625,333.6640625,292.80078125,0.0,0.0,0.18359375,54.02408981323242
none,2,1072,1.0,0.0,1.0,1.0,1.0,1.0,13.2890625,123.34375,127.5234375,112.10546875,74.5234375,322.40625,335.578125,292.4765625,0.0,0.0,0.15625,54.41465377807617
none,2,1073,1.0,0.0,1.0,1.0,1.0,1.0,13.81640625,123.5234375,125.95703125,111.1640625,76.25,324.37109375,332.38671875,289.81640625,0.0,0.0,0.22265625,53.999366760253906
none,2,1074,1.0,0.0,1.0,1.0,1.0,1.0,13.51171875,121.78125,125.29296875,111.7890625,74.4609375,321.73046875,330.83203125,293.109375,0.0,0.0,0.19921875,53.793792724609375
none,2,1075,1.0,0.0,1.0,1.0,1.0,1.0,13.87890625,122.015625,126.63671875,111.0546875,75.21875,319.9375,333.484375,292.86328125,0.0,0.0,0.17578125,53.880882263183594
none,2,1076,1.0,0.0,1.0,1.0,1.0,1.0,12.96875,122.76953125,125.08984375,112.0078125,72.93359375,321.2265625,328.75,292.87109375,0.0,0.0,0.234375,53.902587890625
none,2,1077,1.0,0.0,1.0,1.0,1.0,1.0,13.19140625,122.66015625,126.2265625,112.625,73.40625,319.37109375,330.328125,294.296875,0.0,0.0,0.17578125,54.105735778808594
none,2,1078,1.0,0.0,1.0,1.0,1.0,1.0,13.57421875,123.54296875,126.65625,111.98828125,75.0859375,323.18359375,331.40234375,292.9140625,0.0,0.0,0.19921875,54.087371826171875
none,2,1079,1.0,0.0,1.0,1.0,1.0,1.0,13.23828125,123.34765625,125.8984375,111.94921875,73.46484375,324.0,329.05859375,291.83984375,0.0,0.0,0.22265625,53.96406173706055
none,2,1080,1.0,0.0,1.0,1.0,1.0,1.0,13.32421875,124.19921875,126.7265625,111.1953125,71.8203125,324.17578125,331.9765625,289.05859375,0.0,0.0,0.20703125,54.21012496948242
none,2,1081,1.0,0.0,1.0,1.0,1.0,1.0,13.22265625,122.77734375,127.84375,112.41015625,73.390625,320.1796875,334.80859375,293.87109375,0.0,0.0,0.21484375,54.464332580566406
none,2,1082,1.0,0.0,1.0,1.0,1.0,1.0,13.171875,123.1796875,126.99609375,111.44921875,74.87890625,322.22265625,331.0,290.29296875,0.0,0.0,0.109375,54.2417106628418
none,2,1083,1.0,0.0,1.0,1.0,1.0,1.0,13.6796875,123.62890625,126.2890625,111.28515625,75.06640625,323.89453125,329.75,290.00390625,0.0,0.0,0.25,53.966819763183594
none,2,1084,1.0,0.0,1.0,1.0,1.0,1.0,12.7265625,121.9765625,126.828125,112.87109375,73.6484375,318.3828125,331.890625,295.73828125,0.0,0.0,0.22265625,54.29217529296875
none,2,1085,1.0,0.0,1.0,1.0,1.0,1.0,13.23828125,122.26171875,127.5625,112.7421875,73.08203125,320.66796875,334.4765625,293.33203125,0.0,0.0,0.2109375,54.51287841796875
none,2,1086,1.0,0.0,1.0,1.0,1.0,1.0,13.359375,121.68359375,127.42578125,113.2265625,75.75390625,316.921875,333.58984375,296.50390625,0.0,0.0,0.203125,54.420555114746094
none,2,1087,1.0,0.0,1.0,1.0,1.0,1.0,13.265625,123.20703125,125.61328125,113.67578125,74.51953125,322.19140625,328.66015625,296.71875,0.0,0.0,0.26171875,54.51612854003906
none,2,1088,1.0,0.0,1.0,1.0,1.0,1.0,13.59765625,122.17578125,125.8671875,112.8984375,76.01953125,319.2265625,330.42578125,295.59375,0.0,0.0,0.234375,53.991424560546875
none,2,1089,1.0,0.0,1.0,1.0,1.0,1.0,12.83984375,123.578125,126.7890625,113.1640625,74.5703125,323.02734375,330.28515625,296.296875,0.0,0.0,0.21484375,54.75863265991211
none,2,1090,1.0,0.0,1.0,1.0,1.0,1.0,13.33203125,123.34375,126.5625,112.7734375,74.86328125,323.265625,331.06640625,295.34765625,0.0,0.0,0.23828125,54.343528747558594
none,2,1091,1.0,0.0,1.0,1.0,1.0,1.0,13.4609375,123.0234375,126.43359375,113.23828125,75.34765625,321.453125,331.1796875,296.05078125,0.0,0.0,0.23046875,54.363922119140625
none,2,1092,1.0,0.0,1.0,1.0,1.0,1.0,12.671875,124.07421875,126.51953125,112.40234375,71.6171875,323.64453125,331.078125,293.99609375,0.0,0.0,0.171875,54.47358703613281
none,2,1093,1.0,0.0,1.0,1.0,1.0,1.0,13.08984375,123.24609375,126.91015625,114.5625,73.796875,322.1484375,331.359375,299.609375,0.0,0.0,0.1796875,54.64240646362305
none,2,1094,1.0,0.0,1.0,1.0,1.0,1.0,13.21875,122.87890625,126.32421875,113.3671875,75.37890625,322.62109375,331.10546875,296.84375,0.0,0.0,0.21875,54.64934539794922
none,2,1095,1.0,0.0,1.0,1.0,1.0,1.0,13.05859375,125.4765625,127.91796875,112.84375,73.21875,326.7578125,335.3203125,294.87109375,0.0,0.0,0.203125,55.1182861328125
none,2,1096,1.0,0.0,1.0,1.0,1.0,1.0,13.0546875,123.52734375,126.65234375,113.02734375,75.21484375,322.38671875,331.89453125,296.16796875,0.0,0.0,0.23828125,54.648773193359375
none,2,1097,1.0,0.0,1.0,1.0,1.0,1.0,13.23828125,124.42578125,126.51953125,113.109375,74.47265625,325.7578125,331.265625,295.6953125,0.0,0.0,0.18359375,54.957183837890625
none,2,1098,1.0,0.0,1.0,1.0,1.0,1.0,13.3046875,124.46875,126.37890625,111.14453125,74.71875,325.35546875,331.0234375,289.66015625,0.0,0.0,0.21484375,54.276397705078125
none,2,1099,1.0,0.0,1.0,1.0,1.0,1.0,13.01171875,124.5234375,128.21484375,111.99609375,74.94921875,323.5546875,334.4765625,291.2578125,0.0,0.0,0.1953125,54.805938720703125
none,2,1100,1.0,0.0,1.0,1.0,1.0,1.0,13.5,125.5234375,127.0078125,112.6953125,74.63671875,325.171875,331.7890625,293.3984375,0.0,0.0,0.1796875,54.942726135253906
none,2,1101,1.0,0.0,1.0,1.0,1.0,1.0,13.578125,123.9765625,127.265625,112.9375,74.53125,321.21875,332.94140625,294.3984375,0.0,0.0,0.17578125,54.569725036621094
none,2,1102,1.0,0.0,1.0,1.0,1.0,1.0,13.390625,125.7265625,126.578125,112.58203125,76.56640625,326.453125,329.0,293.3359375,0.0,0.0,0.18359375,54.754085540771484
none,2,1103,1.0,0.0,1.0,1.0,1.0,1.0,13.66796875,124.33203125,128.6640625,112.76171875,75.484375,323.0390625,335.734375,293.58984375,0.0,0.0,0.25,55.070518493652344
none,2,1104,1.0,0.0,1.0,1.0,1.0,1.0,13.1015625,125.1171875,127.3828125,111.7265625,74.2421875,326.83984375,331.375,289.7578125,0.0,0.0,0.1640625,54.849884033203125
none,2,1105,1.0,0.0,1.0,1.0,1.0,1.0,13.0546875,124.90234375,129.546875,112.578125,73.87109375,324.51171875,337.42578125,292.46875,0.0,0.0,0.1640625,55.36229705810547
none,2,1106,1.0,0.0,1.0,1.0,1.0,1.0,13.1484375,125.38671875,127.875,111.890625,74.21484375,325.4609375,332.41015625,290.11328125,0.0,0.0,0.2265625,54.809593200683594
none,2,1107,1.0,0.0,1.0,1.0,1.0,1.0,13.07421875,125.1015625,127.703125,113.2265625,72.625,325.296875,332.4765625,295.69140625,0.0,0.0,0.1953125,55.1390380859375
none,2,1108,1.0,0.0,1.0,1.0,1.0,1.0,12.953125,125.53515625,127.53515625,113.79296875,74.37890625,325.7109375,332.53125,295.8515625,0.0,0.0,0.20703125,55.241851806640625
none,2,1109,1.0,0.0,1.0,1.0,1.0,1.0,12.55859375,125.05859375,128.1796875,113.57421875,72.0859375,325.25,333.53515625,295.87890625,0.0,0.0,0.24609375,55.338714599609375
none,2,1110,1.0,0.0,1.0,1.0,1.0,1.0,13.24609375,124.55859375,127.9296875,113.453125,74.0,322.765625,332.8125,295.6796875,0.0,0.0,0.1796875,55.09209442138672
none,2,1111,1.0,0.0,1.0,1.0,1.0,1.0,12.6484375,124.3515625,128.51953125,113.9140625,72.8046875,323.73828125,333.73828125,296.20703125,0.0,0.0,0.203125,55.25395202636719
none,2,1112,1.0,0.0,1.0,1.0,1.0,1.0,13.02734375,125.34765625,128.8125,112.4921875,73.96875,326.07421875,335.42578125,294.8515625,0.0,0.0,0.1796875,55.26688766479492
none,2,1113,1.0,0.0,1.0,1.0,1.0,1.0,12.8046875,123.7578125,128.25,112.73046875,74.46484375,322.6484375,335.1015625,294.33203125,0.0,0.0,0.203125,54.695701599121094
none,2,1114,1.0,0.0,1.0,1.0,1.0,1.0,13.37109375,124.40234375,126.6171875,113.20703125,77.59375,323.69921875,331.7265625,294.4453125,0.0,0.0,0.24609375,54.70396423339844
none,2,1115,1.0,0.0,1.0,1.0,1.0,1.0,13.51171875,124.92578125,127.5703125,113.69921875,75.7734375,325.78515625,332.2578125,295.72265625,0.0,0.0,0.22265625,55.12675094604492
none,2,1116,1.0,0.0,1.0,1.0,1.0,1.0,13.24609375,124.6953125,128.109375,112.86328125,74.48046875,323.95703125,334.3828125,293.6953125,0.0,0.0,0.16015625,54.94248580932617
none,2,1117,1.0,0.0,1.0,1.0,1.0,1.0,12.796875,124.71875,128.38671875,113.0390625,72.0078125,322.8671875,334.55859375,293.6953125,0.0,0.0,0.21875,55.10065460205078
none,2,1118,1.0,0.0,1.0,1.0,1.0,1.0,12.99609375,124.25390625,128.9609375,113.70703125,74.984375,321.2421875,336.83203125,296.328125,0.0,0.0,0.16796875,55.27058029174805
none,2,1119,1.0,0.0,1.0,1.0,1.0,1.0,12.66015625,124.6015625,129.04296875,113.11328125,72.97265625,322.97265625,335.90625,291.81640625,0.0,0.0,0.17578125,55.447837829589844
none,2,1120,1.0,0.0,1.0,1.0,1.0,1.0,13.50390625,124.7109375,128.96484375,113.95703125,75.671875,323.8515625,337.4609375,296.5078125,0.0,0.0,0.21484375,55.321250915527344
none,2,1121,1.0,0.0,1.0,1.0,1.0,1.0,12.5859375,125.109375,130.06640625,113.52734375,71.296875,324.44140625,337.1015625,295.40625,0.0,0.0,0.16796875,55.45588684082031
none,2,1122,1.0,0.0,1.0,1.0,1.0,1.0,13.21484375,125.2578125,128.265625,114.3125,74.7421875,326.09765625,333.609375,296.43359375,0.0,0.0,0.171875,55.50354766845703
none,2,1123,1.0,0.0,1.0,1.0,1.0,1.0,12.8203125,125.74609375,126.99609375,114.75,72.51171875,327.0234375,330.75390625,298.09765625,0.0,0.0,0.21875,55.244712829589844
none,2,1124,1.0,0.0,1.0,1.0,1.0,1.0,12.8125,123.7265625,128.53125,115.55859375,73.87109375,321.13671875,334.3359375,300.0234375,0.0,0.0,0.1171875,55.37247848510742
none,2,1125,1.0,0.0,1.0,1.0,1.0,1.0,13.02734375,126.05078125,127.9921875,113.42578125,74.94921875,328.70703125,332.33984375,294.21484375,0.0,0.0,0.18359375,55.48066329956055
none,2,1126,1.0,0.0,1.0,1.0,1.0,1.0,12.984375,125.3359375,127.70703125,114.00390625,75.015625,325.82421875,334.11328125,296.421875,0.0,0.0,0.21875,55.32548522949219
none,2,1127,1.0,0.0,1.0,1.0,1.0,1.0,12.8984375,124.2890625,128.73046875,114.66015625,74.90234375,321.00390625,334.84375,298.9296875,0.0,0.0,0.23046875,55.47148895263672
none,2,1128,1.0,0.0,1.0,1.0,1.0,1.0,13.57421875,122.66015625,127.0625,115.32421875,77.203125,318.20703125,331.15234375,301.56640625,0.0,0.0,0.2421875,54.68389129638672
none,2,1129,1.0,0.0,1.0,1.0,1.0,1.0,13.28125,122.86328125,129.171875,114.828125,75.55078125,318.55078125,336.1953125,299.93359375,0.0,0.0,0.23046875,55.404293060302734
none,2,1130,1.0,0.0,1.0,1.0,1.0,1.0,13.2265625,123.89453125,129.1328125,114.75390625,73.86328125,322.0859375,336.62109375,297.65234375,0.0,0.0,0.19921875,55.34189987182617
none,2,1131,1.0,0.0,1.0,1.0,1.0,1.0,13.328125,123.71875,129.0234375,115.5625,75.98828125,321.25390625,336.5625,300.28125,0.0,0.0,0.15625,55.3339958190918
none,2,1132,1.0,0.0,1.0,1.0,1.0,1.0,12.8203125,124.17578125,129.7890625,113.90625,73.1953125,322.5546875,338.57421875,296.33984375,0.0,0.0,0.16796875,55.40569305419922
none,2,1133,1.0,0.0,1.0,1.0,1.0,1.0,12.8671875,125.73828125,128.19921875,114.3828125,74.15234375,327.59765625,333.8125,297.8828125,0.0,0.0,0.1953125,55.37028121948242
none,2,1134,1.0,0.0,1.0,1.0,1.0,1.0,13.3671875,124.96484375,128.20703125,114.66796875,77.9375,324.28515625,332.8671875,297.69140625,0.0,0.0,0.171875,55.306678771972656
none,2,1135,1.0,0.0,1.0,1.0,1.0,1.0,12.73046875,124.5546875,128.53515625,113.82421875,71.6953125,323.75390625,334.0390625,295.4375,0.0,0.0,0.1484375,55.18389892578125
none,2,1136,1.0,0.0,1.0,1.0,1.0,1.0,13.5,125.359375,128.78125,115.390625,76.8984375,326.54296875,333.79296875,299.12890625,0.0,0.0,0.1875,55.79929733276367
none,2,1137,1.0,0.0,1.0,1.0,1.0,1.0,13.1171875,124.7265625,128.3203125,115.47265625,77.14453125,323.76953125,334.0703125,298.6015625,0.0,0.0,0.18359375,55.413185119628906
none,2,1138,1.0,0.0,1.0,1.0,1.0,1.0,12.953125,125.35546875,129.25390625,115.1015625,75.87109375,325.75390625,334.74609375,297.93359375,0.0,0.0,0.234375,55.67034149169922
none,2,1139,1.0,0.0,1.0,1.0,1.0,1.0,13.03125,124.734375,128.125,117.11328125,75.859375,323.08984375,332.84765625,304.15234375,0.0,0.0,0.20703125,55.84325408935547
none,2,1140,1.0,0.0,1.0,1.0,1.0,1.0,12.72265625,125.77734375,128.54296875,116.11328125,74.54296875,325.91796875,335.35546875,300.50390625,0.0,0.0,0.15625,55.91948699951172
none,2,1141,1.0,0.0,1.0,1.0,1.0,1.0,12.8671875,126.42578125,128.42578125,115.51171875,74.21484375,329.0078125,334.28125,299.09375,0.0,0.0,0.19140625,55.98081588745117
none,2,1142,1.0,0.0,1.0,1.0,1.0,1.0,13.4375,127.39453125,127.93359375,114.6953125,77.53125,331.26953125,332.99609375,296.08203125,0.0,0.0,0.171875,55.74251937866211
none,2,1143,1.0,0.0,1.0,1.0,1.0,1.0,12.59765625,125.26171875,129.69140625,115.59765625,72.328125,323.3671875,335.9296875,299.515625,0.0,0.0,0.1640625,55.909141540527344
none,2,1144,1.0,0.0,1.0,1.0,1.0,1.0,13.2578125,124.8046875,128.50390625,116.38671875,75.29296875,322.84765625,333.77734375,301.2421875,0.0,0.0,0.1953125,55.73612594604492
none,2,1145,1.0,0.0,1.0,1.0,1.0,1.0,13.3984375,125.1953125,129.5625,115.1640625,75.84765625,324.68359375,336.51171875,297.3125,0.0,0.0,0.1953125,56.07976531982422
none,2,1146,1.0,0.0,1.0,1.0,1.0,1.0,12.4765625,125.70703125,129.2421875,116.265625,73.31640625,325.75,335.80859375,301.19140625,0.0,0.0,0.1875,56.14112854003906
none,2,1147,1.0,0.0,1.0,1.0,1.0,1.0,12.44140625,125.92578125,128.62890625,116.31640625,72.015625,327.30078125,334.4609375,300.3828125,0.0,0.0,0.1953125,56.091766357421875
none,2,1148,1.0,0.0,1.0,1.0,1.0,1.0,12.91796875,125.77734375,128.10546875,115.65625,75.49609375,326.70703125,332.57421875,301.42578125,0.0,0.0,0.19140625,55.6777458190918
none,2,1149,1.0,0.0,1.0,1.0,1.0,1.0,12.9140625,125.78515625,129.40234375,115.16796875,75.44140625,326.078125,336.69140625,297.32421875,0.0,0.0,0.1953125,55.929256439208984
none,2,1150,1.0,0.0,1.0,1.0,1.0,1.0,12.6484375,125.90625,129.52734375,115.16015625,74.84375,325.4609375,336.5859375,297.49609375,0.0,0.0,0.171875,56.154502868652344
none,2,1151,1.0,0.0,1.0,1.0,1.0,1.0,13.04296875,125.32421875,129.3984375,114.9609375,75.6171875,325.15234375,334.66015625,297.95703125,0.0,0.0,0.1796875,55.77172088623047
none,2,1152,1.0,0.0,1.0,1.0,1.0,1.0,12.18359375,127.31640625,129.19921875,114.9609375,72.79296875,328.86328125,334.26953125,297.9609375,0.0,0.0,0.20703125,56.165496826171875
none,2,1153,1.0,0.0,1.0,1.0,1.0,1.0,12.69921875,127.18359375,129.87890625,114.48046875,74.34765625,327.94140625,336.984375,295.921875,0.0,0.0,0.19921875,56.06989669799805
none,2,1154,1.0,0.0,1.0,1.0,1.0,1.0,12.66015625,125.31640625,129.328125,114.9140625,75.203125,322.0625,333.875,297.7421875,0.0,0.0,0.16796875,55.748443603515625
none,2,1155,1.0,0.0,1.0,1.0,1.0,1.0,12.76953125,125.60546875,130.1875,115.9296875,73.3203125,322.41015625,335.4921875,299.85546875,0.0,0.0,0.17578125,56.260047912597656
none,2,1156,1.0,0.0,1.0,1.0,1.0,1.0,13.0703125,125.78515625,128.99609375,114.26171875,75.74609375,322.99609375,333.375,294.86328125,0.0,0.0,0.15625,55.61671447753906
none,2,1157,1.0,0.0,1.0,1.0,1.0,1.0,13.0703125,125.296875,129.05078125,115.4453125,75.7109375,322.7734375,332.625,297.09375,0.0,0.0,0.21875,55.8104362487793
none,2,1158,1.0,0.0,1.0,1.0,1.0,1.0,13.22265625,126.11328125,130.29296875,116.125,76.21484375,324.19140625,335.00390625,298.8359375,0.0,0.0,0.22265625,56.183162689208984
none,2,1159,1.0,0.0,1.0,1.0,1.0,1.0,13.10546875,125.66015625,129.421875,115.7265625,77.05078125,323.921875,332.6328125,298.3203125,0.0,0.0,0.1953125,56.081443786621094
none,2,1160,1.0,0.0,1.0,1.0,1.0,1.0,13.59765625,126.31640625,128.57421875,114.37109375,78.12109375,324.80859375,334.84375,295.66796875,0.0,0.0,0.19921875,55.443016052246094
none,2,1161,1.0,0.0,1.0,1.0,1.0,1.0,13.3125,125.62890625,129.48046875,115.765625,75.9140625,323.93359375,333.984375,299.50390625,0.0,0.0,0.203125,56.00787353515625
none,2,1162,1.0,0.0,1.0,1.0,1.0,1.0,13.296875,126.79296875,128.51953125,115.12890625,76.01953125,325.4375,331.671875,297.1875,0.0,0.0,0.2265625,55.788909912109375
none,2,1163,1.0,0.0,1.0,1.0,1.0,1.0,13.7578125,126.45703125,128.84765625,116.89453125,78.6640625,325.42578125,332.65234375,300.8203125,0.0,0.0,0.234375,56.10795211791992
none,2,1164,1.0,0.0,1.0,1.0,1.0,1.0,12.99609375,125.88671875,129.8984375,115.28125,76.3359375,325.203125,336.5,297.015625,0.0,0.0,0.16796875,56.05471420288086
none,2,1165,1.0,0.0,1.0,1.0,1.0,1.0,13.06640625,127.9765625,130.3359375,114.96484375,76.33203125,330.09765625,336.0234375,295.88671875,0.0,0.0,0.1875,56.37435531616211
none,2,1166,1.0,0.0,1.0,1.0,1.0,1.0,12.36328125,126.47265625,129.30078125,116.09375,74.078125,325.4453125,334.44921875,298.58203125,0.0,0.0,0.23828125,56.228233337402344
none,2,1167,1.0,0.0,1.0,1.0,1.0,1.0,12.8046875,126.6484375,130.25,114.890625,76.08984375,326.08203125,337.18359375,298.4140625,0.0,0.0,0.1328125,56.366851806640625
none,2,1168,1.0,0.0,1.0,1.0,1.0,1.0,12.84765625,125.62109375,129.58203125,117.1015625,76.140625,324.7734375,334.1484375,301.5703125,0.0,0.0,0.171875,56.214691162109375
none,2,1169,1.0,0.0,1.0,1.0,1.0,1.0,12.0859375,126.8515625,129.62890625,116.015625,73.23046875,327.64453125,334.48046875,299.375,0.0,0.0,0.1171875,56.23413848876953
none,2,1170,1.0,0.0,1.0,1.0,1.0,1.0,12.65234375,125.57421875,129.890625,117.359375,75.01171875,322.26953125,334.88671875,302.671875,0.0,0.0,0.19140625,56.298057556152344
none,2,1171,1.0,0.0,1.0,1.0,1.0,1.0,12.859375,125.91015625,130.171875,117.17578125,74.73828125,323.828125,335.62109375,303.3515625,0.0,0.0,0.21875,56.364158630371094
none,2,1172,1.0,0.0,1.0,1.0,1.0,1.0,13.3359375,126.91015625,129.2734375,116.51953125,77.23828125,326.04296875,333.375,301.04296875,0.0,0.0,0.1484375,56.1004638671875
none,2,1173,1.0,0.0,1.0,1.0,1.0,1.0,12.8828125,126.09765625,129.58984375,116.66015625,76.34765625,323.30859375,332.64453125,300.44921875,0.0,0.0,0.18359375,56.20115280151367
none,2,1174,1.0,0.0,1.0,1.0,1.0,1.0,12.48046875,126.75390625,129.3125,117.29296875,74.4921875,323.9375,331.91015625,301.921875,0.0,0.0,0.1640625,56.55626678466797
none,2,1175,1.0,0.0,1.0,1.0,1.0,1.0,13.1171875,127.72265625,128.8359375,116.08203125,76.7109375,325.98046875,330.98828125,298.21875,0.0,0.0,0.15234375,56.4029541015625
none,2,1176,1.0,0.0,1.0,1.0,1.0,1.0,12.9296875,127.09375,130.140625,117.125,75.8671875,324.875,335.01953125,299.515625,0.0,0.0,0.2109375,56.51752853393555
none,2,1177,1.0,0.0,1.0,1.0,1.0,1.0,12.5546875,127.1484375,129.42578125,116.66796875,74.9609375,326.59375,331.89453125,300.35546875,0.0,0.0,0.1796875,56.44194793701172
none,2,1178,1.0,0.0,1.0,1.0,1.0,1.0,12.4140625,127.21875,131.109375,116.23046875,74.24609375,325.71875,336.84765625,299.28125,0.0,0.0,0.14453125,56.62723922729492
none,2,1179,1.0,0.0,1.0,1.0,1.0,1.0,12.5,127.80078125,131.35546875,115.5234375,74.9140625,326.91796875,337.55078125,296.859375,0.0,0.0,0.17578125,56.72378158569336
none,2,1180,1.0,0.0,1.0,1.0,1.0,1.0,12.71484375,128.24609375,131.17578125,116.20703125,75.09765625,330.10546875,338.0546875,299.90234375,0.0,0.0,0.1640625,56.870689392089844
none,2,1181,1.0,0.0,1.0,1.0,1.0,1.0,12.12109375,128.12890625,131.48828125,116.09765625,74.0078125,329.77734375,341.2109375,298.15234375,0.0,0.0,0.1953125,57.05015182495117
none,2,1182,1.0,0.0,1.0,1.0,1.0,1.0,12.38671875,127.9609375,130.97265625,115.50390625,74.32421875,328.0390625,338.62890625,297.98046875,0.0,0.0,0.15625,56.75170135498047
none,2,1183,1.0,0.0,1.0,1.0,1.0,1.0,11.84765625,127.515625,130.58203125,116.05859375,71.953125,329.125,337.3125,298.59375,0.0,0.0,0.203125,56.68035125732422
none,2,1184,1.0,0.0,1.0,1.0,1.0,1.0,12.37890625,127.15234375,131.20703125,116.984375,74.45703125,326.58984375,339.5546875,301.60546875,0.0,0.0,0.1484375,56.86603927612305
none,2,1185,1.0,0.0,1.0,1.0,1.0,1.0,11.91796875,128.01171875,130.83984375,116.8046875,72.94140625,330.1640625,337.84375,299.76171875,0.0,0.0,0.15625,56.97911834716797
none,2,1186,1.0,0.0,1.0,1.0,1.0,1.0,12.16015625,128.1484375,131.19140625,117.3125,73.5078125,328.58203125,338.765625,302.34765625,0.0,0.0,0.15625,57.07447814941406
none,2,1187,1.0,0.0,1.0,1.0,1.0,1.0,12.3671875,128.109375,130.7734375,115.85546875,73.9453125,330.6484375,337.86328125,297.8984375,0.0,0.0,0.21484375,56.71654510498047
none,2,1188,1.0,0.0,1.0,1.0,1.0,1.0,12.37890625,127.65625,130.09765625,116.9296875,74.50390625,328.3359375,336.1953125,301.671875,0.0,0.0,0.1875,56.77476119995117
none,2,1189,1.0,0.0,1.0,1.0,1.0,1.0,12.34765625,127.59765625,130.34375,116.40625,75.59375,328.3828125,337.56640625,299.7578125,0.0,0.0,0.18359375,56.701133728027344
none,2,1190,1.0,0.0,1.0,1.0,1.0,1.0,12.49609375,126.03125,131.328125,116.953125,75.0234375,324.15625,340.0234375,300.8125,0.0,0.0,0.171875,56.704010009765625
none,2,1191,1.0,0.0,1.0,1.0,1.0,1.0,12.39453125,126.7578125,131.5625,117.37109375,74.48828125,326.59765625,339.99609375,301.90625,0.0,0.0,0.1953125,56.8980827331543
none,2,1192,1.0,0.0,1.0,1.0,1.0,1.0,11.84375,127.06640625,131.96875,117.31640625,71.359375,326.125,340.01171875,301.16796875,0.0,0.0,0.1640625,57.23802947998047
none,2,1193,1.0,0.0,1.0,1.0,1.0,1.0,12.31640625,127.38671875,131.859375,116.0703125,73.02734375,327.04296875,340.02734375,299.01171875,0.0,0.0,0.171875,56.85212707519531
none,2,1194,1.0,0.0,1.0,1.0,1.0,1.0,12.42578125,128.36328125,131.13671875,117.1328125,73.4765625,329.8359375,337.8046875,300.59375,0.0,0.0,0.1484375,57.06107711791992
none,2,1195,1.0,0.0,1.0,1.0,1.0,1.0,12.6171875,126.75,131.3828125,116.7734375,75.55859375,325.14453125,340.38671875,300.078125,0.0,0.0,0.19140625,56.773048400878906
none,2,1196,1.0,0.0,1.0,1.0,1.0,1.0,12.69140625,127.3125,130.109375,116.984375,73.84375,325.95703125,334.34765625,301.09765625,0.0,0.0,0.2265625,56.742950439453125
none,2,1197,1.0,0.0,1.0,1.0,1.0,1.0,11.7734375,128.43359375,130.73046875,115.8984375,72.08984375,330.01171875,337.0234375,298.1953125,0.0,0.0,0.1796875,56.77535629272461
none,2,1198,1.0,0.0,1.0,1.0,1.0,1.0,12.54296875,127.640625,131.95703125,116.68359375,75.46875,328.2578125,338.7421875,300.09765625,0.0,0.0,0.13671875,56.837608337402344
none,2,1199,1.0,0.0,1.0,1.0,1.0,1.0,12.4765625,127.390625,131.4296875,118.015625,75.30078125,327.34765625,338.48046875,302.74609375,0.0,0.0,0.19921875,57.20537567138672
none,3,0,1.0,0.0,1.0,1.0,1.0,1.0,24.9609375,24.78515625,26.2890625,25.21484375,198.95703125,194.21875,198.3515625,198.9921875,0.0,0.0,18.328125,-0.31710052490234375
none,3,1,1.0,0.0,1.0,1.0,1.0,1.0,25.62890625,26.87109375,27.30078125,27.1640625,193.3046875,196.71484375,204.6328125,203.5078125,0.0,0.0,18.1328125,0.4147195518016815
none,3,2,1.0,0.0,1.0,1.0,1.0,1.0,26.921875,28.00390625,28.7265625,28.3203125,190.5703125,195.61328125,208.0546875,197.94921875,0.0,0.0,17.703125,0.8752497434616089
none,3,3,1.0,0.0,1.0,1.0,1.0,1.0,27.453125,29.38671875,30.1796875,29.33203125,186.984375,199.09375,205.09375,198.4765625,0.0,0.0,17.30078125,1.608809471130371
none,3,4,1.0,0.0,1.0,1.0,1.0,1.0,29.34375,31.51171875,31.3359375,31.453125,190.09765625,203.24609375,205.15234375,202.23828125,0.0,0.0,16.52734375,2.4058022499084473
none,3,5,1.0,0.0,1.0,1.0,1.0,1.0,29.4609375,31.63671875,33.125,33.1796875,184.3515625,196.04296875,209.484375,204.2421875,0.0,0.0,16.26953125,2.992225408554077
none,3,6,1.0,0.0,1.0,1.0,1.0,1.0,31.53125,32.98046875,34.3125,34.47265625,184.140625,195.52734375,206.76171875,205.73828125,0.0,0.0,15.83984375,3.3828492164611816
none,3,7,1.0,0.0,1.0,1.0,1.0,1.0,31.94921875,34.82421875,36.546875,36.76171875,178.6484375,194.046875,212.40625,206.23828125,0.0,0.0,15.2421875,4.444427013397217
none,3,8,1.0,0.0,1.0,1.0,1.0,1.0,32.296875,37.41796875,37.46484375,36.90234375,173.421875,200.37109375,207.86328125,200.87109375,0.0,0.0,14.6875,5.059162139892578
none,3,9,1.0,0.0,1.0,1.0,1.0,1.0,33.84765625,37.98828125,38.38671875,39.33984375,175.64453125,192.734375,204.265625,204.21484375,0.0,0.0,14.53125,5.553125381469727
none,3,10,1.0,0.0,1.0,1.0,1.0,1.0,34.58984375,37.86328125,40.75,41.40234375,170.8671875,182.34375,207.203125,204.6953125,0.0,0.0,14.40625,6.331948280334473
none,3,11,1.0,0.0,1.0,1.0,1.0,1.0,35.4375,39.77734375,42.37109375,41.765625,165.8671875,181.9375,203.6953125,195.75390625,0.0,0.0,13.453125,6.838687419891357
none,3,12,1.0,0.0,1.0,1.0,1.0,1.0,36.17578125,41.73828125,44.47265625,43.9765625,161.4140625,181.5390625,201.1875,195.2734375,0.0,0.0,12.984375,7.916985988616943
none,3,13,1.0,0.0,1.0,1.0,1.0,1.0,36.95703125,42.0625,45.85546875,45.23046875,158.34765625,175.83984375,199.41796875,192.09375,0.0,0.0,12.21875,8.421634674072266
none,3,14,1.0,0.0,1.0,1.0,1.0,1.0,37.46484375,45.140625,45.41796875,46.62890625,154.20703125,179.671875,188.23046875,189.8203125,0.0,0.0,11.80859375,9.11828327178955
none,3,15,1.0,0.0,1.0,1.0,1.0,1.0,40.09375,45.49609375,46.4140625,47.2578125,157.7421875,173.43359375,184.2421875,188.12109375,0.0,0.0,11.63671875,9.261343002319336
none,3,16,1.0,0.0,1.0,1.0,1.0,1.0,39.81640625,47.05859375,48.7734375,49.42578125,153.65234375,171.7890625,184.76953125,185.80859375,0.0,0.0,11.25390625,10.392574310302734
none,3,17,1.0,0.0,1.0,1.0,1.0,1.0,41.0234375,49.0078125,47.796875,47.94140625,153.46484375,176.05859375,177.29296875,175.62890625,0.0,0.0,10.6953125,10.157155990600586
none,3,18,1.0,0.0,1.0,1.0,1.0,1.0,40.33203125,48.734375,50.65234375,49.765625,149.01953125,170.88671875,181.46484375,178.57421875,0.0,0.0,10.546875,10.92140007019043
none,3,19,1.0,0.0,1.0,1.0,1.0,1.0,40.2109375,49.796875,50.46875,49.69921875,145.44140625,172.44921875,177.8125,175.765625,0.0,0.0,10.6953125,10.991689682006836
none,3,20,1.0,0.0,1.0,1.0,1.0,1.0,40.44921875,49.87109375,50.85546875,50.67578125,144.85546875,172.27734375,174.5625,177.28125,0.0,0.0,10.50390625,11.347593307495117
none,3,21,1.0,0.0,1.0,1.0,1.0,1.0,40.09375,51.3046875,51.55078125,50.5625,145.0859375,173.54296875,174.09765625,175.3359375,0.0,0.0,10.3671875,11.845210075378418
none,3,22,1.0,0.0,1.0,1.0,1.0,1.0,41.12109375,51.77734375,52.03125,50.96484375,146.2109375,172.83203125,174.26171875,176.9140625,0.0,0.0,10.25,11.771045684814453
none,3,23,1.0,0.0,1.0,1.0,1.0,1.0,40.19921875,52.67578125,52.9140625,51.28125,141.28515625,174.01171875,174.984375,175.796875,0.0,0.0,10.15625,12.248568534851074
none,3,24,1.0,0.0,1.0,1.0,1.0,1.0,41.19921875,53.703125,53.54296875,52.14453125,144.40234375,175.98046875,175.0234375,177.30078125,0.0,0.0,9.8515625,12.63648796081543
none,3,25,1.0,0.0,1.0,1.0,1.0,1.0,39.80078125,53.37109375,53.390625,53.015625,138.875,175.640625,174.28515625,179.1953125,0.0,0.0,9.49609375,12.974528312683105
none,3,26,1.0,0.0,1.0,1.0,1.0,1.0,39.96484375,54.7734375,54.1171875,52.14453125,138.6015625,178.19140625,175.3828125,175.4765625,0.0,0.0,9.22265625,13.405021667480469
none,3,27,1.0,0.0,1.0,1.0,1.0,1.0,40.73828125,55.8984375,53.98046875,52.05078125,140.859375,180.4609375,173.42578125,173.18359375,0.0,0.0,8.5390625,13.455279350280762
none,3,28,1.0,0.0,1.0,1.0,1.0,1.0,39.29296875,56.00390625,54.6484375,52.40625,134.55859375,178.7421875,175.69140625,171.63671875,0.0,0.0,8.484375,13.886614799499512
none,3,29,1.0,0.0,1.0,1.0,1.0,1.0,40.44921875,58.0234375,55.078125,51.24609375,137.2109375,184.5078125,176.69921875,168.79296875,0.0,0.0,8.48046875,13.917085647583008
none,3,30,1.0,0.0,1.0,1.0,1.0,1.0,40.828125,56.97265625,56.8125,52.9609375,137.53125,182.82421875,181.56640625,171.25,0.0,0.0,8.296875,14.3778076171875
none,3,31,1.0,0.0,1.0,1.0,1.0,1.0,40.5546875,56.91015625,56.078125,54.27734375,136.125,181.5546875,177.96484375,177.24609375,0.0,0.0,7.8984375,14.750932693481445
none,3,32,1.0,0.0,1.0,1.0,1.0,1.0,41.0859375,56.859375,56.3046875,54.24609375,138.234375,181.66796875,179.19921875,176.6015625,0.0,0.0,7.9375,14.392669677734375
none,3,33,1.0,0.0,1.0,1.0,1.0,1.0,40.55078125,58.29296875,57.19140625,53.48828125,136.08203125,185.2421875,182.0859375,174.3125,0.0,0.0,7.296875,15.087427139282227
none,3,34,1.0,0.0,1.0,1.0,1.0,1.0,41.72265625,58.4609375,56.80078125,54.18359375,137.57421875,185.26171875,179.7890625,176.49609375,0.0,0.0,7.3359375,14.926267623901367
none,3,35,1.0,0.0,1.0,1.0,1.0,1.0,40.78125,57.69140625,58.3125,55.5390625,135.625,182.38671875,186.8515625,179.59765625,0.0,0.0,7.28125,15.329269409179688
none,3,36,1.0,0.0,1.0,1.0,1.0,1.0,40.65625,57.84375,57.96875,55.98046875,136.7890625,183.23046875,184.6875,179.71484375,0.0,0.0,7.04296875,15.425331115722656
none,3,37,1.0,0.0,1.0,1.0,1.0,1.0,41.1640625,58.38671875,59.83984375,55.34765625,137.5859375,183.83984375,191.36328125,178.76171875,0.0,0.0,6.7109375,15.98104476928711
none,3,38,1.0,0.0,1.0,1.0,1.0,1.0,41.13671875,60.43359375,58.58203125,56.47265625,137.25,190.16015625,185.48046875,181.13671875,0.0,0.0,6.6328125,16.024776458740234
none,3,39,1.0,0.0,1.0,1.0,1.0,1.0,42.0859375,58.5703125,59.15234375,57.1953125,137.94140625,183.296875,187.56640625,182.10546875,0.0,0.0,6.59765625,15.925028800964355
none,3,40,1.0,0.0,1.0,1.0,1.0,1.0,41.2890625,59.91015625,59.00390625,55.76953125,136.81640625,190.9453125,188.3203125,179.46875,0.0,0.0,6.3515625,16.02766990661621
none,3,41,1.0,0.0,1.0,1.0,1.0,1.0,41.77734375,60.71875,60.19140625,55.13671875,138.51953125,190.84375,191.9140625,177.33203125,0.0,0.0,6.59765625,16.41457748413086
none,3,42,1.0,0.0,1.0,1.0,1.0,1.0,42.86328125,60.7578125,59.9609375,57.08203125,142.90625,191.5546875,190.28125,184.46875,0.0,0.0,6.0703125,16.374736785888672
none,3,43,1.0,0.0,1.0,1.0,1.0,1.0,41.03515625,60.30078125,60.4609375,56.66796875,137.3359375,190.34765625,193.37890625,183.125,0.0,0.0,6.16796875,16.596553802490234
none,3,44,1.0,0.0,1.0,1.0,1.0,1.0,41.96875,60.48046875,61.83203125,56.76171875,141.6875,190.9765625,199.96875,183.56640625,0.0,0.0,5.44140625,16.928020477294922
none,3,45,1.0,0.0,1.0,1.0,1.0,1.0,40.69921875,60.37890625,61.4140625,56.87109375,137.73828125,192.9921875,196.83984375,184.46875,0.0,0.0,5.625,17.051939010620117
none,3,46,1.0,0.0,1.0,1.0,1.0,1.0,41.41015625,60.359375,61.50390625,56.88671875,139.19140625,192.91796875,198.24609375,186.16015625,0.0,0.0,5.59375,17.04355239868164
none,3,47,1.0,0.0,1.0,1.0,1.0,1.0,40.16796875,61.89453125,61.28515625,56.90625,135.6953125,197.08203125,198.40625,184.06640625,0.0,0.0,5.51171875,17.309181213378906
none,3,48,1.0,0.0,1.0,1.0,1.0,1.0,40.5234375,62.23046875,61.94921875,57.453125,137.20703125,197.30859375,199.57421875,187.0078125,0.0,0.0,5.24609375,17.732044219970703
none,3,49,1.0,0.0,1.0,1.0,1.0,1.0,40.5390625,61.46484375,62.390625,56.6328125,137.98046875,195.45703125,200.640625,183.859375,0.0,0.0,5.26953125,17.4158935546875
none,3,50,1.0,0.0,1.0,1.0,1.0,1.0,40.80859375,62.73046875,60.703125,56.53515625,138.328125,200.8203125,197.9453125,184.09765625,0.0,0.0,5.37109375,17.147045135498047
none,3,51,1.0,0.0,1.0,1.0,1.0,1.0,39.93359375,62.80859375,61.33203125,56.5703125,135.96484375,201.265625,199.31640625,185.4296875,0.0,0.0,5.171875,17.386070251464844
none,3,52,1.0,0.0,1.0,1.0,1.0,1.0,39.90234375,63.37109375,62.0078125,55.2421875,134.8515625,204.61328125,202.14453125,180.46875,0.0,0.0,4.98828125,17.585988998413086
none,3,53,1.0,0.0,1.0,1.0,1.0,1.0,39.71484375,63.80859375,62.39453125,55.30078125,135.953125,204.30078125,203.16796875,181.79296875,0.0,0.0,4.796875,17.7285213470459
none,3,54,1.0,0.0,1.0,1.0,1.0,1.0,40.02734375,62.8359375,62.24609375,56.984375,137.17578125,200.69921875,202.23828125,185.6796875,0.0,0.0,4.88671875,17.695022583007812
none,3,55,1.0,0.0,1.0,1.0,1.0,1.0,40.41796875,63.1796875,61.64453125,58.00390625,138.6953125,202.87890625,202.9609375,192.47265625,0.0,0.0,4.87890625,17.54144287109375
none,3,56,1.0,0.0,1.0,1.0,1.0,1.0,40.52734375,62.34765625,63.359375,56.77734375,139.4453125,200.86328125,205.8359375,185.5859375,0.0,0.0,4.64453125,17.83035659790039
none,3,57,1.0,0.0,1.0,1.0,1.0,1.0,39.94921875,61.390625,62.140625,57.33984375,138.12109375,196.2890625,202.1796875,190.05078125,0.0,0.0,4.9296875,17.54867172241211
none,3,58,1.0,0.0,1.0,1.0,1.0,1.0,40.84375,63.8046875,61.6484375,55.73828125,140.6953125,205.50390625,201.1640625,181.921875,0.0,0.0,4.765625,17.918764114379883
none,3,59,1.0,0.0,1.0,1.0,1.0,1.0,40.41796875,62.73828125,62.86328125,55.56640625,139.703125,203.13671875,205.4296875,182.72265625,0.0,0.0,4.67578125,17.769010543823242
none,3,60,1.0,0.0,1.0,1.0,1.0,1.0,40.046875,64.078125,61.16015625,56.203125,138.5078125,205.43359375,199.5859375,183.60546875,0.0,0.0,4.73828125,17.7110595703125
none,3,61,1.0,0.0,1.0,1.0,1.0,1.0,39.98828125,63.01171875,62.5234375,56.86328125,138.93359375,203.734375,204.14453125,186.578125,0.0,0.0,4.8203125,17.94388198852539
none,3,62,1.0,0.0,1.0,1.0,1.0,1.0,39.4453125,65.26953125,61.34765625,55.53515625,137.00390625,209.16796875,200.37109375,183.02734375,0.0,0.0,4.75390625,17.88473892211914
none,3,63,1.0,0.0,1.0,1.0,1.0,1.0,39.97265625,63.76171875,62.97265625,55.90625,138.4140625,204.91015625,203.0703125,182.8671875,0.0,0.0,4.9296875,17.973262786865234
none,3,64,1.0,0.0,1.0,1.0,1.0,1.0,40.43359375,64.84765625,61.24609375,54.9375,141.734375,210.2421875,199.6796875,179.8046875,0.0,0.0,4.5625,17.447851181030273
none,3,65,1.0,0.0,1.0,1.0,1.0,1.0,40.3125,63.51171875,60.9765625,55.8515625,141.47265625,205.81640625,197.86328125,185.7734375,0.0,0.0,4.59375,17.456144332885742
none,3,66,1.0,0.0,1.0,1.0,1.0,1.0,39.4453125,64.12890625,61.21875,56.47265625,139.32421875,206.875,200.4140625,187.89453125,0.0,0.0,4.8671875,17.85591697692871
none,3,67,1.0,0.0,1.0,1.0,1.0,1.0,39.3046875,63.00390625,62.609375,56.859375,139.5859375,203.00390625,206.1328125,189.4921875,0.0,0.0,4.80859375,17.952821731567383
none,3,68,1.0,0.0,1.0,1.0,1.0,1.0,40.11328125,63.33203125,61.67578125,56.6484375,142.26171875,204.39453125,201.99609375,187.60546875,0.0,0.0,4.57421875,17.990478515625
none,3,69,1.0,0.0,1.0,1.0,1.0,1.0,40.24609375,63.44140625,62.25,56.86328125,142.33984375,205.08984375,202.609375,186.5546875,0.0,0.0,4.3984375,17.964405059814453
none,3,70,1.0,0.0,1.0,1.0,1.0,1.0,39.94140625,62.67578125,62.015625,55.84765625,141.734375,201.4140625,204.91015625,185.39453125,0.0,0.0,4.6484375,17.67700958251953
none,3,71,1.0,0.0,1.0,1.0,1.0,1.0,40.9453125,62.4296875,61.9375,57.08203125,144.01171875,202.6953125,203.40625,188.5234375,0.0,0.0,4.3359375,17.57466697692871
none,3,72,1.0,0.0,1.0,1.0,1.0,1.0,40.69921875,63.125,62.53125,56.71484375,145.00390625,204.1796875,203.8359375,190.359375,0.0,0.0,4.47265625,17.78563690185547
none,3,73,1.0,0.0,1.0,1.0,1.0,1.0,40.90234375,62.76171875,61.1640625,57.2109375,146.5703125,203.30078125,200.20703125,189.38671875,0.0,0.0,4.640625,17.664627075195312
none,3,74,1.0,0.0,1.0,1.0,1.0,1.0,40.24609375,62.07421875,61.765625,57.3046875,142.33984375,200.359375,202.7109375,189.44921875,0.0,0.0,4.4765625,17.69763946533203
none,3,75,1.0,0.0,1.0,1.0,1.0,1.0,40.859375,61.7890625,61.41796875,58.3203125,145.10546875,198.83984375,202.47265625,192.83203125,0.0,0.0,4.40625,17.530452728271484
none,3,76,1.0,0.0,1.0,1.0,1.0,1.0,41.03515625,61.99609375,61.84765625,57.921875,145.07421875,202.4296875,202.6796875,192.54296875,0.0,0.0,4.46875,17.692752838134766
none,3,77,1.0,0.0,1.0,1.0,1.0,1.0,41.34375,61.44140625,61.0234375,60.84765625,147.3203125,199.5859375,199.54296875,201.8046875,0.0,0.0,4.40625,17.741125106811523
none,3,78,1.0,0.0,1.0,1.0,1.0,1.0,40.16015625,61.20703125,60.8984375,57.8125,144.8984375,198.16796875,200.57421875,191.72265625,0.0,0.0,4.26171875,17.695899963378906
none,3,79,1.0,0.0,1.0,1.0,1.0,1.0,39.80078125,61.59765625,61.8984375,58.078125,142.8125,199.96875,201.8359375,190.046875,0.0,0.0,4.4609375,17.96755027770996
none,3,80,1.0,0.0,1.0,1.0,1.0,1.0,40.64453125,62.1484375,61.56640625,58.64453125,143.87109375,200.609375,201.51953125,194.5234375,0.0,0.0,4.65234375,17.83526039123535
none,3,81,1.0,0.0,1.0,1.0,1.0,1.0,39.875,60.7734375,61.4609375,60.85546875,143.1953125,196.828125,200.7734375,199.609375,0.0,0.0,4.40625,17.931533813476562
none,3,82,1.0,0.0,1.0,1.0,1.0,1.0,40.23828125,61.80078125,62.2421875,59.765625,142.15234375,199.4765625,203.1328125,196.28125,0.0,0.0,4.54296875,18.198341369628906
none,3,83,1.0,0.0,1.0,1.0,1.0,1.0,41.19921875,61.53125,60.7578125,60.06640625,144.80078125,197.78125,197.4140625,196.2890625,0.0,0.0,4.5078125,17.75356101989746
none,3,84,1.0,0.0,1.0,1.0,1.0,1.0,39.8515625,60.6796875,62.70703125,60.0,142.796875,196.6640625,204.35546875,197.421875,0.0,0.0,4.578125,17.92367935180664
none,3,85,1.0,0.0,1.0,1.0,1.0,1.0,39.1875,62.68359375,61.51171875,57.875,139.37109375,203.23046875,200.2265625,190.01171875,0.0,0.0,4.53515625,18.018936157226562
none,3,86,1.0,0.0,1.0,1.0,1.0,1.0,40.796875,61.43359375,60.78515625,58.6328125,146.11328125,198.22265625,196.48046875,193.4453125,0.0,0.0,4.4453125,17.624107360839844
none,3,87,1.0,0.0,1.0,1.0,1.0,1.0,40.18359375,63.328125,62.5703125,59.4609375,143.55078125,203.95703125,201.71484375,195.3828125,0.0,0.0,4.6015625,18.481727600097656
none,3,88,1.0,0.0,1.0,1.0,1.0,1.0,40.15625,62.421875,61.13671875,58.9921875,142.984375,200.4140625,198.53515625,193.03515625,0.0,0.0,4.49609375,17.957576751708984
none,3,89,1.0,0.0,1.0,1.0,1.0,1.0,40.94140625,62.046875,61.14453125,59.2421875,145.578125,201.1484375,198.73828125,194.51171875,0.0,0.0,4.41015625,17.701904296875
none,3,90,1.0,0.0,1.0,1.0,1.0,1.0,39.76953125,62.515625,61.81640625,59.33984375,141.84375,199.87890625,200.47265625,193.41015625,0.0,0.0,4.578125,18.140453338623047
none,3,91,1.0,0.0,1.0,1.0,1.0,1.0,40.51171875,62.24609375,61.35546875,58.78125,145.3203125,198.5859375,198.83203125,193.1171875,0.0,0.0,4.5,17.97182273864746
none,3,92,1.0,0.0,1.0,1.0,1.0,1.0,39.0,60.98046875,63.13671875,58.96484375,139.24609375,197.37109375,202.86328125,192.0234375,0.0,0.0,4.41015625,18.223339080810547
none,3,93,1.0,0.0,1.0,1.0,1.0,1.0,39.89453125,62.66015625,61.3203125,59.8828125,143.3359375,202.453125,198.3828125,194.43359375,0.0,0.0,4.3671875,18.28690528869629
none,3,94,1.0,0.0,1.0,1.0,1.0,1.0,40.12890625,62.74609375,62.38671875,60.42578125,142.2421875,201.41015625,202.9140625,196.15625,0.0,0.0,4.71484375,18.4046630859375
none,3,95,1.0,0.0,1.0,1.0,1.0,1.0,40.1171875,63.15234375,61.7265625,60.26171875,142.42578125,202.48046875,198.81640625,195.9765625,0.0,0.0,4.3828125,18.364171981811523
none,3,96,1.0,0.0,1.0,1.0,1.0,1.0,39.5,63.859375,62.04296875,59.51953125,140.6796875,205.08203125,199.98046875,193.125,0.0,0.0,4.55078125,18.55971908569336
none,3,97,1.0,0.0,1.0,1.0,1.0,1.0,39.6953125,63.2265625,62.9375,59.25,140.7734375,201.93359375,201.8359375,192.37890625,0.0,0.0,4.40625,18.47603988647461
none,3,98,1.0,0.0,1.0,1.0,1.0,1.0,39.0625,63.8671875,63.17578125,59.25,136.6953125,204.66796875,201.8359375,191.578125,0.0,0.0,4.1640625,18.930593490600586
none,3,99,1.0,0.0,1.0,1.0,1.0,1.0,38.921875,63.96875,64.0546875,57.7890625,136.91015625,202.96875,203.12890625,187.7890625,0.0,0.0,4.16796875,18.751880645751953
none,3,100,1.0,0.0,1.0,1.0,1.0,1.0,38.9609375,64.20703125,64.08203125,59.82421875,136.79296875,204.38671875,203.03515625,192.7421875,0.0,0.0,4.08203125,19.35356330871582
none,3,101,1.0,0.0,1.0,1.0,1.0,1.0,39.82421875,64.30859375,62.73828125,58.421875,138.9296875,203.4921875,199.31640625,189.0703125,0.0,0.0,4.3203125,18.572294235229492
none,3,102,1.0,0.0,1.0,1.0,1.0,1.0,38.58984375,63.61328125,64.64453125,59.6953125,135.75390625,201.49609375,204.4765625,190.09375,0.0,0.0,4.13671875,19.084983825683594
none,3,103,1.0,0.0,1.0,1.0,1.0,1.0,38.0390625,63.89453125,63.67578125,59.76171875,132.3046875,202.27734375,202.06640625,189.859375,0.0,0.0,3.90234375,19.16006088256836
none,3,104,1.0,0.0,1.0,1.0,1.0,1.0,38.8515625,65.3671875,63.7265625,58.265625,135.37109375,204.484375,200.09375,186.27734375,0.0,0.0,3.9921875,19.137508392333984
none,3,105,1.0,0.0,1.0,1.0,1.0,1.0,38.3046875,65.59765625,63.34375,58.6015625,135.0546875,206.97265625,199.890625,189.15625,0.0,0.0,3.796875,19.132156372070312
none,3,106,1.0,0.0,1.0,1.0,1.0,1.0,38.48046875,63.3671875,62.99609375,60.6015625,134.40625,200.87890625,198.23046875,192.21875,0.0,0.0,4.328125,18.880931854248047
none,3,107,1.0,0.0,1.0,1.0,1.0,1.0,37.91015625,64.50390625,62.84375,58.95703125,134.52734375,202.328125,198.17578125,190.60546875,0.0,0.0,4.0703125,19.218114852905273
none,3,108,1.0,0.0,1.0,1.0,1.0,1.0,38.66015625,64.25390625,62.765625,59.6875,135.1484375,202.7578125,197.02734375,189.74609375,0.0,0.0,3.9296875,18.91767120361328
none,3,109,1.0,0.0,1.0,1.0,1.0,1.0,39.10546875,65.625,62.28125,59.4375,138.453125,207.140625,196.8984375,190.35546875,0.0,0.0,4.07421875,18.79521942138672
none,3,110,1.0,0.0,1.0,1.0,1.0,1.0,37.65625,65.84375,63.69921875,58.7734375,132.3515625,206.7578125,200.95703125,188.04296875,0.0,0.0,3.98046875,19.53476333618164
none,3,111,1.0,0.0,1.0,1.0,1.0,1.0,38.14453125,64.2890625,62.6875,60.42578125,135.5546875,202.84375,198.87890625,194.84375,0.0,0.0,3.984375,19.03744888305664
none,3,112,1.0,0.0,1.0,1.0,1.0,1.0,37.44140625,65.39453125,62.125,59.30859375,132.53125,205.4609375,196.9921875,193.265625,0.0,0.0,4.0078125,19.174009323120117
none,3,113,1.0,0.0,1.0,1.0,1.0,1.0,36.68359375,65.74609375,64.0,59.40625,130.171875,207.9765625,203.890625,189.9921875,0.0,0.0,3.91796875,19.475889205932617
none,3,114,1.0,0.0,1.0,1.0,1.0,1.0,37.28515625,66.30859375,62.76171875,59.27734375,133.19921875,210.05859375,198.375,190.4375,0.0,0.0,3.953125,19.489730834960938
none,3,115,1.0,0.0,1.0,1.0,1.0,1.0,37.59375,65.4296875,64.1015625,59.2578125,133.4140625,207.484375,203.74609375,192.34765625,0.0,0.0,3.97265625,19.503862380981445
none,3,116,1.0,0.0,1.0,1.0,1.0,1.0,37.03515625,64.9765625,63.5234375,60.78125,133.671875,205.2421875,201.74609375,195.46875,0.0,0.0,3.87109375,19.508726119995117
none,3,117,1.0,0.0,1.0,1.0,1.0,1.0,36.60546875,66.99609375,63.50390625,58.71484375,131.08203125,211.6953125,201.07421875,189.90234375,0.0,0.0,3.9140625,19.590932846069336
none,3,118,1.0,0.0,1.0,1.0,1.0,1.0,37.21875,66.22265625,64.3828125,59.3359375,134.61328125,208.859375,203.25390625,190.05859375,0.0,0.0,3.44140625,19.662277221679688
none,3,119,1.0,0.0,1.0,1.0,1.0,1.0,36.890625,66.63671875,63.875,59.46875,131.7109375,208.6796875,201.8203125,190.4296875,0.0,0.0,3.64453125,19.747665405273438
none,3,120,1.0,0.0,1.0,1.0,1.0,1.0,37.70703125,65.90625,63.9453125,58.90625,135.109375,208.41015625,201.546875,190.09375,0.0,0.0,3.359375,19.650592803955078
none,3,121,1.0,0.0,1.0,1.0,1.0,1.0,36.90234375,65.578125,65.07421875,59.61328125,132.078125,207.80078125,206.48828125,190.4296875,0.0,0.0,3.51171875,19.65302276611328
none,3,122,1.0,0.0,1.0,1.0,1.0,1.0,36.13671875,65.57421875,64.2109375,59.26953125,130.3203125,208.14453125,202.9140625,189.51171875,0.0,0.0,3.72265625,19.62191390991211
none,3,123,1.0,0.0,1.0,1.0,1.0,1.0,36.97265625,67.890625,64.0859375,59.25,133.38671875,213.453125,203.5078125,187.87109375,0.0,0.0,3.34375,19.84066390991211
none,3,124,1.0,0.0,1.0,1.0,1.0,1.0,36.4765625,66.9609375,63.71875,59.05859375,130.2734375,211.3046875,200.859375,188.2109375,0.0,0.0,3.52734375,19.97427749633789
none,3,125,1.0,0.0,1.0,1.0,1.0,1.0,36.53515625,67.39453125,65.75,57.82421875,132.546875,212.1015625,206.19140625,184.23828125,0.0,0.0,3.46875,19.965309143066406
none,3,126,1.0,0.0,1.0,1.0,1.0,1.0,37.23828125,67.06640625,63.51171875,59.12890625,135.484375,211.71484375,200.1171875,188.390625,0.0,0.0,3.51953125,19.67738914489746
none,3,127,1.0,0.0,1.0,1.0,1.0,1.0,36.59375,68.7578125,63.34765625,59.0078125,132.14453125,217.8125,199.44921875,186.79296875,0.0,0.0,3.4921875,20.123821258544922
none,3,128,1.0,0.0,1.0,1.0,1.0,1.0,35.84765625,68.76171875,64.9921875,58.63671875,128.5234375,215.56640625,204.26953125,186.2734375,0.0,0.0,3.0859375,20.39249038696289
none,3,129,1.0,0.0,1.0,1.0,1.0,1.0,36.83984375,67.35546875,65.5625,59.30859375,131.91796875,211.28515625,204.078125,187.99609375,0.0,0.0,3.15625,20.134490966796875
none,3,130,1.0,0.0,1.0,1.0,1.0,1.0,37.0859375,67.33984375,65.0546875,59.61328125,135.4140625,213.09765625,204.9140625,190.9140625,0.0,0.0,3.1953125,20.178285598754883
none,3,131,1.0,0.0,1.0,1.0,1.0,1.0,36.1484375,66.21875,65.98046875,59.3828125,132.5859375,208.73828125,205.92578125,188.796875,0.0,0.0,3.3125,20.25061798095703
none,3,132,1.0,0.0,1.0,1.0,1.0,1.0,36.44921875,67.4921875,65.83984375,58.95703125,132.5,212.02734375,206.578125,187.97265625,0.0,0.0,3.10546875,20.422042846679688
none,3,133,1.0,0.0,1.0,1.0,1.0,1.0,35.703125,68.8359375,65.6328125,58.92578125,130.98828125,216.7109375,207.48046875,187.34375,0.0,0.0,3.0859375,20.624481201171875
none,3,134,1.0,0.0,1.0,1.0,1.0,1.0,36.01953125,69.65625,66.00390625,58.96484375,130.203125,218.890625,206.3828125,187.6640625,0.0,0.0,3.15234375,20.7587947845459
none,3,135,1.0,0.0,1.0,1.0,1.0,1.0,35.9375,68.85546875,65.82421875,59.2109375,130.96484375,214.58203125,205.4609375,189.76953125,0.0,0.0,3.19140625,20.82640266418457
none,3,136,1.0,0.0,1.0,1.0,1.0,1.0,36.56640625,68.95703125,65.16796875,58.12890625,133.953125,217.5625,203.01953125,185.88671875,0.0,0.0,3.15234375,20.358625411987305
none,3,137,1.0,0.0,1.0,1.0,1.0,1.0,36.16796875,68.2734375,65.8046875,59.8125,132.83203125,214.59765625,204.79296875,190.7578125,0.0,0.0,2.95703125,20.826324462890625
none,3,138,1.0,0.0,1.0,1.0,1.0,1.0,35.0,68.984375,66.5859375,60.07421875,129.90234375,215.53125,207.40234375,190.74609375,0.0,0.0,3.22265625,21.137161254882812
none,3,139,1.0,0.0,1.0,1.0,1.0,1.0,35.37890625,68.5625,65.640625,59.4765625,131.68359375,217.04296875,205.4453125,189.96875,0.0,0.0,2.9140625,20.742557525634766
none,3,140,1.0,0.0,1.0,1.0,1.0,1.0,35.79296875,69.671875,66.45703125,60.375,133.65234375,219.16015625,207.640625,192.5859375,0.0,0.0,2.9140625,21.062271118164062
none,3,141,1.0,0.0,1.0,1.0,1.0,1.0,36.9296875,69.5703125,66.25390625,60.3984375,135.046875,218.9609375,207.515625,192.9453125,0.0,0.0,3.04296875,20.879383087158203
none,3,142,1.0,0.0,1.0,1.0,1.0,1.0,35.984375,69.42578125,66.87890625,60.15625,132.70703125,218.58203125,210.0234375,191.95703125,0.0,0.0,2.9453125,21.241737365722656
none,3,143,1.0,0.0,1.0,1.0,1.0,1.0,35.359375,69.6875,67.25,58.9765625,131.58203125,220.51171875,211.55859375,188.9453125,0.0,0.0,2.83203125,21.150787353515625
none,3,144,1.0,0.0,1.0,1.0,1.0,1.0,35.21484375,71.22265625,66.31640625,59.23046875,130.01171875,224.3515625,206.59765625,189.83203125,0.0,0.0,2.796875,21.375057220458984
none,3,145,1.0,0.0,1.0,1.0,1.0,1.0,35.59765625,71.25390625,66.125,59.9453125,132.59375,223.7578125,207.875,191.04296875,0.0,0.0,2.78125,21.35299301147461
none,3,146,1.0,0.0,1.0,1.0,1.0,1.0,34.66796875,71.5703125,66.23828125,60.01953125,128.87109375,224.8828125,206.5703125,191.74609375,0.0,0.0,2.6328125,21.71954917907715
none,3,147,1.0,0.0,1.0,1.0,1.0,1.0,35.25390625,70.67578125,66.34375,59.48828125,130.8984375,222.359375,207.57421875,190.65234375,0.0,0.0,2.93359375,21.221471786499023
none,3,148,1.0,0.0,1.0,1.0,1.0,1.0,35.09765625,71.09375,67.8046875,59.92578125,130.9375,223.55078125,212.53125,191.41796875,0.0,0.0,2.78515625,21.722415924072266
none,3,149,1.0,0.0,1.0,1.0,1.0,1.0,34.6640625,71.33203125,67.84375,59.10546875,130.1484375,223.859375,211.65625,188.45703125,0.0,0.0,2.78515625,21.758163452148438
none,3,150,1.0,0.0,1.0,1.0,1.0,1.0,34.734375,70.11328125,67.55078125,59.625,129.85546875,218.88671875,210.55859375,190.15234375,0.0,0.0,3.01171875,21.42621612548828
none,3,151,1.0,0.0,1.0,1.0,1.0,1.0,34.91015625,70.14453125,67.578125,59.04296875,130.40625,220.70703125,209.7109375,187.38671875,0.0,0.0,2.6796875,21.612133026123047
none,3,152,1.0,0.0,1.0,1.0,1.0,1.0,34.49609375,71.4140625,67.71484375,60.4140625,128.46484375,221.140625,207.8515625,191.1796875,0.0,0.0,2.78125,22.11762237548828
none,3,153,1.0,0.0,1.0,1.0,1.0,1.0,34.83984375,70.40234375,67.23828125,60.85546875,129.73828125,220.14453125,210.375,192.1953125,0.0,0.0,2.5859375,21.801067352294922
none,3,154,1.0,0.0,1.0,1.0,1.0,1.0,35.05078125,71.04296875,67.61328125,60.00390625,130.8046875,222.7578125,209.0546875,190.53515625,0.0,0.0,2.7890625,21.826156616210938
none,3,155,1.0,0.0,1.0,1.0,1.0,1.0,34.4375,70.79296875,67.38671875,61.30859375,129.96875,220.671875,210.51171875,194.3828125,0.0,0.0,2.625,22.06485366821289
none,3,156,1.0,0.0,1.0,1.0,1.0,1.0,33.53125,71.43359375,68.0,60.51171875,126.09375,221.53125,209.99609375,189.88671875,0.0,0.0,2.53515625,22.43670654296875
none,3,157,1.0,0.0,1.0,1.0,1.0,1.0,32.85546875,72.3125,66.48046875,59.83984375,124.04296875,225.3671875,206.90625,189.109375,0.0,0.0,2.50390625,22.210678100585938
none,3,158,1.0,0.0,1.0,1.0,1.0,1.0,33.98828125,71.22265625,67.39453125,60.90234375,128.8046875,221.2421875,209.09375,192.1171875,0.0,0.0,2.5390625,22.148590087890625
none,3,159,1.0,0.0,1.0,1.0,1.0,1.0,34.11328125,72.41796875,67.5859375,60.296875,129.3984375,226.06640625,207.77734375,190.91015625,0.0,0.0,2.65234375,22.112773895263672
none,3,160,1.0,0.0,1.0,1.0,1.0,1.0,33.421875,72.96875,67.859375,60.34765625,126.5625,226.98046875,209.10546875,189.69140625,0.0,0.0,2.37109375,22.685565948486328
none,3,161,1.0,0.0,1.0,1.0,1.0,1.0,33.4609375,71.89453125,67.91796875,60.87109375,126.81640625,222.40625,207.44140625,192.24609375,0.0,0.0,2.34375,22.39288902282715
none,3,162,1.0,0.0,1.0,1.0,1.0,1.0,33.015625,72.77734375,69.88671875,59.87109375,125.3515625,224.33984375,216.140625,187.5703125,0.0,0.0,2.46484375,22.77863121032715
none,3,163,1.0,0.0,1.0,1.0,1.0,1.0,33.62109375,73.89453125,68.9765625,60.6796875,128.25390625,228.1796875,211.58203125,190.38671875,0.0,0.0,2.4140625,22.882675170898438
none,3,164,1.0,0.0,1.0,1.0,1.0,1.0,33.10546875,72.640625,68.5390625,60.16796875,125.76171875,224.93359375,209.89453125,189.75390625,0.0,0.0,2.359375,22.6141414642334
none,3,165,1.0,0.0,1.0,1.0,1.0,1.0,32.90625,72.7890625,69.33984375,60.32421875,125.08984375,226.484375,212.921875,189.8359375,0.0,0.0,2.453125,22.71239471435547
none,3,166,1.0,0.0,1.0,1.0,1.0,1.0,33.54296875,73.3046875,68.62109375,60.69921875,128.109375,227.48046875,212.59765625,191.41015625,0.0,0.0,2.51171875,22.69280242919922
none,3,167,1.0,0.0,1.0,1.0,1.0,1.0,33.8671875,72.0703125,68.2734375,61.98828125,129.0859375,223.62109375,209.77734375,196.65234375,0.0,0.0,2.41015625,22.76844596862793
none,3,168,1.0,0.0,1.0,1.0,1.0,1.0,33.05078125,73.0234375,69.39453125,61.546875,126.125,227.30078125,213.66796875,194.59375,0.0,0.0,2.41015625,23.19916534423828
none,3,169,1.0,0.0,1.0,1.0,1.0,1.0,32.26953125,72.3671875,69.44921875,61.66015625,123.58984375,224.9765625,214.9296875,195.046875,0.0,0.0,2.21875,23.14599609375
none,3,170,1.0,0.0,1.0,1.0,1.0,1.0,32.6796875,74.2265625,69.55078125,60.91015625,125.26953125,231.6328125,215.2734375,191.4296875,0.0,0.0,2.15625,23.390823364257812
none,3,171,1.0,0.0,1.0,1.0,1.0,1.0,33.63671875,74.46484375,69.7890625,59.94140625,128.51171875,233.4609375,214.58984375,188.53515625,0.0,0.0,2.3359375,23.10821533203125
none,3,172,1.0,0.0,1.0,1.0,1.0,1.0,33.84375,73.5703125,70.25,61.78515625,128.53515625,228.24609375,216.70703125,195.59375,0.0,0.0,2.16015625,23.35608673095703
none,3,173,1.0,0.0,1.0,1.0,1.0,1.0,33.77734375,74.00390625,71.2265625,60.0390625,129.14453125,231.4296875,218.94921875,188.50390625,0.0,0.0,2.16796875,23.1737060546875
none,3,174,1.0,0.0,1.0,1.0,1.0,1.0,33.06640625,74.60546875,69.7265625,59.93359375,127.94921875,232.20703125,215.58203125,188.9453125,0.0,0.0,2.171875,23.4224910736084
none,3,175,1.0,0.0,1.0,1.0,1.0,1.0,32.93359375,74.40625,70.1875,60.0078125,127.32421875,231.8203125,216.06640625,188.10546875,0.0,0.0,2.27734375,23.114452362060547
none,3,176,1.0,0.0,1.0,1.0,1.0,1.0,31.7890625,73.984375,71.04296875,60.9921875,122.9921875,229.00390625,218.04296875,191.4296875,0.0,0.0,2.12890625,23.774747848510742
none,3,177,1.0,0.0,1.0,1.0,1.0,1.0,33.1875,74.53125,70.75390625,61.90625,127.88671875,232.03125,216.51171875,195.13671875,0.0,0.0,2.37890625,23.681615829467773
none,3,178,1.0,0.0,1.0,1.0,1.0,1.0,32.16015625,76.3125,70.77734375,61.0234375,124.31640625,237.4453125,217.90625,192.32421875,0.0,0.0,2.27734375,24.096553802490234
none,3,179,1.0,0.0,1.0,1.0,1.0,1.0,32.43359375,74.9140625,71.8984375,60.98046875,123.953125,232.59375,220.1640625,191.796875,0.0,0.0,2.06640625,24.087657928466797
none,3,180,1.0,0.0,1.0,1.0,1.0,1.0,32.38671875,74.84375,71.125,62.6484375,125.828125,231.65234375,216.8984375,196.3984375,0.0,0.0,2.13671875,24.16016387939453
none,3,181,1.0,0.0,1.0,1.0,1.0,1.0,33.27734375,74.203125,70.90234375,62.44921875,127.71875,229.35546875,215.484375,194.80078125,0.0,0.0,2.23046875,23.909297943115234
none,3,182,1.0,0.0,1.0,1.0,1.0,1.0,32.125,75.296875,72.01171875,61.90234375,122.8359375,233.2734375,221.41796875,192.2578125,0.0,0.0,2.01953125,24.187149047851562
none,3,183,1.0,0.0,1.0,1.0,1.0,1.0,32.77734375,75.07421875,72.3671875,62.16796875,126.41015625,231.96484375,222.12109375,194.25390625,0.0,0.0,1.96484375,24.213932037353516
none,3,184,1.0,0.0,1.0,1.0,1.0,1.0,32.1953125,74.765625,72.44140625,61.1796875,123.1640625,231.34765625,221.44140625,191.0078125,0.0,0.0,2.07421875,24.280868530273438
none,3,185,1.0,0.0,1.0,1.0,1.0,1.0,32.55859375,75.31640625,72.52734375,62.58984375,125.91796875,232.82421875,221.3125,194.7421875,0.0,0.0,2.10546875,24.405689239501953
none,3,186,1.0,0.0,1.0,1.0,1.0,1.0,32.4296875,74.609375,72.1328125,62.46484375,125.26953125,229.4296875,220.5625,196.71875,0.0,0.0,1.9765625,24.139999389648438
none,3,187,1.0,0.0,1.0,1.0,1.0,1.0,33.56640625,75.0390625,70.859375,63.58203125,129.66015625,230.6796875,216.04296875,199.01953125,0.0,0.0,2.02734375,24.078351974487305
none,3,188,1.0,0.0,1.0,1.0,1.0,1.0,32.7578125,76.1171875,72.3203125,62.42578125,125.9921875,233.80859375,219.89453125,195.78515625,0.0,0.0,1.98828125,24.543434143066406
none,3,189,1.0,0.0,1.0,1.0,1.0,1.0,31.828125,75.09765625,73.5859375,62.44921875,124.83203125,230.26171875,222.578125,194.78515625,0.0,0.0,2.05078125,24.612361907958984
none,3,190,1.0,0.0,1.0,1.0,1.0,1.0,31.72265625,74.2265625,72.0234375,64.4375,123.2890625,228.5234375,219.08203125,203.0078125,0.0,0.0,2.0078125,24.538253784179688
none,3,191,1.0,0.0,1.0,1.0,1.0,1.0,31.33984375,76.78125,73.34765625,62.33203125,122.15234375,235.65625,223.3359375,197.12109375,0.0,0.0,1.890625,24.985639572143555
none,3,192,1.0,0.0,1.0,1.0,1.0,1.0,31.1484375,77.0546875,73.47265625,62.578125,120.98046875,236.3359375,223.8125,194.85546875,0.0,0.0,1.765625,25.120107650756836
none,3,193,1.0,0.0,1.0,1.0,1.0,1.0,32.31640625,77.015625,73.234375,62.0078125,126.0390625,237.48828125,222.59375,194.0234375,0.0,0.0,1.765625,24.915891647338867
none,3,194,1.0,0.0,1.0,1.0,1.0,1.0,32.1328125,76.29296875,72.88671875,62.51953125,125.6796875,233.796875,221.2734375,196.2578125,0.0,0.0,2.04296875,24.640274047851562
none,3,195,1.0,0.0,1.0,1.0,1.0,1.0,32.16015625,76.21875,73.36328125,62.51171875,124.66796875,231.9453125,222.73828125,194.98828125,0.0,0.0,1.88671875,24.764883041381836
none,3,196,1.0,0.0,1.0,1.0,1.0,1.0,30.9140625,77.0859375,73.19921875,62.9375,120.48046875,236.08203125,220.3046875,195.9296875,0.0,0.0,1.89453125,25.334333419799805
none,3,197,1.0,0.0,1.0,1.0,1.0,1.0,30.31640625,78.17578125,73.4375,62.91796875,118.60546875,238.95703125,222.55078125,195.48046875,0.0,0.0,1.6953125,25.647085189819336
none,3,198,1.0,0.0,1.0,1.0,1.0,1.0,31.109375,75.7421875,73.5546875,64.40234375,119.328125,230.42578125,222.0625,200.75,0.0,0.0,1.81640625,25.46151351928711
none,3,199,1.0,0.0,1.0,1.0,1.0,1.0,31.40625,76.08984375,74.60546875,63.87890625,121.13671875,233.05078125,225.06640625,198.58984375,0.0,0.0,1.8125,25.25617027282715
none,3,200,1.0,0.0,1.0,1.0,1.0,1.0,32.51171875,77.17578125,74.125,63.66796875,126.08203125,237.15234375,223.32421875,198.03515625,0.0,0.0,1.83984375,25.2762508392334
none,3,201,1.0,0.0,1.0,1.0,1.0,1.0,31.3828125,78.22265625,74.12890625,63.2265625,121.80078125,240.2890625,222.76953125,194.32421875,0.0,0.0,1.7890625,25.6630916595459
none,3,202,1.0,0.0,1.0,1.0,1.0,1.0,31.61328125,76.4453125,75.515625,62.2734375,121.453125,233.421875,226.36328125,193.08984375,0.0,0.0,1.83203125,25.37851333618164
none,3,203,1.0,0.0,1.0,1.0,1.0,1.0,31.65625,76.3984375,74.515625,62.421875,123.15234375,235.45703125,226.2109375,193.09765625,0.0,0.0,1.81640625,24.881622314453125
none,3,204,1.0,0.0,1.0,1.0,1.0,1.0,30.35546875,79.7265625,74.84375,62.01171875,119.1796875,244.25390625,226.63671875,191.0859375,0.0,0.0,1.74609375,25.974205017089844
none,3,205,1.0,0.0,1.0,1.0,1.0,1.0,31.15234375,78.32421875,75.17578125,61.90625,121.76171875,240.5234375,226.99609375,190.66796875,0.0,0.0,1.55859375,25.716411590576172
none,3,206,1.0,0.0,1.0,1.0,1.0,1.0,30.63671875,78.83203125,75.17578125,63.796875,118.65625,241.9765625,225.4296875,196.5,0.0,0.0,1.6875,25.935890197753906
none,3,207,1.0,0.0,1.0,1.0,1.0,1.0,30.59765625,77.69921875,76.2734375,63.78515625,118.9296875,238.11328125,229.53515625,196.875,0.0,0.0,1.6953125,26.064311981201172
none,3,208,1.0,0.0,1.0,1.0,1.0,1.0,30.1171875,78.21875,75.40625,62.65234375,117.4453125,239.5,226.703125,194.6875,0.0,0.0,1.640625,25.879657745361328
none,3,209,1.0,0.0,1.0,1.0,1.0,1.0,30.921875,77.77734375,75.88671875,64.75,121.71484375,236.92578125,228.734375,200.40234375,0.0,0.0,1.65625,25.998180389404297
none,3,210,1.0,0.0,1.0,1.0,1.0,1.0,29.140625,75.85546875,76.421875,64.37109375,113.62109375,232.50390625,230.5234375,198.75,0.0,0.0,1.82421875,26.111663818359375
none,3,211,1.0,0.0,1.0,1.0,1.0,1.0,30.44140625,76.8359375,75.69921875,64.8828125,118.51171875,234.90234375,226.4375,199.5078125,0.0,0.0,1.78515625,26.0846004486084
none,3,212,1.0,0.0,1.0,1.0,1.0,1.0,29.984375,76.19921875,76.92578125,65.2890625,117.68359375,231.0078125,230.625,200.640625,0.0,0.0,1.6484375,26.291454315185547
none,3,213,1.0,0.0,1.0,1.0,1.0,1.0,31.06640625,77.625,74.80078125,65.25,121.69140625,235.7265625,226.37109375,201.25,0.0,0.0,1.65625,26.180952072143555
none,3,214,1.0,0.0,1.0,1.0,1.0,1.0,30.67578125,77.68359375,77.53125,62.3125,120.98046875,236.82421875,233.83203125,191.859375,0.0,0.0,1.5078125,26.047950744628906
none,3,215,1.0,0.0,1.0,1.0,1.0,1.0,30.8359375,78.78515625,75.8828125,63.40234375,121.2109375,240.3671875,229.97265625,195.39453125,0.0,0.0,1.55078125,26.10997772216797
none,3,216,1.0,0.0,1.0,1.0,1.0,1.0,30.1484375,78.54296875,77.625,63.5546875,118.671875,239.5234375,234.11328125,196.18359375,0.0,0.0,1.609375,26.63484764099121
none,3,217,1.0,0.0,1.0,1.0,1.0,1.0,30.51953125,78.93359375,77.46875,64.01953125,120.06640625,240.81640625,231.640625,196.984375,0.0,0.0,1.59375,26.67000389099121
none,3,218,1.0,0.0,1.0,1.0,1.0,1.0,29.76171875,78.4765625,78.109375,64.48046875,118.421875,237.765625,234.1796875,198.9453125,0.0,0.0,1.41796875,26.794597625732422
none,3,219,1.0,0.0,1.0,1.0,1.0,1.0,29.79296875,79.0078125,77.09375,63.3359375,117.62109375,242.6484375,230.80859375,196.16015625,0.0,0.0,1.44140625,26.494766235351562
none,3,220,1.0,0.0,1.0,1.0,1.0,1.0,30.44140625,77.37109375,77.6640625,65.34375,120.61328125,235.1796875,232.3359375,201.1484375,0.0,0.0,1.5,26.780040740966797
none,3,221,1.0,0.0,1.0,1.0,1.0,1.0,29.25390625,79.703125,77.15234375,61.91015625,115.3671875,243.13671875,232.71875,190.61328125,0.0,0.0,1.4765625,26.69167137145996
none,3,222,1.0,0.0,1.0,1.0,1.0,1.0,30.55859375,78.59765625,78.57421875,63.39453125,120.30078125,238.55078125,235.08984375,194.75390625,0.0,0.0,1.48828125,26.611190795898438
none,3,223,1.0,0.0,1.0,1.0,1.0,1.0,30.46875,78.01171875,77.66796875,63.85546875,119.77734375,237.046875,233.16796875,195.95703125,0.0,0.0,1.5625,26.385595321655273
none,3,224,1.0,0.0,1.0,1.0,1.0,1.0,30.125,79.77734375,76.87890625,64.13671875,118.51953125,242.03125,229.4453125,198.1796875,0.0,0.0,1.6015625,26.558238983154297
none,3,225,1.0,0.0,1.0,1.0,1.0,1.0,30.1640625,78.75390625,78.25,65.50390625,118.52734375,239.61328125,233.59765625,201.46484375,0.0,0.0,1.55078125,27.269207000732422
none,3,226,1.0,0.0,1.0,1.0,1.0,1.0,30.40625,77.8671875,79.03125,64.8203125,118.734375,236.6484375,235.91015625,199.74609375,0.0,0.0,1.4921875,26.749305725097656
none,3,227,1.0,0.0,1.0,1.0,1.0,1.0,29.66796875,78.41015625,79.94140625,64.93359375,117.76953125,240.09375,238.1640625,199.43359375,0.0,0.0,1.58984375,27.23676109313965
none,3,228,1.0,0.0,1.0,1.0,1.0,1.0,29.5234375,78.21875,79.1484375,64.08203125,115.87109375,240.89453125,238.28515625,197.765625,0.0,0.0,1.50390625,27.111236572265625
none,3,229,1.0,0.0,1.0,1.0,1.0,1.0,29.671875,79.70703125,78.58203125,65.9140625,116.56640625,243.9140625,234.43359375,201.10546875,0.0,0.0,1.4375,27.290298461914062
none,3,230,1.0,0.0,1.0,1.0,1.0,1.0,30.1015625,80.39453125,77.390625,65.8359375,118.171875,244.36328125,230.3984375,202.328125,0.0,0.0,1.31640625,27.354625701904297
none,3,231,1.0,0.0,1.0,1.0,1.0,1.0,29.53515625,81.06640625,77.5390625,65.10546875,117.60546875,246.234375,231.15234375,198.39453125,0.0,0.0,1.40234375,27.516698837280273
none,3,232,1.0,0.0,1.0,1.0,1.0,1.0,29.453125,78.97265625,78.671875,66.43359375,115.984375,239.58984375,236.3359375,203.40234375,0.0,0.0,1.43359375,27.291423797607422
none,3,233,1.0,0.0,1.0,1.0,1.0,1.0,29.31640625,78.65625,80.453125,66.09765625,115.2421875,239.703125,239.484375,202.33203125,0.0,0.0,1.4375,27.68796157836914
none,3,234,1.0,0.0,1.0,1.0,1.0,1.0,28.65234375,80.92578125,79.6015625,64.79296875,112.6953125,246.00390625,236.33984375,198.109375,0.0,0.0,1.51953125,27.561824798583984
none,3,235,1.0,0.0,1.0,1.0,1.0,1.0,28.6171875,78.14453125,81.14453125,65.6484375,113.7421875,236.68359375,243.671875,201.43359375,0.0,0.0,1.453125,27.524030685424805
none,3,236,1.0,0.0,1.0,1.0,1.0,1.0,29.65625,80.265625,78.97265625,65.65234375,116.05078125,244.73828125,236.44140625,201.36328125,0.0,0.0,1.421875,27.558746337890625
none,3,237,1.0,0.0,1.0,1.0,1.0,1.0,28.72265625,78.79296875,80.6015625,67.328125,115.16015625,240.02734375,241.84765625,205.875,0.0,0.0,1.36328125,28.046104431152344
none,3,238,1.0,0.0,1.0,1.0,1.0,1.0,29.65625,81.02734375,79.34375,66.05859375,116.22265625,247.9765625,237.56640625,203.74609375,0.0,0.0,1.48046875,27.734695434570312
none,3,239,1.0,0.0,1.0,1.0,1.0,1.0,29.3515625,80.328125,77.97265625,64.67578125,115.1328125,244.68359375,233.31640625,198.24609375,0.0,0.0,1.46484375,27.281883239746094
none,3,240,1.0,0.0,1.0,1.0,1.0,1.0,29.41796875,79.53125,79.81640625,66.41015625,115.02734375,242.40625,239.484375,202.078125,0.0,0.0,1.40234375,27.773672103881836
none,3,241,1.0,0.0,1.0,1.0,1.0,1.0,29.09375,81.2890625,80.2890625,65.8125,114.3359375,247.08984375,239.57421875,200.44921875,0.0,0.0,1.35546875,27.99761962890625
none,3,242,1.0,0.0,1.0,1.0,1.0,1.0,30.03125,79.1015625,80.296875,66.72265625,117.51171875,240.70703125,239.37109375,202.0234375,0.0,0.0,1.3828125,27.706655502319336
none,3,243,1.0,0.0,1.0,1.0,1.0,1.0,28.7109375,79.41015625,79.7890625,66.359375,114.03125,238.77734375,238.75,202.046875,0.0,0.0,1.3671875,27.89473533630371
none,3,244,1.0,0.0,1.0,1.0,1.0,1.0,29.375,79.01171875,80.3984375,67.5625,115.9921875,239.74609375,239.38671875,207.83984375,0.0,0.0,1.3203125,27.959091186523438
none,3,245,1.0,0.0,1.0,1.0,1.0,1.0,29.140625,78.33984375,79.78515625,66.07421875,116.109375,237.5703125,239.265625,202.84765625,0.0,0.0,1.4140625,27.591747283935547
none,3,246,1.0,0.0,1.0,1.0,1.0,1.0,28.6484375,80.5703125,81.16796875,66.80859375,113.828125,242.17578125,242.7578125,203.65625,0.0,0.0,1.45703125,28.3056697845459
none,3,247,1.0,0.0,1.0,1.0,1.0,1.0,28.64453125,80.421875,81.12109375,66.2578125,112.28515625,242.6328125,241.52734375,201.49609375,0.0,0.0,1.28515625,28.276782989501953
none,3,248,1.0,0.0,1.0,1.0,1.0,1.0,28.75390625,82.40625,80.8671875,67.0546875,114.16796875,247.65625,240.0078125,204.70703125,0.0,0.0,1.2890625,28.588420867919922
none,3,249,1.0,0.0,1.0,1.0,1.0,1.0,28.51953125,79.14453125,81.20703125,67.90625,113.60546875,239.53125,242.9296875,206.98046875,0.0,0.0,1.1171875,28.286602020263672
none,3,250,1.0,0.0,1.0,1.0,1.0,1.0,29.01953125,80.859375,81.609375,67.0,114.40234375,244.55859375,241.53515625,204.03515625,0.0,0.0,1.328125,28.35858917236328
none,3,251,1.0,0.0,1.0,1.0,1.0,1.0,28.92578125,81.39453125,81.54296875,67.03125,114.17578125,247.1171875,242.34765625,206.27734375,0.0,0.0,1.328125,28.653804779052734
none,3,252,1.0,0.0,1.0,1.0,1.0,1.0,27.98046875,81.66015625,82.3671875,66.453125,110.625,247.02734375,245.3515625,202.90625,0.0,0.0,1.359375,28.739364624023438
none,3,253,1.0,0.0,1.0,1.0,1.0,1.0,28.72265625,80.98828125,81.625,66.515625,114.68359375,244.51171875,241.89453125,205.2265625,0.0,0.0,1.3125,28.355932235717773
none,3,254,1.0,0.0,1.0,1.0,1.0,1.0,28.41796875,81.859375,82.9453125,66.34765625,114.3984375,247.56640625,245.83203125,203.171875,0.0,0.0,1.18359375,28.786605834960938
none,3,255,1.0,0.0,1.0,1.0,1.0,1.0,28.66015625,81.125,83.3515625,65.32421875,112.95703125,246.25390625,248.40625,200.59765625,0.0,0.0,1.3125,28.44495964050293
none,3,256,1.0,0.0,1.0,1.0,1.0,1.0,28.6953125,80.32421875,82.48046875,67.23046875,111.9921875,241.1328125,244.93359375,203.71875,0.0,0.0,1.32421875,28.52008628845215
none,3,257,1.0,0.0,1.0,1.0,1.0,1.0,28.40625,82.2421875,81.8125,67.5234375,114.1484375,247.3515625,242.4140625,203.8359375,0.0,0.0,1.296875,28.79900360107422
none,3,258,1.0,0.0,1.0,1.0,1.0,1.0,27.92578125,82.05078125,82.046875,67.1015625,111.4375,246.71484375,243.42578125,203.79296875,0.0,0.0,1.2578125,28.696378707885742
none,3,259,1.0,0.0,1.0,1.0,1.0,1.0,28.37109375,82.03125,81.94921875,67.6328125,112.29296875,247.08984375,242.0703125,205.24609375,0.0,0.0,1.25390625,28.864736557006836
none,3,260,1.0,0.0,1.0,1.0,1.0,1.0,29.140625,80.66796875,82.4453125,67.375,114.48046875,242.80859375,242.35546875,205.53125,0.0,0.0,1.2421875,28.473073959350586
none,3,261,1.0,0.0,1.0,1.0,1.0,1.0,28.7578125,81.98046875,81.96875,68.65234375,112.74609375,246.125,241.6875,207.90234375,0.0,0.0,1.21484375,28.885894775390625
none,3,262,1.0,0.0,1.0,1.0,1.0,1.0,28.44921875,81.7890625,83.1484375,67.67578125,113.66796875,245.6953125,246.61328125,206.2578125,0.0,0.0,1.3515625,29.083248138427734
none,3,263,1.0,0.0,1.0,1.0,1.0,1.0,28.61328125,80.91796875,82.3125,67.54296875,114.5,244.87890625,242.796875,205.8125,0.0,0.0,1.16015625,28.834304809570312
none,3,264,1.0,0.0,1.0,1.0,1.0,1.0,28.625,81.890625,82.37109375,66.72265625,112.59765625,247.2734375,243.48828125,203.6640625,0.0,0.0,1.25,28.7292537689209
none,3,265,1.0,0.0,1.0,1.0,1.0,1.0,28.33984375,81.52734375,82.75390625,68.265625,112.3359375,244.4453125,245.63671875,208.66796875,0.0,0.0,1.2890625,28.82428550720215
none,3,266,1.0,0.0,1.0,1.0,1.0,1.0,28.296875,80.34765625,82.9140625,68.9921875,112.34375,242.8671875,245.76171875,211.5546875,0.0,0.0,1.25,29.015392303466797
none,3,267,1.0,0.0,1.0,1.0,1.0,1.0,27.91015625,82.01171875,84.5703125,67.39453125,111.8046875,247.6875,250.21875,207.32421875,0.0,0.0,1.125,29.252304077148438
none,3,268,1.0,0.0,1.0,1.0,1.0,1.0,27.875,82.2109375,83.42578125,66.73828125,110.71484375,248.46484375,248.94921875,204.64453125,0.0,0.0,1.2421875,29.137283325195312
none,3,269,1.0,0.0,1.0,1.0,1.0,1.0,27.5234375,82.953125,83.03125,66.6875,110.484375,251.03125,245.64453125,203.6640625,0.0,0.0,1.26953125,29.203792572021484
none,3,270,1.0,0.0,1.0,1.0,1.0,1.0,28.03515625,81.640625,82.20703125,68.859375,111.984375,247.23828125,242.7109375,208.22265625,0.0,0.0,1.19140625,29.087125778198242
none,3,271,1.0,0.0,1.0,1.0,1.0,1.0,28.3671875,82.4921875,83.68359375,68.48046875,111.93359375,249.57421875,247.265625,207.6953125,0.0,0.0,1.25390625,29.382444381713867
none,3,272,1.0,0.0,1.0,1.0,1.0,1.0,28.61328125,81.90234375,84.31640625,68.42578125,112.2578125,247.48828125,249.7734375,207.3515625,0.0,0.0,1.19921875,29.36517333984375
none,3,273,1.0,0.0,1.0,1.0,1.0,1.0,27.51171875,81.7265625,84.359375,68.67578125,109.85546875,246.28125,248.35546875,207.94921875,0.0,0.0,1.16015625,29.448089599609375
none,3,274,1.0,0.0,1.0,1.0,1.0,1.0,27.0859375,83.90625,84.0625,68.83984375,106.05859375,252.43359375,247.140625,206.63671875,0.0,0.0,1.13671875,29.906814575195312
none,3,275,1.0,0.0,1.0,1.0,1.0,1.0,27.95703125,81.21875,83.359375,70.0,109.7890625,243.85546875,246.16015625,212.23046875,0.0,0.0,1.1875,29.3783016204834
none,3,276,1.0,0.0,1.0,1.0,1.0,1.0,27.4921875,81.26171875,85.53515625,68.8046875,109.73046875,243.67578125,252.046875,207.5546875,0.0,0.0,1.0703125,29.73699951171875
none,3,277,1.0,0.0,1.0,1.0,1.0,1.0,27.6171875,82.26953125,83.6484375,69.9921875,109.96484375,246.0859375,247.48828125,210.79296875,0.0,0.0,1.16796875,29.58856964111328
none,3,278,1.0,0.0,1.0,1.0,1.0,1.0,27.41015625,82.96484375,84.65234375,67.76953125,108.91015625,250.52734375,249.83203125,204.5390625,0.0,0.0,1.05859375,29.829574584960938
none,3,279,1.0,0.0,1.0,1.0,1.0,1.0,27.03125,82.765625,84.0390625,68.93359375,109.34765625,248.2578125,248.37890625,208.609375,0.0,0.0,1.12890625,29.74032974243164
none,3,280,1.0,0.0,1.0,1.0,1.0,1.0,27.2578125,82.91015625,85.22265625,68.328125,108.51171875,247.359375,252.2421875,206.9375,0.0,0.0,1.08203125,29.964689254760742
none,3,281,1.0,0.0,1.0,1.0,1.0,1.0,27.9765625,81.8125,84.265625,68.85546875,110.16015625,245.89453125,250.0625,208.03515625,0.0,0.0,1.234375,29.4493408203125
none,3,282,1.0,0.0,1.0,1.0,1.0,1.0,27.34375,81.2265625,85.39453125,69.34765625,107.87109375,245.12109375,253.1328125,211.23046875,0.0,0.0,1.22265625,29.8171443939209
none,3,283,1.0,0.0,1.0,1.0,1.0,1.0,27.203125,82.53515625,84.9296875,69.77734375,109.15234375,249.26171875,253.046875,210.80859375,0.0,0.0,1.02734375,30.03253746032715
none,3,284,1.0,0.0,1.0,1.0,1.0,1.0,27.765625,83.34765625,85.84375,68.68359375,109.58203125,250.8515625,254.56640625,208.640625,0.0,0.0,1.0546875,30.022720336914062
none,3,285,1.0,0.0,1.0,1.0,1.0,1.0,27.34765625,81.95703125,85.12890625,67.7890625,109.66796875,248.97265625,254.1953125,206.58984375,0.0,0.0,1.171875,29.668407440185547
none,3,286,1.0,0.0,1.0,1.0,1.0,1.0,26.91015625,80.328125,86.390625,69.78515625,108.10546875,243.28125,256.8828125,212.37109375,0.0,0.0,1.125,29.992977142333984
none,3,287,1.0,0.0,1.0,1.0,1.0,1.0,26.3984375,82.6640625,85.79296875,68.84375,106.05859375,250.6796875,254.7890625,209.01953125,0.0,0.0,0.984375,30.20184898376465
none,3,288,1.0,0.0,1.0,1.0,1.0,1.0,26.8125,83.28125,85.8515625,68.328125,106.90625,252.6484375,254.96484375,207.37109375,0.0,0.0,1.11328125,29.995891571044922
none,3,289,1.0,0.0,1.0,1.0,1.0,1.0,26.83984375,82.64453125,86.27734375,68.95703125,108.20703125,249.125,256.41015625,209.1171875,0.0,0.0,1.0390625,30.149450302124023
none,3,290,1.0,0.0,1.0,1.0,1.0,1.0,27.1640625,82.80859375,85.12890625,70.875,106.9453125,249.171875,252.5234375,214.71875,0.0,0.0,1.05859375,30.248409271240234
none,3,291,1.0,0.0,1.0,1.0,1.0,1.0,27.359375,82.71875,86.0,71.8515625,108.13671875,248.1015625,251.484375,215.58984375,0.0,0.0,1.01171875,30.33730125427246
none,3,292,1.0,0.0,1.0,1.0,1.0,1.0,26.48828125,84.84375,86.23828125,68.96484375,105.34375,254.0078125,253.96484375,208.28125,0.0,0.0,1.12109375,30.644760131835938
none,3,293,1.0,0.0,1.0,1.0,1.0,1.0,27.04296875,82.8203125,87.1484375,70.68359375,106.34765625,248.03515625,256.63671875,213.07421875,0.0,0.0,1.08203125,30.69207763671875
none,3,294,1.0,0.0,1.0,1.0,1.0,1.0,26.7578125,83.89453125,87.109375,69.21484375,106.109375,251.46484375,256.65234375,210.0390625,0.0,0.0,1.0234375,30.449790954589844
none,3,295,1.0,0.0,1.0,1.0,1.0,1.0,25.97265625,84.5859375,87.55078125,68.82421875,103.2734375,254.17578125,258.9609375,207.265625,0.0,0.0,0.8984375,30.842395782470703
none,3,296,1.0,0.0,1.0,1.0,1.0,1.0,26.53515625,83.79296875,87.0390625,69.37109375,105.41015625,253.2109375,257.078125,209.50390625,0.0,0.0,1.1171875,30.418041229248047
none,3,297,1.0,0.0,1.0,1.0,1.0,1.0,25.77734375,84.44921875,87.26953125,68.8984375,103.27734375,254.41796875,257.3125,207.9140625,0.0,0.0,1.140625,30.712646484375
none,3,298,1.0,0.0,1.0,1.0,1.0,1.0,26.6953125,83.95703125,87.23046875,69.2734375,104.921875,253.83984375,258.08984375,209.08984375,0.0,0.0,1.1015625,30.571752548217773
none,3,299,1.0,0.0,1.0,1.0,1.0,1.0,26.94140625,82.8984375,85.9609375,70.4453125,105.46875,247.73828125,252.65625,212.0234375,0.0,0.0,0.96875,30.35433006286621
none,3,300,1.0,0.0,1.0,1.0,1.0,1.0,26.45703125,84.09765625,87.15234375,70.3359375,104.81640625,250.63671875,255.05078125,210.3125,0.0,0.0,1.15234375,30.77175521850586
none,3,301,1.0,0.0,1.0,1.0,1.0,1.0,26.80859375,84.94140625,85.8046875,70.25390625,106.4453125,255.02734375,251.68359375,210.359375,0.0,0.0,1.03515625,30.6514892578125
none,3,302,1.0,0.0,1.0,1.0,1.0,1.0,26.96875,83.375,85.84375,72.203125,107.46484375,250.4296875,251.328125,216.796875,0.0,0.0,1.046875,30.718738555908203
none,3,303,1.0,0.0,1.0,1.0,1.0,1.0,26.21875,83.94140625,86.828125,70.46875,105.25,250.953125,254.1953125,212.140625,0.0,0.0,0.921875,30.848663330078125
none,3,304,1.0,0.0,1.0,1.0,1.0,1.0,25.24609375,84.4140625,87.546875,70.16796875,101.11328125,251.6953125,257.96484375,209.89453125,0.0,0.0,1.08984375,31.020078659057617
none,3,305,1.0,0.0,1.0,1.0,1.0,1.0,26.1796875,82.7421875,88.09375,71.3203125,103.8046875,248.515625,256.80078125,214.9296875,0.0,0.0,0.92578125,31.07635498046875
none,3,306,1.0,0.0,1.0,1.0,1.0,1.0,26.18359375,82.68359375,88.82421875,71.60546875,103.53515625,247.07421875,261.921875,216.07421875,0.0,0.0,0.9453125,31.116300582885742
none,3,307,1.0,0.0,1.0,1.0,1.0,1.0,26.453125,84.89453125,87.984375,71.359375,105.42578125,252.5703125,259.00390625,213.44140625,0.0,0.0,1.0390625,31.326045989990234
none,3,308,1.0,0.0,1.0,1.0,1.0,1.0,24.59375,86.46875,88.34765625,69.96484375,98.3671875,258.9453125,259.28515625,208.76171875,0.0,0.0,1.05078125,31.648181915283203
none,3,309,1.0,0.0,1.0,1.0,1.0,1.0,25.89453125,85.5390625,87.19140625,69.80859375,103.046875,255.296875,256.44921875,209.875,0.0,0.0,0.96484375,31.14327621459961
none,3,310,1.0,0.0,1.0,1.0,1.0,1.0,26.2734375,85.23828125,87.51953125,70.29296875,103.58984375,254.44921875,256.1484375,212.1640625,0.0,0.0,0.90625,31.22695541381836
none,3,311,1.0,0.0,1.0,1.0,1.0,1.0,25.625,85.0859375,87.90625,69.3203125,102.5546875,255.37890625,258.5625,208.48046875,0.0,0.0,0.99609375,31.080581665039062
none,3,312,1.0,0.0,1.0,1.0,1.0,1.0,25.87109375,85.578125,87.609375,70.95703125,103.7890625,256.46875,258.12109375,212.28515625,0.0,0.0,1.00390625,31.26278305053711
none,3,313,1.0,0.0,1.0,1.0,1.0,1.0,26.02734375,84.6875,88.9453125,70.24609375,104.73046875,253.59375,262.90625,212.0546875,0.0,0.0,1.01953125,31.4158935546875
none,3,314,1.0,0.0,1.0,1.0,1.0,1.0,26.2109375,85.453125,88.52734375,70.5703125,105.62109375,257.12109375,261.515625,212.66015625,0.0,0.0,1.0234375,31.640052795410156
none,3,315,1.0,0.0,1.0,1.0,1.0,1.0,25.61328125,85.66015625,88.65625,70.82421875,102.41015625,255.3125,261.69921875,212.8984375,0.0,0.0,0.984375,31.58333969116211
none,3,316,1.0,0.0,1.0,1.0,1.0,1.0,25.859375,85.390625,89.22265625,71.53515625,104.26171875,256.68359375,263.2265625,214.2421875,0.0,0.0,0.8984375,31.862409591674805
none,3,317,1.0,0.0,1.0,1.0,1.0,1.0,25.8515625,85.890625,89.76953125,70.52734375,101.10546875,256.96875,264.8046875,212.34375,0.0,0.0,1.05078125,31.629444122314453
none,3,318,1.0,0.0,1.0,1.0,1.0,1.0,25.83203125,86.7890625,87.84765625,70.88671875,101.38671875,259.625,259.0,211.390625,0.0,0.0,0.8671875,31.533117294311523
none,3,319,1.0,0.0,1.0,1.0,1.0,1.0,25.640625,85.03125,88.890625,71.83984375,103.34375,254.015625,262.96484375,217.453125,0.0,0.0,0.90625,31.635616302490234
none,3,320,1.0,0.0,1.0,1.0,1.0,1.0,26.3046875,86.4453125,90.203125,71.80859375,104.1875,257.76953125,265.44140625,217.6796875,0.0,0.0,0.875,32.07462692260742
none,3,321,1.0,0.0,1.0,1.0,1.0,1.0,26.14453125,85.25390625,88.921875,73.24609375,103.3515625,253.5,259.36328125,219.90625,0.0,0.0,0.9609375,32.11769485473633
none,3,322,1.0,0.0,1.0,1.0,1.0,1.0,26.59765625,83.44140625,89.53515625,74.05859375,103.671875,248.87890625,264.1328125,222.73046875,0.0,0.0,0.859375,31.680028915405273
none,3,323,1.0,0.0,1.0,1.0,1.0,1.0,25.515625,84.3203125,89.34765625,73.1328125,101.8046875,250.62109375,261.1015625,220.63671875,0.0,0.0,0.90234375,31.862791061401367
none,3,324,1.0,0.0,1.0,1.0,1.0,1.0,26.3046875,85.01171875,89.9609375,72.9375,104.00390625,252.44921875,264.9140625,220.0390625,0.0,0.0,0.859375,32.075111389160156
none,3,325,1.0,0.0,1.0,1.0,1.0,1.0,25.94921875,85.70703125,89.89453125,71.48828125,101.61328125,256.51171875,263.77734375,212.765625,0.0,0.0,0.9765625,31.91395378112793
none,3,326,1.0,0.0,1.0,1.0,1.0,1.0,26.3046875,87.22265625,89.65234375,71.53515625,102.84375,258.6484375,263.61328125,214.35546875,0.0,0.0,0.92578125,31.908615112304688
none,3,327,1.0,0.0,1.0,1.0,1.0,1.0,26.109375,85.4921875,90.2421875,70.625,103.8203125,255.79296875,263.70703125,212.1796875,0.0,0.0,0.94921875,31.81667709350586
none,3,328,1.0,0.0,1.0,1.0,1.0,1.0,25.46875,86.08984375,91.01171875,71.6640625,101.578125,257.328125,268.85546875,214.75390625,0.0,0.0,0.90625,32.25120544433594
none,3,329,1.0,0.0,1.0,1.0,1.0,1.0,25.7109375,87.15625,90.15625,69.53125,102.42578125,261.5078125,265.55078125,208.66015625,0.0,0.0,0.96875,31.820621490478516
none,3,330,1.0,0.0,1.0,1.0,1.0,1.0,25.578125,88.296875,89.36328125,70.63671875,101.43359375,263.875,264.921875,214.49609375,0.0,0.0,0.8828125,32.19085693359375
none,3,331,1.0,0.0,1.0,1.0,1.0,1.0,25.7265625,87.4296875,90.20703125,72.6953125,103.41015625,261.76171875,266.38671875,217.4453125,0.0,0.0,0.9140625,32.519561767578125
none,3,332,1.0,0.0,1.0,1.0,1.0,1.0,25.515625,87.8359375,90.2578125,70.95703125,101.62890625,263.48046875,265.99609375,213.78515625,0.0,0.0,0.87890625,32.28138732910156
none,3,333,1.0,0.0,1.0,1.0,1.0,1.0,26.3515625,87.75,90.421875,71.4765625,103.4140625,264.6640625,266.484375,214.16015625,0.0,0.0,0.86328125,32.470367431640625
none,3,334,1.0,0.0,1.0,1.0,1.0,1.0,25.48046875,86.6953125,90.33203125,72.46875,102.5546875,258.78515625,265.375,218.15234375,0.0,0.0,0.90234375,32.43605422973633
none,3,335,1.0,0.0,1.0,1.0,1.0,1.0,26.09765625,86.99609375,89.9375,72.40625,103.7421875,260.21484375,263.546875,217.55859375,0.0,0.0,0.87890625,32.32673645019531
none,3,336,1.0,0.0,1.0,1.0,1.0,1.0,25.69140625,85.8984375,91.37109375,71.68359375,102.16015625,256.46484375,267.23046875,215.59375,0.0,0.0,0.9375,32.1452522277832
none,3,337,1.0,0.0,1.0,1.0,1.0,1.0,26.15234375,85.21875,90.53515625,72.89453125,104.796875,253.81640625,266.796875,219.2890625,0.0,0.0,0.78125,32.179901123046875
none,3,338,1.0,0.0,1.0,1.0,1.0,1.0,25.50390625,86.8125,90.9921875,73.5625,101.671875,259.58984375,267.61328125,220.265625,0.0,0.0,0.87890625,32.817718505859375
none,3,339,1.0,0.0,1.0,1.0,1.0,1.0,24.765625,86.328125,91.30859375,72.34765625,98.90625,256.72265625,267.37109375,217.546875,0.0,0.0,0.84375,32.39214324951172
none,3,340,1.0,0.0,1.0,1.0,1.0,1.0,25.1796875,87.0078125,91.2890625,73.640625,100.140625,260.2578125,267.57421875,221.48828125,0.0,0.0,0.9140625,32.752601623535156
none,3,341,1.0,0.0,1.0,1.0,1.0,1.0,24.2578125,86.91015625,91.99609375,72.109375,96.6328125,258.40234375,269.72265625,216.0,0.0,0.0,0.8828125,32.84920883178711
none,3,342,1.0,0.0,1.0,1.0,1.0,1.0,24.72265625,87.91796875,90.23046875,71.7265625,98.51953125,263.26171875,265.53125,215.546875,0.0,0.0,0.890625,32.52299499511719
none,3,343,1.0,0.0,1.0,1.0,1.0,1.0,23.90234375,87.39453125,90.5625,71.7890625,94.76171875,262.1640625,266.984375,215.18359375,0.0,0.0,0.83203125,32.69071578979492
none,3,344,1.0,0.0,1.0,1.0,1.0,1.0,24.28515625,87.26953125,91.625,72.63671875,96.69921875,260.26953125,268.56640625,217.47265625,0.0,0.0,0.8359375,32.766929626464844
none,3,345,1.0,0.0,1.0,1.0,1.0,1.0,24.5,87.59765625,92.7890625,73.40234375,98.375,260.08203125,270.4140625,219.890625,0.0,0.0,0.90625,33.1488037109375
none,3,346,1.0,0.0,1.0,1.0,1.0,1.0,24.359375,87.10546875,91.078125,72.88671875,98.1015625,258.76953125,268.03515625,220.02734375,0.0,0.0,0.84375,32.89082717895508
none,3,347,1.0,0.0,1.0,1.0,1.0,1.0,24.15234375,86.875,91.15234375,73.75390625,98.09375,258.2578125,267.0703125,221.7890625,0.0,0.0,0.859375,32.74122619628906
none,3,348,1.0,0.0,1.0,1.0,1.0,1.0,25.18359375,87.4140625,90.46875,72.58203125,100.59765625,259.73828125,266.2265625,218.8046875,0.0,0.0,0.8671875,32.468143463134766
none,3,349,1.0,0.0,1.0,1.0,1.0,1.0,25.265625,87.7578125,91.4375,74.8671875,101.08984375,262.2265625,268.15234375,223.92578125,0.0,0.0,0.9609375,33.086116790771484
none,3,350,1.0,0.0,1.0,1.0,1.0,1.0,24.4921875,87.48828125,90.97265625,74.046875,97.3515625,260.39453125,268.58203125,222.0703125,0.0,0.0,0.8359375,33.166534423828125
none,3,351,1.0,0.0,1.0,1.0,1.0,1.0,24.4921875,87.51953125,90.9921875,74.28515625,98.38671875,260.4140625,267.45703125,221.953125,0.0,0.0,0.9296875,33.032649993896484
none,3,352,1.0,0.0,1.0,1.0,1.0,1.0,24.859375,88.4609375,92.6328125,74.22265625,101.14453125,262.96875,271.50390625,222.54296875,0.0,0.0,0.8203125,33.25989532470703
none,3,353,1.0,0.0,1.0,1.0,1.0,1.0,24.80078125,87.34765625,91.7421875,74.421875,99.08984375,262.140625,269.3046875,224.2734375,0.0,0.0,0.75,33.11433410644531
none,3,354,1.0,0.0,1.0,1.0,1.0,1.0,24.98046875,87.1796875,90.6484375,75.32421875,100.484375,260.296875,266.9140625,225.9765625,0.0,0.0,0.85546875,32.98662567138672
none,3,355,1.0,0.0,1.0,1.0,1.0,1.0,25.0,87.15234375,92.56640625,75.09375,100.19921875,259.87109375,271.73046875,224.8203125,0.0,0.0,0.86328125,33.35338592529297
none,3,356,1.0,0.0,1.0,1.0,1.0,1.0,25.3359375,87.4140625,91.69140625,74.09765625,101.5234375,260.421875,271.6484375,222.1015625,0.0,0.0,0.83203125,33.11785125732422
none,3,357,1.0,0.0,1.0,1.0,1.0,1.0,25.3359375,87.01953125,92.61328125,74.96875,102.5546875,258.6328125,273.04296875,224.6015625,0.0,0.0,0.87109375,33.432552337646484
none,3,358,1.0,0.0,1.0,1.0,1.0,1.0,25.00390625,86.140625,92.125,75.53515625,99.68359375,256.390625,270.00390625,224.9921875,0.0,0.0,0.8671875,33.21641540527344
none,3,359,1.0,0.0,1.0,1.0,1.0,1.0,25.1953125,89.109375,91.54296875,73.109375,100.1484375,266.640625,268.06640625,219.08203125,0.0,0.0,0.765625,33.11308288574219
none,3,360,1.0,0.0,1.0,1.0,1.0,1.0,24.68359375,88.43359375,90.7421875,75.2734375,98.90625,264.1328125,266.8828125,225.390625,0.0,0.0,0.73046875,33.316200256347656
none,3,361,1.0,0.0,1.0,1.0,1.0,1.0,25.23828125,87.4609375,91.82421875,74.1015625,101.015625,262.85546875,270.40625,222.0078125,0.0,0.0,0.8203125,33.06574630737305
none,3,362,1.0,0.0,1.0,1.0,1.0,1.0,25.30859375,89.640625,91.81640625,74.12890625,100.83203125,269.1328125,269.55078125,221.16796875,0.0,0.0,0.85546875,33.33747100830078
none,3,363,1.0,0.0,1.0,1.0,1.0,1.0,25.43359375,86.53515625,93.2578125,75.42578125,101.00390625,257.234375,273.59765625,226.4765625,0.0,0.0,0.796875,33.47810745239258
none,3,364,1.0,0.0,1.0,1.0,1.0,1.0,25.109375,88.1015625,92.91015625,74.48828125,100.03515625,263.140625,272.125,223.26953125,0.0,0.0,0.7890625,33.421260833740234
none,3,365,1.0,0.0,1.0,1.0,1.0,1.0,24.5078125,88.73046875,92.765625,74.2265625,97.65625,264.4921875,272.53515625,221.703125,0.0,0.0,0.8125,33.58182144165039
none,3,366,1.0,0.0,1.0,1.0,1.0,1.0,24.48046875,87.99609375,93.05859375,74.1171875,97.70703125,261.84765625,272.859375,223.18359375,0.0,0.0,0.76953125,33.50923156738281
none,3,367,1.0,0.0,1.0,1.0,1.0,1.0,24.68359375,89.18359375,92.51953125,73.25390625,98.8671875,264.59375,270.734375,219.05078125,0.0,0.0,0.875,33.25303649902344
none,3,368,1.0,0.0,1.0,1.0,1.0,1.0,24.69921875,88.046875,92.83203125,75.8671875,97.9140625,260.6875,272.69921875,224.0625,0.0,0.0,0.8203125,33.47831726074219
none,3,369,1.0,0.0,1.0,1.0,1.0,1.0,24.640625,87.22265625,93.15625,74.65625,99.02734375,260.01171875,272.0,221.8515625,0.0,0.0,0.765625,33.337158203125
none,3,370,1.0,0.0,1.0,1.0,1.0,1.0,24.453125,88.37109375,93.60546875,75.140625,97.37109375,262.4296875,274.7578125,223.0625,0.0,0.0,0.74609375,33.88704299926758
none,3,371,1.0,0.0,1.0,1.0,1.0,1.0,24.07421875,89.328125,92.25,74.75,97.28125,264.15625,272.1328125,223.1875,0.0,0.0,0.78125,33.85718536376953
none,3,372,1.0,0.0,1.0,1.0,1.0,1.0,24.7890625,87.671875,93.76171875,76.4765625,98.58984375,260.88671875,273.34765625,228.23828125,0.0,0.0,0.86328125,33.87737274169922
none,3,373,1.0,0.0,1.0,1.0,1.0,1.0,24.40234375,87.375,93.35546875,75.55859375,99.6328125,260.88671875,273.54296875,225.87109375,0.0,0.0,0.6484375,33.68484115600586
none,3,374,1.0,0.0,1.0,1.0,1.0,1.0,23.99609375,89.65234375,93.16015625,75.6171875,97.796875,266.0625,274.171875,224.1796875,0.0,0.0,0.75390625,34.12568664550781
none,3,375,1.0,0.0,1.0,1.0,1.0,1.0,24.76171875,90.32421875,92.140625,74.140625,99.265625,269.859375,270.52734375,221.30078125,0.0,0.0,0.8984375,33.49601364135742
none,3,376,1.0,0.0,1.0,1.0,1.0,1.0,24.21484375,88.57421875,92.33984375,75.3828125,97.5390625,264.13671875,271.62109375,224.65625,0.0,0.0,0.81640625,33.613033294677734
none,3,377,1.0,0.0,1.0,1.0,1.0,1.0,23.55859375,89.5703125,93.05859375,75.43359375,94.83984375,268.03515625,273.140625,224.82421875,0.0,0.0,0.74609375,34.0288200378418
none,3,378,1.0,0.0,1.0,1.0,1.0,1.0,24.56640625,88.703125,93.48046875,75.53515625,98.7734375,264.73046875,276.68359375,225.6953125,0.0,0.0,0.859375,33.65503692626953
none,3,379,1.0,0.0,1.0,1.0,1.0,1.0,24.55078125,88.84375,92.7265625,74.7890625,98.76171875,264.1796875,272.390625,224.13671875,0.0,0.0,0.7734375,33.67194747924805
none,3,380,1.0,0.0,1.0,1.0,1.0,1.0,24.02734375,89.3671875,94.3125,76.16015625,96.125,265.890625,275.5859375,227.6328125,0.0,0.0,0.8203125,34.17831039428711
none,3,381,1.0,0.0,1.0,1.0,1.0,1.0,24.1171875,88.67578125,93.64453125,74.84375,97.01953125,264.29296875,275.4921875,224.51171875,0.0,0.0,0.78515625,34.0636100769043
none,3,382,1.0,0.0,1.0,1.0,1.0,1.0,24.23046875,87.5703125,93.484375,76.16015625,99.31640625,260.1875,275.05078125,229.65234375,0.0,0.0,0.82421875,34.00360107421875
none,3,383,1.0,0.0,1.0,1.0,1.0,1.0,24.3671875,88.6953125,93.08203125,77.5625,99.3046875,263.390625,273.5234375,232.578125,0.0,0.0,0.65625,34.30424499511719
none,3,384,1.0,0.0,1.0,1.0,1.0,1.0,24.51171875,89.953125,93.171875,75.6640625,98.71484375,266.91015625,274.61328125,226.0546875,0.0,0.0,0.7421875,34.16893005371094
none,3,385,1.0,0.0,1.0,1.0,1.0,1.0,24.48828125,89.5234375,93.8984375,76.83203125,98.51953125,265.44140625,275.19140625,229.91015625,0.0,0.0,0.77734375,34.39850997924805
none,3,386,1.0,0.0,1.0,1.0,1.0,1.0,24.05078125,90.76171875,93.76953125,75.91796875,96.5859375,268.234375,274.625,225.78125,0.0,0.0,0.6953125,34.40730667114258
none,3,387,1.0,0.0,1.0,1.0,1.0,1.0,23.8515625,89.12890625,94.22265625,76.51171875,95.21484375,264.0703125,275.8828125,228.26953125,0.0,0.0,0.75,34.38883972167969
none,3,388,1.0,0.0,1.0,1.0,1.0,1.0,24.0546875,89.26953125,95.62109375,76.30078125,97.1015625,263.6875,279.703125,226.4921875,0.0,0.0,0.71484375,34.5463981628418
none,3,389,1.0,0.0,1.0,1.0,1.0,1.0,24.05078125,89.59375,94.33984375,75.06640625,96.80078125,264.36328125,273.8125,222.4375,0.0,0.0,0.8515625,34.18104553222656
none,3,390,1.0,0.0,1.0,1.0,1.0,1.0,23.8046875,88.6171875,95.39453125,74.875,94.9140625,263.203125,278.1328125,223.46875,0.0,0.0,0.6796875,34.32773971557617
none,3,391,1.0,0.0,1.0,1.0,1.0,1.0,24.69921875,87.75,94.73046875,76.515625,99.52734375,258.84375,275.953125,228.08984375,0.0,0.0,0.78125,34.197628021240234
none,3,392,1.0,0.0,1.0,1.0,1.0,1.0,23.51171875,90.34765625,96.0625,74.51953125,93.56640625,266.5859375,281.078125,221.38671875,0.0,0.0,0.75,34.70005416870117
none,3,393,1.0,0.0,1.0,1.0,1.0,1.0,24.03515625,88.7890625,94.80078125,77.1484375,95.109375,261.8359375,276.82421875,229.57421875,0.0,0.0,0.671875,34.61739730834961
none,3,394,1.0,0.0,1.0,1.0,1.0,1.0,22.765625,88.6875,95.55078125,75.44140625,92.1484375,261.87890625,278.39453125,225.32421875,0.0,0.0,0.76953125,34.70123291015625
none,3,395,1.0,0.0,1.0,1.0,1.0,1.0,24.9375,89.63671875,94.45703125,75.328125,98.2421875,264.28125,273.76171875,223.14453125,0.0,0.0,0.80078125,34.13887023925781
none,3,396,1.0,0.0,1.0,1.0,1.0,1.0,23.48828125,90.55078125,94.5546875,75.60546875,93.890625,267.4140625,275.48046875,224.0546875,0.0,0.0,0.70703125,34.77741241455078
none,3,397,1.0,0.0,1.0,1.0,1.0,1.0,24.26953125,89.42578125,93.9296875,75.86328125,96.8984375,264.453125,273.9453125,224.11328125,0.0,0.0,0.765625,34.30462646484375
none,3,398,1.0,0.0,1.0,1.0,1.0,1.0,24.0078125,89.60546875,94.40234375,77.11328125,96.01171875,264.33984375,275.05859375,229.2421875,0.0,0.0,0.73828125,34.58466720581055
none,3,399,1.0,0.0,1.0,1.0,1.0,1.0,24.20703125,89.6328125,93.9296875,78.28515625,96.1171875,264.17578125,273.96484375,232.26171875,0.0,0.0,0.65234375,34.507652282714844
none,3,400,1.0,0.0,1.0,1.0,1.0,1.0,23.73046875,89.6328125,93.4921875,77.7578125,94.5078125,265.8046875,273.5546875,231.1171875,0.0,0.0,0.703125,34.60540771484375
none,3,401,1.0,0.0,1.0,1.0,1.0,1.0,23.7734375,90.6171875,94.45703125,77.421875,94.859375,268.3046875,274.41015625,231.10546875,0.0,0.0,0.69921875,34.942626953125
none,3,402,1.0,0.0,1.0,1.0,1.0,1.0,23.79296875,90.0703125,94.484375,76.30078125,94.02734375,267.22265625,277.3203125,225.33203125,0.0,0.0,0.76953125,34.48786163330078
none,3,403,1.0,0.0,1.0,1.0,1.0,1.0,23.3828125,89.21875,95.19140625,76.66796875,92.640625,263.9609375,278.26171875,229.6640625,0.0,0.0,0.703125,34.80204772949219
none,3,404,1.0,0.0,1.0,1.0,1.0,1.0,25.078125,89.93359375,93.6796875,77.74609375,99.19921875,265.1484375,272.37109375,229.9921875,0.0,0.0,0.8046875,34.604774475097656
none,3,405,1.0,0.0,1.0,1.0,1.0,1.0,24.1484375,88.890625,96.19140625,77.125,96.44921875,261.94140625,281.6171875,229.640625,0.0,0.0,0.79296875,34.6728515625
none,3,406,1.0,0.0,1.0,1.0,1.0,1.0,23.14453125,90.1484375,94.69140625,76.98828125,93.625,266.97265625,278.2265625,227.83203125,0.0,0.0,0.7890625,34.84154510498047
none,3,407,1.0,0.0,1.0,1.0,1.0,1.0,24.21875,89.5234375,95.33203125,77.328125,97.625,264.9609375,280.39453125,229.56640625,0.0,0.0,0.76953125,34.5658073425293
none,3,408,1.0,0.0,1.0,1.0,1.0,1.0,23.43359375,89.80078125,95.75390625,77.421875,95.3984375,265.85546875,282.28125,231.078125,0.0,0.0,0.65625,35.035682678222656
none,3,409,1.0,0.0,1.0,1.0,1.0,1.0,23.95703125,89.1015625,95.84375,76.8671875,96.4765625,262.65234375,282.89453125,230.4609375,0.0,0.0,0.87109375,34.75730895996094
none,3,410,1.0,0.0,1.0,1.0,1.0,1.0,23.6640625,89.13671875,95.7265625,77.96484375,95.109375,262.82421875,282.0390625,233.515625,0.0,0.0,0.80078125,34.94511413574219
none,3,411,1.0,0.0,1.0,1.0,1.0,1.0,24.4609375,89.29296875,95.1875,77.609375,98.2109375,263.8359375,278.66796875,231.7578125,0.0,0.0,0.8359375,34.55656051635742
none,3,412,1.0,0.0,1.0,1.0,1.0,1.0,23.48046875,89.9140625,95.046875,77.05859375,95.41796875,266.1484375,278.21875,228.71875,0.0,0.0,0.86328125,34.695228576660156
none,3,413,1.0,0.0,1.0,1.0,1.0,1.0,23.42578125,91.609375,95.0859375,77.2265625,94.234375,270.859375,277.4375,229.66015625,0.0,0.0,0.6875,35.242820739746094
none,3,414,1.0,0.0,1.0,1.0,1.0,1.0,23.47265625,90.20703125,96.19921875,78.16015625,92.21484375,264.796875,279.83984375,231.734375,0.0,0.0,0.77734375,35.16476058959961
none,3,415,1.0,0.0,1.0,1.0,1.0,1.0,23.78125,90.9140625,95.34765625,78.2421875,95.44921875,267.0234375,278.8828125,231.48046875,0.0,0.0,0.67578125,35.22644805908203
none,3,416,1.0,0.0,1.0,1.0,1.0,1.0,22.5703125,90.97265625,96.1875,77.73828125,91.87109375,265.69921875,278.84375,230.20703125,0.0,0.0,0.7265625,35.19327926635742
none,3,417,1.0,0.0,1.0,1.0,1.0,1.0,23.36328125,91.32421875,97.39453125,76.734375,91.90625,266.47265625,282.61328125,226.69140625,0.0,0.0,0.703125,35.301509857177734
none,3,418,1.0,0.0,1.0,1.0,1.0,1.0,23.828125,89.95703125,95.88671875,79.59765625,93.640625,264.53125,278.59765625,235.42578125,0.0,0.0,0.75390625,35.38652038574219
none,3,419,1.0,0.0,1.0,1.0,1.0,1.0,23.43359375,90.98046875,96.5625,78.9921875,94.2265625,266.93359375,280.31640625,233.10546875,0.0,0.0,0.734375,35.489437103271484
none,3,420,1.0,0.0,1.0,1.0,1.0,1.0,23.5625,92.09765625,96.7421875,77.7109375,95.015625,269.9140625,280.48046875,228.9375,0.0,0.0,0.69140625,35.66730880737305
none,3,421,1.0,0.0,1.0,1.0,1.0,1.0,23.02734375,89.89453125,96.23046875,78.4765625,91.8203125,263.01171875,279.4140625,231.7890625,0.0,0.0,0.671875,35.182823181152344
none,3,422,1.0,0.0,1.0,1.0,1.0,1.0,23.15625,90.671875,97.54296875,78.19921875,92.390625,266.2734375,282.71484375,231.44140625,0.0,0.0,0.70703125,35.587158203125
none,3,423,1.0,0.0,1.0,1.0,1.0,1.0,23.54296875,89.8125,96.4609375,78.65625,94.3671875,261.80078125,280.83984375,233.65234375,0.0,0.0,0.64453125,35.38810729980469
none,3,424,1.0,0.0,1.0,1.0,1.0,1.0,22.96484375,90.96875,97.29296875,77.86328125,92.9609375,267.58984375,284.1171875,230.890625,0.0,0.0,0.6953125,35.542484283447266
none,3,425,1.0,0.0,1.0,1.0,1.0,1.0,22.87109375,91.61328125,96.77734375,79.0,92.34375,268.3125,281.46875,233.9453125,0.0,0.0,0.6875,35.803810119628906
none,3,426,1.0,0.0,1.0,1.0,1.0,1.0,22.94921875,91.23828125,95.9765625,77.69140625,92.703125,270.40234375,280.41015625,231.44140625,0.0,0.0,0.7421875,35.48047637939453
none,3,427,1.0,0.0,1.0,1.0,1.0,1.0,23.38671875,90.91015625,96.37109375,78.16015625,95.234375,267.78515625,282.22265625,233.75,0.0,0.0,0.69921875,35.387489318847656
none,3,428,1.0,0.0,1.0,1.0,1.0,1.0,23.203125,90.9765625,96.015625,79.65625,94.5859375,268.2890625,281.08984375,239.5546875,0.0,0.0,0.6640625,35.600738525390625
none,3,429,1.0,0.0,1.0,1.0,1.0,1.0,23.25,90.57421875,95.3125,80.02734375,95.98046875,268.30859375,279.9453125,239.3203125,0.0,0.0,0.69140625,35.64885711669922
none,3,430,1.0,0.0,1.0,1.0,1.0,1.0,23.16796875,91.1640625,97.15625,78.61328125,94.1640625,269.01171875,284.0234375,234.24609375,0.0,0.0,0.74609375,35.778663635253906
none,3,431,1.0,0.0,1.0,1.0,1.0,1.0,23.6796875,92.1640625,96.5,78.8515625,95.921875,270.37890625,282.390625,235.03125,0.0,0.0,0.58203125,35.802494049072266
none,3,432,1.0,0.0,1.0,1.0,1.0,1.0,23.84375,91.14453125,96.33984375,79.765625,95.3359375,268.9765625,281.94140625,238.51953125,0.0,0.0,0.73828125,35.56404113769531
none,3,433,1.0,0.0,1.0,1.0,1.0,1.0,23.25390625,90.0,96.48828125,79.0078125,94.26171875,266.109375,282.74609375,236.55859375,0.0,0.0,0.703125,35.59355926513672
none,3,434,1.0,0.0,1.0,1.0,1.0,1.0,23.1640625,91.01171875,97.05859375,78.76171875,93.06640625,268.70703125,282.94921875,234.07421875,0.0,0.0,0.7734375,35.62724304199219
none,3,435,1.0,0.0,1.0,1.0,1.0,1.0,23.38671875,91.42578125,96.15234375,79.48046875,96.234375,268.8359375,283.48046875,235.53515625,0.0,0.0,0.6953125,35.677207946777344
none,3,436,1.0,0.0,1.0,1.0,1.0,1.0,22.9296875,91.734375,97.55859375,79.1015625,92.734375,271.24609375,285.46875,234.203125,0.0,0.0,0.671875,35.99620819091797
none,3,437,1.0,0.0,1.0,1.0,1.0,1.0,22.28125,92.34375,96.6953125,78.859375,89.6875,270.80859375,283.07421875,234.79296875,0.0,0.0,0.640625,35.87520217895508
none,3,438,1.0,0.0,1.0,1.0,1.0,1.0,22.47265625,92.1640625,97.984375,77.45703125,91.609375,270.48828125,286.51171875,228.54296875,0.0,0.0,0.703125,35.93933868408203
none,3,439,1.0,0.0,1.0,1.0,1.0,1.0,23.05859375,91.27734375,97.43359375,78.92578125,92.69921875,269.51953125,285.19921875,232.9296875,0.0,0.0,0.7109375,35.911964416503906
none,3,440,1.0,0.0,1.0,1.0,1.0,1.0,22.859375,93.17578125,96.65625,77.6015625,93.2734375,274.109375,282.37890625,229.32421875,0.0,0.0,0.73046875,35.75700378417969
none,3,441,1.0,0.0,1.0,1.0,1.0,1.0,22.9375,90.58203125,97.52734375,79.5390625,92.26953125,266.26171875,283.6796875,237.0546875,0.0,0.0,0.6484375,35.91734313964844
none,3,442,1.0,0.0,1.0,1.0,1.0,1.0,22.765625,90.890625,96.78125,79.66796875,92.85546875,268.37890625,282.390625,234.41015625,0.0,0.0,0.72265625,35.896610260009766
none,3,443,1.0,0.0,1.0,1.0,1.0,1.0,23.40625,91.89453125,97.96484375,78.74609375,93.03515625,269.24609375,284.4375,233.79296875,0.0,0.0,0.69921875,36.042442321777344
none,3,444,1.0,0.0,1.0,1.0,1.0,1.0,23.6171875,90.859375,98.94921875,79.21875,93.2734375,266.54296875,287.50390625,235.16796875,0.0,0.0,0.76953125,35.945648193359375
none,3,445,1.0,0.0,1.0,1.0,1.0,1.0,23.18359375,91.98046875,97.578125,79.30859375,94.5859375,270.52734375,284.5078125,234.29296875,0.0,0.0,0.734375,35.914093017578125
none,3,446,1.0,0.0,1.0,1.0,1.0,1.0,23.12109375,92.5546875,98.3515625,78.4453125,94.1171875,273.03515625,284.85546875,232.37109375,0.0,0.0,0.72265625,36.17097091674805
none,3,447,1.0,0.0,1.0,1.0,1.0,1.0,22.76953125,91.8828125,97.015625,78.9921875,90.75390625,272.01171875,282.75390625,235.6875,0.0,0.0,0.70703125,35.95947265625
none,3,448,1.0,0.0,1.0,1.0,1.0,1.0,22.5625,90.34765625,97.64453125,80.3046875,91.5234375,266.51171875,284.26953125,238.953125,0.0,0.0,0.60546875,35.92534255981445
none,3,449,1.0,0.0,1.0,1.0,1.0,1.0,22.8828125,91.92578125,98.6328125,79.05859375,93.265625,269.5625,289.8359375,234.30859375,0.0,0.0,0.62109375,36.281490325927734
none,3,450,1.0,0.0,1.0,1.0,1.0,1.0,23.16015625,92.6171875,98.60546875,79.26953125,92.71875,271.81640625,286.6953125,234.92578125,0.0,0.0,0.64453125,36.38330841064453
none,3,451,1.0,0.0,1.0,1.0,1.0,1.0,23.2421875,92.265625,97.41796875,79.921875,93.421875,270.8515625,283.90625,236.90234375,0.0,0.0,0.73046875,36.19540023803711
none,3,452,1.0,0.0,1.0,1.0,1.0,1.0,23.0234375,91.15625,97.5078125,79.84765625,92.85546875,266.875,283.078125,235.55859375,0.0,0.0,0.6640625,36.05234146118164
none,3,453,1.0,0.0,1.0,1.0,1.0,1.0,22.7265625,93.625,97.79296875,78.69921875,91.96875,273.4296875,285.578125,231.5703125,0.0,0.0,0.65234375,36.39008712768555
none,3,454,1.0,0.0,1.0,1.0,1.0,1.0,22.9140625,93.91015625,98.0859375,77.51171875,92.55859375,277.48046875,285.8515625,226.296875,0.0,0.0,0.56640625,36.145320892333984
none,3,455,1.0,0.0,1.0,1.0,1.0,1.0,23.1171875,92.29296875,97.49609375,79.3125,92.1640625,269.234375,284.90234375,234.30078125,0.0,0.0,0.6875,36.14979553222656
none,3,456,1.0,0.0,1.0,1.0,1.0,1.0,22.78125,92.42578125,99.609375,79.96875,91.296875,270.765625,290.8671875,234.83203125,0.0,0.0,0.6875,36.42877197265625
none,3,457,1.0,0.0,1.0,1.0,1.0,1.0,22.82421875,91.80859375,98.42578125,80.06640625,91.1484375,271.40234375,285.97265625,236.84375,0.0,0.0,0.671875,36.319305419921875
none,3,458,1.0,0.0,1.0,1.0,1.0,1.0,22.64453125,93.16796875,98.0546875,79.796875,92.7265625,272.7734375,286.44140625,235.19921875,0.0,0.0,0.64453125,36.472747802734375
none,3,459,1.0,0.0,1.0,1.0,1.0,1.0,21.94140625,91.15234375,99.53125,79.65234375,89.9765625,268.6953125,291.84375,236.734375,0.0,0.0,0.58984375,36.41117858886719
none,3,460,1.0,0.0,1.0,1.0,1.0,1.0,22.87890625,92.48828125,98.28515625,80.4453125,92.90234375,270.18359375,286.3125,238.421875,0.0,0.0,0.6640625,36.456687927246094
none,3,461,1.0,0.0,1.0,1.0,1.0,1.0,22.3984375,92.828125,98.65625,80.07421875,90.59375,272.7578125,287.07421875,236.96875,0.0,0.0,0.69140625,36.57438278198242
none,3,462,1.0,0.0,1.0,1.0,1.0,1.0,22.3671875,92.84375,98.51953125,79.66015625,90.29296875,272.94140625,287.23046875,233.77734375,0.0,0.0,0.671875,36.48639678955078
none,3,463,1.0,0.0,1.0,1.0,1.0,1.0,22.2578125,92.3828125,98.52734375,80.99609375,90.375,271.57421875,287.5625,239.33203125,0.0,0.0,0.7421875,36.48572540283203
none,3,464,1.0,0.0,1.0,1.0,1.0,1.0,22.8515625,90.96875,99.3828125,81.4765625,92.24609375,265.4296875,289.8984375,242.28125,0.0,0.0,0.6875,36.75201416015625
none,3,465,1.0,0.0,1.0,1.0,1.0,1.0,23.42578125,91.34375,98.10546875,80.58203125,93.5,268.43359375,286.04296875,237.73828125,0.0,0.0,0.69921875,36.187355041503906
none,3,466,1.0,0.0,1.0,1.0,1.0,1.0,22.1328125,95.63671875,98.6015625,78.18359375,89.35546875,280.15625,287.3125,230.515625,0.0,0.0,0.69140625,36.77882385253906
none,3,467,1.0,0.0,1.0,1.0,1.0,1.0,21.99609375,92.703125,100.33984375,79.29296875,89.27734375,272.390625,293.26953125,235.21875,0.0,0.0,0.58984375,37.001014709472656
none,3,468,1.0,0.0,1.0,1.0,1.0,1.0,22.16015625,93.76953125,99.0078125,79.109375,91.296875,274.390625,289.37890625,233.1796875,0.0,0.0,0.66015625,36.7124137878418
none,3,469,1.0,0.0,1.0,1.0,1.0,1.0,22.55859375,92.484375,99.28515625,80.5,91.71875,272.09765625,290.1640625,238.2890625,0.0,0.0,0.625,36.7776985168457
none,3,470,1.0,0.0,1.0,1.0,1.0,1.0,23.01953125,93.125,99.72265625,80.06640625,93.8828125,272.71484375,290.05078125,236.45703125,0.0,0.0,0.63671875,36.73847579956055
none,3,471,1.0,0.0,1.0,1.0,1.0,1.0,22.15234375,93.89453125,99.01953125,80.0,90.28515625,275.69921875,287.26171875,236.8984375,0.0,0.0,0.6328125,36.94158935546875
none,3,472,1.0,0.0,1.0,1.0,1.0,1.0,22.46484375,93.84375,99.20703125,80.515625,90.83203125,274.53515625,288.046875,237.85546875,0.0,0.0,0.68359375,37.11638259887695
none,3,473,1.0,0.0,1.0,1.0,1.0,1.0,23.15234375,92.85546875,99.140625,81.265625,92.5703125,269.62109375,286.78515625,239.875,0.0,0.0,0.5625,36.84764099121094
none,3,474,1.0,0.0,1.0,1.0,1.0,1.0,22.265625,94.78125,100.5859375,81.07421875,88.41015625,276.3203125,289.1640625,237.34765625,0.0,0.0,0.66015625,37.30957794189453
none,3,475,1.0,0.0,1.0,1.0,1.0,1.0,22.56640625,92.54296875,98.65625,80.24609375,89.63671875,270.6640625,285.99609375,236.7109375,0.0,0.0,0.66015625,36.55096435546875
none,3,476,1.0,0.0,1.0,1.0,1.0,1.0,22.10546875,93.12109375,99.37890625,79.64453125,89.6875,272.39453125,287.41015625,234.5546875,0.0,0.0,0.57421875,36.86407470703125
none,3,477,1.0,0.0,1.0,1.0,1.0,1.0,22.00390625,92.86328125,100.17578125,80.4453125,88.125,268.93359375,290.4375,235.83203125,0.0,0.0,0.671875,37.05067825317383
none,3,478,1.0,0.0,1.0,1.0,1.0,1.0,21.70703125,95.109375,100.31640625,79.5625,86.9765625,276.72265625,290.125,233.2265625,0.0,0.0,0.58984375,37.243072509765625
none,3,479,1.0,0.0,1.0,1.0,1.0,1.0,21.89453125,93.5703125,100.6640625,78.81640625,88.7109375,271.77734375,290.6953125,232.63671875,0.0,0.0,0.65234375,36.98533630371094
none,3,480,1.0,0.0,1.0,1.0,1.0,1.0,22.76953125,93.859375,100.51953125,79.46484375,92.44921875,273.7890625,291.1640625,234.125,0.0,0.0,0.53515625,37.045745849609375
none,3,481,1.0,0.0,1.0,1.0,1.0,1.0,21.62109375,93.76953125,102.828125,79.859375,86.9921875,273.078125,297.265625,235.1171875,0.0,0.0,0.625,37.603416442871094
none,3,482,1.0,0.0,1.0,1.0,1.0,1.0,22.21484375,93.328125,100.703125,81.0390625,89.12109375,272.828125,293.91796875,238.7421875,0.0,0.0,0.67578125,37.34136962890625
none,3,483,1.0,0.0,1.0,1.0,1.0,1.0,21.12109375,94.51171875,99.83984375,80.0078125,86.3515625,275.41015625,292.5,236.3125,0.0,0.0,0.59765625,37.26681137084961
none,3,484,1.0,0.0,1.0,1.0,1.0,1.0,22.53515625,94.1328125,99.06640625,81.22265625,91.98046875,277.98046875,289.140625,240.6015625,0.0,0.0,0.51953125,36.98631286621094
none,3,485,1.0,0.0,1.0,1.0,1.0,1.0,21.80859375,93.6328125,98.71875,80.1171875,89.69921875,275.375,290.125,238.9453125,0.0,0.0,0.62109375,36.97970199584961
none,3,486,1.0,0.0,1.0,1.0,1.0,1.0,21.69140625,94.65625,100.546875,80.08984375,88.25390625,276.9765625,294.578125,237.80078125,0.0,0.0,0.58203125,37.42202377319336
none,3,487,1.0,0.0,1.0,1.0,1.0,1.0,21.76953125,93.296875,100.12109375,80.59765625,90.171875,275.68359375,293.89453125,238.34765625,0.0,0.0,0.58984375,37.35425567626953
none,3,488,1.0,0.0,1.0,1.0,1.0,1.0,22.15625,94.484375,99.8046875,81.17578125,89.66015625,276.40625,290.71484375,240.74609375,0.0,0.0,0.5703125,37.326393127441406
none,3,489,1.0,0.0,1.0,1.0,1.0,1.0,21.9140625,93.46875,100.75,80.8984375,89.2109375,273.25,293.63671875,241.62109375,0.0,0.0,0.57421875,37.391178131103516
none,3,490,1.0,0.0,1.0,1.0,1.0,1.0,22.28515625,93.71484375,99.08984375,80.96484375,90.6796875,274.40234375,288.765625,239.40625,0.0,0.0,0.64453125,37.007362365722656
none,3,491,1.0,0.0,1.0,1.0,1.0,1.0,21.87890625,94.34375,100.078125,80.484375,88.8828125,275.1328125,290.85546875,237.7265625,0.0,0.0,0.53515625,37.298526763916016
none,3,492,1.0,0.0,1.0,1.0,1.0,1.0,21.77734375,94.56640625,100.36328125,79.3125,87.77734375,276.34765625,292.9296875,234.44140625,0.0,0.0,0.66796875,37.26648712158203
none,3,493,1.0,0.0,1.0,1.0,1.0,1.0,21.75,94.39453125,101.05078125,80.6171875,88.84765625,274.86328125,296.51953125,238.28515625,0.0,0.0,0.6640625,37.311927795410156
none,3,494,1.0,0.0,1.0,1.0,1.0,1.0,22.26953125,93.703125,100.3828125,81.08203125,89.453125,274.33203125,292.65234375,238.6796875,0.0,0.0,0.5390625,37.288604736328125
none,3,495,1.0,0.0,1.0,1.0,1.0,1.0,22.16015625,94.3515625,101.09375,80.17578125,89.54296875,274.4453125,294.71875,236.01953125,0.0,0.0,0.62890625,37.439186096191406
none,3,496,1.0,0.0,1.0,1.0,1.0,1.0,22.33984375,92.87890625,100.68359375,81.9296875,89.53515625,270.15234375,291.5078125,240.65234375,0.0,0.0,0.5546875,37.22649383544922
none,3,497,1.0,0.0,1.0,1.0,1.0,1.0,22.41796875,93.34375,100.984375,81.0234375,90.9453125,269.734375,292.26171875,240.04296875,0.0,0.0,0.609375,37.343414306640625
none,3,498,1.0,0.0,1.0,1.0,1.0,1.0,22.2265625,93.49609375,100.58984375,81.36328125,89.36328125,271.27734375,291.796875,240.1796875,0.0,0.0,0.609375,37.46134567260742
none,3,499,1.0,0.0,1.0,1.0,1.0,1.0,22.45703125,95.71875,101.1484375,80.81640625,90.38671875,278.01171875,293.39453125,237.77734375,0.0,0.0,0.5625,37.61682891845703
none,3,500,1.0,0.0,1.0,1.0,1.0,1.0,22.62890625,93.26953125,99.1953125,81.75390625,90.86328125,270.32421875,288.0078125,240.09375,0.0,0.0,0.66015625,37.32537078857422
none,3,501,1.0,0.0,1.0,1.0,1.0,1.0,21.91015625,95.6171875,100.3828125,81.61328125,88.01953125,277.40625,287.37890625,239.609375,0.0,0.0,0.60546875,37.932594299316406
none,3,502,1.0,0.0,1.0,1.0,1.0,1.0,22.26171875,94.50390625,100.90234375,80.22265625,88.2265625,274.47265625,290.8125,234.96484375,0.0,0.0,0.6640625,37.22655487060547
none,3,503,1.0,0.0,1.0,1.0,1.0,1.0,21.72265625,95.85546875,101.2421875,80.01953125,87.01953125,277.91796875,292.49609375,234.6953125,0.0,0.0,0.55859375,37.710296630859375
none,3,504,1.0,0.0,1.0,1.0,1.0,1.0,21.390625,95.16796875,100.46484375,81.21875,86.24609375,274.6328125,290.66015625,236.96875,0.0,0.0,0.65625,37.83939743041992
none,3,505,1.0,0.0,1.0,1.0,1.0,1.0,21.91015625,95.078125,100.26171875,82.03515625,89.2421875,274.5859375,288.49609375,240.31640625,0.0,0.0,0.55859375,37.70758056640625
none,3,506,1.0,0.0,1.0,1.0,1.0,1.0,22.34765625,93.33984375,101.00390625,82.76953125,89.609375,268.35546875,291.6796875,242.43359375,0.0,0.0,0.51953125,37.6525993347168
none,3,507,1.0,0.0,1.0,1.0,1.0,1.0,21.40234375,94.125,102.09375,81.0078125,86.98828125,271.39453125,295.1953125,236.09375,0.0,0.0,0.58984375,37.64855194091797
none,3,508,1.0,0.0,1.0,1.0,1.0,1.0,21.828125,93.015625,101.78515625,82.26953125,87.51171875,267.29296875,294.5078125,240.3671875,0.0,0.0,0.58203125,37.65272521972656
none,3,509,1.0,0.0,1.0,1.0,1.0,1.0,22.23046875,95.14453125,100.93359375,82.9296875,88.734375,275.4765625,291.171875,243.6484375,0.0,0.0,0.5546875,37.955299377441406
none,3,510,1.0,0.0,1.0,1.0,1.0,1.0,21.57421875,93.99609375,101.81640625,82.98046875,86.9609375,271.25,294.69921875,242.578125,0.0,0.0,0.5625,37.944374084472656
none,3,511,1.0,0.0,1.0,1.0,1.0,1.0,21.80859375,92.1953125,102.296875,82.91015625,88.59765625,268.046875,297.1328125,244.38671875,0.0,0.0,0.60546875,37.61383056640625
none,3,512,1.0,0.0,1.0,1.0,1.0,1.0,22.140625,92.7578125,101.01171875,82.765625,89.8125,268.62890625,291.0078125,244.64453125,0.0,0.0,0.64453125,37.69536590576172
none,3,513,1.0,0.0,1.0,1.0,1.0,1.0,22.68359375,93.8203125,100.7421875,82.9140625,92.2734375,271.83984375,291.5,244.1015625,0.0,0.0,0.5078125,37.74244689941406
none,3,514,1.0,0.0,1.0,1.0,1.0,1.0,22.14453125,92.4375,100.83203125,82.59375,88.45703125,268.39453125,293.46875,243.90625,0.0,0.0,0.56640625,37.56583786010742
none,3,515,1.0,0.0,1.0,1.0,1.0,1.0,22.37109375,94.57421875,102.62890625,82.296875,89.16015625,274.1328125,299.609375,243.19140625,0.0,0.0,0.51953125,38.112693786621094
none,3,516,1.0,0.0,1.0,1.0,1.0,1.0,21.828125,93.5234375,102.578125,82.13671875,88.625,272.4375,297.49609375,243.3828125,0.0,0.0,0.56640625,37.821163177490234
none,3,517,1.0,0.0,1.0,1.0,1.0,1.0,22.25,94.4921875,102.23828125,82.3359375,89.4140625,273.93359375,295.85546875,243.00390625,0.0,0.0,0.58203125,37.89890670776367
none,3,518,1.0,0.0,1.0,1.0,1.0,1.0,21.6328125,95.828125,100.7421875,82.25,87.1328125,278.984375,293.0078125,242.203125,0.0,0.0,0.59375,37.967430114746094
none,3,519,1.0,0.0,1.0,1.0,1.0,1.0,21.2734375,94.90234375,101.81640625,81.9609375,85.96875,277.8359375,295.1875,241.66796875,0.0,0.0,0.60546875,38.0987663269043
none,3,520,1.0,0.0,1.0,1.0,1.0,1.0,21.875,93.8515625,101.32421875,82.36328125,89.28515625,272.703125,293.87890625,243.12890625,0.0,0.0,0.62890625,37.709434509277344
none,3,521,1.0,0.0,1.0,1.0,1.0,1.0,21.59375,94.40625,101.58203125,82.0546875,87.30859375,276.36328125,294.4609375,241.45703125,0.0,0.0,0.55078125,37.87146759033203
none,3,522,1.0,0.0,1.0,1.0,1.0,1.0,21.57421875,95.9375,101.66796875,83.53515625,88.85546875,282.26953125,293.61328125,244.90234375,0.0,0.0,0.55078125,38.526336669921875
none,3,523,1.0,0.0,1.0,1.0,1.0,1.0,21.578125,94.48828125,103.0390625,83.6640625,87.51171875,275.3203125,298.8046875,247.1875,0.0,0.0,0.546875,38.453277587890625
none,3,524,1.0,0.0,1.0,1.0,1.0,1.0,21.52734375,96.8203125,102.1171875,82.8828125,87.72265625,280.23046875,296.05078125,242.42578125,0.0,0.0,0.60546875,38.655799865722656
none,3,525,1.0,0.0,1.0,1.0,1.0,1.0,21.640625,95.625,102.8984375,81.625,87.16015625,278.05859375,298.046875,237.73046875,0.0,0.0,0.5234375,38.130393981933594
none,3,526,1.0,0.0,1.0,1.0,1.0,1.0,21.59375,96.1875,103.1015625,82.13671875,86.640625,277.7890625,297.72265625,240.0703125,0.0,0.0,0.6015625,38.45824432373047
none,3,527,1.0,0.0,1.0,1.0,1.0,1.0,22.20703125,94.58984375,101.82421875,82.77734375,90.0703125,272.765625,292.953125,242.0234375,0.0,0.0,0.65625,38.021629333496094
none,3,528,1.0,0.0,1.0,1.0,1.0,1.0,21.80859375,95.4609375,103.2421875,83.0625,87.44921875,274.890625,295.91796875,242.4296875,0.0,0.0,0.59765625,38.53529357910156
none,3,529,1.0,0.0,1.0,1.0,1.0,1.0,21.69921875,95.171875,103.2890625,81.953125,86.328125,273.56640625,298.1484375,239.07421875,0.0,0.0,0.546875,38.3379020690918
none,3,530,1.0,0.0,1.0,1.0,1.0,1.0,21.453125,95.94921875,102.26171875,82.84375,87.6328125,274.9140625,292.9296875,240.5625,0.0,0.0,0.61328125,38.379215240478516
none,3,531,1.0,0.0,1.0,1.0,1.0,1.0,21.73828125,96.546875,102.84375,82.7265625,86.75390625,276.9296875,296.19921875,241.0546875,0.0,0.0,0.52734375,38.49734115600586
none,3,532,1.0,0.0,1.0,1.0,1.0,1.0,22.20703125,96.15625,102.31640625,82.0859375,88.359375,277.1875,292.9296875,240.2265625,0.0,0.0,0.60546875,38.26446533203125
none,3,533,1.0,0.0,1.0,1.0,1.0,1.0,21.96484375,96.09375,102.70703125,84.70703125,88.2421875,275.375,295.046875,245.953125,0.0,0.0,0.49609375,38.73180389404297
none,3,534,1.0,0.0,1.0,1.0,1.0,1.0,21.95703125,95.796875,103.37890625,83.48046875,88.3359375,273.96875,297.1484375,243.625,0.0,0.0,0.5546875,38.71615219116211
none,3,535,1.0,0.0,1.0,1.0,1.0,1.0,21.71875,95.00390625,103.09765625,83.1328125,88.05078125,272.078125,297.34375,244.96484375,0.0,0.0,0.57421875,38.433753967285156
none,3,536,1.0,0.0,1.0,1.0,1.0,1.0,21.53515625,96.09765625,103.0546875,82.34765625,86.6328125,278.1875,298.296875,242.1015625,0.0,0.0,0.6328125,38.57289123535156
none,3,537,1.0,0.0,1.0,1.0,1.0,1.0,22.00390625,95.671875,102.40625,82.9375,88.578125,276.08984375,295.28125,244.08203125,0.0,0.0,0.57421875,38.41395568847656
none,3,538,1.0,0.0,1.0,1.0,1.0,1.0,21.84765625,96.02734375,102.50390625,83.734375,89.3515625,277.2421875,296.5390625,244.68359375,0.0,0.0,0.58203125,38.62245178222656
none,3,539,1.0,0.0,1.0,1.0,1.0,1.0,21.14453125,96.36328125,101.890625,82.1328125,85.515625,279.66796875,297.109375,239.8203125,0.0,0.0,0.578125,38.40101623535156
none,3,540,1.0,0.0,1.0,1.0,1.0,1.0,21.25390625,95.8671875,104.640625,82.66796875,85.0859375,277.484375,303.234375,242.97265625,0.0,0.0,0.5546875,38.86109161376953
none,3,541,1.0,0.0,1.0,1.0,1.0,1.0,22.03515625,95.55078125,102.80859375,83.55078125,90.08984375,276.51953125,298.71875,246.46484375,0.0,0.0,0.5390625,38.64274978637695
none,3,542,1.0,0.0,1.0,1.0,1.0,1.0,20.96875,95.828125,102.05078125,82.19921875,85.69921875,278.515625,295.99609375,242.328125,0.0,0.0,0.57421875,38.36456298828125
none,3,543,1.0,0.0,1.0,1.0,1.0,1.0,20.7265625,95.39453125,102.87890625,83.51953125,84.63671875,275.21875,297.2265625,244.43359375,0.0,0.0,0.54296875,38.61278533935547
none,3,544,1.0,0.0,1.0,1.0,1.0,1.0,20.875,96.3984375,103.44921875,83.48046875,83.94921875,278.5,298.63671875,243.015625,0.0,0.0,0.5078125,39.02654266357422
none,3,545,1.0,0.0,1.0,1.0,1.0,1.0,21.31640625,95.9140625,102.125,83.64453125,86.5625,275.546875,294.6875,244.046875,0.0,0.0,0.5625,38.53874969482422
none,3,546,1.0,0.0,1.0,1.0,1.0,1.0,21.8046875,95.96875,103.15234375,84.984375,88.16796875,276.40625,296.93359375,248.86328125,0.0,0.0,0.4765625,38.87356948852539
none,3,547,1.0,0.0,1.0,1.0,1.0,1.0,20.9375,96.91796875,102.50390625,83.85546875,83.6171875,280.0859375,296.3125,246.12890625,0.0,0.0,0.47265625,38.977745056152344
none,3,548,1.0,0.0,1.0,1.0,1.0,1.0,21.32421875,95.87109375,103.0,83.37890625,86.125,277.97265625,297.984375,242.4296875,0.0,0.0,0.51171875,38.61897277832031
none,3,549,1.0,0.0,1.0,1.0,1.0,1.0,21.6875,97.15625,104.55859375,82.41796875,87.05078125,281.2578125,302.33203125,241.28515625,0.0,0.0,0.56640625,38.953338623046875
none,3,550,1.0,0.0,1.0,1.0,1.0,1.0,20.84375,96.1484375,104.00390625,84.22265625,86.23828125,278.19921875,299.546875,247.01171875,0.0,0.0,0.5625,39.1150016784668
none,3,551,1.0,0.0,1.0,1.0,1.0,1.0,20.8046875,96.66796875,103.171875,83.1171875,86.59375,278.65234375,297.69140625,243.59765625,0.0,0.0,0.546875,38.94706726074219
none,3,552,1.0,0.0,1.0,1.0,1.0,1.0,21.6875,96.96875,103.9140625,83.69140625,87.875,281.375,298.90625,244.43359375,0.0,0.0,0.53515625,39.120872497558594
none,3,553,1.0,0.0,1.0,1.0,1.0,1.0,21.08984375,95.7890625,104.11328125,84.84375,87.12890625,277.59765625,301.84765625,248.14453125,0.0,0.0,0.5078125,39.099586486816406
none,3,554,1.0,0.0,1.0,1.0,1.0,1.0,20.37109375,96.28515625,105.12109375,85.52734375,84.94921875,278.15625,303.265625,250.21875,0.0,0.0,0.55078125,39.51620864868164
none,3,555,1.0,0.0,1.0,1.0,1.0,1.0,21.4375,97.89453125,103.375,84.75,88.12109375,283.92578125,297.05078125,248.1484375,0.0,0.0,0.58203125,39.50902557373047
none,3,556,1.0,0.0,1.0,1.0,1.0,1.0,21.10546875,96.00390625,103.20703125,84.31640625,86.12890625,279.16015625,299.953125,248.6171875,0.0,0.0,0.57421875,38.99723815917969
none,3,557,1.0,0.0,1.0,1.0,1.0,1.0,20.7578125,96.34375,104.03515625,84.3515625,85.05859375,279.8671875,301.87890625,248.88671875,0.0,0.0,0.515625,39.336647033691406
none,3,558,1.0,0.0,1.0,1.0,1.0,1.0,20.69140625,95.6640625,103.54296875,85.7421875,85.44140625,277.61328125,300.609375,251.359375,0.0,0.0,0.51953125,39.10820007324219
none,3,559,1.0,0.0,1.0,1.0,1.0,1.0,21.29296875,96.6015625,104.33984375,85.33984375,86.49609375,280.75390625,302.65625,249.25,0.0,0.0,0.48046875,39.478721618652344
none,3,560,1.0,0.0,1.0,1.0,1.0,1.0,20.59765625,96.859375,103.33203125,82.62890625,84.91796875,280.73828125,299.375,243.671875,0.0,0.0,0.5703125,38.98346710205078
none,3,561,1.0,0.0,1.0,1.0,1.0,1.0,20.90625,98.328125,105.0625,82.08203125,85.47265625,285.96484375,303.93359375,239.7734375,0.0,0.0,0.51953125,39.34244155883789
none,3,562,1.0,0.0,1.0,1.0,1.0,1.0,20.87890625,96.4140625,104.05859375,83.87109375,87.84375,280.0546875,301.89453125,246.40234375,0.0,0.0,0.5234375,39.020660400390625
none,3,563,1.0,0.0,1.0,1.0,1.0,1.0,21.10546875,95.98046875,104.17578125,84.98046875,85.8984375,278.15625,299.453125,247.83203125,0.0,0.0,0.58984375,39.26189422607422
none,3,564,1.0,0.0,1.0,1.0,1.0,1.0,21.37109375,97.0390625,104.46484375,84.69921875,87.640625,279.97265625,301.22265625,248.53515625,0.0,0.0,0.5,39.39471435546875
none,3,565,1.0,0.0,1.0,1.0,1.0,1.0,21.2734375,96.984375,105.1875,85.125,87.671875,280.7890625,301.7890625,249.6875,0.0,0.0,0.45703125,39.51314926147461
none,3,566,1.0,0.0,1.0,1.0,1.0,1.0,20.5234375,97.15625,104.015625,86.0234375,84.8203125,280.97265625,298.953125,250.21875,0.0,0.0,0.48828125,39.661766052246094
none,3,567,1.0,0.0,1.0,1.0,1.0,1.0,20.875,97.4140625,104.0859375,85.31640625,85.6796875,281.61328125,301.11328125,249.34765625,0.0,0.0,0.51171875,39.46111297607422
none,3,568,1.0,0.0,1.0,1.0,1.0,1.0,20.61328125,97.01953125,103.75,85.8125,85.1796875,280.80859375,298.140625,250.8828125,0.0,0.0,0.4765625,39.626258850097656
none,3,569,1.0,0.0,1.0,1.0,1.0,1.0,20.92578125,96.41796875,104.52734375,84.49609375,86.26953125,278.74609375,301.4296875,247.48046875,0.0,0.0,0.48046875,39.3774528503418
none,3,570,1.0,0.0,1.0,1.0,1.0,1.0,21.0234375,96.9140625,105.69921875,85.75,87.0703125,279.46875,303.6328125,249.74609375,0.0,0.0,0.46875,39.94379425048828
none,3,571,1.0,0.0,1.0,1.0,1.0,1.0,21.1484375,95.8125,106.09765625,84.9296875,86.5625,278.671875,305.38671875,247.86328125,0.0,0.0,0.58203125,39.559444427490234
none,3,572,1.0,0.0,1.0,1.0,1.0,1.0,21.17578125,98.0703125,104.23046875,84.07421875,87.1796875,284.01171875,298.3125,244.73828125,0.0,0.0,0.51953125,39.35734939575195
none,3,573,1.0,0.0,1.0,1.0,1.0,1.0,21.15625,95.66015625,105.48828125,85.28125,85.484375,275.1640625,304.8671875,249.70703125,0.0,0.0,0.47265625,39.436553955078125
none,3,574,1.0,0.0,1.0,1.0,1.0,1.0,20.80078125,96.80078125,105.07421875,85.14453125,84.4765625,277.53125,303.3828125,247.8359375,0.0,0.0,0.5078125,39.53327178955078
none,3,575,1.0,0.0,1.0,1.0,1.0,1.0,20.796875,98.44140625,103.953125,84.09375,85.52734375,282.31640625,299.37890625,245.23828125,0.0,0.0,0.59375,39.37450408935547
none,3,576,1.0,0.0,1.0,1.0,1.0,1.0,20.60546875,97.984375,105.22265625,83.3671875,83.47265625,282.13671875,302.79296875,242.9609375,0.0,0.0,0.54296875,39.60411834716797
none,3,577,1.0,0.0,1.0,1.0,1.0,1.0,20.8828125,97.98046875,105.2578125,85.1953125,86.42578125,282.05859375,302.0546875,249.95703125,0.0,0.0,0.47265625,39.927303314208984
none,3,578,1.0,0.0,1.0,1.0,1.0,1.0,21.0078125,97.75390625,103.63671875,84.953125,86.59765625,281.77734375,297.73828125,247.97265625,0.0,0.0,0.50390625,39.434303283691406
none,3,579,1.0,0.0,1.0,1.0,1.0,1.0,20.91015625,98.078125,103.79296875,84.859375,84.71875,284.03125,299.62109375,248.5703125,0.0,0.0,0.55859375,39.53185272216797
none,3,580,1.0,0.0,1.0,1.0,1.0,1.0,20.4375,98.3046875,104.61328125,85.6171875,84.62109375,283.3671875,301.51953125,248.9375,0.0,0.0,0.48828125,39.77235412597656
none,3,581,1.0,0.0,1.0,1.0,1.0,1.0,20.9375,98.80859375,105.2421875,84.73046875,86.79296875,285.1953125,302.4375,247.125,0.0,0.0,0.50390625,39.897247314453125
none,3,582,1.0,0.0,1.0,1.0,1.0,1.0,20.65625,97.828125,103.8125,85.46875,85.28515625,282.75,298.58984375,250.34765625,0.0,0.0,0.5234375,39.802555084228516
none,3,583,1.0,0.0,1.0,1.0,1.0,1.0,19.85546875,97.9296875,105.47265625,85.76953125,83.14453125,282.41796875,301.828125,250.421875,0.0,0.0,0.55859375,39.92619323730469
none,3,584,1.0,0.0,1.0,1.0,1.0,1.0,20.3984375,96.703125,105.953125,84.3125,83.8125,279.20703125,305.92578125,246.6015625,0.0,0.0,0.4921875,39.693416595458984
none,3,585,1.0,0.0,1.0,1.0,1.0,1.0,20.9296875,96.53515625,104.30078125,86.8359375,87.75,278.7109375,300.59765625,253.1171875,0.0,0.0,0.484375,39.534767150878906
none,3,586,1.0,0.0,1.0,1.0,1.0,1.0,21.08984375,97.7734375,104.06640625,85.66015625,86.8125,281.0,300.6953125,249.67578125,0.0,0.0,0.43359375,39.781612396240234
none,3,587,1.0,0.0,1.0,1.0,1.0,1.0,20.87890625,96.18359375,105.5,87.04296875,86.0546875,276.8125,304.24609375,254.66015625,0.0,0.0,0.453125,40.02111053466797
none,3,588,1.0,0.0,1.0,1.0,1.0,1.0,19.953125,97.83203125,105.0625,85.60546875,82.0234375,281.17578125,302.5625,250.7421875,0.0,0.0,0.47265625,39.928226470947266
none,3,589,1.0,0.0,1.0,1.0,1.0,1.0,20.96484375,97.62890625,104.3671875,84.30078125,85.80859375,281.8984375,301.7734375,246.40234375,0.0,0.0,0.5234375,39.368465423583984
none,3,590,1.0,0.0,1.0,1.0,1.0,1.0,20.3359375,98.6953125,105.44140625,85.87890625,83.9453125,285.29296875,303.72265625,249.234375,0.0,0.0,0.44140625,40.186912536621094
none,3,591,1.0,0.0,1.0,1.0,1.0,1.0,20.50390625,98.46875,105.69140625,84.16796875,84.71484375,284.62890625,305.8359375,244.6640625,0.0,0.0,0.52734375,39.79931640625
none,3,592,1.0,0.0,1.0,1.0,1.0,1.0,20.1640625,98.90234375,104.91796875,85.41015625,83.5625,284.4765625,301.7890625,248.7265625,0.0,0.0,0.5,39.96955871582031
none,3,593,1.0,0.0,1.0,1.0,1.0,1.0,20.66015625,98.34765625,104.37109375,84.85546875,84.828125,283.70703125,300.00390625,246.41015625,0.0,0.0,0.48828125,39.869239807128906
none,3,594,1.0,0.0,1.0,1.0,1.0,1.0,20.1640625,97.61328125,106.0703125,86.5703125,84.8046875,281.7578125,304.83984375,252.89453125,0.0,0.0,0.4375,40.34162521362305
none,3,595,1.0,0.0,1.0,1.0,1.0,1.0,20.69921875,97.37890625,105.65234375,86.171875,85.71875,281.48046875,304.4140625,250.1953125,0.0,0.0,0.48828125,40.14662170410156
none,3,596,1.0,0.0,1.0,1.0,1.0,1.0,20.50390625,100.7890625,105.48828125,85.1875,85.0546875,291.08203125,302.60546875,246.98828125,0.0,0.0,0.44140625,40.436798095703125
none,3,597,1.0,0.0,1.0,1.0,1.0,1.0,20.47265625,97.296875,105.82421875,85.84375,84.6171875,280.6328125,306.3125,250.15625,0.0,0.0,0.4609375,40.016632080078125
none,3,598,1.0,0.0,1.0,1.0,1.0,1.0,20.1171875,97.01953125,105.44140625,87.7421875,84.15234375,278.5859375,304.859375,255.359375,0.0,0.0,0.48046875,40.32361602783203
none,3,599,1.0,0.0,1.0,1.0,1.0,1.0,18.9921875,97.9765625,106.921875,85.09375,79.39453125,282.14453125,309.38671875,247.56640625,0.0,0.0,0.515625,40.50032043457031
none,3,600,1.0,0.0,1.0,1.0,1.0,1.0,20.40234375,99.6328125,105.46484375,85.3515625,83.671875,286.7109375,303.81640625,248.703125,0.0,0.0,0.45703125,40.41992950439453
none,3,601,1.0,0.0,1.0,1.0,1.0,1.0,21.1953125,100.03125,105.37109375,84.96484375,87.9765625,287.5703125,301.8046875,248.46875,0.0,0.0,0.4765625,40.160240173339844
none,3,602,1.0,0.0,1.0,1.0,1.0,1.0,21.38671875,100.25390625,105.125,86.265625,87.78515625,286.47265625,301.234375,252.79296875,0.0,0.0,0.46484375,40.33137512207031
none,3,603,1.0,0.0,1.0,1.0,1.0,1.0,20.32421875,99.46484375,106.0625,85.22265625,83.20703125,285.5,304.81640625,248.171875,0.0,0.0,0.53125,40.33416748046875
none,3,604,1.0,0.0,1.0,1.0,1.0,1.0,20.3203125,98.27734375,105.640625,86.0625,84.3984375,285.203125,304.36328125,250.5859375,0.0,0.0,0.53515625,40.246280670166016
none,3,605,1.0,0.0,1.0,1.0,1.0,1.0,20.37109375,100.2421875,106.98046875,86.140625,83.9140625,288.7890625,308.23046875,250.203125,0.0,0.0,0.484375,40.820343017578125
none,3,606,1.0,0.0,1.0,1.0,1.0,1.0,20.11328125,97.9375,107.58984375,86.30859375,83.015625,279.96875,309.8203125,251.96484375,0.0,0.0,0.4296875,40.458290100097656
none,3,607,1.0,0.0,1.0,1.0,1.0,1.0,20.4140625,98.89453125,106.7421875,84.73828125,84.578125,284.75390625,307.74609375,246.58203125,0.0,0.0,0.46875,40.37765884399414
none,3,608,1.0,0.0,1.0,1.0,1.0,1.0,20.890625,98.76171875,106.6640625,86.48046875,86.43359375,281.76171875,306.40625,252.3359375,0.0,0.0,0.4609375,40.546756744384766
none,3,609,1.0,0.0,1.0,1.0,1.0,1.0,20.97265625,98.4140625,105.79296875,86.265625,86.16015625,283.84765625,303.2734375,249.12109375,0.0,0.0,0.46484375,40.25346374511719
none,3,610,1.0,0.0,1.0,1.0,1.0,1.0,20.7265625,98.625,106.19140625,86.25390625,86.04296875,281.9921875,303.63671875,249.09765625,0.0,0.0,0.453125,40.33531951904297
none,3,611,1.0,0.0,1.0,1.0,1.0,1.0,20.625,101.41015625,105.2734375,85.234375,85.21875,290.1484375,301.1640625,246.50390625,0.0,0.0,0.40625,40.24939727783203
none,3,612,1.0,0.0,1.0,1.0,1.0,1.0,20.99609375,99.46484375,106.12109375,85.42578125,86.22265625,285.48828125,304.54296875,245.8359375,0.0,0.0,0.5,40.45538330078125
none,3,613,1.0,0.0,1.0,1.0,1.0,1.0,20.6953125,99.8828125,105.70703125,85.18359375,85.0234375,286.05859375,302.6953125,246.1640625,0.0,0.0,0.5078125,40.349037170410156
none,3,614,1.0,0.0,1.0,1.0,1.0,1.0,20.79296875,99.3046875,105.66015625,86.69921875,86.36328125,284.55859375,302.53125,250.28515625,0.0,0.0,0.453125,40.4680290222168
none,3,615,1.0,0.0,1.0,1.0,1.0,1.0,21.08203125,98.4921875,105.671875,87.734375,85.1171875,281.6875,302.91015625,255.51953125,0.0,0.0,0.55078125,40.47340393066406
none,3,616,1.0,0.0,1.0,1.0,1.0,1.0,20.2265625,100.23046875,106.5546875,85.8203125,83.8046875,287.68359375,305.2890625,247.7578125,0.0,0.0,0.3671875,40.8563232421875
none,3,617,1.0,0.0,1.0,1.0,1.0,1.0,20.6953125,99.07421875,107.30078125,88.45703125,85.2890625,282.26953125,308.8046875,255.17578125,0.0,0.0,0.47265625,41.2079963684082
none,3,618,1.0,0.0,1.0,1.0,1.0,1.0,19.97265625,99.6875,105.59375,86.546875,81.76953125,283.875,302.37890625,252.1015625,0.0,0.0,0.52734375,40.65361022949219
none,3,619,1.0,0.0,1.0,1.0,1.0,1.0,20.375,97.7578125,107.234375,87.25390625,83.4453125,278.1875,306.65234375,251.72265625,0.0,0.0,0.38671875,40.60999298095703
none,3,620,1.0,0.0,1.0,1.0,1.0,1.0,20.546875,98.26953125,105.9765625,88.859375,86.2578125,280.3515625,304.38671875,257.0078125,0.0,0.0,0.39453125,40.72508239746094
none,3,621,1.0,0.0,1.0,1.0,1.0,1.0,20.93359375,97.72265625,106.6953125,87.1171875,86.578125,280.21484375,306.53515625,251.69921875,0.0,0.0,0.3984375,40.37663269042969
none,3,622,1.0,0.0,1.0,1.0,1.0,1.0,19.80859375,99.59765625,106.6484375,86.91015625,82.43359375,286.19140625,308.48828125,250.83203125,0.0,0.0,0.40625,40.818641662597656
none,3,623,1.0,0.0,1.0,1.0,1.0,1.0,19.78515625,100.35546875,107.1015625,87.3515625,81.5703125,288.203125,309.05078125,253.5390625,0.0,0.0,0.42578125,41.271305084228516
none,3,624,1.0,0.0,1.0,1.0,1.0,1.0,20.546875,99.7578125,107.51171875,86.52734375,84.00390625,284.78125,308.609375,249.15625,0.0,0.0,0.4453125,40.80768585205078
none,3,625,1.0,0.0,1.0,1.0,1.0,1.0,20.00390625,98.8984375,107.5,86.87109375,82.10546875,282.3828125,307.23828125,251.40234375,0.0,0.0,0.45703125,40.97846603393555
none,3,626,1.0,0.0,1.0,1.0,1.0,1.0,19.76171875,100.109375,106.734375,86.32421875,81.39453125,285.046875,305.13671875,248.4296875,0.0,0.0,0.47265625,40.95276641845703
none,3,627,1.0,0.0,1.0,1.0,1.0,1.0,19.78125,99.4140625,107.4609375,87.48046875,81.91015625,284.48046875,306.74609375,251.60546875,0.0,0.0,0.48828125,41.11833190917969
none,3,628,1.0,0.0,1.0,1.0,1.0,1.0,20.67578125,98.9453125,107.08984375,87.31640625,85.84375,281.6015625,305.32421875,252.37109375,0.0,0.0,0.37109375,41.0048828125
none,3,629,1.0,0.0,1.0,1.0,1.0,1.0,19.984375,100.36328125,107.9140625,87.7421875,83.34765625,286.2421875,307.53515625,254.64453125,0.0,0.0,0.38671875,41.44330596923828
none,3,630,1.0,0.0,1.0,1.0,1.0,1.0,20.09765625,98.96484375,104.9609375,87.25,83.91796875,283.2265625,302.50390625,252.734375,0.0,0.0,0.51171875,40.53543472290039
none,3,631,1.0,0.0,1.0,1.0,1.0,1.0,20.5078125,98.9609375,106.62109375,87.5625,86.28515625,284.13671875,306.859375,253.12890625,0.0,0.0,0.375,40.90488815307617
none,3,632,1.0,0.0,1.0,1.0,1.0,1.0,20.55078125,100.546875,106.86328125,87.40625,85.84765625,285.75,305.89453125,253.734375,0.0,0.0,0.41015625,41.25666046142578
none,3,633,1.0,0.0,1.0,1.0,1.0,1.0,19.69140625,101.3828125,107.07421875,87.93359375,83.8046875,289.1484375,307.265625,254.3203125,0.0,0.0,0.49609375,41.50532150268555
none,3,634,1.0,0.0,1.0,1.0,1.0,1.0,19.73046875,102.203125,106.94921875,85.8671875,83.2734375,292.9765625,307.0703125,249.8125,0.0,0.0,0.4375,41.24323272705078
none,3,635,1.0,0.0,1.0,1.0,1.0,1.0,19.6953125,100.25390625,108.05859375,87.52734375,82.79296875,284.296875,310.01953125,253.953125,0.0,0.0,0.45703125,41.460426330566406
none,3,636,1.0,0.0,1.0,1.0,1.0,1.0,19.4296875,100.79296875,108.0703125,86.5703125,81.73828125,289.46875,309.73828125,250.87890625,0.0,0.0,0.4140625,41.37010192871094
none,3,637,1.0,0.0,1.0,1.0,1.0,1.0,19.9296875,100.1484375,107.18359375,87.55859375,83.4375,288.19921875,307.56640625,252.7265625,0.0,0.0,0.48828125,41.192901611328125
none,3,638,1.0,0.0,1.0,1.0,1.0,1.0,20.44921875,101.30078125,107.91796875,86.08984375,85.01953125,288.38671875,308.3359375,249.8984375,0.0,0.0,0.453125,41.26165771484375
none,3,639,1.0,0.0,1.0,1.0,1.0,1.0,20.4609375,101.6328125,107.3359375,88.51171875,85.6328125,289.3359375,305.08203125,254.953125,0.0,0.0,0.4453125,41.55867385864258
none,3,640,1.0,0.0,1.0,1.0,1.0,1.0,19.875,99.95703125,107.125,89.02734375,83.11328125,283.66015625,305.140625,255.87890625,0.0,0.0,0.484375,41.377315521240234
none,3,641,1.0,0.0,1.0,1.0,1.0,1.0,20.3515625,100.72265625,108.0,87.27734375,84.359375,286.875,306.9140625,252.53125,0.0,0.0,0.48046875,41.32215118408203
none,3,642,1.0,0.0,1.0,1.0,1.0,1.0,19.015625,101.03125,107.3984375,89.00390625,80.2890625,286.22265625,305.34765625,257.578125,0.0,0.0,0.41796875,41.816131591796875
none,3,643,1.0,0.0,1.0,1.0,1.0,1.0,19.29296875,100.15234375,108.9296875,88.33984375,80.68359375,283.546875,309.41015625,256.4140625,0.0,0.0,0.4609375,41.7034912109375
none,3,644,1.0,0.0,1.0,1.0,1.0,1.0,19.55078125,100.1796875,107.671875,88.2109375,81.546875,285.640625,307.8203125,254.26953125,0.0,0.0,0.3828125,41.38078308105469
none,3,645,1.0,0.0,1.0,1.0,1.0,1.0,19.02734375,100.91015625,107.2734375,88.359375,81.015625,289.3828125,308.3984375,255.7265625,0.0,0.0,0.4375,41.55057144165039
none,3,646,1.0,0.0,1.0,1.0,1.0,1.0,19.65625,100.96875,108.5,87.109375,82.015625,290.578125,311.1875,251.75,0.0,0.0,0.4765625,41.66256332397461
none,3,647,1.0,0.0,1.0,1.0,1.0,1.0,19.25390625,99.95703125,109.23828125,87.5390625,81.84375,286.90234375,314.3984375,255.58984375,0.0,0.0,0.4765625,41.626251220703125
none,3,648,1.0,0.0,1.0,1.0,1.0,1.0,19.52734375,101.0703125,107.51953125,88.28125,82.17578125,289.09375,308.9375,254.9140625,0.0,0.0,0.4609375,41.40074157714844
none,3,649,1.0,0.0,1.0,1.0,1.0,1.0,20.2890625,101.7578125,107.3984375,87.2109375,85.296875,291.84765625,307.07421875,251.953125,0.0,0.0,0.42578125,41.41105651855469
none,3,650,1.0,0.0,1.0,1.0,1.0,1.0,19.4921875,100.59765625,109.46484375,88.34375,81.5390625,288.35546875,313.11328125,255.3515625,0.0,0.0,0.4765625,42.017391204833984
none,3,651,1.0,0.0,1.0,1.0,1.0,1.0,19.59765625,101.3359375,108.4375,88.046875,83.90234375,288.22265625,310.8046875,253.09375,0.0,0.0,0.48046875,41.60988998413086
none,3,652,1.0,0.0,1.0,1.0,1.0,1.0,20.00390625,103.35546875,107.765625,87.71484375,83.53125,294.23828125,306.9765625,252.015625,0.0,0.0,0.47265625,41.904029846191406
none,3,653,1.0,0.0,1.0,1.0,1.0,1.0,19.91796875,102.40234375,107.734375,88.48046875,83.82421875,290.8203125,307.6640625,255.171875,0.0,0.0,0.49609375,41.73431396484375
none,3,654,1.0,0.0,1.0,1.0,1.0,1.0,20.1328125,102.3515625,108.30859375,89.30859375,84.03125,291.375,308.45703125,255.59375,0.0,0.0,0.4375,42.02738952636719
none,3,655,1.0,0.0,1.0,1.0,1.0,1.0,18.9140625,102.21875,108.390625,89.015625,79.375,288.91796875,309.5078125,255.51953125,0.0,0.0,0.4375,42.11882781982422
none,3,656,1.0,0.0,1.0,1.0,1.0,1.0,19.5703125,102.0078125,108.7578125,87.53515625,82.71484375,290.54296875,309.08203125,251.5,0.0,0.0,0.5078125,41.70768356323242
none,3,657,1.0,0.0,1.0,1.0,1.0,1.0,20.296875,101.19921875,108.64453125,87.47265625,84.82421875,286.91015625,307.87109375,252.69921875,0.0,0.0,0.47265625,41.72568893432617
none,3,658,1.0,0.0,1.0,1.0,1.0,1.0,19.84375,102.28515625,108.9765625,88.84375,82.95703125,288.89453125,309.38671875,255.203125,0.0,0.0,0.39453125,42.33973693847656
none,3,659,1.0,0.0,1.0,1.0,1.0,1.0,19.79296875,102.1875,108.16796875,88.78125,82.625,287.6640625,305.4921875,255.421875,0.0,0.0,0.421875,41.889984130859375
none,3,660,1.0,0.0,1.0,1.0,1.0,1.0,19.91015625,101.83984375,110.39453125,89.45703125,82.9921875,287.36328125,311.5703125,256.28515625,0.0,0.0,0.40234375,42.548439025878906
none,3,661,1.0,0.0,1.0,1.0,1.0,1.0,19.40625,101.41796875,109.47265625,90.015625,82.45703125,285.89453125,309.1015625,258.36328125,0.0,0.0,0.390625,42.27586364746094
none,3,662,1.0,0.0,1.0,1.0,1.0,1.0,19.2890625,102.3046875,109.7421875,88.73828125,81.0390625,288.76953125,309.625,253.4140625,0.0,0.0,0.41015625,42.34384536743164
none,3,663,1.0,0.0,1.0,1.0,1.0,1.0,19.65625,101.40234375,109.546875,88.8828125,83.91015625,285.3671875,309.6015625,255.06640625,0.0,0.0,0.48046875,42.201873779296875
none,3,664,1.0,0.0,1.0,1.0,1.0,1.0,20.00390625,100.4921875,109.41015625,91.09375,84.45703125,281.98828125,309.32421875,261.19921875,0.0,0.0,0.43359375,42.373985290527344
none,3,665,1.0,0.0,1.0,1.0,1.0,1.0,19.625,101.64453125,109.671875,90.08984375,82.37890625,286.69921875,310.59765625,257.8671875,0.0,0.0,0.39453125,42.39952087402344
none,3,666,1.0,0.0,1.0,1.0,1.0,1.0,20.05078125,102.79296875,109.04296875,88.6171875,83.86328125,289.60546875,309.08203125,255.56640625,0.0,0.0,0.421875,42.27849578857422
none,3,667,1.0,0.0,1.0,1.0,1.0,1.0,19.9453125,102.48828125,108.8828125,89.4296875,83.80078125,289.32421875,308.8125,257.68359375,0.0,0.0,0.41796875,42.27781677246094
none,3,668,1.0,0.0,1.0,1.0,1.0,1.0,20.01171875,101.53125,108.046875,89.94921875,86.6328125,287.203125,307.359375,259.71875,0.0,0.0,0.46875,42.08482360839844
none,3,669,1.0,0.0,1.0,1.0,1.0,1.0,19.66015625,103.20703125,109.93359375,89.09765625,83.671875,291.65234375,311.7421875,254.53125,0.0,0.0,0.44140625,42.59943389892578
none,3,670,1.0,0.0,1.0,1.0,1.0,1.0,19.92578125,101.65234375,109.796875,91.5,83.10546875,285.12109375,313.3984375,263.75,0.0,0.0,0.4609375,42.55027770996094
none,3,671,1.0,0.0,1.0,1.0,1.0,1.0,19.85546875,101.6953125,109.390625,90.56640625,83.8984375,287.63671875,310.83203125,260.65625,0.0,0.0,0.3984375,42.394378662109375
none,3,672,1.0,0.0,1.0,1.0,1.0,1.0,19.640625,103.1796875,109.2265625,90.73828125,83.5703125,291.76953125,310.20703125,258.66015625,0.0,0.0,0.43359375,42.56007385253906
none,3,673,1.0,0.0,1.0,1.0,1.0,1.0,19.96484375,103.578125,109.1171875,90.5,84.28125,292.96484375,308.33984375,259.30078125,0.0,0.0,0.43359375,42.670738220214844
none,3,674,1.0,0.0,1.0,1.0,1.0,1.0,19.91015625,104.203125,108.0625,90.40625,85.66796875,296.55859375,305.81640625,260.19140625,0.0,0.0,0.39453125,42.54835510253906
none,3,675,1.0,0.0,1.0,1.0,1.0,1.0,19.54296875,102.671875,109.05078125,90.16015625,82.6796875,290.50390625,310.15625,259.95703125,0.0,0.0,0.47265625,42.60696792602539
none,3,676,1.0,0.0,1.0,1.0,1.0,1.0,19.89453125,102.8359375,108.7265625,91.10546875,83.82421875,292.109375,309.50390625,261.0234375,0.0,0.0,0.453125,42.30677032470703
none,3,677,1.0,0.0,1.0,1.0,1.0,1.0,20.00390625,101.38671875,109.40625,91.74609375,85.0546875,287.4453125,311.80078125,263.58203125,0.0,0.0,0.42578125,42.555084228515625
none,3,678,1.0,0.0,1.0,1.0,1.0,1.0,18.83984375,102.39453125,109.90625,89.90234375,81.4765625,292.1796875,313.31640625,257.76953125,0.0,0.0,0.36328125,42.59983825683594
none,3,679,1.0,0.0,1.0,1.0,1.0,1.0,19.546875,103.08984375,109.953125,91.1875,84.421875,293.1875,311.8359375,260.81640625,0.0,0.0,0.3671875,42.793418884277344
none,3,680,1.0,0.0,1.0,1.0,1.0,1.0,19.48828125,101.22265625,110.1640625,89.44921875,81.85546875,287.86328125,312.796875,257.88671875,0.0,0.0,0.41796875,42.23811721801758
none,3,681,1.0,0.0,1.0,1.0,1.0,1.0,19.59765625,104.04296875,109.921875,91.7890625,84.26953125,294.3125,312.11328125,261.8359375,0.0,0.0,0.47265625,43.09986114501953
none,3,682,1.0,0.0,1.0,1.0,1.0,1.0,19.671875,104.17578125,109.62109375,89.58984375,81.546875,295.7890625,311.17578125,256.53515625,0.0,0.0,0.4296875,42.606590270996094
none,3,683,1.0,0.0,1.0,1.0,1.0,1.0,19.13671875,104.37890625,109.46484375,89.7109375,80.23046875,295.51953125,310.15625,257.19140625,0.0,0.0,0.4296875,42.7597770690918
none,3,684,1.0,0.0,1.0,1.0,1.0,1.0,19.3515625,103.9921875,110.23046875,90.7734375,81.60546875,293.328125,310.17578125,259.30859375,0.0,0.0,0.421875,43.04764938354492
none,3,685,1.0,0.0,1.0,1.0,1.0,1.0,19.52734375,104.3359375,108.98046875,90.9140625,82.8515625,297.37890625,306.98046875,258.9140625,0.0,0.0,0.42578125,42.860618591308594
none,3,686,1.0,0.0,1.0,1.0,1.0,1.0,19.68359375,104.6640625,109.453125,90.46875,82.09765625,295.97265625,309.359375,259.1015625,0.0,0.0,0.3984375,42.71246337890625
none,3,687,1.0,0.0,1.0,1.0,1.0,1.0,19.734375,104.22265625,108.69140625,89.81640625,83.8671875,294.4765625,308.578125,255.5078125,0.0,0.0,0.39453125,42.719051361083984
none,3,688,1.0,0.0,1.0,1.0,1.0,1.0,20.5390625,103.25,108.921875,92.23828125,86.6640625,291.14453125,308.14453125,264.1484375,0.0,0.0,0.3828125,42.79212951660156
none,3,689,1.0,0.0,1.0,1.0,1.0,1.0,19.64453125,103.92578125,109.73046875,90.0546875,83.67578125,292.28125,311.6640625,257.30859375,0.0,0.0,0.41796875,42.722557067871094
none,3,690,1.0,0.0,1.0,1.0,1.0,1.0,19.24609375,104.96484375,110.84375,89.8125,82.32421875,295.02734375,312.78125,255.3046875,0.0,0.0,0.359375,43.33349609375
none,3,691,1.0,0.0,1.0,1.0,1.0,1.0,19.71484375,104.30859375,109.71484375,91.421875,82.55859375,293.17578125,310.8515625,259.26953125,0.0,0.0,0.41015625,43.0296630859375
none,3,692,1.0,0.0,1.0,1.0,1.0,1.0,19.6484375,101.15234375,110.78125,92.86328125,83.2265625,285.12109375,310.8125,267.19921875,0.0,0.0,0.36328125,42.934356689453125
none,3,693,1.0,0.0,1.0,1.0,1.0,1.0,20.078125,103.66015625,110.39453125,91.50390625,85.5390625,290.4140625,311.9296875,260.640625,0.0,0.0,0.390625,43.22381591796875
none,3,694,1.0,0.0,1.0,1.0,1.0,1.0,19.54296875,103.08203125,109.984375,91.38671875,82.1640625,290.515625,310.56640625,261.5390625,0.0,0.0,0.40625,42.87958908081055
none,3,695,1.0,0.0,1.0,1.0,1.0,1.0,19.25390625,103.59765625,111.7578125,89.90625,81.078125,290.96484375,315.12890625,255.64453125,0.0,0.0,0.46484375,43.01015853881836
none,3,696,1.0,0.0,1.0,1.0,1.0,1.0,19.234375,104.55859375,110.28125,90.578125,82.3828125,293.72265625,311.41015625,259.05078125,0.0,0.0,0.3359375,43.16197204589844
none,3,697,1.0,0.0,1.0,1.0,1.0,1.0,19.05859375,103.1875,110.32421875,89.6875,81.0546875,290.8125,312.734375,256.22265625,0.0,0.0,0.40234375,42.982749938964844
none,3,698,1.0,0.0,1.0,1.0,1.0,1.0,19.38671875,103.14453125,109.390625,92.30859375,82.69921875,290.5,309.6640625,263.41796875,0.0,0.0,0.4765625,42.96971893310547
none,3,699,1.0,0.0,1.0,1.0,1.0,1.0,19.44921875,103.2265625,110.875,91.6484375,83.0234375,290.453125,313.30859375,261.44140625,0.0,0.0,0.37109375,43.161041259765625
none,3,700,1.0,0.0,1.0,1.0,1.0,1.0,18.98828125,104.125,109.8359375,91.98046875,81.71875,293.125,310.78515625,263.55859375,0.0,0.0,0.39453125,43.183921813964844
none,3,701,1.0,0.0,1.0,1.0,1.0,1.0,19.0234375,103.203125,110.11328125,90.546875,81.53515625,290.15234375,311.57421875,262.4296875,0.0,0.0,0.3515625,42.90509796142578
none,3,702,1.0,0.0,1.0,1.0,1.0,1.0,19.02734375,104.2421875,111.21484375,91.1953125,81.60546875,292.52734375,312.453125,261.83984375,0.0,0.0,0.3984375,43.17278289794922
none,3,703,1.0,0.0,1.0,1.0,1.0,1.0,19.21484375,104.2734375,109.53515625,92.4140625,82.58203125,295.28125,309.8203125,264.05859375,0.0,0.0,0.37109375,43.220848083496094
none,3,704,1.0,0.0,1.0,1.0,1.0,1.0,19.2421875,104.09375,110.234375,93.05859375,81.88671875,294.29296875,310.09765625,265.0234375,0.0,0.0,0.35546875,43.438316345214844
none,3,705,1.0,0.0,1.0,1.0,1.0,1.0,19.11328125,104.6875,110.31640625,91.18359375,82.9453125,295.30078125,310.5859375,260.9609375,0.0,0.0,0.3984375,43.30217742919922
none,3,706,1.0,0.0,1.0,1.0,1.0,1.0,19.171875,104.99609375,110.1328125,92.18359375,83.11328125,295.71484375,311.046875,263.00390625,0.0,0.0,0.37109375,43.57958221435547
none,3,707,1.0,0.0,1.0,1.0,1.0,1.0,19.19921875,103.140625,109.54296875,91.87890625,81.609375,291.0546875,309.15625,262.41015625,0.0,0.0,0.41796875,43.067108154296875
none,3,708,1.0,0.0,1.0,1.0,1.0,1.0,19.65234375,104.04296875,110.96875,91.9296875,82.921875,291.765625,312.91796875,261.65625,0.0,0.0,0.375,43.485992431640625
none,3,709,1.0,0.0,1.0,1.0,1.0,1.0,19.4296875,103.203125,109.59375,92.2578125,82.171875,289.4453125,311.09765625,264.02734375,0.0,0.0,0.3984375,43.17109298706055
none,3,710,1.0,0.0,1.0,1.0,1.0,1.0,19.359375,103.18359375,110.79296875,92.62890625,81.3828125,288.2265625,310.89453125,264.6953125,0.0,0.0,0.39453125,43.13570785522461
none,3,711,1.0,0.0,1.0,1.0,1.0,1.0,19.37109375,102.54296875,111.1640625,93.21875,82.0703125,287.0234375,310.63671875,265.20703125,0.0,0.0,0.375,43.52336883544922
none,3,712,1.0,0.0,1.0,1.0,1.0,1.0,19.34375,103.82421875,111.83203125,92.359375,81.44140625,290.91015625,314.09375,263.0078125,0.0,0.0,0.43359375,43.50913619995117
none,3,713,1.0,0.0,1.0,1.0,1.0,1.0,19.97265625,104.625,110.40234375,92.359375,83.1796875,292.30859375,310.65234375,263.64453125,0.0,0.0,0.49609375,43.46192932128906
none,3,714,1.0,0.0,1.0,1.0,1.0,1.0,19.140625,104.4921875,111.46875,92.61328125,82.91015625,293.51953125,312.2578125,263.48046875,0.0,0.0,0.421875,43.59328842163086
none,3,715,1.0,0.0,1.0,1.0,1.0,1.0,18.81640625,104.734375,110.8984375,92.07421875,80.7734375,292.54296875,312.67578125,261.828125,0.0,0.0,0.375,43.5001220703125
none,3,716,1.0,0.0,1.0,1.0,1.0,1.0,19.31640625,104.78515625,111.21875,91.8515625,81.9609375,293.5703125,312.77734375,260.640625,0.0,0.0,0.3828125,43.730674743652344
none,3,717,1.0,0.0,1.0,1.0,1.0,1.0,19.33203125,104.390625,110.55859375,92.8125,83.08984375,293.66015625,313.61328125,266.4609375,0.0,0.0,0.43359375,43.47837448120117
none,3,718,1.0,0.0,1.0,1.0,1.0,1.0,18.8828125,104.2890625,110.76953125,92.421875,82.1484375,293.8671875,313.09375,264.91796875,0.0,0.0,0.453125,43.43383026123047
none,3,719,1.0,0.0,1.0,1.0,1.0,1.0,18.6171875,106.3046875,111.7578125,91.2109375,79.83984375,298.3515625,315.70703125,261.1171875,0.0,0.0,0.31640625,43.93879318237305
none,3,720,1.0,0.0,1.0,1.0,1.0,1.0,18.9609375,104.2109375,111.47265625,91.78125,83.42578125,293.64453125,315.09765625,264.76953125,0.0,0.0,0.3046875,43.45647430419922
none,3,721,1.0,0.0,1.0,1.0,1.0,1.0,19.17578125,105.6484375,111.109375,92.22265625,81.30078125,298.20703125,314.671875,264.734375,0.0,0.0,0.34765625,43.677818298339844
none,3,722,1.0,0.0,1.0,1.0,1.0,1.0,18.9453125,104.60546875,112.66015625,91.078125,81.69921875,294.72265625,321.71875,262.1953125,0.0,0.0,0.3203125,43.83156967163086
none,3,723,1.0,0.0,1.0,1.0,1.0,1.0,19.03125,106.390625,111.9296875,90.0859375,80.35546875,300.7421875,317.3671875,259.05859375,0.0,0.0,0.41796875,43.644615173339844
none,3,724,1.0,0.0,1.0,1.0,1.0,1.0,19.64453125,106.21875,111.21875,91.3046875,86.05859375,299.4609375,316.40625,262.35546875,0.0,0.0,0.41015625,43.65510177612305
none,3,725,1.0,0.0,1.0,1.0,1.0,1.0,18.7421875,104.796875,111.4140625,91.2734375,81.09765625,296.328125,315.3203125,261.66015625,0.0,0.0,0.34765625,43.56987762451172
none,3,726,1.0,0.0,1.0,1.0,1.0,1.0,19.1796875,104.8984375,111.57421875,91.796875,82.9140625,297.05078125,316.390625,263.046875,0.0,0.0,0.32421875,43.67901611328125
none,3,727,1.0,0.0,1.0,1.0,1.0,1.0,19.171875,104.41015625,112.73046875,91.4765625,83.39453125,294.56640625,317.77734375,262.25390625,0.0,0.0,0.44140625,43.688926696777344
none,3,728,1.0,0.0,1.0,1.0,1.0,1.0,19.20703125,103.75390625,112.7109375,91.83984375,81.37109375,291.67578125,318.98046875,262.09375,0.0,0.0,0.3828125,43.59403610229492
none,3,729,1.0,0.0,1.0,1.0,1.0,1.0,19.46875,104.44921875,110.984375,92.96875,82.9765625,293.375,312.64453125,266.32421875,0.0,0.0,0.4609375,43.489768981933594
none,3,730,1.0,0.0,1.0,1.0,1.0,1.0,19.82421875,105.203125,111.34765625,92.35546875,83.76953125,296.2421875,314.625,264.02734375,0.0,0.0,0.390625,43.525146484375
none,3,731,1.0,0.0,1.0,1.0,1.0,1.0,18.9375,105.09765625,112.390625,91.796875,80.65234375,294.54296875,317.0,262.703125,0.0,0.0,0.39453125,43.841888427734375
none,3,732,1.0,0.0,1.0,1.0,1.0,1.0,19.03515625,105.76953125,110.90234375,91.859375,82.359375,297.34765625,311.00390625,261.38671875,0.0,0.0,0.359375,43.76762390136719
none,3,733,1.0,0.0,1.0,1.0,1.0,1.0,19.078125,105.484375,111.45703125,91.8671875,81.0859375,296.8125,312.7265625,261.984375,0.0,0.0,0.37109375,43.845787048339844
none,3,734,1.0,0.0,1.0,1.0,1.0,1.0,19.07421875,106.53125,111.90625,90.27734375,80.34375,299.10546875,315.76953125,255.15625,0.0,0.0,0.3828125,43.74575424194336
none,3,735,1.0,0.0,1.0,1.0,1.0,1.0,19.703125,105.9453125,111.93359375,91.26171875,85.18359375,296.328125,313.68359375,260.8984375,0.0,0.0,0.39453125,43.87908935546875
none,3,736,1.0,0.0,1.0,1.0,1.0,1.0,19.5625,105.1328125,112.36328125,94.234375,83.0703125,294.484375,315.73828125,266.484375,0.0,0.0,0.40234375,44.24238586425781
none,3,737,1.0,0.0,1.0,1.0,1.0,1.0,19.0859375,105.28125,112.54296875,92.62890625,82.33984375,293.89453125,316.0625,263.30078125,0.0,0.0,0.4140625,44.104942321777344
none,3,738,1.0,0.0,1.0,1.0,1.0,1.0,18.5859375,104.73828125,112.19140625,92.4453125,80.39453125,295.2421875,314.92578125,263.4921875,0.0,0.0,0.40625,44.09736251831055
none,3,739,1.0,0.0,1.0,1.0,1.0,1.0,18.98828125,104.55859375,112.29296875,93.24609375,82.2734375,293.63671875,315.2421875,266.87890625,0.0,0.0,0.44921875,44.114463806152344
none,3,740,1.0,0.0,1.0,1.0,1.0,1.0,19.3203125,105.265625,112.2890625,93.67578125,83.6640625,294.41796875,315.54296875,267.1640625,0.0,0.0,0.3828125,44.1062126159668
none,3,741,1.0,0.0,1.0,1.0,1.0,1.0,18.796875,105.77734375,112.29296875,94.5859375,82.3046875,296.2421875,315.6328125,268.90625,0.0,0.0,0.35546875,44.44805145263672
none,3,742,1.0,0.0,1.0,1.0,1.0,1.0,18.8984375,105.57421875,111.87890625,94.02734375,81.6953125,296.265625,315.4296875,266.1484375,0.0,0.0,0.359375,44.31244659423828
none,3,743,1.0,0.0,1.0,1.0,1.0,1.0,18.77734375,105.30859375,112.19140625,92.05078125,81.1640625,295.1953125,317.375,263.16015625,0.0,0.0,0.3203125,43.95180892944336
none,3,744,1.0,0.0,1.0,1.0,1.0,1.0,19.01953125,106.60546875,112.51171875,94.5,81.6796875,297.43359375,315.75,268.26953125,0.0,0.0,0.30078125,44.55131149291992
none,3,745,1.0,0.0,1.0,1.0,1.0,1.0,18.6171875,105.5,111.8984375,94.16796875,82.69921875,295.0234375,315.10546875,266.77734375,0.0,0.0,0.39453125,44.37694549560547
none,3,746,1.0,0.0,1.0,1.0,1.0,1.0,18.80078125,104.97265625,112.265625,94.9296875,81.859375,293.44140625,316.29296875,268.63671875,0.0,0.0,0.3671875,44.2603759765625
none,3,747,1.0,0.0,1.0,1.0,1.0,1.0,19.27734375,105.22265625,111.703125,94.16796875,81.59375,294.015625,315.16015625,268.29296875,0.0,0.0,0.3828125,44.226318359375
none,3,748,1.0,0.0,1.0,1.0,1.0,1.0,18.62109375,106.6171875,111.1875,93.29296875,80.93359375,298.109375,314.328125,265.66015625,0.0,0.0,0.33203125,44.34742736816406
none,3,749,1.0,0.0,1.0,1.0,1.0,1.0,19.26953125,105.15234375,111.984375,92.94921875,83.04296875,295.50390625,314.3359375,263.8828125,0.0,0.0,0.34375,43.9774284362793
none,3,750,1.0,0.0,1.0,1.0,1.0,1.0,18.8515625,103.9375,111.72265625,92.73828125,82.12109375,290.98046875,315.02734375,263.671875,0.0,0.0,0.328125,43.654823303222656
none,3,751,1.0,0.0,1.0,1.0,1.0,1.0,18.86328125,105.48046875,111.87109375,93.94140625,82.1875,293.48046875,315.58984375,267.1875,0.0,0.0,0.375,44.307064056396484
none,3,752,1.0,0.0,1.0,1.0,1.0,1.0,19.01953125,105.7265625,112.69140625,93.015625,82.015625,295.14453125,317.60546875,265.6640625,0.0,0.0,0.30078125,44.246761322021484
none,3,753,1.0,0.0,1.0,1.0,1.0,1.0,18.65234375,106.7890625,114.296875,92.53515625,81.109375,298.42578125,320.3359375,263.27734375,0.0,0.0,0.359375,44.880462646484375
none,3,754,1.0,0.0,1.0,1.0,1.0,1.0,18.59765625,105.68359375,113.21484375,94.04296875,80.21875,295.0703125,319.13671875,268.63671875,0.0,0.0,0.328125,44.628875732421875
none,3,755,1.0,0.0,1.0,1.0,1.0,1.0,18.703125,105.0703125,113.375,92.453125,82.0859375,293.984375,318.515625,262.90625,0.0,0.0,0.375,44.199119567871094
none,3,756,1.0,0.0,1.0,1.0,1.0,1.0,19.0,105.02734375,113.12109375,95.15625,83.33984375,292.7109375,318.12109375,269.4765625,0.0,0.0,0.390625,44.604610443115234
none,3,757,1.0,0.0,1.0,1.0,1.0,1.0,18.5625,105.80078125,112.54296875,94.64453125,82.03125,296.296875,316.8671875,269.40234375,0.0,0.0,0.37109375,44.454063415527344
none,3,758,1.0,0.0,1.0,1.0,1.0,1.0,18.88671875,104.69140625,111.9453125,94.9765625,83.41796875,292.546875,315.03125,270.78125,0.0,0.0,0.34375,44.390586853027344
none,3,759,1.0,0.0,1.0,1.0,1.0,1.0,18.859375,106.91796875,112.73046875,93.80078125,82.33203125,299.0,317.953125,265.8359375,0.0,0.0,0.32421875,44.5586051940918
none,3,760,1.0,0.0,1.0,1.0,1.0,1.0,18.98046875,104.91015625,113.046875,93.44140625,83.265625,294.3984375,317.35546875,264.125,0.0,0.0,0.3984375,44.3956413269043
none,3,761,1.0,0.0,1.0,1.0,1.0,1.0,18.80859375,107.8984375,112.9140625,93.5625,81.4765625,302.5859375,317.3125,265.38671875,0.0,0.0,0.33203125,44.79218673706055
none,3,762,1.0,0.0,1.0,1.0,1.0,1.0,18.41015625,105.8671875,111.98828125,94.97265625,81.62109375,295.29296875,314.40234375,270.84375,0.0,0.0,0.34765625,44.713375091552734
none,3,763,1.0,0.0,1.0,1.0,1.0,1.0,18.55078125,106.0703125,113.15234375,94.31640625,80.9453125,297.08203125,317.52734375,267.76171875,0.0,0.0,0.375,44.77360153198242
none,3,764,1.0,0.0,1.0,1.0,1.0,1.0,18.609375,107.39453125,112.31640625,93.08203125,81.30078125,300.00390625,314.21875,264.546875,0.0,0.0,0.3828125,44.75316619873047
none,3,765,1.0,0.0,1.0,1.0,1.0,1.0,18.3828125,108.015625,112.59765625,92.66015625,81.1875,301.16796875,314.75,262.796875,0.0,0.0,0.375,44.53666305541992
none,3,766,1.0,0.0,1.0,1.0,1.0,1.0,18.3203125,105.23828125,112.37890625,94.69921875,79.9765625,292.625,314.6484375,267.0234375,0.0,0.0,0.40625,44.475830078125
none,3,767,1.0,0.0,1.0,1.0,1.0,1.0,18.72265625,105.9609375,112.38671875,94.359375,81.64453125,294.73828125,315.34375,268.2421875,0.0,0.0,0.41015625,44.51927185058594
none,3,768,1.0,0.0,1.0,1.0,1.0,1.0,18.2109375,106.55078125,113.66015625,94.6328125,79.07421875,296.94140625,316.625,268.359375,0.0,0.0,0.42578125,44.95220947265625
none,3,769,1.0,0.0,1.0,1.0,1.0,1.0,19.0,105.26953125,112.25390625,94.85546875,83.37109375,292.83203125,314.54296875,267.84375,0.0,0.0,0.34375,44.47834396362305
none,3,770,1.0,0.0,1.0,1.0,1.0,1.0,18.87109375,106.578125,112.47265625,94.03515625,81.12890625,296.62109375,315.0703125,266.578125,0.0,0.0,0.375,44.674156188964844
none,3,771,1.0,0.0,1.0,1.0,1.0,1.0,18.66796875,106.53515625,113.03515625,95.12890625,81.5390625,296.16796875,317.51171875,270.25,0.0,0.0,0.40234375,44.804893493652344
none,3,772,1.0,0.0,1.0,1.0,1.0,1.0,19.1953125,106.1015625,113.41015625,94.5,85.12109375,295.9140625,318.515625,267.96484375,0.0,0.0,0.36328125,44.64573669433594
none,3,773,1.0,0.0,1.0,1.0,1.0,1.0,18.484375,105.37890625,113.80859375,94.515625,81.5078125,293.2421875,317.83203125,268.35546875,0.0,0.0,0.3671875,44.78118896484375
none,3,774,1.0,0.0,1.0,1.0,1.0,1.0,18.45703125,105.71484375,114.4609375,95.4453125,80.98828125,292.828125,320.61328125,268.796875,0.0,0.0,0.33203125,45.102630615234375
none,3,775,1.0,0.0,1.0,1.0,1.0,1.0,18.11328125,105.796875,114.015625,95.3515625,79.30859375,296.390625,318.1015625,270.77734375,0.0,0.0,0.3203125,45.1645622253418
none,3,776,1.0,0.0,1.0,1.0,1.0,1.0,18.890625,107.74609375,112.00390625,93.78515625,81.58203125,301.52734375,313.3515625,265.70703125,0.0,0.0,0.3671875,44.81475067138672
none,3,777,1.0,0.0,1.0,1.0,1.0,1.0,19.41796875,107.03515625,112.0078125,94.37890625,83.83984375,297.82421875,312.15625,266.890625,0.0,0.0,0.3125,44.488868713378906
none,3,778,1.0,0.0,1.0,1.0,1.0,1.0,18.50390625,106.34375,114.296875,96.33984375,82.1640625,295.7734375,319.1640625,273.37109375,0.0,0.0,0.32421875,45.369163513183594
none,3,779,1.0,0.0,1.0,1.0,1.0,1.0,18.5,107.56640625,112.59375,94.70703125,81.78515625,300.671875,316.58984375,269.1015625,0.0,0.0,0.37890625,44.917381286621094
none,3,780,1.0,0.0,1.0,1.0,1.0,1.0,18.25390625,108.34765625,113.6015625,95.17578125,79.33203125,302.48046875,316.11328125,269.2578125,0.0,0.0,0.33984375,45.18796920776367
none,3,781,1.0,0.0,1.0,1.0,1.0,1.0,18.8828125,106.6640625,113.12890625,95.328125,82.4921875,297.4921875,315.98828125,269.84375,0.0,0.0,0.33203125,45.05870819091797
none,3,782,1.0,0.0,1.0,1.0,1.0,1.0,18.046875,108.24609375,113.6015625,94.0390625,79.7578125,302.08203125,317.41796875,263.140625,0.0,0.0,0.31640625,45.146385192871094
none,3,783,1.0,0.0,1.0,1.0,1.0,1.0,17.98828125,108.68359375,115.22265625,93.48828125,79.26171875,303.61328125,322.29296875,263.8203125,0.0,0.0,0.38671875,45.55012512207031
none,3,784,1.0,0.0,1.0,1.0,1.0,1.0,17.83984375,107.7109375,113.32421875,94.10546875,79.2421875,300.19921875,315.34765625,265.48046875,0.0,0.0,0.359375,45.037811279296875
none,3,785,1.0,0.0,1.0,1.0,1.0,1.0,18.4765625,106.67578125,113.71484375,94.5078125,81.53515625,296.51171875,318.37109375,266.4140625,0.0,0.0,0.3515625,44.9530143737793
none,3,786,1.0,0.0,1.0,1.0,1.0,1.0,17.76953125,108.63671875,113.0546875,93.78125,78.04296875,302.43359375,316.93359375,264.17578125,0.0,0.0,0.32421875,45.080841064453125
none,3,787,1.0,0.0,1.0,1.0,1.0,1.0,18.27734375,106.69140625,114.1640625,95.51953125,80.25390625,296.87109375,319.77734375,270.546875,0.0,0.0,0.296875,45.24897384643555
none,3,788,1.0,0.0,1.0,1.0,1.0,1.0,18.57421875,106.05859375,113.5546875,95.39453125,80.9140625,295.87890625,319.5546875,268.21875,0.0,0.0,0.33984375,44.919960021972656
none,3,789,1.0,0.0,1.0,1.0,1.0,1.0,18.28125,106.625,113.49609375,95.95703125,80.3125,298.06640625,316.42578125,271.58984375,0.0,0.0,0.35546875,45.226600646972656
none,3,790,1.0,0.0,1.0,1.0,1.0,1.0,18.9609375,106.2265625,113.45703125,95.62890625,83.49609375,295.24609375,317.85546875,270.62109375,0.0,0.0,0.34765625,44.997920989990234
none,3,791,1.0,0.0,1.0,1.0,1.0,1.0,18.46875,106.1953125,114.359375,95.7890625,82.99609375,296.45703125,318.98828125,272.109375,0.0,0.0,0.3203125,45.352516174316406
none,3,792,1.0,0.0,1.0,1.0,1.0,1.0,18.5859375,107.41796875,112.8359375,97.4921875,81.27734375,298.3828125,315.9375,275.5,0.0,0.0,0.34375,45.496612548828125
none,3,793,1.0,0.0,1.0,1.0,1.0,1.0,18.33203125,108.875,113.25,95.98828125,82.0390625,302.87109375,314.96875,271.10546875,0.0,0.0,0.33984375,45.637298583984375
none,3,794,1.0,0.0,1.0,1.0,1.0,1.0,17.8984375,107.15234375,114.1015625,95.48828125,79.859375,297.87890625,318.5859375,270.63671875,0.0,0.0,0.36328125,45.419586181640625
none,3,795,1.0,0.0,1.0,1.0,1.0,1.0,18.171875,107.4296875,114.5234375,95.89453125,80.3203125,297.53515625,321.4140625,271.23046875,0.0,0.0,0.3203125,45.579071044921875
none,3,796,1.0,0.0,1.0,1.0,1.0,1.0,18.29296875,107.8046875,114.9375,95.1171875,81.1484375,300.07421875,320.4609375,268.80859375,0.0,0.0,0.359375,45.56608200073242
none,3,797,1.0,0.0,1.0,1.0,1.0,1.0,18.24609375,107.16015625,114.81640625,96.54296875,81.31640625,297.5,319.65625,273.890625,0.0,0.0,0.2890625,45.621299743652344
none,3,798,1.0,0.0,1.0,1.0,1.0,1.0,18.3046875,107.83203125,113.61328125,96.30078125,80.48828125,298.73828125,317.61328125,272.83984375,0.0,0.0,0.35546875,45.371788024902344
none,3,799,1.0,0.0,1.0,1.0,1.0,1.0,17.76953125,109.0,113.890625,94.3359375,79.1015625,302.7421875,319.0859375,267.1171875,0.0,0.0,0.35546875,45.3172607421875
none,3,800,1.0,0.0,1.0,1.0,1.0,1.0,18.23828125,107.1640625,114.1171875,95.5703125,81.515625,297.19921875,319.05859375,270.24609375,0.0,0.0,0.39453125,45.289093017578125
none,3,801,1.0,0.0,1.0,1.0,1.0,1.0,18.28515625,108.09375,113.390625,96.265625,79.79296875,300.671875,317.078125,271.1640625,0.0,0.0,0.40234375,45.46978759765625
none,3,802,1.0,0.0,1.0,1.0,1.0,1.0,18.34765625,109.09375,114.7734375,94.99609375,81.5546875,304.08984375,320.66015625,267.6796875,0.0,0.0,0.33203125,45.59941864013672
none,3,803,1.0,0.0,1.0,1.0,1.0,1.0,17.77734375,108.66796875,114.53125,96.3359375,79.984375,301.54296875,319.34375,271.515625,0.0,0.0,0.31640625,45.75556182861328
none,3,804,1.0,0.0,1.0,1.0,1.0,1.0,18.265625,106.68359375,114.796875,96.9375,80.41796875,295.90625,319.765625,273.296875,0.0,0.0,0.26953125,45.661590576171875
none,3,805,1.0,0.0,1.0,1.0,1.0,1.0,18.0703125,107.38671875,114.71484375,96.14453125,79.6171875,298.0234375,319.40625,270.421875,0.0,0.0,0.29296875,45.518550872802734
none,3,806,1.0,0.0,1.0,1.0,1.0,1.0,18.3828125,108.484375,113.9296875,95.58984375,80.5234375,301.359375,316.23828125,269.875,0.0,0.0,0.28125,45.6290397644043
none,3,807,1.0,0.0,1.0,1.0,1.0,1.0,18.19921875,109.26953125,114.57421875,94.38671875,79.0625,302.65625,317.96484375,265.390625,0.0,0.0,0.30078125,45.708518981933594
none,3,808,1.0,0.0,1.0,1.0,1.0,1.0,17.58203125,109.42578125,114.47265625,96.28125,77.9921875,301.75390625,319.23828125,270.328125,0.0,0.0,0.4375,45.93805694580078
none,3,809,1.0,0.0,1.0,1.0,1.0,1.0,18.3046875,107.89453125,114.921875,96.48828125,79.8984375,298.05859375,318.640625,271.578125,0.0,0.0,0.359375,45.793426513671875
none,3,810,1.0,0.0,1.0,1.0,1.0,1.0,17.66796875,108.2109375,114.7265625,95.515625,78.6796875,298.7578125,318.7109375,268.171875,0.0,0.0,0.40625,45.719783782958984
none,3,811,1.0,0.0,1.0,1.0,1.0,1.0,18.890625,109.10546875,113.6875,95.24609375,81.95703125,302.13671875,315.1875,267.78515625,0.0,0.0,0.34375,45.6380729675293
none,3,812,1.0,0.0,1.0,1.0,1.0,1.0,18.2109375,108.78125,115.09765625,96.2109375,80.1640625,300.546875,321.3203125,270.55078125,0.0,0.0,0.32421875,45.888031005859375
none,3,813,1.0,0.0,1.0,1.0,1.0,1.0,17.7734375,109.03125,115.43359375,96.125,79.26953125,301.87109375,322.05859375,271.70703125,0.0,0.0,0.359375,46.11838912963867
none,3,814,1.0,0.0,1.0,1.0,1.0,1.0,18.09765625,109.640625,115.21875,95.2578125,79.3828125,304.6796875,321.6328125,269.1328125,0.0,0.0,0.30859375,45.91314697265625
none,3,815,1.0,0.0,1.0,1.0,1.0,1.0,17.578125,107.0,115.921875,96.18359375,80.45703125,297.40234375,324.5703125,272.171875,0.0,0.0,0.2890625,45.83213424682617
none,3,816,1.0,0.0,1.0,1.0,1.0,1.0,18.328125,108.875,113.3671875,95.3046875,80.26171875,303.18359375,318.0859375,268.60546875,0.0,0.0,0.33984375,45.4893798828125
none,3,817,1.0,0.0,1.0,1.0,1.0,1.0,17.85546875,107.25,116.29296875,96.2578125,79.94140625,296.94140625,324.4296875,273.15234375,0.0,0.0,0.26171875,45.87360763549805
none,3,818,1.0,0.0,1.0,1.0,1.0,1.0,18.10546875,108.05078125,114.6953125,95.96484375,81.2421875,298.03125,319.4765625,268.84765625,0.0,0.0,0.34375,45.73737335205078
none,3,819,1.0,0.0,1.0,1.0,1.0,1.0,18.5234375,109.7578125,114.46484375,96.73828125,81.37109375,303.04296875,319.34765625,272.15625,0.0,0.0,0.3515625,45.914695739746094
none,3,820,1.0,0.0,1.0,1.0,1.0,1.0,18.453125,108.77734375,114.37890625,97.00390625,80.828125,300.8203125,317.7578125,273.40234375,0.0,0.0,0.25390625,46.029136657714844
none,3,821,1.0,0.0,1.0,1.0,1.0,1.0,18.91796875,107.6875,115.109375,97.59375,82.05859375,297.23828125,320.2265625,273.87109375,0.0,0.0,0.359375,46.0972900390625
none,3,822,1.0,0.0,1.0,1.0,1.0,1.0,18.1015625,109.984375,115.22265625,96.52734375,80.33984375,303.0234375,318.34765625,270.8203125,0.0,0.0,0.35546875,46.23095703125
none,3,823,1.0,0.0,1.0,1.0,1.0,1.0,18.36328125,107.94921875,114.4921875,97.6796875,81.5,296.7734375,317.2421875,272.40234375,0.0,0.0,0.28125,45.84843063354492
none,3,824,1.0,0.0,1.0,1.0,1.0,1.0,17.4765625,108.31640625,115.9453125,96.2734375,78.12890625,298.55859375,320.328125,270.51953125,0.0,0.0,0.41796875,46.00634002685547
none,3,825,1.0,0.0,1.0,1.0,1.0,1.0,17.93359375,110.703125,115.0390625,97.1640625,80.35546875,304.3203125,318.6953125,272.20703125,0.0,0.0,0.34765625,46.48403549194336
none,3,826,1.0,0.0,1.0,1.0,1.0,1.0,18.4453125,109.00390625,115.078125,96.1171875,81.01171875,303.109375,317.8125,270.203125,0.0,0.0,0.37109375,45.97159957885742
none,3,827,1.0,0.0,1.0,1.0,1.0,1.0,18.19140625,108.05859375,115.05859375,96.71875,79.55859375,298.265625,318.5234375,270.08984375,0.0,0.0,0.3359375,46.00535583496094
none,3,828,1.0,0.0,1.0,1.0,1.0,1.0,18.70703125,109.19140625,114.4921875,97.4609375,81.99609375,300.09765625,317.76171875,274.12109375,0.0,0.0,0.3515625,45.94286346435547
none,3,829,1.0,0.0,1.0,1.0,1.0,1.0,17.69921875,110.46875,114.171875,96.1171875,78.00390625,304.96484375,316.2890625,269.9921875,0.0,0.0,0.296875,46.04829025268555
none,3,830,1.0,0.0,1.0,1.0,1.0,1.0,18.4296875,108.41796875,115.421875,97.25,80.93359375,298.2109375,320.046875,273.421875,0.0,0.0,0.28515625,45.98801803588867
none,3,831,1.0,0.0,1.0,1.0,1.0,1.0,18.34375,110.33984375,115.48828125,97.578125,81.82421875,305.30078125,320.41015625,272.61328125,0.0,0.0,0.33984375,46.51580810546875
none,3,832,1.0,0.0,1.0,1.0,1.0,1.0,17.90625,109.66796875,114.41015625,98.21484375,80.62890625,302.09765625,317.19140625,276.77734375,0.0,0.0,0.3046875,46.31011962890625
none,3,833,1.0,0.0,1.0,1.0,1.0,1.0,17.8125,111.109375,114.58984375,95.80859375,78.70703125,305.30859375,318.734375,268.40234375,0.0,0.0,0.3359375,45.98906707763672
none,3,834,1.0,0.0,1.0,1.0,1.0,1.0,17.81640625,109.19921875,115.57421875,96.2578125,78.91796875,300.98828125,319.890625,269.37890625,0.0,0.0,0.3515625,46.24900436401367
none,3,835,1.0,0.0,1.0,1.0,1.0,1.0,17.86328125,109.62890625,116.15625,96.984375,79.96875,301.0234375,322.33203125,271.0078125,0.0,0.0,0.33984375,46.37004089355469
none,3,836,1.0,0.0,1.0,1.0,1.0,1.0,18.2734375,109.27734375,115.8046875,97.30859375,79.625,299.5234375,320.24609375,272.125,0.0,0.0,0.32421875,46.401458740234375
none,3,837,1.0,0.0,1.0,1.0,1.0,1.0,17.359375,110.15625,116.953125,97.18359375,77.63671875,303.375,323.90234375,270.48046875,0.0,0.0,0.296875,46.83039474487305
none,3,838,1.0,0.0,1.0,1.0,1.0,1.0,17.0390625,109.57421875,117.15234375,97.31640625,75.68359375,301.9453125,324.703125,271.80078125,0.0,0.0,0.28515625,46.7044792175293
none,3,839,1.0,0.0,1.0,1.0,1.0,1.0,17.38671875,109.6484375,115.7265625,96.53125,80.3203125,300.87890625,319.74609375,271.1796875,0.0,0.0,0.3671875,46.32698059082031
none,3,840,1.0,0.0,1.0,1.0,1.0,1.0,17.484375,109.94921875,115.90234375,97.31640625,79.953125,301.82421875,319.80078125,271.61328125,0.0,0.0,0.3125,46.583946228027344
none,3,841,1.0,0.0,1.0,1.0,1.0,1.0,17.7890625,110.3984375,116.06640625,96.41015625,79.2734375,301.6484375,321.73046875,269.65625,0.0,0.0,0.37109375,46.661476135253906
none,3,842,1.0,0.0,1.0,1.0,1.0,1.0,17.63671875,109.14453125,115.625,98.6015625,79.17578125,298.66015625,321.46484375,276.70703125,0.0,0.0,0.28515625,46.68798828125
none,3,843,1.0,0.0,1.0,1.0,1.0,1.0,17.8984375,110.18359375,114.75,97.67578125,80.87890625,303.5703125,317.98046875,273.59765625,0.0,0.0,0.32421875,46.264034271240234
none,3,844,1.0,0.0,1.0,1.0,1.0,1.0,17.75,111.08203125,114.8515625,97.49609375,78.73828125,306.6015625,318.08984375,273.51171875,0.0,0.0,0.36328125,46.6497802734375
none,3,845,1.0,0.0,1.0,1.0,1.0,1.0,17.453125,110.0,115.3203125,96.7109375,79.4765625,303.140625,320.77734375,272.51953125,0.0,0.0,0.28515625,46.302146911621094
none,3,846,1.0,0.0,1.0,1.0,1.0,1.0,18.03515625,110.64453125,115.6875,95.9609375,81.1328125,304.6875,320.2109375,270.98046875,0.0,0.0,0.3203125,46.354976654052734
none,3,847,1.0,0.0,1.0,1.0,1.0,1.0,17.26953125,109.7578125,116.82421875,97.34765625,77.51953125,303.01171875,323.9765625,273.25390625,0.0,0.0,0.3671875,46.8764762878418
none,3,848,1.0,0.0,1.0,1.0,1.0,1.0,17.32421875,110.3828125,116.984375,97.21484375,77.72265625,304.1328125,324.00390625,272.37890625,0.0,0.0,0.37109375,46.932090759277344
none,3,849,1.0,0.0,1.0,1.0,1.0,1.0,17.8515625,109.03125,117.41015625,97.33203125,79.33984375,300.76953125,323.29296875,273.20703125,0.0,0.0,0.3359375,46.764892578125
none,3,850,1.0,0.0,1.0,1.0,1.0,1.0,17.47265625,111.359375,117.7109375,96.33984375,78.16015625,307.03125,325.11328125,269.78515625,0.0,0.0,0.296875,47.06383514404297
none,3,851,1.0,0.0,1.0,1.0,1.0,1.0,16.91796875,110.484375,117.30078125,97.2421875,77.51171875,304.37109375,325.48828125,272.2109375,0.0,0.0,0.33984375,46.97025680541992
none,3,852,1.0,0.0,1.0,1.0,1.0,1.0,17.2578125,110.06640625,117.26171875,97.75,78.12890625,301.45703125,322.890625,273.7109375,0.0,0.0,0.29296875,47.128719329833984
none,3,853,1.0,0.0,1.0,1.0,1.0,1.0,18.01171875,110.51171875,117.63671875,98.1640625,80.23046875,303.40625,325.4765625,274.9609375,0.0,0.0,0.28515625,47.122825622558594
none,3,854,1.0,0.0,1.0,1.0,1.0,1.0,17.60546875,110.421875,115.9921875,97.98046875,79.1875,302.01953125,322.02734375,273.8984375,0.0,0.0,0.328125,46.67780685424805
none,3,855,1.0,0.0,1.0,1.0,1.0,1.0,16.96875,112.29296875,118.296875,98.27734375,77.5703125,307.46875,325.0703125,275.80078125,0.0,0.0,0.29296875,47.93873596191406
none,3,856,1.0,0.0,1.0,1.0,1.0,1.0,17.29296875,109.609375,117.0625,99.39453125,78.22265625,300.8359375,322.69921875,278.23046875,0.0,0.0,0.265625,47.158782958984375
none,3,857,1.0,0.0,1.0,1.0,1.0,1.0,17.0625,109.65234375,117.66796875,98.796875,77.1484375,300.9140625,326.14453125,276.2421875,0.0,0.0,0.2890625,47.284263610839844
none,3,858,1.0,0.0,1.0,1.0,1.0,1.0,17.30859375,111.41015625,116.1015625,98.6484375,79.6875,306.10546875,320.4296875,275.41015625,0.0,0.0,0.33984375,47.167701721191406
none,3,859,1.0,0.0,1.0,1.0,1.0,1.0,17.328125,110.5703125,117.36328125,99.15625,77.04296875,303.71875,323.72265625,276.7578125,0.0,0.0,0.28125,47.26780319213867
none,3,860,1.0,0.0,1.0,1.0,1.0,1.0,17.80078125,110.4921875,116.2734375,99.5546875,79.60546875,300.59765625,321.2109375,276.37890625,0.0,0.0,0.2890625,47.105552673339844
none,3,861,1.0,0.0,1.0,1.0,1.0,1.0,17.6875,111.15625,117.14453125,99.33984375,80.4921875,303.96484375,323.3828125,276.28125,0.0,0.0,0.25,47.211448669433594
none,3,862,1.0,0.0,1.0,1.0,1.0,1.0,17.4453125,110.796875,117.29296875,99.2734375,78.0078125,302.05078125,321.6484375,274.4609375,0.0,0.0,0.26953125,47.36223602294922
none,3,863,1.0,0.0,1.0,1.0,1.0,1.0,17.06640625,108.828125,118.5703125,100.41015625,77.515625,297.28515625,325.13671875,279.05078125,0.0,0.0,0.32421875,47.53865051269531
none,3,864,1.0,0.0,1.0,1.0,1.0,1.0,16.953125,110.19140625,116.25,99.5703125,78.34765625,301.04296875,320.52734375,277.3671875,0.0,0.0,0.27734375,46.999996185302734
none,3,865,1.0,0.0,1.0,1.0,1.0,1.0,17.48828125,111.07421875,117.38671875,99.41796875,78.76953125,302.87109375,324.1953125,276.66015625,0.0,0.0,0.32421875,47.4571647644043
none,3,866,1.0,0.0,1.0,1.0,1.0,1.0,17.29296875,110.765625,117.3359375,98.734375,77.62109375,303.953125,323.16015625,273.24609375,0.0,0.0,0.31640625,47.25681686401367
none,3,867,1.0,0.0,1.0,1.0,1.0,1.0,16.91015625,110.4296875,117.546875,100.3203125,78.08984375,302.86328125,323.71484375,278.51953125,0.0,0.0,0.32421875,47.506141662597656
none,3,868,1.0,0.0,1.0,1.0,1.0,1.0,17.31640625,110.9609375,117.32421875,99.35546875,78.66796875,302.953125,323.62890625,276.82421875,0.0,0.0,0.30859375,47.34579086303711
none,3,869,1.0,0.0,1.0,1.0,1.0,1.0,17.66796875,109.53125,117.73828125,99.35546875,81.26171875,299.89453125,324.54296875,276.765625,0.0,0.0,0.3046875,47.24095153808594
none,3,870,1.0,0.0,1.0,1.0,1.0,1.0,16.06640625,112.390625,118.15234375,97.6171875,73.625,307.25390625,326.48828125,270.265625,0.0,0.0,0.28515625,47.63829803466797
none,3,871,1.0,0.0,1.0,1.0,1.0,1.0,17.21484375,110.3046875,118.0390625,101.0703125,79.30859375,301.66796875,324.69140625,280.2109375,0.0,0.0,0.2734375,47.82102584838867
none,3,872,1.0,0.0,1.0,1.0,1.0,1.0,17.26171875,111.515625,117.43359375,98.9765625,79.0625,305.265625,322.734375,276.1328125,0.0,0.0,0.265625,47.58501434326172
none,3,873,1.0,0.0,1.0,1.0,1.0,1.0,16.98828125,110.921875,117.3125,99.28125,78.41015625,303.234375,324.05859375,276.22265625,0.0,0.0,0.3125,47.41941452026367
none,3,874,1.0,0.0,1.0,1.0,1.0,1.0,17.140625,110.9375,118.62109375,99.3203125,78.54296875,303.26171875,325.90625,275.375,0.0,0.0,0.34375,47.680110931396484
none,3,875,1.0,0.0,1.0,1.0,1.0,1.0,17.33203125,112.47265625,118.2265625,99.0625,78.94140625,306.375,325.0390625,275.515625,0.0,0.0,0.30859375,47.963134765625
none,3,876,1.0,0.0,1.0,1.0,1.0,1.0,16.8515625,110.61328125,117.28125,99.66015625,78.46484375,302.765625,322.26171875,277.70703125,0.0,0.0,0.30078125,47.338836669921875
none,3,877,1.0,0.0,1.0,1.0,1.0,1.0,17.4140625,111.40625,117.64453125,100.0,80.5234375,304.4765625,325.31640625,278.35546875,0.0,0.0,0.3046875,47.56980895996094
none,3,878,1.0,0.0,1.0,1.0,1.0,1.0,17.5234375,111.2734375,118.30078125,99.6328125,79.5078125,305.16015625,327.20703125,277.25390625,0.0,0.0,0.296875,47.648109436035156
none,3,879,1.0,0.0,1.0,1.0,1.0,1.0,16.9453125,111.67578125,118.91015625,99.375,79.08203125,306.32421875,328.90625,277.0703125,0.0,0.0,0.28515625,47.953155517578125
none,3,880,1.0,0.0,1.0,1.0,1.0,1.0,17.65234375,111.5234375,118.3671875,98.85546875,80.96875,305.66015625,327.3203125,274.89453125,0.0,0.0,0.31640625,47.602256774902344
none,3,881,1.0,0.0,1.0,1.0,1.0,1.0,17.51953125,110.25390625,118.8515625,100.32421875,80.578125,300.734375,327.8671875,280.578125,0.0,0.0,0.29296875,47.67881774902344
none,3,882,1.0,0.0,1.0,1.0,1.0,1.0,17.6328125,111.44921875,117.94921875,99.390625,79.02734375,306.1875,328.16015625,276.48828125,0.0,0.0,0.32421875,47.355464935302734
none,3,883,1.0,0.0,1.0,1.0,1.0,1.0,17.2421875,112.7421875,118.72265625,98.921875,78.91796875,308.57421875,328.0078125,273.3828125,0.0,0.0,0.30859375,47.9157829284668
none,3,884,1.0,0.0,1.0,1.0,1.0,1.0,16.90234375,110.34765625,119.63671875,99.5625,79.01171875,302.24609375,331.6484375,277.5078125,0.0,0.0,0.26171875,47.93804168701172
none,3,885,1.0,0.0,1.0,1.0,1.0,1.0,17.19921875,111.703125,116.5546875,99.5859375,80.47265625,306.58203125,321.5078125,278.2890625,0.0,0.0,0.2734375,47.35936737060547
none,3,886,1.0,0.0,1.0,1.0,1.0,1.0,17.4375,110.9765625,118.484375,98.609375,79.6796875,305.00390625,326.29296875,274.59375,0.0,0.0,0.328125,47.41532516479492
none,3,887,1.0,0.0,1.0,1.0,1.0,1.0,17.3828125,110.3203125,119.16796875,100.19140625,80.2734375,303.36328125,327.8984375,277.671875,0.0,0.0,0.328125,47.7037467956543
none,3,888,1.0,0.0,1.0,1.0,1.0,1.0,17.05859375,111.2734375,118.05859375,101.54296875,79.0546875,304.76953125,324.1953125,280.74609375,0.0,0.0,0.34375,47.99225997924805
none,3,889,1.0,0.0,1.0,1.0,1.0,1.0,17.0625,111.24609375,118.59375,99.6015625,76.30078125,303.8125,326.48828125,276.80078125,0.0,0.0,0.27734375,47.74108123779297
none,3,890,1.0,0.0,1.0,1.0,1.0,1.0,16.8203125,111.67578125,119.328125,100.52734375,79.11328125,304.73046875,327.76953125,277.35546875,0.0,0.0,0.2890625,48.091644287109375
none,3,891,1.0,0.0,1.0,1.0,1.0,1.0,16.7421875,112.29296875,118.0703125,100.69140625,77.1171875,305.63671875,322.43359375,278.69921875,0.0,0.0,0.3125,48.00140380859375
none,3,892,1.0,0.0,1.0,1.0,1.0,1.0,17.2734375,112.546875,119.26171875,100.01953125,78.49609375,306.9765625,328.25390625,276.11328125,0.0,0.0,0.28515625,48.177635192871094
none,3,893,1.0,0.0,1.0,1.0,1.0,1.0,16.69140625,112.890625,118.32421875,99.91796875,77.01953125,306.84375,322.8359375,275.8984375,0.0,0.0,0.2734375,48.053260803222656
none,3,894,1.0,0.0,1.0,1.0,1.0,1.0,17.20703125,111.76171875,117.84765625,101.13671875,79.78515625,302.77734375,323.33984375,280.06640625,0.0,0.0,0.31640625,47.93221664428711
none,3,895,1.0,0.0,1.0,1.0,1.0,1.0,16.6171875,111.3359375,119.03125,102.4296875,76.75390625,302.17578125,326.390625,282.19140625,0.0,0.0,0.26171875,48.44165802001953
none,3,896,1.0,0.0,1.0,1.0,1.0,1.0,17.12109375,111.33203125,119.48828125,100.33203125,79.08984375,303.12890625,327.7109375,277.390625,0.0,0.0,0.2890625,48.15193176269531
none,3,897,1.0,0.0,1.0,1.0,1.0,1.0,17.13671875,112.703125,118.36328125,101.45703125,79.04296875,307.09765625,324.29296875,280.60546875,0.0,0.0,0.2890625,48.372398376464844
none,3,898,1.0,0.0,1.0,1.0,1.0,1.0,16.63671875,114.2109375,118.734375,99.30859375,76.609375,311.45703125,325.890625,273.921875,0.0,0.0,0.2578125,48.54130172729492
none,3,899,1.0,0.0,1.0,1.0,1.0,1.0,16.91796875,112.90234375,119.3984375,99.78125,77.69140625,308.18359375,327.29296875,277.10546875,0.0,0.0,0.30859375,48.17449188232422
none,3,900,1.0,0.0,1.0,1.0,1.0,1.0,16.05859375,113.38671875,117.84375,99.4453125,75.40625,308.890625,323.48046875,275.640625,0.0,0.0,0.2734375,48.204795837402344
none,3,901,1.0,0.0,1.0,1.0,1.0,1.0,16.53125,113.20703125,119.640625,100.93359375,76.94921875,307.81640625,327.83984375,278.7109375,0.0,0.0,0.27734375,48.645870208740234
none,3,902,1.0,0.0,1.0,1.0,1.0,1.0,16.08984375,112.30859375,119.91015625,99.78125,75.65625,306.359375,328.15625,274.67578125,0.0,0.0,0.25390625,48.283721923828125
none,3,903,1.0,0.0,1.0,1.0,1.0,1.0,17.0390625,112.76171875,119.83203125,100.9765625,77.8671875,306.72265625,327.27734375,277.69921875,0.0,0.0,0.30078125,48.38276672363281
none,3,904,1.0,0.0,1.0,1.0,1.0,1.0,16.5625,113.14453125,119.671875,101.3984375,76.45703125,308.80078125,327.1796875,280.68359375,0.0,0.0,0.3046875,48.826332092285156
none,3,905,1.0,0.0,1.0,1.0,1.0,1.0,16.84375,113.47265625,119.90234375,99.70703125,77.85546875,309.9140625,328.55859375,274.609375,0.0,0.0,0.3125,48.46605682373047
none,3,906,1.0,0.0,1.0,1.0,1.0,1.0,17.2421875,114.125,119.59375,98.82421875,78.5,309.421875,328.78125,272.45703125,0.0,0.0,0.2734375,48.36418151855469
none,3,907,1.0,0.0,1.0,1.0,1.0,1.0,16.5703125,113.89453125,118.48046875,100.234375,77.2265625,310.046875,325.0234375,278.2890625,0.0,0.0,0.28515625,48.39580535888672
none,3,908,1.0,0.0,1.0,1.0,1.0,1.0,16.58984375,112.00390625,119.16015625,99.953125,76.66015625,305.48828125,328.5625,277.37109375,0.0,0.0,0.31640625,48.09478759765625
none,3,909,1.0,0.0,1.0,1.0,1.0,1.0,17.0625,113.9140625,119.41796875,100.46875,78.69921875,310.64453125,326.984375,278.5859375,0.0,0.0,0.29296875,48.60677719116211
none,3,910,1.0,0.0,1.0,1.0,1.0,1.0,16.92578125,113.30859375,120.51171875,100.8828125,78.49609375,307.89453125,329.90234375,279.859375,0.0,0.0,0.29296875,48.724365234375
none,3,911,1.0,0.0,1.0,1.0,1.0,1.0,16.5625,114.09765625,118.78125,100.82421875,78.578125,310.796875,326.92578125,278.95703125,0.0,0.0,0.23828125,48.53074264526367
none,3,912,1.0,0.0,1.0,1.0,1.0,1.0,17.2734375,113.90234375,119.1015625,99.93359375,79.34765625,312.23046875,327.13671875,276.62890625,0.0,0.0,0.2890625,48.40093994140625
none,3,913,1.0,0.0,1.0,1.0,1.0,1.0,16.9296875,112.9609375,118.8828125,103.1640625,78.3046875,307.38671875,325.7421875,286.1640625,0.0,0.0,0.2578125,48.88969039916992
none,3,914,1.0,0.0,1.0,1.0,1.0,1.0,17.109375,112.1640625,120.4453125,101.64453125,79.484375,305.2109375,331.0078125,281.84765625,0.0,0.0,0.3203125,48.739288330078125
none,3,915,1.0,0.0,1.0,1.0,1.0,1.0,16.7578125,113.18359375,120.6953125,101.9765625,77.83203125,307.3671875,330.046875,280.4140625,0.0,0.0,0.21484375,48.886329650878906
none,3,916,1.0,0.0,1.0,1.0,1.0,1.0,17.07421875,112.484375,119.671875,101.53125,77.484375,307.4921875,328.8828125,279.6640625,0.0,0.0,0.296875,48.47285079956055
none,3,917,1.0,0.0,1.0,1.0,1.0,1.0,17.17578125,115.15625,120.2890625,100.48828125,79.20703125,312.26953125,327.8828125,275.75390625,0.0,0.0,0.265625,48.823238372802734
none,3,918,1.0,0.0,1.0,1.0,1.0,1.0,16.36328125,115.33984375,119.64453125,101.28125,76.7578125,312.578125,326.66015625,277.87109375,0.0,0.0,0.3203125,49.185890197753906
none,3,919,1.0,0.0,1.0,1.0,1.0,1.0,16.58203125,112.4765625,120.8359375,102.8671875,76.53125,305.2890625,328.52734375,283.4375,0.0,0.0,0.27734375,49.134765625
none,3,920,1.0,0.0,1.0,1.0,1.0,1.0,17.53125,114.14453125,118.33984375,101.921875,80.2265625,310.2890625,324.59765625,280.07421875,0.0,0.0,0.32421875,48.661800384521484
none,3,921,1.0,0.0,1.0,1.0,1.0,1.0,16.54296875,113.43359375,120.0546875,102.78125,76.7109375,307.4921875,327.90234375,282.07421875,0.0,0.0,0.2578125,49.174678802490234
none,3,922,1.0,0.0,1.0,1.0,1.0,1.0,16.16796875,114.7109375,120.51953125,100.984375,75.734375,310.50390625,329.82421875,277.80078125,0.0,0.0,0.26171875,49.185028076171875
none,3,923,1.0,0.0,1.0,1.0,1.0,1.0,16.7109375,114.51171875,119.32421875,101.89453125,78.62109375,310.66015625,326.2265625,281.44921875,0.0,0.0,0.2578125,48.954063415527344
none,3,924,1.0,0.0,1.0,1.0,1.0,1.0,16.859375,112.72265625,118.53125,103.3828125,80.1328125,306.484375,324.375,284.52734375,0.0,0.0,0.25,48.713714599609375
none,3,925,1.0,0.0,1.0,1.0,1.0,1.0,16.6953125,112.96875,119.8125,103.96875,77.85546875,306.1171875,326.5234375,285.08984375,0.0,0.0,0.26171875,49.2105827331543
none,3,926,1.0,0.0,1.0,1.0,1.0,1.0,17.2578125,112.82421875,119.0390625,103.72265625,79.953125,305.84375,324.98046875,285.23046875,0.0,0.0,0.26953125,48.83919906616211
none,3,927,1.0,0.0,1.0,1.0,1.0,1.0,16.29296875,114.3515625,120.37109375,101.84375,76.35546875,308.64453125,327.88671875,280.10546875,0.0,0.0,0.17578125,49.2093620300293
none,3,928,1.0,0.0,1.0,1.0,1.0,1.0,17.36328125,111.29296875,121.1328125,102.8203125,80.07421875,300.578125,330.66015625,282.25390625,0.0,0.0,0.3125,48.90538787841797
none,3,929,1.0,0.0,1.0,1.0,1.0,1.0,16.63671875,114.5234375,120.9921875,103.43359375,77.79296875,308.33203125,329.484375,283.4296875,0.0,0.0,0.2421875,49.51533126831055
none,3,930,1.0,0.0,1.0,1.0,1.0,1.0,16.6796875,113.109375,120.6953125,103.58203125,77.68359375,306.125,327.7890625,283.0078125,0.0,0.0,0.2734375,49.26409912109375
none,3,931,1.0,0.0,1.0,1.0,1.0,1.0,16.40234375,112.828125,121.2578125,101.6640625,77.296875,306.04296875,331.98046875,278.0234375,0.0,0.0,0.265625,48.87516403198242
none,3,932,1.0,0.0,1.0,1.0,1.0,1.0,16.359375,114.69140625,120.5,102.64453125,78.3359375,308.390625,329.390625,281.578125,0.0,0.0,0.26953125,49.208717346191406
none,3,933,1.0,0.0,1.0,1.0,1.0,1.0,16.92578125,113.13671875,120.63671875,102.83984375,77.8828125,304.96875,329.16796875,281.2890625,0.0,0.0,0.2578125,49.26760482788086
none,3,934,1.0,0.0,1.0,1.0,1.0,1.0,16.15234375,113.859375,121.6796875,102.51953125,76.07421875,307.859375,330.09375,281.00390625,0.0,0.0,0.29296875,49.46919250488281
none,3,935,1.0,0.0,1.0,1.0,1.0,1.0,16.859375,112.98828125,120.8046875,102.26171875,77.62890625,305.1015625,330.65625,280.3125,0.0,0.0,0.3125,49.001136779785156
none,3,936,1.0,0.0,1.0,1.0,1.0,1.0,16.84765625,113.19140625,120.60546875,102.54296875,78.47265625,306.0234375,327.85546875,279.94140625,0.0,0.0,0.25,48.99243927001953
none,3,937,1.0,0.0,1.0,1.0,1.0,1.0,16.515625,113.1796875,120.83203125,104.2421875,78.54296875,305.15234375,330.0546875,284.671875,0.0,0.0,0.2890625,49.37104415893555
none,3,938,1.0,0.0,1.0,1.0,1.0,1.0,16.3984375,113.17578125,122.234375,103.27734375,77.24609375,304.2734375,332.421875,283.26171875,0.0,0.0,0.28515625,49.5819091796875
none,3,939,1.0,0.0,1.0,1.0,1.0,1.0,16.46484375,113.6171875,121.796875,103.84765625,76.08203125,308.1328125,332.95703125,284.1171875,0.0,0.0,0.28515625,49.78287887573242
none,3,940,1.0,0.0,1.0,1.0,1.0,1.0,16.921875,113.40234375,120.953125,103.953125,77.96875,307.10546875,329.1953125,285.31640625,0.0,0.0,0.234375,49.418758392333984
none,3,941,1.0,0.0,1.0,1.0,1.0,1.0,15.83203125,113.16015625,120.890625,103.00390625,75.04296875,306.11328125,331.1484375,282.84375,0.0,0.0,0.20703125,49.33435821533203
none,3,942,1.0,0.0,1.0,1.0,1.0,1.0,16.4140625,115.6015625,120.5859375,103.1328125,77.40625,313.02734375,330.21484375,281.80078125,0.0,0.0,0.265625,49.68086242675781
none,3,943,1.0,0.0,1.0,1.0,1.0,1.0,16.734375,114.953125,121.73046875,104.0,76.28515625,311.140625,330.51953125,285.546875,0.0,0.0,0.22265625,49.749794006347656
none,3,944,1.0,0.0,1.0,1.0,1.0,1.0,16.65625,114.77734375,121.8671875,103.14453125,78.39453125,310.09375,333.22265625,280.84375,0.0,0.0,0.3203125,49.75337219238281
none,3,945,1.0,0.0,1.0,1.0,1.0,1.0,15.9765625,115.296875,122.2734375,102.4375,74.26953125,312.3359375,333.640625,280.62890625,0.0,0.0,0.25,49.7226676940918
none,3,946,1.0,0.0,1.0,1.0,1.0,1.0,16.6875,113.83984375,119.95703125,103.32421875,77.77734375,306.9296875,327.6484375,283.19921875,0.0,0.0,0.2421875,49.15443420410156
none,3,947,1.0,0.0,1.0,1.0,1.0,1.0,16.171875,113.3125,120.90625,103.81640625,75.828125,305.484375,330.609375,283.7890625,0.0,0.0,0.26171875,49.46177291870117
none,3,948,1.0,0.0,1.0,1.0,1.0,1.0,16.86328125,115.67578125,120.8046875,101.72265625,78.45703125,312.41796875,329.625,277.515625,0.0,0.0,0.20703125,49.54290771484375
none,3,949,1.0,0.0,1.0,1.0,1.0,1.0,16.0,115.6640625,121.16796875,101.4921875,76.19140625,313.38671875,329.328125,277.484375,0.0,0.0,0.25390625,49.63176727294922
none,3,950,1.0,0.0,1.0,1.0,1.0,1.0,16.34375,114.58984375,121.28125,103.9921875,76.40625,308.85546875,329.9453125,284.09765625,0.0,0.0,0.234375,49.67800521850586
none,3,951,1.0,0.0,1.0,1.0,1.0,1.0,15.8515625,114.109375,121.94140625,104.40625,73.78125,308.23046875,333.3046875,286.0625,0.0,0.0,0.296875,49.944732666015625
none,3,952,1.0,0.0,1.0,1.0,1.0,1.0,16.359375,115.3046875,120.85546875,102.96484375,76.96484375,312.21484375,331.953125,281.37890625,0.0,0.0,0.32421875,49.573455810546875
none,3,953,1.0,0.0,1.0,1.0,1.0,1.0,16.9453125,114.078125,121.671875,102.98828125,78.40234375,309.5390625,332.09765625,282.296875,0.0,0.0,0.28515625,49.499446868896484
none,3,954,1.0,0.0,1.0,1.0,1.0,1.0,16.16015625,114.63671875,120.35546875,104.15625,76.75390625,309.2265625,329.36328125,284.43359375,0.0,0.0,0.26171875,49.650596618652344
none,3,955,1.0,0.0,1.0,1.0,1.0,1.0,16.0625,114.83203125,120.53125,103.40625,76.7265625,309.61328125,329.58203125,282.16796875,0.0,0.0,0.25390625,49.55061340332031
none,3,956,1.0,0.0,1.0,1.0,1.0,1.0,16.51953125,114.203125,122.59765625,103.9765625,76.55859375,308.02734375,333.671875,285.41796875,0.0,0.0,0.2734375,49.99351119995117
none,3,957,1.0,0.0,1.0,1.0,1.0,1.0,16.6171875,115.3828125,122.5234375,102.7109375,76.72265625,311.8828125,332.44140625,281.1171875,0.0,0.0,0.2890625,49.7445182800293
none,3,958,1.0,0.0,1.0,1.0,1.0,1.0,16.73828125,116.0078125,122.3359375,103.6875,79.01953125,313.31640625,332.75,282.4296875,0.0,0.0,0.203125,50.12386703491211
none,3,959,1.0,0.0,1.0,1.0,1.0,1.0,16.53515625,115.62109375,120.6640625,104.45703125,76.421875,310.140625,328.84375,285.3125,0.0,0.0,0.25390625,49.8033447265625
none,3,960,1.0,0.0,1.0,1.0,1.0,1.0,16.78125,114.84375,120.765625,102.4921875,78.0625,309.80859375,329.6796875,280.08203125,0.0,0.0,0.23828125,49.3671875
none,3,961,1.0,0.0,1.0,1.0,1.0,1.0,16.40234375,115.12109375,121.578125,104.05078125,76.63671875,309.29296875,329.83203125,283.0390625,0.0,0.0,0.328125,49.8664665222168
none,3,962,1.0,0.0,1.0,1.0,1.0,1.0,16.12109375,114.65234375,122.93359375,103.91015625,75.69921875,308.26953125,334.48046875,282.96484375,0.0,0.0,0.26953125,50.007530212402344
none,3,963,1.0,0.0,1.0,1.0,1.0,1.0,17.51171875,114.4921875,120.3515625,103.21484375,80.83203125,308.49609375,328.04296875,282.4140625,0.0,0.0,0.25390625,49.36016082763672
none,3,964,1.0,0.0,1.0,1.0,1.0,1.0,16.6796875,115.75390625,123.27734375,103.21875,78.265625,311.69921875,335.72265625,281.69140625,0.0,0.0,0.26953125,50.274593353271484
none,3,965,1.0,0.0,1.0,1.0,1.0,1.0,16.4921875,114.90625,122.44921875,103.578125,78.33203125,308.78125,332.9140625,281.83203125,0.0,0.0,0.21875,49.99436569213867
none,3,966,1.0,0.0,1.0,1.0,1.0,1.0,15.8984375,116.15625,122.26953125,103.0390625,74.85546875,314.265625,332.2109375,280.71875,0.0,0.0,0.36328125,50.17205810546875
none,3,967,1.0,0.0,1.0,1.0,1.0,1.0,16.33203125,115.765625,122.07421875,102.69921875,78.04296875,311.59375,331.91796875,280.07421875,0.0,0.0,0.3046875,49.97368621826172
none,3,968,1.0,0.0,1.0,1.0,1.0,1.0,16.0234375,116.1875,122.88671875,103.38671875,75.46484375,313.484375,334.44921875,282.34765625,0.0,0.0,0.30078125,50.22300720214844
none,3,969,1.0,0.0,1.0,1.0,1.0,1.0,16.31640625,115.91796875,122.06640625,103.76953125,77.1015625,311.515625,332.328125,282.828125,0.0,0.0,0.22265625,49.96935272216797
none,3,970,1.0,0.0,1.0,1.0,1.0,1.0,16.578125,114.05078125,122.140625,104.9140625,77.765625,306.28515625,331.95703125,286.31640625,0.0,0.0,0.27734375,49.99931335449219
none,3,971,1.0,0.0,1.0,1.0,1.0,1.0,16.6796875,115.3671875,122.01953125,105.57421875,79.8046875,310.29296875,329.703125,288.50390625,0.0,0.0,0.203125,50.116485595703125
none,3,972,1.0,0.0,1.0,1.0,1.0,1.0,16.671875,116.453125,123.0390625,104.0,77.48046875,311.9140625,333.05078125,284.6875,0.0,0.0,0.23046875,50.34260177612305
none,3,973,1.0,0.0,1.0,1.0,1.0,1.0,16.08984375,115.734375,122.58984375,104.09375,77.12109375,310.1875,332.90234375,284.6328125,0.0,0.0,0.23828125,50.38195037841797
none,3,974,1.0,0.0,1.0,1.0,1.0,1.0,16.9375,116.453125,121.890625,104.99609375,79.125,313.74609375,329.9140625,286.4375,0.0,0.0,0.26171875,50.21612548828125
none,3,975,1.0,0.0,1.0,1.0,1.0,1.0,17.19140625,115.609375,121.5,104.6875,81.1953125,310.4140625,327.53125,287.546875,0.0,0.0,0.2265625,50.00385665893555
none,3,976,1.0,0.0,1.0,1.0,1.0,1.0,16.08203125,114.52734375,121.671875,104.55859375,76.28125,307.88671875,329.09765625,285.3828125,0.0,0.0,0.2265625,49.80718994140625
none,3,977,1.0,0.0,1.0,1.0,1.0,1.0,16.2578125,116.12109375,122.640625,103.515625,76.98828125,311.84765625,331.5,282.05859375,0.0,0.0,0.21484375,50.249122619628906
none,3,978,1.0,0.0,1.0,1.0,1.0,1.0,16.23828125,115.0625,123.0078125,105.19140625,76.48046875,307.625,333.10546875,286.63671875,0.0,0.0,0.30078125,50.51301193237305
none,3,979,1.0,0.0,1.0,1.0,1.0,1.0,15.484375,117.39453125,122.25390625,103.4765625,73.171875,313.85546875,329.02734375,281.89453125,0.0,0.0,0.23828125,50.45066452026367
none,3,980,1.0,0.0,1.0,1.0,1.0,1.0,15.46484375,116.0,122.453125,102.46875,74.97265625,310.93359375,332.15234375,280.15234375,0.0,0.0,0.24609375,50.06139373779297
none,3,981,1.0,0.0,1.0,1.0,1.0,1.0,16.01171875,115.2109375,122.7109375,104.85546875,76.34375,309.83984375,332.1796875,286.13671875,0.0,0.0,0.33984375,50.21589279174805
none,3,982,1.0,0.0,1.0,1.0,1.0,1.0,16.06640625,116.68359375,122.71484375,104.16015625,74.94140625,312.37890625,332.95703125,283.66015625,0.0,0.0,0.23828125,50.39043426513672
none,3,983,1.0,0.0,1.0,1.0,1.0,1.0,16.34375,116.609375,122.8046875,105.27734375,76.84765625,313.140625,331.08984375,286.01171875,0.0,0.0,0.23046875,50.64082336425781
none,3,984,1.0,0.0,1.0,1.0,1.0,1.0,15.765625,116.9140625,122.38671875,103.65234375,75.90625,313.63671875,332.3515625,281.5625,0.0,0.0,0.2578125,50.44511032104492
none,3,985,1.0,0.0,1.0,1.0,1.0,1.0,16.31640625,116.7109375,121.65625,103.9765625,76.5078125,312.94140625,328.6953125,283.93359375,0.0,0.0,0.296875,50.30696105957031
none,3,986,1.0,0.0,1.0,1.0,1.0,1.0,15.83984375,116.640625,122.5,106.046875,76.0,311.671875,331.76953125,287.5625,0.0,0.0,0.25390625,50.68286895751953
none,3,987,1.0,0.0,1.0,1.0,1.0,1.0,16.5625,117.36328125,121.74609375,104.3515625,77.79296875,314.42578125,329.81640625,283.76953125,0.0,0.0,0.24609375,50.438812255859375
none,3,988,1.0,0.0,1.0,1.0,1.0,1.0,16.625,116.54296875,122.6640625,105.21875,78.2890625,311.8828125,330.40625,285.40234375,0.0,0.0,0.26171875,50.56000518798828
none,3,989,1.0,0.0,1.0,1.0,1.0,1.0,16.9375,116.58984375,122.04296875,105.14453125,78.5078125,313.01953125,329.8984375,286.3671875,0.0,0.0,0.20703125,50.472633361816406
none,3,990,1.0,0.0,1.0,1.0,1.0,1.0,15.94140625,116.59765625,123.02734375,104.37109375,75.51171875,311.19921875,331.6875,282.80859375,0.0,0.0,0.21875,50.55693817138672
none,3,991,1.0,0.0,1.0,1.0,1.0,1.0,16.4765625,116.98828125,123.36328125,105.296875,77.16015625,311.70703125,333.2734375,284.3984375,0.0,0.0,0.3046875,50.61433029174805
none,3,992,1.0,0.0,1.0,1.0,1.0,1.0,16.015625,115.56640625,123.00390625,105.8828125,76.16796875,308.859375,333.28515625,287.33984375,0.0,0.0,0.19140625,50.34431457519531
none,3,993,1.0,0.0,1.0,1.0,1.0,1.0,15.77734375,115.1640625,124.46484375,105.28125,74.62109375,309.13671875,335.68359375,285.19921875,0.0,0.0,0.28125,50.77787780761719
none,3,994,1.0,0.0,1.0,1.0,1.0,1.0,15.86328125,116.4921875,124.04296875,104.3515625,74.5703125,311.19140625,333.14453125,283.90234375,0.0,0.0,0.2578125,50.72949981689453
none,3,995,1.0,0.0,1.0,1.0,1.0,1.0,16.25,116.51953125,122.953125,105.671875,76.8125,311.6640625,332.83984375,287.1875,0.0,0.0,0.2578125,50.85067367553711
none,3,996,1.0,0.0,1.0,1.0,1.0,1.0,16.01171875,116.96875,123.546875,104.93359375,76.51953125,313.08984375,334.05859375,283.578125,0.0,0.0,0.21875,50.83344650268555
none,3,997,1.0,0.0,1.0,1.0,1.0,1.0,16.69921875,115.76953125,123.12109375,104.9921875,78.60546875,312.2734375,332.984375,284.01953125,0.0,0.0,0.234375,50.41187286376953
none,3,998,1.0,0.0,1.0,1.0,1.0,1.0,17.00390625,117.49609375,122.53125,105.17578125,79.58203125,314.26171875,330.99609375,286.44140625,0.0,0.0,0.265625,50.66831588745117
none,3,999,1.0,0.0,1.0,1.0,1.0,1.0,16.21875,116.77734375,122.984375,105.68359375,77.51953125,312.3515625,332.01171875,287.78515625,0.0,0.0,0.2578125,50.761653900146484
none,3,1000,1.0,0.0,1.0,1.0,1.0,1.0,15.265625,115.74609375,123.2265625,104.8046875,73.9609375,309.3125,332.96484375,283.859375,0.0,0.0,0.25390625,50.64635467529297
none,3,1001,1.0,0.0,1.0,1.0,1.0,1.0,15.92578125,116.58203125,122.94140625,106.25,75.94921875,312.29296875,329.94140625,288.4921875,0.0,0.0,0.22265625,50.88651657104492
none,3,1002,1.0,0.0,1.0,1.0,1.0,1.0,16.13671875,117.54296875,122.41796875,105.8359375,79.63671875,313.92578125,329.24609375,287.1015625,0.0,0.0,0.234375,50.65189743041992
none,3,1003,1.0,0.0,1.0,1.0,1.0,1.0,16.0625,117.453125,123.4140625,105.36328125,76.30859375,313.59375,334.20703125,286.78125,0.0,0.0,0.1953125,50.925899505615234
none,3,1004,1.0,0.0,1.0,1.0,1.0,1.0,15.9921875,116.390625,123.69921875,105.20703125,77.046875,312.21875,334.94921875,285.4375,0.0,0.0,0.2890625,50.741424560546875
none,3,1005,1.0,0.0,1.0,1.0,1.0,1.0,15.45703125,118.16796875,123.42578125,105.21875,75.359375,316.33203125,332.87890625,285.046875,0.0,0.0,0.29296875,51.1346549987793
none,3,1006,1.0,0.0,1.0,1.0,1.0,1.0,15.77734375,117.76953125,124.140625,104.828125,78.2890625,313.98046875,334.9765625,285.2421875,0.0,0.0,0.21484375,51.0620231628418
none,3,1007,1.0,0.0,1.0,1.0,1.0,1.0,15.70703125,114.5703125,123.69921875,105.79296875,76.53125,306.546875,334.375,287.9140625,0.0,0.0,0.23046875,50.394405364990234
none,3,1008,1.0,0.0,1.0,1.0,1.0,1.0,15.68359375,117.109375,124.8515625,106.23828125,74.12890625,312.07421875,337.1484375,287.828125,0.0,0.0,0.2734375,51.307838439941406
none,3,1009,1.0,0.0,1.0,1.0,1.0,1.0,15.3359375,115.15625,124.109375,106.4453125,75.43359375,308.14453125,334.4375,289.4921875,0.0,0.0,0.24609375,50.8104362487793
none,3,1010,1.0,0.0,1.0,1.0,1.0,1.0,15.37109375,117.703125,123.53515625,105.66796875,74.9921875,314.2109375,332.35546875,285.8515625,0.0,0.0,0.2265625,51.17500305175781
none,3,1011,1.0,0.0,1.0,1.0,1.0,1.0,15.546875,116.94140625,123.5703125,105.46875,76.66015625,311.6015625,333.328125,285.484375,0.0,0.0,0.2578125,50.76025390625
none,3,1012,1.0,0.0,1.0,1.0,1.0,1.0,15.5859375,116.79296875,124.3359375,105.84375,74.5625,310.921875,335.69921875,286.734375,0.0,0.0,0.20703125,51.133323669433594
none,3,1013,1.0,0.0,1.0,1.0,1.0,1.0,15.81640625,117.59375,121.765625,106.41796875,75.57421875,312.7265625,328.71875,288.7890625,0.0,0.0,0.26171875,50.94981002807617
none,3,1014,1.0,0.0,1.0,1.0,1.0,1.0,15.6796875,116.77734375,125.49609375,105.07421875,74.33203125,311.12890625,336.4453125,284.0390625,0.0,0.0,0.2421875,51.22747802734375
none,3,1015,1.0,0.0,1.0,1.0,1.0,1.0,16.00390625,117.73828125,123.21484375,105.53125,77.09765625,313.3828125,331.5234375,283.9375,0.0,0.0,0.21484375,51.00829315185547
none,3,1016,1.0,0.0,1.0,1.0,1.0,1.0,15.3828125,117.46484375,123.9296875,107.48828125,73.68359375,314.78515625,334.2421875,290.44921875,0.0,0.0,0.25390625,51.42704772949219
none,3,1017,1.0,0.0,1.0,1.0,1.0,1.0,15.19921875,118.00390625,124.4375,105.171875,73.328125,314.35546875,337.3046875,284.13671875,0.0,0.0,0.2109375,51.430747985839844
none,3,1018,1.0,0.0,1.0,1.0,1.0,1.0,15.42578125,117.3046875,124.31640625,107.28125,75.1328125,312.45703125,335.203125,289.59375,0.0,0.0,0.25390625,51.50189208984375
none,3,1019,1.0,0.0,1.0,1.0,1.0,1.0,15.12109375,116.4921875,124.59375,106.99609375,73.99609375,311.51171875,336.9921875,288.6875,0.0,0.0,0.28515625,51.38935852050781
none,3,1020,1.0,0.0,1.0,1.0,1.0,1.0,15.48046875,117.625,123.8046875,106.74609375,75.62890625,314.90234375,334.69921875,289.078125,0.0,0.0,0.23046875,51.391815185546875
none,3,1021,1.0,0.0,1.0,1.0,1.0,1.0,15.33203125,118.58984375,124.4140625,104.90625,75.30859375,317.453125,336.375,285.0078125,0.0,0.0,0.25390625,51.36164855957031
none,3,1022,1.0,0.0,1.0,1.0,1.0,1.0,15.47265625,118.765625,124.12890625,107.015625,77.89453125,316.8125,335.21484375,288.54296875,0.0,0.0,0.2265625,51.63090133666992
none,3,1023,1.0,0.0,1.0,1.0,1.0,1.0,15.39453125,118.78125,124.08984375,105.79296875,74.9609375,316.59765625,335.76171875,287.375,0.0,0.0,0.21875,51.478050231933594
none,3,1024,1.0,0.0,1.0,1.0,1.0,1.0,15.890625,117.265625,123.02734375,106.0625,76.83984375,313.66796875,333.60546875,288.46484375,0.0,0.0,0.30859375,50.85773468017578
none,3,1025,1.0,0.0,1.0,1.0,1.0,1.0,15.65625,119.2265625,124.2421875,105.74609375,76.30078125,319.0625,333.98828125,286.83203125,0.0,0.0,0.2421875,51.548179626464844
none,3,1026,1.0,0.0,1.0,1.0,1.0,1.0,15.6484375,116.609375,123.23828125,108.046875,75.30859375,309.90625,332.37109375,291.94921875,0.0,0.0,0.24609375,51.25544357299805
none,3,1027,1.0,0.0,1.0,1.0,1.0,1.0,15.27734375,119.51953125,124.8828125,105.05078125,74.60546875,318.28125,336.93359375,284.22265625,0.0,0.0,0.2265625,51.496307373046875
none,3,1028,1.0,0.0,1.0,1.0,1.0,1.0,15.94140625,118.33984375,123.59375,107.66796875,77.62890625,314.09375,332.62109375,291.54296875,0.0,0.0,0.23828125,51.61048126220703
none,3,1029,1.0,0.0,1.0,1.0,1.0,1.0,15.4296875,118.1484375,123.015625,105.8828125,74.7421875,314.109375,332.0546875,287.1171875,0.0,0.0,0.2578125,51.295135498046875
none,3,1030,1.0,0.0,1.0,1.0,1.0,1.0,15.3671875,118.97265625,123.51171875,104.82421875,74.91015625,316.91015625,333.390625,284.0,0.0,0.0,0.31640625,51.043296813964844
none,3,1031,1.0,0.0,1.0,1.0,1.0,1.0,15.34765625,119.140625,125.27734375,106.828125,74.8046875,316.5703125,336.0703125,287.76171875,0.0,0.0,0.203125,51.96828842163086
none,3,1032,1.0,0.0,1.0,1.0,1.0,1.0,15.77734375,117.26953125,124.5546875,106.84765625,76.63671875,312.03515625,335.3515625,289.90234375,0.0,0.0,0.203125,51.27632141113281
none,3,1033,1.0,0.0,1.0,1.0,1.0,1.0,15.3984375,120.359375,123.96484375,105.77734375,74.59765625,320.8046875,334.1484375,285.29296875,0.0,0.0,0.21875,51.771934509277344
none,3,1034,1.0,0.0,1.0,1.0,1.0,1.0,16.3046875,118.515625,123.73046875,107.64453125,77.98828125,314.546875,331.92578125,289.578125,0.0,0.0,0.28125,51.53709030151367
none,3,1035,1.0,0.0,1.0,1.0,1.0,1.0,15.7578125,119.5390625,124.14453125,107.6328125,75.01953125,315.98828125,333.1640625,289.796875,0.0,0.0,0.26953125,51.859737396240234
none,3,1036,1.0,0.0,1.0,1.0,1.0,1.0,15.62890625,117.60546875,124.8359375,106.8828125,75.01171875,313.04296875,333.328125,288.14453125,0.0,0.0,0.26171875,51.47503662109375
none,3,1037,1.0,0.0,1.0,1.0,1.0,1.0,15.23046875,118.4921875,124.12890625,106.4375,75.296875,314.28515625,332.3359375,286.23046875,0.0,0.0,0.234375,51.469215393066406
none,3,1038,1.0,0.0,1.0,1.0,1.0,1.0,15.359375,118.56640625,125.140625,106.66015625,75.33984375,313.7890625,335.92578125,287.1171875,0.0,0.0,0.21875,51.78437042236328
none,3,1039,1.0,0.0,1.0,1.0,1.0,1.0,15.94140625,117.8515625,125.5390625,107.19140625,76.9140625,312.8828125,336.92578125,288.58984375,0.0,0.0,0.25390625,51.72294235229492
none,3,1040,1.0,0.0,1.0,1.0,1.0,1.0,15.1953125,117.44921875,126.32421875,106.75390625,74.83984375,311.33984375,338.51171875,287.53515625,0.0,0.0,0.24609375,51.65367889404297
none,3,1041,1.0,0.0,1.0,1.0,1.0,1.0,15.75390625,117.56640625,125.10546875,107.09375,75.54296875,311.33203125,336.77734375,288.7421875,0.0,0.0,0.26171875,51.57198715209961
none,3,1042,1.0,0.0,1.0,1.0,1.0,1.0,15.7734375,117.8046875,125.69140625,107.47265625,76.48828125,310.60546875,337.76171875,289.91796875,0.0,0.0,0.2421875,52.01206588745117
none,3,1043,1.0,0.0,1.0,1.0,1.0,1.0,15.2578125,118.27734375,124.51953125,107.83203125,74.33203125,313.08203125,333.265625,289.6328125,0.0,0.0,0.25,51.93251037597656
none,3,1044,1.0,0.0,1.0,1.0,1.0,1.0,15.703125,117.86328125,125.22265625,108.203125,76.58203125,311.828125,334.1328125,292.40625,0.0,0.0,0.22265625,51.90996551513672
none,3,1045,1.0,0.0,1.0,1.0,1.0,1.0,15.23046875,120.203125,124.78125,106.16015625,74.20703125,319.61328125,336.61328125,285.05078125,0.0,0.0,0.21875,51.9393424987793
none,3,1046,1.0,0.0,1.0,1.0,1.0,1.0,15.45703125,118.34765625,124.7578125,106.3828125,76.05859375,313.3125,337.6171875,286.26953125,0.0,0.0,0.2734375,51.51696014404297
none,3,1047,1.0,0.0,1.0,1.0,1.0,1.0,15.30078125,118.8359375,125.59765625,107.8515625,73.75,315.74609375,337.59375,290.5859375,0.0,0.0,0.19140625,52.356788635253906
none,3,1048,1.0,0.0,1.0,1.0,1.0,1.0,15.05859375,119.00390625,125.69140625,107.4375,74.7734375,315.00390625,338.1015625,289.24609375,0.0,0.0,0.2421875,52.19342041015625
none,3,1049,1.0,0.0,1.0,1.0,1.0,1.0,15.43359375,119.57421875,125.28515625,106.484375,76.1953125,318.06640625,336.09375,287.31640625,0.0,0.0,0.21875,51.963592529296875
none,3,1050,1.0,0.0,1.0,1.0,1.0,1.0,15.1484375,119.02734375,126.0546875,105.24609375,75.484375,315.8359375,338.82421875,284.55859375,0.0,0.0,0.25,51.668514251708984
none,3,1051,1.0,0.0,1.0,1.0,1.0,1.0,14.90234375,118.10546875,126.0546875,107.72265625,74.89453125,313.24609375,337.3046875,292.0859375,0.0,0.0,0.23828125,52.21732711791992
none,3,1052,1.0,0.0,1.0,1.0,1.0,1.0,15.26171875,119.43359375,125.26171875,107.21484375,74.60546875,316.86328125,335.4765625,289.78125,0.0,0.0,0.25,52.0364990234375
none,3,1053,1.0,0.0,1.0,1.0,1.0,1.0,15.7734375,118.3046875,125.21484375,107.41796875,76.765625,314.4375,336.73046875,291.23828125,0.0,0.0,0.27734375,51.89610290527344
none,3,1054,1.0,0.0,1.0,1.0,1.0,1.0,15.62109375,119.921875,124.40234375,107.7421875,77.5234375,319.4765625,332.79296875,290.58203125,0.0,0.0,0.265625,52.19854736328125
none,3,1055,1.0,0.0,1.0,1.0,1.0,1.0,15.45703125,119.16796875,125.74609375,108.125,75.3671875,315.40625,336.65625,291.8046875,0.0,0.0,0.17578125,52.26634979248047
none,3,1056,1.0,0.0,1.0,1.0,1.0,1.0,14.76953125,121.07421875,125.37890625,107.34765625,74.23828125,321.32421875,335.3203125,288.4921875,0.0,0.0,0.21484375,52.359886169433594
none,3,1057,1.0,0.0,1.0,1.0,1.0,1.0,14.6796875,119.96875,125.76953125,107.734375,73.7265625,317.90625,336.515625,290.6484375,0.0,0.0,0.22265625,52.56236267089844
none,3,1058,1.0,0.0,1.0,1.0,1.0,1.0,15.61328125,120.26953125,125.47265625,106.95703125,77.28125,316.61328125,336.2421875,288.53125,0.0,0.0,0.25390625,52.10557174682617
none,3,1059,1.0,0.0,1.0,1.0,1.0,1.0,15.0234375,118.89453125,125.5234375,109.44140625,74.22265625,315.234375,333.88671875,293.96875,0.0,0.0,0.1875,52.429378509521484
none,3,1060,1.0,0.0,1.0,1.0,1.0,1.0,15.515625,118.5625,125.75390625,109.1953125,75.890625,312.73046875,335.359375,291.87109375,0.0,0.0,0.20703125,52.27581787109375
none,3,1061,1.0,0.0,1.0,1.0,1.0,1.0,15.07421875,119.4609375,126.28515625,109.09375,75.046875,314.43359375,336.328125,292.4765625,0.0,0.0,0.20703125,52.747581481933594
none,3,1062,1.0,0.0,1.0,1.0,1.0,1.0,15.2890625,119.671875,126.875,108.34765625,75.234375,314.56640625,336.359375,289.25390625,0.0,0.0,0.234375,52.6783447265625
none,3,1063,1.0,0.0,1.0,1.0,1.0,1.0,15.1640625,119.05859375,127.015625,107.01953125,74.359375,312.41796875,339.67578125,287.8828125,0.0,0.0,0.234375,52.37071228027344
none,3,1064,1.0,0.0,1.0,1.0,1.0,1.0,14.9609375,120.1953125,126.08984375,108.8515625,74.17578125,316.46484375,335.7265625,291.26953125,0.0,0.0,0.29296875,52.529441833496094
none,3,1065,1.0,0.0,1.0,1.0,1.0,1.0,15.30859375,119.12109375,125.80859375,108.1953125,76.44921875,314.88671875,334.953125,288.36328125,0.0,0.0,0.2109375,52.2644157409668
none,3,1066,1.0,0.0,1.0,1.0,1.0,1.0,15.40625,119.49609375,126.8828125,108.81640625,76.41015625,314.640625,338.4296875,289.984375,0.0,0.0,0.2109375,52.503440856933594
none,3,1067,1.0,0.0,1.0,1.0,1.0,1.0,15.33984375,119.16796875,126.35546875,108.44140625,75.671875,313.93359375,337.47265625,290.52734375,0.0,0.0,0.23046875,52.26593017578125
none,3,1068,1.0,0.0,1.0,1.0,1.0,1.0,15.41796875,118.9296875,126.0625,108.828125,75.9765625,315.2265625,335.08203125,291.65234375,0.0,0.0,0.1640625,52.495819091796875
none,3,1069,1.0,0.0,1.0,1.0,1.0,1.0,15.56640625,119.4453125,125.35546875,109.25,76.65234375,316.703125,334.91796875,293.14453125,0.0,0.0,0.23828125,52.58234786987305
none,3,1070,1.0,0.0,1.0,1.0,1.0,1.0,14.91796875,119.95703125,126.11328125,109.38671875,74.484375,317.08203125,337.359375,292.28515625,0.0,0.0,0.2265625,52.64596176147461
none,3,1071,1.0,0.0,1.0,1.0,1.0,1.0,15.30859375,118.75,126.40625,109.2734375,74.55078125,311.765625,335.87890625,292.6640625,0.0,0.0,0.234375,52.54914093017578
none,3,1072,1.0,0.0,1.0,1.0,1.0,1.0,15.10546875,119.60546875,125.2265625,109.28515625,74.37890625,314.89453125,334.984375,293.2734375,0.0,0.0,0.23828125,52.651710510253906
none,3,1073,1.0,0.0,1.0,1.0,1.0,1.0,15.24609375,119.8984375,127.76953125,109.40234375,75.83984375,316.26953125,341.796875,291.10546875,0.0,0.0,0.24609375,52.872032165527344
none,3,1074,1.0,0.0,1.0,1.0,1.0,1.0,15.10546875,120.1875,126.01953125,108.58203125,75.5703125,317.80859375,335.66015625,289.58984375,0.0,0.0,0.21484375,52.732879638671875
none,3,1075,1.0,0.0,1.0,1.0,1.0,1.0,15.11328125,118.9375,127.39453125,109.1015625,74.9765625,313.61328125,339.82421875,291.0859375,0.0,0.0,0.1796875,52.74394226074219
none,3,1076,1.0,0.0,1.0,1.0,1.0,1.0,15.125,120.890625,126.359375,108.4453125,73.37109375,318.59375,336.98828125,288.63671875,0.0,0.0,0.28125,52.95804977416992
none,3,1077,1.0,0.0,1.0,1.0,1.0,1.0,15.4453125,120.2109375,126.484375,108.109375,76.73828125,317.06640625,337.95703125,290.0390625,0.0,0.0,0.23046875,52.769432067871094
none,3,1078,1.0,0.0,1.0,1.0,1.0,1.0,15.3203125,119.890625,126.20703125,108.671875,74.921875,315.26953125,336.9296875,290.640625,0.0,0.0,0.1875,52.59885787963867
none,3,1079,1.0,0.0,1.0,1.0,1.0,1.0,15.5390625,119.74609375,127.3203125,108.140625,76.24609375,315.33984375,338.0,288.61328125,0.0,0.0,0.21484375,52.60407638549805
none,3,1080,1.0,0.0,1.0,1.0,1.0,1.0,15.43359375,119.6171875,126.57421875,110.81640625,76.7890625,314.296875,336.875,296.65625,0.0,0.0,0.265625,53.082542419433594
none,3,1081,1.0,0.0,1.0,1.0,1.0,1.0,15.6484375,120.9296875,126.18359375,108.328125,77.0234375,318.46875,334.76171875,291.2578125,0.0,0.0,0.23828125,52.75123596191406
none,3,1082,1.0,0.0,1.0,1.0,1.0,1.0,15.05859375,118.6484375,125.7421875,110.31640625,75.88671875,312.90625,334.15234375,294.2265625,0.0,0.0,0.27734375,52.64165496826172
none,3,1083,1.0,0.0,1.0,1.0,1.0,1.0,14.58203125,121.3125,127.5859375,107.5390625,73.00390625,319.91015625,337.76171875,287.75390625,0.0,0.0,0.19140625,53.164764404296875
none,3,1084,1.0,0.0,1.0,1.0,1.0,1.0,15.26171875,119.88671875,126.28125,109.42578125,75.41015625,314.49609375,335.8359375,293.1171875,0.0,0.0,0.16015625,52.70787811279297
none,3,1085,1.0,0.0,1.0,1.0,1.0,1.0,14.71484375,122.45703125,126.87890625,107.74609375,74.0703125,322.55078125,335.5234375,287.171875,0.0,0.0,0.21484375,52.94106674194336
none,3,1086,1.0,0.0,1.0,1.0,1.0,1.0,14.70703125,122.640625,125.75390625,107.76953125,73.78515625,322.1640625,334.234375,287.15625,0.0,0.0,0.1796875,52.857643127441406
none,3,1087,1.0,0.0,1.0,1.0,1.0,1.0,14.76953125,121.06640625,126.6953125,110.09375,74.4296875,317.91796875,336.4453125,291.73046875,0.0,0.0,0.2109375,53.275230407714844
none,3,1088,1.0,0.0,1.0,1.0,1.0,1.0,15.16015625,121.59765625,127.5390625,109.140625,74.6328125,318.8984375,338.76171875,290.02734375,0.0,0.0,0.2109375,53.22004699707031
none,3,1089,1.0,0.0,1.0,1.0,1.0,1.0,14.91796875,122.2109375,126.3984375,109.6796875,75.0,321.85546875,335.51953125,291.6328125,0.0,0.0,0.1875,53.23577117919922
none,3,1090,1.0,0.0,1.0,1.0,1.0,1.0,14.99609375,120.49609375,126.5390625,110.546875,76.0,317.08984375,337.77734375,293.171875,0.0,0.0,0.2578125,53.316184997558594
none,3,1091,1.0,0.0,1.0,1.0,1.0,1.0,15.015625,120.26953125,128.20703125,109.0390625,74.29296875,314.56640625,339.69921875,291.9765625,0.0,0.0,0.25,53.23237228393555
none,3,1092,1.0,0.0,1.0,1.0,1.0,1.0,14.55078125,120.5078125,126.5390625,109.8515625,73.3515625,316.484375,335.82421875,292.7265625,0.0,0.0,0.26171875,53.141841888427734
none,3,1093,1.0,0.0,1.0,1.0,1.0,1.0,15.21484375,120.45703125,127.04296875,110.30078125,77.1171875,316.66015625,336.7265625,294.12109375,0.0,0.0,0.21484375,53.1926383972168
none,3,1094,1.0,0.0,1.0,1.0,1.0,1.0,15.23046875,121.48046875,126.30078125,109.29296875,75.26953125,319.1953125,336.21484375,291.34765625,0.0,0.0,0.19921875,53.2037353515625
none,3,1095,1.0,0.0,1.0,1.0,1.0,1.0,15.171875,122.2734375,127.91796875,110.0234375,74.67578125,320.421875,338.80859375,293.6484375,0.0,0.0,0.19140625,53.60578155517578
none,3,1096,1.0,0.0,1.0,1.0,1.0,1.0,15.1484375,121.5234375,125.0234375,110.15234375,75.953125,319.46484375,331.54296875,293.9609375,0.0,0.0,0.25390625,53.018638610839844
none,3,1097,1.0,0.0,1.0,1.0,1.0,1.0,15.39453125,120.53515625,127.359375,109.50390625,76.20703125,316.1875,338.46875,291.328125,0.0,0.0,0.17578125,53.48359680175781
none,3,1098,1.0,0.0,1.0,1.0,1.0,1.0,15.16015625,121.7109375,128.3984375,109.92578125,73.83203125,320.609375,341.33203125,291.546875,0.0,0.0,0.1875,53.67980194091797
none,3,1099,1.0,0.0,1.0,1.0,1.0,1.0,14.7265625,123.1640625,127.453125,109.2421875,75.0078125,322.55078125,339.72265625,289.94921875,0.0,0.0,0.24609375,53.66917037963867
none,3,1100,1.0,0.0,1.0,1.0,1.0,1.0,15.09765625,121.54296875,126.93359375,110.26171875,75.578125,317.3203125,337.4375,294.109375,0.0,0.0,0.17578125,53.30602264404297
none,3,1101,1.0,0.0,1.0,1.0,1.0,1.0,15.51953125,121.55078125,127.58984375,110.4375,75.703125,316.77734375,339.0078125,292.33203125,0.0,0.0,0.23046875,53.61811447143555
none,3,1102,1.0,0.0,1.0,1.0,1.0,1.0,15.03125,121.51953125,127.37109375,109.296875,75.79296875,318.90234375,337.796875,290.546875,0.0,0.0,0.23828125,53.181846618652344
none,3,1103,1.0,0.0,1.0,1.0,1.0,1.0,14.69921875,120.41796875,126.93359375,110.14453125,75.25390625,316.87109375,335.69140625,294.8359375,0.0,0.0,0.25,53.316162109375
none,3,1104,1.0,0.0,1.0,1.0,1.0,1.0,14.49609375,121.65625,127.6015625,109.77734375,73.5859375,319.796875,337.66796875,290.859375,0.0,0.0,0.1875,53.52134704589844
none,3,1105,1.0,0.0,1.0,1.0,1.0,1.0,14.54296875,123.40625,127.9765625,110.171875,75.63671875,322.8125,339.1796875,290.828125,0.0,0.0,0.24609375,53.896385192871094
none,3,1106,1.0,0.0,1.0,1.0,1.0,1.0,14.6640625,122.4296875,127.22265625,110.03515625,75.9609375,320.20703125,336.84765625,291.62109375,0.0,0.0,0.19921875,53.739234924316406
none,3,1107,1.0,0.0,1.0,1.0,1.0,1.0,14.875,122.2890625,127.29296875,109.7109375,74.8359375,320.37890625,335.31640625,292.96875,0.0,0.0,0.19921875,53.5915641784668
none,3,1108,1.0,0.0,1.0,1.0,1.0,1.0,14.75390625,123.48046875,128.19140625,111.0703125,74.9609375,324.22265625,338.484375,294.66015625,0.0,0.0,0.234375,54.19976043701172
none,3,1109,1.0,0.0,1.0,1.0,1.0,1.0,14.8125,123.140625,128.29296875,110.1328125,74.26171875,323.87109375,338.828125,291.96875,0.0,0.0,0.1953125,53.84315490722656
none,3,1110,1.0,0.0,1.0,1.0,1.0,1.0,15.09765625,122.17578125,128.39453125,109.69921875,75.06640625,320.34375,338.546875,289.4765625,0.0,0.0,0.2265625,53.7457389831543
none,3,1111,1.0,0.0,1.0,1.0,1.0,1.0,14.71484375,122.265625,129.5703125,110.51171875,74.296875,319.11328125,340.88671875,293.421875,0.0,0.0,0.2109375,54.190879821777344
none,3,1112,1.0,0.0,1.0,1.0,1.0,1.0,14.5234375,122.90234375,128.16796875,109.61328125,74.8125,320.8671875,339.34765625,290.5625,0.0,0.0,0.20703125,53.978477478027344
none,3,1113,1.0,0.0,1.0,1.0,1.0,1.0,15.07421875,121.546875,129.32421875,108.5,76.4375,319.93359375,341.58984375,288.96875,0.0,0.0,0.24609375,53.625762939453125
none,3,1114,1.0,0.0,1.0,1.0,1.0,1.0,14.50390625,122.421875,128.54296875,111.08203125,74.22265625,320.09765625,338.84765625,295.5234375,0.0,0.0,0.2109375,54.0959587097168
none,3,1115,1.0,0.0,1.0,1.0,1.0,1.0,14.4765625,122.453125,128.47265625,111.22265625,73.3359375,320.9453125,340.12109375,294.69921875,0.0,0.0,0.24609375,53.93548583984375
none,3,1116,1.0,0.0,1.0,1.0,1.0,1.0,14.74609375,121.99609375,127.8203125,111.62109375,74.78125,319.046875,337.14453125,296.97265625,0.0,0.0,0.21484375,53.9370231628418
none,3,1117,1.0,0.0,1.0,1.0,1.0,1.0,14.59375,120.8359375,128.08203125,112.6953125,73.41796875,316.90234375,338.828125,297.1015625,0.0,0.0,0.1875,54.100154876708984
none,3,1118,1.0,0.0,1.0,1.0,1.0,1.0,15.3125,121.984375,128.37109375,110.65234375,75.25,318.8203125,340.13671875,293.39453125,0.0,0.0,0.24609375,53.780845642089844
none,3,1119,1.0,0.0,1.0,1.0,1.0,1.0,14.8125,122.9140625,127.7890625,112.3515625,74.9375,320.79296875,338.0625,296.671875,0.0,0.0,0.1875,54.17808151245117
none,3,1120,1.0,0.0,1.0,1.0,1.0,1.0,15.01171875,122.18359375,128.6328125,111.8984375,76.16796875,318.23828125,338.22265625,297.08203125,0.0,0.0,0.2109375,54.11210632324219
none,3,1121,1.0,0.0,1.0,1.0,1.0,1.0,15.11328125,123.25390625,128.15625,111.13671875,76.30078125,321.71484375,338.30859375,293.3671875,0.0,0.0,0.17578125,54.082244873046875
none,3,1122,1.0,0.0,1.0,1.0,1.0,1.0,14.4140625,123.328125,128.9453125,110.68359375,73.2421875,321.390625,341.2734375,292.1953125,0.0,0.0,0.1796875,54.20151901245117
none,3,1123,1.0,0.0,1.0,1.0,1.0,1.0,14.390625,121.76953125,129.21484375,112.1640625,73.21484375,319.1796875,341.74609375,296.12109375,0.0,0.0,0.17578125,54.258995056152344
none,3,1124,1.0,0.0,1.0,1.0,1.0,1.0,14.7265625,123.31640625,129.00390625,111.9921875,74.25390625,321.203125,340.7421875,296.8046875,0.0,0.0,0.17578125,54.41752243041992
none,3,1125,1.0,0.0,1.0,1.0,1.0,1.0,14.7421875,123.79296875,128.03125,110.59375,75.40625,324.2265625,337.0546875,291.1484375,0.0,0.0,0.15234375,53.94683837890625
none,3,1126,1.0,0.0,1.0,1.0,1.0,1.0,14.47265625,123.53515625,129.28515625,111.07421875,73.484375,321.98828125,340.88671875,293.81640625,0.0,0.0,0.1953125,54.449005126953125
none,3,1127,1.0,0.0,1.0,1.0,1.0,1.0,14.8203125,122.7265625,129.58984375,111.390625,74.75390625,321.5859375,343.45703125,293.73046875,0.0,0.0,0.19140625,54.344444274902344
none,3,1128,1.0,0.0,1.0,1.0,1.0,1.0,14.69921875,122.67578125,128.23046875,112.37109375,75.5234375,319.53515625,337.74609375,297.35546875,0.0,0.0,0.19921875,54.304931640625
none,3,1129,1.0,0.0,1.0,1.0,1.0,1.0,15.11328125,123.3515625,129.31640625,111.7421875,77.40234375,322.390625,340.01953125,295.5859375,0.0,0.0,0.1875,54.528133392333984
none,3,1130,1.0,0.0,1.0,1.0,1.0,1.0,14.69140625,123.6640625,128.453125,112.04296875,75.2421875,322.0625,337.28125,296.44140625,0.0,0.0,0.20703125,54.392303466796875
none,3,1131,1.0,0.0,1.0,1.0,1.0,1.0,14.50390625,123.6796875,127.984375,110.578125,74.3359375,323.87109375,337.84375,291.6953125,0.0,0.0,0.18359375,54.3396110534668
none,3,1132,1.0,0.0,1.0,1.0,1.0,1.0,15.3671875,123.171875,127.73828125,111.79296875,76.15234375,321.19140625,337.12109375,295.65625,0.0,0.0,0.171875,54.071632385253906
none,3,1133,1.0,0.0,1.0,1.0,1.0,1.0,14.734375,123.6796875,127.25,112.04296875,75.82421875,322.625,335.31640625,297.046875,0.0,0.0,0.19140625,54.3111686706543
none,3,1134,1.0,0.0,1.0,1.0,1.0,1.0,14.64453125,123.8515625,128.57421875,112.03515625,74.8359375,322.10546875,337.40234375,294.875,0.0,0.0,0.19921875,54.54058837890625
none,3,1135,1.0,0.0,1.0,1.0,1.0,1.0,14.58984375,124.19140625,128.25,110.59375,74.73046875,323.99609375,338.83203125,290.81640625,0.0,0.0,0.19921875,54.30991744995117
none,3,1136,1.0,0.0,1.0,1.0,1.0,1.0,14.953125,122.93359375,128.5,110.390625,77.69140625,321.640625,338.05078125,291.3125,0.0,0.0,0.16015625,53.96123504638672
none,3,1137,1.0,0.0,1.0,1.0,1.0,1.0,14.69140625,125.3125,128.953125,112.34765625,76.70703125,326.859375,338.98828125,296.9375,0.0,0.0,0.265625,54.91013717651367
none,3,1138,1.0,0.0,1.0,1.0,1.0,1.0,14.8046875,123.671875,127.9453125,113.11328125,76.3203125,322.7421875,336.734375,297.22265625,0.0,0.0,0.23046875,54.659149169921875
none,3,1139,1.0,0.0,1.0,1.0,1.0,1.0,14.58203125,123.1875,128.53515625,112.05078125,74.6015625,321.0703125,338.75,295.45703125,0.0,0.0,0.16796875,54.286460876464844
none,3,1140,1.0,0.0,1.0,1.0,1.0,1.0,14.2578125,123.8671875,129.3984375,112.4765625,73.7109375,323.28125,338.8515625,296.37109375,0.0,0.0,0.2265625,54.73356246948242
none,3,1141,1.0,0.0,1.0,1.0,1.0,1.0,14.53515625,122.890625,128.33203125,112.48046875,74.6171875,320.14453125,338.44140625,296.234375,0.0,0.0,0.20703125,54.48969650268555
none,3,1142,1.0,0.0,1.0,1.0,1.0,1.0,14.8515625,123.06640625,127.9765625,112.94140625,74.8125,319.77734375,337.7421875,298.51171875,0.0,0.0,0.23828125,54.33849334716797
none,3,1143,1.0,0.0,1.0,1.0,1.0,1.0,14.359375,124.3125,129.16015625,112.4453125,74.33984375,322.09765625,338.62109375,296.19921875,0.0,0.0,0.2421875,54.83233642578125
none,3,1144,1.0,0.0,1.0,1.0,1.0,1.0,14.61328125,123.2421875,128.81640625,112.65234375,75.2734375,319.453125,340.03125,296.59375,0.0,0.0,0.19921875,54.5417594909668
none,3,1145,1.0,0.0,1.0,1.0,1.0,1.0,14.9296875,123.796875,130.54296875,112.03125,77.0625,320.83984375,342.4765625,294.68359375,0.0,0.0,0.1796875,54.801326751708984
none,3,1146,1.0,0.0,1.0,1.0,1.0,1.0,14.32421875,123.7109375,129.69140625,112.3515625,74.1171875,322.0703125,340.921875,295.84765625,0.0,0.0,0.25390625,54.76252746582031
none,3,1147,1.0,0.0,1.0,1.0,1.0,1.0,14.77734375,124.12890625,130.0390625,112.8359375,75.03125,320.78515625,340.109375,296.79296875,0.0,0.0,0.15625,55.03318786621094
none,3,1148,1.0,0.0,1.0,1.0,1.0,1.0,14.4375,124.0,129.83984375,112.7578125,74.48046875,322.0390625,340.484375,296.74609375,0.0,0.0,0.2109375,54.93098068237305
none,3,1149,1.0,0.0,1.0,1.0,1.0,1.0,14.61328125,124.90234375,129.61328125,110.078125,75.21484375,324.33203125,340.45703125,289.50390625,0.0,0.0,0.2265625,54.616477966308594
none,3,1150,1.0,0.0,1.0,1.0,1.0,1.0,14.68359375,123.89453125,129.77734375,112.91015625,75.82421875,321.41796875,341.40625,296.640625,0.0,0.0,0.23828125,54.666656494140625
none,3,1151,1.0,0.0,1.0,1.0,1.0,1.0,14.6796875,124.96484375,130.125,112.7265625,75.38671875,324.31640625,341.4453125,296.03515625,0.0,0.0,0.18359375,55.235130310058594
none,3,1152,1.0,0.0,1.0,1.0,1.0,1.0,14.84765625,124.05078125,130.3671875,112.5546875,77.7109375,322.21484375,341.63671875,296.6171875,0.0,0.0,0.23828125,55.001182556152344
none,3,1153,1.0,0.0,1.0,1.0,1.0,1.0,14.33203125,123.50390625,130.046875,113.7578125,74.66015625,320.87109375,341.35546875,299.578125,0.0,0.0,0.2421875,55.180809020996094
none,3,1154,1.0,0.0,1.0,1.0,1.0,1.0,14.23828125,125.0078125,130.65234375,110.9140625,76.37109375,325.359375,342.859375,291.84375,0.0,0.0,0.22265625,54.88935470581055
none,3,1155,1.0,0.0,1.0,1.0,1.0,1.0,14.453125,124.3515625,129.02734375,113.40625,76.0625,321.796875,339.1171875,297.3359375,0.0,0.0,0.1796875,55.0455436706543
none,3,1156,1.0,0.0,1.0,1.0,1.0,1.0,15.21875,123.5625,128.5546875,114.88671875,78.07421875,321.22265625,337.671875,301.49609375,0.0,0.0,0.19140625,55.0804557800293
none,3,1157,1.0,0.0,1.0,1.0,1.0,1.0,14.0,123.92578125,130.20703125,112.8671875,72.98828125,322.72265625,340.6796875,296.09375,0.0,0.0,0.23828125,54.94598388671875
none,3,1158,1.0,0.0,1.0,1.0,1.0,1.0,14.54296875,123.578125,129.37890625,113.7578125,74.97265625,322.265625,341.33203125,298.421875,0.0,0.0,0.16796875,54.9552116394043
none,3,1159,1.0,0.0,1.0,1.0,1.0,1.0,14.32421875,124.90625,129.65625,112.75,74.66796875,324.52734375,341.48046875,294.79296875,0.0,0.0,0.23828125,55.04563522338867
none,3,1160,1.0,0.0,1.0,1.0,1.0,1.0,14.40234375,125.1328125,129.70703125,112.56640625,74.7578125,326.9296875,341.23828125,295.63671875,0.0,0.0,0.140625,55.291893005371094
none,3,1161,1.0,0.0,1.0,1.0,1.0,1.0,14.01953125,124.53125,129.96875,113.21875,73.25390625,325.09375,341.27734375,298.765625,0.0,0.0,0.18359375,55.1873779296875
none,3,1162,1.0,0.0,1.0,1.0,1.0,1.0,14.48828125,124.86328125,129.71484375,112.69921875,74.19140625,324.7265625,340.43359375,295.65625,0.0,0.0,0.1875,55.02806091308594
none,3,1163,1.0,0.0,1.0,1.0,1.0,1.0,14.1875,125.74609375,130.42578125,111.08984375,73.66796875,327.60546875,340.16796875,288.96484375,0.0,0.0,0.2109375,55.232566833496094
none,3,1164,1.0,0.0,1.0,1.0,1.0,1.0,14.07421875,125.328125,129.703125,112.98046875,72.6640625,326.328125,339.5390625,294.578125,0.0,0.0,0.20703125,55.207740783691406
none,3,1165,1.0,0.0,1.0,1.0,1.0,1.0,14.7109375,125.1875,129.3984375,113.73046875,75.875,324.984375,337.90625,297.07421875,0.0,0.0,0.17578125,55.47283935546875
none,3,1166,1.0,0.0,1.0,1.0,1.0,1.0,14.171875,126.0078125,129.703125,114.3203125,72.94921875,326.984375,338.56640625,297.72265625,0.0,0.0,0.15625,55.4701042175293
none,3,1167,1.0,0.0,1.0,1.0,1.0,1.0,14.30078125,124.82421875,130.1953125,113.73828125,74.359375,322.8671875,339.94140625,296.15625,0.0,0.0,0.1796875,55.42940902709961
none,3,1168,1.0,0.0,1.0,1.0,1.0,1.0,14.0703125,125.43359375,129.35546875,112.484375,73.94140625,325.22265625,338.5859375,293.484375,0.0,0.0,0.1796875,55.05149841308594
none,3,1169,1.0,0.0,1.0,1.0,1.0,1.0,13.73828125,124.58203125,130.12109375,112.96484375,72.9296875,322.10546875,339.984375,295.734375,0.0,0.0,0.18359375,55.172542572021484
none,3,1170,1.0,0.0,1.0,1.0,1.0,1.0,14.328125,125.09375,130.88671875,113.15625,73.921875,323.6953125,341.8203125,294.328125,0.0,0.0,0.18359375,55.274864196777344
none,3,1171,1.0,0.0,1.0,1.0,1.0,1.0,14.328125,127.05078125,131.01171875,113.20703125,74.36328125,328.0,340.3828125,294.33984375,0.0,0.0,0.26953125,55.718719482421875
none,3,1172,1.0,0.0,1.0,1.0,1.0,1.0,14.39453125,125.3984375,132.109375,113.48828125,74.671875,322.484375,344.21484375,294.828125,0.0,0.0,0.1953125,55.816741943359375
none,3,1173,1.0,0.0,1.0,1.0,1.0,1.0,14.56640625,124.5859375,130.98828125,112.68359375,74.33984375,320.63671875,341.89453125,294.80078125,0.0,0.0,0.18359375,55.401153564453125
none,3,1174,1.0,0.0,1.0,1.0,1.0,1.0,14.3203125,125.1875,130.0234375,113.05078125,73.07421875,321.87890625,337.484375,294.18359375,0.0,0.0,0.21875,55.18976593017578
none,3,1175,1.0,0.0,1.0,1.0,1.0,1.0,13.97265625,125.140625,131.125,112.80078125,72.56640625,323.87109375,340.0703125,294.3828125,0.0,0.0,0.1953125,55.39069747924805
none,3,1176,1.0,0.0,1.0,1.0,1.0,1.0,14.55859375,126.4765625,130.37109375,114.5234375,74.5,325.671875,340.52734375,298.66796875,0.0,0.0,0.203125,55.7830810546875
none,3,1177,1.0,0.0,1.0,1.0,1.0,1.0,14.4609375,124.1640625,130.25,114.703125,75.1484375,321.12109375,338.40234375,299.46484375,0.0,0.0,0.21875,55.44831466674805
none,3,1178,1.0,0.0,1.0,1.0,1.0,1.0,13.8046875,124.8203125,131.19140625,113.52734375,73.4765625,322.6796875,341.7890625,297.05078125,0.0,0.0,0.203125,55.42346954345703
none,3,1179,1.0,0.0,1.0,1.0,1.0,1.0,14.60546875,125.61328125,131.625,114.859375,74.94140625,323.8984375,343.7578125,298.3828125,0.0,0.0,0.1875,56.07453536987305
none,3,1180,1.0,0.0,1.0,1.0,1.0,1.0,14.16796875,125.20703125,130.3515625,115.55859375,75.1171875,322.5625,339.27734375,301.1484375,0.0,0.0,0.171875,55.876182556152344
none,3,1181,1.0,0.0,1.0,1.0,1.0,1.0,13.8203125,125.25,131.609375,114.1484375,71.99609375,324.07421875,342.87109375,298.546875,0.0,0.0,0.23046875,55.847145080566406
none,3,1182,1.0,0.0,1.0,1.0,1.0,1.0,14.4140625,125.44140625,131.28515625,114.03125,76.01171875,325.7109375,340.58984375,296.7578125,0.0,0.0,0.171875,55.644813537597656
none,3,1183,1.0,0.0,1.0,1.0,1.0,1.0,14.30859375,125.2890625,131.19140625,115.03515625,74.015625,323.85546875,341.984375,300.49609375,0.0,0.0,0.16015625,55.85807418823242
none,3,1184,1.0,0.0,1.0,1.0,1.0,1.0,13.9453125,125.39453125,130.78515625,115.15234375,72.29296875,324.1796875,341.265625,300.24609375,0.0,0.0,0.23046875,55.816139221191406
none,3,1185,1.0,0.0,1.0,1.0,1.0,1.0,13.60546875,124.671875,131.20703125,114.58203125,72.63671875,321.640625,342.0,298.88671875,0.0,0.0,0.25,55.836181640625
none,3,1186,1.0,0.0,1.0,1.0,1.0,1.0,13.53515625,124.84765625,131.98046875,114.69140625,71.5546875,323.08984375,344.2734375,298.9921875,0.0,0.0,0.171875,55.94532012939453
none,3,1187,1.0,0.0,1.0,1.0,1.0,1.0,14.0546875,125.53125,131.73046875,113.9375,71.8984375,323.10546875,342.3828125,297.32421875,0.0,0.0,0.22265625,55.77618408203125
none,3,1188,1.0,0.0,1.0,1.0,1.0,1.0,14.57421875,125.13671875,131.25,114.9609375,78.02734375,323.234375,341.63671875,299.26171875,0.0,0.0,0.17578125,55.79011535644531
none,3,1189,1.0,0.0,1.0,1.0,1.0,1.0,13.9375,126.55078125,130.109375,115.21875,72.41796875,325.609375,337.80859375,300.01171875,0.0,0.0,0.20703125,55.923484802246094
none,3,1190,1.0,0.0,1.0,1.0,1.0,1.0,13.50390625,126.28125,131.25390625,114.43359375,71.35546875,325.2265625,342.66796875,297.6875,0.0,0.0,0.17578125,56.09165573120117
none,3,1191,1.0,0.0,1.0,1.0,1.0,1.0,13.98046875,126.8203125,131.796875,115.84375,71.47265625,327.40625,342.1953125,300.734375,0.0,0.0,0.1640625,56.435211181640625
none,3,1192,1.0,0.0,1.0,1.0,1.0,1.0,13.875,126.2890625,130.34765625,115.046875,71.48828125,325.5078125,339.20703125,298.8046875,0.0,0.0,0.2109375,56.073265075683594
none,3,1193,1.0,0.0,1.0,1.0,1.0,1.0,13.97265625,126.1796875,131.03125,114.59375,70.98046875,324.12890625,341.4140625,299.19140625,0.0,0.0,0.21875,55.972103118896484
none,3,1194,1.0,0.0,1.0,1.0,1.0,1.0,14.34375,126.51171875,131.93359375,114.2734375,73.34765625,326.59765625,343.546875,296.91015625,0.0,0.0,0.1796875,56.179351806640625
none,3,1195,1.0,0.0,1.0,1.0,1.0,1.0,14.1015625,125.63671875,131.59375,114.8671875,74.55859375,324.65625,342.3984375,298.67578125,0.0,0.0,0.1484375,56.0837516784668
none,3,1196,1.0,0.0,1.0,1.0,1.0,1.0,14.3203125,126.62890625,132.2109375,115.37109375,74.72265625,326.14453125,344.1875,299.5703125,0.0,0.0,0.1953125,56.371089935302734
none,3,1197,1.0,0.0,1.0,1.0,1.0,1.0,13.94140625,126.79296875,132.31640625,115.203125,74.44921875,325.76953125,343.953125,298.0546875,0.0,0.0,0.19921875,56.36167526245117
none,3,1198,1.0,0.0,1.0,1.0,1.0,1.0,13.75390625,128.2578125,133.59765625,112.83203125,73.76953125,329.20703125,348.50390625,293.0078125,0.0,0.0,0.18359375,56.646602630615234
none,3,1199,1.0,0.0,1.0,1.0,1.0,1.0,14.16796875,125.07421875,131.31640625,116.2109375,73.23828125,321.32421875,341.765625,300.62890625,0.0,0.0,0.18359375,56.331581115722656
none,4,0,1.0,0.0,1.0,1.0,1.0,1.0,23.5546875,27.67578125,26.4296875,24.73828125,186.2265625,207.9375,199.08203125,190.15625,0.0,0.0,18.52734375,0.13149583339691162
none,4,1,1.0,0.0,1.0,1.0,1.0,1.0,25.16015625,28.48828125,28.5625,26.2109375,191.19140625,206.9375,204.41015625,188.2421875,0.0,0.0,18.03515625,0.7422726154327393
none,4,2,1.0,0.0,1.0,1.0,1.0,1.0,26.1171875,29.375,30.30078125,28.9609375,184.30078125,201.8125,212.46875,194.1484375,0.0,0.0,17.40625,1.6690014600753784
none,4,3,1.0,0.0,1.0,1.0,1.0,1.0,27.42578125,31.86328125,30.64453125,29.8203125,181.01953125,208.359375,209.75390625,193.78515625,0.0,0.0,17.06640625,1.9810800552368164
none,4,4,1.0,0.0,1.0,1.0,1.0,1.0,27.71875,33.6796875,32.15625,31.23828125,177.1484375,211.3046875,204.8125,195.31640625,0.0,0.0,16.62109375,2.7855186462402344
none,4,5,1.0,0.0,1.0,1.0,1.0,1.0,28.95703125,33.5,34.4296875,32.43359375,175.57421875,203.58203125,206.58984375,191.08203125,0.0,0.0,16.9609375,3.0893330574035645
none,4,6,1.0,0.0,1.0,1.0,1.0,1.0,30.6796875,37.13671875,35.40234375,34.14453125,171.875,209.46484375,199.8515625,191.5859375,0.0,0.0,16.015625,4.079959392547607
none,4,7,1.0,0.0,1.0,1.0,1.0,1.0,31.21484375,37.60546875,38.3359375,36.1875,168.125,202.86328125,207.328125,191.29296875,0.0,0.0,15.5390625,4.823581695556641
none,4,8,1.0,0.0,1.0,1.0,1.0,1.0,31.69140625,39.2265625,39.8359375,38.6328125,163.5234375,199.22265625,203.29296875,193.1171875,0.0,0.0,15.40234375,5.795051097869873
none,4,9,1.0,0.0,1.0,1.0,1.0,1.0,33.8515625,42.26953125,40.5390625,38.1875,163.37109375,204.24609375,198.5078125,179.9375,0.0,0.0,15.33984375,6.07495641708374
none,4,10,1.0,0.0,1.0,1.0,1.0,1.0,35.39453125,42.859375,41.97265625,40.83203125,161.23828125,193.56640625,193.28125,180.33984375,0.0,0.0,14.4765625,6.701343059539795
none,4,11,1.0,0.0,1.0,1.0,1.0,1.0,35.15234375,44.9609375,44.10546875,41.08984375,153.6484375,194.765625,191.296875,171.7421875,0.0,0.0,13.9609375,7.623910427093506
none,4,12,1.0,0.0,1.0,1.0,1.0,1.0,36.1875,46.4296875,44.75390625,43.9296875,149.55859375,189.22265625,182.46484375,175.8046875,0.0,0.0,13.5625,8.315017700195312
none,4,13,1.0,0.0,1.0,1.0,1.0,1.0,36.3359375,47.8828125,44.85546875,44.7890625,143.78125,186.3203125,174.30859375,170.6171875,0.0,0.0,13.546875,8.676122665405273
none,4,14,1.0,0.0,1.0,1.0,1.0,1.0,38.0859375,48.171875,45.578125,46.8515625,144.42578125,178.4921875,170.1015625,170.53125,0.0,0.0,12.9296875,9.078834533691406
none,4,15,1.0,0.0,1.0,1.0,1.0,1.0,37.59375,48.34375,46.95703125,47.3125,139.29296875,173.86328125,169.64453125,169.04296875,0.0,0.0,12.81640625,9.528142929077148
none,4,16,1.0,0.0,1.0,1.0,1.0,1.0,38.69921875,51.33203125,47.4296875,47.3984375,141.5546875,178.0625,168.5,166.84375,0.0,0.0,12.4375,10.202043533325195
none,4,17,1.0,0.0,1.0,1.0,1.0,1.0,39.08984375,51.58984375,47.875,47.81640625,141.62890625,176.91015625,167.2265625,168.4609375,0.0,0.0,12.44140625,10.140256881713867
none,4,18,1.0,0.0,1.0,1.0,1.0,1.0,38.6875,52.2265625,47.1484375,50.5703125,138.328125,177.63671875,160.52734375,175.33203125,0.0,0.0,12.23828125,10.920095443725586
none,4,19,1.0,0.0,1.0,1.0,1.0,1.0,40.10546875,51.1171875,48.5,49.34375,142.890625,172.12890625,164.2265625,170.59765625,0.0,0.0,12.40625,10.452142715454102
none,4,20,1.0,0.0,1.0,1.0,1.0,1.0,41.40625,52.234375,49.08203125,51.0859375,148.63671875,173.625,165.37109375,176.7421875,0.0,0.0,11.77734375,11.008955001831055
none,4,21,1.0,0.0,1.0,1.0,1.0,1.0,39.73046875,52.58203125,50.359375,51.87109375,142.80859375,171.47265625,168.421875,179.76171875,0.0,0.0,11.60546875,11.799361228942871
none,4,22,1.0,0.0,1.0,1.0,1.0,1.0,41.3515625,52.93359375,50.26953125,51.5703125,147.64453125,174.7734375,168.5234375,178.8046875,0.0,0.0,11.1953125,11.576126098632812
none,4,23,1.0,0.0,1.0,1.0,1.0,1.0,41.5546875,53.63671875,50.9375,52.29296875,149.5703125,175.54296875,169.71484375,180.72265625,0.0,0.0,10.90625,11.939650535583496
none,4,24,1.0,0.0,1.0,1.0,1.0,1.0,40.875,54.24609375,52.0,52.37109375,147.26953125,178.52734375,171.640625,181.31640625,0.0,0.0,10.59375,12.437090873718262
none,4,25,1.0,0.0,1.0,1.0,1.0,1.0,41.9765625,54.6171875,52.234375,51.80859375,150.16015625,179.24609375,172.515625,177.90234375,0.0,0.0,10.34765625,12.20606803894043
none,4,26,1.0,0.0,1.0,1.0,1.0,1.0,41.28125,56.87109375,52.43359375,52.96484375,150.5546875,185.8515625,174.43359375,181.4921875,0.0,0.0,10.08203125,13.069425582885742
none,4,27,1.0,0.0,1.0,1.0,1.0,1.0,40.8515625,57.0859375,53.3984375,52.390625,148.20703125,188.26171875,176.796875,179.1875,0.0,0.0,10.01171875,13.135839462280273
none,4,28,1.0,0.0,1.0,1.0,1.0,1.0,41.609375,57.05859375,53.8046875,53.63671875,150.7734375,186.90625,176.3046875,183.28125,0.0,0.0,9.8828125,13.292999267578125
none,4,29,1.0,0.0,1.0,1.0,1.0,1.0,41.01171875,58.7578125,53.78515625,53.328125,147.640625,192.83984375,177.9609375,179.62109375,0.0,0.0,9.734375,13.710189819335938
none,4,30,1.0,0.0,1.0,1.0,1.0,1.0,40.86328125,59.84375,54.12109375,52.56640625,145.33203125,193.56640625,176.859375,178.98046875,0.0,0.0,9.12890625,13.886266708374023
none,4,31,1.0,0.0,1.0,1.0,1.0,1.0,40.67578125,59.86328125,55.04296875,52.56640625,144.625,193.0859375,178.6640625,176.14453125,0.0,0.0,9.24609375,13.987495422363281
none,4,32,1.0,0.0,1.0,1.0,1.0,1.0,41.52734375,59.98828125,55.7421875,53.7890625,147.56640625,194.2421875,179.625,179.75390625,0.0,0.0,8.80859375,14.398558616638184
none,4,33,1.0,0.0,1.0,1.0,1.0,1.0,40.015625,62.4375,56.25390625,52.33203125,140.46875,200.7265625,182.4140625,174.2109375,0.0,0.0,8.47265625,14.786809921264648
none,4,34,1.0,0.0,1.0,1.0,1.0,1.0,40.44140625,62.28515625,56.6875,54.40234375,141.5078125,200.03515625,184.5703125,180.84375,0.0,0.0,8.35546875,15.395437240600586
none,4,35,1.0,0.0,1.0,1.0,1.0,1.0,40.90625,62.359375,57.57421875,53.765625,141.46484375,200.32421875,184.4609375,176.46875,0.0,0.0,8.29296875,15.455215454101562
none,4,36,1.0,0.0,1.0,1.0,1.0,1.0,40.71875,63.58984375,57.41796875,54.81640625,140.42578125,203.515625,184.98828125,179.2265625,0.0,0.0,7.66015625,16.023412704467773
none,4,37,1.0,0.0,1.0,1.0,1.0,1.0,41.890625,63.546875,57.93359375,53.796875,144.3984375,199.76953125,184.44921875,174.984375,0.0,0.0,7.9609375,15.569416046142578
none,4,38,1.0,0.0,1.0,1.0,1.0,1.0,41.484375,63.234375,57.6171875,54.58203125,142.10546875,201.69921875,184.5234375,177.9765625,0.0,0.0,7.41796875,15.629858016967773
none,4,39,1.0,0.0,1.0,1.0,1.0,1.0,41.19140625,65.5859375,60.16796875,53.6875,142.515625,211.01953125,192.44140625,175.3671875,0.0,0.0,6.98828125,16.489990234375
none,4,40,1.0,0.0,1.0,1.0,1.0,1.0,40.234375,64.84375,60.890625,54.06640625,138.8671875,208.14453125,196.48046875,175.41796875,0.0,0.0,7.0390625,16.903226852416992
none,4,41,1.0,0.0,1.0,1.0,1.0,1.0,41.828125,64.41796875,60.14453125,54.0078125,140.9921875,206.83984375,192.37109375,175.953125,0.0,0.0,6.46484375,16.525781631469727
none,4,42,1.0,0.0,1.0,1.0,1.0,1.0,40.90234375,66.421875,59.84765625,53.484375,139.4609375,213.203125,190.171875,172.3046875,0.0,0.0,6.19921875,16.742645263671875
none,4,43,1.0,0.0,1.0,1.0,1.0,1.0,40.62109375,66.17578125,62.13671875,53.83203125,137.31640625,212.84375,197.37890625,174.265625,0.0,0.0,6.11328125,17.473217010498047
none,4,44,1.0,0.0,1.0,1.0,1.0,1.0,40.34375,66.828125,61.04296875,53.3515625,137.21484375,213.51953125,194.4609375,173.84765625,0.0,0.0,5.9765625,17.314956665039062
none,4,45,1.0,0.0,1.0,1.0,1.0,1.0,40.13671875,65.31640625,61.87109375,54.82421875,137.04296875,206.0703125,197.125,175.9296875,0.0,0.0,5.89453125,17.351276397705078
none,4,46,1.0,0.0,1.0,1.0,1.0,1.0,40.6796875,65.79296875,61.05078125,55.49609375,137.00390625,208.328125,193.80078125,178.3359375,0.0,0.0,5.6796875,17.507429122924805
none,4,47,1.0,0.0,1.0,1.0,1.0,1.0,39.1796875,65.4765625,59.6328125,56.265625,133.109375,208.21484375,190.140625,179.78125,0.0,0.0,5.7265625,17.483558654785156
none,4,48,1.0,0.0,1.0,1.0,1.0,1.0,39.97265625,65.9296875,60.8671875,54.40625,135.75390625,210.0625,194.18359375,174.83203125,0.0,0.0,5.453125,17.668102264404297
none,4,49,1.0,0.0,1.0,1.0,1.0,1.0,40.3515625,66.27734375,61.99609375,53.94921875,137.65234375,212.83984375,200.05078125,174.92578125,0.0,0.0,5.1328125,17.713050842285156
none,4,50,1.0,0.0,1.0,1.0,1.0,1.0,40.21484375,66.01953125,62.75390625,54.66015625,138.8515625,212.88671875,202.21484375,176.984375,0.0,0.0,4.86328125,17.91678237915039
none,4,51,1.0,0.0,1.0,1.0,1.0,1.0,37.30859375,65.8515625,63.02734375,54.3359375,129.23046875,211.80859375,204.93359375,176.07421875,0.0,0.0,5.08984375,18.171016693115234
none,4,52,1.0,0.0,1.0,1.0,1.0,1.0,40.4921875,64.94921875,63.10546875,55.51953125,139.3671875,208.27734375,205.93359375,180.44140625,0.0,0.0,4.8671875,17.81035614013672
none,4,53,1.0,0.0,1.0,1.0,1.0,1.0,39.8671875,66.0390625,61.41015625,55.47265625,137.84765625,212.17578125,201.56640625,181.2734375,0.0,0.0,5.05859375,17.884654998779297
none,4,54,1.0,0.0,1.0,1.0,1.0,1.0,40.0546875,65.609375,63.17578125,54.67578125,137.40625,211.1015625,205.8828125,179.73828125,0.0,0.0,4.91015625,17.63156509399414
none,4,55,1.0,0.0,1.0,1.0,1.0,1.0,39.37109375,65.1640625,64.5078125,54.4765625,136.23046875,211.4296875,211.890625,178.3359375,0.0,0.0,4.8515625,17.949413299560547
none,4,56,1.0,0.0,1.0,1.0,1.0,1.0,39.328125,65.0625,62.921875,54.83203125,137.68359375,211.875,207.1953125,180.625,0.0,0.0,4.75,17.780324935913086
none,4,57,1.0,0.0,1.0,1.0,1.0,1.0,39.625,64.52734375,62.58984375,54.953125,137.53515625,210.8203125,203.7421875,180.046875,0.0,0.0,4.8984375,17.5166015625
none,4,58,1.0,0.0,1.0,1.0,1.0,1.0,39.9609375,65.59765625,62.62109375,56.07421875,139.84765625,211.7421875,203.921875,183.8125,0.0,0.0,4.93359375,17.855985641479492
none,4,59,1.0,0.0,1.0,1.0,1.0,1.0,39.6953125,65.98046875,61.9609375,55.19921875,137.296875,210.9140625,200.15234375,181.3203125,0.0,0.0,4.859375,17.632192611694336
none,4,60,1.0,0.0,1.0,1.0,1.0,1.0,39.453125,64.39453125,62.12109375,57.03125,137.9453125,207.59375,202.25,186.68359375,0.0,0.0,4.7578125,17.718196868896484
none,4,61,1.0,0.0,1.0,1.0,1.0,1.0,38.71484375,64.76953125,60.67578125,56.33203125,136.5859375,209.7734375,198.2265625,184.94140625,0.0,0.0,4.7265625,17.71393394470215
none,4,62,1.0,0.0,1.0,1.0,1.0,1.0,39.26953125,66.20703125,60.4296875,54.87890625,139.32421875,213.46875,196.16015625,181.21875,0.0,0.0,4.80078125,17.762187957763672
none,4,63,1.0,0.0,1.0,1.0,1.0,1.0,38.078125,65.8125,61.328125,53.6953125,133.8125,212.91015625,201.7265625,178.43359375,0.0,0.0,4.8125,17.74490737915039
none,4,64,1.0,0.0,1.0,1.0,1.0,1.0,38.8125,67.26953125,61.27734375,54.734375,139.73046875,217.80859375,202.16015625,182.359375,0.0,0.0,4.7421875,17.819698333740234
none,4,65,1.0,0.0,1.0,1.0,1.0,1.0,39.12109375,65.75390625,62.046875,54.375,139.0078125,214.55859375,205.42578125,181.01953125,0.0,0.0,4.93359375,17.744441986083984
none,4,66,1.0,0.0,1.0,1.0,1.0,1.0,37.83203125,67.1875,61.2421875,54.91015625,136.33984375,218.0703125,201.9921875,182.875,0.0,0.0,4.90234375,18.198888778686523
none,4,67,1.0,0.0,1.0,1.0,1.0,1.0,38.59375,66.2109375,62.26953125,54.6484375,138.171875,216.4296875,204.3828125,179.76953125,0.0,0.0,4.7578125,18.208881378173828
none,4,68,1.0,0.0,1.0,1.0,1.0,1.0,38.88671875,66.4140625,61.8671875,54.5,141.27734375,216.42578125,203.12890625,182.1953125,0.0,0.0,4.69921875,17.863191604614258
none,4,69,1.0,0.0,1.0,1.0,1.0,1.0,37.8125,65.82421875,60.578125,55.59765625,138.2890625,215.58203125,201.84375,185.765625,0.0,0.0,4.9296875,17.66731071472168
none,4,70,1.0,0.0,1.0,1.0,1.0,1.0,37.90625,66.04296875,59.80078125,54.55078125,137.91015625,218.1015625,200.203125,180.67578125,0.0,0.0,4.99609375,17.553085327148438
none,4,71,1.0,0.0,1.0,1.0,1.0,1.0,38.5546875,65.20703125,60.82421875,55.1171875,140.65234375,215.6640625,204.33203125,185.5546875,0.0,0.0,5.14453125,17.339218139648438
none,4,72,1.0,0.0,1.0,1.0,1.0,1.0,38.2890625,67.27734375,59.97265625,55.85546875,139.7890625,222.30078125,201.50390625,185.94921875,0.0,0.0,5.30078125,17.846187591552734
none,4,73,1.0,0.0,1.0,1.0,1.0,1.0,39.015625,66.015625,60.671875,54.3359375,141.80859375,217.8359375,204.24609375,181.875,0.0,0.0,4.7578125,17.577512741088867
none,4,74,1.0,0.0,1.0,1.0,1.0,1.0,38.984375,65.87109375,60.1484375,55.30078125,142.4609375,218.9375,201.8203125,183.58984375,0.0,0.0,5.05078125,17.485172271728516
none,4,75,1.0,0.0,1.0,1.0,1.0,1.0,38.82421875,67.43359375,58.98046875,54.484375,143.0859375,220.74609375,198.30859375,179.64453125,0.0,0.0,5.24609375,17.548572540283203
none,4,76,1.0,0.0,1.0,1.0,1.0,1.0,38.86328125,67.7578125,59.75,53.9296875,142.91796875,221.59765625,198.5546875,178.06640625,0.0,0.0,4.99609375,17.51069450378418
none,4,77,1.0,0.0,1.0,1.0,1.0,1.0,38.52734375,69.82421875,59.765625,54.37890625,137.984375,227.8125,199.60546875,178.734375,0.0,0.0,4.99609375,18.012046813964844
none,4,78,1.0,0.0,1.0,1.0,1.0,1.0,38.484375,67.984375,59.99609375,54.7734375,139.99609375,220.49609375,197.48828125,179.609375,0.0,0.0,5.0625,17.84807777404785
none,4,79,1.0,0.0,1.0,1.0,1.0,1.0,39.25,71.1171875,58.77734375,54.49609375,141.30859375,228.14453125,193.20703125,177.90625,0.0,0.0,4.84375,17.971641540527344
none,4,80,1.0,0.0,1.0,1.0,1.0,1.0,38.44921875,68.96484375,60.265625,55.6953125,136.88671875,221.4453125,192.59375,180.76953125,0.0,0.0,4.55859375,18.30997085571289
none,4,81,1.0,0.0,1.0,1.0,1.0,1.0,39.19140625,70.25,60.30859375,55.05859375,139.63671875,224.4140625,193.44140625,177.0625,0.0,0.0,4.8125,18.428356170654297
none,4,82,1.0,0.0,1.0,1.0,1.0,1.0,39.0625,69.90625,61.1171875,55.3125,137.15625,222.76171875,195.74609375,177.3671875,0.0,0.0,4.8671875,18.453840255737305
none,4,83,1.0,0.0,1.0,1.0,1.0,1.0,39.13671875,69.77734375,59.65625,56.31640625,136.48046875,218.5625,189.70703125,179.41796875,0.0,0.0,4.37890625,18.40192222595215
none,4,84,1.0,0.0,1.0,1.0,1.0,1.0,38.2109375,71.9296875,60.4453125,54.03125,131.9296875,225.828125,190.87890625,170.640625,0.0,0.0,4.515625,18.7751522064209
none,4,85,1.0,0.0,1.0,1.0,1.0,1.0,40.1484375,70.12109375,60.765625,56.640625,138.4140625,221.24609375,191.45703125,179.484375,0.0,0.0,4.23828125,18.634693145751953
none,4,86,1.0,0.0,1.0,1.0,1.0,1.0,39.33984375,71.5078125,60.9375,56.54296875,138.40234375,224.73046875,190.30859375,180.56640625,0.0,0.0,4.578125,19.01899528503418
none,4,87,1.0,0.0,1.0,1.0,1.0,1.0,39.10546875,70.5703125,60.35546875,57.25390625,135.109375,221.66796875,190.40625,180.77734375,0.0,0.0,4.3828125,18.904525756835938
none,4,88,1.0,0.0,1.0,1.0,1.0,1.0,38.5625,70.14453125,60.59375,55.9765625,132.65234375,219.53515625,192.21875,176.58984375,0.0,0.0,4.421875,18.746814727783203
none,4,89,1.0,0.0,1.0,1.0,1.0,1.0,38.95703125,71.234375,60.44921875,56.08984375,137.71484375,223.23828125,190.4296875,177.28125,0.0,0.0,4.5703125,18.870487213134766
none,4,90,1.0,0.0,1.0,1.0,1.0,1.0,38.68359375,71.25,61.6171875,55.87890625,136.47265625,224.72265625,195.953125,177.265625,0.0,0.0,4.40234375,19.05124282836914
none,4,91,1.0,0.0,1.0,1.0,1.0,1.0,38.0859375,70.90234375,61.17578125,56.5546875,133.78515625,224.1640625,194.37890625,179.26171875,0.0,0.0,4.36328125,19.075927734375
none,4,92,1.0,0.0,1.0,1.0,1.0,1.0,38.17578125,71.53125,61.25,56.44921875,135.28515625,227.1328125,195.1484375,178.375,0.0,0.0,4.328125,19.232162475585938
none,4,93,1.0,0.0,1.0,1.0,1.0,1.0,38.16796875,71.875,62.3828125,54.2890625,135.4296875,228.078125,199.890625,173.1484375,0.0,0.0,4.19140625,19.193458557128906
none,4,94,1.0,0.0,1.0,1.0,1.0,1.0,38.078125,70.9296875,62.93359375,55.73046875,135.66796875,225.796875,201.21875,177.87109375,0.0,0.0,4.09765625,19.23001480102539
none,4,95,1.0,0.0,1.0,1.0,1.0,1.0,39.05859375,71.3828125,60.10546875,55.9765625,138.30859375,226.58203125,194.03125,178.7890625,0.0,0.0,3.97265625,18.78311538696289
none,4,96,1.0,0.0,1.0,1.0,1.0,1.0,37.80078125,71.421875,61.78515625,53.74609375,135.10546875,229.53125,198.01171875,171.80078125,0.0,0.0,3.89453125,19.137245178222656
none,4,97,1.0,0.0,1.0,1.0,1.0,1.0,37.7734375,72.35546875,62.609375,55.16015625,134.02734375,231.60546875,200.59375,175.66796875,0.0,0.0,3.99609375,19.474079132080078
none,4,98,1.0,0.0,1.0,1.0,1.0,1.0,38.38671875,71.421875,62.13671875,55.93359375,136.828125,227.56640625,198.90625,178.50390625,0.0,0.0,3.7890625,19.198291778564453
none,4,99,1.0,0.0,1.0,1.0,1.0,1.0,38.24609375,72.03515625,63.40234375,54.53515625,135.94921875,229.18359375,202.15234375,173.22265625,0.0,0.0,3.8984375,19.373992919921875
none,4,100,1.0,0.0,1.0,1.0,1.0,1.0,39.2421875,70.89453125,62.59765625,56.19921875,140.3046875,226.88671875,201.1171875,179.52734375,0.0,0.0,3.62109375,19.22960090637207
none,4,101,1.0,0.0,1.0,1.0,1.0,1.0,38.02734375,71.1640625,62.62109375,56.79296875,135.0234375,227.08203125,199.54296875,179.18359375,0.0,0.0,3.9921875,19.620513916015625
none,4,102,1.0,0.0,1.0,1.0,1.0,1.0,38.14453125,71.30859375,63.4140625,56.38671875,134.66015625,226.6796875,202.4296875,179.30078125,0.0,0.0,3.84765625,19.588157653808594
none,4,103,1.0,0.0,1.0,1.0,1.0,1.0,37.7890625,69.37890625,62.46484375,58.63671875,134.125,221.29296875,199.578125,186.90625,0.0,0.0,3.68359375,19.81261444091797
none,4,104,1.0,0.0,1.0,1.0,1.0,1.0,38.078125,71.1328125,63.79296875,57.56640625,136.11328125,226.94140625,203.26953125,182.5546875,0.0,0.0,3.51953125,20.091007232666016
none,4,105,1.0,0.0,1.0,1.0,1.0,1.0,38.34375,72.30078125,63.64453125,56.90234375,136.0859375,229.15234375,203.54296875,180.0078125,0.0,0.0,3.66796875,20.002159118652344
none,4,106,1.0,0.0,1.0,1.0,1.0,1.0,38.2265625,71.01171875,63.05859375,57.6875,136.71484375,226.20703125,200.66015625,183.22265625,0.0,0.0,3.78515625,19.766647338867188
none,4,107,1.0,0.0,1.0,1.0,1.0,1.0,38.3671875,72.11328125,62.296875,55.1171875,137.8515625,233.48046875,199.0546875,175.80859375,0.0,0.0,3.66015625,19.54958724975586
none,4,108,1.0,0.0,1.0,1.0,1.0,1.0,38.10546875,71.80078125,62.859375,56.55859375,137.4453125,229.16796875,201.3515625,180.86328125,0.0,0.0,3.7421875,19.91272735595703
none,4,109,1.0,0.0,1.0,1.0,1.0,1.0,37.02734375,73.2578125,64.27734375,56.55859375,134.72265625,235.03125,204.796875,181.37890625,0.0,0.0,3.58984375,20.21967315673828
none,4,110,1.0,0.0,1.0,1.0,1.0,1.0,38.125,72.01953125,63.49609375,57.03125,137.12890625,231.6953125,202.6875,182.99609375,0.0,0.0,3.3828125,20.125804901123047
none,4,111,1.0,0.0,1.0,1.0,1.0,1.0,37.28125,71.7265625,63.83984375,57.8828125,134.734375,230.34765625,204.12890625,185.0546875,0.0,0.0,3.3984375,20.323976516723633
none,4,112,1.0,0.0,1.0,1.0,1.0,1.0,38.21484375,71.6875,62.62109375,58.1796875,138.44921875,228.75,200.21875,185.875,0.0,0.0,3.58203125,20.025375366210938
none,4,113,1.0,0.0,1.0,1.0,1.0,1.0,37.8671875,71.23828125,64.07421875,58.01953125,135.90625,227.6171875,204.78515625,182.71875,0.0,0.0,3.26171875,20.447830200195312
none,4,114,1.0,0.0,1.0,1.0,1.0,1.0,37.41015625,71.16796875,64.2421875,56.94140625,135.35546875,227.890625,204.78515625,181.09765625,0.0,0.0,3.32421875,20.113052368164062
none,4,115,1.0,0.0,1.0,1.0,1.0,1.0,37.31640625,72.109375,64.16796875,56.57421875,134.8203125,231.5859375,205.29296875,180.55078125,0.0,0.0,3.26171875,20.14935302734375
none,4,116,1.0,0.0,1.0,1.0,1.0,1.0,37.33984375,72.5,63.0390625,57.2265625,136.13671875,231.890625,201.703125,182.01171875,0.0,0.0,3.265625,20.191871643066406
none,4,117,1.0,0.0,1.0,1.0,1.0,1.0,36.39453125,70.953125,65.0859375,57.9453125,129.3203125,228.08984375,206.4453125,184.359375,0.0,0.0,3.22265625,20.394620895385742
none,4,118,1.0,0.0,1.0,1.0,1.0,1.0,37.265625,70.796875,65.98828125,58.1953125,133.41796875,225.1953125,207.81640625,183.88671875,0.0,0.0,3.171875,20.508691787719727
none,4,119,1.0,0.0,1.0,1.0,1.0,1.0,36.39453125,71.375,64.62109375,58.66796875,132.9453125,227.86328125,203.9921875,186.359375,0.0,0.0,3.1796875,20.538137435913086
none,4,120,1.0,0.0,1.0,1.0,1.0,1.0,37.10546875,71.49609375,64.37109375,58.27734375,134.8671875,226.84375,203.44921875,184.50390625,0.0,0.0,3.30078125,20.478193283081055
none,4,121,1.0,0.0,1.0,1.0,1.0,1.0,36.86328125,70.94921875,64.13671875,59.0859375,134.11328125,227.37890625,200.9609375,187.30859375,0.0,0.0,3.38671875,20.44449234008789
none,4,122,1.0,0.0,1.0,1.0,1.0,1.0,36.09375,72.34375,66.12109375,57.00390625,132.48828125,230.765625,208.33203125,181.08203125,0.0,0.0,3.1328125,20.839990615844727
none,4,123,1.0,0.0,1.0,1.0,1.0,1.0,36.08984375,72.25,65.11328125,58.91015625,131.91015625,231.2734375,206.23046875,186.7109375,0.0,0.0,3.16796875,20.848007202148438
none,4,124,1.0,0.0,1.0,1.0,1.0,1.0,36.0703125,72.89453125,66.2421875,58.4453125,130.80078125,231.59765625,209.65625,183.94921875,0.0,0.0,3.04296875,21.28460693359375
none,4,125,1.0,0.0,1.0,1.0,1.0,1.0,36.375,71.99609375,67.05078125,58.15625,131.5,227.6328125,211.82421875,184.23828125,0.0,0.0,3.0703125,21.106224060058594
none,4,126,1.0,0.0,1.0,1.0,1.0,1.0,36.61328125,72.94140625,66.078125,58.75390625,131.953125,231.4453125,209.47265625,186.15234375,0.0,0.0,2.88671875,21.163358688354492
none,4,127,1.0,0.0,1.0,1.0,1.0,1.0,37.03125,71.4296875,65.29296875,57.49609375,134.48828125,228.671875,207.296875,182.54296875,0.0,0.0,3.12890625,20.670185089111328
none,4,128,1.0,0.0,1.0,1.0,1.0,1.0,36.71875,71.73828125,67.12890625,59.0625,133.94140625,229.60546875,211.2109375,187.46484375,0.0,0.0,2.82421875,21.346172332763672
none,4,129,1.0,0.0,1.0,1.0,1.0,1.0,35.1640625,71.703125,66.609375,56.8125,129.55859375,226.77734375,210.25,181.41796875,0.0,0.0,2.73828125,21.068632125854492
none,4,130,1.0,0.0,1.0,1.0,1.0,1.0,35.28125,70.47265625,67.25,59.37890625,129.27734375,222.55859375,212.40625,187.625,0.0,0.0,3.1875,21.16225242614746
none,4,131,1.0,0.0,1.0,1.0,1.0,1.0,36.03125,70.65625,67.6875,59.265625,133.140625,224.5234375,212.9921875,188.86328125,0.0,0.0,2.796875,21.309696197509766
none,4,132,1.0,0.0,1.0,1.0,1.0,1.0,34.9609375,71.71484375,67.34765625,58.8984375,128.578125,227.1640625,212.484375,186.7265625,0.0,0.0,3.0703125,21.4906005859375
none,4,133,1.0,0.0,1.0,1.0,1.0,1.0,35.65625,72.203125,67.328125,59.03515625,131.0703125,231.03125,213.62890625,187.76171875,0.0,0.0,2.8046875,21.642620086669922
none,4,134,1.0,0.0,1.0,1.0,1.0,1.0,35.0703125,72.85546875,66.5234375,58.10546875,128.0625,233.94921875,211.90625,184.16015625,0.0,0.0,3.0625,21.225223541259766
none,4,135,1.0,0.0,1.0,1.0,1.0,1.0,35.2890625,72.3359375,68.3984375,58.49609375,129.03125,231.8125,215.24609375,184.27734375,0.0,0.0,3.046875,21.71621322631836
none,4,136,1.0,0.0,1.0,1.0,1.0,1.0,34.421875,72.359375,67.80078125,58.9453125,126.875,228.80859375,214.26171875,187.4140625,0.0,0.0,2.94921875,21.732603073120117
none,4,137,1.0,0.0,1.0,1.0,1.0,1.0,34.07421875,73.5390625,68.33203125,57.87890625,126.78125,233.27734375,215.51171875,182.26953125,0.0,0.0,2.97265625,21.94815444946289
none,4,138,1.0,0.0,1.0,1.0,1.0,1.0,35.67578125,72.44140625,67.69921875,59.265625,130.3359375,230.703125,211.4375,188.171875,0.0,0.0,2.7734375,21.519704818725586
none,4,139,1.0,0.0,1.0,1.0,1.0,1.0,34.8828125,71.33984375,67.64453125,59.0625,127.90625,227.42578125,211.51953125,183.98828125,0.0,0.0,2.76953125,21.634685516357422
none,4,140,1.0,0.0,1.0,1.0,1.0,1.0,34.6015625,71.703125,67.69140625,59.765625,127.9921875,227.62109375,211.65625,188.48828125,0.0,0.0,2.79296875,21.624122619628906
none,4,141,1.0,0.0,1.0,1.0,1.0,1.0,35.09765625,71.67578125,67.72265625,61.30859375,128.9453125,227.1328125,213.41015625,193.33984375,0.0,0.0,2.6796875,22.080806732177734
none,4,142,1.0,0.0,1.0,1.0,1.0,1.0,33.38671875,71.32421875,68.0078125,60.39453125,125.5078125,226.61328125,213.6328125,190.6171875,0.0,0.0,2.58203125,22.21086883544922
none,4,143,1.0,0.0,1.0,1.0,1.0,1.0,33.76953125,72.859375,67.4296875,60.15625,125.66796875,228.18359375,212.46875,187.9140625,0.0,0.0,2.6484375,22.194236755371094
none,4,144,1.0,0.0,1.0,1.0,1.0,1.0,33.90234375,70.77734375,67.765625,61.6171875,126.1015625,223.11328125,212.2109375,194.73046875,0.0,0.0,2.7109375,22.159866333007812
none,4,145,1.0,0.0,1.0,1.0,1.0,1.0,35.5625,70.67578125,68.140625,61.25390625,132.01171875,220.98828125,213.359375,193.4453125,0.0,0.0,2.859375,21.961803436279297
none,4,146,1.0,0.0,1.0,1.0,1.0,1.0,34.375,71.50390625,68.4765625,62.61328125,127.6953125,224.69140625,214.62109375,196.92578125,0.0,0.0,2.4765625,22.35841941833496
none,4,147,1.0,0.0,1.0,1.0,1.0,1.0,34.2734375,71.39453125,68.890625,61.30859375,127.63671875,225.703125,215.09765625,194.51953125,0.0,0.0,2.5234375,22.4000244140625
none,4,148,1.0,0.0,1.0,1.0,1.0,1.0,34.0859375,71.453125,68.26953125,62.6328125,128.39453125,223.625,213.05859375,195.203125,0.0,0.0,2.54296875,22.589195251464844
none,4,149,1.0,0.0,1.0,1.0,1.0,1.0,34.453125,72.10546875,68.48046875,61.62109375,128.51171875,226.34375,214.375,193.64453125,0.0,0.0,2.640625,22.321834564208984
none,4,150,1.0,0.0,1.0,1.0,1.0,1.0,34.26171875,72.08203125,69.796875,61.2578125,129.29296875,226.90234375,217.9296875,193.15625,0.0,0.0,2.4140625,22.741378784179688
none,4,151,1.0,0.0,1.0,1.0,1.0,1.0,34.5390625,73.109375,68.453125,61.234375,127.84375,229.8359375,214.7421875,191.66796875,0.0,0.0,2.7734375,22.458404541015625
none,4,152,1.0,0.0,1.0,1.0,1.0,1.0,34.32421875,72.8515625,69.61328125,60.8515625,128.91796875,226.78515625,217.484375,190.1875,0.0,0.0,2.5390625,22.671123504638672
none,4,153,1.0,0.0,1.0,1.0,1.0,1.0,33.4140625,73.8515625,68.98046875,60.15625,125.8515625,230.66015625,214.70703125,188.09765625,0.0,0.0,2.609375,22.80289077758789
none,4,154,1.0,0.0,1.0,1.0,1.0,1.0,32.40234375,73.54296875,71.3046875,61.23828125,123.27734375,229.51171875,220.90234375,190.15625,0.0,0.0,2.55859375,23.31045150756836
none,4,155,1.0,0.0,1.0,1.0,1.0,1.0,32.98046875,73.1875,70.234375,61.921875,122.8046875,229.1796875,217.0234375,193.1015625,0.0,0.0,2.3359375,23.126949310302734
none,4,156,1.0,0.0,1.0,1.0,1.0,1.0,33.76953125,74.0390625,69.234375,60.96484375,127.6328125,233.640625,214.1484375,189.06640625,0.0,0.0,2.46484375,22.925003051757812
none,4,157,1.0,0.0,1.0,1.0,1.0,1.0,32.51953125,73.29296875,70.75,62.3125,124.2734375,229.64453125,219.55859375,195.09375,0.0,0.0,2.4765625,23.285911560058594
none,4,158,1.0,0.0,1.0,1.0,1.0,1.0,33.30859375,72.87890625,69.796875,61.5078125,126.21484375,227.87890625,215.47265625,191.46484375,0.0,0.0,2.4765625,22.965015411376953
none,4,159,1.0,0.0,1.0,1.0,1.0,1.0,32.66015625,72.68359375,69.4609375,63.171875,123.58984375,229.9609375,215.28515625,195.59765625,0.0,0.0,2.44921875,23.215618133544922
none,4,160,1.0,0.0,1.0,1.0,1.0,1.0,32.15625,73.80078125,70.859375,61.73828125,123.16796875,232.375,218.5703125,190.65625,0.0,0.0,2.4140625,23.53675651550293
none,4,161,1.0,0.0,1.0,1.0,1.0,1.0,34.26953125,73.39453125,71.25390625,60.90234375,127.5859375,231.10546875,219.47265625,188.59765625,0.0,0.0,2.5234375,23.04506492614746
none,4,162,1.0,0.0,1.0,1.0,1.0,1.0,33.08203125,73.9375,69.984375,62.1171875,125.2734375,230.6171875,215.13671875,193.2109375,0.0,0.0,2.42578125,23.24202537536621
none,4,163,1.0,0.0,1.0,1.0,1.0,1.0,33.08984375,73.9453125,70.6328125,62.8515625,126.09375,231.08203125,216.8515625,196.38671875,0.0,0.0,2.453125,23.48003387451172
none,4,164,1.0,0.0,1.0,1.0,1.0,1.0,32.30078125,73.03515625,71.5,61.76171875,122.73046875,227.41796875,220.07421875,193.70703125,0.0,0.0,2.4296875,23.458988189697266
none,4,165,1.0,0.0,1.0,1.0,1.0,1.0,32.3125,73.6875,72.19140625,61.8046875,123.30078125,230.23046875,223.90625,191.51953125,0.0,0.0,2.3984375,23.685531616210938
none,4,166,1.0,0.0,1.0,1.0,1.0,1.0,32.83984375,74.8671875,71.47265625,61.15625,125.109375,233.39453125,220.8203125,191.109375,0.0,0.0,2.19921875,23.80255699157715
none,4,167,1.0,0.0,1.0,1.0,1.0,1.0,33.6640625,74.8203125,71.125,62.65234375,127.78515625,232.88671875,218.13671875,193.1796875,0.0,0.0,2.45703125,23.80744171142578
none,4,168,1.0,0.0,1.0,1.0,1.0,1.0,33.04296875,75.3125,71.06640625,61.76171875,124.5859375,234.70703125,219.1484375,192.21484375,0.0,0.0,2.30859375,23.64325523376465
none,4,169,1.0,0.0,1.0,1.0,1.0,1.0,33.08203125,75.9296875,71.4296875,61.67578125,127.75,235.94140625,220.94140625,191.55078125,0.0,0.0,2.203125,23.895156860351562
none,4,170,1.0,0.0,1.0,1.0,1.0,1.0,32.59765625,75.2265625,71.90625,61.1796875,125.6484375,233.66015625,221.30078125,190.484375,0.0,0.0,2.4375,23.74652671813965
none,4,171,1.0,0.0,1.0,1.0,1.0,1.0,32.7421875,75.76171875,70.46484375,63.29296875,125.18359375,236.140625,215.9609375,195.29296875,0.0,0.0,2.34765625,24.01980209350586
none,4,172,1.0,0.0,1.0,1.0,1.0,1.0,32.2421875,74.27734375,72.671875,62.23046875,121.9765625,229.83203125,221.68359375,192.94140625,0.0,0.0,2.1484375,24.10786247253418
none,4,173,1.0,0.0,1.0,1.0,1.0,1.0,31.33203125,73.6015625,72.62109375,63.421875,119.85546875,227.14453125,223.08203125,195.0859375,0.0,0.0,2.1328125,24.503433227539062
none,4,174,1.0,0.0,1.0,1.0,1.0,1.0,30.84765625,73.703125,74.6484375,62.2890625,117.15625,228.62890625,227.1875,192.046875,0.0,0.0,2.13671875,24.498592376708984
none,4,175,1.0,0.0,1.0,1.0,1.0,1.0,31.23828125,75.2421875,73.09765625,62.76171875,118.9765625,232.37890625,223.57421875,193.16796875,0.0,0.0,2.28125,24.504409790039062
none,4,176,1.0,0.0,1.0,1.0,1.0,1.0,31.58984375,73.76171875,74.7890625,62.23046875,120.83203125,226.921875,229.0390625,190.14453125,0.0,0.0,2.29296875,24.468196868896484
none,4,177,1.0,0.0,1.0,1.0,1.0,1.0,30.64453125,75.46484375,74.47265625,61.8984375,117.703125,232.7421875,226.56640625,191.1171875,0.0,0.0,2.19140625,24.856090545654297
none,4,178,1.0,0.0,1.0,1.0,1.0,1.0,32.12109375,74.484375,74.66796875,62.2109375,122.17578125,231.1015625,227.65234375,192.25,0.0,0.0,2.2578125,24.50075340270996
none,4,179,1.0,0.0,1.0,1.0,1.0,1.0,31.17578125,76.265625,74.0546875,62.6328125,119.3125,234.5625,225.07421875,193.45703125,0.0,0.0,2.0625,24.834796905517578
none,4,180,1.0,0.0,1.0,1.0,1.0,1.0,31.72265625,76.65234375,74.1875,61.140625,120.9296875,236.6796875,225.5390625,187.17578125,0.0,0.0,2.08984375,24.443988800048828
none,4,181,1.0,0.0,1.0,1.0,1.0,1.0,31.37109375,75.9296875,73.19140625,62.6875,120.92578125,235.1484375,224.49609375,194.390625,0.0,0.0,2.01953125,24.699867248535156
none,4,182,1.0,0.0,1.0,1.0,1.0,1.0,31.59375,75.5234375,74.23828125,62.1640625,121.296875,234.5625,226.08203125,192.24609375,0.0,0.0,2.06640625,24.587406158447266
none,4,183,1.0,0.0,1.0,1.0,1.0,1.0,30.87890625,76.66015625,74.71875,62.02734375,119.87109375,236.765625,228.35546875,192.09765625,0.0,0.0,1.98828125,24.999595642089844
none,4,184,1.0,0.0,1.0,1.0,1.0,1.0,31.77734375,75.37109375,73.265625,64.3125,122.9296875,234.1796875,223.0546875,197.81640625,0.0,0.0,2.16015625,24.731979370117188
none,4,185,1.0,0.0,1.0,1.0,1.0,1.0,31.53125,75.328125,73.36328125,64.40234375,120.6796875,232.65625,223.36328125,199.37109375,0.0,0.0,2.0078125,24.8614559173584
none,4,186,1.0,0.0,1.0,1.0,1.0,1.0,31.74609375,74.99609375,73.48046875,64.8125,122.9765625,231.203125,222.75390625,200.45703125,0.0,0.0,1.98046875,24.769588470458984
none,4,187,1.0,0.0,1.0,1.0,1.0,1.0,31.1640625,74.6640625,76.171875,62.94140625,119.52734375,230.5703125,230.52734375,193.71875,0.0,0.0,1.984375,25.174243927001953
none,4,188,1.0,0.0,1.0,1.0,1.0,1.0,31.86328125,76.0390625,75.4296875,62.2890625,123.015625,234.7578125,229.03125,191.96484375,0.0,0.0,1.9296875,24.954967498779297
none,4,189,1.0,0.0,1.0,1.0,1.0,1.0,31.24609375,76.171875,74.7734375,63.30078125,120.265625,233.3984375,226.63671875,195.4453125,0.0,0.0,1.96875,25.079925537109375
none,4,190,1.0,0.0,1.0,1.0,1.0,1.0,29.87109375,76.37109375,75.06640625,62.5625,116.40234375,236.578125,228.859375,190.82421875,0.0,0.0,1.92578125,25.231678009033203
none,4,191,1.0,0.0,1.0,1.0,1.0,1.0,30.21875,77.92578125,75.5703125,62.546875,117.44921875,241.01953125,229.76953125,193.9375,0.0,0.0,1.6875,25.74159049987793
none,4,192,1.0,0.0,1.0,1.0,1.0,1.0,31.328125,77.7578125,76.0390625,61.8046875,121.55078125,241.6953125,231.67578125,191.2890625,0.0,0.0,1.91796875,25.348623275756836
none,4,193,1.0,0.0,1.0,1.0,1.0,1.0,30.765625,76.63671875,74.265625,64.30078125,120.59375,233.54296875,226.625,199.0703125,0.0,0.0,1.9296875,25.360366821289062
none,4,194,1.0,0.0,1.0,1.0,1.0,1.0,31.53125,78.04296875,75.4765625,63.171875,122.83984375,239.4765625,226.38671875,195.4765625,0.0,0.0,1.88671875,25.50577163696289
none,4,195,1.0,0.0,1.0,1.0,1.0,1.0,31.0,76.94921875,75.4296875,64.0625,120.6875,236.375,228.421875,197.11328125,0.0,0.0,1.82421875,25.42658042907715
none,4,196,1.0,0.0,1.0,1.0,1.0,1.0,30.3203125,77.59765625,76.3984375,62.58984375,116.49609375,237.4921875,231.9609375,192.9296875,0.0,0.0,1.86328125,25.551443099975586
none,4,197,1.0,0.0,1.0,1.0,1.0,1.0,30.7421875,76.8828125,75.95703125,64.7421875,119.8984375,236.27734375,231.82421875,197.89453125,0.0,0.0,1.7578125,25.839599609375
none,4,198,1.0,0.0,1.0,1.0,1.0,1.0,31.0234375,76.7890625,77.15625,63.94921875,120.12890625,236.15625,233.18359375,194.69140625,0.0,0.0,1.88671875,25.81776237487793
none,4,199,1.0,0.0,1.0,1.0,1.0,1.0,29.22265625,76.953125,77.77734375,63.0,115.171875,238.3125,235.60546875,193.0078125,0.0,0.0,1.8515625,25.985794067382812
none,4,200,1.0,0.0,1.0,1.0,1.0,1.0,29.98828125,75.60546875,78.98046875,64.28125,116.5234375,234.03515625,239.14453125,197.7265625,0.0,0.0,1.796875,26.060710906982422
none,4,201,1.0,0.0,1.0,1.0,1.0,1.0,30.00390625,76.76953125,78.37109375,64.16015625,115.34765625,236.84375,236.421875,195.0859375,0.0,0.0,1.89453125,26.20801544189453
none,4,202,1.0,0.0,1.0,1.0,1.0,1.0,29.53125,77.74609375,79.40625,63.296875,115.05859375,240.72265625,240.39453125,191.75390625,0.0,0.0,1.76953125,26.446584701538086
none,4,203,1.0,0.0,1.0,1.0,1.0,1.0,28.11328125,78.1015625,79.01171875,63.3125,110.734375,240.65625,239.28125,192.765625,0.0,0.0,1.80859375,26.683303833007812
none,4,204,1.0,0.0,1.0,1.0,1.0,1.0,28.96484375,77.19921875,78.234375,63.875,113.83984375,239.078125,236.53515625,194.60546875,0.0,0.0,1.73828125,26.34139633178711
none,4,205,1.0,0.0,1.0,1.0,1.0,1.0,29.8984375,76.625,77.56640625,66.00390625,115.3046875,234.5703125,234.5625,201.5390625,0.0,0.0,1.71875,26.30257225036621
none,4,206,1.0,0.0,1.0,1.0,1.0,1.0,28.58984375,77.65234375,78.390625,63.98046875,113.375,237.8984375,237.20703125,195.36328125,0.0,0.0,1.7265625,26.676868438720703
none,4,207,1.0,0.0,1.0,1.0,1.0,1.0,28.765625,78.890625,78.859375,63.8125,112.87109375,240.265625,236.70703125,194.6484375,0.0,0.0,1.68359375,26.84100341796875
none,4,208,1.0,0.0,1.0,1.0,1.0,1.0,30.390625,79.828125,79.234375,63.68359375,117.23046875,242.77734375,237.0546875,194.42578125,0.0,0.0,1.7421875,26.827688217163086
none,4,209,1.0,0.0,1.0,1.0,1.0,1.0,29.79296875,78.9765625,78.734375,63.76171875,116.53125,240.51953125,235.80078125,193.01953125,0.0,0.0,1.671875,26.498321533203125
none,4,210,1.0,0.0,1.0,1.0,1.0,1.0,30.234375,78.80078125,78.33984375,65.60546875,119.37890625,238.44921875,235.10546875,198.40625,0.0,0.0,1.71875,26.735225677490234
none,4,211,1.0,0.0,1.0,1.0,1.0,1.0,30.515625,78.890625,77.875,64.984375,117.6015625,240.75390625,234.05078125,197.73828125,0.0,0.0,1.65625,26.609296798706055
none,4,212,1.0,0.0,1.0,1.0,1.0,1.0,30.7421875,76.69140625,78.37890625,67.15234375,117.9375,233.328125,235.58984375,203.5703125,0.0,0.0,1.63671875,26.706798553466797
none,4,213,1.0,0.0,1.0,1.0,1.0,1.0,29.86328125,78.15234375,78.578125,65.51953125,116.3359375,237.796875,234.9765625,199.4765625,0.0,0.0,1.5625,26.809555053710938
none,4,214,1.0,0.0,1.0,1.0,1.0,1.0,29.546875,78.85546875,78.9296875,65.14453125,115.1171875,241.50390625,235.0078125,197.109375,0.0,0.0,1.5234375,27.213085174560547
none,4,215,1.0,0.0,1.0,1.0,1.0,1.0,29.9296875,78.76171875,79.39453125,66.28125,116.890625,241.46484375,237.3046875,200.2578125,0.0,0.0,1.703125,27.102214813232422
none,4,216,1.0,0.0,1.0,1.0,1.0,1.0,29.546875,77.97265625,80.33984375,66.2578125,115.6171875,237.61328125,239.2421875,201.6640625,0.0,0.0,1.55078125,27.174283981323242
none,4,217,1.0,0.0,1.0,1.0,1.0,1.0,29.546875,79.15625,80.27734375,65.78125,116.26171875,242.21484375,239.38671875,199.20703125,0.0,0.0,1.6953125,27.292654037475586
none,4,218,1.0,0.0,1.0,1.0,1.0,1.0,29.65625,77.203125,80.2265625,67.4375,115.34375,236.125,239.453125,205.48046875,0.0,0.0,1.59375,27.25543212890625
none,4,219,1.0,0.0,1.0,1.0,1.0,1.0,30.2890625,79.16796875,78.90625,66.81640625,118.9921875,241.34375,236.78125,202.8359375,0.0,0.0,1.578125,27.23650360107422
none,4,220,1.0,0.0,1.0,1.0,1.0,1.0,29.171875,78.359375,80.22265625,66.5625,114.890625,239.1015625,241.18359375,203.546875,0.0,0.0,1.43359375,27.34444808959961
none,4,221,1.0,0.0,1.0,1.0,1.0,1.0,28.77734375,79.98828125,79.7421875,65.4140625,114.2734375,246.8046875,240.33203125,199.08984375,0.0,0.0,1.41015625,27.505949020385742
none,4,222,1.0,0.0,1.0,1.0,1.0,1.0,29.32421875,80.484375,80.16796875,66.76171875,113.86328125,246.8046875,241.328125,202.48828125,0.0,0.0,1.43359375,27.741073608398438
none,4,223,1.0,0.0,1.0,1.0,1.0,1.0,29.3125,80.00390625,81.09375,65.07421875,114.28125,244.36328125,244.12109375,196.51171875,0.0,0.0,1.48046875,27.54439926147461
none,4,224,1.0,0.0,1.0,1.0,1.0,1.0,28.58203125,80.41015625,80.77734375,66.125,111.859375,245.12890625,241.0078125,199.84765625,0.0,0.0,1.3984375,27.960102081298828
none,4,225,1.0,0.0,1.0,1.0,1.0,1.0,29.23828125,79.12109375,80.31640625,66.19921875,114.7578125,241.140625,241.12109375,200.0625,0.0,0.0,1.40625,27.354297637939453
none,4,226,1.0,0.0,1.0,1.0,1.0,1.0,28.796875,81.80078125,80.671875,66.0234375,111.52734375,248.15625,242.9296875,198.171875,0.0,0.0,1.47265625,27.920913696289062
none,4,227,1.0,0.0,1.0,1.0,1.0,1.0,28.69921875,80.91015625,81.09765625,65.59765625,111.65625,245.23046875,242.45703125,197.93359375,0.0,0.0,1.4609375,27.962539672851562
none,4,228,1.0,0.0,1.0,1.0,1.0,1.0,28.0859375,80.51171875,81.17578125,66.1171875,109.9609375,243.625,242.046875,198.2265625,0.0,0.0,1.3671875,28.062002182006836
none,4,229,1.0,0.0,1.0,1.0,1.0,1.0,28.17578125,80.14453125,81.859375,66.16796875,110.296875,241.65625,245.8203125,198.921875,0.0,0.0,1.44921875,28.098251342773438
none,4,230,1.0,0.0,1.0,1.0,1.0,1.0,28.78515625,80.39453125,82.0703125,65.640625,111.11328125,244.8515625,244.8359375,195.953125,0.0,0.0,1.34375,27.97235679626465
none,4,231,1.0,0.0,1.0,1.0,1.0,1.0,27.62890625,79.01171875,83.48046875,67.75,108.171875,238.8515625,248.73046875,204.5,0.0,0.0,1.3359375,28.445068359375
none,4,232,1.0,0.0,1.0,1.0,1.0,1.0,28.64453125,78.6484375,82.02734375,66.32421875,111.6640625,238.671875,245.13671875,200.5546875,0.0,0.0,1.44921875,27.814292907714844
none,4,233,1.0,0.0,1.0,1.0,1.0,1.0,28.4609375,77.7578125,84.25,67.734375,112.24609375,236.3515625,249.54296875,204.8515625,0.0,0.0,1.40625,28.352924346923828
none,4,234,1.0,0.0,1.0,1.0,1.0,1.0,28.859375,79.31640625,81.71484375,67.484375,112.96875,242.3046875,243.2421875,203.84765625,0.0,0.0,1.3203125,28.107101440429688
none,4,235,1.0,0.0,1.0,1.0,1.0,1.0,27.5859375,81.140625,82.10546875,66.671875,108.8203125,247.08203125,246.1875,202.64453125,0.0,0.0,1.48828125,28.415258407592773
none,4,236,1.0,0.0,1.0,1.0,1.0,1.0,28.53515625,80.24609375,81.4765625,67.7421875,110.9296875,244.44140625,242.75390625,205.9765625,0.0,0.0,1.58203125,28.281539916992188
none,4,237,1.0,0.0,1.0,1.0,1.0,1.0,28.71875,80.67578125,83.08203125,65.6171875,111.71484375,246.95703125,247.5546875,199.046875,0.0,0.0,1.30078125,28.319547653198242
none,4,238,1.0,0.0,1.0,1.0,1.0,1.0,28.59375,80.8046875,82.21484375,66.6171875,111.5,247.078125,246.921875,201.171875,0.0,0.0,1.265625,28.22943115234375
none,4,239,1.0,0.0,1.0,1.0,1.0,1.0,27.98046875,80.95703125,82.58203125,66.08203125,107.6328125,247.34375,246.34765625,200.58203125,0.0,0.0,1.37890625,28.411840438842773
none,4,240,1.0,0.0,1.0,1.0,1.0,1.0,28.2578125,81.390625,83.45703125,66.37109375,111.42578125,248.15625,250.15234375,199.99609375,0.0,0.0,1.3828125,28.86175537109375
none,4,241,1.0,0.0,1.0,1.0,1.0,1.0,28.33203125,80.6640625,83.5625,65.8125,109.90234375,244.48828125,248.8671875,197.65625,0.0,0.0,1.3125,28.52296257019043
none,4,242,1.0,0.0,1.0,1.0,1.0,1.0,29.0703125,79.96484375,83.97265625,67.75390625,112.6953125,242.83984375,249.33203125,204.0234375,0.0,0.0,1.2734375,28.450658798217773
none,4,243,1.0,0.0,1.0,1.0,1.0,1.0,27.76171875,80.26171875,82.3359375,66.7421875,108.49609375,245.0234375,244.9765625,201.00390625,0.0,0.0,1.32421875,28.432022094726562
none,4,244,1.0,0.0,1.0,1.0,1.0,1.0,28.21875,79.546875,83.546875,69.05859375,110.671875,241.84765625,249.40234375,209.34765625,0.0,0.0,1.3984375,28.720165252685547
none,4,245,1.0,0.0,1.0,1.0,1.0,1.0,28.16015625,80.00390625,83.9375,69.36328125,110.4921875,244.12890625,250.04296875,208.28515625,0.0,0.0,1.3671875,29.02248764038086
none,4,246,1.0,0.0,1.0,1.0,1.0,1.0,28.1796875,81.06640625,84.765625,67.3515625,111.14453125,246.4765625,251.13671875,203.75,0.0,0.0,1.328125,28.875728607177734
none,4,247,1.0,0.0,1.0,1.0,1.0,1.0,28.06640625,80.11328125,83.796875,68.1015625,110.55859375,243.56640625,251.625,207.39453125,0.0,0.0,1.24609375,28.89785385131836
none,4,248,1.0,0.0,1.0,1.0,1.0,1.0,27.765625,81.01953125,84.734375,67.8984375,109.24609375,246.81640625,252.953125,207.078125,0.0,0.0,1.3359375,29.1739559173584
none,4,249,1.0,0.0,1.0,1.0,1.0,1.0,27.01171875,82.30078125,83.19140625,68.6875,107.1015625,250.703125,246.10546875,208.03125,0.0,0.0,1.2109375,29.402420043945312
none,4,250,1.0,0.0,1.0,1.0,1.0,1.0,27.6796875,81.66796875,83.93359375,69.2421875,109.26171875,248.98828125,250.34375,209.23046875,0.0,0.0,1.2265625,29.47804832458496
none,4,251,1.0,0.0,1.0,1.0,1.0,1.0,28.20703125,81.44921875,83.4921875,69.36328125,110.80078125,247.7109375,246.9921875,209.6796875,0.0,0.0,1.2578125,28.970504760742188
none,4,252,1.0,0.0,1.0,1.0,1.0,1.0,27.50390625,83.2578125,82.5078125,68.41796875,108.83203125,252.57421875,243.34375,206.13671875,0.0,0.0,1.234375,29.224830627441406
none,4,253,1.0,0.0,1.0,1.0,1.0,1.0,27.1796875,82.4609375,83.81640625,67.6953125,107.53515625,250.59765625,246.61328125,203.66796875,0.0,0.0,1.28515625,29.148250579833984
none,4,254,1.0,0.0,1.0,1.0,1.0,1.0,27.3984375,84.7734375,83.76953125,68.20703125,108.02734375,256.4609375,247.63671875,205.30078125,0.0,0.0,1.19140625,29.583576202392578
none,4,255,1.0,0.0,1.0,1.0,1.0,1.0,27.5078125,81.7109375,84.6171875,68.37109375,107.3125,249.37890625,250.11328125,206.07421875,0.0,0.0,1.234375,29.456449508666992
none,4,256,1.0,0.0,1.0,1.0,1.0,1.0,27.39453125,83.43359375,84.45703125,68.65234375,107.1640625,253.25390625,250.828125,206.6953125,0.0,0.0,1.12890625,29.681819915771484
none,4,257,1.0,0.0,1.0,1.0,1.0,1.0,26.71875,82.25390625,86.38671875,69.3515625,105.1328125,249.6796875,256.48046875,208.17578125,0.0,0.0,1.12890625,30.106807708740234
none,4,258,1.0,0.0,1.0,1.0,1.0,1.0,26.74609375,81.32421875,84.76953125,70.3671875,104.47265625,247.0,251.4765625,211.5625,0.0,0.0,1.18359375,29.844945907592773
none,4,259,1.0,0.0,1.0,1.0,1.0,1.0,27.58984375,82.1640625,84.87890625,70.0546875,108.44140625,249.87890625,250.765625,211.0859375,0.0,0.0,1.109375,29.842510223388672
none,4,260,1.0,0.0,1.0,1.0,1.0,1.0,26.73828125,82.41015625,85.38671875,69.6171875,106.08984375,251.10546875,253.92578125,209.2421875,0.0,0.0,1.1328125,30.198867797851562
none,4,261,1.0,0.0,1.0,1.0,1.0,1.0,27.515625,82.3515625,85.24609375,70.6171875,109.16015625,252.046875,253.421875,211.546875,0.0,0.0,1.22265625,29.813358306884766
none,4,262,1.0,0.0,1.0,1.0,1.0,1.0,27.78515625,83.05859375,85.35546875,69.59375,110.57421875,251.421875,252.375,208.359375,0.0,0.0,1.15234375,29.907827377319336
none,4,263,1.0,0.0,1.0,1.0,1.0,1.0,27.5703125,83.48046875,85.11328125,68.96484375,109.1015625,253.34375,251.81640625,208.24609375,0.0,0.0,1.11328125,29.666179656982422
none,4,264,1.0,0.0,1.0,1.0,1.0,1.0,27.0234375,85.0390625,86.76171875,67.29296875,106.13671875,258.2265625,254.78125,200.890625,0.0,0.0,1.1953125,30.20184326171875
none,4,265,1.0,0.0,1.0,1.0,1.0,1.0,26.3203125,83.66015625,85.8359375,67.86328125,104.05859375,254.22265625,254.32421875,202.40625,0.0,0.0,1.171875,30.019399642944336
none,4,266,1.0,0.0,1.0,1.0,1.0,1.0,27.04296875,84.16796875,85.47265625,69.203125,106.5703125,253.890625,254.2890625,207.59375,0.0,0.0,1.05859375,30.236053466796875
none,4,267,1.0,0.0,1.0,1.0,1.0,1.0,27.046875,83.73828125,84.95703125,69.234375,104.23828125,255.1796875,252.140625,206.90625,0.0,0.0,1.109375,29.957571029663086
none,4,268,1.0,0.0,1.0,1.0,1.0,1.0,26.15234375,82.7890625,86.66796875,69.8984375,103.3515625,250.453125,256.2890625,210.66796875,0.0,0.0,1.0234375,30.4229793548584
none,4,269,1.0,0.0,1.0,1.0,1.0,1.0,26.89453125,82.85546875,86.65625,69.453125,105.9453125,249.39453125,257.85546875,209.0625,0.0,0.0,1.0625,30.270004272460938
none,4,270,1.0,0.0,1.0,1.0,1.0,1.0,26.82421875,83.30859375,87.05078125,69.14453125,105.953125,252.60546875,256.09375,207.1875,0.0,0.0,1.01171875,30.45924186706543
none,4,271,1.0,0.0,1.0,1.0,1.0,1.0,26.75,85.4765625,86.8671875,69.203125,104.72265625,257.87890625,256.0390625,206.25390625,0.0,0.0,1.14453125,30.678640365600586
none,4,272,1.0,0.0,1.0,1.0,1.0,1.0,26.64453125,84.0703125,86.48828125,69.5703125,105.62890625,254.5078125,254.91015625,207.82421875,0.0,0.0,1.04296875,30.42047119140625
none,4,273,1.0,0.0,1.0,1.0,1.0,1.0,26.65625,85.03515625,85.98046875,69.35546875,104.40625,257.0,251.10546875,207.203125,0.0,0.0,1.03125,30.370033264160156
none,4,274,1.0,0.0,1.0,1.0,1.0,1.0,26.61328125,85.6171875,85.58203125,69.05859375,105.171875,259.19921875,251.8125,205.42578125,0.0,0.0,1.1015625,30.531600952148438
none,4,275,1.0,0.0,1.0,1.0,1.0,1.0,26.67578125,84.99609375,86.04296875,70.89453125,105.58984375,255.3359375,252.24609375,213.1484375,0.0,0.0,1.10546875,30.8232479095459
none,4,276,1.0,0.0,1.0,1.0,1.0,1.0,27.01171875,83.94140625,86.34375,71.05859375,107.125,253.83984375,257.90625,215.25,0.0,0.0,1.0546875,30.5435791015625
none,4,277,1.0,0.0,1.0,1.0,1.0,1.0,26.91796875,84.67578125,86.34375,71.70703125,107.23046875,255.9921875,254.90625,215.40625,0.0,0.0,1.0546875,30.829771041870117
none,4,278,1.0,0.0,1.0,1.0,1.0,1.0,27.23828125,84.48828125,86.2734375,71.34765625,108.08984375,254.9765625,256.03515625,215.93359375,0.0,0.0,1.12890625,30.643550872802734
none,4,279,1.0,0.0,1.0,1.0,1.0,1.0,25.9296875,85.8828125,86.69140625,69.875,102.80859375,260.12890625,257.1953125,211.20703125,0.0,0.0,1.01171875,30.908615112304688
none,4,280,1.0,0.0,1.0,1.0,1.0,1.0,26.35546875,85.51953125,87.0859375,69.55078125,105.32421875,261.08203125,258.80859375,209.31640625,0.0,0.0,1.0625,30.927471160888672
none,4,281,1.0,0.0,1.0,1.0,1.0,1.0,26.22265625,84.90625,86.8046875,72.375,105.078125,257.2890625,256.22265625,217.42578125,0.0,0.0,1.07421875,31.19775390625
none,4,282,1.0,0.0,1.0,1.0,1.0,1.0,25.2578125,84.7734375,87.0390625,71.87109375,100.87890625,256.0390625,258.1328125,215.64453125,0.0,0.0,1.109375,31.177867889404297
none,4,283,1.0,0.0,1.0,1.0,1.0,1.0,26.30859375,83.58203125,86.90625,72.1953125,105.4375,253.29296875,257.41796875,216.2265625,0.0,0.0,1.06640625,30.90164566040039
none,4,284,1.0,0.0,1.0,1.0,1.0,1.0,25.671875,83.90625,87.49609375,71.34375,103.03125,254.57421875,259.79296875,213.0703125,0.0,0.0,1.1640625,31.02499771118164
none,4,285,1.0,0.0,1.0,1.0,1.0,1.0,26.4296875,82.91796875,87.1328125,72.59765625,105.37109375,250.1875,259.109375,217.3203125,0.0,0.0,1.00390625,30.812641143798828
none,4,286,1.0,0.0,1.0,1.0,1.0,1.0,26.2890625,84.078125,87.7578125,71.75,104.5234375,255.3515625,258.5,216.1328125,0.0,0.0,1.02734375,30.998207092285156
none,4,287,1.0,0.0,1.0,1.0,1.0,1.0,25.41796875,85.12890625,87.7578125,70.8671875,100.328125,257.52734375,259.1015625,211.390625,0.0,0.0,0.9296875,31.3044490814209
none,4,288,1.0,0.0,1.0,1.0,1.0,1.0,26.76171875,85.55859375,87.41796875,71.73046875,105.92578125,258.7578125,256.9765625,214.76953125,0.0,0.0,1.0390625,31.04228973388672
none,4,289,1.0,0.0,1.0,1.0,1.0,1.0,26.0859375,85.734375,87.3671875,69.54296875,103.76171875,256.78515625,258.41015625,210.0078125,0.0,0.0,1.07421875,30.976303100585938
none,4,290,1.0,0.0,1.0,1.0,1.0,1.0,26.35546875,85.26953125,88.83203125,71.234375,104.1328125,256.921875,260.15625,211.875,0.0,0.0,1.1171875,31.403852462768555
none,4,291,1.0,0.0,1.0,1.0,1.0,1.0,25.734375,85.359375,88.375,71.94140625,100.92578125,256.54296875,259.76953125,213.55859375,0.0,0.0,0.984375,31.53139305114746
none,4,292,1.0,0.0,1.0,1.0,1.0,1.0,26.76171875,84.69921875,89.46875,70.6875,104.4765625,252.921875,263.40234375,210.77734375,0.0,0.0,0.9921875,31.19074058532715
none,4,293,1.0,0.0,1.0,1.0,1.0,1.0,26.8828125,84.7265625,89.33203125,72.1875,104.7890625,253.8203125,261.15234375,214.7578125,0.0,0.0,0.96875,31.460491180419922
none,4,294,1.0,0.0,1.0,1.0,1.0,1.0,26.69921875,85.03515625,88.98046875,71.17578125,104.765625,255.3671875,260.28515625,211.30859375,0.0,0.0,1.06640625,31.314380645751953
none,4,295,1.0,0.0,1.0,1.0,1.0,1.0,25.53515625,86.26953125,88.796875,71.30859375,99.24609375,256.64453125,260.09375,212.00390625,0.0,0.0,0.83203125,31.804931640625
none,4,296,1.0,0.0,1.0,1.0,1.0,1.0,25.70703125,85.4609375,88.515625,70.88671875,101.31640625,255.453125,260.4296875,210.91015625,0.0,0.0,0.9375,31.596965789794922
none,4,297,1.0,0.0,1.0,1.0,1.0,1.0,25.97265625,87.47265625,88.6875,70.80859375,102.2109375,261.0703125,259.8125,210.58984375,0.0,0.0,1.0,31.84011459350586
none,4,298,1.0,0.0,1.0,1.0,1.0,1.0,26.01171875,85.6484375,88.171875,71.61328125,101.27734375,256.515625,257.97265625,213.61328125,0.0,0.0,0.98828125,31.549877166748047
none,4,299,1.0,0.0,1.0,1.0,1.0,1.0,26.18359375,86.9140625,89.4140625,72.25390625,103.38671875,261.10546875,261.8203125,215.26171875,0.0,0.0,0.8984375,32.042083740234375
none,4,300,1.0,0.0,1.0,1.0,1.0,1.0,25.5625,85.609375,88.7421875,71.71875,100.640625,258.62890625,259.46875,214.78515625,0.0,0.0,1.09375,31.519168853759766
none,4,301,1.0,0.0,1.0,1.0,1.0,1.0,25.73828125,87.02734375,88.53125,70.9765625,101.625,260.90625,260.62890625,213.06640625,0.0,0.0,1.0234375,31.676448822021484
none,4,302,1.0,0.0,1.0,1.0,1.0,1.0,25.12109375,87.04296875,89.546875,70.74609375,98.88671875,262.171875,261.46484375,210.69921875,0.0,0.0,0.953125,31.902278900146484
none,4,303,1.0,0.0,1.0,1.0,1.0,1.0,24.48046875,86.05859375,89.84765625,70.48046875,97.56640625,259.65234375,264.2890625,210.27734375,0.0,0.0,0.984375,31.931671142578125
none,4,304,1.0,0.0,1.0,1.0,1.0,1.0,25.28125,87.4140625,90.66015625,70.80859375,99.59375,261.75390625,266.11328125,209.87890625,0.0,0.0,1.0078125,32.145179748535156
none,4,305,1.0,0.0,1.0,1.0,1.0,1.0,26.046875,86.30859375,90.6015625,72.2734375,100.05078125,259.71484375,265.6171875,214.16796875,0.0,0.0,0.98828125,31.934871673583984
none,4,306,1.0,0.0,1.0,1.0,1.0,1.0,25.8515625,88.0703125,89.2421875,72.36328125,101.99609375,264.30859375,261.57421875,216.2890625,0.0,0.0,0.984375,32.12844467163086
none,4,307,1.0,0.0,1.0,1.0,1.0,1.0,25.87109375,86.3515625,89.5703125,72.3203125,102.10546875,260.01953125,262.1953125,215.3671875,0.0,0.0,0.94921875,31.95208740234375
none,4,308,1.0,0.0,1.0,1.0,1.0,1.0,25.7734375,86.5546875,90.1328125,72.6171875,100.5,258.51953125,264.59765625,218.03125,0.0,0.0,0.9921875,32.20792770385742
none,4,309,1.0,0.0,1.0,1.0,1.0,1.0,24.6328125,85.15234375,91.15625,73.49609375,98.2890625,253.51171875,265.7890625,218.8984375,0.0,0.0,0.9609375,32.358665466308594
none,4,310,1.0,0.0,1.0,1.0,1.0,1.0,26.046875,87.62109375,90.203125,72.25,101.8359375,261.21484375,262.7890625,214.36328125,0.0,0.0,0.98046875,32.3603515625
none,4,311,1.0,0.0,1.0,1.0,1.0,1.0,24.8671875,87.5390625,89.64453125,73.2421875,98.11328125,260.26953125,262.05859375,217.85546875,0.0,0.0,0.875,32.584259033203125
none,4,312,1.0,0.0,1.0,1.0,1.0,1.0,25.55859375,86.234375,90.140625,73.4453125,100.5703125,258.18359375,263.4453125,217.7265625,0.0,0.0,0.87890625,32.282859802246094
none,4,313,1.0,0.0,1.0,1.0,1.0,1.0,25.71875,86.31640625,89.24609375,73.48046875,100.890625,258.23046875,261.4296875,218.1953125,0.0,0.0,1.0234375,32.21552658081055
none,4,314,1.0,0.0,1.0,1.0,1.0,1.0,25.35546875,85.93359375,89.67578125,72.58984375,101.3046875,258.10546875,263.36328125,216.87109375,0.0,0.0,0.9765625,32.22754669189453
none,4,315,1.0,0.0,1.0,1.0,1.0,1.0,25.44921875,86.953125,90.03125,72.4296875,100.2109375,259.58203125,263.234375,215.74609375,0.0,0.0,0.796875,32.331764221191406
none,4,316,1.0,0.0,1.0,1.0,1.0,1.0,26.015625,86.43359375,89.7109375,72.66015625,102.26171875,258.48046875,261.015625,216.7734375,0.0,0.0,0.9765625,32.1071891784668
none,4,317,1.0,0.0,1.0,1.0,1.0,1.0,25.81640625,86.72265625,91.26953125,72.64453125,101.55859375,260.703125,266.578125,215.59375,0.0,0.0,0.796875,32.38693618774414
none,4,318,1.0,0.0,1.0,1.0,1.0,1.0,26.1796875,86.96484375,90.4140625,73.03125,103.98046875,261.01953125,265.7109375,218.1484375,0.0,0.0,0.9609375,32.268516540527344
none,4,319,1.0,0.0,1.0,1.0,1.0,1.0,26.140625,85.89453125,89.8984375,73.41796875,102.1171875,258.4296875,262.875,218.37890625,0.0,0.0,0.94140625,32.254974365234375
none,4,320,1.0,0.0,1.0,1.0,1.0,1.0,25.71875,87.6640625,90.0625,72.73828125,101.16015625,263.5078125,264.15625,217.609375,0.0,0.0,0.91015625,32.42931365966797
none,4,321,1.0,0.0,1.0,1.0,1.0,1.0,24.9609375,87.31640625,89.90234375,72.94921875,101.34765625,262.0625,265.15234375,217.8125,0.0,0.0,0.97265625,32.32878875732422
none,4,322,1.0,0.0,1.0,1.0,1.0,1.0,24.7734375,87.84765625,91.2734375,72.5703125,99.421875,263.03515625,268.625,216.37890625,0.0,0.0,0.890625,32.77730941772461
none,4,323,1.0,0.0,1.0,1.0,1.0,1.0,24.59765625,88.3046875,91.2734375,72.30078125,98.20703125,264.0390625,267.4453125,214.9453125,0.0,0.0,0.79296875,32.93987274169922
none,4,324,1.0,0.0,1.0,1.0,1.0,1.0,24.63671875,87.25,91.1328125,73.53515625,97.609375,261.7578125,267.515625,219.35546875,0.0,0.0,0.88671875,32.87290954589844
none,4,325,1.0,0.0,1.0,1.0,1.0,1.0,24.87109375,86.8125,91.609375,74.25390625,98.59375,261.44921875,268.90234375,220.5859375,0.0,0.0,0.9375,32.756004333496094
none,4,326,1.0,0.0,1.0,1.0,1.0,1.0,24.87109375,88.265625,91.0546875,72.13671875,99.4765625,266.52734375,266.01953125,214.20703125,0.0,0.0,0.8828125,32.64226531982422
none,4,327,1.0,0.0,1.0,1.0,1.0,1.0,25.5859375,88.484375,90.1953125,72.5859375,100.6484375,266.87109375,263.79296875,214.82421875,0.0,0.0,0.91015625,32.50578308105469
none,4,328,1.0,0.0,1.0,1.0,1.0,1.0,25.74609375,89.12890625,90.8046875,72.0390625,100.6875,267.9609375,265.37109375,214.07421875,0.0,0.0,0.953125,32.7832145690918
none,4,329,1.0,0.0,1.0,1.0,1.0,1.0,25.13671875,88.44140625,91.6015625,71.9375,99.71875,264.74609375,267.68359375,213.07421875,0.0,0.0,0.84765625,32.73606872558594
none,4,330,1.0,0.0,1.0,1.0,1.0,1.0,25.57421875,87.34765625,91.38671875,75.078125,100.37890625,259.62109375,268.44921875,220.9921875,0.0,0.0,0.91796875,33.10373306274414
none,4,331,1.0,0.0,1.0,1.0,1.0,1.0,25.75,88.9921875,91.93359375,73.3984375,100.41015625,266.296875,267.73828125,217.41015625,0.0,0.0,0.828125,33.04779815673828
none,4,332,1.0,0.0,1.0,1.0,1.0,1.0,24.98046875,87.9296875,92.44921875,72.6796875,99.5234375,264.265625,269.03125,216.10546875,0.0,0.0,0.7578125,33.06782913208008
none,4,333,1.0,0.0,1.0,1.0,1.0,1.0,24.45703125,88.77734375,91.32421875,73.86328125,96.7734375,266.046875,266.12890625,217.1796875,0.0,0.0,0.85546875,33.263038635253906
none,4,334,1.0,0.0,1.0,1.0,1.0,1.0,25.75390625,88.03515625,92.02734375,73.71484375,102.60546875,263.9453125,268.47265625,217.21484375,0.0,0.0,0.89453125,33.10663986206055
none,4,335,1.0,0.0,1.0,1.0,1.0,1.0,24.95703125,88.5546875,92.41015625,73.81640625,99.625,264.34375,268.48046875,221.0703125,0.0,0.0,0.8203125,33.3663444519043
none,4,336,1.0,0.0,1.0,1.0,1.0,1.0,26.00390625,87.4765625,91.234375,75.3984375,103.53515625,259.89453125,265.96875,225.23046875,0.0,0.0,0.83984375,33.0416259765625
none,4,337,1.0,0.0,1.0,1.0,1.0,1.0,25.00390625,87.78125,91.7734375,74.2578125,97.85546875,264.21484375,267.87890625,222.01171875,0.0,0.0,0.79296875,32.94807434082031
none,4,338,1.0,0.0,1.0,1.0,1.0,1.0,25.20703125,87.0625,91.0546875,75.74609375,99.640625,261.00390625,265.60546875,224.7265625,0.0,0.0,0.83984375,33.062767028808594
none,4,339,1.0,0.0,1.0,1.0,1.0,1.0,25.16015625,88.67578125,90.3359375,74.58203125,99.78515625,266.51953125,265.0625,222.46875,0.0,0.0,0.8984375,33.053184509277344
none,4,340,1.0,0.0,1.0,1.0,1.0,1.0,25.1953125,87.17578125,91.75390625,74.890625,98.53125,260.23046875,268.8828125,224.2890625,0.0,0.0,0.8359375,33.20439910888672
none,4,341,1.0,0.0,1.0,1.0,1.0,1.0,25.0234375,87.09375,91.3203125,74.22265625,98.87109375,262.421875,267.9375,222.265625,0.0,0.0,0.8828125,32.88309860229492
none,4,342,1.0,0.0,1.0,1.0,1.0,1.0,25.39453125,88.4375,92.30078125,74.1640625,100.078125,263.80859375,270.29296875,220.39453125,0.0,0.0,0.93359375,33.29945755004883
none,4,343,1.0,0.0,1.0,1.0,1.0,1.0,24.87890625,88.33984375,91.09765625,75.15625,98.73828125,264.96484375,265.38671875,223.234375,0.0,0.0,0.84375,33.294525146484375
none,4,344,1.0,0.0,1.0,1.0,1.0,1.0,25.62890625,90.16015625,91.9375,73.9140625,100.01171875,267.12890625,267.5390625,218.03125,0.0,0.0,0.85546875,33.4156608581543
none,4,345,1.0,0.0,1.0,1.0,1.0,1.0,25.1640625,88.4921875,92.17578125,74.75,99.21484375,263.78125,267.7734375,221.2890625,0.0,0.0,0.88671875,33.37586975097656
none,4,346,1.0,0.0,1.0,1.0,1.0,1.0,24.76171875,88.37109375,92.54296875,74.75390625,96.4375,263.20703125,269.296875,219.796875,0.0,0.0,0.796875,33.54729461669922
none,4,347,1.0,0.0,1.0,1.0,1.0,1.0,25.02734375,89.62109375,91.8359375,74.58984375,97.31640625,264.6015625,265.96875,220.5078125,0.0,0.0,0.84375,33.460670471191406
none,4,348,1.0,0.0,1.0,1.0,1.0,1.0,24.58984375,89.41796875,91.95703125,74.92578125,97.02734375,265.71484375,267.09375,220.65625,0.0,0.0,0.8984375,33.507659912109375
none,4,349,1.0,0.0,1.0,1.0,1.0,1.0,23.796875,89.52734375,92.9296875,75.47265625,95.23046875,264.7578125,269.046875,221.0390625,0.0,0.0,0.828125,34.12004470825195
none,4,350,1.0,0.0,1.0,1.0,1.0,1.0,24.2734375,89.484375,94.32421875,74.15234375,96.953125,263.890625,272.96875,217.296875,0.0,0.0,0.875,33.8729248046875
none,4,351,1.0,0.0,1.0,1.0,1.0,1.0,23.69921875,89.15234375,94.0703125,74.52734375,93.43359375,264.52734375,271.765625,219.3984375,0.0,0.0,0.76953125,34.18391799926758
none,4,352,1.0,0.0,1.0,1.0,1.0,1.0,24.1484375,90.4921875,92.94921875,75.51953125,94.58984375,267.21875,270.12890625,221.09375,0.0,0.0,0.7421875,34.06928253173828
none,4,353,1.0,0.0,1.0,1.0,1.0,1.0,24.671875,89.29296875,92.90234375,75.3125,98.37109375,266.26953125,271.79296875,222.2265625,0.0,0.0,0.76953125,33.791805267333984
none,4,354,1.0,0.0,1.0,1.0,1.0,1.0,24.41796875,89.3203125,93.23046875,75.20703125,97.27734375,267.546875,273.7734375,221.98828125,0.0,0.0,0.75390625,33.63872146606445
none,4,355,1.0,0.0,1.0,1.0,1.0,1.0,24.84375,89.91015625,93.109375,75.46484375,99.328125,268.48828125,271.74609375,223.82421875,0.0,0.0,0.79296875,33.915138244628906
none,4,356,1.0,0.0,1.0,1.0,1.0,1.0,24.31640625,89.18359375,93.08984375,74.80859375,95.7265625,267.63671875,272.88671875,221.6796875,0.0,0.0,0.80859375,33.852783203125
none,4,357,1.0,0.0,1.0,1.0,1.0,1.0,24.5546875,88.2734375,92.9296875,75.75,96.93359375,263.83203125,271.92578125,225.109375,0.0,0.0,0.76953125,33.67733383178711
none,4,358,1.0,0.0,1.0,1.0,1.0,1.0,23.625,88.296875,92.44140625,77.00390625,95.08203125,262.41796875,271.87109375,227.40234375,0.0,0.0,0.81640625,33.979156494140625
none,4,359,1.0,0.0,1.0,1.0,1.0,1.0,23.76171875,88.06640625,93.6015625,76.99609375,95.1953125,263.18359375,273.75390625,228.50390625,0.0,0.0,0.81640625,33.967323303222656
none,4,360,1.0,0.0,1.0,1.0,1.0,1.0,23.8828125,89.99609375,92.9296875,75.140625,94.7421875,268.26953125,269.48046875,223.1953125,0.0,0.0,0.8671875,34.06142807006836
none,4,361,1.0,0.0,1.0,1.0,1.0,1.0,24.046875,89.5859375,93.3359375,76.12890625,95.2421875,267.3359375,272.18359375,224.46484375,0.0,0.0,0.8515625,34.067649841308594
none,4,362,1.0,0.0,1.0,1.0,1.0,1.0,24.52734375,88.55859375,93.76171875,77.1640625,97.88671875,264.0078125,272.6875,227.65625,0.0,0.0,0.80078125,34.17513656616211
none,4,363,1.0,0.0,1.0,1.0,1.0,1.0,23.84375,89.46875,94.61328125,75.96484375,94.9453125,266.203125,274.3359375,225.80859375,0.0,0.0,0.796875,34.439205169677734
none,4,364,1.0,0.0,1.0,1.0,1.0,1.0,24.3046875,91.03125,93.953125,74.578125,95.9921875,270.93359375,272.4296875,219.96875,0.0,0.0,0.74609375,34.337257385253906
none,4,365,1.0,0.0,1.0,1.0,1.0,1.0,23.7890625,89.78125,94.1640625,76.5,93.5,265.6953125,273.9765625,225.2734375,0.0,0.0,0.79296875,34.50626754760742
none,4,366,1.0,0.0,1.0,1.0,1.0,1.0,24.43359375,90.1484375,94.22265625,75.83203125,96.09765625,267.66015625,273.73046875,222.85546875,0.0,0.0,0.83203125,34.22181701660156
none,4,367,1.0,0.0,1.0,1.0,1.0,1.0,23.77734375,91.234375,93.98828125,75.796875,92.96875,271.30859375,272.4453125,222.78125,0.0,0.0,0.83984375,34.509422302246094
none,4,368,1.0,0.0,1.0,1.0,1.0,1.0,23.9765625,90.18359375,93.296875,75.5,93.9765625,267.87109375,269.71484375,223.75,0.0,0.0,0.87890625,34.155303955078125
none,4,369,1.0,0.0,1.0,1.0,1.0,1.0,23.71484375,91.04296875,93.34765625,75.33984375,93.48046875,270.7578125,271.16015625,222.90234375,0.0,0.0,0.8125,34.26530075073242
none,4,370,1.0,0.0,1.0,1.0,1.0,1.0,23.7109375,90.44140625,94.27734375,75.05078125,94.3203125,270.0234375,275.1875,221.94140625,0.0,0.0,0.94921875,34.43352508544922
none,4,371,1.0,0.0,1.0,1.0,1.0,1.0,23.53125,89.375,93.8671875,76.04296875,91.8203125,266.921875,274.2421875,225.54296875,0.0,0.0,0.7265625,34.330543518066406
none,4,372,1.0,0.0,1.0,1.0,1.0,1.0,24.046875,91.22265625,94.34375,76.8203125,95.171875,271.6953125,274.11328125,226.69921875,0.0,0.0,0.703125,34.671470642089844
none,4,373,1.0,0.0,1.0,1.0,1.0,1.0,23.66796875,90.10546875,94.91796875,75.24609375,94.1953125,269.41796875,276.42578125,221.1953125,0.0,0.0,0.78515625,34.385284423828125
none,4,374,1.0,0.0,1.0,1.0,1.0,1.0,23.81640625,90.12890625,94.81640625,76.640625,93.5234375,268.37890625,276.8203125,227.64453125,0.0,0.0,0.7578125,34.56281661987305
none,4,375,1.0,0.0,1.0,1.0,1.0,1.0,23.21484375,90.61328125,94.89453125,75.55859375,93.5390625,271.30078125,278.30859375,224.703125,0.0,0.0,0.77734375,34.612945556640625
none,4,376,1.0,0.0,1.0,1.0,1.0,1.0,23.42578125,91.28515625,94.34765625,76.76171875,93.26171875,272.26171875,274.67578125,227.7109375,0.0,0.0,0.8203125,34.631622314453125
none,4,377,1.0,0.0,1.0,1.0,1.0,1.0,22.87890625,91.078125,94.02734375,75.82421875,91.921875,271.265625,274.84765625,225.0390625,0.0,0.0,0.73828125,34.5579948425293
none,4,378,1.0,0.0,1.0,1.0,1.0,1.0,23.31640625,89.953125,95.8515625,75.54296875,92.94921875,269.3046875,279.78125,224.44140625,0.0,0.0,0.796875,34.681983947753906
none,4,379,1.0,0.0,1.0,1.0,1.0,1.0,23.65625,90.1953125,94.78515625,76.98046875,93.1875,267.0625,278.22265625,228.3671875,0.0,0.0,0.7421875,34.7921142578125
none,4,380,1.0,0.0,1.0,1.0,1.0,1.0,23.84765625,91.078125,95.33984375,76.3125,94.4609375,269.61328125,278.34765625,225.12109375,0.0,0.0,0.81640625,34.79150390625
none,4,381,1.0,0.0,1.0,1.0,1.0,1.0,23.07421875,89.89453125,94.69921875,77.31640625,92.59765625,267.30078125,273.84375,228.88671875,0.0,0.0,0.8515625,34.79182052612305
none,4,382,1.0,0.0,1.0,1.0,1.0,1.0,23.625,91.23828125,93.1796875,77.36328125,93.125,270.0859375,269.09375,228.2421875,0.0,0.0,0.7109375,34.66180419921875
none,4,383,1.0,0.0,1.0,1.0,1.0,1.0,23.50390625,89.98046875,94.66015625,77.0625,93.03515625,267.61328125,274.05859375,227.09375,0.0,0.0,0.82421875,34.80531311035156
none,4,384,1.0,0.0,1.0,1.0,1.0,1.0,23.73046875,91.26171875,94.71484375,76.3515625,93.390625,269.37109375,273.4765625,224.81640625,0.0,0.0,0.78515625,34.887367248535156
none,4,385,1.0,0.0,1.0,1.0,1.0,1.0,23.35546875,92.34375,93.8984375,76.36328125,92.34375,274.0859375,273.19921875,226.4921875,0.0,0.0,0.72265625,34.89007568359375
none,4,386,1.0,0.0,1.0,1.0,1.0,1.0,23.16796875,92.828125,93.37109375,75.8125,92.30078125,274.19140625,271.47265625,223.55859375,0.0,0.0,0.75390625,34.80036926269531
none,4,387,1.0,0.0,1.0,1.0,1.0,1.0,23.60546875,90.9765625,95.75390625,76.91015625,93.1640625,269.2109375,278.04296875,226.58984375,0.0,0.0,0.7421875,35.031593322753906
none,4,388,1.0,0.0,1.0,1.0,1.0,1.0,23.15625,91.6484375,95.37109375,77.546875,92.4765625,270.3515625,276.24609375,226.859375,0.0,0.0,0.79296875,35.225616455078125
none,4,389,1.0,0.0,1.0,1.0,1.0,1.0,22.8515625,91.84765625,94.90234375,76.24609375,90.53515625,271.84375,275.515625,223.19921875,0.0,0.0,0.7578125,35.05595397949219
none,4,390,1.0,0.0,1.0,1.0,1.0,1.0,23.8359375,91.54296875,94.34375,76.734375,93.6796875,272.6875,272.77734375,226.40625,0.0,0.0,0.69140625,34.8350830078125
none,4,391,1.0,0.0,1.0,1.0,1.0,1.0,23.484375,91.71875,94.59765625,77.5390625,92.859375,273.26171875,273.75390625,229.32421875,0.0,0.0,0.67578125,35.10012435913086
none,4,392,1.0,0.0,1.0,1.0,1.0,1.0,23.08203125,91.12109375,94.60546875,77.8359375,91.16796875,272.484375,273.58203125,228.90234375,0.0,0.0,0.80078125,34.99546813964844
none,4,393,1.0,0.0,1.0,1.0,1.0,1.0,22.72265625,91.3984375,94.515625,76.57421875,90.484375,272.09765625,273.60546875,225.453125,0.0,0.0,0.79296875,34.9287109375
none,4,394,1.0,0.0,1.0,1.0,1.0,1.0,22.984375,91.2734375,95.1484375,77.91796875,92.640625,270.69140625,274.4375,228.4609375,0.0,0.0,0.76171875,35.02216339111328
none,4,395,1.0,0.0,1.0,1.0,1.0,1.0,23.83984375,91.39453125,94.25390625,77.55859375,93.578125,270.2109375,271.26171875,228.859375,0.0,0.0,0.78515625,34.922645568847656
none,4,396,1.0,0.0,1.0,1.0,1.0,1.0,22.828125,91.95703125,95.01171875,76.96875,89.57421875,272.42578125,276.44921875,225.48828125,0.0,0.0,0.734375,35.126312255859375
none,4,397,1.0,0.0,1.0,1.0,1.0,1.0,23.0546875,91.5234375,94.78515625,76.5625,91.91796875,269.35546875,273.98828125,226.6171875,0.0,0.0,0.734375,34.95668029785156
none,4,398,1.0,0.0,1.0,1.0,1.0,1.0,23.07421875,92.16796875,95.3671875,77.98828125,92.9609375,272.22265625,276.88671875,229.87890625,0.0,0.0,0.7890625,35.37587356567383
none,4,399,1.0,0.0,1.0,1.0,1.0,1.0,23.28515625,92.25390625,96.54296875,76.71875,92.67578125,274.21875,281.58203125,225.75,0.0,0.0,0.84375,35.240177154541016
none,4,400,1.0,0.0,1.0,1.0,1.0,1.0,23.0546875,93.37109375,95.90234375,75.51171875,90.95703125,278.34765625,280.76953125,223.3515625,0.0,0.0,0.8359375,35.18630599975586
none,4,401,1.0,0.0,1.0,1.0,1.0,1.0,22.7421875,92.3671875,95.3203125,76.96875,92.06640625,273.98046875,279.671875,229.015625,0.0,0.0,0.8359375,35.2435302734375
none,4,402,1.0,0.0,1.0,1.0,1.0,1.0,22.92578125,93.29296875,95.69921875,77.296875,91.625,278.03125,278.56640625,227.8515625,0.0,0.0,0.765625,35.486297607421875
none,4,403,1.0,0.0,1.0,1.0,1.0,1.0,22.98828125,91.69140625,95.36328125,76.515625,92.71875,273.18359375,277.54296875,227.25390625,0.0,0.0,0.70703125,35.148311614990234
none,4,404,1.0,0.0,1.0,1.0,1.0,1.0,23.93359375,91.78515625,94.65625,77.44140625,95.390625,272.75390625,275.05078125,229.86328125,0.0,0.0,0.7265625,35.068756103515625
none,4,405,1.0,0.0,1.0,1.0,1.0,1.0,23.0234375,91.47265625,95.07421875,78.84375,92.5859375,273.0234375,278.22265625,234.6328125,0.0,0.0,0.73828125,35.55319595336914
none,4,406,1.0,0.0,1.0,1.0,1.0,1.0,23.28515625,90.95703125,96.25,78.12890625,94.01953125,271.828125,280.04296875,231.33203125,0.0,0.0,0.7109375,35.339454650878906
none,4,407,1.0,0.0,1.0,1.0,1.0,1.0,23.18359375,91.421875,95.44921875,79.19921875,93.28515625,272.5625,276.6875,232.3828125,0.0,0.0,0.80078125,35.379981994628906
none,4,408,1.0,0.0,1.0,1.0,1.0,1.0,22.58203125,91.78515625,96.2421875,79.61328125,90.7421875,271.9921875,280.12109375,235.26171875,0.0,0.0,0.7890625,35.9669189453125
none,4,409,1.0,0.0,1.0,1.0,1.0,1.0,22.6328125,92.23828125,95.96875,77.60546875,90.796875,275.453125,280.01171875,229.8984375,0.0,0.0,0.75390625,35.56079864501953
none,4,410,1.0,0.0,1.0,1.0,1.0,1.0,22.875,91.48046875,95.03125,78.05859375,91.01953125,272.375,276.3828125,231.0859375,0.0,0.0,0.84375,35.301544189453125
none,4,411,1.0,0.0,1.0,1.0,1.0,1.0,22.86328125,92.171875,95.71875,78.171875,91.671875,274.5546875,278.21484375,232.22265625,0.0,0.0,0.7265625,35.42989730834961
none,4,412,1.0,0.0,1.0,1.0,1.0,1.0,22.46875,92.32421875,96.2734375,76.9765625,88.72265625,274.3984375,280.58203125,226.2109375,0.0,0.0,0.72265625,35.78108215332031
none,4,413,1.0,0.0,1.0,1.0,1.0,1.0,22.23828125,93.66015625,97.515625,76.9609375,89.2109375,277.3125,281.40625,227.5625,0.0,0.0,0.77734375,35.934608459472656
none,4,414,1.0,0.0,1.0,1.0,1.0,1.0,22.890625,92.39453125,96.12890625,78.18359375,91.421875,274.79296875,278.33984375,230.4296875,0.0,0.0,0.72265625,35.69622039794922
none,4,415,1.0,0.0,1.0,1.0,1.0,1.0,22.5546875,93.1640625,96.546875,77.60546875,89.84765625,278.28515625,280.90234375,227.90625,0.0,0.0,0.70703125,35.66975402832031
none,4,416,1.0,0.0,1.0,1.0,1.0,1.0,22.33203125,92.87109375,97.41796875,78.8515625,90.50390625,275.99609375,281.77734375,230.77734375,0.0,0.0,0.6328125,36.00074768066406
none,4,417,1.0,0.0,1.0,1.0,1.0,1.0,22.45703125,92.7734375,96.8046875,79.0390625,91.1953125,275.8515625,281.01171875,233.71875,0.0,0.0,0.66796875,35.967769622802734
none,4,418,1.0,0.0,1.0,1.0,1.0,1.0,22.66796875,93.53125,97.29296875,78.62109375,92.12890625,277.3515625,282.7734375,230.40234375,0.0,0.0,0.68359375,36.11896896362305
none,4,419,1.0,0.0,1.0,1.0,1.0,1.0,22.8203125,91.5390625,97.41796875,78.91796875,92.1640625,273.078125,283.359375,233.7421875,0.0,0.0,0.69140625,35.78282928466797
none,4,420,1.0,0.0,1.0,1.0,1.0,1.0,23.12109375,91.80859375,97.546875,77.46875,92.6171875,275.1328125,283.64453125,229.48828125,0.0,0.0,0.7421875,35.70811080932617
none,4,421,1.0,0.0,1.0,1.0,1.0,1.0,23.23046875,91.7421875,97.44921875,77.5,91.734375,273.7265625,282.015625,229.9140625,0.0,0.0,0.765625,35.59490966796875
none,4,422,1.0,0.0,1.0,1.0,1.0,1.0,22.8828125,90.546875,96.82421875,79.875,92.94921875,267.546875,281.53125,235.421875,0.0,0.0,0.73828125,35.8245849609375
none,4,423,1.0,0.0,1.0,1.0,1.0,1.0,22.67578125,91.21875,96.5703125,79.0859375,90.46875,271.0859375,281.84375,233.46484375,0.0,0.0,0.7578125,35.66094970703125
none,4,424,1.0,0.0,1.0,1.0,1.0,1.0,22.3359375,92.6015625,95.92578125,78.9296875,90.73046875,273.03515625,279.265625,233.2578125,0.0,0.0,0.80078125,35.79158020019531
none,4,425,1.0,0.0,1.0,1.0,1.0,1.0,22.2265625,91.5,97.078125,79.41015625,88.80078125,271.5625,283.484375,233.62890625,0.0,0.0,0.703125,35.94580078125
none,4,426,1.0,0.0,1.0,1.0,1.0,1.0,22.6015625,93.32421875,96.09375,78.98828125,89.3515625,277.078125,279.6171875,232.96484375,0.0,0.0,0.73828125,36.027191162109375
none,4,427,1.0,0.0,1.0,1.0,1.0,1.0,22.203125,93.75,96.85546875,78.4140625,89.29296875,277.83984375,280.4453125,231.3359375,0.0,0.0,0.82421875,36.19593048095703
none,4,428,1.0,0.0,1.0,1.0,1.0,1.0,23.3359375,93.66015625,96.3359375,78.20703125,92.34375,279.06640625,279.21484375,231.5703125,0.0,0.0,0.8046875,35.90913009643555
none,4,429,1.0,0.0,1.0,1.0,1.0,1.0,22.640625,92.8359375,98.64453125,77.9453125,90.203125,276.50390625,285.54296875,229.171875,0.0,0.0,0.66796875,36.18907928466797
none,4,430,1.0,0.0,1.0,1.0,1.0,1.0,22.328125,93.0234375,97.24609375,79.00390625,89.31640625,275.765625,281.4765625,231.4609375,0.0,0.0,0.68359375,36.209571838378906
none,4,431,1.0,0.0,1.0,1.0,1.0,1.0,21.59765625,93.56640625,97.14453125,78.3359375,87.8046875,276.7421875,280.33984375,229.23046875,0.0,0.0,0.6796875,36.33223342895508
none,4,432,1.0,0.0,1.0,1.0,1.0,1.0,22.25390625,92.85546875,98.5390625,78.8125,89.58984375,276.33203125,285.015625,231.92578125,0.0,0.0,0.6953125,36.41790008544922
none,4,433,1.0,0.0,1.0,1.0,1.0,1.0,22.05078125,91.36328125,98.7109375,79.52734375,88.11328125,269.56640625,284.65625,235.00390625,0.0,0.0,0.65234375,36.33940887451172
none,4,434,1.0,0.0,1.0,1.0,1.0,1.0,21.80859375,93.203125,97.47265625,78.74609375,88.10546875,275.79296875,281.25,232.85546875,0.0,0.0,0.6640625,36.31214141845703
none,4,435,1.0,0.0,1.0,1.0,1.0,1.0,21.9296875,93.50390625,97.81640625,80.08984375,88.6640625,277.69140625,281.33984375,233.51171875,0.0,0.0,0.68359375,36.7569694519043
none,4,436,1.0,0.0,1.0,1.0,1.0,1.0,22.3984375,93.828125,97.8203125,77.81640625,89.84765625,279.06640625,282.11328125,228.34765625,0.0,0.0,0.6796875,36.43993377685547
none,4,437,1.0,0.0,1.0,1.0,1.0,1.0,22.1640625,92.1875,99.74609375,79.07421875,88.9453125,271.53515625,285.41796875,232.3125,0.0,0.0,0.66796875,36.52443313598633
none,4,438,1.0,0.0,1.0,1.0,1.0,1.0,22.92578125,92.94140625,98.140625,79.15625,92.71875,276.28515625,282.625,232.1875,0.0,0.0,0.796875,36.32072067260742
none,4,439,1.0,0.0,1.0,1.0,1.0,1.0,22.9765625,94.27734375,98.20703125,78.66015625,92.546875,277.9765625,285.30859375,230.48046875,0.0,0.0,0.64453125,36.6037483215332
none,4,440,1.0,0.0,1.0,1.0,1.0,1.0,23.41015625,92.43359375,98.625,77.7578125,92.35546875,273.58203125,285.4609375,227.7109375,0.0,0.0,0.7421875,36.01542663574219
none,4,441,1.0,0.0,1.0,1.0,1.0,1.0,22.015625,93.390625,97.78515625,78.73828125,88.671875,276.16796875,283.16015625,232.64453125,0.0,0.0,0.64453125,36.380592346191406
none,4,442,1.0,0.0,1.0,1.0,1.0,1.0,22.25,93.875,97.078125,78.984375,90.26171875,276.67578125,280.3828125,231.05859375,0.0,0.0,0.63671875,36.423030853271484
none,4,443,1.0,0.0,1.0,1.0,1.0,1.0,21.2109375,93.67578125,98.53125,77.09765625,85.5078125,277.96875,285.734375,226.8125,0.0,0.0,0.625,36.41572570800781
none,4,444,1.0,0.0,1.0,1.0,1.0,1.0,21.96875,94.59765625,98.1953125,78.390625,88.51171875,279.1171875,284.3515625,229.62109375,0.0,0.0,0.75,36.49339294433594
none,4,445,1.0,0.0,1.0,1.0,1.0,1.0,22.32421875,93.6796875,98.3046875,80.58984375,90.0234375,276.98046875,284.21484375,235.84765625,0.0,0.0,0.61328125,36.85243225097656
none,4,446,1.0,0.0,1.0,1.0,1.0,1.0,21.83984375,94.52734375,98.45703125,79.67578125,88.05078125,277.87890625,284.28515625,233.4921875,0.0,0.0,0.66796875,36.9515380859375
none,4,447,1.0,0.0,1.0,1.0,1.0,1.0,22.65234375,94.16796875,98.0078125,78.80078125,89.796875,278.8984375,280.98828125,230.75,0.0,0.0,0.67578125,36.37361526489258
none,4,448,1.0,0.0,1.0,1.0,1.0,1.0,21.33203125,93.7421875,99.3125,80.46484375,85.234375,276.78515625,285.48828125,233.98046875,0.0,0.0,0.6953125,36.99454116821289
none,4,449,1.0,0.0,1.0,1.0,1.0,1.0,21.69921875,94.3046875,98.31640625,79.52734375,85.97265625,278.75390625,281.765625,233.2109375,0.0,0.0,0.58984375,36.81718063354492
none,4,450,1.0,0.0,1.0,1.0,1.0,1.0,22.19140625,95.3046875,97.83984375,80.40234375,87.97265625,278.296875,280.42578125,235.19140625,0.0,0.0,0.63671875,36.919837951660156
none,4,451,1.0,0.0,1.0,1.0,1.0,1.0,22.0546875,95.1484375,96.88671875,80.31640625,87.24609375,280.59765625,278.21484375,233.47265625,0.0,0.0,0.69921875,36.73084259033203
none,4,452,1.0,0.0,1.0,1.0,1.0,1.0,21.78125,94.15625,97.75390625,79.609375,87.1953125,278.609375,281.28515625,233.515625,0.0,0.0,0.66015625,36.704551696777344
none,4,453,1.0,0.0,1.0,1.0,1.0,1.0,22.5390625,94.19140625,98.359375,79.2421875,90.31640625,278.32421875,284.78125,231.5859375,0.0,0.0,0.63671875,36.76324462890625
none,4,454,1.0,0.0,1.0,1.0,1.0,1.0,22.25,93.03515625,98.953125,79.5234375,88.34375,274.91796875,285.2734375,233.1953125,0.0,0.0,0.8125,36.74297332763672
none,4,455,1.0,0.0,1.0,1.0,1.0,1.0,22.5859375,93.12109375,98.8984375,78.68359375,90.6796875,276.72265625,285.21484375,230.26953125,0.0,0.0,0.6796875,36.39490509033203
none,4,456,1.0,0.0,1.0,1.0,1.0,1.0,21.6953125,94.515625,99.55859375,79.13671875,87.6328125,280.08203125,288.84765625,231.1171875,0.0,0.0,0.68359375,36.986263275146484
none,4,457,1.0,0.0,1.0,1.0,1.0,1.0,21.56640625,94.390625,98.28125,79.5546875,87.99609375,280.35546875,284.67578125,233.1875,0.0,0.0,0.59375,36.91352462768555
none,4,458,1.0,0.0,1.0,1.0,1.0,1.0,22.5,94.609375,99.3515625,81.15234375,89.96875,279.2734375,287.73046875,236.75,0.0,0.0,0.62890625,37.1448974609375
none,4,459,1.0,0.0,1.0,1.0,1.0,1.0,22.02734375,93.9453125,98.87109375,80.72265625,88.6953125,278.83984375,287.96484375,237.6328125,0.0,0.0,0.59375,36.933929443359375
none,4,460,1.0,0.0,1.0,1.0,1.0,1.0,22.3203125,95.02734375,99.16796875,79.83984375,88.75,280.91796875,287.125,234.64453125,0.0,0.0,0.63671875,37.1696662902832
none,4,461,1.0,0.0,1.0,1.0,1.0,1.0,21.91015625,92.6328125,98.71875,80.67578125,87.5390625,272.55859375,286.453125,237.87109375,0.0,0.0,0.63671875,36.86050033569336
none,4,462,1.0,0.0,1.0,1.0,1.0,1.0,21.96875,94.140625,98.12890625,81.4921875,88.79296875,278.56640625,284.9453125,238.0234375,0.0,0.0,0.66015625,36.991966247558594
none,4,463,1.0,0.0,1.0,1.0,1.0,1.0,21.78125,94.4296875,99.08203125,79.890625,87.37109375,277.7890625,287.1875,233.01171875,0.0,0.0,0.63671875,37.06258773803711
none,4,464,1.0,0.0,1.0,1.0,1.0,1.0,22.62890625,92.94140625,99.69140625,80.18359375,89.21484375,273.359375,287.8515625,234.18359375,0.0,0.0,0.625,36.82221221923828
none,4,465,1.0,0.0,1.0,1.0,1.0,1.0,21.17578125,95.05859375,99.05078125,79.69140625,85.54296875,278.73828125,285.87109375,233.5703125,0.0,0.0,0.671875,37.181915283203125
none,4,466,1.0,0.0,1.0,1.0,1.0,1.0,21.63671875,94.03125,99.98828125,80.8046875,87.68359375,276.21484375,288.2421875,235.1484375,0.0,0.0,0.609375,37.39703369140625
none,4,467,1.0,0.0,1.0,1.0,1.0,1.0,21.953125,95.43359375,99.58984375,80.5625,88.28515625,282.203125,286.51953125,234.765625,0.0,0.0,0.66015625,37.32061004638672
none,4,468,1.0,0.0,1.0,1.0,1.0,1.0,21.53125,96.390625,97.28515625,80.59765625,87.73828125,284.45703125,279.90234375,234.796875,0.0,0.0,0.6640625,37.22197341918945
none,4,469,1.0,0.0,1.0,1.0,1.0,1.0,22.9296875,95.6484375,100.32421875,79.98046875,90.0625,281.86328125,287.828125,232.40625,0.0,0.0,0.6953125,37.18155288696289
none,4,470,1.0,0.0,1.0,1.0,1.0,1.0,22.484375,95.7578125,100.1171875,79.6328125,88.765625,280.578125,287.5625,230.80078125,0.0,0.0,0.62890625,37.385658264160156
none,4,471,1.0,0.0,1.0,1.0,1.0,1.0,21.46484375,96.37109375,99.95703125,78.53125,86.453125,284.140625,287.12109375,229.515625,0.0,0.0,0.5546875,37.427001953125
none,4,472,1.0,0.0,1.0,1.0,1.0,1.0,22.16015625,96.09375,99.02734375,79.34375,88.76953125,282.703125,285.09375,231.30078125,0.0,0.0,0.5859375,37.24987030029297
none,4,473,1.0,0.0,1.0,1.0,1.0,1.0,21.30078125,94.53515625,99.546875,80.4375,85.46484375,280.1875,288.27734375,234.5546875,0.0,0.0,0.59375,37.3786735534668
none,4,474,1.0,0.0,1.0,1.0,1.0,1.0,21.34765625,95.2421875,99.390625,79.0546875,85.98046875,282.41796875,288.890625,232.04296875,0.0,0.0,0.58203125,37.11299133300781
none,4,475,1.0,0.0,1.0,1.0,1.0,1.0,21.58984375,96.03515625,99.55859375,80.36328125,87.69921875,284.25390625,288.47265625,234.796875,0.0,0.0,0.63671875,37.56843185424805
none,4,476,1.0,0.0,1.0,1.0,1.0,1.0,21.9921875,94.95703125,99.5859375,81.16796875,88.9375,282.95703125,290.56640625,237.421875,0.0,0.0,0.55078125,37.39501953125
none,4,477,1.0,0.0,1.0,1.0,1.0,1.0,21.28515625,95.80078125,99.83984375,79.26953125,85.76171875,285.27734375,289.9765625,233.5625,0.0,0.0,0.56640625,37.341670989990234
none,4,478,1.0,0.0,1.0,1.0,1.0,1.0,22.1015625,95.5546875,100.78515625,79.4140625,88.88671875,282.09375,292.1015625,231.6875,0.0,0.0,0.63671875,37.56757736206055
none,4,479,1.0,0.0,1.0,1.0,1.0,1.0,21.5234375,95.46484375,99.6484375,80.2421875,86.76171875,283.75,289.73828125,233.921875,0.0,0.0,0.54296875,37.407283782958984
none,4,480,1.0,0.0,1.0,1.0,1.0,1.0,21.49609375,95.1484375,100.8671875,80.18359375,87.24609375,282.19921875,291.8828125,235.31640625,0.0,0.0,0.6171875,37.47684860229492
none,4,481,1.0,0.0,1.0,1.0,1.0,1.0,21.72265625,94.7734375,99.5859375,79.66015625,87.64453125,282.4765625,291.25390625,235.43359375,0.0,0.0,0.62109375,37.245262145996094
none,4,482,1.0,0.0,1.0,1.0,1.0,1.0,21.7890625,95.65625,99.671875,80.375,88.5703125,284.328125,288.84375,236.93359375,0.0,0.0,0.6171875,37.517799377441406
none,4,483,1.0,0.0,1.0,1.0,1.0,1.0,20.9921875,95.33984375,100.50390625,79.8359375,85.7578125,282.375,291.5703125,234.52734375,0.0,0.0,0.609375,37.642601013183594
none,4,484,1.0,0.0,1.0,1.0,1.0,1.0,21.39453125,95.921875,100.14453125,79.45703125,86.5703125,281.43359375,291.37890625,235.12109375,0.0,0.0,0.69921875,37.45567321777344
none,4,485,1.0,0.0,1.0,1.0,1.0,1.0,21.625,96.4921875,101.31640625,79.60546875,88.22265625,283.51953125,293.078125,232.609375,0.0,0.0,0.65234375,37.69412612915039
none,4,486,1.0,0.0,1.0,1.0,1.0,1.0,22.3671875,96.28125,99.96875,80.32421875,89.05078125,283.60546875,288.66015625,234.046875,0.0,0.0,0.625,37.46674346923828
none,4,487,1.0,0.0,1.0,1.0,1.0,1.0,20.88671875,94.98046875,101.80078125,81.234375,85.1640625,278.98828125,293.41015625,236.34765625,0.0,0.0,0.67578125,38.17250442504883
none,4,488,1.0,0.0,1.0,1.0,1.0,1.0,21.046875,96.8984375,100.109375,80.0859375,84.28515625,285.62109375,288.3125,232.8515625,0.0,0.0,0.640625,37.8945426940918
none,4,489,1.0,0.0,1.0,1.0,1.0,1.0,21.40234375,97.40625,101.2890625,80.21484375,86.6796875,286.23046875,290.12109375,232.33984375,0.0,0.0,0.578125,38.09328079223633
none,4,490,1.0,0.0,1.0,1.0,1.0,1.0,21.3515625,96.75390625,100.62890625,80.74609375,84.6953125,284.61328125,287.85546875,234.1015625,0.0,0.0,0.6171875,37.867279052734375
none,4,491,1.0,0.0,1.0,1.0,1.0,1.0,20.9765625,96.28515625,99.8515625,83.0390625,85.296875,281.65234375,287.1953125,240.19921875,0.0,0.0,0.53125,38.20838928222656
none,4,492,1.0,0.0,1.0,1.0,1.0,1.0,21.203125,96.8515625,100.2421875,80.85546875,84.578125,284.140625,288.28515625,233.4765625,0.0,0.0,0.54296875,37.97699737548828
none,4,493,1.0,0.0,1.0,1.0,1.0,1.0,21.19921875,97.04296875,100.17578125,80.18359375,84.1796875,284.65234375,288.0625,232.74609375,0.0,0.0,0.58203125,37.87424850463867
none,4,494,1.0,0.0,1.0,1.0,1.0,1.0,21.56640625,96.66015625,100.68359375,81.05859375,86.87890625,284.23046875,288.62890625,234.07421875,0.0,0.0,0.66796875,37.76240539550781
none,4,495,1.0,0.0,1.0,1.0,1.0,1.0,21.1640625,97.6328125,101.1875,81.36328125,84.9375,286.69140625,290.29296875,237.15234375,0.0,0.0,0.62109375,38.429534912109375
none,4,496,1.0,0.0,1.0,1.0,1.0,1.0,20.98828125,97.44921875,99.84765625,80.77734375,84.5859375,285.15234375,287.33984375,233.91015625,0.0,0.0,0.63671875,37.96690368652344
none,4,497,1.0,0.0,1.0,1.0,1.0,1.0,21.53125,94.4296875,101.921875,82.71484375,87.70703125,279.28515625,292.6640625,238.79296875,0.0,0.0,0.58203125,37.96812438964844
none,4,498,1.0,0.0,1.0,1.0,1.0,1.0,21.125,96.34765625,101.59375,80.96484375,84.015625,281.79296875,293.6171875,234.79296875,0.0,0.0,0.65625,37.93471908569336
none,4,499,1.0,0.0,1.0,1.0,1.0,1.0,20.9453125,97.17578125,102.40625,81.14453125,86.06640625,285.51953125,293.6796875,235.11328125,0.0,0.0,0.55859375,38.44796371459961
none,4,500,1.0,0.0,1.0,1.0,1.0,1.0,20.86328125,96.23828125,101.13671875,80.546875,84.37109375,282.91796875,292.30859375,233.91015625,0.0,0.0,0.62109375,38.16631317138672
none,4,501,1.0,0.0,1.0,1.0,1.0,1.0,20.79296875,96.19140625,101.83984375,81.6484375,84.515625,282.1953125,294.25,237.12890625,0.0,0.0,0.56640625,38.226341247558594
none,4,502,1.0,0.0,1.0,1.0,1.0,1.0,20.18359375,97.28515625,101.67578125,81.140625,82.82421875,286.59375,290.78125,236.0390625,0.0,0.0,0.4921875,38.51023864746094
none,4,503,1.0,0.0,1.0,1.0,1.0,1.0,21.03125,97.21875,101.59375,81.02734375,85.94140625,286.4375,292.6875,235.4921875,0.0,0.0,0.64453125,38.19660949707031
none,4,504,1.0,0.0,1.0,1.0,1.0,1.0,21.796875,97.72265625,101.1328125,82.30859375,87.41796875,285.8984375,291.59375,238.265625,0.0,0.0,0.6328125,38.3719482421875
none,4,505,1.0,0.0,1.0,1.0,1.0,1.0,21.0859375,97.0859375,100.23828125,81.63671875,85.76171875,286.6171875,288.86328125,237.8671875,0.0,0.0,0.578125,38.11151123046875
none,4,506,1.0,0.0,1.0,1.0,1.0,1.0,21.5078125,97.328125,100.015625,81.39453125,87.0546875,287.75390625,287.7265625,237.10546875,0.0,0.0,0.63671875,38.06368637084961
none,4,507,1.0,0.0,1.0,1.0,1.0,1.0,21.05078125,97.7890625,102.0390625,82.2421875,84.90234375,287.921875,295.55859375,239.5078125,0.0,0.0,0.54296875,38.747047424316406
none,4,508,1.0,0.0,1.0,1.0,1.0,1.0,22.00390625,97.27734375,100.86328125,81.29296875,88.1796875,287.48046875,289.69140625,235.48828125,0.0,0.0,0.609375,37.95539093017578
none,4,509,1.0,0.0,1.0,1.0,1.0,1.0,20.58203125,98.05859375,100.93359375,82.82421875,81.91015625,287.640625,292.18359375,240.359375,0.0,0.0,0.52734375,38.67670440673828
none,4,510,1.0,0.0,1.0,1.0,1.0,1.0,21.90625,98.546875,100.5,82.3125,87.2109375,287.203125,289.42578125,237.87890625,0.0,0.0,0.60546875,38.52212905883789
none,4,511,1.0,0.0,1.0,1.0,1.0,1.0,21.44140625,98.38671875,101.5,80.97265625,87.08984375,288.30859375,292.265625,234.3046875,0.0,0.0,0.6171875,38.42070007324219
none,4,512,1.0,0.0,1.0,1.0,1.0,1.0,21.3203125,96.97265625,102.109375,81.63671875,85.109375,283.44140625,294.8046875,236.78125,0.0,0.0,0.6328125,38.45515441894531
none,4,513,1.0,0.0,1.0,1.0,1.0,1.0,21.17578125,98.58984375,101.26171875,80.46875,86.3046875,289.96484375,289.984375,231.29296875,0.0,0.0,0.625,38.25663375854492
none,4,514,1.0,0.0,1.0,1.0,1.0,1.0,20.5859375,98.25390625,100.234375,81.8515625,83.796875,287.08203125,289.171875,236.0859375,0.0,0.0,0.62890625,38.50373840332031
none,4,515,1.0,0.0,1.0,1.0,1.0,1.0,21.2578125,97.4765625,103.3125,82.1640625,85.1171875,284.71484375,296.875,239.00390625,0.0,0.0,0.4609375,38.85062789916992
none,4,516,1.0,0.0,1.0,1.0,1.0,1.0,20.6953125,97.07421875,101.50390625,82.5703125,83.77734375,285.09765625,291.4296875,240.125,0.0,0.0,0.62890625,38.5657958984375
none,4,517,1.0,0.0,1.0,1.0,1.0,1.0,21.30859375,97.71875,101.83984375,84.19140625,85.76171875,287.0,291.5390625,242.39453125,0.0,0.0,0.54296875,39.02290344238281
none,4,518,1.0,0.0,1.0,1.0,1.0,1.0,20.89453125,96.62890625,102.75,83.9296875,85.96875,281.609375,293.72265625,243.37109375,0.0,0.0,0.6484375,38.92218780517578
none,4,519,1.0,0.0,1.0,1.0,1.0,1.0,21.24609375,97.41015625,101.67578125,83.4453125,86.45703125,285.2734375,291.7734375,243.76171875,0.0,0.0,0.55078125,38.83787536621094
none,4,520,1.0,0.0,1.0,1.0,1.0,1.0,21.140625,97.703125,102.0078125,82.8984375,86.078125,286.734375,291.9296875,241.91015625,0.0,0.0,0.55859375,38.92427062988281
none,4,521,1.0,0.0,1.0,1.0,1.0,1.0,21.34375,98.4296875,103.23828125,82.234375,86.953125,286.875,297.8984375,239.44140625,0.0,0.0,0.51953125,38.87862014770508
none,4,522,1.0,0.0,1.0,1.0,1.0,1.0,21.203125,97.9453125,103.0,83.17578125,85.42578125,287.046875,297.046875,242.2578125,0.0,0.0,0.515625,39.10920715332031
none,4,523,1.0,0.0,1.0,1.0,1.0,1.0,21.6796875,98.52734375,101.58203125,84.21875,86.140625,288.4765625,292.05078125,245.1484375,0.0,0.0,0.60546875,39.055442810058594
none,4,524,1.0,0.0,1.0,1.0,1.0,1.0,21.03125,98.1796875,102.671875,83.07421875,85.21484375,286.24609375,295.2265625,242.08984375,0.0,0.0,0.50390625,39.071128845214844
none,4,525,1.0,0.0,1.0,1.0,1.0,1.0,21.11328125,100.26953125,100.9609375,83.53515625,84.671875,293.359375,290.59765625,242.94140625,0.0,0.0,0.55078125,39.13864517211914
none,4,526,1.0,0.0,1.0,1.0,1.0,1.0,20.90625,98.84375,102.05078125,82.8515625,83.0078125,289.16015625,292.578125,240.1640625,0.0,0.0,0.59765625,38.96863555908203
none,4,527,1.0,0.0,1.0,1.0,1.0,1.0,20.68359375,98.98828125,102.4765625,83.43359375,84.72265625,289.1015625,294.0859375,241.5625,0.0,0.0,0.52734375,39.11210250854492
none,4,528,1.0,0.0,1.0,1.0,1.0,1.0,20.52734375,98.94140625,101.7578125,83.64453125,82.5703125,290.15625,291.82421875,242.453125,0.0,0.0,0.63671875,39.20302200317383
none,4,529,1.0,0.0,1.0,1.0,1.0,1.0,20.90234375,98.796875,101.1328125,82.09765625,83.31640625,289.55859375,291.09375,236.50390625,0.0,0.0,0.58203125,38.66077423095703
none,4,530,1.0,0.0,1.0,1.0,1.0,1.0,20.609375,98.015625,103.34765625,84.4296875,83.03125,284.625,296.296875,242.9296875,0.0,0.0,0.46875,39.45793914794922
none,4,531,1.0,0.0,1.0,1.0,1.0,1.0,20.89453125,98.75390625,102.9765625,82.51953125,84.8828125,287.18359375,294.1953125,239.20703125,0.0,0.0,0.6171875,38.971588134765625
none,4,532,1.0,0.0,1.0,1.0,1.0,1.0,20.9140625,98.68359375,102.87109375,83.02734375,84.375,288.765625,294.3359375,240.1015625,0.0,0.0,0.5234375,39.164588928222656
none,4,533,1.0,0.0,1.0,1.0,1.0,1.0,20.5546875,98.83984375,102.76171875,83.234375,83.7578125,289.49609375,294.64453125,241.33203125,0.0,0.0,0.62109375,39.30082702636719
none,4,534,1.0,0.0,1.0,1.0,1.0,1.0,20.90625,99.99609375,103.0234375,82.9140625,84.5078125,292.47265625,296.58984375,240.6640625,0.0,0.0,0.52734375,39.25743865966797
none,4,535,1.0,0.0,1.0,1.0,1.0,1.0,20.69140625,99.20703125,102.01171875,83.21484375,84.7109375,291.09375,293.07421875,241.953125,0.0,0.0,0.47265625,39.29641342163086
none,4,536,1.0,0.0,1.0,1.0,1.0,1.0,20.38671875,100.8125,102.51171875,83.73828125,83.58203125,293.97265625,294.98046875,241.734375,0.0,0.0,0.515625,39.657508850097656
none,4,537,1.0,0.0,1.0,1.0,1.0,1.0,19.8515625,100.55859375,102.40625,83.73828125,80.68359375,293.37890625,294.12890625,242.5078125,0.0,0.0,0.58984375,39.707427978515625
none,4,538,1.0,0.0,1.0,1.0,1.0,1.0,19.87109375,100.51953125,101.515625,83.11328125,79.5234375,292.50390625,291.0546875,239.9453125,0.0,0.0,0.47265625,39.579158782958984
none,4,539,1.0,0.0,1.0,1.0,1.0,1.0,20.3203125,99.87109375,101.79296875,83.75390625,82.18359375,291.88671875,291.37109375,241.34375,0.0,0.0,0.53125,39.28466796875
none,4,540,1.0,0.0,1.0,1.0,1.0,1.0,20.08984375,100.05078125,102.69921875,82.7578125,81.8125,292.12109375,294.1328125,237.67578125,0.0,0.0,0.57421875,39.302284240722656
none,4,541,1.0,0.0,1.0,1.0,1.0,1.0,20.6796875,99.8359375,103.62890625,84.3203125,82.07421875,289.546875,294.32421875,244.8671875,0.0,0.0,0.51953125,39.638427734375
none,4,542,1.0,0.0,1.0,1.0,1.0,1.0,20.02734375,100.3671875,102.81640625,81.73046875,81.16015625,292.51953125,292.62109375,236.7890625,0.0,0.0,0.5625,39.357879638671875
none,4,543,1.0,0.0,1.0,1.0,1.0,1.0,21.359375,99.75390625,103.07421875,83.328125,86.046875,291.19921875,295.4140625,239.6953125,0.0,0.0,0.5390625,39.35493087768555
none,4,544,1.0,0.0,1.0,1.0,1.0,1.0,21.01953125,99.04296875,103.80078125,83.65625,84.953125,288.9609375,298.34375,241.64453125,0.0,0.0,0.609375,39.48849105834961
none,4,545,1.0,0.0,1.0,1.0,1.0,1.0,20.55859375,97.98828125,104.3828125,83.7578125,83.66015625,287.203125,301.0234375,242.2421875,0.0,0.0,0.54296875,39.40302658081055
none,4,546,1.0,0.0,1.0,1.0,1.0,1.0,20.140625,100.85546875,103.3984375,83.02734375,82.09765625,295.25390625,296.33203125,240.546875,0.0,0.0,0.5546875,39.691436767578125
none,4,547,1.0,0.0,1.0,1.0,1.0,1.0,20.91015625,100.0546875,102.8828125,84.41796875,84.22265625,292.0078125,295.88671875,243.5546875,0.0,0.0,0.578125,39.48920822143555
none,4,548,1.0,0.0,1.0,1.0,1.0,1.0,19.984375,100.28515625,102.44140625,83.890625,81.7734375,294.21875,293.640625,242.83203125,0.0,0.0,0.48046875,39.57171630859375
none,4,549,1.0,0.0,1.0,1.0,1.0,1.0,19.8359375,100.95703125,102.8671875,83.34765625,80.890625,295.0625,296.26171875,241.50390625,0.0,0.0,0.59765625,39.79741668701172
none,4,550,1.0,0.0,1.0,1.0,1.0,1.0,19.85546875,98.875,103.12890625,86.140625,82.3046875,287.18359375,297.0703125,249.609375,0.0,0.0,0.5234375,39.913326263427734
none,4,551,1.0,0.0,1.0,1.0,1.0,1.0,20.49609375,102.1171875,103.4921875,84.10546875,83.10546875,298.01171875,295.8203125,243.1875,0.0,0.0,0.50390625,40.01708984375
none,4,552,1.0,0.0,1.0,1.0,1.0,1.0,20.94921875,99.1015625,104.125,85.73046875,84.87109375,290.0,299.32421875,247.70703125,0.0,0.0,0.5078125,39.88585662841797
none,4,553,1.0,0.0,1.0,1.0,1.0,1.0,20.69140625,100.3359375,103.70703125,83.62890625,84.15234375,295.3125,298.93359375,243.73046875,0.0,0.0,0.6015625,39.845245361328125
none,4,554,1.0,0.0,1.0,1.0,1.0,1.0,19.6796875,101.61328125,103.5546875,81.578125,81.30078125,297.84765625,297.98046875,236.62109375,0.0,0.0,0.49609375,39.874752044677734
none,4,555,1.0,0.0,1.0,1.0,1.0,1.0,20.8125,99.80859375,103.75390625,83.63671875,86.01953125,293.92578125,297.7734375,243.4453125,0.0,0.0,0.50390625,39.773292541503906
none,4,556,1.0,0.0,1.0,1.0,1.0,1.0,19.84765625,99.84375,103.84765625,85.06640625,81.19921875,292.49609375,297.71484375,247.25,0.0,0.0,0.5078125,39.981483459472656
none,4,557,1.0,0.0,1.0,1.0,1.0,1.0,20.04296875,100.41015625,103.28125,84.546875,81.8828125,294.69921875,296.828125,243.9609375,0.0,0.0,0.54296875,39.98173522949219
none,4,558,1.0,0.0,1.0,1.0,1.0,1.0,20.16015625,100.625,104.75,84.84375,82.8046875,292.640625,299.04296875,245.58984375,0.0,0.0,0.3828125,40.382259368896484
none,4,559,1.0,0.0,1.0,1.0,1.0,1.0,20.51171875,101.2734375,103.8515625,83.9140625,84.1640625,293.78125,296.53515625,242.4375,0.0,0.0,0.48046875,40.00991439819336
none,4,560,1.0,0.0,1.0,1.0,1.0,1.0,21.15625,101.31640625,104.8515625,83.56640625,85.12890625,293.4609375,300.31640625,241.87109375,0.0,0.0,0.50390625,39.933921813964844
none,4,561,1.0,0.0,1.0,1.0,1.0,1.0,19.41015625,100.34765625,104.69140625,83.9921875,80.55859375,291.84765625,299.21875,242.35546875,0.0,0.0,0.50390625,40.11866760253906
none,4,562,1.0,0.0,1.0,1.0,1.0,1.0,19.4609375,100.61328125,104.22265625,86.10546875,79.69921875,291.2265625,297.2578125,247.58984375,0.0,0.0,0.51953125,40.40337371826172
none,4,563,1.0,0.0,1.0,1.0,1.0,1.0,20.2734375,100.40625,103.78125,84.5703125,83.1953125,291.40234375,296.4453125,243.58203125,0.0,0.0,0.51171875,39.87969207763672
none,4,564,1.0,0.0,1.0,1.0,1.0,1.0,19.82421875,99.40625,105.03515625,84.1484375,80.12890625,288.171875,301.12890625,241.9375,0.0,0.0,0.4765625,39.880943298339844
none,4,565,1.0,0.0,1.0,1.0,1.0,1.0,20.32421875,101.58203125,104.87109375,84.33984375,80.8671875,295.6796875,298.08203125,241.67578125,0.0,0.0,0.48828125,40.33832550048828
none,4,566,1.0,0.0,1.0,1.0,1.0,1.0,19.98828125,100.203125,104.83984375,83.87109375,81.01953125,290.796875,299.4375,240.3515625,0.0,0.0,0.50390625,40.14723205566406
none,4,567,1.0,0.0,1.0,1.0,1.0,1.0,19.64453125,100.10546875,104.94921875,85.33203125,79.484375,290.375,299.29296875,245.703125,0.0,0.0,0.6328125,40.41386032104492
none,4,568,1.0,0.0,1.0,1.0,1.0,1.0,20.109375,101.0625,104.14453125,84.4453125,81.94921875,292.77734375,296.72265625,241.8046875,0.0,0.0,0.5234375,40.234893798828125
none,4,569,1.0,0.0,1.0,1.0,1.0,1.0,20.08203125,100.05859375,104.109375,85.55859375,81.87890625,290.32421875,299.09375,245.4453125,0.0,0.0,0.55078125,40.230709075927734
none,4,570,1.0,0.0,1.0,1.0,1.0,1.0,19.68359375,102.01171875,104.6953125,84.55078125,79.23046875,296.16015625,298.21484375,242.44140625,0.0,0.0,0.5234375,40.47138214111328
none,4,571,1.0,0.0,1.0,1.0,1.0,1.0,19.8984375,102.359375,103.7734375,84.18359375,80.828125,296.765625,296.33984375,242.203125,0.0,0.0,0.5234375,40.110591888427734
none,4,572,1.0,0.0,1.0,1.0,1.0,1.0,19.85546875,100.96875,105.0234375,85.48046875,80.58203125,294.43359375,298.08203125,245.67578125,0.0,0.0,0.484375,40.430145263671875
none,4,573,1.0,0.0,1.0,1.0,1.0,1.0,19.81640625,101.734375,104.78125,85.05078125,81.62109375,294.39453125,298.60546875,245.078125,0.0,0.0,0.55078125,40.46574401855469
none,4,574,1.0,0.0,1.0,1.0,1.0,1.0,20.0390625,101.35546875,105.015625,84.02734375,82.13671875,295.19140625,301.1171875,241.4375,0.0,0.0,0.484375,40.36548614501953
none,4,575,1.0,0.0,1.0,1.0,1.0,1.0,19.34765625,102.765625,104.8046875,85.015625,78.73828125,297.96484375,300.12890625,244.11328125,0.0,0.0,0.5859375,40.726318359375
none,4,576,1.0,0.0,1.0,1.0,1.0,1.0,20.28125,103.18359375,102.6328125,84.9375,82.3125,298.22265625,294.21484375,244.17578125,0.0,0.0,0.4375,40.34612274169922
none,4,577,1.0,0.0,1.0,1.0,1.0,1.0,19.92578125,102.46484375,104.34375,85.54296875,82.25390625,298.05078125,297.9375,246.859375,0.0,0.0,0.46484375,40.76634979248047
none,4,578,1.0,0.0,1.0,1.0,1.0,1.0,19.4609375,102.8359375,103.53515625,84.62890625,80.30078125,298.7421875,295.70703125,245.0234375,0.0,0.0,0.5625,40.55426788330078
none,4,579,1.0,0.0,1.0,1.0,1.0,1.0,19.48828125,101.94140625,103.86328125,86.26953125,78.9765625,294.47265625,296.39453125,247.38671875,0.0,0.0,0.55078125,40.62461853027344
none,4,580,1.0,0.0,1.0,1.0,1.0,1.0,19.71875,102.51953125,104.6171875,84.69140625,81.15234375,295.4296875,299.19921875,244.48046875,0.0,0.0,0.4921875,40.63163757324219
none,4,581,1.0,0.0,1.0,1.0,1.0,1.0,19.578125,102.3515625,104.88671875,85.45703125,78.96484375,295.98828125,299.39453125,246.25390625,0.0,0.0,0.5,40.92131042480469
none,4,582,1.0,0.0,1.0,1.0,1.0,1.0,19.4453125,101.44140625,104.30078125,85.41015625,80.75,293.90234375,299.0625,245.55078125,0.0,0.0,0.46484375,40.65485763549805
none,4,583,1.0,0.0,1.0,1.0,1.0,1.0,19.05859375,102.66015625,104.734375,85.01171875,77.79296875,296.7421875,298.71875,243.171875,0.0,0.0,0.5078125,40.834327697753906
none,4,584,1.0,0.0,1.0,1.0,1.0,1.0,19.44140625,102.4140625,105.35546875,85.2734375,78.81640625,295.75,300.14453125,243.91796875,0.0,0.0,0.484375,40.75025939941406
none,4,585,1.0,0.0,1.0,1.0,1.0,1.0,19.42578125,103.375,104.33203125,84.359375,79.734375,298.6875,296.89453125,241.1875,0.0,0.0,0.52734375,40.59129333496094
none,4,586,1.0,0.0,1.0,1.0,1.0,1.0,18.98046875,102.38671875,105.84765625,84.78515625,78.78515625,296.03125,303.3203125,241.46875,0.0,0.0,0.4140625,40.84703826904297
none,4,587,1.0,0.0,1.0,1.0,1.0,1.0,19.24609375,102.546875,104.94921875,84.12890625,80.1953125,298.06640625,300.140625,242.57421875,0.0,0.0,0.48046875,40.448097229003906
none,4,588,1.0,0.0,1.0,1.0,1.0,1.0,19.49609375,101.73828125,104.98046875,85.97265625,80.23828125,295.25390625,299.43359375,248.09375,0.0,0.0,0.4765625,40.911312103271484
none,4,589,1.0,0.0,1.0,1.0,1.0,1.0,19.4921875,102.6484375,105.22265625,85.51953125,80.953125,299.58984375,300.20703125,246.1015625,0.0,0.0,0.44921875,40.741920471191406
none,4,590,1.0,0.0,1.0,1.0,1.0,1.0,19.32421875,102.08984375,105.46484375,85.97265625,80.66796875,295.21875,301.99609375,246.73828125,0.0,0.0,0.515625,40.89217758178711
none,4,591,1.0,0.0,1.0,1.0,1.0,1.0,19.5,101.68359375,105.15625,86.39453125,80.22265625,294.54296875,300.703125,248.5859375,0.0,0.0,0.53125,41.07508850097656
none,4,592,1.0,0.0,1.0,1.0,1.0,1.0,19.42578125,102.5,105.38671875,87.07421875,79.61328125,296.921875,301.32421875,248.6328125,0.0,0.0,0.45703125,41.24464416503906
none,4,593,1.0,0.0,1.0,1.0,1.0,1.0,19.8359375,101.45703125,106.375,85.64453125,80.93359375,295.00390625,303.44140625,247.33984375,0.0,0.0,0.50390625,40.87739562988281
none,4,594,1.0,0.0,1.0,1.0,1.0,1.0,19.6015625,103.25,106.00390625,85.54296875,80.21484375,298.5234375,303.453125,245.54296875,0.0,0.0,0.47265625,41.20576858520508
none,4,595,1.0,0.0,1.0,1.0,1.0,1.0,20.29296875,103.6484375,105.03515625,85.37109375,81.8671875,300.78125,299.94140625,244.25,0.0,0.0,0.4453125,41.03171920776367
none,4,596,1.0,0.0,1.0,1.0,1.0,1.0,19.69140625,102.953125,104.32421875,87.0390625,80.6328125,296.48828125,298.43359375,249.4765625,0.0,0.0,0.46875,41.13169479370117
none,4,597,1.0,0.0,1.0,1.0,1.0,1.0,19.484375,103.5390625,104.4140625,86.0546875,79.33984375,299.29296875,296.98828125,246.9296875,0.0,0.0,0.45703125,41.1180419921875
none,4,598,1.0,0.0,1.0,1.0,1.0,1.0,19.9453125,103.140625,105.1640625,87.72265625,81.1953125,297.9765625,299.234375,251.625,0.0,0.0,0.4609375,41.3871955871582
none,4,599,1.0,0.0,1.0,1.0,1.0,1.0,19.07421875,102.51171875,106.01171875,86.82421875,78.859375,294.5234375,301.62109375,249.4296875,0.0,0.0,0.515625,41.3575439453125
none,4,600,1.0,0.0,1.0,1.0,1.0,1.0,19.5,104.484375,105.0859375,87.6796875,80.7265625,302.84375,297.76953125,251.68359375,0.0,0.0,0.52734375,41.577613830566406
none,4,601,1.0,0.0,1.0,1.0,1.0,1.0,18.8203125,103.390625,105.3984375,86.89453125,78.53125,298.9375,299.1484375,249.3125,0.0,0.0,0.59375,41.48344421386719
none,4,602,1.0,0.0,1.0,1.0,1.0,1.0,19.68359375,103.31640625,105.3515625,87.140625,81.48828125,298.98046875,299.0625,249.91796875,0.0,0.0,0.40234375,41.25242233276367
none,4,603,1.0,0.0,1.0,1.0,1.0,1.0,19.34765625,104.328125,105.62109375,87.73828125,79.80078125,300.1171875,300.75390625,251.5625,0.0,0.0,0.41015625,41.77861022949219
none,4,604,1.0,0.0,1.0,1.0,1.0,1.0,19.734375,103.53125,103.80859375,87.484375,79.97265625,299.1953125,296.328125,249.703125,0.0,0.0,0.49609375,41.05138397216797
none,4,605,1.0,0.0,1.0,1.0,1.0,1.0,19.69921875,104.7421875,106.33984375,86.54296875,80.2734375,301.1953125,302.46875,246.95703125,0.0,0.0,0.40625,41.64591598510742
none,4,606,1.0,0.0,1.0,1.0,1.0,1.0,19.39453125,103.10546875,106.98828125,87.5390625,79.4453125,296.96875,303.625,250.43359375,0.0,0.0,0.42578125,41.70846939086914
none,4,607,1.0,0.0,1.0,1.0,1.0,1.0,19.703125,104.48046875,106.40234375,87.4765625,80.6796875,302.7421875,300.97265625,248.6796875,0.0,0.0,0.421875,41.69818878173828
none,4,608,1.0,0.0,1.0,1.0,1.0,1.0,19.80078125,102.6328125,106.53515625,86.76953125,81.91015625,296.9765625,302.88671875,246.58984375,0.0,0.0,0.46875,41.332366943359375
none,4,609,1.0,0.0,1.0,1.0,1.0,1.0,20.5859375,102.77734375,106.10546875,87.8125,83.92578125,297.2421875,301.21875,251.30078125,0.0,0.0,0.5234375,41.372005462646484
none,4,610,1.0,0.0,1.0,1.0,1.0,1.0,19.5859375,103.0390625,105.28515625,86.73828125,80.66015625,297.0390625,299.9921875,248.0625,0.0,0.0,0.5078125,41.14046859741211
none,4,611,1.0,0.0,1.0,1.0,1.0,1.0,19.734375,102.984375,106.34765625,87.3828125,82.3046875,296.79296875,302.4296875,249.3125,0.0,0.0,0.5078125,41.52223205566406
none,4,612,1.0,0.0,1.0,1.0,1.0,1.0,19.16796875,103.4609375,106.7421875,87.3359375,78.52734375,299.2578125,305.84765625,250.33984375,0.0,0.0,0.46875,41.834529876708984
none,4,613,1.0,0.0,1.0,1.0,1.0,1.0,19.6328125,103.7421875,106.26953125,87.5859375,81.0546875,300.40625,302.4296875,250.640625,0.0,0.0,0.41015625,41.70169448852539
none,4,614,1.0,0.0,1.0,1.0,1.0,1.0,19.375,104.078125,104.73828125,87.14453125,80.203125,301.20703125,298.25,250.38671875,0.0,0.0,0.4296875,41.200042724609375
none,4,615,1.0,0.0,1.0,1.0,1.0,1.0,19.40234375,103.35546875,106.046875,86.60546875,81.296875,298.98828125,302.59375,247.8125,0.0,0.0,0.4375,41.42264175415039
none,4,616,1.0,0.0,1.0,1.0,1.0,1.0,19.6875,104.02734375,106.07421875,87.578125,80.62109375,299.328125,302.66015625,250.51171875,0.0,0.0,0.453125,41.56399154663086
none,4,617,1.0,0.0,1.0,1.0,1.0,1.0,19.5,104.6328125,105.375,87.609375,81.0859375,300.671875,298.89453125,252.859375,0.0,0.0,0.47265625,41.66065216064453
none,4,618,1.0,0.0,1.0,1.0,1.0,1.0,19.17578125,105.015625,106.7734375,86.82421875,78.9765625,301.71484375,303.765625,249.22265625,0.0,0.0,0.52734375,41.78759002685547
none,4,619,1.0,0.0,1.0,1.0,1.0,1.0,19.08203125,104.3046875,105.96484375,88.578125,79.8671875,299.2421875,300.3125,255.171875,0.0,0.0,0.48046875,41.950218200683594
none,4,620,1.0,0.0,1.0,1.0,1.0,1.0,18.7890625,103.76953125,106.11328125,88.15625,77.47265625,298.51171875,300.98046875,253.2734375,0.0,0.0,0.515625,41.808692932128906
none,4,621,1.0,0.0,1.0,1.0,1.0,1.0,18.828125,103.9609375,106.21484375,89.5859375,78.4921875,298.109375,301.4375,256.953125,0.0,0.0,0.46484375,42.06221389770508
none,4,622,1.0,0.0,1.0,1.0,1.0,1.0,19.04296875,104.8046875,106.171875,88.91015625,79.9765625,301.68359375,299.87890625,253.6015625,0.0,0.0,0.484375,42.1015625
none,4,623,1.0,0.0,1.0,1.0,1.0,1.0,18.9296875,104.55859375,105.51171875,89.35546875,80.421875,299.65234375,299.99609375,254.734375,0.0,0.0,0.44921875,41.992061614990234
none,4,624,1.0,0.0,1.0,1.0,1.0,1.0,19.51953125,104.20703125,106.29296875,87.94140625,81.77734375,299.93359375,302.82421875,251.87890625,0.0,0.0,0.3828125,42.00053024291992
none,4,625,1.0,0.0,1.0,1.0,1.0,1.0,19.65234375,103.32421875,107.25,89.88671875,82.49609375,296.3828125,304.62890625,258.71875,0.0,0.0,0.37109375,42.336448669433594
none,4,626,1.0,0.0,1.0,1.0,1.0,1.0,19.1328125,103.31640625,106.109375,88.234375,80.03125,297.375,302.8515625,252.765625,0.0,0.0,0.42578125,41.616966247558594
none,4,627,1.0,0.0,1.0,1.0,1.0,1.0,18.38671875,105.34375,106.23828125,88.33203125,77.17578125,303.5546875,301.26171875,253.3515625,0.0,0.0,0.34375,42.32323455810547
none,4,628,1.0,0.0,1.0,1.0,1.0,1.0,18.9765625,103.94921875,107.0234375,88.80078125,79.82421875,299.5546875,305.93359375,255.05859375,0.0,0.0,0.47265625,42.02822494506836
none,4,629,1.0,0.0,1.0,1.0,1.0,1.0,19.375,104.34765625,107.14453125,87.93359375,80.2421875,301.7109375,304.38671875,252.41796875,0.0,0.0,0.453125,42.115936279296875
none,4,630,1.0,0.0,1.0,1.0,1.0,1.0,19.28515625,103.9765625,106.53515625,89.0625,80.3203125,300.37109375,302.328125,256.21484375,0.0,0.0,0.4296875,42.189674377441406
none,4,631,1.0,0.0,1.0,1.0,1.0,1.0,19.53125,104.59375,107.0625,88.2109375,81.95703125,302.3046875,303.703125,254.28125,0.0,0.0,0.48046875,42.24477005004883
none,4,632,1.0,0.0,1.0,1.0,1.0,1.0,19.07421875,104.4140625,107.15234375,87.83203125,79.70703125,300.3828125,305.08984375,252.59375,0.0,0.0,0.4609375,41.94847869873047
none,4,633,1.0,0.0,1.0,1.0,1.0,1.0,18.609375,105.33984375,106.64453125,87.484375,78.1015625,304.9375,304.140625,251.015625,0.0,0.0,0.4609375,42.2098503112793
none,4,634,1.0,0.0,1.0,1.0,1.0,1.0,19.25390625,105.0390625,107.09375,88.71875,79.3828125,303.80078125,304.10546875,253.40625,0.0,0.0,0.4453125,42.200233459472656
none,4,635,1.0,0.0,1.0,1.0,1.0,1.0,18.60546875,104.01953125,107.73828125,88.12890625,77.7421875,298.76953125,305.47265625,251.546875,0.0,0.0,0.44921875,42.25182342529297
none,4,636,1.0,0.0,1.0,1.0,1.0,1.0,18.9765625,104.5546875,107.765625,87.10546875,77.87109375,301.1640625,306.515625,248.7109375,0.0,0.0,0.421875,42.01549530029297
none,4,637,1.0,0.0,1.0,1.0,1.0,1.0,18.67578125,105.51171875,107.50390625,86.87109375,76.25,302.984375,304.27734375,248.703125,0.0,0.0,0.4453125,42.16161346435547
none,4,638,1.0,0.0,1.0,1.0,1.0,1.0,19.15625,104.1796875,107.40234375,90.23046875,78.83984375,298.6796875,303.796875,256.765625,0.0,0.0,0.44140625,42.39282989501953
none,4,639,1.0,0.0,1.0,1.0,1.0,1.0,18.60546875,104.66015625,108.01953125,89.796875,78.19921875,301.65234375,304.23046875,255.56640625,0.0,0.0,0.4453125,42.50153350830078
none,4,640,1.0,0.0,1.0,1.0,1.0,1.0,18.83203125,104.6484375,106.76953125,88.19140625,78.57421875,301.08203125,302.69140625,249.296875,0.0,0.0,0.36328125,42.21800231933594
none,4,641,1.0,0.0,1.0,1.0,1.0,1.0,19.19140625,104.640625,106.26171875,89.7265625,80.0703125,299.74609375,301.01953125,254.6796875,0.0,0.0,0.52734375,42.248592376708984
none,4,642,1.0,0.0,1.0,1.0,1.0,1.0,18.5234375,103.78125,106.60546875,88.1640625,78.63671875,298.05859375,299.17578125,251.7109375,0.0,0.0,0.421875,41.88884735107422
none,4,643,1.0,0.0,1.0,1.0,1.0,1.0,18.734375,105.8828125,107.20703125,89.31640625,78.40625,301.2109375,303.23046875,256.16015625,0.0,0.0,0.40234375,42.682945251464844
none,4,644,1.0,0.0,1.0,1.0,1.0,1.0,19.26953125,104.328125,107.65234375,89.73828125,80.5625,297.328125,307.59375,256.72265625,0.0,0.0,0.40234375,42.489280700683594
none,4,645,1.0,0.0,1.0,1.0,1.0,1.0,18.86328125,104.83984375,106.97265625,88.1484375,79.51953125,302.15234375,304.4375,251.30859375,0.0,0.0,0.42578125,42.11796951293945
none,4,646,1.0,0.0,1.0,1.0,1.0,1.0,18.94921875,104.984375,107.4921875,87.42578125,79.5234375,302.03125,306.19140625,248.9609375,0.0,0.0,0.35546875,42.134124755859375
none,4,647,1.0,0.0,1.0,1.0,1.0,1.0,19.8359375,104.05078125,108.3515625,90.88671875,82.77734375,297.1171875,306.68359375,261.1953125,0.0,0.0,0.46484375,42.45962142944336
none,4,648,1.0,0.0,1.0,1.0,1.0,1.0,19.13671875,104.7734375,108.26953125,88.21484375,80.31640625,300.59765625,307.76171875,251.953125,0.0,0.0,0.37109375,42.36675262451172
none,4,649,1.0,0.0,1.0,1.0,1.0,1.0,19.02734375,104.265625,108.48828125,88.27734375,79.73828125,298.33203125,308.51171875,253.53125,0.0,0.0,0.49609375,42.428382873535156
none,4,650,1.0,0.0,1.0,1.0,1.0,1.0,19.80078125,103.87109375,107.8203125,89.171875,82.27734375,299.80078125,306.984375,254.71875,0.0,0.0,0.4609375,42.1619873046875
none,4,651,1.0,0.0,1.0,1.0,1.0,1.0,19.6015625,106.04296875,108.484375,88.29296875,81.68359375,304.29296875,307.62109375,250.96484375,0.0,0.0,0.4453125,42.54259490966797
none,4,652,1.0,0.0,1.0,1.0,1.0,1.0,18.61328125,104.61328125,110.0703125,88.390625,78.01171875,299.47265625,312.37109375,252.36328125,0.0,0.0,0.43359375,42.714168548583984
none,4,653,1.0,0.0,1.0,1.0,1.0,1.0,18.6796875,104.02734375,108.55078125,89.04296875,77.29296875,298.16015625,307.81640625,253.734375,0.0,0.0,0.49609375,42.565364837646484
none,4,654,1.0,0.0,1.0,1.0,1.0,1.0,19.37109375,102.69140625,108.1640625,91.73046875,79.68359375,294.3515625,306.3125,262.09375,0.0,0.0,0.421875,42.670936584472656
none,4,655,1.0,0.0,1.0,1.0,1.0,1.0,19.0078125,104.14453125,108.00390625,89.984375,77.89453125,298.078125,305.4296875,255.76171875,0.0,0.0,0.3671875,42.52117156982422
none,4,656,1.0,0.0,1.0,1.0,1.0,1.0,19.14453125,103.6015625,107.61328125,90.1953125,79.63671875,296.5078125,304.4375,257.0625,0.0,0.0,0.45703125,42.28556442260742
none,4,657,1.0,0.0,1.0,1.0,1.0,1.0,19.14453125,104.5625,106.99609375,90.265625,80.12109375,299.0546875,301.3125,259.3125,0.0,0.0,0.453125,42.34474563598633
none,4,658,1.0,0.0,1.0,1.0,1.0,1.0,18.91796875,104.46484375,108.0390625,89.87109375,79.13671875,299.41796875,304.9609375,257.0625,0.0,0.0,0.42578125,42.561065673828125
none,4,659,1.0,0.0,1.0,1.0,1.0,1.0,19.2578125,105.91015625,107.53125,89.828125,78.6640625,303.73828125,305.1796875,256.43359375,0.0,0.0,0.44921875,42.64675521850586
none,4,660,1.0,0.0,1.0,1.0,1.0,1.0,19.34375,104.23828125,106.24609375,89.7734375,80.359375,298.7734375,303.16796875,256.75390625,0.0,0.0,0.50390625,42.125328063964844
none,4,661,1.0,0.0,1.0,1.0,1.0,1.0,18.40625,105.3984375,107.9609375,89.39453125,77.7109375,301.4453125,304.71484375,255.03125,0.0,0.0,0.5390625,42.820518493652344
none,4,662,1.0,0.0,1.0,1.0,1.0,1.0,19.26953125,105.4453125,108.03125,90.30078125,80.87890625,302.18359375,304.0546875,256.40234375,0.0,0.0,0.51171875,42.787353515625
none,4,663,1.0,0.0,1.0,1.0,1.0,1.0,18.12890625,105.3671875,108.62890625,89.5859375,76.5078125,301.33984375,304.62890625,253.984375,0.0,0.0,0.421875,42.84172821044922
none,4,664,1.0,0.0,1.0,1.0,1.0,1.0,19.14453125,105.40625,107.84765625,89.7421875,80.890625,299.25390625,303.83984375,255.63671875,0.0,0.0,0.48046875,42.671295166015625
none,4,665,1.0,0.0,1.0,1.0,1.0,1.0,19.26953125,106.390625,108.0546875,89.6015625,81.23046875,305.07421875,304.33984375,254.28125,0.0,0.0,0.47265625,42.9736328125
none,4,666,1.0,0.0,1.0,1.0,1.0,1.0,19.25390625,106.66015625,107.5390625,89.43359375,80.57421875,303.30859375,301.71875,254.25390625,0.0,0.0,0.48046875,42.88615036010742
none,4,667,1.0,0.0,1.0,1.0,1.0,1.0,18.8125,105.50390625,109.08203125,89.8125,78.921875,299.26171875,306.25390625,254.484375,0.0,0.0,0.46875,42.988922119140625
none,4,668,1.0,0.0,1.0,1.0,1.0,1.0,18.5234375,108.0,107.72265625,88.76171875,77.84375,307.25390625,303.91796875,250.9453125,0.0,0.0,0.4375,43.055049896240234
none,4,669,1.0,0.0,1.0,1.0,1.0,1.0,18.76953125,106.640625,107.68359375,89.48828125,78.79296875,304.4921875,303.421875,254.9453125,0.0,0.0,0.37890625,42.938167572021484
none,4,670,1.0,0.0,1.0,1.0,1.0,1.0,18.625,107.1953125,109.17578125,90.0390625,78.4609375,303.68359375,307.88671875,255.25390625,0.0,0.0,0.41796875,43.36274719238281
none,4,671,1.0,0.0,1.0,1.0,1.0,1.0,18.109375,106.546875,108.1875,89.99609375,76.84375,304.87109375,304.28515625,253.828125,0.0,0.0,0.45703125,43.062400817871094
none,4,672,1.0,0.0,1.0,1.0,1.0,1.0,18.2734375,107.04296875,109.31640625,89.7421875,76.37890625,303.7265625,307.92578125,252.31640625,0.0,0.0,0.37109375,43.367122650146484
none,4,673,1.0,0.0,1.0,1.0,1.0,1.0,18.1015625,106.59765625,108.5703125,89.9921875,75.1953125,302.6640625,306.1484375,255.484375,0.0,0.0,0.44921875,43.246028900146484
none,4,674,1.0,0.0,1.0,1.0,1.0,1.0,18.53125,108.66796875,108.91015625,89.98828125,77.421875,309.70703125,306.140625,255.07421875,0.0,0.0,0.38671875,43.68925094604492
none,4,675,1.0,0.0,1.0,1.0,1.0,1.0,18.69140625,108.2265625,107.1953125,90.03125,78.625,309.4921875,302.9140625,255.234375,0.0,0.0,0.4296875,43.05500411987305
none,4,676,1.0,0.0,1.0,1.0,1.0,1.0,18.984375,105.94140625,107.97265625,91.07421875,79.4140625,301.890625,304.359375,258.97265625,0.0,0.0,0.45703125,42.98653793334961
none,4,677,1.0,0.0,1.0,1.0,1.0,1.0,19.35546875,107.30078125,107.69921875,90.07421875,81.0625,307.30078125,303.19921875,256.328125,0.0,0.0,0.45703125,43.04100799560547
none,4,678,1.0,0.0,1.0,1.0,1.0,1.0,18.83203125,106.640625,108.1875,90.265625,79.56640625,304.25390625,305.26953125,255.11328125,0.0,0.0,0.44921875,43.12838363647461
none,4,679,1.0,0.0,1.0,1.0,1.0,1.0,18.625,105.703125,108.10546875,92.30078125,78.63671875,302.2265625,307.453125,261.8125,0.0,0.0,0.4140625,43.36621856689453
none,4,680,1.0,0.0,1.0,1.0,1.0,1.0,18.30859375,106.9609375,108.61328125,90.78125,77.94140625,306.8125,307.3203125,256.6171875,0.0,0.0,0.421875,43.416683197021484
none,4,681,1.0,0.0,1.0,1.0,1.0,1.0,18.9140625,107.16796875,108.70703125,90.83203125,78.57421875,304.8671875,308.1953125,256.8359375,0.0,0.0,0.4140625,43.44386291503906
none,4,682,1.0,0.0,1.0,1.0,1.0,1.0,18.8203125,107.625,108.515625,90.44140625,78.1171875,307.01171875,306.15625,255.57421875,0.0,0.0,0.41796875,43.39544677734375
none,4,683,1.0,0.0,1.0,1.0,1.0,1.0,18.84375,108.078125,108.68359375,90.61328125,80.109375,307.30078125,307.7265625,256.5,0.0,0.0,0.3984375,43.59162902832031
none,4,684,1.0,0.0,1.0,1.0,1.0,1.0,18.5390625,106.796875,109.046875,91.26953125,78.62890625,304.828125,305.47265625,258.95703125,0.0,0.0,0.4375,43.53593063354492
none,4,685,1.0,0.0,1.0,1.0,1.0,1.0,19.27734375,107.66796875,107.84375,90.91796875,81.546875,306.6875,305.87890625,257.35546875,0.0,0.0,0.49609375,43.38982391357422
none,4,686,1.0,0.0,1.0,1.0,1.0,1.0,18.5859375,105.546875,109.71875,91.2421875,78.91796875,301.79296875,308.62890625,258.203125,0.0,0.0,0.4140625,43.290191650390625
none,4,687,1.0,0.0,1.0,1.0,1.0,1.0,19.03515625,106.00390625,108.88671875,91.953125,80.34765625,302.88671875,307.2421875,258.953125,0.0,0.0,0.48828125,43.392478942871094
none,4,688,1.0,0.0,1.0,1.0,1.0,1.0,18.796875,106.44140625,108.22265625,91.1015625,79.27734375,303.9609375,308.0,258.5703125,0.0,0.0,0.4140625,43.37185287475586
none,4,689,1.0,0.0,1.0,1.0,1.0,1.0,18.4921875,107.14453125,109.87890625,90.6328125,78.3125,303.76953125,309.33984375,256.54296875,0.0,0.0,0.42578125,43.78944396972656
none,4,690,1.0,0.0,1.0,1.0,1.0,1.0,18.859375,106.19921875,109.203125,91.35546875,79.8359375,301.7421875,307.91796875,257.37890625,0.0,0.0,0.48046875,43.4607048034668
none,4,691,1.0,0.0,1.0,1.0,1.0,1.0,19.15234375,107.30859375,110.36328125,92.453125,80.24609375,305.2265625,310.53515625,259.88671875,0.0,0.0,0.38671875,43.981781005859375
none,4,692,1.0,0.0,1.0,1.0,1.0,1.0,19.09765625,106.0625,109.34375,90.24609375,79.34375,301.23828125,307.65234375,255.06640625,0.0,0.0,0.38671875,43.14826583862305
none,4,693,1.0,0.0,1.0,1.0,1.0,1.0,19.48046875,106.2265625,108.98046875,91.39453125,80.9609375,302.15625,306.07421875,259.015625,0.0,0.0,0.4375,43.29021453857422
none,4,694,1.0,0.0,1.0,1.0,1.0,1.0,18.56640625,106.31640625,109.52734375,93.62109375,79.9453125,301.19140625,305.96875,263.9453125,0.0,0.0,0.421875,44.00736618041992
none,4,695,1.0,0.0,1.0,1.0,1.0,1.0,18.6640625,105.6640625,109.51953125,91.59375,78.109375,298.890625,308.2421875,257.07421875,0.0,0.0,0.44140625,43.380767822265625
none,4,696,1.0,0.0,1.0,1.0,1.0,1.0,18.375,107.5546875,108.87109375,92.2109375,78.0078125,304.65234375,305.4453125,258.30078125,0.0,0.0,0.40625,43.8076171875
none,4,697,1.0,0.0,1.0,1.0,1.0,1.0,18.90625,107.5859375,109.93359375,92.375,80.45703125,304.67578125,307.63671875,259.84765625,0.0,0.0,0.4375,43.895484924316406
none,4,698,1.0,0.0,1.0,1.0,1.0,1.0,18.2109375,106.12890625,109.828125,92.01953125,78.421875,301.14453125,305.91796875,259.44921875,0.0,0.0,0.4140625,43.58831024169922
none,4,699,1.0,0.0,1.0,1.0,1.0,1.0,18.33984375,106.4296875,108.73828125,91.61328125,77.95703125,302.546875,306.78125,258.42578125,0.0,0.0,0.33984375,43.57990646362305
none,4,700,1.0,0.0,1.0,1.0,1.0,1.0,18.48046875,108.453125,110.078125,91.8515625,78.96484375,307.3359375,309.02734375,259.171875,0.0,0.0,0.3671875,44.071311950683594
none,4,701,1.0,0.0,1.0,1.0,1.0,1.0,18.4296875,105.9765625,109.3203125,91.69921875,79.94140625,301.04296875,309.19140625,260.1171875,0.0,0.0,0.4296875,43.51130676269531
none,4,702,1.0,0.0,1.0,1.0,1.0,1.0,18.73828125,107.07421875,110.9921875,91.1640625,79.5859375,302.91015625,312.0234375,258.6171875,0.0,0.0,0.45703125,43.8422966003418
none,4,703,1.0,0.0,1.0,1.0,1.0,1.0,17.51953125,107.62890625,109.47265625,90.609375,75.625,306.12890625,309.0703125,256.23828125,0.0,0.0,0.40234375,43.7852783203125
none,4,704,1.0,0.0,1.0,1.0,1.0,1.0,18.359375,106.86328125,109.37109375,92.953125,78.7890625,304.06640625,307.97265625,262.875,0.0,0.0,0.4609375,43.96949768066406
none,4,705,1.0,0.0,1.0,1.0,1.0,1.0,18.7109375,106.0390625,109.57421875,91.8671875,79.19140625,303.29296875,307.8203125,260.17578125,0.0,0.0,0.3984375,43.694480895996094
none,4,706,1.0,0.0,1.0,1.0,1.0,1.0,18.22265625,107.45703125,110.5234375,91.62109375,77.87109375,306.44921875,310.7265625,259.6484375,0.0,0.0,0.375,43.93220520019531
none,4,707,1.0,0.0,1.0,1.0,1.0,1.0,18.65234375,107.6640625,110.79296875,92.1953125,78.76171875,306.91015625,310.41796875,261.0703125,0.0,0.0,0.41796875,44.215492248535156
none,4,708,1.0,0.0,1.0,1.0,1.0,1.0,18.12890625,108.515625,110.265625,91.25,77.125,307.70703125,310.85546875,257.5546875,0.0,0.0,0.4921875,44.07966232299805
none,4,709,1.0,0.0,1.0,1.0,1.0,1.0,18.671875,109.26953125,110.0703125,90.203125,78.55078125,309.8203125,310.18359375,256.99609375,0.0,0.0,0.37109375,43.89695358276367
none,4,710,1.0,0.0,1.0,1.0,1.0,1.0,18.875,109.5625,109.8671875,92.0,78.94921875,310.0234375,309.6640625,258.1640625,0.0,0.0,0.3671875,44.33934020996094
none,4,711,1.0,0.0,1.0,1.0,1.0,1.0,18.34765625,108.73828125,110.11328125,91.40625,78.421875,308.625,308.01171875,257.875,0.0,0.0,0.390625,44.05169677734375
none,4,712,1.0,0.0,1.0,1.0,1.0,1.0,18.45703125,108.8359375,108.7890625,91.640625,78.83203125,305.3671875,302.65625,258.6015625,0.0,0.0,0.41015625,44.092185974121094
none,4,713,1.0,0.0,1.0,1.0,1.0,1.0,18.1015625,107.9296875,110.12109375,93.3515625,77.875,303.5625,307.7734375,263.39453125,0.0,0.0,0.40625,44.2110710144043
none,4,714,1.0,0.0,1.0,1.0,1.0,1.0,17.93359375,108.49609375,110.140625,92.05078125,77.71484375,305.55859375,307.953125,261.0546875,0.0,0.0,0.421875,44.258750915527344
none,4,715,1.0,0.0,1.0,1.0,1.0,1.0,18.1875,108.515625,110.20703125,92.2734375,78.9921875,306.6484375,308.453125,259.24609375,0.0,0.0,0.38671875,44.3612060546875
none,4,716,1.0,0.0,1.0,1.0,1.0,1.0,18.7265625,109.40234375,110.890625,91.9375,78.828125,307.890625,310.41015625,259.546875,0.0,0.0,0.37890625,44.43675994873047
none,4,717,1.0,0.0,1.0,1.0,1.0,1.0,17.73046875,109.0234375,110.66015625,91.5,76.86328125,307.9296875,310.87890625,258.38671875,0.0,0.0,0.36328125,44.49602508544922
none,4,718,1.0,0.0,1.0,1.0,1.0,1.0,17.55859375,106.71484375,112.05859375,91.00390625,75.50390625,301.03125,317.73828125,258.1796875,0.0,0.0,0.39453125,44.15641403198242
none,4,719,1.0,0.0,1.0,1.0,1.0,1.0,17.81640625,106.5078125,110.73828125,92.57421875,76.640625,303.09765625,311.1953125,261.34375,0.0,0.0,0.44921875,44.047943115234375
none,4,720,1.0,0.0,1.0,1.0,1.0,1.0,18.515625,107.12890625,110.39453125,92.734375,78.5625,302.26953125,309.66015625,264.14453125,0.0,0.0,0.46484375,44.22715377807617
none,4,721,1.0,0.0,1.0,1.0,1.0,1.0,17.984375,108.703125,110.46875,92.05078125,76.98828125,309.5703125,309.72265625,259.08203125,0.0,0.0,0.3828125,44.3232536315918
none,4,722,1.0,0.0,1.0,1.0,1.0,1.0,17.98828125,107.7265625,110.39453125,93.1328125,78.4296875,305.91796875,310.51953125,263.3828125,0.0,0.0,0.265625,44.384674072265625
none,4,723,1.0,0.0,1.0,1.0,1.0,1.0,17.93359375,108.66796875,109.0390625,93.0859375,77.05859375,309.65234375,307.0703125,263.85546875,0.0,0.0,0.4140625,44.260433197021484
none,4,724,1.0,0.0,1.0,1.0,1.0,1.0,17.7734375,107.24609375,111.48046875,93.59375,77.45703125,303.59765625,312.44921875,264.421875,0.0,0.0,0.37890625,44.68260192871094
none,4,725,1.0,0.0,1.0,1.0,1.0,1.0,17.4765625,107.046875,110.9453125,93.5859375,76.078125,303.296875,311.1484375,265.37890625,0.0,0.0,0.34375,44.519248962402344
none,4,726,1.0,0.0,1.0,1.0,1.0,1.0,18.265625,108.453125,110.98046875,92.72265625,78.36328125,306.03515625,310.99609375,260.29296875,0.0,0.0,0.421875,44.55463409423828
none,4,727,1.0,0.0,1.0,1.0,1.0,1.0,17.984375,108.66015625,110.671875,92.7109375,77.31640625,309.34765625,309.34375,261.109375,0.0,0.0,0.43359375,44.58359909057617
none,4,728,1.0,0.0,1.0,1.0,1.0,1.0,18.15625,108.06640625,112.06640625,93.50390625,76.9140625,303.53515625,312.7109375,262.65234375,0.0,0.0,0.37890625,44.81454086303711
none,4,729,1.0,0.0,1.0,1.0,1.0,1.0,17.875,108.81640625,111.34765625,92.48046875,77.18359375,306.06640625,311.0390625,260.1640625,0.0,0.0,0.40234375,44.72715377807617
none,4,730,1.0,0.0,1.0,1.0,1.0,1.0,18.13671875,108.890625,111.8046875,91.15234375,77.35546875,305.8671875,313.80859375,256.6015625,0.0,0.0,0.39453125,44.58978271484375
none,4,731,1.0,0.0,1.0,1.0,1.0,1.0,17.7578125,108.33984375,111.77734375,91.79296875,75.9296875,304.63671875,311.34765625,257.0078125,0.0,0.0,0.40625,44.432533264160156
none,4,732,1.0,0.0,1.0,1.0,1.0,1.0,18.0,108.46875,111.4375,92.92578125,76.75,304.7109375,311.44921875,259.30859375,0.0,0.0,0.36328125,44.75724411010742
none,4,733,1.0,0.0,1.0,1.0,1.0,1.0,17.93359375,108.00390625,111.140625,92.9609375,75.78125,304.03515625,309.26953125,260.4375,0.0,0.0,0.38671875,44.39888000488281
none,4,734,1.0,0.0,1.0,1.0,1.0,1.0,18.078125,109.9140625,111.265625,91.484375,76.03125,307.58984375,311.171875,256.4375,0.0,0.0,0.3984375,44.683197021484375
none,4,735,1.0,0.0,1.0,1.0,1.0,1.0,17.3203125,109.8984375,111.48828125,92.53125,74.12109375,309.7265625,312.31640625,257.96484375,0.0,0.0,0.36328125,45.0322380065918
none,4,736,1.0,0.0,1.0,1.0,1.0,1.0,18.05859375,108.953125,110.84765625,92.59765625,78.1953125,306.6484375,308.4453125,260.18359375,0.0,0.0,0.375,44.56800842285156
none,4,737,1.0,0.0,1.0,1.0,1.0,1.0,18.390625,109.9765625,111.26953125,91.2734375,77.03515625,310.0703125,310.765625,255.8984375,0.0,0.0,0.41015625,44.6329460144043
none,4,738,1.0,0.0,1.0,1.0,1.0,1.0,18.578125,110.36328125,109.96484375,92.58203125,78.18359375,310.703125,307.8359375,259.2421875,0.0,0.0,0.3984375,44.560115814208984
none,4,739,1.0,0.0,1.0,1.0,1.0,1.0,17.6640625,108.7109375,111.6953125,91.9921875,74.40625,305.01953125,310.80078125,259.52734375,0.0,0.0,0.4453125,44.67913055419922
none,4,740,1.0,0.0,1.0,1.0,1.0,1.0,17.609375,110.26171875,111.640625,92.60546875,75.24609375,309.7265625,310.765625,259.26953125,0.0,0.0,0.40625,45.10980224609375
none,4,741,1.0,0.0,1.0,1.0,1.0,1.0,17.78515625,108.95703125,111.90234375,94.06640625,75.69921875,304.125,311.98828125,264.0546875,0.0,0.0,0.41015625,45.027923583984375
none,4,742,1.0,0.0,1.0,1.0,1.0,1.0,17.7890625,109.703125,111.25390625,92.2578125,75.05859375,307.83984375,309.1171875,260.00390625,0.0,0.0,0.4140625,44.83875274658203
none,4,743,1.0,0.0,1.0,1.0,1.0,1.0,17.8984375,110.36328125,111.3046875,93.67578125,76.05078125,309.9609375,309.86328125,261.74609375,0.0,0.0,0.3671875,45.071800231933594
none,4,744,1.0,0.0,1.0,1.0,1.0,1.0,17.640625,109.40625,110.07421875,93.58984375,75.9921875,307.83203125,307.39453125,263.6171875,0.0,0.0,0.3515625,44.79243087768555
none,4,745,1.0,0.0,1.0,1.0,1.0,1.0,17.60546875,109.23828125,112.57421875,93.17578125,75.59375,306.63671875,312.75390625,260.5390625,0.0,0.0,0.4296875,45.15298080444336
none,4,746,1.0,0.0,1.0,1.0,1.0,1.0,17.51953125,110.73046875,110.40234375,95.625,76.05078125,310.5625,309.29296875,267.078125,0.0,0.0,0.40234375,45.34783172607422
none,4,747,1.0,0.0,1.0,1.0,1.0,1.0,16.7109375,111.49609375,112.359375,93.30078125,71.31640625,314.1171875,314.9375,260.1875,0.0,0.0,0.3203125,45.64164352416992
none,4,748,1.0,0.0,1.0,1.0,1.0,1.0,17.30078125,109.609375,111.87109375,93.1796875,73.35546875,307.93359375,311.921875,261.30078125,0.0,0.0,0.33984375,45.02903366088867
none,4,749,1.0,0.0,1.0,1.0,1.0,1.0,17.015625,110.54296875,112.57421875,93.91796875,73.6015625,309.296875,313.55078125,262.9765625,0.0,0.0,0.3828125,45.39891052246094
none,4,750,1.0,0.0,1.0,1.0,1.0,1.0,17.24609375,110.5625,112.7890625,93.84765625,73.66015625,310.15234375,314.63671875,262.984375,0.0,0.0,0.41015625,45.433685302734375
none,4,751,1.0,0.0,1.0,1.0,1.0,1.0,17.984375,109.4609375,112.06640625,92.7421875,76.1640625,306.86328125,312.8359375,259.8984375,0.0,0.0,0.39453125,45.08544921875
none,4,752,1.0,0.0,1.0,1.0,1.0,1.0,18.4296875,109.46875,112.3828125,93.41015625,79.85546875,306.4609375,313.40234375,261.23046875,0.0,0.0,0.44140625,45.0178337097168
none,4,753,1.0,0.0,1.0,1.0,1.0,1.0,18.1640625,110.22265625,112.35546875,93.20703125,77.453125,308.1796875,314.22265625,260.40234375,0.0,0.0,0.4609375,45.29979705810547
none,4,754,1.0,0.0,1.0,1.0,1.0,1.0,18.44921875,110.5078125,111.80859375,93.50390625,78.6796875,312.08203125,312.65234375,260.77734375,0.0,0.0,0.37890625,45.23187255859375
none,4,755,1.0,0.0,1.0,1.0,1.0,1.0,17.4921875,111.0078125,111.8515625,93.40625,76.53515625,312.55078125,312.16796875,261.13671875,0.0,0.0,0.36328125,45.22585678100586
none,4,756,1.0,0.0,1.0,1.0,1.0,1.0,17.9765625,110.2421875,112.08984375,93.6484375,78.16015625,308.99609375,312.44140625,262.77734375,0.0,0.0,0.39453125,45.17911911010742
none,4,757,1.0,0.0,1.0,1.0,1.0,1.0,17.640625,109.25390625,112.56640625,93.70703125,76.7109375,306.05078125,314.60546875,263.42578125,0.0,0.0,0.375,45.284576416015625
none,4,758,1.0,0.0,1.0,1.0,1.0,1.0,17.91015625,110.25,111.703125,94.7578125,77.8125,311.13671875,310.72265625,266.390625,0.0,0.0,0.3828125,45.426963806152344
none,4,759,1.0,0.0,1.0,1.0,1.0,1.0,17.0546875,110.15625,112.89453125,94.21484375,74.2578125,309.03125,315.03125,263.66796875,0.0,0.0,0.40625,45.59545135498047
none,4,760,1.0,0.0,1.0,1.0,1.0,1.0,17.671875,110.796875,113.64453125,92.70703125,77.4375,311.12890625,317.0625,260.5703125,0.0,0.0,0.37109375,45.55953598022461
none,4,761,1.0,0.0,1.0,1.0,1.0,1.0,17.359375,110.40625,112.46875,94.70703125,76.65234375,311.56640625,312.89453125,265.3046875,0.0,0.0,0.3515625,45.60982894897461
none,4,762,1.0,0.0,1.0,1.0,1.0,1.0,17.6015625,110.4765625,112.71875,94.671875,77.00390625,310.1875,313.7265625,264.140625,0.0,0.0,0.34375,45.6120719909668
none,4,763,1.0,0.0,1.0,1.0,1.0,1.0,17.2890625,111.46484375,112.4453125,93.88671875,74.3984375,313.203125,314.921875,260.40234375,0.0,0.0,0.4296875,45.5160026550293
none,4,764,1.0,0.0,1.0,1.0,1.0,1.0,16.67578125,110.77734375,111.93359375,94.1171875,72.8671875,310.921875,312.3671875,263.46875,0.0,0.0,0.28125,45.64093017578125
none,4,765,1.0,0.0,1.0,1.0,1.0,1.0,17.140625,111.9921875,112.05078125,94.3046875,74.09375,314.25,312.06640625,262.15234375,0.0,0.0,0.37890625,45.75462341308594
none,4,766,1.0,0.0,1.0,1.0,1.0,1.0,17.41796875,110.51953125,112.8359375,93.69921875,75.7578125,310.578125,314.71875,260.375,0.0,0.0,0.34375,45.6126823425293
none,4,767,1.0,0.0,1.0,1.0,1.0,1.0,17.828125,110.81640625,112.8046875,94.34765625,76.58984375,308.76953125,314.59765625,263.671875,0.0,0.0,0.359375,45.65362548828125
none,4,768,1.0,0.0,1.0,1.0,1.0,1.0,17.703125,111.4609375,113.5078125,95.3828125,74.71875,313.03515625,313.4375,265.9375,0.0,0.0,0.375,46.031944274902344
none,4,769,1.0,0.0,1.0,1.0,1.0,1.0,17.53125,110.03125,111.83203125,96.484375,77.19921875,308.25,309.33984375,269.76953125,0.0,0.0,0.3671875,45.71308517456055
none,4,770,1.0,0.0,1.0,1.0,1.0,1.0,17.39453125,110.4921875,113.0625,97.16796875,76.5625,309.53125,314.1953125,270.609375,0.0,0.0,0.32421875,46.05657958984375
none,4,771,1.0,0.0,1.0,1.0,1.0,1.0,18.2265625,110.5078125,112.2421875,96.0859375,77.82421875,307.10546875,310.234375,266.484375,0.0,0.0,0.44140625,45.71975326538086
none,4,772,1.0,0.0,1.0,1.0,1.0,1.0,17.6171875,110.828125,112.078125,95.38671875,78.0546875,307.62109375,311.2265625,265.9375,0.0,0.0,0.3203125,45.714622497558594
none,4,773,1.0,0.0,1.0,1.0,1.0,1.0,17.67578125,110.109375,112.75,96.140625,76.28125,306.8828125,311.828125,267.66796875,0.0,0.0,0.359375,45.948822021484375
none,4,774,1.0,0.0,1.0,1.0,1.0,1.0,17.54296875,109.98828125,113.46484375,96.19140625,77.0546875,306.77734375,314.828125,268.8125,0.0,0.0,0.3984375,45.91008758544922
none,4,775,1.0,0.0,1.0,1.0,1.0,1.0,18.2109375,110.08203125,113.453125,95.484375,78.78125,307.6640625,316.8828125,265.66015625,0.0,0.0,0.28515625,45.82872009277344
none,4,776,1.0,0.0,1.0,1.0,1.0,1.0,17.87109375,110.4296875,113.140625,96.17578125,77.08984375,305.953125,314.76171875,268.5546875,0.0,0.0,0.29296875,46.06879806518555
none,4,777,1.0,0.0,1.0,1.0,1.0,1.0,17.76171875,109.70703125,113.12109375,97.04296875,78.17578125,306.69140625,315.328125,270.8984375,0.0,0.0,0.30859375,46.04633712768555
none,4,778,1.0,0.0,1.0,1.0,1.0,1.0,17.30859375,109.015625,114.7109375,96.58984375,75.13671875,303.8984375,321.49609375,269.99609375,0.0,0.0,0.3046875,46.23615646362305
none,4,779,1.0,0.0,1.0,1.0,1.0,1.0,17.76953125,111.5625,113.49609375,96.15625,77.109375,311.53515625,314.2578125,268.94921875,0.0,0.0,0.37109375,46.18619918823242
none,4,780,1.0,0.0,1.0,1.0,1.0,1.0,17.27734375,110.95703125,113.49609375,95.7734375,75.58984375,308.26953125,314.12109375,268.94140625,0.0,0.0,0.375,46.14025115966797
none,4,781,1.0,0.0,1.0,1.0,1.0,1.0,17.359375,110.66015625,113.734375,95.18359375,74.9765625,309.2109375,316.734375,265.40625,0.0,0.0,0.30859375,46.13026428222656
none,4,782,1.0,0.0,1.0,1.0,1.0,1.0,17.3828125,109.4453125,114.06640625,96.12109375,75.42578125,306.28515625,316.21875,266.64453125,0.0,0.0,0.375,45.91313171386719
none,4,783,1.0,0.0,1.0,1.0,1.0,1.0,16.1875,112.1484375,113.609375,95.57421875,71.69921875,311.11328125,315.5703125,266.125,0.0,0.0,0.28125,46.373939514160156
none,4,784,1.0,0.0,1.0,1.0,1.0,1.0,17.60546875,112.06640625,113.53125,96.12890625,77.3515625,311.67578125,315.48828125,268.01953125,0.0,0.0,0.3046875,46.33405685424805
none,4,785,1.0,0.0,1.0,1.0,1.0,1.0,17.12890625,113.4609375,112.75390625,94.61328125,74.6953125,313.21875,313.59765625,264.265625,0.0,0.0,0.32421875,46.339111328125
none,4,786,1.0,0.0,1.0,1.0,1.0,1.0,17.44921875,111.9453125,113.55859375,95.8203125,75.41015625,310.23046875,314.3828125,266.0703125,0.0,0.0,0.3515625,46.452537536621094
none,4,787,1.0,0.0,1.0,1.0,1.0,1.0,17.3515625,112.65234375,114.3359375,94.66015625,75.23828125,313.9296875,316.8828125,263.69140625,0.0,0.0,0.32421875,46.39085006713867
none,4,788,1.0,0.0,1.0,1.0,1.0,1.0,17.421875,113.1484375,113.91015625,95.2109375,75.96875,312.984375,315.25,265.4296875,0.0,0.0,0.3359375,46.39942169189453
none,4,789,1.0,0.0,1.0,1.0,1.0,1.0,17.76171875,113.01953125,113.2890625,95.08984375,76.83984375,315.546875,313.3671875,264.0078125,0.0,0.0,0.33984375,46.089622497558594
none,4,790,1.0,0.0,1.0,1.0,1.0,1.0,17.3046875,111.734375,113.9375,97.21875,75.94140625,309.66796875,314.0859375,269.703125,0.0,0.0,0.34375,46.5777702331543
none,4,791,1.0,0.0,1.0,1.0,1.0,1.0,17.40625,112.546875,113.515625,96.1953125,75.6875,313.328125,314.46484375,266.41015625,0.0,0.0,0.30859375,46.39280700683594
none,4,792,1.0,0.0,1.0,1.0,1.0,1.0,17.05078125,112.25390625,114.30078125,95.7421875,74.44921875,310.65625,318.203125,265.1484375,0.0,0.0,0.34375,46.60293197631836
none,4,793,1.0,0.0,1.0,1.0,1.0,1.0,17.30078125,113.0234375,115.44921875,96.01171875,75.57421875,313.76171875,318.15625,266.55078125,0.0,0.0,0.36328125,46.927791595458984
none,4,794,1.0,0.0,1.0,1.0,1.0,1.0,17.34765625,111.390625,114.2578125,97.7578125,76.0546875,308.72265625,314.78515625,270.6328125,0.0,0.0,0.3359375,46.54054260253906
none,4,795,1.0,0.0,1.0,1.0,1.0,1.0,16.6328125,112.57421875,115.2421875,94.16015625,72.9765625,311.5546875,317.7421875,261.03515625,0.0,0.0,0.37890625,46.525543212890625
none,4,796,1.0,0.0,1.0,1.0,1.0,1.0,16.80859375,112.53515625,115.4921875,95.55859375,74.1796875,310.51953125,318.08984375,265.328125,0.0,0.0,0.375,46.83574676513672
none,4,797,1.0,0.0,1.0,1.0,1.0,1.0,17.2421875,109.64453125,115.48828125,98.0546875,75.3203125,302.80078125,318.33203125,272.6015625,0.0,0.0,0.34765625,46.64295959472656
none,4,798,1.0,0.0,1.0,1.0,1.0,1.0,17.50390625,113.8125,114.99609375,96.70703125,76.58203125,314.45703125,316.12890625,267.72265625,0.0,0.0,0.26953125,46.89716720581055
none,4,799,1.0,0.0,1.0,1.0,1.0,1.0,17.3828125,112.875,115.74609375,96.765625,76.23828125,313.47265625,318.1171875,268.484375,0.0,0.0,0.33984375,47.050575256347656
none,4,800,1.0,0.0,1.0,1.0,1.0,1.0,16.8359375,113.03515625,114.90234375,95.41796875,74.46484375,312.625,320.43359375,264.14453125,0.0,0.0,0.33984375,46.5697021484375
none,4,801,1.0,0.0,1.0,1.0,1.0,1.0,18.0625,112.47265625,114.265625,96.4375,78.75390625,311.13671875,314.3984375,267.7890625,0.0,0.0,0.29296875,46.680938720703125
none,4,802,1.0,0.0,1.0,1.0,1.0,1.0,17.54296875,112.2578125,116.7578125,95.44140625,76.5859375,309.9140625,322.7265625,264.99609375,0.0,0.0,0.32421875,47.043540954589844
none,4,803,1.0,0.0,1.0,1.0,1.0,1.0,17.30859375,111.4921875,115.3828125,97.41015625,76.25,309.4453125,316.91015625,271.42578125,0.0,0.0,0.38671875,46.73292541503906
none,4,804,1.0,0.0,1.0,1.0,1.0,1.0,17.265625,113.69140625,115.75,95.23828125,75.36328125,314.64453125,319.1640625,264.8515625,0.0,0.0,0.32421875,47.068084716796875
none,4,805,1.0,0.0,1.0,1.0,1.0,1.0,17.2109375,110.9375,115.04296875,96.73828125,75.75,307.05859375,318.66015625,267.89453125,0.0,0.0,0.3671875,46.649200439453125
none,4,806,1.0,0.0,1.0,1.0,1.0,1.0,17.64453125,112.01953125,115.015625,96.58203125,77.0703125,311.6015625,317.53515625,267.6953125,0.0,0.0,0.3515625,46.739707946777344
none,4,807,1.0,0.0,1.0,1.0,1.0,1.0,17.52734375,113.2578125,115.09765625,97.2734375,76.5625,314.03125,315.8359375,269.83203125,0.0,0.0,0.29296875,47.04325485229492
none,4,808,1.0,0.0,1.0,1.0,1.0,1.0,17.75390625,112.71484375,114.92578125,97.92578125,76.92578125,311.91015625,317.68359375,270.91796875,0.0,0.0,0.3359375,47.205345153808594
none,4,809,1.0,0.0,1.0,1.0,1.0,1.0,17.4765625,112.2109375,114.19140625,97.76953125,76.42578125,312.05859375,314.390625,271.30078125,0.0,0.0,0.35546875,46.91302490234375
none,4,810,1.0,0.0,1.0,1.0,1.0,1.0,16.6484375,111.79296875,114.9765625,98.4765625,74.2578125,308.4609375,318.4140625,272.4375,0.0,0.0,0.3671875,47.02488327026367
none,4,811,1.0,0.0,1.0,1.0,1.0,1.0,17.0625,113.3359375,114.05078125,97.43359375,75.0078125,314.83984375,315.63671875,270.859375,0.0,0.0,0.30859375,46.957542419433594
none,4,812,1.0,0.0,1.0,1.0,1.0,1.0,16.7265625,112.5,115.5703125,98.0078125,75.39453125,311.19140625,320.91796875,271.94921875,0.0,0.0,0.3125,47.38141632080078
none,4,813,1.0,0.0,1.0,1.0,1.0,1.0,17.25,111.93359375,114.98046875,98.9375,76.57421875,308.9375,317.26953125,274.71875,0.0,0.0,0.36328125,47.22854232788086
none,4,814,1.0,0.0,1.0,1.0,1.0,1.0,17.23828125,112.421875,114.16015625,98.83984375,76.37890625,310.671875,317.27734375,272.84765625,0.0,0.0,0.30078125,46.97180938720703
none,4,815,1.0,0.0,1.0,1.0,1.0,1.0,17.50390625,112.49609375,113.9375,97.78125,77.85546875,310.78125,315.50390625,272.3828125,0.0,0.0,0.37890625,46.82078552246094
none,4,816,1.0,0.0,1.0,1.0,1.0,1.0,16.98828125,112.484375,115.3203125,98.14453125,75.875,310.35546875,319.1015625,271.15234375,0.0,0.0,0.33203125,47.28392791748047
none,4,817,1.0,0.0,1.0,1.0,1.0,1.0,17.109375,112.73828125,115.234375,97.40234375,75.53125,312.3125,319.1953125,270.25,0.0,0.0,0.328125,47.107627868652344
none,4,818,1.0,0.0,1.0,1.0,1.0,1.0,17.0390625,112.34375,114.75390625,99.37890625,75.09375,310.1015625,316.08984375,275.15625,0.0,0.0,0.29296875,47.196861267089844
none,4,819,1.0,0.0,1.0,1.0,1.0,1.0,17.32421875,113.00390625,115.421875,98.27734375,76.17578125,313.4765625,317.05859375,271.40625,0.0,0.0,0.3515625,47.468841552734375
none,4,820,1.0,0.0,1.0,1.0,1.0,1.0,17.28515625,112.25390625,114.46484375,98.26171875,76.36328125,312.06640625,316.546875,271.9375,0.0,0.0,0.30078125,47.05183029174805
none,4,821,1.0,0.0,1.0,1.0,1.0,1.0,17.703125,113.2578125,115.2265625,98.19921875,76.4921875,313.0546875,317.58984375,271.77734375,0.0,0.0,0.2578125,47.08857345581055
none,4,822,1.0,0.0,1.0,1.0,1.0,1.0,16.8125,113.61328125,115.3359375,97.8671875,75.22265625,314.625,318.765625,271.15625,0.0,0.0,0.34765625,47.414093017578125
none,4,823,1.0,0.0,1.0,1.0,1.0,1.0,17.625,114.59765625,114.98046875,97.20703125,76.73828125,316.0625,317.85546875,270.07421875,0.0,0.0,0.28125,47.44062423706055
none,4,824,1.0,0.0,1.0,1.0,1.0,1.0,17.66015625,113.40625,114.87890625,98.8125,77.13671875,312.84375,316.6875,273.76953125,0.0,0.0,0.33203125,47.12847900390625
none,4,825,1.0,0.0,1.0,1.0,1.0,1.0,17.40625,112.89453125,116.05078125,98.4140625,76.75,311.42578125,318.22265625,271.1171875,0.0,0.0,0.3125,47.29546356201172
none,4,826,1.0,0.0,1.0,1.0,1.0,1.0,16.640625,113.734375,116.59765625,99.55078125,73.95703125,311.94140625,318.79296875,275.1796875,0.0,0.0,0.30078125,47.91643524169922
none,4,827,1.0,0.0,1.0,1.0,1.0,1.0,16.97265625,114.7734375,116.72265625,96.80859375,73.703125,315.13671875,320.3984375,266.0234375,0.0,0.0,0.29296875,47.446224212646484
none,4,828,1.0,0.0,1.0,1.0,1.0,1.0,17.1171875,115.1953125,116.125,97.27734375,74.88671875,316.2890625,320.43359375,269.8203125,0.0,0.0,0.328125,47.733116149902344
none,4,829,1.0,0.0,1.0,1.0,1.0,1.0,16.7734375,116.1796875,116.55078125,97.55859375,75.08203125,320.94140625,318.94140625,269.1015625,0.0,0.0,0.33984375,48.12494659423828
none,4,830,1.0,0.0,1.0,1.0,1.0,1.0,17.81640625,113.89453125,115.47265625,98.2421875,78.578125,316.16015625,319.05078125,271.0859375,0.0,0.0,0.3359375,47.40397644042969
none,4,831,1.0,0.0,1.0,1.0,1.0,1.0,16.765625,113.10546875,115.734375,99.8828125,74.86328125,311.85546875,318.4296875,275.58203125,0.0,0.0,0.3125,47.527801513671875
none,4,832,1.0,0.0,1.0,1.0,1.0,1.0,17.1328125,113.9296875,115.12109375,99.04296875,75.24609375,314.06640625,318.0546875,272.8125,0.0,0.0,0.3046875,47.67864227294922
none,4,833,1.0,0.0,1.0,1.0,1.0,1.0,17.41796875,114.4765625,115.08984375,98.2421875,76.625,315.80859375,315.13671875,272.9921875,0.0,0.0,0.29296875,47.37685775756836
none,4,834,1.0,0.0,1.0,1.0,1.0,1.0,16.6328125,114.55859375,115.69921875,99.03125,75.22265625,315.8125,319.10546875,272.7890625,0.0,0.0,0.3046875,47.84449768066406
none,4,835,1.0,0.0,1.0,1.0,1.0,1.0,16.69921875,114.44140625,115.7265625,97.65234375,74.375,317.15625,319.03515625,270.6171875,0.0,0.0,0.33203125,47.69765853881836
none,4,836,1.0,0.0,1.0,1.0,1.0,1.0,16.89453125,114.4375,115.4453125,98.55859375,75.75,315.84375,319.04296875,273.9765625,0.0,0.0,0.28515625,47.81733322143555
none,4,837,1.0,0.0,1.0,1.0,1.0,1.0,16.62890625,115.35546875,115.56640625,98.3671875,74.10546875,319.80859375,318.34765625,271.453125,0.0,0.0,0.26171875,47.8402214050293
none,4,838,1.0,0.0,1.0,1.0,1.0,1.0,17.53125,114.45703125,115.16796875,99.8515625,77.62109375,316.01171875,317.50390625,275.33984375,0.0,0.0,0.30859375,47.865081787109375
none,4,839,1.0,0.0,1.0,1.0,1.0,1.0,16.953125,114.44921875,115.17578125,98.6875,75.70703125,315.734375,315.99609375,273.2578125,0.0,0.0,0.37890625,47.66657638549805
none,4,840,1.0,0.0,1.0,1.0,1.0,1.0,16.5625,113.13671875,117.6015625,98.44140625,73.359375,310.8984375,322.4296875,271.61328125,0.0,0.0,0.3828125,47.6773796081543
none,4,841,1.0,0.0,1.0,1.0,1.0,1.0,16.15234375,114.12109375,117.5859375,99.07421875,73.1015625,313.16015625,322.9375,272.84375,0.0,0.0,0.34765625,48.192710876464844
none,4,842,1.0,0.0,1.0,1.0,1.0,1.0,17.16015625,116.26171875,116.609375,97.97265625,74.2578125,320.88671875,320.2265625,271.359375,0.0,0.0,0.30859375,48.19669723510742
none,4,843,1.0,0.0,1.0,1.0,1.0,1.0,16.44140625,113.3359375,117.26953125,97.8125,72.484375,311.83203125,322.703125,270.32421875,0.0,0.0,0.26171875,47.8348503112793
none,4,844,1.0,0.0,1.0,1.0,1.0,1.0,16.52734375,114.56640625,116.63671875,98.578125,73.08203125,314.265625,321.921875,271.8359375,0.0,0.0,0.3125,48.01878356933594
none,4,845,1.0,0.0,1.0,1.0,1.0,1.0,16.87890625,113.875,116.73046875,99.69140625,76.171875,310.93359375,318.91015625,274.25,0.0,0.0,0.3359375,47.9671745300293
none,4,846,1.0,0.0,1.0,1.0,1.0,1.0,16.57421875,115.53515625,115.98828125,98.87890625,73.515625,317.84375,318.375,273.15625,0.0,0.0,0.3203125,48.189720153808594
none,4,847,1.0,0.0,1.0,1.0,1.0,1.0,16.8984375,115.828125,116.8828125,98.41015625,76.8515625,318.11328125,320.84375,269.484375,0.0,0.0,0.3125,48.10383224487305
none,4,848,1.0,0.0,1.0,1.0,1.0,1.0,16.98828125,114.87109375,117.640625,99.234375,74.94921875,316.4453125,321.97265625,272.20703125,0.0,0.0,0.32421875,48.24785614013672
none,4,849,1.0,0.0,1.0,1.0,1.0,1.0,16.79296875,114.8203125,117.08984375,99.109375,74.72265625,315.0,320.9765625,272.21875,0.0,0.0,0.29296875,48.148582458496094
none,4,850,1.0,0.0,1.0,1.0,1.0,1.0,17.23046875,115.69140625,116.26953125,100.1796875,76.62890625,317.3359375,316.83984375,274.54296875,0.0,0.0,0.359375,48.3770866394043
none,4,851,1.0,0.0,1.0,1.0,1.0,1.0,17.17578125,114.8359375,116.1171875,100.71875,77.24609375,314.73828125,316.890625,277.5703125,0.0,0.0,0.2890625,48.18400192260742
none,4,852,1.0,0.0,1.0,1.0,1.0,1.0,17.71875,113.98828125,116.734375,100.06640625,77.9375,313.1875,320.62890625,275.55859375,0.0,0.0,0.3125,48.01389694213867
none,4,853,1.0,0.0,1.0,1.0,1.0,1.0,17.16015625,114.9921875,116.24609375,99.54296875,76.953125,316.390625,318.53125,272.859375,0.0,0.0,0.30859375,47.8599967956543
none,4,854,1.0,0.0,1.0,1.0,1.0,1.0,16.90234375,115.875,116.08984375,99.98046875,76.6015625,316.4609375,316.68359375,274.13671875,0.0,0.0,0.33984375,48.45893096923828
none,4,855,1.0,0.0,1.0,1.0,1.0,1.0,16.90625,115.875,116.703125,99.6328125,75.8203125,317.2890625,319.68359375,273.28125,0.0,0.0,0.296875,48.442283630371094
none,4,856,1.0,0.0,1.0,1.0,1.0,1.0,16.9765625,114.92578125,116.78125,100.6796875,75.5625,313.19140625,320.32421875,277.53515625,0.0,0.0,0.27734375,48.47275924682617
none,4,857,1.0,0.0,1.0,1.0,1.0,1.0,16.55078125,114.3984375,116.94921875,100.4375,75.0546875,314.046875,319.55078125,275.45703125,0.0,0.0,0.34765625,48.39121627807617
none,4,858,1.0,0.0,1.0,1.0,1.0,1.0,16.625,116.44921875,116.57421875,99.31640625,73.29296875,318.01171875,317.32421875,273.2109375,0.0,0.0,0.31640625,48.32349395751953
none,4,859,1.0,0.0,1.0,1.0,1.0,1.0,16.6328125,115.0234375,117.078125,100.41796875,73.984375,315.09765625,319.22265625,274.69140625,0.0,0.0,0.30859375,48.58538818359375
none,4,860,1.0,0.0,1.0,1.0,1.0,1.0,16.57421875,115.34375,117.19140625,101.44140625,73.91796875,313.69921875,319.4609375,277.1328125,0.0,0.0,0.328125,48.61968231201172
none,4,861,1.0,0.0,1.0,1.0,1.0,1.0,16.5,114.1328125,118.03515625,99.9765625,74.87109375,310.4765625,323.6171875,274.46484375,0.0,0.0,0.28125,48.488372802734375
none,4,862,1.0,0.0,1.0,1.0,1.0,1.0,16.6953125,116.33984375,117.57421875,99.06640625,74.71875,317.01171875,320.1015625,272.93359375,0.0,0.0,0.328125,48.57752990722656
none,4,863,1.0,0.0,1.0,1.0,1.0,1.0,17.13671875,117.29296875,117.2421875,99.1015625,74.8125,320.96484375,319.11328125,271.71875,0.0,0.0,0.3046875,48.59940719604492
none,4,864,1.0,0.0,1.0,1.0,1.0,1.0,16.7578125,116.77734375,117.06640625,100.421875,74.734375,319.671875,320.77734375,276.58984375,0.0,0.0,0.34375,48.91080856323242
none,4,865,1.0,0.0,1.0,1.0,1.0,1.0,16.15234375,115.41796875,117.1796875,101.49609375,73.19140625,314.8203125,319.015625,278.984375,0.0,0.0,0.30859375,48.937591552734375
none,4,866,1.0,0.0,1.0,1.0,1.0,1.0,16.87890625,116.38671875,116.8203125,100.29296875,76.3515625,317.359375,318.90234375,275.21875,0.0,0.0,0.28515625,48.861167907714844
none,4,867,1.0,0.0,1.0,1.0,1.0,1.0,16.55078125,115.7890625,116.96484375,100.421875,74.921875,315.24609375,320.1328125,275.5859375,0.0,0.0,0.31640625,48.57355880737305
none,4,868,1.0,0.0,1.0,1.0,1.0,1.0,17.171875,117.85546875,118.2265625,99.23046875,75.16796875,321.82421875,323.20703125,273.0390625,0.0,0.0,0.30078125,48.82823944091797
none,4,869,1.0,0.0,1.0,1.0,1.0,1.0,16.640625,116.74609375,117.30078125,100.2109375,74.45703125,319.7734375,318.94140625,274.8671875,0.0,0.0,0.30859375,48.600257873535156
none,4,870,1.0,0.0,1.0,1.0,1.0,1.0,16.65234375,117.328125,117.03515625,100.828125,75.21484375,319.09765625,319.46484375,275.9296875,0.0,0.0,0.26171875,48.95635986328125
none,4,871,1.0,0.0,1.0,1.0,1.0,1.0,17.00390625,117.15234375,116.8828125,99.109375,77.02734375,321.37109375,320.37109375,271.859375,0.0,0.0,0.37890625,48.71950912475586
none,4,872,1.0,0.0,1.0,1.0,1.0,1.0,16.41796875,116.3046875,117.40625,102.04296875,75.22265625,317.375,321.54296875,279.015625,0.0,0.0,0.30078125,49.03156661987305
none,4,873,1.0,0.0,1.0,1.0,1.0,1.0,16.375,115.84765625,118.84375,100.19140625,74.33984375,315.12890625,325.328125,273.87890625,0.0,0.0,0.26171875,48.66117858886719
none,4,874,1.0,0.0,1.0,1.0,1.0,1.0,15.828125,116.25390625,118.31640625,101.72265625,71.6796875,316.50390625,322.2578125,277.28125,0.0,0.0,0.26171875,49.25913619995117
none,4,875,1.0,0.0,1.0,1.0,1.0,1.0,15.76171875,116.80078125,118.87890625,101.73828125,73.4609375,318.11328125,323.58984375,278.21484375,0.0,0.0,0.3046875,49.587310791015625
none,4,876,1.0,0.0,1.0,1.0,1.0,1.0,15.953125,116.484375,116.5703125,99.203125,71.44140625,320.50390625,318.140625,271.625,0.0,0.0,0.24609375,48.51985168457031
none,4,877,1.0,0.0,1.0,1.0,1.0,1.0,15.95703125,116.6796875,119.2109375,100.10546875,72.7109375,319.09765625,324.390625,273.4453125,0.0,0.0,0.2734375,49.22571563720703
none,4,878,1.0,0.0,1.0,1.0,1.0,1.0,15.8203125,118.078125,117.7421875,100.359375,73.1953125,321.0078125,320.7734375,273.28125,0.0,0.0,0.30859375,49.213592529296875
none,4,879,1.0,0.0,1.0,1.0,1.0,1.0,16.41015625,115.65625,118.18359375,102.33203125,73.62109375,314.73046875,321.27734375,280.6796875,0.0,0.0,0.27734375,49.22254943847656
none,4,880,1.0,0.0,1.0,1.0,1.0,1.0,16.0546875,116.87890625,116.62109375,101.609375,72.9765625,318.984375,316.51171875,276.84375,0.0,0.0,0.33984375,49.09435272216797
none,4,881,1.0,0.0,1.0,1.0,1.0,1.0,16.70703125,116.86328125,117.796875,101.703125,75.18359375,317.546875,319.21875,277.1640625,0.0,0.0,0.27734375,49.118438720703125
none,4,882,1.0,0.0,1.0,1.0,1.0,1.0,16.95703125,117.30078125,116.95703125,101.96484375,77.0078125,319.8125,317.84375,279.7421875,0.0,0.0,0.3515625,49.115928649902344
none,4,883,1.0,0.0,1.0,1.0,1.0,1.0,15.82421875,115.80859375,119.09765625,101.328125,73.05859375,315.21484375,324.1015625,277.39453125,0.0,0.0,0.27734375,49.208892822265625
none,4,884,1.0,0.0,1.0,1.0,1.0,1.0,16.14453125,116.76953125,118.29296875,101.13671875,73.99609375,317.7109375,322.015625,277.9296875,0.0,0.0,0.28125,49.234737396240234
none,4,885,1.0,0.0,1.0,1.0,1.0,1.0,16.671875,115.28125,119.71484375,101.33203125,75.34765625,313.15234375,328.2734375,277.05859375,0.0,0.0,0.31640625,49.195831298828125
none,4,886,1.0,0.0,1.0,1.0,1.0,1.0,16.51953125,116.83984375,118.6875,99.82421875,75.51171875,318.578125,323.41796875,272.53125,0.0,0.0,0.33984375,48.908653259277344
none,4,887,1.0,0.0,1.0,1.0,1.0,1.0,16.51171875,117.28515625,119.11328125,100.3515625,75.609375,319.99609375,324.7578125,275.12109375,0.0,0.0,0.3359375,49.190513610839844
none,4,888,1.0,0.0,1.0,1.0,1.0,1.0,16.9375,117.55078125,118.765625,102.16015625,75.890625,320.93359375,324.26171875,278.12890625,0.0,0.0,0.23046875,49.44609069824219
none,4,889,1.0,0.0,1.0,1.0,1.0,1.0,16.26171875,117.3046875,118.5546875,101.2109375,73.828125,318.98046875,322.2890625,276.4765625,0.0,0.0,0.25390625,49.3200798034668
none,4,890,1.0,0.0,1.0,1.0,1.0,1.0,16.44140625,116.7578125,117.75390625,101.76953125,74.421875,319.28515625,320.52734375,277.4296875,0.0,0.0,0.3359375,49.177589416503906
none,4,891,1.0,0.0,1.0,1.0,1.0,1.0,16.62109375,116.0859375,117.9375,102.8671875,75.45703125,316.76953125,320.1953125,280.1328125,0.0,0.0,0.32421875,49.35474395751953
none,4,892,1.0,0.0,1.0,1.0,1.0,1.0,16.40625,117.12890625,118.9375,103.67578125,75.37109375,316.4609375,324.26171875,283.0703125,0.0,0.0,0.25390625,49.85111999511719
none,4,893,1.0,0.0,1.0,1.0,1.0,1.0,16.6640625,116.31640625,119.34375,103.13671875,75.37890625,316.42578125,323.87890625,280.23046875,0.0,0.0,0.26953125,49.470611572265625
none,4,894,1.0,0.0,1.0,1.0,1.0,1.0,16.0234375,116.66015625,119.3828125,102.8984375,73.4921875,314.99609375,324.80078125,280.17578125,0.0,0.0,0.30078125,49.799339294433594
none,4,895,1.0,0.0,1.0,1.0,1.0,1.0,16.16796875,118.34765625,119.3828125,102.92578125,72.8984375,320.6875,324.3359375,278.57421875,0.0,0.0,0.29296875,50.002769470214844
none,4,896,1.0,0.0,1.0,1.0,1.0,1.0,16.4453125,116.19921875,119.921875,103.01171875,74.58984375,316.34375,326.33984375,280.203125,0.0,0.0,0.296875,49.79047393798828
none,4,897,1.0,0.0,1.0,1.0,1.0,1.0,16.5,117.609375,119.9453125,103.54296875,74.33984375,317.44140625,324.87890625,281.25,0.0,0.0,0.2734375,49.866233825683594
none,4,898,1.0,0.0,1.0,1.0,1.0,1.0,15.70703125,116.44921875,119.98046875,102.734375,71.359375,314.91796875,325.55859375,279.5625,0.0,0.0,0.296875,49.80767059326172
none,4,899,1.0,0.0,1.0,1.0,1.0,1.0,16.59375,117.97265625,119.1171875,101.98828125,75.3359375,321.140625,323.9296875,275.8203125,0.0,0.0,0.27734375,49.84162139892578
none,4,900,1.0,0.0,1.0,1.0,1.0,1.0,16.1796875,116.390625,119.921875,102.875,73.734375,314.23828125,324.49609375,279.671875,0.0,0.0,0.234375,49.652976989746094
none,4,901,1.0,0.0,1.0,1.0,1.0,1.0,16.75390625,117.0859375,118.58203125,103.640625,76.3125,317.7890625,323.33203125,283.8515625,0.0,0.0,0.33203125,49.73454284667969
none,4,902,1.0,0.0,1.0,1.0,1.0,1.0,16.34765625,116.91015625,119.71484375,102.26953125,74.60546875,317.0625,325.5625,278.28515625,0.0,0.0,0.29296875,49.78485107421875
none,4,903,1.0,0.0,1.0,1.0,1.0,1.0,16.84765625,119.66015625,119.84375,102.9375,74.890625,323.73046875,324.59375,280.51953125,0.0,0.0,0.32421875,50.50151824951172
none,4,904,1.0,0.0,1.0,1.0,1.0,1.0,16.56640625,116.86328125,119.29296875,102.48828125,74.46484375,315.98046875,324.125,276.8359375,0.0,0.0,0.28125,49.627925872802734
none,4,905,1.0,0.0,1.0,1.0,1.0,1.0,16.37890625,116.49609375,118.7578125,102.9453125,73.97265625,315.0,320.66015625,279.41015625,0.0,0.0,0.27734375,49.57734298706055
none,4,906,1.0,0.0,1.0,1.0,1.0,1.0,17.11328125,117.76953125,119.61328125,102.90234375,76.97265625,317.29296875,324.0390625,278.45703125,0.0,0.0,0.28515625,49.791160583496094
none,4,907,1.0,0.0,1.0,1.0,1.0,1.0,16.19921875,117.8828125,119.3828125,102.55078125,73.765625,317.3203125,322.55859375,279.1796875,0.0,0.0,0.328125,49.93163299560547
none,4,908,1.0,0.0,1.0,1.0,1.0,1.0,16.609375,117.84375,118.03125,103.63671875,75.1953125,318.171875,321.33203125,280.43359375,0.0,0.0,0.30078125,49.89037322998047
none,4,909,1.0,0.0,1.0,1.0,1.0,1.0,16.70703125,118.8359375,120.61328125,102.41796875,75.73828125,321.6171875,325.51953125,278.7578125,0.0,0.0,0.25390625,50.214576721191406
none,4,910,1.0,0.0,1.0,1.0,1.0,1.0,16.16796875,118.5625,119.82421875,102.796875,75.1953125,321.97265625,324.8125,278.71875,0.0,0.0,0.23828125,50.094688415527344
none,4,911,1.0,0.0,1.0,1.0,1.0,1.0,16.34375,117.53515625,119.30859375,103.07421875,75.39453125,318.4140625,324.35546875,280.1171875,0.0,0.0,0.32421875,49.869544982910156
none,4,912,1.0,0.0,1.0,1.0,1.0,1.0,16.08203125,118.34375,121.12890625,102.94140625,75.3828125,321.1328125,330.2109375,278.2265625,0.0,0.0,0.2578125,50.26049041748047
none,4,913,1.0,0.0,1.0,1.0,1.0,1.0,16.16796875,117.15234375,119.68359375,103.6640625,74.67578125,318.50390625,327.01171875,281.8125,0.0,0.0,0.28125,49.96592712402344
none,4,914,1.0,0.0,1.0,1.0,1.0,1.0,16.328125,117.6328125,120.7109375,103.2421875,73.48046875,318.7578125,327.53125,280.60546875,0.0,0.0,0.26171875,50.20183563232422
none,4,915,1.0,0.0,1.0,1.0,1.0,1.0,16.05078125,117.7109375,120.4140625,103.96484375,73.30078125,320.5625,326.79296875,282.08203125,0.0,0.0,0.25390625,50.06119918823242
none,4,916,1.0,0.0,1.0,1.0,1.0,1.0,15.5234375,118.3984375,120.89453125,104.12890625,71.5859375,318.7734375,326.6796875,281.84765625,0.0,0.0,0.25390625,50.58837127685547
none,4,917,1.0,0.0,1.0,1.0,1.0,1.0,16.2578125,117.25390625,121.078125,103.5703125,75.3125,315.2265625,327.05078125,280.921875,0.0,0.0,0.23828125,50.12150573730469
none,4,918,1.0,0.0,1.0,1.0,1.0,1.0,16.2421875,118.15234375,120.5703125,104.05859375,74.2578125,317.80859375,326.62109375,280.8046875,0.0,0.0,0.27734375,50.434776306152344
none,4,919,1.0,0.0,1.0,1.0,1.0,1.0,16.40625,118.3125,119.68359375,103.16796875,74.0859375,320.12890625,323.30859375,279.2421875,0.0,0.0,0.28125,49.96270751953125
none,4,920,1.0,0.0,1.0,1.0,1.0,1.0,16.50390625,118.24609375,121.05078125,103.53515625,74.30859375,320.02734375,326.98828125,279.8203125,0.0,0.0,0.30078125,50.353668212890625
none,4,921,1.0,0.0,1.0,1.0,1.0,1.0,17.04296875,118.1640625,120.16015625,103.08984375,76.7890625,319.41015625,323.64453125,277.62890625,0.0,0.0,0.2578125,50.11033248901367
none,4,922,1.0,0.0,1.0,1.0,1.0,1.0,16.19921875,119.1796875,120.44140625,102.3125,73.83203125,321.66015625,326.12890625,276.58984375,0.0,0.0,0.29296875,50.09496307373047
none,4,923,1.0,0.0,1.0,1.0,1.0,1.0,15.80859375,118.16015625,120.5390625,103.30078125,72.65625,318.36328125,326.7265625,279.9765625,0.0,0.0,0.33203125,50.22826385498047
none,4,924,1.0,0.0,1.0,1.0,1.0,1.0,15.6484375,118.859375,120.32421875,102.3671875,72.04296875,320.203125,327.16015625,277.57421875,0.0,0.0,0.25,50.25199508666992
none,4,925,1.0,0.0,1.0,1.0,1.0,1.0,15.96875,118.35546875,120.51953125,103.76171875,73.3359375,317.87109375,327.9453125,281.5078125,0.0,0.0,0.25,50.33794403076172
none,4,926,1.0,0.0,1.0,1.0,1.0,1.0,15.46484375,119.12890625,121.22265625,103.76171875,71.7421875,320.51953125,327.87109375,279.6328125,0.0,0.0,0.296875,50.5799560546875
none,4,927,1.0,0.0,1.0,1.0,1.0,1.0,15.71875,119.83203125,121.1328125,102.3203125,73.703125,323.015625,327.8671875,277.0859375,0.0,0.0,0.265625,50.71246337890625
none,4,928,1.0,0.0,1.0,1.0,1.0,1.0,15.7578125,119.6484375,119.65625,104.6796875,72.34765625,320.73046875,324.00390625,283.9453125,0.0,0.0,0.26953125,50.65574264526367
none,4,929,1.0,0.0,1.0,1.0,1.0,1.0,16.12109375,120.265625,121.375,103.3359375,73.08984375,321.71875,327.21875,279.9921875,0.0,0.0,0.2578125,50.78789520263672
none,4,930,1.0,0.0,1.0,1.0,1.0,1.0,16.015625,119.78515625,121.265625,103.703125,74.24609375,321.5234375,326.921875,279.48828125,0.0,0.0,0.26953125,50.948387145996094
none,4,931,1.0,0.0,1.0,1.0,1.0,1.0,15.765625,118.4453125,121.93359375,103.5,72.24609375,317.47265625,329.6171875,280.875,0.0,0.0,0.28515625,50.677490234375
none,4,932,1.0,0.0,1.0,1.0,1.0,1.0,16.09765625,118.97265625,120.38671875,105.44140625,73.28515625,320.9296875,324.12890625,283.80078125,0.0,0.0,0.24609375,50.6666374206543
none,4,933,1.0,0.0,1.0,1.0,1.0,1.0,16.4140625,118.83984375,120.60546875,102.72265625,74.640625,319.85546875,326.06640625,277.73828125,0.0,0.0,0.296875,50.20372772216797
none,4,934,1.0,0.0,1.0,1.0,1.0,1.0,16.015625,120.171875,121.07421875,102.59765625,74.390625,322.53515625,326.921875,276.0546875,0.0,0.0,0.25390625,50.863494873046875
none,4,935,1.0,0.0,1.0,1.0,1.0,1.0,16.0,119.28515625,120.65234375,103.84765625,74.12109375,323.1484375,324.38671875,280.390625,0.0,0.0,0.29296875,50.47732162475586
none,4,936,1.0,0.0,1.0,1.0,1.0,1.0,16.30859375,118.8828125,121.078125,101.94921875,75.0234375,320.42578125,328.82421875,275.27734375,0.0,0.0,0.32421875,50.33503341674805
none,4,937,1.0,0.0,1.0,1.0,1.0,1.0,15.96875,119.05859375,120.03515625,103.046875,74.2890625,321.765625,324.07421875,277.1328125,0.0,0.0,0.20703125,50.3472900390625
none,4,938,1.0,0.0,1.0,1.0,1.0,1.0,16.40234375,119.7734375,120.796875,104.41015625,76.2578125,322.55859375,325.375,282.1875,0.0,0.0,0.25,50.81604766845703
none,4,939,1.0,0.0,1.0,1.0,1.0,1.0,16.15234375,118.8515625,121.296875,104.85546875,75.91796875,318.49609375,328.5078125,284.203125,0.0,0.0,0.20703125,50.69981002807617
none,4,940,1.0,0.0,1.0,1.0,1.0,1.0,16.02734375,118.84375,120.140625,105.62890625,75.0703125,319.31640625,323.59765625,285.1171875,0.0,0.0,0.28125,50.811424255371094
none,4,941,1.0,0.0,1.0,1.0,1.0,1.0,15.8046875,119.75390625,121.02734375,103.5546875,73.0390625,321.17578125,326.5390625,279.15625,0.0,0.0,0.25,50.94963073730469
none,4,942,1.0,0.0,1.0,1.0,1.0,1.0,15.83203125,118.13671875,121.859375,103.82421875,73.26953125,317.1796875,328.35546875,280.40234375,0.0,0.0,0.24609375,50.57270050048828
none,4,943,1.0,0.0,1.0,1.0,1.0,1.0,15.41015625,121.1171875,121.2890625,104.765625,72.203125,323.25390625,327.08984375,281.49609375,0.0,0.0,0.24609375,51.467918395996094
none,4,944,1.0,0.0,1.0,1.0,1.0,1.0,15.85546875,119.94921875,122.56640625,104.46875,72.80078125,320.84375,327.828125,280.16796875,0.0,0.0,0.2421875,51.09868621826172
none,4,945,1.0,0.0,1.0,1.0,1.0,1.0,15.92578125,119.8671875,123.3046875,103.84765625,73.15625,319.5234375,330.60546875,279.046875,0.0,0.0,0.29296875,51.2894287109375
none,4,946,1.0,0.0,1.0,1.0,1.0,1.0,16.16015625,119.90234375,122.13671875,105.09765625,72.90234375,322.1875,327.703125,281.71484375,0.0,0.0,0.34375,51.23772430419922
none,4,947,1.0,0.0,1.0,1.0,1.0,1.0,16.45703125,120.3828125,120.97265625,104.4453125,75.73046875,321.51953125,324.15625,280.55859375,0.0,0.0,0.265625,50.99797821044922
none,4,948,1.0,0.0,1.0,1.0,1.0,1.0,15.91015625,119.6171875,122.3984375,104.84765625,73.83984375,318.69140625,327.55859375,280.9453125,0.0,0.0,0.23828125,51.0902214050293
none,4,949,1.0,0.0,1.0,1.0,1.0,1.0,15.67578125,118.77734375,122.99609375,105.03125,72.65625,318.203125,328.21484375,281.74609375,0.0,0.0,0.1953125,51.2042236328125
none,4,950,1.0,0.0,1.0,1.0,1.0,1.0,15.90625,119.3515625,121.87109375,105.0234375,73.76953125,319.43359375,327.4140625,283.4609375,0.0,0.0,0.2734375,51.113216400146484
none,4,951,1.0,0.0,1.0,1.0,1.0,1.0,16.23828125,119.75,120.71875,104.2734375,73.50390625,320.9609375,323.1875,281.0078125,0.0,0.0,0.26171875,50.972145080566406
none,4,952,1.0,0.0,1.0,1.0,1.0,1.0,16.4375,117.6171875,122.28515625,104.609375,74.7265625,315.609375,328.15625,281.01953125,0.0,0.0,0.23046875,50.611083984375
none,4,953,1.0,0.0,1.0,1.0,1.0,1.0,15.078125,118.5234375,121.12890625,105.16796875,71.20703125,318.75390625,326.6796875,283.83203125,0.0,0.0,0.29296875,50.93988037109375
none,4,954,1.0,0.0,1.0,1.0,1.0,1.0,16.00390625,119.45703125,122.11328125,103.81640625,74.453125,320.97265625,329.37109375,279.16796875,0.0,0.0,0.2421875,50.96697235107422
none,4,955,1.0,0.0,1.0,1.0,1.0,1.0,16.33203125,120.234375,121.99609375,104.05078125,75.41796875,320.3828125,329.6484375,279.421875,0.0,0.0,0.28515625,51.1208610534668
none,4,956,1.0,0.0,1.0,1.0,1.0,1.0,16.03515625,118.984375,121.65625,105.2265625,74.35546875,319.828125,326.08984375,281.78125,0.0,0.0,0.296875,51.13292694091797
none,4,957,1.0,0.0,1.0,1.0,1.0,1.0,15.8203125,118.82421875,122.36328125,105.53125,73.890625,318.26171875,328.14453125,283.12109375,0.0,0.0,0.2734375,51.14503479003906
none,4,958,1.0,0.0,1.0,1.0,1.0,1.0,16.1796875,121.54296875,121.51953125,103.66015625,74.2421875,326.2734375,325.33984375,277.88671875,0.0,0.0,0.30078125,51.052574157714844
none,4,959,1.0,0.0,1.0,1.0,1.0,1.0,16.31640625,119.62109375,122.45703125,104.3828125,74.8359375,320.125,327.6328125,279.1875,0.0,0.0,0.25,51.12620162963867
none,4,960,1.0,0.0,1.0,1.0,1.0,1.0,15.5546875,121.3359375,121.28515625,105.8046875,73.2578125,324.6015625,324.265625,283.93359375,0.0,0.0,0.30078125,51.49742889404297
none,4,961,1.0,0.0,1.0,1.0,1.0,1.0,15.42578125,121.875,121.88671875,104.9453125,73.2890625,326.1328125,326.421875,281.53125,0.0,0.0,0.28515625,51.503746032714844
none,4,962,1.0,0.0,1.0,1.0,1.0,1.0,15.76171875,120.6328125,122.7421875,104.53125,72.11328125,322.14453125,330.0390625,279.43359375,0.0,0.0,0.27734375,51.497802734375
none,4,963,1.0,0.0,1.0,1.0,1.0,1.0,15.44140625,121.25390625,122.42578125,104.8359375,72.4765625,324.13671875,329.87890625,280.0625,0.0,0.0,0.21875,51.76409149169922
none,4,964,1.0,0.0,1.0,1.0,1.0,1.0,15.90234375,121.9375,122.55859375,104.4921875,74.41796875,326.08984375,328.55859375,278.79296875,0.0,0.0,0.2890625,51.5662956237793
none,4,965,1.0,0.0,1.0,1.0,1.0,1.0,16.41015625,120.0703125,121.2578125,106.64453125,76.84765625,321.484375,326.1484375,285.3046875,0.0,0.0,0.28125,51.507164001464844
none,4,966,1.0,0.0,1.0,1.0,1.0,1.0,15.44140625,120.0859375,123.12890625,104.55078125,72.24609375,320.90625,329.71484375,282.91015625,0.0,0.0,0.2421875,51.70255661010742
none,4,967,1.0,0.0,1.0,1.0,1.0,1.0,15.5625,120.875,124.171875,106.30078125,73.08203125,321.96484375,331.46875,285.40234375,0.0,0.0,0.2109375,52.01655197143555
none,4,968,1.0,0.0,1.0,1.0,1.0,1.0,15.75,119.796875,122.1953125,106.54296875,73.5703125,317.375,327.34765625,286.65625,0.0,0.0,0.3046875,51.473114013671875
none,4,969,1.0,0.0,1.0,1.0,1.0,1.0,16.1796875,119.640625,121.80078125,107.6875,77.0078125,318.0625,325.6328125,287.70703125,0.0,0.0,0.27734375,51.65378952026367
none,4,970,1.0,0.0,1.0,1.0,1.0,1.0,15.953125,120.515625,122.125,106.73046875,74.83203125,321.5703125,325.109375,284.27734375,0.0,0.0,0.2734375,51.8989372253418
none,4,971,1.0,0.0,1.0,1.0,1.0,1.0,15.578125,120.96875,122.4921875,106.03515625,72.109375,321.859375,326.53515625,282.9375,0.0,0.0,0.23828125,51.79719161987305
none,4,972,1.0,0.0,1.0,1.0,1.0,1.0,16.64453125,121.34375,121.47265625,105.87109375,77.046875,323.45703125,325.734375,282.3046875,0.0,0.0,0.2421875,51.43627166748047
none,4,973,1.0,0.0,1.0,1.0,1.0,1.0,16.18359375,121.8828125,121.56640625,106.1484375,75.1796875,324.125,324.28125,285.1328125,0.0,0.0,0.28125,51.77480697631836
none,4,974,1.0,0.0,1.0,1.0,1.0,1.0,15.91796875,121.98828125,123.7890625,105.1875,73.3359375,322.78515625,329.26953125,282.03125,0.0,0.0,0.24609375,52.121429443359375
none,4,975,1.0,0.0,1.0,1.0,1.0,1.0,15.84375,123.16796875,122.32421875,104.109375,74.83203125,327.51171875,327.77734375,279.58203125,0.0,0.0,0.3203125,51.851863861083984
none,4,976,1.0,0.0,1.0,1.0,1.0,1.0,15.87890625,120.72265625,122.98046875,106.21484375,73.97265625,321.1015625,328.7890625,285.2421875,0.0,0.0,0.296875,51.83210372924805
none,4,977,1.0,0.0,1.0,1.0,1.0,1.0,15.73046875,120.265625,123.44921875,106.65625,74.21484375,319.296875,330.19921875,287.03515625,0.0,0.0,0.28125,51.916717529296875
none,4,978,1.0,0.0,1.0,1.0,1.0,1.0,15.43359375,121.9375,124.05078125,106.04296875,73.57421875,323.23046875,332.625,284.13671875,0.0,0.0,0.30078125,52.18207931518555
none,4,979,1.0,0.0,1.0,1.0,1.0,1.0,15.2734375,122.05078125,124.15234375,107.16796875,73.21875,325.35546875,331.31640625,286.41796875,0.0,0.0,0.2734375,52.604339599609375
none,4,980,1.0,0.0,1.0,1.0,1.0,1.0,15.2890625,122.6484375,123.47265625,106.3046875,73.34765625,326.04296875,328.90234375,286.3515625,0.0,0.0,0.25390625,52.334877014160156
none,4,981,1.0,0.0,1.0,1.0,1.0,1.0,15.46484375,121.20703125,122.921875,107.7734375,72.4609375,321.1953125,327.1640625,288.671875,0.0,0.0,0.296875,52.257545471191406
none,4,982,1.0,0.0,1.0,1.0,1.0,1.0,15.23828125,120.36328125,124.05078125,108.328125,71.25390625,318.57421875,331.5390625,290.36328125,0.0,0.0,0.24609375,52.43760299682617
none,4,983,1.0,0.0,1.0,1.0,1.0,1.0,16.015625,121.265625,124.39453125,107.578125,74.17578125,321.4453125,330.8671875,287.3671875,0.0,0.0,0.26953125,52.484649658203125
none,4,984,1.0,0.0,1.0,1.0,1.0,1.0,15.95703125,121.34765625,124.8515625,106.20703125,74.81640625,320.515625,333.13671875,283.3359375,0.0,0.0,0.3359375,52.32084274291992
none,4,985,1.0,0.0,1.0,1.0,1.0,1.0,16.15234375,120.98046875,124.09375,105.8125,74.08984375,321.38671875,330.5625,282.95703125,0.0,0.0,0.2734375,51.964317321777344
none,4,986,1.0,0.0,1.0,1.0,1.0,1.0,16.046875,122.21484375,122.87890625,105.97265625,74.33984375,324.26953125,328.390625,283.60546875,0.0,0.0,0.25,51.99723434448242
none,4,987,1.0,0.0,1.0,1.0,1.0,1.0,16.39453125,121.16015625,123.8828125,106.26171875,77.1640625,321.359375,330.98828125,284.9765625,0.0,0.0,0.22265625,51.99299621582031
none,4,988,1.0,0.0,1.0,1.0,1.0,1.0,15.9609375,121.9296875,124.421875,107.078125,75.23828125,325.7421875,332.55078125,287.30859375,0.0,0.0,0.30078125,52.50454330444336
none,4,989,1.0,0.0,1.0,1.0,1.0,1.0,15.82421875,120.734375,125.1328125,107.1875,75.16796875,320.48828125,334.7734375,288.83203125,0.0,0.0,0.2265625,52.4827880859375
none,4,990,1.0,0.0,1.0,1.0,1.0,1.0,15.79296875,122.69140625,123.66796875,106.4375,75.4765625,327.44921875,331.07421875,285.1875,0.0,0.0,0.234375,52.51166915893555
none,4,991,1.0,0.0,1.0,1.0,1.0,1.0,15.66796875,121.34765625,123.76171875,106.73046875,74.6015625,323.88671875,331.41015625,286.2109375,0.0,0.0,0.21484375,52.196163177490234
none,4,992,1.0,0.0,1.0,1.0,1.0,1.0,15.625,122.1640625,124.55078125,106.36328125,72.453125,323.2109375,332.94140625,284.2421875,0.0,0.0,0.28125,52.44715118408203
none,4,993,1.0,0.0,1.0,1.0,1.0,1.0,15.640625,122.5390625,123.69921875,107.08984375,74.84765625,324.66015625,329.83984375,286.1796875,0.0,0.0,0.2421875,52.33866500854492
none,4,994,1.0,0.0,1.0,1.0,1.0,1.0,16.10546875,121.2734375,124.0546875,108.12109375,76.35546875,319.765625,330.6796875,287.35546875,0.0,0.0,0.2890625,52.40046691894531
none,4,995,1.0,0.0,1.0,1.0,1.0,1.0,15.39453125,121.375,122.9453125,108.1875,73.265625,323.59765625,327.71875,288.75390625,0.0,0.0,0.234375,52.219024658203125
none,4,996,1.0,0.0,1.0,1.0,1.0,1.0,15.44921875,122.9921875,124.4609375,107.4140625,72.75390625,323.92578125,331.625,285.29296875,0.0,0.0,0.25390625,52.683807373046875
none,4,997,1.0,0.0,1.0,1.0,1.0,1.0,16.296875,122.03125,124.359375,108.12890625,77.13671875,323.11328125,331.59765625,286.59375,0.0,0.0,0.24609375,52.52008056640625
none,4,998,1.0,0.0,1.0,1.0,1.0,1.0,15.85546875,121.73046875,122.4765625,106.6015625,74.82421875,321.76171875,325.46875,283.265625,0.0,0.0,0.25,52.00037384033203
none,4,999,1.0,0.0,1.0,1.0,1.0,1.0,16.0390625,122.09375,124.80859375,109.0625,74.953125,321.51953125,330.046875,288.60546875,0.0,0.0,0.265625,52.886932373046875
none,4,1000,1.0,0.0,1.0,1.0,1.0,1.0,15.484375,123.50390625,124.6015625,107.29296875,72.50390625,324.44921875,331.48046875,284.93359375,0.0,0.0,0.21875,52.830745697021484
none,4,1001,1.0,0.0,1.0,1.0,1.0,1.0,15.48828125,124.1015625,123.57421875,107.30078125,73.453125,326.578125,329.29296875,284.6875,0.0,0.0,0.22265625,52.85912322998047
none,4,1002,1.0,0.0,1.0,1.0,1.0,1.0,15.33203125,122.875,124.55859375,107.23828125,73.01953125,323.80859375,331.2109375,283.19921875,0.0,0.0,0.21484375,52.83817672729492
none,4,1003,1.0,0.0,1.0,1.0,1.0,1.0,15.64453125,124.0,124.4140625,106.73046875,73.44921875,328.18359375,330.58203125,282.8203125,0.0,0.0,0.2109375,52.87229537963867
none,4,1004,1.0,0.0,1.0,1.0,1.0,1.0,15.47265625,123.9765625,124.1875,107.9765625,73.05078125,325.65625,329.0078125,286.69140625,0.0,0.0,0.234375,53.16337203979492
none,4,1005,1.0,0.0,1.0,1.0,1.0,1.0,15.6796875,123.45703125,124.35546875,109.640625,74.23828125,325.6171875,330.90625,290.3125,0.0,0.0,0.21484375,53.34700012207031
none,4,1006,1.0,0.0,1.0,1.0,1.0,1.0,16.078125,122.65625,124.33203125,108.609375,75.890625,324.671875,330.22265625,288.91015625,0.0,0.0,0.25,53.06627655029297
none,4,1007,1.0,0.0,1.0,1.0,1.0,1.0,15.90625,121.3125,125.28125,107.82421875,74.36328125,320.26953125,332.7109375,287.4140625,0.0,0.0,0.22265625,52.631431579589844
none,4,1008,1.0,0.0,1.0,1.0,1.0,1.0,15.33984375,123.4375,125.4375,107.6796875,74.36328125,325.49609375,332.33203125,286.81640625,0.0,0.0,0.26171875,53.24915313720703
none,4,1009,1.0,0.0,1.0,1.0,1.0,1.0,15.65234375,121.921875,126.125,107.921875,74.19921875,321.26953125,335.79296875,287.921875,0.0,0.0,0.23046875,52.869964599609375
none,4,1010,1.0,0.0,1.0,1.0,1.0,1.0,16.36328125,122.0703125,125.375,107.1328125,76.7421875,322.24609375,332.93359375,285.46484375,0.0,0.0,0.2578125,52.49847412109375
none,4,1011,1.0,0.0,1.0,1.0,1.0,1.0,15.94140625,121.80078125,124.83203125,109.19921875,74.21484375,321.6171875,330.88671875,290.421875,0.0,0.0,0.2578125,52.970611572265625
none,4,1012,1.0,0.0,1.0,1.0,1.0,1.0,16.61328125,122.6640625,126.43359375,107.12890625,77.00390625,323.48828125,334.75390625,284.12109375,0.0,0.0,0.2734375,52.920684814453125
none,4,1013,1.0,0.0,1.0,1.0,1.0,1.0,15.609375,122.546875,125.1640625,108.5546875,74.3359375,321.05859375,331.26171875,288.69140625,0.0,0.0,0.22265625,53.08149337768555
none,4,1014,1.0,0.0,1.0,1.0,1.0,1.0,15.55078125,123.5546875,125.6328125,109.37890625,74.13671875,324.5234375,332.26953125,289.9609375,0.0,0.0,0.1953125,53.35308837890625
none,4,1015,1.0,0.0,1.0,1.0,1.0,1.0,15.76171875,124.0859375,124.6171875,109.46875,75.1875,325.8984375,329.35546875,289.0546875,0.0,0.0,0.296875,53.19828414916992
none,4,1016,1.0,0.0,1.0,1.0,1.0,1.0,15.1484375,123.7265625,125.9453125,110.078125,72.4609375,323.07421875,331.2265625,290.1796875,0.0,0.0,0.234375,53.585960388183594
none,4,1017,1.0,0.0,1.0,1.0,1.0,1.0,14.8828125,124.171875,124.6796875,108.59765625,72.20703125,326.02734375,330.5546875,287.453125,0.0,0.0,0.20703125,53.28361129760742
none,4,1018,1.0,0.0,1.0,1.0,1.0,1.0,15.4375,123.875,125.87109375,109.80078125,73.37890625,324.48828125,332.30859375,292.21875,0.0,0.0,0.28125,53.764095306396484
none,4,1019,1.0,0.0,1.0,1.0,1.0,1.0,15.8046875,121.99609375,124.57421875,111.0,74.41796875,319.94921875,329.83984375,293.875,0.0,0.0,0.2421875,53.098480224609375
none,4,1020,1.0,0.0,1.0,1.0,1.0,1.0,16.13671875,124.4765625,123.609375,108.734375,75.21875,327.7421875,327.1328125,288.453125,0.0,0.0,0.26171875,52.87784957885742
none,4,1021,1.0,0.0,1.0,1.0,1.0,1.0,15.85546875,123.28125,124.82421875,109.7265625,77.0703125,324.0625,331.32421875,292.2421875,0.0,0.0,0.22265625,53.28984832763672
none,4,1022,1.0,0.0,1.0,1.0,1.0,1.0,16.0,123.6796875,125.52734375,108.59765625,74.41015625,325.5703125,332.02734375,289.51953125,0.0,0.0,0.23828125,53.37983322143555
none,4,1023,1.0,0.0,1.0,1.0,1.0,1.0,16.0078125,122.6953125,124.265625,109.28515625,75.64453125,322.95703125,330.71484375,291.5234375,0.0,0.0,0.21484375,53.0975456237793
none,4,1024,1.0,0.0,1.0,1.0,1.0,1.0,15.33984375,122.09765625,126.859375,109.81640625,75.06640625,320.984375,337.90625,291.08984375,0.0,0.0,0.25,53.54661178588867
none,4,1025,1.0,0.0,1.0,1.0,1.0,1.0,15.3203125,124.95703125,126.8046875,107.82421875,71.87890625,328.18359375,337.90625,285.5390625,0.0,0.0,0.26171875,53.716819763183594
none,4,1026,1.0,0.0,1.0,1.0,1.0,1.0,15.0390625,122.79296875,126.21875,109.34765625,72.80078125,323.1640625,334.1875,290.328125,0.0,0.0,0.1875,53.44751739501953
none,4,1027,1.0,0.0,1.0,1.0,1.0,1.0,15.97265625,123.99609375,126.23046875,108.59375,73.92578125,325.6171875,333.41015625,287.17578125,0.0,0.0,0.21484375,53.700531005859375
none,4,1028,1.0,0.0,1.0,1.0,1.0,1.0,15.61328125,124.3203125,125.65234375,110.6328125,74.3125,325.2265625,331.53515625,292.734375,0.0,0.0,0.24609375,53.83918380737305
none,4,1029,1.0,0.0,1.0,1.0,1.0,1.0,15.61328125,125.125,126.2890625,110.2421875,75.87890625,326.640625,334.22265625,290.87890625,0.0,0.0,0.20703125,54.06275177001953
none,4,1030,1.0,0.0,1.0,1.0,1.0,1.0,15.546875,123.94140625,125.63671875,109.66015625,74.234375,323.13671875,332.55859375,289.765625,0.0,0.0,0.234375,53.61772918701172
none,4,1031,1.0,0.0,1.0,1.0,1.0,1.0,15.7890625,123.27734375,125.953125,109.45703125,74.10546875,322.57421875,331.8359375,288.3046875,0.0,0.0,0.3125,53.596839904785156
none,4,1032,1.0,0.0,1.0,1.0,1.0,1.0,15.52734375,124.359375,125.76171875,109.265625,74.57421875,326.1171875,330.58203125,286.99609375,0.0,0.0,0.3125,53.5032958984375
none,4,1033,1.0,0.0,1.0,1.0,1.0,1.0,15.4140625,123.1640625,125.4609375,111.75390625,74.06640625,321.1953125,330.203125,293.75390625,0.0,0.0,0.26953125,53.786163330078125
none,4,1034,1.0,0.0,1.0,1.0,1.0,1.0,15.62890625,124.43359375,126.11328125,110.37109375,74.09765625,325.54296875,332.16796875,290.79296875,0.0,0.0,0.2109375,53.792869567871094
none,4,1035,1.0,0.0,1.0,1.0,1.0,1.0,16.12890625,124.09765625,126.484375,108.74609375,74.7578125,326.01171875,334.5390625,287.1875,0.0,0.0,0.25,53.515655517578125
none,4,1036,1.0,0.0,1.0,1.0,1.0,1.0,15.6875,125.0859375,126.54296875,108.921875,75.84765625,326.39453125,334.0859375,288.32421875,0.0,0.0,0.2265625,53.75756072998047
none,4,1037,1.0,0.0,1.0,1.0,1.0,1.0,15.9296875,125.3125,127.6171875,108.54296875,75.62890625,326.4375,336.546875,286.10546875,0.0,0.0,0.234375,53.89781951904297
none,4,1038,1.0,0.0,1.0,1.0,1.0,1.0,15.13671875,122.89453125,126.8671875,111.328125,75.140625,320.26171875,336.37890625,294.453125,0.0,0.0,0.23046875,53.91373825073242
none,4,1039,1.0,0.0,1.0,1.0,1.0,1.0,15.5390625,122.90625,127.82421875,109.56640625,74.30078125,322.46484375,337.3984375,287.4375,0.0,0.0,0.1875,53.81687545776367
none,4,1040,1.0,0.0,1.0,1.0,1.0,1.0,15.5078125,124.45703125,127.5546875,110.4921875,73.5,324.6171875,335.4765625,290.73828125,0.0,0.0,0.25,54.15547180175781
none,4,1041,1.0,0.0,1.0,1.0,1.0,1.0,15.3203125,123.26953125,126.5,109.7890625,74.421875,320.91796875,334.32421875,290.6484375,0.0,0.0,0.1796875,53.570091247558594
none,4,1042,1.0,0.0,1.0,1.0,1.0,1.0,15.3125,123.5546875,126.90234375,110.859375,74.625,322.0703125,334.14453125,291.90625,0.0,0.0,0.26171875,53.93804168701172
none,4,1043,1.0,0.0,1.0,1.0,1.0,1.0,15.6953125,123.3984375,126.62109375,110.8046875,77.38671875,322.62109375,333.67578125,291.33984375,0.0,0.0,0.2890625,54.04316329956055
none,4,1044,1.0,0.0,1.0,1.0,1.0,1.0,15.796875,123.828125,127.15234375,111.50390625,75.796875,322.16796875,334.8515625,293.83203125,0.0,0.0,0.19921875,54.33608627319336
none,4,1045,1.0,0.0,1.0,1.0,1.0,1.0,15.88671875,123.4453125,127.140625,110.62890625,77.4765625,321.9375,333.671875,291.12109375,0.0,0.0,0.296875,54.05680465698242
none,4,1046,1.0,0.0,1.0,1.0,1.0,1.0,15.62890625,123.6640625,126.72265625,111.6953125,75.484375,321.9453125,334.47265625,293.16015625,0.0,0.0,0.171875,54.12064743041992
none,4,1047,1.0,0.0,1.0,1.0,1.0,1.0,15.69921875,124.01953125,126.79296875,111.83203125,76.12890625,322.44140625,334.4765625,293.40625,0.0,0.0,0.20703125,54.06903076171875
none,4,1048,1.0,0.0,1.0,1.0,1.0,1.0,15.80078125,125.26953125,127.27734375,110.21875,75.265625,326.66796875,334.10546875,287.4140625,0.0,0.0,0.19921875,54.31510925292969
none,4,1049,1.0,0.0,1.0,1.0,1.0,1.0,15.89453125,124.7421875,128.375,110.81640625,75.6796875,322.7578125,338.0703125,290.27734375,0.0,0.0,0.20703125,54.456146240234375
none,4,1050,1.0,0.0,1.0,1.0,1.0,1.0,15.68359375,124.9140625,127.328125,109.3671875,74.2109375,325.00390625,335.1015625,287.8828125,0.0,0.0,0.2890625,54.012657165527344
none,4,1051,1.0,0.0,1.0,1.0,1.0,1.0,15.80859375,125.94921875,127.09765625,109.9609375,75.6875,327.703125,332.765625,288.57421875,0.0,0.0,0.2109375,54.362388610839844
none,4,1052,1.0,0.0,1.0,1.0,1.0,1.0,15.78515625,125.7109375,127.17578125,110.83984375,75.4921875,326.63671875,333.2421875,289.30078125,0.0,0.0,0.1640625,54.45835876464844
none,4,1053,1.0,0.0,1.0,1.0,1.0,1.0,15.4609375,123.76953125,126.9765625,110.39453125,74.80078125,322.984375,334.703125,287.6171875,0.0,0.0,0.23046875,53.97869110107422
none,4,1054,1.0,0.0,1.0,1.0,1.0,1.0,15.78515625,124.9140625,127.50390625,110.66796875,75.234375,325.16796875,335.05859375,287.30859375,0.0,0.0,0.1953125,54.40007019042969
none,4,1055,1.0,0.0,1.0,1.0,1.0,1.0,16.390625,125.70703125,127.1328125,109.94140625,77.06640625,325.7890625,333.8984375,286.40625,0.0,0.0,0.26171875,53.989593505859375
none,4,1056,1.0,0.0,1.0,1.0,1.0,1.0,15.85546875,124.87890625,128.20703125,111.63671875,75.70703125,323.3984375,335.23046875,291.89453125,0.0,0.0,0.203125,54.454376220703125
none,4,1057,1.0,0.0,1.0,1.0,1.0,1.0,15.73046875,124.44921875,126.7578125,111.41015625,75.40234375,322.81640625,333.9453125,292.63671875,0.0,0.0,0.21875,54.33466339111328
none,4,1058,1.0,0.0,1.0,1.0,1.0,1.0,15.828125,126.125,127.51953125,110.7109375,76.8125,327.5625,335.29296875,289.87109375,0.0,0.0,0.19921875,54.38450241088867
none,4,1059,1.0,0.0,1.0,1.0,1.0,1.0,15.25,124.89453125,128.359375,111.109375,74.8359375,325.83203125,336.47265625,290.84375,0.0,0.0,0.2265625,54.661720275878906
none,4,1060,1.0,0.0,1.0,1.0,1.0,1.0,15.79296875,127.3515625,127.77734375,111.73046875,75.0546875,333.3671875,335.37890625,292.48046875,0.0,0.0,0.20703125,54.9375
none,4,1061,1.0,0.0,1.0,1.0,1.0,1.0,15.6328125,126.40234375,127.62890625,110.4921875,75.98828125,329.90625,335.56640625,290.0078125,0.0,0.0,0.28515625,54.60517501831055
none,4,1062,1.0,0.0,1.0,1.0,1.0,1.0,15.14453125,125.1328125,127.98828125,111.9375,73.046875,326.0546875,334.95703125,293.2109375,0.0,0.0,0.23046875,54.999732971191406
none,4,1063,1.0,0.0,1.0,1.0,1.0,1.0,15.55859375,126.06640625,128.0,109.98828125,74.0625,328.2734375,335.25,288.70703125,0.0,0.0,0.25,54.54719161987305
none,4,1064,1.0,0.0,1.0,1.0,1.0,1.0,15.73046875,125.62109375,128.48828125,112.390625,75.92578125,326.08203125,336.57421875,295.19921875,0.0,0.0,0.25390625,54.8309326171875
none,4,1065,1.0,0.0,1.0,1.0,1.0,1.0,15.578125,127.88671875,126.28125,111.1875,74.42578125,333.16796875,332.7421875,292.4921875,0.0,0.0,0.203125,54.87902069091797
none,4,1066,1.0,0.0,1.0,1.0,1.0,1.0,15.85546875,125.80859375,127.8125,112.05859375,76.08203125,327.921875,335.0625,294.91796875,0.0,0.0,0.22265625,54.81841278076172
none,4,1067,1.0,0.0,1.0,1.0,1.0,1.0,15.28515625,125.07421875,129.34765625,110.640625,74.87890625,325.48046875,340.26171875,291.125,0.0,0.0,0.2265625,54.784271240234375
none,4,1068,1.0,0.0,1.0,1.0,1.0,1.0,15.40234375,125.9609375,127.7734375,110.94921875,76.6171875,327.375,335.90625,292.19140625,0.0,0.0,0.19140625,54.56549072265625
none,4,1069,1.0,0.0,1.0,1.0,1.0,1.0,15.578125,126.6953125,127.69921875,111.73828125,76.984375,328.30078125,336.15234375,294.15625,0.0,0.0,0.2890625,55.03980255126953
none,4,1070,1.0,0.0,1.0,1.0,1.0,1.0,15.12890625,123.80078125,129.21875,113.37890625,75.48828125,320.75,339.5,297.859375,0.0,0.0,0.203125,54.85723114013672
none,4,1071,1.0,0.0,1.0,1.0,1.0,1.0,15.296875,125.06640625,127.86328125,111.98828125,75.23828125,322.359375,335.23046875,294.3359375,0.0,0.0,0.2109375,54.82908630371094
none,4,1072,1.0,0.0,1.0,1.0,1.0,1.0,15.84765625,124.14453125,128.328125,112.2734375,78.28125,319.7109375,337.78515625,294.58203125,0.0,0.0,0.25390625,54.59031677246094
none,4,1073,1.0,0.0,1.0,1.0,1.0,1.0,15.8828125,125.515625,128.359375,111.12890625,77.27734375,324.4765625,336.4765625,291.53125,0.0,0.0,0.19921875,54.595977783203125
none,4,1074,1.0,0.0,1.0,1.0,1.0,1.0,15.24609375,126.0703125,128.58203125,111.32421875,76.4296875,324.8984375,335.18359375,291.8984375,0.0,0.0,0.203125,55.09330749511719
none,4,1075,1.0,0.0,1.0,1.0,1.0,1.0,16.01171875,125.25,127.84765625,109.91796875,76.6328125,323.01171875,333.81640625,288.85546875,0.0,0.0,0.2109375,54.431358337402344
none,4,1076,1.0,0.0,1.0,1.0,1.0,1.0,15.35546875,126.95703125,128.7578125,112.84375,75.7734375,327.11328125,336.14453125,295.05078125,0.0,0.0,0.2421875,55.41286849975586
none,4,1077,1.0,0.0,1.0,1.0,1.0,1.0,15.33984375,126.08203125,128.421875,113.0859375,74.4765625,325.14453125,333.53125,294.375,0.0,0.0,0.23828125,55.296661376953125
none,4,1078,1.0,0.0,1.0,1.0,1.0,1.0,15.16015625,124.4609375,129.4609375,113.0859375,75.04296875,321.078125,336.4140625,295.796875,0.0,0.0,0.26171875,55.16351318359375
none,4,1079,1.0,0.0,1.0,1.0,1.0,1.0,15.26171875,125.2890625,129.828125,112.06640625,75.3515625,324.046875,337.7578125,292.3671875,0.0,0.0,0.25,55.003440856933594
none,4,1080,1.0,0.0,1.0,1.0,1.0,1.0,15.2109375,125.8671875,126.109375,113.4453125,75.578125,325.15625,329.8203125,297.49609375,0.0,0.0,0.2109375,54.718902587890625
none,4,1081,1.0,0.0,1.0,1.0,1.0,1.0,15.08203125,127.09765625,129.02734375,112.68359375,73.71875,327.93359375,336.328125,292.67578125,0.0,0.0,0.1953125,55.61248779296875
none,4,1082,1.0,0.0,1.0,1.0,1.0,1.0,15.16015625,127.14453125,128.90234375,112.578125,74.42578125,328.89453125,337.2109375,294.7265625,0.0,0.0,0.1953125,55.35601043701172
none,4,1083,1.0,0.0,1.0,1.0,1.0,1.0,15.484375,126.37890625,128.640625,112.18359375,75.27734375,328.109375,336.67578125,291.8125,0.0,0.0,0.23046875,55.11018371582031
none,4,1084,1.0,0.0,1.0,1.0,1.0,1.0,15.40234375,126.46484375,128.6640625,113.671875,75.0625,327.10546875,335.015625,297.38671875,0.0,0.0,0.234375,55.310829162597656
none,4,1085,1.0,0.0,1.0,1.0,1.0,1.0,15.3984375,125.2734375,129.01953125,113.23828125,76.1484375,323.3203125,336.671875,296.44140625,0.0,0.0,0.21875,55.33998107910156
none,4,1086,1.0,0.0,1.0,1.0,1.0,1.0,15.921875,125.34375,130.53125,113.08984375,77.41015625,323.52734375,341.36328125,295.68359375,0.0,0.0,0.23828125,55.4170036315918
none,4,1087,1.0,0.0,1.0,1.0,1.0,1.0,15.63671875,126.015625,129.53125,114.15234375,76.3359375,324.73046875,340.28125,298.48046875,0.0,0.0,0.22265625,55.71102523803711
none,4,1088,1.0,0.0,1.0,1.0,1.0,1.0,15.90234375,126.83203125,128.46875,112.91796875,77.4765625,327.97265625,335.52734375,294.4375,0.0,0.0,0.1875,55.377620697021484
none,4,1089,1.0,0.0,1.0,1.0,1.0,1.0,15.5,126.41015625,128.8515625,112.546875,75.015625,326.07421875,337.0078125,292.0,0.0,0.0,0.19140625,55.199214935302734
none,4,1090,1.0,0.0,1.0,1.0,1.0,1.0,15.12890625,128.1328125,129.52734375,112.7890625,73.6875,328.53515625,336.42578125,292.72265625,0.0,0.0,0.203125,55.87158203125
none,4,1091,1.0,0.0,1.0,1.0,1.0,1.0,15.6015625,126.90234375,130.1171875,113.46484375,74.86328125,325.51953125,336.81640625,293.4140625,0.0,0.0,0.19140625,55.83073425292969
none,4,1092,1.0,0.0,1.0,1.0,1.0,1.0,15.4375,127.42578125,130.86328125,113.21484375,74.73828125,327.15234375,338.3046875,292.19921875,0.0,0.0,0.2109375,55.9333610534668
none,4,1093,1.0,0.0,1.0,1.0,1.0,1.0,15.70703125,127.29296875,130.0859375,113.6953125,76.53515625,327.25390625,336.48828125,291.55859375,0.0,0.0,0.21875,56.06103515625
none,4,1094,1.0,0.0,1.0,1.0,1.0,1.0,15.87890625,128.2734375,128.9765625,113.16796875,76.8046875,327.9140625,334.91015625,290.9453125,0.0,0.0,0.2421875,55.78965377807617
none,4,1095,1.0,0.0,1.0,1.0,1.0,1.0,15.80859375,127.5859375,128.421875,112.33984375,76.015625,327.18359375,333.15234375,290.046875,0.0,0.0,0.19921875,55.450584411621094
none,4,1096,1.0,0.0,1.0,1.0,1.0,1.0,15.6875,126.7890625,129.6015625,113.3515625,77.07421875,324.6796875,334.98828125,292.87890625,0.0,0.0,0.16015625,55.5166015625
none,4,1097,1.0,0.0,1.0,1.0,1.0,1.0,15.875,129.52734375,128.74609375,112.546875,75.3046875,332.265625,334.54296875,289.75390625,0.0,0.0,0.171875,55.85369110107422
none,4,1098,1.0,0.0,1.0,1.0,1.0,1.0,15.13671875,128.12890625,129.1328125,113.03515625,75.0546875,328.44140625,336.9453125,290.328125,0.0,0.0,0.23828125,55.778648376464844
none,4,1099,1.0,0.0,1.0,1.0,1.0,1.0,15.35546875,127.64453125,128.41015625,113.7421875,75.07421875,326.87890625,333.95703125,294.6875,0.0,0.0,0.19140625,55.71334457397461
none,4,1100,1.0,0.0,1.0,1.0,1.0,1.0,15.13671875,128.21484375,130.20703125,113.890625,74.875,329.49609375,338.734375,294.8359375,0.0,0.0,0.1875,56.0712890625
none,4,1101,1.0,0.0,1.0,1.0,1.0,1.0,14.7421875,127.6171875,129.2890625,115.2890625,74.6875,325.8984375,337.171875,300.2109375,0.0,0.0,0.23828125,56.13810729980469
none,4,1102,1.0,0.0,1.0,1.0,1.0,1.0,15.2109375,127.22265625,130.296875,113.6484375,76.06640625,327.01171875,337.98828125,295.5078125,0.0,0.0,0.171875,55.83219528198242
none,4,1103,1.0,0.0,1.0,1.0,1.0,1.0,15.12109375,128.21875,128.83203125,115.9453125,76.19921875,329.1796875,333.875,299.62890625,0.0,0.0,0.2421875,56.116180419921875
none,4,1104,1.0,0.0,1.0,1.0,1.0,1.0,15.01171875,128.921875,129.578125,114.234375,74.24609375,330.85546875,336.1484375,295.19921875,0.0,0.0,0.15234375,56.267303466796875
none,4,1105,1.0,0.0,1.0,1.0,1.0,1.0,15.015625,127.3515625,130.69921875,115.4765625,74.50390625,326.95703125,338.1875,296.890625,0.0,0.0,0.16015625,56.511566162109375
none,4,1106,1.0,0.0,1.0,1.0,1.0,1.0,14.6953125,129.4375,130.70703125,111.87109375,72.85546875,331.984375,338.95703125,288.67578125,0.0,0.0,0.19921875,56.21160125732422
none,4,1107,1.0,0.0,1.0,1.0,1.0,1.0,15.1953125,128.6796875,130.22265625,114.21484375,75.9453125,329.63671875,336.69921875,296.234375,0.0,0.0,0.23046875,56.252708435058594
none,4,1108,1.0,0.0,1.0,1.0,1.0,1.0,14.80859375,127.37890625,130.5234375,114.75,74.21484375,325.31640625,338.73046875,295.28515625,0.0,0.0,0.20703125,56.212257385253906
none,4,1109,1.0,0.0,1.0,1.0,1.0,1.0,15.39453125,128.625,130.1328125,113.140625,75.12109375,329.04296875,336.42578125,293.12890625,0.0,0.0,0.234375,55.916351318359375
none,4,1110,1.0,0.0,1.0,1.0,1.0,1.0,15.9375,127.80859375,129.41796875,114.21875,77.63671875,328.4453125,335.765625,296.09375,0.0,0.0,0.20703125,55.7447509765625
none,4,1111,1.0,0.0,1.0,1.0,1.0,1.0,15.41015625,127.32421875,131.13671875,114.23828125,75.7421875,325.3359375,340.33984375,294.12109375,0.0,0.0,0.171875,56.219688415527344
none,4,1112,1.0,0.0,1.0,1.0,1.0,1.0,15.55078125,128.4375,130.87890625,115.13671875,75.23046875,326.91796875,338.07421875,297.62109375,0.0,0.0,0.20703125,56.374290466308594
none,4,1113,1.0,0.0,1.0,1.0,1.0,1.0,14.76953125,127.9140625,130.33984375,114.73828125,73.20703125,328.234375,337.85546875,297.0859375,0.0,0.0,0.171875,56.355953216552734
none,4,1114,1.0,0.0,1.0,1.0,1.0,1.0,15.3984375,128.8515625,131.0234375,113.86328125,75.2421875,329.171875,337.671875,292.875,0.0,0.0,0.171875,56.4356803894043
none,4,1115,1.0,0.0,1.0,1.0,1.0,1.0,14.859375,127.72265625,130.91796875,114.0,73.953125,327.5546875,339.9296875,294.4375,0.0,0.0,0.1875,56.29392623901367
none,4,1116,1.0,0.0,1.0,1.0,1.0,1.0,14.9453125,127.20703125,129.5078125,115.33203125,74.80078125,325.99609375,336.03515625,297.37109375,0.0,0.0,0.16796875,56.109344482421875
none,4,1117,1.0,0.0,1.0,1.0,1.0,1.0,14.60546875,126.578125,130.09765625,116.8515625,72.37890625,323.50390625,335.4296875,301.71484375,0.0,0.0,0.25,56.46387481689453
none,4,1118,1.0,0.0,1.0,1.0,1.0,1.0,14.8671875,128.203125,131.4140625,114.86328125,75.03125,326.28515625,336.6953125,295.25390625,0.0,0.0,0.21875,56.571624755859375
none,4,1119,1.0,0.0,1.0,1.0,1.0,1.0,14.41796875,129.98828125,130.328125,114.46875,72.70703125,329.5390625,335.9375,294.234375,0.0,0.0,0.20703125,56.5759391784668
none,4,1120,1.0,0.0,1.0,1.0,1.0,1.0,15.18359375,129.6015625,131.78515625,115.2109375,74.875,327.8046875,336.97265625,295.0234375,0.0,0.0,0.20703125,56.86870574951172
none,4,1121,1.0,0.0,1.0,1.0,1.0,1.0,15.18359375,128.70703125,131.2421875,115.546875,74.4609375,324.75390625,336.0234375,296.23828125,0.0,0.0,0.296875,56.703338623046875
none,4,1122,1.0,0.0,1.0,1.0,1.0,1.0,15.44140625,129.15234375,131.00390625,114.84765625,75.5859375,327.72265625,336.4765625,295.3203125,0.0,0.0,0.1953125,56.638763427734375
none,4,1123,1.0,0.0,1.0,1.0,1.0,1.0,15.37890625,128.984375,131.48046875,115.0234375,75.71875,328.33984375,338.35546875,295.18359375,0.0,0.0,0.22265625,56.82391357421875
none,4,1124,1.0,0.0,1.0,1.0,1.0,1.0,14.73828125,129.2578125,131.7109375,116.11328125,74.1953125,329.69140625,338.890625,297.30859375,0.0,0.0,0.2109375,56.96223068237305
none,4,1125,1.0,0.0,1.0,1.0,1.0,1.0,15.01953125,129.140625,132.3828125,116.11328125,75.01953125,328.15234375,340.76171875,297.83203125,0.0,0.0,0.19140625,56.92120361328125
none,4,1126,1.0,0.0,1.0,1.0,1.0,1.0,14.94921875,129.109375,131.55078125,115.32421875,74.609375,330.5859375,338.6875,296.20703125,0.0,0.0,0.20703125,56.882469177246094
none,4,1127,1.0,0.0,1.0,1.0,1.0,1.0,15.0546875,128.60546875,131.4140625,115.98046875,76.59375,327.48046875,337.4765625,298.99609375,0.0,0.0,0.203125,56.683135986328125
none,4,1128,1.0,0.0,1.0,1.0,1.0,1.0,14.77734375,128.81640625,129.98828125,115.796875,74.921875,328.53125,335.41015625,297.40625,0.0,0.0,0.23046875,56.53800964355469
none,4,1129,1.0,0.0,1.0,1.0,1.0,1.0,14.74609375,129.578125,130.953125,116.09765625,74.41796875,328.87890625,339.55078125,298.7890625,0.0,0.0,0.1953125,56.87528991699219
none,4,1130,1.0,0.0,1.0,1.0,1.0,1.0,15.1328125,128.6953125,131.16015625,114.85546875,75.8515625,327.46875,337.91796875,295.2265625,0.0,0.0,0.21875,56.808319091796875
none,4,1131,1.0,0.0,1.0,1.0,1.0,1.0,14.33984375,129.140625,131.375,116.5234375,73.51171875,329.0078125,337.62109375,299.49609375,0.0,0.0,0.2421875,57.17109680175781
none,4,1132,1.0,0.0,1.0,1.0,1.0,1.0,14.8125,128.875,132.34765625,116.65625,75.03125,326.9140625,340.7578125,299.53125,0.0,0.0,0.19921875,57.08429718017578
none,4,1133,1.0,0.0,1.0,1.0,1.0,1.0,14.78125,128.88671875,131.83203125,115.5078125,73.91796875,328.41796875,340.67578125,297.30859375,0.0,0.0,0.1640625,56.9769401550293
none,4,1134,1.0,0.0,1.0,1.0,1.0,1.0,14.30859375,129.50390625,131.61328125,115.77734375,73.0,330.45703125,340.37109375,296.25390625,0.0,0.0,0.23046875,57.156707763671875
none,4,1135,1.0,0.0,1.0,1.0,1.0,1.0,15.13671875,129.33984375,132.53515625,115.609375,76.08203125,328.10546875,341.2578125,296.984375,0.0,0.0,0.1796875,57.156898498535156
none,4,1136,1.0,0.0,1.0,1.0,1.0,1.0,14.42578125,130.08984375,132.0859375,116.23828125,73.19921875,331.74609375,340.21484375,298.375,0.0,0.0,0.26171875,57.3790283203125
none,4,1137,1.0,0.0,1.0,1.0,1.0,1.0,14.5546875,128.98828125,133.390625,115.140625,73.81640625,328.87890625,346.12890625,296.8203125,0.0,0.0,0.1953125,57.180458068847656
none,4,1138,1.0,0.0,1.0,1.0,1.0,1.0,14.59765625,129.9765625,132.109375,115.0859375,74.5625,329.6640625,340.2890625,294.71484375,0.0,0.0,0.19140625,57.2318115234375
none,4,1139,1.0,0.0,1.0,1.0,1.0,1.0,14.6796875,130.0859375,132.5703125,115.9296875,73.3046875,329.91796875,342.2265625,297.01953125,0.0,0.0,0.2265625,57.478553771972656
none,4,1140,1.0,0.0,1.0,1.0,1.0,1.0,15.01953125,130.859375,132.34375,115.24609375,75.33203125,331.52734375,341.75,296.0859375,0.0,0.0,0.15234375,57.30164337158203
none,4,1141,1.0,0.0,1.0,1.0,1.0,1.0,14.84375,130.1171875,132.00390625,115.4921875,75.12109375,329.01171875,340.17578125,295.93359375,0.0,0.0,0.17578125,57.378929138183594
none,4,1142,1.0,0.0,1.0,1.0,1.0,1.0,14.5,129.46484375,132.59765625,117.5546875,75.8359375,328.16015625,339.75390625,299.96484375,0.0,0.0,0.19921875,57.539466857910156
none,4,1143,1.0,0.0,1.0,1.0,1.0,1.0,14.8984375,129.2890625,132.7109375,115.9296875,74.4453125,329.24609375,340.84765625,296.07421875,0.0,0.0,0.1796875,57.28997039794922
none,4,1144,1.0,0.0,1.0,1.0,1.0,1.0,14.59765625,129.82421875,132.00390625,115.5,74.41796875,331.484375,338.9453125,295.953125,0.0,0.0,0.1796875,57.05517578125
none,4,1145,1.0,0.0,1.0,1.0,1.0,1.0,14.7734375,130.46484375,131.9921875,117.68359375,76.13671875,332.03515625,338.4453125,302.12890625,0.0,0.0,0.1953125,57.694419860839844
none,4,1146,1.0,0.0,1.0,1.0,1.0,1.0,14.52734375,129.22265625,131.88671875,117.09375,73.796875,328.12109375,339.83984375,300.66015625,0.0,0.0,0.2265625,57.26899719238281
none,4,1147,1.0,0.0,1.0,1.0,1.0,1.0,14.78515625,130.921875,131.9375,117.078125,75.0390625,331.6640625,337.8828125,299.71484375,0.0,0.0,0.16796875,57.60816192626953
none,4,1148,1.0,0.0,1.0,1.0,1.0,1.0,14.8046875,128.9765625,133.03515625,115.81640625,73.921875,325.8359375,340.96875,295.3125,0.0,0.0,0.24609375,56.95432662963867
none,4,1149,1.0,0.0,1.0,1.0,1.0,1.0,15.35546875,129.46484375,134.0703125,116.6328125,75.62890625,326.46484375,342.34375,297.72265625,0.0,0.0,0.19140625,57.58762741088867
none,4,1150,1.0,0.0,1.0,1.0,1.0,1.0,14.50390625,130.12890625,132.95703125,118.1015625,73.69140625,328.609375,339.26171875,300.02734375,0.0,0.0,0.17578125,57.942100524902344
none,4,1151,1.0,0.0,1.0,1.0,1.0,1.0,14.76953125,130.15234375,132.05859375,117.26171875,75.04296875,330.1796875,339.03125,298.44140625,0.0,0.0,0.19921875,57.45869064331055
none,4,1152,1.0,0.0,1.0,1.0,1.0,1.0,14.73046875,131.19140625,133.2265625,117.1640625,75.296875,331.87890625,340.45703125,298.515625,0.0,0.0,0.20703125,58.01939010620117
none,4,1153,1.0,0.0,1.0,1.0,1.0,1.0,15.01953125,131.08203125,133.75,116.7265625,75.58984375,333.5234375,341.59765625,295.06640625,0.0,0.0,0.22265625,57.9976806640625
none,4,1154,1.0,0.0,1.0,1.0,1.0,1.0,15.18359375,130.0859375,133.015625,117.76953125,75.75390625,329.8984375,340.25,299.39453125,0.0,0.0,0.16015625,57.77276611328125
none,4,1155,1.0,0.0,1.0,1.0,1.0,1.0,15.14453125,131.87109375,132.90234375,114.453125,76.42578125,334.1484375,339.5859375,291.34375,0.0,0.0,0.14453125,57.43012619018555
none,4,1156,1.0,0.0,1.0,1.0,1.0,1.0,14.87109375,131.16796875,133.51953125,117.61328125,74.62109375,331.1796875,342.6171875,299.29296875,0.0,0.0,0.18359375,58.316131591796875
none,4,1157,1.0,0.0,1.0,1.0,1.0,1.0,14.2734375,132.54296875,132.54296875,117.27734375,74.15234375,334.64453125,339.265625,298.734375,0.0,0.0,0.17578125,58.070472717285156
none,4,1158,1.0,0.0,1.0,1.0,1.0,1.0,14.46875,130.83203125,130.828125,117.53515625,75.453125,330.015625,334.88671875,299.453125,0.0,0.0,0.20703125,57.448486328125
none,4,1159,1.0,0.0,1.0,1.0,1.0,1.0,15.125,131.0078125,132.2890625,117.10546875,76.3125,331.15234375,337.94140625,297.28515625,0.0,0.0,0.1875,57.62041473388672
none,4,1160,1.0,0.0,1.0,1.0,1.0,1.0,14.37890625,131.01171875,133.2421875,117.640625,73.09765625,331.39453125,341.2734375,299.859375,0.0,0.0,0.19140625,58.06867980957031
none,4,1161,1.0,0.0,1.0,1.0,1.0,1.0,14.8359375,131.76953125,133.15234375,117.3125,73.90234375,332.609375,339.0,298.7890625,0.0,0.0,0.16796875,58.05615234375
none,4,1162,1.0,0.0,1.0,1.0,1.0,1.0,15.26171875,131.6875,132.96484375,117.24609375,77.390625,331.70703125,338.16015625,296.59375,0.0,0.0,0.203125,57.936180114746094
none,4,1163,1.0,0.0,1.0,1.0,1.0,1.0,14.8359375,131.84375,133.8125,116.0078125,74.796875,331.640625,339.80859375,294.53125,0.0,0.0,0.15234375,58.157127380371094
none,4,1164,1.0,0.0,1.0,1.0,1.0,1.0,15.1953125,131.48046875,133.8828125,115.453125,77.015625,331.9375,341.23046875,292.65234375,0.0,0.0,0.13671875,57.75089645385742
none,4,1165,1.0,0.0,1.0,1.0,1.0,1.0,14.8515625,128.91796875,133.82421875,117.37890625,76.79296875,325.4609375,342.30859375,299.16796875,0.0,0.0,0.1875,57.604000091552734
none,4,1166,1.0,0.0,1.0,1.0,1.0,1.0,15.203125,130.63671875,133.859375,117.5390625,75.8125,328.70703125,340.3984375,299.515625,0.0,0.0,0.171875,58.089752197265625
none,4,1167,1.0,0.0,1.0,1.0,1.0,1.0,14.3828125,132.02734375,134.09375,116.8203125,74.32421875,331.9375,341.30859375,295.515625,0.0,0.0,0.22265625,58.12712860107422
none,4,1168,1.0,0.0,1.0,1.0,1.0,1.0,14.6796875,131.25,134.02734375,118.0859375,75.734375,332.671875,341.75390625,301.33203125,0.0,0.0,0.171875,58.336849212646484
none,4,1169,1.0,0.0,1.0,1.0,1.0,1.0,14.6640625,132.44140625,133.61328125,118.6640625,75.05859375,333.3359375,339.8828125,301.9453125,0.0,0.0,0.19140625,58.57310104370117
none,4,1170,1.0,0.0,1.0,1.0,1.0,1.0,13.41796875,132.83203125,132.015625,118.66015625,72.16015625,334.390625,336.7421875,301.16015625,0.0,0.0,0.18359375,58.21770477294922
none,4,1171,1.0,0.0,1.0,1.0,1.0,1.0,14.4765625,131.28515625,134.01953125,117.5390625,75.1953125,331.15234375,340.7578125,298.44921875,0.0,0.0,0.1953125,58.268856048583984
none,4,1172,1.0,0.0,1.0,1.0,1.0,1.0,14.84375,132.95703125,132.7734375,116.93359375,75.51953125,333.39453125,339.3984375,296.078125,0.0,0.0,0.19921875,58.08507537841797
none,4,1173,1.0,0.0,1.0,1.0,1.0,1.0,14.62890625,133.12890625,134.00390625,115.71875,73.9140625,336.42578125,342.10546875,294.4453125,0.0,0.0,0.1640625,58.220542907714844
none,4,1174,1.0,0.0,1.0,1.0,1.0,1.0,14.5234375,132.3046875,135.0390625,117.328125,74.99609375,332.9609375,343.75390625,298.30859375,0.0,0.0,0.1875,58.583221435546875
none,4,1175,1.0,0.0,1.0,1.0,1.0,1.0,14.80078125,131.1640625,132.94140625,118.0546875,75.73828125,331.36328125,340.05078125,300.171875,0.0,0.0,0.22265625,58.01969909667969
none,4,1176,1.0,0.0,1.0,1.0,1.0,1.0,14.8671875,132.46484375,135.2578125,117.3125,76.86328125,332.6640625,343.97265625,297.421875,0.0,0.0,0.20703125,58.52647018432617
none,4,1177,1.0,0.0,1.0,1.0,1.0,1.0,15.109375,131.73828125,133.26953125,118.765625,77.0,331.87109375,338.7890625,301.59765625,0.0,0.0,0.17578125,58.274192810058594
none,4,1178,1.0,0.0,1.0,1.0,1.0,1.0,14.609375,132.96484375,134.50390625,116.30859375,76.828125,334.1484375,342.59375,295.32421875,0.0,0.0,0.18359375,58.29661178588867
none,4,1179,1.0,0.0,1.0,1.0,1.0,1.0,15.19140625,132.32421875,134.88671875,117.07421875,77.63671875,333.078125,342.83984375,297.5,0.0,0.0,0.1640625,58.60850143432617
none,4,1180,1.0,0.0,1.0,1.0,1.0,1.0,15.0546875,131.65234375,134.2109375,117.9140625,76.5078125,329.375,341.9140625,300.08203125,0.0,0.0,0.171875,58.24505615234375
none,4,1181,1.0,0.0,1.0,1.0,1.0,1.0,15.27734375,132.4375,134.9921875,117.640625,76.8359375,331.92578125,342.8359375,297.63671875,0.0,0.0,0.13671875,58.59358215332031
none,4,1182,1.0,0.0,1.0,1.0,1.0,1.0,15.0078125,133.60546875,133.640625,117.40625,77.51171875,336.02734375,339.19140625,297.515625,0.0,0.0,0.140625,58.667144775390625
none,4,1183,1.0,0.0,1.0,1.0,1.0,1.0,14.515625,132.84765625,133.83984375,117.97265625,76.2734375,333.78515625,340.01953125,296.82421875,0.0,0.0,0.16015625,58.65916442871094
none,4,1184,1.0,0.0,1.0,1.0,1.0,1.0,14.3984375,132.2265625,134.51953125,118.37109375,75.68359375,331.46484375,341.48046875,300.4296875,0.0,0.0,0.14453125,58.607933044433594
none,4,1185,1.0,0.0,1.0,1.0,1.0,1.0,14.85546875,131.47265625,134.6328125,119.03125,75.27734375,329.89453125,341.80859375,300.91015625,0.0,0.0,0.1484375,58.460914611816406
none,4,1186,1.0,0.0,1.0,1.0,1.0,1.0,14.51953125,133.38671875,134.26953125,118.3671875,75.62109375,334.57421875,341.1640625,299.92578125,0.0,0.0,0.1875,58.61661911010742
none,4,1187,1.0,0.0,1.0,1.0,1.0,1.0,14.52734375,132.05078125,133.0625,119.421875,75.9765625,333.37109375,337.2109375,302.35546875,0.0,0.0,0.2109375,58.481414794921875
none,4,1188,1.0,0.0,1.0,1.0,1.0,1.0,14.46875,131.5390625,134.51171875,119.6328125,76.51171875,331.91796875,341.4140625,303.953125,0.0,0.0,0.1796875,58.710479736328125
none,4,1189,1.0,0.0,1.0,1.0,1.0,1.0,14.8203125,131.8671875,134.47265625,118.27734375,76.50390625,331.14453125,342.62109375,300.23046875,0.0,0.0,0.17578125,58.630123138427734
none,4,1190,1.0,0.0,1.0,1.0,1.0,1.0,14.765625,131.5546875,135.5078125,120.58203125,75.1328125,329.96875,343.76171875,306.7265625,0.0,0.0,0.18359375,59.02631378173828
none,4,1191,1.0,0.0,1.0,1.0,1.0,1.0,14.6875,130.609375,134.13671875,120.4609375,76.11328125,328.71875,342.12890625,305.01953125,0.0,0.0,0.22265625,58.585289001464844
none,4,1192,1.0,0.0,1.0,1.0,1.0,1.0,14.84765625,130.4609375,134.59375,119.82421875,76.5,326.58984375,343.57421875,303.48046875,0.0,0.0,0.15625,58.55525207519531
none,4,1193,1.0,0.0,1.0,1.0,1.0,1.0,14.5859375,131.453125,135.87109375,121.19140625,76.7890625,329.82421875,344.56640625,306.15625,0.0,0.0,0.25,59.2489013671875
none,4,1194,1.0,0.0,1.0,1.0,1.0,1.0,14.56640625,132.53125,133.90234375,120.19140625,75.62890625,332.58984375,339.81640625,304.09765625,0.0,0.0,0.17578125,58.906219482421875
none,4,1195,1.0,0.0,1.0,1.0,1.0,1.0,14.56640625,133.5546875,135.49609375,118.27734375,75.72265625,335.1015625,344.140625,299.87890625,0.0,0.0,0.203125,59.02685546875
none,4,1196,1.0,0.0,1.0,1.0,1.0,1.0,15.1015625,133.02734375,133.46875,119.8671875,78.32421875,332.515625,337.546875,301.88671875,0.0,0.0,0.14453125,58.94330596923828
none,4,1197,1.0,0.0,1.0,1.0,1.0,1.0,15.296875,131.65625,135.046875,120.171875,78.01953125,328.9375,341.1484375,304.56640625,0.0,0.0,0.16796875,59.0112419128418
none,4,1198,1.0,0.0,1.0,1.0,1.0,1.0,14.81640625,132.8359375,133.84765625,119.8046875,77.7265625,332.0859375,340.49609375,302.9765625,0.0,0.0,0.1640625,58.967559814453125
none,4,1199,1.0,0.0,1.0,1.0,1.0,1.0,15.6953125,132.33984375,133.70703125,119.82421875,79.4921875,329.2421875,338.56640625,303.44921875,0.0,0.0,0.16015625,58.90117645263672
