condition,seed,update,enforce,freeze,bonus_on,removal_on,hazard_on,coord_on,eat0,eat1,eat2,eat3,enc0,enc1,enc2,enc3,selectivity,prevalence,zaps,ret
none,0,0,1.0,0.0,1.0,1.0,1.0,1.0,24.41015625,26.48828125,24.15234375,24.0859375,196.7578125,205.01953125,188.98828125,193.81640625,0.0,0.0,17.73046875,10.136117935180664
none,0,1,1.0,0.0,1.0,1.0,1.0,1.0,24.87109375,25.921875,25.09375,24.36328125,196.859375,200.859375,193.24609375,188.0625,0.0,0.0,17.73828125,10.338799476623535
none,0,2,1.0,0.0,1.0,1.0,1.0,1.0,25.1875,26.76953125,25.92578125,24.45703125,191.55078125,207.84375,198.21484375,187.13671875,0.0,0.0,17.80078125,10.707509994506836
none,0,3,1.0,0.0,1.0,1.0,1.0,1.0,25.41015625,26.39453125,26.953125,26.23046875,188.45703125,197.828125,198.80859375,197.51953125,0.0,0.0,17.23046875,11.5763578414917
none,0,4,1.0,0.0,1.0,1.0,1.0,1.0,25.046875,26.734375,27.31640625,25.953125,177.27734375,194.23046875,198.44140625,193.640625,0.0,0.0,16.98828125,11.880636215209961
none,0,5,1.0,0.0,1.0,1.0,1.0,1.0,24.84765625,28.0625,27.5625,26.92578125,173.57421875,197.08203125,194.265625,194.96484375,0.0,0.0,16.9140625,12.719904899597168
none,0,6,1.0,0.0,1.0,1.0,1.0,1.0,25.1171875,27.765625,28.25,28.41015625,170.66015625,186.27734375,189.1484375,198.1953125,0.0,0.0,16.61328125,13.320045471191406
none,0,7,1.0,0.0,1.0,1.0,1.0,1.0,24.95703125,28.984375,28.3984375,29.91796875,164.29296875,188.41796875,185.13671875,200.9140625,0.0,0.0,16.65234375,14.110698699951172
none,0,8,1.0,0.0,1.0,1.0,1.0,1.0,24.8359375,29.07421875,29.75390625,30.85546875,155.0234375,179.86328125,181.04296875,198.8828125,0.0,0.0,16.38671875,15.028608322143555
none,0,9,1.0,0.0,1.0,1.0,1.0,1.0,26.0,30.64453125,30.51171875,32.44921875,152.00390625,182.2734375,178.359375,195.35546875,0.0,0.0,15.44140625,16.225833892822266
none,0,10,1.0,0.0,1.0,1.0,1.0,1.0,26.45703125,30.98046875,31.15234375,34.2421875,151.3515625,168.69140625,172.54296875,194.9765625,0.0,0.0,15.2890625,17.055143356323242
none,0,11,1.0,0.0,1.0,1.0,1.0,1.0,26.234375,33.25390625,31.66796875,35.14453125,139.9921875,170.21484375,167.9609375,190.3046875,0.0,0.0,15.2890625,18.159286499023438
none,0,12,1.0,0.0,1.0,1.0,1.0,1.0,27.640625,33.83203125,33.234375,36.42578125,140.30859375,164.2265625,163.5859375,184.109375,0.0,0.0,15.11328125,19.43465232849121
none,0,13,1.0,0.0,1.0,1.0,1.0,1.0,28.31640625,34.828125,33.80078125,36.5234375,135.7890625,157.52734375,155.44140625,177.3984375,0.0,0.0,14.67578125,19.814682006835938
none,0,14,1.0,0.0,1.0,1.0,1.0,1.0,28.421875,36.1484375,35.484375,37.890625,127.30078125,155.64453125,156.078125,170.71875,0.0,0.0,14.25390625,21.37567138671875
none,0,15,1.0,0.0,1.0,1.0,1.0,1.0,29.06640625,37.59375,34.52734375,38.55078125,124.23828125,152.43359375,145.08984375,166.68359375,0.0,0.0,13.8046875,21.597158432006836
none,0,16,1.0,0.0,1.0,1.0,1.0,1.0,30.41015625,38.3515625,35.41796875,39.4765625,125.03515625,149.296875,140.8671875,160.76953125,0.0,0.0,13.48046875,22.384429931640625
none,0,17,1.0,0.0,1.0,1.0,1.0,1.0,30.4921875,38.3203125,36.87109375,41.2578125,120.45703125,143.171875,139.3359375,161.87109375,0.0,0.0,13.1015625,23.780757904052734
none,0,18,1.0,0.0,1.0,1.0,1.0,1.0,31.06640625,40.1640625,37.70703125,41.015625,117.14453125,143.23828125,138.4765625,156.4140625,0.0,0.0,12.78515625,24.741329193115234
none,0,19,1.0,0.0,1.0,1.0,1.0,1.0,30.98046875,39.4296875,37.97265625,41.7890625,114.3203125,137.234375,135.6875,153.125,0.0,0.0,12.88671875,24.79153823852539
none,0,20,1.0,0.0,1.0,1.0,1.0,1.0,32.70703125,40.078125,37.62890625,43.74609375,118.8125,138.27734375,130.05078125,156.03515625,0.0,0.0,12.4375,25.465919494628906
none,0,21,1.0,0.0,1.0,1.0,1.0,1.0,31.75,40.48046875,38.9453125,43.9140625,113.9375,134.8515625,131.2890625,154.51953125,0.0,0.0,12.11328125,26.284149169921875
none,0,22,1.0,0.0,1.0,1.0,1.0,1.0,32.83203125,41.03515625,38.921875,44.875,115.2421875,135.66015625,129.71875,154.41796875,0.0,0.0,11.90234375,26.832103729248047
none,0,23,1.0,0.0,1.0,1.0,1.0,1.0,33.23046875,41.09375,38.359375,44.9765625,115.73046875,135.6796875,126.58203125,151.17578125,0.0,0.0,11.7890625,26.76642417907715
none,0,24,1.0,0.0,1.0,1.0,1.0,1.0,34.70703125,40.53125,39.73828125,45.66796875,120.4375,133.234375,129.57421875,154.19140625,0.0,0.0,10.890625,27.203327178955078
none,0,25,1.0,0.0,1.0,1.0,1.0,1.0,33.640625,41.91015625,40.58203125,46.22265625,117.0546875,137.0078125,132.1484375,153.796875,0.0,0.0,10.890625,28.072643280029297
none,0,26,1.0,0.0,1.0,1.0,1.0,1.0,34.453125,42.87890625,41.08984375,47.08984375,120.265625,139.8203125,134.7734375,157.57421875,0.0,0.0,10.52734375,29.136459350585938
none,0,27,1.0,0.0,1.0,1.0,1.0,1.0,35.09765625,42.69921875,41.375,49.0859375,122.16796875,140.69921875,134.18359375,163.81640625,0.0,0.0,9.91796875,29.896881103515625
none,0,28,1.0,0.0,1.0,1.0,1.0,1.0,35.625,41.796875,42.04296875,49.44140625,124.33984375,139.17578125,138.36328125,164.33984375,0.0,0.0,9.87109375,29.92660903930664
none,0,29,1.0,0.0,1.0,1.0,1.0,1.0,34.93359375,42.16796875,42.3671875,48.46875,123.48828125,140.56640625,139.84375,162.578125,0.0,0.0,9.35546875,29.807043075561523
none,0,30,1.0,0.0,1.0,1.0,1.0,1.0,36.26171875,41.6796875,42.6484375,50.7578125,127.921875,138.74609375,140.71875,168.8125,0.0,0.0,9.3203125,30.79153823852539
none,0,31,1.0,0.0,1.0,1.0,1.0,1.0,36.7265625,42.171875,42.61328125,49.40234375,129.00390625,140.39453125,141.3671875,166.375,0.0,0.0,9.44921875,30.409862518310547
none,0,32,1.0,0.0,1.0,1.0,1.0,1.0,37.70703125,41.578125,43.265625,50.71484375,131.75,138.28515625,142.05859375,167.73046875,0.0,0.0,8.5703125,30.9920654296875
none,0,33,1.0,0.0,1.0,1.0,1.0,1.0,38.23828125,43.53515625,43.98046875,49.09765625,132.40234375,144.41015625,145.73828125,164.08203125,0.0,0.0,8.296875,31.145618438720703
none,0,34,1.0,0.0,1.0,1.0,1.0,1.0,38.07421875,43.890625,44.40625,48.80078125,131.71484375,145.3828125,144.1015625,161.85546875,0.0,0.0,7.94921875,31.792797088623047
none,0,35,1.0,0.0,1.0,1.0,1.0,1.0,39.3984375,43.73828125,44.265625,51.0078125,136.17578125,144.86328125,142.97265625,168.00390625,0.0,0.0,7.4921875,32.56368637084961
none,0,36,1.0,0.0,1.0,1.0,1.0,1.0,39.234375,46.1640625,44.81640625,48.26171875,134.3359375,153.36328125,145.234375,159.640625,0.0,0.0,7.265625,32.37514877319336
none,0,37,1.0,0.0,1.0,1.0,1.0,1.0,38.890625,47.96875,43.8203125,48.26171875,135.35546875,157.58203125,142.0546875,158.94921875,0.0,0.0,6.69140625,32.89362716674805
none,0,38,1.0,0.0,1.0,1.0,1.0,1.0,38.90234375,47.0546875,45.21484375,49.4453125,134.02734375,154.31640625,145.140625,163.640625,0.0,0.0,6.72265625,33.66291809082031
none,0,39,1.0,0.0,1.0,1.0,1.0,1.0,38.1171875,48.17578125,45.2578125,48.93359375,129.12109375,155.609375,144.6640625,159.8046875,0.0,0.0,6.6640625,33.53984069824219
none,0,40,1.0,0.0,1.0,1.0,1.0,1.0,38.83984375,47.765625,44.87109375,49.83984375,131.578125,154.2421875,143.1875,161.40234375,0.0,0.0,6.82421875,33.462310791015625
none,0,41,1.0,0.0,1.0,1.0,1.0,1.0,37.92578125,49.94140625,45.16015625,49.9140625,128.3515625,160.53125,143.87109375,161.015625,0.0,0.0,6.5625,35.07245635986328
none,0,42,1.0,0.0,1.0,1.0,1.0,1.0,38.2578125,49.87890625,45.31640625,49.62890625,131.51953125,161.33984375,143.703125,159.66796875,0.0,0.0,6.28125,34.719947814941406
none,0,43,1.0,0.0,1.0,1.0,1.0,1.0,38.6171875,49.640625,46.8046875,48.6640625,131.54296875,161.1328125,148.2421875,157.4140625,0.0,0.0,6.2421875,34.58123779296875
none,0,44,1.0,0.0,1.0,1.0,1.0,1.0,39.7890625,49.4765625,46.359375,49.84765625,137.05859375,160.2890625,145.24609375,160.88671875,0.0,0.0,6.140625,34.342041015625
none,0,45,1.0,0.0,1.0,1.0,1.0,1.0,38.390625,51.46875,45.98828125,49.1328125,131.21875,167.04296875,144.109375,158.19140625,0.0,0.0,6.03125,35.67258834838867
none,0,46,1.0,0.0,1.0,1.0,1.0,1.0,38.546875,50.46484375,46.234375,49.59765625,134.66796875,163.2265625,146.1640625,160.09765625,0.0,0.0,5.7890625,35.09712219238281
none,0,47,1.0,0.0,1.0,1.0,1.0,1.0,38.6640625,49.6015625,45.26953125,49.80859375,133.0703125,162.078125,143.26953125,159.1796875,0.0,0.0,5.74609375,34.530975341796875
none,0,48,1.0,0.0,1.0,1.0,1.0,1.0,38.8125,48.9921875,46.0859375,50.03125,133.89453125,158.94140625,146.265625,164.0859375,0.0,0.0,5.73046875,35.21240234375
none,0,49,1.0,0.0,1.0,1.0,1.0,1.0,36.58203125,49.546875,46.75,50.8984375,126.953125,161.40625,147.4296875,164.0859375,0.0,0.0,5.48046875,35.56654357910156
none,0,50,1.0,0.0,1.0,1.0,1.0,1.0,36.0546875,49.29296875,45.74609375,49.42578125,126.33984375,159.578125,144.54296875,159.83203125,0.0,0.0,5.6171875,35.13096618652344
none,0,51,1.0,0.0,1.0,1.0,1.0,1.0,35.48046875,49.921875,45.58203125,49.953125,123.39453125,163.65625,144.61328125,161.59765625,0.0,0.0,5.73046875,35.52228546142578
none,0,52,1.0,0.0,1.0,1.0,1.0,1.0,35.125,50.49609375,45.4453125,50.9296875,121.140625,163.2578125,144.14453125,163.7109375,0.0,0.0,5.5234375,35.95964050292969
none,0,53,1.0,0.0,1.0,1.0,1.0,1.0,35.33984375,51.78515625,44.65625,49.9375,120.89453125,167.1171875,141.00390625,161.00390625,0.0,0.0,5.61328125,35.81562805175781
none,0,54,1.0,0.0,1.0,1.0,1.0,1.0,34.3828125,54.3125,45.5859375,47.73828125,118.40625,174.546875,144.48046875,154.41015625,0.0,0.0,5.4765625,36.28901290893555
none,0,55,1.0,0.0,1.0,1.0,1.0,1.0,32.8046875,53.484375,45.52734375,47.7890625,113.0234375,170.33984375,143.84765625,154.14453125,0.0,0.0,5.48828125,36.01713180541992
none,0,56,1.0,0.0,1.0,1.0,1.0,1.0,34.41015625,54.0,45.328125,46.68359375,118.66015625,171.4375,142.13671875,150.6953125,0.0,0.0,5.20703125,35.79351806640625
none,0,57,1.0,0.0,1.0,1.0,1.0,1.0,33.20703125,55.4296875,45.93359375,46.78515625,114.953125,177.69921875,144.55859375,149.1171875,0.0,0.0,5.34375,36.883235931396484
none,0,58,1.0,0.0,1.0,1.0,1.0,1.0,33.1640625,55.13671875,45.9921875,47.15234375,115.35546875,176.671875,143.97265625,150.26171875,0.0,0.0,5.203125,36.39422607421875
none,0,59,1.0,0.0,1.0,1.0,1.0,1.0,33.55078125,53.66015625,45.3671875,48.5390625,115.50390625,171.11328125,140.8984375,156.94921875,0.0,0.0,5.1015625,36.30580139160156
none,0,60,1.0,0.0,1.0,1.0,1.0,1.0,33.23828125,51.734375,46.296875,49.6953125,114.890625,165.01171875,145.34765625,160.984375,0.0,0.0,5.04296875,36.644649505615234
none,0,61,1.0,0.0,1.0,1.0,1.0,1.0,32.8671875,51.08203125,45.66015625,49.63671875,112.68359375,163.2109375,141.8671875,160.34765625,0.0,0.0,4.98828125,35.88810729980469
none,0,62,1.0,0.0,1.0,1.0,1.0,1.0,34.08984375,50.76171875,45.44140625,49.8828125,116.25390625,162.02734375,141.72265625,162.5390625,0.0,0.0,4.97265625,36.19904327392578
none,0,63,1.0,0.0,1.0,1.0,1.0,1.0,33.45703125,49.81640625,45.6953125,49.62890625,114.765625,156.74609375,141.21484375,161.55859375,0.0,0.0,4.9140625,35.73092269897461
none,0,64,1.0,0.0,1.0,1.0,1.0,1.0,33.58203125,49.24609375,46.80859375,50.99609375,115.99609375,153.8671875,145.9140625,165.2109375,0.0,0.0,4.80859375,36.551239013671875
none,0,65,1.0,0.0,1.0,1.0,1.0,1.0,32.75390625,50.15234375,46.453125,49.7109375,112.58203125,158.6640625,144.390625,161.33984375,0.0,0.0,5.0625,36.371925354003906
none,0,66,1.0,0.0,1.0,1.0,1.0,1.0,31.6171875,51.19140625,45.68359375,50.92578125,109.40625,161.140625,144.09765625,165.46875,0.0,0.0,4.82421875,36.921966552734375
none,0,67,1.0,0.0,1.0,1.0,1.0,1.0,32.609375,51.91796875,45.27734375,51.9375,113.08203125,162.8828125,141.3515625,167.984375,0.0,0.0,4.5703125,37.071861267089844
none,0,68,1.0,0.0,1.0,1.0,1.0,1.0,32.31640625,52.2421875,44.55859375,51.20703125,113.36328125,162.859375,137.89453125,165.25390625,0.0,0.0,4.2578125,37.058189392089844
none,0,69,1.0,0.0,1.0,1.0,1.0,1.0,33.6796875,52.37890625,46.12890625,51.15625,117.33203125,163.296875,143.66015625,165.265625,0.0,0.0,4.375,37.44286346435547
none,0,70,1.0,0.0,1.0,1.0,1.0,1.0,32.9765625,55.25390625,44.96875,49.7109375,115.828125,172.26953125,139.2734375,159.19921875,0.0,0.0,4.5078125,37.374114990234375
none,0,71,1.0,0.0,1.0,1.0,1.0,1.0,33.37890625,54.08984375,44.26953125,49.4765625,116.9296875,170.26171875,137.265625,158.10546875,0.0,0.0,4.3671875,36.85688781738281
none,0,72,1.0,0.0,1.0,1.0,1.0,1.0,32.37109375,54.5703125,44.86328125,49.5078125,116.078125,171.44921875,138.9765625,159.0078125,0.0,0.0,4.09765625,37.49427032470703
none,0,73,1.0,0.0,1.0,1.0,1.0,1.0,33.375,54.04296875,45.79296875,49.73828125,121.15625,169.3828125,141.1875,160.47265625,0.0,0.0,4.3125,37.495704650878906
none,0,74,1.0,0.0,1.0,1.0,1.0,1.0,33.49609375,55.2421875,44.40234375,49.57421875,121.2265625,172.86328125,137.484375,161.453125,0.0,0.0,4.20703125,37.52526092529297
none,0,75,1.0,0.0,1.0,1.0,1.0,1.0,32.953125,52.46484375,45.0625,50.4296875,120.91796875,165.91015625,139.18359375,164.171875,0.0,0.0,4.26171875,36.8204460144043
none,0,76,1.0,0.0,1.0,1.0,1.0,1.0,34.796875,52.6328125,44.73046875,52.68359375,127.43359375,165.63671875,139.46875,174.48046875,0.0,0.0,4.23046875,37.64370346069336
none,0,77,1.0,0.0,1.0,1.0,1.0,1.0,34.3984375,53.28515625,45.3359375,53.29296875,129.0078125,168.46484375,140.078125,175.85546875,0.0,0.0,3.94140625,38.29460525512695
none,0,78,1.0,0.0,1.0,1.0,1.0,1.0,35.31640625,51.81640625,45.96484375,53.36328125,131.9296875,164.8828125,142.34765625,177.3046875,0.0,0.0,3.78125,37.837249755859375
none,0,79,1.0,0.0,1.0,1.0,1.0,1.0,35.140625,52.0078125,47.9921875,54.32421875,130.2890625,164.1171875,148.61328125,179.4453125,0.0,0.0,3.7734375,39.0703125
none,0,80,1.0,0.0,1.0,1.0,1.0,1.0,34.34765625,54.515625,47.05859375,52.94140625,127.01953125,171.57421875,145.08203125,174.62109375,0.0,0.0,3.68359375,39.13360595703125
none,0,81,1.0,0.0,1.0,1.0,1.0,1.0,33.9765625,54.76171875,47.26953125,53.04296875,125.70703125,171.9765625,144.0078125,171.0,0.0,0.0,3.859375,39.392601013183594
none,0,82,1.0,0.0,1.0,1.0,1.0,1.0,34.50390625,51.97265625,47.2734375,53.234375,124.515625,162.3203125,143.4296875,170.60546875,0.0,0.0,3.63671875,38.67376708984375
none,0,83,1.0,0.0,1.0,1.0,1.0,1.0,33.33203125,54.01953125,47.2421875,52.453125,119.55859375,168.375,143.74609375,167.97265625,0.0,0.0,3.76953125,38.852439880371094
none,0,84,1.0,0.0,1.0,1.0,1.0,1.0,33.37109375,53.8671875,46.62890625,52.28125,119.640625,168.609375,141.31640625,165.1328125,0.0,0.0,3.6953125,38.79850769042969
none,0,85,1.0,0.0,1.0,1.0,1.0,1.0,33.40234375,53.62890625,49.29296875,50.8828125,119.13671875,169.80859375,150.8671875,162.22265625,0.0,0.0,3.79296875,39.212432861328125
none,0,86,1.0,0.0,1.0,1.0,1.0,1.0,33.0,54.7109375,48.328125,52.0546875,119.078125,174.16015625,148.8046875,167.47265625,0.0,0.0,3.78125,39.45736312866211
none,0,87,1.0,0.0,1.0,1.0,1.0,1.0,33.15625,55.69140625,48.2890625,50.95703125,121.0078125,176.59375,148.9921875,164.48046875,0.0,0.0,3.86328125,39.43972396850586
none,0,88,1.0,0.0,1.0,1.0,1.0,1.0,33.5,54.3359375,48.546875,51.046875,123.87109375,172.2890625,151.37890625,166.109375,0.0,0.0,4.1015625,38.795021057128906
none,0,89,1.0,0.0,1.0,1.0,1.0,1.0,33.796875,54.77734375,49.1015625,51.18359375,123.1171875,174.36328125,151.97265625,164.82421875,0.0,0.0,3.796875,39.244407653808594
none,0,90,1.0,0.0,1.0,1.0,1.0,1.0,33.5078125,55.1328125,48.453125,51.59765625,123.80078125,176.7421875,151.87890625,168.4296875,0.0,0.0,3.875,39.22285461425781
none,0,91,1.0,0.0,1.0,1.0,1.0,1.0,34.28515625,53.19140625,48.3515625,53.02734375,128.86328125,170.0078125,150.5703125,172.359375,0.0,0.0,3.625,39.44976043701172
none,0,92,1.0,0.0,1.0,1.0,1.0,1.0,33.37109375,52.27734375,48.95703125,52.984375,126.0234375,166.9296875,151.08984375,172.5859375,0.0,0.0,3.70703125,39.16501235961914
none,0,93,1.0,0.0,1.0,1.0,1.0,1.0,34.828125,52.89453125,49.49609375,52.6953125,130.27734375,165.94921875,152.515625,169.75,0.0,0.0,3.625,39.43754196166992
none,0,94,1.0,0.0,1.0,1.0,1.0,1.0,34.4765625,52.0703125,49.75,54.41015625,127.59375,164.3125,152.67578125,174.64453125,0.0,0.0,3.45703125,39.868717193603516
none,0,95,1.0,0.0,1.0,1.0,1.0,1.0,33.64453125,51.234375,49.53125,53.3046875,126.7734375,159.84375,152.890625,170.8203125,0.0,0.0,3.71484375,39.4180908203125
none,0,96,1.0,0.0,1.0,1.0,1.0,1.0,34.93359375,51.00390625,49.58984375,53.45703125,131.37890625,160.7890625,153.09375,170.36328125,0.0,0.0,3.4921875,39.163875579833984
none,0,97,1.0,0.0,1.0,1.0,1.0,1.0,33.28125,51.94921875,50.15625,51.51171875,126.85546875,164.8203125,157.140625,167.05859375,0.0,0.0,3.60546875,38.825252532958984
none,0,98,1.0,0.0,1.0,1.0,1.0,1.0,33.265625,54.30078125,49.59375,50.9609375,128.046875,173.49609375,156.3203125,164.59375,0.0,0.0,3.8515625,39.809303283691406
none,0,99,1.0,0.0,1.0,1.0,1.0,1.0,31.41796875,54.06640625,48.765625,51.35546875,122.92578125,174.1953125,154.421875,166.60546875,0.0,0.0,3.76171875,39.29583740234375
none,0,100,1.0,0.0,1.0,1.0,1.0,1.0,31.7421875,56.2890625,48.48828125,50.87890625,124.36328125,180.2734375,154.62109375,166.62109375,0.0,0.0,3.69140625,39.80479049682617
none,0,101,1.0,0.0,1.0,1.0,1.0,1.0,32.015625,55.46875,49.49609375,50.89453125,125.98046875,177.890625,155.82421875,166.6796875,0.0,0.0,3.44140625,40.06605529785156
none,0,102,1.0,0.0,1.0,1.0,1.0,1.0,31.88671875,57.2890625,49.4140625,50.28515625,123.96875,184.80859375,157.1015625,163.6640625,0.0,0.0,3.375,40.525665283203125
none,0,103,1.0,0.0,1.0,1.0,1.0,1.0,33.625,56.2578125,50.23828125,49.64453125,130.45703125,182.24609375,158.18359375,161.2421875,0.0,0.0,3.1640625,40.22077941894531
none,0,104,1.0,0.0,1.0,1.0,1.0,1.0,32.7890625,57.66015625,49.32421875,50.42578125,129.71484375,185.13671875,155.703125,164.18359375,0.0,0.0,3.203125,40.56024932861328
none,0,105,1.0,0.0,1.0,1.0,1.0,1.0,34.05859375,55.7109375,50.82421875,51.17578125,134.97265625,178.88671875,158.97265625,164.421875,0.0,0.0,3.14453125,40.44886779785156
none,0,106,1.0,0.0,1.0,1.0,1.0,1.0,35.02734375,56.58984375,52.21484375,49.44921875,137.5,180.390625,161.79296875,159.359375,0.0,0.0,3.18359375,40.80018615722656
none,0,107,1.0,0.0,1.0,1.0,1.0,1.0,34.66796875,54.22265625,51.45703125,52.06640625,137.69921875,173.25390625,160.98828125,166.65625,0.0,0.0,3.12890625,40.63862991333008
none,0,108,1.0,0.0,1.0,1.0,1.0,1.0,35.65234375,54.14453125,51.84375,52.4296875,142.59375,171.37109375,161.6640625,169.25,0.0,0.0,3.10546875,40.776084899902344
none,0,109,1.0,0.0,1.0,1.0,1.0,1.0,36.78125,54.8515625,51.70703125,52.578125,146.0859375,172.44921875,159.671875,169.8671875,0.0,0.0,2.97265625,41.074066162109375
none,0,110,1.0,0.0,1.0,1.0,1.0,1.0,35.56640625,55.1171875,52.7421875,52.6171875,141.01953125,172.45703125,162.5234375,170.37890625,0.0,0.0,3.078125,41.65913391113281
none,0,111,1.0,0.0,1.0,1.0,1.0,1.0,36.90234375,53.89453125,52.1328125,53.95703125,146.1796875,168.04296875,159.18359375,173.49609375,0.0,0.0,3.08203125,41.46022033691406
none,0,112,1.0,0.0,1.0,1.0,1.0,1.0,35.60546875,55.66796875,52.55078125,53.33203125,142.46875,172.3203125,159.9921875,171.52734375,0.0,0.0,3.1640625,41.97533416748047
none,0,113,1.0,0.0,1.0,1.0,1.0,1.0,35.828125,54.8984375,52.3125,53.32421875,142.99609375,171.30078125,160.0546875,172.71875,0.0,0.0,2.99609375,41.50957489013672
none,0,114,1.0,0.0,1.0,1.0,1.0,1.0,33.60546875,54.984375,53.2734375,54.47265625,134.640625,172.1953125,162.5859375,175.74609375,0.0,0.0,2.74609375,42.3786506652832
none,0,115,1.0,0.0,1.0,1.0,1.0,1.0,33.56640625,56.6640625,53.5,53.5703125,134.16796875,174.5859375,163.00390625,173.26953125,0.0,0.0,2.90625,42.946754455566406
none,0,116,1.0,0.0,1.0,1.0,1.0,1.0,33.57421875,57.30078125,52.265625,53.234375,132.8359375,175.6484375,158.44140625,172.75390625,0.0,0.0,2.8828125,42.5032958984375
none,0,117,1.0,0.0,1.0,1.0,1.0,1.0,32.84375,56.49609375,52.99609375,54.91796875,133.66796875,172.23828125,161.37890625,180.4609375,0.0,0.0,2.828125,43.41593933105469
none,0,118,1.0,0.0,1.0,1.0,1.0,1.0,33.1015625,57.4609375,51.14453125,53.69140625,135.55078125,176.8046875,157.66015625,175.8515625,0.0,0.0,2.8203125,42.702606201171875
none,0,119,1.0,0.0,1.0,1.0,1.0,1.0,32.9453125,58.78125,50.4140625,53.78515625,134.24609375,182.26171875,156.125,177.86328125,0.0,0.0,2.93359375,42.62069320678711
none,0,120,1.0,0.0,1.0,1.0,1.0,1.0,32.7734375,57.75,50.62109375,53.16015625,134.49609375,180.40234375,157.96484375,178.96484375,0.0,0.0,3.140625,42.123741149902344
none,0,121,1.0,0.0,1.0,1.0,1.0,1.0,32.79296875,57.16015625,52.16796875,52.79296875,134.7734375,180.88671875,163.875,176.64453125,0.0,0.0,2.89453125,42.37358856201172
none,0,122,1.0,0.0,1.0,1.0,1.0,1.0,32.828125,58.296875,51.60546875,53.3046875,135.78125,186.89453125,161.3828125,178.75390625,0.0,0.0,2.8359375,42.60595703125
none,0,123,1.0,0.0,1.0,1.0,1.0,1.0,33.359375,58.578125,53.65625,51.1640625,139.02734375,187.8828125,168.8203125,172.1953125,0.0,0.0,2.88671875,42.25426483154297
none,0,124,1.0,0.0,1.0,1.0,1.0,1.0,32.96875,59.828125,52.515625,50.9921875,135.8203125,192.98046875,165.7578125,172.00390625,0.0,0.0,3.0,42.918601989746094
none,0,125,1.0,0.0,1.0,1.0,1.0,1.0,32.84375,58.91015625,52.34375,50.62109375,136.12109375,192.43359375,165.73046875,169.45703125,0.0,0.0,2.89453125,42.175621032714844
none,0,126,1.0,0.0,1.0,1.0,1.0,1.0,32.33203125,59.39453125,52.484375,49.625,135.6875,192.125,168.65234375,164.0859375,0.0,0.0,2.6640625,42.56829833984375
none,0,127,1.0,0.0,1.0,1.0,1.0,1.0,33.53125,60.01953125,52.640625,50.48046875,140.0390625,193.99609375,166.8515625,166.77734375,0.0,0.0,2.6796875,42.69497299194336
none,0,128,1.0,0.0,1.0,1.0,1.0,1.0,32.609375,59.94921875,52.29296875,50.07421875,136.41015625,195.421875,167.2890625,166.98828125,0.0,0.0,2.94921875,42.511104583740234
none,0,129,1.0,0.0,1.0,1.0,1.0,1.0,32.91015625,58.45703125,52.40625,49.890625,138.8828125,193.01171875,168.40625,166.1796875,0.0,0.0,3.0078125,42.110755920410156
none,0,130,1.0,0.0,1.0,1.0,1.0,1.0,32.95703125,59.5078125,52.47265625,49.640625,138.15234375,194.79296875,166.51171875,164.01171875,0.0,0.0,2.95703125,42.28684616088867
none,0,131,1.0,0.0,1.0,1.0,1.0,1.0,33.3515625,59.1640625,52.296875,49.734375,141.9765625,193.953125,166.0,164.41015625,0.0,0.0,2.86328125,42.05870819091797
none,0,132,1.0,0.0,1.0,1.0,1.0,1.0,34.34375,59.9609375,51.6875,51.234375,143.9453125,195.66015625,163.92578125,168.72265625,0.0,0.0,2.8359375,42.51397705078125
none,0,133,1.0,0.0,1.0,1.0,1.0,1.0,32.55078125,59.14453125,51.234375,50.328125,137.890625,196.20703125,162.15234375,167.2421875,0.0,0.0,3.05078125,42.03675079345703
none,0,134,1.0,0.0,1.0,1.0,1.0,1.0,33.13671875,59.4453125,52.0078125,50.0703125,142.1953125,198.0234375,165.61328125,164.09375,0.0,0.0,3.2265625,42.17669677734375
none,0,135,1.0,0.0,1.0,1.0,1.0,1.0,32.3671875,58.90625,52.828125,48.90234375,137.9375,195.53125,168.77734375,161.02734375,0.0,0.0,3.2265625,41.95405578613281
none,0,136,1.0,0.0,1.0,1.0,1.0,1.0,33.39453125,60.015625,50.55078125,50.23046875,143.12109375,197.3046875,162.3203125,166.1171875,0.0,0.0,3.07421875,41.994361877441406
none,0,137,1.0,0.0,1.0,1.0,1.0,1.0,32.8359375,59.5625,51.83203125,49.8828125,140.5703125,196.9140625,163.54296875,163.04296875,0.0,0.0,3.1015625,42.1099967956543
none,0,138,1.0,0.0,1.0,1.0,1.0,1.0,32.96484375,59.1171875,51.078125,51.08984375,141.90625,193.28125,162.30078125,167.68359375,0.0,0.0,2.8515625,42.38697814941406
none,0,139,1.0,0.0,1.0,1.0,1.0,1.0,33.484375,58.2890625,49.796875,51.18359375,142.37890625,194.71875,157.51953125,167.9765625,0.0,0.0,3.18359375,41.27033996582031
none,0,140,1.0,0.0,1.0,1.0,1.0,1.0,33.19921875,59.234375,51.23046875,50.51171875,141.95703125,194.98046875,161.4140625,165.5234375,0.0,0.0,3.25,41.654029846191406
none,0,141,1.0,0.0,1.0,1.0,1.0,1.0,32.96484375,58.58203125,50.2734375,50.68359375,140.3828125,195.46875,159.3515625,165.69140625,0.0,0.0,3.3671875,41.27214050292969
none,0,142,1.0,0.0,1.0,1.0,1.0,1.0,32.8125,58.953125,50.19140625,50.28125,141.40625,197.0,159.51171875,164.41015625,0.0,0.0,3.2578125,41.388938903808594
none,0,143,1.0,0.0,1.0,1.0,1.0,1.0,32.26953125,58.42578125,50.421875,52.23046875,140.7578125,194.390625,160.5703125,171.53515625,0.0,0.0,3.1640625,41.968650817871094
none,0,144,1.0,0.0,1.0,1.0,1.0,1.0,31.94140625,58.19921875,50.0703125,51.98046875,137.3046875,195.7421875,159.11328125,172.17578125,0.0,0.0,3.15625,41.82377243041992
none,0,145,1.0,0.0,1.0,1.0,1.0,1.0,32.12109375,58.0234375,51.42578125,51.8125,139.2421875,192.8671875,163.39453125,170.61328125,0.0,0.0,3.15625,42.12525177001953
none,0,146,1.0,0.0,1.0,1.0,1.0,1.0,32.2421875,57.91796875,49.78515625,52.05078125,140.8515625,192.70703125,158.66796875,171.54296875,0.0,0.0,3.12890625,41.479434967041016
none,0,147,1.0,0.0,1.0,1.0,1.0,1.0,31.8671875,58.828125,50.27734375,52.08203125,135.67578125,195.3359375,159.078125,171.2421875,0.0,0.0,3.078125,42.27101135253906
none,0,148,1.0,0.0,1.0,1.0,1.0,1.0,33.35546875,58.00390625,50.53125,52.1015625,142.875,189.14453125,159.36328125,170.69140625,0.0,0.0,3.1484375,41.851314544677734
none,0,149,1.0,0.0,1.0,1.0,1.0,1.0,32.6640625,59.4921875,51.23046875,51.50390625,136.82421875,194.7734375,160.203125,168.125,0.0,0.0,2.96875,42.296077728271484
none,0,150,1.0,0.0,1.0,1.0,1.0,1.0,33.6875,58.578125,49.984375,53.2578125,141.28125,189.78125,156.09375,173.7578125,0.0,0.0,3.03125,42.226524353027344
none,0,151,1.0,0.0,1.0,1.0,1.0,1.0,32.94921875,58.18359375,51.6640625,51.46484375,139.44921875,189.9921875,160.73046875,169.875,0.0,0.0,3.09765625,42.037322998046875
none,0,152,1.0,0.0,1.0,1.0,1.0,1.0,33.74609375,59.46875,49.94921875,51.1796875,142.44140625,194.75,155.79296875,168.00390625,0.0,0.0,3.13671875,41.62466812133789
none,0,153,1.0,0.0,1.0,1.0,1.0,1.0,33.2734375,59.8125,50.84765625,50.54296875,139.7890625,195.3046875,159.84375,165.67578125,0.0,0.0,3.28125,41.73326110839844
none,0,154,1.0,0.0,1.0,1.0,1.0,1.0,33.20703125,59.97265625,51.40625,51.14453125,139.48046875,198.2109375,162.953125,167.67578125,0.0,0.0,3.18359375,42.533321380615234
none,0,155,1.0,0.0,1.0,1.0,1.0,1.0,32.6796875,59.8046875,51.9765625,50.44140625,139.0390625,194.08984375,165.03515625,165.7265625,0.0,0.0,3.12890625,42.666603088378906
none,0,156,1.0,0.0,1.0,1.0,1.0,1.0,33.0625,60.79296875,51.16015625,51.07421875,141.171875,199.01171875,159.51953125,168.421875,0.0,0.0,3.12109375,43.001609802246094
none,0,157,1.0,0.0,1.0,1.0,1.0,1.0,32.6171875,58.7578125,51.48828125,52.0703125,138.01171875,190.390625,161.10546875,170.3984375,0.0,0.0,3.07421875,42.64488220214844
none,0,158,1.0,0.0,1.0,1.0,1.0,1.0,34.27734375,59.625,51.26171875,52.66015625,143.6953125,192.60546875,159.91015625,172.47265625,0.0,0.0,3.12890625,42.594940185546875
none,0,159,1.0,0.0,1.0,1.0,1.0,1.0,32.1875,59.8125,51.4296875,52.0859375,135.44140625,190.921875,159.76953125,170.0078125,0.0,0.0,2.96484375,43.206390380859375
none,0,160,1.0,0.0,1.0,1.0,1.0,1.0,33.07421875,60.3359375,52.02734375,52.04296875,135.69140625,191.30859375,161.53125,169.01953125,0.0,0.0,3.0,43.334381103515625
none,0,161,1.0,0.0,1.0,1.0,1.0,1.0,33.06640625,59.8984375,51.34375,53.5859375,137.08984375,190.8203125,158.89453125,172.47265625,0.0,0.0,2.84765625,42.9078369140625
none,0,162,1.0,0.0,1.0,1.0,1.0,1.0,31.9140625,58.890625,51.1875,52.94140625,132.57421875,186.9765625,160.33984375,170.50390625,0.0,0.0,2.82421875,42.86280822753906
none,0,163,1.0,0.0,1.0,1.0,1.0,1.0,31.3828125,58.4453125,52.546875,52.92578125,132.66796875,186.90625,165.48046875,171.71484375,0.0,0.0,2.77734375,43.437103271484375
none,0,164,1.0,0.0,1.0,1.0,1.0,1.0,30.7578125,59.12890625,52.578125,52.49609375,125.6953125,188.90234375,163.80859375,166.55078125,0.0,0.0,3.06640625,43.324745178222656
none,0,165,1.0,0.0,1.0,1.0,1.0,1.0,31.328125,59.5234375,52.21484375,50.73828125,129.1796875,189.53515625,164.3828125,163.58203125,0.0,0.0,3.13671875,42.64636993408203
none,0,166,1.0,0.0,1.0,1.0,1.0,1.0,31.01171875,60.2734375,53.296875,49.6953125,129.0078125,193.82421875,169.2421875,158.4921875,0.0,0.0,2.94140625,42.90241241455078
none,0,167,1.0,0.0,1.0,1.0,1.0,1.0,30.33203125,59.96875,52.84375,51.5390625,127.09375,192.27734375,165.3203125,165.33203125,0.0,0.0,2.9140625,43.38817596435547
none,0,168,1.0,0.0,1.0,1.0,1.0,1.0,30.3046875,60.171875,51.8671875,52.03125,127.5546875,192.8203125,164.4609375,168.07421875,0.0,0.0,2.9296875,43.59410095214844
none,0,169,1.0,0.0,1.0,1.0,1.0,1.0,30.7109375,59.828125,52.33984375,51.39453125,128.3515625,192.28125,163.41796875,165.34765625,0.0,0.0,3.09375,42.908905029296875
none,0,170,1.0,0.0,1.0,1.0,1.0,1.0,30.76171875,59.85546875,51.66796875,51.62890625,129.8984375,193.02734375,163.46484375,166.8984375,0.0,0.0,3.0078125,42.93186569213867
none,0,171,1.0,0.0,1.0,1.0,1.0,1.0,30.59375,58.9765625,51.47265625,51.53125,130.0546875,189.2890625,161.5546875,165.3984375,0.0,0.0,3.046875,42.469024658203125
none,0,172,1.0,0.0,1.0,1.0,1.0,1.0,30.97265625,60.23828125,51.15234375,51.44140625,131.7421875,193.4375,161.27734375,167.14453125,0.0,0.0,3.1953125,42.771385192871094
none,0,173,1.0,0.0,1.0,1.0,1.0,1.0,31.0625,59.29296875,50.76171875,52.88671875,133.52734375,191.76953125,160.53515625,171.0,0.0,0.0,3.1484375,42.90465545654297
none,0,174,1.0,0.0,1.0,1.0,1.0,1.0,31.1328125,58.34375,51.81640625,51.53125,136.484375,189.9140625,164.52734375,167.6484375,0.0,0.0,3.015625,42.693817138671875
none,0,175,1.0,0.0,1.0,1.0,1.0,1.0,31.0546875,58.4609375,51.46484375,52.515625,136.8359375,190.48046875,162.87109375,170.7578125,0.0,0.0,2.953125,42.65898132324219
none,0,176,1.0,0.0,1.0,1.0,1.0,1.0,30.05078125,59.08984375,52.453125,52.38671875,133.1796875,192.53125,166.66015625,168.765625,0.0,0.0,2.9765625,43.76069641113281
none,0,177,1.0,0.0,1.0,1.0,1.0,1.0,30.91796875,59.47265625,53.03515625,52.2734375,135.78125,190.890625,166.7734375,171.3359375,0.0,0.0,3.13671875,43.800743103027344
none,0,178,1.0,0.0,1.0,1.0,1.0,1.0,31.078125,59.046875,52.26953125,51.98046875,134.578125,190.61328125,165.13671875,169.546875,0.0,0.0,3.19921875,43.305580139160156
none,0,179,1.0,0.0,1.0,1.0,1.0,1.0,31.6484375,58.3984375,52.41015625,51.859375,137.54296875,187.9921875,166.26953125,168.328125,0.0,0.0,3.12890625,42.732643127441406
none,0,180,1.0,0.0,1.0,1.0,1.0,1.0,30.88671875,58.625,52.3046875,52.80078125,135.52734375,187.9765625,165.8125,171.1875,0.0,0.0,2.9609375,43.35374069213867
none,0,181,1.0,0.0,1.0,1.0,1.0,1.0,30.69921875,57.59765625,52.21484375,52.7734375,136.515625,183.8125,164.8203125,172.4609375,0.0,0.0,3.05078125,42.886695861816406
none,0,182,1.0,0.0,1.0,1.0,1.0,1.0,31.09375,58.44140625,54.04296875,51.41796875,135.35546875,186.80078125,172.53125,168.79296875,0.0,0.0,3.0625,43.253379821777344
none,0,183,1.0,0.0,1.0,1.0,1.0,1.0,31.640625,58.5625,51.87109375,53.5703125,137.828125,188.375,164.5,174.08984375,0.0,0.0,2.9296875,43.323822021484375
none,0,184,1.0,0.0,1.0,1.0,1.0,1.0,30.96875,58.77734375,52.34765625,52.34375,136.95703125,186.34375,166.1953125,170.90234375,0.0,0.0,2.89453125,43.2125244140625
none,0,185,1.0,0.0,1.0,1.0,1.0,1.0,31.10546875,57.55078125,53.4921875,52.515625,137.09765625,182.90234375,168.74609375,171.00390625,0.0,0.0,2.94921875,43.34313201904297
none,0,186,1.0,0.0,1.0,1.0,1.0,1.0,30.72265625,58.7109375,51.99609375,52.9296875,136.2734375,188.57421875,164.37890625,173.68359375,0.0,0.0,2.93359375,43.2615966796875
none,0,187,1.0,0.0,1.0,1.0,1.0,1.0,31.125,57.203125,51.921875,53.484375,138.18359375,183.78125,165.10546875,175.68359375,0.0,0.0,3.0,43.26359176635742
none,0,188,1.0,0.0,1.0,1.0,1.0,1.0,30.42578125,57.89453125,52.47265625,51.8046875,136.27734375,186.91015625,166.38671875,170.05859375,0.0,0.0,3.01953125,43.05084991455078
none,0,189,1.0,0.0,1.0,1.0,1.0,1.0,29.93359375,58.3984375,51.546875,52.4765625,134.30859375,187.03515625,163.25,172.4375,0.0,0.0,2.8203125,42.9951286315918
none,0,190,1.0,0.0,1.0,1.0,1.0,1.0,30.46484375,57.140625,53.05078125,52.80078125,133.453125,182.4375,169.03125,174.09375,0.0,0.0,3.24609375,43.15502166748047
none,0,191,1.0,0.0,1.0,1.0,1.0,1.0,29.58203125,58.0078125,53.14453125,54.15625,129.984375,184.2578125,166.3671875,177.83984375,0.0,0.0,2.93359375,44.0533447265625
none,0,192,1.0,0.0,1.0,1.0,1.0,1.0,29.625,55.484375,51.640625,54.484375,129.98828125,176.421875,162.01953125,179.74609375,0.0,0.0,3.1796875,42.269317626953125
none,0,193,1.0,0.0,1.0,1.0,1.0,1.0,28.9453125,57.7421875,53.08203125,53.32421875,128.66796875,182.51171875,168.6796875,174.71484375,0.0,0.0,3.02734375,43.62832260131836
none,0,194,1.0,0.0,1.0,1.0,1.0,1.0,28.63671875,56.203125,53.69140625,53.72265625,127.5390625,180.04296875,168.08984375,176.06640625,0.0,0.0,2.95703125,43.166500091552734
none,0,195,1.0,0.0,1.0,1.0,1.0,1.0,29.03125,57.43359375,52.96875,53.92578125,126.06640625,182.58984375,164.328125,177.33984375,0.0,0.0,3.15625,43.60662078857422
none,0,196,1.0,0.0,1.0,1.0,1.0,1.0,28.515625,57.09765625,54.16796875,54.3046875,123.296875,180.94140625,169.33984375,179.38671875,0.0,0.0,2.89453125,44.267539978027344
none,0,197,1.0,0.0,1.0,1.0,1.0,1.0,29.28515625,56.4296875,52.78125,53.55859375,127.078125,178.90625,165.21484375,174.58203125,0.0,0.0,3.140625,43.08939743041992
none,0,198,1.0,0.0,1.0,1.0,1.0,1.0,29.29296875,58.9609375,53.03515625,53.22265625,126.1953125,187.25,165.15234375,173.19921875,0.0,0.0,3.00390625,44.12628173828125
none,0,199,1.0,0.0,1.0,1.0,1.0,1.0,28.60546875,57.18359375,52.984375,54.015625,124.0703125,182.30078125,168.36328125,174.953125,0.0,0.0,3.16015625,43.74510192871094
none,0,200,1.0,0.0,1.0,1.0,1.0,1.0,28.7890625,58.51171875,52.09375,52.46484375,124.64453125,186.69921875,163.96875,171.98046875,0.0,0.0,3.05078125,43.28820037841797
none,0,201,1.0,0.0,1.0,1.0,1.0,1.0,28.73828125,58.44921875,52.42578125,52.5703125,124.546875,188.16015625,164.74609375,172.21875,0.0,0.0,3.19921875,43.66038131713867
none,0,202,1.0,0.0,1.0,1.0,1.0,1.0,28.16796875,57.7109375,52.6328125,53.55078125,122.73046875,184.2734375,167.05859375,174.46875,0.0,0.0,3.30859375,43.64738464355469
none,0,203,1.0,0.0,1.0,1.0,1.0,1.0,27.91015625,58.12890625,52.8984375,52.4765625,121.7890625,186.47265625,168.8203125,170.83203125,0.0,0.0,3.26171875,43.239044189453125
none,0,204,1.0,0.0,1.0,1.0,1.0,1.0,28.90625,58.1171875,52.5234375,51.73828125,125.03125,187.375,166.49609375,168.25390625,0.0,0.0,3.046875,42.829559326171875
none,0,205,1.0,0.0,1.0,1.0,1.0,1.0,28.69921875,57.41796875,52.234375,53.43359375,124.84765625,184.55078125,165.1328125,174.03515625,0.0,0.0,3.265625,43.329158782958984
none,0,206,1.0,0.0,1.0,1.0,1.0,1.0,28.48828125,57.53125,52.8125,51.99609375,123.90625,184.859375,167.5,169.32421875,0.0,0.0,3.22265625,43.05841064453125
none,0,207,1.0,0.0,1.0,1.0,1.0,1.0,28.9296875,58.48828125,50.99609375,53.25,124.64453125,187.6015625,162.01953125,173.32421875,0.0,0.0,3.20703125,43.425132751464844
none,0,208,1.0,0.0,1.0,1.0,1.0,1.0,29.05859375,58.01171875,53.61328125,53.48046875,126.296875,186.13671875,168.10546875,172.87890625,0.0,0.0,3.08984375,44.17618942260742
none,0,209,1.0,0.0,1.0,1.0,1.0,1.0,29.765625,57.5,50.85546875,53.58203125,129.51171875,184.7890625,160.59375,176.44140625,0.0,0.0,3.09375,42.68785858154297
none,0,210,1.0,0.0,1.0,1.0,1.0,1.0,29.87109375,56.07421875,51.8046875,54.94140625,128.01953125,180.1171875,163.71875,178.0546875,0.0,0.0,3.33984375,42.853515625
none,0,211,1.0,0.0,1.0,1.0,1.0,1.0,29.58203125,56.72265625,52.7890625,53.0546875,127.55078125,182.3359375,165.55078125,172.875,0.0,0.0,3.23828125,42.81676483154297
none,0,212,1.0,0.0,1.0,1.0,1.0,1.0,29.86328125,57.33984375,52.3828125,53.86328125,128.87890625,184.48828125,163.8828125,174.4453125,0.0,0.0,3.171875,43.375396728515625
none,0,213,1.0,0.0,1.0,1.0,1.0,1.0,29.140625,55.9765625,53.28515625,54.1171875,126.23046875,178.96484375,167.09375,176.25,0.0,0.0,3.1328125,43.241539001464844
none,0,214,1.0,0.0,1.0,1.0,1.0,1.0,30.04296875,57.18359375,52.30859375,53.99609375,128.46484375,183.4609375,163.8671875,177.7890625,0.0,0.0,3.09765625,42.983642578125
none,0,215,1.0,0.0,1.0,1.0,1.0,1.0,29.4921875,56.9375,52.453125,54.15625,126.29296875,182.296875,163.7265625,174.17578125,0.0,0.0,3.12890625,43.33917999267578
none,0,216,1.0,0.0,1.0,1.0,1.0,1.0,29.94140625,57.109375,52.83203125,53.9609375,128.91796875,182.3046875,164.0078125,173.734375,0.0,0.0,3.15625,43.67943572998047
none,0,217,1.0,0.0,1.0,1.0,1.0,1.0,29.63671875,56.58984375,53.0390625,55.47265625,127.28515625,180.0,163.64453125,179.1328125,0.0,0.0,3.09375,43.610008239746094
none,0,218,1.0,0.0,1.0,1.0,1.0,1.0,30.984375,56.87890625,52.96484375,55.6796875,131.7109375,178.796875,163.8828125,179.64453125,0.0,0.0,2.91015625,44.150360107421875
none,0,219,1.0,0.0,1.0,1.0,1.0,1.0,30.43359375,55.62109375,53.58984375,55.23828125,129.3984375,175.42578125,165.65234375,175.33984375,0.0,0.0,2.8671875,43.91950225830078
none,0,220,1.0,0.0,1.0,1.0,1.0,1.0,30.8125,56.5234375,52.87890625,56.4375,131.49609375,175.75,164.2890625,179.48046875,0.0,0.0,3.01171875,44.283714294433594
none,0,221,1.0,0.0,1.0,1.0,1.0,1.0,31.06640625,55.94140625,54.40625,55.578125,132.17578125,174.4921875,165.4453125,176.015625,0.0,0.0,2.8203125,44.11201477050781
none,0,222,1.0,0.0,1.0,1.0,1.0,1.0,30.203125,55.67578125,53.66796875,55.48046875,128.71875,173.8984375,163.921875,175.59765625,0.0,0.0,3.00390625,43.69095993041992
none,0,223,1.0,0.0,1.0,1.0,1.0,1.0,31.02734375,57.0703125,53.27734375,54.28125,131.73046875,178.12890625,164.33984375,172.984375,0.0,0.0,2.92578125,43.935211181640625
none,0,224,1.0,0.0,1.0,1.0,1.0,1.0,31.09765625,56.453125,53.9921875,54.86328125,131.92578125,175.3515625,166.37890625,173.5234375,0.0,0.0,2.953125,44.05437469482422
none,0,225,1.0,0.0,1.0,1.0,1.0,1.0,30.8515625,56.6875,54.76171875,54.99609375,131.66796875,175.765625,167.64453125,173.96484375,0.0,0.0,2.8203125,44.581092834472656
none,0,226,1.0,0.0,1.0,1.0,1.0,1.0,31.33984375,56.765625,53.34375,53.68359375,131.90625,177.80859375,164.984375,170.6171875,0.0,0.0,2.875,43.470703125
none,0,227,1.0,0.0,1.0,1.0,1.0,1.0,30.72265625,57.0859375,53.58984375,54.87109375,129.82421875,177.69921875,164.48046875,176.71875,0.0,0.0,3.05078125,44.2391357421875
none,0,228,1.0,0.0,1.0,1.0,1.0,1.0,30.62109375,55.171875,54.203125,55.85546875,131.33984375,172.05078125,168.47265625,179.4765625,0.0,0.0,3.03125,43.94242858886719
none,0,229,1.0,0.0,1.0,1.0,1.0,1.0,30.0,56.24609375,53.9921875,54.703125,128.625,174.71484375,167.56640625,178.03515625,0.0,0.0,2.921875,44.20652389526367
none,0,230,1.0,0.0,1.0,1.0,1.0,1.0,30.66015625,57.13671875,55.1875,54.5703125,128.8515625,176.6796875,169.35546875,176.5859375,0.0,0.0,3.03515625,44.79737091064453
none,0,231,1.0,0.0,1.0,1.0,1.0,1.0,30.2421875,57.91015625,54.99609375,54.3125,128.29296875,179.61328125,169.42578125,175.453125,0.0,0.0,3.1328125,44.71999740600586
none,0,232,1.0,0.0,1.0,1.0,1.0,1.0,30.41015625,57.34375,55.01171875,54.26953125,127.58203125,178.2421875,170.90234375,174.453125,0.0,0.0,2.8515625,44.323265075683594
none,0,233,1.0,0.0,1.0,1.0,1.0,1.0,30.1015625,57.9921875,54.20703125,53.9140625,127.0546875,179.04296875,167.109375,173.578125,0.0,0.0,3.0703125,44.31398010253906
none,0,234,1.0,0.0,1.0,1.0,1.0,1.0,29.390625,58.13671875,54.04296875,52.984375,124.5078125,180.4609375,167.4609375,172.890625,0.0,0.0,3.25,44.298458099365234
none,0,235,1.0,0.0,1.0,1.0,1.0,1.0,30.6484375,57.5078125,53.73828125,54.01171875,129.1171875,177.57421875,167.3203125,177.28515625,0.0,0.0,3.19140625,44.15206527709961
none,0,236,1.0,0.0,1.0,1.0,1.0,1.0,30.1953125,57.7578125,53.4140625,54.546875,128.06640625,177.6640625,165.77734375,179.6328125,0.0,0.0,3.0625,44.04693603515625
none,0,237,1.0,0.0,1.0,1.0,1.0,1.0,30.46875,57.5625,54.875,53.546875,127.9296875,178.078125,170.0390625,177.5546875,0.0,0.0,3.19140625,44.44007110595703
none,0,238,1.0,0.0,1.0,1.0,1.0,1.0,30.00390625,57.83203125,54.07421875,52.96484375,128.94140625,180.734375,167.79296875,175.66796875,0.0,0.0,3.109375,43.9034538269043
none,0,239,1.0,0.0,1.0,1.0,1.0,1.0,31.0234375,58.578125,53.36328125,53.390625,132.78515625,181.48046875,166.09375,178.484375,0.0,0.0,3.32421875,43.83526611328125
none,0,240,1.0,0.0,1.0,1.0,1.0,1.0,29.78125,58.4609375,54.2109375,52.6484375,126.80078125,182.3203125,169.2734375,175.921875,0.0,0.0,2.96875,44.26398468017578
none,0,241,1.0,0.0,1.0,1.0,1.0,1.0,30.16796875,58.9296875,53.109375,52.4296875,130.00390625,183.3359375,166.578125,178.63671875,0.0,0.0,3.2578125,43.70034408569336
none,0,242,1.0,0.0,1.0,1.0,1.0,1.0,29.171875,58.65625,55.01953125,52.8515625,126.03515625,183.34375,170.75390625,179.31640625,0.0,0.0,3.3125,44.499473571777344
none,0,243,1.0,0.0,1.0,1.0,1.0,1.0,28.64453125,58.56640625,53.9140625,52.73046875,125.1015625,182.578125,167.8828125,181.82421875,0.0,0.0,3.12890625,44.371185302734375
none,0,244,1.0,0.0,1.0,1.0,1.0,1.0,28.62890625,58.0390625,54.75390625,52.5703125,124.6796875,182.3828125,171.484375,178.89453125,0.0,0.0,2.94921875,44.57476806640625
none,0,245,1.0,0.0,1.0,1.0,1.0,1.0,29.59765625,59.76171875,53.3359375,52.4609375,127.56640625,187.48046875,165.8984375,178.0703125,0.0,0.0,3.1640625,44.21605682373047
none,0,246,1.0,0.0,1.0,1.0,1.0,1.0,31.2109375,58.7578125,53.71484375,52.40625,135.6171875,182.82421875,166.390625,177.83203125,0.0,0.0,2.8984375,43.81908416748047
none,0,247,1.0,0.0,1.0,1.0,1.0,1.0,29.78125,59.609375,54.52734375,52.22265625,128.41015625,186.42578125,169.78515625,175.5625,0.0,0.0,3.0234375,44.60575485229492
none,0,248,1.0,0.0,1.0,1.0,1.0,1.0,30.0234375,59.48046875,54.4375,52.30078125,129.88671875,186.7265625,170.1484375,176.328125,0.0,0.0,2.87890625,44.63212585449219
none,0,249,1.0,0.0,1.0,1.0,1.0,1.0,30.71875,60.46875,55.09375,51.85546875,132.37890625,190.91015625,172.17578125,175.3125,0.0,0.0,2.78515625,44.97254943847656
none,0,250,1.0,0.0,1.0,1.0,1.0,1.0,30.12109375,59.7890625,54.12109375,52.59375,130.40625,187.65625,168.11328125,177.05859375,0.0,0.0,2.94140625,44.42478561401367
none,0,251,1.0,0.0,1.0,1.0,1.0,1.0,31.3359375,59.19921875,53.515625,52.15234375,136.35546875,185.43359375,166.83984375,175.1796875,0.0,0.0,2.6875,44.20695114135742
none,0,252,1.0,0.0,1.0,1.0,1.0,1.0,30.35546875,59.78125,53.76953125,53.75390625,132.078125,186.9453125,169.01953125,180.90234375,0.0,0.0,2.9296875,45.1832389831543
none,0,253,1.0,0.0,1.0,1.0,1.0,1.0,29.578125,59.546875,53.046875,53.140625,129.16015625,185.93359375,164.8359375,182.94140625,0.0,0.0,3.01171875,44.22178268432617
none,0,254,1.0,0.0,1.0,1.0,1.0,1.0,30.75390625,58.48046875,54.06640625,53.125,133.89453125,182.4609375,167.01953125,181.03515625,0.0,0.0,2.7890625,44.39374923706055
none,0,255,1.0,0.0,1.0,1.0,1.0,1.0,30.21875,59.53125,54.5078125,53.08984375,131.14453125,185.6796875,171.734375,181.81640625,0.0,0.0,3.00390625,45.2777099609375
none,0,256,1.0,0.0,1.0,1.0,1.0,1.0,29.66796875,57.65625,53.05859375,54.18359375,132.03515625,179.95703125,166.20703125,183.55078125,0.0,0.0,3.203125,44.1853141784668
none,0,257,1.0,0.0,1.0,1.0,1.0,1.0,30.64453125,58.875,52.82421875,52.7109375,133.78515625,182.5234375,165.359375,184.2890625,0.0,0.0,2.9765625,43.87123107910156
none,0,258,1.0,0.0,1.0,1.0,1.0,1.0,31.0859375,58.67578125,53.609375,53.15625,138.13671875,182.90234375,168.16015625,184.59375,0.0,0.0,3.01953125,44.201900482177734
none,0,259,1.0,0.0,1.0,1.0,1.0,1.0,30.375,58.66015625,54.20703125,54.703125,134.2421875,181.58984375,169.16015625,185.734375,0.0,0.0,2.76171875,44.75330352783203
none,0,260,1.0,0.0,1.0,1.0,1.0,1.0,30.2734375,58.2578125,55.21484375,54.0390625,134.14453125,182.4765625,172.8984375,186.265625,0.0,0.0,2.82421875,45.29482650756836
none,0,261,1.0,0.0,1.0,1.0,1.0,1.0,29.76953125,59.0859375,54.0546875,54.62890625,133.046875,182.734375,168.3046875,189.1953125,0.0,0.0,2.88671875,45.100624084472656
none,0,262,1.0,0.0,1.0,1.0,1.0,1.0,31.0,58.421875,54.14453125,54.046875,136.015625,182.53125,167.96484375,179.9140625,0.0,0.0,2.82421875,44.751373291015625
none,0,263,1.0,0.0,1.0,1.0,1.0,1.0,30.1640625,58.9296875,55.19921875,54.18359375,132.65625,183.09375,172.31640625,180.33203125,0.0,0.0,2.65625,45.328392028808594
none,0,264,1.0,0.0,1.0,1.0,1.0,1.0,29.6796875,59.03515625,55.59765625,53.75,131.2734375,185.95703125,173.17578125,178.7890625,0.0,0.0,2.4921875,45.34528732299805
none,0,265,1.0,0.0,1.0,1.0,1.0,1.0,30.421875,59.04296875,54.1171875,54.58203125,134.5625,183.08203125,166.83984375,182.2734375,0.0,0.0,2.80078125,45.05199432373047
none,0,266,1.0,0.0,1.0,1.0,1.0,1.0,30.17578125,58.6015625,53.9609375,55.70703125,133.8984375,182.4140625,169.28515625,183.26953125,0.0,0.0,2.76953125,45.48552703857422
none,0,267,1.0,0.0,1.0,1.0,1.0,1.0,29.7734375,59.66015625,54.9765625,54.53515625,131.6796875,185.71484375,170.87109375,177.6015625,0.0,0.0,2.72265625,45.92826461791992
none,0,268,1.0,0.0,1.0,1.0,1.0,1.0,29.8359375,59.00390625,54.53125,54.10546875,132.80078125,183.859375,169.4140625,176.6640625,0.0,0.0,2.74609375,45.05888366699219
none,0,269,1.0,0.0,1.0,1.0,1.0,1.0,29.57421875,60.45703125,55.390625,53.546875,127.40625,189.32421875,172.63671875,176.77734375,0.0,0.0,2.6484375,45.766929626464844
none,0,270,1.0,0.0,1.0,1.0,1.0,1.0,30.85546875,60.0859375,55.34765625,53.95703125,135.5703125,187.4609375,172.39453125,175.8671875,0.0,0.0,2.8046875,45.69482421875
none,0,271,1.0,0.0,1.0,1.0,1.0,1.0,29.69140625,59.98046875,53.51171875,54.06640625,132.06640625,188.51953125,165.76953125,175.49609375,0.0,0.0,2.91015625,45.10920333862305
none,0,272,1.0,0.0,1.0,1.0,1.0,1.0,30.16015625,59.6015625,54.10546875,53.984375,131.40625,185.4765625,166.9140625,176.3515625,0.0,0.0,2.703125,45.31643295288086
none,0,273,1.0,0.0,1.0,1.0,1.0,1.0,30.10546875,60.625,53.95703125,53.71484375,129.88671875,187.67578125,165.16015625,173.9375,0.0,0.0,2.46875,45.41263961791992
none,0,274,1.0,0.0,1.0,1.0,1.0,1.0,30.71484375,58.58984375,55.375,55.31640625,134.2109375,181.83203125,169.625,179.4140625,0.0,0.0,2.671875,45.39554977416992
none,0,275,1.0,0.0,1.0,1.0,1.0,1.0,30.6796875,58.65625,54.5625,53.58203125,132.15625,182.0078125,167.44921875,174.3984375,0.0,0.0,2.6015625,44.85802459716797
none,0,276,1.0,0.0,1.0,1.0,1.0,1.0,30.00390625,60.71484375,55.28125,54.00390625,129.9375,187.73828125,167.84765625,173.015625,0.0,0.0,2.65234375,46.30181884765625
none,0,277,1.0,0.0,1.0,1.0,1.0,1.0,30.51953125,60.0,53.87890625,54.1875,131.03515625,184.99609375,163.07421875,172.859375,0.0,0.0,2.52734375,45.16611862182617
none,0,278,1.0,0.0,1.0,1.0,1.0,1.0,30.01953125,60.64453125,54.79296875,54.734375,130.4765625,187.359375,167.10546875,177.46875,0.0,0.0,2.61328125,45.9516716003418
none,0,279,1.0,0.0,1.0,1.0,1.0,1.0,29.78515625,60.09375,54.296875,53.82421875,129.6328125,187.51953125,165.26953125,172.99609375,0.0,0.0,2.484375,45.4864616394043
none,0,280,1.0,0.0,1.0,1.0,1.0,1.0,30.421875,59.8203125,53.875,54.48046875,129.609375,186.9140625,164.6875,173.953125,0.0,0.0,2.484375,45.42312240600586
none,0,281,1.0,0.0,1.0,1.0,1.0,1.0,31.00390625,59.28125,54.71484375,53.37109375,134.7109375,183.375,166.5625,170.27734375,0.0,0.0,2.37890625,45.074005126953125
none,0,282,1.0,0.0,1.0,1.0,1.0,1.0,31.125,60.43359375,54.140625,54.13671875,133.51953125,187.2734375,164.421875,171.234375,0.0,0.0,2.48046875,45.60371017456055
none,0,283,1.0,0.0,1.0,1.0,1.0,1.0,29.91015625,59.93359375,55.5078125,54.1875,129.73828125,185.2578125,168.89453125,173.6484375,0.0,0.0,2.6640625,45.95417404174805
none,0,284,1.0,0.0,1.0,1.0,1.0,1.0,30.62890625,59.2734375,56.0234375,54.61328125,134.140625,183.4453125,169.57421875,174.26953125,0.0,0.0,2.49609375,45.97758102416992
none,0,285,1.0,0.0,1.0,1.0,1.0,1.0,31.23046875,60.1640625,54.1484375,55.01171875,135.6015625,186.39453125,165.14453125,174.89453125,0.0,0.0,2.50390625,45.837608337402344
none,0,286,1.0,0.0,1.0,1.0,1.0,1.0,30.3359375,61.50390625,54.71484375,54.859375,132.703125,189.94921875,166.3984375,173.9765625,0.0,0.0,2.57421875,46.679649353027344
none,0,287,1.0,0.0,1.0,1.0,1.0,1.0,30.79296875,60.09375,54.14453125,55.57421875,133.06640625,185.75390625,164.8671875,176.98046875,0.0,0.0,2.62109375,46.02704620361328
none,0,288,1.0,0.0,1.0,1.0,1.0,1.0,30.75,60.93359375,53.96484375,53.828125,131.92578125,189.10546875,164.91796875,170.5859375,0.0,0.0,2.32421875,45.76068115234375
none,0,289,1.0,0.0,1.0,1.0,1.0,1.0,30.22265625,61.37890625,55.41796875,54.69921875,130.484375,187.4453125,167.9921875,171.99609375,0.0,0.0,2.34375,46.705467224121094
none,0,290,1.0,0.0,1.0,1.0,1.0,1.0,30.75,61.6875,55.6953125,53.046875,131.640625,188.89453125,169.26171875,169.8125,0.0,0.0,2.4375,45.937538146972656
none,0,291,1.0,0.0,1.0,1.0,1.0,1.0,31.7734375,61.5,55.16796875,53.83203125,137.8125,188.40234375,167.2890625,168.31640625,0.0,0.0,2.4453125,46.1165771484375
none,0,292,1.0,0.0,1.0,1.0,1.0,1.0,30.47265625,60.3984375,54.8125,55.671875,132.1640625,185.53125,166.58203125,175.578125,0.0,0.0,2.43359375,46.51082992553711
none,0,293,1.0,0.0,1.0,1.0,1.0,1.0,31.1875,60.21484375,54.953125,55.21875,135.26171875,184.81640625,166.53515625,174.44140625,0.0,0.0,2.359375,46.301414489746094
none,0,294,1.0,0.0,1.0,1.0,1.0,1.0,30.921875,61.77734375,55.96875,55.25390625,131.5390625,188.41015625,169.14453125,174.14453125,0.0,0.0,2.40625,46.94579315185547
none,0,295,1.0,0.0,1.0,1.0,1.0,1.0,30.7734375,59.5703125,55.875,54.96484375,130.7421875,183.09375,168.93359375,174.30078125,0.0,0.0,2.37109375,46.12621307373047
none,0,296,1.0,0.0,1.0,1.0,1.0,1.0,29.96484375,60.46875,56.49609375,55.3203125,128.74609375,184.24609375,170.6015625,173.70703125,0.0,0.0,2.27734375,46.6643180847168
none,0,297,1.0,0.0,1.0,1.0,1.0,1.0,29.66015625,62.74609375,55.3984375,54.31640625,124.5546875,192.59765625,167.67578125,169.8984375,0.0,0.0,2.33203125,47.060630798339844
none,0,298,1.0,0.0,1.0,1.0,1.0,1.0,29.94921875,62.859375,55.3125,53.65625,125.3515625,190.92578125,165.609375,165.81640625,0.0,0.0,2.40234375,46.93571090698242
none,0,299,1.0,0.0,1.0,1.0,1.0,1.0,29.57421875,62.28515625,54.81640625,52.7578125,125.9921875,191.26171875,164.29296875,164.28515625,0.0,0.0,2.515625,45.728233337402344
none,0,300,1.0,0.0,1.0,1.0,1.0,1.0,29.80859375,61.8515625,54.89453125,53.79296875,126.8359375,189.9921875,165.68359375,168.4296875,0.0,0.0,2.19921875,46.228965759277344
none,0,301,1.0,0.0,1.0,1.0,1.0,1.0,29.4375,62.2109375,56.25390625,53.2421875,125.3984375,189.76953125,170.2734375,165.80078125,0.0,0.0,2.26171875,46.67272186279297
none,0,302,1.0,0.0,1.0,1.0,1.0,1.0,29.40234375,62.50390625,55.46484375,54.2421875,127.03125,189.51171875,167.515625,168.1953125,0.0,0.0,2.37109375,46.818626403808594
none,0,303,1.0,0.0,1.0,1.0,1.0,1.0,28.765625,62.265625,56.09765625,53.78125,124.76953125,190.17578125,170.05078125,168.2421875,0.0,0.0,2.390625,46.895164489746094
none,0,304,1.0,0.0,1.0,1.0,1.0,1.0,29.86328125,61.82421875,55.4921875,53.7734375,125.359375,188.328125,167.36328125,168.56640625,0.0,0.0,2.21484375,46.338706970214844
none,0,305,1.0,0.0,1.0,1.0,1.0,1.0,30.11328125,61.9453125,55.65625,55.1015625,125.49609375,187.50390625,167.59375,173.01171875,0.0,0.0,2.44921875,46.9210319519043
none,0,306,1.0,0.0,1.0,1.0,1.0,1.0,30.640625,61.6171875,55.1328125,53.58984375,130.34765625,187.421875,165.1015625,168.265625,0.0,0.0,2.60546875,45.70220947265625
none,0,307,1.0,0.0,1.0,1.0,1.0,1.0,29.3671875,61.68359375,56.16015625,53.85546875,124.25,187.03515625,168.4609375,169.078125,0.0,0.0,2.55078125,46.63408660888672
none,0,308,1.0,0.0,1.0,1.0,1.0,1.0,29.15625,61.98828125,56.27734375,53.51953125,124.0859375,188.71484375,168.97265625,167.28515625,0.0,0.0,2.47265625,46.535240173339844
none,0,309,1.0,0.0,1.0,1.0,1.0,1.0,29.3515625,60.921875,55.0625,53.66796875,126.35546875,186.16796875,167.390625,168.76953125,0.0,0.0,2.390625,46.24726486206055
none,0,310,1.0,0.0,1.0,1.0,1.0,1.0,29.73046875,62.14453125,55.59765625,53.91015625,128.98828125,190.53515625,167.90234375,168.48046875,0.0,0.0,2.54296875,46.46612548828125
none,0,311,1.0,0.0,1.0,1.0,1.0,1.0,28.859375,62.19140625,55.80078125,54.6953125,127.015625,190.22265625,169.6640625,171.7265625,0.0,0.0,2.4921875,47.10148239135742
none,0,312,1.0,0.0,1.0,1.0,1.0,1.0,29.8125,62.07421875,55.15625,53.76171875,128.57421875,189.55078125,166.9453125,170.4921875,0.0,0.0,2.3984375,46.70996856689453
none,0,313,1.0,0.0,1.0,1.0,1.0,1.0,29.17578125,63.26953125,55.6875,53.65234375,126.00390625,193.8515625,169.49609375,168.375,0.0,0.0,2.375,47.30427551269531
none,0,314,1.0,0.0,1.0,1.0,1.0,1.0,29.625,62.1796875,56.65234375,54.8671875,127.9296875,189.5,172.3671875,173.1796875,0.0,0.0,2.40625,47.35004806518555
none,0,315,1.0,0.0,1.0,1.0,1.0,1.0,29.1484375,62.546875,58.00390625,52.70703125,125.01171875,189.55859375,174.56640625,165.40625,0.0,0.0,2.2421875,47.248016357421875
none,0,316,1.0,0.0,1.0,1.0,1.0,1.0,30.72265625,63.3515625,55.9609375,53.7421875,131.84375,192.55078125,167.921875,170.14453125,0.0,0.0,2.34375,47.229896545410156
none,0,317,1.0,0.0,1.0,1.0,1.0,1.0,29.95703125,62.9140625,56.1796875,52.75,127.8984375,190.69921875,170.05859375,166.078125,0.0,0.0,2.26171875,46.415802001953125
none,0,318,1.0,0.0,1.0,1.0,1.0,1.0,30.50390625,64.06640625,55.97265625,54.65625,130.15234375,192.45703125,168.046875,171.0234375,0.0,0.0,2.21484375,47.542686462402344
none,0,319,1.0,0.0,1.0,1.0,1.0,1.0,30.38671875,61.8984375,56.234375,54.6796875,129.68359375,187.02734375,169.2265625,171.40234375,0.0,0.0,2.44140625,47.151123046875
none,0,320,1.0,0.0,1.0,1.0,1.0,1.0,29.8515625,61.99609375,56.1015625,56.3125,128.6328125,187.2421875,168.2109375,176.40625,0.0,0.0,2.48046875,47.51606369018555
none,0,321,1.0,0.0,1.0,1.0,1.0,1.0,30.48828125,62.5859375,56.03125,55.6015625,128.14453125,188.7578125,166.9765625,174.00390625,0.0,0.0,2.34765625,47.661861419677734
none,0,322,1.0,0.0,1.0,1.0,1.0,1.0,29.46484375,63.59765625,56.96484375,53.80078125,125.1640625,192.203125,172.1953125,168.76953125,0.0,0.0,2.25,47.716217041015625
none,0,323,1.0,0.0,1.0,1.0,1.0,1.0,30.1015625,62.703125,55.4375,55.57421875,128.09375,189.76171875,166.48828125,175.453125,0.0,0.0,2.375,47.40043258666992
none,0,324,1.0,0.0,1.0,1.0,1.0,1.0,29.5859375,62.65234375,55.42578125,55.796875,128.04296875,188.98046875,166.9375,175.23828125,0.0,0.0,2.515625,47.52679443359375
none,0,325,1.0,0.0,1.0,1.0,1.0,1.0,29.3125,63.2890625,55.16015625,55.5546875,127.25390625,190.97265625,166.48046875,174.0,0.0,0.0,2.22265625,47.73540496826172
none,0,326,1.0,0.0,1.0,1.0,1.0,1.0,28.76171875,62.0546875,56.60546875,54.453125,124.47265625,186.58203125,169.7265625,170.3515625,0.0,0.0,2.453125,47.277191162109375
none,0,327,1.0,0.0,1.0,1.0,1.0,1.0,29.0,61.8359375,55.9765625,55.40625,126.02734375,185.390625,167.171875,173.05078125,0.0,0.0,2.3203125,47.233306884765625
none,0,328,1.0,0.0,1.0,1.0,1.0,1.0,30.06640625,61.72265625,55.0859375,55.5390625,129.5078125,185.328125,165.02734375,175.17578125,0.0,0.0,2.34765625,47.09830856323242
none,0,329,1.0,0.0,1.0,1.0,1.0,1.0,29.92578125,64.37890625,56.45703125,53.75390625,127.57421875,193.1328125,169.26953125,168.8125,0.0,0.0,2.18359375,48.07355880737305
none,0,330,1.0,0.0,1.0,1.0,1.0,1.0,30.578125,63.9296875,56.57421875,54.01171875,130.66015625,193.52734375,169.27734375,168.7109375,0.0,0.0,2.265625,47.686279296875
none,0,331,1.0,0.0,1.0,1.0,1.0,1.0,30.6875,63.0859375,56.48046875,55.81640625,131.7421875,190.796875,170.4140625,174.62109375,0.0,0.0,2.1796875,47.714263916015625
none,0,332,1.0,0.0,1.0,1.0,1.0,1.0,29.890625,63.32421875,56.73046875,55.15625,128.8984375,190.51953125,171.62890625,173.18359375,0.0,0.0,2.22265625,48.17253875732422
none,0,333,1.0,0.0,1.0,1.0,1.0,1.0,29.90625,63.19921875,56.484375,55.16015625,130.12890625,191.50390625,169.68359375,173.46875,0.0,0.0,2.140625,47.91314697265625
none,0,334,1.0,0.0,1.0,1.0,1.0,1.0,29.8515625,64.01953125,56.265625,55.3359375,129.99609375,193.51953125,168.99609375,174.6953125,0.0,0.0,2.03125,48.11897277832031
none,0,335,1.0,0.0,1.0,1.0,1.0,1.0,30.27734375,64.796875,56.23828125,55.6015625,129.98828125,195.32421875,169.1953125,173.3515625,0.0,0.0,2.14453125,48.44811248779297
none,0,336,1.0,0.0,1.0,1.0,1.0,1.0,30.26171875,65.125,55.7265625,55.86328125,129.71484375,196.7421875,167.796875,172.4609375,0.0,0.0,1.99609375,48.46995544433594
none,0,337,1.0,0.0,1.0,1.0,1.0,1.0,30.6796875,64.0625,56.7890625,56.296875,134.05078125,192.66796875,169.12109375,175.2890625,0.0,0.0,2.16796875,48.56608200073242
none,0,338,1.0,0.0,1.0,1.0,1.0,1.0,30.77734375,65.91015625,56.90234375,54.87890625,132.44921875,197.86328125,168.54296875,169.5234375,0.0,0.0,2.03125,49.409751892089844
none,0,339,1.0,0.0,1.0,1.0,1.0,1.0,31.66796875,64.76953125,56.24609375,55.15234375,135.484375,194.53515625,168.26953125,169.87109375,0.0,0.0,1.84765625,48.28437423706055
none,0,340,1.0,0.0,1.0,1.0,1.0,1.0,31.03125,63.453125,57.24609375,56.0703125,134.375,189.68359375,169.55859375,172.9609375,0.0,0.0,2.015625,48.547584533691406
none,0,341,1.0,0.0,1.0,1.0,1.0,1.0,30.9765625,64.9765625,57.53515625,55.5078125,135.09375,193.58203125,169.921875,170.19921875,0.0,0.0,2.0390625,49.06333541870117
none,0,342,1.0,0.0,1.0,1.0,1.0,1.0,31.49609375,64.20703125,55.96484375,55.48046875,135.87890625,191.890625,164.8203125,169.48828125,0.0,0.0,1.96875,48.16666793823242
none,0,343,1.0,0.0,1.0,1.0,1.0,1.0,29.9765625,64.71484375,57.0234375,56.5,129.50390625,193.6640625,170.01171875,173.125,0.0,0.0,2.01171875,49.29108810424805
none,0,344,1.0,0.0,1.0,1.0,1.0,1.0,31.765625,63.234375,57.09375,56.08203125,136.21484375,189.5703125,169.7265625,172.47265625,0.0,0.0,1.9140625,48.369869232177734
none,0,345,1.0,0.0,1.0,1.0,1.0,1.0,32.03125,63.5859375,56.57421875,56.01953125,136.21484375,190.6875,168.0859375,171.7578125,0.0,0.0,1.828125,48.37579345703125
none,0,346,1.0,0.0,1.0,1.0,1.0,1.0,30.38671875,64.87890625,56.8984375,55.32421875,131.38671875,194.48046875,169.00390625,170.40234375,0.0,0.0,1.8671875,48.98438262939453
none,0,347,1.0,0.0,1.0,1.0,1.0,1.0,31.48828125,64.75,58.0546875,57.0,135.8046875,195.109375,171.65234375,174.734375,0.0,0.0,2.05859375,49.73650360107422
none,0,348,1.0,0.0,1.0,1.0,1.0,1.0,30.51171875,63.984375,57.46875,56.484375,133.25,192.29296875,170.20703125,173.44140625,0.0,0.0,1.78125,49.015602111816406
none,0,349,1.0,0.0,1.0,1.0,1.0,1.0,31.5546875,64.8203125,57.05859375,56.0546875,136.06640625,195.62890625,170.31640625,172.88671875,0.0,0.0,1.7890625,48.96192932128906
none,0,350,1.0,0.0,1.0,1.0,1.0,1.0,30.37109375,64.203125,58.19140625,56.00390625,132.4765625,193.68359375,172.65625,171.8828125,0.0,0.0,1.88671875,49.3176383972168
none,0,351,1.0,0.0,1.0,1.0,1.0,1.0,30.87109375,65.25,58.0,56.60546875,132.18359375,196.12109375,171.44921875,172.0390625,0.0,0.0,1.8515625,50.13044738769531
none,0,352,1.0,0.0,1.0,1.0,1.0,1.0,30.10546875,65.16015625,56.69921875,55.75,129.40625,194.73828125,167.0234375,169.87109375,0.0,0.0,1.828125,49.06000900268555
none,0,353,1.0,0.0,1.0,1.0,1.0,1.0,30.75,64.625,57.34375,56.19921875,131.609375,195.03515625,168.015625,170.6640625,0.0,0.0,1.8359375,49.07189178466797
none,0,354,1.0,0.0,1.0,1.0,1.0,1.0,30.28515625,64.45703125,58.390625,56.578125,129.33984375,192.84765625,171.26171875,172.38671875,0.0,0.0,1.66796875,49.71546936035156
none,0,355,1.0,0.0,1.0,1.0,1.0,1.0,31.421875,64.44140625,57.54296875,56.84765625,134.140625,193.0390625,170.24609375,172.53515625,0.0,0.0,1.65625,49.72709274291992
none,0,356,1.0,0.0,1.0,1.0,1.0,1.0,30.4921875,64.0078125,58.5234375,57.7578125,132.6953125,192.109375,171.90625,175.15625,0.0,0.0,1.90234375,50.148895263671875
none,0,357,1.0,0.0,1.0,1.0,1.0,1.0,30.73046875,63.51171875,56.9921875,57.3984375,134.75390625,190.05078125,168.18359375,174.0078125,0.0,0.0,1.66796875,48.97835922241211
none,0,358,1.0,0.0,1.0,1.0,1.0,1.0,30.2734375,64.20703125,57.71875,55.99609375,131.7890625,193.09375,169.74609375,169.21484375,0.0,0.0,1.84375,49.17777633666992
none,0,359,1.0,0.0,1.0,1.0,1.0,1.0,30.97265625,63.60546875,58.453125,57.89453125,135.55078125,190.35546875,171.76953125,176.37890625,0.0,0.0,1.921875,49.743221282958984
none,0,360,1.0,0.0,1.0,1.0,1.0,1.0,30.83984375,65.12890625,58.59765625,57.0,136.15625,194.265625,172.9453125,172.23828125,0.0,0.0,1.6484375,49.983211517333984
none,0,361,1.0,0.0,1.0,1.0,1.0,1.0,31.5,64.69921875,57.2734375,56.5234375,137.8125,194.859375,169.796875,170.83203125,0.0,0.0,1.765625,49.02592086791992
none,0,362,1.0,0.0,1.0,1.0,1.0,1.0,30.93359375,65.3203125,58.45703125,55.578125,136.36328125,197.234375,173.59375,170.28515625,0.0,0.0,1.703125,49.73407745361328
none,0,363,1.0,0.0,1.0,1.0,1.0,1.0,31.0546875,64.30859375,57.01171875,56.65234375,136.67578125,193.31640625,168.69921875,171.83984375,0.0,0.0,1.734375,48.901756286621094
none,0,364,1.0,0.0,1.0,1.0,1.0,1.0,30.98828125,64.28515625,57.07421875,55.67578125,136.45703125,193.28515625,170.03515625,170.61328125,0.0,0.0,1.70703125,48.92572021484375
none,0,365,1.0,0.0,1.0,1.0,1.0,1.0,31.28515625,63.87890625,57.0390625,56.53125,138.22265625,193.13671875,170.4296875,173.48046875,0.0,0.0,1.92578125,48.850242614746094
none,0,366,1.0,0.0,1.0,1.0,1.0,1.0,31.11328125,63.86328125,58.015625,54.515625,135.69140625,192.48828125,172.8359375,167.56640625,0.0,0.0,1.80859375,48.28207015991211
none,0,367,1.0,0.0,1.0,1.0,1.0,1.0,31.59375,64.0703125,57.640625,56.75390625,138.5546875,193.16796875,171.50390625,173.296875,0.0,0.0,1.77734375,49.050376892089844
none,0,368,1.0,0.0,1.0,1.0,1.0,1.0,32.56640625,65.08203125,56.03125,56.625,142.015625,196.86328125,167.16796875,174.33984375,0.0,0.0,1.95703125,48.390846252441406
none,0,369,1.0,0.0,1.0,1.0,1.0,1.0,30.953125,64.74609375,57.98046875,57.26171875,137.16015625,196.5625,171.46484375,175.37109375,0.0,0.0,1.921875,49.83964538574219
none,0,370,1.0,0.0,1.0,1.0,1.0,1.0,31.02734375,64.6171875,57.32421875,56.29296875,136.41796875,196.04296875,170.58984375,173.9765625,0.0,0.0,1.9296875,49.04691696166992
none,0,371,1.0,0.0,1.0,1.0,1.0,1.0,30.6640625,63.15234375,58.35546875,56.86328125,137.14453125,191.453125,174.171875,172.421875,0.0,0.0,2.0859375,49.420127868652344
none,0,372,1.0,0.0,1.0,1.0,1.0,1.0,30.84375,63.94140625,57.6328125,57.390625,137.390625,193.04296875,170.90625,177.0234375,0.0,0.0,2.0859375,49.51179122924805
none,0,373,1.0,0.0,1.0,1.0,1.0,1.0,30.94921875,63.70703125,58.45703125,57.94921875,136.73828125,191.640625,172.97265625,177.46484375,0.0,0.0,2.0625,49.91596603393555
none,0,374,1.0,0.0,1.0,1.0,1.0,1.0,30.52734375,64.1875,57.0703125,56.890625,136.796875,193.97265625,169.015625,174.26953125,0.0,0.0,1.96484375,49.057247161865234
none,0,375,1.0,0.0,1.0,1.0,1.0,1.0,30.22265625,64.375,58.234375,56.9375,133.55078125,193.43359375,170.83203125,173.2109375,0.0,0.0,1.9765625,49.91790008544922
none,0,376,1.0,0.0,1.0,1.0,1.0,1.0,30.09765625,65.23046875,57.43359375,56.00390625,131.72265625,196.47265625,169.58984375,170.79296875,0.0,0.0,1.94140625,49.589019775390625
none,0,377,1.0,0.0,1.0,1.0,1.0,1.0,31.37890625,62.96875,59.2265625,58.296875,138.01953125,188.47265625,174.35546875,176.88671875,0.0,0.0,2.06640625,49.568084716796875
none,0,378,1.0,0.0,1.0,1.0,1.0,1.0,30.5859375,63.45703125,58.68359375,57.13671875,134.86328125,189.64453125,172.59765625,173.84375,0.0,0.0,1.98828125,49.710723876953125
none,0,379,1.0,0.0,1.0,1.0,1.0,1.0,31.390625,63.89453125,58.09765625,56.484375,138.0625,192.66015625,171.3515625,172.66015625,0.0,0.0,1.95703125,48.94220733642578
none,0,380,1.0,0.0,1.0,1.0,1.0,1.0,30.52734375,64.44921875,59.22265625,57.9140625,132.359375,192.8828125,173.609375,175.58984375,0.0,0.0,2.09375,50.46577453613281
none,0,381,1.0,0.0,1.0,1.0,1.0,1.0,31.125,63.5703125,57.16796875,58.421875,137.22265625,190.91796875,168.71875,177.7578125,0.0,0.0,1.94921875,49.39825439453125
none,0,382,1.0,0.0,1.0,1.0,1.0,1.0,31.921875,63.56640625,58.8828125,58.8125,138.24609375,191.2109375,171.97265625,179.515625,0.0,0.0,1.9453125,50.111961364746094
none,0,383,1.0,0.0,1.0,1.0,1.0,1.0,29.9453125,64.78515625,59.24609375,57.39453125,133.59765625,193.28515625,174.51171875,174.49609375,0.0,0.0,2.0546875,50.39634323120117
none,0,384,1.0,0.0,1.0,1.0,1.0,1.0,29.96875,64.04296875,59.27734375,58.3828125,132.2265625,191.40234375,175.34765625,177.375,0.0,0.0,1.9375,50.657493591308594
none,0,385,1.0,0.0,1.0,1.0,1.0,1.0,29.8671875,66.0078125,59.0625,56.6875,131.38671875,198.1796875,173.75,172.6640625,0.0,0.0,2.0,50.712928771972656
none,0,386,1.0,0.0,1.0,1.0,1.0,1.0,30.328125,65.19140625,58.8515625,57.09375,133.296875,194.2265625,172.984375,173.15625,0.0,0.0,1.71484375,50.50388717651367
none,0,387,1.0,0.0,1.0,1.0,1.0,1.0,31.28515625,63.67578125,58.58203125,58.21484375,138.19921875,190.2265625,171.05859375,176.7421875,0.0,0.0,1.82421875,49.74376678466797
none,0,388,1.0,0.0,1.0,1.0,1.0,1.0,30.40234375,65.1796875,57.56640625,57.2734375,135.13671875,194.62890625,168.70703125,174.890625,0.0,0.0,1.9296875,50.103572845458984
none,0,389,1.0,0.0,1.0,1.0,1.0,1.0,30.265625,63.91796875,59.2734375,58.17578125,135.9296875,190.80078125,173.6875,176.90625,0.0,0.0,1.875,50.39613342285156
none,0,390,1.0,0.0,1.0,1.0,1.0,1.0,31.50390625,65.2109375,59.56640625,58.01953125,139.84375,193.5,173.19140625,176.5390625,0.0,0.0,1.90234375,50.58576583862305
none,0,391,1.0,0.0,1.0,1.0,1.0,1.0,31.29296875,64.81640625,59.125,57.58984375,138.3984375,194.15234375,172.29296875,174.96484375,0.0,0.0,1.91015625,50.27379608154297
none,0,392,1.0,0.0,1.0,1.0,1.0,1.0,31.82421875,65.26953125,57.625,57.57421875,140.9375,194.03515625,168.96875,174.56640625,0.0,0.0,1.78125,50.005855560302734
none,0,393,1.0,0.0,1.0,1.0,1.0,1.0,31.1328125,66.0078125,57.96875,56.765625,137.40234375,197.53515625,168.5859375,172.21875,0.0,0.0,1.90234375,50.41594696044922
none,0,394,1.0,0.0,1.0,1.0,1.0,1.0,30.54296875,65.25,59.05859375,58.20703125,136.5703125,194.19921875,172.1328125,175.77734375,0.0,0.0,1.65625,50.873958587646484
none,0,395,1.0,0.0,1.0,1.0,1.0,1.0,30.125,64.5546875,59.25390625,58.16015625,131.60546875,193.6015625,174.515625,175.34375,0.0,0.0,1.8203125,50.7989501953125
none,0,396,1.0,0.0,1.0,1.0,1.0,1.0,29.7578125,66.84765625,59.6171875,56.4609375,133.71875,200.51953125,174.0625,170.65234375,0.0,0.0,1.890625,50.96836471557617
none,0,397,1.0,0.0,1.0,1.0,1.0,1.0,30.13671875,65.1171875,60.37109375,55.66015625,133.8359375,196.23828125,175.953125,167.67578125,0.0,0.0,1.87109375,50.57916259765625
none,0,398,1.0,0.0,1.0,1.0,1.0,1.0,30.328125,66.4609375,59.3203125,55.36328125,133.21875,199.70703125,173.65234375,168.44921875,0.0,0.0,1.87890625,50.49551010131836
none,0,399,1.0,0.0,1.0,1.0,1.0,1.0,30.49609375,64.80078125,58.703125,56.16015625,135.2890625,193.5703125,171.1640625,169.64453125,0.0,0.0,1.69140625,49.75608825683594
none,0,400,1.0,0.0,1.0,1.0,1.0,1.0,29.73828125,66.73828125,59.47265625,56.22265625,131.37890625,199.0546875,173.44140625,169.81640625,0.0,0.0,1.8125,50.92902755737305
none,0,401,1.0,0.0,1.0,1.0,1.0,1.0,30.1015625,64.6171875,59.7734375,56.11328125,133.953125,193.05859375,173.97265625,170.09375,0.0,0.0,1.796875,50.26514434814453
none,0,402,1.0,0.0,1.0,1.0,1.0,1.0,30.2578125,65.19140625,59.74609375,57.7109375,135.0078125,195.4609375,174.34375,175.0234375,0.0,0.0,1.84765625,50.83397674560547
none,0,403,1.0,0.0,1.0,1.0,1.0,1.0,29.84765625,65.984375,59.6640625,56.9140625,133.08984375,196.609375,175.53515625,170.61328125,0.0,0.0,1.875,51.00980758666992
none,0,404,1.0,0.0,1.0,1.0,1.0,1.0,29.7578125,64.92578125,60.0078125,56.54296875,134.375,195.8828125,176.359375,171.8125,0.0,0.0,1.78125,50.67814254760742
none,0,405,1.0,0.0,1.0,1.0,1.0,1.0,30.20703125,64.140625,60.27734375,58.2109375,134.328125,191.15234375,177.96875,176.265625,0.0,0.0,1.765625,50.60746383666992
none,0,406,1.0,0.0,1.0,1.0,1.0,1.0,30.18359375,63.5234375,59.38671875,58.98828125,137.0703125,191.31640625,175.35546875,179.6953125,0.0,0.0,1.875,50.5010986328125
none,0,407,1.0,0.0,1.0,1.0,1.0,1.0,28.6640625,65.44140625,62.09375,57.84375,129.95703125,194.765625,182.23046875,175.5546875,0.0,0.0,1.890625,51.95897674560547
none,0,408,1.0,0.0,1.0,1.0,1.0,1.0,29.0390625,65.73046875,59.27734375,57.4453125,129.90625,197.0,173.7890625,172.9609375,0.0,0.0,1.8046875,50.85791015625
none,0,409,1.0,0.0,1.0,1.0,1.0,1.0,30.8046875,65.16796875,60.16015625,58.75,135.8671875,195.0625,176.390625,178.00390625,0.0,0.0,1.72265625,51.08320236206055
none,0,410,1.0,0.0,1.0,1.0,1.0,1.0,29.296875,65.71484375,60.625,57.1015625,133.125,195.4375,176.29296875,173.3125,0.0,0.0,1.80078125,51.30442428588867
none,0,411,1.0,0.0,1.0,1.0,1.0,1.0,29.88671875,65.6796875,60.9296875,57.33203125,132.91796875,195.265625,176.77734375,172.32421875,0.0,0.0,1.84765625,51.20497131347656
none,0,412,1.0,0.0,1.0,1.0,1.0,1.0,29.98828125,66.45703125,60.66796875,57.22265625,131.71875,199.55078125,177.40625,172.90625,0.0,0.0,1.73828125,51.36381530761719
none,0,413,1.0,0.0,1.0,1.0,1.0,1.0,30.25390625,66.34765625,60.5234375,57.4765625,134.59375,197.61328125,175.96484375,174.01171875,0.0,0.0,1.83984375,51.506126403808594
none,0,414,1.0,0.0,1.0,1.0,1.0,1.0,30.08203125,65.484375,59.19921875,58.2578125,135.20703125,194.9296875,172.9609375,175.29296875,0.0,0.0,1.71875,50.85880661010742
none,0,415,1.0,0.0,1.0,1.0,1.0,1.0,30.53515625,66.1171875,61.85546875,58.25,136.11328125,197.0703125,181.37890625,175.98046875,0.0,0.0,1.703125,52.324195861816406
none,0,416,1.0,0.0,1.0,1.0,1.0,1.0,30.56640625,64.24609375,60.3359375,58.61328125,139.078125,191.41015625,176.0390625,177.81640625,0.0,0.0,1.640625,51.056453704833984
none,0,417,1.0,0.0,1.0,1.0,1.0,1.0,30.6640625,65.35546875,61.59765625,58.59375,137.88671875,193.7734375,178.71484375,177.28515625,0.0,0.0,1.8203125,51.738197326660156
none,0,418,1.0,0.0,1.0,1.0,1.0,1.0,30.96484375,65.71484375,60.2734375,58.03125,139.98828125,196.171875,174.0859375,174.97265625,0.0,0.0,1.7734375,51.258235931396484
none,0,419,1.0,0.0,1.0,1.0,1.0,1.0,29.6640625,65.81640625,61.2265625,57.75,136.2109375,194.88671875,177.94921875,175.01171875,0.0,0.0,1.70703125,51.49687957763672
none,0,420,1.0,0.0,1.0,1.0,1.0,1.0,30.265625,66.53515625,61.515625,58.97265625,135.34765625,197.73046875,178.3125,176.86328125,0.0,0.0,1.6640625,52.64933776855469
none,0,421,1.0,0.0,1.0,1.0,1.0,1.0,30.70703125,66.640625,60.42578125,59.73828125,139.54296875,197.53515625,174.765625,179.84765625,0.0,0.0,1.6328125,52.46550750732422
none,0,422,1.0,0.0,1.0,1.0,1.0,1.0,30.96875,66.51953125,61.921875,58.85546875,138.30078125,197.4921875,179.49609375,175.875,0.0,0.0,1.72265625,52.249229431152344
none,0,423,1.0,0.0,1.0,1.0,1.0,1.0,31.50390625,66.30859375,60.77734375,58.96484375,140.390625,196.59375,176.47265625,175.87890625,0.0,0.0,1.671875,51.75675964355469
none,0,424,1.0,0.0,1.0,1.0,1.0,1.0,30.11328125,64.40234375,62.08203125,59.3125,135.55078125,190.2265625,181.44921875,176.859375,0.0,0.0,1.55859375,52.02941131591797
none,0,425,1.0,0.0,1.0,1.0,1.0,1.0,30.0234375,64.3671875,62.22265625,58.80078125,137.54296875,189.26953125,181.51171875,177.46875,0.0,0.0,1.62109375,51.89132308959961
none,0,426,1.0,0.0,1.0,1.0,1.0,1.0,29.109375,66.53125,60.7421875,57.28125,133.02734375,197.5234375,175.3828125,172.09765625,0.0,0.0,1.5625,51.57990264892578
none,0,427,1.0,0.0,1.0,1.0,1.0,1.0,29.55859375,66.6484375,60.03125,58.0546875,134.9375,197.61328125,174.51953125,175.1640625,0.0,0.0,1.6328125,51.88116455078125
none,0,428,1.0,0.0,1.0,1.0,1.0,1.0,29.75,66.60546875,60.6015625,58.0625,134.95703125,197.0390625,175.87890625,173.73828125,0.0,0.0,1.76953125,51.717315673828125
none,0,429,1.0,0.0,1.0,1.0,1.0,1.0,28.91015625,66.109375,61.2734375,59.51171875,134.67578125,194.28125,177.5703125,179.04296875,0.0,0.0,2.01953125,52.62030792236328
none,0,430,1.0,0.0,1.0,1.0,1.0,1.0,30.05859375,66.5703125,61.3828125,57.57421875,137.5234375,196.43359375,178.16796875,173.0703125,0.0,0.0,1.91796875,52.17302703857422
none,0,431,1.0,0.0,1.0,1.0,1.0,1.0,29.14453125,67.08984375,61.34375,58.1640625,133.95703125,197.2109375,178.140625,175.9609375,0.0,0.0,1.796875,52.466888427734375
none,0,432,1.0,0.0,1.0,1.0,1.0,1.0,29.1875,67.28125,60.70703125,58.3515625,134.7578125,199.3125,174.828125,174.80078125,0.0,0.0,1.8203125,52.412353515625
none,0,433,1.0,0.0,1.0,1.0,1.0,1.0,29.63671875,66.1875,60.859375,57.76953125,137.9296875,195.4765625,175.609375,173.72265625,0.0,0.0,1.890625,51.582603454589844
none,0,434,1.0,0.0,1.0,1.0,1.0,1.0,28.83203125,66.66015625,60.8515625,59.4140625,131.94921875,196.53515625,175.87890625,178.19921875,0.0,0.0,1.875,52.22454833984375
none,0,435,1.0,0.0,1.0,1.0,1.0,1.0,29.296875,66.6796875,61.15234375,58.93359375,132.40234375,197.74609375,176.23828125,176.9765625,0.0,0.0,1.71875,52.207923889160156
none,0,436,1.0,0.0,1.0,1.0,1.0,1.0,28.73046875,65.296875,62.2109375,58.40234375,131.3828125,193.796875,179.51171875,175.3359375,0.0,0.0,1.68359375,52.358299255371094
none,0,437,1.0,0.0,1.0,1.0,1.0,1.0,29.44140625,66.59765625,61.05078125,58.609375,137.5390625,195.48828125,178.29296875,177.04296875,0.0,0.0,1.9296875,52.09827423095703
none,0,438,1.0,0.0,1.0,1.0,1.0,1.0,27.34375,66.08203125,63.04296875,58.19921875,128.78515625,194.81640625,182.42578125,175.265625,0.0,0.0,1.66015625,52.909881591796875
none,0,439,1.0,0.0,1.0,1.0,1.0,1.0,28.7890625,66.5078125,62.11328125,58.23828125,134.33984375,198.5,181.83203125,174.40625,0.0,0.0,1.74609375,52.7823486328125
none,0,440,1.0,0.0,1.0,1.0,1.0,1.0,28.38671875,66.1328125,61.16015625,58.5859375,133.796875,194.19921875,177.265625,177.0625,0.0,0.0,1.83203125,52.02476119995117
none,0,441,1.0,0.0,1.0,1.0,1.0,1.0,26.87109375,66.609375,62.01953125,57.8515625,126.26953125,197.21484375,180.828125,173.70703125,0.0,0.0,1.8828125,52.53424835205078
none,0,442,1.0,0.0,1.0,1.0,1.0,1.0,28.25390625,65.8125,62.0859375,59.4296875,131.46484375,194.62890625,180.0703125,178.8203125,0.0,0.0,1.77734375,52.68833541870117
none,0,443,1.0,0.0,1.0,1.0,1.0,1.0,27.09375,66.40234375,61.40234375,59.16015625,129.5859375,197.28515625,177.91015625,176.49609375,0.0,0.0,1.84765625,52.712547302246094
none,0,444,1.0,0.0,1.0,1.0,1.0,1.0,26.9765625,66.7421875,61.39453125,58.69140625,126.078125,195.9140625,179.12109375,176.2890625,0.0,0.0,1.734375,52.47442626953125
none,0,445,1.0,0.0,1.0,1.0,1.0,1.0,26.91796875,68.3828125,62.0859375,57.86328125,124.3046875,202.03515625,179.58203125,173.24609375,0.0,0.0,1.73046875,53.712886810302734
none,0,446,1.0,0.0,1.0,1.0,1.0,1.0,28.7265625,69.1484375,61.05859375,57.10546875,132.953125,204.2734375,176.0625,171.703125,0.0,0.0,1.83984375,52.99805450439453
none,0,447,1.0,0.0,1.0,1.0,1.0,1.0,27.2421875,66.9140625,62.109375,58.67578125,125.34375,197.0703125,178.8828125,174.84375,0.0,0.0,1.75390625,53.09525680541992
none,0,448,1.0,0.0,1.0,1.0,1.0,1.0,28.01953125,67.8359375,62.84375,57.48828125,128.3828125,197.703125,180.1953125,171.50390625,0.0,0.0,1.68359375,52.94287109375
none,0,449,1.0,0.0,1.0,1.0,1.0,1.0,27.16796875,66.609375,62.0546875,57.8359375,124.87109375,195.1171875,178.05078125,173.2265625,0.0,0.0,1.8359375,52.30970764160156
none,0,450,1.0,0.0,1.0,1.0,1.0,1.0,27.0390625,67.66796875,62.609375,57.890625,123.296875,198.640625,180.75,173.453125,0.0,0.0,1.7734375,53.08349609375
none,0,451,1.0,0.0,1.0,1.0,1.0,1.0,27.8359375,66.35546875,62.78515625,57.23046875,129.1875,194.6796875,179.71875,170.625,0.0,0.0,1.76953125,52.33296203613281
none,0,452,1.0,0.0,1.0,1.0,1.0,1.0,26.87109375,66.66796875,62.53515625,58.28125,125.21875,194.67578125,179.2109375,173.69140625,0.0,0.0,1.7109375,53.13801193237305
none,0,453,1.0,0.0,1.0,1.0,1.0,1.0,27.2890625,67.10546875,63.640625,58.19140625,126.99609375,195.43359375,182.54296875,174.10546875,0.0,0.0,1.7421875,53.46063995361328
none,0,454,1.0,0.0,1.0,1.0,1.0,1.0,27.01953125,66.80078125,62.6015625,58.83984375,125.17578125,195.16015625,181.453125,175.078125,0.0,0.0,1.65234375,53.058982849121094
none,0,455,1.0,0.0,1.0,1.0,1.0,1.0,27.1484375,67.55078125,62.53125,58.05078125,125.6171875,197.38671875,179.96875,173.953125,0.0,0.0,1.78125,53.08007049560547
none,0,456,1.0,0.0,1.0,1.0,1.0,1.0,28.39453125,68.046875,61.796875,56.88671875,131.1171875,198.95703125,176.83203125,169.828125,0.0,0.0,1.7109375,52.65132141113281
none,0,457,1.0,0.0,1.0,1.0,1.0,1.0,26.50390625,69.44140625,62.953125,57.109375,123.921875,202.95703125,179.08203125,170.828125,0.0,0.0,1.796875,53.739341735839844
none,0,458,1.0,0.0,1.0,1.0,1.0,1.0,27.33203125,68.79296875,62.296875,58.19140625,128.265625,201.6796875,178.31640625,174.25390625,0.0,0.0,1.75390625,53.29400634765625
none,0,459,1.0,0.0,1.0,1.0,1.0,1.0,25.828125,67.85546875,62.47265625,57.54296875,121.84375,198.390625,179.0859375,171.2109375,0.0,0.0,1.8515625,53.448570251464844
none,0,460,1.0,0.0,1.0,1.0,1.0,1.0,26.80859375,67.546875,62.19921875,58.6484375,126.12890625,198.1796875,178.578125,177.16015625,0.0,0.0,1.75390625,53.446632385253906
none,0,461,1.0,0.0,1.0,1.0,1.0,1.0,26.58984375,68.3828125,61.82421875,57.83203125,125.32421875,199.37890625,176.84765625,172.67578125,0.0,0.0,1.671875,53.39897918701172
none,0,462,1.0,0.0,1.0,1.0,1.0,1.0,26.83203125,68.6171875,63.24609375,58.6484375,126.625,200.17578125,180.734375,174.55078125,0.0,0.0,1.765625,53.94786071777344
none,0,463,1.0,0.0,1.0,1.0,1.0,1.0,26.0703125,69.04296875,63.98828125,57.6171875,123.83984375,200.97265625,183.77734375,172.02734375,0.0,0.0,1.80078125,54.38897705078125
none,0,464,1.0,0.0,1.0,1.0,1.0,1.0,26.26953125,68.5703125,63.26953125,57.55859375,125.80859375,199.5,181.39453125,171.6171875,0.0,0.0,1.71875,53.70683288574219
none,0,465,1.0,0.0,1.0,1.0,1.0,1.0,26.01171875,69.109375,62.54296875,58.390625,122.5625,202.72265625,180.0234375,173.35546875,0.0,0.0,1.7265625,54.07997131347656
none,0,466,1.0,0.0,1.0,1.0,1.0,1.0,26.51171875,68.609375,63.109375,58.28515625,125.89453125,200.4765625,181.84765625,174.95703125,0.0,0.0,1.703125,54.09821319580078
none,0,467,1.0,0.0,1.0,1.0,1.0,1.0,25.4921875,68.234375,62.94140625,57.17578125,124.12109375,198.46875,179.421875,171.61328125,0.0,0.0,1.59765625,53.173072814941406
none,0,468,1.0,0.0,1.0,1.0,1.0,1.0,25.6796875,69.4921875,63.1640625,57.53515625,122.59765625,202.84375,181.20703125,169.89453125,0.0,0.0,1.69921875,54.01089096069336
none,0,469,1.0,0.0,1.0,1.0,1.0,1.0,25.62890625,68.59765625,62.71875,58.171875,121.46875,199.02734375,179.4140625,171.83984375,0.0,0.0,1.6015625,54.05259323120117
none,0,470,1.0,0.0,1.0,1.0,1.0,1.0,25.93359375,68.421875,63.23046875,56.92578125,122.86328125,198.46875,179.61328125,168.78515625,0.0,0.0,1.6484375,53.74680709838867
none,0,471,1.0,0.0,1.0,1.0,1.0,1.0,25.828125,69.09765625,64.734375,57.11328125,122.765625,200.0078125,186.375,168.54296875,0.0,0.0,1.65625,54.284263610839844
none,0,472,1.0,0.0,1.0,1.0,1.0,1.0,26.203125,68.796875,65.0234375,57.41015625,125.078125,200.1640625,185.60546875,170.3046875,0.0,0.0,1.6796875,54.515743255615234
none,0,473,1.0,0.0,1.0,1.0,1.0,1.0,26.1875,68.578125,63.79296875,58.52734375,125.6484375,199.37890625,182.421875,173.765625,0.0,0.0,1.6328125,54.412445068359375
none,0,474,1.0,0.0,1.0,1.0,1.0,1.0,26.1015625,68.72265625,63.62890625,58.390625,124.76953125,199.53125,181.55078125,173.8515625,0.0,0.0,1.62109375,54.317054748535156
none,0,475,1.0,0.0,1.0,1.0,1.0,1.0,26.734375,68.703125,63.74609375,58.078125,126.4609375,199.4765625,181.27734375,172.83203125,0.0,0.0,1.69921875,53.92871856689453
none,0,476,1.0,0.0,1.0,1.0,1.0,1.0,26.60546875,66.734375,63.39453125,57.765625,126.96875,192.1953125,180.0703125,171.6640625,0.0,0.0,1.84765625,52.86821746826172
none,0,477,1.0,0.0,1.0,1.0,1.0,1.0,26.3046875,68.31640625,64.60546875,58.48828125,124.98046875,197.984375,184.5234375,175.25390625,0.0,0.0,1.78125,54.185035705566406
none,0,478,1.0,0.0,1.0,1.0,1.0,1.0,25.29296875,69.3046875,63.76953125,57.6875,123.17578125,200.23046875,181.73046875,171.26171875,0.0,0.0,1.796875,54.43992233276367
none,0,479,1.0,0.0,1.0,1.0,1.0,1.0,27.17578125,68.46875,63.4609375,58.34765625,128.26953125,199.1015625,182.203125,174.78125,0.0,0.0,1.86328125,54.11872863769531
none,0,480,1.0,0.0,1.0,1.0,1.0,1.0,25.5078125,67.64453125,63.8515625,59.671875,123.12109375,196.34375,182.25390625,179.140625,0.0,0.0,1.52734375,54.47576141357422
none,0,481,1.0,0.0,1.0,1.0,1.0,1.0,25.71484375,70.875,64.4375,55.93359375,123.47265625,206.0703125,183.96484375,167.73046875,0.0,0.0,1.68359375,54.85729217529297
none,0,482,1.0,0.0,1.0,1.0,1.0,1.0,26.52734375,68.59375,64.07421875,58.82421875,127.140625,199.921875,182.078125,177.5859375,0.0,0.0,1.58984375,54.3768424987793
none,0,483,1.0,0.0,1.0,1.0,1.0,1.0,25.78515625,68.58203125,64.80859375,57.72265625,123.83984375,200.44140625,186.13671875,172.12109375,0.0,0.0,1.65625,54.516998291015625
none,0,484,1.0,0.0,1.0,1.0,1.0,1.0,25.4296875,68.81640625,63.6015625,58.41796875,124.03515625,200.94140625,181.93359375,174.6875,0.0,0.0,1.55859375,54.41783905029297
none,0,485,1.0,0.0,1.0,1.0,1.0,1.0,26.68359375,69.921875,64.3671875,56.93359375,127.87109375,202.75390625,184.09375,169.71875,0.0,0.0,1.8046875,54.41786193847656
none,0,486,1.0,0.0,1.0,1.0,1.0,1.0,25.4453125,70.703125,63.7109375,56.921875,123.546875,205.08984375,180.95703125,168.59765625,0.0,0.0,1.58984375,54.65046310424805
none,0,487,1.0,0.0,1.0,1.0,1.0,1.0,26.60546875,70.0625,63.5078125,58.5078125,126.78515625,203.05078125,181.38671875,172.98828125,0.0,0.0,1.50390625,55.18809127807617
none,0,488,1.0,0.0,1.0,1.0,1.0,1.0,26.0,71.1171875,65.34375,56.7265625,122.2734375,203.91796875,185.97265625,167.42578125,0.0,0.0,1.53125,55.414215087890625
none,0,489,1.0,0.0,1.0,1.0,1.0,1.0,25.84765625,69.5234375,65.1015625,57.79296875,122.53515625,200.64453125,185.34375,171.5,0.0,0.0,1.4296875,55.06759262084961
none,0,490,1.0,0.0,1.0,1.0,1.0,1.0,25.4921875,69.90625,64.9453125,57.46875,121.12109375,202.1484375,184.91015625,169.91796875,0.0,0.0,1.4765625,55.0410270690918
none,0,491,1.0,0.0,1.0,1.0,1.0,1.0,26.66015625,68.8671875,64.8046875,58.14453125,124.9140625,197.20703125,185.19921875,172.08984375,0.0,0.0,1.51171875,54.501522064208984
none,0,492,1.0,0.0,1.0,1.0,1.0,1.0,26.33203125,69.3359375,65.28125,58.25390625,125.64453125,199.2578125,184.60546875,172.17578125,0.0,0.0,1.546875,55.24833679199219
none,0,493,1.0,0.0,1.0,1.0,1.0,1.0,26.04296875,69.60546875,65.15234375,57.62890625,124.76171875,200.55859375,184.7265625,171.01953125,0.0,0.0,1.421875,55.27977752685547
none,0,494,1.0,0.0,1.0,1.0,1.0,1.0,26.66796875,69.6015625,64.2890625,58.8671875,129.078125,199.6328125,183.48828125,175.51953125,0.0,0.0,1.41015625,55.28648376464844
none,0,495,1.0,0.0,1.0,1.0,1.0,1.0,26.25390625,69.453125,64.20703125,59.5234375,128.62890625,200.95703125,183.90234375,178.80078125,0.0,0.0,1.4609375,55.076812744140625
none,0,496,1.0,0.0,1.0,1.0,1.0,1.0,25.921875,68.75,64.5,58.49609375,123.78125,198.65234375,185.61328125,175.41015625,0.0,0.0,1.53125,54.67826843261719
none,0,497,1.0,0.0,1.0,1.0,1.0,1.0,25.8984375,68.625,64.4609375,59.9765625,127.27734375,196.3515625,184.9921875,179.45703125,0.0,0.0,1.4296875,55.26321029663086
none,0,498,1.0,0.0,1.0,1.0,1.0,1.0,26.1484375,68.3984375,64.28125,59.8125,128.875,196.78125,183.48046875,179.6953125,0.0,0.0,1.52734375,54.929229736328125
none,0,499,1.0,0.0,1.0,1.0,1.0,1.0,26.22265625,67.0859375,64.9140625,59.734375,129.5859375,194.0859375,185.51953125,179.41796875,0.0,0.0,1.48046875,54.631256103515625
none,0,500,1.0,0.0,1.0,1.0,1.0,1.0,25.015625,67.44921875,66.8671875,60.41015625,125.3125,195.3125,189.8828125,180.3828125,0.0,0.0,1.50390625,56.26056671142578
none,0,501,1.0,0.0,1.0,1.0,1.0,1.0,26.52734375,67.6015625,64.75390625,59.3671875,131.82421875,195.140625,184.28515625,178.41796875,0.0,0.0,1.44921875,54.86837387084961
none,0,502,1.0,0.0,1.0,1.0,1.0,1.0,25.84375,68.875,64.54296875,59.4765625,130.06640625,199.23046875,184.69921875,177.23828125,0.0,0.0,1.5625,55.23432540893555
none,0,503,1.0,0.0,1.0,1.0,1.0,1.0,25.3984375,69.5625,65.30859375,58.453125,127.6640625,201.59375,186.63671875,175.9296875,0.0,0.0,1.43359375,55.71782684326172
none,0,504,1.0,0.0,1.0,1.0,1.0,1.0,25.60546875,69.109375,66.05859375,58.96484375,127.28515625,198.625,186.625,175.62890625,0.0,0.0,1.3671875,55.639404296875
none,0,505,1.0,0.0,1.0,1.0,1.0,1.0,25.890625,69.109375,66.76171875,59.4296875,127.10546875,198.39453125,187.984375,176.4453125,0.0,0.0,1.390625,56.16112518310547
none,0,506,1.0,0.0,1.0,1.0,1.0,1.0,24.703125,69.75,66.23828125,58.9765625,122.609375,200.91796875,188.0390625,173.93359375,0.0,0.0,1.42578125,56.09733581542969
none,0,507,1.0,0.0,1.0,1.0,1.0,1.0,24.97265625,69.65625,65.43359375,58.06640625,124.1640625,200.0703125,185.453125,171.296875,0.0,0.0,1.52734375,55.4888916015625
none,0,508,1.0,0.0,1.0,1.0,1.0,1.0,25.0,69.83984375,66.22265625,58.76171875,123.73046875,200.98046875,186.89453125,173.68359375,0.0,0.0,1.5546875,56.07240295410156
none,0,509,1.0,0.0,1.0,1.0,1.0,1.0,25.41796875,70.890625,65.4453125,57.56640625,125.6484375,205.171875,186.09765625,170.27734375,0.0,0.0,1.4375,55.55746078491211
none,0,510,1.0,0.0,1.0,1.0,1.0,1.0,25.16015625,70.43359375,65.5390625,57.48046875,126.05078125,202.4296875,185.12890625,170.87890625,0.0,0.0,1.48828125,55.62333679199219
none,0,511,1.0,0.0,1.0,1.0,1.0,1.0,25.41796875,71.16796875,66.7265625,57.2265625,126.12109375,205.703125,188.21484375,170.1171875,0.0,0.0,1.40234375,56.13224792480469
none,0,512,1.0,0.0,1.0,1.0,1.0,1.0,24.984375,70.88671875,65.73046875,57.359375,124.53125,204.62109375,185.97265625,170.79296875,0.0,0.0,1.51171875,56.21494674682617
none,0,513,1.0,0.0,1.0,1.0,1.0,1.0,24.9921875,71.62890625,66.23828125,58.640625,125.96875,207.1640625,188.83984375,174.41015625,0.0,0.0,1.4140625,56.68619918823242
none,0,514,1.0,0.0,1.0,1.0,1.0,1.0,25.5390625,71.578125,66.66015625,58.2421875,127.84375,207.33203125,188.79296875,173.1640625,0.0,0.0,1.4453125,56.5728759765625
none,0,515,1.0,0.0,1.0,1.0,1.0,1.0,26.08203125,70.37109375,66.08984375,59.58203125,132.4921875,202.6171875,186.43359375,177.92578125,0.0,0.0,1.4453125,56.75260925292969
none,0,516,1.0,0.0,1.0,1.0,1.0,1.0,26.28515625,70.33203125,66.55078125,58.66015625,133.1328125,204.64453125,189.17578125,175.25390625,0.0,0.0,1.32421875,56.063385009765625
none,0,517,1.0,0.0,1.0,1.0,1.0,1.0,25.6875,70.51171875,65.5390625,60.28125,131.1796875,203.546875,185.6953125,180.78125,0.0,0.0,1.37890625,56.78962707519531
none,0,518,1.0,0.0,1.0,1.0,1.0,1.0,26.0625,68.7890625,66.59765625,59.62109375,132.5625,199.06640625,188.953125,179.2109375,0.0,0.0,1.390625,55.942649841308594
none,0,519,1.0,0.0,1.0,1.0,1.0,1.0,25.234375,70.93359375,65.84765625,59.484375,128.671875,204.00390625,187.20703125,178.8125,0.0,0.0,1.33203125,56.7635498046875
none,0,520,1.0,0.0,1.0,1.0,1.0,1.0,25.77734375,69.140625,66.48828125,60.48828125,130.6328125,200.57421875,188.28515625,179.78125,0.0,0.0,1.34375,56.5789794921875
none,0,521,1.0,0.0,1.0,1.0,1.0,1.0,25.578125,68.58984375,67.40625,60.88671875,128.1015625,197.49609375,191.31640625,181.78515625,0.0,0.0,1.23828125,57.03745651245117
none,0,522,1.0,0.0,1.0,1.0,1.0,1.0,25.56640625,69.328125,67.82421875,61.3828125,128.5390625,199.4453125,191.36328125,181.42578125,0.0,0.0,1.26171875,57.59231185913086
none,0,523,1.0,0.0,1.0,1.0,1.0,1.0,25.9453125,69.0703125,67.28125,60.24609375,129.6875,198.62109375,189.80078125,177.7421875,0.0,0.0,1.3046875,56.66899871826172
none,0,524,1.0,0.0,1.0,1.0,1.0,1.0,25.44921875,70.84765625,66.52734375,59.1328125,127.96484375,202.44140625,187.62890625,175.203125,0.0,0.0,1.35546875,57.2008171081543
none,0,525,1.0,0.0,1.0,1.0,1.0,1.0,26.6015625,69.6484375,67.44921875,61.34765625,133.99609375,199.20703125,189.58984375,180.546875,0.0,0.0,1.41015625,57.2618522644043
none,0,526,1.0,0.0,1.0,1.0,1.0,1.0,25.78125,70.12109375,68.3359375,60.51171875,131.11328125,201.67578125,192.14453125,178.71875,0.0,0.0,1.30859375,57.50539779663086
none,0,527,1.0,0.0,1.0,1.0,1.0,1.0,26.44140625,70.69140625,67.6484375,61.47265625,134.47265625,202.9453125,189.6796875,181.796875,0.0,0.0,1.2421875,57.82697677612305
none,0,528,1.0,0.0,1.0,1.0,1.0,1.0,26.109375,70.2109375,67.34765625,60.34375,132.30859375,201.27734375,188.75,179.1875,0.0,0.0,1.28125,57.01360321044922
none,0,529,1.0,0.0,1.0,1.0,1.0,1.0,25.47265625,70.92578125,66.7109375,61.1640625,129.71484375,201.9375,186.9296875,180.33984375,0.0,0.0,1.1875,58.03685760498047
none,0,530,1.0,0.0,1.0,1.0,1.0,1.0,25.62109375,70.06640625,68.47265625,60.625,132.31640625,201.3203125,191.9296875,178.6015625,0.0,0.0,1.31640625,57.942169189453125
none,0,531,1.0,0.0,1.0,1.0,1.0,1.0,25.35546875,70.53515625,66.8671875,59.59765625,130.06640625,202.44921875,188.7109375,174.8984375,0.0,0.0,1.23828125,56.98456954956055
none,0,532,1.0,0.0,1.0,1.0,1.0,1.0,26.25,70.02734375,67.78515625,60.203125,131.5,201.890625,189.74609375,177.4375,0.0,0.0,1.18359375,57.349239349365234
none,0,533,1.0,0.0,1.0,1.0,1.0,1.0,25.1953125,69.26953125,66.39453125,61.32421875,129.0703125,198.2890625,186.9453125,181.1171875,0.0,0.0,1.3671875,56.7093505859375
none,0,534,1.0,0.0,1.0,1.0,1.0,1.0,26.23046875,69.8828125,66.671875,61.78515625,133.5078125,200.03125,187.1328125,181.875,0.0,0.0,1.44921875,57.53983688354492
none,0,535,1.0,0.0,1.0,1.0,1.0,1.0,26.046875,70.80078125,67.44921875,61.53125,133.9296875,201.921875,189.1484375,181.703125,0.0,0.0,1.3984375,58.015987396240234
none,0,536,1.0,0.0,1.0,1.0,1.0,1.0,25.6015625,69.828125,65.671875,62.19921875,133.30859375,199.83984375,184.46484375,182.453125,0.0,0.0,1.20703125,57.164329528808594
none,0,537,1.0,0.0,1.0,1.0,1.0,1.0,26.0,71.3515625,67.30859375,59.91796875,132.390625,204.83203125,188.8125,176.03515625,0.0,0.0,1.328125,57.90873718261719
none,0,538,1.0,0.0,1.0,1.0,1.0,1.0,25.64453125,70.65625,68.6484375,60.265625,131.71484375,201.08984375,192.20703125,177.7109375,0.0,0.0,1.33984375,57.97160339355469
none,0,539,1.0,0.0,1.0,1.0,1.0,1.0,26.140625,72.21484375,67.0234375,59.484375,131.57421875,207.22265625,187.2578125,175.609375,0.0,0.0,1.33203125,57.462371826171875
none,0,540,1.0,0.0,1.0,1.0,1.0,1.0,25.28515625,70.91015625,68.0546875,59.51171875,129.51953125,202.58203125,190.0,174.5859375,0.0,0.0,1.21484375,57.688934326171875
none,0,541,1.0,0.0,1.0,1.0,1.0,1.0,24.51171875,72.0,67.77734375,58.734375,126.78125,206.96484375,190.859375,172.87109375,0.0,0.0,1.1953125,57.398216247558594
none,0,542,1.0,0.0,1.0,1.0,1.0,1.0,24.890625,71.9765625,68.91796875,60.50390625,130.08984375,206.44140625,194.703125,179.734375,0.0,0.0,1.2578125,58.833248138427734
none,0,543,1.0,0.0,1.0,1.0,1.0,1.0,25.546875,70.69140625,68.1484375,60.22265625,132.92578125,203.0390625,192.13671875,178.515625,0.0,0.0,1.36328125,57.876609802246094
none,0,544,1.0,0.0,1.0,1.0,1.0,1.0,25.703125,70.80859375,67.296875,61.29296875,135.171875,203.78515625,190.30078125,183.421875,0.0,0.0,1.39453125,58.183998107910156
none,0,545,1.0,0.0,1.0,1.0,1.0,1.0,25.453125,70.55078125,67.046875,61.3515625,132.50390625,203.4140625,189.63671875,184.7265625,0.0,0.0,1.26953125,57.549072265625
none,0,546,1.0,0.0,1.0,1.0,1.0,1.0,24.83203125,70.5859375,67.703125,61.26953125,129.68359375,202.140625,190.7890625,182.859375,0.0,0.0,1.23828125,57.948326110839844
none,0,547,1.0,0.0,1.0,1.0,1.0,1.0,25.421875,70.28515625,67.2734375,61.48046875,131.96875,202.6015625,189.953125,183.91796875,0.0,0.0,1.37890625,57.93779754638672
none,0,548,1.0,0.0,1.0,1.0,1.0,1.0,25.20703125,70.8671875,68.40625,61.05078125,131.78125,204.08984375,192.41015625,182.15625,0.0,0.0,1.29296875,58.429988861083984
none,0,549,1.0,0.0,1.0,1.0,1.0,1.0,25.21484375,71.87890625,69.0,60.74609375,131.05078125,206.765625,194.33984375,179.40625,0.0,0.0,1.30859375,58.792877197265625
none,0,550,1.0,0.0,1.0,1.0,1.0,1.0,24.69140625,70.69921875,69.04296875,61.59375,130.00390625,203.3125,194.578125,183.88671875,0.0,0.0,1.13671875,58.81321334838867
none,0,551,1.0,0.0,1.0,1.0,1.0,1.0,26.015625,71.5390625,68.640625,61.96875,134.90234375,205.1171875,194.625,183.70703125,0.0,0.0,1.171875,59.1978759765625
none,0,552,1.0,0.0,1.0,1.0,1.0,1.0,25.01171875,71.40234375,69.66796875,60.98046875,130.9765625,204.5546875,196.82421875,180.3828125,0.0,0.0,1.16015625,59.044151306152344
none,0,553,1.0,0.0,1.0,1.0,1.0,1.0,25.73046875,71.15625,68.21484375,61.77734375,131.81640625,203.43359375,191.0625,183.15234375,0.0,0.0,1.04296875,58.73419189453125
none,0,554,1.0,0.0,1.0,1.0,1.0,1.0,24.8828125,70.50390625,71.265625,61.12109375,129.34375,201.5625,199.828125,180.4921875,0.0,0.0,1.1796875,59.120506286621094
none,0,555,1.0,0.0,1.0,1.0,1.0,1.0,25.3984375,70.4609375,69.21875,62.2578125,130.390625,202.9453125,193.7734375,183.953125,0.0,0.0,1.1953125,58.6734733581543
none,0,556,1.0,0.0,1.0,1.0,1.0,1.0,25.4140625,70.3046875,69.83203125,61.90625,132.1328125,201.65625,195.41015625,184.0703125,0.0,0.0,1.1953125,58.61949920654297
none,0,557,1.0,0.0,1.0,1.0,1.0,1.0,25.14453125,71.83203125,68.70703125,61.44921875,131.24609375,206.3828125,192.83203125,181.15625,0.0,0.0,1.09375,59.1207389831543
none,0,558,1.0,0.0,1.0,1.0,1.0,1.0,24.69140625,71.140625,69.01171875,61.5546875,129.15234375,204.234375,193.703125,182.76953125,0.0,0.0,1.21875,59.33518981933594
none,0,559,1.0,0.0,1.0,1.0,1.0,1.0,25.74609375,70.984375,69.73828125,61.42578125,134.515625,204.5625,195.703125,182.3671875,0.0,0.0,1.30859375,59.0760498046875
none,0,560,1.0,0.0,1.0,1.0,1.0,1.0,25.02734375,70.79296875,69.2421875,61.8828125,133.13671875,202.09765625,193.68359375,184.140625,0.0,0.0,1.40234375,58.73857879638672
none,0,561,1.0,0.0,1.0,1.0,1.0,1.0,25.25390625,72.25,68.28125,61.625,130.28125,207.3203125,191.0546875,181.83984375,0.0,0.0,1.2734375,59.04804229736328
none,0,562,1.0,0.0,1.0,1.0,1.0,1.0,25.8671875,70.9375,70.12109375,61.90234375,132.0546875,202.66796875,196.53515625,182.84765625,0.0,0.0,1.2265625,59.21442413330078
none,0,563,1.0,0.0,1.0,1.0,1.0,1.0,24.5390625,71.38671875,68.62109375,61.65234375,128.140625,204.0546875,193.140625,181.89453125,0.0,0.0,1.22265625,59.065345764160156
none,0,564,1.0,0.0,1.0,1.0,1.0,1.0,24.765625,71.07421875,70.1875,60.59375,127.4296875,203.90625,196.80859375,178.5,0.0,0.0,1.11328125,58.827850341796875
none,0,565,1.0,0.0,1.0,1.0,1.0,1.0,25.30859375,71.39453125,69.5390625,62.80859375,133.89453125,201.8203125,195.09375,186.46875,0.0,0.0,1.1875,59.8354606628418
none,0,566,1.0,0.0,1.0,1.0,1.0,1.0,24.75390625,71.140625,70.3984375,62.55078125,129.16015625,202.37109375,199.31640625,183.9375,0.0,0.0,1.21484375,59.79487609863281
none,0,567,1.0,0.0,1.0,1.0,1.0,1.0,25.015625,71.78515625,70.078125,62.53125,131.83984375,204.51171875,196.51953125,183.50390625,0.0,0.0,1.12890625,60.101318359375
none,0,568,1.0,0.0,1.0,1.0,1.0,1.0,24.40625,70.44921875,70.53515625,63.4453125,127.1953125,201.68359375,197.42578125,185.94140625,0.0,0.0,1.12109375,60.12199020385742
none,0,569,1.0,0.0,1.0,1.0,1.0,1.0,24.9453125,71.765625,70.03515625,60.55078125,130.9921875,204.94921875,194.94140625,178.90234375,0.0,0.0,1.15625,59.17782211303711
none,0,570,1.0,0.0,1.0,1.0,1.0,1.0,24.69921875,71.55078125,70.4296875,62.2109375,131.25390625,204.0625,196.1953125,182.75390625,0.0,0.0,1.15234375,60.03319549560547
none,0,571,1.0,0.0,1.0,1.0,1.0,1.0,25.3515625,72.140625,70.26953125,62.296875,132.39453125,205.16015625,196.67578125,182.89453125,0.0,0.0,1.1171875,60.234710693359375
none,0,572,1.0,0.0,1.0,1.0,1.0,1.0,24.3671875,71.328125,71.6875,61.5390625,133.2578125,203.5078125,200.4140625,181.9296875,0.0,0.0,1.08984375,59.988441467285156
none,0,573,1.0,0.0,1.0,1.0,1.0,1.0,25.125,71.5390625,69.8984375,63.0625,131.7265625,202.95703125,195.1328125,186.09765625,0.0,0.0,1.1328125,60.076717376708984
none,0,574,1.0,0.0,1.0,1.0,1.0,1.0,25.703125,69.83984375,69.96484375,63.390625,133.26953125,198.15234375,196.26171875,187.00390625,0.0,0.0,1.09765625,59.36725616455078
none,0,575,1.0,0.0,1.0,1.0,1.0,1.0,24.44921875,71.7265625,71.8203125,62.8828125,128.1875,205.09375,201.74609375,185.50390625,0.0,0.0,1.0859375,60.80918502807617
none,0,576,1.0,0.0,1.0,1.0,1.0,1.0,24.703125,71.73828125,71.8515625,62.4296875,129.78125,205.5390625,202.70703125,186.18359375,0.0,0.0,0.9765625,60.53788757324219
none,0,577,1.0,0.0,1.0,1.0,1.0,1.0,24.47265625,71.94921875,71.359375,61.953125,129.13671875,205.16796875,198.84375,184.3359375,0.0,0.0,1.08984375,60.38707733154297
none,0,578,1.0,0.0,1.0,1.0,1.0,1.0,24.50390625,71.7890625,72.375,61.9140625,129.25,204.7890625,202.46875,183.515625,0.0,0.0,1.1015625,61.04658508300781
none,0,579,1.0,0.0,1.0,1.0,1.0,1.0,24.98046875,71.48046875,70.95703125,61.1640625,130.3671875,204.125,198.79296875,181.359375,0.0,0.0,1.08984375,59.54198455810547
none,0,580,1.0,0.0,1.0,1.0,1.0,1.0,24.640625,72.1875,71.484375,61.265625,126.2421875,205.67578125,198.7421875,180.0546875,0.0,0.0,1.09375,60.536739349365234
none,0,581,1.0,0.0,1.0,1.0,1.0,1.0,24.91796875,71.484375,70.15234375,62.828125,130.99609375,201.94140625,194.48046875,185.8125,0.0,0.0,1.12109375,59.98303985595703
none,0,582,1.0,0.0,1.0,1.0,1.0,1.0,24.1015625,71.18359375,70.91796875,61.0234375,125.359375,201.96484375,197.28515625,179.76171875,0.0,0.0,1.10546875,59.44336700439453
none,0,583,1.0,0.0,1.0,1.0,1.0,1.0,25.375,71.6875,70.625,61.23828125,132.27734375,203.28125,196.140625,181.0078125,0.0,0.0,1.046875,59.44486999511719
none,0,584,1.0,0.0,1.0,1.0,1.0,1.0,24.62890625,71.91015625,71.046875,61.40625,129.3671875,204.3515625,198.9609375,181.75390625,0.0,0.0,1.203125,59.96519470214844
none,0,585,1.0,0.0,1.0,1.0,1.0,1.0,24.19921875,72.15234375,71.0,62.640625,127.77734375,204.45703125,197.8515625,184.46484375,0.0,0.0,1.15625,60.57990646362305
none,0,586,1.0,0.0,1.0,1.0,1.0,1.0,24.640625,73.6875,70.44140625,61.6015625,131.1171875,208.73828125,196.984375,181.1640625,0.0,0.0,1.015625,60.428951263427734
none,0,587,1.0,0.0,1.0,1.0,1.0,1.0,24.609375,73.234375,71.15625,61.6796875,130.765625,209.078125,199.3046875,181.2109375,0.0,0.0,1.01953125,60.83037567138672
none,0,588,1.0,0.0,1.0,1.0,1.0,1.0,24.81640625,73.49609375,70.9140625,63.41015625,131.9140625,208.91796875,196.16796875,186.65625,0.0,0.0,1.0390625,61.579811096191406
none,0,589,1.0,0.0,1.0,1.0,1.0,1.0,25.10546875,73.06640625,70.56640625,62.41796875,132.21875,206.375,195.734375,184.13671875,0.0,0.0,1.08203125,60.773597717285156
none,0,590,1.0,0.0,1.0,1.0,1.0,1.0,23.91796875,73.58203125,71.12890625,62.171875,127.9453125,208.6796875,197.453125,182.12109375,0.0,0.0,1.1015625,60.915924072265625
none,0,591,1.0,0.0,1.0,1.0,1.0,1.0,25.2890625,73.15625,71.12109375,62.35546875,133.91015625,206.0078125,196.9453125,183.546875,0.0,0.0,0.99609375,60.45689010620117
none,0,592,1.0,0.0,1.0,1.0,1.0,1.0,24.92578125,72.609375,72.09375,62.4140625,131.5625,204.8359375,200.67578125,183.21875,0.0,0.0,1.11328125,61.23469161987305
none,0,593,1.0,0.0,1.0,1.0,1.0,1.0,25.33203125,73.45703125,71.04296875,61.30859375,132.04296875,207.8984375,198.3828125,181.2890625,0.0,0.0,0.9140625,60.61628341674805
none,0,594,1.0,0.0,1.0,1.0,1.0,1.0,25.0078125,72.3203125,71.01953125,62.0546875,132.74609375,204.61328125,196.9453125,181.6953125,0.0,0.0,1.05078125,60.6751708984375
none,0,595,1.0,0.0,1.0,1.0,1.0,1.0,24.9609375,73.703125,71.0234375,62.453125,133.4609375,207.18359375,196.14453125,183.97265625,0.0,0.0,1.08984375,60.90008544921875
none,0,596,1.0,0.0,1.0,1.0,1.0,1.0,25.15625,71.82421875,71.08203125,62.1796875,133.30859375,202.08203125,197.09765625,181.2421875,0.0,0.0,1.015625,59.95679473876953
none,0,597,1.0,0.0,1.0,1.0,1.0,1.0,25.6953125,73.44921875,71.0390625,62.5703125,134.46484375,206.14453125,197.59375,183.70703125,0.0,0.0,1.06640625,60.991512298583984
none,0,598,1.0,0.0,1.0,1.0,1.0,1.0,25.5078125,70.6875,71.6875,63.05078125,137.43359375,198.7109375,200.16015625,185.58203125,0.0,0.0,0.91015625,60.27705001831055
none,0,599,1.0,0.0,1.0,1.0,1.0,1.0,24.96484375,73.828125,72.28125,61.8046875,133.765625,205.26171875,200.52734375,181.54296875,0.0,0.0,1.0,61.43522262573242
none,0,600,1.0,0.0,1.0,1.0,1.0,1.0,25.9296875,72.0546875,72.14453125,63.0625,134.640625,203.33203125,200.3671875,185.55078125,0.0,0.0,1.02734375,61.2274169921875
none,0,601,1.0,0.0,1.0,1.0,1.0,1.0,24.9296875,72.69921875,72.53125,62.7578125,131.609375,204.12109375,200.99609375,183.25390625,0.0,0.0,0.94921875,61.680904388427734
none,0,602,1.0,0.0,1.0,1.0,1.0,1.0,24.77734375,72.46875,71.11328125,63.78515625,133.90234375,203.70703125,197.46875,187.83984375,0.0,0.0,1.03515625,61.42877197265625
none,0,603,1.0,0.0,1.0,1.0,1.0,1.0,23.84375,72.58984375,72.49609375,63.48046875,128.1640625,204.90625,200.4296875,187.18359375,0.0,0.0,0.91015625,61.75834274291992
none,0,604,1.0,0.0,1.0,1.0,1.0,1.0,24.265625,71.6640625,71.09375,63.9765625,129.26953125,202.25,197.125,188.81640625,0.0,0.0,1.12890625,61.2213249206543
none,0,605,1.0,0.0,1.0,1.0,1.0,1.0,24.765625,72.890625,72.078125,64.3125,134.62890625,205.0703125,200.27734375,187.43359375,0.0,0.0,0.96484375,61.76578903198242
none,0,606,1.0,0.0,1.0,1.0,1.0,1.0,23.9765625,72.68359375,71.9296875,62.56640625,131.56640625,204.453125,198.91796875,184.5703125,0.0,0.0,1.0703125,61.61466598510742
none,0,607,1.0,0.0,1.0,1.0,1.0,1.0,23.37890625,72.3984375,72.33984375,63.140625,129.640625,204.7734375,200.75390625,185.06640625,0.0,0.0,1.0234375,61.816680908203125
none,0,608,1.0,0.0,1.0,1.0,1.0,1.0,24.265625,71.23828125,72.2265625,64.4921875,131.5859375,199.30859375,199.359375,190.35546875,0.0,0.0,0.9296875,61.66658020019531
none,0,609,1.0,0.0,1.0,1.0,1.0,1.0,24.01171875,72.2265625,73.140625,62.4921875,126.64453125,202.41796875,202.6484375,183.2890625,0.0,0.0,0.98828125,61.71249008178711
none,0,610,1.0,0.0,1.0,1.0,1.0,1.0,24.2734375,70.87109375,73.2421875,64.7890625,128.99609375,197.71875,202.6953125,190.70703125,0.0,0.0,1.03515625,61.89483642578125
none,0,611,1.0,0.0,1.0,1.0,1.0,1.0,24.3359375,72.73828125,71.8359375,63.578125,128.66015625,204.578125,198.125,186.82421875,0.0,0.0,1.015625,61.607234954833984
none,0,612,1.0,0.0,1.0,1.0,1.0,1.0,23.3671875,71.875,73.44921875,63.296875,124.12109375,202.11328125,203.171875,186.1953125,0.0,0.0,0.9609375,62.11956024169922
none,0,613,1.0,0.0,1.0,1.0,1.0,1.0,23.37109375,73.125,72.30078125,63.890625,126.38671875,204.125,199.0,186.5390625,0.0,0.0,0.9140625,61.728389739990234
none,0,614,1.0,0.0,1.0,1.0,1.0,1.0,23.8125,72.53125,72.296875,62.94140625,127.73828125,202.31640625,199.703125,184.37109375,0.0,0.0,0.953125,61.2402458190918
none,0,615,1.0,0.0,1.0,1.0,1.0,1.0,23.75,73.36328125,73.90625,63.46875,127.22265625,205.44921875,201.78125,187.07421875,0.0,0.0,0.99609375,62.68565368652344
none,0,616,1.0,0.0,1.0,1.0,1.0,1.0,23.87109375,74.66796875,71.5234375,62.8515625,129.40625,210.10546875,197.265625,184.03125,0.0,0.0,1.08984375,62.06550216674805
none,0,617,1.0,0.0,1.0,1.0,1.0,1.0,23.62890625,74.07421875,72.24609375,61.765625,127.24609375,207.515625,198.24609375,182.87890625,0.0,0.0,1.01953125,61.84666442871094
none,0,618,1.0,0.0,1.0,1.0,1.0,1.0,23.8046875,73.30078125,72.67578125,62.63671875,128.328125,204.97265625,200.5703125,183.68359375,0.0,0.0,1.0078125,62.07999801635742
none,0,619,1.0,0.0,1.0,1.0,1.0,1.0,23.7890625,75.08984375,72.44921875,61.3359375,128.77734375,209.65234375,199.75,179.421875,0.0,0.0,0.9453125,62.133697509765625
none,0,620,1.0,0.0,1.0,1.0,1.0,1.0,23.26171875,75.7109375,72.97265625,61.125,125.62109375,211.5625,201.4375,177.2265625,0.0,0.0,0.97265625,62.549224853515625
none,0,621,1.0,0.0,1.0,1.0,1.0,1.0,24.30078125,73.421875,73.88671875,61.60546875,130.703125,206.78125,203.19921875,179.4765625,0.0,0.0,0.87890625,62.486663818359375
none,0,622,1.0,0.0,1.0,1.0,1.0,1.0,23.9609375,74.28515625,72.62109375,62.58203125,130.546875,208.453125,198.9453125,183.6171875,0.0,0.0,0.87109375,62.311912536621094
none,0,623,1.0,0.0,1.0,1.0,1.0,1.0,24.01953125,73.5546875,73.34375,62.99609375,130.69140625,206.10546875,201.30859375,183.453125,0.0,0.0,0.98828125,62.457275390625
none,0,624,1.0,0.0,1.0,1.0,1.0,1.0,24.203125,74.5546875,72.984375,61.58203125,130.8203125,209.33203125,202.453125,180.51171875,0.0,0.0,0.9921875,62.08219528198242
none,0,625,1.0,0.0,1.0,1.0,1.0,1.0,24.03125,74.39453125,72.7578125,63.3984375,131.85546875,207.91796875,199.734375,184.3984375,0.0,0.0,0.89453125,62.69548034667969
none,0,626,1.0,0.0,1.0,1.0,1.0,1.0,23.95703125,72.94140625,72.28125,63.32421875,130.40625,205.8125,198.80859375,185.4140625,0.0,0.0,0.91015625,61.770660400390625
none,0,627,1.0,0.0,1.0,1.0,1.0,1.0,23.82421875,72.6171875,73.88671875,64.4921875,127.9140625,204.3125,202.8125,188.63671875,0.0,0.0,0.91796875,62.68829345703125
none,0,628,1.0,0.0,1.0,1.0,1.0,1.0,23.69921875,73.203125,73.68359375,62.66796875,127.234375,205.8046875,203.01953125,183.76953125,0.0,0.0,0.87109375,62.23979187011719
none,0,629,1.0,0.0,1.0,1.0,1.0,1.0,24.4296875,72.8359375,73.34765625,63.71484375,133.59375,203.76953125,202.50390625,186.44921875,0.0,0.0,0.91796875,62.14106369018555
none,0,630,1.0,0.0,1.0,1.0,1.0,1.0,24.25390625,73.33984375,73.625,63.234375,131.81640625,205.7578125,202.59765625,185.140625,0.0,0.0,0.9375,62.26156234741211
none,0,631,1.0,0.0,1.0,1.0,1.0,1.0,23.9609375,72.69140625,73.7734375,64.40625,131.4921875,204.02734375,204.0546875,189.6484375,0.0,0.0,0.890625,62.8471794128418
none,0,632,1.0,0.0,1.0,1.0,1.0,1.0,24.16015625,73.0625,73.12890625,63.78515625,132.33203125,205.24609375,203.078125,189.12890625,0.0,0.0,0.92578125,62.5115966796875
none,0,633,1.0,0.0,1.0,1.0,1.0,1.0,23.859375,73.2421875,73.49609375,63.953125,130.41015625,206.57421875,203.53125,188.80078125,0.0,0.0,1.015625,62.56895065307617
none,0,634,1.0,0.0,1.0,1.0,1.0,1.0,23.875,73.83203125,72.94921875,64.62109375,132.83203125,207.82421875,200.8046875,190.95703125,0.0,0.0,0.91015625,62.805938720703125
none,0,635,1.0,0.0,1.0,1.0,1.0,1.0,23.81640625,72.89453125,72.61328125,64.08984375,131.3203125,205.01171875,200.18359375,188.6015625,0.0,0.0,0.984375,62.37128448486328
none,0,636,1.0,0.0,1.0,1.0,1.0,1.0,24.02734375,74.63671875,71.44921875,63.0078125,132.64453125,208.640625,197.421875,186.08203125,0.0,0.0,1.0078125,62.21535873413086
none,0,637,1.0,0.0,1.0,1.0,1.0,1.0,23.109375,74.19140625,72.43359375,63.546875,128.0234375,208.13671875,199.73828125,187.546875,0.0,0.0,0.90234375,62.79376220703125
none,0,638,1.0,0.0,1.0,1.0,1.0,1.0,23.07421875,73.08984375,73.6171875,63.0859375,126.875,204.82421875,204.48046875,185.5078125,0.0,0.0,1.03515625,62.410064697265625
none,0,639,1.0,0.0,1.0,1.0,1.0,1.0,23.74609375,73.06640625,73.75,63.890625,130.97265625,204.0390625,202.99609375,189.56640625,0.0,0.0,1.0546875,62.68546676635742
none,0,640,1.0,0.0,1.0,1.0,1.0,1.0,24.01953125,72.58984375,73.79296875,63.875,131.8984375,203.7109375,203.94140625,187.20703125,0.0,0.0,0.953125,62.906280517578125
none,0,641,1.0,0.0,1.0,1.0,1.0,1.0,23.796875,73.30078125,73.1171875,65.12109375,134.09375,205.84375,200.40625,191.45703125,0.0,0.0,0.91796875,63.32867431640625
none,0,642,1.0,0.0,1.0,1.0,1.0,1.0,23.71875,73.44140625,72.7265625,63.640625,129.59375,206.3203125,201.41796875,187.74609375,0.0,0.0,0.92578125,62.447139739990234
none,0,643,1.0,0.0,1.0,1.0,1.0,1.0,23.97265625,74.34375,73.85546875,63.34765625,133.2578125,208.28125,203.80859375,186.05859375,0.0,0.0,0.90234375,62.97727966308594
none,0,644,1.0,0.0,1.0,1.0,1.0,1.0,23.6953125,74.53515625,74.44140625,63.76953125,132.65234375,208.3046875,205.890625,188.1015625,0.0,0.0,0.87109375,63.43986129760742
none,0,645,1.0,0.0,1.0,1.0,1.0,1.0,22.37890625,74.8828125,74.5078125,62.62890625,125.1015625,208.7109375,205.1875,184.89453125,0.0,0.0,0.83984375,63.386993408203125
none,0,646,1.0,0.0,1.0,1.0,1.0,1.0,23.58984375,75.296875,74.09765625,62.20703125,130.2734375,210.6015625,203.4609375,182.39453125,0.0,0.0,0.890625,63.28333282470703
none,0,647,1.0,0.0,1.0,1.0,1.0,1.0,23.296875,75.18359375,74.11328125,62.25,128.25390625,210.10546875,203.10546875,182.2421875,0.0,0.0,0.875,62.98712158203125
none,0,648,1.0,0.0,1.0,1.0,1.0,1.0,23.20703125,74.19921875,74.54296875,63.53515625,128.078125,206.98046875,204.171875,185.96484375,0.0,0.0,0.875,63.3277702331543
none,0,649,1.0,0.0,1.0,1.0,1.0,1.0,22.375,74.44140625,73.65234375,63.77734375,123.33984375,207.56640625,201.8828125,187.95703125,0.0,0.0,0.82421875,62.87018585205078
none,0,650,1.0,0.0,1.0,1.0,1.0,1.0,22.9609375,72.9296875,74.515625,63.9453125,124.60546875,202.76953125,206.6640625,187.48828125,0.0,0.0,0.88671875,63.13462448120117
none,0,651,1.0,0.0,1.0,1.0,1.0,1.0,22.8359375,74.06640625,74.80078125,64.046875,126.32421875,205.76953125,206.38671875,187.94921875,0.0,0.0,0.92578125,63.34377670288086
none,0,652,1.0,0.0,1.0,1.0,1.0,1.0,23.0078125,74.63671875,74.3203125,62.5234375,127.671875,209.36328125,204.5078125,184.10546875,0.0,0.0,0.9765625,63.2777214050293
none,0,653,1.0,0.0,1.0,1.0,1.0,1.0,23.1796875,74.91015625,74.82421875,64.34765625,127.4765625,209.828125,205.33984375,186.8828125,0.0,0.0,0.95703125,63.719024658203125
none,0,654,1.0,0.0,1.0,1.0,1.0,1.0,22.87109375,72.7890625,74.19921875,63.94921875,125.90234375,202.30078125,203.5390625,188.875,0.0,0.0,0.92578125,62.950965881347656
none,0,655,1.0,0.0,1.0,1.0,1.0,1.0,22.515625,73.171875,73.74609375,65.60546875,124.3359375,202.41015625,202.6484375,192.4921875,0.0,0.0,0.8203125,63.64767074584961
none,0,656,1.0,0.0,1.0,1.0,1.0,1.0,22.85546875,73.9453125,74.5234375,64.0703125,124.2734375,204.67578125,204.09765625,186.63671875,0.0,0.0,0.90625,63.491600036621094
none,0,657,1.0,0.0,1.0,1.0,1.0,1.0,22.90625,74.03125,74.90625,62.94921875,122.875,206.6875,205.4765625,185.1796875,0.0,0.0,0.98046875,63.28895568847656
none,0,658,1.0,0.0,1.0,1.0,1.0,1.0,23.046875,73.35546875,75.140625,64.33984375,126.125,204.6953125,207.0546875,188.51171875,0.0,0.0,0.8671875,63.546905517578125
none,0,659,1.0,0.0,1.0,1.0,1.0,1.0,22.24609375,73.578125,75.1484375,62.93359375,123.12890625,205.50390625,206.56640625,185.56640625,0.0,0.0,0.953125,63.05491638183594
none,0,660,1.0,0.0,1.0,1.0,1.0,1.0,22.640625,72.89453125,75.0546875,65.15625,126.66015625,204.03125,205.7890625,190.7734375,0.0,0.0,0.828125,63.90623474121094
none,0,661,1.0,0.0,1.0,1.0,1.0,1.0,22.58984375,73.4453125,74.609375,64.14453125,125.0625,205.40234375,205.3125,188.8828125,0.0,0.0,0.9375,62.95161056518555
none,0,662,1.0,0.0,1.0,1.0,1.0,1.0,22.05859375,73.5,75.8125,64.26953125,123.7734375,206.890625,208.26171875,189.5625,0.0,0.0,0.96484375,63.910335540771484
none,0,663,1.0,0.0,1.0,1.0,1.0,1.0,22.96484375,74.74609375,75.44140625,63.0625,129.1875,209.46484375,207.47265625,185.171875,0.0,0.0,0.921875,63.727745056152344
none,0,664,1.0,0.0,1.0,1.0,1.0,1.0,22.34765625,74.95703125,75.00390625,63.7890625,125.76953125,210.15625,207.96484375,187.49609375,0.0,0.0,0.8984375,64.63667297363281
none,0,665,1.0,0.0,1.0,1.0,1.0,1.0,22.60546875,75.4921875,75.40234375,63.63671875,129.359375,211.23046875,208.54296875,187.62109375,0.0,0.0,0.9375,63.865264892578125
none,0,666,1.0,0.0,1.0,1.0,1.0,1.0,22.7421875,74.80078125,75.96484375,62.3984375,126.2421875,208.7890625,208.23046875,184.26953125,0.0,0.0,0.87890625,64.17225646972656
none,0,667,1.0,0.0,1.0,1.0,1.0,1.0,22.296875,74.0859375,74.79296875,64.3046875,126.0703125,207.53125,206.64453125,192.23828125,0.0,0.0,0.875,63.74131393432617
none,0,668,1.0,0.0,1.0,1.0,1.0,1.0,22.1640625,74.9609375,74.9765625,64.0859375,123.48046875,209.48046875,206.02734375,189.51171875,0.0,0.0,0.86328125,64.63047790527344
none,0,669,1.0,0.0,1.0,1.0,1.0,1.0,22.7421875,73.83984375,76.859375,64.76171875,126.2734375,205.953125,210.5546875,191.625,0.0,0.0,0.82421875,65.02715301513672
none,0,670,1.0,0.0,1.0,1.0,1.0,1.0,22.83984375,74.87109375,75.0625,64.27734375,128.40234375,209.19921875,206.09765625,189.5859375,0.0,0.0,0.796875,64.5738754272461
none,0,671,1.0,0.0,1.0,1.0,1.0,1.0,22.23828125,75.0,75.10546875,62.515625,125.08203125,208.77734375,206.92578125,183.62890625,0.0,0.0,0.8359375,63.949012756347656
none,0,672,1.0,0.0,1.0,1.0,1.0,1.0,22.421875,75.98828125,76.19140625,63.51171875,124.77734375,210.84375,207.1640625,185.79296875,0.0,0.0,0.875,64.84089660644531
none,0,673,1.0,0.0,1.0,1.0,1.0,1.0,22.4375,73.57421875,76.109375,65.3125,125.37890625,204.41796875,206.78515625,190.93359375,0.0,0.0,0.8359375,64.74040985107422
none,0,674,1.0,0.0,1.0,1.0,1.0,1.0,22.0859375,73.9296875,74.84765625,65.1953125,122.37890625,206.421875,204.52734375,191.5234375,0.0,0.0,0.9609375,63.74299621582031
none,0,675,1.0,0.0,1.0,1.0,1.0,1.0,22.59375,73.79296875,75.078125,64.91796875,126.1171875,205.24609375,204.80859375,189.984375,0.0,0.0,0.9609375,63.86041259765625
none,0,676,1.0,0.0,1.0,1.0,1.0,1.0,22.30859375,75.109375,75.8671875,63.28125,123.74609375,208.85546875,208.76953125,187.4296875,0.0,0.0,0.91796875,63.979148864746094
none,0,677,1.0,0.0,1.0,1.0,1.0,1.0,22.1875,74.56640625,75.33203125,64.08203125,123.46875,206.78125,207.34375,189.0078125,0.0,0.0,0.94140625,64.102294921875
none,0,678,1.0,0.0,1.0,1.0,1.0,1.0,22.57421875,75.23828125,75.40234375,63.63671875,125.33203125,210.26953125,206.2421875,186.453125,0.0,0.0,0.9375,64.47727966308594
none,0,679,1.0,0.0,1.0,1.0,1.0,1.0,22.00390625,73.97265625,76.60546875,64.72265625,123.58203125,207.28515625,210.046875,191.53515625,0.0,0.0,0.83203125,64.63967895507812
none,0,680,1.0,0.0,1.0,1.0,1.0,1.0,22.19921875,75.328125,75.390625,64.734375,124.578125,209.46484375,207.00390625,191.5859375,0.0,0.0,0.87109375,64.88680267333984
none,0,681,1.0,0.0,1.0,1.0,1.0,1.0,22.65625,74.4140625,76.4140625,64.484375,126.20703125,206.84765625,209.3359375,189.578125,0.0,0.0,0.89453125,64.62521362304688
none,0,682,1.0,0.0,1.0,1.0,1.0,1.0,21.50390625,74.13671875,75.74609375,63.77734375,119.67578125,207.62890625,209.3203125,187.88671875,0.0,0.0,0.8515625,64.24867248535156
none,0,683,1.0,0.0,1.0,1.0,1.0,1.0,22.4140625,75.01953125,77.12109375,63.43359375,124.67578125,209.70703125,211.08203125,185.83203125,0.0,0.0,0.90234375,64.48377990722656
none,0,684,1.0,0.0,1.0,1.0,1.0,1.0,22.38671875,75.88671875,75.25,63.9921875,122.19140625,210.92578125,205.8359375,188.00390625,0.0,0.0,1.01171875,64.59254455566406
none,0,685,1.0,0.0,1.0,1.0,1.0,1.0,21.94140625,74.515625,76.9453125,63.94921875,122.95703125,206.265625,210.98828125,187.5859375,0.0,0.0,0.98046875,64.9420166015625
none,0,686,1.0,0.0,1.0,1.0,1.0,1.0,22.9765625,72.83984375,76.06640625,65.8125,127.203125,203.12890625,207.61328125,194.3359375,0.0,0.0,0.82421875,64.59242248535156
none,0,687,1.0,0.0,1.0,1.0,1.0,1.0,23.515625,73.9921875,75.47265625,66.61328125,127.83984375,206.11328125,207.609375,195.2578125,0.0,0.0,0.8671875,64.9337387084961
none,0,688,1.0,0.0,1.0,1.0,1.0,1.0,22.72265625,74.921875,75.8046875,63.60546875,126.96484375,209.02734375,207.19140625,188.11328125,0.0,0.0,0.8671875,64.13880920410156
none,0,689,1.0,0.0,1.0,1.0,1.0,1.0,23.38671875,74.16796875,76.046875,65.49609375,126.66015625,206.609375,209.12109375,193.01953125,0.0,0.0,0.91015625,64.8841552734375
none,0,690,1.0,0.0,1.0,1.0,1.0,1.0,23.171875,76.05078125,76.171875,65.8828125,129.0703125,211.67578125,208.2109375,194.33984375,0.0,0.0,0.96484375,65.59471130371094
none,0,691,1.0,0.0,1.0,1.0,1.0,1.0,23.0546875,74.80078125,76.2578125,66.46875,129.7578125,207.9765625,207.9765625,196.00390625,0.0,0.0,0.8984375,65.59175109863281
none,0,692,1.0,0.0,1.0,1.0,1.0,1.0,22.3359375,75.74609375,75.79296875,64.59375,123.85546875,211.23828125,207.12890625,190.1640625,0.0,0.0,0.89453125,65.15995788574219
none,0,693,1.0,0.0,1.0,1.0,1.0,1.0,22.109375,72.84375,78.06640625,65.7734375,125.26953125,199.96875,213.70703125,194.42578125,0.0,0.0,0.88671875,65.50587463378906
none,0,694,1.0,0.0,1.0,1.0,1.0,1.0,23.24609375,74.67578125,77.0390625,64.80859375,128.6484375,206.8515625,210.3359375,190.25390625,0.0,0.0,0.74609375,64.71334838867188
none,0,695,1.0,0.0,1.0,1.0,1.0,1.0,23.21875,74.671875,77.62109375,64.80078125,129.25,207.16015625,212.7421875,189.5703125,0.0,0.0,0.96875,65.06193542480469
none,0,696,1.0,0.0,1.0,1.0,1.0,1.0,22.8984375,74.328125,76.54296875,64.71875,127.0234375,207.859375,209.56640625,191.58984375,0.0,0.0,0.81640625,65.11461639404297
none,0,697,1.0,0.0,1.0,1.0,1.0,1.0,22.15625,74.79296875,76.90625,65.4453125,127.31640625,208.1171875,212.9453125,192.60546875,0.0,0.0,0.6796875,65.59835052490234
none,0,698,1.0,0.0,1.0,1.0,1.0,1.0,21.97265625,74.81640625,76.64453125,65.078125,124.46875,208.41015625,211.28125,191.375,0.0,0.0,0.76171875,65.14443969726562
none,0,699,1.0,0.0,1.0,1.0,1.0,1.0,22.39453125,73.828125,77.40234375,64.80078125,126.94140625,205.703125,213.2421875,191.3671875,0.0,0.0,0.8046875,65.34297180175781
none,0,700,1.0,0.0,1.0,1.0,1.0,1.0,22.02734375,74.76953125,76.87109375,64.55859375,127.49609375,208.75390625,211.484375,189.94140625,0.0,0.0,0.8046875,65.26438903808594
none,0,701,1.0,0.0,1.0,1.0,1.0,1.0,23.0,75.15625,77.046875,65.26953125,129.71875,209.015625,212.12890625,192.97265625,0.0,0.0,0.85546875,65.78839111328125
none,0,702,1.0,0.0,1.0,1.0,1.0,1.0,22.40625,74.07421875,78.703125,65.2890625,126.2734375,206.06640625,217.234375,191.15625,0.0,0.0,0.8359375,66.09370422363281
none,0,703,1.0,0.0,1.0,1.0,1.0,1.0,22.44921875,74.0703125,77.26953125,65.3046875,126.71875,205.40625,212.82421875,192.6171875,0.0,0.0,0.890625,65.20933532714844
none,0,704,1.0,0.0,1.0,1.0,1.0,1.0,22.328125,75.5546875,76.95703125,65.04296875,126.1015625,209.91796875,209.859375,191.84375,0.0,0.0,0.78125,65.879150390625
none,0,705,1.0,0.0,1.0,1.0,1.0,1.0,21.95703125,76.4765625,76.86328125,64.3046875,122.53125,212.40625,210.3203125,190.46484375,0.0,0.0,0.78125,65.60009002685547
none,0,706,1.0,0.0,1.0,1.0,1.0,1.0,22.03125,76.34765625,76.2421875,64.55078125,123.38671875,212.19921875,209.63671875,190.16015625,0.0,0.0,0.9765625,65.82662200927734
none,0,707,1.0,0.0,1.0,1.0,1.0,1.0,22.5703125,76.40234375,77.14453125,65.640625,126.484375,210.9921875,210.453125,190.828125,0.0,0.0,0.8046875,66.68757629394531
none,0,708,1.0,0.0,1.0,1.0,1.0,1.0,22.91015625,76.921875,75.90234375,64.234375,128.046875,213.33203125,206.76171875,188.19140625,0.0,0.0,0.81640625,65.574951171875
none,0,709,1.0,0.0,1.0,1.0,1.0,1.0,22.49609375,76.5859375,77.3828125,65.421875,124.8984375,211.62109375,210.6484375,191.8828125,0.0,0.0,0.90234375,66.49773406982422
none,0,710,1.0,0.0,1.0,1.0,1.0,1.0,23.13671875,74.015625,77.96875,66.41015625,126.52734375,204.16796875,213.00390625,194.25390625,0.0,0.0,0.7734375,65.89009857177734
none,0,711,1.0,0.0,1.0,1.0,1.0,1.0,22.94140625,75.9609375,76.8203125,64.87109375,128.25390625,209.16796875,209.83984375,189.83203125,0.0,0.0,0.86328125,65.71382904052734
none,0,712,1.0,0.0,1.0,1.0,1.0,1.0,22.265625,74.6328125,78.28515625,65.92578125,124.2890625,206.203125,214.55078125,191.62109375,0.0,0.0,0.890625,65.87973022460938
none,0,713,1.0,0.0,1.0,1.0,1.0,1.0,23.0078125,75.53125,78.0703125,65.390625,126.07421875,206.73828125,212.9609375,190.7421875,0.0,0.0,0.84765625,65.94808959960938
none,0,714,1.0,0.0,1.0,1.0,1.0,1.0,22.27734375,75.8125,77.48828125,65.96875,126.109375,209.1015625,210.7890625,193.83203125,0.0,0.0,0.7734375,66.2142105102539
none,0,715,1.0,0.0,1.0,1.0,1.0,1.0,22.41015625,75.2734375,78.234375,66.71875,125.16015625,208.59375,213.53515625,194.53515625,0.0,0.0,0.92578125,67.03816223144531
none,0,716,1.0,0.0,1.0,1.0,1.0,1.0,22.08984375,75.10546875,78.7578125,64.53125,124.93359375,207.82421875,214.8828125,188.921875,0.0,0.0,0.89453125,66.28048706054688
none,0,717,1.0,0.0,1.0,1.0,1.0,1.0,22.3125,76.203125,77.40625,65.171875,124.234375,211.39453125,210.53515625,190.0390625,0.0,0.0,0.83203125,66.20861053466797
none,0,718,1.0,0.0,1.0,1.0,1.0,1.0,22.69921875,75.3984375,78.0390625,65.5859375,125.515625,207.46484375,212.9375,191.73828125,0.0,0.0,0.7890625,66.45072937011719
none,0,719,1.0,0.0,1.0,1.0,1.0,1.0,22.13671875,76.44140625,76.99609375,65.8203125,124.62890625,209.71875,209.76953125,191.4140625,0.0,0.0,0.78515625,66.00433349609375
none,0,720,1.0,0.0,1.0,1.0,1.0,1.0,21.8046875,75.27734375,78.8203125,65.0234375,121.69921875,208.875,215.6640625,189.484375,0.0,0.0,0.7109375,66.57049560546875
none,0,721,1.0,0.0,1.0,1.0,1.0,1.0,22.74609375,75.296875,78.48828125,66.01171875,126.43359375,209.9921875,214.0546875,193.07421875,0.0,0.0,0.890625,66.3471450805664
none,0,722,1.0,0.0,1.0,1.0,1.0,1.0,22.75390625,75.0078125,77.34375,66.6875,128.01171875,207.95703125,211.09375,195.22265625,0.0,0.0,0.94140625,65.98225402832031
none,0,723,1.0,0.0,1.0,1.0,1.0,1.0,22.578125,75.9140625,77.7265625,65.10546875,125.34375,211.69921875,212.47265625,188.8203125,0.0,0.0,0.796875,66.07160949707031
none,0,724,1.0,0.0,1.0,1.0,1.0,1.0,22.94140625,75.8984375,78.421875,64.39453125,126.76953125,210.75390625,214.83203125,188.5859375,0.0,0.0,0.828125,66.16161346435547
none,0,725,1.0,0.0,1.0,1.0,1.0,1.0,21.546875,75.1640625,78.47265625,66.09765625,122.265625,208.26953125,214.140625,193.74609375,0.0,0.0,0.91015625,66.51348876953125
none,0,726,1.0,0.0,1.0,1.0,1.0,1.0,21.98046875,77.109375,76.7421875,65.61328125,123.48828125,214.80078125,210.09765625,192.32421875,0.0,0.0,0.76171875,66.13494873046875
none,0,727,1.0,0.0,1.0,1.0,1.0,1.0,22.046875,75.51953125,78.203125,65.640625,122.671875,210.5390625,213.64453125,193.484375,0.0,0.0,0.796875,66.28124237060547
none,0,728,1.0,0.0,1.0,1.0,1.0,1.0,21.33203125,76.55859375,78.0078125,65.39453125,122.02734375,213.2109375,215.30859375,192.015625,0.0,0.0,0.70703125,66.52470397949219
none,0,729,1.0,0.0,1.0,1.0,1.0,1.0,21.5,74.87109375,77.88671875,65.71484375,120.1015625,207.8125,214.0390625,194.34375,0.0,0.0,0.765625,66.31134033203125
none,0,730,1.0,0.0,1.0,1.0,1.0,1.0,22.6484375,75.8671875,78.01953125,65.390625,126.11328125,210.53125,213.21875,192.55859375,0.0,0.0,0.81640625,66.06538391113281
none,0,731,1.0,0.0,1.0,1.0,1.0,1.0,22.11328125,74.1953125,77.63671875,67.390625,125.5625,204.87109375,213.66015625,199.8203125,0.0,0.0,0.94921875,66.71395874023438
none,0,732,1.0,0.0,1.0,1.0,1.0,1.0,21.98046875,75.40625,78.7265625,67.02734375,126.7421875,208.859375,215.07421875,197.671875,0.0,0.0,0.734375,67.23234558105469
none,0,733,1.0,0.0,1.0,1.0,1.0,1.0,21.79296875,75.75390625,78.30859375,65.90625,123.9140625,208.70703125,214.04296875,193.27734375,0.0,0.0,0.82421875,66.79186248779297
none,0,734,1.0,0.0,1.0,1.0,1.0,1.0,22.43359375,74.5078125,78.6484375,66.7421875,125.79296875,205.890625,214.0546875,197.4140625,0.0,0.0,0.77734375,66.01580810546875
none,0,735,1.0,0.0,1.0,1.0,1.0,1.0,22.58984375,75.16015625,78.59765625,65.4921875,126.2421875,206.484375,213.87890625,191.37890625,0.0,0.0,0.71484375,66.50344848632812
none,0,736,1.0,0.0,1.0,1.0,1.0,1.0,22.07421875,76.01953125,77.3125,68.51171875,125.9609375,209.953125,211.4921875,201.3671875,0.0,0.0,0.8515625,66.78459930419922
none,0,737,1.0,0.0,1.0,1.0,1.0,1.0,22.26953125,75.3046875,78.33984375,67.44140625,125.99609375,208.9765625,214.3671875,198.05078125,0.0,0.0,0.8515625,66.76068115234375
none,0,738,1.0,0.0,1.0,1.0,1.0,1.0,21.8515625,77.265625,77.828125,67.21484375,121.81640625,214.7890625,213.26953125,197.01171875,0.0,0.0,0.8203125,67.92303466796875
none,0,739,1.0,0.0,1.0,1.0,1.0,1.0,21.9140625,77.078125,79.2265625,65.8359375,125.65234375,213.01171875,216.66796875,193.58984375,0.0,0.0,0.76953125,67.41427612304688
none,0,740,1.0,0.0,1.0,1.0,1.0,1.0,21.80859375,76.7421875,80.58984375,66.1796875,126.53125,212.6875,218.96875,194.0625,0.0,0.0,0.73828125,68.2530288696289
none,0,741,1.0,0.0,1.0,1.0,1.0,1.0,22.0546875,78.55859375,78.00390625,66.09765625,127.59375,218.8515625,213.55078125,192.09375,0.0,0.0,0.7109375,67.66405487060547
none,0,742,1.0,0.0,1.0,1.0,1.0,1.0,22.625,76.25390625,79.04296875,66.6640625,129.25390625,210.31640625,214.92578125,194.41015625,0.0,0.0,0.80078125,67.32683563232422
none,0,743,1.0,0.0,1.0,1.0,1.0,1.0,22.078125,76.7578125,80.0,65.8046875,123.984375,212.41796875,216.84375,190.7109375,0.0,0.0,0.75390625,67.43962860107422
none,0,744,1.0,0.0,1.0,1.0,1.0,1.0,22.41796875,78.0234375,79.13671875,66.08203125,127.0078125,215.53515625,215.62890625,192.59375,0.0,0.0,0.7734375,67.69944763183594
none,0,745,1.0,0.0,1.0,1.0,1.0,1.0,21.3671875,77.515625,79.28125,66.375,121.90234375,215.84765625,215.58203125,192.37109375,0.0,0.0,0.72265625,68.19758605957031
none,0,746,1.0,0.0,1.0,1.0,1.0,1.0,21.890625,77.0546875,80.26171875,66.125,124.9609375,213.95703125,218.79296875,192.52734375,0.0,0.0,0.76953125,68.21107482910156
none,0,747,1.0,0.0,1.0,1.0,1.0,1.0,22.00390625,78.46484375,79.5234375,66.625,125.515625,218.125,216.9921875,192.9765625,0.0,0.0,0.68359375,68.65596771240234
none,0,748,1.0,0.0,1.0,1.0,1.0,1.0,22.109375,77.60546875,79.9609375,65.4453125,125.00390625,215.98046875,217.62109375,189.93359375,0.0,0.0,0.71484375,67.66143798828125
none,0,749,1.0,0.0,1.0,1.0,1.0,1.0,22.20703125,77.2265625,78.4375,67.1484375,125.65234375,212.90625,213.08984375,194.65625,0.0,0.0,0.7421875,67.89385986328125
none,0,750,1.0,0.0,1.0,1.0,1.0,1.0,22.5390625,77.234375,78.92578125,66.8359375,125.9921875,214.5703125,213.421875,194.9609375,0.0,0.0,0.78515625,67.62268829345703
none,0,751,1.0,0.0,1.0,1.0,1.0,1.0,22.94140625,77.83203125,78.30078125,67.328125,128.5,215.76953125,212.5234375,196.9375,0.0,0.0,0.74609375,68.13267517089844
none,0,752,1.0,0.0,1.0,1.0,1.0,1.0,22.91015625,75.94140625,79.234375,66.80078125,131.66015625,210.41796875,215.875,195.16015625,0.0,0.0,0.8125,67.25021362304688
none,0,753,1.0,0.0,1.0,1.0,1.0,1.0,22.90234375,77.03515625,78.80078125,68.21484375,129.203125,213.28515625,215.80078125,199.66015625,0.0,0.0,0.796875,68.34215545654297
none,0,754,1.0,0.0,1.0,1.0,1.0,1.0,22.55078125,76.76171875,79.63671875,67.984375,127.8046875,211.453125,215.5078125,200.18359375,0.0,0.0,0.71875,68.36637878417969
none,0,755,1.0,0.0,1.0,1.0,1.0,1.0,22.58203125,77.27734375,79.0859375,67.859375,128.671875,214.8046875,215.0625,198.55078125,0.0,0.0,0.7890625,68.18241882324219
none,0,756,1.0,0.0,1.0,1.0,1.0,1.0,22.5390625,76.3828125,77.44140625,68.44921875,128.28515625,211.50390625,211.375,201.3828125,0.0,0.0,0.80078125,67.0355453491211
none,0,757,1.0,0.0,1.0,1.0,1.0,1.0,21.8203125,77.03125,78.55078125,67.76953125,127.02734375,212.51953125,215.33203125,199.4453125,0.0,0.0,0.73046875,67.92585754394531
none,0,758,1.0,0.0,1.0,1.0,1.0,1.0,22.21875,77.921875,78.4921875,66.22265625,125.66015625,215.3203125,214.1953125,193.6953125,0.0,0.0,0.7734375,67.560791015625
none,0,759,1.0,0.0,1.0,1.0,1.0,1.0,21.5625,78.37109375,79.62109375,66.5234375,121.62890625,217.89453125,216.2734375,195.47265625,0.0,0.0,0.79296875,68.47693634033203
none,0,760,1.0,0.0,1.0,1.0,1.0,1.0,22.1015625,76.73046875,79.203125,67.5078125,125.3828125,213.0625,216.02734375,198.02734375,0.0,0.0,0.7734375,67.70870208740234
none,0,761,1.0,0.0,1.0,1.0,1.0,1.0,21.8828125,79.44921875,80.48046875,64.89453125,125.875,220.01953125,218.125,189.078125,0.0,0.0,0.81640625,68.461669921875
none,0,762,1.0,0.0,1.0,1.0,1.0,1.0,21.09375,76.296875,79.75390625,66.83984375,123.51953125,211.64453125,216.8359375,195.54296875,0.0,0.0,0.76953125,67.66629028320312
none,0,763,1.0,0.0,1.0,1.0,1.0,1.0,20.890625,79.61328125,79.9296875,65.01171875,120.40234375,221.859375,216.9296875,189.53125,0.0,0.0,0.8359375,68.41915130615234
none,0,764,1.0,0.0,1.0,1.0,1.0,1.0,21.2734375,76.91796875,78.90234375,67.51953125,120.828125,213.3046875,215.59375,198.8671875,0.0,0.0,0.765625,67.82249450683594
none,0,765,1.0,0.0,1.0,1.0,1.0,1.0,20.76953125,76.26171875,78.5625,68.0546875,122.9296875,210.38671875,213.3359375,200.1171875,0.0,0.0,0.8515625,68.17939758300781
none,0,766,1.0,0.0,1.0,1.0,1.0,1.0,21.21875,76.6328125,79.09375,68.015625,123.2734375,211.8984375,215.0078125,197.44140625,0.0,0.0,0.8125,67.82850646972656
none,0,767,1.0,0.0,1.0,1.0,1.0,1.0,22.1484375,76.140625,78.30078125,68.171875,129.40234375,211.015625,213.234375,199.94921875,0.0,0.0,0.89453125,67.18729400634766
none,0,768,1.0,0.0,1.0,1.0,1.0,1.0,21.93359375,75.83203125,79.3515625,68.203125,125.05859375,210.98828125,216.95703125,199.62890625,0.0,0.0,0.86328125,67.715087890625
none,0,769,1.0,0.0,1.0,1.0,1.0,1.0,20.93359375,76.98046875,81.00390625,66.58203125,122.19921875,213.3984375,220.6953125,194.76953125,0.0,0.0,0.8125,68.76021575927734
none,0,770,1.0,0.0,1.0,1.0,1.0,1.0,21.21484375,77.68359375,79.59375,67.17578125,125.19140625,215.484375,217.16796875,198.65234375,0.0,0.0,0.71484375,68.57527160644531
none,0,771,1.0,0.0,1.0,1.0,1.0,1.0,21.578125,77.01953125,79.9375,68.44921875,124.39453125,213.9453125,218.7578125,199.9140625,0.0,0.0,0.8125,68.3430404663086
none,0,772,1.0,0.0,1.0,1.0,1.0,1.0,21.640625,77.9140625,79.93359375,66.26171875,125.06640625,215.77734375,217.81640625,193.125,0.0,0.0,0.8203125,68.0855712890625
none,0,773,1.0,0.0,1.0,1.0,1.0,1.0,22.6640625,78.0703125,79.87109375,67.421875,129.09765625,215.76953125,216.7265625,197.015625,0.0,0.0,0.87109375,68.59095764160156
none,0,774,1.0,0.0,1.0,1.0,1.0,1.0,21.63671875,76.97265625,79.47265625,67.61328125,124.90625,213.7890625,215.1015625,195.703125,0.0,0.0,0.8359375,68.23468017578125
none,0,775,1.0,0.0,1.0,1.0,1.0,1.0,21.9140625,77.76171875,79.15234375,66.28125,124.2578125,216.08984375,214.53515625,191.703125,0.0,0.0,0.796875,67.49224090576172
none,0,776,1.0,0.0,1.0,1.0,1.0,1.0,21.890625,78.078125,79.015625,66.02734375,125.38671875,216.9453125,214.9921875,192.859375,0.0,0.0,0.7421875,67.77604675292969
none,0,777,1.0,0.0,1.0,1.0,1.0,1.0,22.0859375,77.76171875,78.4453125,67.49609375,126.609375,214.55078125,212.82421875,196.96875,0.0,0.0,0.84375,68.8351058959961
none,0,778,1.0,0.0,1.0,1.0,1.0,1.0,22.34765625,78.16015625,80.09375,67.89453125,128.703125,216.96484375,217.0,197.8203125,0.0,0.0,0.6875,68.61885070800781
none,0,779,1.0,0.0,1.0,1.0,1.0,1.0,22.24609375,76.734375,81.203125,67.60546875,126.44140625,212.203125,221.69921875,196.85546875,0.0,0.0,0.69921875,68.29530334472656
none,0,780,1.0,0.0,1.0,1.0,1.0,1.0,22.0625,75.97265625,79.8046875,68.6796875,126.2578125,209.78515625,216.40234375,201.05859375,0.0,0.0,0.7109375,68.6737060546875
none,0,781,1.0,0.0,1.0,1.0,1.0,1.0,21.90234375,75.96875,81.2421875,67.5078125,124.23046875,210.25390625,221.734375,196.0625,0.0,0.0,0.76171875,68.66018676757812
none,0,782,1.0,0.0,1.0,1.0,1.0,1.0,22.10546875,75.3203125,80.0234375,67.94921875,125.21875,207.99609375,215.8515625,197.7734375,0.0,0.0,0.8828125,67.96052551269531
none,0,783,1.0,0.0,1.0,1.0,1.0,1.0,22.62109375,75.8125,81.109375,69.4921875,129.0,207.95703125,219.12890625,201.35546875,0.0,0.0,0.8046875,69.30096435546875
none,0,784,1.0,0.0,1.0,1.0,1.0,1.0,21.9453125,76.859375,80.37109375,67.9921875,126.66796875,210.51953125,217.0390625,199.671875,0.0,0.0,0.84375,68.23522186279297
none,0,785,1.0,0.0,1.0,1.0,1.0,1.0,22.62890625,75.8125,79.7578125,68.15234375,127.00390625,209.140625,216.3359375,200.03125,0.0,0.0,0.77734375,68.09744262695312
none,0,786,1.0,0.0,1.0,1.0,1.0,1.0,22.01953125,78.12890625,79.58984375,67.7109375,123.97265625,215.23828125,216.70703125,198.66796875,0.0,0.0,0.8203125,68.93510437011719
none,0,787,1.0,0.0,1.0,1.0,1.0,1.0,21.6328125,78.4765625,80.43359375,67.5859375,123.9921875,217.078125,217.45703125,197.59375,0.0,0.0,0.71875,68.84305572509766
none,0,788,1.0,0.0,1.0,1.0,1.0,1.0,22.0625,78.20703125,80.07421875,66.94140625,125.921875,217.09375,218.17578125,196.2578125,0.0,0.0,0.8203125,68.36772155761719
none,0,789,1.0,0.0,1.0,1.0,1.0,1.0,22.08984375,75.87109375,81.21875,68.1171875,126.11328125,209.45703125,221.96484375,200.25,0.0,0.0,0.76953125,68.79206085205078
none,0,790,1.0,0.0,1.0,1.0,1.0,1.0,22.14453125,78.58984375,79.75390625,68.96875,127.34375,217.42578125,215.94921875,202.04296875,0.0,0.0,0.81640625,69.31108856201172
none,0,791,1.0,0.0,1.0,1.0,1.0,1.0,21.79296875,78.078125,79.81640625,67.671875,125.44921875,215.91796875,216.97265625,197.53515625,0.0,0.0,0.69140625,68.86087036132812
none,0,792,1.0,0.0,1.0,1.0,1.0,1.0,21.9375,79.82421875,79.390625,66.70703125,124.82421875,220.6875,214.4609375,194.09765625,0.0,0.0,0.76171875,68.84577941894531
none,0,793,1.0,0.0,1.0,1.0,1.0,1.0,21.9609375,78.09375,80.453125,67.67578125,125.66015625,216.1953125,218.5390625,196.2265625,0.0,0.0,0.67578125,68.74717712402344
none,0,794,1.0,0.0,1.0,1.0,1.0,1.0,21.98046875,78.015625,80.28515625,66.97265625,123.33203125,216.27734375,217.37890625,195.76171875,0.0,0.0,0.7890625,68.82061767578125
none,0,795,1.0,0.0,1.0,1.0,1.0,1.0,21.23046875,77.91796875,81.35546875,66.7734375,122.5703125,215.78125,220.25,193.3515625,0.0,0.0,0.640625,69.0587158203125
none,0,796,1.0,0.0,1.0,1.0,1.0,1.0,21.125,77.29296875,81.09765625,67.08203125,121.64453125,214.67578125,220.5546875,196.44921875,0.0,0.0,0.7578125,68.94880676269531
none,0,797,1.0,0.0,1.0,1.0,1.0,1.0,21.48828125,77.7109375,81.09765625,68.58984375,122.54296875,213.96875,221.35546875,200.31640625,0.0,0.0,0.66796875,69.49128723144531
none,0,798,1.0,0.0,1.0,1.0,1.0,1.0,21.44140625,77.18359375,81.546875,67.79296875,123.1796875,212.86328125,222.890625,197.68359375,0.0,0.0,0.6640625,69.46357727050781
none,0,799,1.0,0.0,1.0,1.0,1.0,1.0,21.16796875,78.296875,80.32421875,66.32421875,123.390625,217.84375,217.421875,194.89453125,0.0,0.0,0.7109375,68.55118560791016
none,0,800,1.0,0.0,1.0,1.0,1.0,1.0,20.83984375,77.5859375,80.74609375,67.01171875,122.9296875,215.015625,219.73046875,197.80078125,0.0,0.0,0.76171875,68.7024154663086
none,0,801,1.0,0.0,1.0,1.0,1.0,1.0,21.390625,78.12890625,80.93359375,67.66015625,121.9296875,216.32421875,219.83984375,197.56640625,0.0,0.0,0.7578125,69.23062133789062
none,0,802,1.0,0.0,1.0,1.0,1.0,1.0,21.390625,79.625,81.0546875,65.96875,121.9609375,220.19140625,220.0,193.94140625,0.0,0.0,0.703125,69.30732727050781
none,0,803,1.0,0.0,1.0,1.0,1.0,1.0,21.66015625,77.70703125,81.48046875,67.46484375,123.88671875,215.109375,221.4140625,198.40625,0.0,0.0,0.671875,69.3518295288086
none,0,804,1.0,0.0,1.0,1.0,1.0,1.0,20.60546875,78.0234375,81.515625,67.58984375,120.94140625,216.86328125,220.45703125,199.12890625,0.0,0.0,0.73828125,69.38653564453125
none,0,805,1.0,0.0,1.0,1.0,1.0,1.0,21.3203125,77.3046875,81.99609375,67.47265625,120.53515625,214.828125,223.62109375,198.875,0.0,0.0,0.765625,69.83203125
none,0,806,1.0,0.0,1.0,1.0,1.0,1.0,21.96875,77.82421875,81.2109375,68.64453125,124.9921875,214.59375,219.75,200.7109375,0.0,0.0,0.72265625,69.7701187133789
none,0,807,1.0,0.0,1.0,1.0,1.0,1.0,21.3046875,78.9609375,80.953125,67.5,121.48046875,218.62890625,220.109375,200.109375,0.0,0.0,0.71875,69.26773071289062
none,0,808,1.0,0.0,1.0,1.0,1.0,1.0,20.9765625,77.44921875,82.23046875,66.37109375,120.046875,214.4609375,223.9921875,194.34765625,0.0,0.0,0.76171875,69.07734680175781
none,0,809,1.0,0.0,1.0,1.0,1.0,1.0,20.58203125,77.890625,81.0078125,66.5390625,118.19921875,217.45703125,220.41796875,196.3046875,0.0,0.0,0.6953125,68.90887451171875
none,0,810,1.0,0.0,1.0,1.0,1.0,1.0,20.4296875,77.2109375,81.4375,67.58984375,120.47265625,213.87890625,219.94921875,199.66796875,0.0,0.0,0.8125,69.55404663085938
none,0,811,1.0,0.0,1.0,1.0,1.0,1.0,20.41796875,78.34375,80.11328125,66.8828125,119.39453125,218.0390625,215.9921875,197.5859375,0.0,0.0,0.70703125,69.19977569580078
none,0,812,1.0,0.0,1.0,1.0,1.0,1.0,20.66796875,78.61328125,81.52734375,67.93359375,118.73828125,219.11328125,220.46484375,199.390625,0.0,0.0,0.6640625,70.02910614013672
none,0,813,1.0,0.0,1.0,1.0,1.0,1.0,20.8671875,76.3828125,81.78125,68.828125,122.7734375,211.3515625,223.1796875,203.53125,0.0,0.0,0.73046875,69.81837463378906
none,0,814,1.0,0.0,1.0,1.0,1.0,1.0,20.90625,78.26953125,81.8984375,67.3828125,120.5703125,216.640625,221.45703125,199.28125,0.0,0.0,0.65625,69.56514739990234
none,0,815,1.0,0.0,1.0,1.0,1.0,1.0,20.75390625,78.0,81.32421875,67.546875,120.91015625,216.79296875,221.2890625,198.55859375,0.0,0.0,0.703125,69.60263061523438
none,0,816,1.0,0.0,1.0,1.0,1.0,1.0,21.03125,77.796875,81.69140625,68.515625,121.42578125,215.140625,220.65234375,199.2890625,0.0,0.0,0.76953125,69.70746612548828
none,0,817,1.0,0.0,1.0,1.0,1.0,1.0,20.26953125,79.41796875,82.51171875,67.44140625,117.41015625,219.3984375,222.828125,196.6953125,0.0,0.0,0.81640625,70.19506072998047
none,0,818,1.0,0.0,1.0,1.0,1.0,1.0,20.9296875,78.0390625,80.0703125,68.02734375,121.02734375,214.8984375,217.05859375,198.83984375,0.0,0.0,0.71875,68.94291687011719
none,0,819,1.0,0.0,1.0,1.0,1.0,1.0,21.92578125,78.5078125,81.58203125,67.5703125,127.40234375,216.34765625,220.73046875,198.1640625,0.0,0.0,0.7734375,69.73414611816406
none,0,820,1.0,0.0,1.0,1.0,1.0,1.0,21.03515625,77.4765625,82.390625,68.328125,119.65234375,213.41015625,221.890625,200.70703125,0.0,0.0,0.73828125,70.05368041992188
none,0,821,1.0,0.0,1.0,1.0,1.0,1.0,21.1640625,77.51953125,80.99609375,68.28515625,122.45703125,213.70703125,219.03515625,199.96484375,0.0,0.0,0.79296875,69.5989990234375
none,0,822,1.0,0.0,1.0,1.0,1.0,1.0,21.81640625,77.296875,81.2890625,68.96484375,122.8203125,213.1953125,218.70703125,200.8203125,0.0,0.0,0.72265625,69.26052856445312
none,0,823,1.0,0.0,1.0,1.0,1.0,1.0,21.1796875,77.62109375,83.14453125,68.875,120.7421875,213.5,223.5234375,199.6953125,0.0,0.0,0.671875,70.59370422363281
none,0,824,1.0,0.0,1.0,1.0,1.0,1.0,21.4375,78.73046875,82.3828125,67.5625,121.15625,215.7734375,222.703125,197.8359375,0.0,0.0,0.69140625,69.93879699707031
none,0,825,1.0,0.0,1.0,1.0,1.0,1.0,20.6875,78.0390625,82.30078125,67.55859375,118.49609375,214.07421875,220.8203125,197.3125,0.0,0.0,0.671875,70.32926940917969
none,0,826,1.0,0.0,1.0,1.0,1.0,1.0,20.4375,79.03515625,81.57421875,67.62109375,118.73828125,217.36328125,219.625,197.08203125,0.0,0.0,0.75,70.17230224609375
none,0,827,1.0,0.0,1.0,1.0,1.0,1.0,20.54296875,78.36328125,82.13671875,68.3203125,118.578125,214.91796875,220.0546875,199.046875,0.0,0.0,0.67578125,70.20015716552734
none,0,828,1.0,0.0,1.0,1.0,1.0,1.0,21.6015625,77.265625,81.7421875,69.07421875,123.109375,213.1875,221.02734375,201.2421875,0.0,0.0,0.859375,69.74211120605469
none,0,829,1.0,0.0,1.0,1.0,1.0,1.0,20.734375,79.5078125,81.58984375,66.671875,123.1015625,219.640625,219.31640625,194.2109375,0.0,0.0,0.73046875,70.09500122070312
none,0,830,1.0,0.0,1.0,1.0,1.0,1.0,21.11328125,78.30078125,81.875,68.80078125,122.40625,214.16015625,221.4765625,202.56640625,0.0,0.0,0.8046875,70.33763885498047
none,0,831,1.0,0.0,1.0,1.0,1.0,1.0,20.84375,78.6875,82.21875,66.47265625,122.43359375,217.80078125,222.1015625,193.50390625,0.0,0.0,0.78125,69.7123031616211
none,0,832,1.0,0.0,1.0,1.0,1.0,1.0,20.34765625,78.51953125,82.296875,68.37109375,118.875,217.83984375,222.328125,201.1171875,0.0,0.0,0.71875,70.49209594726562
none,0,833,1.0,0.0,1.0,1.0,1.0,1.0,20.90234375,77.4296875,81.453125,69.3984375,123.2421875,213.83984375,219.22265625,205.8515625,0.0,0.0,0.7734375,70.20991516113281
none,0,834,1.0,0.0,1.0,1.0,1.0,1.0,20.40625,80.546875,81.5078125,66.40234375,121.26171875,221.91796875,219.58984375,196.24609375,0.0,0.0,0.734375,70.13641357421875
none,0,835,1.0,0.0,1.0,1.0,1.0,1.0,20.8203125,78.46875,83.1015625,69.0078125,122.953125,217.09765625,223.76171875,204.17578125,0.0,0.0,0.69140625,70.74960327148438
none,0,836,1.0,0.0,1.0,1.0,1.0,1.0,21.359375,78.23828125,80.875,68.90625,125.234375,215.41015625,217.78125,204.234375,0.0,0.0,0.62109375,69.96424865722656
none,0,837,1.0,0.0,1.0,1.0,1.0,1.0,20.35546875,78.77734375,82.11328125,68.3828125,119.3671875,216.91015625,220.16015625,201.04296875,0.0,0.0,0.7109375,70.70948028564453
none,0,838,1.0,0.0,1.0,1.0,1.0,1.0,21.9296875,79.37890625,80.5625,68.6875,124.8515625,218.40625,216.68359375,203.55859375,0.0,0.0,0.68359375,70.39558410644531
none,0,839,1.0,0.0,1.0,1.0,1.0,1.0,21.57421875,78.609375,80.78125,68.89453125,123.98828125,216.0,217.36328125,203.8515625,0.0,0.0,0.796875,70.0123291015625
none,0,840,1.0,0.0,1.0,1.0,1.0,1.0,20.09765625,78.03125,82.953125,69.0625,118.60546875,214.7421875,223.0,203.03125,0.0,0.0,0.6953125,70.77953338623047
none,0,841,1.0,0.0,1.0,1.0,1.0,1.0,20.4609375,77.78515625,82.7265625,69.4296875,118.7890625,214.28125,224.1953125,205.00390625,0.0,0.0,0.75390625,70.60897064208984
none,0,842,1.0,0.0,1.0,1.0,1.0,1.0,20.17578125,77.4453125,82.67578125,68.265625,117.30078125,213.17578125,222.5390625,202.3203125,0.0,0.0,0.72265625,69.59933471679688
none,0,843,1.0,0.0,1.0,1.0,1.0,1.0,20.640625,78.9375,82.5625,67.12109375,116.7734375,217.74609375,221.75390625,196.80078125,0.0,0.0,0.76171875,70.12736511230469
none,0,844,1.0,0.0,1.0,1.0,1.0,1.0,20.92578125,80.09765625,82.328125,67.71484375,120.42578125,219.359375,221.91015625,198.87109375,0.0,0.0,0.69921875,70.97836303710938
none,0,845,1.0,0.0,1.0,1.0,1.0,1.0,20.56640625,78.85546875,82.41015625,67.859375,118.94921875,215.94140625,221.46484375,200.01171875,0.0,0.0,0.734375,70.4802474975586
none,0,846,1.0,0.0,1.0,1.0,1.0,1.0,20.78125,76.77734375,81.6875,68.86328125,120.73046875,210.50390625,220.22265625,204.546875,0.0,0.0,0.734375,69.42947387695312
none,0,847,1.0,0.0,1.0,1.0,1.0,1.0,20.3515625,77.59375,83.1171875,68.765625,120.65625,212.63671875,223.734375,202.30078125,0.0,0.0,0.7421875,70.78402709960938
none,0,848,1.0,0.0,1.0,1.0,1.0,1.0,20.56640625,78.02734375,82.01171875,69.125,118.03125,212.890625,221.26171875,204.2265625,0.0,0.0,0.625,70.03851318359375
none,0,849,1.0,0.0,1.0,1.0,1.0,1.0,20.8828125,77.73046875,83.5078125,68.765625,120.0390625,212.96484375,224.5625,202.35546875,0.0,0.0,0.71875,70.60504913330078
none,0,850,1.0,0.0,1.0,1.0,1.0,1.0,20.4296875,77.6640625,82.07421875,70.0625,116.984375,211.59765625,220.16796875,207.75390625,0.0,0.0,0.640625,70.68235778808594
none,0,851,1.0,0.0,1.0,1.0,1.0,1.0,20.125,77.140625,83.64453125,69.86328125,117.109375,209.69921875,224.36328125,205.36328125,0.0,0.0,0.734375,70.93876647949219
none,0,852,1.0,0.0,1.0,1.0,1.0,1.0,21.0078125,79.90234375,82.25,67.6796875,119.61328125,218.84765625,220.2890625,196.5703125,0.0,0.0,0.671875,70.88919067382812
none,0,853,1.0,0.0,1.0,1.0,1.0,1.0,20.53515625,79.3515625,83.44140625,67.9609375,117.796875,217.21875,223.31640625,198.96484375,0.0,0.0,0.6875,70.96821594238281
none,0,854,1.0,0.0,1.0,1.0,1.0,1.0,20.00390625,81.0234375,82.66796875,66.85546875,117.50390625,221.578125,221.03125,196.21875,0.0,0.0,0.6640625,71.04243469238281
none,0,855,1.0,0.0,1.0,1.0,1.0,1.0,20.3046875,80.73828125,83.55078125,67.44921875,117.2734375,220.75390625,223.18359375,197.328125,0.0,0.0,0.66015625,71.43982696533203
none,0,856,1.0,0.0,1.0,1.0,1.0,1.0,21.02734375,79.6796875,83.015625,68.3359375,121.08203125,219.8359375,221.25390625,198.52734375,0.0,0.0,0.66015625,71.28797149658203
none,0,857,1.0,0.0,1.0,1.0,1.0,1.0,20.49609375,80.2734375,82.8515625,67.015625,119.10546875,220.1484375,221.5703125,195.39453125,0.0,0.0,0.64453125,70.72274017333984
none,0,858,1.0,0.0,1.0,1.0,1.0,1.0,20.84375,79.84765625,82.96484375,68.83984375,121.359375,217.59765625,221.7578125,199.5,0.0,0.0,0.5390625,71.53668212890625
none,0,859,1.0,0.0,1.0,1.0,1.0,1.0,20.1015625,80.0703125,83.640625,69.00390625,119.15234375,218.65234375,223.8125,199.98828125,0.0,0.0,0.6796875,71.9323501586914
none,0,860,1.0,0.0,1.0,1.0,1.0,1.0,20.31640625,81.2890625,82.6875,68.4765625,116.171875,223.98046875,220.91015625,198.3125,0.0,0.0,0.62890625,71.77766418457031
none,0,861,1.0,0.0,1.0,1.0,1.0,1.0,19.89453125,79.16015625,83.390625,69.31640625,115.59375,216.484375,222.61328125,200.96484375,0.0,0.0,0.6875,71.66743469238281
none,0,862,1.0,0.0,1.0,1.0,1.0,1.0,20.703125,78.36328125,82.59375,70.15234375,119.515625,214.66796875,220.1875,204.08984375,0.0,0.0,0.75,71.11570739746094
none,0,863,1.0,0.0,1.0,1.0,1.0,1.0,21.04296875,78.69921875,82.67578125,70.52734375,120.13671875,216.34765625,220.34765625,205.15234375,0.0,0.0,0.65234375,71.30622863769531
none,0,864,1.0,0.0,1.0,1.0,1.0,1.0,19.96484375,78.26171875,83.61328125,70.7734375,116.1796875,214.5078125,224.71875,206.625,0.0,0.0,0.6484375,72.18318176269531
none,0,865,1.0,0.0,1.0,1.0,1.0,1.0,20.6015625,79.09765625,83.1875,69.81640625,119.51171875,216.7734375,223.54296875,203.25390625,0.0,0.0,0.73828125,71.6483154296875
none,0,866,1.0,0.0,1.0,1.0,1.0,1.0,20.8125,78.484375,82.70703125,69.890625,119.45703125,214.7890625,223.11328125,204.7578125,0.0,0.0,0.71875,71.19364929199219
none,0,867,1.0,0.0,1.0,1.0,1.0,1.0,20.33203125,79.15234375,82.4921875,70.09375,118.8203125,216.609375,220.0078125,206.01953125,0.0,0.0,0.70703125,72.16558074951172
none,0,868,1.0,0.0,1.0,1.0,1.0,1.0,20.34765625,79.15625,81.84375,71.00390625,118.7265625,216.21875,219.86328125,207.28515625,0.0,0.0,0.640625,71.5434799194336
none,0,869,1.0,0.0,1.0,1.0,1.0,1.0,20.21484375,80.12890625,83.0625,70.0625,116.296875,218.46484375,222.73828125,203.484375,0.0,0.0,0.72265625,72.40970611572266
none,0,870,1.0,0.0,1.0,1.0,1.0,1.0,20.4140625,79.39453125,82.265625,70.41796875,118.06640625,218.08984375,218.67578125,205.5390625,0.0,0.0,0.71875,71.86605834960938
none,0,871,1.0,0.0,1.0,1.0,1.0,1.0,20.0078125,79.51171875,83.875,69.86328125,116.12109375,217.15625,224.51953125,201.92578125,0.0,0.0,0.67578125,72.06117248535156
none,0,872,1.0,0.0,1.0,1.0,1.0,1.0,20.109375,81.45703125,82.40234375,69.54296875,116.88671875,223.296875,218.39453125,200.8828125,0.0,0.0,0.6640625,71.72711181640625
none,0,873,1.0,0.0,1.0,1.0,1.0,1.0,20.2109375,81.23828125,83.609375,69.43359375,116.10546875,222.72265625,224.76171875,200.36328125,0.0,0.0,0.66015625,72.3573989868164
none,0,874,1.0,0.0,1.0,1.0,1.0,1.0,20.0703125,79.609375,83.75390625,69.375,118.2734375,217.81640625,223.90625,201.09765625,0.0,0.0,0.62109375,71.58675384521484
none,0,875,1.0,0.0,1.0,1.0,1.0,1.0,20.24609375,79.55859375,83.36328125,69.328125,118.6171875,218.38671875,222.1796875,200.57421875,0.0,0.0,0.6796875,71.47114562988281
none,0,876,1.0,0.0,1.0,1.0,1.0,1.0,19.9609375,81.99609375,84.703125,68.734375,116.94921875,223.703125,226.22265625,196.640625,0.0,0.0,0.65625,73.22660827636719
none,0,877,1.0,0.0,1.0,1.0,1.0,1.0,20.03515625,80.54296875,84.08203125,67.6484375,116.11328125,220.73828125,224.8828125,196.42578125,0.0,0.0,0.6015625,71.87724304199219
none,0,878,1.0,0.0,1.0,1.0,1.0,1.0,20.17578125,81.53125,84.28125,69.14453125,115.66796875,225.5078125,225.84765625,198.76171875,0.0,0.0,0.57421875,72.95470428466797
none,0,879,1.0,0.0,1.0,1.0,1.0,1.0,19.86328125,80.3984375,84.58203125,68.109375,114.73828125,221.58984375,226.4921875,197.24609375,0.0,0.0,0.64453125,72.54995727539062
none,0,880,1.0,0.0,1.0,1.0,1.0,1.0,20.33984375,81.390625,82.95703125,68.17578125,117.3671875,224.55859375,222.1875,196.4921875,0.0,0.0,0.65234375,71.85625457763672
none,0,881,1.0,0.0,1.0,1.0,1.0,1.0,20.1171875,80.546875,83.609375,68.12109375,115.46484375,221.7421875,225.734375,196.26171875,0.0,0.0,0.64453125,71.60867309570312
none,0,882,1.0,0.0,1.0,1.0,1.0,1.0,20.3515625,80.12890625,83.9921875,70.4765625,117.37890625,220.8984375,225.3828125,204.51953125,0.0,0.0,0.60546875,72.65515899658203
none,0,883,1.0,0.0,1.0,1.0,1.0,1.0,20.5625,79.078125,83.4140625,70.625,118.63671875,216.98828125,222.8828125,204.6953125,0.0,0.0,0.63671875,72.25531768798828
none,0,884,1.0,0.0,1.0,1.0,1.0,1.0,20.1328125,80.2265625,82.8515625,68.515625,116.73046875,221.07421875,222.8203125,199.3203125,0.0,0.0,0.69140625,71.87291717529297
none,0,885,1.0,0.0,1.0,1.0,1.0,1.0,20.7265625,81.55078125,83.2578125,68.73046875,115.90234375,225.046875,222.84765625,199.3125,0.0,0.0,0.6171875,72.10161590576172
none,0,886,1.0,0.0,1.0,1.0,1.0,1.0,19.828125,81.4921875,83.6640625,68.77734375,115.08203125,224.01953125,224.1484375,198.8203125,0.0,0.0,0.6328125,72.1439437866211
none,0,887,1.0,0.0,1.0,1.0,1.0,1.0,19.5859375,80.39453125,84.86328125,69.359375,114.8359375,221.296875,227.71484375,200.78515625,0.0,0.0,0.70703125,72.61851501464844
none,0,888,1.0,0.0,1.0,1.0,1.0,1.0,20.18359375,79.64453125,83.65234375,69.4296875,118.09765625,217.6953125,223.5546875,203.21875,0.0,0.0,0.6171875,72.18344116210938
none,0,889,1.0,0.0,1.0,1.0,1.0,1.0,19.859375,81.2578125,84.25,68.54296875,114.109375,222.875,226.328125,198.8203125,0.0,0.0,0.6484375,72.69668579101562
none,0,890,1.0,0.0,1.0,1.0,1.0,1.0,19.8671875,80.9921875,83.70703125,69.3515625,114.99609375,222.5859375,224.30859375,202.890625,0.0,0.0,0.63671875,72.67366027832031
none,0,891,1.0,0.0,1.0,1.0,1.0,1.0,20.171875,81.5859375,83.7421875,69.328125,114.2734375,223.94921875,224.640625,202.62890625,0.0,0.0,0.6875,72.46014404296875
none,0,892,1.0,0.0,1.0,1.0,1.0,1.0,19.3125,81.83203125,85.1484375,68.046875,112.515625,225.26953125,228.67578125,196.78125,0.0,0.0,0.734375,73.14674377441406
none,0,893,1.0,0.0,1.0,1.0,1.0,1.0,20.0078125,81.62890625,84.2109375,68.57421875,115.93359375,224.71875,224.70703125,197.09765625,0.0,0.0,0.625,72.47100830078125
none,0,894,1.0,0.0,1.0,1.0,1.0,1.0,20.2109375,80.49609375,84.65234375,69.74609375,118.9140625,220.578125,226.5703125,201.671875,0.0,0.0,0.68359375,72.67269897460938
none,0,895,1.0,0.0,1.0,1.0,1.0,1.0,20.0703125,82.625,83.81640625,70.296875,115.37109375,226.984375,223.234375,202.0234375,0.0,0.0,0.6953125,73.8891372680664
none,0,896,1.0,0.0,1.0,1.0,1.0,1.0,20.00390625,79.51171875,83.34765625,69.77734375,118.96875,218.15625,223.32421875,203.89453125,0.0,0.0,0.66015625,72.05962371826172
none,0,897,1.0,0.0,1.0,1.0,1.0,1.0,19.703125,82.48046875,83.453125,68.5078125,114.4609375,225.8671875,223.60546875,199.5,0.0,0.0,0.6640625,72.72087097167969
none,0,898,1.0,0.0,1.0,1.0,1.0,1.0,19.98828125,81.57421875,82.65625,69.640625,118.328125,222.00390625,220.3046875,199.96875,0.0,0.0,0.73046875,72.4359130859375
none,0,899,1.0,0.0,1.0,1.0,1.0,1.0,20.1953125,81.140625,84.30078125,69.87890625,117.29296875,222.41015625,223.7890625,202.04296875,0.0,0.0,0.60546875,73.0849838256836
none,0,900,1.0,0.0,1.0,1.0,1.0,1.0,19.890625,81.140625,84.5703125,70.89453125,116.96875,220.31640625,225.56640625,205.29296875,0.0,0.0,0.58984375,73.23165893554688
none,0,901,1.0,0.0,1.0,1.0,1.0,1.0,20.7109375,80.69921875,84.34765625,70.34375,118.0625,220.62109375,225.86328125,203.5,0.0,0.0,0.6640625,73.10856628417969
none,0,902,1.0,0.0,1.0,1.0,1.0,1.0,20.08203125,81.84765625,84.6484375,69.90234375,116.9765625,222.625,225.71875,202.9609375,0.0,0.0,0.6328125,73.53121185302734
none,0,903,1.0,0.0,1.0,1.0,1.0,1.0,20.80078125,81.5,84.41796875,69.11328125,120.171875,223.796875,226.36328125,200.5546875,0.0,0.0,0.5390625,72.55513000488281
none,0,904,1.0,0.0,1.0,1.0,1.0,1.0,19.58984375,82.1484375,85.359375,68.609375,114.96875,224.6953125,227.16015625,199.58984375,0.0,0.0,0.65234375,73.689453125
none,0,905,1.0,0.0,1.0,1.0,1.0,1.0,20.30078125,82.13671875,84.09375,68.75,118.8515625,224.34765625,226.17578125,198.33984375,0.0,0.0,0.7109375,72.92915344238281
none,0,906,1.0,0.0,1.0,1.0,1.0,1.0,20.6171875,81.33203125,83.703125,69.70703125,119.28515625,221.91015625,224.65234375,202.96875,0.0,0.0,0.58984375,72.59548950195312
none,0,907,1.0,0.0,1.0,1.0,1.0,1.0,20.15234375,82.28125,84.390625,69.40625,119.2421875,225.703125,226.98046875,201.28515625,0.0,0.0,0.7109375,73.24734497070312
none,0,908,1.0,0.0,1.0,1.0,1.0,1.0,19.82421875,80.77734375,86.0546875,69.421875,116.46875,219.92578125,230.60546875,200.77734375,0.0,0.0,0.70703125,73.2738265991211
none,0,909,1.0,0.0,1.0,1.0,1.0,1.0,20.1875,79.77734375,85.375,71.41015625,119.375,218.453125,227.765625,207.14453125,0.0,0.0,0.6484375,74.06574249267578
none,0,910,1.0,0.0,1.0,1.0,1.0,1.0,20.7265625,81.37890625,84.09765625,69.22265625,121.1796875,223.234375,226.75,201.109375,0.0,0.0,0.578125,72.80738830566406
none,0,911,1.0,0.0,1.0,1.0,1.0,1.0,19.359375,81.1328125,83.96875,69.7734375,115.26171875,221.140625,223.59765625,202.85546875,0.0,0.0,0.64453125,72.88079071044922
none,0,912,1.0,0.0,1.0,1.0,1.0,1.0,19.85546875,82.30078125,85.2109375,69.625,115.3984375,223.18359375,227.94140625,200.30078125,0.0,0.0,0.6875,73.74423217773438
none,0,913,1.0,0.0,1.0,1.0,1.0,1.0,20.44140625,79.64453125,85.58203125,71.1796875,117.82421875,215.69921875,228.4375,205.80078125,0.0,0.0,0.71484375,73.17698669433594
none,0,914,1.0,0.0,1.0,1.0,1.0,1.0,20.08984375,80.3984375,84.32421875,69.390625,115.6796875,219.40234375,225.52734375,201.1875,0.0,0.0,0.6015625,73.02183532714844
none,0,915,1.0,0.0,1.0,1.0,1.0,1.0,20.1484375,81.22265625,83.98046875,71.25,116.9609375,219.8671875,225.69140625,206.24609375,0.0,0.0,0.5703125,72.875
none,0,916,1.0,0.0,1.0,1.0,1.0,1.0,19.9765625,80.51171875,84.98046875,69.67578125,117.35546875,219.26171875,227.11328125,203.49609375,0.0,0.0,0.69921875,73.15653991699219
none,0,917,1.0,0.0,1.0,1.0,1.0,1.0,20.5625,82.06640625,84.953125,69.22265625,120.140625,224.6953125,226.09375,199.71484375,0.0,0.0,0.66015625,73.20855712890625
none,0,918,1.0,0.0,1.0,1.0,1.0,1.0,20.4921875,80.33203125,85.28125,70.6953125,118.578125,219.7734375,227.84765625,203.8359375,0.0,0.0,0.64453125,73.17462921142578
none,0,919,1.0,0.0,1.0,1.0,1.0,1.0,20.28125,82.05078125,85.95703125,69.265625,116.05078125,224.41796875,230.328125,198.8203125,0.0,0.0,0.65625,74.18159484863281
none,0,920,1.0,0.0,1.0,1.0,1.0,1.0,20.28515625,80.4140625,86.08203125,69.34765625,119.00390625,219.7421875,229.56640625,200.0625,0.0,0.0,0.640625,73.05477142333984
none,0,921,1.0,0.0,1.0,1.0,1.0,1.0,19.9921875,81.265625,85.9609375,69.5859375,115.625,221.5,229.48046875,199.69140625,0.0,0.0,0.57421875,73.537353515625
none,0,922,1.0,0.0,1.0,1.0,1.0,1.0,19.77734375,81.984375,84.92578125,69.6640625,116.37890625,225.52734375,228.390625,201.265625,0.0,0.0,0.6171875,73.50938415527344
none,0,923,1.0,0.0,1.0,1.0,1.0,1.0,20.28515625,82.265625,84.48046875,69.18359375,117.91015625,226.546875,226.16796875,200.57421875,0.0,0.0,0.65234375,73.55375671386719
none,0,924,1.0,0.0,1.0,1.0,1.0,1.0,19.73828125,81.734375,85.81640625,70.21484375,115.40625,225.33984375,230.0625,201.31640625,0.0,0.0,0.6171875,74.21273803710938
none,0,925,1.0,0.0,1.0,1.0,1.0,1.0,19.7578125,81.609375,84.796875,69.703125,116.60546875,223.6015625,225.625,201.48828125,0.0,0.0,0.66796875,73.5906982421875
none,0,926,1.0,0.0,1.0,1.0,1.0,1.0,19.921875,83.3984375,86.1171875,68.86328125,115.37890625,229.3828125,228.734375,195.46875,0.0,0.0,0.67578125,74.22491455078125
none,0,927,1.0,0.0,1.0,1.0,1.0,1.0,19.94140625,81.9921875,85.5546875,70.50390625,118.8046875,224.0234375,229.62109375,202.22265625,0.0,0.0,0.5859375,74.18507385253906
none,0,928,1.0,0.0,1.0,1.0,1.0,1.0,20.30859375,83.21875,84.1796875,70.20703125,118.61328125,226.86328125,224.16796875,202.484375,0.0,0.0,0.62890625,73.61500549316406
none,0,929,1.0,0.0,1.0,1.0,1.0,1.0,19.72265625,82.2109375,83.99609375,70.2734375,116.70703125,224.9453125,223.1015625,202.453125,0.0,0.0,0.6484375,73.53620910644531
none,0,930,1.0,0.0,1.0,1.0,1.0,1.0,19.68359375,81.75,84.96484375,71.1953125,114.9453125,221.91796875,227.30078125,205.21484375,0.0,0.0,0.67578125,74.17976379394531
none,0,931,1.0,0.0,1.0,1.0,1.0,1.0,19.5390625,81.56640625,84.93359375,71.13671875,115.3984375,223.671875,225.88671875,205.55078125,0.0,0.0,0.64453125,73.93858337402344
none,0,932,1.0,0.0,1.0,1.0,1.0,1.0,19.27734375,80.43359375,86.265625,70.80078125,113.83984375,219.54296875,229.36328125,205.203125,0.0,0.0,0.6640625,74.2685546875
none,0,933,1.0,0.0,1.0,1.0,1.0,1.0,19.40234375,82.79296875,84.53515625,69.53515625,113.7421875,227.375,225.92578125,201.89453125,0.0,0.0,0.83984375,73.82743835449219
none,0,934,1.0,0.0,1.0,1.0,1.0,1.0,20.36328125,81.48828125,85.046875,72.5859375,119.27734375,223.19921875,227.21875,210.265625,0.0,0.0,0.625,74.21415710449219
none,0,935,1.0,0.0,1.0,1.0,1.0,1.0,19.82421875,81.83203125,85.23828125,71.3359375,115.03125,224.25390625,227.80078125,206.4140625,0.0,0.0,0.640625,73.77163696289062
none,0,936,1.0,0.0,1.0,1.0,1.0,1.0,19.828125,81.234375,86.27734375,70.86328125,117.265625,221.5546875,230.7890625,204.9140625,0.0,0.0,0.640625,74.47900390625
none,0,937,1.0,0.0,1.0,1.0,1.0,1.0,19.8671875,80.88671875,85.61328125,72.04296875,117.85546875,219.62890625,228.0703125,207.64453125,0.0,0.0,0.5,74.574951171875
none,0,938,1.0,0.0,1.0,1.0,1.0,1.0,19.67578125,82.578125,85.546875,70.96875,115.88671875,224.72265625,227.51171875,203.8671875,0.0,0.0,0.58984375,74.624267578125
none,0,939,1.0,0.0,1.0,1.0,1.0,1.0,18.8671875,79.81640625,86.26171875,71.046875,112.41015625,218.703125,231.58203125,205.51171875,0.0,0.0,0.671875,74.27134704589844
none,0,940,1.0,0.0,1.0,1.0,1.0,1.0,19.578125,80.86328125,86.99609375,70.74609375,118.69140625,220.375,234.05078125,203.18359375,0.0,0.0,0.59375,74.3646011352539
none,0,941,1.0,0.0,1.0,1.0,1.0,1.0,20.07421875,80.8203125,86.19921875,70.73046875,118.55859375,221.83203125,231.0859375,202.66015625,0.0,0.0,0.66796875,74.27888488769531
none,0,942,1.0,0.0,1.0,1.0,1.0,1.0,20.16015625,80.56640625,86.7109375,71.13671875,118.98046875,218.57421875,232.9609375,205.69140625,0.0,0.0,0.69140625,74.38914489746094
none,0,943,1.0,0.0,1.0,1.0,1.0,1.0,20.26171875,81.55078125,86.0234375,71.79296875,120.14453125,222.21875,230.39453125,207.234375,0.0,0.0,0.6171875,74.55496215820312
none,0,944,1.0,0.0,1.0,1.0,1.0,1.0,20.5,81.26953125,86.40625,73.26953125,120.51953125,221.75390625,231.20703125,212.26171875,0.0,0.0,0.6015625,75.02421569824219
none,0,945,1.0,0.0,1.0,1.0,1.0,1.0,19.83984375,80.7421875,85.66796875,71.33984375,117.63671875,219.98046875,230.31640625,206.8359375,0.0,0.0,0.5859375,73.87272644042969
none,0,946,1.0,0.0,1.0,1.0,1.0,1.0,19.66015625,80.0703125,86.40234375,71.83984375,121.23046875,218.78125,230.9453125,209.9921875,0.0,0.0,0.7109375,74.0677490234375
none,0,947,1.0,0.0,1.0,1.0,1.0,1.0,20.20703125,81.4453125,87.03515625,70.71875,119.93359375,221.8359375,233.99609375,206.05078125,0.0,0.0,0.55859375,74.88262176513672
none,0,948,1.0,0.0,1.0,1.0,1.0,1.0,19.5390625,82.06640625,86.33984375,71.86328125,116.4375,224.47265625,230.91015625,207.63671875,0.0,0.0,0.578125,75.07072448730469
none,0,949,1.0,0.0,1.0,1.0,1.0,1.0,19.35546875,84.1796875,86.85546875,71.9140625,114.44921875,228.60546875,232.3046875,206.671875,0.0,0.0,0.5390625,76.15828704833984
none,0,950,1.0,0.0,1.0,1.0,1.0,1.0,19.4453125,82.11328125,86.9375,69.85546875,117.74609375,225.7109375,232.953125,201.31640625,0.0,0.0,0.63671875,74.71826934814453
none,0,951,1.0,0.0,1.0,1.0,1.0,1.0,19.20703125,81.40234375,86.859375,69.328125,113.7578125,223.4296875,231.71875,199.953125,0.0,0.0,0.609375,74.11970520019531
none,0,952,1.0,0.0,1.0,1.0,1.0,1.0,19.7734375,82.07421875,85.70703125,70.76953125,118.09765625,224.23828125,230.23046875,203.8515625,0.0,0.0,0.6015625,74.31360626220703
none,0,953,1.0,0.0,1.0,1.0,1.0,1.0,19.7578125,81.83984375,87.1640625,70.375,116.25390625,223.8828125,233.11328125,202.21875,0.0,0.0,0.6015625,74.82522583007812
none,0,954,1.0,0.0,1.0,1.0,1.0,1.0,19.6875,80.4765625,87.71484375,71.28515625,116.15625,220.3046875,233.2265625,204.98828125,0.0,0.0,0.578125,74.69969940185547
none,0,955,1.0,0.0,1.0,1.0,1.0,1.0,19.60546875,83.07421875,86.05859375,70.890625,115.96875,225.953125,229.265625,205.2890625,0.0,0.0,0.6953125,74.98104095458984
none,0,956,1.0,0.0,1.0,1.0,1.0,1.0,19.0859375,82.01953125,86.42578125,71.14453125,114.98828125,224.1875,230.10546875,205.03125,0.0,0.0,0.578125,75.1524887084961
none,0,957,1.0,0.0,1.0,1.0,1.0,1.0,19.05859375,81.9140625,86.11328125,70.4453125,114.33984375,223.6953125,229.16796875,203.4375,0.0,0.0,0.625,74.47187805175781
none,0,958,1.0,0.0,1.0,1.0,1.0,1.0,19.72265625,82.6953125,86.6796875,71.0546875,118.09765625,226.09375,229.6171875,205.69921875,0.0,0.0,0.6171875,74.8602294921875
none,0,959,1.0,0.0,1.0,1.0,1.0,1.0,19.6796875,82.12890625,85.53515625,72.66015625,115.8125,223.8203125,226.72265625,209.60546875,0.0,0.0,0.67578125,74.87626647949219
none,0,960,1.0,0.0,1.0,1.0,1.0,1.0,19.62109375,80.6484375,86.68359375,72.234375,115.31640625,220.48046875,232.21875,209.3203125,0.0,0.0,0.5859375,74.9199447631836
none,0,961,1.0,0.0,1.0,1.0,1.0,1.0,19.35546875,80.61328125,87.26953125,71.94140625,115.81640625,219.08984375,232.53515625,208.25,0.0,0.0,0.64453125,74.88838195800781
none,0,962,1.0,0.0,1.0,1.0,1.0,1.0,19.78515625,82.0078125,86.61328125,72.7578125,118.91796875,222.73046875,230.6953125,211.2578125,0.0,0.0,0.5,75.37408447265625
none,0,963,1.0,0.0,1.0,1.0,1.0,1.0,19.3984375,81.2578125,86.953125,71.53125,118.64453125,221.58984375,232.5703125,206.59375,0.0,0.0,0.578125,74.7616958618164
none,0,964,1.0,0.0,1.0,1.0,1.0,1.0,19.19921875,82.1328125,87.0390625,72.01171875,114.9453125,224.4375,231.73046875,207.5390625,0.0,0.0,0.65234375,75.23466491699219
none,0,965,1.0,0.0,1.0,1.0,1.0,1.0,19.26171875,82.08203125,87.43359375,71.64453125,115.19921875,224.8671875,233.93359375,206.0390625,0.0,0.0,0.58203125,75.95829772949219
none,0,966,1.0,0.0,1.0,1.0,1.0,1.0,18.87890625,82.140625,87.4375,71.35546875,113.87109375,226.859375,233.62890625,205.5625,0.0,0.0,0.6640625,75.65435028076172
none,0,967,1.0,0.0,1.0,1.0,1.0,1.0,19.6484375,80.79296875,87.3828125,72.140625,118.82421875,220.6484375,233.69140625,208.3515625,0.0,0.0,0.6015625,75.18017578125
none,0,968,1.0,0.0,1.0,1.0,1.0,1.0,20.2265625,81.4921875,86.4921875,72.44921875,119.64453125,224.234375,230.56640625,208.95703125,0.0,0.0,0.63671875,75.35369110107422
none,0,969,1.0,0.0,1.0,1.0,1.0,1.0,19.11328125,81.91015625,87.22265625,72.171875,114.75390625,224.859375,232.61328125,210.25390625,0.0,0.0,0.59765625,76.04640197753906
none,0,970,1.0,0.0,1.0,1.0,1.0,1.0,19.8515625,81.1875,87.9921875,71.7265625,118.13671875,222.08203125,234.91796875,208.92578125,0.0,0.0,0.62109375,75.12542724609375
none,0,971,1.0,0.0,1.0,1.0,1.0,1.0,19.2265625,80.48828125,87.26171875,72.0,115.3125,219.8671875,232.95703125,209.390625,0.0,0.0,0.65234375,74.85880279541016
none,0,972,1.0,0.0,1.0,1.0,1.0,1.0,19.53515625,80.28515625,87.921875,72.046875,116.93359375,217.9375,234.53515625,209.76171875,0.0,0.0,0.625,75.40869903564453
none,0,973,1.0,0.0,1.0,1.0,1.0,1.0,19.6875,83.66015625,86.5546875,71.6640625,120.08984375,228.97265625,231.3125,205.8359375,0.0,0.0,0.5546875,75.68228149414062
none,0,974,1.0,0.0,1.0,1.0,1.0,1.0,19.73046875,81.53515625,86.70703125,72.0,116.73046875,223.23046875,232.14453125,208.33203125,0.0,0.0,0.578125,75.2535171508789
none,0,975,1.0,0.0,1.0,1.0,1.0,1.0,19.15625,81.6328125,87.92578125,70.7578125,115.03125,223.125,236.1328125,204.953125,0.0,0.0,0.59375,75.31295776367188
none,0,976,1.0,0.0,1.0,1.0,1.0,1.0,19.296875,81.51953125,87.828125,71.796875,117.12109375,221.4140625,233.609375,207.55078125,0.0,0.0,0.6328125,75.20542907714844
none,0,977,1.0,0.0,1.0,1.0,1.0,1.0,19.98046875,81.9453125,86.58203125,71.9765625,117.88671875,223.2265625,231.07421875,208.1484375,0.0,0.0,0.6484375,75.01409912109375
none,0,978,1.0,0.0,1.0,1.0,1.0,1.0,19.85546875,82.77734375,87.8828125,71.9375,117.36328125,226.1015625,233.48828125,208.1015625,0.0,0.0,0.6015625,76.26940155029297
none,0,979,1.0,0.0,1.0,1.0,1.0,1.0,19.40625,82.87109375,88.0859375,72.14453125,114.12109375,226.26171875,234.546875,209.046875,0.0,0.0,0.546875,76.31087493896484
none,0,980,1.0,0.0,1.0,1.0,1.0,1.0,19.90234375,82.26171875,87.83984375,72.8125,119.578125,226.29296875,235.0859375,209.20703125,0.0,0.0,0.66015625,76.25486755371094
none,0,981,1.0,0.0,1.0,1.0,1.0,1.0,19.8359375,81.8515625,87.86328125,72.546875,116.125,223.31640625,235.1875,211.26171875,0.0,0.0,0.57421875,76.07498168945312
none,0,982,1.0,0.0,1.0,1.0,1.0,1.0,19.19140625,81.22265625,88.76171875,72.0234375,114.109375,222.3203125,236.359375,207.15234375,0.0,0.0,0.58984375,75.83799743652344
none,0,983,1.0,0.0,1.0,1.0,1.0,1.0,19.5078125,81.296875,87.9375,72.890625,116.03125,222.3203125,235.27734375,211.19140625,0.0,0.0,0.63671875,76.0095443725586
none,0,984,1.0,0.0,1.0,1.0,1.0,1.0,19.48828125,82.16015625,87.9609375,72.53125,117.6328125,223.328125,232.6953125,210.94140625,0.0,0.0,0.52734375,76.36805725097656
none,0,985,1.0,0.0,1.0,1.0,1.0,1.0,18.65234375,81.8203125,87.94140625,73.4921875,112.01953125,223.2421875,233.4375,211.46484375,0.0,0.0,0.52734375,76.25299072265625
none,0,986,1.0,0.0,1.0,1.0,1.0,1.0,19.109375,82.55859375,88.28515625,71.8359375,114.0390625,223.97265625,234.578125,206.4453125,0.0,0.0,0.5546875,75.82098388671875
none,0,987,1.0,0.0,1.0,1.0,1.0,1.0,20.4609375,81.4296875,86.8125,73.33984375,118.59765625,221.80859375,229.984375,212.67578125,0.0,0.0,0.55078125,75.49453735351562
none,0,988,1.0,0.0,1.0,1.0,1.0,1.0,19.86328125,82.9609375,86.890625,71.59765625,116.61328125,224.8515625,228.58203125,205.97265625,0.0,0.0,0.5546875,75.62764739990234
none,0,989,1.0,0.0,1.0,1.0,1.0,1.0,19.5234375,82.1796875,87.21484375,71.44140625,118.3984375,223.23046875,231.14453125,204.84375,0.0,0.0,0.578125,75.28953552246094
none,0,990,1.0,0.0,1.0,1.0,1.0,1.0,19.90625,82.359375,87.74609375,71.64453125,115.97265625,225.85546875,233.515625,205.34375,0.0,0.0,0.67578125,76.10660552978516
none,0,991,1.0,0.0,1.0,1.0,1.0,1.0,19.38671875,84.87109375,87.4609375,71.0234375,116.37890625,232.046875,232.09765625,203.015625,0.0,0.0,0.63671875,76.4881591796875
none,0,992,1.0,0.0,1.0,1.0,1.0,1.0,19.4296875,84.78515625,86.640625,70.12109375,115.875,232.26171875,229.76953125,201.921875,0.0,0.0,0.58984375,75.62249755859375
none,0,993,1.0,0.0,1.0,1.0,1.0,1.0,18.83203125,85.453125,86.8125,70.03125,111.9765625,233.671875,231.02734375,200.80078125,0.0,0.0,0.625,75.68902587890625
none,0,994,1.0,0.0,1.0,1.0,1.0,1.0,19.4609375,84.5078125,87.59375,70.71484375,114.18359375,230.76953125,232.4609375,203.7734375,0.0,0.0,0.59765625,76.4781723022461
none,0,995,1.0,0.0,1.0,1.0,1.0,1.0,18.8828125,84.4921875,86.0390625,69.83203125,113.89453125,230.83984375,228.97265625,201.46484375,0.0,0.0,0.5625,75.37554931640625
none,0,996,1.0,0.0,1.0,1.0,1.0,1.0,19.35546875,85.3046875,88.4453125,70.19140625,114.890625,232.2109375,234.19140625,200.8671875,0.0,0.0,0.6171875,77.06584167480469
none,0,997,1.0,0.0,1.0,1.0,1.0,1.0,19.33203125,82.76953125,87.03125,71.9453125,114.234375,225.296875,231.1171875,207.60546875,0.0,0.0,0.58984375,76.13927459716797
none,0,998,1.0,0.0,1.0,1.0,1.0,1.0,19.66796875,82.80859375,86.93359375,73.1796875,118.9765625,223.94140625,229.05078125,210.2421875,0.0,0.0,0.5625,76.11564636230469
none,0,999,1.0,0.0,1.0,1.0,1.0,1.0,19.29296875,83.49609375,88.95703125,71.29296875,116.04296875,226.49609375,235.2578125,203.203125,0.0,0.0,0.546875,76.6581802368164
none,0,1000,1.0,0.0,1.0,1.0,1.0,1.0,19.84765625,81.01171875,86.91796875,73.22265625,117.76171875,220.046875,230.4609375,209.83984375,0.0,0.0,0.6328125,75.64580535888672
none,0,1001,1.0,0.0,1.0,1.0,1.0,1.0,20.0234375,83.38671875,87.3359375,72.41015625,118.26953125,225.74609375,232.26953125,207.35546875,0.0,0.0,0.51171875,76.49547576904297
none,0,1002,1.0,0.0,1.0,1.0,1.0,1.0,19.34765625,80.671875,87.99609375,74.03125,116.6171875,217.85546875,234.68359375,213.2890625,0.0,0.0,0.51953125,76.13054656982422
none,0,1003,1.0,0.0,1.0,1.0,1.0,1.0,19.609375,82.3203125,87.90625,72.921875,118.96484375,223.9375,233.6875,208.41015625,0.0,0.0,0.59765625,76.49996948242188
none,0,1004,1.0,0.0,1.0,1.0,1.0,1.0,19.83984375,82.0546875,88.92578125,74.05859375,118.57421875,222.6953125,235.09765625,211.64453125,0.0,0.0,0.6015625,77.53205871582031
none,0,1005,1.0,0.0,1.0,1.0,1.0,1.0,18.90625,83.40234375,88.83984375,72.8359375,114.75390625,226.09375,235.1015625,208.6484375,0.0,0.0,0.5859375,77.078369140625
none,0,1006,1.0,0.0,1.0,1.0,1.0,1.0,20.36328125,83.73046875,87.63671875,72.49609375,120.44140625,228.19921875,231.2734375,205.96875,0.0,0.0,0.609375,76.58819580078125
none,0,1007,1.0,0.0,1.0,1.0,1.0,1.0,19.37890625,82.57421875,87.66015625,73.6484375,117.44140625,222.5234375,231.18359375,210.8359375,0.0,0.0,0.5390625,76.70580291748047
none,0,1008,1.0,0.0,1.0,1.0,1.0,1.0,20.0546875,82.7578125,87.9296875,73.58984375,120.63671875,225.0390625,232.35546875,209.33984375,0.0,0.0,0.5625,76.93618774414062
none,0,1009,1.0,0.0,1.0,1.0,1.0,1.0,19.89453125,84.4609375,88.25390625,73.51953125,118.34765625,229.56640625,233.7578125,209.57421875,0.0,0.0,0.6328125,77.5391845703125
none,0,1010,1.0,0.0,1.0,1.0,1.0,1.0,20.25390625,81.98046875,86.1953125,73.35546875,121.4140625,223.1796875,228.953125,211.0625,0.0,0.0,0.58984375,75.79380798339844
none,0,1011,1.0,0.0,1.0,1.0,1.0,1.0,19.7265625,81.2578125,89.78515625,74.17578125,119.1015625,220.66796875,238.7578125,213.10546875,0.0,0.0,0.65234375,77.53658294677734
none,0,1012,1.0,0.0,1.0,1.0,1.0,1.0,20.95703125,79.9921875,89.3984375,75.8671875,123.55078125,217.09765625,236.23828125,217.04296875,0.0,0.0,0.66015625,77.15950775146484
none,0,1013,1.0,0.0,1.0,1.0,1.0,1.0,20.4296875,82.3359375,88.3515625,73.76953125,120.54296875,223.91796875,235.77734375,211.7109375,0.0,0.0,0.60546875,76.66242218017578
none,0,1014,1.0,0.0,1.0,1.0,1.0,1.0,19.6875,82.625,89.43359375,73.44921875,119.984375,224.96875,236.88671875,209.87109375,0.0,0.0,0.59765625,77.1348876953125
none,0,1015,1.0,0.0,1.0,1.0,1.0,1.0,20.41796875,83.16015625,87.72265625,72.92578125,121.09375,225.5703125,232.62890625,208.91796875,0.0,0.0,0.5703125,76.22840881347656
none,0,1016,1.0,0.0,1.0,1.0,1.0,1.0,20.31640625,83.15234375,90.109375,73.26171875,122.67578125,224.0390625,239.63671875,209.64453125,0.0,0.0,0.51953125,77.93419647216797
none,0,1017,1.0,0.0,1.0,1.0,1.0,1.0,19.45703125,85.10546875,88.8125,72.82421875,115.9140625,231.0078125,236.39453125,208.18359375,0.0,0.0,0.61328125,77.63856506347656
none,0,1018,1.0,0.0,1.0,1.0,1.0,1.0,20.28515625,82.98046875,87.15234375,73.9453125,120.0859375,226.76953125,231.28125,211.109375,0.0,0.0,0.625,76.04154968261719
none,0,1019,1.0,0.0,1.0,1.0,1.0,1.0,19.4453125,83.3359375,89.92578125,72.4609375,117.9296875,228.203125,238.1171875,207.4453125,0.0,0.0,0.6328125,77.18832397460938
none,0,1020,1.0,0.0,1.0,1.0,1.0,1.0,19.8125,84.58203125,88.59765625,71.35546875,122.47265625,232.02734375,237.5390625,204.08984375,0.0,0.0,0.56640625,77.04206848144531
none,0,1021,1.0,0.0,1.0,1.0,1.0,1.0,19.98828125,83.9375,88.6484375,72.359375,119.8828125,229.98046875,236.3671875,205.65234375,0.0,0.0,0.625,76.80496978759766
none,0,1022,1.0,0.0,1.0,1.0,1.0,1.0,19.9296875,84.12109375,88.76953125,71.97265625,120.9453125,229.24609375,235.35546875,206.125,0.0,0.0,0.625,77.03817749023438
none,0,1023,1.0,0.0,1.0,1.0,1.0,1.0,19.703125,83.69140625,87.8359375,73.359375,118.56640625,228.671875,234.421875,210.828125,0.0,0.0,0.55859375,76.94328308105469
none,0,1024,1.0,0.0,1.0,1.0,1.0,1.0,19.66015625,82.37109375,89.03125,74.42578125,121.22265625,223.390625,236.1328125,211.890625,0.0,0.0,0.625,77.40010070800781
none,0,1025,1.0,0.0,1.0,1.0,1.0,1.0,20.2265625,82.3125,88.8984375,73.8046875,120.59375,223.03125,236.20703125,210.39453125,0.0,0.0,0.56640625,76.62739562988281
none,0,1026,1.0,0.0,1.0,1.0,1.0,1.0,19.5234375,82.83984375,87.625,74.51171875,116.90625,223.33984375,232.5859375,212.08203125,0.0,0.0,0.5234375,76.76952362060547
none,0,1027,1.0,0.0,1.0,1.0,1.0,1.0,19.58984375,83.7265625,88.7578125,73.13671875,117.984375,226.80078125,236.26171875,208.57421875,0.0,0.0,0.578125,77.3720703125
none,0,1028,1.0,0.0,1.0,1.0,1.0,1.0,19.5625,82.7734375,88.55859375,74.16796875,116.546875,225.125,235.03125,210.3515625,0.0,0.0,0.55859375,76.9290771484375
none,0,1029,1.0,0.0,1.0,1.0,1.0,1.0,19.828125,84.109375,89.4921875,71.9609375,118.45703125,228.87109375,237.5234375,205.1015625,0.0,0.0,0.59375,76.67523193359375
none,0,1030,1.0,0.0,1.0,1.0,1.0,1.0,19.2890625,83.3828125,89.46875,72.7109375,114.015625,226.69921875,235.6953125,207.24609375,0.0,0.0,0.54296875,77.75756072998047
none,0,1031,1.0,0.0,1.0,1.0,1.0,1.0,19.14453125,84.59375,89.3203125,72.94140625,115.6015625,229.7890625,235.62890625,209.0859375,0.0,0.0,0.58984375,77.69515228271484
none,0,1032,1.0,0.0,1.0,1.0,1.0,1.0,19.1171875,81.34765625,89.08203125,74.96484375,116.3984375,221.12109375,236.48828125,215.44921875,0.0,0.0,0.62109375,77.12443542480469
none,0,1033,1.0,0.0,1.0,1.0,1.0,1.0,19.21484375,82.609375,88.61328125,73.328125,116.140625,223.62109375,235.0625,210.23828125,0.0,0.0,0.54296875,76.78199768066406
none,0,1034,1.0,0.0,1.0,1.0,1.0,1.0,19.2421875,81.5859375,88.609375,75.80859375,118.05078125,221.625,235.828125,218.01953125,0.0,0.0,0.59765625,77.4098129272461
none,0,1035,1.0,0.0,1.0,1.0,1.0,1.0,18.9375,82.8671875,89.47265625,74.28125,115.90234375,226.4296875,237.3984375,214.05078125,0.0,0.0,0.58984375,77.5025634765625
none,0,1036,1.0,0.0,1.0,1.0,1.0,1.0,19.44140625,82.953125,89.42578125,74.41796875,114.62109375,227.38671875,237.28125,214.6796875,0.0,0.0,0.5546875,77.70954895019531
none,0,1037,1.0,0.0,1.0,1.0,1.0,1.0,19.6484375,83.1875,89.1796875,74.484375,116.92578125,226.1796875,236.71484375,213.57421875,0.0,0.0,0.56640625,77.40966796875
none,0,1038,1.0,0.0,1.0,1.0,1.0,1.0,19.94921875,83.171875,88.0859375,73.328125,117.27734375,226.09375,233.6015625,211.97265625,0.0,0.0,0.609375,76.86221313476562
none,0,1039,1.0,0.0,1.0,1.0,1.0,1.0,20.03125,82.046875,89.16015625,74.98828125,118.50390625,223.8203125,235.8203125,215.625,0.0,0.0,0.6015625,77.26116943359375
none,0,1040,1.0,0.0,1.0,1.0,1.0,1.0,19.91796875,84.65234375,88.95703125,72.43359375,117.42578125,230.80859375,237.85546875,207.61328125,0.0,0.0,0.51953125,77.67662048339844
none,0,1041,1.0,0.0,1.0,1.0,1.0,1.0,19.33203125,82.98046875,89.12109375,73.8203125,115.96484375,226.69921875,236.22265625,212.87109375,0.0,0.0,0.6796875,77.48335266113281
none,0,1042,1.0,0.0,1.0,1.0,1.0,1.0,18.83203125,84.13671875,89.796875,74.59375,113.29296875,228.265625,238.66015625,214.7734375,0.0,0.0,0.51953125,78.62110900878906
none,0,1043,1.0,0.0,1.0,1.0,1.0,1.0,19.1953125,82.88671875,89.3828125,74.09765625,116.71875,224.76171875,239.140625,212.484375,0.0,0.0,0.53125,77.54103088378906
none,0,1044,1.0,0.0,1.0,1.0,1.0,1.0,19.33203125,83.23046875,89.51171875,75.18359375,115.43359375,226.0,236.08203125,213.58203125,0.0,0.0,0.6171875,78.35188293457031
none,0,1045,1.0,0.0,1.0,1.0,1.0,1.0,19.77734375,83.2890625,90.7578125,73.5390625,118.05078125,226.453125,239.5,207.76171875,0.0,0.0,0.609375,77.96507263183594
none,0,1046,1.0,0.0,1.0,1.0,1.0,1.0,19.96484375,84.72265625,88.6171875,74.00390625,120.99609375,228.2421875,233.87890625,210.5546875,0.0,0.0,0.58203125,78.06398010253906
none,0,1047,1.0,0.0,1.0,1.0,1.0,1.0,19.37109375,83.15625,89.97265625,74.05078125,118.26953125,225.734375,238.375,210.82421875,0.0,0.0,0.50390625,77.42311096191406
none,0,1048,1.0,0.0,1.0,1.0,1.0,1.0,19.06640625,83.61328125,89.1484375,74.9765625,115.48828125,227.00390625,235.4765625,213.36328125,0.0,0.0,0.59375,78.34429931640625
none,0,1049,1.0,0.0,1.0,1.0,1.0,1.0,19.5234375,83.56640625,89.7421875,73.0078125,115.32421875,226.85546875,238.25390625,208.31640625,0.0,0.0,0.59375,77.78459167480469
none,0,1050,1.0,0.0,1.0,1.0,1.0,1.0,19.37109375,82.921875,89.58203125,73.15234375,118.4140625,225.62890625,236.9140625,209.15234375,0.0,0.0,0.50390625,77.09624481201172
none,0,1051,1.0,0.0,1.0,1.0,1.0,1.0,19.640625,83.84375,89.87890625,74.0,114.984375,226.98046875,238.890625,210.12890625,0.0,0.0,0.5703125,77.5802230834961
none,0,1052,1.0,0.0,1.0,1.0,1.0,1.0,18.91015625,83.02734375,90.2578125,75.40234375,115.9609375,224.15625,238.46484375,213.68359375,0.0,0.0,0.484375,78.47947692871094
none,0,1053,1.0,0.0,1.0,1.0,1.0,1.0,19.4921875,84.0546875,89.9765625,74.24609375,116.77734375,226.90625,238.27734375,210.72265625,0.0,0.0,0.5390625,78.32237243652344
none,0,1054,1.0,0.0,1.0,1.0,1.0,1.0,19.4921875,82.54296875,89.37109375,73.984375,117.625,224.3984375,235.78125,211.32421875,0.0,0.0,0.54296875,77.21272277832031
none,0,1055,1.0,0.0,1.0,1.0,1.0,1.0,19.390625,83.11328125,88.92578125,73.4609375,117.8359375,224.92578125,235.19921875,210.5234375,0.0,0.0,0.58984375,77.50753021240234
none,0,1056,1.0,0.0,1.0,1.0,1.0,1.0,19.453125,84.0625,90.69921875,73.03515625,117.91796875,227.19140625,239.58984375,207.56640625,0.0,0.0,0.6015625,77.8917007446289
none,0,1057,1.0,0.0,1.0,1.0,1.0,1.0,19.21484375,84.84765625,90.76171875,72.55078125,112.73046875,230.8046875,240.44921875,206.2421875,0.0,0.0,0.6015625,78.15531158447266
none,0,1058,1.0,0.0,1.0,1.0,1.0,1.0,18.90234375,83.3046875,91.1875,73.1875,114.796875,227.31640625,241.42578125,208.16015625,0.0,0.0,0.578125,78.51296997070312
none,0,1059,1.0,0.0,1.0,1.0,1.0,1.0,19.3828125,83.70703125,90.46484375,75.328125,118.3515625,227.125,239.703125,214.453125,0.0,0.0,0.5703125,78.50314331054688
none,0,1060,1.0,0.0,1.0,1.0,1.0,1.0,18.88671875,82.6015625,90.453125,74.6953125,116.828125,224.50390625,239.52734375,213.24609375,0.0,0.0,0.5078125,78.25079345703125
none,0,1061,1.0,0.0,1.0,1.0,1.0,1.0,19.2734375,82.7578125,90.6953125,75.16015625,115.828125,224.24609375,240.75390625,212.26171875,0.0,0.0,0.50390625,78.82203674316406
none,0,1062,1.0,0.0,1.0,1.0,1.0,1.0,18.66015625,83.2421875,90.0859375,73.8046875,111.3203125,226.640625,236.9296875,209.33984375,0.0,0.0,0.6328125,78.05531311035156
none,0,1063,1.0,0.0,1.0,1.0,1.0,1.0,18.9375,81.8046875,90.6328125,75.05859375,116.2265625,223.27734375,239.67578125,213.75390625,0.0,0.0,0.51953125,78.28507995605469
none,0,1064,1.0,0.0,1.0,1.0,1.0,1.0,19.1328125,81.703125,90.46484375,75.0390625,114.34375,221.671875,239.55859375,213.546875,0.0,0.0,0.63671875,77.37995910644531
none,0,1065,1.0,0.0,1.0,1.0,1.0,1.0,18.79296875,83.16015625,90.82421875,73.6640625,114.56640625,227.3515625,239.7109375,209.18359375,0.0,0.0,0.55078125,78.16030883789062
none,0,1066,1.0,0.0,1.0,1.0,1.0,1.0,18.75,82.25,90.09375,73.51953125,113.03515625,222.62109375,239.1328125,209.3203125,0.0,0.0,0.5703125,77.29936218261719
none,0,1067,1.0,0.0,1.0,1.0,1.0,1.0,18.8359375,83.40234375,92.59375,73.640625,112.0859375,225.83203125,244.90625,208.80859375,0.0,0.0,0.60546875,78.86434936523438
none,0,1068,1.0,0.0,1.0,1.0,1.0,1.0,18.60546875,83.91015625,89.82421875,74.41796875,114.42578125,229.67578125,237.69140625,211.58203125,0.0,0.0,0.51953125,78.33848571777344
none,0,1069,1.0,0.0,1.0,1.0,1.0,1.0,18.91796875,84.05078125,91.296875,73.46875,112.81640625,228.859375,242.43359375,208.73828125,0.0,0.0,0.50390625,78.61473083496094
none,0,1070,1.0,0.0,1.0,1.0,1.0,1.0,19.0234375,85.2734375,90.6796875,73.20703125,113.43359375,234.8359375,240.54296875,208.97265625,0.0,0.0,0.4765625,78.89910888671875
none,0,1071,1.0,0.0,1.0,1.0,1.0,1.0,19.2265625,84.37109375,90.33984375,73.44140625,117.30859375,230.56640625,240.21484375,209.265625,0.0,0.0,0.4765625,78.19343566894531
none,0,1072,1.0,0.0,1.0,1.0,1.0,1.0,18.875,84.22265625,90.62890625,72.5703125,115.2421875,230.96484375,240.92578125,204.80859375,0.0,0.0,0.5546875,78.2950439453125
none,0,1073,1.0,0.0,1.0,1.0,1.0,1.0,18.80078125,84.52734375,91.0625,73.0859375,112.0,231.16796875,242.10546875,206.9609375,0.0,0.0,0.6171875,78.8008041381836
none,0,1074,1.0,0.0,1.0,1.0,1.0,1.0,19.14453125,83.76171875,89.9453125,73.90625,115.1875,228.62109375,238.02734375,209.69921875,0.0,0.0,0.59375,77.94579315185547
none,0,1075,1.0,0.0,1.0,1.0,1.0,1.0,18.46875,84.171875,90.5,74.05859375,112.1640625,229.359375,239.37109375,210.61328125,0.0,0.0,0.57421875,78.45735168457031
none,0,1076,1.0,0.0,1.0,1.0,1.0,1.0,19.140625,82.49609375,89.5,75.0546875,117.2265625,225.5390625,236.3359375,214.14453125,0.0,0.0,0.56640625,78.0104751586914
none,0,1077,1.0,0.0,1.0,1.0,1.0,1.0,19.36328125,82.46484375,89.63671875,75.078125,117.07421875,224.0390625,236.625,213.83203125,0.0,0.0,0.55859375,78.00800323486328
none,0,1078,1.0,0.0,1.0,1.0,1.0,1.0,18.94140625,82.40625,91.19140625,75.1796875,116.5078125,222.6015625,242.28125,215.3515625,0.0,0.0,0.59375,78.73577117919922
none,0,1079,1.0,0.0,1.0,1.0,1.0,1.0,18.95703125,82.7890625,91.0078125,74.40234375,116.90234375,225.015625,240.03515625,211.03125,0.0,0.0,0.5,78.49002075195312
none,0,1080,1.0,0.0,1.0,1.0,1.0,1.0,19.3984375,82.51953125,90.76953125,74.9765625,119.0546875,224.65625,240.38671875,212.83984375,0.0,0.0,0.52734375,78.52427673339844
none,0,1081,1.0,0.0,1.0,1.0,1.0,1.0,18.61328125,83.17578125,91.21484375,73.18359375,113.390625,226.79296875,241.1328125,209.02734375,0.0,0.0,0.6015625,78.25218963623047
none,0,1082,1.0,0.0,1.0,1.0,1.0,1.0,18.84375,82.44921875,91.61328125,74.4765625,114.21875,224.64453125,242.8125,213.02734375,0.0,0.0,0.5546875,78.52293395996094
none,0,1083,1.0,0.0,1.0,1.0,1.0,1.0,18.41015625,82.48828125,91.32421875,73.7421875,112.390625,223.37890625,242.21875,210.41015625,0.0,0.0,0.5,78.61064147949219
none,0,1084,1.0,0.0,1.0,1.0,1.0,1.0,19.328125,81.91796875,91.51953125,75.15234375,119.3359375,221.61328125,241.98828125,214.4921875,0.0,0.0,0.51953125,78.4434585571289
none,0,1085,1.0,0.0,1.0,1.0,1.0,1.0,18.8671875,83.8046875,89.48046875,74.6015625,115.98046875,227.93359375,236.421875,212.41015625,0.0,0.0,0.55078125,78.56051635742188
none,0,1086,1.0,0.0,1.0,1.0,1.0,1.0,19.15625,84.62890625,90.6953125,74.328125,115.23046875,230.66796875,238.38671875,210.67578125,0.0,0.0,0.61328125,78.7689208984375
none,0,1087,1.0,0.0,1.0,1.0,1.0,1.0,18.94140625,82.35546875,92.6015625,74.77734375,117.171875,224.62890625,243.375,212.2578125,0.0,0.0,0.5859375,78.74992370605469
none,0,1088,1.0,0.0,1.0,1.0,1.0,1.0,18.25390625,83.08984375,90.86328125,75.02734375,113.265625,226.8203125,239.47265625,211.94921875,0.0,0.0,0.52734375,78.5352554321289
none,0,1089,1.0,0.0,1.0,1.0,1.0,1.0,19.109375,83.33984375,91.13671875,74.265625,115.4453125,227.78515625,240.86328125,211.24609375,0.0,0.0,0.5390625,78.67733764648438
none,0,1090,1.0,0.0,1.0,1.0,1.0,1.0,18.67578125,84.99609375,91.2265625,74.1796875,114.7890625,229.7578125,239.7734375,211.20703125,0.0,0.0,0.56640625,79.69831848144531
none,0,1091,1.0,0.0,1.0,1.0,1.0,1.0,19.328125,81.6953125,89.375,76.5390625,117.1484375,222.4140625,237.0,217.46875,0.0,0.0,0.5625,78.05245971679688
none,0,1092,1.0,0.0,1.0,1.0,1.0,1.0,19.09765625,81.87109375,92.05078125,74.94921875,116.70703125,221.86328125,242.1484375,212.8125,0.0,0.0,0.59375,78.59496307373047
none,0,1093,1.0,0.0,1.0,1.0,1.0,1.0,19.29296875,83.0,90.53125,75.1796875,116.640625,226.19140625,238.9765625,212.55078125,0.0,0.0,0.53125,78.79715728759766
none,0,1094,1.0,0.0,1.0,1.0,1.0,1.0,19.640625,82.046875,91.29296875,77.10546875,118.12109375,221.04296875,241.88671875,219.33984375,0.0,0.0,0.5390625,79.24110412597656
none,0,1095,1.0,0.0,1.0,1.0,1.0,1.0,19.484375,82.34765625,90.16796875,75.87890625,116.921875,224.5078125,239.296875,214.359375,0.0,0.0,0.5625,78.5824203491211
none,0,1096,1.0,0.0,1.0,1.0,1.0,1.0,19.88671875,81.32421875,91.7421875,76.85546875,121.35546875,219.91015625,242.39453125,218.2109375,0.0,0.0,0.59765625,78.79007720947266
none,0,1097,1.0,0.0,1.0,1.0,1.0,1.0,18.93359375,82.64453125,90.62890625,74.7734375,115.95703125,222.34765625,239.515625,211.359375,0.0,0.0,0.54296875,78.15603637695312
none,0,1098,1.0,0.0,1.0,1.0,1.0,1.0,19.19921875,83.546875,91.49609375,74.6484375,117.640625,226.03515625,240.80078125,210.51171875,0.0,0.0,0.52734375,78.8270263671875
none,0,1099,1.0,0.0,1.0,1.0,1.0,1.0,19.08984375,84.12109375,90.48046875,75.9453125,116.0078125,226.78125,238.3203125,214.4296875,0.0,0.0,0.59375,79.31425476074219
none,0,1100,1.0,0.0,1.0,1.0,1.0,1.0,19.703125,83.00390625,89.703125,76.4921875,119.01171875,224.59375,236.80078125,215.921875,0.0,0.0,0.5703125,78.67556762695312
none,0,1101,1.0,0.0,1.0,1.0,1.0,1.0,19.28515625,83.30078125,91.28515625,75.5859375,115.1796875,224.3828125,240.1875,213.43359375,0.0,0.0,0.5625,79.20552825927734
none,0,1102,1.0,0.0,1.0,1.0,1.0,1.0,19.4453125,83.06640625,91.4453125,75.1953125,118.1875,225.75390625,239.81640625,211.69921875,0.0,0.0,0.6015625,78.44036102294922
none,0,1103,1.0,0.0,1.0,1.0,1.0,1.0,19.58984375,84.546875,91.10546875,75.40234375,118.42578125,229.25390625,239.96484375,212.07421875,0.0,0.0,0.5078125,79.58146667480469
none,0,1104,1.0,0.0,1.0,1.0,1.0,1.0,19.4140625,83.046875,91.7421875,74.3046875,116.84375,225.5234375,241.3125,210.05859375,0.0,0.0,0.55859375,78.88018798828125
none,0,1105,1.0,0.0,1.0,1.0,1.0,1.0,18.83203125,84.85546875,91.6796875,75.4296875,117.05078125,228.32421875,241.20703125,212.0390625,0.0,0.0,0.57421875,79.77320861816406
none,0,1106,1.0,0.0,1.0,1.0,1.0,1.0,18.7890625,82.7109375,91.3203125,74.3203125,115.90625,224.42578125,241.42578125,211.453125,0.0,0.0,0.58984375,78.83639526367188
none,0,1107,1.0,0.0,1.0,1.0,1.0,1.0,19.1484375,83.16796875,92.44921875,75.6015625,117.359375,224.95703125,242.69140625,213.484375,0.0,0.0,0.5546875,79.60363006591797
none,0,1108,1.0,0.0,1.0,1.0,1.0,1.0,19.5703125,82.62109375,91.84765625,75.91015625,118.5078125,223.234375,242.58203125,215.02734375,0.0,0.0,0.66015625,79.06086730957031
none,0,1109,1.0,0.0,1.0,1.0,1.0,1.0,19.2734375,84.05859375,91.2109375,75.328125,117.51953125,227.21875,240.65625,212.73828125,0.0,0.0,0.58984375,79.58880615234375
none,0,1110,1.0,0.0,1.0,1.0,1.0,1.0,19.40625,82.76171875,93.1953125,75.5,118.67578125,224.28515625,244.515625,213.48828125,0.0,0.0,0.54296875,79.76252746582031
none,0,1111,1.0,0.0,1.0,1.0,1.0,1.0,18.83984375,83.81640625,92.1640625,75.0625,117.18359375,226.10546875,243.578125,212.42578125,0.0,0.0,0.53515625,79.96980285644531
none,0,1112,1.0,0.0,1.0,1.0,1.0,1.0,18.7421875,84.29296875,92.35546875,74.43359375,115.31640625,228.03125,243.53125,209.0703125,0.0,0.0,0.48828125,79.96902465820312
none,0,1113,1.0,0.0,1.0,1.0,1.0,1.0,18.7265625,83.68359375,93.015625,74.55078125,116.3359375,227.15234375,245.01171875,208.7421875,0.0,0.0,0.546875,79.81640625
none,0,1114,1.0,0.0,1.0,1.0,1.0,1.0,19.51953125,84.515625,91.71484375,73.98828125,121.29296875,228.8671875,240.8046875,208.91796875,0.0,0.0,0.54296875,79.55113983154297
none,0,1115,1.0,0.0,1.0,1.0,1.0,1.0,19.0625,84.76171875,92.1015625,74.59765625,117.15234375,228.91015625,241.93359375,211.03515625,0.0,0.0,0.55078125,79.5020980834961
none,0,1116,1.0,0.0,1.0,1.0,1.0,1.0,17.8671875,85.69921875,91.66015625,73.49609375,113.09765625,232.86328125,241.0546875,206.3046875,0.0,0.0,0.5625,79.36823272705078
none,0,1117,1.0,0.0,1.0,1.0,1.0,1.0,18.41796875,85.1796875,91.828125,74.01953125,114.77734375,229.453125,239.59375,208.2734375,0.0,0.0,0.578125,79.7447509765625
none,0,1118,1.0,0.0,1.0,1.0,1.0,1.0,18.625,84.57421875,92.58984375,74.28515625,115.26953125,228.8515625,241.66015625,208.0234375,0.0,0.0,0.5234375,79.88581085205078
none,0,1119,1.0,0.0,1.0,1.0,1.0,1.0,18.08203125,85.421875,94.1015625,73.15625,113.4921875,231.69140625,246.24609375,204.49609375,0.0,0.0,0.578125,80.97496032714844
none,0,1120,1.0,0.0,1.0,1.0,1.0,1.0,19.640625,85.30859375,90.88671875,74.34765625,117.78515625,229.84765625,238.46875,208.125,0.0,0.0,0.546875,79.32142639160156
none,0,1121,1.0,0.0,1.0,1.0,1.0,1.0,18.7890625,83.64453125,92.64453125,75.68359375,113.78125,223.5546875,242.16015625,211.57421875,0.0,0.0,0.5703125,79.96016693115234
none,0,1122,1.0,0.0,1.0,1.0,1.0,1.0,18.77734375,83.90234375,91.73046875,76.3984375,115.44140625,222.4296875,239.04296875,214.296875,0.0,0.0,0.5546875,79.7364730834961
none,0,1123,1.0,0.0,1.0,1.0,1.0,1.0,18.10546875,83.4140625,93.2734375,75.87890625,114.43359375,223.64453125,243.37890625,212.83984375,0.0,0.0,0.58984375,80.35945129394531
none,0,1124,1.0,0.0,1.0,1.0,1.0,1.0,19.16015625,83.17578125,92.6484375,75.9765625,118.046875,222.109375,243.140625,212.60546875,0.0,0.0,0.515625,79.81895446777344
none,0,1125,1.0,0.0,1.0,1.0,1.0,1.0,18.78125,83.328125,92.80859375,75.9453125,113.703125,223.6640625,242.3671875,212.08203125,0.0,0.0,0.57421875,79.85912322998047
none,0,1126,1.0,0.0,1.0,1.0,1.0,1.0,19.046875,85.6953125,92.22265625,75.328125,115.05078125,229.25,240.89453125,209.4921875,0.0,0.0,0.6640625,80.54580688476562
none,0,1127,1.0,0.0,1.0,1.0,1.0,1.0,18.40625,84.421875,93.41796875,74.2265625,112.72265625,226.1171875,246.4609375,206.64453125,0.0,0.0,0.61328125,80.65126037597656
none,0,1128,1.0,0.0,1.0,1.0,1.0,1.0,18.57421875,84.12890625,93.92578125,74.66015625,113.9765625,225.55859375,246.29296875,208.6796875,0.0,0.0,0.53515625,80.33573150634766
none,0,1129,1.0,0.0,1.0,1.0,1.0,1.0,18.60546875,84.4375,92.25,73.640625,114.87890625,227.203125,242.21875,205.1875,0.0,0.0,0.55078125,79.262451171875
none,0,1130,1.0,0.0,1.0,1.0,1.0,1.0,17.953125,83.83984375,93.74609375,75.1640625,111.27734375,225.44921875,246.72265625,210.33984375,0.0,0.0,0.48046875,80.96583557128906
none,0,1131,1.0,0.0,1.0,1.0,1.0,1.0,18.7421875,84.94140625,93.0,75.71484375,115.7109375,227.87109375,242.95703125,212.62109375,0.0,0.0,0.515625,81.06289672851562
none,0,1132,1.0,0.0,1.0,1.0,1.0,1.0,18.58203125,85.73828125,92.328125,75.12109375,113.58984375,230.69921875,241.015625,210.98046875,0.0,0.0,0.65625,80.670654296875
none,0,1133,1.0,0.0,1.0,1.0,1.0,1.0,18.4921875,85.29296875,93.15234375,75.45703125,113.390625,227.8515625,243.98828125,212.83984375,0.0,0.0,0.609375,81.03681945800781
none,0,1134,1.0,0.0,1.0,1.0,1.0,1.0,17.90625,84.6484375,93.23828125,75.328125,110.453125,229.08984375,244.48046875,211.3125,0.0,0.0,0.5703125,80.64024353027344
none,0,1135,1.0,0.0,1.0,1.0,1.0,1.0,17.796875,83.50390625,92.6875,76.3515625,113.94921875,224.734375,243.6171875,214.234375,0.0,0.0,0.53515625,80.47683715820312
none,0,1136,1.0,0.0,1.0,1.0,1.0,1.0,17.81640625,83.9140625,93.703125,75.77734375,112.35546875,226.2890625,247.4921875,212.65234375,0.0,0.0,0.5625,80.29379272460938
none,0,1137,1.0,0.0,1.0,1.0,1.0,1.0,18.55078125,84.13671875,92.3203125,77.08203125,113.2578125,226.015625,243.6640625,214.5234375,0.0,0.0,0.5078125,80.62557983398438
none,0,1138,1.0,0.0,1.0,1.0,1.0,1.0,17.9375,83.40234375,94.67578125,75.3125,113.05859375,223.75,249.94140625,210.74609375,0.0,0.0,0.54296875,81.32760620117188
none,0,1139,1.0,0.0,1.0,1.0,1.0,1.0,18.32421875,82.41015625,93.15234375,77.7421875,114.2109375,220.32421875,244.1484375,218.09765625,0.0,0.0,0.609375,80.61431884765625
none,0,1140,1.0,0.0,1.0,1.0,1.0,1.0,17.8203125,84.29296875,93.84375,75.1640625,112.0,226.67578125,246.69921875,209.8125,0.0,0.0,0.5078125,80.93961334228516
none,0,1141,1.0,0.0,1.0,1.0,1.0,1.0,17.3671875,85.0,92.46875,75.3359375,110.57421875,228.2734375,242.703125,209.98828125,0.0,0.0,0.53515625,80.39631652832031
none,0,1142,1.0,0.0,1.0,1.0,1.0,1.0,17.9609375,84.0625,92.015625,76.33203125,114.6328125,225.5078125,241.94140625,215.04296875,0.0,0.0,0.55859375,80.1991195678711
none,0,1143,1.0,0.0,1.0,1.0,1.0,1.0,18.48046875,84.3515625,93.55078125,75.51171875,116.62890625,227.84375,246.23828125,212.359375,0.0,0.0,0.578125,81.22915649414062
none,0,1144,1.0,0.0,1.0,1.0,1.0,1.0,17.3359375,86.15234375,92.30859375,74.5859375,111.3515625,232.328125,244.4140625,210.37890625,0.0,0.0,0.55078125,80.79769897460938
none,0,1145,1.0,0.0,1.0,1.0,1.0,1.0,17.8125,84.4296875,94.1484375,75.36328125,112.53125,227.37109375,247.5625,211.328125,0.0,0.0,0.49609375,80.78318786621094
none,0,1146,1.0,0.0,1.0,1.0,1.0,1.0,17.5,85.73828125,93.51953125,74.45703125,111.984375,231.5390625,245.79296875,209.1015625,0.0,0.0,0.56640625,80.85252380371094
none,0,1147,1.0,0.0,1.0,1.0,1.0,1.0,17.53125,84.73828125,94.08984375,75.5546875,112.20703125,227.1953125,247.66796875,211.52734375,0.0,0.0,0.58203125,80.98290252685547
none,0,1148,1.0,0.0,1.0,1.0,1.0,1.0,17.95703125,85.484375,93.37890625,74.3359375,113.17578125,230.2890625,247.13671875,209.26953125,0.0,0.0,0.51953125,80.81460571289062
none,0,1149,1.0,0.0,1.0,1.0,1.0,1.0,17.859375,86.43359375,95.515625,72.9765625,112.39453125,232.8203125,250.55859375,202.29296875,0.0,0.0,0.625,81.75365447998047
none,0,1150,1.0,0.0,1.0,1.0,1.0,1.0,18.609375,85.1328125,94.25,74.515625,116.4296875,228.56640625,247.55859375,207.97265625,0.0,0.0,0.609375,80.73016357421875
none,0,1151,1.0,0.0,1.0,1.0,1.0,1.0,17.65625,87.28125,93.8203125,73.6484375,111.90625,235.8203125,247.57421875,203.52734375,0.0,0.0,0.69140625,81.196533203125
none,0,1152,1.0,0.0,1.0,1.0,1.0,1.0,17.31640625,86.26953125,94.1796875,74.0859375,109.2890625,232.38671875,247.30078125,204.12890625,0.0,0.0,0.609375,80.67449951171875
none,0,1153,1.0,0.0,1.0,1.0,1.0,1.0,17.40625,85.515625,94.73828125,75.69921875,109.0703125,228.83203125,247.640625,209.41796875,0.0,0.0,0.54296875,81.50578308105469
none,0,1154,1.0,0.0,1.0,1.0,1.0,1.0,17.2421875,85.22265625,94.27734375,75.234375,109.69140625,229.4921875,248.22265625,208.23828125,0.0,0.0,0.5390625,81.06742858886719
none,0,1155,1.0,0.0,1.0,1.0,1.0,1.0,17.48828125,84.65234375,94.484375,75.16796875,111.88671875,226.1875,247.62890625,210.515625,0.0,0.0,0.5390625,81.26504516601562
none,0,1156,1.0,0.0,1.0,1.0,1.0,1.0,16.86328125,84.625,95.484375,73.85546875,107.95703125,227.46484375,251.53515625,205.9453125,0.0,0.0,0.546875,80.86617279052734
none,0,1157,1.0,0.0,1.0,1.0,1.0,1.0,16.80859375,85.36328125,95.5859375,74.54296875,107.0234375,228.41796875,251.01171875,205.23828125,0.0,0.0,0.484375,81.45038604736328
none,0,1158,1.0,0.0,1.0,1.0,1.0,1.0,17.38671875,84.04296875,94.95703125,76.74609375,110.5859375,226.51171875,251.43359375,211.51171875,0.0,0.0,0.5234375,81.5498275756836
none,0,1159,1.0,0.0,1.0,1.0,1.0,1.0,17.1875,85.43359375,94.67578125,75.04296875,107.05859375,229.64453125,248.3515625,209.15625,0.0,0.0,0.52734375,81.98792266845703
none,0,1160,1.0,0.0,1.0,1.0,1.0,1.0,17.37109375,86.51953125,94.87109375,74.296875,108.59375,231.9453125,248.5078125,204.328125,0.0,0.0,0.56640625,81.40361785888672
none,0,1161,1.0,0.0,1.0,1.0,1.0,1.0,18.03515625,85.43359375,93.51171875,74.609375,110.6484375,230.6953125,245.59765625,205.1875,0.0,0.0,0.60546875,80.65998840332031
none,0,1162,1.0,0.0,1.0,1.0,1.0,1.0,17.4609375,86.9140625,95.19921875,74.12890625,110.03515625,233.90625,249.0234375,205.171875,0.0,0.0,0.55859375,81.97795867919922
none,0,1163,1.0,0.0,1.0,1.0,1.0,1.0,17.58203125,86.3359375,94.8984375,75.09375,109.40234375,233.2109375,247.8515625,208.390625,0.0,0.0,0.53515625,82.2480697631836
none,0,1164,1.0,0.0,1.0,1.0,1.0,1.0,17.51171875,85.671875,95.20703125,74.5234375,111.0234375,230.984375,249.88671875,208.3984375,0.0,0.0,0.53515625,81.64631652832031
none,0,1165,1.0,0.0,1.0,1.0,1.0,1.0,17.3046875,85.8125,94.91015625,74.67578125,110.14453125,231.30078125,250.05859375,209.4609375,0.0,0.0,0.5234375,82.10600280761719
none,0,1166,1.0,0.0,1.0,1.0,1.0,1.0,17.46875,86.390625,94.34375,76.1640625,110.94921875,233.32421875,247.67578125,211.9921875,0.0,0.0,0.515625,82.49092102050781
none,0,1167,1.0,0.0,1.0,1.0,1.0,1.0,17.2578125,87.2890625,95.0625,73.73046875,109.49609375,235.29296875,251.26171875,206.8671875,0.0,0.0,0.5078125,82.0087661743164
none,0,1168,1.0,0.0,1.0,1.0,1.0,1.0,17.4375,86.3828125,94.2890625,74.05859375,109.796875,233.15625,248.546875,208.09375,0.0,0.0,0.5703125,81.70365905761719
none,0,1169,1.0,0.0,1.0,1.0,1.0,1.0,17.3203125,84.625,95.09765625,76.65625,110.390625,228.33203125,251.71484375,214.14453125,0.0,0.0,0.6015625,81.62615203857422
none,0,1170,1.0,0.0,1.0,1.0,1.0,1.0,16.8671875,85.66015625,94.4921875,75.94921875,107.796875,232.0078125,250.61328125,212.31640625,0.0,0.0,0.51171875,82.12056732177734
none,0,1171,1.0,0.0,1.0,1.0,1.0,1.0,17.6640625,83.4140625,94.65625,78.31640625,109.75,223.046875,248.15625,219.48828125,0.0,0.0,0.52734375,81.92140197753906
none,0,1172,1.0,0.0,1.0,1.0,1.0,1.0,16.95703125,84.53125,93.73046875,77.69140625,109.9765625,226.3515625,248.33203125,217.5,0.0,0.0,0.4765625,81.78009796142578
none,0,1173,1.0,0.0,1.0,1.0,1.0,1.0,17.38671875,85.59765625,94.1328125,76.7734375,109.37109375,229.0703125,248.47265625,215.0390625,0.0,0.0,0.578125,82.07057189941406
none,0,1174,1.0,0.0,1.0,1.0,1.0,1.0,16.6640625,86.328125,95.56640625,76.50390625,107.27734375,231.36328125,252.01953125,213.12109375,0.0,0.0,0.484375,83.35549926757812
none,0,1175,1.0,0.0,1.0,1.0,1.0,1.0,17.77734375,85.55859375,94.59375,74.7734375,109.71484375,228.16796875,249.61328125,208.2421875,0.0,0.0,0.3828125,80.9900894165039
none,0,1176,1.0,0.0,1.0,1.0,1.0,1.0,17.6015625,86.96875,94.9765625,74.44921875,109.25390625,232.7734375,249.50390625,207.171875,0.0,0.0,0.453125,82.41473388671875
none,0,1177,1.0,0.0,1.0,1.0,1.0,1.0,18.07421875,87.484375,94.171875,75.35546875,111.4921875,234.87109375,247.19140625,208.53125,0.0,0.0,0.609375,82.22020721435547
none,0,1178,1.0,0.0,1.0,1.0,1.0,1.0,17.6171875,87.17578125,94.23046875,74.19140625,109.2109375,233.60546875,247.421875,204.21484375,0.0,0.0,0.51171875,82.09909057617188
none,0,1179,1.0,0.0,1.0,1.0,1.0,1.0,17.3359375,87.3671875,93.5078125,75.69921875,108.6328125,233.90234375,244.66015625,208.953125,0.0,0.0,0.42578125,82.97256469726562
none,0,1180,1.0,0.0,1.0,1.0,1.0,1.0,17.44921875,87.34765625,93.5234375,73.80078125,112.46484375,233.99609375,245.00390625,204.4921875,0.0,0.0,0.4609375,81.74356079101562
none,0,1181,1.0,0.0,1.0,1.0,1.0,1.0,17.25390625,86.16015625,94.125,75.77734375,109.9375,230.734375,247.31640625,208.296875,0.0,0.0,0.4375,82.16264343261719
none,0,1182,1.0,0.0,1.0,1.0,1.0,1.0,17.484375,86.40234375,94.8359375,75.96875,110.30859375,231.8359375,247.6875,209.95703125,0.0,0.0,0.578125,82.426025390625
none,0,1183,1.0,0.0,1.0,1.0,1.0,1.0,17.921875,86.2265625,93.65234375,76.453125,112.0,232.03515625,245.79296875,214.12890625,0.0,0.0,0.53515625,82.09349060058594
none,0,1184,1.0,0.0,1.0,1.0,1.0,1.0,17.37890625,85.6875,95.77734375,75.70703125,111.484375,228.84375,251.44921875,210.25390625,0.0,0.0,0.6328125,82.48789978027344
none,0,1185,1.0,0.0,1.0,1.0,1.0,1.0,17.33203125,83.83203125,95.97265625,75.8046875,108.8671875,224.80859375,252.15234375,212.20703125,0.0,0.0,0.5625,81.72515869140625
none,0,1186,1.0,0.0,1.0,1.0,1.0,1.0,17.62109375,87.3203125,93.8515625,77.21484375,110.6015625,233.7421875,247.0078125,214.359375,0.0,0.0,0.4609375,83.08119201660156
none,0,1187,1.0,0.0,1.0,1.0,1.0,1.0,17.234375,85.5234375,95.26171875,75.55859375,109.31640625,227.63671875,251.0,210.59765625,0.0,0.0,0.46484375,81.66683197021484
none,0,1188,1.0,0.0,1.0,1.0,1.0,1.0,17.51953125,85.21484375,95.33984375,76.203125,110.99609375,229.87890625,251.1328125,212.2578125,0.0,0.0,0.58203125,82.17418670654297
none,0,1189,1.0,0.0,1.0,1.0,1.0,1.0,17.37109375,85.22265625,94.9453125,75.58203125,109.48828125,227.671875,250.34375,211.46484375,0.0,0.0,0.5703125,81.58619689941406
none,0,1190,1.0,0.0,1.0,1.0,1.0,1.0,16.96875,85.55078125,96.91796875,75.609375,108.0546875,229.3828125,256.0,209.75390625,0.0,0.0,0.52734375,82.864013671875
none,0,1191,1.0,0.0,1.0,1.0,1.0,1.0,17.40625,86.68359375,97.3515625,74.74609375,108.82421875,233.40234375,257.8046875,207.94140625,0.0,0.0,0.4453125,82.61585235595703
none,0,1192,1.0,0.0,1.0,1.0,1.0,1.0,17.1953125,86.203125,96.86328125,75.30859375,108.9375,232.62109375,254.734375,209.625,0.0,0.0,0.5078125,83.27727508544922
none,0,1193,1.0,0.0,1.0,1.0,1.0,1.0,17.2734375,85.53515625,95.26171875,76.4453125,108.75390625,229.5625,251.37109375,214.21484375,0.0,0.0,0.50390625,82.41703796386719
none,0,1194,1.0,0.0,1.0,1.0,1.0,1.0,17.6875,86.10546875,96.05078125,76.41796875,110.28515625,232.05078125,252.33984375,212.0546875,0.0,0.0,0.49609375,82.69633483886719
none,0,1195,1.0,0.0,1.0,1.0,1.0,1.0,17.6796875,85.51953125,96.71875,75.2734375,110.77734375,232.140625,255.91015625,209.109375,0.0,0.0,0.52734375,82.41485595703125
none,0,1196,1.0,0.0,1.0,1.0,1.0,1.0,16.31640625,85.08203125,97.1796875,76.85546875,105.66796875,227.546875,254.80859375,213.74609375,0.0,0.0,0.50390625,83.25453186035156
none,0,1197,1.0,0.0,1.0,1.0,1.0,1.0,17.71875,85.55078125,96.234375,75.59765625,110.28515625,229.453125,252.14453125,209.05859375,0.0,0.0,0.52734375,82.76106262207031
none,0,1198,1.0,0.0,1.0,1.0,1.0,1.0,17.5,86.19140625,95.23046875,75.27734375,108.7109375,230.765625,249.94140625,207.90234375,0.0,0.0,0.57421875,82.68061828613281
none,0,1199,1.0,0.0,1.0,1.0,1.0,1.0,17.14453125,86.140625,96.0234375,75.0078125,109.5703125,230.40625,250.58984375,207.1796875,0.0,0.0,0.54296875,82.59699249267578
none,1,0,1.0,0.0,1.0,1.0,1.0,1.0,25.21484375,25.28125,24.43359375,22.703125,200.9296875,205.4296875,196.4140625,190.19140625,0.0,0.0,18.48828125,9.063369750976562
none,1,1,1.0,0.0,1.0,1.0,1.0,1.0,25.29296875,26.7265625,24.046875,22.9921875,200.48046875,212.9296875,195.19140625,192.98828125,0.0,0.0,18.2109375,9.62839126586914
none,1,2,1.0,0.0,1.0,1.0,1.0,1.0,24.9765625,27.21875,25.83984375,23.2265625,199.17578125,212.04296875,209.12109375,193.546875,0.0,0.0,18.2734375,10.418843269348145
none,1,3,1.0,0.0,1.0,1.0,1.0,1.0,25.16015625,27.21484375,26.66015625,24.04296875,196.14453125,210.46484375,210.35546875,193.94921875,0.0,0.0,17.609375,10.992790222167969
none,1,4,1.0,0.0,1.0,1.0,1.0,1.0,24.9921875,27.9921875,26.53515625,23.9375,191.41796875,216.19921875,207.52734375,190.6328125,0.0,0.0,17.51953125,11.433146476745605
none,1,5,1.0,0.0,1.0,1.0,1.0,1.0,24.37109375,28.125,27.1875,25.5859375,184.953125,210.015625,209.2734375,199.890625,0.0,0.0,16.96875,12.225942611694336
none,1,6,1.0,0.0,1.0,1.0,1.0,1.0,24.765625,29.09765625,28.296875,26.3125,181.0625,214.66796875,210.5703125,202.61328125,0.0,0.0,16.828125,13.10609245300293
none,1,7,1.0,0.0,1.0,1.0,1.0,1.0,23.9296875,30.6015625,28.421875,26.8125,170.3046875,216.5390625,208.23828125,198.5390625,0.0,0.0,16.3046875,13.952982902526855
none,1,8,1.0,0.0,1.0,1.0,1.0,1.0,23.2109375,31.20703125,28.90625,26.82421875,164.8046875,215.453125,207.3828125,195.25,0.0,0.0,16.0234375,14.47000789642334
none,1,9,1.0,0.0,1.0,1.0,1.0,1.0,23.0078125,31.5390625,28.94921875,28.2734375,154.4140625,209.46875,203.1484375,199.359375,0.0,0.0,15.27734375,15.435834884643555
none,1,10,1.0,0.0,1.0,1.0,1.0,1.0,23.80078125,32.91796875,28.58203125,29.25,150.5234375,208.97265625,194.31640625,197.72265625,0.0,0.0,15.2734375,16.07716178894043
none,1,11,1.0,0.0,1.0,1.0,1.0,1.0,23.65234375,33.81640625,29.24609375,30.1953125,145.859375,204.12890625,189.32421875,195.8984375,0.0,0.0,15.23046875,16.967445373535156
none,1,12,1.0,0.0,1.0,1.0,1.0,1.0,24.015625,34.6484375,31.3515625,32.02734375,141.95703125,200.76171875,190.7890625,194.890625,0.0,0.0,14.4296875,18.71226692199707
none,1,13,1.0,0.0,1.0,1.0,1.0,1.0,25.32421875,35.70703125,32.1484375,32.98046875,142.72265625,196.62890625,185.06640625,191.68359375,0.0,0.0,14.2734375,19.298282623291016
none,1,14,1.0,0.0,1.0,1.0,1.0,1.0,25.35546875,37.09765625,31.9375,34.15234375,133.10546875,194.20703125,179.08984375,185.98046875,0.0,0.0,14.09375,20.256675720214844
none,1,15,1.0,0.0,1.0,1.0,1.0,1.0,27.1796875,37.671875,34.05859375,35.765625,136.15625,188.671875,174.0625,185.421875,0.0,0.0,13.70703125,21.416257858276367
none,1,16,1.0,0.0,1.0,1.0,1.0,1.0,27.1640625,38.79296875,34.25390625,36.1953125,130.4296875,182.0234375,165.8984375,178.984375,0.0,0.0,13.5859375,22.2327938079834
none,1,17,1.0,0.0,1.0,1.0,1.0,1.0,28.82421875,39.5703125,35.23046875,38.08984375,131.2265625,177.88671875,163.56640625,178.46875,0.0,0.0,12.49609375,23.384647369384766
none,1,18,1.0,0.0,1.0,1.0,1.0,1.0,29.99609375,39.30859375,35.453125,41.2109375,131.13671875,168.8671875,155.9609375,181.81640625,0.0,0.0,12.12890625,24.297771453857422
none,1,19,1.0,0.0,1.0,1.0,1.0,1.0,30.171875,40.28515625,37.36328125,40.87890625,128.37890625,166.46875,155.3828125,174.01953125,0.0,0.0,11.91796875,25.149770736694336
none,1,20,1.0,0.0,1.0,1.0,1.0,1.0,30.9921875,41.9453125,37.69140625,41.85546875,125.52734375,164.0625,151.45703125,170.7109375,0.0,0.0,11.125,26.242429733276367
none,1,21,1.0,0.0,1.0,1.0,1.0,1.0,31.66796875,42.046875,38.78125,42.34765625,124.734375,159.0234375,147.9609375,167.6875,0.0,0.0,10.578125,27.004955291748047
none,1,22,1.0,0.0,1.0,1.0,1.0,1.0,32.78125,43.73828125,40.3046875,41.97265625,124.6953125,160.171875,149.3203125,161.4453125,0.0,0.0,10.27734375,28.003856658935547
none,1,23,1.0,0.0,1.0,1.0,1.0,1.0,32.83203125,44.171875,40.0546875,43.40234375,122.58984375,155.93359375,144.2890625,161.6640625,0.0,0.0,10.0078125,28.660924911499023
none,1,24,1.0,0.0,1.0,1.0,1.0,1.0,33.078125,43.8359375,41.8125,42.58203125,121.6640625,152.7734375,147.08203125,154.02734375,0.0,0.0,9.4296875,28.729019165039062
none,1,25,1.0,0.0,1.0,1.0,1.0,1.0,34.296875,45.03515625,40.38671875,43.62890625,121.44921875,154.1328125,141.1953125,154.5078125,0.0,0.0,9.1328125,28.944007873535156
none,1,26,1.0,0.0,1.0,1.0,1.0,1.0,34.2109375,44.390625,41.5625,43.26171875,120.51171875,152.02734375,140.94140625,150.43359375,0.0,0.0,9.03125,29.182781219482422
none,1,27,1.0,0.0,1.0,1.0,1.0,1.0,34.69921875,46.47265625,41.890625,43.9375,120.78125,155.43359375,139.7109375,149.58203125,0.0,0.0,8.58203125,30.192779541015625
none,1,28,1.0,0.0,1.0,1.0,1.0,1.0,35.625,47.0703125,42.96484375,44.61328125,122.4140625,157.13671875,142.40625,150.91015625,0.0,0.0,8.28125,30.701995849609375
none,1,29,1.0,0.0,1.0,1.0,1.0,1.0,35.03125,46.75390625,42.34375,45.60546875,119.09765625,155.33203125,139.62890625,152.359375,0.0,0.0,8.140625,31.07482147216797
none,1,30,1.0,0.0,1.0,1.0,1.0,1.0,36.26171875,47.55078125,43.0703125,45.76171875,122.73828125,156.46875,141.0234375,150.76953125,0.0,0.0,7.953125,31.486221313476562
none,1,31,1.0,0.0,1.0,1.0,1.0,1.0,36.85546875,47.78515625,43.28515625,44.3359375,123.265625,157.140625,141.94140625,145.9140625,0.0,0.0,7.4921875,31.16794204711914
none,1,32,1.0,0.0,1.0,1.0,1.0,1.0,37.953125,47.6015625,42.7890625,46.08984375,126.0390625,155.96484375,139.828125,151.01171875,0.0,0.0,7.33203125,31.367916107177734
none,1,33,1.0,0.0,1.0,1.0,1.0,1.0,37.734375,47.29296875,43.8671875,47.453125,125.24609375,154.05078125,143.5390625,155.0234375,0.0,0.0,7.06640625,32.05103302001953
none,1,34,1.0,0.0,1.0,1.0,1.0,1.0,37.3828125,48.98046875,43.6640625,47.0390625,125.9140625,160.3125,142.43359375,153.34375,0.0,0.0,6.69921875,32.943458557128906
none,1,35,1.0,0.0,1.0,1.0,1.0,1.0,37.57421875,47.8671875,45.3828125,48.56640625,125.546875,154.96484375,147.9375,157.58984375,0.0,0.0,6.75390625,33.72315979003906
none,1,36,1.0,0.0,1.0,1.0,1.0,1.0,38.44140625,46.41015625,45.3203125,47.84765625,128.390625,152.04296875,147.44921875,156.60546875,0.0,0.0,6.7890625,32.782928466796875
none,1,37,1.0,0.0,1.0,1.0,1.0,1.0,38.4296875,47.2265625,45.109375,49.33984375,129.44140625,153.52734375,145.86328125,161.97265625,0.0,0.0,6.26171875,33.51911163330078
none,1,38,1.0,0.0,1.0,1.0,1.0,1.0,38.6328125,46.265625,45.5390625,48.5234375,129.765625,150.984375,149.01171875,158.1796875,0.0,0.0,6.26953125,33.20134735107422
none,1,39,1.0,0.0,1.0,1.0,1.0,1.0,38.9765625,47.890625,43.9140625,49.33203125,131.78515625,154.98046875,144.09375,161.8359375,0.0,0.0,6.0625,33.294647216796875
none,1,40,1.0,0.0,1.0,1.0,1.0,1.0,38.78515625,48.1171875,45.34765625,48.62109375,131.34375,157.56640625,147.16015625,159.73046875,0.0,0.0,6.0703125,33.97862243652344
none,1,41,1.0,0.0,1.0,1.0,1.0,1.0,39.3515625,48.5234375,45.98828125,48.87890625,132.55859375,158.140625,149.7109375,160.03125,0.0,0.0,5.84765625,33.8908805847168
none,1,42,1.0,0.0,1.0,1.0,1.0,1.0,40.08203125,49.33984375,45.53125,48.65234375,134.92578125,159.890625,149.69140625,159.55078125,0.0,0.0,5.6875,33.993473052978516
none,1,43,1.0,0.0,1.0,1.0,1.0,1.0,40.3984375,46.734375,45.26171875,49.52734375,136.9609375,153.53515625,148.25,163.62109375,0.0,0.0,5.640625,33.37236785888672
none,1,44,1.0,0.0,1.0,1.0,1.0,1.0,39.99609375,49.1015625,45.15234375,49.109375,134.1484375,160.6875,147.4296875,160.6796875,0.0,0.0,5.52734375,34.26551055908203
none,1,45,1.0,0.0,1.0,1.0,1.0,1.0,40.2265625,50.30859375,45.08203125,48.0546875,135.67578125,162.46484375,145.56640625,158.046875,0.0,0.0,5.359375,34.27058410644531
none,1,46,1.0,0.0,1.0,1.0,1.0,1.0,39.40625,49.6875,46.71875,49.01953125,133.82421875,160.1171875,149.484375,159.51171875,0.0,0.0,5.0078125,34.93037414550781
none,1,47,1.0,0.0,1.0,1.0,1.0,1.0,39.2578125,51.4609375,45.88671875,49.734375,130.8828125,164.765625,148.42578125,159.62109375,0.0,0.0,5.21875,35.542327880859375
none,1,48,1.0,0.0,1.0,1.0,1.0,1.0,40.19140625,50.83203125,45.93359375,48.1953125,134.3515625,162.80859375,148.03515625,155.453125,0.0,0.0,4.9296875,34.94993209838867
none,1,49,1.0,0.0,1.0,1.0,1.0,1.0,40.2421875,51.109375,45.44140625,48.44140625,132.9609375,163.5546875,146.19140625,154.55859375,0.0,0.0,4.8828125,34.80329895019531
none,1,50,1.0,0.0,1.0,1.0,1.0,1.0,38.55859375,51.65234375,45.59375,48.8984375,128.90234375,164.48046875,145.16796875,156.10546875,0.0,0.0,4.69140625,35.55610275268555
none,1,51,1.0,0.0,1.0,1.0,1.0,1.0,38.86328125,51.1015625,45.43359375,47.22265625,130.15234375,163.46875,142.80078125,151.58984375,0.0,0.0,4.8125,34.616127014160156
none,1,52,1.0,0.0,1.0,1.0,1.0,1.0,38.37109375,52.07421875,45.33203125,49.078125,126.64453125,165.953125,143.94140625,156.7421875,0.0,0.0,4.70703125,35.75836181640625
none,1,53,1.0,0.0,1.0,1.0,1.0,1.0,38.34765625,52.24609375,44.6171875,49.75390625,128.15234375,165.5078125,141.8515625,160.91015625,0.0,0.0,4.59375,35.82235336303711
none,1,54,1.0,0.0,1.0,1.0,1.0,1.0,38.50390625,50.7890625,44.41796875,49.60546875,127.71484375,162.1953125,140.9921875,158.984375,0.0,0.0,4.6171875,34.97474670410156
none,1,55,1.0,0.0,1.0,1.0,1.0,1.0,37.28125,51.65625,44.42578125,49.50390625,124.82421875,164.4765625,142.0,158.83984375,0.0,0.0,4.54296875,35.65312576293945
none,1,56,1.0,0.0,1.0,1.0,1.0,1.0,38.47265625,50.6484375,44.98046875,50.32421875,128.23828125,160.05078125,143.15234375,162.3203125,0.0,0.0,4.47265625,35.451812744140625
none,1,57,1.0,0.0,1.0,1.0,1.0,1.0,37.67578125,50.015625,45.79296875,50.42578125,125.734375,159.8828125,145.21875,162.32421875,0.0,0.0,4.32421875,35.63503646850586
none,1,58,1.0,0.0,1.0,1.0,1.0,1.0,37.28515625,49.15234375,44.84375,50.4609375,123.8984375,155.0859375,142.74609375,162.65234375,0.0,0.0,4.48828125,35.386863708496094
none,1,59,1.0,0.0,1.0,1.0,1.0,1.0,36.7578125,49.625,45.3984375,51.40625,121.76953125,156.78125,144.66796875,163.36328125,0.0,0.0,4.078125,36.00452423095703
none,1,60,1.0,0.0,1.0,1.0,1.0,1.0,34.7109375,51.51171875,45.57421875,49.22265625,115.859375,162.73828125,144.4375,156.3203125,0.0,0.0,4.23046875,36.35485076904297
none,1,61,1.0,0.0,1.0,1.0,1.0,1.0,34.55859375,51.26171875,47.15234375,48.69921875,115.9296875,161.1328125,148.6640625,153.796875,0.0,0.0,3.96484375,36.2709846496582
none,1,62,1.0,0.0,1.0,1.0,1.0,1.0,34.32421875,51.63671875,46.28515625,47.83984375,114.984375,161.0546875,144.265625,151.78515625,0.0,0.0,4.00390625,36.085227966308594
none,1,63,1.0,0.0,1.0,1.0,1.0,1.0,33.9296875,51.78515625,46.73828125,49.828125,112.8828125,163.08984375,146.94140625,156.609375,0.0,0.0,3.9453125,37.00286865234375
none,1,64,1.0,0.0,1.0,1.0,1.0,1.0,35.34765625,50.19921875,47.8046875,50.109375,117.84765625,158.6875,149.00390625,157.9609375,0.0,0.0,4.05859375,36.722991943359375
none,1,65,1.0,0.0,1.0,1.0,1.0,1.0,36.171875,51.0546875,46.98046875,49.796875,121.09765625,160.58984375,147.90625,158.21484375,0.0,0.0,3.87890625,36.51299285888672
none,1,66,1.0,0.0,1.0,1.0,1.0,1.0,35.0859375,52.8125,46.62109375,49.703125,118.25390625,168.72265625,145.71875,157.3671875,0.0,0.0,3.83203125,37.12699508666992
none,1,67,1.0,0.0,1.0,1.0,1.0,1.0,35.29296875,52.53125,47.49609375,49.40234375,118.7734375,165.80078125,148.15625,156.76171875,0.0,0.0,4.23046875,37.268836975097656
none,1,68,1.0,0.0,1.0,1.0,1.0,1.0,35.515625,51.0390625,47.44140625,49.96484375,119.90625,160.77734375,148.1875,158.36328125,0.0,0.0,4.03515625,37.083187103271484
none,1,69,1.0,0.0,1.0,1.0,1.0,1.0,35.55859375,50.5546875,47.390625,51.06640625,120.65625,159.2578125,146.5,162.60546875,0.0,0.0,3.7890625,37.338417053222656
none,1,70,1.0,0.0,1.0,1.0,1.0,1.0,36.1171875,48.453125,48.5625,50.94921875,121.8671875,151.62109375,149.8046875,162.4609375,0.0,0.0,3.72265625,36.74714660644531
none,1,71,1.0,0.0,1.0,1.0,1.0,1.0,36.5078125,49.45703125,47.234375,50.3828125,121.82421875,154.4453125,145.8984375,158.40234375,0.0,0.0,3.83203125,36.37112045288086
none,1,72,1.0,0.0,1.0,1.0,1.0,1.0,35.89453125,50.53515625,48.39453125,49.609375,120.03515625,157.0,150.5703125,156.515625,0.0,0.0,3.5625,37.479042053222656
none,1,73,1.0,0.0,1.0,1.0,1.0,1.0,35.57421875,51.53515625,47.69921875,48.76953125,121.16796875,160.84375,145.76171875,155.2421875,0.0,0.0,3.70703125,36.8309326171875
none,1,74,1.0,0.0,1.0,1.0,1.0,1.0,33.9453125,52.50390625,47.75390625,49.2578125,117.10546875,163.73828125,148.6015625,155.8515625,0.0,0.0,3.40234375,37.77800369262695
none,1,75,1.0,0.0,1.0,1.0,1.0,1.0,35.76953125,53.27734375,46.61328125,49.13671875,123.81640625,166.78515625,143.65234375,154.8515625,0.0,0.0,3.38671875,37.313270568847656
none,1,76,1.0,0.0,1.0,1.0,1.0,1.0,34.1953125,52.328125,46.61328125,49.30859375,117.80078125,164.5859375,144.69921875,155.28515625,0.0,0.0,3.52734375,37.15601348876953
none,1,77,1.0,0.0,1.0,1.0,1.0,1.0,34.078125,52.19140625,46.73046875,50.265625,118.390625,164.01171875,144.76953125,158.3671875,0.0,0.0,3.1875,37.612579345703125
none,1,78,1.0,0.0,1.0,1.0,1.0,1.0,35.109375,52.37109375,45.8515625,50.02734375,122.6484375,163.921875,143.0859375,158.27734375,0.0,0.0,3.140625,37.09687042236328
none,1,79,1.0,0.0,1.0,1.0,1.0,1.0,37.15625,51.07421875,46.6640625,51.1171875,127.04296875,160.75390625,144.44140625,161.2265625,0.0,0.0,3.08984375,37.197025299072266
none,1,80,1.0,0.0,1.0,1.0,1.0,1.0,37.01171875,48.875,46.33203125,52.703125,129.0,152.671875,142.8046875,168.22265625,0.0,0.0,2.96875,36.738868713378906
none,1,81,1.0,0.0,1.0,1.0,1.0,1.0,37.078125,49.046875,47.109375,54.35546875,127.15625,153.75,145.59765625,174.9765625,0.0,0.0,3.00390625,37.72557830810547
none,1,82,1.0,0.0,1.0,1.0,1.0,1.0,36.6015625,49.92578125,47.4609375,54.52734375,126.7421875,156.13671875,146.5546875,173.859375,0.0,0.0,2.98828125,38.149925231933594
none,1,83,1.0,0.0,1.0,1.0,1.0,1.0,36.3125,49.63671875,46.55078125,53.609375,125.0234375,157.87890625,145.49609375,169.22265625,0.0,0.0,3.1953125,37.65264892578125
none,1,84,1.0,0.0,1.0,1.0,1.0,1.0,37.23046875,51.76953125,46.39453125,53.640625,128.49609375,165.05078125,144.70703125,171.63671875,0.0,0.0,2.98046875,38.093780517578125
none,1,85,1.0,0.0,1.0,1.0,1.0,1.0,35.40625,51.84765625,46.2109375,53.21484375,124.11328125,167.078125,144.35546875,169.46875,0.0,0.0,2.90625,38.23826599121094
none,1,86,1.0,0.0,1.0,1.0,1.0,1.0,36.34765625,52.90234375,47.1953125,52.04296875,129.40234375,170.8046875,147.08984375,166.1015625,0.0,0.0,3.09765625,38.377471923828125
none,1,87,1.0,0.0,1.0,1.0,1.0,1.0,35.7578125,52.44921875,48.06640625,53.03125,127.88671875,168.984375,150.55078125,170.78515625,0.0,0.0,2.99609375,38.59218978881836
none,1,88,1.0,0.0,1.0,1.0,1.0,1.0,35.95703125,52.4453125,47.40625,53.11328125,129.2890625,167.87109375,149.57421875,170.62890625,0.0,0.0,2.82421875,38.645355224609375
none,1,89,1.0,0.0,1.0,1.0,1.0,1.0,35.48046875,51.4375,49.7734375,53.91015625,124.04296875,164.91796875,155.4765625,172.64453125,0.0,0.0,2.73046875,39.5616569519043
none,1,90,1.0,0.0,1.0,1.0,1.0,1.0,35.64453125,50.953125,50.6171875,53.9375,127.2734375,161.51171875,157.578125,171.671875,0.0,0.0,2.69921875,39.885345458984375
none,1,91,1.0,0.0,1.0,1.0,1.0,1.0,34.96875,50.17578125,49.8828125,53.640625,124.3984375,157.0703125,155.16015625,170.66015625,0.0,0.0,2.74609375,39.380615234375
none,1,92,1.0,0.0,1.0,1.0,1.0,1.0,35.1015625,49.9765625,50.8359375,53.82421875,124.81640625,156.75390625,157.26953125,171.64453125,0.0,0.0,2.6328125,39.62144088745117
none,1,93,1.0,0.0,1.0,1.0,1.0,1.0,35.62109375,50.7890625,50.00390625,54.04296875,126.53515625,158.46484375,155.8671875,172.88671875,0.0,0.0,2.5,39.22761535644531
none,1,94,1.0,0.0,1.0,1.0,1.0,1.0,34.33984375,50.79296875,49.30078125,53.52734375,124.76171875,157.66015625,152.99609375,169.86328125,0.0,0.0,2.8046875,39.06332778930664
none,1,95,1.0,0.0,1.0,1.0,1.0,1.0,35.4453125,49.9921875,49.234375,54.328125,129.2578125,158.32421875,153.57421875,175.53125,0.0,0.0,2.65625,39.35553741455078
none,1,96,1.0,0.0,1.0,1.0,1.0,1.0,35.34375,50.37890625,49.45703125,53.671875,128.015625,158.33203125,155.01953125,173.1015625,0.0,0.0,2.66015625,39.099815368652344
none,1,97,1.0,0.0,1.0,1.0,1.0,1.0,36.0234375,50.87890625,49.53515625,53.78515625,130.234375,159.03515625,153.9375,173.96875,0.0,0.0,2.67578125,39.345802307128906
none,1,98,1.0,0.0,1.0,1.0,1.0,1.0,35.2734375,49.5703125,48.7734375,54.75,128.921875,155.06640625,152.19140625,178.0078125,0.0,0.0,2.69921875,38.75981903076172
none,1,99,1.0,0.0,1.0,1.0,1.0,1.0,34.6015625,51.37109375,48.26953125,54.16015625,130.47265625,161.63671875,151.5625,179.49609375,0.0,0.0,2.8671875,39.28582763671875
none,1,100,1.0,0.0,1.0,1.0,1.0,1.0,35.1171875,50.671875,47.66796875,53.3984375,131.17578125,158.99609375,148.31640625,175.38671875,0.0,0.0,2.80078125,38.45480728149414
none,1,101,1.0,0.0,1.0,1.0,1.0,1.0,34.02734375,51.265625,49.359375,52.73828125,125.875,159.8125,154.25390625,173.875,0.0,0.0,2.80078125,39.133567810058594
none,1,102,1.0,0.0,1.0,1.0,1.0,1.0,34.6328125,51.47265625,49.65625,53.41015625,128.23046875,161.65234375,155.19921875,176.00390625,0.0,0.0,2.65625,39.30065155029297
none,1,103,1.0,0.0,1.0,1.0,1.0,1.0,36.15625,51.9921875,48.80859375,52.56640625,132.79296875,160.4921875,153.6171875,172.65234375,0.0,0.0,2.671875,39.006622314453125
none,1,104,1.0,0.0,1.0,1.0,1.0,1.0,34.21484375,53.6796875,50.140625,50.33203125,125.62109375,167.59765625,158.65234375,165.7265625,0.0,0.0,2.48046875,39.277400970458984
none,1,105,1.0,0.0,1.0,1.0,1.0,1.0,34.07421875,54.46875,50.54296875,50.08984375,124.94140625,172.55078125,160.453125,164.96875,0.0,0.0,2.67578125,39.82736587524414
none,1,106,1.0,0.0,1.0,1.0,1.0,1.0,33.9609375,54.04296875,50.09375,49.00390625,124.35546875,171.79296875,159.125,161.6640625,0.0,0.0,2.65234375,39.163543701171875
none,1,107,1.0,0.0,1.0,1.0,1.0,1.0,33.80859375,53.5078125,50.51953125,49.98828125,124.14453125,169.5234375,162.640625,165.109375,0.0,0.0,2.5859375,39.30329513549805
none,1,108,1.0,0.0,1.0,1.0,1.0,1.0,34.19140625,53.9765625,50.15234375,49.7734375,126.38671875,172.77734375,160.71875,165.56640625,0.0,0.0,2.66015625,39.204132080078125
none,1,109,1.0,0.0,1.0,1.0,1.0,1.0,33.1328125,52.63671875,50.296875,50.75,122.5078125,168.5546875,164.45703125,169.85546875,0.0,0.0,2.59375,39.24407196044922
none,1,110,1.0,0.0,1.0,1.0,1.0,1.0,34.93359375,53.3515625,50.37109375,51.390625,129.03125,172.828125,161.5859375,172.984375,0.0,0.0,2.61328125,39.83369827270508
none,1,111,1.0,0.0,1.0,1.0,1.0,1.0,34.7890625,52.87890625,48.43359375,51.05078125,130.27734375,169.48828125,158.33984375,171.46875,0.0,0.0,2.703125,38.93507385253906
none,1,112,1.0,0.0,1.0,1.0,1.0,1.0,35.59765625,53.046875,50.1171875,51.73046875,134.6328125,171.21875,164.0859375,173.73046875,0.0,0.0,2.56640625,39.62200164794922
none,1,113,1.0,0.0,1.0,1.0,1.0,1.0,36.796875,54.53515625,48.58203125,51.73828125,139.69140625,174.74609375,156.8515625,174.96875,0.0,0.0,2.5390625,39.49185562133789
none,1,114,1.0,0.0,1.0,1.0,1.0,1.0,35.6875,53.19921875,48.8359375,52.62890625,135.5546875,170.57421875,159.7109375,175.375,0.0,0.0,2.4921875,39.662437438964844
none,1,115,1.0,0.0,1.0,1.0,1.0,1.0,35.11328125,53.93359375,49.546875,53.296875,133.453125,172.6640625,161.2578125,176.6015625,0.0,0.0,2.55859375,40.48794174194336
none,1,116,1.0,0.0,1.0,1.0,1.0,1.0,36.22265625,53.1875,48.5546875,52.92578125,137.55078125,170.24609375,154.9375,176.88671875,0.0,0.0,2.59375,39.61102294921875
none,1,117,1.0,0.0,1.0,1.0,1.0,1.0,35.39453125,53.99609375,49.9921875,53.046875,132.046875,171.546875,159.53125,173.12109375,0.0,0.0,2.46875,40.49212646484375
none,1,118,1.0,0.0,1.0,1.0,1.0,1.0,35.3828125,54.40234375,49.1015625,51.83984375,133.28515625,174.1796875,157.12890625,171.01171875,0.0,0.0,2.69921875,39.8360710144043
none,1,119,1.0,0.0,1.0,1.0,1.0,1.0,34.15625,55.30859375,50.05078125,51.75,130.57421875,176.4921875,160.34375,171.40625,0.0,0.0,2.41015625,40.70977783203125
none,1,120,1.0,0.0,1.0,1.0,1.0,1.0,34.34375,55.27734375,49.734375,51.0078125,130.4765625,176.5859375,158.3984375,167.5625,0.0,0.0,2.6640625,40.019081115722656
none,1,121,1.0,0.0,1.0,1.0,1.0,1.0,32.44140625,55.05078125,50.7421875,51.63671875,122.4765625,175.12109375,160.6796875,171.0703125,0.0,0.0,2.87109375,40.538726806640625
none,1,122,1.0,0.0,1.0,1.0,1.0,1.0,33.75,55.609375,49.453125,50.6328125,126.921875,178.8984375,156.765625,165.796875,0.0,0.0,2.7890625,39.99391174316406
none,1,123,1.0,0.0,1.0,1.0,1.0,1.0,33.90625,54.37890625,50.46875,52.3203125,126.4296875,175.36328125,160.13671875,171.81640625,0.0,0.0,2.7734375,40.37085723876953
none,1,124,1.0,0.0,1.0,1.0,1.0,1.0,32.8671875,55.16796875,50.65234375,51.59765625,124.07421875,178.9140625,160.859375,168.57421875,0.0,0.0,2.88671875,40.714107513427734
none,1,125,1.0,0.0,1.0,1.0,1.0,1.0,32.0078125,56.24609375,49.48828125,50.28515625,121.9921875,179.40234375,157.2890625,165.48828125,0.0,0.0,2.80078125,40.33229064941406
none,1,126,1.0,0.0,1.0,1.0,1.0,1.0,32.16015625,54.93359375,50.85546875,51.0,123.41796875,177.375,160.95703125,166.51171875,0.0,0.0,2.83203125,40.48392105102539
none,1,127,1.0,0.0,1.0,1.0,1.0,1.0,32.375,55.31640625,50.953125,50.38671875,122.74609375,177.0703125,161.53515625,164.1796875,0.0,0.0,2.6875,40.65597152709961
none,1,128,1.0,0.0,1.0,1.0,1.0,1.0,31.94140625,54.36328125,51.55078125,51.8125,121.8984375,174.1640625,162.89453125,167.6875,0.0,0.0,2.64453125,40.924583435058594
none,1,129,1.0,0.0,1.0,1.0,1.0,1.0,32.5234375,54.65234375,51.2265625,51.74609375,125.46484375,174.6328125,163.12890625,169.45703125,0.0,0.0,2.6328125,40.972801208496094
none,1,130,1.0,0.0,1.0,1.0,1.0,1.0,32.03515625,55.01171875,50.52734375,51.71875,124.8046875,175.91796875,160.08203125,167.99609375,0.0,0.0,2.72265625,41.02882766723633
none,1,131,1.0,0.0,1.0,1.0,1.0,1.0,32.7421875,53.64453125,51.1015625,51.60546875,127.421875,171.2109375,161.75390625,168.77734375,0.0,0.0,2.57421875,40.673099517822266
none,1,132,1.0,0.0,1.0,1.0,1.0,1.0,32.46875,53.76171875,52.1484375,53.2421875,126.2109375,169.95703125,165.47265625,172.75390625,0.0,0.0,2.58984375,41.65526580810547
none,1,133,1.0,0.0,1.0,1.0,1.0,1.0,32.390625,53.83203125,50.5,52.515625,128.76171875,171.9921875,160.734375,170.75,0.0,0.0,2.5859375,40.95472717285156
none,1,134,1.0,0.0,1.0,1.0,1.0,1.0,33.02734375,52.36328125,50.08984375,53.22265625,130.76953125,167.7421875,158.69140625,175.6796875,0.0,0.0,2.46484375,40.2504768371582
none,1,135,1.0,0.0,1.0,1.0,1.0,1.0,32.75,53.64453125,50.90234375,52.296875,129.9453125,172.62890625,163.76953125,173.64453125,0.0,0.0,2.58203125,40.7620849609375
none,1,136,1.0,0.0,1.0,1.0,1.0,1.0,32.7734375,55.328125,50.46875,51.625,133.28515625,176.5625,163.95703125,169.640625,0.0,0.0,2.5078125,41.20813751220703
none,1,137,1.0,0.0,1.0,1.0,1.0,1.0,32.4609375,55.73046875,51.4296875,52.34765625,132.015625,179.80859375,163.83203125,172.2265625,0.0,0.0,2.64453125,41.808372497558594
none,1,138,1.0,0.0,1.0,1.0,1.0,1.0,33.0703125,55.51953125,51.109375,51.32421875,132.90234375,179.10546875,162.72265625,167.8359375,0.0,0.0,2.53515625,40.848087310791016
none,1,139,1.0,0.0,1.0,1.0,1.0,1.0,32.0546875,57.01953125,50.58203125,50.37890625,129.59375,183.91015625,161.296875,165.12890625,0.0,0.0,2.6640625,41.29996109008789
none,1,140,1.0,0.0,1.0,1.0,1.0,1.0,31.671875,57.22265625,51.0,50.328125,129.73046875,184.8828125,162.1875,164.12890625,0.0,0.0,2.74609375,41.215904235839844
none,1,141,1.0,0.0,1.0,1.0,1.0,1.0,32.11328125,57.0625,50.1171875,50.9609375,129.05078125,183.91015625,159.73828125,167.0390625,0.0,0.0,2.72265625,41.20486068725586
none,1,142,1.0,0.0,1.0,1.0,1.0,1.0,32.93359375,57.69140625,49.5703125,51.02734375,133.359375,187.66796875,158.32421875,165.4140625,0.0,0.0,2.5390625,41.28466033935547
none,1,143,1.0,0.0,1.0,1.0,1.0,1.0,32.59765625,57.640625,49.37109375,50.84375,132.30078125,186.3984375,157.1015625,165.94921875,0.0,0.0,2.671875,41.03137969970703
none,1,144,1.0,0.0,1.0,1.0,1.0,1.0,32.9921875,58.39453125,49.1875,50.12109375,135.765625,190.90234375,157.8359375,161.83203125,0.0,0.0,2.67578125,40.95964050292969
none,1,145,1.0,0.0,1.0,1.0,1.0,1.0,32.35546875,58.23046875,49.890625,49.08203125,130.47265625,188.94140625,159.86328125,160.42578125,0.0,0.0,2.58984375,40.903419494628906
none,1,146,1.0,0.0,1.0,1.0,1.0,1.0,32.44140625,56.30078125,50.6875,50.34375,131.4921875,184.55078125,162.703125,162.91015625,0.0,0.0,2.6484375,40.91809844970703
none,1,147,1.0,0.0,1.0,1.0,1.0,1.0,32.69921875,57.15234375,51.49609375,50.32421875,134.69140625,186.16796875,164.85546875,161.4140625,0.0,0.0,2.6171875,41.242286682128906
none,1,148,1.0,0.0,1.0,1.0,1.0,1.0,32.63671875,56.33203125,51.078125,51.375,133.24609375,183.984375,163.82421875,166.78515625,0.0,0.0,2.8984375,41.421566009521484
none,1,149,1.0,0.0,1.0,1.0,1.0,1.0,32.59375,56.76171875,51.05078125,50.1171875,133.5625,184.66015625,163.47265625,164.04296875,0.0,0.0,2.921875,41.27820587158203
none,1,150,1.0,0.0,1.0,1.0,1.0,1.0,32.31640625,56.51953125,51.12109375,51.91015625,131.8046875,183.55859375,162.20703125,165.58203125,0.0,0.0,2.59375,41.760406494140625
none,1,151,1.0,0.0,1.0,1.0,1.0,1.0,32.90234375,56.13671875,51.0625,51.609375,133.1328125,183.59375,162.60546875,166.1015625,0.0,0.0,2.70703125,41.33101272583008
none,1,152,1.0,0.0,1.0,1.0,1.0,1.0,33.5390625,55.2890625,50.796875,51.2578125,134.43359375,179.0078125,162.04296875,164.41015625,0.0,0.0,2.9140625,40.97663879394531
none,1,153,1.0,0.0,1.0,1.0,1.0,1.0,32.87109375,56.5078125,51.5703125,50.984375,133.375,183.046875,164.6640625,162.65625,0.0,0.0,2.72265625,41.58967590332031
none,1,154,1.0,0.0,1.0,1.0,1.0,1.0,33.3515625,57.0625,50.96875,51.6328125,135.6953125,183.48046875,162.140625,165.60546875,0.0,0.0,2.7265625,41.57243347167969
none,1,155,1.0,0.0,1.0,1.0,1.0,1.0,35.20703125,54.9609375,50.4453125,52.41796875,143.08203125,176.21875,159.9609375,167.24609375,0.0,0.0,2.90625,40.8784294128418
none,1,156,1.0,0.0,1.0,1.0,1.0,1.0,34.125,56.31640625,50.44140625,51.03515625,140.16015625,182.34765625,159.0546875,163.82421875,0.0,0.0,2.8046875,40.9013671875
none,1,157,1.0,0.0,1.0,1.0,1.0,1.0,35.125,54.92578125,51.08984375,52.1953125,143.1015625,178.578125,163.3515625,168.14453125,0.0,0.0,2.703125,40.95945739746094
none,1,158,1.0,0.0,1.0,1.0,1.0,1.0,34.6171875,55.2890625,52.078125,50.98828125,139.55078125,178.26171875,166.33203125,164.59375,0.0,0.0,2.76953125,40.85130310058594
none,1,159,1.0,0.0,1.0,1.0,1.0,1.0,33.31640625,55.6953125,50.80078125,52.08984375,140.13671875,181.20703125,162.4296875,167.078125,0.0,0.0,2.671875,41.33011245727539
none,1,160,1.0,0.0,1.0,1.0,1.0,1.0,33.42578125,56.88671875,51.78515625,52.2421875,139.32421875,185.93359375,164.453125,169.6015625,0.0,0.0,2.671875,42.52455520629883
none,1,161,1.0,0.0,1.0,1.0,1.0,1.0,33.57421875,55.22265625,51.0625,52.8359375,141.0859375,179.96484375,164.71875,170.08203125,0.0,0.0,2.79296875,41.68056106567383
none,1,162,1.0,0.0,1.0,1.0,1.0,1.0,34.3515625,55.38671875,51.5546875,53.25,143.5390625,180.28515625,163.09375,172.4296875,0.0,0.0,2.71484375,41.8984489440918
none,1,163,1.0,0.0,1.0,1.0,1.0,1.0,33.6953125,54.94140625,51.7265625,54.55078125,141.9921875,176.72265625,164.8984375,175.1015625,0.0,0.0,2.6015625,42.08424377441406
none,1,164,1.0,0.0,1.0,1.0,1.0,1.0,34.7421875,55.78515625,51.7578125,53.85546875,145.33203125,180.19140625,163.4765625,172.87890625,0.0,0.0,2.6640625,42.298519134521484
none,1,165,1.0,0.0,1.0,1.0,1.0,1.0,35.28125,57.30859375,50.890625,53.984375,145.6328125,184.62109375,160.47265625,173.08203125,0.0,0.0,2.6796875,42.598724365234375
none,1,166,1.0,0.0,1.0,1.0,1.0,1.0,34.66015625,55.8359375,51.44921875,54.34375,143.4609375,177.97265625,162.96875,174.30078125,0.0,0.0,2.6484375,42.48307418823242
none,1,167,1.0,0.0,1.0,1.0,1.0,1.0,33.8515625,56.4765625,50.7890625,53.4296875,141.375,180.984375,160.32421875,169.88671875,0.0,0.0,2.79296875,42.126792907714844
none,1,168,1.0,0.0,1.0,1.0,1.0,1.0,34.06640625,56.59765625,52.6640625,52.86328125,143.01171875,182.11328125,163.90625,169.08203125,0.0,0.0,2.53515625,42.43769073486328
none,1,169,1.0,0.0,1.0,1.0,1.0,1.0,34.53515625,55.1015625,51.8125,54.4609375,144.26953125,178.2734375,162.2109375,173.59375,0.0,0.0,2.62109375,42.08061218261719
none,1,170,1.0,0.0,1.0,1.0,1.0,1.0,34.234375,56.22265625,51.94921875,54.26171875,141.984375,179.71875,162.35546875,172.14453125,0.0,0.0,2.49609375,42.708885192871094
none,1,171,1.0,0.0,1.0,1.0,1.0,1.0,34.6796875,56.39453125,51.57421875,54.09375,144.97265625,183.5234375,163.1640625,170.94140625,0.0,0.0,2.51171875,42.73522186279297
none,1,172,1.0,0.0,1.0,1.0,1.0,1.0,33.875,57.11328125,52.33984375,53.671875,141.08203125,185.99609375,164.0,169.7578125,0.0,0.0,2.296875,42.727622985839844
none,1,173,1.0,0.0,1.0,1.0,1.0,1.0,34.92578125,57.3671875,52.5859375,53.94140625,144.4921875,186.74609375,164.55859375,170.625,0.0,0.0,2.46484375,42.98606491088867
none,1,174,1.0,0.0,1.0,1.0,1.0,1.0,34.59765625,56.46875,51.8984375,53.51953125,141.9765625,184.44921875,161.34765625,169.6328125,0.0,0.0,2.3046875,42.373531341552734
none,1,175,1.0,0.0,1.0,1.0,1.0,1.0,35.078125,56.2890625,53.0,53.85546875,144.5390625,182.8515625,166.4765625,169.8125,0.0,0.0,2.375,43.12666320800781
none,1,176,1.0,0.0,1.0,1.0,1.0,1.0,35.08203125,57.25390625,52.59765625,53.546875,144.44140625,185.21484375,163.55078125,168.375,0.0,0.0,2.3046875,42.75417709350586
none,1,177,1.0,0.0,1.0,1.0,1.0,1.0,34.0546875,57.55078125,52.40625,53.51171875,139.53515625,186.44140625,163.70703125,168.85546875,0.0,0.0,2.33203125,42.76290512084961
none,1,178,1.0,0.0,1.0,1.0,1.0,1.0,34.5390625,57.140625,53.1015625,53.46484375,141.55859375,185.62890625,164.41015625,168.69140625,0.0,0.0,2.51171875,42.88868713378906
none,1,179,1.0,0.0,1.0,1.0,1.0,1.0,32.79296875,56.86328125,52.47265625,54.296875,135.5859375,185.703125,162.5703125,170.734375,0.0,0.0,2.35546875,43.48656463623047
none,1,180,1.0,0.0,1.0,1.0,1.0,1.0,33.7890625,57.24609375,52.1875,53.1640625,140.08984375,186.3125,163.08203125,167.01171875,0.0,0.0,2.41796875,42.86284637451172
none,1,181,1.0,0.0,1.0,1.0,1.0,1.0,33.9140625,56.79296875,52.84375,53.58203125,140.5625,185.59765625,165.08203125,167.6171875,0.0,0.0,2.45703125,43.09182357788086
none,1,182,1.0,0.0,1.0,1.0,1.0,1.0,33.69921875,56.109375,52.13671875,53.64453125,140.48046875,181.77734375,163.171875,166.6484375,0.0,0.0,2.5078125,42.44194793701172
none,1,183,1.0,0.0,1.0,1.0,1.0,1.0,32.9765625,56.375,52.99609375,53.91796875,136.8046875,184.58203125,165.53515625,168.48046875,0.0,0.0,2.4375,43.26559066772461
none,1,184,1.0,0.0,1.0,1.0,1.0,1.0,33.34765625,55.59765625,53.32421875,53.4375,140.46875,181.03515625,166.62109375,168.171875,0.0,0.0,2.41015625,42.70329284667969
none,1,185,1.0,0.0,1.0,1.0,1.0,1.0,33.82421875,55.14453125,52.94921875,54.53125,142.39453125,178.83984375,165.0,171.1875,0.0,0.0,2.49609375,42.94236373901367
none,1,186,1.0,0.0,1.0,1.0,1.0,1.0,32.5703125,55.2890625,52.3828125,55.60546875,137.96875,177.484375,163.3671875,175.40234375,0.0,0.0,2.4296875,43.15790939331055
none,1,187,1.0,0.0,1.0,1.0,1.0,1.0,32.9765625,55.34765625,52.1015625,54.9765625,137.2421875,176.6640625,161.82421875,172.26171875,0.0,0.0,2.50390625,42.573326110839844
none,1,188,1.0,0.0,1.0,1.0,1.0,1.0,32.78515625,54.953125,53.09765625,54.8515625,134.78125,175.75,164.1796875,172.51171875,0.0,0.0,2.5703125,42.83335494995117
none,1,189,1.0,0.0,1.0,1.0,1.0,1.0,33.15625,54.5390625,53.0,54.23046875,136.4609375,173.3828125,165.8671875,171.58984375,0.0,0.0,2.4453125,42.71207809448242
none,1,190,1.0,0.0,1.0,1.0,1.0,1.0,31.328125,55.6171875,52.37890625,52.578125,129.08984375,177.6640625,163.0234375,166.59375,0.0,0.0,2.546875,42.12919616699219
none,1,191,1.0,0.0,1.0,1.0,1.0,1.0,32.859375,56.03515625,52.4765625,53.75390625,137.48828125,178.97265625,164.69140625,171.5625,0.0,0.0,2.484375,42.635047912597656
none,1,192,1.0,0.0,1.0,1.0,1.0,1.0,32.46875,55.75390625,52.8203125,53.95703125,132.65234375,179.40234375,166.4765625,170.72265625,0.0,0.0,2.62890625,42.70256805419922
none,1,193,1.0,0.0,1.0,1.0,1.0,1.0,31.17578125,56.921875,53.4921875,52.8046875,129.96875,182.66796875,168.1875,168.9609375,0.0,0.0,2.6796875,43.07661056518555
none,1,194,1.0,0.0,1.0,1.0,1.0,1.0,31.81640625,56.35546875,53.76953125,52.92578125,131.59375,181.15234375,170.3515625,170.0,0.0,0.0,2.5,43.069984436035156
none,1,195,1.0,0.0,1.0,1.0,1.0,1.0,32.265625,56.6796875,52.1796875,53.2265625,132.5078125,180.875,164.3359375,170.43359375,0.0,0.0,2.57421875,42.99177169799805
none,1,196,1.0,0.0,1.0,1.0,1.0,1.0,31.8125,57.328125,53.05859375,53.46875,131.20703125,183.0390625,167.1328125,168.88671875,0.0,0.0,2.62109375,43.375938415527344
none,1,197,1.0,0.0,1.0,1.0,1.0,1.0,32.5859375,55.984375,53.05859375,54.359375,133.578125,176.60546875,165.38671875,171.859375,0.0,0.0,2.36328125,43.106201171875
none,1,198,1.0,0.0,1.0,1.0,1.0,1.0,31.375,57.06640625,53.73828125,54.44140625,129.05078125,180.01171875,167.1328125,171.67578125,0.0,0.0,2.453125,43.7835807800293
none,1,199,1.0,0.0,1.0,1.0,1.0,1.0,32.43359375,56.84375,53.65625,54.26953125,130.44140625,178.83203125,166.95703125,171.54296875,0.0,0.0,2.3984375,43.61229705810547
none,1,200,1.0,0.0,1.0,1.0,1.0,1.0,32.65625,54.82421875,54.453125,54.79296875,129.5859375,171.86328125,170.27734375,172.5625,0.0,0.0,2.4296875,43.37556076049805
none,1,201,1.0,0.0,1.0,1.0,1.0,1.0,31.7734375,55.2578125,53.6796875,54.7265625,129.5,173.50390625,167.21875,172.421875,0.0,0.0,2.6796875,43.579689025878906
none,1,202,1.0,0.0,1.0,1.0,1.0,1.0,31.84375,56.08203125,53.2578125,54.375,129.5,178.37109375,168.5546875,171.89453125,0.0,0.0,2.4921875,43.34355926513672
none,1,203,1.0,0.0,1.0,1.0,1.0,1.0,31.75,56.32421875,53.40234375,54.83203125,129.47265625,177.109375,168.35546875,172.91015625,0.0,0.0,2.40234375,43.939453125
none,1,204,1.0,0.0,1.0,1.0,1.0,1.0,32.84375,56.6328125,52.71875,54.93359375,134.0390625,178.15625,166.35546875,174.9921875,0.0,0.0,2.72265625,43.3536376953125
none,1,205,1.0,0.0,1.0,1.0,1.0,1.0,32.0390625,57.2109375,53.26953125,54.8515625,129.02734375,180.9140625,167.484375,173.6875,0.0,0.0,2.26953125,44.10924530029297
none,1,206,1.0,0.0,1.0,1.0,1.0,1.0,31.8515625,55.78515625,53.546875,55.6328125,128.17578125,175.7109375,167.44140625,175.62890625,0.0,0.0,2.30078125,43.538597106933594
none,1,207,1.0,0.0,1.0,1.0,1.0,1.0,32.1796875,56.75,52.30078125,56.01953125,129.421875,178.4140625,165.1953125,177.36328125,0.0,0.0,2.26953125,44.252784729003906
none,1,208,1.0,0.0,1.0,1.0,1.0,1.0,31.73046875,55.34375,52.41796875,55.2578125,129.3359375,175.3984375,166.23828125,175.58203125,0.0,0.0,2.44921875,42.988319396972656
none,1,209,1.0,0.0,1.0,1.0,1.0,1.0,32.796875,56.05859375,52.9296875,55.7578125,131.921875,177.3515625,167.44140625,177.61328125,0.0,0.0,2.50390625,43.80406951904297
none,1,210,1.0,0.0,1.0,1.0,1.0,1.0,32.70703125,57.625,52.57421875,54.578125,132.12890625,183.0546875,165.33984375,173.625,0.0,0.0,2.26171875,43.786712646484375
none,1,211,1.0,0.0,1.0,1.0,1.0,1.0,32.96875,57.53515625,52.04296875,54.4921875,132.23046875,182.328125,164.40234375,172.83984375,0.0,0.0,2.42578125,43.60882568359375
none,1,212,1.0,0.0,1.0,1.0,1.0,1.0,33.02734375,58.859375,52.37890625,53.95703125,133.4296875,185.89453125,165.34765625,171.9375,0.0,0.0,2.30078125,43.78045654296875
none,1,213,1.0,0.0,1.0,1.0,1.0,1.0,32.484375,58.48046875,52.77734375,53.8046875,129.72265625,186.51171875,166.01953125,169.8203125,0.0,0.0,2.35546875,43.801300048828125
none,1,214,1.0,0.0,1.0,1.0,1.0,1.0,33.0546875,57.99609375,53.41015625,53.80859375,132.03125,182.59375,165.6953125,169.390625,0.0,0.0,2.3125,43.575775146484375
none,1,215,1.0,0.0,1.0,1.0,1.0,1.0,34.16015625,57.66015625,51.66015625,55.00390625,137.4453125,183.75,160.58203125,174.65234375,0.0,0.0,2.390625,43.22999572753906
none,1,216,1.0,0.0,1.0,1.0,1.0,1.0,33.61328125,57.69140625,52.78515625,55.19921875,136.7109375,182.42578125,165.015625,175.37109375,0.0,0.0,2.3359375,43.86106491088867
none,1,217,1.0,0.0,1.0,1.0,1.0,1.0,33.984375,57.828125,52.5625,53.796875,138.8515625,184.25390625,165.18359375,170.5625,0.0,0.0,2.296875,43.190879821777344
none,1,218,1.0,0.0,1.0,1.0,1.0,1.0,34.3671875,57.73828125,52.2265625,53.65625,139.96875,184.2109375,164.6953125,169.9296875,0.0,0.0,2.296875,43.20891571044922
none,1,219,1.0,0.0,1.0,1.0,1.0,1.0,33.6953125,58.85546875,53.1015625,55.6328125,135.7890625,186.39453125,166.0078125,176.46875,0.0,0.0,2.2265625,44.54051971435547
none,1,220,1.0,0.0,1.0,1.0,1.0,1.0,33.95703125,58.390625,53.11328125,53.91796875,137.9140625,186.171875,165.6640625,171.17578125,0.0,0.0,2.37109375,43.93928527832031
none,1,221,1.0,0.0,1.0,1.0,1.0,1.0,33.1484375,57.48046875,52.90625,54.58984375,136.30078125,183.47265625,164.2578125,173.6328125,0.0,0.0,2.41015625,43.63677215576172
none,1,222,1.0,0.0,1.0,1.0,1.0,1.0,34.4296875,57.99609375,52.31640625,54.203125,140.6640625,183.19921875,163.04296875,171.078125,0.0,0.0,2.38671875,43.37646484375
none,1,223,1.0,0.0,1.0,1.0,1.0,1.0,33.92578125,58.71484375,52.546875,54.828125,137.83203125,182.93359375,164.140625,173.7109375,0.0,0.0,2.42578125,43.83059310913086
none,1,224,1.0,0.0,1.0,1.0,1.0,1.0,33.9375,58.671875,53.3125,53.6171875,138.671875,184.578125,164.66015625,167.7421875,0.0,0.0,2.28125,43.769012451171875
none,1,225,1.0,0.0,1.0,1.0,1.0,1.0,34.26953125,58.33203125,54.24609375,54.4296875,141.796875,183.56640625,168.51171875,171.31640625,0.0,0.0,2.36328125,44.30887985229492
none,1,226,1.0,0.0,1.0,1.0,1.0,1.0,34.16015625,58.1640625,53.1875,54.58984375,137.94140625,183.734375,165.42578125,174.3515625,0.0,0.0,2.3828125,44.00701141357422
none,1,227,1.0,0.0,1.0,1.0,1.0,1.0,33.61328125,57.78125,53.91796875,55.73828125,138.30859375,182.43359375,167.87890625,177.0625,0.0,0.0,2.37109375,44.5232048034668
none,1,228,1.0,0.0,1.0,1.0,1.0,1.0,32.9140625,57.66015625,52.6640625,56.96484375,133.46875,180.37890625,163.23828125,179.359375,0.0,0.0,2.4609375,44.452789306640625
none,1,229,1.0,0.0,1.0,1.0,1.0,1.0,33.01953125,57.828125,52.23046875,55.734375,136.4609375,180.234375,161.515625,175.39453125,0.0,0.0,2.44921875,43.93317794799805
none,1,230,1.0,0.0,1.0,1.0,1.0,1.0,31.9140625,59.02734375,53.25390625,53.55078125,130.265625,183.60546875,163.96875,168.4375,0.0,0.0,2.265625,44.15953826904297
none,1,231,1.0,0.0,1.0,1.0,1.0,1.0,33.5234375,57.61328125,52.86328125,55.9453125,137.90625,179.9453125,163.01171875,177.2421875,0.0,0.0,2.3515625,44.240989685058594
none,1,232,1.0,0.0,1.0,1.0,1.0,1.0,32.44140625,59.30859375,53.28125,54.92578125,133.046875,182.7734375,163.08984375,173.28125,0.0,0.0,2.484375,44.73118591308594
none,1,233,1.0,0.0,1.0,1.0,1.0,1.0,33.46875,57.875,53.33203125,56.21484375,133.4296875,178.8515625,164.51953125,176.3515625,0.0,0.0,2.37890625,44.567535400390625
none,1,234,1.0,0.0,1.0,1.0,1.0,1.0,31.97265625,59.76953125,52.3515625,53.109375,130.5,186.13671875,161.234375,167.2578125,0.0,0.0,2.34765625,43.81205368041992
none,1,235,1.0,0.0,1.0,1.0,1.0,1.0,32.73828125,59.7421875,52.1953125,55.05078125,132.9453125,186.42578125,162.109375,174.2109375,0.0,0.0,2.44921875,44.06443405151367
none,1,236,1.0,0.0,1.0,1.0,1.0,1.0,33.125,60.04296875,52.84765625,53.4765625,135.25,187.26953125,162.6484375,169.1171875,0.0,0.0,2.2109375,44.408138275146484
none,1,237,1.0,0.0,1.0,1.0,1.0,1.0,32.8125,59.9609375,53.93359375,53.953125,133.80078125,184.5625,165.38671875,169.5546875,0.0,0.0,2.29296875,44.85105895996094
none,1,238,1.0,0.0,1.0,1.0,1.0,1.0,32.6953125,60.57421875,52.625,53.99609375,132.12890625,188.171875,163.1171875,171.1484375,0.0,0.0,2.10546875,44.46584701538086
none,1,239,1.0,0.0,1.0,1.0,1.0,1.0,33.28125,58.83984375,52.7890625,53.48828125,135.47265625,181.1484375,163.5234375,170.46484375,0.0,0.0,2.28125,43.7266960144043
none,1,240,1.0,0.0,1.0,1.0,1.0,1.0,32.5078125,60.5703125,52.703125,54.140625,134.2578125,188.85546875,162.37890625,171.66015625,0.0,0.0,2.10546875,45.02779769897461
none,1,241,1.0,0.0,1.0,1.0,1.0,1.0,33.00390625,61.046875,51.87109375,52.94921875,136.75,192.12890625,160.2421875,168.12890625,0.0,0.0,2.26171875,44.32195281982422
none,1,242,1.0,0.0,1.0,1.0,1.0,1.0,32.3671875,59.98046875,52.70703125,53.8046875,134.6875,188.29296875,163.296875,170.0703125,0.0,0.0,2.26171875,44.10624313354492
none,1,243,1.0,0.0,1.0,1.0,1.0,1.0,32.91015625,62.1875,52.5859375,51.9140625,136.8828125,194.2734375,162.515625,165.3125,0.0,0.0,2.30078125,44.330711364746094
none,1,244,1.0,0.0,1.0,1.0,1.0,1.0,32.73828125,60.31640625,52.5859375,54.078125,136.4453125,189.34765625,163.1328125,170.8359375,0.0,0.0,2.015625,44.4508056640625
none,1,245,1.0,0.0,1.0,1.0,1.0,1.0,32.984375,60.67578125,53.17578125,53.4296875,137.25390625,190.46484375,164.4140625,171.5390625,0.0,0.0,2.3359375,44.52616882324219
none,1,246,1.0,0.0,1.0,1.0,1.0,1.0,32.22265625,58.48828125,53.32421875,54.4609375,133.296875,183.16796875,165.09765625,174.52734375,0.0,0.0,2.34375,44.563499450683594
none,1,247,1.0,0.0,1.0,1.0,1.0,1.0,33.22265625,59.8984375,53.3515625,54.12890625,135.6015625,185.95703125,164.4765625,172.72265625,0.0,0.0,2.046875,44.506126403808594
none,1,248,1.0,0.0,1.0,1.0,1.0,1.0,32.62109375,60.734375,53.30859375,55.0859375,132.66015625,187.05859375,164.59375,174.66796875,0.0,0.0,2.203125,45.388145446777344
none,1,249,1.0,0.0,1.0,1.0,1.0,1.0,31.89453125,60.3984375,52.703125,54.22265625,129.46484375,188.29296875,161.0625,172.3515625,0.0,0.0,2.1015625,44.72541809082031
none,1,250,1.0,0.0,1.0,1.0,1.0,1.0,33.5390625,59.20703125,54.6875,54.1953125,137.109375,184.05078125,167.98828125,172.56640625,0.0,0.0,2.15234375,44.84038543701172
none,1,251,1.0,0.0,1.0,1.0,1.0,1.0,32.30859375,60.2890625,53.53125,54.4375,133.41796875,186.390625,165.421875,171.60546875,0.0,0.0,1.984375,44.9346923828125
none,1,252,1.0,0.0,1.0,1.0,1.0,1.0,32.96484375,59.9296875,52.828125,55.6328125,133.2421875,184.2734375,162.23046875,176.8359375,0.0,0.0,2.10546875,45.0289421081543
none,1,253,1.0,0.0,1.0,1.0,1.0,1.0,32.21875,60.94140625,52.34765625,53.7734375,132.1796875,189.3984375,161.7265625,170.7890625,0.0,0.0,2.1875,44.774627685546875
none,1,254,1.0,0.0,1.0,1.0,1.0,1.0,32.66015625,60.82421875,54.30859375,55.40625,134.84375,187.78125,169.0859375,174.953125,0.0,0.0,1.97265625,46.00297164916992
none,1,255,1.0,0.0,1.0,1.0,1.0,1.0,33.3125,60.6875,53.39453125,54.921875,136.22265625,188.97265625,164.95703125,173.19140625,0.0,0.0,1.94140625,45.31591033935547
none,1,256,1.0,0.0,1.0,1.0,1.0,1.0,32.19140625,61.0390625,54.0625,54.328125,130.3984375,188.203125,166.72265625,172.13671875,0.0,0.0,2.03515625,45.681007385253906
none,1,257,1.0,0.0,1.0,1.0,1.0,1.0,32.546875,62.2578125,52.9921875,54.9375,131.29296875,191.8125,164.6171875,171.96875,0.0,0.0,2.0,45.528160095214844
none,1,258,1.0,0.0,1.0,1.0,1.0,1.0,33.078125,61.703125,53.34375,54.85546875,135.125,191.76953125,164.796875,173.87890625,0.0,0.0,1.9296875,45.57461166381836
none,1,259,1.0,0.0,1.0,1.0,1.0,1.0,32.2734375,60.7265625,53.12890625,54.78125,130.1171875,189.2265625,164.40625,173.02734375,0.0,0.0,2.0546875,45.358673095703125
none,1,260,1.0,0.0,1.0,1.0,1.0,1.0,32.49609375,61.15625,53.890625,54.2421875,131.31640625,189.78125,166.84375,172.23828125,0.0,0.0,2.08203125,45.354000091552734
none,1,261,1.0,0.0,1.0,1.0,1.0,1.0,32.9765625,61.16796875,53.0703125,54.0234375,132.3046875,190.33203125,163.5390625,173.57421875,0.0,0.0,2.05859375,45.08043670654297
none,1,262,1.0,0.0,1.0,1.0,1.0,1.0,32.7265625,61.06640625,53.1953125,55.27734375,131.08203125,191.1796875,166.078125,175.109375,0.0,0.0,2.19140625,45.56057357788086
none,1,263,1.0,0.0,1.0,1.0,1.0,1.0,33.21875,61.76953125,53.36328125,53.63671875,134.49609375,192.05859375,166.45703125,171.2578125,0.0,0.0,2.046875,45.204803466796875
none,1,264,1.0,0.0,1.0,1.0,1.0,1.0,33.6640625,61.71484375,53.73046875,54.26171875,134.94921875,192.16796875,166.0234375,172.7734375,0.0,0.0,2.046875,45.505699157714844
none,1,265,1.0,0.0,1.0,1.0,1.0,1.0,32.60546875,62.56640625,52.9765625,53.359375,130.64453125,195.2421875,166.5859375,169.875,0.0,0.0,1.9453125,45.4948844909668
none,1,266,1.0,0.0,1.0,1.0,1.0,1.0,32.6640625,61.5234375,52.2421875,55.05859375,132.71875,192.078125,164.23828125,176.45703125,0.0,0.0,2.02734375,44.824790954589844
none,1,267,1.0,0.0,1.0,1.0,1.0,1.0,33.02734375,63.15625,53.9296875,53.484375,134.28125,197.6015625,170.5,171.70703125,0.0,0.0,1.9921875,45.72467041015625
none,1,268,1.0,0.0,1.0,1.0,1.0,1.0,32.10546875,62.34375,53.75,54.0546875,132.375,193.98046875,167.1875,172.83984375,0.0,0.0,2.05859375,45.70513153076172
none,1,269,1.0,0.0,1.0,1.0,1.0,1.0,31.40234375,61.28125,53.46875,53.125,129.42578125,193.2421875,168.90234375,169.37109375,0.0,0.0,2.0078125,45.24266815185547
none,1,270,1.0,0.0,1.0,1.0,1.0,1.0,32.8359375,61.58984375,53.73828125,54.27734375,135.10546875,191.48046875,168.53125,172.21484375,0.0,0.0,1.90234375,45.462745666503906
none,1,271,1.0,0.0,1.0,1.0,1.0,1.0,31.8671875,63.51953125,53.3359375,53.890625,131.89453125,196.58984375,165.4296875,171.12890625,0.0,0.0,2.12109375,46.212738037109375
none,1,272,1.0,0.0,1.0,1.0,1.0,1.0,32.30859375,62.6484375,53.6015625,53.9296875,130.1484375,196.2265625,165.94921875,170.58203125,0.0,0.0,1.890625,45.654441833496094
none,1,273,1.0,0.0,1.0,1.0,1.0,1.0,32.91015625,62.640625,54.47265625,53.7265625,135.28515625,195.3515625,170.26171875,170.05859375,0.0,0.0,2.0390625,45.709503173828125
none,1,274,1.0,0.0,1.0,1.0,1.0,1.0,33.140625,62.12109375,53.65625,54.984375,134.96875,193.84765625,166.59375,173.63671875,0.0,0.0,1.859375,46.26454162597656
none,1,275,1.0,0.0,1.0,1.0,1.0,1.0,33.24609375,62.0859375,54.04296875,54.0234375,135.1171875,193.015625,167.13671875,170.625,0.0,0.0,2.0859375,45.73988342285156
none,1,276,1.0,0.0,1.0,1.0,1.0,1.0,32.53515625,63.54296875,52.7265625,53.15234375,131.23828125,198.96484375,165.25390625,167.71484375,0.0,0.0,1.8203125,45.309478759765625
none,1,277,1.0,0.0,1.0,1.0,1.0,1.0,33.56640625,62.76171875,53.69140625,53.9296875,134.24609375,193.625,167.09375,170.921875,0.0,0.0,1.7890625,45.53739547729492
none,1,278,1.0,0.0,1.0,1.0,1.0,1.0,33.34765625,62.421875,53.5703125,54.76171875,135.83984375,194.54296875,167.19140625,174.20703125,0.0,0.0,2.0546875,45.84394836425781
none,1,279,1.0,0.0,1.0,1.0,1.0,1.0,32.86328125,63.328125,54.3046875,54.4140625,133.015625,197.62109375,168.33203125,170.91015625,0.0,0.0,1.91015625,46.557411193847656
none,1,280,1.0,0.0,1.0,1.0,1.0,1.0,32.25390625,63.609375,54.37109375,54.140625,131.88671875,197.7421875,168.453125,170.61328125,0.0,0.0,1.8828125,46.53307342529297
none,1,281,1.0,0.0,1.0,1.0,1.0,1.0,32.6171875,62.42578125,53.6796875,54.96484375,131.2890625,194.6328125,167.12890625,173.23046875,0.0,0.0,1.953125,45.98188018798828
none,1,282,1.0,0.0,1.0,1.0,1.0,1.0,33.79296875,62.15234375,53.16015625,55.0390625,137.37890625,192.73828125,164.12890625,172.73828125,0.0,0.0,2.0,46.12092208862305
none,1,283,1.0,0.0,1.0,1.0,1.0,1.0,32.05078125,63.73828125,53.7578125,54.75,132.2890625,196.27734375,165.90234375,171.93359375,0.0,0.0,2.00390625,46.65499496459961
none,1,284,1.0,0.0,1.0,1.0,1.0,1.0,32.6484375,62.94140625,55.1484375,55.02734375,132.234375,192.37109375,169.26171875,172.75390625,0.0,0.0,1.9375,46.6963005065918
none,1,285,1.0,0.0,1.0,1.0,1.0,1.0,33.09375,61.78125,54.5078125,55.32421875,136.5234375,191.4609375,167.33203125,175.64453125,0.0,0.0,1.92578125,46.381187438964844
none,1,286,1.0,0.0,1.0,1.0,1.0,1.0,32.18359375,62.75,53.54296875,56.65234375,133.7578125,193.9921875,164.71484375,178.66015625,0.0,0.0,1.9296875,46.68842697143555
none,1,287,1.0,0.0,1.0,1.0,1.0,1.0,33.37890625,62.53515625,52.99609375,55.8828125,136.46875,193.39453125,163.90234375,175.42578125,0.0,0.0,1.9296875,45.90606689453125
none,1,288,1.0,0.0,1.0,1.0,1.0,1.0,32.296875,61.3515625,54.67578125,56.58984375,132.5625,189.86328125,168.24609375,178.49609375,0.0,0.0,2.03515625,47.02056121826172
none,1,289,1.0,0.0,1.0,1.0,1.0,1.0,32.91015625,61.7421875,54.34375,56.09765625,135.94921875,189.08203125,166.82421875,176.24609375,0.0,0.0,1.97265625,46.62166976928711
none,1,290,1.0,0.0,1.0,1.0,1.0,1.0,31.51171875,61.95703125,55.15234375,55.08203125,129.1171875,192.75390625,170.01171875,172.5859375,0.0,0.0,1.99609375,46.651397705078125
none,1,291,1.0,0.0,1.0,1.0,1.0,1.0,32.58984375,62.94921875,54.92578125,55.6015625,134.125,194.29296875,168.3828125,174.85546875,0.0,0.0,2.03515625,47.088924407958984
none,1,292,1.0,0.0,1.0,1.0,1.0,1.0,31.73046875,62.5859375,54.88671875,54.5234375,130.8359375,193.96875,167.95703125,171.08984375,0.0,0.0,1.9140625,46.53026580810547
none,1,293,1.0,0.0,1.0,1.0,1.0,1.0,32.3984375,61.2109375,55.66015625,55.80078125,130.36328125,190.71875,169.8359375,173.34765625,0.0,0.0,1.80078125,46.6329460144043
none,1,294,1.0,0.0,1.0,1.0,1.0,1.0,32.21484375,61.7265625,54.75390625,56.1875,133.20703125,189.92578125,166.60546875,174.828125,0.0,0.0,1.88671875,46.28971481323242
none,1,295,1.0,0.0,1.0,1.0,1.0,1.0,32.19921875,60.91015625,54.7890625,55.7109375,131.81640625,187.8203125,167.671875,174.14453125,0.0,0.0,1.97265625,46.234130859375
none,1,296,1.0,0.0,1.0,1.0,1.0,1.0,32.78125,62.40625,54.48828125,55.85546875,134.75,190.61328125,166.90625,174.83984375,0.0,0.0,2.04296875,46.79143524169922
none,1,297,1.0,0.0,1.0,1.0,1.0,1.0,32.6875,62.4921875,54.39453125,56.71484375,133.39453125,191.88671875,166.921875,177.30078125,0.0,0.0,1.93359375,46.78855514526367
none,1,298,1.0,0.0,1.0,1.0,1.0,1.0,31.234375,61.93359375,54.77734375,57.59765625,128.703125,190.53125,167.01953125,179.59375,0.0,0.0,1.79296875,47.31714630126953
none,1,299,1.0,0.0,1.0,1.0,1.0,1.0,31.42578125,60.8515625,54.89453125,56.53515625,129.25,186.96875,168.75390625,177.0546875,0.0,0.0,1.95703125,46.425106048583984
none,1,300,1.0,0.0,1.0,1.0,1.0,1.0,31.40234375,62.03515625,55.41015625,56.2109375,130.2109375,190.92578125,168.2109375,174.7109375,0.0,0.0,1.859375,47.355587005615234
none,1,301,1.0,0.0,1.0,1.0,1.0,1.0,31.46484375,61.3046875,55.265625,56.23828125,129.5546875,186.76171875,169.36328125,175.234375,0.0,0.0,1.8828125,46.63837814331055
none,1,302,1.0,0.0,1.0,1.0,1.0,1.0,32.01171875,61.99609375,54.2578125,55.22265625,132.4296875,190.8671875,166.48046875,173.00390625,0.0,0.0,1.9453125,46.21760177612305
none,1,303,1.0,0.0,1.0,1.0,1.0,1.0,32.11328125,61.765625,54.74609375,55.22265625,132.84375,189.703125,167.2890625,172.8046875,0.0,0.0,2.05078125,46.45925521850586
none,1,304,1.0,0.0,1.0,1.0,1.0,1.0,31.71875,63.1328125,53.97265625,55.63671875,133.21484375,194.01171875,165.06640625,173.0859375,0.0,0.0,1.98046875,46.42768859863281
none,1,305,1.0,0.0,1.0,1.0,1.0,1.0,31.1875,63.02734375,53.546875,55.17578125,128.63671875,193.44140625,164.57421875,172.75,0.0,0.0,2.234375,46.538360595703125
none,1,306,1.0,0.0,1.0,1.0,1.0,1.0,32.96484375,61.953125,54.47265625,56.1796875,139.1796875,189.01171875,167.43359375,178.03125,0.0,0.0,1.99609375,46.474788665771484
none,1,307,1.0,0.0,1.0,1.0,1.0,1.0,32.109375,64.5703125,54.015625,54.5546875,135.890625,199.33203125,164.578125,171.17578125,0.0,0.0,1.78515625,46.974609375
none,1,308,1.0,0.0,1.0,1.0,1.0,1.0,32.390625,62.57421875,54.31640625,53.9296875,135.98046875,192.09375,165.890625,170.06640625,0.0,0.0,2.16796875,45.721038818359375
none,1,309,1.0,0.0,1.0,1.0,1.0,1.0,31.97265625,64.09375,54.91015625,53.265625,135.796875,196.7890625,167.52734375,168.55078125,0.0,0.0,1.859375,46.93573760986328
none,1,310,1.0,0.0,1.0,1.0,1.0,1.0,31.15625,63.75390625,55.296875,54.6015625,131.05078125,195.765625,169.96875,172.16015625,0.0,0.0,1.82421875,47.12839889526367
none,1,311,1.0,0.0,1.0,1.0,1.0,1.0,31.5625,63.5859375,54.53125,54.80078125,135.0859375,195.55859375,165.453125,171.4140625,0.0,0.0,1.87109375,46.96875
none,1,312,1.0,0.0,1.0,1.0,1.0,1.0,32.078125,62.9296875,53.87109375,54.78125,133.6015625,191.45703125,165.93359375,170.69921875,0.0,0.0,1.95703125,46.42500305175781
none,1,313,1.0,0.0,1.0,1.0,1.0,1.0,30.77734375,64.1875,55.9140625,53.2265625,128.3515625,194.9453125,168.484375,165.12890625,0.0,0.0,1.890625,47.26264953613281
none,1,314,1.0,0.0,1.0,1.0,1.0,1.0,32.01953125,62.73046875,55.5546875,54.05859375,131.3515625,190.97265625,167.16796875,168.06640625,0.0,0.0,1.98046875,46.4834098815918
none,1,315,1.0,0.0,1.0,1.0,1.0,1.0,31.90625,64.0078125,54.75390625,54.03125,130.87109375,194.15625,165.81640625,167.89453125,0.0,0.0,1.93359375,46.7119140625
none,1,316,1.0,0.0,1.0,1.0,1.0,1.0,32.10546875,64.01953125,55.0625,55.4296875,131.625,193.1171875,166.12109375,170.0703125,0.0,0.0,2.0,47.437835693359375
none,1,317,1.0,0.0,1.0,1.0,1.0,1.0,31.4921875,64.19140625,55.11328125,54.20703125,129.52734375,195.32421875,166.3203125,168.06640625,0.0,0.0,1.80859375,46.90472412109375
none,1,318,1.0,0.0,1.0,1.0,1.0,1.0,31.18359375,64.2421875,54.859375,54.8125,128.40234375,194.8515625,166.6015625,168.84375,0.0,0.0,1.875,47.36213684082031
none,1,319,1.0,0.0,1.0,1.0,1.0,1.0,31.28125,62.359375,56.74609375,54.3984375,128.98828125,189.20703125,170.671875,166.53125,0.0,0.0,1.97265625,47.16783905029297
none,1,320,1.0,0.0,1.0,1.0,1.0,1.0,32.0546875,63.8046875,55.49609375,54.08203125,133.2578125,192.83984375,166.62109375,166.37890625,0.0,0.0,1.7734375,47.070945739746094
none,1,321,1.0,0.0,1.0,1.0,1.0,1.0,32.70703125,64.85546875,55.6640625,53.3671875,135.125,196.1953125,167.25,165.22265625,0.0,0.0,1.93359375,46.81074523925781
none,1,322,1.0,0.0,1.0,1.0,1.0,1.0,32.15234375,62.984375,55.23828125,55.4375,133.125,193.24609375,166.734375,170.3203125,0.0,0.0,1.83984375,47.31566619873047
none,1,323,1.0,0.0,1.0,1.0,1.0,1.0,32.046875,63.53515625,55.421875,55.07421875,133.2109375,191.5546875,167.2890625,171.17578125,0.0,0.0,1.890625,47.24401092529297
none,1,324,1.0,0.0,1.0,1.0,1.0,1.0,32.84765625,63.31640625,55.234375,54.0625,136.23046875,193.35546875,168.05078125,168.4375,0.0,0.0,1.78515625,46.76873016357422
none,1,325,1.0,0.0,1.0,1.0,1.0,1.0,31.921875,63.83984375,55.296875,55.05859375,134.60546875,194.2890625,167.09375,170.30078125,0.0,0.0,1.89453125,47.03923034667969
none,1,326,1.0,0.0,1.0,1.0,1.0,1.0,32.6875,64.25390625,54.91796875,55.03515625,137.171875,196.41015625,167.40234375,170.33203125,0.0,0.0,1.73828125,47.65704345703125
none,1,327,1.0,0.0,1.0,1.0,1.0,1.0,31.5625,64.4453125,55.55078125,54.1484375,134.015625,197.28515625,168.2265625,167.56640625,0.0,0.0,1.8515625,47.37144088745117
none,1,328,1.0,0.0,1.0,1.0,1.0,1.0,32.03515625,63.86328125,55.26953125,55.70703125,134.796875,194.84375,167.78125,173.7265625,0.0,0.0,2.0546875,47.625816345214844
none,1,329,1.0,0.0,1.0,1.0,1.0,1.0,32.0546875,62.68359375,55.91015625,55.3359375,134.4375,191.20703125,168.97265625,171.53125,0.0,0.0,1.8828125,47.19141387939453
none,1,330,1.0,0.0,1.0,1.0,1.0,1.0,32.359375,63.734375,55.15625,55.1875,136.6328125,194.89453125,167.64453125,171.8828125,0.0,0.0,1.87109375,47.483272552490234
none,1,331,1.0,0.0,1.0,1.0,1.0,1.0,32.546875,63.29296875,55.17578125,55.5546875,136.875,193.06640625,167.41015625,171.140625,0.0,0.0,1.98828125,47.1119384765625
none,1,332,1.0,0.0,1.0,1.0,1.0,1.0,32.34765625,63.80078125,56.7421875,55.0703125,136.296875,194.30078125,173.40234375,169.68359375,0.0,0.0,1.91015625,47.98583984375
none,1,333,1.0,0.0,1.0,1.0,1.0,1.0,32.80859375,63.7578125,55.1015625,56.0390625,138.16015625,194.8671875,166.15625,174.0390625,0.0,0.0,1.98046875,47.82229232788086
none,1,334,1.0,0.0,1.0,1.0,1.0,1.0,32.5546875,63.75,55.1484375,55.22265625,138.37109375,194.18359375,167.70703125,170.55078125,0.0,0.0,1.9609375,47.255828857421875
none,1,335,1.0,0.0,1.0,1.0,1.0,1.0,32.5625,64.37109375,55.23046875,54.23046875,135.69921875,195.9375,167.96484375,168.78125,0.0,0.0,1.98828125,47.596343994140625
none,1,336,1.0,0.0,1.0,1.0,1.0,1.0,31.66796875,64.4921875,56.68359375,55.1875,134.1328125,195.125,171.42578125,170.6328125,0.0,0.0,1.82421875,48.111907958984375
none,1,337,1.0,0.0,1.0,1.0,1.0,1.0,32.03125,62.87890625,56.546875,55.8828125,134.8828125,189.71484375,170.52734375,171.50390625,0.0,0.0,1.98046875,47.945404052734375
none,1,338,1.0,0.0,1.0,1.0,1.0,1.0,33.046875,62.77734375,55.53515625,56.64453125,139.53125,192.0546875,166.55078125,174.55078125,0.0,0.0,1.83203125,47.281349182128906
none,1,339,1.0,0.0,1.0,1.0,1.0,1.0,33.40234375,63.19140625,54.73828125,56.35546875,140.34375,191.78125,166.5625,174.328125,0.0,0.0,1.93359375,47.37169647216797
none,1,340,1.0,0.0,1.0,1.0,1.0,1.0,31.984375,62.78515625,57.3203125,55.40234375,134.69140625,190.12890625,172.9765625,171.39453125,0.0,0.0,1.90234375,47.89594268798828
none,1,341,1.0,0.0,1.0,1.0,1.0,1.0,32.265625,62.5703125,56.3203125,56.9296875,137.30078125,188.71875,169.890625,176.01953125,0.0,0.0,1.94921875,48.121788024902344
none,1,342,1.0,0.0,1.0,1.0,1.0,1.0,32.76953125,61.91015625,55.48828125,57.578125,137.3046875,186.48046875,167.8046875,178.0,0.0,0.0,2.12890625,47.70903778076172
none,1,343,1.0,0.0,1.0,1.0,1.0,1.0,32.75390625,62.89453125,55.65234375,57.203125,139.31640625,191.51953125,167.578125,175.59375,0.0,0.0,1.90625,48.08025360107422
none,1,344,1.0,0.0,1.0,1.0,1.0,1.0,32.609375,63.27734375,55.609375,55.9453125,136.7265625,191.54296875,168.31640625,173.08203125,0.0,0.0,2.09765625,47.54804611206055
none,1,345,1.0,0.0,1.0,1.0,1.0,1.0,32.5234375,63.28125,55.4765625,58.04296875,139.1328125,189.66015625,168.03515625,178.66796875,0.0,0.0,2.05859375,48.322998046875
none,1,346,1.0,0.0,1.0,1.0,1.0,1.0,32.86328125,61.87109375,55.69140625,58.21484375,139.91796875,188.13671875,167.4140625,179.8359375,0.0,0.0,2.12109375,47.555076599121094
none,1,347,1.0,0.0,1.0,1.0,1.0,1.0,33.18359375,63.4609375,55.15234375,55.8515625,139.22265625,192.609375,167.04296875,173.4921875,0.0,0.0,2.015625,47.48786544799805
none,1,348,1.0,0.0,1.0,1.0,1.0,1.0,33.046875,62.109375,55.0546875,56.70703125,138.73828125,188.53515625,166.22265625,175.9609375,0.0,0.0,2.0234375,47.3542594909668
none,1,349,1.0,0.0,1.0,1.0,1.0,1.0,32.40625,63.3125,54.4140625,55.82421875,136.25,190.92578125,165.33984375,171.4609375,0.0,0.0,2.14453125,47.1945915222168
none,1,350,1.0,0.0,1.0,1.0,1.0,1.0,33.0234375,63.66796875,55.44921875,55.56640625,138.51171875,192.91796875,165.328125,171.44921875,0.0,0.0,2.08203125,47.48261260986328
none,1,351,1.0,0.0,1.0,1.0,1.0,1.0,32.97265625,65.11328125,56.15625,54.70703125,138.44140625,196.125,169.4140625,168.1953125,0.0,0.0,1.890625,48.1541862487793
none,1,352,1.0,0.0,1.0,1.0,1.0,1.0,33.3828125,63.87890625,55.89453125,56.609375,141.10546875,192.640625,168.01953125,174.0390625,0.0,0.0,1.86328125,48.36716842651367
none,1,353,1.0,0.0,1.0,1.0,1.0,1.0,33.5546875,62.34375,56.75390625,57.79296875,141.98046875,188.38671875,169.64453125,178.5078125,0.0,0.0,2.09765625,48.252681732177734
none,1,354,1.0,0.0,1.0,1.0,1.0,1.0,32.37890625,62.45703125,56.64453125,56.51953125,137.41015625,188.0546875,170.93359375,173.50390625,0.0,0.0,2.12109375,47.72393798828125
none,1,355,1.0,0.0,1.0,1.0,1.0,1.0,32.4140625,62.03125,57.18359375,57.125,137.30078125,186.04296875,170.1171875,176.37109375,0.0,0.0,1.96484375,48.34271240234375
none,1,356,1.0,0.0,1.0,1.0,1.0,1.0,33.39453125,64.07421875,56.09765625,56.58984375,142.39453125,192.40234375,167.3125,175.265625,0.0,0.0,1.8359375,48.210533142089844
none,1,357,1.0,0.0,1.0,1.0,1.0,1.0,32.36328125,63.0,56.078125,56.09765625,137.2578125,189.26953125,167.8828125,171.83984375,0.0,0.0,1.98828125,47.63749313354492
none,1,358,1.0,0.0,1.0,1.0,1.0,1.0,33.6640625,62.7734375,54.85546875,57.35546875,142.55078125,189.01953125,165.4609375,177.3828125,0.0,0.0,1.94921875,47.48992156982422
none,1,359,1.0,0.0,1.0,1.0,1.0,1.0,32.72265625,62.4765625,56.73828125,57.15234375,140.31640625,188.5703125,170.0546875,176.09375,0.0,0.0,1.90625,48.084617614746094
none,1,360,1.0,0.0,1.0,1.0,1.0,1.0,32.9453125,63.51171875,55.8046875,57.44140625,140.44140625,190.7890625,168.9609375,177.64453125,0.0,0.0,2.16796875,48.08312225341797
none,1,361,1.0,0.0,1.0,1.0,1.0,1.0,31.92578125,63.515625,55.875,57.51171875,139.23828125,191.57421875,167.10546875,178.4765625,0.0,0.0,2.04296875,48.53205108642578
none,1,362,1.0,0.0,1.0,1.0,1.0,1.0,32.2265625,63.27734375,56.91796875,57.56640625,138.9453125,189.765625,169.39453125,177.609375,0.0,0.0,2.05078125,48.518028259277344
none,1,363,1.0,0.0,1.0,1.0,1.0,1.0,33.328125,65.0703125,54.6875,57.29296875,140.58203125,194.76171875,163.30859375,175.25390625,0.0,0.0,2.0859375,48.16996383666992
none,1,364,1.0,0.0,1.0,1.0,1.0,1.0,32.7109375,64.18359375,55.140625,57.9453125,140.80078125,192.3203125,164.65625,179.00390625,0.0,0.0,1.80078125,48.36682891845703
none,1,365,1.0,0.0,1.0,1.0,1.0,1.0,32.87890625,63.69140625,56.21875,57.71484375,140.828125,190.6484375,168.69140625,178.26953125,0.0,0.0,1.94921875,48.54185104370117
none,1,366,1.0,0.0,1.0,1.0,1.0,1.0,33.4375,63.3125,56.59765625,57.59765625,141.28125,189.90234375,169.33203125,177.734375,0.0,0.0,1.8984375,48.43790817260742
none,1,367,1.0,0.0,1.0,1.0,1.0,1.0,33.32421875,64.47265625,56.73046875,57.22265625,144.89453125,192.64453125,169.96484375,176.58203125,0.0,0.0,1.8984375,48.5770378112793
none,1,368,1.0,0.0,1.0,1.0,1.0,1.0,32.7578125,62.9765625,57.59765625,57.38671875,139.80078125,188.16796875,170.1015625,175.6796875,0.0,0.0,1.953125,48.36528778076172
none,1,369,1.0,0.0,1.0,1.0,1.0,1.0,32.7578125,63.9375,55.84765625,58.390625,139.75,189.40234375,165.23828125,178.93359375,0.0,0.0,1.94921875,48.53759002685547
none,1,370,1.0,0.0,1.0,1.0,1.0,1.0,32.390625,63.828125,55.09765625,56.9453125,140.42578125,190.671875,164.8203125,174.2109375,0.0,0.0,1.98046875,47.9788818359375
none,1,371,1.0,0.0,1.0,1.0,1.0,1.0,32.078125,64.31640625,56.61328125,57.5546875,138.390625,191.2421875,169.3671875,177.16796875,0.0,0.0,1.9140625,48.89991760253906
none,1,372,1.0,0.0,1.0,1.0,1.0,1.0,32.3984375,66.04296875,56.33203125,56.828125,138.96484375,196.40234375,167.79296875,173.41796875,0.0,0.0,1.79296875,49.55299377441406
none,1,373,1.0,0.0,1.0,1.0,1.0,1.0,32.60546875,64.7265625,56.60546875,57.86328125,140.12109375,192.69140625,168.265625,176.8984375,0.0,0.0,1.8046875,49.158905029296875
none,1,374,1.0,0.0,1.0,1.0,1.0,1.0,32.671875,64.890625,55.99609375,57.43359375,140.53125,193.3359375,167.0078125,175.6015625,0.0,0.0,2.03515625,48.694969177246094
none,1,375,1.0,0.0,1.0,1.0,1.0,1.0,32.67578125,65.46875,56.6796875,56.50390625,138.4921875,194.26953125,169.1328125,173.16796875,0.0,0.0,1.73828125,48.949317932128906
none,1,376,1.0,0.0,1.0,1.0,1.0,1.0,33.375,64.6171875,57.32421875,57.4375,143.73046875,192.4140625,169.94140625,174.42578125,0.0,0.0,1.71875,48.742733001708984
none,1,377,1.0,0.0,1.0,1.0,1.0,1.0,32.625,64.66015625,56.80859375,58.19921875,140.64453125,191.6171875,168.73046875,178.22265625,0.0,0.0,1.98828125,49.389015197753906
none,1,378,1.0,0.0,1.0,1.0,1.0,1.0,32.65625,64.3125,56.38671875,57.390625,139.86328125,190.06640625,166.828125,175.99609375,0.0,0.0,1.91796875,48.82798385620117
none,1,379,1.0,0.0,1.0,1.0,1.0,1.0,31.58203125,63.515625,57.9765625,57.56640625,135.9296875,189.9921875,172.5234375,175.140625,0.0,0.0,1.7734375,49.048858642578125
none,1,380,1.0,0.0,1.0,1.0,1.0,1.0,31.96484375,63.89453125,56.9921875,57.80859375,136.1796875,190.73046875,169.2265625,176.90234375,0.0,0.0,1.8984375,48.856502532958984
none,1,381,1.0,0.0,1.0,1.0,1.0,1.0,32.24609375,64.08203125,57.0078125,57.46875,139.30078125,190.703125,169.41796875,173.9296875,0.0,0.0,1.9140625,48.846397399902344
none,1,382,1.0,0.0,1.0,1.0,1.0,1.0,32.21484375,64.60546875,58.15234375,58.02734375,138.91015625,190.23828125,172.34375,176.16796875,0.0,0.0,1.8828125,50.21732711791992
none,1,383,1.0,0.0,1.0,1.0,1.0,1.0,31.34375,63.84765625,57.75390625,57.80078125,134.98046875,190.4296875,171.33203125,174.4140625,0.0,0.0,1.96484375,49.03403854370117
none,1,384,1.0,0.0,1.0,1.0,1.0,1.0,31.67578125,64.28515625,57.9921875,57.85546875,136.26953125,190.7578125,171.55859375,174.05078125,0.0,0.0,1.73828125,49.796165466308594
none,1,385,1.0,0.0,1.0,1.0,1.0,1.0,31.8671875,63.84375,56.44140625,58.96875,136.55078125,188.88671875,167.703125,178.16796875,0.0,0.0,1.82421875,49.2780876159668
none,1,386,1.0,0.0,1.0,1.0,1.0,1.0,31.4453125,65.7734375,57.59375,57.05078125,137.203125,194.60546875,170.7890625,171.86328125,0.0,0.0,1.95703125,49.71484375
none,1,387,1.0,0.0,1.0,1.0,1.0,1.0,31.96484375,65.07421875,57.80078125,56.9375,137.55859375,193.5,170.890625,173.453125,0.0,0.0,1.71875,49.27001953125
none,1,388,1.0,0.0,1.0,1.0,1.0,1.0,31.86328125,64.19140625,57.4453125,58.9765625,138.625,190.9296875,169.9140625,177.4140625,0.0,0.0,1.9296875,49.69474411010742
none,1,389,1.0,0.0,1.0,1.0,1.0,1.0,31.83984375,64.875,57.31640625,57.0703125,136.46875,192.91015625,169.19921875,174.25,0.0,0.0,1.83203125,49.311668395996094
none,1,390,1.0,0.0,1.0,1.0,1.0,1.0,32.1328125,66.27734375,57.98828125,57.39453125,138.5859375,195.88671875,170.50390625,172.26953125,0.0,0.0,1.7890625,50.5234375
none,1,391,1.0,0.0,1.0,1.0,1.0,1.0,32.13671875,64.6953125,57.0859375,57.69921875,138.609375,192.21484375,168.1953125,173.53515625,0.0,0.0,1.60546875,49.14427947998047
none,1,392,1.0,0.0,1.0,1.0,1.0,1.0,31.96484375,65.00390625,56.921875,58.6328125,137.9453125,193.203125,168.6875,176.36328125,0.0,0.0,1.7109375,49.940162658691406
none,1,393,1.0,0.0,1.0,1.0,1.0,1.0,32.109375,67.00390625,57.05078125,58.171875,138.94140625,198.01171875,167.1484375,174.89453125,0.0,0.0,1.62109375,50.381431579589844
none,1,394,1.0,0.0,1.0,1.0,1.0,1.0,30.91796875,66.5,56.91015625,58.83203125,135.1015625,196.25390625,166.6484375,176.359375,0.0,0.0,1.56640625,50.53297424316406
none,1,395,1.0,0.0,1.0,1.0,1.0,1.0,31.9921875,66.3515625,58.1640625,58.8828125,138.03515625,196.3671875,170.9921875,177.8046875,0.0,0.0,1.70703125,50.8254508972168
none,1,396,1.0,0.0,1.0,1.0,1.0,1.0,32.1796875,65.1953125,58.55078125,59.03125,141.04296875,192.98828125,171.3359375,178.98046875,0.0,0.0,1.62109375,50.777183532714844
none,1,397,1.0,0.0,1.0,1.0,1.0,1.0,31.44140625,66.015625,58.7265625,58.8046875,135.890625,193.95703125,173.35546875,177.140625,0.0,0.0,1.53125,50.85990524291992
none,1,398,1.0,0.0,1.0,1.0,1.0,1.0,31.671875,66.68359375,57.30078125,58.19140625,137.3828125,197.34765625,166.953125,175.27734375,0.0,0.0,1.44140625,50.21104049682617
none,1,399,1.0,0.0,1.0,1.0,1.0,1.0,31.5234375,66.421875,57.68359375,58.9375,137.00390625,195.2265625,168.28515625,177.4609375,0.0,0.0,1.640625,50.68113327026367
none,1,400,1.0,0.0,1.0,1.0,1.0,1.0,31.703125,65.59375,57.8984375,58.53515625,136.21484375,193.45703125,169.26953125,174.95703125,0.0,0.0,1.50390625,50.52994918823242
none,1,401,1.0,0.0,1.0,1.0,1.0,1.0,31.53125,65.4921875,58.03125,58.9765625,135.79296875,192.83984375,170.89453125,176.07421875,0.0,0.0,1.55078125,50.91038131713867
none,1,402,1.0,0.0,1.0,1.0,1.0,1.0,31.34765625,66.4765625,58.640625,57.1171875,133.640625,196.578125,171.88671875,171.35546875,0.0,0.0,1.74609375,50.381263732910156
none,1,403,1.0,0.0,1.0,1.0,1.0,1.0,30.12109375,66.38671875,57.3984375,57.86328125,132.2265625,195.98828125,168.26953125,172.734375,0.0,0.0,1.625,50.17472457885742
none,1,404,1.0,0.0,1.0,1.0,1.0,1.0,30.484375,66.0390625,58.44921875,59.51171875,133.47265625,193.875,171.5546875,179.45703125,0.0,0.0,1.66015625,51.2845458984375
none,1,405,1.0,0.0,1.0,1.0,1.0,1.0,30.44140625,65.16796875,58.75390625,58.83984375,132.484375,192.1875,173.25390625,177.38671875,0.0,0.0,1.67578125,50.6856689453125
none,1,406,1.0,0.0,1.0,1.0,1.0,1.0,30.55078125,67.2109375,59.1015625,57.89453125,133.80078125,198.7265625,174.71484375,174.296875,0.0,0.0,1.640625,51.5217399597168
none,1,407,1.0,0.0,1.0,1.0,1.0,1.0,30.88671875,67.23828125,57.484375,57.4375,136.1875,199.65234375,168.58203125,173.296875,0.0,0.0,1.69921875,50.39519500732422
none,1,408,1.0,0.0,1.0,1.0,1.0,1.0,30.29296875,66.68359375,58.8984375,57.44140625,135.40234375,197.140625,172.421875,173.1015625,0.0,0.0,1.734375,50.93061447143555
none,1,409,1.0,0.0,1.0,1.0,1.0,1.0,31.0390625,67.01953125,57.87890625,59.02734375,137.171875,198.328125,170.0859375,177.375,0.0,0.0,1.796875,51.131248474121094
none,1,410,1.0,0.0,1.0,1.0,1.0,1.0,30.921875,67.3125,59.4296875,56.98046875,135.71484375,198.859375,173.55859375,169.5390625,0.0,0.0,1.6640625,51.20587921142578
none,1,411,1.0,0.0,1.0,1.0,1.0,1.0,31.515625,67.12890625,58.63671875,57.125,136.4375,198.40625,170.85546875,171.1640625,0.0,0.0,1.6171875,50.806148529052734
none,1,412,1.0,0.0,1.0,1.0,1.0,1.0,31.1171875,67.45703125,58.92578125,58.0703125,134.43359375,198.31640625,171.72265625,171.64453125,0.0,0.0,1.6796875,51.492919921875
none,1,413,1.0,0.0,1.0,1.0,1.0,1.0,31.5859375,66.34765625,58.125,59.44140625,138.5390625,194.78515625,169.546875,177.01171875,0.0,0.0,1.6484375,51.201290130615234
none,1,414,1.0,0.0,1.0,1.0,1.0,1.0,31.4296875,67.08203125,58.19140625,57.6640625,140.296875,196.96875,170.703125,170.75390625,0.0,0.0,1.5625,50.65008544921875
none,1,415,1.0,0.0,1.0,1.0,1.0,1.0,31.54296875,66.16796875,59.33984375,59.83984375,135.99609375,194.25390625,173.59375,177.52734375,0.0,0.0,1.6171875,51.64196014404297
none,1,416,1.0,0.0,1.0,1.0,1.0,1.0,31.046875,66.3203125,59.6328125,58.80859375,137.0078125,195.234375,175.02734375,175.29296875,0.0,0.0,1.515625,51.49418258666992
none,1,417,1.0,0.0,1.0,1.0,1.0,1.0,31.2578125,64.7890625,59.51953125,59.66796875,137.78515625,191.1171875,174.40625,178.82421875,0.0,0.0,1.5625,51.17383575439453
none,1,418,1.0,0.0,1.0,1.0,1.0,1.0,30.41015625,67.05078125,60.140625,59.53515625,134.515625,195.55859375,175.8984375,176.3203125,0.0,0.0,1.37890625,52.15258026123047
none,1,419,1.0,0.0,1.0,1.0,1.0,1.0,31.2421875,66.76171875,60.484375,59.91015625,136.81640625,194.51171875,175.69140625,176.83984375,0.0,0.0,1.40234375,52.40348434448242
none,1,420,1.0,0.0,1.0,1.0,1.0,1.0,31.37890625,66.87109375,59.88671875,57.8515625,135.87890625,195.08203125,174.1875,171.58984375,0.0,0.0,1.51953125,51.100006103515625
none,1,421,1.0,0.0,1.0,1.0,1.0,1.0,32.578125,65.796875,59.7578125,60.75,140.49609375,191.9921875,173.07421875,180.45703125,0.0,0.0,1.3984375,51.700294494628906
none,1,422,1.0,0.0,1.0,1.0,1.0,1.0,31.58203125,66.26953125,59.19140625,60.12109375,138.8515625,193.578125,171.6171875,177.26953125,0.0,0.0,1.4609375,51.869232177734375
none,1,423,1.0,0.0,1.0,1.0,1.0,1.0,31.6796875,66.921875,59.19140625,60.47265625,138.2109375,195.3828125,171.515625,179.82421875,0.0,0.0,1.4609375,52.195533752441406
none,1,424,1.0,0.0,1.0,1.0,1.0,1.0,31.46484375,67.62890625,60.71875,59.83203125,137.78515625,196.11328125,175.63671875,177.34375,0.0,0.0,1.34765625,53.00738525390625
none,1,425,1.0,0.0,1.0,1.0,1.0,1.0,31.21484375,67.2109375,60.4296875,60.48828125,137.53125,197.13671875,175.44140625,179.546875,0.0,0.0,1.359375,52.29376983642578
none,1,426,1.0,0.0,1.0,1.0,1.0,1.0,31.63671875,67.21484375,60.32421875,59.75390625,140.0234375,196.53515625,175.24609375,176.8671875,0.0,0.0,1.359375,52.45295715332031
none,1,427,1.0,0.0,1.0,1.0,1.0,1.0,31.25,66.3125,59.7578125,60.41796875,136.5546875,193.74609375,172.95703125,179.69140625,0.0,0.0,1.47265625,51.89917755126953
none,1,428,1.0,0.0,1.0,1.0,1.0,1.0,31.08203125,66.8828125,59.9921875,60.43359375,137.84375,194.83984375,175.10546875,178.72265625,0.0,0.0,1.40234375,52.2548828125
none,1,429,1.0,0.0,1.0,1.0,1.0,1.0,31.31640625,67.9296875,59.05859375,59.25390625,136.33984375,198.546875,172.33203125,176.11328125,0.0,0.0,1.4453125,51.787025451660156
none,1,430,1.0,0.0,1.0,1.0,1.0,1.0,30.37109375,66.42578125,60.77734375,60.25,134.5546875,195.37890625,177.515625,178.46484375,0.0,0.0,1.28125,52.60496520996094
none,1,431,1.0,0.0,1.0,1.0,1.0,1.0,31.4765625,67.02734375,59.90234375,59.18359375,135.6796875,196.59375,172.44921875,174.83984375,0.0,0.0,1.35546875,51.73967742919922
none,1,432,1.0,0.0,1.0,1.0,1.0,1.0,31.046875,68.3046875,60.78515625,59.44140625,136.93359375,201.328125,175.546875,175.1640625,0.0,0.0,1.40234375,53.050682067871094
none,1,433,1.0,0.0,1.0,1.0,1.0,1.0,29.97265625,67.65234375,60.48828125,59.390625,133.640625,197.6015625,176.0859375,175.328125,0.0,0.0,1.42578125,52.44548797607422
none,1,434,1.0,0.0,1.0,1.0,1.0,1.0,29.48828125,65.80859375,59.95703125,60.0078125,132.94921875,194.42578125,173.85546875,179.4140625,0.0,0.0,1.41015625,51.9483757019043
none,1,435,1.0,0.0,1.0,1.0,1.0,1.0,30.6171875,67.60546875,60.99609375,60.8046875,134.5078125,197.77734375,177.46484375,181.46484375,0.0,0.0,1.3671875,52.82621383666992
none,1,436,1.0,0.0,1.0,1.0,1.0,1.0,30.0234375,66.61328125,60.33203125,59.6875,134.57421875,195.703125,174.5078125,177.59765625,0.0,0.0,1.36328125,52.6484375
none,1,437,1.0,0.0,1.0,1.0,1.0,1.0,31.21875,67.0546875,60.69921875,60.3671875,139.8828125,197.3671875,175.19140625,180.265625,0.0,0.0,1.40234375,52.507843017578125
none,1,438,1.0,0.0,1.0,1.0,1.0,1.0,30.41015625,66.49609375,60.921875,60.2578125,137.2578125,196.078125,178.3203125,179.9453125,0.0,0.0,1.51953125,52.53824996948242
none,1,439,1.0,0.0,1.0,1.0,1.0,1.0,30.5859375,67.8671875,61.06640625,60.10546875,137.32421875,200.48046875,177.48828125,178.69921875,0.0,0.0,1.23828125,53.21696090698242
none,1,440,1.0,0.0,1.0,1.0,1.0,1.0,30.734375,68.78125,60.60546875,60.6015625,138.7421875,203.2734375,175.93359375,178.3046875,0.0,0.0,1.375,53.377410888671875
none,1,441,1.0,0.0,1.0,1.0,1.0,1.0,30.83984375,68.4765625,61.21875,58.69140625,137.57421875,200.31640625,177.640625,174.23828125,0.0,0.0,1.3046875,52.87725067138672
none,1,442,1.0,0.0,1.0,1.0,1.0,1.0,31.55859375,67.62109375,60.45703125,59.109375,142.28515625,199.66015625,175.90234375,174.921875,0.0,0.0,1.34375,52.173213958740234
none,1,443,1.0,0.0,1.0,1.0,1.0,1.0,30.51953125,68.484375,60.99609375,59.83203125,138.4609375,201.15625,176.50390625,175.80078125,0.0,0.0,1.27734375,53.24149703979492
none,1,444,1.0,0.0,1.0,1.0,1.0,1.0,30.57421875,67.73828125,61.2734375,59.71484375,136.9140625,197.6328125,175.91796875,176.88671875,0.0,0.0,1.32421875,52.78949737548828
none,1,445,1.0,0.0,1.0,1.0,1.0,1.0,31.25,66.86328125,62.0,61.3515625,141.08203125,193.66796875,177.7421875,180.421875,0.0,0.0,1.328125,53.49714279174805
none,1,446,1.0,0.0,1.0,1.0,1.0,1.0,31.57421875,66.9765625,61.66015625,61.1875,140.72265625,195.4140625,177.32421875,180.37890625,0.0,0.0,1.3046875,53.31673812866211
none,1,447,1.0,0.0,1.0,1.0,1.0,1.0,30.70703125,67.703125,61.890625,60.23828125,138.90625,197.43359375,179.82421875,176.71875,0.0,0.0,1.31640625,54.0023307800293
none,1,448,1.0,0.0,1.0,1.0,1.0,1.0,31.734375,66.53125,60.68359375,61.08984375,143.234375,193.42578125,175.37890625,182.09765625,0.0,0.0,1.3359375,52.20371627807617
none,1,449,1.0,0.0,1.0,1.0,1.0,1.0,30.18359375,66.2734375,61.546875,60.55078125,135.2890625,194.71875,176.50390625,178.90625,0.0,0.0,1.359375,52.95795822143555
none,1,450,1.0,0.0,1.0,1.0,1.0,1.0,30.48828125,66.30078125,62.36328125,60.86328125,140.22265625,193.74609375,179.50390625,180.66796875,0.0,0.0,1.34765625,53.42817306518555
none,1,451,1.0,0.0,1.0,1.0,1.0,1.0,30.25390625,66.8671875,61.42578125,60.37109375,138.1015625,194.99609375,177.71484375,178.94921875,0.0,0.0,1.40625,53.07453155517578
none,1,452,1.0,0.0,1.0,1.0,1.0,1.0,29.9609375,66.8359375,62.38671875,61.09765625,137.1484375,195.4765625,181.828125,181.30859375,0.0,0.0,1.45703125,53.58580780029297
none,1,453,1.0,0.0,1.0,1.0,1.0,1.0,29.59375,67.31640625,61.0859375,61.33203125,136.45703125,196.56640625,176.84765625,181.26953125,0.0,0.0,1.39453125,53.70457077026367
none,1,454,1.0,0.0,1.0,1.0,1.0,1.0,30.0859375,66.34375,61.33984375,61.890625,137.4296875,194.0234375,178.8125,184.18359375,0.0,0.0,1.45703125,53.635040283203125
none,1,455,1.0,0.0,1.0,1.0,1.0,1.0,29.53125,67.6640625,62.0703125,59.71875,137.671875,199.0625,178.3828125,177.6484375,0.0,0.0,1.47265625,53.153656005859375
none,1,456,1.0,0.0,1.0,1.0,1.0,1.0,29.53125,67.05859375,61.71875,61.03125,135.28125,194.7734375,179.546875,179.984375,0.0,0.0,1.37890625,53.71446228027344
none,1,457,1.0,0.0,1.0,1.0,1.0,1.0,29.41015625,66.91015625,61.6328125,61.328125,136.20703125,195.90234375,179.4765625,180.875,0.0,0.0,1.45703125,53.670196533203125
none,1,458,1.0,0.0,1.0,1.0,1.0,1.0,30.31640625,67.39453125,61.015625,61.83203125,138.99609375,196.171875,177.01171875,182.4765625,0.0,0.0,1.3125,53.96916961669922
none,1,459,1.0,0.0,1.0,1.0,1.0,1.0,29.859375,65.41796875,60.9140625,62.16015625,135.91015625,190.65234375,176.34375,183.69140625,0.0,0.0,1.4453125,53.26982879638672
none,1,460,1.0,0.0,1.0,1.0,1.0,1.0,29.96875,67.73828125,62.76953125,60.7109375,137.43359375,197.07421875,181.6171875,178.98828125,0.0,0.0,1.35546875,54.345298767089844
none,1,461,1.0,0.0,1.0,1.0,1.0,1.0,30.48046875,67.03515625,63.05078125,60.34375,139.01171875,195.43359375,183.1640625,176.890625,0.0,0.0,1.4375,53.6025505065918
none,1,462,1.0,0.0,1.0,1.0,1.0,1.0,30.04296875,68.1484375,62.90625,60.828125,138.73046875,198.1640625,180.84375,177.79296875,0.0,0.0,1.296875,54.39484786987305
none,1,463,1.0,0.0,1.0,1.0,1.0,1.0,29.94921875,68.6953125,63.171875,60.9296875,137.39453125,199.64453125,182.26953125,177.6171875,0.0,0.0,1.28125,54.63813400268555
none,1,464,1.0,0.0,1.0,1.0,1.0,1.0,29.06640625,67.7734375,62.94140625,60.203125,133.90234375,197.58984375,181.328125,176.58984375,0.0,0.0,1.38671875,53.871116638183594
none,1,465,1.0,0.0,1.0,1.0,1.0,1.0,29.390625,68.8125,63.921875,59.47265625,136.9296875,199.58203125,183.56640625,173.3671875,0.0,0.0,1.4375,54.632843017578125
none,1,466,1.0,0.0,1.0,1.0,1.0,1.0,28.80859375,69.4375,62.92578125,58.90234375,132.83984375,201.16015625,182.44921875,173.0234375,0.0,0.0,1.30078125,54.569740295410156
none,1,467,1.0,0.0,1.0,1.0,1.0,1.0,29.953125,68.6875,63.42578125,59.81640625,138.359375,199.140625,182.4296875,176.35546875,0.0,0.0,1.38671875,54.74193572998047
none,1,468,1.0,0.0,1.0,1.0,1.0,1.0,30.34765625,68.47265625,63.25390625,59.6328125,139.703125,197.80078125,182.21484375,175.4296875,0.0,0.0,1.3984375,54.31162643432617
none,1,469,1.0,0.0,1.0,1.0,1.0,1.0,29.74609375,69.890625,61.78125,59.03515625,135.78515625,203.21875,179.33984375,173.3125,0.0,0.0,1.375,54.296775817871094
none,1,470,1.0,0.0,1.0,1.0,1.0,1.0,29.0390625,69.03125,61.96875,61.265625,133.48828125,200.16796875,179.671875,179.05859375,0.0,0.0,1.4296875,54.696136474609375
none,1,471,1.0,0.0,1.0,1.0,1.0,1.0,29.765625,68.89453125,61.9296875,60.28125,136.5703125,200.38671875,179.41015625,177.734375,0.0,0.0,1.3671875,54.24384689331055
none,1,472,1.0,0.0,1.0,1.0,1.0,1.0,29.36328125,68.578125,63.16796875,59.05859375,135.68359375,199.546875,182.1875,172.55078125,0.0,0.0,1.38671875,54.13329315185547
none,1,473,1.0,0.0,1.0,1.0,1.0,1.0,29.10546875,69.765625,62.58203125,59.2578125,134.2734375,202.95703125,180.18359375,175.203125,0.0,0.0,1.40625,54.3133544921875
none,1,474,1.0,0.0,1.0,1.0,1.0,1.0,29.28125,70.22265625,62.24609375,58.53125,135.9609375,205.11328125,179.765625,171.48046875,0.0,0.0,1.38671875,54.416046142578125
none,1,475,1.0,0.0,1.0,1.0,1.0,1.0,29.36328125,68.44140625,63.3046875,60.03515625,136.61328125,199.12890625,181.984375,175.2421875,0.0,0.0,1.37109375,54.441932678222656
none,1,476,1.0,0.0,1.0,1.0,1.0,1.0,29.2421875,70.3125,62.51953125,59.2421875,136.3671875,203.55859375,180.5078125,174.265625,0.0,0.0,1.37890625,54.42258834838867
none,1,477,1.0,0.0,1.0,1.0,1.0,1.0,30.390625,69.52734375,62.68359375,59.828125,137.64453125,201.796875,180.171875,175.36328125,0.0,0.0,1.41796875,54.442623138427734
none,1,478,1.0,0.0,1.0,1.0,1.0,1.0,29.45703125,71.20703125,62.62109375,58.26953125,136.6796875,206.87109375,180.140625,171.1875,0.0,0.0,1.28125,54.340087890625
none,1,479,1.0,0.0,1.0,1.0,1.0,1.0,30.39453125,69.47265625,63.08203125,60.83203125,140.65234375,200.80859375,182.6875,179.98046875,0.0,0.0,1.26171875,55.330013275146484
none,1,480,1.0,0.0,1.0,1.0,1.0,1.0,30.0078125,68.65234375,62.09375,61.8671875,140.2890625,199.0625,178.9765625,182.625,0.0,0.0,1.36328125,54.63616943359375
none,1,481,1.0,0.0,1.0,1.0,1.0,1.0,29.875,68.44921875,62.5546875,59.64453125,139.375,199.59375,181.1171875,176.65625,0.0,0.0,1.33984375,54.005889892578125
none,1,482,1.0,0.0,1.0,1.0,1.0,1.0,29.9765625,68.66796875,62.359375,59.60546875,137.89453125,200.5546875,180.08203125,174.734375,0.0,0.0,1.23828125,53.86066818237305
none,1,483,1.0,0.0,1.0,1.0,1.0,1.0,29.75,70.4453125,63.6640625,59.4765625,136.8203125,204.95703125,182.796875,174.40234375,0.0,0.0,1.39453125,55.30006408691406
none,1,484,1.0,0.0,1.0,1.0,1.0,1.0,29.98046875,68.43359375,63.37109375,60.3125,136.9375,199.6015625,182.6015625,175.6953125,0.0,0.0,1.29296875,54.267066955566406
none,1,485,1.0,0.0,1.0,1.0,1.0,1.0,29.80078125,69.76953125,63.703125,59.67578125,140.69921875,201.66015625,184.05859375,175.53515625,0.0,0.0,1.3515625,54.91849899291992
none,1,486,1.0,0.0,1.0,1.0,1.0,1.0,29.953125,69.02734375,63.89453125,60.8515625,139.40234375,199.49609375,183.8125,177.75,0.0,0.0,1.359375,55.175533294677734
none,1,487,1.0,0.0,1.0,1.0,1.0,1.0,29.41796875,67.40625,64.25,60.23828125,134.9609375,194.19140625,185.265625,176.70703125,0.0,0.0,1.30859375,54.64982223510742
none,1,488,1.0,0.0,1.0,1.0,1.0,1.0,29.828125,68.33984375,63.15234375,60.703125,137.44140625,197.1328125,182.7109375,177.7421875,0.0,0.0,1.3515625,54.459625244140625
none,1,489,1.0,0.0,1.0,1.0,1.0,1.0,30.76953125,68.81640625,63.20703125,61.5859375,142.89453125,198.3125,182.1953125,180.765625,0.0,0.0,1.3515625,54.94132614135742
none,1,490,1.0,0.0,1.0,1.0,1.0,1.0,29.71484375,68.93359375,63.32421875,60.44921875,136.9296875,197.14453125,181.9765625,176.109375,0.0,0.0,1.33984375,54.76078414916992
none,1,491,1.0,0.0,1.0,1.0,1.0,1.0,30.03125,68.5078125,63.234375,61.5625,139.2734375,196.57421875,181.921875,178.75,0.0,0.0,1.34375,55.01310348510742
none,1,492,1.0,0.0,1.0,1.0,1.0,1.0,30.94140625,69.8203125,62.0859375,60.82421875,144.16015625,201.24609375,177.41796875,178.0234375,0.0,0.0,1.25,54.770423889160156
none,1,493,1.0,0.0,1.0,1.0,1.0,1.0,31.2890625,69.3046875,63.09765625,60.9140625,143.3359375,199.8203125,179.29296875,177.734375,0.0,0.0,1.19921875,54.693748474121094
none,1,494,1.0,0.0,1.0,1.0,1.0,1.0,30.22265625,70.6171875,61.8828125,60.75,141.19140625,203.62109375,178.5546875,178.09765625,0.0,0.0,1.1796875,55.141746520996094
none,1,495,1.0,0.0,1.0,1.0,1.0,1.0,30.6796875,71.62109375,62.81640625,60.90234375,142.328125,207.31640625,179.94140625,177.90234375,0.0,0.0,1.27734375,55.8869743347168
none,1,496,1.0,0.0,1.0,1.0,1.0,1.0,29.7421875,69.9375,63.98828125,61.18359375,139.296875,202.09375,181.8984375,179.1484375,0.0,0.0,1.28125,55.345516204833984
none,1,497,1.0,0.0,1.0,1.0,1.0,1.0,30.80859375,68.7890625,64.05859375,62.8984375,142.73828125,198.375,182.1171875,182.4140625,0.0,0.0,1.12890625,56.238494873046875
none,1,498,1.0,0.0,1.0,1.0,1.0,1.0,29.8984375,70.1328125,65.78125,61.703125,138.0078125,202.5390625,187.640625,179.71484375,0.0,0.0,1.2109375,56.50718307495117
none,1,499,1.0,0.0,1.0,1.0,1.0,1.0,29.78125,69.1875,64.44140625,62.19140625,139.47265625,197.9609375,184.0078125,180.38671875,0.0,0.0,1.109375,55.809783935546875
none,1,500,1.0,0.0,1.0,1.0,1.0,1.0,29.75390625,70.203125,64.05859375,62.73046875,140.54296875,202.54296875,182.09375,181.5078125,0.0,0.0,1.08203125,56.29606246948242
none,1,501,1.0,0.0,1.0,1.0,1.0,1.0,30.5859375,70.08984375,64.9765625,62.921875,141.6953125,199.89453125,184.65234375,182.66015625,0.0,0.0,1.125,56.71480941772461
none,1,502,1.0,0.0,1.0,1.0,1.0,1.0,29.6640625,69.90625,64.234375,62.28515625,139.6640625,200.62109375,182.25,181.02734375,0.0,0.0,1.02734375,55.84339141845703
none,1,503,1.0,0.0,1.0,1.0,1.0,1.0,29.41796875,68.52734375,64.65625,63.9453125,142.5625,195.09375,182.85546875,186.25,0.0,0.0,1.0625,56.138702392578125
none,1,504,1.0,0.0,1.0,1.0,1.0,1.0,29.24609375,70.8515625,64.0234375,63.02734375,139.66796875,202.203125,183.26953125,183.515625,0.0,0.0,1.11328125,57.278411865234375
none,1,505,1.0,0.0,1.0,1.0,1.0,1.0,28.87890625,69.3671875,64.72265625,62.4453125,138.125,197.1640625,184.265625,183.6484375,0.0,0.0,1.1796875,56.42717742919922
none,1,506,1.0,0.0,1.0,1.0,1.0,1.0,28.99609375,69.109375,63.4296875,61.94140625,136.1328125,197.625,178.9140625,182.09765625,0.0,0.0,1.2421875,55.49726486206055
none,1,507,1.0,0.0,1.0,1.0,1.0,1.0,28.62109375,70.91796875,64.296875,61.00390625,136.203125,201.9296875,183.4453125,176.7421875,0.0,0.0,1.22265625,56.25813293457031
none,1,508,1.0,0.0,1.0,1.0,1.0,1.0,27.91796875,70.3671875,64.33203125,61.28125,133.84375,201.6171875,182.7109375,177.921875,0.0,0.0,1.30078125,56.23686218261719
none,1,509,1.0,0.0,1.0,1.0,1.0,1.0,28.33984375,69.953125,63.6640625,61.52734375,134.81640625,199.56640625,181.24609375,179.9765625,0.0,0.0,1.20703125,55.403953552246094
none,1,510,1.0,0.0,1.0,1.0,1.0,1.0,27.078125,69.84765625,63.90625,60.1796875,131.03125,200.265625,183.10546875,176.83984375,0.0,0.0,1.13671875,55.857879638671875
none,1,511,1.0,0.0,1.0,1.0,1.0,1.0,27.41796875,69.76171875,65.265625,60.76171875,130.79296875,199.4375,186.66796875,176.43359375,0.0,0.0,1.2421875,56.392539978027344
none,1,512,1.0,0.0,1.0,1.0,1.0,1.0,27.015625,70.37890625,64.06640625,58.87109375,133.0546875,202.3359375,183.453125,172.640625,0.0,0.0,1.203125,55.194190979003906
none,1,513,1.0,0.0,1.0,1.0,1.0,1.0,26.59765625,69.7734375,65.11328125,60.6328125,129.921875,199.40625,185.7109375,177.42578125,0.0,0.0,1.28125,56.13834762573242
none,1,514,1.0,0.0,1.0,1.0,1.0,1.0,27.84765625,68.6953125,63.67578125,60.99609375,132.8203125,197.88671875,182.40234375,179.23828125,0.0,0.0,1.20703125,55.060020446777344
none,1,515,1.0,0.0,1.0,1.0,1.0,1.0,27.0546875,68.93359375,63.6640625,61.29296875,131.734375,200.55859375,182.80859375,179.83203125,0.0,0.0,1.359375,55.74846649169922
none,1,516,1.0,0.0,1.0,1.0,1.0,1.0,26.69921875,70.24609375,63.953125,59.828125,130.59375,203.125,183.046875,176.66796875,0.0,0.0,1.32421875,55.45367431640625
none,1,517,1.0,0.0,1.0,1.0,1.0,1.0,27.96875,70.40625,63.5859375,60.34375,133.546875,204.640625,182.2890625,175.9453125,0.0,0.0,1.26171875,55.260093688964844
none,1,518,1.0,0.0,1.0,1.0,1.0,1.0,27.25,70.21875,65.4375,60.15625,134.28515625,203.44921875,187.28125,176.49609375,0.0,0.0,1.265625,56.14897918701172
none,1,519,1.0,0.0,1.0,1.0,1.0,1.0,28.24609375,69.85546875,64.69921875,60.72265625,138.0234375,201.20703125,184.2890625,178.24609375,0.0,0.0,1.24609375,55.44562911987305
none,1,520,1.0,0.0,1.0,1.0,1.0,1.0,27.95703125,71.2421875,62.58203125,61.6875,135.04296875,204.859375,178.92578125,180.734375,0.0,0.0,1.2578125,56.217437744140625
none,1,521,1.0,0.0,1.0,1.0,1.0,1.0,27.48828125,71.76953125,64.69140625,60.8828125,133.6953125,205.65625,183.48046875,178.0234375,0.0,0.0,1.20703125,56.561744689941406
none,1,522,1.0,0.0,1.0,1.0,1.0,1.0,27.76171875,71.609375,64.86328125,60.1875,136.171875,206.73828125,184.08984375,175.48828125,0.0,0.0,1.17578125,56.493343353271484
none,1,523,1.0,0.0,1.0,1.0,1.0,1.0,27.484375,72.50390625,64.77734375,60.25,133.28125,206.84375,183.7421875,174.9765625,0.0,0.0,1.13671875,57.29644012451172
none,1,524,1.0,0.0,1.0,1.0,1.0,1.0,28.4609375,72.3359375,64.96484375,60.38671875,136.359375,206.296875,184.5859375,173.640625,0.0,0.0,1.23046875,57.02745819091797
none,1,525,1.0,0.0,1.0,1.0,1.0,1.0,27.5859375,71.01171875,65.8515625,59.76953125,133.79296875,201.51171875,186.60546875,173.85546875,0.0,0.0,1.0625,56.33213424682617
none,1,526,1.0,0.0,1.0,1.0,1.0,1.0,27.296875,71.09765625,65.54296875,59.90625,130.4140625,202.6640625,186.0546875,173.75,0.0,0.0,1.234375,56.50017547607422
none,1,527,1.0,0.0,1.0,1.0,1.0,1.0,27.1953125,71.0234375,66.6953125,59.95703125,129.58984375,202.4609375,189.71484375,174.26953125,0.0,0.0,1.07421875,57.00947570800781
none,1,528,1.0,0.0,1.0,1.0,1.0,1.0,27.91015625,70.81640625,65.52734375,60.58203125,135.75390625,200.8828125,186.1640625,175.9296875,0.0,0.0,1.078125,56.81396484375
none,1,529,1.0,0.0,1.0,1.0,1.0,1.0,27.76953125,71.90625,63.8046875,62.09375,133.78515625,203.89453125,181.4140625,181.98828125,0.0,0.0,1.11328125,57.10350799560547
none,1,530,1.0,0.0,1.0,1.0,1.0,1.0,27.546875,71.125,67.0546875,60.7890625,134.50390625,201.57421875,190.01953125,177.0078125,0.0,0.0,1.1640625,57.39887237548828
none,1,531,1.0,0.0,1.0,1.0,1.0,1.0,27.29296875,72.01171875,65.9765625,60.515625,131.3515625,204.51953125,187.515625,176.5625,0.0,0.0,1.171875,57.73016357421875
none,1,532,1.0,0.0,1.0,1.0,1.0,1.0,27.69921875,69.796875,65.8671875,60.98046875,131.33203125,196.96484375,187.17578125,178.28125,0.0,0.0,1.046875,56.635536193847656
none,1,533,1.0,0.0,1.0,1.0,1.0,1.0,27.28125,69.6875,66.23046875,61.3359375,132.96875,197.93359375,189.3046875,180.953125,0.0,0.0,1.11328125,56.67173767089844
none,1,534,1.0,0.0,1.0,1.0,1.0,1.0,27.859375,70.9609375,64.71484375,60.81640625,135.2421875,202.38671875,184.36328125,176.703125,0.0,0.0,1.09765625,56.6944694519043
none,1,535,1.0,0.0,1.0,1.0,1.0,1.0,27.3203125,73.1015625,66.0546875,61.8046875,132.765625,207.421875,186.46484375,180.26953125,0.0,0.0,1.046875,58.4627799987793
none,1,536,1.0,0.0,1.0,1.0,1.0,1.0,27.6484375,72.6328125,66.84375,60.22265625,135.55859375,205.76953125,189.0625,176.43359375,0.0,0.0,1.07421875,57.58250045776367
none,1,537,1.0,0.0,1.0,1.0,1.0,1.0,27.15625,72.8203125,65.01171875,60.83984375,131.8828125,207.9375,183.4453125,175.70703125,0.0,0.0,1.05859375,57.344635009765625
none,1,538,1.0,0.0,1.0,1.0,1.0,1.0,27.2109375,72.3671875,65.6640625,60.25,131.6875,205.62890625,185.1015625,174.65234375,0.0,0.0,1.1171875,56.92588424682617
none,1,539,1.0,0.0,1.0,1.0,1.0,1.0,27.62109375,71.046875,66.671875,60.6953125,132.609375,201.85546875,188.26953125,175.77734375,0.0,0.0,1.08984375,57.28253173828125
none,1,540,1.0,0.0,1.0,1.0,1.0,1.0,25.625,71.66796875,66.26171875,58.7734375,127.32421875,203.65625,187.58203125,171.07421875,0.0,0.0,1.1484375,56.6197624206543
none,1,541,1.0,0.0,1.0,1.0,1.0,1.0,25.44140625,71.203125,65.94921875,59.6171875,125.953125,203.67578125,187.05078125,173.77734375,0.0,0.0,1.03515625,56.64720916748047
none,1,542,1.0,0.0,1.0,1.0,1.0,1.0,25.48046875,71.08203125,65.69140625,58.75390625,126.75390625,204.00390625,187.734375,170.57421875,0.0,0.0,1.203125,56.4393310546875
none,1,543,1.0,0.0,1.0,1.0,1.0,1.0,26.41796875,72.15625,65.6953125,60.10546875,130.0625,205.00390625,186.078125,175.328125,0.0,0.0,1.14453125,57.13067626953125
none,1,544,1.0,0.0,1.0,1.0,1.0,1.0,26.4765625,70.9140625,65.9296875,59.74609375,129.30078125,202.41015625,189.21875,174.05078125,0.0,0.0,1.02734375,56.6418571472168
none,1,545,1.0,0.0,1.0,1.0,1.0,1.0,26.51953125,73.08203125,66.69921875,61.51171875,131.83203125,208.87890625,190.140625,179.53125,0.0,0.0,0.9921875,58.31995391845703
none,1,546,1.0,0.0,1.0,1.0,1.0,1.0,27.0703125,72.26953125,66.60546875,61.16015625,133.26953125,207.5234375,190.234375,178.890625,0.0,0.0,1.05859375,58.093074798583984
none,1,547,1.0,0.0,1.0,1.0,1.0,1.0,26.3984375,72.046875,65.796875,61.03125,132.359375,207.51171875,187.91015625,177.33203125,0.0,0.0,0.98046875,57.772926330566406
none,1,548,1.0,0.0,1.0,1.0,1.0,1.0,27.765625,73.80078125,65.9609375,62.67578125,136.79296875,210.4453125,186.75,181.546875,0.0,0.0,1.046875,58.82647705078125
none,1,549,1.0,0.0,1.0,1.0,1.0,1.0,27.90625,72.31640625,65.41796875,62.6328125,136.5234375,206.4453125,184.98046875,182.203125,0.0,0.0,0.99609375,57.943580627441406
none,1,550,1.0,0.0,1.0,1.0,1.0,1.0,27.9140625,73.7734375,66.59375,61.55078125,135.91015625,209.91015625,188.44921875,178.6640625,0.0,0.0,1.05859375,58.82964324951172
none,1,551,1.0,0.0,1.0,1.0,1.0,1.0,27.43359375,73.12109375,67.62109375,61.84765625,134.24609375,209.32421875,191.984375,178.3203125,0.0,0.0,0.8984375,58.95209884643555
none,1,552,1.0,0.0,1.0,1.0,1.0,1.0,26.6953125,74.03515625,67.1953125,61.38671875,131.078125,211.1328125,189.78515625,179.0078125,0.0,0.0,0.88671875,59.532196044921875
none,1,553,1.0,0.0,1.0,1.0,1.0,1.0,27.859375,73.04296875,67.8359375,61.80078125,134.19921875,207.78515625,190.94921875,179.8203125,0.0,0.0,1.02734375,59.08161926269531
none,1,554,1.0,0.0,1.0,1.0,1.0,1.0,27.7578125,73.2109375,67.01171875,60.03515625,131.50390625,208.703125,187.58984375,172.69921875,0.0,0.0,0.9140625,58.37327194213867
none,1,555,1.0,0.0,1.0,1.0,1.0,1.0,27.484375,72.125,68.35546875,60.8984375,132.80078125,204.2890625,192.59765625,174.51171875,0.0,0.0,0.87890625,58.23896408081055
none,1,556,1.0,0.0,1.0,1.0,1.0,1.0,27.68359375,73.25390625,68.2265625,61.48046875,135.359375,207.40625,191.8125,177.859375,0.0,0.0,0.90234375,58.88002014160156
none,1,557,1.0,0.0,1.0,1.0,1.0,1.0,28.6953125,73.06640625,66.74609375,61.1875,137.17578125,208.70703125,187.296875,177.29296875,0.0,0.0,0.9140625,58.31051254272461
none,1,558,1.0,0.0,1.0,1.0,1.0,1.0,27.6796875,72.09765625,67.484375,61.4375,135.26953125,205.3671875,190.40625,177.5390625,0.0,0.0,0.9296875,58.56684875488281
none,1,559,1.0,0.0,1.0,1.0,1.0,1.0,26.94140625,70.828125,67.8515625,63.296875,134.9140625,202.1796875,190.54296875,184.25,0.0,0.0,0.8359375,58.936492919921875
none,1,560,1.0,0.0,1.0,1.0,1.0,1.0,27.5625,75.0703125,68.39453125,60.9765625,134.078125,213.46484375,193.36328125,175.89453125,0.0,0.0,0.80078125,59.88590621948242
none,1,561,1.0,0.0,1.0,1.0,1.0,1.0,27.19921875,73.9921875,68.015625,62.4375,135.28515625,211.51953125,192.34375,179.984375,0.0,0.0,0.890625,59.965328216552734
none,1,562,1.0,0.0,1.0,1.0,1.0,1.0,27.30078125,74.4921875,67.1875,62.37109375,135.5078125,211.68359375,188.3359375,179.3359375,0.0,0.0,0.86328125,59.71842575073242
none,1,563,1.0,0.0,1.0,1.0,1.0,1.0,27.3515625,72.375,68.9375,62.27734375,135.765625,205.8515625,193.70703125,178.78515625,0.0,0.0,0.83984375,59.18156051635742
none,1,564,1.0,0.0,1.0,1.0,1.0,1.0,27.18359375,73.2734375,68.27734375,62.62890625,131.84765625,208.44140625,192.28515625,180.24609375,0.0,0.0,0.9453125,59.47473907470703
none,1,565,1.0,0.0,1.0,1.0,1.0,1.0,27.6015625,72.05078125,68.1875,63.015625,135.6484375,205.5,190.7265625,181.39453125,0.0,0.0,0.97265625,59.16252899169922
none,1,566,1.0,0.0,1.0,1.0,1.0,1.0,27.796875,71.82421875,67.328125,63.00390625,137.7734375,204.63671875,189.49609375,181.2890625,0.0,0.0,0.91796875,58.64323043823242
none,1,567,1.0,0.0,1.0,1.0,1.0,1.0,28.0703125,71.3046875,68.34375,64.4609375,137.78125,202.22265625,192.1328125,187.984375,0.0,0.0,0.99609375,59.66923522949219
none,1,568,1.0,0.0,1.0,1.0,1.0,1.0,27.48828125,72.94921875,68.6171875,62.48828125,135.99609375,207.15625,192.08984375,180.890625,0.0,0.0,0.84765625,59.53402328491211
none,1,569,1.0,0.0,1.0,1.0,1.0,1.0,27.12890625,72.1484375,67.9609375,62.75,133.875,205.953125,191.1328125,180.875,0.0,0.0,1.0234375,58.90997314453125
none,1,570,1.0,0.0,1.0,1.0,1.0,1.0,26.90625,72.51953125,68.06640625,62.734375,133.4375,205.78125,192.4296875,180.625,0.0,0.0,0.86328125,59.37773895263672
none,1,571,1.0,0.0,1.0,1.0,1.0,1.0,26.37109375,72.02734375,68.109375,62.21484375,130.24609375,203.7734375,191.01171875,180.28515625,0.0,0.0,1.01171875,59.37413787841797
none,1,572,1.0,0.0,1.0,1.0,1.0,1.0,27.09375,73.87890625,68.59375,61.98046875,133.62890625,208.03125,193.36328125,178.796875,0.0,0.0,0.90234375,60.077232360839844
none,1,573,1.0,0.0,1.0,1.0,1.0,1.0,26.54296875,74.2265625,67.7265625,61.61328125,129.0078125,211.3046875,189.96484375,177.05078125,0.0,0.0,0.796875,59.783897399902344
none,1,574,1.0,0.0,1.0,1.0,1.0,1.0,26.19140625,74.66015625,68.1796875,61.37890625,130.9296875,210.79296875,190.6796875,176.09375,0.0,0.0,0.9375,59.96137619018555
none,1,575,1.0,0.0,1.0,1.0,1.0,1.0,26.21484375,73.75,68.703125,59.953125,129.52734375,205.8828125,193.43359375,172.140625,0.0,0.0,0.84375,59.02885055541992
none,1,576,1.0,0.0,1.0,1.0,1.0,1.0,25.46875,73.28515625,68.921875,61.73828125,126.4453125,207.8515625,193.75,178.6015625,0.0,0.0,0.7734375,59.6593132019043
none,1,577,1.0,0.0,1.0,1.0,1.0,1.0,26.171875,73.58984375,69.0546875,61.14453125,129.69140625,207.484375,192.8203125,176.06640625,0.0,0.0,0.95703125,59.48237228393555
none,1,578,1.0,0.0,1.0,1.0,1.0,1.0,26.3515625,74.76953125,67.62890625,61.26171875,131.31640625,211.80078125,188.8203125,177.59375,0.0,0.0,0.8203125,59.488250732421875
none,1,579,1.0,0.0,1.0,1.0,1.0,1.0,26.2734375,73.41015625,68.71875,62.8515625,129.79296875,207.96484375,192.1484375,182.125,0.0,0.0,0.90625,60.11046600341797
none,1,580,1.0,0.0,1.0,1.0,1.0,1.0,25.859375,73.09375,68.33203125,62.87109375,129.49609375,207.0859375,191.9921875,181.8828125,0.0,0.0,0.88671875,59.252197265625
none,1,581,1.0,0.0,1.0,1.0,1.0,1.0,26.18359375,73.640625,68.265625,61.75,130.7734375,208.25390625,191.80078125,180.0859375,0.0,0.0,0.91796875,59.29282760620117
none,1,582,1.0,0.0,1.0,1.0,1.0,1.0,26.55078125,74.0859375,69.61328125,62.1640625,133.76171875,208.90625,193.3671875,180.01171875,0.0,0.0,0.9453125,60.58347702026367
none,1,583,1.0,0.0,1.0,1.0,1.0,1.0,26.484375,74.53125,68.5625,60.81640625,134.03125,211.98828125,192.0859375,173.86328125,0.0,0.0,0.8828125,59.655635833740234
none,1,584,1.0,0.0,1.0,1.0,1.0,1.0,27.1640625,73.61328125,69.28515625,61.8046875,134.23046875,208.00390625,194.875,178.5,0.0,0.0,0.8359375,59.872154235839844
none,1,585,1.0,0.0,1.0,1.0,1.0,1.0,26.19921875,73.73828125,69.25,62.7578125,133.70703125,208.69140625,193.98828125,180.1796875,0.0,0.0,0.875,60.33462142944336
none,1,586,1.0,0.0,1.0,1.0,1.0,1.0,26.19140625,74.39453125,68.640625,61.46875,133.15234375,211.87890625,190.79296875,178.31640625,0.0,0.0,0.79296875,60.03662109375
none,1,587,1.0,0.0,1.0,1.0,1.0,1.0,26.39453125,74.6640625,69.08984375,62.0546875,133.3515625,211.85546875,193.3671875,177.828125,0.0,0.0,0.78515625,60.405364990234375
none,1,588,1.0,0.0,1.0,1.0,1.0,1.0,27.53515625,74.16015625,68.26953125,61.59375,136.515625,209.3671875,190.921875,178.15234375,0.0,0.0,0.83203125,59.41459274291992
none,1,589,1.0,0.0,1.0,1.0,1.0,1.0,27.55078125,73.99609375,69.7578125,63.0625,138.35546875,210.25,195.66015625,182.390625,0.0,0.0,0.7265625,60.359527587890625
none,1,590,1.0,0.0,1.0,1.0,1.0,1.0,27.64453125,75.05078125,68.234375,62.71875,139.875,214.23046875,190.37890625,181.81640625,0.0,0.0,0.8046875,60.631629943847656
none,1,591,1.0,0.0,1.0,1.0,1.0,1.0,28.4921875,74.43359375,69.578125,63.08203125,147.9375,211.3046875,195.3671875,182.5390625,0.0,0.0,0.76953125,60.745704650878906
none,1,592,1.0,0.0,1.0,1.0,1.0,1.0,27.94921875,75.95703125,68.40625,63.2265625,145.78125,216.7734375,190.94140625,183.84375,0.0,0.0,0.765625,60.820823669433594
none,1,593,1.0,0.0,1.0,1.0,1.0,1.0,28.3359375,74.96484375,69.87890625,62.81640625,143.99609375,214.40234375,195.8359375,181.44921875,0.0,0.0,0.74609375,61.072593688964844
none,1,594,1.0,0.0,1.0,1.0,1.0,1.0,28.109375,74.95703125,68.9140625,64.109375,145.69140625,212.89453125,192.015625,186.0859375,0.0,0.0,0.83203125,60.95573043823242
none,1,595,1.0,0.0,1.0,1.0,1.0,1.0,27.26171875,75.625,68.3359375,62.09375,140.69921875,216.46875,191.02734375,178.52734375,0.0,0.0,0.7734375,60.025142669677734
none,1,596,1.0,0.0,1.0,1.0,1.0,1.0,27.62109375,74.78515625,69.375,62.6796875,140.8515625,212.5390625,193.37890625,180.76953125,0.0,0.0,0.7421875,60.313934326171875
none,1,597,1.0,0.0,1.0,1.0,1.0,1.0,27.33984375,75.2109375,67.51953125,62.91015625,142.4609375,213.1328125,189.19921875,181.6796875,0.0,0.0,0.9296875,59.88554382324219
none,1,598,1.0,0.0,1.0,1.0,1.0,1.0,26.85546875,75.72265625,68.99609375,62.5703125,137.05859375,214.90234375,191.44921875,179.62890625,0.0,0.0,0.796875,60.79645919799805
none,1,599,1.0,0.0,1.0,1.0,1.0,1.0,27.75,74.66796875,69.55078125,62.5390625,140.48828125,212.6328125,194.3828125,179.71875,0.0,0.0,0.8359375,60.9476432800293
none,1,600,1.0,0.0,1.0,1.0,1.0,1.0,26.67578125,76.15625,68.84765625,61.17578125,136.4765625,216.46484375,192.734375,175.11328125,0.0,0.0,0.85546875,60.47392272949219
none,1,601,1.0,0.0,1.0,1.0,1.0,1.0,27.77734375,75.77734375,68.4765625,61.859375,140.58203125,214.01953125,191.5234375,176.72265625,0.0,0.0,0.8515625,60.41621017456055
none,1,602,1.0,0.0,1.0,1.0,1.0,1.0,26.1875,76.1328125,68.99609375,61.171875,133.15625,217.2734375,192.0546875,175.08984375,0.0,0.0,0.81640625,60.346351623535156
none,1,603,1.0,0.0,1.0,1.0,1.0,1.0,27.1640625,76.34765625,69.17578125,61.140625,139.1484375,215.48046875,191.74609375,175.33984375,0.0,0.0,0.82421875,60.768550872802734
none,1,604,1.0,0.0,1.0,1.0,1.0,1.0,26.8359375,76.1015625,68.09765625,61.8046875,138.79296875,215.14453125,189.42578125,178.0,0.0,0.0,0.82421875,60.383018493652344
none,1,605,1.0,0.0,1.0,1.0,1.0,1.0,26.921875,76.92578125,68.62890625,60.15625,140.26171875,217.62890625,192.01953125,173.18359375,0.0,0.0,0.76953125,60.327083587646484
none,1,606,1.0,0.0,1.0,1.0,1.0,1.0,26.203125,76.06640625,68.30078125,61.7421875,135.18359375,216.6875,192.515625,178.57421875,0.0,0.0,0.78515625,60.516815185546875
none,1,607,1.0,0.0,1.0,1.0,1.0,1.0,27.0390625,75.7109375,68.91796875,61.25390625,139.14453125,214.7109375,194.046875,178.375,0.0,0.0,0.7734375,60.29290008544922
none,1,608,1.0,0.0,1.0,1.0,1.0,1.0,26.80859375,76.39453125,68.984375,63.2265625,139.8515625,216.44140625,192.890625,183.046875,0.0,0.0,0.75390625,61.53508758544922
none,1,609,1.0,0.0,1.0,1.0,1.0,1.0,27.62109375,76.24609375,68.359375,62.609375,142.91015625,217.52734375,192.2421875,182.85546875,0.0,0.0,0.8515625,60.35563278198242
none,1,610,1.0,0.0,1.0,1.0,1.0,1.0,27.00390625,77.05078125,68.94140625,62.59765625,140.7109375,219.8828125,192.3125,180.9765625,0.0,0.0,0.6953125,61.836849212646484
none,1,611,1.0,0.0,1.0,1.0,1.0,1.0,26.65625,76.265625,68.6328125,61.7578125,138.5546875,216.76171875,192.625,179.734375,0.0,0.0,0.828125,60.946624755859375
none,1,612,1.0,0.0,1.0,1.0,1.0,1.0,27.29296875,75.65234375,69.2421875,63.26171875,140.43359375,215.015625,193.34765625,184.7734375,0.0,0.0,0.71484375,61.58696746826172
none,1,613,1.0,0.0,1.0,1.0,1.0,1.0,28.01171875,73.9296875,70.6171875,63.640625,145.76171875,210.4296875,197.6640625,184.12890625,0.0,0.0,0.76171875,61.2785758972168
none,1,614,1.0,0.0,1.0,1.0,1.0,1.0,27.328125,76.0625,70.12109375,62.5390625,143.18359375,217.04296875,195.3984375,179.8671875,0.0,0.0,0.7421875,61.758567810058594
none,1,615,1.0,0.0,1.0,1.0,1.0,1.0,28.421875,77.0546875,70.203125,63.0859375,145.2578125,219.0078125,195.15234375,180.96484375,0.0,0.0,0.6875,62.27459716796875
none,1,616,1.0,0.0,1.0,1.0,1.0,1.0,28.42578125,75.59375,70.03515625,64.66796875,145.6796875,212.86328125,194.2421875,186.67578125,0.0,0.0,0.73828125,61.94674301147461
none,1,617,1.0,0.0,1.0,1.0,1.0,1.0,27.48828125,75.390625,71.32421875,63.0859375,143.5625,215.3515625,197.67578125,180.453125,0.0,0.0,0.78515625,62.3724479675293
none,1,618,1.0,0.0,1.0,1.0,1.0,1.0,28.12109375,75.71875,69.96875,62.65625,143.09375,214.37109375,194.0546875,179.265625,0.0,0.0,0.74609375,61.645225524902344
none,1,619,1.0,0.0,1.0,1.0,1.0,1.0,27.8828125,74.6875,70.2421875,64.6875,145.16015625,210.6328125,194.65234375,185.8671875,0.0,0.0,0.75,61.822052001953125
none,1,620,1.0,0.0,1.0,1.0,1.0,1.0,28.25390625,74.8203125,70.828125,63.60546875,144.7109375,211.2421875,196.38671875,181.671875,0.0,0.0,0.70703125,61.658905029296875
none,1,621,1.0,0.0,1.0,1.0,1.0,1.0,28.25,75.734375,70.625,62.3515625,142.44140625,215.1171875,195.1015625,178.01953125,0.0,0.0,0.71875,61.51512908935547
none,1,622,1.0,0.0,1.0,1.0,1.0,1.0,28.2421875,76.5390625,70.1875,62.95703125,143.8515625,216.1328125,195.1796875,180.02734375,0.0,0.0,0.75,61.8984489440918
none,1,623,1.0,0.0,1.0,1.0,1.0,1.0,28.9453125,76.33984375,68.97265625,63.5078125,148.36328125,216.1875,191.40625,181.5390625,0.0,0.0,0.7578125,61.15478515625
none,1,624,1.0,0.0,1.0,1.0,1.0,1.0,28.203125,73.921875,70.28515625,63.80859375,146.3125,211.12109375,194.921875,184.03515625,0.0,0.0,0.73828125,61.11383056640625
none,1,625,1.0,0.0,1.0,1.0,1.0,1.0,28.546875,76.4296875,69.62109375,62.52734375,146.73828125,217.8515625,192.74609375,180.65625,0.0,0.0,0.70703125,61.0042724609375
none,1,626,1.0,0.0,1.0,1.0,1.0,1.0,28.30859375,73.96484375,69.6328125,63.9921875,146.78125,209.7265625,193.7890625,185.97265625,0.0,0.0,0.7890625,60.902549743652344
none,1,627,1.0,0.0,1.0,1.0,1.0,1.0,27.4453125,74.53515625,71.52734375,63.28125,142.49609375,212.05078125,199.16796875,182.90625,0.0,0.0,0.74609375,61.9787712097168
none,1,628,1.0,0.0,1.0,1.0,1.0,1.0,26.796875,75.3671875,70.0546875,63.34375,142.6171875,214.78515625,195.4140625,182.05859375,0.0,0.0,0.8046875,61.504364013671875
none,1,629,1.0,0.0,1.0,1.0,1.0,1.0,27.3671875,76.68359375,71.109375,63.45703125,143.67578125,217.47265625,197.96875,183.03515625,0.0,0.0,0.69921875,62.592124938964844
none,1,630,1.0,0.0,1.0,1.0,1.0,1.0,27.71875,74.84375,70.5859375,63.98828125,143.43359375,213.01171875,195.71875,185.84375,0.0,0.0,0.7890625,62.02424240112305
none,1,631,1.0,0.0,1.0,1.0,1.0,1.0,28.38671875,75.40625,71.35546875,63.5078125,145.125,214.015625,197.12890625,183.7578125,0.0,0.0,0.84765625,62.3177490234375
none,1,632,1.0,0.0,1.0,1.0,1.0,1.0,28.73828125,74.19140625,70.83203125,66.34765625,146.86328125,207.9375,194.51171875,191.41015625,0.0,0.0,0.7265625,62.42095184326172
none,1,633,1.0,0.0,1.0,1.0,1.0,1.0,28.94140625,74.74609375,69.78125,65.5546875,150.703125,210.81640625,192.01171875,187.37109375,0.0,0.0,0.78125,61.849815368652344
none,1,634,1.0,0.0,1.0,1.0,1.0,1.0,28.47265625,74.3359375,71.0625,65.94921875,149.984375,209.3046875,196.25390625,189.15625,0.0,0.0,0.734375,62.313697814941406
none,1,635,1.0,0.0,1.0,1.0,1.0,1.0,28.31640625,75.0390625,70.8359375,66.16015625,145.52734375,211.67578125,196.12109375,190.609375,0.0,0.0,0.625,62.7469482421875
none,1,636,1.0,0.0,1.0,1.0,1.0,1.0,28.58984375,75.0078125,70.9453125,65.11328125,150.546875,212.19921875,194.8828125,187.22265625,0.0,0.0,0.73828125,62.334129333496094
none,1,637,1.0,0.0,1.0,1.0,1.0,1.0,28.38671875,75.98828125,70.7421875,64.92578125,147.546875,213.765625,195.2890625,187.359375,0.0,0.0,0.734375,62.54691696166992
none,1,638,1.0,0.0,1.0,1.0,1.0,1.0,27.75,75.01953125,72.0625,64.59765625,146.80078125,214.05078125,198.48046875,185.984375,0.0,0.0,0.703125,62.50422668457031
none,1,639,1.0,0.0,1.0,1.0,1.0,1.0,27.5703125,75.17578125,71.35546875,63.83203125,146.6015625,213.734375,197.53125,183.46484375,0.0,0.0,0.76171875,62.18011474609375
none,1,640,1.0,0.0,1.0,1.0,1.0,1.0,26.890625,74.45703125,72.265625,63.8515625,140.50390625,210.0234375,201.16796875,182.88671875,0.0,0.0,0.75390625,62.04412078857422
none,1,641,1.0,0.0,1.0,1.0,1.0,1.0,27.73046875,74.3515625,71.94921875,64.45703125,144.89453125,209.23828125,199.265625,185.68359375,0.0,0.0,0.67578125,62.29913330078125
none,1,642,1.0,0.0,1.0,1.0,1.0,1.0,27.41015625,74.69921875,71.265625,64.16015625,144.796875,211.51171875,196.203125,183.578125,0.0,0.0,0.75390625,62.03314208984375
none,1,643,1.0,0.0,1.0,1.0,1.0,1.0,27.1953125,75.2265625,72.984375,64.1875,143.8515625,211.58203125,201.35546875,185.6484375,0.0,0.0,0.72265625,63.19117736816406
none,1,644,1.0,0.0,1.0,1.0,1.0,1.0,27.1953125,74.83203125,72.125,64.75,145.0,211.45703125,198.85546875,186.828125,0.0,0.0,0.73046875,62.95477294921875
none,1,645,1.0,0.0,1.0,1.0,1.0,1.0,27.15625,76.4453125,71.609375,63.47265625,145.04296875,216.14453125,198.19921875,182.7109375,0.0,0.0,0.62109375,62.555999755859375
none,1,646,1.0,0.0,1.0,1.0,1.0,1.0,26.92578125,75.58984375,71.11328125,64.3046875,142.6875,213.0234375,197.84375,186.54296875,0.0,0.0,0.86328125,62.142974853515625
none,1,647,1.0,0.0,1.0,1.0,1.0,1.0,26.62890625,75.73828125,70.61328125,64.09375,141.7421875,212.0234375,195.51171875,185.32421875,0.0,0.0,0.8125,62.085365295410156
none,1,648,1.0,0.0,1.0,1.0,1.0,1.0,26.44140625,76.03515625,71.8984375,64.11328125,140.99609375,212.9140625,198.984375,185.7890625,0.0,0.0,0.75390625,62.91249084472656
none,1,649,1.0,0.0,1.0,1.0,1.0,1.0,26.00390625,76.25390625,72.125,62.8203125,137.17578125,214.73828125,198.5859375,182.03125,0.0,0.0,0.73046875,62.98554611206055
none,1,650,1.0,0.0,1.0,1.0,1.0,1.0,27.15234375,76.09375,71.08984375,63.80078125,140.6484375,214.07421875,195.1328125,185.1328125,0.0,0.0,0.78125,62.38463592529297
none,1,651,1.0,0.0,1.0,1.0,1.0,1.0,26.44140625,76.671875,70.91015625,63.0859375,137.96875,216.23828125,195.1953125,181.18359375,0.0,0.0,0.796875,62.00096893310547
none,1,652,1.0,0.0,1.0,1.0,1.0,1.0,26.34375,76.453125,71.94921875,63.8984375,139.5703125,215.08203125,197.28125,183.1640625,0.0,0.0,0.77734375,62.81084442138672
none,1,653,1.0,0.0,1.0,1.0,1.0,1.0,26.28515625,76.44140625,70.8671875,64.44921875,138.875,213.79296875,194.8203125,186.94921875,0.0,0.0,0.7109375,62.80459213256836
none,1,654,1.0,0.0,1.0,1.0,1.0,1.0,26.4453125,77.640625,70.6796875,63.5,141.2109375,217.7265625,194.8203125,183.0703125,0.0,0.0,0.64453125,62.51915740966797
none,1,655,1.0,0.0,1.0,1.0,1.0,1.0,26.3515625,74.80859375,71.53125,65.2421875,139.4140625,209.24609375,197.41796875,187.421875,0.0,0.0,0.76953125,62.56611251831055
none,1,656,1.0,0.0,1.0,1.0,1.0,1.0,25.41796875,76.31640625,72.18359375,63.26171875,135.21484375,214.71484375,198.97265625,181.2578125,0.0,0.0,0.75,62.784889221191406
none,1,657,1.0,0.0,1.0,1.0,1.0,1.0,25.72265625,75.5703125,72.08984375,63.3359375,138.0703125,211.828125,199.078125,181.2109375,0.0,0.0,0.81640625,62.42536544799805
none,1,658,1.0,0.0,1.0,1.0,1.0,1.0,26.5859375,75.23046875,72.28515625,64.60546875,140.25,209.89453125,199.2578125,184.96875,0.0,0.0,0.765625,62.6610107421875
none,1,659,1.0,0.0,1.0,1.0,1.0,1.0,26.1015625,75.44140625,71.9921875,64.7265625,139.80859375,209.40625,199.5625,184.8828125,0.0,0.0,0.70703125,62.95035934448242
none,1,660,1.0,0.0,1.0,1.0,1.0,1.0,26.29296875,74.26953125,71.40625,65.91796875,139.35546875,206.75390625,195.17578125,190.171875,0.0,0.0,0.76953125,62.94292449951172
none,1,661,1.0,0.0,1.0,1.0,1.0,1.0,26.23046875,75.8203125,71.90234375,64.7265625,138.5625,211.36328125,197.69140625,184.8984375,0.0,0.0,0.73046875,62.988670349121094
none,1,662,1.0,0.0,1.0,1.0,1.0,1.0,25.82421875,75.57421875,71.453125,65.19921875,137.7109375,210.26953125,194.70703125,187.08203125,0.0,0.0,0.82421875,62.91014099121094
none,1,663,1.0,0.0,1.0,1.0,1.0,1.0,26.09765625,76.23828125,71.88671875,65.54296875,141.796875,213.21875,196.8984375,188.87109375,0.0,0.0,0.76953125,63.02275848388672
none,1,664,1.0,0.0,1.0,1.0,1.0,1.0,26.68359375,77.42578125,70.859375,63.50390625,142.15625,216.14453125,194.171875,181.59375,0.0,0.0,0.70703125,62.40412521362305
none,1,665,1.0,0.0,1.0,1.0,1.0,1.0,26.8125,77.3515625,71.26953125,65.41015625,142.69921875,216.71484375,194.3203125,186.9375,0.0,0.0,0.71875,63.24775314331055
none,1,666,1.0,0.0,1.0,1.0,1.0,1.0,26.55859375,76.28515625,71.88671875,64.83203125,139.2578125,213.26953125,197.52734375,185.7265625,0.0,0.0,0.7578125,62.965877532958984
none,1,667,1.0,0.0,1.0,1.0,1.0,1.0,26.53515625,78.66015625,71.23046875,63.89453125,141.94140625,220.25390625,195.98828125,183.55078125,0.0,0.0,0.7265625,63.347023010253906
none,1,668,1.0,0.0,1.0,1.0,1.0,1.0,26.30078125,75.9140625,72.71875,63.8125,141.6953125,212.55078125,199.328125,184.9921875,0.0,0.0,0.63671875,62.83283996582031
none,1,669,1.0,0.0,1.0,1.0,1.0,1.0,25.65234375,77.50390625,71.5234375,62.5078125,136.58984375,215.6171875,196.53125,179.078125,0.0,0.0,0.81640625,62.70151901245117
none,1,670,1.0,0.0,1.0,1.0,1.0,1.0,26.0859375,76.01953125,72.46484375,63.5625,138.26953125,212.03515625,198.16015625,184.23046875,0.0,0.0,0.8125,62.41443634033203
none,1,671,1.0,0.0,1.0,1.0,1.0,1.0,24.921875,76.453125,72.95703125,63.48046875,134.4140625,213.3046875,200.9453125,181.8828125,0.0,0.0,0.7890625,63.22018051147461
none,1,672,1.0,0.0,1.0,1.0,1.0,1.0,25.34765625,76.68359375,71.91796875,64.33203125,137.85546875,214.09375,197.02734375,184.3984375,0.0,0.0,0.796875,63.03763961791992
none,1,673,1.0,0.0,1.0,1.0,1.0,1.0,24.88671875,76.57421875,70.76171875,63.1015625,135.27734375,213.95703125,195.40234375,181.21875,0.0,0.0,0.69140625,62.4937744140625
none,1,674,1.0,0.0,1.0,1.0,1.0,1.0,25.60546875,77.08984375,73.2578125,64.1796875,138.625,214.69140625,200.55859375,185.53125,0.0,0.0,0.70703125,63.57740020751953
none,1,675,1.0,0.0,1.0,1.0,1.0,1.0,25.46875,77.85546875,71.93359375,65.54296875,139.15625,216.52734375,195.95703125,188.87109375,0.0,0.0,0.7578125,64.02645874023438
none,1,676,1.0,0.0,1.0,1.0,1.0,1.0,25.40625,76.66796875,72.203125,65.12890625,137.359375,213.65234375,199.3203125,188.078125,0.0,0.0,0.71875,63.59558868408203
none,1,677,1.0,0.0,1.0,1.0,1.0,1.0,25.1171875,77.51171875,72.421875,63.6484375,137.046875,215.55078125,198.7890625,183.78515625,0.0,0.0,0.671875,63.36289978027344
none,1,678,1.0,0.0,1.0,1.0,1.0,1.0,24.85546875,76.9453125,72.953125,64.53515625,135.28515625,215.34375,199.07421875,186.15625,0.0,0.0,0.78125,64.03136444091797
none,1,679,1.0,0.0,1.0,1.0,1.0,1.0,24.734375,78.58984375,71.53515625,62.296875,133.109375,220.890625,196.23828125,179.40625,0.0,0.0,0.7734375,63.24371337890625
none,1,680,1.0,0.0,1.0,1.0,1.0,1.0,25.5,77.50390625,72.2578125,63.67578125,137.64453125,215.01953125,199.70703125,182.703125,0.0,0.0,0.8515625,63.32023239135742
none,1,681,1.0,0.0,1.0,1.0,1.0,1.0,25.34765625,79.15625,71.7890625,64.9609375,134.83984375,221.58984375,197.2578125,184.015625,0.0,0.0,0.80859375,64.11422729492188
none,1,682,1.0,0.0,1.0,1.0,1.0,1.0,25.43359375,78.015625,71.7578125,64.37890625,137.14453125,218.078125,198.0703125,185.71875,0.0,0.0,0.796875,63.75292205810547
none,1,683,1.0,0.0,1.0,1.0,1.0,1.0,24.85546875,78.4609375,72.91015625,64.26171875,136.2109375,220.14453125,200.03515625,187.2734375,0.0,0.0,0.7578125,64.5748062133789
none,1,684,1.0,0.0,1.0,1.0,1.0,1.0,25.08203125,78.7890625,72.8828125,64.38671875,136.83203125,219.40625,201.29296875,184.9375,0.0,0.0,0.77734375,64.65419006347656
none,1,685,1.0,0.0,1.0,1.0,1.0,1.0,25.015625,77.67578125,72.4609375,64.13671875,133.79296875,217.5390625,198.83984375,185.13671875,0.0,0.0,0.79296875,63.745872497558594
none,1,686,1.0,0.0,1.0,1.0,1.0,1.0,25.296875,77.6328125,73.24609375,65.1875,137.25390625,216.77734375,201.1953125,187.42578125,0.0,0.0,0.7109375,63.963104248046875
none,1,687,1.0,0.0,1.0,1.0,1.0,1.0,25.3359375,78.21484375,73.37109375,63.67578125,136.33984375,218.40625,202.58203125,183.1953125,0.0,0.0,0.76953125,63.96045684814453
none,1,688,1.0,0.0,1.0,1.0,1.0,1.0,25.73046875,77.4453125,71.92578125,65.36328125,141.28515625,214.96875,198.53515625,188.9921875,0.0,0.0,0.8125,64.18184661865234
none,1,689,1.0,0.0,1.0,1.0,1.0,1.0,25.109375,77.453125,72.96484375,63.96484375,135.84375,216.06640625,200.30078125,184.01953125,0.0,0.0,0.7734375,63.92625045776367
none,1,690,1.0,0.0,1.0,1.0,1.0,1.0,24.77734375,78.80078125,72.89453125,64.1796875,133.578125,221.125,200.2109375,183.48828125,0.0,0.0,0.71484375,64.70464324951172
none,1,691,1.0,0.0,1.0,1.0,1.0,1.0,24.66015625,78.11328125,72.359375,64.85546875,132.65625,217.5078125,197.796875,187.22265625,0.0,0.0,0.75390625,64.30397033691406
none,1,692,1.0,0.0,1.0,1.0,1.0,1.0,25.109375,79.00390625,72.17578125,64.03515625,135.91796875,220.01953125,196.82421875,184.4375,0.0,0.0,0.69140625,64.3326644897461
none,1,693,1.0,0.0,1.0,1.0,1.0,1.0,24.82421875,78.87890625,71.80078125,63.5859375,132.46875,219.12109375,196.90234375,182.64453125,0.0,0.0,0.80078125,63.72747802734375
none,1,694,1.0,0.0,1.0,1.0,1.0,1.0,25.41015625,77.3359375,73.08984375,65.45703125,136.25,213.9609375,200.0234375,188.859375,0.0,0.0,0.76953125,64.47115325927734
none,1,695,1.0,0.0,1.0,1.0,1.0,1.0,25.265625,78.015625,72.37890625,64.40234375,134.18359375,217.4453125,198.5390625,185.10546875,0.0,0.0,0.81640625,64.31939697265625
none,1,696,1.0,0.0,1.0,1.0,1.0,1.0,25.13671875,76.53515625,73.31640625,66.09765625,134.75390625,213.08984375,200.90625,191.76171875,0.0,0.0,0.71875,64.54423522949219
none,1,697,1.0,0.0,1.0,1.0,1.0,1.0,25.08203125,77.9296875,73.9765625,66.2734375,134.49609375,216.91015625,202.0390625,189.13671875,0.0,0.0,0.76953125,65.65487670898438
none,1,698,1.0,0.0,1.0,1.0,1.0,1.0,25.0703125,78.6015625,72.234375,65.625,135.83984375,220.12109375,197.9296875,188.99609375,0.0,0.0,0.64453125,64.93526458740234
none,1,699,1.0,0.0,1.0,1.0,1.0,1.0,24.828125,77.83203125,73.91015625,66.9921875,134.203125,216.09765625,201.97265625,192.60546875,0.0,0.0,0.625,65.36962127685547
none,1,700,1.0,0.0,1.0,1.0,1.0,1.0,25.4453125,78.33984375,73.30859375,65.77734375,137.74609375,217.734375,199.7265625,189.3203125,0.0,0.0,0.609375,64.86177825927734
none,1,701,1.0,0.0,1.0,1.0,1.0,1.0,24.87890625,79.4921875,71.88671875,64.12109375,135.89453125,221.66015625,197.3359375,184.89453125,0.0,0.0,0.78125,64.64848327636719
none,1,702,1.0,0.0,1.0,1.0,1.0,1.0,24.5703125,80.95703125,73.1796875,63.8359375,131.828125,225.01953125,201.4296875,182.15625,0.0,0.0,0.69921875,65.19459533691406
none,1,703,1.0,0.0,1.0,1.0,1.0,1.0,25.17578125,79.92578125,74.96875,62.76953125,135.640625,223.32421875,205.58203125,180.29296875,0.0,0.0,0.703125,65.21875
none,1,704,1.0,0.0,1.0,1.0,1.0,1.0,24.85546875,79.93359375,75.29296875,64.39453125,132.6875,222.0390625,205.2734375,184.65625,0.0,0.0,0.7578125,66.02842712402344
none,1,705,1.0,0.0,1.0,1.0,1.0,1.0,23.92578125,81.41015625,73.9921875,63.0703125,130.3984375,228.2421875,202.66796875,181.13671875,0.0,0.0,0.65625,65.95133209228516
none,1,706,1.0,0.0,1.0,1.0,1.0,1.0,24.44140625,80.86328125,72.7734375,62.8359375,131.5390625,225.96875,198.97265625,180.7890625,0.0,0.0,0.74609375,64.83236694335938
none,1,707,1.0,0.0,1.0,1.0,1.0,1.0,25.14453125,79.55859375,73.03515625,65.328125,136.1953125,221.44140625,199.921875,187.4375,0.0,0.0,0.7734375,64.83775329589844
none,1,708,1.0,0.0,1.0,1.0,1.0,1.0,25.625,78.578125,73.79296875,64.05859375,138.65234375,220.54296875,202.578125,182.72265625,0.0,0.0,0.7734375,64.54377746582031
none,1,709,1.0,0.0,1.0,1.0,1.0,1.0,24.75,79.484375,73.46484375,64.70703125,137.140625,222.0078125,201.734375,186.93359375,0.0,0.0,0.734375,65.0661392211914
none,1,710,1.0,0.0,1.0,1.0,1.0,1.0,24.69140625,78.55859375,73.0859375,65.63671875,133.02734375,218.66015625,200.13671875,189.5,0.0,0.0,0.703125,65.05950164794922
none,1,711,1.0,0.0,1.0,1.0,1.0,1.0,24.36328125,78.62890625,72.26953125,65.484375,134.05078125,220.76953125,198.65234375,189.9609375,0.0,0.0,0.6328125,64.94636535644531
none,1,712,1.0,0.0,1.0,1.0,1.0,1.0,25.00390625,79.28125,74.109375,64.7421875,138.3828125,221.55859375,202.28125,187.44921875,0.0,0.0,0.78125,65.72213745117188
none,1,713,1.0,0.0,1.0,1.0,1.0,1.0,24.94140625,78.359375,73.03125,67.14453125,137.2890625,218.43359375,200.23828125,195.93359375,0.0,0.0,0.7265625,65.78178405761719
none,1,714,1.0,0.0,1.0,1.0,1.0,1.0,25.04296875,77.9609375,74.35546875,66.52734375,137.48046875,216.74609375,202.93359375,193.28515625,0.0,0.0,0.58203125,65.98973083496094
none,1,715,1.0,0.0,1.0,1.0,1.0,1.0,25.1796875,78.4609375,73.80078125,65.96875,134.8515625,219.6484375,203.08984375,190.28125,0.0,0.0,0.6953125,65.38750457763672
none,1,716,1.0,0.0,1.0,1.0,1.0,1.0,24.98828125,77.97265625,74.16015625,66.8203125,136.93359375,215.71484375,203.03125,191.15625,0.0,0.0,0.71484375,65.45565032958984
none,1,717,1.0,0.0,1.0,1.0,1.0,1.0,25.046875,79.3125,74.8125,64.76171875,135.4296875,220.08203125,204.3984375,185.97265625,0.0,0.0,0.65625,65.88536071777344
none,1,718,1.0,0.0,1.0,1.0,1.0,1.0,24.59765625,78.16796875,75.55859375,66.48046875,133.3984375,216.42578125,206.3359375,190.5625,0.0,0.0,0.63671875,66.5455551147461
none,1,719,1.0,0.0,1.0,1.0,1.0,1.0,25.49609375,78.234375,75.16015625,67.73046875,137.265625,217.25,203.78125,194.82421875,0.0,0.0,0.58203125,66.72674560546875
none,1,720,1.0,0.0,1.0,1.0,1.0,1.0,25.26953125,79.36328125,74.29296875,66.328125,139.796875,220.82421875,202.375,189.71484375,0.0,0.0,0.7109375,66.28028869628906
none,1,721,1.0,0.0,1.0,1.0,1.0,1.0,25.15625,79.07421875,74.15234375,65.03125,136.734375,221.953125,203.1328125,187.15234375,0.0,0.0,0.6015625,65.44600677490234
none,1,722,1.0,0.0,1.0,1.0,1.0,1.0,25.30859375,79.40234375,73.953125,65.54296875,139.421875,222.4609375,202.39453125,186.4921875,0.0,0.0,0.60546875,65.9176025390625
none,1,723,1.0,0.0,1.0,1.0,1.0,1.0,25.0234375,78.609375,74.86328125,67.109375,136.3984375,219.765625,204.1484375,191.94921875,0.0,0.0,0.76171875,66.30546569824219
none,1,724,1.0,0.0,1.0,1.0,1.0,1.0,25.30859375,81.05859375,73.69140625,63.98046875,137.46484375,226.546875,203.46875,184.2265625,0.0,0.0,0.734375,65.78958129882812
none,1,725,1.0,0.0,1.0,1.0,1.0,1.0,24.55078125,79.90234375,73.6171875,65.82421875,135.9375,225.2421875,201.734375,189.71875,0.0,0.0,0.65234375,65.86627197265625
none,1,726,1.0,0.0,1.0,1.0,1.0,1.0,24.97265625,79.9375,73.94140625,65.2109375,135.22265625,224.26171875,203.375,187.8203125,0.0,0.0,0.71484375,65.76287841796875
none,1,727,1.0,0.0,1.0,1.0,1.0,1.0,24.390625,78.83984375,73.75390625,67.09765625,133.45703125,219.640625,201.27734375,194.15234375,0.0,0.0,0.640625,66.13810729980469
none,1,728,1.0,0.0,1.0,1.0,1.0,1.0,25.19140625,80.76171875,73.6328125,66.90625,136.30859375,224.8359375,200.44921875,192.65234375,0.0,0.0,0.66015625,66.47281646728516
none,1,729,1.0,0.0,1.0,1.0,1.0,1.0,25.05078125,80.44140625,74.55859375,66.17578125,136.3046875,224.4921875,202.8515625,190.43359375,0.0,0.0,0.73828125,66.3316879272461
none,1,730,1.0,0.0,1.0,1.0,1.0,1.0,24.42578125,80.921875,74.03125,66.08203125,132.65234375,226.7734375,203.23828125,189.25390625,0.0,0.0,0.7109375,66.38735961914062
none,1,731,1.0,0.0,1.0,1.0,1.0,1.0,25.390625,79.42578125,74.58984375,66.56640625,135.90234375,222.25390625,203.17578125,190.375,0.0,0.0,0.6796875,66.69650268554688
none,1,732,1.0,0.0,1.0,1.0,1.0,1.0,24.70703125,80.734375,74.3046875,65.25,132.28515625,223.20703125,202.78125,187.34765625,0.0,0.0,0.65625,66.19789123535156
none,1,733,1.0,0.0,1.0,1.0,1.0,1.0,24.98828125,79.12890625,74.01171875,65.453125,133.4921875,220.578125,202.546875,186.66015625,0.0,0.0,0.5859375,65.63706970214844
none,1,734,1.0,0.0,1.0,1.0,1.0,1.0,24.7578125,80.44140625,75.16796875,65.16015625,133.265625,225.83203125,204.7890625,185.21875,0.0,0.0,0.6484375,66.50694274902344
none,1,735,1.0,0.0,1.0,1.0,1.0,1.0,24.5859375,80.33984375,74.29296875,65.8203125,134.04296875,224.20703125,203.30078125,187.72265625,0.0,0.0,0.71484375,66.29705810546875
none,1,736,1.0,0.0,1.0,1.0,1.0,1.0,24.48828125,79.71875,74.85546875,65.98828125,132.7421875,221.44140625,206.1171875,187.9921875,0.0,0.0,0.609375,66.74605560302734
none,1,737,1.0,0.0,1.0,1.0,1.0,1.0,24.15625,80.74609375,75.17578125,63.9375,133.390625,226.19921875,205.3828125,182.55859375,0.0,0.0,0.69921875,66.12456512451172
none,1,738,1.0,0.0,1.0,1.0,1.0,1.0,25.0859375,80.71875,74.203125,64.12890625,139.21484375,225.05859375,202.77734375,184.20703125,0.0,0.0,0.6875,65.49270629882812
none,1,739,1.0,0.0,1.0,1.0,1.0,1.0,24.38671875,81.94140625,74.98046875,64.80859375,134.91015625,227.41796875,205.62109375,186.5,0.0,0.0,0.66796875,67.30183410644531
none,1,740,1.0,0.0,1.0,1.0,1.0,1.0,24.41015625,80.51953125,75.578125,66.56640625,133.87890625,224.8125,207.578125,190.9921875,0.0,0.0,0.671875,67.3523178100586
none,1,741,1.0,0.0,1.0,1.0,1.0,1.0,24.59765625,79.97265625,74.33984375,66.40625,135.9765625,222.9375,203.8828125,190.6953125,0.0,0.0,0.7734375,66.3189926147461
none,1,742,1.0,0.0,1.0,1.0,1.0,1.0,24.890625,81.88671875,74.5,63.3359375,138.63671875,228.3984375,204.4921875,182.0078125,0.0,0.0,0.66015625,65.92015838623047
none,1,743,1.0,0.0,1.0,1.0,1.0,1.0,25.21875,79.984375,74.234375,66.69140625,138.53515625,222.0859375,203.05859375,191.9765625,0.0,0.0,0.58984375,66.40650939941406
none,1,744,1.0,0.0,1.0,1.0,1.0,1.0,24.83203125,78.58984375,74.859375,68.0546875,138.6953125,219.44140625,205.69921875,197.0703125,0.0,0.0,0.640625,66.55889129638672
none,1,745,1.0,0.0,1.0,1.0,1.0,1.0,24.3125,79.3125,74.640625,65.6640625,139.30078125,220.30859375,204.60546875,189.8046875,0.0,0.0,0.62890625,66.20091247558594
none,1,746,1.0,0.0,1.0,1.0,1.0,1.0,24.0625,81.49609375,75.48046875,64.64453125,135.50390625,227.68359375,208.14453125,186.1953125,0.0,0.0,0.73828125,67.07701110839844
none,1,747,1.0,0.0,1.0,1.0,1.0,1.0,24.55078125,79.60546875,75.8046875,65.4921875,134.94140625,221.97265625,209.71875,187.59765625,0.0,0.0,0.5859375,66.44685363769531
none,1,748,1.0,0.0,1.0,1.0,1.0,1.0,23.8984375,80.47265625,75.74609375,64.796875,133.828125,224.796875,209.45703125,186.21484375,0.0,0.0,0.68359375,66.81597900390625
none,1,749,1.0,0.0,1.0,1.0,1.0,1.0,24.7109375,79.56640625,74.25390625,65.8828125,137.41796875,222.0,204.2265625,189.58984375,0.0,0.0,0.6171875,66.29376220703125
none,1,750,1.0,0.0,1.0,1.0,1.0,1.0,24.21875,81.53125,75.19921875,65.3515625,136.71875,227.27734375,207.1875,187.1484375,0.0,0.0,0.671875,66.81687927246094
none,1,751,1.0,0.0,1.0,1.0,1.0,1.0,23.54296875,80.60546875,75.8984375,66.08203125,134.7421875,224.08984375,208.875,188.2109375,0.0,0.0,0.640625,67.40201568603516
none,1,752,1.0,0.0,1.0,1.0,1.0,1.0,23.80078125,80.578125,76.40234375,65.64453125,132.94140625,224.25,209.46484375,187.76171875,0.0,0.0,0.5859375,67.4818115234375
none,1,753,1.0,0.0,1.0,1.0,1.0,1.0,24.21875,80.5390625,76.28125,64.71484375,136.046875,223.7421875,208.17578125,186.1875,0.0,0.0,0.62890625,66.67949676513672
none,1,754,1.0,0.0,1.0,1.0,1.0,1.0,24.34375,79.15625,76.3828125,65.95703125,132.68359375,218.5625,209.140625,188.7109375,0.0,0.0,0.546875,66.56919860839844
none,1,755,1.0,0.0,1.0,1.0,1.0,1.0,24.39453125,78.953125,75.66015625,65.859375,133.34765625,217.85546875,206.15234375,187.76953125,0.0,0.0,0.61328125,66.24407958984375
none,1,756,1.0,0.0,1.0,1.0,1.0,1.0,23.8359375,80.67578125,76.35546875,65.0234375,134.33984375,222.796875,207.9765625,185.78125,0.0,0.0,0.65234375,66.98464965820312
none,1,757,1.0,0.0,1.0,1.0,1.0,1.0,23.8046875,81.2421875,75.08984375,64.75,131.8046875,224.98046875,204.1171875,185.18359375,0.0,0.0,0.5234375,67.01020050048828
none,1,758,1.0,0.0,1.0,1.0,1.0,1.0,23.875,80.59375,76.44140625,64.7578125,132.43359375,224.15234375,208.75390625,183.63671875,0.0,0.0,0.62890625,66.92510986328125
none,1,759,1.0,0.0,1.0,1.0,1.0,1.0,23.28515625,80.453125,76.58984375,65.40625,128.65234375,223.2109375,209.58984375,187.15234375,0.0,0.0,0.55078125,67.1648178100586
none,1,760,1.0,0.0,1.0,1.0,1.0,1.0,23.453125,79.89453125,76.58984375,65.6484375,131.21484375,222.34765625,209.15625,186.54296875,0.0,0.0,0.52734375,67.57473754882812
none,1,761,1.0,0.0,1.0,1.0,1.0,1.0,23.76171875,80.28515625,77.07421875,65.6328125,129.6875,223.07421875,210.19140625,187.125,0.0,0.0,0.49609375,67.51454162597656
none,1,762,1.0,0.0,1.0,1.0,1.0,1.0,23.92578125,79.82421875,76.93359375,65.0859375,131.8359375,221.5234375,210.74609375,186.33203125,0.0,0.0,0.625,67.21247863769531
none,1,763,1.0,0.0,1.0,1.0,1.0,1.0,23.68359375,80.11328125,76.09765625,66.48828125,131.8125,222.55078125,207.8203125,189.16796875,0.0,0.0,0.65625,67.81974792480469
none,1,764,1.0,0.0,1.0,1.0,1.0,1.0,24.078125,80.50390625,77.15234375,64.8515625,132.22265625,224.99609375,211.2109375,186.4296875,0.0,0.0,0.5703125,67.3984375
none,1,765,1.0,0.0,1.0,1.0,1.0,1.0,23.859375,79.84375,77.6640625,65.3984375,132.921875,223.75390625,213.59375,187.796875,0.0,0.0,0.578125,67.46382904052734
none,1,766,1.0,0.0,1.0,1.0,1.0,1.0,23.66015625,80.640625,77.2421875,65.1640625,131.0703125,224.74609375,212.03515625,185.5859375,0.0,0.0,0.6796875,67.20289611816406
none,1,767,1.0,0.0,1.0,1.0,1.0,1.0,23.51953125,78.9453125,76.60546875,66.125,131.68359375,219.39453125,209.75390625,189.01953125,0.0,0.0,0.5859375,67.11349487304688
none,1,768,1.0,0.0,1.0,1.0,1.0,1.0,23.2734375,80.51953125,76.54296875,65.015625,131.95703125,225.46484375,211.22265625,186.21484375,0.0,0.0,0.67578125,67.51042938232422
none,1,769,1.0,0.0,1.0,1.0,1.0,1.0,24.18359375,78.86328125,76.98828125,66.8359375,134.75390625,219.4921875,211.13671875,192.44921875,0.0,0.0,0.60546875,67.30992889404297
none,1,770,1.0,0.0,1.0,1.0,1.0,1.0,23.5703125,80.70703125,76.26953125,65.6796875,130.8984375,226.51171875,208.53125,189.39453125,0.0,0.0,0.65625,67.39875793457031
none,1,771,1.0,0.0,1.0,1.0,1.0,1.0,23.51953125,81.703125,76.62890625,65.2265625,131.44921875,227.93359375,211.23828125,188.74609375,0.0,0.0,0.52734375,67.98017883300781
none,1,772,1.0,0.0,1.0,1.0,1.0,1.0,24.515625,81.7265625,77.38671875,65.09375,133.3984375,228.73828125,212.01953125,185.94921875,0.0,0.0,0.51171875,67.43032836914062
none,1,773,1.0,0.0,1.0,1.0,1.0,1.0,23.7578125,82.65234375,78.51953125,64.5234375,132.9609375,231.078125,215.97265625,183.58203125,0.0,0.0,0.58203125,68.74840545654297
none,1,774,1.0,0.0,1.0,1.0,1.0,1.0,23.51171875,82.875,78.79296875,64.32421875,130.73828125,232.875,216.30859375,184.3125,0.0,0.0,0.5625,68.75395965576172
none,1,775,1.0,0.0,1.0,1.0,1.0,1.0,24.24609375,82.03515625,77.50390625,63.9921875,135.56640625,231.03515625,212.765625,183.3359375,0.0,0.0,0.5625,67.75955200195312
none,1,776,1.0,0.0,1.0,1.0,1.0,1.0,22.82421875,81.35546875,77.03125,64.21484375,130.1015625,228.0625,210.87109375,184.2109375,0.0,0.0,0.74609375,67.56681823730469
none,1,777,1.0,0.0,1.0,1.0,1.0,1.0,23.609375,82.14453125,77.2890625,64.93359375,132.28515625,230.51953125,211.1796875,184.71875,0.0,0.0,0.51171875,68.48664855957031
none,1,778,1.0,0.0,1.0,1.0,1.0,1.0,23.03515625,81.20703125,77.30078125,65.48046875,129.8203125,225.33984375,211.26953125,186.63671875,0.0,0.0,0.52734375,68.56166076660156
none,1,779,1.0,0.0,1.0,1.0,1.0,1.0,23.91015625,82.49609375,76.12890625,65.046875,132.23828125,230.20703125,207.1796875,184.96484375,0.0,0.0,0.58984375,68.026123046875
none,1,780,1.0,0.0,1.0,1.0,1.0,1.0,23.26171875,81.9921875,77.33984375,65.2421875,128.19921875,229.2734375,210.9375,185.8828125,0.0,0.0,0.5546875,68.28782653808594
none,1,781,1.0,0.0,1.0,1.0,1.0,1.0,22.2578125,81.28515625,79.234375,65.28125,125.875,225.48046875,215.96875,186.99609375,0.0,0.0,0.54296875,68.86895751953125
none,1,782,1.0,0.0,1.0,1.0,1.0,1.0,23.0078125,81.4765625,77.95703125,65.109375,129.09375,227.49609375,213.484375,186.22265625,0.0,0.0,0.5703125,68.88158416748047
none,1,783,1.0,0.0,1.0,1.0,1.0,1.0,22.3046875,82.6953125,78.13671875,62.96484375,124.12109375,230.75,212.68359375,179.46484375,0.0,0.0,0.54296875,68.58615112304688
none,1,784,1.0,0.0,1.0,1.0,1.0,1.0,22.8046875,81.640625,77.6953125,64.4296875,126.96875,229.6484375,211.37109375,182.77734375,0.0,0.0,0.49609375,68.1280746459961
none,1,785,1.0,0.0,1.0,1.0,1.0,1.0,22.7109375,82.6484375,77.46484375,64.8671875,128.78515625,231.01171875,212.65625,185.55078125,0.0,0.0,0.58984375,68.44890594482422
none,1,786,1.0,0.0,1.0,1.0,1.0,1.0,22.7734375,83.0859375,77.38671875,64.2109375,126.7265625,232.4296875,211.421875,184.38671875,0.0,0.0,0.515625,68.7593002319336
none,1,787,1.0,0.0,1.0,1.0,1.0,1.0,23.28515625,83.4375,75.94921875,65.328125,130.91796875,233.078125,207.0234375,186.0703125,0.0,0.0,0.55859375,68.2468032836914
none,1,788,1.0,0.0,1.0,1.0,1.0,1.0,22.78125,81.55859375,77.7421875,65.83203125,128.36328125,229.14453125,212.37109375,188.53515625,0.0,0.0,0.640625,68.64881896972656
none,1,789,1.0,0.0,1.0,1.0,1.0,1.0,22.99609375,83.5234375,77.1796875,64.34765625,128.30859375,236.40234375,210.62109375,183.921875,0.0,0.0,0.51171875,68.71490478515625
none,1,790,1.0,0.0,1.0,1.0,1.0,1.0,23.1328125,83.56640625,77.01953125,65.3125,128.72265625,231.8125,210.44921875,186.84765625,0.0,0.0,0.5703125,68.91326141357422
none,1,791,1.0,0.0,1.0,1.0,1.0,1.0,22.6640625,83.2890625,78.01171875,65.625,128.3203125,232.58203125,212.6640625,187.24609375,0.0,0.0,0.5390625,69.35902404785156
none,1,792,1.0,0.0,1.0,1.0,1.0,1.0,23.7109375,81.9609375,77.6953125,66.92578125,132.91015625,228.828125,212.203125,191.69140625,0.0,0.0,0.49609375,69.09486389160156
none,1,793,1.0,0.0,1.0,1.0,1.0,1.0,23.3125,80.859375,77.9453125,66.4375,134.1484375,224.95703125,211.9296875,190.12109375,0.0,0.0,0.53125,68.51771545410156
none,1,794,1.0,0.0,1.0,1.0,1.0,1.0,23.9296875,82.39453125,78.83203125,66.14453125,135.9765625,229.359375,214.87109375,188.73046875,0.0,0.0,0.59765625,69.16455841064453
none,1,795,1.0,0.0,1.0,1.0,1.0,1.0,23.75,81.8984375,76.6953125,66.60546875,133.07421875,229.83203125,209.37890625,190.0703125,0.0,0.0,0.53515625,68.67744445800781
none,1,796,1.0,0.0,1.0,1.0,1.0,1.0,23.97265625,82.6484375,77.41796875,67.0078125,132.5625,230.44921875,210.3046875,189.6796875,0.0,0.0,0.5078125,69.1584701538086
none,1,797,1.0,0.0,1.0,1.0,1.0,1.0,24.39453125,81.9609375,77.85546875,66.12890625,136.06640625,229.14453125,211.5390625,187.97265625,0.0,0.0,0.59375,68.93187713623047
none,1,798,1.0,0.0,1.0,1.0,1.0,1.0,23.5859375,81.14453125,77.21875,67.34375,133.75,226.59375,209.359375,192.24609375,0.0,0.0,0.5859375,68.93910217285156
none,1,799,1.0,0.0,1.0,1.0,1.0,1.0,24.02734375,84.12890625,78.07421875,65.3203125,133.58984375,236.34765625,212.69140625,184.96875,0.0,0.0,0.59375,69.53237915039062
none,1,800,1.0,0.0,1.0,1.0,1.0,1.0,23.84765625,84.80078125,77.23828125,66.078125,131.765625,237.8515625,209.890625,186.9609375,0.0,0.0,0.48828125,70.19628143310547
none,1,801,1.0,0.0,1.0,1.0,1.0,1.0,23.59375,81.890625,78.01171875,67.9765625,135.59765625,229.86328125,212.40234375,193.1015625,0.0,0.0,0.4453125,69.18307495117188
none,1,802,1.0,0.0,1.0,1.0,1.0,1.0,23.5546875,82.7578125,78.4140625,67.3671875,130.43359375,230.94140625,214.296875,190.8515625,0.0,0.0,0.55859375,69.76184844970703
none,1,803,1.0,0.0,1.0,1.0,1.0,1.0,23.60546875,82.47265625,78.6875,67.2265625,132.0546875,230.19140625,213.078125,189.77734375,0.0,0.0,0.55078125,69.91192626953125
none,1,804,1.0,0.0,1.0,1.0,1.0,1.0,23.36328125,81.29296875,79.0546875,68.2265625,130.0859375,226.30078125,215.609375,192.94140625,0.0,0.0,0.55859375,69.79070281982422
none,1,805,1.0,0.0,1.0,1.0,1.0,1.0,23.859375,81.00390625,78.40625,67.73046875,133.71484375,225.78125,213.13671875,193.58984375,0.0,0.0,0.6015625,69.72804260253906
none,1,806,1.0,0.0,1.0,1.0,1.0,1.0,24.37109375,82.52734375,78.03515625,67.5390625,135.53515625,228.59375,212.234375,191.38671875,0.0,0.0,0.53515625,69.72555541992188
none,1,807,1.0,0.0,1.0,1.0,1.0,1.0,23.76171875,80.05078125,79.68359375,67.4296875,134.66015625,222.05078125,216.87890625,191.15625,0.0,0.0,0.5546875,69.34422302246094
none,1,808,1.0,0.0,1.0,1.0,1.0,1.0,24.671875,81.72265625,79.33984375,67.890625,137.37890625,225.5703125,215.80078125,190.0546875,0.0,0.0,0.5625,69.81745910644531
none,1,809,1.0,0.0,1.0,1.0,1.0,1.0,23.7734375,80.234375,79.3359375,67.453125,133.04296875,222.4140625,217.1640625,190.67578125,0.0,0.0,0.5546875,69.20094299316406
none,1,810,1.0,0.0,1.0,1.0,1.0,1.0,24.296875,81.50390625,78.65625,66.73828125,134.19921875,226.39453125,213.953125,189.5,0.0,0.0,0.6015625,69.08732604980469
none,1,811,1.0,0.0,1.0,1.0,1.0,1.0,23.69140625,81.59375,79.453125,66.94140625,132.12109375,226.59375,216.30859375,189.27734375,0.0,0.0,0.671875,69.60041046142578
none,1,812,1.0,0.0,1.0,1.0,1.0,1.0,24.3203125,82.26953125,78.78515625,66.640625,136.57421875,228.91015625,215.5078125,188.8125,0.0,0.0,0.53125,69.5459213256836
none,1,813,1.0,0.0,1.0,1.0,1.0,1.0,24.25,82.4140625,77.5390625,66.62109375,135.91015625,229.8203125,210.94921875,187.96484375,0.0,0.0,0.5703125,69.12863159179688
none,1,814,1.0,0.0,1.0,1.0,1.0,1.0,24.58203125,82.24609375,78.04296875,66.75,135.70703125,229.3671875,213.37890625,188.890625,0.0,0.0,0.640625,69.34616088867188
none,1,815,1.0,0.0,1.0,1.0,1.0,1.0,23.99609375,83.3515625,77.40234375,66.6328125,133.03515625,232.609375,211.52734375,187.46484375,0.0,0.0,0.609375,69.28218841552734
none,1,816,1.0,0.0,1.0,1.0,1.0,1.0,24.9140625,82.65625,77.8515625,66.53515625,138.23828125,230.01171875,210.47265625,187.453125,0.0,0.0,0.59375,68.80674743652344
none,1,817,1.0,0.0,1.0,1.0,1.0,1.0,24.65234375,83.09375,78.734375,66.953125,135.921875,229.76171875,213.140625,190.06640625,0.0,0.0,0.56640625,69.62376403808594
none,1,818,1.0,0.0,1.0,1.0,1.0,1.0,24.30859375,82.1171875,77.55078125,67.58203125,136.2421875,226.9296875,210.3984375,191.31640625,0.0,0.0,0.65625,68.65460205078125
none,1,819,1.0,0.0,1.0,1.0,1.0,1.0,23.5390625,83.68359375,78.109375,66.84375,130.90234375,232.2265625,212.11328125,188.8828125,0.0,0.0,0.55078125,70.06378173828125
none,1,820,1.0,0.0,1.0,1.0,1.0,1.0,24.21484375,80.34375,80.0625,67.41796875,133.734375,222.9140625,216.828125,191.828125,0.0,0.0,0.6328125,69.31907653808594
none,1,821,1.0,0.0,1.0,1.0,1.0,1.0,24.21875,83.16015625,78.140625,67.375,134.90625,231.09765625,214.14453125,191.55859375,0.0,0.0,0.55859375,70.25679016113281
none,1,822,1.0,0.0,1.0,1.0,1.0,1.0,24.06640625,82.2578125,77.62890625,65.5859375,132.625,228.65234375,212.12109375,186.640625,0.0,0.0,0.59765625,68.50502014160156
none,1,823,1.0,0.0,1.0,1.0,1.0,1.0,23.796875,82.296875,78.11328125,66.21484375,133.0390625,227.44140625,212.17578125,188.05078125,0.0,0.0,0.5234375,69.10089111328125
none,1,824,1.0,0.0,1.0,1.0,1.0,1.0,24.12109375,82.8203125,79.51171875,66.1640625,134.60546875,229.97265625,214.9765625,185.9921875,0.0,0.0,0.59375,69.66841888427734
none,1,825,1.0,0.0,1.0,1.0,1.0,1.0,24.3671875,80.83984375,78.765625,67.484375,133.26171875,224.171875,214.80859375,191.43359375,0.0,0.0,0.57421875,69.49383544921875
none,1,826,1.0,0.0,1.0,1.0,1.0,1.0,24.4140625,82.6328125,77.6171875,68.109375,134.19140625,228.73046875,211.55078125,193.390625,0.0,0.0,0.55078125,69.87158203125
none,1,827,1.0,0.0,1.0,1.0,1.0,1.0,24.08984375,81.83984375,78.12890625,67.625,132.92578125,225.96875,212.1640625,192.0546875,0.0,0.0,0.53125,69.57100677490234
none,1,828,1.0,0.0,1.0,1.0,1.0,1.0,24.0390625,82.32421875,79.1015625,66.1953125,132.90625,227.4921875,214.66796875,186.33984375,0.0,0.0,0.60546875,69.9872055053711
none,1,829,1.0,0.0,1.0,1.0,1.0,1.0,24.56640625,83.54296875,77.41015625,66.00390625,134.453125,231.87109375,211.109375,185.50390625,0.0,0.0,0.59375,69.13801574707031
none,1,830,1.0,0.0,1.0,1.0,1.0,1.0,23.58984375,83.69140625,78.8515625,65.8828125,130.5390625,232.7890625,214.4921875,184.19140625,0.0,0.0,0.60546875,69.8396987915039
none,1,831,1.0,0.0,1.0,1.0,1.0,1.0,24.078125,83.26953125,78.20703125,66.29296875,133.59375,231.71484375,211.56640625,186.08203125,0.0,0.0,0.6484375,69.39513397216797
none,1,832,1.0,0.0,1.0,1.0,1.0,1.0,24.62109375,83.54296875,78.2421875,66.4921875,136.0390625,230.4765625,211.828125,186.87890625,0.0,0.0,0.60546875,69.2568588256836
none,1,833,1.0,0.0,1.0,1.0,1.0,1.0,24.68359375,82.50390625,78.74609375,66.7578125,135.48046875,227.51953125,213.5859375,188.58984375,0.0,0.0,0.51953125,69.4314193725586
none,1,834,1.0,0.0,1.0,1.0,1.0,1.0,24.171875,84.24609375,78.15234375,66.6328125,133.640625,233.5078125,211.796875,187.24609375,0.0,0.0,0.53515625,69.95341491699219
none,1,835,1.0,0.0,1.0,1.0,1.0,1.0,23.66015625,83.828125,78.546875,67.57421875,134.11328125,232.3125,214.75390625,190.91796875,0.0,0.0,0.62109375,70.78213500976562
none,1,836,1.0,0.0,1.0,1.0,1.0,1.0,23.9921875,83.4765625,79.81640625,67.234375,134.2109375,231.7890625,218.44140625,190.66015625,0.0,0.0,0.52734375,70.92784881591797
none,1,837,1.0,0.0,1.0,1.0,1.0,1.0,23.4453125,84.1953125,79.41796875,66.703125,130.20703125,233.359375,217.22265625,188.13671875,0.0,0.0,0.5625,71.11834716796875
none,1,838,1.0,0.0,1.0,1.0,1.0,1.0,24.34375,82.4375,79.18359375,68.171875,133.3984375,227.65234375,216.3828125,193.23046875,0.0,0.0,0.5625,70.37981414794922
none,1,839,1.0,0.0,1.0,1.0,1.0,1.0,23.64453125,83.77734375,79.86328125,66.84765625,134.94140625,230.68359375,217.94921875,188.9921875,0.0,0.0,0.53515625,70.7771224975586
none,1,840,1.0,0.0,1.0,1.0,1.0,1.0,24.59375,81.83203125,79.15625,68.83203125,136.8203125,226.23828125,214.66796875,194.96484375,0.0,0.0,0.57421875,70.27647399902344
none,1,841,1.0,0.0,1.0,1.0,1.0,1.0,24.22265625,82.59375,79.1328125,66.96875,133.94140625,228.91796875,215.86328125,187.83203125,0.0,0.0,0.51953125,69.73748779296875
none,1,842,1.0,0.0,1.0,1.0,1.0,1.0,24.625,83.3671875,80.37890625,67.69140625,136.546875,229.375,217.91015625,189.51953125,0.0,0.0,0.546875,71.10478210449219
none,1,843,1.0,0.0,1.0,1.0,1.0,1.0,23.3984375,83.8359375,78.9765625,67.45703125,131.66015625,232.015625,214.7890625,189.4609375,0.0,0.0,0.5703125,70.45773315429688
none,1,844,1.0,0.0,1.0,1.0,1.0,1.0,23.68359375,83.140625,80.47265625,65.76171875,133.765625,230.58984375,218.10546875,185.23046875,0.0,0.0,0.58203125,70.38572692871094
none,1,845,1.0,0.0,1.0,1.0,1.0,1.0,23.84765625,85.0,80.02734375,65.55859375,132.91015625,235.05078125,217.34375,185.1875,0.0,0.0,0.64453125,70.19876861572266
none,1,846,1.0,0.0,1.0,1.0,1.0,1.0,23.59375,84.0,79.83984375,65.828125,134.9453125,234.8046875,217.46484375,186.0859375,0.0,0.0,0.63671875,70.5997543334961
none,1,847,1.0,0.0,1.0,1.0,1.0,1.0,23.91796875,84.61328125,79.6953125,66.7421875,134.94921875,234.5,215.546875,188.6015625,0.0,0.0,0.578125,71.2584228515625
none,1,848,1.0,0.0,1.0,1.0,1.0,1.0,23.4609375,84.8359375,79.2578125,65.5,132.8828125,236.41015625,216.98046875,184.97265625,0.0,0.0,0.55859375,71.22102355957031
none,1,849,1.0,0.0,1.0,1.0,1.0,1.0,23.34765625,85.55859375,79.85546875,65.90234375,131.90234375,237.2734375,216.2265625,187.8359375,0.0,0.0,0.59765625,71.10813903808594
none,1,850,1.0,0.0,1.0,1.0,1.0,1.0,24.2578125,84.015625,79.9453125,66.7578125,134.1171875,232.0859375,216.578125,190.19921875,0.0,0.0,0.6171875,70.61959075927734
none,1,851,1.0,0.0,1.0,1.0,1.0,1.0,24.28515625,84.9296875,79.01171875,66.15625,134.4921875,235.6640625,214.9140625,184.95703125,0.0,0.0,0.65234375,70.70887756347656
none,1,852,1.0,0.0,1.0,1.0,1.0,1.0,23.40625,84.40625,79.2890625,67.73046875,131.09765625,232.98828125,216.23046875,190.1484375,0.0,0.0,0.60546875,71.22893524169922
none,1,853,1.0,0.0,1.0,1.0,1.0,1.0,23.3046875,84.6484375,79.07421875,66.9921875,128.7421875,236.484375,215.1484375,188.24609375,0.0,0.0,0.60546875,71.08695983886719
none,1,854,1.0,0.0,1.0,1.0,1.0,1.0,23.27734375,84.26171875,79.5859375,67.73828125,128.7109375,233.9296875,216.04296875,191.21875,0.0,0.0,0.5625,70.84308624267578
none,1,855,1.0,0.0,1.0,1.0,1.0,1.0,22.90625,84.7109375,80.359375,67.1640625,129.890625,236.4921875,217.5390625,190.4296875,0.0,0.0,0.55859375,71.30682373046875
none,1,856,1.0,0.0,1.0,1.0,1.0,1.0,23.39453125,82.515625,78.6875,67.5390625,131.36328125,230.09375,215.3984375,189.87109375,0.0,0.0,0.609375,70.21653747558594
none,1,857,1.0,0.0,1.0,1.0,1.0,1.0,23.23828125,84.890625,80.6328125,66.08203125,129.5234375,233.6640625,220.17578125,186.984375,0.0,0.0,0.5625,70.70512390136719
none,1,858,1.0,0.0,1.0,1.0,1.0,1.0,23.69921875,83.61328125,79.91796875,68.58203125,133.609375,229.96484375,218.140625,193.34375,0.0,0.0,0.5703125,71.15985107421875
none,1,859,1.0,0.0,1.0,1.0,1.0,1.0,23.35546875,83.29296875,80.05078125,67.16796875,131.44921875,231.15234375,219.16796875,190.15625,0.0,0.0,0.52734375,70.76040649414062
none,1,860,1.0,0.0,1.0,1.0,1.0,1.0,22.8515625,85.3671875,80.01953125,66.6875,128.73046875,237.9375,217.82421875,187.9765625,0.0,0.0,0.61328125,71.00745391845703
none,1,861,1.0,0.0,1.0,1.0,1.0,1.0,23.62109375,84.6015625,78.82421875,68.1171875,131.6328125,236.21875,215.99609375,190.98046875,0.0,0.0,0.578125,71.09628295898438
none,1,862,1.0,0.0,1.0,1.0,1.0,1.0,23.78125,87.06640625,79.890625,66.59765625,134.86328125,242.44140625,218.140625,188.64453125,0.0,0.0,0.46875,72.01200866699219
none,1,863,1.0,0.0,1.0,1.0,1.0,1.0,23.7265625,84.30859375,79.015625,68.9296875,133.57421875,234.69140625,215.0546875,194.26171875,0.0,0.0,0.515625,71.62187194824219
none,1,864,1.0,0.0,1.0,1.0,1.0,1.0,24.1171875,84.41796875,80.94921875,68.1484375,135.12890625,233.20703125,218.9375,191.41796875,0.0,0.0,0.50390625,71.81556701660156
none,1,865,1.0,0.0,1.0,1.0,1.0,1.0,25.25,82.9765625,79.90625,69.33203125,140.7734375,227.3828125,215.89453125,195.4375,0.0,0.0,0.52734375,71.32655334472656
none,1,866,1.0,0.0,1.0,1.0,1.0,1.0,24.20703125,83.91796875,78.55859375,68.10546875,135.83984375,232.5,212.66015625,191.703125,0.0,0.0,0.48046875,70.8515625
none,1,867,1.0,0.0,1.0,1.0,1.0,1.0,24.41015625,84.29296875,78.421875,69.08984375,133.96484375,231.83203125,211.84765625,193.75390625,0.0,0.0,0.51953125,71.01242065429688
none,1,868,1.0,0.0,1.0,1.0,1.0,1.0,24.41015625,84.37109375,81.4921875,68.703125,138.18359375,232.66015625,220.56640625,192.50390625,0.0,0.0,0.5625,72.17818450927734
none,1,869,1.0,0.0,1.0,1.0,1.0,1.0,24.82421875,84.51171875,79.578125,70.05859375,140.73046875,232.65625,215.796875,197.55078125,0.0,0.0,0.55078125,72.15420532226562
none,1,870,1.0,0.0,1.0,1.0,1.0,1.0,25.5390625,83.5390625,80.0703125,69.13671875,141.92578125,229.3046875,216.32421875,194.875,0.0,0.0,0.5390625,71.515380859375
none,1,871,1.0,0.0,1.0,1.0,1.0,1.0,24.984375,84.3203125,79.9375,68.12890625,137.18359375,231.16796875,217.11328125,190.484375,0.0,0.0,0.55859375,71.48348999023438
none,1,872,1.0,0.0,1.0,1.0,1.0,1.0,24.76953125,82.98046875,79.59375,69.23828125,138.19140625,226.96484375,216.55078125,194.9140625,0.0,0.0,0.546875,71.22396087646484
none,1,873,1.0,0.0,1.0,1.0,1.0,1.0,24.6484375,82.828125,80.12109375,70.69921875,138.9453125,228.3515625,217.63671875,198.140625,0.0,0.0,0.5546875,71.98951721191406
none,1,874,1.0,0.0,1.0,1.0,1.0,1.0,24.484375,82.1171875,80.59765625,69.3046875,138.34765625,225.9609375,217.83984375,195.3359375,0.0,0.0,0.64453125,71.03193664550781
none,1,875,1.0,0.0,1.0,1.0,1.0,1.0,24.9765625,83.7890625,80.4296875,68.3515625,140.1171875,231.5390625,217.48046875,192.52734375,0.0,0.0,0.58984375,71.39396667480469
none,1,876,1.0,0.0,1.0,1.0,1.0,1.0,25.43359375,83.37890625,80.05859375,68.99609375,142.92578125,229.64453125,216.625,194.78515625,0.0,0.0,0.5234375,71.17559814453125
none,1,877,1.0,0.0,1.0,1.0,1.0,1.0,25.3359375,84.08984375,79.65625,69.15234375,141.10546875,231.984375,216.18359375,194.79296875,0.0,0.0,0.49609375,71.30174255371094
none,1,878,1.0,0.0,1.0,1.0,1.0,1.0,24.45703125,85.9140625,79.88671875,67.58203125,138.32421875,238.35546875,217.48046875,189.359375,0.0,0.0,0.43359375,71.89013671875
none,1,879,1.0,0.0,1.0,1.0,1.0,1.0,24.80859375,84.65625,80.68359375,69.3984375,140.89453125,234.19140625,220.42578125,195.35546875,0.0,0.0,0.578125,72.26414489746094
none,1,880,1.0,0.0,1.0,1.0,1.0,1.0,24.640625,85.72265625,80.72265625,67.59765625,138.67578125,238.671875,218.875,188.7421875,0.0,0.0,0.5,71.79823303222656
none,1,881,1.0,0.0,1.0,1.0,1.0,1.0,24.8125,84.265625,80.29296875,68.18359375,138.734375,233.0859375,218.6484375,191.0703125,0.0,0.0,0.5,71.51953887939453
none,1,882,1.0,0.0,1.0,1.0,1.0,1.0,24.40234375,83.5,79.3203125,70.19140625,140.30078125,230.65234375,214.9453125,197.99609375,0.0,0.0,0.51953125,71.41763305664062
none,1,883,1.0,0.0,1.0,1.0,1.0,1.0,24.4609375,82.71875,81.359375,69.58203125,140.98046875,228.87109375,218.98828125,196.07421875,0.0,0.0,0.5,71.66268920898438
none,1,884,1.0,0.0,1.0,1.0,1.0,1.0,24.8359375,83.03125,79.76953125,70.30859375,143.8984375,227.7421875,216.5859375,197.49609375,0.0,0.0,0.59375,72.10009765625
none,1,885,1.0,0.0,1.0,1.0,1.0,1.0,25.39453125,82.7578125,80.4609375,71.1015625,143.6953125,225.09375,218.15625,200.39453125,0.0,0.0,0.5546875,72.4277572631836
none,1,886,1.0,0.0,1.0,1.0,1.0,1.0,24.44921875,83.83984375,80.55078125,69.890625,139.18359375,229.55859375,216.66015625,195.3515625,0.0,0.0,0.53125,72.27859497070312
none,1,887,1.0,0.0,1.0,1.0,1.0,1.0,24.61328125,83.0625,80.6015625,70.57421875,140.23046875,227.74609375,218.12109375,196.76953125,0.0,0.0,0.5390625,71.81810760498047
none,1,888,1.0,0.0,1.0,1.0,1.0,1.0,24.70703125,83.49609375,78.88671875,71.5546875,140.32421875,228.41015625,213.0078125,199.41015625,0.0,0.0,0.53515625,72.04432678222656
none,1,889,1.0,0.0,1.0,1.0,1.0,1.0,25.1328125,83.39453125,80.53515625,70.078125,142.53125,228.76953125,216.0625,197.58984375,0.0,0.0,0.54296875,72.36972045898438
none,1,890,1.0,0.0,1.0,1.0,1.0,1.0,24.74609375,83.1015625,79.52734375,69.92578125,138.265625,228.44140625,215.640625,194.171875,0.0,0.0,0.4609375,71.645751953125
none,1,891,1.0,0.0,1.0,1.0,1.0,1.0,24.24609375,83.1640625,80.66015625,69.89453125,136.0703125,228.3125,217.6953125,193.9375,0.0,0.0,0.50390625,71.34532165527344
none,1,892,1.0,0.0,1.0,1.0,1.0,1.0,24.19140625,84.79296875,80.32421875,68.71875,137.7109375,232.39453125,216.86328125,191.57421875,0.0,0.0,0.64453125,72.33415985107422
none,1,893,1.0,0.0,1.0,1.0,1.0,1.0,24.0703125,83.953125,81.59765625,67.9609375,137.83203125,231.58203125,221.2421875,188.3984375,0.0,0.0,0.640625,71.87954711914062
none,1,894,1.0,0.0,1.0,1.0,1.0,1.0,23.87890625,83.30078125,81.1796875,69.82421875,135.87890625,227.2421875,221.0390625,194.984375,0.0,0.0,0.48828125,72.61631774902344
none,1,895,1.0,0.0,1.0,1.0,1.0,1.0,24.08203125,83.26953125,81.8203125,70.19140625,137.9296875,226.86328125,220.359375,196.703125,0.0,0.0,0.49609375,72.51686096191406
none,1,896,1.0,0.0,1.0,1.0,1.0,1.0,24.484375,82.90234375,81.1328125,69.625,138.44140625,226.421875,219.35546875,194.7421875,0.0,0.0,0.59375,71.80480194091797
none,1,897,1.0,0.0,1.0,1.0,1.0,1.0,23.3984375,82.86328125,82.18359375,68.76171875,132.54296875,226.9453125,221.6875,191.92578125,0.0,0.0,0.625,71.7017822265625
none,1,898,1.0,0.0,1.0,1.0,1.0,1.0,23.19140625,83.81640625,81.49609375,70.05859375,133.74609375,229.2578125,219.79296875,195.87109375,0.0,0.0,0.49609375,72.61858367919922
none,1,899,1.0,0.0,1.0,1.0,1.0,1.0,23.12890625,85.33984375,80.95703125,68.03125,134.01953125,233.01171875,219.03515625,189.22265625,0.0,0.0,0.54296875,72.22625732421875
none,1,900,1.0,0.0,1.0,1.0,1.0,1.0,23.84375,85.3515625,80.0625,68.23828125,134.51953125,233.53125,217.15625,190.58203125,0.0,0.0,0.56640625,71.97779083251953
none,1,901,1.0,0.0,1.0,1.0,1.0,1.0,22.921875,83.53125,81.91796875,69.06640625,133.546875,229.12109375,221.28515625,193.5234375,0.0,0.0,0.5,72.25839233398438
none,1,902,1.0,0.0,1.0,1.0,1.0,1.0,22.90234375,84.60546875,81.54296875,68.63671875,129.7578125,231.2421875,221.17578125,191.51953125,0.0,0.0,0.4921875,72.70547485351562
none,1,903,1.0,0.0,1.0,1.0,1.0,1.0,23.0078125,84.66015625,80.828125,67.68359375,130.9609375,232.30078125,217.44921875,189.78515625,0.0,0.0,0.59375,71.78428649902344
none,1,904,1.0,0.0,1.0,1.0,1.0,1.0,23.75,84.80078125,80.40234375,68.22265625,132.6015625,232.66796875,216.47265625,191.12890625,0.0,0.0,0.47265625,71.83807373046875
none,1,905,1.0,0.0,1.0,1.0,1.0,1.0,22.69140625,84.171875,80.7578125,69.9296875,131.5625,231.1796875,217.09375,195.51953125,0.0,0.0,0.609375,72.56922149658203
none,1,906,1.0,0.0,1.0,1.0,1.0,1.0,23.15625,84.3515625,81.078125,69.23828125,133.3359375,231.5078125,218.12109375,193.66796875,0.0,0.0,0.49609375,72.26707458496094
none,1,907,1.0,0.0,1.0,1.0,1.0,1.0,23.62890625,84.37890625,81.01953125,69.31640625,134.328125,231.4375,217.96875,193.6796875,0.0,0.0,0.5078125,72.38877868652344
none,1,908,1.0,0.0,1.0,1.0,1.0,1.0,23.46484375,85.0234375,81.59765625,68.81640625,131.8125,233.859375,220.01953125,193.4140625,0.0,0.0,0.59375,72.79351806640625
none,1,909,1.0,0.0,1.0,1.0,1.0,1.0,22.80859375,85.6328125,80.8359375,69.11328125,129.98828125,234.8828125,218.19140625,194.15234375,0.0,0.0,0.53515625,73.07625579833984
none,1,910,1.0,0.0,1.0,1.0,1.0,1.0,22.92578125,83.875,82.53125,70.140625,131.66015625,229.62109375,223.2890625,196.5078125,0.0,0.0,0.46875,73.09844207763672
none,1,911,1.0,0.0,1.0,1.0,1.0,1.0,23.33203125,84.73828125,82.46484375,68.83984375,133.0703125,231.41796875,222.5234375,193.02734375,0.0,0.0,0.51171875,72.58760833740234
none,1,912,1.0,0.0,1.0,1.0,1.0,1.0,23.03125,85.36328125,82.296875,68.6796875,133.234375,233.65234375,222.5234375,191.859375,0.0,0.0,0.50390625,73.38125610351562
none,1,913,1.0,0.0,1.0,1.0,1.0,1.0,23.55859375,83.97265625,82.15234375,69.79296875,133.7734375,230.1015625,222.6484375,197.24609375,0.0,0.0,0.50390625,72.76809692382812
none,1,914,1.0,0.0,1.0,1.0,1.0,1.0,23.08203125,85.8828125,80.90625,69.5625,131.99609375,235.6484375,218.38671875,195.84765625,0.0,0.0,0.48046875,72.70594787597656
none,1,915,1.0,0.0,1.0,1.0,1.0,1.0,22.5859375,83.8046875,83.15625,69.8515625,130.140625,230.2890625,224.38671875,196.21875,0.0,0.0,0.58203125,73.41064453125
none,1,916,1.0,0.0,1.0,1.0,1.0,1.0,22.42578125,83.9140625,81.359375,68.953125,132.609375,230.890625,220.70703125,193.64453125,0.0,0.0,0.57421875,72.3520278930664
none,1,917,1.0,0.0,1.0,1.0,1.0,1.0,22.65625,85.07421875,80.8984375,68.06640625,131.8671875,234.8828125,217.75390625,191.265625,0.0,0.0,0.5234375,72.58308410644531
none,1,918,1.0,0.0,1.0,1.0,1.0,1.0,22.84375,85.9453125,82.26171875,69.484375,130.953125,235.08984375,222.40625,192.63671875,0.0,0.0,0.54296875,73.7519302368164
none,1,919,1.0,0.0,1.0,1.0,1.0,1.0,22.53515625,86.0625,82.27734375,69.16796875,129.11328125,236.7890625,221.75,194.02734375,0.0,0.0,0.44921875,73.51375579833984
none,1,920,1.0,0.0,1.0,1.0,1.0,1.0,22.73828125,85.26953125,82.80078125,69.5390625,133.16796875,233.64453125,223.72265625,195.90625,0.0,0.0,0.5234375,73.96886444091797
none,1,921,1.0,0.0,1.0,1.0,1.0,1.0,22.29296875,86.92578125,81.52734375,67.36328125,128.96875,238.38671875,220.21484375,189.05859375,0.0,0.0,0.4921875,72.76451873779297
none,1,922,1.0,0.0,1.0,1.0,1.0,1.0,22.32421875,85.1484375,82.54296875,68.453125,128.42578125,234.09765625,221.75390625,192.0546875,0.0,0.0,0.56640625,72.95011901855469
none,1,923,1.0,0.0,1.0,1.0,1.0,1.0,22.99609375,84.6328125,82.7734375,68.375,130.484375,232.39453125,223.625,191.48046875,0.0,0.0,0.515625,72.8003158569336
none,1,924,1.0,0.0,1.0,1.0,1.0,1.0,22.3203125,85.33203125,82.4296875,69.03125,130.33984375,234.3359375,223.76953125,193.1640625,0.0,0.0,0.42578125,73.43321990966797
none,1,925,1.0,0.0,1.0,1.0,1.0,1.0,21.46875,85.625,82.0625,71.3203125,128.2890625,234.93359375,222.40625,201.03125,0.0,0.0,0.484375,74.12167358398438
none,1,926,1.0,0.0,1.0,1.0,1.0,1.0,22.0625,84.90625,83.4453125,70.3359375,127.828125,232.2265625,227.359375,198.22265625,0.0,0.0,0.45703125,74.34029388427734
none,1,927,1.0,0.0,1.0,1.0,1.0,1.0,22.31640625,84.18359375,82.6015625,70.5390625,133.53125,229.84765625,222.734375,199.08203125,0.0,0.0,0.5390625,73.35651397705078
none,1,928,1.0,0.0,1.0,1.0,1.0,1.0,22.54296875,84.3671875,83.02734375,69.65625,130.4453125,230.4453125,224.8203125,195.26953125,0.0,0.0,0.51171875,73.7408447265625
none,1,929,1.0,0.0,1.0,1.0,1.0,1.0,22.4375,85.4609375,83.06640625,69.01171875,128.82421875,233.5078125,224.26953125,193.31640625,0.0,0.0,0.4765625,73.31028747558594
none,1,930,1.0,0.0,1.0,1.0,1.0,1.0,22.8125,84.67578125,81.8046875,70.30859375,129.60546875,230.9765625,222.0390625,198.45703125,0.0,0.0,0.484375,73.03681945800781
none,1,931,1.0,0.0,1.0,1.0,1.0,1.0,22.46875,85.375,81.78515625,68.62109375,129.70703125,235.44921875,221.29296875,193.89453125,0.0,0.0,0.46875,73.11738586425781
none,1,932,1.0,0.0,1.0,1.0,1.0,1.0,21.52734375,85.8125,82.90234375,67.83203125,126.81640625,236.078125,224.7578125,192.578125,0.0,0.0,0.4296875,73.62562561035156
none,1,933,1.0,0.0,1.0,1.0,1.0,1.0,22.51171875,86.1953125,81.98046875,68.67578125,129.83984375,237.12890625,220.52734375,193.94921875,0.0,0.0,0.52734375,73.25547790527344
none,1,934,1.0,0.0,1.0,1.0,1.0,1.0,21.96484375,86.390625,81.66015625,70.48828125,128.96875,237.33203125,221.171875,198.7734375,0.0,0.0,0.5078125,74.16180419921875
none,1,935,1.0,0.0,1.0,1.0,1.0,1.0,21.890625,86.2109375,82.90625,69.53125,126.9296875,237.4140625,222.3203125,196.01171875,0.0,0.0,0.5625,73.8875732421875
none,1,936,1.0,0.0,1.0,1.0,1.0,1.0,22.3515625,85.6640625,82.66796875,70.21484375,129.484375,234.40234375,222.30859375,198.08203125,0.0,0.0,0.4453125,74.29243469238281
none,1,937,1.0,0.0,1.0,1.0,1.0,1.0,22.26953125,84.671875,83.10546875,69.2578125,128.875,231.8984375,223.6796875,194.26171875,0.0,0.0,0.46484375,73.2883529663086
none,1,938,1.0,0.0,1.0,1.0,1.0,1.0,21.83984375,86.953125,83.91796875,69.14453125,125.79296875,238.2890625,226.92578125,192.83984375,0.0,0.0,0.4609375,74.53793334960938
none,1,939,1.0,0.0,1.0,1.0,1.0,1.0,22.37890625,85.9609375,83.1171875,68.87109375,129.140625,235.63671875,223.44140625,192.69921875,0.0,0.0,0.5390625,73.89120483398438
none,1,940,1.0,0.0,1.0,1.0,1.0,1.0,22.9140625,85.7265625,83.09765625,70.57421875,131.50390625,234.33203125,221.8125,197.9609375,0.0,0.0,0.5,74.32695007324219
none,1,941,1.0,0.0,1.0,1.0,1.0,1.0,22.4296875,85.09375,83.18359375,70.21875,129.7265625,232.45703125,223.18359375,195.7890625,0.0,0.0,0.57421875,73.67900848388672
none,1,942,1.0,0.0,1.0,1.0,1.0,1.0,22.6953125,85.57421875,82.828125,69.73828125,129.86328125,233.609375,222.13671875,195.9375,0.0,0.0,0.515625,73.70437622070312
none,1,943,1.0,0.0,1.0,1.0,1.0,1.0,22.5234375,86.23046875,81.91015625,69.9765625,129.1171875,236.90625,219.61328125,196.609375,0.0,0.0,0.3984375,74.13973999023438
none,1,944,1.0,0.0,1.0,1.0,1.0,1.0,22.7265625,86.77734375,82.640625,69.98046875,130.7109375,239.390625,221.8515625,195.0,0.0,0.0,0.515625,74.40341186523438
none,1,945,1.0,0.0,1.0,1.0,1.0,1.0,22.8515625,86.91015625,82.734375,69.94921875,130.41796875,238.62109375,223.1640625,195.078125,0.0,0.0,0.50390625,74.56275939941406
none,1,946,1.0,0.0,1.0,1.0,1.0,1.0,22.7890625,88.08984375,82.703125,68.86328125,130.73828125,243.34375,222.64453125,192.73828125,0.0,0.0,0.5390625,74.47718811035156
none,1,947,1.0,0.0,1.0,1.0,1.0,1.0,22.32421875,86.71875,82.7109375,70.51171875,131.57421875,237.68359375,222.0234375,196.38671875,0.0,0.0,0.44140625,74.5108642578125
none,1,948,1.0,0.0,1.0,1.0,1.0,1.0,22.97265625,88.015625,82.80078125,68.37890625,129.81640625,241.4375,222.6875,189.41015625,0.0,0.0,0.44921875,74.73188781738281
none,1,949,1.0,0.0,1.0,1.0,1.0,1.0,22.06640625,87.46484375,83.7890625,68.7890625,129.171875,239.05859375,225.2734375,190.21875,0.0,0.0,0.4609375,75.02560424804688
none,1,950,1.0,0.0,1.0,1.0,1.0,1.0,22.00390625,85.515625,82.140625,70.32421875,126.90234375,235.6484375,221.640625,195.8984375,0.0,0.0,0.49609375,74.15105438232422
none,1,951,1.0,0.0,1.0,1.0,1.0,1.0,22.609375,86.04296875,82.84375,69.69140625,127.53125,234.59765625,223.04296875,193.03515625,0.0,0.0,0.515625,73.92266845703125
none,1,952,1.0,0.0,1.0,1.0,1.0,1.0,22.50390625,85.66015625,83.9609375,69.5625,126.765625,235.13671875,226.5625,193.69921875,0.0,0.0,0.53125,74.502197265625
none,1,953,1.0,0.0,1.0,1.0,1.0,1.0,21.7265625,86.59375,83.828125,69.65625,123.62890625,235.859375,225.453125,194.796875,0.0,0.0,0.4765625,74.5849838256836
none,1,954,1.0,0.0,1.0,1.0,1.0,1.0,22.5,86.234375,84.0234375,69.625,126.65625,235.23046875,225.98828125,193.24609375,0.0,0.0,0.44140625,74.8834228515625
none,1,955,1.0,0.0,1.0,1.0,1.0,1.0,22.1640625,86.85546875,83.23046875,68.89453125,127.58203125,239.45703125,223.890625,192.9375,0.0,0.0,0.46484375,74.76722717285156
none,1,956,1.0,0.0,1.0,1.0,1.0,1.0,22.76171875,86.45703125,83.00390625,69.8203125,131.6640625,236.52734375,222.1171875,193.31640625,0.0,0.0,0.41015625,74.31661987304688
none,1,957,1.0,0.0,1.0,1.0,1.0,1.0,22.1796875,87.18359375,83.37109375,70.4140625,126.99609375,238.4921875,223.5859375,194.5390625,0.0,0.0,0.50390625,75.48541259765625
none,1,958,1.0,0.0,1.0,1.0,1.0,1.0,22.4765625,88.28515625,83.39453125,68.49609375,129.6796875,242.01953125,223.69921875,189.4140625,0.0,0.0,0.53125,74.67620086669922
none,1,959,1.0,0.0,1.0,1.0,1.0,1.0,22.8125,86.7578125,82.22265625,71.00390625,132.0,238.265625,219.11328125,196.02734375,0.0,0.0,0.47265625,74.7547607421875
none,1,960,1.0,0.0,1.0,1.0,1.0,1.0,22.83984375,86.75,84.02734375,70.74609375,130.40234375,237.875,225.0625,197.05078125,0.0,0.0,0.5078125,75.15062713623047
none,1,961,1.0,0.0,1.0,1.0,1.0,1.0,22.46484375,86.6796875,83.0390625,70.0390625,128.44140625,238.42578125,223.54296875,194.8359375,0.0,0.0,0.46875,74.8077392578125
none,1,962,1.0,0.0,1.0,1.0,1.0,1.0,23.0625,87.05859375,83.390625,70.4921875,130.0703125,239.4296875,223.70703125,195.67578125,0.0,0.0,0.484375,75.51919555664062
none,1,963,1.0,0.0,1.0,1.0,1.0,1.0,22.70703125,86.6484375,82.6484375,70.7265625,133.25,239.5859375,221.58984375,197.6015625,0.0,0.0,0.546875,74.59327697753906
none,1,964,1.0,0.0,1.0,1.0,1.0,1.0,22.78125,85.734375,83.44921875,72.07421875,130.90625,235.4453125,225.49609375,200.16015625,0.0,0.0,0.44140625,75.38945007324219
none,1,965,1.0,0.0,1.0,1.0,1.0,1.0,21.99609375,87.65625,83.75390625,70.9453125,128.66796875,240.4765625,225.578125,197.36328125,0.0,0.0,0.50390625,75.87462615966797
none,1,966,1.0,0.0,1.0,1.0,1.0,1.0,22.9609375,87.3203125,83.4609375,71.8828125,131.87109375,240.046875,224.22265625,199.60546875,0.0,0.0,0.41015625,75.684326171875
none,1,967,1.0,0.0,1.0,1.0,1.0,1.0,22.375,86.0859375,83.44140625,72.4765625,131.25390625,237.30078125,224.796875,200.74609375,0.0,0.0,0.4921875,75.95674133300781
none,1,968,1.0,0.0,1.0,1.0,1.0,1.0,22.36328125,86.91015625,83.09765625,72.078125,129.41796875,237.6328125,222.9375,198.86328125,0.0,0.0,0.51171875,75.39095306396484
none,1,969,1.0,0.0,1.0,1.0,1.0,1.0,21.8359375,86.7109375,83.953125,71.171875,127.53125,238.39453125,226.7890625,196.87890625,0.0,0.0,0.484375,75.73704528808594
none,1,970,1.0,0.0,1.0,1.0,1.0,1.0,22.484375,86.81640625,83.546875,70.28515625,130.99609375,238.59375,223.97265625,193.9921875,0.0,0.0,0.42578125,75.2645034790039
none,1,971,1.0,0.0,1.0,1.0,1.0,1.0,22.8828125,87.015625,83.2890625,69.3125,131.9453125,237.578125,222.88671875,193.01171875,0.0,0.0,0.40625,74.27355194091797
none,1,972,1.0,0.0,1.0,1.0,1.0,1.0,22.28125,86.86328125,84.3359375,70.21875,130.00390625,238.08984375,227.203125,195.453125,0.0,0.0,0.50390625,75.34918975830078
none,1,973,1.0,0.0,1.0,1.0,1.0,1.0,22.59765625,87.0625,84.5546875,69.9375,131.30078125,239.4765625,227.40234375,194.28125,0.0,0.0,0.390625,75.44915771484375
none,1,974,1.0,0.0,1.0,1.0,1.0,1.0,22.875,87.0390625,83.38671875,71.8203125,135.140625,238.953125,224.34375,199.8984375,0.0,0.0,0.5078125,75.94607543945312
none,1,975,1.0,0.0,1.0,1.0,1.0,1.0,22.6171875,85.296875,82.83984375,72.0390625,132.34765625,234.17578125,223.203125,200.49609375,0.0,0.0,0.421875,74.7681884765625
none,1,976,1.0,0.0,1.0,1.0,1.0,1.0,22.234375,87.21875,83.484375,71.234375,128.375,239.78125,225.01171875,198.125,0.0,0.0,0.40625,75.65678405761719
none,1,977,1.0,0.0,1.0,1.0,1.0,1.0,22.62109375,86.41015625,84.98046875,71.80859375,130.98828125,237.671875,228.625,199.1484375,0.0,0.0,0.484375,75.69490051269531
none,1,978,1.0,0.0,1.0,1.0,1.0,1.0,22.66015625,86.51953125,83.99609375,72.17578125,128.91015625,238.05078125,226.01171875,200.84765625,0.0,0.0,0.41796875,76.10555267333984
none,1,979,1.0,0.0,1.0,1.0,1.0,1.0,22.55078125,86.796875,84.17578125,71.4296875,131.3046875,238.48828125,226.67578125,199.01953125,0.0,0.0,0.4765625,75.61984252929688
none,1,980,1.0,0.0,1.0,1.0,1.0,1.0,22.6953125,86.66015625,84.7421875,71.984375,132.1796875,238.5,228.1015625,199.875,0.0,0.0,0.4453125,75.98089599609375
none,1,981,1.0,0.0,1.0,1.0,1.0,1.0,22.390625,86.06640625,84.51171875,72.66796875,130.078125,235.078125,227.9375,203.76171875,0.0,0.0,0.453125,75.89695739746094
none,1,982,1.0,0.0,1.0,1.0,1.0,1.0,23.421875,85.94140625,85.01953125,72.53515625,135.3828125,237.23828125,228.8046875,202.7890625,0.0,0.0,0.50390625,75.91981506347656
none,1,983,1.0,0.0,1.0,1.0,1.0,1.0,22.88671875,86.14453125,84.72265625,72.9375,134.38671875,236.0078125,228.38671875,202.5234375,0.0,0.0,0.45703125,76.52175903320312
none,1,984,1.0,0.0,1.0,1.0,1.0,1.0,22.83203125,87.44140625,83.90234375,72.34765625,133.27734375,240.2421875,224.53515625,202.2265625,0.0,0.0,0.40625,75.99005889892578
none,1,985,1.0,0.0,1.0,1.0,1.0,1.0,22.609375,88.5234375,84.05078125,71.484375,133.30078125,241.8359375,226.44921875,199.76171875,0.0,0.0,0.43359375,76.03907775878906
none,1,986,1.0,0.0,1.0,1.0,1.0,1.0,23.3984375,85.8203125,84.3046875,72.578125,134.6796875,236.03515625,226.71484375,200.98828125,0.0,0.0,0.46875,75.67378234863281
none,1,987,1.0,0.0,1.0,1.0,1.0,1.0,22.63671875,86.734375,83.875,73.3984375,134.82421875,236.62109375,226.26171875,204.90234375,0.0,0.0,0.4453125,76.57563781738281
none,1,988,1.0,0.0,1.0,1.0,1.0,1.0,23.3828125,86.4375,83.8828125,71.421875,136.15234375,238.00390625,224.9296875,199.2109375,0.0,0.0,0.44140625,75.74588012695312
none,1,989,1.0,0.0,1.0,1.0,1.0,1.0,23.12109375,87.25,84.44140625,72.48828125,136.5390625,239.76953125,226.12109375,202.40625,0.0,0.0,0.39453125,76.31031799316406
none,1,990,1.0,0.0,1.0,1.0,1.0,1.0,23.3671875,87.3515625,84.77734375,71.52734375,137.0625,239.50390625,226.5859375,200.4140625,0.0,0.0,0.5390625,76.30428314208984
none,1,991,1.0,0.0,1.0,1.0,1.0,1.0,22.51953125,86.14453125,85.3671875,72.99609375,131.0234375,236.09375,230.125,202.9140625,0.0,0.0,0.3984375,76.36421203613281
none,1,992,1.0,0.0,1.0,1.0,1.0,1.0,22.33984375,85.87109375,84.4453125,73.9765625,133.46875,235.41015625,227.05078125,205.60546875,0.0,0.0,0.4453125,76.60020446777344
none,1,993,1.0,0.0,1.0,1.0,1.0,1.0,22.76953125,85.73046875,85.328125,72.98828125,136.90234375,236.4140625,228.8828125,203.609375,0.0,0.0,0.50390625,76.18131256103516
none,1,994,1.0,0.0,1.0,1.0,1.0,1.0,23.31640625,85.859375,84.98828125,73.73046875,136.37109375,234.81640625,228.5,205.046875,0.0,0.0,0.46875,76.72746276855469
none,1,995,1.0,0.0,1.0,1.0,1.0,1.0,23.88671875,85.72265625,83.1796875,72.984375,140.22265625,233.88671875,222.84765625,203.01953125,0.0,0.0,0.41796875,75.31719207763672
none,1,996,1.0,0.0,1.0,1.0,1.0,1.0,24.0703125,85.04296875,83.796875,73.55859375,141.76953125,232.7421875,225.234375,204.87109375,0.0,0.0,0.46875,76.06649780273438
none,1,997,1.0,0.0,1.0,1.0,1.0,1.0,23.3515625,86.171875,85.51171875,73.234375,136.19921875,233.59765625,228.875,203.1875,0.0,0.0,0.46484375,76.65235900878906
none,1,998,1.0,0.0,1.0,1.0,1.0,1.0,22.70703125,86.4765625,84.3125,72.90625,133.72265625,234.78515625,225.84765625,202.546875,0.0,0.0,0.421875,76.65609741210938
none,1,999,1.0,0.0,1.0,1.0,1.0,1.0,23.19140625,85.703125,84.91015625,73.25390625,135.41796875,234.1328125,227.58984375,204.34375,0.0,0.0,0.41015625,76.30078125
none,1,1000,1.0,0.0,1.0,1.0,1.0,1.0,22.84375,85.4296875,85.60546875,72.203125,135.3984375,231.54296875,228.40234375,200.5703125,0.0,0.0,0.5078125,76.25362396240234
none,1,1001,1.0,0.0,1.0,1.0,1.0,1.0,23.00390625,86.65625,85.11328125,70.8671875,132.31640625,235.62890625,227.84765625,194.80078125,0.0,0.0,0.4296875,76.01510620117188
none,1,1002,1.0,0.0,1.0,1.0,1.0,1.0,23.0390625,86.91015625,85.71484375,72.671875,133.453125,235.08984375,231.71484375,200.27734375,0.0,0.0,0.484375,76.8890609741211
none,1,1003,1.0,0.0,1.0,1.0,1.0,1.0,23.140625,87.34765625,85.703125,71.29296875,136.8046875,238.34375,229.27734375,196.59765625,0.0,0.0,0.47265625,76.25888061523438
none,1,1004,1.0,0.0,1.0,1.0,1.0,1.0,23.40234375,86.46875,85.83984375,72.91796875,137.93359375,234.2421875,230.43359375,200.3828125,0.0,0.0,0.46875,76.72191619873047
none,1,1005,1.0,0.0,1.0,1.0,1.0,1.0,22.859375,86.6640625,86.109375,72.48828125,135.34375,235.5078125,231.5390625,200.3671875,0.0,0.0,0.38671875,76.86174011230469
none,1,1006,1.0,0.0,1.0,1.0,1.0,1.0,23.484375,86.5390625,84.25390625,72.32421875,137.640625,236.359375,225.58203125,200.13671875,0.0,0.0,0.4921875,76.64400482177734
none,1,1007,1.0,0.0,1.0,1.0,1.0,1.0,23.66015625,87.41796875,84.8984375,71.9140625,137.1953125,240.73046875,226.85546875,199.57421875,0.0,0.0,0.46875,76.21997833251953
none,1,1008,1.0,0.0,1.0,1.0,1.0,1.0,23.28515625,86.75390625,85.6875,72.99609375,137.14453125,236.6015625,230.9140625,201.3125,0.0,0.0,0.4453125,76.6624526977539
none,1,1009,1.0,0.0,1.0,1.0,1.0,1.0,22.6796875,86.69140625,85.11328125,72.53515625,134.38671875,236.70703125,228.5546875,201.96875,0.0,0.0,0.47265625,76.67472839355469
none,1,1010,1.0,0.0,1.0,1.0,1.0,1.0,23.07421875,86.64453125,85.88671875,72.96484375,135.51953125,235.94921875,230.23828125,202.38671875,0.0,0.0,0.54296875,76.54536437988281
none,1,1011,1.0,0.0,1.0,1.0,1.0,1.0,22.515625,86.328125,85.83984375,72.296875,133.4765625,237.3984375,231.91015625,200.06640625,0.0,0.0,0.46875,76.66133880615234
none,1,1012,1.0,0.0,1.0,1.0,1.0,1.0,23.07421875,86.1484375,85.07421875,73.78125,137.96875,234.44140625,227.671875,205.15234375,0.0,0.0,0.45703125,76.66939544677734
none,1,1013,1.0,0.0,1.0,1.0,1.0,1.0,23.3515625,85.9609375,84.734375,73.73046875,137.80078125,234.8984375,226.7109375,207.05859375,0.0,0.0,0.37109375,76.44930267333984
none,1,1014,1.0,0.0,1.0,1.0,1.0,1.0,22.9609375,85.59765625,85.42578125,75.12890625,136.11328125,234.03125,230.90234375,209.828125,0.0,0.0,0.47265625,77.10914611816406
none,1,1015,1.0,0.0,1.0,1.0,1.0,1.0,23.3828125,86.69140625,84.859375,74.26953125,139.8515625,236.98828125,229.27734375,208.39453125,0.0,0.0,0.40625,77.63185119628906
none,1,1016,1.0,0.0,1.0,1.0,1.0,1.0,23.15234375,86.66015625,86.1484375,73.53125,137.984375,237.8125,231.94921875,204.9296875,0.0,0.0,0.4609375,77.45375061035156
none,1,1017,1.0,0.0,1.0,1.0,1.0,1.0,23.328125,86.859375,85.23828125,73.66015625,139.41015625,238.37890625,229.875,205.59375,0.0,0.0,0.38671875,77.05235290527344
none,1,1018,1.0,0.0,1.0,1.0,1.0,1.0,23.4921875,86.72265625,86.0078125,73.640625,140.4296875,238.49609375,231.83203125,204.265625,0.0,0.0,0.421875,77.68102264404297
none,1,1019,1.0,0.0,1.0,1.0,1.0,1.0,22.76171875,87.01171875,85.0,73.0625,135.6875,237.1015625,230.296875,202.59375,0.0,0.0,0.46875,76.91355895996094
none,1,1020,1.0,0.0,1.0,1.0,1.0,1.0,23.0625,87.296875,86.734375,73.76171875,137.37109375,238.1875,233.28125,205.26953125,0.0,0.0,0.4140625,77.85050201416016
none,1,1021,1.0,0.0,1.0,1.0,1.0,1.0,22.91796875,86.14453125,85.6640625,73.7890625,138.3125,234.09765625,231.9375,205.078125,0.0,0.0,0.41796875,77.0147705078125
none,1,1022,1.0,0.0,1.0,1.0,1.0,1.0,22.75390625,85.7109375,85.28515625,73.19140625,137.07421875,234.26171875,230.63671875,203.01953125,0.0,0.0,0.47265625,76.5594711303711
none,1,1023,1.0,0.0,1.0,1.0,1.0,1.0,23.0390625,86.15234375,85.5078125,73.99609375,137.60546875,233.53515625,228.9921875,205.00390625,0.0,0.0,0.46875,77.19921112060547
none,1,1024,1.0,0.0,1.0,1.0,1.0,1.0,22.70703125,86.34375,86.1875,73.6796875,135.8515625,235.796875,231.8046875,203.3828125,0.0,0.0,0.4140625,76.94014739990234
none,1,1025,1.0,0.0,1.0,1.0,1.0,1.0,23.1953125,86.4921875,85.05078125,74.01171875,138.9140625,236.20703125,228.98046875,205.66796875,0.0,0.0,0.47265625,76.96034240722656
none,1,1026,1.0,0.0,1.0,1.0,1.0,1.0,22.87890625,87.828125,85.828125,73.17578125,136.75,239.60546875,231.3828125,202.65625,0.0,0.0,0.5234375,77.69706726074219
none,1,1027,1.0,0.0,1.0,1.0,1.0,1.0,22.9921875,86.96484375,86.1953125,72.88671875,137.85546875,238.33984375,231.9140625,201.09765625,0.0,0.0,0.42578125,77.08995819091797
none,1,1028,1.0,0.0,1.0,1.0,1.0,1.0,22.87109375,87.74609375,85.9453125,74.3359375,136.61328125,238.5546875,230.99609375,206.91015625,0.0,0.0,0.48046875,78.2971420288086
none,1,1029,1.0,0.0,1.0,1.0,1.0,1.0,23.1875,87.765625,85.98046875,73.65625,138.52734375,237.32421875,230.5546875,204.44921875,0.0,0.0,0.4296875,77.58848571777344
none,1,1030,1.0,0.0,1.0,1.0,1.0,1.0,22.76953125,86.83984375,86.7734375,74.51953125,134.90234375,237.26171875,232.13671875,206.03125,0.0,0.0,0.48046875,78.16584777832031
none,1,1031,1.0,0.0,1.0,1.0,1.0,1.0,22.953125,87.078125,85.30078125,72.20703125,138.02734375,235.77734375,230.36328125,201.15625,0.0,0.0,0.46484375,77.05760955810547
none,1,1032,1.0,0.0,1.0,1.0,1.0,1.0,22.453125,88.078125,84.875,72.37890625,135.2734375,238.10546875,227.1015625,200.12890625,0.0,0.0,0.47265625,77.0042495727539
none,1,1033,1.0,0.0,1.0,1.0,1.0,1.0,22.8125,86.9609375,84.90625,72.9921875,134.13671875,235.98046875,227.6015625,202.125,0.0,0.0,0.46875,76.76393127441406
none,1,1034,1.0,0.0,1.0,1.0,1.0,1.0,23.1015625,86.3515625,85.3203125,73.68359375,138.08203125,235.1640625,228.71484375,203.92578125,0.0,0.0,0.47265625,77.26634979248047
none,1,1035,1.0,0.0,1.0,1.0,1.0,1.0,23.08203125,86.29296875,86.625,73.54296875,138.96484375,234.38671875,231.73046875,204.1015625,0.0,0.0,0.44921875,77.18600463867188
none,1,1036,1.0,0.0,1.0,1.0,1.0,1.0,23.640625,85.5234375,87.03125,73.3828125,139.68359375,233.4921875,232.3203125,204.67578125,0.0,0.0,0.43359375,77.4090347290039
none,1,1037,1.0,0.0,1.0,1.0,1.0,1.0,22.05859375,87.375,86.62109375,73.19140625,133.6640625,236.4140625,231.5,203.60546875,0.0,0.0,0.48046875,77.95640563964844
none,1,1038,1.0,0.0,1.0,1.0,1.0,1.0,22.41796875,87.62890625,86.09375,71.89453125,133.4375,238.72265625,231.484375,199.9765625,0.0,0.0,0.390625,77.2496337890625
none,1,1039,1.0,0.0,1.0,1.0,1.0,1.0,22.5390625,85.54296875,86.11328125,74.0625,134.79296875,231.3828125,230.359375,206.33203125,0.0,0.0,0.4453125,77.26425170898438
none,1,1040,1.0,0.0,1.0,1.0,1.0,1.0,22.890625,86.7578125,86.32421875,73.94921875,136.83203125,236.55859375,232.23046875,205.78515625,0.0,0.0,0.4140625,77.52739715576172
none,1,1041,1.0,0.0,1.0,1.0,1.0,1.0,22.18359375,86.296875,86.37890625,75.125,133.09375,233.7265625,232.4140625,209.55078125,0.0,0.0,0.53125,77.61418151855469
none,1,1042,1.0,0.0,1.0,1.0,1.0,1.0,23.21875,89.1328125,85.87109375,72.97265625,137.140625,242.15625,231.1484375,200.6953125,0.0,0.0,0.453125,77.58906555175781
none,1,1043,1.0,0.0,1.0,1.0,1.0,1.0,22.47265625,87.80859375,87.10546875,73.3203125,134.44921875,239.5625,234.875,204.01171875,0.0,0.0,0.40625,77.90185546875
none,1,1044,1.0,0.0,1.0,1.0,1.0,1.0,21.87890625,87.875,86.5859375,73.5390625,134.8046875,238.71484375,231.3984375,204.46484375,0.0,0.0,0.47265625,77.78413391113281
none,1,1045,1.0,0.0,1.0,1.0,1.0,1.0,22.28515625,88.33203125,86.91015625,72.5234375,133.3125,241.4375,234.3828125,201.8828125,0.0,0.0,0.41796875,78.00732421875
none,1,1046,1.0,0.0,1.0,1.0,1.0,1.0,22.09375,87.6953125,86.4140625,73.9765625,134.58203125,238.63671875,232.99609375,205.1796875,0.0,0.0,0.39453125,78.39176940917969
none,1,1047,1.0,0.0,1.0,1.0,1.0,1.0,22.1328125,87.98828125,86.31640625,74.1171875,133.56640625,237.31640625,230.68359375,205.9140625,0.0,0.0,0.46484375,78.4458999633789
none,1,1048,1.0,0.0,1.0,1.0,1.0,1.0,22.1171875,86.80859375,86.16015625,74.140625,135.4140625,236.0234375,231.8828125,204.64453125,0.0,0.0,0.4296875,77.80671691894531
none,1,1049,1.0,0.0,1.0,1.0,1.0,1.0,22.85546875,89.125,86.09375,73.71484375,134.55859375,242.6875,231.1015625,203.109375,0.0,0.0,0.4921875,78.20508575439453
none,1,1050,1.0,0.0,1.0,1.0,1.0,1.0,22.734375,88.4296875,87.50390625,75.90234375,135.59375,238.4296875,234.515625,208.40234375,0.0,0.0,0.39453125,79.36544799804688
none,1,1051,1.0,0.0,1.0,1.0,1.0,1.0,22.23046875,87.2265625,87.3125,73.171875,133.59375,237.75390625,234.92578125,202.796875,0.0,0.0,0.421875,77.92376708984375
none,1,1052,1.0,0.0,1.0,1.0,1.0,1.0,21.9921875,88.0546875,85.6640625,73.29296875,133.296875,239.8515625,229.26953125,202.15234375,0.0,0.0,0.44921875,78.22726440429688
none,1,1053,1.0,0.0,1.0,1.0,1.0,1.0,22.24609375,87.62890625,85.65625,73.578125,133.57421875,236.14453125,230.15625,204.5,0.0,0.0,0.43359375,77.36105346679688
none,1,1054,1.0,0.0,1.0,1.0,1.0,1.0,21.76171875,87.140625,87.4765625,72.453125,132.4140625,236.9375,235.0625,200.59375,0.0,0.0,0.43359375,77.7333755493164
none,1,1055,1.0,0.0,1.0,1.0,1.0,1.0,22.26953125,89.17578125,87.3828125,72.0,134.5546875,243.9375,235.6796875,199.62109375,0.0,0.0,0.4453125,78.16094970703125
none,1,1056,1.0,0.0,1.0,1.0,1.0,1.0,22.4140625,88.0703125,87.171875,72.98046875,134.1953125,238.78515625,233.859375,204.015625,0.0,0.0,0.49609375,78.35629272460938
none,1,1057,1.0,0.0,1.0,1.0,1.0,1.0,21.89453125,88.953125,87.03125,71.43359375,132.07421875,242.5859375,234.75,198.60546875,0.0,0.0,0.47265625,77.65287780761719
none,1,1058,1.0,0.0,1.0,1.0,1.0,1.0,21.91796875,87.9609375,86.19140625,73.06640625,131.22265625,238.27734375,231.89453125,202.91796875,0.0,0.0,0.46484375,77.7109603881836
none,1,1059,1.0,0.0,1.0,1.0,1.0,1.0,21.1328125,88.40234375,86.76171875,72.65234375,127.67578125,239.953125,232.47265625,201.58984375,0.0,0.0,0.46875,77.79222869873047
none,1,1060,1.0,0.0,1.0,1.0,1.0,1.0,22.15234375,89.51953125,86.0234375,72.2109375,131.3984375,241.6328125,230.26953125,199.62890625,0.0,0.0,0.4453125,78.10173797607422
none,1,1061,1.0,0.0,1.0,1.0,1.0,1.0,21.15625,88.22265625,86.37109375,73.22265625,130.2890625,237.7734375,231.3515625,203.73046875,0.0,0.0,0.40234375,78.0548324584961
none,1,1062,1.0,0.0,1.0,1.0,1.0,1.0,21.43359375,87.9765625,85.87109375,74.1640625,130.40625,238.28515625,228.0625,204.8828125,0.0,0.0,0.4296875,78.12822723388672
none,1,1063,1.0,0.0,1.0,1.0,1.0,1.0,21.73046875,87.89453125,86.4921875,73.828125,130.57421875,238.10546875,231.703125,204.6953125,0.0,0.0,0.51953125,77.85926055908203
none,1,1064,1.0,0.0,1.0,1.0,1.0,1.0,21.13671875,88.19140625,86.83203125,71.4296875,127.3984375,239.82421875,231.6953125,197.87109375,0.0,0.0,0.51953125,77.46853637695312
none,1,1065,1.0,0.0,1.0,1.0,1.0,1.0,21.234375,88.90234375,87.328125,71.6796875,127.58203125,241.7421875,233.859375,198.0625,0.0,0.0,0.5,78.00977325439453
none,1,1066,1.0,0.0,1.0,1.0,1.0,1.0,20.85546875,88.62109375,86.71875,73.671875,127.67578125,239.109375,233.15234375,204.7578125,0.0,0.0,0.43359375,78.67437744140625
none,1,1067,1.0,0.0,1.0,1.0,1.0,1.0,20.5859375,88.203125,87.22265625,73.078125,124.22265625,239.11328125,232.91796875,202.3359375,0.0,0.0,0.4453125,78.36415100097656
none,1,1068,1.0,0.0,1.0,1.0,1.0,1.0,21.07421875,88.5390625,86.8515625,73.359375,128.6640625,240.30078125,234.265625,204.30859375,0.0,0.0,0.48828125,78.29458618164062
none,1,1069,1.0,0.0,1.0,1.0,1.0,1.0,21.03125,88.13671875,86.96875,73.83984375,127.38671875,238.90625,232.42578125,205.58203125,0.0,0.0,0.4296875,78.55598449707031
none,1,1070,1.0,0.0,1.0,1.0,1.0,1.0,21.19921875,87.47265625,88.80859375,74.45703125,126.421875,236.73046875,238.65625,208.671875,0.0,0.0,0.47265625,79.17411804199219
none,1,1071,1.0,0.0,1.0,1.0,1.0,1.0,20.8046875,87.9296875,88.14453125,74.2421875,126.0546875,237.5234375,236.26953125,205.359375,0.0,0.0,0.46875,78.87620544433594
none,1,1072,1.0,0.0,1.0,1.0,1.0,1.0,20.94921875,88.25,87.75390625,74.67578125,128.734375,239.2890625,236.0546875,206.87109375,0.0,0.0,0.45703125,78.985595703125
none,1,1073,1.0,0.0,1.0,1.0,1.0,1.0,20.109375,87.72265625,88.4765625,74.02734375,124.390625,237.27734375,236.83984375,204.9375,0.0,0.0,0.4296875,79.0691146850586
none,1,1074,1.0,0.0,1.0,1.0,1.0,1.0,20.25,89.71875,88.4765625,72.26953125,122.52734375,243.21484375,237.39453125,199.16796875,0.0,0.0,0.375,79.5941390991211
none,1,1075,1.0,0.0,1.0,1.0,1.0,1.0,20.3046875,88.921875,88.65234375,71.8125,122.12109375,241.58984375,236.734375,197.51171875,0.0,0.0,0.46484375,78.78313446044922
none,1,1076,1.0,0.0,1.0,1.0,1.0,1.0,20.375,89.66015625,88.61328125,72.66015625,122.30859375,242.65625,237.296875,200.6015625,0.0,0.0,0.4375,78.77391815185547
none,1,1077,1.0,0.0,1.0,1.0,1.0,1.0,20.4609375,89.97265625,87.125,71.66015625,120.5,243.56640625,232.4765625,198.33203125,0.0,0.0,0.44140625,78.41997528076172
none,1,1078,1.0,0.0,1.0,1.0,1.0,1.0,20.7890625,89.30078125,88.15234375,71.7734375,122.17578125,240.69140625,234.8046875,196.08203125,0.0,0.0,0.49609375,78.93296813964844
none,1,1079,1.0,0.0,1.0,1.0,1.0,1.0,20.140625,88.87109375,88.3671875,72.34375,120.4609375,239.5546875,235.34375,199.20703125,0.0,0.0,0.4609375,78.56066131591797
none,1,1080,1.0,0.0,1.0,1.0,1.0,1.0,20.1953125,89.5859375,87.07421875,72.03515625,122.00390625,242.36328125,232.578125,199.44921875,0.0,0.0,0.47265625,78.31903076171875
none,1,1081,1.0,0.0,1.0,1.0,1.0,1.0,20.28125,89.5703125,88.1171875,72.66796875,122.53125,241.578125,236.0546875,198.90625,0.0,0.0,0.46875,79.4172592163086
none,1,1082,1.0,0.0,1.0,1.0,1.0,1.0,20.1484375,88.4765625,88.2734375,72.328125,122.265625,238.5703125,237.296875,199.87109375,0.0,0.0,0.484375,78.37655639648438
none,1,1083,1.0,0.0,1.0,1.0,1.0,1.0,19.921875,90.01171875,87.83984375,71.95703125,119.90625,243.76171875,233.98046875,198.2109375,0.0,0.0,0.4453125,79.15953826904297
none,1,1084,1.0,0.0,1.0,1.0,1.0,1.0,20.02734375,89.19140625,89.17578125,71.94140625,119.12890625,240.328125,238.6171875,198.73828125,0.0,0.0,0.4609375,79.71673583984375
none,1,1085,1.0,0.0,1.0,1.0,1.0,1.0,20.44921875,90.3515625,88.3359375,72.0625,123.4609375,245.73046875,236.04296875,199.6328125,0.0,0.0,0.484375,79.18405151367188
none,1,1086,1.0,0.0,1.0,1.0,1.0,1.0,19.6875,89.6015625,88.35546875,72.8984375,115.984375,244.12109375,237.88671875,202.74609375,0.0,0.0,0.5078125,79.83615112304688
none,1,1087,1.0,0.0,1.0,1.0,1.0,1.0,20.1484375,90.32421875,87.62890625,71.3203125,120.33203125,245.91015625,234.2734375,199.453125,0.0,0.0,0.48046875,78.59618377685547
none,1,1088,1.0,0.0,1.0,1.0,1.0,1.0,20.04296875,90.44921875,87.26171875,73.984375,122.82421875,245.25390625,233.36328125,205.57421875,0.0,0.0,0.41015625,79.67697143554688
none,1,1089,1.0,0.0,1.0,1.0,1.0,1.0,19.77734375,88.984375,89.48828125,72.328125,120.0078125,241.45703125,241.1875,201.8203125,0.0,0.0,0.39453125,79.552001953125
none,1,1090,1.0,0.0,1.0,1.0,1.0,1.0,20.515625,89.515625,88.0390625,73.5390625,122.5703125,241.9921875,236.125,205.19140625,0.0,0.0,0.41015625,79.36155700683594
none,1,1091,1.0,0.0,1.0,1.0,1.0,1.0,20.12109375,91.28515625,88.6328125,73.34375,120.34375,247.96484375,238.29296875,205.6875,0.0,0.0,0.39453125,80.25121307373047
none,1,1092,1.0,0.0,1.0,1.0,1.0,1.0,20.453125,90.21484375,88.67578125,71.90234375,122.58984375,246.04296875,237.6953125,201.078125,0.0,0.0,0.4453125,79.1593017578125
none,1,1093,1.0,0.0,1.0,1.0,1.0,1.0,20.79296875,90.2734375,87.49609375,73.7109375,125.359375,245.4765625,235.609375,205.00390625,0.0,0.0,0.4296875,79.44519805908203
none,1,1094,1.0,0.0,1.0,1.0,1.0,1.0,19.65234375,91.03125,88.3046875,72.84375,118.890625,247.83984375,237.3828125,201.92578125,0.0,0.0,0.43359375,80.13609313964844
none,1,1095,1.0,0.0,1.0,1.0,1.0,1.0,19.90234375,90.66796875,88.3984375,71.79296875,118.59765625,246.95703125,237.671875,198.88671875,0.0,0.0,0.4375,79.32861328125
none,1,1096,1.0,0.0,1.0,1.0,1.0,1.0,20.02734375,90.6328125,87.0,73.25390625,120.375,247.828125,233.703125,204.05078125,0.0,0.0,0.484375,79.74868774414062
none,1,1097,1.0,0.0,1.0,1.0,1.0,1.0,19.5078125,89.94921875,88.79296875,74.87109375,118.23828125,244.83984375,237.9921875,207.61328125,0.0,0.0,0.4453125,80.86856079101562
none,1,1098,1.0,0.0,1.0,1.0,1.0,1.0,20.05078125,91.53515625,87.8359375,71.6171875,122.2265625,249.8984375,235.9375,197.4765625,0.0,0.0,0.3984375,78.96287536621094
none,1,1099,1.0,0.0,1.0,1.0,1.0,1.0,19.7109375,91.30078125,88.765625,72.21484375,120.0625,247.953125,237.75390625,197.3515625,0.0,0.0,0.37890625,80.413330078125
none,1,1100,1.0,0.0,1.0,1.0,1.0,1.0,20.10546875,90.4140625,88.265625,73.8984375,118.03515625,245.14453125,237.26953125,203.46875,0.0,0.0,0.37890625,79.85515594482422
none,1,1101,1.0,0.0,1.0,1.0,1.0,1.0,19.41796875,89.9765625,88.484375,73.8046875,114.94921875,243.61328125,236.56640625,200.89453125,0.0,0.0,0.44921875,79.97295379638672
none,1,1102,1.0,0.0,1.0,1.0,1.0,1.0,19.74609375,90.4453125,88.88671875,71.7734375,117.52734375,245.375,237.01171875,197.7421875,0.0,0.0,0.5,79.27214813232422
none,1,1103,1.0,0.0,1.0,1.0,1.0,1.0,19.5234375,90.42578125,89.7265625,72.94140625,116.9609375,245.1328125,239.86328125,200.5625,0.0,0.0,0.4453125,80.41233825683594
none,1,1104,1.0,0.0,1.0,1.0,1.0,1.0,19.71875,92.11328125,88.39453125,72.04296875,119.38671875,251.98046875,236.65625,197.09765625,0.0,0.0,0.3984375,80.53895568847656
none,1,1105,1.0,0.0,1.0,1.0,1.0,1.0,19.6953125,90.4453125,88.54296875,73.1640625,118.2890625,245.03125,238.34765625,202.9609375,0.0,0.0,0.5625,79.8719482421875
none,1,1106,1.0,0.0,1.0,1.0,1.0,1.0,19.17578125,93.0234375,86.984375,72.66015625,117.546875,253.2421875,232.6015625,202.078125,0.0,0.0,0.421875,80.29531860351562
none,1,1107,1.0,0.0,1.0,1.0,1.0,1.0,19.84375,90.98046875,87.9609375,72.1015625,118.76171875,247.875,236.20703125,200.875,0.0,0.0,0.4453125,79.47804260253906
none,1,1108,1.0,0.0,1.0,1.0,1.0,1.0,20.01953125,91.68359375,89.04296875,72.5703125,120.25390625,249.9921875,239.70703125,201.875,0.0,0.0,0.44140625,80.2158203125
none,1,1109,1.0,0.0,1.0,1.0,1.0,1.0,19.6484375,92.6015625,89.02734375,71.16796875,119.5546875,253.7421875,238.85546875,197.6015625,0.0,0.0,0.3984375,81.02726745605469
none,1,1110,1.0,0.0,1.0,1.0,1.0,1.0,19.4609375,92.51953125,90.5546875,71.41796875,118.47265625,252.5625,242.60546875,196.63671875,0.0,0.0,0.42578125,81.31381225585938
none,1,1111,1.0,0.0,1.0,1.0,1.0,1.0,19.1953125,92.11328125,89.99609375,71.34375,116.109375,251.6796875,240.96484375,197.2421875,0.0,0.0,0.3984375,80.58723449707031
none,1,1112,1.0,0.0,1.0,1.0,1.0,1.0,19.59375,92.40234375,91.0,70.66796875,117.1484375,251.32421875,243.14453125,194.6953125,0.0,0.0,0.4453125,81.09310913085938
none,1,1113,1.0,0.0,1.0,1.0,1.0,1.0,19.671875,92.359375,88.93359375,71.2890625,120.359375,251.7890625,237.5,195.828125,0.0,0.0,0.4296875,80.37431335449219
none,1,1114,1.0,0.0,1.0,1.0,1.0,1.0,19.5,92.4609375,89.72265625,72.42578125,119.89453125,250.2890625,238.19921875,200.73828125,0.0,0.0,0.40234375,81.10591125488281
none,1,1115,1.0,0.0,1.0,1.0,1.0,1.0,20.1328125,89.3671875,89.36328125,73.76953125,121.95703125,241.7890625,237.6015625,204.72265625,0.0,0.0,0.44140625,79.70240783691406
none,1,1116,1.0,0.0,1.0,1.0,1.0,1.0,20.93359375,90.6171875,87.921875,73.6171875,125.66015625,245.28125,233.11328125,203.08984375,0.0,0.0,0.41796875,79.90953063964844
none,1,1117,1.0,0.0,1.0,1.0,1.0,1.0,19.85546875,90.81640625,89.42578125,72.5625,119.6328125,244.96875,237.48828125,200.1796875,0.0,0.0,0.38671875,80.1136474609375
none,1,1118,1.0,0.0,1.0,1.0,1.0,1.0,20.03125,90.5703125,90.0703125,73.58203125,116.953125,246.1953125,239.79296875,204.21484375,0.0,0.0,0.40234375,80.76506805419922
none,1,1119,1.0,0.0,1.0,1.0,1.0,1.0,20.44921875,89.14453125,89.62890625,75.53515625,121.6015625,241.62109375,239.06640625,208.765625,0.0,0.0,0.4140625,80.91931915283203
none,1,1120,1.0,0.0,1.0,1.0,1.0,1.0,19.63671875,92.04296875,89.59375,73.15625,117.90234375,248.65625,240.6484375,202.23046875,0.0,0.0,0.36328125,81.22282409667969
none,1,1121,1.0,0.0,1.0,1.0,1.0,1.0,19.59765625,91.3984375,89.2265625,72.98828125,118.546875,249.015625,239.890625,199.66015625,0.0,0.0,0.48828125,80.43721771240234
none,1,1122,1.0,0.0,1.0,1.0,1.0,1.0,20.1328125,92.0390625,89.29296875,72.76953125,121.49609375,250.0078125,238.5390625,200.25390625,0.0,0.0,0.44140625,80.39461517333984
none,1,1123,1.0,0.0,1.0,1.0,1.0,1.0,19.9375,90.7109375,89.60546875,72.30078125,120.28515625,245.60546875,239.65234375,200.890625,0.0,0.0,0.37890625,80.03392028808594
none,1,1124,1.0,0.0,1.0,1.0,1.0,1.0,19.796875,90.6953125,89.19140625,73.8046875,120.17578125,246.58984375,240.01953125,203.5625,0.0,0.0,0.42578125,80.815673828125
none,1,1125,1.0,0.0,1.0,1.0,1.0,1.0,19.55859375,92.29296875,90.37109375,73.01171875,118.3203125,250.42578125,241.8671875,201.80859375,0.0,0.0,0.38671875,81.7313232421875
none,1,1126,1.0,0.0,1.0,1.0,1.0,1.0,19.81640625,91.74609375,89.69921875,73.34375,120.71875,249.0078125,239.39453125,202.0625,0.0,0.0,0.39453125,81.11212158203125
none,1,1127,1.0,0.0,1.0,1.0,1.0,1.0,20.0625,91.4140625,90.15234375,72.55078125,118.4453125,249.71484375,241.0390625,200.51953125,0.0,0.0,0.39453125,80.82037353515625
none,1,1128,1.0,0.0,1.0,1.0,1.0,1.0,20.515625,90.23046875,90.15234375,74.25,121.6015625,244.2421875,239.9453125,205.48046875,0.0,0.0,0.4609375,80.8456802368164
none,1,1129,1.0,0.0,1.0,1.0,1.0,1.0,19.60546875,90.57421875,90.26171875,73.55859375,116.4765625,244.81640625,241.07421875,202.58203125,0.0,0.0,0.41796875,80.66068267822266
none,1,1130,1.0,0.0,1.0,1.0,1.0,1.0,20.0859375,91.79296875,89.828125,72.94921875,120.4296875,249.66015625,238.953125,202.26171875,0.0,0.0,0.4296875,81.30481719970703
none,1,1131,1.0,0.0,1.0,1.0,1.0,1.0,19.72265625,89.234375,89.890625,73.63671875,117.515625,242.43359375,239.45703125,203.8203125,0.0,0.0,0.3515625,80.81305694580078
none,1,1132,1.0,0.0,1.0,1.0,1.0,1.0,19.55078125,90.2109375,89.4375,74.30859375,116.7265625,243.2265625,237.4609375,205.53515625,0.0,0.0,0.44921875,80.78863525390625
none,1,1133,1.0,0.0,1.0,1.0,1.0,1.0,19.6328125,88.8359375,89.2890625,74.890625,119.1171875,239.57421875,238.04296875,207.53125,0.0,0.0,0.45703125,80.5405044555664
none,1,1134,1.0,0.0,1.0,1.0,1.0,1.0,20.21484375,90.4453125,90.55859375,74.06640625,118.84375,244.68359375,241.53515625,204.84375,0.0,0.0,0.4140625,81.10905456542969
none,1,1135,1.0,0.0,1.0,1.0,1.0,1.0,20.47265625,91.3515625,89.20703125,72.87890625,119.72265625,247.9375,238.625,200.7421875,0.0,0.0,0.46484375,80.89524841308594
none,1,1136,1.0,0.0,1.0,1.0,1.0,1.0,20.25390625,89.97265625,90.484375,74.16015625,120.7421875,245.4921875,242.4140625,204.24609375,0.0,0.0,0.39453125,81.02479553222656
none,1,1137,1.0,0.0,1.0,1.0,1.0,1.0,18.90234375,88.90234375,90.3515625,73.74609375,115.41796875,242.484375,243.78125,204.765625,0.0,0.0,0.36328125,80.29200744628906
none,1,1138,1.0,0.0,1.0,1.0,1.0,1.0,19.640625,92.19140625,89.5859375,71.86328125,118.18359375,252.140625,240.234375,197.3828125,0.0,0.0,0.44921875,80.41845703125
none,1,1139,1.0,0.0,1.0,1.0,1.0,1.0,19.69921875,91.796875,89.8984375,72.44140625,119.94140625,251.484375,240.5703125,199.4453125,0.0,0.0,0.4609375,81.52547454833984
none,1,1140,1.0,0.0,1.0,1.0,1.0,1.0,19.40625,91.53125,91.00390625,73.04296875,117.78125,248.84375,243.421875,201.34375,0.0,0.0,0.46875,80.94049835205078
none,1,1141,1.0,0.0,1.0,1.0,1.0,1.0,19.36328125,91.48828125,90.74609375,73.71875,116.07421875,248.62109375,243.78125,203.09765625,0.0,0.0,0.35546875,81.5342025756836
none,1,1142,1.0,0.0,1.0,1.0,1.0,1.0,19.12890625,91.93359375,89.77734375,72.34765625,116.95703125,250.69140625,241.47265625,200.2578125,0.0,0.0,0.4609375,80.58318328857422
none,1,1143,1.0,0.0,1.0,1.0,1.0,1.0,19.4453125,90.0703125,90.0234375,75.1328125,117.85546875,244.22265625,242.88671875,209.08203125,0.0,0.0,0.43359375,81.1195068359375
none,1,1144,1.0,0.0,1.0,1.0,1.0,1.0,19.828125,91.984375,90.6171875,73.80859375,115.92578125,252.83984375,241.61328125,203.4609375,0.0,0.0,0.4453125,82.22439575195312
none,1,1145,1.0,0.0,1.0,1.0,1.0,1.0,20.4921875,91.375,90.78125,73.30078125,120.89453125,249.07421875,242.90625,201.9609375,0.0,0.0,0.40625,81.37235260009766
none,1,1146,1.0,0.0,1.0,1.0,1.0,1.0,19.7265625,91.72265625,90.56640625,74.4296875,119.640625,248.03125,240.9765625,205.3203125,0.0,0.0,0.390625,82.31922912597656
none,1,1147,1.0,0.0,1.0,1.0,1.0,1.0,19.5234375,92.66015625,89.42578125,73.0234375,119.38671875,251.703125,238.07421875,201.30859375,0.0,0.0,0.36328125,81.12628173828125
none,1,1148,1.0,0.0,1.0,1.0,1.0,1.0,19.85546875,90.30859375,89.39453125,74.84765625,119.671875,244.53515625,236.84765625,205.2578125,0.0,0.0,0.3828125,81.3282470703125
none,1,1149,1.0,0.0,1.0,1.0,1.0,1.0,19.2421875,92.87109375,90.9453125,72.9140625,117.62890625,253.03125,240.49609375,199.37109375,0.0,0.0,0.4140625,81.94707489013672
none,1,1150,1.0,0.0,1.0,1.0,1.0,1.0,19.86328125,92.05078125,89.50390625,74.984375,119.08984375,249.30859375,237.171875,204.3515625,0.0,0.0,0.4375,81.98835754394531
none,1,1151,1.0,0.0,1.0,1.0,1.0,1.0,19.625,90.90234375,89.57421875,74.30859375,116.71875,246.5078125,237.68359375,203.72265625,0.0,0.0,0.4609375,80.78939056396484
none,1,1152,1.0,0.0,1.0,1.0,1.0,1.0,19.33203125,92.23046875,90.03515625,73.1484375,117.35546875,250.11328125,238.21484375,200.38671875,0.0,0.0,0.3515625,81.56587219238281
none,1,1153,1.0,0.0,1.0,1.0,1.0,1.0,19.484375,93.02734375,90.44140625,73.79296875,116.80859375,251.984375,239.609375,202.24609375,0.0,0.0,0.421875,82.05659484863281
none,1,1154,1.0,0.0,1.0,1.0,1.0,1.0,19.97265625,92.08203125,90.0,72.59765625,118.10546875,249.67578125,239.23046875,200.76171875,0.0,0.0,0.3671875,81.27210998535156
none,1,1155,1.0,0.0,1.0,1.0,1.0,1.0,20.73046875,93.421875,90.7734375,71.88671875,120.375,251.71875,242.1328125,197.82421875,0.0,0.0,0.44921875,81.85967254638672
none,1,1156,1.0,0.0,1.0,1.0,1.0,1.0,20.03125,92.30859375,89.74609375,72.890625,120.375,249.9296875,239.53125,200.1484375,0.0,0.0,0.453125,80.99493408203125
none,1,1157,1.0,0.0,1.0,1.0,1.0,1.0,20.02734375,92.359375,89.68359375,73.65625,117.8984375,250.4921875,239.0703125,202.85546875,0.0,0.0,0.47265625,81.7523193359375
none,1,1158,1.0,0.0,1.0,1.0,1.0,1.0,19.37109375,93.015625,90.14453125,73.21875,115.95703125,252.48828125,239.9296875,200.1640625,0.0,0.0,0.44140625,82.1761703491211
none,1,1159,1.0,0.0,1.0,1.0,1.0,1.0,19.54296875,93.11328125,90.3828125,74.1953125,117.2265625,253.33203125,240.37109375,203.43359375,0.0,0.0,0.39453125,82.82270050048828
none,1,1160,1.0,0.0,1.0,1.0,1.0,1.0,20.1796875,91.1875,90.921875,74.08984375,117.1171875,247.421875,242.01953125,204.0390625,0.0,0.0,0.3125,81.7624282836914
none,1,1161,1.0,0.0,1.0,1.0,1.0,1.0,19.69921875,91.5078125,91.19140625,73.5546875,119.03515625,249.125,242.7734375,202.3828125,0.0,0.0,0.41015625,82.03221893310547
none,1,1162,1.0,0.0,1.0,1.0,1.0,1.0,19.6171875,92.26953125,91.21875,72.6328125,117.6484375,251.75390625,244.28125,198.93359375,0.0,0.0,0.35546875,81.91275787353516
none,1,1163,1.0,0.0,1.0,1.0,1.0,1.0,20.30859375,92.8359375,90.671875,74.76953125,121.05078125,251.82421875,242.79296875,205.25,0.0,0.0,0.421875,82.56403350830078
none,1,1164,1.0,0.0,1.0,1.0,1.0,1.0,19.63671875,90.48828125,91.28515625,75.6875,119.3125,246.5546875,243.4765625,208.328125,0.0,0.0,0.3984375,82.27952575683594
none,1,1165,1.0,0.0,1.0,1.0,1.0,1.0,20.015625,91.11328125,90.70703125,75.14453125,119.0546875,245.375,242.28125,206.40625,0.0,0.0,0.453125,81.75302124023438
none,1,1166,1.0,0.0,1.0,1.0,1.0,1.0,20.36328125,91.37109375,91.578125,74.31640625,120.4921875,248.64453125,246.33203125,203.2265625,0.0,0.0,0.42578125,82.19932556152344
none,1,1167,1.0,0.0,1.0,1.0,1.0,1.0,20.71484375,91.36328125,91.2578125,75.0,121.25390625,248.3359375,243.5703125,205.796875,0.0,0.0,0.375,82.72193145751953
none,1,1168,1.0,0.0,1.0,1.0,1.0,1.0,20.09765625,90.1875,90.7421875,75.3671875,122.1015625,243.91796875,244.0078125,208.18359375,0.0,0.0,0.421875,81.73052978515625
none,1,1169,1.0,0.0,1.0,1.0,1.0,1.0,20.44140625,92.21875,91.18359375,74.44140625,120.9453125,250.2421875,243.87890625,205.66796875,0.0,0.0,0.37890625,82.35677337646484
none,1,1170,1.0,0.0,1.0,1.0,1.0,1.0,19.9453125,92.171875,89.8359375,75.3203125,118.765625,252.0234375,241.66015625,207.4296875,0.0,0.0,0.41796875,82.23474884033203
none,1,1171,1.0,0.0,1.0,1.0,1.0,1.0,21.015625,91.0,91.03515625,74.5625,125.71875,246.8046875,245.06640625,207.0859375,0.0,0.0,0.3984375,81.8197250366211
none,1,1172,1.0,0.0,1.0,1.0,1.0,1.0,20.48828125,92.5390625,91.328125,74.5390625,119.9140625,251.0859375,244.7734375,206.890625,0.0,0.0,0.375,82.53080749511719
none,1,1173,1.0,0.0,1.0,1.0,1.0,1.0,20.68359375,90.87890625,89.70703125,75.69140625,123.13671875,247.54296875,241.171875,208.76953125,0.0,0.0,0.43359375,81.30818176269531
none,1,1174,1.0,0.0,1.0,1.0,1.0,1.0,20.21484375,91.28515625,90.24609375,74.61328125,120.82421875,248.49609375,242.69921875,207.21484375,0.0,0.0,0.38671875,81.74546813964844
none,1,1175,1.0,0.0,1.0,1.0,1.0,1.0,20.96875,92.41796875,90.67578125,74.78515625,122.9609375,250.88671875,243.078125,206.30859375,0.0,0.0,0.3984375,82.51219940185547
none,1,1176,1.0,0.0,1.0,1.0,1.0,1.0,20.63671875,93.14453125,91.671875,74.4609375,121.6640625,252.72265625,245.45703125,205.2890625,0.0,0.0,0.3984375,82.72410583496094
none,1,1177,1.0,0.0,1.0,1.0,1.0,1.0,20.29296875,91.921875,90.625,75.984375,120.78125,249.1875,242.72265625,209.61328125,0.0,0.0,0.44140625,83.06085205078125
none,1,1178,1.0,0.0,1.0,1.0,1.0,1.0,20.5234375,93.21484375,90.08984375,73.49609375,121.75,252.72265625,242.4453125,200.66015625,0.0,0.0,0.453125,82.2032470703125
none,1,1179,1.0,0.0,1.0,1.0,1.0,1.0,20.5625,92.734375,90.81640625,74.67578125,120.3671875,251.73046875,241.703125,206.62890625,0.0,0.0,0.421875,82.91326904296875
none,1,1180,1.0,0.0,1.0,1.0,1.0,1.0,20.82421875,91.11328125,92.2578125,75.55078125,122.765625,245.62109375,244.09375,208.11328125,0.0,0.0,0.375,83.013916015625
none,1,1181,1.0,0.0,1.0,1.0,1.0,1.0,20.9375,90.23828125,91.92578125,75.515625,119.87109375,242.81640625,244.74609375,207.2265625,0.0,0.0,0.44921875,81.88923645019531
none,1,1182,1.0,0.0,1.0,1.0,1.0,1.0,20.73828125,92.23828125,91.62890625,75.42578125,120.578125,248.22265625,243.640625,206.52734375,0.0,0.0,0.39453125,83.2491455078125
none,1,1183,1.0,0.0,1.0,1.0,1.0,1.0,20.64453125,93.29296875,91.3359375,74.72265625,120.3046875,251.39453125,241.32421875,203.7890625,0.0,0.0,0.38671875,83.04045104980469
none,1,1184,1.0,0.0,1.0,1.0,1.0,1.0,20.9453125,91.84375,90.93359375,75.85546875,119.16796875,247.31640625,242.30859375,208.78125,0.0,0.0,0.3828125,83.00835418701172
none,1,1185,1.0,0.0,1.0,1.0,1.0,1.0,21.0234375,91.3671875,90.4375,76.40234375,122.02734375,246.66015625,238.45703125,209.484375,0.0,0.0,0.4296875,82.54793548583984
none,1,1186,1.0,0.0,1.0,1.0,1.0,1.0,20.984375,92.58984375,90.98828125,75.87890625,120.078125,249.08203125,241.34375,207.15625,0.0,0.0,0.453125,83.29826354980469
none,1,1187,1.0,0.0,1.0,1.0,1.0,1.0,21.40625,92.70703125,90.82421875,74.6953125,123.8984375,250.7734375,241.1953125,203.9765625,0.0,0.0,0.36328125,82.59239959716797
none,1,1188,1.0,0.0,1.0,1.0,1.0,1.0,19.8828125,92.22265625,91.84765625,73.58203125,116.578125,248.91015625,244.61328125,201.43359375,0.0,0.0,0.30859375,82.14714050292969
none,1,1189,1.0,0.0,1.0,1.0,1.0,1.0,20.2109375,93.0390625,91.296875,74.38671875,118.83984375,250.4609375,243.578125,203.703125,0.0,0.0,0.33984375,82.6734848022461
none,1,1190,1.0,0.0,1.0,1.0,1.0,1.0,20.11328125,92.1875,91.3125,74.5625,120.0859375,248.66015625,242.42578125,203.734375,0.0,0.0,0.421875,82.54850769042969
none,1,1191,1.0,0.0,1.0,1.0,1.0,1.0,19.98046875,91.73828125,91.875,74.90625,118.73046875,247.125,246.10546875,204.73046875,0.0,0.0,0.35546875,82.91504669189453
none,1,1192,1.0,0.0,1.0,1.0,1.0,1.0,19.4140625,92.22265625,91.39453125,75.33984375,115.65234375,249.72265625,245.49609375,206.03125,0.0,0.0,0.3671875,83.35310363769531
none,1,1193,1.0,0.0,1.0,1.0,1.0,1.0,19.66796875,92.22265625,91.26953125,74.0234375,117.12109375,249.12890625,243.9609375,202.21484375,0.0,0.0,0.375,82.2844467163086
none,1,1194,1.0,0.0,1.0,1.0,1.0,1.0,19.671875,92.171875,91.5078125,75.74609375,116.66015625,247.89453125,245.61328125,207.74609375,0.0,0.0,0.36328125,83.65511322021484
none,1,1195,1.0,0.0,1.0,1.0,1.0,1.0,19.89453125,92.8828125,90.22265625,76.16796875,117.91015625,250.2734375,240.43359375,210.07421875,0.0,0.0,0.37109375,82.63951110839844
none,1,1196,1.0,0.0,1.0,1.0,1.0,1.0,19.66796875,91.77734375,91.24609375,76.234375,117.98828125,248.0,243.90234375,209.1640625,0.0,0.0,0.3828125,82.8467025756836
none,1,1197,1.0,0.0,1.0,1.0,1.0,1.0,19.99609375,89.94921875,91.046875,76.6328125,120.63671875,242.875,243.59765625,210.4765625,0.0,0.0,0.37890625,82.14523315429688
none,1,1198,1.0,0.0,1.0,1.0,1.0,1.0,18.95703125,91.24609375,91.86328125,77.25390625,116.38671875,246.78515625,244.7734375,211.046875,0.0,0.0,0.28125,83.68778228759766
none,1,1199,1.0,0.0,1.0,1.0,1.0,1.0,19.703125,91.4453125,90.4140625,76.9609375,117.796875,245.515625,242.24609375,210.61328125,0.0,0.0,0.39453125,82.89614868164062
none,2,0,1.0,0.0,1.0,1.0,1.0,1.0,24.19921875,26.45703125,25.625,23.53125,194.44921875,202.76171875,197.51171875,188.17578125,0.0,0.0,18.1015625,10.423903465270996
none,2,1,1.0,0.0,1.0,1.0,1.0,1.0,24.140625,26.23046875,25.3203125,23.98046875,194.375,204.34765625,193.4140625,187.5625,0.0,0.0,18.24609375,10.340415954589844
none,2,2,1.0,0.0,1.0,1.0,1.0,1.0,23.72265625,26.90234375,26.984375,25.3125,188.86328125,201.359375,198.64453125,192.0859375,0.0,0.0,18.00390625,11.566584587097168
none,2,3,1.0,0.0,1.0,1.0,1.0,1.0,24.10546875,27.37109375,26.8515625,24.73046875,187.67578125,206.88671875,194.98828125,189.84375,0.0,0.0,18.41015625,11.401335716247559
none,2,4,1.0,0.0,1.0,1.0,1.0,1.0,24.421875,26.70703125,28.5078125,25.72265625,183.46875,195.765625,209.21484375,189.62890625,0.0,0.0,18.015625,11.886248588562012
none,2,5,1.0,0.0,1.0,1.0,1.0,1.0,23.859375,28.08984375,27.58203125,26.72265625,176.09375,200.79296875,196.48828125,192.546875,0.0,0.0,17.52734375,12.73427963256836
none,2,6,1.0,0.0,1.0,1.0,1.0,1.0,23.9375,28.6015625,28.43359375,27.78515625,172.125,201.19140625,197.44140625,191.015625,0.0,0.0,17.56640625,13.231897354125977
none,2,7,1.0,0.0,1.0,1.0,1.0,1.0,23.71875,28.83984375,30.78515625,28.43359375,164.66015625,195.26171875,204.75390625,190.0234375,0.0,0.0,16.76953125,14.556548118591309
none,2,8,1.0,0.0,1.0,1.0,1.0,1.0,24.87890625,29.90234375,30.71484375,29.9921875,161.6796875,194.27734375,198.421875,192.61328125,0.0,0.0,16.7109375,14.99197006225586
none,2,9,1.0,0.0,1.0,1.0,1.0,1.0,25.87890625,30.23046875,32.09765625,30.96484375,160.26171875,186.32421875,197.69140625,189.734375,0.0,0.0,16.671875,15.762649536132812
none,2,10,1.0,0.0,1.0,1.0,1.0,1.0,25.9765625,31.0,32.41796875,32.59375,154.046875,186.5859375,190.9921875,188.39453125,0.0,0.0,16.46875,16.73833465576172
none,2,11,1.0,0.0,1.0,1.0,1.0,1.0,26.0390625,33.16796875,33.7578125,32.91015625,145.56640625,184.28125,189.90234375,181.5546875,0.0,0.0,16.48828125,17.859912872314453
none,2,12,1.0,0.0,1.0,1.0,1.0,1.0,27.078125,34.0390625,34.01953125,34.1328125,145.03125,181.8671875,185.15234375,180.359375,0.0,0.0,16.05859375,18.766807556152344
none,2,13,1.0,0.0,1.0,1.0,1.0,1.0,26.9609375,33.21875,36.10546875,35.51953125,136.46484375,172.48046875,182.1171875,177.375,0.0,0.0,15.953125,19.639150619506836
none,2,14,1.0,0.0,1.0,1.0,1.0,1.0,29.015625,35.8046875,36.62890625,36.44140625,140.29296875,170.203125,177.734375,174.59375,0.0,0.0,15.56640625,20.55568504333496
none,2,15,1.0,0.0,1.0,1.0,1.0,1.0,29.34765625,36.15234375,37.1640625,37.6484375,133.828125,166.1015625,171.59765625,171.41796875,0.0,0.0,15.10546875,21.52522850036621
none,2,16,1.0,0.0,1.0,1.0,1.0,1.0,30.04296875,37.359375,38.7421875,38.03125,129.73828125,163.11328125,170.390625,163.625,0.0,0.0,15.02734375,22.416603088378906
none,2,17,1.0,0.0,1.0,1.0,1.0,1.0,31.8671875,38.79296875,38.72265625,40.4609375,131.19140625,161.1328125,163.7421875,165.8203125,0.0,0.0,14.40234375,23.7762451171875
none,2,18,1.0,0.0,1.0,1.0,1.0,1.0,32.296875,40.13671875,39.484375,39.60546875,127.91796875,158.33984375,159.0078125,157.37109375,0.0,0.0,14.1171875,24.10786247253418
none,2,19,1.0,0.0,1.0,1.0,1.0,1.0,33.5078125,40.828125,39.95703125,41.37109375,127.39453125,156.54296875,155.33984375,158.28125,0.0,0.0,14.1015625,25.108304977416992
none,2,20,1.0,0.0,1.0,1.0,1.0,1.0,33.4765625,41.16796875,40.87890625,42.45703125,126.9296875,153.78515625,153.9296875,156.7578125,0.0,0.0,13.9921875,26.070981979370117
none,2,21,1.0,0.0,1.0,1.0,1.0,1.0,34.3125,40.34375,41.79296875,43.75,123.453125,147.16796875,153.47265625,156.28515625,0.0,0.0,13.53125,26.705379486083984
none,2,22,1.0,0.0,1.0,1.0,1.0,1.0,34.96875,40.57421875,41.20703125,43.73046875,124.08984375,145.109375,146.9453125,152.46484375,0.0,0.0,13.703125,26.632946014404297
none,2,23,1.0,0.0,1.0,1.0,1.0,1.0,34.9453125,42.25390625,40.56640625,44.97265625,120.96875,147.046875,141.7578125,156.1484375,0.0,0.0,13.48828125,27.236618041992188
none,2,24,1.0,0.0,1.0,1.0,1.0,1.0,35.8828125,41.68359375,41.296875,44.90625,123.5078125,142.56640625,140.7890625,154.484375,0.0,0.0,13.3203125,27.594778060913086
none,2,25,1.0,0.0,1.0,1.0,1.0,1.0,35.90625,41.94921875,41.921875,45.71484375,122.99609375,141.43359375,141.65625,154.6953125,0.0,0.0,12.9375,28.164724349975586
none,2,26,1.0,0.0,1.0,1.0,1.0,1.0,36.78125,41.3515625,42.09375,46.98046875,123.265625,136.8984375,140.63671875,155.82421875,0.0,0.0,13.0703125,28.314741134643555
none,2,27,1.0,0.0,1.0,1.0,1.0,1.0,36.6171875,41.87890625,43.1953125,47.0078125,124.41796875,140.05859375,142.70703125,157.625,0.0,0.0,12.046875,29.215389251708984
none,2,28,1.0,0.0,1.0,1.0,1.0,1.0,36.94921875,42.46484375,41.9296875,48.0234375,125.375,139.82421875,138.51953125,159.84375,0.0,0.0,11.76953125,29.178756713867188
none,2,29,1.0,0.0,1.0,1.0,1.0,1.0,36.80859375,42.765625,42.5546875,47.52734375,124.00390625,140.64453125,139.84375,158.25390625,0.0,0.0,11.46484375,29.318960189819336
none,2,30,1.0,0.0,1.0,1.0,1.0,1.0,37.1484375,44.2265625,42.11328125,48.66796875,126.03515625,146.109375,138.5859375,160.40234375,0.0,0.0,10.83984375,30.15765380859375
none,2,31,1.0,0.0,1.0,1.0,1.0,1.0,37.16796875,42.7421875,42.609375,47.9375,124.09375,141.1875,138.70703125,158.6640625,0.0,0.0,10.890625,29.528499603271484
none,2,32,1.0,0.0,1.0,1.0,1.0,1.0,36.30859375,43.8203125,43.15234375,47.8984375,122.59375,144.2890625,143.25,157.4140625,0.0,0.0,10.6796875,30.412343978881836
none,2,33,1.0,0.0,1.0,1.0,1.0,1.0,37.51171875,47.1484375,43.41796875,47.00390625,128.05859375,152.80859375,141.34375,154.75390625,0.0,0.0,9.64453125,31.313373565673828
none,2,34,1.0,0.0,1.0,1.0,1.0,1.0,36.48828125,46.265625,41.63671875,47.140625,124.19140625,151.37109375,136.6484375,155.0625,0.0,0.0,9.546875,30.8332576751709
none,2,35,1.0,0.0,1.0,1.0,1.0,1.0,36.07421875,46.09375,44.0703125,47.03515625,123.2578125,150.328125,143.9296875,154.9140625,0.0,0.0,9.17578125,31.454147338867188
none,2,36,1.0,0.0,1.0,1.0,1.0,1.0,38.25390625,45.7265625,42.81640625,48.0,128.70703125,149.296875,139.96484375,156.4609375,0.0,0.0,8.6875,31.375286102294922
none,2,37,1.0,0.0,1.0,1.0,1.0,1.0,37.92578125,46.21484375,43.88671875,48.06640625,125.796875,147.71875,141.80078125,156.48046875,0.0,0.0,8.1875,32.321800231933594
none,2,38,1.0,0.0,1.0,1.0,1.0,1.0,38.08984375,45.2734375,44.23046875,49.12109375,127.26953125,146.9921875,142.62109375,158.05859375,0.0,0.0,8.04296875,31.8505859375
none,2,39,1.0,0.0,1.0,1.0,1.0,1.0,37.05078125,46.5859375,44.05078125,47.046875,122.890625,151.1328125,141.2890625,152.51953125,0.0,0.0,7.9375,31.962535858154297
none,2,40,1.0,0.0,1.0,1.0,1.0,1.0,38.390625,47.05859375,43.53515625,48.55859375,126.61328125,150.8828125,141.62890625,154.35546875,0.0,0.0,7.46484375,32.20112228393555
none,2,41,1.0,0.0,1.0,1.0,1.0,1.0,38.21875,48.234375,44.51171875,47.75,127.0390625,156.265625,142.26171875,154.68359375,0.0,0.0,7.4375,32.94588851928711
none,2,42,1.0,0.0,1.0,1.0,1.0,1.0,38.359375,47.97265625,44.76953125,47.77734375,127.8984375,154.3046875,143.265625,153.72265625,0.0,0.0,7.30078125,33.19524002075195
none,2,43,1.0,0.0,1.0,1.0,1.0,1.0,38.40625,48.3671875,44.14453125,49.2890625,126.60546875,155.29296875,140.78515625,157.62109375,0.0,0.0,7.2265625,33.25176239013672
none,2,44,1.0,0.0,1.0,1.0,1.0,1.0,38.66796875,49.34765625,44.22265625,47.875,128.68359375,159.3828125,140.1796875,153.1796875,0.0,0.0,7.078125,33.144927978515625
none,2,45,1.0,0.0,1.0,1.0,1.0,1.0,38.85546875,49.828125,44.4453125,48.13671875,127.99609375,160.2421875,139.91015625,154.9765625,0.0,0.0,6.71875,33.37650680541992
none,2,46,1.0,0.0,1.0,1.0,1.0,1.0,38.38671875,50.3359375,43.58203125,46.95703125,128.05859375,161.08203125,137.03515625,149.1875,0.0,0.0,6.52734375,33.00135040283203
none,2,47,1.0,0.0,1.0,1.0,1.0,1.0,38.7578125,50.8125,44.37109375,48.0390625,128.96875,160.93359375,139.0546875,152.05859375,0.0,0.0,6.2734375,33.72270202636719
none,2,48,1.0,0.0,1.0,1.0,1.0,1.0,37.60546875,51.8984375,44.39453125,46.40234375,125.9765625,165.359375,139.0703125,146.8828125,0.0,0.0,6.640625,33.949832916259766
none,2,49,1.0,0.0,1.0,1.0,1.0,1.0,36.69921875,52.0390625,43.8515625,46.55859375,124.90234375,163.34375,137.83984375,145.83984375,0.0,0.0,5.859375,34.25114059448242
none,2,50,1.0,0.0,1.0,1.0,1.0,1.0,36.421875,51.9453125,43.4921875,47.078125,123.703125,165.421875,136.5546875,150.14453125,0.0,0.0,5.453125,34.004878997802734
none,2,51,1.0,0.0,1.0,1.0,1.0,1.0,36.87890625,53.1484375,43.3828125,47.0859375,125.23046875,167.85546875,136.5078125,147.8046875,0.0,0.0,5.5546875,34.696754455566406
none,2,52,1.0,0.0,1.0,1.0,1.0,1.0,36.7109375,52.43359375,44.21875,48.5390625,125.3984375,166.2421875,139.07421875,153.28125,0.0,0.0,5.2578125,34.868282318115234
none,2,53,1.0,0.0,1.0,1.0,1.0,1.0,37.40234375,52.73828125,44.734375,48.453125,127.546875,167.5078125,139.9609375,154.3125,0.0,0.0,5.2890625,35.28191375732422
none,2,54,1.0,0.0,1.0,1.0,1.0,1.0,36.765625,52.1796875,44.93359375,47.9921875,126.421875,166.046875,141.09375,152.59765625,0.0,0.0,5.2578125,35.195369720458984
none,2,55,1.0,0.0,1.0,1.0,1.0,1.0,38.0,51.8203125,43.8515625,48.8671875,129.2421875,165.359375,138.6875,155.3984375,0.0,0.0,5.21875,34.76224136352539
none,2,56,1.0,0.0,1.0,1.0,1.0,1.0,37.91015625,53.0546875,45.16796875,48.71875,129.67578125,167.83203125,140.9140625,155.16796875,0.0,0.0,4.91015625,35.808650970458984
none,2,57,1.0,0.0,1.0,1.0,1.0,1.0,36.921875,52.359375,44.421875,48.57421875,124.1328125,166.1484375,138.83984375,155.640625,0.0,0.0,5.01953125,35.29103088378906
none,2,58,1.0,0.0,1.0,1.0,1.0,1.0,37.546875,55.01953125,44.5625,47.70703125,126.58203125,172.40234375,138.59765625,150.921875,0.0,0.0,4.8515625,36.034366607666016
none,2,59,1.0,0.0,1.0,1.0,1.0,1.0,36.94140625,53.00390625,44.63671875,50.140625,125.5703125,167.25390625,139.2109375,158.73046875,0.0,0.0,4.90234375,36.037681579589844
none,2,60,1.0,0.0,1.0,1.0,1.0,1.0,35.99609375,52.484375,44.77734375,49.65234375,122.05859375,166.01953125,141.31640625,156.859375,0.0,0.0,4.68359375,36.0678825378418
none,2,61,1.0,0.0,1.0,1.0,1.0,1.0,37.37890625,51.6953125,44.83984375,49.6171875,125.33984375,165.12109375,140.50390625,155.65234375,0.0,0.0,4.5390625,35.52386474609375
none,2,62,1.0,0.0,1.0,1.0,1.0,1.0,36.4453125,53.41015625,44.56640625,51.03125,121.8828125,169.42578125,140.953125,161.30078125,0.0,0.0,4.55859375,36.792640686035156
none,2,63,1.0,0.0,1.0,1.0,1.0,1.0,34.84375,52.453125,46.51953125,51.19140625,116.484375,166.921875,145.85546875,161.9140625,0.0,0.0,4.34765625,37.602439880371094
none,2,64,1.0,0.0,1.0,1.0,1.0,1.0,35.55078125,52.33984375,46.2109375,50.6328125,120.046875,165.2421875,145.4921875,160.52734375,0.0,0.0,4.625,37.306549072265625
none,2,65,1.0,0.0,1.0,1.0,1.0,1.0,36.75,52.30859375,45.1015625,50.89453125,123.21875,166.140625,141.45703125,160.87109375,0.0,0.0,4.27734375,36.658878326416016
none,2,66,1.0,0.0,1.0,1.0,1.0,1.0,36.078125,51.32421875,45.28515625,52.5859375,121.5546875,163.671875,142.38671875,166.6875,0.0,0.0,4.2578125,37.001914978027344
none,2,67,1.0,0.0,1.0,1.0,1.0,1.0,36.4609375,53.61328125,45.265625,50.19140625,123.66015625,170.6953125,140.26171875,157.58984375,0.0,0.0,4.23828125,36.852142333984375
none,2,68,1.0,0.0,1.0,1.0,1.0,1.0,38.47265625,53.26953125,45.25390625,50.58203125,128.1328125,168.96484375,141.4296875,160.41015625,0.0,0.0,4.0234375,36.79293441772461
none,2,69,1.0,0.0,1.0,1.0,1.0,1.0,37.16015625,52.515625,47.25390625,50.52734375,125.1484375,164.90234375,145.00390625,158.78515625,0.0,0.0,4.0546875,37.63933563232422
none,2,70,1.0,0.0,1.0,1.0,1.0,1.0,36.94140625,52.4765625,44.8515625,52.21875,124.62109375,165.765625,138.88671875,164.98046875,0.0,0.0,4.15234375,37.16413116455078
none,2,71,1.0,0.0,1.0,1.0,1.0,1.0,36.27734375,53.0859375,46.6953125,52.515625,123.9453125,166.0390625,143.4921875,164.98828125,0.0,0.0,3.640625,38.02977752685547
none,2,72,1.0,0.0,1.0,1.0,1.0,1.0,36.93359375,53.91015625,45.796875,52.48828125,124.33203125,168.59375,143.25390625,165.109375,0.0,0.0,3.91796875,38.002960205078125
none,2,73,1.0,0.0,1.0,1.0,1.0,1.0,37.09375,53.6953125,45.015625,51.91796875,125.25390625,169.2109375,140.03515625,164.05859375,0.0,0.0,3.69140625,37.521583557128906
none,2,74,1.0,0.0,1.0,1.0,1.0,1.0,37.12109375,55.046875,44.72265625,51.52734375,127.42578125,174.67578125,139.63671875,163.58203125,0.0,0.0,3.75,37.7205924987793
none,2,75,1.0,0.0,1.0,1.0,1.0,1.0,36.51171875,54.52734375,46.5546875,51.08203125,125.21875,173.78515625,145.47265625,160.84765625,0.0,0.0,3.6328125,38.421443939208984
none,2,76,1.0,0.0,1.0,1.0,1.0,1.0,35.90234375,55.4453125,47.0,48.66015625,123.89453125,176.8359375,147.21875,152.84375,0.0,0.0,3.63671875,37.92657470703125
none,2,77,1.0,0.0,1.0,1.0,1.0,1.0,35.140625,54.85546875,48.04296875,50.40234375,122.32421875,177.52734375,150.38671875,160.05078125,0.0,0.0,3.56640625,38.53974151611328
none,2,78,1.0,0.0,1.0,1.0,1.0,1.0,34.7265625,54.8125,47.3828125,51.09765625,120.6640625,176.3671875,149.71484375,162.98046875,0.0,0.0,3.84765625,38.77168273925781
none,2,79,1.0,0.0,1.0,1.0,1.0,1.0,34.15234375,53.88671875,48.2109375,51.19140625,120.1171875,174.9296875,151.92578125,164.03515625,0.0,0.0,3.62890625,38.55967712402344
none,2,80,1.0,0.0,1.0,1.0,1.0,1.0,35.01953125,53.76171875,47.40625,52.47265625,122.1953125,173.875,150.0546875,167.26171875,0.0,0.0,3.74609375,38.58285903930664
none,2,81,1.0,0.0,1.0,1.0,1.0,1.0,34.51171875,54.78125,47.203125,51.2890625,122.3984375,176.30859375,148.171875,165.5390625,0.0,0.0,3.86328125,38.907039642333984
none,2,82,1.0,0.0,1.0,1.0,1.0,1.0,34.6796875,54.60546875,47.80078125,52.171875,123.83984375,174.5546875,147.83984375,167.26953125,0.0,0.0,3.7109375,38.95374298095703
none,2,83,1.0,0.0,1.0,1.0,1.0,1.0,34.7734375,55.8515625,49.0390625,50.44921875,122.50390625,177.68359375,151.12109375,160.25,0.0,0.0,3.7578125,39.324520111083984
none,2,84,1.0,0.0,1.0,1.0,1.0,1.0,34.796875,55.13671875,48.50390625,50.390625,120.87109375,174.36328125,148.26953125,156.8515625,0.0,0.0,3.796875,38.79444885253906
none,2,85,1.0,0.0,1.0,1.0,1.0,1.0,33.98046875,54.4609375,48.51953125,51.6171875,118.4765625,169.53515625,149.21875,159.76953125,0.0,0.0,3.66796875,39.33586883544922
none,2,86,1.0,0.0,1.0,1.0,1.0,1.0,35.5078125,56.7109375,47.9296875,51.1484375,122.91796875,177.23828125,145.15625,159.4375,0.0,0.0,3.5546875,39.60563278198242
none,2,87,1.0,0.0,1.0,1.0,1.0,1.0,35.76171875,55.328125,47.3203125,50.4921875,122.9765625,171.9609375,143.3125,158.1171875,0.0,0.0,3.3359375,38.654327392578125
none,2,88,1.0,0.0,1.0,1.0,1.0,1.0,35.00390625,55.3203125,48.04296875,52.1171875,121.9296875,170.44921875,146.0859375,163.47265625,0.0,0.0,3.42578125,39.45396041870117
none,2,89,1.0,0.0,1.0,1.0,1.0,1.0,34.125,54.09765625,48.01953125,50.6171875,118.35546875,166.734375,146.2734375,157.3671875,0.0,0.0,3.3671875,38.84235763549805
none,2,90,1.0,0.0,1.0,1.0,1.0,1.0,36.13671875,54.9921875,49.60546875,52.23046875,124.26171875,169.02734375,152.27734375,162.0,0.0,0.0,3.24609375,39.750038146972656
none,2,91,1.0,0.0,1.0,1.0,1.0,1.0,35.6953125,55.26171875,47.55078125,52.29296875,124.94921875,170.0234375,145.64453125,164.65234375,0.0,0.0,3.28515625,39.33802795410156
none,2,92,1.0,0.0,1.0,1.0,1.0,1.0,35.11328125,54.7578125,49.6015625,52.0,126.140625,170.22265625,152.2265625,164.9375,0.0,0.0,3.3671875,39.89649963378906
none,2,93,1.0,0.0,1.0,1.0,1.0,1.0,35.2421875,54.93359375,48.18359375,51.4140625,128.36328125,171.89453125,149.015625,164.23046875,0.0,0.0,3.00390625,39.24174880981445
none,2,94,1.0,0.0,1.0,1.0,1.0,1.0,34.5078125,55.984375,49.60546875,50.72265625,127.17578125,178.8203125,154.0625,163.8046875,0.0,0.0,3.07421875,39.85489273071289
none,2,95,1.0,0.0,1.0,1.0,1.0,1.0,34.3984375,56.65234375,49.203125,52.3203125,128.57421875,178.24609375,152.38671875,169.51953125,0.0,0.0,3.08984375,40.43955612182617
none,2,96,1.0,0.0,1.0,1.0,1.0,1.0,35.01953125,57.6875,49.29296875,52.015625,131.58984375,182.23046875,153.0234375,165.35546875,0.0,0.0,2.98828125,40.84174346923828
none,2,97,1.0,0.0,1.0,1.0,1.0,1.0,35.0390625,57.9765625,49.91796875,50.359375,131.23828125,182.109375,155.87109375,160.97265625,0.0,0.0,2.8359375,40.53428268432617
none,2,98,1.0,0.0,1.0,1.0,1.0,1.0,34.828125,58.7421875,50.0625,51.890625,130.5234375,184.98046875,154.859375,164.52734375,0.0,0.0,2.63671875,41.42994689941406
none,2,99,1.0,0.0,1.0,1.0,1.0,1.0,35.08984375,60.02734375,50.375,51.43359375,130.3671875,188.1328125,153.98046875,160.8359375,0.0,0.0,2.5390625,41.96995162963867
none,2,100,1.0,0.0,1.0,1.0,1.0,1.0,35.41796875,58.9609375,50.84765625,51.52734375,129.51171875,183.27734375,154.7109375,161.8359375,0.0,0.0,2.7421875,41.974205017089844
none,2,101,1.0,0.0,1.0,1.0,1.0,1.0,33.7578125,59.6640625,50.53125,50.92578125,122.9140625,185.43359375,154.234375,158.67578125,0.0,0.0,2.6796875,41.6856689453125
none,2,102,1.0,0.0,1.0,1.0,1.0,1.0,34.47265625,60.53515625,50.19921875,51.87109375,123.75390625,189.45703125,152.28515625,159.015625,0.0,0.0,2.703125,41.96760177612305
none,2,103,1.0,0.0,1.0,1.0,1.0,1.0,33.00390625,62.00390625,50.14453125,50.03515625,119.078125,194.63671875,152.7890625,153.17578125,0.0,0.0,2.6953125,42.376495361328125
none,2,104,1.0,0.0,1.0,1.0,1.0,1.0,33.4296875,60.296875,49.91796875,50.51953125,120.55859375,190.05078125,150.81640625,154.5234375,0.0,0.0,2.671875,41.634056091308594
none,2,105,1.0,0.0,1.0,1.0,1.0,1.0,32.921875,59.6796875,48.546875,52.2265625,120.2109375,187.15234375,148.2890625,159.265625,0.0,0.0,2.5546875,41.369625091552734
none,2,106,1.0,0.0,1.0,1.0,1.0,1.0,33.3828125,59.79296875,50.55859375,51.65625,121.06640625,189.13671875,152.6875,156.671875,0.0,0.0,2.4921875,42.26448059082031
none,2,107,1.0,0.0,1.0,1.0,1.0,1.0,33.4375,59.6875,50.58203125,50.54296875,122.79296875,190.34765625,153.8515625,155.37890625,0.0,0.0,2.69140625,41.596397399902344
none,2,108,1.0,0.0,1.0,1.0,1.0,1.0,34.58203125,59.76171875,49.28125,52.11328125,127.6640625,190.90625,150.6484375,161.1328125,0.0,0.0,2.859375,41.664310455322266
none,2,109,1.0,0.0,1.0,1.0,1.0,1.0,33.8984375,60.63671875,50.31640625,51.63671875,125.55078125,193.359375,154.00390625,161.015625,0.0,0.0,2.67578125,42.04340744018555
none,2,110,1.0,0.0,1.0,1.0,1.0,1.0,33.69140625,60.6328125,50.27734375,51.1640625,126.51171875,193.23828125,153.8984375,159.87109375,0.0,0.0,2.7109375,42.241119384765625
none,2,111,1.0,0.0,1.0,1.0,1.0,1.0,34.5546875,60.05859375,50.41796875,49.98046875,129.32421875,192.58984375,154.828125,155.59765625,0.0,0.0,2.6484375,41.457176208496094
none,2,112,1.0,0.0,1.0,1.0,1.0,1.0,34.3515625,60.96484375,51.23046875,48.6015625,130.8359375,196.234375,157.26953125,150.87890625,0.0,0.0,2.67578125,41.4464225769043
none,2,113,1.0,0.0,1.0,1.0,1.0,1.0,33.9609375,59.0703125,51.078125,51.12890625,130.23046875,189.98828125,157.26953125,159.4765625,0.0,0.0,2.65625,41.57938003540039
none,2,114,1.0,0.0,1.0,1.0,1.0,1.0,34.75,59.5859375,51.54296875,50.71484375,132.65625,191.0703125,159.2109375,157.42578125,0.0,0.0,2.59765625,41.70942687988281
none,2,115,1.0,0.0,1.0,1.0,1.0,1.0,36.54296875,59.953125,51.0078125,51.1875,138.50390625,192.078125,156.80859375,160.09765625,0.0,0.0,2.51953125,42.07522964477539
none,2,116,1.0,0.0,1.0,1.0,1.0,1.0,35.71484375,57.97265625,51.140625,52.5078125,137.84375,186.5234375,156.6796875,164.0078125,0.0,0.0,2.609375,41.972259521484375
none,2,117,1.0,0.0,1.0,1.0,1.0,1.0,35.0390625,58.55078125,52.41015625,50.859375,134.83984375,188.60546875,160.62890625,159.9453125,0.0,0.0,2.59765625,42.25828552246094
none,2,118,1.0,0.0,1.0,1.0,1.0,1.0,35.73828125,57.5625,51.828125,52.6796875,136.62890625,184.79296875,158.5078125,165.44921875,0.0,0.0,2.53515625,41.76068115234375
none,2,119,1.0,0.0,1.0,1.0,1.0,1.0,35.51171875,58.359375,52.54296875,52.5,137.46484375,187.12109375,160.98046875,164.84765625,0.0,0.0,2.5625,42.47339630126953
none,2,120,1.0,0.0,1.0,1.0,1.0,1.0,35.5859375,59.79296875,52.2734375,51.8046875,137.51171875,191.4765625,160.82421875,163.546875,0.0,0.0,2.44140625,42.72216033935547
none,2,121,1.0,0.0,1.0,1.0,1.0,1.0,35.74609375,59.26953125,50.45703125,53.46484375,139.046875,187.21484375,153.12109375,167.3359375,0.0,0.0,2.51953125,42.425357818603516
none,2,122,1.0,0.0,1.0,1.0,1.0,1.0,36.4453125,58.30078125,51.3359375,53.1328125,141.73046875,184.4140625,157.4453125,167.03515625,0.0,0.0,2.59375,42.3051872253418
none,2,123,1.0,0.0,1.0,1.0,1.0,1.0,37.50390625,58.30859375,51.28515625,53.80859375,144.7421875,185.8203125,156.9765625,170.6171875,0.0,0.0,2.43359375,42.227622985839844
none,2,124,1.0,0.0,1.0,1.0,1.0,1.0,35.83984375,60.43359375,51.28515625,52.61328125,140.2265625,189.94140625,158.22265625,168.24609375,0.0,0.0,2.46484375,42.778289794921875
none,2,125,1.0,0.0,1.0,1.0,1.0,1.0,34.76953125,60.08203125,52.03125,52.0625,136.65234375,189.81640625,159.65625,164.7109375,0.0,0.0,2.4375,42.96259307861328
none,2,126,1.0,0.0,1.0,1.0,1.0,1.0,35.328125,59.43359375,51.25390625,52.89453125,140.125,188.125,158.21484375,169.3046875,0.0,0.0,2.32421875,42.452735900878906
none,2,127,1.0,0.0,1.0,1.0,1.0,1.0,35.32421875,59.90234375,52.26171875,52.97265625,138.578125,190.421875,160.77734375,169.99609375,0.0,0.0,2.31640625,42.816307067871094
none,2,128,1.0,0.0,1.0,1.0,1.0,1.0,34.7890625,58.7109375,52.84765625,53.82421875,137.0859375,184.296875,163.47265625,172.0,0.0,0.0,2.30078125,43.293357849121094
none,2,129,1.0,0.0,1.0,1.0,1.0,1.0,35.27734375,59.578125,52.12109375,52.94921875,138.77734375,185.765625,160.6328125,170.1640625,0.0,0.0,2.41796875,43.1086540222168
none,2,130,1.0,0.0,1.0,1.0,1.0,1.0,34.875,57.53125,52.109375,55.14453125,138.8203125,179.23828125,161.59765625,177.77734375,0.0,0.0,2.3671875,42.99021911621094
none,2,131,1.0,0.0,1.0,1.0,1.0,1.0,34.66796875,57.8359375,53.046875,56.328125,137.2265625,178.85546875,162.65625,180.83203125,0.0,0.0,2.3671875,43.764366149902344
none,2,132,1.0,0.0,1.0,1.0,1.0,1.0,35.25,58.8984375,52.87890625,54.30078125,137.7265625,183.28125,161.98046875,174.734375,0.0,0.0,2.41796875,43.443389892578125
none,2,133,1.0,0.0,1.0,1.0,1.0,1.0,34.78125,59.0859375,52.7265625,54.6796875,136.95703125,184.484375,161.07421875,175.609375,0.0,0.0,2.40234375,43.98394775390625
none,2,134,1.0,0.0,1.0,1.0,1.0,1.0,35.1484375,60.140625,53.29296875,54.23046875,136.80859375,186.19921875,162.6015625,172.98046875,0.0,0.0,2.1796875,44.4082145690918
none,2,135,1.0,0.0,1.0,1.0,1.0,1.0,34.921875,56.50390625,53.43359375,54.9921875,135.703125,176.328125,162.69140625,176.28515625,0.0,0.0,2.3046875,43.14078903198242
none,2,136,1.0,0.0,1.0,1.0,1.0,1.0,34.59765625,58.9453125,54.82421875,54.4140625,134.90234375,182.6875,167.30859375,173.42578125,0.0,0.0,2.16796875,44.22730255126953
none,2,137,1.0,0.0,1.0,1.0,1.0,1.0,34.60546875,57.296875,53.7109375,53.22265625,133.4296875,178.04296875,164.42578125,168.890625,0.0,0.0,2.30078125,43.05039978027344
none,2,138,1.0,0.0,1.0,1.0,1.0,1.0,33.8125,58.01171875,53.50390625,54.16796875,130.89453125,181.05078125,166.515625,173.203125,0.0,0.0,2.234375,43.52604293823242
none,2,139,1.0,0.0,1.0,1.0,1.0,1.0,34.640625,56.69140625,53.4453125,55.140625,135.578125,176.828125,164.94140625,176.19921875,0.0,0.0,2.31640625,43.28676986694336
none,2,140,1.0,0.0,1.0,1.0,1.0,1.0,35.65234375,57.16796875,54.09765625,54.2421875,140.93359375,177.9453125,166.94921875,173.8828125,0.0,0.0,2.15625,43.18829345703125
none,2,141,1.0,0.0,1.0,1.0,1.0,1.0,34.4375,57.04296875,55.53125,54.203125,134.6328125,177.64453125,172.40625,175.4453125,0.0,0.0,2.2578125,43.695289611816406
none,2,142,1.0,0.0,1.0,1.0,1.0,1.0,33.734375,57.5703125,54.70703125,55.06640625,134.44921875,179.90234375,170.3828125,177.25390625,0.0,0.0,2.296875,44.473907470703125
none,2,143,1.0,0.0,1.0,1.0,1.0,1.0,33.94140625,57.79296875,54.3125,52.609375,133.65234375,179.76953125,168.8984375,169.08203125,0.0,0.0,2.4765625,43.0506591796875
none,2,144,1.0,0.0,1.0,1.0,1.0,1.0,34.35546875,56.13671875,53.48828125,55.0703125,136.41796875,175.421875,163.125,177.07421875,0.0,0.0,2.3046875,43.314453125
none,2,145,1.0,0.0,1.0,1.0,1.0,1.0,34.58203125,58.46484375,54.0703125,52.890625,137.55078125,183.66015625,167.13671875,168.0078125,0.0,0.0,2.35546875,43.15007781982422
none,2,146,1.0,0.0,1.0,1.0,1.0,1.0,32.99609375,56.578125,53.50390625,54.41796875,133.67578125,178.28515625,165.31640625,174.83984375,0.0,0.0,2.3984375,43.231258392333984
none,2,147,1.0,0.0,1.0,1.0,1.0,1.0,34.25390625,55.390625,54.1484375,54.2890625,140.45703125,175.0390625,166.8828125,176.09375,0.0,0.0,2.39453125,42.89930725097656
none,2,148,1.0,0.0,1.0,1.0,1.0,1.0,33.171875,55.6328125,54.48046875,54.37109375,135.33203125,173.30859375,169.26171875,175.2890625,0.0,0.0,2.5390625,43.59540939331055
none,2,149,1.0,0.0,1.0,1.0,1.0,1.0,33.05859375,56.0859375,54.640625,53.703125,134.87890625,176.2734375,169.84375,172.8046875,0.0,0.0,2.38671875,42.93206787109375
none,2,150,1.0,0.0,1.0,1.0,1.0,1.0,33.3046875,56.53125,53.8671875,54.69140625,136.28515625,175.44921875,166.86328125,177.07421875,0.0,0.0,2.46484375,43.33861541748047
none,2,151,1.0,0.0,1.0,1.0,1.0,1.0,33.43359375,57.16015625,54.70703125,54.16015625,137.1171875,176.38671875,169.30859375,174.6875,0.0,0.0,2.53125,43.820674896240234
none,2,152,1.0,0.0,1.0,1.0,1.0,1.0,33.390625,55.546875,54.1640625,55.40625,136.79296875,171.94921875,168.0703125,181.3359375,0.0,0.0,2.5625,43.466426849365234
none,2,153,1.0,0.0,1.0,1.0,1.0,1.0,33.6484375,55.7890625,54.5625,55.59375,138.23046875,172.81640625,166.55078125,181.83203125,0.0,0.0,2.61328125,43.54402160644531
none,2,154,1.0,0.0,1.0,1.0,1.0,1.0,33.91796875,56.73828125,54.3984375,54.65234375,139.66015625,175.83203125,165.75390625,177.1953125,0.0,0.0,2.4375,43.72901153564453
none,2,155,1.0,0.0,1.0,1.0,1.0,1.0,32.5234375,57.06640625,54.2109375,54.09375,134.21875,177.2265625,166.01171875,174.55859375,0.0,0.0,2.5078125,43.52958297729492
none,2,156,1.0,0.0,1.0,1.0,1.0,1.0,31.71875,57.60546875,54.55859375,52.86328125,131.67578125,179.6328125,166.33203125,172.27734375,0.0,0.0,2.56640625,43.60758590698242
none,2,157,1.0,0.0,1.0,1.0,1.0,1.0,32.50390625,58.3984375,54.25,54.28515625,134.65234375,181.18359375,164.2109375,176.6640625,0.0,0.0,2.72265625,44.426597595214844
none,2,158,1.0,0.0,1.0,1.0,1.0,1.0,32.40234375,57.50390625,54.0546875,54.6328125,136.03125,178.94140625,164.4453125,178.0625,0.0,0.0,2.69921875,43.97296905517578
none,2,159,1.0,0.0,1.0,1.0,1.0,1.0,33.2421875,58.8046875,54.43359375,52.94921875,139.61328125,182.6796875,164.85546875,172.05078125,0.0,0.0,2.3359375,43.72180938720703
none,2,160,1.0,0.0,1.0,1.0,1.0,1.0,33.01953125,59.640625,54.4453125,52.640625,139.07421875,185.63671875,166.375,170.171875,0.0,0.0,2.4921875,43.86332321166992
none,2,161,1.0,0.0,1.0,1.0,1.0,1.0,33.08984375,61.828125,53.8046875,51.06640625,137.31640625,195.24609375,163.5078125,163.18359375,0.0,0.0,2.23046875,44.097747802734375
none,2,162,1.0,0.0,1.0,1.0,1.0,1.0,33.359375,60.75,53.8359375,52.0078125,139.29296875,193.23828125,163.8359375,167.09765625,0.0,0.0,2.41796875,43.96470260620117
none,2,163,1.0,0.0,1.0,1.0,1.0,1.0,31.75,61.046875,54.3671875,52.25390625,136.21484375,192.34765625,165.80859375,168.73828125,0.0,0.0,2.421875,44.86826705932617
none,2,164,1.0,0.0,1.0,1.0,1.0,1.0,32.31640625,60.7265625,54.265625,52.53515625,137.4453125,192.5703125,166.27734375,166.91796875,0.0,0.0,2.4296875,45.06707000732422
none,2,165,1.0,0.0,1.0,1.0,1.0,1.0,32.47265625,61.4296875,53.50390625,52.2734375,139.05859375,191.7265625,165.23046875,166.6015625,0.0,0.0,2.15234375,44.609947204589844
none,2,166,1.0,0.0,1.0,1.0,1.0,1.0,33.328125,62.0234375,54.15625,52.828125,139.9375,195.10546875,165.6015625,168.64453125,0.0,0.0,2.19921875,45.11729431152344
none,2,167,1.0,0.0,1.0,1.0,1.0,1.0,32.60546875,61.05078125,54.62109375,51.8984375,138.78515625,192.8828125,167.46875,166.28515625,0.0,0.0,2.4609375,44.83174133300781
none,2,168,1.0,0.0,1.0,1.0,1.0,1.0,31.7265625,60.91015625,55.27734375,52.9296875,138.29296875,191.31640625,169.66015625,169.6328125,0.0,0.0,2.328125,44.964988708496094
none,2,169,1.0,0.0,1.0,1.0,1.0,1.0,32.39453125,61.26953125,55.39453125,52.296875,139.203125,191.3828125,169.46875,166.9375,0.0,0.0,2.328125,45.244117736816406
none,2,170,1.0,0.0,1.0,1.0,1.0,1.0,31.6484375,61.4296875,53.21875,52.54296875,136.18359375,193.13671875,163.5859375,167.75,0.0,0.0,2.22265625,44.67094039916992
none,2,171,1.0,0.0,1.0,1.0,1.0,1.0,32.08203125,62.1171875,53.3359375,51.1015625,138.77734375,193.8515625,163.828125,163.54296875,0.0,0.0,2.3359375,44.225624084472656
none,2,172,1.0,0.0,1.0,1.0,1.0,1.0,32.53515625,60.69921875,54.2109375,52.3515625,139.78125,190.3125,167.2109375,168.88671875,0.0,0.0,2.44140625,44.67229461669922
none,2,173,1.0,0.0,1.0,1.0,1.0,1.0,32.74609375,60.9921875,54.55078125,52.77734375,139.34375,191.86328125,168.48828125,170.42578125,0.0,0.0,2.30078125,44.910118103027344
none,2,174,1.0,0.0,1.0,1.0,1.0,1.0,32.05859375,60.4765625,54.26171875,52.6015625,141.328125,189.25,168.328125,170.13671875,0.0,0.0,2.4140625,44.824867248535156
none,2,175,1.0,0.0,1.0,1.0,1.0,1.0,32.55859375,60.50390625,53.80078125,53.08203125,141.94921875,188.69140625,166.58203125,171.296875,0.0,0.0,2.18359375,44.671470642089844
none,2,176,1.0,0.0,1.0,1.0,1.0,1.0,32.5390625,59.93359375,56.125,51.65625,140.08203125,188.52734375,175.40234375,167.5859375,0.0,0.0,2.3203125,44.575069427490234
none,2,177,1.0,0.0,1.0,1.0,1.0,1.0,31.53125,61.80078125,56.30859375,51.4453125,139.03515625,193.734375,177.37890625,169.3359375,0.0,0.0,2.421875,45.47620391845703
none,2,178,1.0,0.0,1.0,1.0,1.0,1.0,32.484375,60.16796875,55.3359375,53.72265625,140.09375,190.78515625,172.5390625,175.51953125,0.0,0.0,2.3515625,44.99938201904297
none,2,179,1.0,0.0,1.0,1.0,1.0,1.0,31.72265625,62.5703125,54.90234375,52.4921875,137.734375,196.98046875,171.140625,172.03515625,0.0,0.0,2.4765625,45.54278564453125
none,2,180,1.0,0.0,1.0,1.0,1.0,1.0,32.2109375,62.3828125,54.6796875,52.5390625,137.92578125,197.6640625,173.2890625,171.3828125,0.0,0.0,2.6328125,45.292236328125
none,2,181,1.0,0.0,1.0,1.0,1.0,1.0,31.6875,62.59765625,53.52734375,51.62890625,137.7578125,197.28515625,168.984375,169.953125,0.0,0.0,2.4296875,44.75630187988281
none,2,182,1.0,0.0,1.0,1.0,1.0,1.0,31.984375,62.81640625,54.73046875,52.6484375,136.29296875,197.46875,171.875,174.2890625,0.0,0.0,2.33984375,45.45256042480469
none,2,183,1.0,0.0,1.0,1.0,1.0,1.0,31.96875,63.1875,55.09375,52.67578125,138.37109375,197.6875,173.68359375,171.0625,0.0,0.0,2.33203125,45.78962326049805
none,2,184,1.0,0.0,1.0,1.0,1.0,1.0,31.93359375,63.23046875,56.57421875,51.5625,136.80078125,197.74609375,177.1171875,167.43359375,0.0,0.0,2.1875,46.40399169921875
none,2,185,1.0,0.0,1.0,1.0,1.0,1.0,32.3984375,62.7109375,54.8671875,52.73828125,136.98828125,196.4140625,171.35546875,169.3984375,0.0,0.0,2.24609375,45.3983154296875
none,2,186,1.0,0.0,1.0,1.0,1.0,1.0,32.28125,61.54296875,56.51171875,53.33984375,140.171875,192.11328125,177.45703125,173.41015625,0.0,0.0,2.2734375,46.35982894897461
none,2,187,1.0,0.0,1.0,1.0,1.0,1.0,32.50390625,62.31640625,55.23828125,52.50390625,138.03125,193.72265625,173.30078125,169.61328125,0.0,0.0,2.20703125,45.66069030761719
none,2,188,1.0,0.0,1.0,1.0,1.0,1.0,32.296875,63.9921875,55.67578125,51.01953125,136.44140625,200.828125,173.58984375,164.078125,0.0,0.0,2.08984375,45.763160705566406
none,2,189,1.0,0.0,1.0,1.0,1.0,1.0,32.65625,61.8046875,54.91015625,53.27734375,137.109375,193.5390625,169.6328125,170.41796875,0.0,0.0,2.24609375,45.65348815917969
none,2,190,1.0,0.0,1.0,1.0,1.0,1.0,31.78515625,62.6171875,55.97265625,51.57421875,133.23828125,196.5,173.296875,165.14453125,0.0,0.0,2.078125,45.76434326171875
none,2,191,1.0,0.0,1.0,1.0,1.0,1.0,31.21875,63.01953125,55.55859375,52.07421875,133.0,196.9765625,171.53515625,166.7265625,0.0,0.0,2.3359375,45.6732177734375
none,2,192,1.0,0.0,1.0,1.0,1.0,1.0,31.9375,62.4453125,54.5234375,52.96484375,135.08203125,195.27734375,166.4765625,170.51953125,0.0,0.0,2.3671875,45.28794479370117
none,2,193,1.0,0.0,1.0,1.0,1.0,1.0,31.66015625,62.79296875,55.24609375,52.53515625,133.36328125,197.6015625,170.4921875,166.21875,0.0,0.0,2.46875,45.775291442871094
none,2,194,1.0,0.0,1.0,1.0,1.0,1.0,30.75390625,63.37109375,56.16015625,51.953125,130.65625,200.01171875,172.8671875,164.01171875,0.0,0.0,2.28515625,46.211326599121094
none,2,195,1.0,0.0,1.0,1.0,1.0,1.0,31.41796875,61.76953125,56.52734375,51.93359375,133.375,194.14453125,171.86328125,164.87109375,0.0,0.0,2.19140625,45.580989837646484
none,2,196,1.0,0.0,1.0,1.0,1.0,1.0,30.55859375,62.98046875,55.44140625,52.5390625,129.3125,198.94140625,171.203125,167.0546875,0.0,0.0,2.40234375,46.13651657104492
none,2,197,1.0,0.0,1.0,1.0,1.0,1.0,31.5,62.640625,54.83203125,52.25390625,131.8046875,198.71484375,166.890625,164.015625,0.0,0.0,2.375,45.69677734375
none,2,198,1.0,0.0,1.0,1.0,1.0,1.0,30.14453125,61.91796875,54.2890625,53.265625,127.94921875,196.03515625,165.48828125,167.72265625,0.0,0.0,2.6875,45.51786804199219
none,2,199,1.0,0.0,1.0,1.0,1.0,1.0,30.5234375,63.69921875,55.05859375,52.984375,126.9375,200.1484375,167.609375,165.859375,0.0,0.0,2.703125,46.295894622802734
none,2,200,1.0,0.0,1.0,1.0,1.0,1.0,31.26953125,61.6015625,54.703125,53.17578125,129.52734375,193.66015625,165.390625,165.59765625,0.0,0.0,2.55078125,45.22587203979492
none,2,201,1.0,0.0,1.0,1.0,1.0,1.0,30.953125,62.27734375,54.08984375,51.4140625,127.84375,195.01171875,165.1953125,159.49609375,0.0,0.0,2.6640625,44.830039978027344
none,2,202,1.0,0.0,1.0,1.0,1.0,1.0,30.71484375,61.515625,56.0703125,52.19921875,126.9609375,192.47265625,170.734375,165.26171875,0.0,0.0,2.52734375,45.51894760131836
none,2,203,1.0,0.0,1.0,1.0,1.0,1.0,30.296875,62.0390625,55.1640625,52.9296875,129.7890625,194.80078125,166.64453125,166.515625,0.0,0.0,2.49609375,45.80147933959961
none,2,204,1.0,0.0,1.0,1.0,1.0,1.0,30.0390625,62.01171875,55.09375,54.70703125,126.390625,193.359375,168.31640625,172.37890625,0.0,0.0,2.640625,46.19076156616211
none,2,205,1.0,0.0,1.0,1.0,1.0,1.0,29.57421875,60.875,55.49609375,53.55859375,124.69140625,191.328125,169.78125,167.7578125,0.0,0.0,2.79296875,45.665611267089844
none,2,206,1.0,0.0,1.0,1.0,1.0,1.0,30.73046875,60.1484375,55.41796875,54.46875,126.8046875,186.5390625,167.46484375,171.00390625,0.0,0.0,2.734375,45.362030029296875
none,2,207,1.0,0.0,1.0,1.0,1.0,1.0,30.58203125,58.703125,54.38671875,56.01953125,130.08984375,184.109375,166.39453125,175.5546875,0.0,0.0,2.578125,45.49583435058594
none,2,208,1.0,0.0,1.0,1.0,1.0,1.0,29.9765625,62.40625,54.734375,53.02734375,125.57421875,195.140625,168.8046875,168.4140625,0.0,0.0,2.55859375,45.87385177612305
none,2,209,1.0,0.0,1.0,1.0,1.0,1.0,30.0859375,59.1171875,56.609375,54.22265625,126.95703125,186.16796875,172.7734375,171.08984375,0.0,0.0,2.6171875,45.73661422729492
none,2,210,1.0,0.0,1.0,1.0,1.0,1.0,29.80859375,60.93359375,54.96875,54.6484375,126.25,190.49609375,167.51953125,172.19921875,0.0,0.0,2.765625,45.68964767456055
none,2,211,1.0,0.0,1.0,1.0,1.0,1.0,30.18359375,59.6015625,56.98046875,53.85546875,129.02734375,187.1171875,175.16015625,169.48046875,0.0,0.0,2.44921875,46.08934783935547
none,2,212,1.0,0.0,1.0,1.0,1.0,1.0,30.66015625,60.9140625,55.44140625,53.85546875,129.17578125,188.96875,170.14453125,170.0859375,0.0,0.0,2.72265625,45.68074035644531
none,2,213,1.0,0.0,1.0,1.0,1.0,1.0,30.1171875,59.76953125,55.58984375,55.71484375,128.38671875,187.23828125,169.41015625,175.453125,0.0,0.0,2.63671875,46.090301513671875
none,2,214,1.0,0.0,1.0,1.0,1.0,1.0,29.8046875,60.359375,54.4921875,54.6953125,126.26171875,187.81640625,166.37109375,173.57421875,0.0,0.0,2.6640625,45.53013229370117
none,2,215,1.0,0.0,1.0,1.0,1.0,1.0,29.76953125,60.84765625,55.7890625,53.15234375,126.3984375,188.921875,169.80078125,167.92578125,0.0,0.0,2.72265625,45.833824157714844
none,2,216,1.0,0.0,1.0,1.0,1.0,1.0,30.390625,59.859375,54.625,54.08203125,129.55078125,188.10546875,166.6015625,169.94921875,0.0,0.0,2.625,45.29872131347656
none,2,217,1.0,0.0,1.0,1.0,1.0,1.0,30.00390625,60.26171875,55.25390625,53.5859375,127.72265625,187.265625,169.71484375,169.08203125,0.0,0.0,2.59375,45.43170928955078
none,2,218,1.0,0.0,1.0,1.0,1.0,1.0,30.9609375,59.58984375,55.82421875,55.8046875,131.76171875,185.82421875,170.90625,176.5546875,0.0,0.0,2.625,45.98691940307617
none,2,219,1.0,0.0,1.0,1.0,1.0,1.0,30.37890625,60.58203125,54.8671875,55.39453125,129.64453125,190.38671875,168.078125,175.2734375,0.0,0.0,2.58203125,46.13483810424805
none,2,220,1.0,0.0,1.0,1.0,1.0,1.0,30.98828125,60.44140625,54.43359375,54.45703125,130.20703125,187.4375,165.3359375,171.890625,0.0,0.0,2.65234375,45.45475769042969
none,2,221,1.0,0.0,1.0,1.0,1.0,1.0,31.140625,60.42578125,54.65234375,55.546875,131.59375,187.5234375,166.47265625,173.984375,0.0,0.0,2.59765625,45.870269775390625
none,2,222,1.0,0.0,1.0,1.0,1.0,1.0,30.81640625,60.44140625,54.79296875,55.02734375,132.234375,188.15234375,167.8671875,173.69140625,0.0,0.0,2.5234375,45.687801361083984
none,2,223,1.0,0.0,1.0,1.0,1.0,1.0,29.88671875,59.12890625,54.5078125,54.76953125,126.5,184.61328125,165.40234375,172.01953125,0.0,0.0,2.546875,45.16680145263672
none,2,224,1.0,0.0,1.0,1.0,1.0,1.0,30.796875,60.2265625,55.20703125,55.01953125,132.1640625,187.76953125,168.6484375,172.73828125,0.0,0.0,2.4609375,45.99962615966797
none,2,225,1.0,0.0,1.0,1.0,1.0,1.0,30.546875,59.66015625,56.36328125,55.50390625,132.5234375,186.85546875,171.09765625,176.71875,0.0,0.0,2.5625,46.47572326660156
none,2,226,1.0,0.0,1.0,1.0,1.0,1.0,30.84765625,58.84375,55.05078125,54.9609375,132.24609375,184.08203125,168.99609375,176.43359375,0.0,0.0,2.4609375,45.353050231933594
none,2,227,1.0,0.0,1.0,1.0,1.0,1.0,31.26171875,58.296875,53.9765625,54.9375,135.578125,182.8046875,165.1328125,174.16796875,0.0,0.0,2.59765625,44.89128875732422
none,2,228,1.0,0.0,1.0,1.0,1.0,1.0,31.16796875,60.33984375,54.9921875,56.9921875,134.46875,189.26171875,167.5546875,179.0390625,0.0,0.0,2.62890625,46.444488525390625
none,2,229,1.0,0.0,1.0,1.0,1.0,1.0,30.9921875,58.96484375,55.37890625,55.6328125,135.40234375,184.03125,169.328125,176.39453125,0.0,0.0,2.45703125,45.597503662109375
none,2,230,1.0,0.0,1.0,1.0,1.0,1.0,30.9609375,57.72265625,55.71875,56.1484375,133.26953125,179.3046875,170.5,178.8046875,0.0,0.0,2.71875,45.6950798034668
none,2,231,1.0,0.0,1.0,1.0,1.0,1.0,31.41015625,58.60546875,55.5078125,57.05078125,135.19921875,183.33984375,168.640625,181.22265625,0.0,0.0,2.5625,46.17377471923828
none,2,232,1.0,0.0,1.0,1.0,1.0,1.0,30.1953125,59.1328125,55.203125,55.6875,133.515625,186.0234375,169.2265625,176.97265625,0.0,0.0,2.44921875,46.28664779663086
none,2,233,1.0,0.0,1.0,1.0,1.0,1.0,30.83203125,57.2890625,56.15625,56.59765625,134.67578125,178.4296875,172.1796875,180.4765625,0.0,0.0,2.546875,45.93502426147461
none,2,234,1.0,0.0,1.0,1.0,1.0,1.0,30.66015625,59.25390625,56.71484375,55.9453125,133.82421875,184.4609375,173.87890625,178.0234375,0.0,0.0,2.51171875,46.44145202636719
none,2,235,1.0,0.0,1.0,1.0,1.0,1.0,30.453125,59.6796875,56.0625,55.8671875,132.13671875,185.19140625,171.62890625,176.4765625,0.0,0.0,2.60546875,46.61994934082031
none,2,236,1.0,0.0,1.0,1.0,1.0,1.0,30.2109375,59.61328125,57.18359375,55.85546875,130.33984375,183.0703125,174.046875,175.38671875,0.0,0.0,2.3671875,47.225311279296875
none,2,237,1.0,0.0,1.0,1.0,1.0,1.0,30.58203125,59.76953125,56.8984375,55.36328125,131.43359375,182.37890625,172.0,173.55078125,0.0,0.0,2.64453125,46.06618881225586
none,2,238,1.0,0.0,1.0,1.0,1.0,1.0,29.74609375,60.34375,54.84375,55.96875,129.8671875,184.890625,166.3125,174.953125,0.0,0.0,2.53515625,46.609214782714844
none,2,239,1.0,0.0,1.0,1.0,1.0,1.0,31.203125,60.14453125,54.99609375,56.12109375,133.69140625,185.28515625,165.6484375,177.1953125,0.0,0.0,2.5234375,46.14024353027344
none,2,240,1.0,0.0,1.0,1.0,1.0,1.0,31.359375,59.80078125,54.65234375,55.93359375,133.2734375,185.53515625,165.0078125,176.33984375,0.0,0.0,2.48828125,45.87706756591797
none,2,241,1.0,0.0,1.0,1.0,1.0,1.0,30.46484375,59.5703125,56.03125,54.87109375,130.9609375,185.375,171.51953125,174.0078125,0.0,0.0,2.64453125,45.827857971191406
none,2,242,1.0,0.0,1.0,1.0,1.0,1.0,29.6015625,58.72265625,55.24609375,56.6328125,126.98046875,181.30859375,168.10546875,179.44921875,0.0,0.0,2.6171875,46.523193359375
none,2,243,1.0,0.0,1.0,1.0,1.0,1.0,31.22265625,59.109375,56.55078125,55.96875,133.18359375,181.47265625,170.78125,176.6796875,0.0,0.0,2.5390625,46.58012390136719
none,2,244,1.0,0.0,1.0,1.0,1.0,1.0,29.81640625,58.5703125,55.96875,56.6328125,125.6796875,180.61328125,170.85546875,177.36328125,0.0,0.0,2.4375,46.130638122558594
none,2,245,1.0,0.0,1.0,1.0,1.0,1.0,29.44140625,59.6328125,56.29296875,55.40234375,127.01171875,184.93359375,170.859375,175.3046875,0.0,0.0,2.58203125,46.713226318359375
none,2,246,1.0,0.0,1.0,1.0,1.0,1.0,29.3125,59.796875,57.265625,54.4765625,126.94921875,186.51171875,173.66015625,171.9765625,0.0,0.0,2.30078125,46.74431610107422
none,2,247,1.0,0.0,1.0,1.0,1.0,1.0,29.28125,59.85546875,56.8515625,54.75390625,126.2890625,186.296875,174.0078125,173.4296875,0.0,0.0,2.4765625,46.89989471435547
none,2,248,1.0,0.0,1.0,1.0,1.0,1.0,29.37109375,59.03515625,56.74609375,56.33203125,128.65625,183.296875,173.21875,177.921875,0.0,0.0,2.515625,46.681427001953125
none,2,249,1.0,0.0,1.0,1.0,1.0,1.0,30.10546875,58.44140625,56.9453125,56.8359375,131.23046875,181.55078125,173.46484375,180.07421875,0.0,0.0,2.359375,46.71967315673828
none,2,250,1.0,0.0,1.0,1.0,1.0,1.0,29.79296875,59.94921875,56.47265625,55.28515625,127.5,185.62109375,171.734375,173.6484375,0.0,0.0,2.5625,46.82685470581055
none,2,251,1.0,0.0,1.0,1.0,1.0,1.0,30.23046875,59.52734375,56.08984375,55.70703125,131.84765625,184.65625,173.56640625,176.76953125,0.0,0.0,2.23828125,46.68974304199219
none,2,252,1.0,0.0,1.0,1.0,1.0,1.0,30.92578125,58.48828125,55.16796875,56.3671875,134.2578125,183.484375,169.99609375,178.9375,0.0,0.0,2.48046875,45.604759216308594
none,2,253,1.0,0.0,1.0,1.0,1.0,1.0,30.46484375,58.7578125,55.8203125,56.90234375,132.1484375,183.48828125,173.390625,179.6015625,0.0,0.0,2.41015625,46.470237731933594
none,2,254,1.0,0.0,1.0,1.0,1.0,1.0,29.83984375,59.74609375,56.37890625,55.25,129.9453125,187.55078125,174.08203125,172.40625,0.0,0.0,2.34375,46.55416488647461
none,2,255,1.0,0.0,1.0,1.0,1.0,1.0,30.2890625,60.31640625,56.4921875,56.32421875,132.515625,189.85546875,174.0,175.5703125,0.0,0.0,2.25390625,47.222442626953125
none,2,256,1.0,0.0,1.0,1.0,1.0,1.0,30.59765625,59.9453125,55.66796875,55.09375,131.67578125,186.95703125,172.13671875,173.37890625,0.0,0.0,2.625,46.110923767089844
none,2,257,1.0,0.0,1.0,1.0,1.0,1.0,30.41796875,60.76953125,57.01953125,55.26171875,131.30078125,191.21484375,174.265625,172.41796875,0.0,0.0,2.3203125,47.11907958984375
none,2,258,1.0,0.0,1.0,1.0,1.0,1.0,30.65625,60.91796875,55.5390625,55.71875,134.0078125,193.16015625,169.1875,174.5390625,0.0,0.0,2.37890625,46.7769775390625
none,2,259,1.0,0.0,1.0,1.0,1.0,1.0,30.92578125,59.1328125,55.7890625,55.61328125,134.7421875,187.98828125,171.5546875,175.0546875,0.0,0.0,2.38671875,46.384849548339844
none,2,260,1.0,0.0,1.0,1.0,1.0,1.0,30.2734375,60.08203125,55.64453125,55.359375,132.24609375,190.7265625,170.21484375,173.7890625,0.0,0.0,2.3984375,46.22938537597656
none,2,261,1.0,0.0,1.0,1.0,1.0,1.0,29.7734375,59.609375,55.98046875,55.81640625,131.03125,192.03125,171.82421875,173.39453125,0.0,0.0,2.30859375,46.67008972167969
none,2,262,1.0,0.0,1.0,1.0,1.0,1.0,29.640625,59.5859375,54.85546875,57.55859375,129.75,192.7421875,168.97265625,182.03515625,0.0,0.0,2.34765625,46.46112823486328
none,2,263,1.0,0.0,1.0,1.0,1.0,1.0,30.296875,59.18359375,55.52734375,55.72265625,133.4453125,191.6484375,170.5859375,176.03515625,0.0,0.0,2.3046875,45.96928024291992
none,2,264,1.0,0.0,1.0,1.0,1.0,1.0,30.23828125,58.0625,55.4296875,56.40234375,132.20703125,190.5078125,170.6796875,178.16796875,0.0,0.0,2.4609375,46.04459762573242
none,2,265,1.0,0.0,1.0,1.0,1.0,1.0,29.90234375,58.4296875,55.296875,56.171875,133.171875,192.8515625,172.48828125,179.765625,0.0,0.0,2.34375,46.1077995300293
none,2,266,1.0,0.0,1.0,1.0,1.0,1.0,30.23828125,58.01953125,55.96875,56.3671875,130.61328125,192.66796875,173.23828125,179.67578125,0.0,0.0,2.48046875,46.05779266357422
none,2,267,1.0,0.0,1.0,1.0,1.0,1.0,30.00390625,57.0,54.8984375,56.0078125,130.96484375,188.52734375,172.45703125,177.66796875,0.0,0.0,2.26953125,45.49132537841797
none,2,268,1.0,0.0,1.0,1.0,1.0,1.0,29.7734375,56.6171875,55.875,56.0625,128.87109375,187.53125,172.3125,178.41015625,0.0,0.0,2.21484375,45.69456100463867
none,2,269,1.0,0.0,1.0,1.0,1.0,1.0,29.3359375,56.93359375,54.56640625,56.34375,127.234375,188.42578125,169.2421875,179.90234375,0.0,0.0,2.36328125,45.48978805541992
none,2,270,1.0,0.0,1.0,1.0,1.0,1.0,28.98828125,57.296875,54.21875,54.94921875,127.85546875,190.0546875,169.7109375,175.921875,0.0,0.0,2.1875,45.0562858581543
none,2,271,1.0,0.0,1.0,1.0,1.0,1.0,29.22265625,57.03125,54.27734375,55.69921875,128.46875,191.07421875,170.3671875,177.33984375,0.0,0.0,2.35546875,45.02861785888672
none,2,272,1.0,0.0,1.0,1.0,1.0,1.0,28.8984375,56.76953125,54.4140625,53.359375,126.109375,189.89453125,171.58984375,172.5390625,0.0,0.0,2.4609375,44.21575927734375
none,2,273,1.0,0.0,1.0,1.0,1.0,1.0,30.15234375,56.7421875,54.44140625,55.96875,132.15234375,188.40625,171.8671875,183.1796875,0.0,0.0,2.3203125,44.96721649169922
none,2,274,1.0,0.0,1.0,1.0,1.0,1.0,29.16796875,56.1640625,55.05859375,56.296875,130.36328125,189.1171875,174.18359375,180.3125,0.0,0.0,2.42578125,45.741294860839844
none,2,275,1.0,0.0,1.0,1.0,1.0,1.0,29.6015625,56.7578125,54.890625,54.93359375,130.984375,189.83984375,174.0078125,179.71484375,0.0,0.0,2.4609375,44.951045989990234
none,2,276,1.0,0.0,1.0,1.0,1.0,1.0,29.30859375,56.55078125,55.25,54.69921875,131.51953125,189.61328125,174.71875,179.78515625,0.0,0.0,2.60546875,44.7846794128418
none,2,277,1.0,0.0,1.0,1.0,1.0,1.0,29.3984375,57.01953125,54.0546875,55.50390625,133.12109375,191.578125,175.171875,184.8359375,0.0,0.0,2.4140625,45.18917465209961
none,2,278,1.0,0.0,1.0,1.0,1.0,1.0,29.76171875,56.78515625,52.41796875,55.35546875,136.03125,191.64453125,172.25390625,186.2265625,0.0,0.0,2.33203125,44.151451110839844
none,2,279,1.0,0.0,1.0,1.0,1.0,1.0,29.765625,56.03515625,53.7109375,54.91796875,134.89453125,190.20703125,176.24609375,186.13671875,0.0,0.0,2.296875,44.270599365234375
none,2,280,1.0,0.0,1.0,1.0,1.0,1.0,28.05859375,56.94140625,54.05859375,55.25390625,134.22265625,191.796875,176.3515625,190.78125,0.0,0.0,2.28515625,45.238033294677734
none,2,281,1.0,0.0,1.0,1.0,1.0,1.0,28.83203125,58.0,54.828125,55.0,134.98828125,196.078125,180.8828125,188.00390625,0.0,0.0,2.3125,45.512733459472656
none,2,282,1.0,0.0,1.0,1.0,1.0,1.0,29.765625,55.40625,53.390625,55.94921875,140.32421875,188.84765625,178.1015625,190.1640625,0.0,0.0,2.3828125,44.417205810546875
none,2,283,1.0,0.0,1.0,1.0,1.0,1.0,29.359375,56.84765625,55.70703125,54.0390625,139.1328125,192.578125,185.62890625,183.98828125,0.0,0.0,2.328125,44.8942985534668
none,2,284,1.0,0.0,1.0,1.0,1.0,1.0,29.8203125,56.3046875,54.62890625,53.9140625,144.0234375,189.953125,180.87890625,185.86328125,0.0,0.0,2.37109375,44.31049728393555
none,2,285,1.0,0.0,1.0,1.0,1.0,1.0,30.4453125,56.875,54.98046875,54.5234375,144.5,192.171875,182.90625,188.48046875,0.0,0.0,2.36328125,44.49680709838867
none,2,286,1.0,0.0,1.0,1.0,1.0,1.0,31.015625,56.8203125,53.66796875,55.140625,146.79296875,193.3515625,179.375,187.45703125,0.0,0.0,2.2265625,44.4085807800293
none,2,287,1.0,0.0,1.0,1.0,1.0,1.0,29.97265625,58.203125,54.12890625,54.0625,142.66015625,193.19921875,180.42578125,186.91015625,0.0,0.0,2.41015625,45.030555725097656
none,2,288,1.0,0.0,1.0,1.0,1.0,1.0,30.12890625,57.99609375,55.1953125,53.265625,144.5859375,193.80859375,184.76171875,182.10546875,0.0,0.0,2.48828125,44.84249496459961
none,2,289,1.0,0.0,1.0,1.0,1.0,1.0,30.37109375,57.51171875,54.76953125,55.5546875,143.765625,191.80078125,181.890625,189.36328125,0.0,0.0,2.2265625,45.39061737060547
none,2,290,1.0,0.0,1.0,1.0,1.0,1.0,30.71875,56.8671875,54.11328125,54.078125,143.203125,187.35546875,180.63671875,186.76953125,0.0,0.0,2.35546875,44.31068420410156
none,2,291,1.0,0.0,1.0,1.0,1.0,1.0,31.09765625,57.2265625,55.46875,54.953125,143.546875,188.21875,182.51171875,188.14453125,0.0,0.0,2.265625,45.40946960449219
none,2,292,1.0,0.0,1.0,1.0,1.0,1.0,31.40234375,58.4296875,53.921875,54.66796875,144.8515625,190.7265625,179.84375,185.34375,0.0,0.0,2.38671875,45.19804382324219
none,2,293,1.0,0.0,1.0,1.0,1.0,1.0,31.71484375,58.09375,54.7734375,55.01171875,144.703125,190.64453125,179.30078125,184.39453125,0.0,0.0,2.17578125,45.25572967529297
none,2,294,1.0,0.0,1.0,1.0,1.0,1.0,31.96484375,57.921875,55.5390625,55.4765625,145.453125,189.30859375,181.60546875,184.8359375,0.0,0.0,2.25390625,45.585166931152344
none,2,295,1.0,0.0,1.0,1.0,1.0,1.0,32.79296875,59.078125,55.171875,55.7890625,145.49609375,189.58984375,178.1953125,182.86328125,0.0,0.0,2.1796875,45.820411682128906
none,2,296,1.0,0.0,1.0,1.0,1.0,1.0,30.71484375,59.60546875,56.54296875,56.09765625,138.578125,190.8515625,180.453125,182.32421875,0.0,0.0,2.0703125,46.875885009765625
none,2,297,1.0,0.0,1.0,1.0,1.0,1.0,32.43359375,58.76171875,56.5078125,56.56640625,141.64453125,186.54296875,179.109375,184.76171875,0.0,0.0,2.12109375,46.4261474609375
none,2,298,1.0,0.0,1.0,1.0,1.0,1.0,31.97265625,60.109375,55.84375,56.515625,140.0703125,191.84375,177.3203125,182.1171875,0.0,0.0,2.0390625,47.18755340576172
none,2,299,1.0,0.0,1.0,1.0,1.0,1.0,31.8828125,60.890625,56.5625,55.3359375,136.94140625,191.62109375,175.421875,175.453125,0.0,0.0,1.96875,46.96490478515625
none,2,300,1.0,0.0,1.0,1.0,1.0,1.0,31.640625,62.05078125,58.171875,54.953125,133.09765625,194.078125,179.640625,173.859375,0.0,0.0,2.0859375,47.96244430541992
none,2,301,1.0,0.0,1.0,1.0,1.0,1.0,32.4765625,61.609375,55.9609375,56.35546875,138.27734375,190.59765625,172.2109375,176.5078125,0.0,0.0,2.23046875,47.18864059448242
none,2,302,1.0,0.0,1.0,1.0,1.0,1.0,32.48828125,59.89453125,57.40625,56.56640625,134.76171875,183.12890625,175.69140625,175.21875,0.0,0.0,1.91796875,47.09646224975586
none,2,303,1.0,0.0,1.0,1.0,1.0,1.0,32.99609375,61.23046875,56.9765625,56.4296875,135.93359375,187.23046875,173.07421875,174.4453125,0.0,0.0,1.97265625,47.74635314941406
none,2,304,1.0,0.0,1.0,1.0,1.0,1.0,32.4296875,59.83984375,57.734375,57.15234375,134.16796875,182.36328125,173.578125,174.984375,0.0,0.0,1.9375,47.707115173339844
none,2,305,1.0,0.0,1.0,1.0,1.0,1.0,33.375,59.98046875,57.7734375,57.1796875,136.21875,182.921875,173.5703125,173.421875,0.0,0.0,1.90234375,47.397117614746094
none,2,306,1.0,0.0,1.0,1.0,1.0,1.0,31.91796875,60.0078125,57.66015625,57.515625,132.94140625,181.125,172.92578125,175.7578125,0.0,0.0,1.9921875,47.9926872253418
none,2,307,1.0,0.0,1.0,1.0,1.0,1.0,32.50390625,59.54296875,56.21484375,57.86328125,133.05078125,179.4140625,168.91015625,176.5234375,0.0,0.0,1.8125,47.58918380737305
none,2,308,1.0,0.0,1.0,1.0,1.0,1.0,32.78515625,61.02734375,56.44140625,57.12109375,134.37109375,183.7734375,169.2578125,174.1171875,0.0,0.0,1.92578125,47.289833068847656
none,2,309,1.0,0.0,1.0,1.0,1.0,1.0,32.8203125,60.29296875,55.85546875,58.6171875,136.00390625,181.36328125,168.59765625,178.66796875,0.0,0.0,1.76171875,47.776275634765625
none,2,310,1.0,0.0,1.0,1.0,1.0,1.0,32.20703125,61.0390625,56.76171875,57.22265625,132.1640625,184.27734375,169.71875,174.55859375,0.0,0.0,1.9296875,47.802764892578125
none,2,311,1.0,0.0,1.0,1.0,1.0,1.0,32.4453125,62.58203125,56.96484375,57.80859375,135.69140625,187.8125,170.59765625,176.2109375,0.0,0.0,1.8828125,48.56278991699219
none,2,312,1.0,0.0,1.0,1.0,1.0,1.0,30.96875,61.46875,57.3515625,56.29296875,130.71484375,187.4375,171.203125,171.0078125,0.0,0.0,1.87109375,47.96173095703125
none,2,313,1.0,0.0,1.0,1.0,1.0,1.0,30.96484375,61.0625,58.48828125,57.08984375,130.203125,184.453125,175.1328125,173.4921875,0.0,0.0,1.91015625,48.46223068237305
none,2,314,1.0,0.0,1.0,1.0,1.0,1.0,31.16796875,60.828125,57.53515625,57.06640625,131.1171875,183.3671875,171.93359375,173.79296875,0.0,0.0,1.88671875,47.66852951049805
none,2,315,1.0,0.0,1.0,1.0,1.0,1.0,29.92578125,61.5703125,57.2578125,56.3203125,126.71875,185.84375,171.4375,171.7578125,0.0,0.0,1.94921875,47.94234848022461
none,2,316,1.0,0.0,1.0,1.0,1.0,1.0,30.8359375,60.5859375,57.8125,54.32421875,130.16796875,183.8984375,174.48046875,166.46484375,0.0,0.0,1.92578125,47.02050018310547
none,2,317,1.0,0.0,1.0,1.0,1.0,1.0,30.85546875,62.7421875,57.40625,53.640625,130.59375,190.515625,172.76953125,163.9453125,0.0,0.0,2.125,47.20591735839844
none,2,318,1.0,0.0,1.0,1.0,1.0,1.0,31.01171875,63.2265625,57.5390625,53.49609375,129.56640625,192.58984375,175.296875,163.7109375,0.0,0.0,2.01953125,47.755393981933594
none,2,319,1.0,0.0,1.0,1.0,1.0,1.0,30.7578125,63.13671875,57.6171875,54.6953125,129.38671875,190.6875,173.73828125,165.921875,0.0,0.0,2.078125,47.88622283935547
none,2,320,1.0,0.0,1.0,1.0,1.0,1.0,31.265625,63.80078125,56.35546875,55.48046875,131.58203125,195.875,169.6484375,169.48828125,0.0,0.0,2.0859375,48.071746826171875
none,2,321,1.0,0.0,1.0,1.0,1.0,1.0,30.92578125,63.7109375,57.68359375,53.96484375,131.32421875,193.8984375,176.93359375,165.4375,0.0,0.0,2.29296875,48.209800720214844
none,2,322,1.0,0.0,1.0,1.0,1.0,1.0,30.62890625,64.0390625,58.08203125,55.0078125,130.94140625,195.74609375,177.12109375,167.5703125,0.0,0.0,2.00390625,48.844635009765625
none,2,323,1.0,0.0,1.0,1.0,1.0,1.0,30.6875,64.9140625,57.2421875,53.421875,129.32421875,199.78515625,174.7265625,162.45703125,0.0,0.0,2.15625,48.17137908935547
none,2,324,1.0,0.0,1.0,1.0,1.0,1.0,30.703125,62.79296875,57.35546875,54.79296875,129.3203125,192.17578125,175.38671875,166.71875,0.0,0.0,2.22265625,47.82841491699219
none,2,325,1.0,0.0,1.0,1.0,1.0,1.0,31.33984375,64.3828125,58.3046875,53.671875,132.28125,196.75390625,176.33203125,162.82421875,0.0,0.0,2.1640625,48.4615478515625
none,2,326,1.0,0.0,1.0,1.0,1.0,1.0,30.94140625,63.98046875,58.0703125,55.6328125,131.3046875,194.9140625,175.7578125,169.2421875,0.0,0.0,2.140625,48.347633361816406
none,2,327,1.0,0.0,1.0,1.0,1.0,1.0,31.49609375,64.8125,56.8984375,55.53515625,133.140625,196.98046875,171.140625,169.640625,0.0,0.0,2.14453125,48.721351623535156
none,2,328,1.0,0.0,1.0,1.0,1.0,1.0,31.3515625,62.98046875,58.53125,55.640625,132.8359375,189.6484375,175.09375,168.28515625,0.0,0.0,1.90625,48.30233383178711
none,2,329,1.0,0.0,1.0,1.0,1.0,1.0,32.0078125,62.81640625,58.0546875,57.21875,133.6015625,190.73046875,174.19140625,174.7890625,0.0,0.0,2.15234375,48.58005905151367
none,2,330,1.0,0.0,1.0,1.0,1.0,1.0,33.2109375,63.59375,58.47265625,56.56640625,138.49609375,191.18359375,172.75,171.265625,0.0,0.0,2.04296875,48.75421905517578
none,2,331,1.0,0.0,1.0,1.0,1.0,1.0,31.546875,64.7734375,58.99609375,56.3984375,132.50390625,195.03515625,173.80078125,171.58203125,0.0,0.0,1.90234375,49.721614837646484
none,2,332,1.0,0.0,1.0,1.0,1.0,1.0,32.26953125,63.9765625,59.26953125,56.3984375,135.83203125,192.41796875,177.1171875,170.46484375,0.0,0.0,1.94921875,49.55521774291992
none,2,333,1.0,0.0,1.0,1.0,1.0,1.0,32.01171875,64.296875,59.0234375,56.19921875,134.09375,193.6875,173.2421875,168.9296875,0.0,0.0,1.9375,49.37602996826172
none,2,334,1.0,0.0,1.0,1.0,1.0,1.0,31.66796875,64.80859375,59.4921875,55.8203125,134.6640625,193.51953125,175.82421875,167.15234375,0.0,0.0,2.20703125,49.912559509277344
none,2,335,1.0,0.0,1.0,1.0,1.0,1.0,31.9765625,64.04296875,59.1015625,57.53125,134.6640625,193.015625,172.8515625,173.22265625,0.0,0.0,1.87890625,49.83759689331055
none,2,336,1.0,0.0,1.0,1.0,1.0,1.0,31.640625,64.796875,59.01171875,57.25,135.33203125,194.6171875,172.30078125,172.8359375,0.0,0.0,1.71484375,50.10166549682617
none,2,337,1.0,0.0,1.0,1.0,1.0,1.0,31.29296875,63.36328125,59.3203125,57.84375,133.46484375,190.74609375,175.01953125,173.96875,0.0,0.0,1.94921875,50.00123596191406
none,2,338,1.0,0.0,1.0,1.0,1.0,1.0,32.22265625,62.44921875,58.69921875,57.37890625,138.26171875,187.72265625,172.34765625,173.81640625,0.0,0.0,1.8984375,49.06949996948242
none,2,339,1.0,0.0,1.0,1.0,1.0,1.0,31.19921875,64.5859375,59.55078125,58.06640625,132.7734375,193.40625,175.21875,175.2734375,0.0,0.0,1.89453125,50.511497497558594
none,2,340,1.0,0.0,1.0,1.0,1.0,1.0,30.85546875,64.33203125,60.734375,57.7265625,130.5703125,193.21875,179.3359375,176.015625,0.0,0.0,1.8359375,51.12003707885742
none,2,341,1.0,0.0,1.0,1.0,1.0,1.0,32.19140625,64.7421875,58.78125,58.453125,138.69140625,193.80078125,173.8359375,177.4140625,0.0,0.0,1.71484375,50.251976013183594
none,2,342,1.0,0.0,1.0,1.0,1.0,1.0,32.0546875,63.7578125,58.6171875,57.7109375,137.83203125,192.28515625,173.1484375,175.6640625,0.0,0.0,1.84375,49.67961883544922
none,2,343,1.0,0.0,1.0,1.0,1.0,1.0,31.64453125,64.91796875,59.22265625,56.27734375,136.09375,194.44140625,175.98046875,172.63671875,0.0,0.0,1.8203125,49.706520080566406
none,2,344,1.0,0.0,1.0,1.0,1.0,1.0,31.328125,65.28515625,59.48046875,55.8046875,135.12109375,196.46484375,175.07421875,171.625,0.0,0.0,1.8359375,50.00128173828125
none,2,345,1.0,0.0,1.0,1.0,1.0,1.0,30.53125,63.890625,58.7109375,56.03515625,133.2265625,192.1953125,176.859375,172.0703125,0.0,0.0,1.84375,49.455291748046875
none,2,346,1.0,0.0,1.0,1.0,1.0,1.0,31.29296875,63.90234375,58.6484375,55.78515625,133.171875,192.3671875,174.140625,171.72265625,0.0,0.0,1.87890625,49.03099822998047
none,2,347,1.0,0.0,1.0,1.0,1.0,1.0,31.44140625,63.09375,58.69921875,54.04296875,134.1953125,190.4296875,173.9375,168.6015625,0.0,0.0,1.98046875,48.44228744506836
none,2,348,1.0,0.0,1.0,1.0,1.0,1.0,31.75390625,63.953125,59.20703125,54.83984375,137.48828125,193.1953125,177.01953125,169.125,0.0,0.0,1.83984375,48.94451141357422
none,2,349,1.0,0.0,1.0,1.0,1.0,1.0,31.01953125,63.4765625,58.53515625,55.65625,133.77734375,191.3515625,174.79296875,172.8046875,0.0,0.0,1.91015625,48.787811279296875
none,2,350,1.0,0.0,1.0,1.0,1.0,1.0,30.67578125,63.3984375,58.140625,54.96875,133.26953125,191.9296875,174.75,170.96484375,0.0,0.0,1.86328125,48.461814880371094
none,2,351,1.0,0.0,1.0,1.0,1.0,1.0,31.828125,64.05859375,58.21875,54.78515625,138.609375,193.9296875,174.92578125,170.84375,0.0,0.0,1.99609375,48.91093063354492
none,2,352,1.0,0.0,1.0,1.0,1.0,1.0,31.296875,64.4375,57.8984375,55.60546875,135.78515625,196.109375,174.21484375,172.38671875,0.0,0.0,1.9296875,49.10148239135742
none,2,353,1.0,0.0,1.0,1.0,1.0,1.0,31.32421875,62.65234375,58.64453125,55.95703125,135.4453125,192.01953125,177.22265625,174.15234375,0.0,0.0,1.984375,48.446685791015625
none,2,354,1.0,0.0,1.0,1.0,1.0,1.0,31.16796875,63.2578125,58.94140625,55.51953125,136.796875,193.88671875,177.92578125,171.9765625,0.0,0.0,1.875,48.82218551635742
none,2,355,1.0,0.0,1.0,1.0,1.0,1.0,31.30859375,63.32421875,57.19921875,55.984375,137.16015625,194.32421875,172.66796875,174.27734375,0.0,0.0,2.12109375,48.531333923339844
none,2,356,1.0,0.0,1.0,1.0,1.0,1.0,31.0546875,63.84765625,57.625,56.20703125,134.3984375,194.921875,173.46875,174.34765625,0.0,0.0,2.0859375,48.93133544921875
none,2,357,1.0,0.0,1.0,1.0,1.0,1.0,30.453125,63.5703125,57.8125,56.48046875,134.8828125,193.328125,172.49609375,174.48828125,0.0,0.0,2.10546875,48.95380401611328
none,2,358,1.0,0.0,1.0,1.0,1.0,1.0,31.8515625,64.59765625,56.34765625,55.07421875,138.94140625,196.2578125,168.80078125,172.28515625,0.0,0.0,2.06640625,47.94513702392578
none,2,359,1.0,0.0,1.0,1.0,1.0,1.0,30.1953125,64.23046875,58.2421875,54.87890625,132.04296875,195.41796875,173.765625,169.39453125,0.0,0.0,2.16015625,49.4736328125
none,2,360,1.0,0.0,1.0,1.0,1.0,1.0,31.1953125,63.41796875,59.5546875,55.5703125,133.3359375,193.16796875,176.81640625,172.71484375,0.0,0.0,1.9375,49.477020263671875
none,2,361,1.0,0.0,1.0,1.0,1.0,1.0,31.08984375,63.69921875,57.94140625,57.0078125,135.3984375,191.703125,172.44140625,177.19921875,0.0,0.0,1.98046875,49.174102783203125
none,2,362,1.0,0.0,1.0,1.0,1.0,1.0,29.98828125,64.15234375,60.19921875,55.08984375,130.81640625,194.234375,178.91796875,169.80078125,0.0,0.0,1.9609375,49.718772888183594
none,2,363,1.0,0.0,1.0,1.0,1.0,1.0,29.5859375,64.6484375,60.05078125,54.94921875,129.66015625,195.234375,177.7421875,169.03125,0.0,0.0,1.94140625,49.650177001953125
none,2,364,1.0,0.0,1.0,1.0,1.0,1.0,30.27734375,65.36328125,58.6171875,54.66015625,132.921875,199.0390625,173.3203125,167.60546875,0.0,0.0,2.01171875,49.38634490966797
none,2,365,1.0,0.0,1.0,1.0,1.0,1.0,30.94921875,63.16015625,59.4921875,56.79296875,133.24609375,189.26171875,177.47265625,173.62109375,0.0,0.0,1.98046875,49.88715744018555
none,2,366,1.0,0.0,1.0,1.0,1.0,1.0,30.2109375,64.00390625,59.6875,55.4765625,132.30078125,193.95703125,176.421875,170.421875,0.0,0.0,1.87109375,49.72654342651367
none,2,367,1.0,0.0,1.0,1.0,1.0,1.0,31.11328125,64.62109375,59.8984375,54.1640625,135.078125,194.86328125,177.1953125,166.63671875,0.0,0.0,2.078125,49.209983825683594
none,2,368,1.0,0.0,1.0,1.0,1.0,1.0,30.921875,64.49609375,59.9765625,56.5703125,134.10546875,194.2890625,177.08984375,174.3203125,0.0,0.0,2.05859375,50.32782745361328
none,2,369,1.0,0.0,1.0,1.0,1.0,1.0,31.0546875,64.07421875,58.96484375,55.82421875,135.03125,192.890625,174.71875,171.25,0.0,0.0,2.046875,49.507041931152344
none,2,370,1.0,0.0,1.0,1.0,1.0,1.0,30.58984375,64.03515625,59.046875,57.34765625,132.53515625,191.22265625,175.5078125,177.17578125,0.0,0.0,2.11328125,49.813621520996094
none,2,371,1.0,0.0,1.0,1.0,1.0,1.0,30.7890625,63.62890625,58.8359375,57.640625,134.40234375,191.33203125,175.22265625,177.14453125,0.0,0.0,1.9609375,49.940643310546875
none,2,372,1.0,0.0,1.0,1.0,1.0,1.0,31.484375,63.9921875,58.80859375,57.91015625,138.61328125,191.96875,174.26953125,177.30859375,0.0,0.0,2.0703125,49.803733825683594
none,2,373,1.0,0.0,1.0,1.0,1.0,1.0,30.01953125,62.0703125,58.6171875,58.2421875,133.0859375,186.62109375,174.1953125,178.44140625,0.0,0.0,1.9921875,49.5142936706543
none,2,374,1.0,0.0,1.0,1.0,1.0,1.0,31.89453125,63.26171875,58.22265625,58.15234375,142.24609375,189.046875,173.0,180.6640625,0.0,0.0,1.87890625,49.232208251953125
none,2,375,1.0,0.0,1.0,1.0,1.0,1.0,31.15625,65.73046875,57.80859375,56.46484375,137.3203125,197.77734375,173.03515625,173.11328125,0.0,0.0,2.01171875,49.559288024902344
none,2,376,1.0,0.0,1.0,1.0,1.0,1.0,30.2890625,64.6640625,60.171875,55.9296875,131.37109375,194.21875,179.23046875,169.80859375,0.0,0.0,1.85546875,50.193359375
none,2,377,1.0,0.0,1.0,1.0,1.0,1.0,31.5859375,65.421875,59.90234375,56.55859375,135.62109375,196.17578125,177.7734375,172.58203125,0.0,0.0,1.8828125,50.441986083984375
none,2,378,1.0,0.0,1.0,1.0,1.0,1.0,30.6171875,64.66796875,59.5703125,55.23828125,133.703125,192.875,176.14453125,168.015625,0.0,0.0,1.87890625,49.667694091796875
none,2,379,1.0,0.0,1.0,1.0,1.0,1.0,30.26171875,64.296875,60.4140625,55.54296875,132.46484375,192.0390625,178.69921875,170.73828125,0.0,0.0,1.9453125,50.01952362060547
none,2,380,1.0,0.0,1.0,1.0,1.0,1.0,30.90234375,65.4296875,59.2890625,55.484375,135.2890625,196.8125,175.3515625,169.54296875,0.0,0.0,1.96484375,50.052886962890625
none,2,381,1.0,0.0,1.0,1.0,1.0,1.0,29.8203125,64.77734375,60.08203125,55.9453125,132.01171875,194.9609375,177.93359375,169.55078125,0.0,0.0,2.01171875,50.207984924316406
none,2,382,1.0,0.0,1.0,1.0,1.0,1.0,30.2578125,65.52734375,59.62109375,56.37109375,131.8046875,197.49609375,176.8046875,171.1953125,0.0,0.0,1.8984375,50.27315902709961
none,2,383,1.0,0.0,1.0,1.0,1.0,1.0,29.921875,65.390625,59.8203125,56.28125,132.09765625,195.69921875,177.4375,172.37890625,0.0,0.0,1.73046875,50.65968322753906
none,2,384,1.0,0.0,1.0,1.0,1.0,1.0,30.11328125,65.3515625,60.76171875,56.171875,133.80859375,197.16796875,180.41796875,171.42578125,0.0,0.0,1.91796875,50.52851867675781
none,2,385,1.0,0.0,1.0,1.0,1.0,1.0,29.96875,64.09375,60.6875,57.48828125,132.84375,191.625,180.265625,175.59375,0.0,0.0,1.81640625,50.779510498046875
none,2,386,1.0,0.0,1.0,1.0,1.0,1.0,30.359375,64.859375,61.125,56.73046875,131.69140625,194.13671875,182.25390625,173.53125,0.0,0.0,1.88671875,51.082618713378906
none,2,387,1.0,0.0,1.0,1.0,1.0,1.0,30.3046875,64.41015625,60.4296875,57.3046875,130.86328125,192.36328125,178.4453125,173.62890625,0.0,0.0,1.84375,50.559791564941406
none,2,388,1.0,0.0,1.0,1.0,1.0,1.0,29.703125,64.78125,60.859375,56.8515625,129.95703125,193.79296875,178.734375,171.70703125,0.0,0.0,1.7265625,50.79151916503906
none,2,389,1.0,0.0,1.0,1.0,1.0,1.0,31.37890625,64.66796875,60.05859375,57.859375,135.6484375,191.421875,177.80078125,175.66796875,0.0,0.0,1.88671875,50.790828704833984
none,2,390,1.0,0.0,1.0,1.0,1.0,1.0,30.25,63.6953125,60.47265625,57.34375,131.49609375,190.4765625,177.41015625,173.57421875,0.0,0.0,1.765625,50.403160095214844
none,2,391,1.0,0.0,1.0,1.0,1.0,1.0,30.69921875,64.421875,60.88671875,57.33203125,133.30859375,191.859375,179.94140625,174.3671875,0.0,0.0,1.69921875,50.79349899291992
none,2,392,1.0,0.0,1.0,1.0,1.0,1.0,30.1796875,65.1015625,60.09375,56.76171875,132.05078125,194.6875,176.53125,172.43359375,0.0,0.0,1.6875,50.64484786987305
none,2,393,1.0,0.0,1.0,1.0,1.0,1.0,30.48828125,65.109375,60.8671875,57.57421875,133.828125,192.66796875,178.109375,175.4765625,0.0,0.0,1.83203125,51.43132781982422
none,2,394,1.0,0.0,1.0,1.0,1.0,1.0,31.1875,64.44921875,61.18359375,57.68359375,135.47265625,192.59765625,180.71484375,175.625,0.0,0.0,1.88671875,50.864723205566406
none,2,395,1.0,0.0,1.0,1.0,1.0,1.0,30.87890625,65.30859375,61.09765625,55.89453125,136.3046875,195.33984375,179.85546875,170.2734375,0.0,0.0,1.63671875,50.9681510925293
none,2,396,1.0,0.0,1.0,1.0,1.0,1.0,30.4453125,65.83984375,60.62109375,56.77734375,134.78125,197.7265625,178.44921875,172.734375,0.0,0.0,1.80078125,51.049217224121094
none,2,397,1.0,0.0,1.0,1.0,1.0,1.0,30.72265625,63.59375,60.9296875,56.890625,136.96484375,189.76953125,179.87109375,174.91796875,0.0,0.0,1.9375,50.41213607788086
none,2,398,1.0,0.0,1.0,1.0,1.0,1.0,31.40625,64.73828125,60.98828125,57.7734375,138.21484375,192.75390625,179.05078125,174.74609375,0.0,0.0,1.9765625,51.230491638183594
none,2,399,1.0,0.0,1.0,1.0,1.0,1.0,29.44140625,65.62890625,60.23046875,57.1875,129.87890625,195.29296875,177.13671875,174.1875,0.0,0.0,1.84375,51.185882568359375
none,2,400,1.0,0.0,1.0,1.0,1.0,1.0,31.140625,65.140625,61.0234375,57.765625,135.52734375,194.78125,177.9296875,176.1875,0.0,0.0,1.9140625,51.417694091796875
none,2,401,1.0,0.0,1.0,1.0,1.0,1.0,29.72265625,66.1484375,61.65625,56.80859375,132.36328125,197.0703125,180.35546875,172.70703125,0.0,0.0,1.80859375,51.62978744506836
none,2,402,1.0,0.0,1.0,1.0,1.0,1.0,30.234375,64.28515625,61.3359375,58.56640625,134.09765625,190.984375,178.29296875,178.4921875,0.0,0.0,1.80859375,51.43345260620117
none,2,403,1.0,0.0,1.0,1.0,1.0,1.0,31.28515625,66.50390625,61.76953125,58.140625,137.31640625,196.86328125,180.25,176.62890625,0.0,0.0,1.7421875,52.28040313720703
none,2,404,1.0,0.0,1.0,1.0,1.0,1.0,29.9140625,64.515625,62.48046875,57.546875,131.9375,191.23828125,183.5,174.79296875,0.0,0.0,1.81640625,51.53760528564453
none,2,405,1.0,0.0,1.0,1.0,1.0,1.0,31.09375,64.5078125,60.66796875,58.19921875,138.1640625,190.68359375,176.375,177.33984375,0.0,0.0,1.84375,51.120723724365234
none,2,406,1.0,0.0,1.0,1.0,1.0,1.0,31.23828125,65.35546875,61.26953125,57.70703125,138.59375,192.76171875,178.5859375,175.203125,0.0,0.0,1.83984375,51.444114685058594
none,2,407,1.0,0.0,1.0,1.0,1.0,1.0,31.65625,64.125,60.83984375,59.9140625,139.12109375,189.359375,178.03515625,180.98046875,0.0,0.0,1.83203125,51.58298873901367
none,2,408,1.0,0.0,1.0,1.0,1.0,1.0,31.83984375,63.98046875,61.74609375,59.37890625,139.62109375,189.43359375,181.43359375,179.5859375,0.0,0.0,1.765625,51.72484588623047
none,2,409,1.0,0.0,1.0,1.0,1.0,1.0,30.68359375,64.36328125,60.75,58.8046875,136.51171875,189.6484375,176.23046875,178.734375,0.0,0.0,2.0234375,51.4672966003418
none,2,410,1.0,0.0,1.0,1.0,1.0,1.0,30.55859375,64.76171875,62.3125,58.21484375,136.265625,190.76953125,180.80078125,176.70703125,0.0,0.0,1.94140625,52.0865478515625
none,2,411,1.0,0.0,1.0,1.0,1.0,1.0,30.8203125,64.9921875,61.234375,58.41015625,137.4375,192.42578125,178.88671875,177.296875,0.0,0.0,1.94921875,51.49901580810547
none,2,412,1.0,0.0,1.0,1.0,1.0,1.0,30.62890625,63.87109375,61.8828125,58.2421875,136.98046875,189.34765625,180.10546875,176.84765625,0.0,0.0,2.00390625,51.358192443847656
none,2,413,1.0,0.0,1.0,1.0,1.0,1.0,30.546875,63.50390625,61.62109375,58.7421875,135.34765625,187.515625,180.00390625,179.40625,0.0,0.0,1.98046875,51.618988037109375
none,2,414,1.0,0.0,1.0,1.0,1.0,1.0,30.375,64.328125,61.49609375,58.69140625,137.2890625,191.59375,180.40234375,178.375,0.0,0.0,1.859375,51.641380310058594
none,2,415,1.0,0.0,1.0,1.0,1.0,1.0,30.171875,64.16015625,61.6875,57.796875,133.73828125,190.5390625,179.28125,175.7265625,0.0,0.0,1.8359375,51.49958801269531
none,2,416,1.0,0.0,1.0,1.0,1.0,1.0,30.50390625,64.90625,62.7109375,59.0625,136.484375,190.375,183.1015625,178.59765625,0.0,0.0,1.734375,52.111183166503906
none,2,417,1.0,0.0,1.0,1.0,1.0,1.0,30.26171875,64.84765625,61.6875,59.1875,135.375,190.53515625,178.62890625,180.7421875,0.0,0.0,1.90625,52.3259391784668
none,2,418,1.0,0.0,1.0,1.0,1.0,1.0,30.62890625,64.69921875,61.76171875,58.27734375,138.26171875,189.94921875,178.3125,176.32421875,0.0,0.0,1.98046875,51.854454040527344
none,2,419,1.0,0.0,1.0,1.0,1.0,1.0,30.5,64.46484375,61.890625,59.20703125,140.27734375,188.96875,178.19921875,178.40625,0.0,0.0,1.89453125,52.14268493652344
none,2,420,1.0,0.0,1.0,1.0,1.0,1.0,30.15234375,63.92578125,63.22265625,58.60546875,134.30078125,187.30078125,182.5078125,177.984375,0.0,0.0,1.82421875,52.095489501953125
none,2,421,1.0,0.0,1.0,1.0,1.0,1.0,30.69140625,64.25,62.74609375,57.8515625,137.66796875,187.9453125,181.0625,173.578125,0.0,0.0,1.92578125,51.515926361083984
none,2,422,1.0,0.0,1.0,1.0,1.0,1.0,29.3359375,64.4765625,61.9453125,59.8984375,132.984375,189.46484375,179.7109375,180.09765625,0.0,0.0,2.1484375,52.31949996948242
none,2,423,1.0,0.0,1.0,1.0,1.0,1.0,29.28515625,63.44921875,61.21875,58.6875,131.0703125,185.73046875,175.890625,177.64453125,0.0,0.0,2.05078125,51.3623161315918
none,2,424,1.0,0.0,1.0,1.0,1.0,1.0,29.84375,63.67578125,62.546875,59.078125,134.77734375,186.25390625,181.3984375,178.0625,0.0,0.0,2.09765625,52.091094970703125
none,2,425,1.0,0.0,1.0,1.0,1.0,1.0,29.4453125,63.28515625,63.02734375,59.390625,135.1953125,187.875,183.03125,179.8203125,0.0,0.0,2.00390625,52.1632194519043
none,2,426,1.0,0.0,1.0,1.0,1.0,1.0,29.015625,64.0078125,62.84765625,59.35546875,132.28125,186.84375,182.16015625,179.23828125,0.0,0.0,1.984375,52.503936767578125
none,2,427,1.0,0.0,1.0,1.0,1.0,1.0,29.609375,64.04296875,62.0703125,58.9921875,137.1171875,187.50390625,179.703125,178.83203125,0.0,0.0,1.953125,51.81292724609375
none,2,428,1.0,0.0,1.0,1.0,1.0,1.0,30.27734375,64.5703125,62.72265625,58.92578125,139.27734375,190.33984375,181.09765625,178.671875,0.0,0.0,1.89453125,52.56114959716797
none,2,429,1.0,0.0,1.0,1.0,1.0,1.0,29.58203125,65.32421875,62.90234375,58.14453125,134.140625,191.5390625,182.3828125,175.578125,0.0,0.0,1.78515625,52.40473556518555
none,2,430,1.0,0.0,1.0,1.0,1.0,1.0,30.6171875,65.01953125,62.8671875,58.99609375,140.25390625,191.0234375,182.3046875,179.0390625,0.0,0.0,1.78125,52.29608154296875
none,2,431,1.0,0.0,1.0,1.0,1.0,1.0,29.5859375,64.65234375,63.42578125,59.01953125,136.8359375,190.6015625,184.77734375,178.359375,0.0,0.0,1.8203125,52.566829681396484
none,2,432,1.0,0.0,1.0,1.0,1.0,1.0,29.99609375,64.65625,63.21484375,59.03125,138.2109375,189.265625,182.59375,178.16015625,0.0,0.0,2.0546875,52.396663665771484
none,2,433,1.0,0.0,1.0,1.0,1.0,1.0,29.6875,65.140625,63.16796875,59.6015625,137.08203125,191.375,181.87890625,179.50390625,0.0,0.0,1.7421875,53.252593994140625
none,2,434,1.0,0.0,1.0,1.0,1.0,1.0,28.671875,64.83984375,65.48828125,58.53125,132.796875,189.4921875,189.58203125,176.515625,0.0,0.0,1.84375,53.53159713745117
none,2,435,1.0,0.0,1.0,1.0,1.0,1.0,28.80859375,63.58984375,63.61328125,59.23828125,134.28515625,186.49609375,183.76953125,178.125,0.0,0.0,1.8203125,52.822200775146484
none,2,436,1.0,0.0,1.0,1.0,1.0,1.0,29.390625,65.8046875,63.22265625,59.56640625,135.93359375,192.27734375,183.70703125,178.7578125,0.0,0.0,1.7265625,53.427391052246094
none,2,437,1.0,0.0,1.0,1.0,1.0,1.0,29.328125,62.9609375,62.71484375,60.62890625,136.41796875,183.43359375,181.14453125,183.48828125,0.0,0.0,1.9296875,52.5118522644043
none,2,438,1.0,0.0,1.0,1.0,1.0,1.0,29.57421875,64.515625,62.87109375,59.53515625,135.6953125,188.90234375,180.87109375,179.65234375,0.0,0.0,2.03515625,52.278926849365234
none,2,439,1.0,0.0,1.0,1.0,1.0,1.0,29.56640625,64.8671875,63.109375,59.1796875,135.78515625,188.2578125,182.6484375,178.3515625,0.0,0.0,2.0625,52.649532318115234
none,2,440,1.0,0.0,1.0,1.0,1.0,1.0,28.6640625,63.828125,63.68359375,58.9609375,131.69140625,187.0234375,184.28515625,179.234375,0.0,0.0,2.02734375,52.66450500488281
none,2,441,1.0,0.0,1.0,1.0,1.0,1.0,28.90625,64.6015625,63.1171875,58.46875,132.3828125,188.9375,181.94140625,176.01171875,0.0,0.0,2.140625,52.28582000732422
none,2,442,1.0,0.0,1.0,1.0,1.0,1.0,29.69140625,64.59375,63.9140625,58.06640625,134.91796875,187.6171875,185.02734375,175.33984375,0.0,0.0,1.98046875,52.86678695678711
none,2,443,1.0,0.0,1.0,1.0,1.0,1.0,28.734375,65.2890625,64.9375,59.18359375,131.03515625,189.55078125,185.99609375,177.90625,0.0,0.0,1.9609375,54.01195526123047
none,2,444,1.0,0.0,1.0,1.0,1.0,1.0,28.8828125,65.57421875,64.1015625,58.1640625,133.34765625,191.47265625,183.625,173.3046875,0.0,0.0,1.98046875,53.00231170654297
none,2,445,1.0,0.0,1.0,1.0,1.0,1.0,29.14453125,65.4453125,62.8203125,59.89453125,136.16796875,191.06640625,180.76171875,178.30859375,0.0,0.0,2.09765625,53.30083465576172
none,2,446,1.0,0.0,1.0,1.0,1.0,1.0,28.90234375,65.0078125,64.953125,58.7109375,133.9453125,188.70703125,186.6015625,176.71875,0.0,0.0,1.87890625,53.40515899658203
none,2,447,1.0,0.0,1.0,1.0,1.0,1.0,29.00390625,64.77734375,64.6953125,57.8984375,132.45703125,188.1328125,186.71875,172.58984375,0.0,0.0,1.7734375,52.72895431518555
none,2,448,1.0,0.0,1.0,1.0,1.0,1.0,28.56640625,65.87109375,65.35546875,58.96875,132.90625,190.95703125,188.73828125,176.45703125,0.0,0.0,1.8515625,53.91436004638672
none,2,449,1.0,0.0,1.0,1.0,1.0,1.0,28.55859375,63.9765625,64.953125,59.5234375,134.5859375,186.06640625,186.33984375,178.0703125,0.0,0.0,1.87109375,53.26316833496094
none,2,450,1.0,0.0,1.0,1.0,1.0,1.0,28.61328125,64.21484375,65.91015625,60.125,133.54296875,187.00390625,189.60546875,180.48828125,0.0,0.0,1.99609375,53.92097473144531
none,2,451,1.0,0.0,1.0,1.0,1.0,1.0,28.5,65.1484375,64.44921875,58.67578125,131.87109375,190.19921875,186.43359375,177.09375,0.0,0.0,1.890625,53.53136444091797
none,2,452,1.0,0.0,1.0,1.0,1.0,1.0,27.31640625,65.2890625,65.35546875,58.7578125,131.4765625,190.046875,189.08203125,174.96875,0.0,0.0,1.8046875,53.861019134521484
none,2,453,1.0,0.0,1.0,1.0,1.0,1.0,28.73046875,65.83203125,65.48828125,59.1484375,135.78515625,192.97265625,189.25390625,176.1875,0.0,0.0,1.92578125,54.096923828125
none,2,454,1.0,0.0,1.0,1.0,1.0,1.0,29.1484375,66.01953125,64.7109375,59.2421875,136.328125,193.77734375,185.703125,177.64453125,0.0,0.0,1.953125,54.00089645385742
none,2,455,1.0,0.0,1.0,1.0,1.0,1.0,29.20703125,65.59375,65.03125,60.0546875,137.88671875,191.8515625,188.265625,180.21484375,0.0,0.0,2.05078125,53.97368621826172
none,2,456,1.0,0.0,1.0,1.0,1.0,1.0,28.05859375,66.171875,64.2265625,59.37109375,133.9609375,192.453125,186.875,178.56640625,0.0,0.0,2.00390625,53.89139938354492
none,2,457,1.0,0.0,1.0,1.0,1.0,1.0,28.34765625,65.51953125,64.06640625,58.37109375,134.8359375,191.5234375,184.49609375,176.74609375,0.0,0.0,1.875,52.9962158203125
none,2,458,1.0,0.0,1.0,1.0,1.0,1.0,27.7265625,64.6953125,64.21875,58.8125,130.44921875,187.65234375,185.90625,176.83203125,0.0,0.0,1.9609375,53.15859603881836
none,2,459,1.0,0.0,1.0,1.0,1.0,1.0,27.765625,65.12890625,64.7578125,59.80078125,134.265625,191.27734375,186.859375,178.90234375,0.0,0.0,1.85546875,53.90365219116211
none,2,460,1.0,0.0,1.0,1.0,1.0,1.0,28.421875,66.8359375,64.97265625,59.8125,133.7734375,193.89453125,187.76171875,179.03125,0.0,0.0,1.9609375,54.78466033935547
none,2,461,1.0,0.0,1.0,1.0,1.0,1.0,28.66796875,65.67578125,65.41796875,59.78515625,134.9140625,191.08984375,188.171875,179.09375,0.0,0.0,1.828125,54.5733757019043
none,2,462,1.0,0.0,1.0,1.0,1.0,1.0,27.828125,64.5625,65.9375,59.9140625,132.29296875,187.4921875,188.60546875,179.2109375,0.0,0.0,1.9765625,54.0579833984375
none,2,463,1.0,0.0,1.0,1.0,1.0,1.0,27.66015625,65.1640625,65.43359375,60.1640625,130.87890625,190.296875,187.796875,180.7578125,0.0,0.0,1.87890625,54.20725631713867
none,2,464,1.0,0.0,1.0,1.0,1.0,1.0,28.6171875,66.15625,65.4921875,59.5546875,133.5703125,193.5234375,187.65234375,177.85546875,0.0,0.0,1.8125,54.280242919921875
none,2,465,1.0,0.0,1.0,1.0,1.0,1.0,27.62109375,66.1640625,66.53125,60.234375,130.83984375,192.3671875,190.22265625,180.37109375,0.0,0.0,1.75,55.119964599609375
none,2,466,1.0,0.0,1.0,1.0,1.0,1.0,28.22265625,65.96875,65.109375,59.4296875,132.96875,190.99609375,186.5234375,176.58203125,0.0,0.0,1.734375,54.03315734863281
none,2,467,1.0,0.0,1.0,1.0,1.0,1.0,27.50390625,64.70703125,65.8828125,59.12109375,129.84765625,188.51171875,188.59375,177.0703125,0.0,0.0,1.8515625,54.136924743652344
none,2,468,1.0,0.0,1.0,1.0,1.0,1.0,28.2109375,64.92578125,66.85546875,60.22265625,134.09765625,189.8359375,192.0234375,180.4765625,0.0,0.0,1.84765625,54.90482711791992
none,2,469,1.0,0.0,1.0,1.0,1.0,1.0,28.015625,67.015625,65.34375,58.77734375,133.015625,194.875,189.2421875,177.875,0.0,0.0,1.75,54.766231536865234
none,2,470,1.0,0.0,1.0,1.0,1.0,1.0,27.625,67.55078125,65.10546875,58.73828125,131.54296875,196.99609375,187.265625,175.953125,0.0,0.0,1.90234375,54.26727294921875
none,2,471,1.0,0.0,1.0,1.0,1.0,1.0,28.0703125,65.90234375,64.54296875,60.41015625,133.8515625,191.95703125,186.3046875,180.69921875,0.0,0.0,1.68359375,54.256004333496094
none,2,472,1.0,0.0,1.0,1.0,1.0,1.0,28.140625,65.23828125,65.234375,59.83984375,134.2421875,190.65234375,188.61328125,179.33984375,0.0,0.0,1.92578125,53.821937561035156
none,2,473,1.0,0.0,1.0,1.0,1.0,1.0,28.43359375,65.0546875,65.48046875,60.3203125,135.10546875,189.56640625,189.1875,180.24609375,0.0,0.0,1.71875,54.68048095703125
none,2,474,1.0,0.0,1.0,1.0,1.0,1.0,28.11328125,64.515625,66.05078125,60.4765625,134.4609375,187.74609375,190.67578125,182.86328125,0.0,0.0,1.828125,54.56046676635742
none,2,475,1.0,0.0,1.0,1.0,1.0,1.0,28.36328125,65.453125,65.68359375,59.65234375,135.953125,192.15234375,188.06640625,178.8125,0.0,0.0,1.7890625,54.43685531616211
none,2,476,1.0,0.0,1.0,1.0,1.0,1.0,28.95703125,64.82421875,66.57421875,59.625,136.796875,188.94921875,192.08984375,178.9140625,0.0,0.0,1.69140625,54.393646240234375
none,2,477,1.0,0.0,1.0,1.0,1.0,1.0,28.61328125,65.57421875,65.2265625,59.671875,134.4609375,190.4140625,187.609375,178.9609375,0.0,0.0,1.80078125,54.24220275878906
none,2,478,1.0,0.0,1.0,1.0,1.0,1.0,28.80859375,64.5859375,65.58203125,60.1875,136.0546875,187.203125,187.22265625,178.90234375,0.0,0.0,1.53515625,54.40654754638672
none,2,479,1.0,0.0,1.0,1.0,1.0,1.0,28.375,65.15625,64.9609375,60.26171875,135.28125,188.48828125,186.17578125,181.3203125,0.0,0.0,1.5703125,54.124305725097656
none,2,480,1.0,0.0,1.0,1.0,1.0,1.0,27.44140625,65.48046875,66.609375,60.02734375,131.7265625,190.06640625,190.109375,178.39453125,0.0,0.0,1.640625,55.18964385986328
none,2,481,1.0,0.0,1.0,1.0,1.0,1.0,27.7890625,64.296875,67.08984375,60.140625,132.66015625,184.63671875,192.58984375,179.640625,0.0,0.0,1.6796875,55.10984420776367
none,2,482,1.0,0.0,1.0,1.0,1.0,1.0,27.81640625,66.68359375,66.96875,58.98046875,133.5546875,192.10546875,191.7421875,175.953125,0.0,0.0,1.69140625,55.10063934326172
none,2,483,1.0,0.0,1.0,1.0,1.0,1.0,28.6875,67.02734375,66.36328125,58.90234375,135.87109375,194.46875,189.34375,175.84765625,0.0,0.0,1.63671875,54.65411376953125
none,2,484,1.0,0.0,1.0,1.0,1.0,1.0,28.6640625,64.9921875,67.0859375,59.80078125,135.9921875,188.546875,191.203125,176.94140625,0.0,0.0,1.6640625,54.82624053955078
none,2,485,1.0,0.0,1.0,1.0,1.0,1.0,28.45703125,65.62109375,67.50390625,59.9375,134.60546875,190.13671875,194.0859375,177.7109375,0.0,0.0,1.56640625,55.07339096069336
none,2,486,1.0,0.0,1.0,1.0,1.0,1.0,27.74609375,66.3125,67.14453125,60.05859375,133.9140625,191.98046875,191.62890625,178.75390625,0.0,0.0,1.6484375,55.585411071777344
none,2,487,1.0,0.0,1.0,1.0,1.0,1.0,28.8046875,65.57421875,67.59375,60.98828125,136.94140625,188.15625,191.7265625,181.171875,0.0,0.0,1.6640625,55.60868835449219
none,2,488,1.0,0.0,1.0,1.0,1.0,1.0,28.1171875,65.34375,68.9609375,60.859375,134.1328125,189.01953125,197.22265625,182.19140625,0.0,0.0,1.65625,56.38386154174805
none,2,489,1.0,0.0,1.0,1.0,1.0,1.0,29.0078125,66.73828125,67.3671875,60.60546875,136.515625,192.1796875,192.796875,179.89453125,0.0,0.0,1.62109375,56.0371208190918
none,2,490,1.0,0.0,1.0,1.0,1.0,1.0,28.6640625,66.45703125,68.46875,60.8671875,136.3515625,191.12109375,195.1953125,180.81640625,0.0,0.0,1.4765625,56.40614318847656
none,2,491,1.0,0.0,1.0,1.0,1.0,1.0,28.45703125,67.4453125,68.23046875,60.625,134.75390625,194.33203125,194.0703125,180.49609375,0.0,0.0,1.5625,56.27166748046875
none,2,492,1.0,0.0,1.0,1.0,1.0,1.0,29.08203125,66.7578125,67.75,60.2578125,137.6640625,193.35546875,193.109375,177.3203125,0.0,0.0,1.48828125,55.46392822265625
none,2,493,1.0,0.0,1.0,1.0,1.0,1.0,28.02734375,66.9453125,68.2265625,60.62890625,134.640625,192.34375,194.79296875,178.24609375,0.0,0.0,1.5234375,56.183712005615234
none,2,494,1.0,0.0,1.0,1.0,1.0,1.0,28.28515625,67.0859375,68.08984375,59.8125,134.8515625,194.29296875,193.421875,175.13671875,0.0,0.0,1.62890625,55.893768310546875
none,2,495,1.0,0.0,1.0,1.0,1.0,1.0,29.12109375,65.7109375,66.27734375,61.3125,139.4140625,189.38671875,189.7421875,181.8203125,0.0,0.0,1.703125,55.370704650878906
none,2,496,1.0,0.0,1.0,1.0,1.0,1.0,29.5703125,65.54296875,66.9765625,60.796875,140.59765625,189.84375,191.0078125,180.37890625,0.0,0.0,1.5546875,55.09867477416992
none,2,497,1.0,0.0,1.0,1.0,1.0,1.0,28.7109375,66.921875,67.48828125,60.15625,136.9921875,193.8125,192.30859375,179.92578125,0.0,0.0,1.609375,55.65447998046875
none,2,498,1.0,0.0,1.0,1.0,1.0,1.0,28.05859375,68.26171875,67.22265625,61.109375,134.65234375,198.2734375,192.75,181.29296875,0.0,0.0,1.3984375,56.761680603027344
none,2,499,1.0,0.0,1.0,1.0,1.0,1.0,28.0546875,66.234375,67.2421875,61.5546875,135.09375,191.10546875,193.46484375,183.35546875,0.0,0.0,1.45703125,55.82957077026367
none,2,500,1.0,0.0,1.0,1.0,1.0,1.0,28.17578125,65.65234375,68.26953125,61.46875,137.4453125,191.859375,196.1796875,184.12109375,0.0,0.0,1.5546875,55.932090759277344
none,2,501,1.0,0.0,1.0,1.0,1.0,1.0,28.703125,67.3515625,67.78125,60.08203125,137.5234375,196.0625,194.27734375,180.73828125,0.0,0.0,1.44140625,56.199920654296875
none,2,502,1.0,0.0,1.0,1.0,1.0,1.0,28.67578125,67.0625,67.2734375,62.46875,138.5546875,193.97265625,192.16796875,184.49609375,0.0,0.0,1.453125,56.45724105834961
none,2,503,1.0,0.0,1.0,1.0,1.0,1.0,28.1015625,66.41015625,67.28515625,62.0546875,137.98828125,190.953125,191.828125,184.4296875,0.0,0.0,1.33203125,56.2723503112793
none,2,504,1.0,0.0,1.0,1.0,1.0,1.0,28.0859375,67.328125,68.09765625,61.703125,135.98828125,195.07421875,194.13671875,183.75,0.0,0.0,1.2421875,56.673439025878906
none,2,505,1.0,0.0,1.0,1.0,1.0,1.0,28.0,67.0,67.48046875,62.3515625,136.58984375,193.41796875,192.328125,184.3125,0.0,0.0,1.34765625,56.49468231201172
none,2,506,1.0,0.0,1.0,1.0,1.0,1.0,28.890625,67.17578125,67.8125,62.6796875,139.4609375,193.08203125,192.83203125,185.6640625,0.0,0.0,1.44921875,56.54534912109375
none,2,507,1.0,0.0,1.0,1.0,1.0,1.0,27.9765625,66.8203125,67.0234375,61.14453125,134.02734375,191.22265625,190.34375,181.453125,0.0,0.0,1.5625,56.12340545654297
none,2,508,1.0,0.0,1.0,1.0,1.0,1.0,27.43359375,66.29296875,68.1640625,61.390625,133.69921875,190.89453125,195.2421875,183.48046875,0.0,0.0,1.54296875,56.271697998046875
none,2,509,1.0,0.0,1.0,1.0,1.0,1.0,27.13671875,66.234375,68.1328125,61.45703125,131.953125,189.80859375,193.41015625,183.61328125,0.0,0.0,1.37890625,56.55730438232422
none,2,510,1.0,0.0,1.0,1.0,1.0,1.0,28.20703125,65.14453125,67.84765625,62.28125,136.07421875,187.109375,194.16796875,186.0546875,0.0,0.0,1.48046875,55.779815673828125
none,2,511,1.0,0.0,1.0,1.0,1.0,1.0,27.65625,67.53515625,69.578125,60.734375,131.6484375,193.3125,198.3671875,181.06640625,0.0,0.0,1.44140625,57.06169891357422
none,2,512,1.0,0.0,1.0,1.0,1.0,1.0,28.7109375,68.2109375,67.8203125,61.2734375,137.7578125,195.55859375,192.20703125,181.78515625,0.0,0.0,1.41015625,56.81388854980469
none,2,513,1.0,0.0,1.0,1.0,1.0,1.0,28.5,66.6484375,69.31640625,61.609375,138.1796875,192.21484375,196.953125,181.578125,0.0,0.0,1.28515625,56.837337493896484
none,2,514,1.0,0.0,1.0,1.0,1.0,1.0,27.0859375,68.62109375,70.5625,60.3046875,134.78125,198.46484375,201.16796875,176.54296875,0.0,0.0,1.3359375,57.78215789794922
none,2,515,1.0,0.0,1.0,1.0,1.0,1.0,28.484375,68.3984375,68.65234375,60.921875,136.8984375,199.546875,195.58203125,179.109375,0.0,0.0,1.1875,56.834102630615234
none,2,516,1.0,0.0,1.0,1.0,1.0,1.0,27.13671875,67.7578125,69.75390625,62.1484375,133.81640625,195.54296875,199.39453125,182.1796875,0.0,0.0,1.25390625,58.19731903076172
none,2,517,1.0,0.0,1.0,1.0,1.0,1.0,27.9453125,68.5546875,67.1484375,60.83203125,136.91796875,197.4765625,190.97265625,179.60546875,0.0,0.0,1.4140625,55.9692497253418
none,2,518,1.0,0.0,1.0,1.0,1.0,1.0,27.62890625,68.26171875,67.50390625,62.8671875,136.15625,197.46875,191.421875,184.36328125,0.0,0.0,1.21484375,57.3018798828125
none,2,519,1.0,0.0,1.0,1.0,1.0,1.0,27.14453125,67.28125,66.71875,61.66796875,133.52734375,195.2265625,189.89453125,181.58984375,0.0,0.0,1.56640625,56.378211975097656
none,2,520,1.0,0.0,1.0,1.0,1.0,1.0,28.08203125,68.8671875,67.72265625,61.96484375,136.84765625,197.81640625,192.05859375,182.31640625,0.0,0.0,1.2890625,57.15751266479492
none,2,521,1.0,0.0,1.0,1.0,1.0,1.0,27.5703125,68.13671875,69.03515625,61.14453125,133.7109375,196.90625,196.19140625,178.71875,0.0,0.0,1.359375,57.09287643432617
none,2,522,1.0,0.0,1.0,1.0,1.0,1.0,28.10546875,68.3984375,67.60546875,60.38671875,135.73046875,197.37890625,191.84765625,176.9609375,0.0,0.0,1.41015625,56.464107513427734
none,2,523,1.0,0.0,1.0,1.0,1.0,1.0,27.87109375,68.2578125,69.48828125,60.96875,134.375,196.25390625,196.71875,178.484375,0.0,0.0,1.3046875,57.30976486206055
none,2,524,1.0,0.0,1.0,1.0,1.0,1.0,27.48046875,68.08203125,68.5859375,61.8125,134.71875,195.53125,194.078125,180.4140625,0.0,0.0,1.42578125,57.766326904296875
none,2,525,1.0,0.0,1.0,1.0,1.0,1.0,26.578125,67.609375,68.96875,61.64453125,131.91796875,194.984375,196.0,179.546875,0.0,0.0,1.390625,57.19147872924805
none,2,526,1.0,0.0,1.0,1.0,1.0,1.0,26.9921875,69.08203125,68.31640625,60.09765625,131.94140625,198.296875,194.67578125,176.0625,0.0,0.0,1.375,56.9647331237793
none,2,527,1.0,0.0,1.0,1.0,1.0,1.0,26.80859375,67.26171875,68.74609375,61.859375,132.8984375,192.921875,195.04296875,181.67578125,0.0,0.0,1.26171875,57.31083679199219
none,2,528,1.0,0.0,1.0,1.0,1.0,1.0,27.22265625,68.57421875,68.61328125,61.83203125,134.2421875,195.015625,194.421875,180.60546875,0.0,0.0,1.328125,57.46654510498047
none,2,529,1.0,0.0,1.0,1.0,1.0,1.0,26.765625,67.17578125,68.17578125,62.67578125,131.359375,193.46484375,194.1640625,184.37890625,0.0,0.0,1.296875,57.498897552490234
none,2,530,1.0,0.0,1.0,1.0,1.0,1.0,26.546875,69.09375,68.83203125,60.5859375,129.16015625,198.7109375,194.046875,176.99609375,0.0,0.0,1.1796875,57.34197235107422
none,2,531,1.0,0.0,1.0,1.0,1.0,1.0,27.41015625,67.3046875,68.88671875,62.609375,131.02734375,192.6328125,194.5234375,184.0,0.0,0.0,1.25390625,57.4384880065918
none,2,532,1.0,0.0,1.0,1.0,1.0,1.0,26.86328125,69.08984375,70.20703125,59.8359375,129.01171875,198.2890625,198.453125,175.03125,0.0,0.0,1.21484375,57.45195007324219
none,2,533,1.0,0.0,1.0,1.0,1.0,1.0,27.48046875,69.7734375,68.53515625,60.328125,133.75390625,199.12890625,193.80078125,175.484375,0.0,0.0,1.34765625,57.627906799316406
none,2,534,1.0,0.0,1.0,1.0,1.0,1.0,26.96875,68.76171875,68.328125,61.51953125,131.609375,196.03515625,192.5,181.09765625,0.0,0.0,1.359375,57.47090148925781
none,2,535,1.0,0.0,1.0,1.0,1.0,1.0,26.66015625,70.5859375,69.03125,61.4765625,130.953125,202.50390625,192.67578125,178.4140625,0.0,0.0,1.2265625,58.52543640136719
none,2,536,1.0,0.0,1.0,1.0,1.0,1.0,25.9296875,69.625,69.73046875,59.0625,127.671875,200.30859375,197.32421875,173.38671875,0.0,0.0,1.30859375,57.870628356933594
none,2,537,1.0,0.0,1.0,1.0,1.0,1.0,26.84375,70.13671875,69.40234375,59.5546875,131.421875,199.7421875,195.88671875,172.8125,0.0,0.0,1.234375,57.472496032714844
none,2,538,1.0,0.0,1.0,1.0,1.0,1.0,26.0703125,69.49609375,70.4453125,60.76171875,128.4140625,197.08203125,199.59765625,178.07421875,0.0,0.0,1.18359375,58.42151641845703
none,2,539,1.0,0.0,1.0,1.0,1.0,1.0,26.13671875,70.27734375,70.4140625,59.8125,128.3125,200.80859375,199.48046875,176.16796875,0.0,0.0,1.1953125,58.2668571472168
none,2,540,1.0,0.0,1.0,1.0,1.0,1.0,26.359375,69.734375,70.1953125,59.609375,128.45703125,198.4609375,199.2421875,175.1484375,0.0,0.0,1.16796875,57.69123458862305
none,2,541,1.0,0.0,1.0,1.0,1.0,1.0,26.296875,70.546875,71.08984375,59.2578125,129.41015625,201.3359375,200.796875,173.40625,0.0,0.0,1.296875,58.35639572143555
none,2,542,1.0,0.0,1.0,1.0,1.0,1.0,26.3515625,70.328125,69.69140625,61.27734375,131.7265625,201.390625,197.61328125,179.19140625,0.0,0.0,1.21484375,58.54697799682617
none,2,543,1.0,0.0,1.0,1.0,1.0,1.0,25.9375,69.87109375,70.02734375,60.53125,128.34765625,200.70703125,198.6875,177.3359375,0.0,0.0,1.2265625,58.20887756347656
none,2,544,1.0,0.0,1.0,1.0,1.0,1.0,26.9453125,70.4921875,70.171875,60.39453125,133.65625,200.9921875,198.97265625,176.6875,0.0,0.0,1.15234375,58.52570724487305
none,2,545,1.0,0.0,1.0,1.0,1.0,1.0,26.19921875,68.96484375,70.8984375,61.7109375,130.98046875,197.8828125,199.69921875,182.67578125,0.0,0.0,1.1484375,58.35669708251953
none,2,546,1.0,0.0,1.0,1.0,1.0,1.0,26.5703125,69.84375,70.20703125,62.34375,132.8203125,199.359375,198.7109375,183.0703125,0.0,0.0,1.1640625,59.03436279296875
none,2,547,1.0,0.0,1.0,1.0,1.0,1.0,25.94921875,69.87890625,69.51953125,60.80078125,130.7734375,199.96484375,197.03515625,178.4375,0.0,0.0,1.26953125,58.0465202331543
none,2,548,1.0,0.0,1.0,1.0,1.0,1.0,25.66015625,69.47265625,69.53125,61.90625,129.109375,198.6796875,196.7109375,181.66015625,0.0,0.0,1.29296875,58.663734436035156
none,2,549,1.0,0.0,1.0,1.0,1.0,1.0,25.7421875,71.00390625,70.13671875,61.0234375,127.27734375,202.0546875,197.5703125,180.01953125,0.0,0.0,1.1875,58.878570556640625
none,2,550,1.0,0.0,1.0,1.0,1.0,1.0,25.76953125,70.55078125,71.41796875,59.7265625,130.00390625,200.953125,200.61328125,177.03515625,0.0,0.0,1.10546875,58.832054138183594
none,2,551,1.0,0.0,1.0,1.0,1.0,1.0,25.41015625,71.3671875,70.0078125,61.0078125,127.96484375,205.22265625,199.23046875,179.0625,0.0,0.0,1.10546875,58.99855041503906
none,2,552,1.0,0.0,1.0,1.0,1.0,1.0,25.671875,72.4765625,69.23046875,59.5859375,129.48828125,206.79296875,195.72265625,175.2734375,0.0,0.0,1.12890625,58.35972213745117
none,2,553,1.0,0.0,1.0,1.0,1.0,1.0,25.6953125,71.01171875,70.42578125,60.5,130.3515625,203.265625,199.05078125,177.61328125,0.0,0.0,1.22265625,58.8751335144043
none,2,554,1.0,0.0,1.0,1.0,1.0,1.0,25.21875,71.59765625,70.58984375,59.53515625,129.53125,205.56640625,199.5859375,174.765625,0.0,0.0,1.23046875,58.809444427490234
none,2,555,1.0,0.0,1.0,1.0,1.0,1.0,26.18359375,72.8359375,69.97265625,60.6484375,131.328125,209.5546875,197.77734375,177.70703125,0.0,0.0,1.21484375,59.30638885498047
none,2,556,1.0,0.0,1.0,1.0,1.0,1.0,25.53515625,72.71875,70.55859375,60.4609375,128.203125,210.1015625,199.3515625,177.72265625,0.0,0.0,1.2421875,59.80572509765625
none,2,557,1.0,0.0,1.0,1.0,1.0,1.0,25.8984375,71.84765625,69.84375,61.05078125,130.76171875,205.70703125,196.328125,179.8046875,0.0,0.0,1.28515625,59.2141227722168
none,2,558,1.0,0.0,1.0,1.0,1.0,1.0,25.03515625,73.4140625,71.0546875,58.31640625,129.58984375,210.73046875,199.0390625,170.62890625,0.0,0.0,0.9609375,59.361083984375
none,2,559,1.0,0.0,1.0,1.0,1.0,1.0,24.71875,70.9609375,70.73828125,60.34765625,125.90625,202.140625,197.73828125,176.71484375,0.0,0.0,1.36328125,59.204551696777344
none,2,560,1.0,0.0,1.0,1.0,1.0,1.0,25.53515625,72.4765625,70.26953125,60.890625,127.65234375,205.04296875,196.8515625,177.91796875,0.0,0.0,1.19140625,59.30565643310547
none,2,561,1.0,0.0,1.0,1.0,1.0,1.0,25.2578125,73.1953125,71.265625,58.9921875,128.859375,208.76953125,199.53515625,172.5703125,0.0,0.0,1.0859375,59.3905029296875
none,2,562,1.0,0.0,1.0,1.0,1.0,1.0,25.12109375,71.203125,71.3515625,60.1953125,127.390625,202.65625,200.00390625,176.63671875,0.0,0.0,1.18359375,59.58008575439453
none,2,563,1.0,0.0,1.0,1.0,1.0,1.0,25.35546875,72.91015625,70.91015625,59.40234375,128.7890625,209.90625,200.1015625,173.94140625,0.0,0.0,1.046875,59.292572021484375
none,2,564,1.0,0.0,1.0,1.0,1.0,1.0,23.921875,72.28125,71.98046875,60.28125,122.8515625,206.26171875,202.69140625,176.8203125,0.0,0.0,1.14453125,60.00665283203125
none,2,565,1.0,0.0,1.0,1.0,1.0,1.0,24.73828125,72.6171875,70.63671875,60.66796875,125.30078125,207.578125,199.0546875,177.40625,0.0,0.0,1.11328125,59.904014587402344
none,2,566,1.0,0.0,1.0,1.0,1.0,1.0,24.24609375,71.90625,70.71484375,60.5078125,124.46875,205.6484375,199.1171875,178.22265625,0.0,0.0,1.2265625,59.793540954589844
none,2,567,1.0,0.0,1.0,1.0,1.0,1.0,24.671875,72.4765625,71.515625,59.796875,124.97265625,207.953125,200.7109375,175.19921875,0.0,0.0,1.0703125,59.769187927246094
none,2,568,1.0,0.0,1.0,1.0,1.0,1.0,24.33984375,71.53515625,71.0625,61.39453125,128.79296875,203.25,200.43359375,179.5546875,0.0,0.0,1.19921875,59.665672302246094
none,2,569,1.0,0.0,1.0,1.0,1.0,1.0,24.81640625,71.79296875,71.7890625,59.19921875,129.6875,205.51171875,202.38671875,173.4140625,0.0,0.0,1.015625,59.335418701171875
none,2,570,1.0,0.0,1.0,1.0,1.0,1.0,25.46484375,70.4140625,70.8828125,62.3359375,133.3046875,201.7265625,199.125,182.6796875,0.0,0.0,1.11328125,59.70774459838867
none,2,571,1.0,0.0,1.0,1.0,1.0,1.0,24.61328125,70.80078125,72.00390625,61.96875,128.89453125,202.9453125,202.609375,182.28125,0.0,0.0,1.05859375,60.335601806640625
none,2,572,1.0,0.0,1.0,1.0,1.0,1.0,24.81640625,71.98828125,70.859375,61.203125,129.421875,206.234375,200.14453125,178.94921875,0.0,0.0,1.19921875,60.0422477722168
none,2,573,1.0,0.0,1.0,1.0,1.0,1.0,25.26953125,71.8515625,70.921875,62.13671875,128.03515625,205.6640625,198.66796875,182.578125,0.0,0.0,1.08203125,60.07902145385742
none,2,574,1.0,0.0,1.0,1.0,1.0,1.0,25.55078125,69.19921875,71.1640625,63.01953125,132.54296875,196.66796875,199.58984375,186.046875,0.0,0.0,1.09765625,59.4450798034668
none,2,575,1.0,0.0,1.0,1.0,1.0,1.0,25.5546875,70.48046875,70.546875,63.6484375,131.16796875,199.98046875,197.58203125,186.03515625,0.0,0.0,1.09765625,60.26123046875
none,2,576,1.0,0.0,1.0,1.0,1.0,1.0,26.1015625,71.99609375,70.14453125,62.01171875,135.3515625,205.62109375,195.1171875,182.578125,0.0,0.0,1.140625,59.885005950927734
none,2,577,1.0,0.0,1.0,1.0,1.0,1.0,25.203125,72.19140625,71.62109375,61.8203125,132.0390625,206.0625,200.421875,180.83984375,0.0,0.0,1.26171875,60.5446891784668
none,2,578,1.0,0.0,1.0,1.0,1.0,1.0,24.66015625,70.703125,72.16015625,60.47265625,126.07421875,201.8203125,201.28515625,177.515625,0.0,0.0,1.19921875,60.022483825683594
none,2,579,1.0,0.0,1.0,1.0,1.0,1.0,25.625,69.5625,71.90234375,62.05078125,131.9140625,198.0234375,201.21875,182.65234375,0.0,0.0,1.2109375,59.56813049316406
none,2,580,1.0,0.0,1.0,1.0,1.0,1.0,25.1953125,69.875,72.203125,61.6171875,130.19140625,199.48828125,202.69140625,182.96484375,0.0,0.0,1.04296875,59.87812423706055
none,2,581,1.0,0.0,1.0,1.0,1.0,1.0,24.81640625,70.25,72.62890625,63.09765625,130.359375,198.5703125,202.83984375,184.67578125,0.0,0.0,1.19921875,60.752296447753906
none,2,582,1.0,0.0,1.0,1.0,1.0,1.0,24.7109375,70.609375,72.25,63.421875,127.68359375,199.7421875,202.1953125,187.765625,0.0,0.0,1.1484375,60.80532455444336
none,2,583,1.0,0.0,1.0,1.0,1.0,1.0,25.46484375,70.48828125,71.59375,62.60546875,130.69140625,199.4453125,201.125,184.421875,0.0,0.0,1.18359375,60.001670837402344
none,2,584,1.0,0.0,1.0,1.0,1.0,1.0,24.44140625,72.29296875,71.87890625,62.5625,125.63671875,205.234375,201.62890625,183.30078125,0.0,0.0,0.9921875,61.138633728027344
none,2,585,1.0,0.0,1.0,1.0,1.0,1.0,23.7734375,70.6640625,73.59765625,62.99609375,124.453125,201.07421875,204.91796875,183.63671875,0.0,0.0,0.98828125,61.755699157714844
none,2,586,1.0,0.0,1.0,1.0,1.0,1.0,24.734375,71.7421875,71.953125,62.80859375,126.80078125,203.296875,201.3046875,183.90234375,0.0,0.0,1.1328125,60.8131217956543
none,2,587,1.0,0.0,1.0,1.0,1.0,1.0,24.7578125,71.28515625,72.1953125,62.23828125,129.63671875,202.0078125,202.10546875,182.2578125,0.0,0.0,1.26171875,60.8032341003418
none,2,588,1.0,0.0,1.0,1.0,1.0,1.0,24.93359375,70.58984375,71.67578125,63.8671875,132.70703125,199.34375,199.5703125,186.21484375,0.0,0.0,1.1484375,60.345497131347656
none,2,589,1.0,0.0,1.0,1.0,1.0,1.0,25.19921875,72.015625,72.11328125,62.23046875,129.5546875,203.0546875,201.15625,180.5859375,0.0,0.0,1.05078125,61.2740592956543
none,2,590,1.0,0.0,1.0,1.0,1.0,1.0,25.2734375,71.44921875,72.33203125,62.125,132.6328125,200.94921875,201.28125,180.0703125,0.0,0.0,1.1640625,60.40978240966797
none,2,591,1.0,0.0,1.0,1.0,1.0,1.0,24.83984375,72.2734375,73.0859375,61.921875,128.21875,203.65625,203.296875,181.06640625,0.0,0.0,1.00390625,61.169761657714844
none,2,592,1.0,0.0,1.0,1.0,1.0,1.0,25.40234375,70.76953125,73.09375,63.4765625,130.3046875,200.890625,204.01953125,184.38671875,0.0,0.0,1.05078125,60.9961051940918
none,2,593,1.0,0.0,1.0,1.0,1.0,1.0,24.98828125,71.05078125,73.95703125,62.98828125,130.078125,200.73046875,207.875,182.4921875,0.0,0.0,1.08984375,61.26439666748047
none,2,594,1.0,0.0,1.0,1.0,1.0,1.0,24.23046875,69.5625,72.58984375,63.28515625,129.3828125,196.75390625,202.2421875,185.25,0.0,0.0,1.15234375,60.67048263549805
none,2,595,1.0,0.0,1.0,1.0,1.0,1.0,24.78125,69.78125,72.33203125,62.99609375,128.9453125,196.8046875,202.51953125,184.84765625,0.0,0.0,1.16015625,60.2832145690918
none,2,596,1.0,0.0,1.0,1.0,1.0,1.0,25.29296875,70.3125,71.62109375,64.671875,132.70703125,198.7109375,200.47265625,189.65625,0.0,0.0,1.0703125,61.21793746948242
none,2,597,1.0,0.0,1.0,1.0,1.0,1.0,23.8984375,72.11328125,72.3828125,62.91796875,127.78515625,205.31640625,203.03515625,184.5859375,0.0,0.0,1.19921875,61.3514518737793
none,2,598,1.0,0.0,1.0,1.0,1.0,1.0,24.22265625,70.73828125,72.8828125,62.91796875,128.66015625,201.81640625,205.01953125,186.9375,0.0,0.0,1.16796875,60.91320037841797
none,2,599,1.0,0.0,1.0,1.0,1.0,1.0,25.0546875,72.1953125,72.828125,65.56640625,131.91015625,204.57421875,203.8125,192.953125,0.0,0.0,1.0390625,62.41697311401367
none,2,600,1.0,0.0,1.0,1.0,1.0,1.0,25.05078125,72.46484375,73.22265625,63.4921875,132.13671875,206.328125,205.63671875,187.22265625,0.0,0.0,1.09765625,61.96894454956055
none,2,601,1.0,0.0,1.0,1.0,1.0,1.0,25.0546875,70.5078125,73.6875,64.16015625,132.125,199.6171875,205.25,187.2734375,0.0,0.0,1.140625,61.50039291381836
none,2,602,1.0,0.0,1.0,1.0,1.0,1.0,25.13671875,71.203125,73.3046875,64.14453125,130.73828125,201.65625,204.76953125,187.05859375,0.0,0.0,1.01171875,61.79547119140625
none,2,603,1.0,0.0,1.0,1.0,1.0,1.0,24.93359375,71.859375,73.8203125,62.96875,127.74609375,202.8984375,205.2578125,184.00390625,0.0,0.0,1.125,61.64176940917969
none,2,604,1.0,0.0,1.0,1.0,1.0,1.0,25.44921875,72.28515625,73.859375,62.14453125,132.83203125,203.7109375,206.625,181.265625,0.0,0.0,1.0703125,61.632747650146484
none,2,605,1.0,0.0,1.0,1.0,1.0,1.0,25.7578125,71.87109375,73.92578125,62.46875,133.0234375,202.5390625,207.55078125,183.21875,0.0,0.0,1.078125,61.74287033081055
none,2,606,1.0,0.0,1.0,1.0,1.0,1.0,25.63671875,71.34375,75.10546875,63.609375,132.15625,201.50390625,207.63671875,185.23046875,0.0,0.0,1.125,62.434539794921875
none,2,607,1.0,0.0,1.0,1.0,1.0,1.0,25.12890625,72.76171875,71.9921875,63.1015625,129.94140625,205.5625,201.16796875,184.05078125,0.0,0.0,1.04296875,61.52289962768555
none,2,608,1.0,0.0,1.0,1.0,1.0,1.0,25.19140625,70.6328125,73.5390625,64.10546875,129.75390625,199.96484375,205.625,187.4609375,0.0,0.0,0.98046875,61.52213668823242
none,2,609,1.0,0.0,1.0,1.0,1.0,1.0,25.046875,71.09765625,73.5625,63.6171875,131.6796875,200.703125,206.01171875,185.5390625,0.0,0.0,1.04296875,61.85393524169922
none,2,610,1.0,0.0,1.0,1.0,1.0,1.0,25.43359375,71.25390625,72.42578125,65.3359375,132.53125,200.5,201.26171875,191.96875,0.0,0.0,1.03125,62.014495849609375
none,2,611,1.0,0.0,1.0,1.0,1.0,1.0,24.546875,72.31640625,73.8515625,63.08203125,130.6640625,205.375,206.3515625,185.11328125,0.0,0.0,0.98046875,62.162227630615234
none,2,612,1.0,0.0,1.0,1.0,1.0,1.0,25.109375,72.3671875,73.2421875,64.22265625,134.5859375,206.25,204.49609375,188.36328125,0.0,0.0,0.96875,61.937461853027344
none,2,613,1.0,0.0,1.0,1.0,1.0,1.0,24.79296875,72.20703125,74.05859375,64.26171875,131.375,206.25390625,207.81640625,187.6640625,0.0,0.0,0.96875,62.514190673828125
none,2,614,1.0,0.0,1.0,1.0,1.0,1.0,24.4296875,70.859375,74.9609375,63.328125,130.9921875,200.61328125,209.94921875,185.0390625,0.0,0.0,1.00390625,62.08119201660156
none,2,615,1.0,0.0,1.0,1.0,1.0,1.0,25.07421875,73.578125,74.1328125,62.21875,133.2578125,206.80859375,207.8203125,181.72265625,0.0,0.0,1.0625,62.16025924682617
none,2,616,1.0,0.0,1.0,1.0,1.0,1.0,24.0625,72.51953125,74.0234375,63.63671875,126.984375,205.484375,207.21875,186.9921875,0.0,0.0,1.03515625,62.127708435058594
none,2,617,1.0,0.0,1.0,1.0,1.0,1.0,25.140625,71.96875,73.53515625,63.59375,131.42578125,203.73046875,205.859375,186.88671875,0.0,0.0,1.03125,62.00140380859375
none,2,618,1.0,0.0,1.0,1.0,1.0,1.0,24.55078125,71.01171875,75.20703125,63.59765625,127.484375,199.66796875,210.359375,185.29296875,0.0,0.0,1.00390625,62.497711181640625
none,2,619,1.0,0.0,1.0,1.0,1.0,1.0,24.2734375,72.234375,74.078125,64.68359375,129.13671875,202.60546875,206.3125,187.95703125,0.0,0.0,1.01171875,62.81670379638672
none,2,620,1.0,0.0,1.0,1.0,1.0,1.0,24.55859375,72.296875,74.6484375,62.58984375,127.58203125,204.328125,208.2421875,182.40234375,0.0,0.0,1.109375,62.26342010498047
none,2,621,1.0,0.0,1.0,1.0,1.0,1.0,24.62109375,71.546875,74.875,64.8125,127.47265625,201.46484375,208.6796875,189.5078125,0.0,0.0,1.0390625,63.05860137939453
none,2,622,1.0,0.0,1.0,1.0,1.0,1.0,24.80859375,70.41015625,74.9765625,65.765625,131.38671875,197.50390625,208.07421875,192.6953125,0.0,0.0,1.08984375,62.66340255737305
none,2,623,1.0,0.0,1.0,1.0,1.0,1.0,24.671875,72.08203125,73.23046875,64.97265625,129.6875,202.078125,203.9765625,189.953125,0.0,0.0,0.86328125,62.36951446533203
none,2,624,1.0,0.0,1.0,1.0,1.0,1.0,24.36328125,73.515625,74.65234375,62.19921875,129.55078125,208.93359375,208.640625,182.5234375,0.0,0.0,0.9453125,62.50109100341797
none,2,625,1.0,0.0,1.0,1.0,1.0,1.0,25.01953125,73.53125,75.6796875,62.73046875,133.55859375,209.09765625,211.2890625,183.80078125,0.0,0.0,0.91796875,63.204689025878906
none,2,626,1.0,0.0,1.0,1.0,1.0,1.0,23.328125,72.40625,75.51171875,63.93359375,127.48828125,206.1484375,209.47265625,187.5859375,0.0,0.0,1.015625,63.46980285644531
none,2,627,1.0,0.0,1.0,1.0,1.0,1.0,23.61328125,72.984375,74.3984375,64.296875,125.12109375,206.02734375,207.5703125,189.0625,0.0,0.0,0.9921875,63.23708724975586
none,2,628,1.0,0.0,1.0,1.0,1.0,1.0,23.62890625,72.4765625,74.8671875,63.85546875,126.7890625,205.1796875,208.18359375,186.890625,0.0,0.0,0.9609375,62.713844299316406
none,2,629,1.0,0.0,1.0,1.0,1.0,1.0,23.98828125,72.5703125,75.265625,64.359375,128.94921875,205.703125,209.125,187.1484375,0.0,0.0,1.08203125,63.015411376953125
none,2,630,1.0,0.0,1.0,1.0,1.0,1.0,24.07421875,73.68359375,76.15625,62.86328125,128.234375,208.80078125,211.29296875,183.0078125,0.0,0.0,0.953125,63.646507263183594
none,2,631,1.0,0.0,1.0,1.0,1.0,1.0,23.4765625,73.0234375,75.1171875,63.359375,124.01953125,207.71484375,209.46875,184.44921875,0.0,0.0,0.89453125,63.187339782714844
none,2,632,1.0,0.0,1.0,1.0,1.0,1.0,24.078125,74.14453125,75.07421875,62.71484375,126.86328125,208.82421875,208.58984375,181.82421875,0.0,0.0,0.81640625,63.180084228515625
none,2,633,1.0,0.0,1.0,1.0,1.0,1.0,23.875,73.546875,74.40625,64.16015625,127.55859375,206.19140625,206.02734375,186.8515625,0.0,0.0,0.9375,63.65702438354492
none,2,634,1.0,0.0,1.0,1.0,1.0,1.0,23.78515625,71.62890625,74.89453125,64.8359375,125.7265625,201.53125,209.5390625,189.1484375,0.0,0.0,0.91015625,62.82137680053711
none,2,635,1.0,0.0,1.0,1.0,1.0,1.0,23.9140625,72.0234375,75.18359375,62.984375,126.36328125,202.3359375,209.34765625,184.2421875,0.0,0.0,0.91796875,62.123069763183594
none,2,636,1.0,0.0,1.0,1.0,1.0,1.0,24.04296875,72.3203125,74.08984375,64.203125,125.03515625,203.14453125,205.8125,188.6171875,0.0,0.0,0.88671875,62.50354766845703
none,2,637,1.0,0.0,1.0,1.0,1.0,1.0,23.81640625,74.6875,75.80078125,63.19140625,124.09375,209.32421875,209.5,181.2265625,0.0,0.0,0.98046875,64.06927490234375
none,2,638,1.0,0.0,1.0,1.0,1.0,1.0,23.84765625,73.71484375,76.80859375,62.26953125,125.015625,207.4296875,213.26171875,182.046875,0.0,0.0,1.01953125,63.347930908203125
none,2,639,1.0,0.0,1.0,1.0,1.0,1.0,23.578125,72.08203125,76.46484375,64.92578125,123.89453125,200.8515625,212.578125,187.9375,0.0,0.0,0.9375,63.82683563232422
none,2,640,1.0,0.0,1.0,1.0,1.0,1.0,23.78125,73.08203125,75.77734375,64.12890625,125.40625,204.78515625,209.7578125,186.82421875,0.0,0.0,0.93359375,64.09691619873047
none,2,641,1.0,0.0,1.0,1.0,1.0,1.0,24.2265625,71.8203125,74.8984375,64.63671875,126.25,199.76953125,206.703125,188.796875,0.0,0.0,0.83203125,63.00957489013672
none,2,642,1.0,0.0,1.0,1.0,1.0,1.0,23.69140625,73.08203125,75.9453125,63.3125,123.53125,203.93359375,209.37109375,184.94921875,0.0,0.0,0.94921875,63.67776107788086
none,2,643,1.0,0.0,1.0,1.0,1.0,1.0,23.71484375,73.96875,74.47265625,65.94921875,126.24609375,206.5,206.24609375,191.96484375,0.0,0.0,0.83984375,64.09716796875
none,2,644,1.0,0.0,1.0,1.0,1.0,1.0,23.890625,72.71875,75.6484375,64.48046875,124.54296875,204.16015625,210.515625,188.0703125,0.0,0.0,0.91796875,63.41520309448242
none,2,645,1.0,0.0,1.0,1.0,1.0,1.0,24.13671875,72.5078125,76.6484375,65.7421875,128.28125,203.97265625,212.19140625,191.67578125,0.0,0.0,0.99609375,64.25931549072266
none,2,646,1.0,0.0,1.0,1.0,1.0,1.0,23.53515625,72.9921875,76.26953125,63.5390625,122.73046875,205.84765625,211.75390625,186.3125,0.0,0.0,0.84765625,63.11488342285156
none,2,647,1.0,0.0,1.0,1.0,1.0,1.0,23.8125,73.61328125,76.58203125,63.2890625,125.515625,206.765625,213.74609375,184.6640625,0.0,0.0,0.98046875,63.90180969238281
none,2,648,1.0,0.0,1.0,1.0,1.0,1.0,23.90625,73.60546875,75.62890625,63.296875,125.125,207.66796875,211.3671875,186.046875,0.0,0.0,0.94921875,62.937522888183594
none,2,649,1.0,0.0,1.0,1.0,1.0,1.0,23.7890625,73.875,76.05859375,64.4140625,124.83984375,208.7265625,210.484375,185.80859375,0.0,0.0,0.96875,63.95521545410156
none,2,650,1.0,0.0,1.0,1.0,1.0,1.0,23.3359375,74.25390625,76.5,63.7890625,123.91015625,209.640625,213.765625,185.36328125,0.0,0.0,0.95703125,64.47689819335938
none,2,651,1.0,0.0,1.0,1.0,1.0,1.0,23.66796875,75.3046875,76.234375,63.734375,124.56640625,211.88671875,212.4296875,186.0390625,0.0,0.0,0.90625,64.30360412597656
none,2,652,1.0,0.0,1.0,1.0,1.0,1.0,23.7890625,73.89453125,77.69140625,65.31640625,124.60546875,208.66015625,216.5859375,190.5,0.0,0.0,0.8984375,65.18246459960938
none,2,653,1.0,0.0,1.0,1.0,1.0,1.0,23.35546875,73.02734375,76.7421875,65.8828125,127.625,205.765625,211.26953125,190.890625,0.0,0.0,0.9375,64.67987060546875
none,2,654,1.0,0.0,1.0,1.0,1.0,1.0,23.26171875,74.64453125,76.265625,62.90625,124.07421875,210.4140625,212.30859375,182.26171875,0.0,0.0,0.8046875,64.08267974853516
none,2,655,1.0,0.0,1.0,1.0,1.0,1.0,24.12109375,74.94921875,75.9453125,64.36328125,130.2421875,210.75390625,210.33203125,186.765625,0.0,0.0,0.88671875,64.38031005859375
none,2,656,1.0,0.0,1.0,1.0,1.0,1.0,23.26953125,74.25,74.953125,64.67578125,128.12109375,209.66015625,208.0234375,188.3359375,0.0,0.0,0.81640625,63.93081283569336
none,2,657,1.0,0.0,1.0,1.0,1.0,1.0,23.79296875,74.46484375,76.70703125,63.0859375,125.78515625,209.42578125,212.70703125,183.83984375,0.0,0.0,0.921875,64.02354431152344
none,2,658,1.0,0.0,1.0,1.0,1.0,1.0,23.25390625,75.5546875,76.015625,63.65234375,124.7421875,211.671875,210.87890625,185.05078125,0.0,0.0,0.92578125,64.56000518798828
none,2,659,1.0,0.0,1.0,1.0,1.0,1.0,23.77734375,73.7578125,76.21484375,63.15625,128.51171875,208.33984375,211.79296875,183.40234375,0.0,0.0,0.91796875,63.83350372314453
none,2,660,1.0,0.0,1.0,1.0,1.0,1.0,22.9140625,73.7109375,77.1484375,64.0078125,122.984375,207.54296875,213.515625,186.359375,0.0,0.0,0.8828125,64.37698364257812
none,2,661,1.0,0.0,1.0,1.0,1.0,1.0,22.703125,73.71875,76.3984375,63.68359375,123.3828125,207.6875,213.56640625,184.0390625,0.0,0.0,0.87890625,64.24193572998047
none,2,662,1.0,0.0,1.0,1.0,1.0,1.0,23.55859375,75.8671875,77.23046875,63.515625,126.5078125,213.55078125,212.48046875,182.8046875,0.0,0.0,0.94140625,64.8903579711914
none,2,663,1.0,0.0,1.0,1.0,1.0,1.0,23.3046875,76.30078125,76.23828125,64.30078125,126.55859375,214.35546875,211.66796875,187.08984375,0.0,0.0,0.765625,65.1483383178711
none,2,664,1.0,0.0,1.0,1.0,1.0,1.0,23.65234375,75.2109375,76.96875,63.734375,128.65625,210.8515625,213.66796875,185.14453125,0.0,0.0,0.79296875,64.60676574707031
none,2,665,1.0,0.0,1.0,1.0,1.0,1.0,23.90234375,74.57421875,75.37109375,63.875,128.87109375,210.13671875,207.91796875,185.0859375,0.0,0.0,0.76171875,64.19050598144531
none,2,666,1.0,0.0,1.0,1.0,1.0,1.0,24.05078125,74.1953125,74.08984375,64.80859375,130.11328125,208.43359375,206.09765625,187.84765625,0.0,0.0,0.9765625,63.51569747924805
none,2,667,1.0,0.0,1.0,1.0,1.0,1.0,23.0625,77.68359375,75.49609375,63.3984375,124.93359375,217.5234375,208.93359375,184.48046875,0.0,0.0,0.8046875,65.521484375
none,2,668,1.0,0.0,1.0,1.0,1.0,1.0,23.5625,74.921875,76.37109375,63.47265625,128.22265625,211.8359375,212.7734375,184.140625,0.0,0.0,0.77734375,64.13557434082031
none,2,669,1.0,0.0,1.0,1.0,1.0,1.0,24.0078125,76.09765625,77.26953125,63.34765625,130.12890625,213.49609375,215.68359375,184.6328125,0.0,0.0,0.89453125,65.1380615234375
none,2,670,1.0,0.0,1.0,1.0,1.0,1.0,22.9765625,74.53125,78.0234375,62.46484375,126.08984375,209.25,216.35546875,180.5546875,0.0,0.0,0.734375,64.99818420410156
none,2,671,1.0,0.0,1.0,1.0,1.0,1.0,23.71484375,75.7890625,76.14453125,65.01171875,128.7734375,213.09765625,208.99609375,187.92578125,0.0,0.0,0.8984375,65.27006530761719
none,2,672,1.0,0.0,1.0,1.0,1.0,1.0,23.1796875,76.359375,76.65625,64.0,126.55859375,214.28125,210.453125,186.2578125,0.0,0.0,0.7890625,65.39086151123047
none,2,673,1.0,0.0,1.0,1.0,1.0,1.0,23.140625,74.765625,76.578125,63.76953125,125.296875,208.78125,212.0,183.953125,0.0,0.0,0.859375,64.50611877441406
none,2,674,1.0,0.0,1.0,1.0,1.0,1.0,23.51953125,74.7265625,78.2265625,63.00390625,125.5078125,208.046875,216.20703125,182.00390625,0.0,0.0,0.7265625,64.89164733886719
none,2,675,1.0,0.0,1.0,1.0,1.0,1.0,23.140625,75.421875,77.31640625,65.7421875,126.21484375,211.01171875,214.4375,191.234375,0.0,0.0,0.78515625,66.19584655761719
none,2,676,1.0,0.0,1.0,1.0,1.0,1.0,23.328125,75.2109375,78.18359375,64.11328125,125.53125,209.28515625,217.3125,185.3046875,0.0,0.0,0.76171875,65.33668518066406
none,2,677,1.0,0.0,1.0,1.0,1.0,1.0,23.38671875,76.0390625,77.42578125,64.0390625,125.65234375,211.59765625,213.77734375,184.24609375,0.0,0.0,0.890625,65.39910125732422
none,2,678,1.0,0.0,1.0,1.0,1.0,1.0,23.015625,75.78515625,76.86328125,64.96484375,127.421875,210.3515625,213.4375,187.48046875,0.0,0.0,0.82421875,65.5060806274414
none,2,679,1.0,0.0,1.0,1.0,1.0,1.0,23.91796875,74.33984375,76.8046875,65.16796875,127.5234375,206.50390625,212.07421875,187.34375,0.0,0.0,0.84375,64.9561767578125
none,2,680,1.0,0.0,1.0,1.0,1.0,1.0,24.67578125,74.078125,77.328125,66.0390625,129.26953125,205.62890625,212.87109375,190.42578125,0.0,0.0,0.8125,65.522705078125
none,2,681,1.0,0.0,1.0,1.0,1.0,1.0,24.4921875,75.34765625,75.6015625,64.15625,130.68359375,210.7890625,208.7890625,185.28515625,0.0,0.0,0.93359375,64.81941223144531
none,2,682,1.0,0.0,1.0,1.0,1.0,1.0,24.08984375,75.75,77.35546875,65.23046875,129.8203125,213.125,212.6953125,187.21875,0.0,0.0,0.7421875,65.82154846191406
none,2,683,1.0,0.0,1.0,1.0,1.0,1.0,23.92578125,76.1796875,76.9453125,64.12109375,127.6171875,212.82421875,212.9140625,186.0625,0.0,0.0,0.71875,65.43661499023438
none,2,684,1.0,0.0,1.0,1.0,1.0,1.0,24.1171875,76.5859375,77.79296875,64.20703125,132.4609375,214.92578125,213.33984375,186.6796875,0.0,0.0,0.71484375,65.7056884765625
none,2,685,1.0,0.0,1.0,1.0,1.0,1.0,24.4140625,76.59765625,76.46875,64.1171875,133.30078125,215.21484375,211.15234375,186.203125,0.0,0.0,0.83203125,65.169677734375
none,2,686,1.0,0.0,1.0,1.0,1.0,1.0,23.75,75.98828125,76.5625,64.21875,128.3046875,213.01171875,213.21484375,185.26953125,0.0,0.0,0.75390625,65.51495361328125
none,2,687,1.0,0.0,1.0,1.0,1.0,1.0,24.14453125,76.1484375,77.2109375,64.99609375,130.0859375,213.6484375,214.3359375,187.99609375,0.0,0.0,0.765625,65.87678527832031
none,2,688,1.0,0.0,1.0,1.0,1.0,1.0,23.03125,74.90234375,76.9140625,66.0234375,126.1015625,209.91796875,213.546875,191.5390625,0.0,0.0,0.8125,65.61952209472656
none,2,689,1.0,0.0,1.0,1.0,1.0,1.0,23.8125,74.43359375,76.49609375,65.31640625,127.9296875,206.28125,210.06640625,189.2890625,0.0,0.0,0.84765625,64.83635711669922
none,2,690,1.0,0.0,1.0,1.0,1.0,1.0,23.26953125,76.453125,76.890625,63.0546875,126.62890625,214.484375,211.8359375,182.3984375,0.0,0.0,0.7421875,65.22561645507812
none,2,691,1.0,0.0,1.0,1.0,1.0,1.0,24.25,75.8359375,76.7890625,65.98046875,129.33203125,210.21875,211.078125,191.4765625,0.0,0.0,0.75390625,65.98605346679688
none,2,692,1.0,0.0,1.0,1.0,1.0,1.0,23.2578125,76.06640625,76.96875,65.70703125,126.046875,213.0078125,212.5,189.66015625,0.0,0.0,0.71484375,66.2415771484375
none,2,693,1.0,0.0,1.0,1.0,1.0,1.0,23.6171875,75.0625,77.2890625,66.37890625,127.8515625,209.1953125,213.1953125,190.8984375,0.0,0.0,0.7890625,66.14984130859375
none,2,694,1.0,0.0,1.0,1.0,1.0,1.0,22.78515625,75.1015625,77.44140625,66.06640625,125.08203125,208.125,214.125,190.73046875,0.0,0.0,0.7109375,65.93452453613281
none,2,695,1.0,0.0,1.0,1.0,1.0,1.0,24.06640625,75.9140625,77.29296875,66.12109375,129.9609375,210.5703125,213.12109375,191.29296875,0.0,0.0,0.8203125,65.90300750732422
none,2,696,1.0,0.0,1.0,1.0,1.0,1.0,23.61328125,75.2109375,78.0,65.8515625,127.4765625,209.265625,215.45703125,189.87109375,0.0,0.0,0.86328125,66.26374816894531
none,2,697,1.0,0.0,1.0,1.0,1.0,1.0,23.625,75.18359375,77.72265625,67.0078125,127.76171875,208.203125,214.4765625,194.0234375,0.0,0.0,0.67578125,66.43479919433594
none,2,698,1.0,0.0,1.0,1.0,1.0,1.0,23.68359375,75.328125,77.70703125,65.24609375,126.9609375,209.51953125,213.65625,188.61328125,0.0,0.0,0.69140625,66.09215545654297
none,2,699,1.0,0.0,1.0,1.0,1.0,1.0,23.42578125,76.7265625,78.609375,65.01953125,127.796875,214.02734375,215.390625,185.95703125,0.0,0.0,0.80859375,66.32979583740234
none,2,700,1.0,0.0,1.0,1.0,1.0,1.0,22.94140625,76.2890625,78.2421875,64.9765625,124.68359375,212.921875,214.7109375,187.80859375,0.0,0.0,0.7578125,66.2145767211914
none,2,701,1.0,0.0,1.0,1.0,1.0,1.0,23.6875,76.828125,77.6953125,65.7890625,127.9921875,213.7578125,213.4453125,190.69921875,0.0,0.0,0.7890625,66.13009643554688
none,2,702,1.0,0.0,1.0,1.0,1.0,1.0,23.5078125,76.94921875,78.26171875,64.43359375,126.54296875,215.45703125,215.94921875,187.046875,0.0,0.0,0.8359375,66.03981018066406
none,2,703,1.0,0.0,1.0,1.0,1.0,1.0,23.921875,76.765625,77.54296875,66.109375,130.390625,215.4921875,214.296875,191.08984375,0.0,0.0,0.796875,66.87557220458984
none,2,704,1.0,0.0,1.0,1.0,1.0,1.0,24.28125,77.109375,77.4375,66.02734375,130.92578125,216.50390625,215.1953125,190.5078125,0.0,0.0,0.72265625,66.90574645996094
none,2,705,1.0,0.0,1.0,1.0,1.0,1.0,24.1171875,75.6953125,78.1171875,65.49609375,130.671875,212.2578125,216.1796875,190.02734375,0.0,0.0,0.7890625,66.00395202636719
none,2,706,1.0,0.0,1.0,1.0,1.0,1.0,24.34375,77.11328125,77.765625,65.12109375,132.0390625,216.10546875,213.63671875,188.74609375,0.0,0.0,0.88671875,66.22863006591797
none,2,707,1.0,0.0,1.0,1.0,1.0,1.0,22.70703125,78.0546875,78.9296875,65.45703125,124.328125,217.94140625,218.47265625,190.5859375,0.0,0.0,0.8046875,67.32614135742188
none,2,708,1.0,0.0,1.0,1.0,1.0,1.0,23.9609375,78.7890625,77.8828125,65.46875,129.69921875,219.6171875,213.9921875,189.66796875,0.0,0.0,0.75,67.1769027709961
none,2,709,1.0,0.0,1.0,1.0,1.0,1.0,23.46484375,78.14453125,78.53515625,64.3671875,128.90234375,219.53515625,215.64453125,185.86328125,0.0,0.0,0.6640625,66.86631774902344
none,2,710,1.0,0.0,1.0,1.0,1.0,1.0,22.984375,78.51953125,78.140625,65.19140625,124.328125,221.0625,214.109375,187.8515625,0.0,0.0,0.87109375,67.15299987792969
none,2,711,1.0,0.0,1.0,1.0,1.0,1.0,23.09375,78.06640625,78.90625,64.08203125,126.2109375,219.2890625,217.22265625,185.79296875,0.0,0.0,0.78125,67.30821990966797
none,2,712,1.0,0.0,1.0,1.0,1.0,1.0,23.53125,78.31640625,77.94921875,64.19921875,127.5625,221.35546875,213.52734375,184.33984375,0.0,0.0,0.8671875,66.66853332519531
none,2,713,1.0,0.0,1.0,1.0,1.0,1.0,23.2578125,78.7265625,78.78515625,63.2421875,126.6015625,221.0546875,217.0859375,181.43359375,0.0,0.0,0.81640625,66.73521423339844
none,2,714,1.0,0.0,1.0,1.0,1.0,1.0,22.96875,78.2265625,79.0234375,64.24609375,126.80859375,220.21875,216.21875,184.6328125,0.0,0.0,0.75,67.01693725585938
none,2,715,1.0,0.0,1.0,1.0,1.0,1.0,24.046875,78.83984375,78.2421875,62.5859375,132.23046875,222.80078125,213.71875,181.1015625,0.0,0.0,0.85546875,66.33934020996094
none,2,716,1.0,0.0,1.0,1.0,1.0,1.0,22.8828125,78.375,77.37109375,64.3125,127.35546875,221.83203125,212.33203125,185.01171875,0.0,0.0,0.76953125,66.52605438232422
none,2,717,1.0,0.0,1.0,1.0,1.0,1.0,23.4765625,77.6796875,78.09375,65.03515625,128.40625,217.10546875,214.86328125,187.6171875,0.0,0.0,0.765625,66.563232421875
none,2,718,1.0,0.0,1.0,1.0,1.0,1.0,22.703125,76.94140625,78.95703125,64.1796875,121.9921875,216.84375,216.9609375,184.27734375,0.0,0.0,0.87109375,66.70318603515625
none,2,719,1.0,0.0,1.0,1.0,1.0,1.0,23.72265625,78.484375,77.0234375,66.10546875,129.05859375,220.625,211.39453125,190.45703125,0.0,0.0,0.7421875,67.26689910888672
none,2,720,1.0,0.0,1.0,1.0,1.0,1.0,23.27734375,75.99609375,78.2421875,64.84765625,128.1953125,212.01953125,215.14453125,189.3515625,0.0,0.0,0.8125,66.2519302368164
none,2,721,1.0,0.0,1.0,1.0,1.0,1.0,22.76171875,77.48828125,79.5546875,66.07421875,125.6015625,216.94140625,218.6484375,191.39453125,0.0,0.0,0.70703125,67.411376953125
none,2,722,1.0,0.0,1.0,1.0,1.0,1.0,22.69921875,78.23828125,78.41015625,65.328125,126.0625,219.890625,217.4609375,188.15234375,0.0,0.0,0.875,67.27427673339844
none,2,723,1.0,0.0,1.0,1.0,1.0,1.0,22.99609375,76.40625,79.40234375,65.7265625,128.1484375,215.80078125,218.6328125,190.2890625,0.0,0.0,0.70703125,66.78457641601562
none,2,724,1.0,0.0,1.0,1.0,1.0,1.0,23.5,77.5546875,79.10546875,66.84765625,126.40234375,215.97265625,215.3359375,192.91015625,0.0,0.0,0.7890625,67.52091979980469
none,2,725,1.0,0.0,1.0,1.0,1.0,1.0,23.75390625,76.08984375,80.66796875,64.99609375,128.4609375,212.94921875,221.796875,187.33203125,0.0,0.0,0.79296875,66.90065002441406
none,2,726,1.0,0.0,1.0,1.0,1.0,1.0,22.890625,76.44140625,79.5546875,66.29296875,127.0703125,212.71484375,217.2890625,191.25,0.0,0.0,0.7578125,66.93075561523438
none,2,727,1.0,0.0,1.0,1.0,1.0,1.0,23.390625,77.05078125,78.81640625,65.1015625,129.015625,216.30078125,216.9296875,187.92578125,0.0,0.0,0.77734375,67.07869720458984
none,2,728,1.0,0.0,1.0,1.0,1.0,1.0,23.421875,76.75390625,77.96875,66.20703125,129.23828125,216.27734375,214.828125,191.80859375,0.0,0.0,0.7578125,66.88706970214844
none,2,729,1.0,0.0,1.0,1.0,1.0,1.0,23.42578125,77.03125,79.74609375,65.68359375,130.54296875,217.1484375,219.46484375,189.44921875,0.0,0.0,0.79296875,67.5277099609375
none,2,730,1.0,0.0,1.0,1.0,1.0,1.0,23.12890625,77.4609375,78.59375,65.41015625,129.87890625,218.6328125,214.96484375,188.421875,0.0,0.0,0.765625,67.38634490966797
none,2,731,1.0,0.0,1.0,1.0,1.0,1.0,23.97265625,76.09375,79.12890625,67.37890625,133.08203125,213.90234375,218.37890625,193.8671875,0.0,0.0,0.75390625,67.29922485351562
none,2,732,1.0,0.0,1.0,1.0,1.0,1.0,23.6328125,76.8359375,80.04296875,67.171875,132.125,215.62890625,218.55859375,192.98828125,0.0,0.0,0.703125,68.05897521972656
none,2,733,1.0,0.0,1.0,1.0,1.0,1.0,23.66796875,76.6328125,77.9921875,67.03515625,133.7109375,215.22265625,212.12109375,193.83984375,0.0,0.0,0.84375,66.9608383178711
none,2,734,1.0,0.0,1.0,1.0,1.0,1.0,23.6875,77.875,78.91796875,66.19140625,130.77734375,218.6875,216.3671875,189.53515625,0.0,0.0,0.66015625,67.18041229248047
none,2,735,1.0,0.0,1.0,1.0,1.0,1.0,23.8984375,77.98828125,78.1796875,67.2109375,132.41796875,218.53515625,213.9375,193.35546875,0.0,0.0,0.765625,68.0143051147461
none,2,736,1.0,0.0,1.0,1.0,1.0,1.0,23.2734375,76.70703125,79.984375,66.23828125,130.8984375,214.89453125,220.51171875,191.23046875,0.0,0.0,0.69921875,67.73443603515625
none,2,737,1.0,0.0,1.0,1.0,1.0,1.0,23.82421875,76.33203125,78.90234375,67.69140625,132.7734375,212.80859375,214.5859375,193.89453125,0.0,0.0,0.7890625,67.73191833496094
none,2,738,1.0,0.0,1.0,1.0,1.0,1.0,23.23828125,77.8203125,79.9140625,67.6015625,131.609375,217.1015625,217.53125,192.87109375,0.0,0.0,0.78515625,68.42625427246094
none,2,739,1.0,0.0,1.0,1.0,1.0,1.0,23.1484375,78.77734375,79.9453125,65.5234375,130.8359375,220.27734375,218.53515625,187.7890625,0.0,0.0,0.7890625,68.01643371582031
none,2,740,1.0,0.0,1.0,1.0,1.0,1.0,23.94140625,77.9375,80.6015625,65.4765625,132.59375,218.94921875,220.1328125,187.66796875,0.0,0.0,0.7890625,68.19197082519531
none,2,741,1.0,0.0,1.0,1.0,1.0,1.0,23.4765625,78.578125,78.859375,65.44921875,129.76171875,220.03515625,215.99609375,186.91796875,0.0,0.0,0.7109375,67.61727142333984
none,2,742,1.0,0.0,1.0,1.0,1.0,1.0,23.06640625,77.20703125,80.21875,66.30859375,127.75390625,215.54296875,219.59375,190.8515625,0.0,0.0,0.7578125,68.06905364990234
none,2,743,1.0,0.0,1.0,1.0,1.0,1.0,23.08203125,76.80078125,80.82421875,66.03515625,126.703125,215.12890625,221.30859375,189.21875,0.0,0.0,0.6953125,68.0107650756836
none,2,744,1.0,0.0,1.0,1.0,1.0,1.0,22.76171875,78.71484375,80.15234375,64.7734375,126.96484375,219.81640625,218.65234375,186.421875,0.0,0.0,0.85546875,67.89776611328125
none,2,745,1.0,0.0,1.0,1.0,1.0,1.0,22.875,77.96875,79.8515625,66.4453125,128.58984375,217.265625,218.234375,190.59375,0.0,0.0,0.69921875,67.9852066040039
none,2,746,1.0,0.0,1.0,1.0,1.0,1.0,23.16796875,77.50390625,79.984375,65.37890625,127.91015625,217.44921875,218.77734375,187.86328125,0.0,0.0,0.70703125,67.66976165771484
none,2,747,1.0,0.0,1.0,1.0,1.0,1.0,22.8359375,78.8984375,79.2421875,65.51171875,126.0390625,220.89453125,216.44140625,188.3359375,0.0,0.0,0.75390625,68.34593200683594
none,2,748,1.0,0.0,1.0,1.0,1.0,1.0,22.65234375,78.4453125,79.28515625,66.6015625,126.8359375,220.9296875,216.71875,193.015625,0.0,0.0,0.72265625,68.27864074707031
none,2,749,1.0,0.0,1.0,1.0,1.0,1.0,22.68359375,77.52734375,79.85546875,65.12109375,124.703125,217.6953125,219.20703125,188.16015625,0.0,0.0,0.6875,67.4297103881836
none,2,750,1.0,0.0,1.0,1.0,1.0,1.0,22.3046875,77.86328125,80.5546875,65.109375,125.890625,220.125,220.91796875,185.921875,0.0,0.0,0.73046875,68.16455841064453
none,2,751,1.0,0.0,1.0,1.0,1.0,1.0,22.36328125,77.35546875,81.06640625,65.7421875,122.9453125,217.79296875,221.72265625,189.53125,0.0,0.0,0.7734375,67.95479583740234
none,2,752,1.0,0.0,1.0,1.0,1.0,1.0,22.60546875,77.49609375,81.20703125,65.5078125,126.32421875,218.62890625,221.81640625,187.83984375,0.0,0.0,0.62890625,68.32123565673828
none,2,753,1.0,0.0,1.0,1.0,1.0,1.0,22.40625,78.1171875,79.58203125,67.046875,124.82421875,219.21484375,218.13671875,192.68359375,0.0,0.0,0.625,68.52168273925781
none,2,754,1.0,0.0,1.0,1.0,1.0,1.0,22.46875,78.203125,80.84375,64.71484375,125.32421875,220.4296875,221.9609375,188.17578125,0.0,0.0,0.71875,68.59403991699219
none,2,755,1.0,0.0,1.0,1.0,1.0,1.0,21.87890625,77.05078125,80.9296875,66.0078125,124.2734375,214.98046875,221.25,190.73046875,0.0,0.0,0.72265625,67.85009002685547
none,2,756,1.0,0.0,1.0,1.0,1.0,1.0,21.56640625,77.75,80.13671875,66.6640625,124.640625,216.42578125,220.26953125,192.79296875,0.0,0.0,0.734375,68.43251037597656
none,2,757,1.0,0.0,1.0,1.0,1.0,1.0,21.8828125,78.9765625,81.73046875,64.06640625,122.98828125,222.06640625,222.75,185.99609375,0.0,0.0,0.6875,68.8245620727539
none,2,758,1.0,0.0,1.0,1.0,1.0,1.0,21.8828125,78.87890625,79.92578125,65.078125,124.25,220.78125,219.05859375,186.5,0.0,0.0,0.80078125,68.33522033691406
none,2,759,1.0,0.0,1.0,1.0,1.0,1.0,21.9375,79.25,80.48828125,65.3125,122.81640625,223.1015625,221.13671875,186.27734375,0.0,0.0,0.67578125,68.81475830078125
none,2,760,1.0,0.0,1.0,1.0,1.0,1.0,22.43359375,80.16796875,79.09375,64.61328125,126.625,224.40234375,216.18359375,184.9609375,0.0,0.0,0.7265625,68.19075012207031
none,2,761,1.0,0.0,1.0,1.0,1.0,1.0,22.96875,79.69140625,80.1171875,65.5703125,129.078125,223.5625,218.2578125,187.68359375,0.0,0.0,0.71484375,68.77501678466797
none,2,762,1.0,0.0,1.0,1.0,1.0,1.0,22.41796875,79.90625,80.1953125,64.36328125,125.6640625,224.953125,219.03515625,184.6953125,0.0,0.0,0.71484375,68.38243103027344
none,2,763,1.0,0.0,1.0,1.0,1.0,1.0,22.90625,78.88671875,80.5,64.9296875,127.14453125,219.74609375,218.7109375,185.63671875,0.0,0.0,0.82421875,68.07009887695312
none,2,764,1.0,0.0,1.0,1.0,1.0,1.0,22.31640625,78.93359375,80.39453125,65.63671875,124.53515625,219.76171875,218.62109375,189.66015625,0.0,0.0,0.7421875,68.53861236572266
none,2,765,1.0,0.0,1.0,1.0,1.0,1.0,22.8515625,78.875,80.4375,66.04296875,127.58203125,221.109375,218.96875,188.38671875,0.0,0.0,0.7265625,68.50984191894531
none,2,766,1.0,0.0,1.0,1.0,1.0,1.0,22.88671875,77.62109375,80.71484375,66.48828125,126.9921875,217.23046875,218.69140625,191.34765625,0.0,0.0,0.6640625,68.43157196044922
none,2,767,1.0,0.0,1.0,1.0,1.0,1.0,23.27734375,77.8046875,79.765625,67.90234375,127.94921875,217.5,215.6484375,193.5546875,0.0,0.0,0.69921875,68.75982666015625
none,2,768,1.0,0.0,1.0,1.0,1.0,1.0,22.53515625,78.03515625,80.96875,66.91796875,125.7578125,218.25390625,219.85546875,191.22265625,0.0,0.0,0.69921875,68.80931854248047
none,2,769,1.0,0.0,1.0,1.0,1.0,1.0,22.75,77.53125,81.88671875,67.5234375,127.51953125,215.22265625,223.3046875,193.16015625,0.0,0.0,0.65625,69.06004333496094
none,2,770,1.0,0.0,1.0,1.0,1.0,1.0,22.5546875,79.0078125,80.6953125,67.140625,126.23828125,220.2890625,219.62890625,192.07421875,0.0,0.0,0.58984375,69.42640686035156
none,2,771,1.0,0.0,1.0,1.0,1.0,1.0,21.8203125,79.52734375,80.69921875,65.50390625,123.01171875,222.796875,220.20703125,187.56640625,0.0,0.0,0.6328125,68.72030639648438
none,2,772,1.0,0.0,1.0,1.0,1.0,1.0,22.25,78.51171875,79.625,65.921875,121.7578125,220.1328125,217.03125,189.09375,0.0,0.0,0.8671875,68.29744720458984
none,2,773,1.0,0.0,1.0,1.0,1.0,1.0,22.109375,80.11328125,81.078125,65.20703125,124.08203125,224.44140625,220.83203125,187.7578125,0.0,0.0,0.7265625,69.20648193359375
none,2,774,1.0,0.0,1.0,1.0,1.0,1.0,22.10546875,79.34765625,80.90625,65.4375,122.13671875,221.890625,219.24609375,187.38671875,0.0,0.0,0.78125,69.03692626953125
none,2,775,1.0,0.0,1.0,1.0,1.0,1.0,21.69921875,78.17578125,81.41796875,65.890625,119.98046875,218.6796875,222.6484375,192.44140625,0.0,0.0,0.703125,68.86251068115234
none,2,776,1.0,0.0,1.0,1.0,1.0,1.0,22.26953125,78.65234375,80.83203125,64.95703125,123.5625,220.47265625,220.73046875,188.5625,0.0,0.0,0.75390625,68.56349182128906
none,2,777,1.0,0.0,1.0,1.0,1.0,1.0,22.01953125,79.06640625,80.9921875,65.65625,119.89453125,222.37109375,220.90234375,189.1484375,0.0,0.0,0.64453125,69.03109741210938
none,2,778,1.0,0.0,1.0,1.0,1.0,1.0,22.09375,79.79296875,81.515625,64.0390625,121.328125,224.21484375,221.28125,184.625,0.0,0.0,0.77734375,68.72398376464844
none,2,779,1.0,0.0,1.0,1.0,1.0,1.0,22.828125,79.609375,80.734375,65.3671875,125.3828125,223.06640625,220.51953125,187.59765625,0.0,0.0,0.80078125,69.1502685546875
none,2,780,1.0,0.0,1.0,1.0,1.0,1.0,22.28125,79.98828125,81.0390625,64.96484375,123.8828125,224.38671875,221.23046875,185.734375,0.0,0.0,0.671875,68.95950317382812
none,2,781,1.0,0.0,1.0,1.0,1.0,1.0,21.38671875,81.9765625,81.41796875,63.1015625,117.29296875,231.015625,221.91796875,180.0546875,0.0,0.0,0.78125,69.38317108154297
none,2,782,1.0,0.0,1.0,1.0,1.0,1.0,22.66015625,78.7578125,80.74609375,65.6875,122.86328125,221.171875,220.00390625,188.8125,0.0,0.0,0.7734375,68.89926147460938
none,2,783,1.0,0.0,1.0,1.0,1.0,1.0,21.6171875,79.71484375,82.08984375,64.69921875,121.0546875,223.83203125,222.76953125,186.29296875,0.0,0.0,0.77734375,69.0236587524414
none,2,784,1.0,0.0,1.0,1.0,1.0,1.0,22.05078125,80.81640625,81.19921875,64.9609375,121.79296875,226.40625,221.3671875,185.33984375,0.0,0.0,0.6875,69.47517395019531
none,2,785,1.0,0.0,1.0,1.0,1.0,1.0,22.0,79.55859375,81.76953125,64.8203125,122.0078125,222.265625,223.2265625,188.16796875,0.0,0.0,0.79296875,68.93341064453125
none,2,786,1.0,0.0,1.0,1.0,1.0,1.0,21.85546875,80.109375,81.03125,64.69140625,121.04296875,223.4375,219.8984375,187.37109375,0.0,0.0,0.78515625,69.37492370605469
none,2,787,1.0,0.0,1.0,1.0,1.0,1.0,22.39453125,80.55859375,80.62890625,64.3984375,122.70703125,223.40234375,218.90625,184.47265625,0.0,0.0,0.7265625,68.67677307128906
none,2,788,1.0,0.0,1.0,1.0,1.0,1.0,21.8046875,79.015625,82.1953125,65.6640625,123.65625,219.5078125,222.73828125,189.5234375,0.0,0.0,0.6171875,69.41432189941406
none,2,789,1.0,0.0,1.0,1.0,1.0,1.0,22.7578125,78.71484375,81.12890625,66.28125,124.8046875,218.1640625,219.3046875,191.82421875,0.0,0.0,0.66796875,68.66393280029297
none,2,790,1.0,0.0,1.0,1.0,1.0,1.0,22.92578125,79.4765625,81.421875,66.58203125,124.96484375,219.80078125,220.1875,190.86328125,0.0,0.0,0.84765625,69.13033294677734
none,2,791,1.0,0.0,1.0,1.0,1.0,1.0,22.68359375,77.484375,82.0859375,66.515625,127.765625,213.83984375,222.5859375,191.984375,0.0,0.0,0.8515625,68.86299133300781
none,2,792,1.0,0.0,1.0,1.0,1.0,1.0,22.7890625,79.12890625,80.68359375,66.90625,126.91796875,221.15234375,218.2265625,192.7734375,0.0,0.0,0.68359375,69.26261138916016
none,2,793,1.0,0.0,1.0,1.0,1.0,1.0,22.6796875,78.80078125,81.5546875,66.56640625,128.29296875,218.953125,220.40234375,191.48046875,0.0,0.0,0.67578125,69.43418884277344
none,2,794,1.0,0.0,1.0,1.0,1.0,1.0,22.328125,78.234375,82.6328125,67.5859375,125.75,218.53125,224.42578125,193.078125,0.0,0.0,0.6484375,69.99730682373047
none,2,795,1.0,0.0,1.0,1.0,1.0,1.0,22.8359375,77.62109375,82.59375,67.62890625,131.01953125,216.4296875,224.8203125,194.625,0.0,0.0,0.6640625,69.87370300292969
none,2,796,1.0,0.0,1.0,1.0,1.0,1.0,22.6015625,78.19921875,81.3125,68.4140625,128.671875,217.59375,220.16796875,196.3828125,0.0,0.0,0.67578125,69.85087585449219
none,2,797,1.0,0.0,1.0,1.0,1.0,1.0,21.84375,78.75,80.67578125,67.7421875,125.68359375,219.54296875,219.27734375,196.62890625,0.0,0.0,0.66796875,69.59894561767578
none,2,798,1.0,0.0,1.0,1.0,1.0,1.0,22.45703125,78.58203125,81.6015625,68.08984375,127.36328125,221.39453125,220.609375,195.2890625,0.0,0.0,0.6484375,70.08177947998047
none,2,799,1.0,0.0,1.0,1.0,1.0,1.0,22.2578125,78.6875,80.953125,68.66015625,126.90234375,219.609375,218.8828125,198.015625,0.0,0.0,0.6875,70.05422973632812
none,2,800,1.0,0.0,1.0,1.0,1.0,1.0,22.44921875,78.06640625,82.015625,66.25,127.0859375,218.3359375,223.26171875,191.3671875,0.0,0.0,0.68359375,69.69583129882812
none,2,801,1.0,0.0,1.0,1.0,1.0,1.0,22.41796875,79.08203125,79.82421875,67.75,127.71875,219.84765625,218.6640625,195.65625,0.0,0.0,0.6953125,69.71513366699219
none,2,802,1.0,0.0,1.0,1.0,1.0,1.0,22.03125,77.82421875,81.078125,67.90234375,126.9140625,216.42578125,222.015625,197.5546875,0.0,0.0,0.796875,69.48564910888672
none,2,803,1.0,0.0,1.0,1.0,1.0,1.0,21.765625,78.7265625,82.16796875,67.39453125,123.8046875,219.54296875,223.68359375,194.9609375,0.0,0.0,0.671875,70.24954223632812
none,2,804,1.0,0.0,1.0,1.0,1.0,1.0,22.13671875,79.27734375,81.625,66.921875,123.83203125,222.484375,223.52734375,193.93359375,0.0,0.0,0.75390625,70.07612609863281
none,2,805,1.0,0.0,1.0,1.0,1.0,1.0,21.8671875,78.6171875,82.78515625,65.3125,124.46484375,221.26953125,226.76953125,189.14453125,0.0,0.0,0.671875,69.47526550292969
none,2,806,1.0,0.0,1.0,1.0,1.0,1.0,21.95703125,78.08203125,82.01171875,66.78125,125.7734375,220.9765625,224.66015625,193.37109375,0.0,0.0,0.60546875,69.57305145263672
none,2,807,1.0,0.0,1.0,1.0,1.0,1.0,22.12109375,79.40234375,81.96875,66.75390625,126.21484375,222.84375,223.828125,194.5859375,0.0,0.0,0.6875,69.72563171386719
none,2,808,1.0,0.0,1.0,1.0,1.0,1.0,22.9453125,79.6171875,81.5859375,66.72265625,128.79296875,224.4140625,222.7890625,191.94921875,0.0,0.0,0.69140625,69.5946273803711
none,2,809,1.0,0.0,1.0,1.0,1.0,1.0,22.78515625,77.828125,81.15234375,67.59765625,127.69921875,217.7421875,221.48046875,194.5078125,0.0,0.0,0.7109375,69.94982147216797
none,2,810,1.0,0.0,1.0,1.0,1.0,1.0,22.30078125,78.59375,81.984375,67.5234375,126.25390625,219.86328125,224.6484375,194.0859375,0.0,0.0,0.7109375,69.8543701171875
none,2,811,1.0,0.0,1.0,1.0,1.0,1.0,22.75,80.97265625,81.73828125,68.2265625,128.62109375,227.04296875,221.51953125,196.35546875,0.0,0.0,0.71484375,71.08927154541016
none,2,812,1.0,0.0,1.0,1.0,1.0,1.0,22.14453125,79.03125,81.6484375,69.16796875,128.83984375,220.4375,222.25,199.67578125,0.0,0.0,0.64453125,70.70782470703125
none,2,813,1.0,0.0,1.0,1.0,1.0,1.0,22.890625,78.9140625,82.140625,69.078125,128.52734375,220.4609375,222.95703125,197.70703125,0.0,0.0,0.6953125,70.90210723876953
none,2,814,1.0,0.0,1.0,1.0,1.0,1.0,22.73046875,78.47265625,81.5234375,68.67578125,128.33984375,218.94921875,219.88671875,196.828125,0.0,0.0,0.58984375,70.22613525390625
none,2,815,1.0,0.0,1.0,1.0,1.0,1.0,22.6640625,79.14453125,81.92578125,68.71484375,128.39453125,220.28125,220.26953125,195.9921875,0.0,0.0,0.65625,70.8016357421875
none,2,816,1.0,0.0,1.0,1.0,1.0,1.0,22.62890625,79.609375,82.84765625,68.640625,129.671875,220.83984375,224.2734375,194.328125,0.0,0.0,0.75,71.0441665649414
none,2,817,1.0,0.0,1.0,1.0,1.0,1.0,23.1015625,79.4375,80.8828125,67.62109375,128.67578125,220.46484375,218.14453125,192.66796875,0.0,0.0,0.640625,69.92062377929688
none,2,818,1.0,0.0,1.0,1.0,1.0,1.0,22.6015625,79.296875,82.359375,67.859375,124.85546875,219.73828125,223.96875,192.78125,0.0,0.0,0.61328125,70.50968933105469
none,2,819,1.0,0.0,1.0,1.0,1.0,1.0,22.42578125,80.58203125,81.9609375,67.8515625,125.61328125,222.71484375,221.52734375,191.08984375,0.0,0.0,0.6171875,70.82335662841797
none,2,820,1.0,0.0,1.0,1.0,1.0,1.0,22.9453125,79.84375,82.11328125,67.0546875,125.98828125,222.27734375,221.90625,190.078125,0.0,0.0,0.640625,70.31262969970703
none,2,821,1.0,0.0,1.0,1.0,1.0,1.0,22.3203125,78.2109375,82.7421875,68.52734375,127.515625,215.53515625,223.05078125,196.12890625,0.0,0.0,0.6484375,70.6597900390625
none,2,822,1.0,0.0,1.0,1.0,1.0,1.0,22.23828125,78.87109375,82.81640625,68.4765625,126.0078125,218.70703125,225.2109375,195.12890625,0.0,0.0,0.68359375,70.0520248413086
none,2,823,1.0,0.0,1.0,1.0,1.0,1.0,23.109375,77.90234375,82.28125,69.27734375,130.25390625,217.46875,223.87890625,198.1796875,0.0,0.0,0.62890625,70.12326049804688
none,2,824,1.0,0.0,1.0,1.0,1.0,1.0,22.23828125,79.2890625,81.40625,68.7890625,127.65234375,222.11328125,220.9375,196.546875,0.0,0.0,0.6640625,70.12193298339844
none,2,825,1.0,0.0,1.0,1.0,1.0,1.0,22.83203125,81.6796875,82.59375,68.41015625,130.75,229.14453125,225.46875,194.9375,0.0,0.0,0.78125,71.35946655273438
none,2,826,1.0,0.0,1.0,1.0,1.0,1.0,21.6875,79.33984375,81.375,67.6796875,125.65234375,221.6015625,221.9140625,195.3515625,0.0,0.0,0.55859375,69.68824768066406
none,2,827,1.0,0.0,1.0,1.0,1.0,1.0,21.99609375,79.16015625,83.72265625,67.5625,125.51171875,222.37890625,228.55859375,193.53125,0.0,0.0,0.5546875,70.4783935546875
none,2,828,1.0,0.0,1.0,1.0,1.0,1.0,22.69921875,80.796875,82.95703125,67.21484375,128.65625,226.47265625,226.00390625,192.11328125,0.0,0.0,0.63671875,71.16387176513672
none,2,829,1.0,0.0,1.0,1.0,1.0,1.0,22.55859375,81.55859375,83.10546875,65.8671875,128.80078125,228.87890625,227.36328125,189.3203125,0.0,0.0,0.6640625,71.024658203125
none,2,830,1.0,0.0,1.0,1.0,1.0,1.0,22.5078125,80.125,82.828125,67.26953125,128.5859375,225.4375,225.59375,194.34765625,0.0,0.0,0.62890625,70.77384948730469
none,2,831,1.0,0.0,1.0,1.0,1.0,1.0,22.078125,80.51171875,83.328125,67.265625,125.23828125,225.28515625,228.0703125,192.98828125,0.0,0.0,0.5546875,71.11457824707031
none,2,832,1.0,0.0,1.0,1.0,1.0,1.0,22.29296875,81.0234375,84.04296875,67.015625,126.75,225.76953125,229.5078125,190.515625,0.0,0.0,0.59765625,71.27645111083984
none,2,833,1.0,0.0,1.0,1.0,1.0,1.0,21.52734375,81.5703125,82.140625,67.6875,123.63671875,227.6875,222.24609375,193.40625,0.0,0.0,0.7421875,71.1141128540039
none,2,834,1.0,0.0,1.0,1.0,1.0,1.0,22.9375,80.76953125,83.05078125,68.87890625,129.62890625,226.3671875,225.73828125,194.796875,0.0,0.0,0.65625,71.4292221069336
none,2,835,1.0,0.0,1.0,1.0,1.0,1.0,22.390625,80.171875,82.01171875,67.8828125,128.16015625,224.6640625,222.3515625,194.9140625,0.0,0.0,0.65625,71.10746765136719
none,2,836,1.0,0.0,1.0,1.0,1.0,1.0,22.16796875,79.29296875,82.62109375,67.86328125,124.9296875,221.66796875,225.234375,194.12109375,0.0,0.0,0.62109375,70.46760559082031
none,2,837,1.0,0.0,1.0,1.0,1.0,1.0,21.78515625,79.80078125,83.8125,67.921875,122.625,221.91796875,227.66796875,194.12890625,0.0,0.0,0.60546875,71.12693786621094
none,2,838,1.0,0.0,1.0,1.0,1.0,1.0,22.4609375,80.3984375,83.71484375,66.76953125,125.9609375,223.97265625,225.91015625,189.56640625,0.0,0.0,0.6484375,70.42852020263672
none,2,839,1.0,0.0,1.0,1.0,1.0,1.0,21.046875,81.12890625,83.90625,67.73828125,121.39453125,226.12890625,227.2421875,192.91015625,0.0,0.0,0.6484375,72.4675521850586
none,2,840,1.0,0.0,1.0,1.0,1.0,1.0,21.6015625,80.1015625,82.55859375,67.96875,125.01171875,220.83203125,224.3984375,193.83984375,0.0,0.0,0.68359375,70.99713134765625
none,2,841,1.0,0.0,1.0,1.0,1.0,1.0,21.2421875,79.8671875,83.58203125,67.93359375,119.8671875,221.24609375,225.97265625,193.4375,0.0,0.0,0.6015625,71.28938293457031
none,2,842,1.0,0.0,1.0,1.0,1.0,1.0,21.14453125,79.41796875,83.9296875,67.34765625,122.23046875,218.5546875,227.2578125,192.984375,0.0,0.0,0.61328125,70.57707214355469
none,2,843,1.0,0.0,1.0,1.0,1.0,1.0,21.48828125,79.78125,82.95703125,67.88671875,120.01953125,220.85546875,224.04296875,194.83984375,0.0,0.0,0.734375,70.80195617675781
none,2,844,1.0,0.0,1.0,1.0,1.0,1.0,21.5546875,79.69140625,83.33203125,68.0859375,123.62109375,221.6875,225.69140625,195.38671875,0.0,0.0,0.6015625,71.05850982666016
none,2,845,1.0,0.0,1.0,1.0,1.0,1.0,21.875,79.14453125,83.34765625,68.1640625,123.67578125,220.44921875,226.2265625,194.16015625,0.0,0.0,0.546875,70.7790756225586
none,2,846,1.0,0.0,1.0,1.0,1.0,1.0,21.4609375,80.1328125,84.09765625,69.28125,124.2265625,222.06640625,227.23046875,195.921875,0.0,0.0,0.5,71.79844665527344
none,2,847,1.0,0.0,1.0,1.0,1.0,1.0,21.7578125,80.69140625,83.1875,67.58984375,126.2421875,224.58984375,224.4453125,192.62890625,0.0,0.0,0.625,71.76980590820312
none,2,848,1.0,0.0,1.0,1.0,1.0,1.0,21.625,80.6953125,84.12890625,69.203125,123.83984375,224.98828125,226.96484375,195.625,0.0,0.0,0.671875,72.44619750976562
none,2,849,1.0,0.0,1.0,1.0,1.0,1.0,21.86328125,80.171875,83.0703125,68.55078125,125.765625,223.21875,224.9765625,194.46484375,0.0,0.0,0.625,71.35208129882812
none,2,850,1.0,0.0,1.0,1.0,1.0,1.0,21.66796875,80.48046875,83.64453125,69.92578125,123.12109375,223.328125,224.2734375,197.4453125,0.0,0.0,0.64453125,72.38941955566406
none,2,851,1.0,0.0,1.0,1.0,1.0,1.0,21.90234375,80.0234375,82.8125,69.421875,126.28515625,221.50390625,222.4140625,197.31640625,0.0,0.0,0.625,71.5434799194336
none,2,852,1.0,0.0,1.0,1.0,1.0,1.0,22.12890625,80.63671875,82.95703125,68.88671875,123.84765625,224.3515625,223.796875,194.91015625,0.0,0.0,0.57421875,71.54637145996094
none,2,853,1.0,0.0,1.0,1.0,1.0,1.0,22.25,82.05078125,84.59375,67.703125,123.9609375,226.71875,227.56640625,189.5546875,0.0,0.0,0.6640625,72.2000732421875
none,2,854,1.0,0.0,1.0,1.0,1.0,1.0,21.73046875,80.4140625,82.70703125,69.1796875,123.6796875,223.140625,222.671875,195.78515625,0.0,0.0,0.6171875,71.4409408569336
none,2,855,1.0,0.0,1.0,1.0,1.0,1.0,21.83203125,80.81640625,83.828125,68.46484375,123.71875,223.58203125,224.96875,193.87109375,0.0,0.0,0.546875,71.92284393310547
none,2,856,1.0,0.0,1.0,1.0,1.0,1.0,21.41015625,81.03515625,82.63671875,69.3828125,122.42578125,223.1484375,221.578125,196.48828125,0.0,0.0,0.69140625,71.83493041992188
none,2,857,1.0,0.0,1.0,1.0,1.0,1.0,22.36328125,80.27734375,82.7109375,69.26953125,126.3515625,222.3203125,223.0859375,197.5078125,0.0,0.0,0.67578125,71.68424224853516
none,2,858,1.0,0.0,1.0,1.0,1.0,1.0,22.3515625,80.58203125,84.23046875,69.0078125,126.5078125,224.07421875,226.578125,195.41796875,0.0,0.0,0.609375,72.28555297851562
none,2,859,1.0,0.0,1.0,1.0,1.0,1.0,22.01171875,79.2578125,83.7109375,69.671875,125.8984375,219.46875,226.421875,198.73046875,0.0,0.0,0.5859375,71.64926147460938
none,2,860,1.0,0.0,1.0,1.0,1.0,1.0,22.4921875,79.8125,82.9921875,69.39453125,127.7578125,222.3125,224.03125,198.1796875,0.0,0.0,0.7265625,71.51670837402344
none,2,861,1.0,0.0,1.0,1.0,1.0,1.0,22.10546875,80.40625,83.8515625,67.875,125.94921875,223.53125,228.6171875,191.96875,0.0,0.0,0.703125,71.43669128417969
none,2,862,1.0,0.0,1.0,1.0,1.0,1.0,22.71875,80.859375,84.24609375,69.59765625,126.57421875,223.4140625,227.09765625,196.8984375,0.0,0.0,0.578125,72.43466186523438
none,2,863,1.0,0.0,1.0,1.0,1.0,1.0,21.734375,80.21875,84.640625,68.96875,126.31640625,223.40625,229.5,196.625,0.0,0.0,0.61328125,72.17066955566406
none,2,864,1.0,0.0,1.0,1.0,1.0,1.0,22.703125,80.35546875,84.58984375,69.1328125,131.9140625,223.84765625,229.8828125,196.484375,0.0,0.0,0.61328125,72.15220642089844
none,2,865,1.0,0.0,1.0,1.0,1.0,1.0,22.1328125,79.09765625,83.50390625,69.2265625,124.21484375,217.671875,226.76171875,197.734375,0.0,0.0,0.59375,71.5164566040039
none,2,866,1.0,0.0,1.0,1.0,1.0,1.0,22.23828125,78.9609375,83.4609375,70.046875,125.92578125,218.11328125,226.05078125,200.23046875,0.0,0.0,0.60546875,71.573486328125
none,2,867,1.0,0.0,1.0,1.0,1.0,1.0,21.8125,80.59765625,83.48046875,69.421875,127.09765625,223.1015625,226.765625,199.515625,0.0,0.0,0.55078125,72.22804260253906
none,2,868,1.0,0.0,1.0,1.0,1.0,1.0,22.15234375,79.484375,84.59375,69.8984375,126.46875,220.54296875,229.12890625,199.5546875,0.0,0.0,0.65625,71.63438415527344
none,2,869,1.0,0.0,1.0,1.0,1.0,1.0,22.109375,79.05859375,84.9609375,69.8671875,126.7109375,220.1796875,230.921875,202.265625,0.0,0.0,0.48046875,71.98693084716797
none,2,870,1.0,0.0,1.0,1.0,1.0,1.0,22.015625,79.97265625,83.796875,69.28125,125.42578125,222.96875,228.44140625,199.265625,0.0,0.0,0.4765625,72.01362609863281
none,2,871,1.0,0.0,1.0,1.0,1.0,1.0,21.9296875,81.51171875,83.21875,68.83203125,127.96875,226.34765625,225.33203125,197.4453125,0.0,0.0,0.68359375,71.82113647460938
none,2,872,1.0,0.0,1.0,1.0,1.0,1.0,21.5078125,81.4375,83.625,69.43359375,126.40234375,226.3671875,226.87109375,199.03515625,0.0,0.0,0.609375,72.31692504882812
none,2,873,1.0,0.0,1.0,1.0,1.0,1.0,21.76171875,80.55859375,85.07421875,67.95703125,128.14453125,225.21875,233.546875,195.46875,0.0,0.0,0.55078125,71.9774169921875
none,2,874,1.0,0.0,1.0,1.0,1.0,1.0,22.26171875,80.68359375,84.45703125,68.70703125,127.91015625,224.6015625,230.34765625,196.546875,0.0,0.0,0.5703125,72.36860656738281
none,2,875,1.0,0.0,1.0,1.0,1.0,1.0,22.4609375,81.29296875,83.4140625,70.1484375,133.4609375,227.19921875,225.6015625,200.84765625,0.0,0.0,0.56640625,72.8763427734375
none,2,876,1.0,0.0,1.0,1.0,1.0,1.0,21.87109375,82.3203125,86.1171875,68.55078125,125.34765625,229.50390625,231.54296875,194.37890625,0.0,0.0,0.671875,73.61844635009766
none,2,877,1.0,0.0,1.0,1.0,1.0,1.0,21.9375,80.91015625,84.3125,70.3828125,126.46484375,224.16796875,228.3515625,200.16015625,0.0,0.0,0.66015625,72.89205169677734
none,2,878,1.0,0.0,1.0,1.0,1.0,1.0,22.80078125,80.9453125,84.16015625,69.74609375,131.046875,225.87890625,228.25390625,199.37109375,0.0,0.0,0.58984375,72.71141815185547
none,2,879,1.0,0.0,1.0,1.0,1.0,1.0,22.83203125,80.5,84.31640625,71.18359375,131.609375,222.29296875,227.72265625,203.8984375,0.0,0.0,0.640625,72.1501693725586
none,2,880,1.0,0.0,1.0,1.0,1.0,1.0,21.99609375,80.109375,83.48046875,69.40625,127.37109375,223.23828125,227.7890625,198.83203125,0.0,0.0,0.56640625,72.26176452636719
none,2,881,1.0,0.0,1.0,1.0,1.0,1.0,22.7265625,81.90234375,83.23046875,68.6015625,130.45703125,226.8984375,224.9140625,195.1796875,0.0,0.0,0.59765625,72.00502014160156
none,2,882,1.0,0.0,1.0,1.0,1.0,1.0,22.75,81.30859375,84.41015625,68.71484375,130.10546875,226.23828125,228.28515625,195.0859375,0.0,0.0,0.6484375,72.5748291015625
none,2,883,1.0,0.0,1.0,1.0,1.0,1.0,22.765625,80.8203125,83.171875,71.3046875,132.12109375,223.74609375,225.73828125,203.703125,0.0,0.0,0.6171875,73.37875366210938
none,2,884,1.0,0.0,1.0,1.0,1.0,1.0,22.5625,79.39453125,84.49609375,71.83984375,129.5546875,219.7890625,228.28125,205.6796875,0.0,0.0,0.65625,73.27210998535156
none,2,885,1.0,0.0,1.0,1.0,1.0,1.0,22.1328125,80.875,84.140625,70.94140625,128.01953125,223.703125,227.7109375,203.91796875,0.0,0.0,0.49609375,73.1618423461914
none,2,886,1.0,0.0,1.0,1.0,1.0,1.0,22.35546875,81.83984375,82.21875,70.2421875,128.03125,227.515625,223.44921875,200.79296875,0.0,0.0,0.62109375,72.31340789794922
none,2,887,1.0,0.0,1.0,1.0,1.0,1.0,22.1015625,80.125,83.671875,71.37890625,126.65234375,222.0390625,225.484375,203.37109375,0.0,0.0,0.62109375,72.9881591796875
none,2,888,1.0,0.0,1.0,1.0,1.0,1.0,21.3828125,79.85546875,83.9765625,70.6484375,123.25390625,220.76171875,226.9921875,202.42578125,0.0,0.0,0.53125,72.40737915039062
none,2,889,1.0,0.0,1.0,1.0,1.0,1.0,21.66015625,80.9609375,83.8359375,69.0078125,124.55859375,225.71875,226.6875,194.7109375,0.0,0.0,0.59765625,72.42256927490234
none,2,890,1.0,0.0,1.0,1.0,1.0,1.0,21.78515625,81.47265625,83.01953125,69.62109375,124.75390625,226.1015625,224.56640625,197.80859375,0.0,0.0,0.5703125,72.42610931396484
none,2,891,1.0,0.0,1.0,1.0,1.0,1.0,21.08984375,83.53515625,84.67578125,69.015625,124.76953125,231.66015625,228.7890625,196.8203125,0.0,0.0,0.59375,73.78548431396484
none,2,892,1.0,0.0,1.0,1.0,1.0,1.0,21.1953125,83.640625,82.94140625,67.828125,123.02734375,233.44140625,224.45703125,193.62109375,0.0,0.0,0.640625,72.5384521484375
none,2,893,1.0,0.0,1.0,1.0,1.0,1.0,21.8359375,82.0546875,83.1484375,69.42578125,126.54296875,227.2890625,225.921875,198.24609375,0.0,0.0,0.59765625,72.81217956542969
none,2,894,1.0,0.0,1.0,1.0,1.0,1.0,21.40234375,81.6953125,84.03515625,69.53515625,124.06640625,226.90625,227.66015625,198.296875,0.0,0.0,0.62890625,72.6020736694336
none,2,895,1.0,0.0,1.0,1.0,1.0,1.0,21.7421875,82.453125,83.66796875,68.18359375,126.3828125,227.09765625,227.28125,196.15625,0.0,0.0,0.58984375,72.60482788085938
none,2,896,1.0,0.0,1.0,1.0,1.0,1.0,21.60546875,83.55078125,84.26953125,69.34375,122.82421875,230.25390625,228.37890625,197.12890625,0.0,0.0,0.59375,73.46379852294922
none,2,897,1.0,0.0,1.0,1.0,1.0,1.0,21.78515625,80.390625,85.11328125,70.5859375,126.8046875,222.52734375,232.19921875,203.14453125,0.0,0.0,0.57421875,73.26619720458984
none,2,898,1.0,0.0,1.0,1.0,1.0,1.0,21.4296875,82.1875,83.04296875,68.578125,126.2421875,227.86328125,223.73828125,198.1953125,0.0,0.0,0.58984375,72.35733032226562
none,2,899,1.0,0.0,1.0,1.0,1.0,1.0,21.359375,81.76171875,83.890625,70.171875,122.140625,226.58984375,227.296875,199.91015625,0.0,0.0,0.6328125,73.25993347167969
none,2,900,1.0,0.0,1.0,1.0,1.0,1.0,22.2421875,80.6875,86.1875,69.87890625,125.80078125,223.34375,233.2265625,198.84375,0.0,0.0,0.640625,73.65486907958984
none,2,901,1.0,0.0,1.0,1.0,1.0,1.0,22.79296875,82.2734375,84.16015625,69.7265625,129.3359375,228.3046875,227.77734375,197.29296875,0.0,0.0,0.5078125,73.27311706542969
none,2,902,1.0,0.0,1.0,1.0,1.0,1.0,21.90234375,83.95703125,85.2421875,68.0234375,127.109375,233.12890625,231.0546875,193.34765625,0.0,0.0,0.60546875,73.58035278320312
none,2,903,1.0,0.0,1.0,1.0,1.0,1.0,21.91015625,84.05078125,84.81640625,69.234375,125.01171875,233.50390625,229.55859375,195.23828125,0.0,0.0,0.64453125,73.57261657714844
none,2,904,1.0,0.0,1.0,1.0,1.0,1.0,21.546875,81.125,85.07421875,70.75,124.87109375,225.9375,230.5390625,202.07421875,0.0,0.0,0.4921875,73.49574279785156
none,2,905,1.0,0.0,1.0,1.0,1.0,1.0,21.65234375,81.50390625,83.96484375,69.9296875,127.5703125,226.94140625,227.77734375,199.05078125,0.0,0.0,0.64453125,72.74085235595703
none,2,906,1.0,0.0,1.0,1.0,1.0,1.0,21.43359375,82.8125,84.5390625,69.6171875,123.76953125,231.3515625,229.07421875,197.4140625,0.0,0.0,0.625,73.79302215576172
none,2,907,1.0,0.0,1.0,1.0,1.0,1.0,21.73828125,81.52734375,84.98046875,71.16015625,128.375,225.91796875,229.71875,202.625,0.0,0.0,0.55859375,73.81031799316406
none,2,908,1.0,0.0,1.0,1.0,1.0,1.0,21.4921875,82.08984375,84.5625,68.98046875,123.6484375,229.3515625,229.9375,198.0078125,0.0,0.0,0.57421875,73.37861633300781
none,2,909,1.0,0.0,1.0,1.0,1.0,1.0,22.1640625,82.2578125,85.26953125,69.39453125,126.9921875,229.01171875,232.546875,197.91796875,0.0,0.0,0.55859375,73.43330383300781
none,2,910,1.0,0.0,1.0,1.0,1.0,1.0,21.7890625,83.33984375,84.421875,68.921875,126.41015625,233.0390625,228.79296875,197.30859375,0.0,0.0,0.6171875,73.662109375
none,2,911,1.0,0.0,1.0,1.0,1.0,1.0,21.83203125,81.8671875,85.19921875,71.62890625,126.71484375,226.7734375,229.6875,203.1640625,0.0,0.0,0.5859375,73.95928955078125
none,2,912,1.0,0.0,1.0,1.0,1.0,1.0,22.22265625,83.04296875,85.265625,70.390625,127.328125,230.4375,230.44921875,200.0703125,0.0,0.0,0.5859375,74.18498229980469
none,2,913,1.0,0.0,1.0,1.0,1.0,1.0,21.75,82.35546875,84.0625,71.078125,125.53515625,228.36328125,227.9140625,203.296875,0.0,0.0,0.484375,73.55632781982422
none,2,914,1.0,0.0,1.0,1.0,1.0,1.0,21.39453125,81.859375,83.5390625,70.63671875,123.69921875,226.0234375,226.72265625,201.58984375,0.0,0.0,0.6484375,73.38677978515625
none,2,915,1.0,0.0,1.0,1.0,1.0,1.0,21.05078125,81.265625,84.77734375,71.921875,122.9140625,225.39453125,228.80859375,205.25,0.0,0.0,0.5234375,73.84681701660156
none,2,916,1.0,0.0,1.0,1.0,1.0,1.0,20.7578125,80.8984375,86.5859375,70.25,121.08984375,223.03515625,234.54296875,200.78125,0.0,0.0,0.54296875,74.16393280029297
none,2,917,1.0,0.0,1.0,1.0,1.0,1.0,21.6015625,81.97265625,84.828125,70.84375,125.48046875,228.203125,230.1640625,201.79296875,0.0,0.0,0.55859375,73.70823669433594
none,2,918,1.0,0.0,1.0,1.0,1.0,1.0,21.45703125,82.87890625,84.30859375,70.6015625,125.72265625,229.78515625,228.1640625,201.73046875,0.0,0.0,0.5234375,73.96853637695312
none,2,919,1.0,0.0,1.0,1.0,1.0,1.0,21.4921875,83.2265625,86.03515625,70.5,126.0234375,231.921875,232.78125,199.6015625,0.0,0.0,0.58984375,74.80345153808594
none,2,920,1.0,0.0,1.0,1.0,1.0,1.0,21.75,83.59375,84.08203125,68.8984375,126.28125,233.50390625,226.67578125,196.91796875,0.0,0.0,0.5625,73.54203796386719
none,2,921,1.0,0.0,1.0,1.0,1.0,1.0,22.1328125,81.5,85.41015625,70.234375,127.7109375,227.09765625,231.51171875,200.06640625,0.0,0.0,0.59765625,73.29766845703125
none,2,922,1.0,0.0,1.0,1.0,1.0,1.0,22.0859375,82.97265625,84.45703125,70.83203125,124.26953125,230.36328125,227.7734375,202.01953125,0.0,0.0,0.48828125,74.27554321289062
none,2,923,1.0,0.0,1.0,1.0,1.0,1.0,21.5546875,82.6953125,84.16796875,71.0,124.75390625,229.140625,227.0703125,201.87109375,0.0,0.0,0.47265625,74.08833312988281
none,2,924,1.0,0.0,1.0,1.0,1.0,1.0,21.140625,82.55078125,85.8203125,70.4609375,123.19140625,228.8125,231.84765625,202.9140625,0.0,0.0,0.63671875,74.2265625
none,2,925,1.0,0.0,1.0,1.0,1.0,1.0,22.08984375,82.87890625,85.53515625,70.52734375,126.671875,228.5234375,230.63671875,199.9765625,0.0,0.0,0.5703125,74.48683166503906
none,2,926,1.0,0.0,1.0,1.0,1.0,1.0,21.05078125,83.5234375,84.30078125,69.53515625,122.6484375,233.484375,227.99609375,198.3984375,0.0,0.0,0.62109375,73.96297454833984
none,2,927,1.0,0.0,1.0,1.0,1.0,1.0,21.7734375,81.59375,85.35546875,71.71484375,125.2265625,224.91796875,230.0234375,203.95703125,0.0,0.0,0.58984375,74.246826171875
none,2,928,1.0,0.0,1.0,1.0,1.0,1.0,21.203125,82.3046875,85.16015625,72.43359375,125.3125,227.5234375,229.8203125,205.40625,0.0,0.0,0.6171875,74.80242919921875
none,2,929,1.0,0.0,1.0,1.0,1.0,1.0,21.1875,83.8671875,85.15234375,70.30859375,124.296875,232.70703125,228.80078125,199.94140625,0.0,0.0,0.58203125,74.45221710205078
none,2,930,1.0,0.0,1.0,1.0,1.0,1.0,20.6328125,82.703125,85.56640625,70.42578125,122.22265625,230.62109375,231.64453125,198.7421875,0.0,0.0,0.55859375,74.23542785644531
none,2,931,1.0,0.0,1.0,1.0,1.0,1.0,21.1328125,83.00390625,85.3203125,70.359375,124.890625,229.58984375,231.0,200.62890625,0.0,0.0,0.5703125,74.32902526855469
none,2,932,1.0,0.0,1.0,1.0,1.0,1.0,21.80859375,83.421875,85.46875,69.7109375,126.70703125,231.640625,231.01171875,197.7265625,0.0,0.0,0.65234375,74.22073364257812
none,2,933,1.0,0.0,1.0,1.0,1.0,1.0,21.26953125,82.421875,85.375,70.6796875,127.8671875,228.6015625,229.78125,200.28515625,0.0,0.0,0.56640625,74.18991088867188
none,2,934,1.0,0.0,1.0,1.0,1.0,1.0,22.1640625,81.5625,86.18359375,70.48046875,127.73828125,224.7578125,231.5390625,200.3359375,0.0,0.0,0.61328125,73.93380737304688
none,2,935,1.0,0.0,1.0,1.0,1.0,1.0,22.11328125,82.4765625,85.09375,70.53515625,127.16796875,228.48828125,228.26171875,201.71484375,0.0,0.0,0.62109375,74.21554565429688
none,2,936,1.0,0.0,1.0,1.0,1.0,1.0,21.73046875,82.13671875,83.24609375,71.7109375,127.0390625,226.84375,222.890625,204.63671875,0.0,0.0,0.5703125,73.46340942382812
none,2,937,1.0,0.0,1.0,1.0,1.0,1.0,21.44140625,81.875,85.52734375,72.3046875,124.6640625,224.6171875,229.34375,206.89453125,0.0,0.0,0.5625,74.85635375976562
none,2,938,1.0,0.0,1.0,1.0,1.0,1.0,22.296875,80.3359375,84.375,72.84375,130.9140625,221.4609375,226.68359375,207.87890625,0.0,0.0,0.5234375,73.83039855957031
none,2,939,1.0,0.0,1.0,1.0,1.0,1.0,21.77734375,79.2421875,86.03125,72.34375,127.48828125,218.38671875,233.5234375,208.65625,0.0,0.0,0.609375,73.89268493652344
none,2,940,1.0,0.0,1.0,1.0,1.0,1.0,21.484375,81.5546875,85.5,71.98828125,124.6875,226.08203125,230.5546875,203.60546875,0.0,0.0,0.6328125,74.66416931152344
none,2,941,1.0,0.0,1.0,1.0,1.0,1.0,21.31640625,82.4296875,85.328125,70.77734375,124.58984375,228.1953125,230.8203125,201.28515625,0.0,0.0,0.578125,74.05992126464844
none,2,942,1.0,0.0,1.0,1.0,1.0,1.0,20.984375,82.4609375,85.52734375,70.79296875,125.91015625,228.1328125,231.6796875,203.484375,0.0,0.0,0.63671875,74.95442199707031
none,2,943,1.0,0.0,1.0,1.0,1.0,1.0,21.4140625,82.96484375,87.30859375,70.51953125,127.734375,230.71484375,236.3046875,199.04296875,0.0,0.0,0.53125,75.10227966308594
none,2,944,1.0,0.0,1.0,1.0,1.0,1.0,21.5625,83.78515625,86.3203125,71.13671875,124.7578125,233.578125,233.23046875,203.4375,0.0,0.0,0.46484375,75.46199798583984
none,2,945,1.0,0.0,1.0,1.0,1.0,1.0,21.72265625,83.34765625,85.34765625,69.9140625,125.98828125,232.9609375,230.23046875,199.1328125,0.0,0.0,0.65234375,74.32475280761719
none,2,946,1.0,0.0,1.0,1.0,1.0,1.0,21.66015625,83.0078125,85.42578125,71.3984375,127.75,229.1015625,229.6171875,203.34765625,0.0,0.0,0.515625,74.6756820678711
none,2,947,1.0,0.0,1.0,1.0,1.0,1.0,21.76953125,83.671875,84.76953125,70.1640625,125.99609375,231.390625,228.51953125,201.078125,0.0,0.0,0.53515625,74.12789916992188
none,2,948,1.0,0.0,1.0,1.0,1.0,1.0,21.61328125,83.62109375,85.671875,71.484375,127.54296875,232.921875,230.4765625,202.87890625,0.0,0.0,0.5546875,74.83894348144531
none,2,949,1.0,0.0,1.0,1.0,1.0,1.0,22.0390625,82.484375,85.8125,72.40625,129.26171875,229.3359375,231.8984375,205.44140625,0.0,0.0,0.5625,75.20718383789062
none,2,950,1.0,0.0,1.0,1.0,1.0,1.0,22.109375,84.53515625,85.06640625,69.61328125,126.89453125,236.08203125,229.3828125,198.12109375,0.0,0.0,0.5625,74.4012451171875
none,2,951,1.0,0.0,1.0,1.0,1.0,1.0,21.48046875,83.90234375,85.23046875,70.79296875,124.5234375,233.45703125,229.7265625,201.01171875,0.0,0.0,0.53125,74.76161193847656
none,2,952,1.0,0.0,1.0,1.0,1.0,1.0,21.6640625,84.765625,84.453125,71.2578125,126.7421875,234.9140625,228.4140625,202.18359375,0.0,0.0,0.59765625,75.35122680664062
none,2,953,1.0,0.0,1.0,1.0,1.0,1.0,21.203125,82.23046875,86.04296875,72.09765625,124.67578125,227.78125,234.26171875,204.015625,0.0,0.0,0.53515625,74.9580078125
none,2,954,1.0,0.0,1.0,1.0,1.0,1.0,21.9765625,81.67578125,86.0859375,72.703125,127.7578125,226.60546875,231.32421875,206.484375,0.0,0.0,0.5546875,74.7033462524414
none,2,955,1.0,0.0,1.0,1.0,1.0,1.0,22.03515625,83.63671875,85.0078125,72.51953125,129.23828125,232.24609375,229.26171875,204.76171875,0.0,0.0,0.515625,75.63966369628906
none,2,956,1.0,0.0,1.0,1.0,1.0,1.0,21.72265625,83.09765625,85.76953125,71.96875,126.54296875,231.50390625,232.265625,204.13671875,0.0,0.0,0.58203125,75.13170623779297
none,2,957,1.0,0.0,1.0,1.0,1.0,1.0,21.8984375,83.01953125,86.234375,72.14453125,128.31640625,229.58203125,232.66796875,206.078125,0.0,0.0,0.53515625,75.21330261230469
none,2,958,1.0,0.0,1.0,1.0,1.0,1.0,22.05078125,83.109375,84.76171875,71.40625,128.62109375,231.24609375,229.1640625,201.76171875,0.0,0.0,0.58203125,74.69497680664062
none,2,959,1.0,0.0,1.0,1.0,1.0,1.0,21.64453125,83.2734375,84.3828125,72.01171875,127.28125,229.453125,227.41796875,204.01953125,0.0,0.0,0.5,74.44723510742188
none,2,960,1.0,0.0,1.0,1.0,1.0,1.0,21.65625,82.12890625,86.05859375,72.01953125,126.90625,227.91015625,232.35546875,203.96875,0.0,0.0,0.61328125,75.23597717285156
none,2,961,1.0,0.0,1.0,1.0,1.0,1.0,22.08984375,82.51171875,85.43359375,71.74609375,130.59375,227.4140625,230.84375,201.5859375,0.0,0.0,0.5625,74.86040496826172
none,2,962,1.0,0.0,1.0,1.0,1.0,1.0,21.58984375,83.06640625,85.31640625,71.12109375,127.140625,229.53125,231.70703125,203.94140625,0.0,0.0,0.578125,74.03131866455078
none,2,963,1.0,0.0,1.0,1.0,1.0,1.0,21.59375,81.90234375,87.02734375,72.734375,125.5703125,226.06640625,234.60546875,206.58984375,0.0,0.0,0.515625,75.78948974609375
none,2,964,1.0,0.0,1.0,1.0,1.0,1.0,22.015625,83.00390625,86.0078125,71.671875,129.8125,230.28125,232.37890625,202.99609375,0.0,0.0,0.53125,74.74925231933594
none,2,965,1.0,0.0,1.0,1.0,1.0,1.0,20.73046875,81.07421875,86.62109375,71.921875,123.5703125,224.59375,234.6953125,204.01171875,0.0,0.0,0.59375,75.08405303955078
none,2,966,1.0,0.0,1.0,1.0,1.0,1.0,21.3359375,81.60546875,86.99609375,72.37109375,126.8125,225.484375,236.29296875,205.453125,0.0,0.0,0.56640625,75.48062133789062
none,2,967,1.0,0.0,1.0,1.0,1.0,1.0,21.046875,81.6484375,86.66015625,72.66015625,123.3359375,226.015625,233.4609375,204.71484375,0.0,0.0,0.54296875,75.25395202636719
none,2,968,1.0,0.0,1.0,1.0,1.0,1.0,20.99609375,82.2890625,85.74609375,72.2421875,126.8984375,228.62890625,232.06640625,205.54296875,0.0,0.0,0.53515625,75.482666015625
none,2,969,1.0,0.0,1.0,1.0,1.0,1.0,21.87109375,82.875,85.8359375,72.95703125,128.625,229.12890625,230.76953125,206.21484375,0.0,0.0,0.51953125,75.08533477783203
none,2,970,1.0,0.0,1.0,1.0,1.0,1.0,21.75,83.6953125,86.28515625,72.24609375,129.60546875,231.69140625,230.7109375,202.609375,0.0,0.0,0.44921875,75.5636215209961
none,2,971,1.0,0.0,1.0,1.0,1.0,1.0,21.69140625,83.84765625,86.8984375,71.18359375,127.93359375,231.04296875,231.96484375,200.81640625,0.0,0.0,0.5546875,75.4463119506836
none,2,972,1.0,0.0,1.0,1.0,1.0,1.0,21.8046875,84.05859375,86.625,71.91015625,128.9453125,231.32421875,233.07421875,202.49609375,0.0,0.0,0.5390625,75.92495727539062
none,2,973,1.0,0.0,1.0,1.0,1.0,1.0,22.19140625,84.453125,86.9921875,71.2265625,129.00390625,233.453125,234.13671875,199.43359375,0.0,0.0,0.5625,75.76100158691406
none,2,974,1.0,0.0,1.0,1.0,1.0,1.0,21.62109375,84.85546875,86.140625,71.13671875,125.7578125,234.07421875,230.73046875,200.25,0.0,0.0,0.57421875,75.93527221679688
none,2,975,1.0,0.0,1.0,1.0,1.0,1.0,21.8046875,83.7890625,86.83984375,72.16015625,127.73046875,231.34375,231.65625,203.87890625,0.0,0.0,0.51953125,75.91755676269531
none,2,976,1.0,0.0,1.0,1.0,1.0,1.0,22.16015625,85.640625,86.35546875,69.94140625,130.44140625,237.03125,231.0625,194.4375,0.0,0.0,0.54296875,75.53756713867188
none,2,977,1.0,0.0,1.0,1.0,1.0,1.0,21.8671875,85.140625,87.203125,71.01171875,125.92578125,235.0390625,233.0,198.3515625,0.0,0.0,0.51171875,76.22130584716797
none,2,978,1.0,0.0,1.0,1.0,1.0,1.0,21.51953125,84.625,87.15234375,70.640625,128.4140625,233.8671875,233.6875,197.54296875,0.0,0.0,0.48828125,75.61859130859375
none,2,979,1.0,0.0,1.0,1.0,1.0,1.0,20.6640625,83.48046875,86.453125,72.3125,126.0390625,230.046875,231.9375,203.6640625,0.0,0.0,0.54296875,75.88987731933594
none,2,980,1.0,0.0,1.0,1.0,1.0,1.0,22.06640625,85.6875,86.66015625,71.296875,129.0859375,235.81640625,233.03125,201.84765625,0.0,0.0,0.4609375,76.34435272216797
none,2,981,1.0,0.0,1.0,1.0,1.0,1.0,20.8125,84.109375,86.3046875,72.515625,123.421875,232.1640625,231.35546875,205.33984375,0.0,0.0,0.453125,76.17447662353516
none,2,982,1.0,0.0,1.0,1.0,1.0,1.0,21.79296875,84.1875,87.26171875,71.66796875,126.07421875,232.9296875,233.71875,202.37109375,0.0,0.0,0.53515625,76.22640991210938
none,2,983,1.0,0.0,1.0,1.0,1.0,1.0,21.50390625,83.421875,87.2421875,71.69921875,129.52734375,228.2109375,235.19921875,202.31640625,0.0,0.0,0.5703125,75.70379638671875
none,2,984,1.0,0.0,1.0,1.0,1.0,1.0,21.109375,84.4296875,86.3125,71.2265625,125.07421875,232.70703125,231.15234375,200.08203125,0.0,0.0,0.62890625,75.86812591552734
none,2,985,1.0,0.0,1.0,1.0,1.0,1.0,21.21875,83.8359375,87.02734375,70.4453125,124.890625,229.41796875,233.66015625,198.21875,0.0,0.0,0.5546875,75.00910949707031
none,2,986,1.0,0.0,1.0,1.0,1.0,1.0,21.41015625,83.58984375,86.44921875,72.6328125,125.53125,230.27734375,231.61328125,204.5390625,0.0,0.0,0.5703125,75.82878875732422
none,2,987,1.0,0.0,1.0,1.0,1.0,1.0,21.20703125,83.62109375,85.72265625,72.89453125,124.046875,229.484375,230.6484375,207.6328125,0.0,0.0,0.55859375,76.08613586425781
none,2,988,1.0,0.0,1.0,1.0,1.0,1.0,21.1171875,85.9765625,86.421875,70.71875,121.9765625,235.9140625,232.609375,200.37109375,0.0,0.0,0.5625,76.41242218017578
none,2,989,1.0,0.0,1.0,1.0,1.0,1.0,21.8671875,83.90234375,84.859375,72.2421875,126.7890625,230.81640625,227.92578125,205.62890625,0.0,0.0,0.5703125,75.00762939453125
none,2,990,1.0,0.0,1.0,1.0,1.0,1.0,21.09375,85.21875,87.03125,72.3828125,122.796875,233.0078125,233.03125,204.34765625,0.0,0.0,0.5390625,77.07830810546875
none,2,991,1.0,0.0,1.0,1.0,1.0,1.0,21.4375,85.3359375,87.18359375,71.4453125,124.93359375,236.34375,232.42578125,202.5859375,0.0,0.0,0.48828125,76.48833465576172
none,2,992,1.0,0.0,1.0,1.0,1.0,1.0,21.52734375,83.7890625,87.0703125,72.6796875,126.390625,230.9375,233.55078125,204.99609375,0.0,0.0,0.53125,76.10651397705078
none,2,993,1.0,0.0,1.0,1.0,1.0,1.0,21.59765625,85.296875,87.00390625,71.9609375,124.6953125,235.80078125,233.70703125,202.23046875,0.0,0.0,0.484375,76.03978729248047
none,2,994,1.0,0.0,1.0,1.0,1.0,1.0,20.9765625,85.0078125,87.12109375,70.953125,122.546875,234.92578125,234.578125,200.09375,0.0,0.0,0.5078125,76.43603515625
none,2,995,1.0,0.0,1.0,1.0,1.0,1.0,21.08203125,85.67578125,88.49609375,69.15234375,125.16796875,235.734375,238.8046875,194.3671875,0.0,0.0,0.52734375,76.30195617675781
none,2,996,1.0,0.0,1.0,1.0,1.0,1.0,20.91015625,84.69140625,88.21484375,69.9609375,122.4296875,233.2890625,236.734375,199.18359375,0.0,0.0,0.56640625,75.73539733886719
none,2,997,1.0,0.0,1.0,1.0,1.0,1.0,20.65625,85.390625,87.4609375,72.25,123.55859375,236.49609375,235.1015625,206.5625,0.0,0.0,0.5234375,76.73851013183594
none,2,998,1.0,0.0,1.0,1.0,1.0,1.0,20.47265625,83.90625,88.7109375,71.63671875,121.53125,230.2734375,238.23828125,204.890625,0.0,0.0,0.55859375,76.47770690917969
none,2,999,1.0,0.0,1.0,1.0,1.0,1.0,20.05078125,85.9921875,86.46484375,69.77734375,120.05078125,240.0546875,231.4609375,197.88671875,0.0,0.0,0.57421875,75.84869384765625
none,2,1000,1.0,0.0,1.0,1.0,1.0,1.0,20.3046875,85.39453125,87.2734375,70.9765625,121.83203125,235.4375,233.59375,203.33984375,0.0,0.0,0.4453125,76.86863708496094
none,2,1001,1.0,0.0,1.0,1.0,1.0,1.0,20.3515625,85.75,86.12109375,71.3671875,121.984375,237.44921875,231.1328125,203.5234375,0.0,0.0,0.5078125,76.36679077148438
none,2,1002,1.0,0.0,1.0,1.0,1.0,1.0,21.14453125,85.3125,86.64453125,71.7109375,124.04296875,235.86328125,232.3671875,203.09375,0.0,0.0,0.50390625,76.21348571777344
none,2,1003,1.0,0.0,1.0,1.0,1.0,1.0,20.59375,84.4765625,86.93359375,72.296875,122.5703125,233.625,233.1796875,205.66796875,0.0,0.0,0.578125,76.37930297851562
none,2,1004,1.0,0.0,1.0,1.0,1.0,1.0,21.23828125,85.17578125,87.4609375,72.578125,124.7890625,233.9375,233.7734375,204.5,0.0,0.0,0.58203125,76.87652587890625
none,2,1005,1.0,0.0,1.0,1.0,1.0,1.0,20.69140625,84.69140625,87.58984375,70.44921875,124.58203125,236.03515625,234.01171875,197.74609375,0.0,0.0,0.48828125,75.990478515625
none,2,1006,1.0,0.0,1.0,1.0,1.0,1.0,20.3671875,84.8125,87.3359375,69.7734375,120.9140625,233.34375,232.86328125,197.09375,0.0,0.0,0.421875,75.98213958740234
none,2,1007,1.0,0.0,1.0,1.0,1.0,1.0,20.6171875,86.33984375,87.875,70.91015625,121.26171875,237.60546875,233.98046875,199.8125,0.0,0.0,0.56640625,76.93678283691406
none,2,1008,1.0,0.0,1.0,1.0,1.0,1.0,20.58984375,85.57421875,86.8125,71.0625,123.1015625,234.65625,232.9453125,199.63671875,0.0,0.0,0.48828125,76.69113159179688
none,2,1009,1.0,0.0,1.0,1.0,1.0,1.0,20.51953125,86.38671875,87.109375,71.61328125,121.17578125,236.8984375,231.92578125,202.17578125,0.0,0.0,0.53125,76.6761245727539
none,2,1010,1.0,0.0,1.0,1.0,1.0,1.0,21.29296875,85.984375,86.69921875,71.89453125,124.67578125,236.15234375,230.90234375,202.640625,0.0,0.0,0.51171875,76.49850463867188
none,2,1011,1.0,0.0,1.0,1.0,1.0,1.0,21.0546875,85.91796875,86.98046875,72.12890625,125.69140625,237.81640625,232.6640625,202.13671875,0.0,0.0,0.44921875,77.0106430053711
none,2,1012,1.0,0.0,1.0,1.0,1.0,1.0,21.02734375,87.40625,87.6640625,70.7265625,122.5390625,241.5078125,234.74609375,199.0390625,0.0,0.0,0.5390625,77.68595886230469
none,2,1013,1.0,0.0,1.0,1.0,1.0,1.0,20.80078125,85.22265625,87.44140625,71.671875,125.43359375,237.0078125,234.5546875,202.1328125,0.0,0.0,0.578125,76.59288024902344
none,2,1014,1.0,0.0,1.0,1.0,1.0,1.0,21.27734375,85.69140625,88.2578125,71.07421875,125.14453125,237.0078125,237.91796875,199.63671875,0.0,0.0,0.5390625,76.8594741821289
none,2,1015,1.0,0.0,1.0,1.0,1.0,1.0,21.3828125,86.25,87.24609375,71.4296875,127.1328125,238.27734375,233.125,202.28125,0.0,0.0,0.4921875,77.29454803466797
none,2,1016,1.0,0.0,1.0,1.0,1.0,1.0,21.5,85.8203125,88.25390625,72.2421875,128.234375,236.6796875,236.32421875,204.046875,0.0,0.0,0.453125,77.57609558105469
none,2,1017,1.0,0.0,1.0,1.0,1.0,1.0,20.79296875,87.42578125,87.453125,72.75390625,124.62890625,242.546875,234.4609375,204.48828125,0.0,0.0,0.55859375,77.93499755859375
none,2,1018,1.0,0.0,1.0,1.0,1.0,1.0,20.91015625,85.4765625,87.359375,74.01171875,123.87890625,235.85546875,232.65234375,207.7265625,0.0,0.0,0.53125,77.06877136230469
none,2,1019,1.0,0.0,1.0,1.0,1.0,1.0,21.71875,84.88671875,86.8046875,73.43359375,128.15625,233.5,230.96875,207.08203125,0.0,0.0,0.5390625,76.79253387451172
none,2,1020,1.0,0.0,1.0,1.0,1.0,1.0,21.07421875,84.34765625,86.89453125,72.515625,124.6328125,231.0625,231.4609375,203.95703125,0.0,0.0,0.52734375,76.6648941040039
none,2,1021,1.0,0.0,1.0,1.0,1.0,1.0,20.73046875,84.609375,87.46484375,73.3046875,122.80859375,231.8515625,233.6875,206.921875,0.0,0.0,0.49609375,77.12834930419922
none,2,1022,1.0,0.0,1.0,1.0,1.0,1.0,21.1015625,84.28125,88.40234375,73.30078125,122.83984375,231.44140625,237.43359375,205.58984375,0.0,0.0,0.609375,77.64854431152344
none,2,1023,1.0,0.0,1.0,1.0,1.0,1.0,20.51171875,85.24609375,89.5390625,72.65234375,124.80859375,233.109375,238.0390625,203.5390625,0.0,0.0,0.46875,78.08169555664062
none,2,1024,1.0,0.0,1.0,1.0,1.0,1.0,20.671875,86.98828125,87.92578125,70.46484375,122.0859375,238.74609375,235.01953125,197.91015625,0.0,0.0,0.5078125,77.28255462646484
none,2,1025,1.0,0.0,1.0,1.0,1.0,1.0,20.11328125,86.21875,88.03125,70.39453125,121.0546875,237.55859375,235.5546875,196.96484375,0.0,0.0,0.44921875,77.17622375488281
none,2,1026,1.0,0.0,1.0,1.0,1.0,1.0,20.42578125,87.390625,88.2890625,71.21875,123.3515625,240.90625,236.09375,198.23828125,0.0,0.0,0.46875,77.80059051513672
none,2,1027,1.0,0.0,1.0,1.0,1.0,1.0,20.77734375,87.33203125,88.046875,70.46875,125.5234375,241.8671875,235.25390625,198.3203125,0.0,0.0,0.53515625,77.91903686523438
none,2,1028,1.0,0.0,1.0,1.0,1.0,1.0,21.2265625,86.46484375,87.30859375,71.62890625,124.47265625,239.46484375,234.4375,199.71484375,0.0,0.0,0.5078125,77.16149139404297
none,2,1029,1.0,0.0,1.0,1.0,1.0,1.0,20.875,86.26953125,86.61328125,73.1015625,122.59765625,238.40625,232.95703125,205.88671875,0.0,0.0,0.55859375,77.2444076538086
none,2,1030,1.0,0.0,1.0,1.0,1.0,1.0,20.51953125,86.80078125,87.9375,73.109375,123.4140625,238.46484375,235.69140625,207.0546875,0.0,0.0,0.50390625,78.32679748535156
none,2,1031,1.0,0.0,1.0,1.0,1.0,1.0,20.89453125,86.69921875,86.23046875,72.68359375,125.4765625,240.32421875,230.609375,204.84765625,0.0,0.0,0.44140625,77.6017074584961
none,2,1032,1.0,0.0,1.0,1.0,1.0,1.0,20.90234375,87.7890625,85.98828125,73.05078125,123.74609375,242.546875,230.078125,205.515625,0.0,0.0,0.5625,77.6463623046875
none,2,1033,1.0,0.0,1.0,1.0,1.0,1.0,20.46875,85.95703125,88.06640625,72.84765625,123.52734375,236.48828125,236.23828125,205.25,0.0,0.0,0.52734375,77.70137023925781
none,2,1034,1.0,0.0,1.0,1.0,1.0,1.0,21.84375,85.6015625,87.82421875,72.9453125,127.6796875,236.67578125,234.265625,202.8515625,0.0,0.0,0.55859375,77.5034408569336
none,2,1035,1.0,0.0,1.0,1.0,1.0,1.0,20.33984375,85.55859375,87.19921875,72.2890625,122.16015625,235.4453125,232.19921875,202.9453125,0.0,0.0,0.48828125,77.01988983154297
none,2,1036,1.0,0.0,1.0,1.0,1.0,1.0,20.58984375,85.796875,88.57421875,72.25,124.34375,236.12890625,237.37109375,203.32421875,0.0,0.0,0.3984375,77.83906555175781
none,2,1037,1.0,0.0,1.0,1.0,1.0,1.0,20.55078125,86.7578125,88.6640625,72.03125,124.59765625,240.1328125,236.203125,200.140625,0.0,0.0,0.49609375,78.07810974121094
none,2,1038,1.0,0.0,1.0,1.0,1.0,1.0,20.69140625,85.6328125,88.0390625,72.9140625,125.12890625,236.3828125,235.0,204.9453125,0.0,0.0,0.47265625,77.6119384765625
none,2,1039,1.0,0.0,1.0,1.0,1.0,1.0,20.7109375,85.54296875,87.5859375,72.31640625,123.09375,237.11328125,233.984375,202.953125,0.0,0.0,0.4453125,77.39149475097656
none,2,1040,1.0,0.0,1.0,1.0,1.0,1.0,20.50390625,85.01953125,88.07421875,73.546875,123.7109375,237.09765625,236.14453125,206.41015625,0.0,0.0,0.5390625,77.79625701904297
none,2,1041,1.0,0.0,1.0,1.0,1.0,1.0,21.02734375,85.20703125,87.47265625,73.3671875,126.7578125,233.90234375,234.62890625,206.9296875,0.0,0.0,0.53515625,77.23919677734375
none,2,1042,1.0,0.0,1.0,1.0,1.0,1.0,21.13671875,84.23828125,89.421875,73.8515625,126.75,231.83984375,238.91796875,207.2578125,0.0,0.0,0.57421875,77.99644470214844
none,2,1043,1.0,0.0,1.0,1.0,1.0,1.0,20.9140625,85.87109375,88.43359375,75.3828125,125.1640625,237.97265625,236.984375,212.02734375,0.0,0.0,0.484375,78.78697204589844
none,2,1044,1.0,0.0,1.0,1.0,1.0,1.0,20.6796875,84.78515625,88.4375,72.71484375,125.53125,233.68359375,236.4296875,204.0078125,0.0,0.0,0.5390625,77.6161880493164
none,2,1045,1.0,0.0,1.0,1.0,1.0,1.0,21.203125,85.046875,88.1953125,73.1796875,125.02734375,235.2265625,236.58984375,204.3515625,0.0,0.0,0.5859375,77.54884338378906
none,2,1046,1.0,0.0,1.0,1.0,1.0,1.0,21.34375,83.45703125,89.81640625,74.99609375,129.09765625,229.62890625,238.921875,208.33203125,0.0,0.0,0.44140625,78.69888305664062
none,2,1047,1.0,0.0,1.0,1.0,1.0,1.0,21.765625,85.80078125,88.2265625,72.234375,128.28125,235.8046875,235.671875,201.04296875,0.0,0.0,0.4921875,77.38867950439453
none,2,1048,1.0,0.0,1.0,1.0,1.0,1.0,21.296875,87.10546875,88.11328125,71.89453125,126.1484375,238.89453125,233.484375,198.43359375,0.0,0.0,0.54296875,77.5819091796875
none,2,1049,1.0,0.0,1.0,1.0,1.0,1.0,21.203125,84.51953125,88.47265625,73.32421875,126.046875,230.71875,235.625,204.0234375,0.0,0.0,0.48828125,77.1086654663086
none,2,1050,1.0,0.0,1.0,1.0,1.0,1.0,20.98046875,87.3515625,88.94921875,72.77734375,123.01953125,238.0,236.93359375,200.8046875,0.0,0.0,0.47265625,78.31658935546875
none,2,1051,1.0,0.0,1.0,1.0,1.0,1.0,20.3984375,85.73828125,89.0390625,72.4375,123.0546875,235.63671875,237.87890625,201.890625,0.0,0.0,0.45703125,78.11672973632812
none,2,1052,1.0,0.0,1.0,1.0,1.0,1.0,20.953125,86.515625,89.3203125,72.95703125,125.00390625,237.6953125,237.7421875,204.0859375,0.0,0.0,0.48828125,78.89796447753906
none,2,1053,1.0,0.0,1.0,1.0,1.0,1.0,21.05859375,84.77734375,90.375,72.4375,125.25390625,233.05859375,240.9375,203.859375,0.0,0.0,0.42578125,77.94518280029297
none,2,1054,1.0,0.0,1.0,1.0,1.0,1.0,20.54296875,86.15234375,88.07421875,73.98046875,123.3515625,237.9140625,234.5703125,208.68359375,0.0,0.0,0.52734375,78.40667724609375
none,2,1055,1.0,0.0,1.0,1.0,1.0,1.0,20.62109375,85.88671875,89.3203125,73.6953125,121.9375,236.52734375,238.01953125,206.96875,0.0,0.0,0.42578125,78.59677124023438
none,2,1056,1.0,0.0,1.0,1.0,1.0,1.0,20.9453125,85.73828125,88.671875,74.1796875,125.88671875,235.8515625,236.43359375,208.828125,0.0,0.0,0.46875,78.66243743896484
none,2,1057,1.0,0.0,1.0,1.0,1.0,1.0,20.4453125,86.27734375,88.296875,73.66796875,124.48828125,238.703125,235.5625,205.94140625,0.0,0.0,0.5390625,78.37532043457031
none,2,1058,1.0,0.0,1.0,1.0,1.0,1.0,20.79296875,87.3125,87.78125,72.3046875,123.1796875,240.47265625,235.140625,203.31640625,0.0,0.0,0.50390625,78.02638244628906
none,2,1059,1.0,0.0,1.0,1.0,1.0,1.0,20.359375,86.62890625,89.25390625,72.62890625,121.66015625,236.796875,236.8203125,202.953125,0.0,0.0,0.4921875,78.38870239257812
none,2,1060,1.0,0.0,1.0,1.0,1.0,1.0,20.05859375,88.19921875,88.03125,72.46875,120.32421875,242.09765625,234.20703125,201.421875,0.0,0.0,0.48828125,78.49915313720703
none,2,1061,1.0,0.0,1.0,1.0,1.0,1.0,20.88671875,88.0,89.26171875,72.703125,124.9296875,241.03125,236.89453125,201.6640625,0.0,0.0,0.47265625,78.46783447265625
none,2,1062,1.0,0.0,1.0,1.0,1.0,1.0,20.35546875,87.8359375,88.46875,71.7734375,121.94921875,239.74609375,234.4140625,200.69140625,0.0,0.0,0.48046875,78.4682846069336
none,2,1063,1.0,0.0,1.0,1.0,1.0,1.0,21.125,86.1953125,89.375,72.48828125,125.98046875,236.37109375,237.76953125,202.390625,0.0,0.0,0.44140625,78.40292358398438
none,2,1064,1.0,0.0,1.0,1.0,1.0,1.0,20.734375,87.8984375,88.0,73.51171875,125.703125,240.49609375,233.32421875,204.9921875,0.0,0.0,0.52734375,78.74248504638672
none,2,1065,1.0,0.0,1.0,1.0,1.0,1.0,21.00390625,84.5,88.55078125,75.2109375,126.859375,231.34375,235.953125,209.89453125,0.0,0.0,0.546875,78.34748840332031
none,2,1066,1.0,0.0,1.0,1.0,1.0,1.0,20.81640625,85.67578125,87.8203125,75.9765625,125.203125,234.7734375,232.25390625,211.62890625,0.0,0.0,0.47265625,78.87865447998047
none,2,1067,1.0,0.0,1.0,1.0,1.0,1.0,21.33984375,85.671875,87.9375,74.83984375,127.171875,233.4609375,232.86328125,208.92578125,0.0,0.0,0.51953125,78.16665649414062
none,2,1068,1.0,0.0,1.0,1.0,1.0,1.0,20.9375,86.3046875,87.5703125,74.58203125,125.53515625,235.60546875,232.53125,207.20703125,0.0,0.0,0.5078125,78.67582702636719
none,2,1069,1.0,0.0,1.0,1.0,1.0,1.0,20.57421875,86.33203125,89.01953125,73.69140625,125.1328125,237.109375,237.203125,205.74609375,0.0,0.0,0.50390625,78.7398681640625
none,2,1070,1.0,0.0,1.0,1.0,1.0,1.0,20.9453125,87.02734375,89.16796875,72.85546875,126.73046875,239.9140625,238.72265625,203.3828125,0.0,0.0,0.46484375,78.74151611328125
none,2,1071,1.0,0.0,1.0,1.0,1.0,1.0,20.76953125,87.43359375,88.65234375,74.2734375,125.9609375,240.4609375,237.54296875,208.27734375,0.0,0.0,0.52734375,79.66302490234375
none,2,1072,1.0,0.0,1.0,1.0,1.0,1.0,20.9140625,86.72265625,89.19140625,74.49609375,124.65625,239.52734375,237.19140625,208.55078125,0.0,0.0,0.4921875,79.5830078125
none,2,1073,1.0,0.0,1.0,1.0,1.0,1.0,20.1875,87.19921875,87.59375,73.59375,121.64453125,239.9765625,234.984375,204.90234375,0.0,0.0,0.47265625,78.46226501464844
none,2,1074,1.0,0.0,1.0,1.0,1.0,1.0,20.90625,88.15625,88.28125,72.3984375,126.37890625,244.12109375,236.86328125,202.5703125,0.0,0.0,0.47265625,78.38712310791016
none,2,1075,1.0,0.0,1.0,1.0,1.0,1.0,19.921875,87.34375,88.94921875,73.4453125,119.71875,240.953125,238.828125,204.734375,0.0,0.0,0.49609375,78.90201568603516
none,2,1076,1.0,0.0,1.0,1.0,1.0,1.0,20.765625,87.94921875,88.49609375,74.77734375,125.48828125,242.203125,236.39453125,207.85546875,0.0,0.0,0.53515625,79.69969177246094
none,2,1077,1.0,0.0,1.0,1.0,1.0,1.0,20.65234375,86.33203125,88.34765625,74.46875,123.3515625,235.79296875,236.796875,207.89453125,0.0,0.0,0.5078125,78.68050384521484
none,2,1078,1.0,0.0,1.0,1.0,1.0,1.0,20.9609375,86.83984375,89.08203125,74.24609375,127.21484375,239.00390625,238.04296875,207.19140625,0.0,0.0,0.5625,79.01986694335938
none,2,1079,1.0,0.0,1.0,1.0,1.0,1.0,20.2421875,86.43359375,89.8203125,76.16015625,123.359375,235.828125,239.1953125,213.76953125,0.0,0.0,0.4140625,80.12310791015625
none,2,1080,1.0,0.0,1.0,1.0,1.0,1.0,20.875,86.33984375,89.00390625,75.12109375,125.96484375,238.1640625,238.828125,211.2421875,0.0,0.0,0.50390625,79.17335510253906
none,2,1081,1.0,0.0,1.0,1.0,1.0,1.0,19.94921875,86.56640625,90.62109375,74.15234375,120.4296875,236.81640625,242.7890625,206.53515625,0.0,0.0,0.53515625,79.57992553710938
none,2,1082,1.0,0.0,1.0,1.0,1.0,1.0,20.265625,87.109375,89.8984375,73.3359375,122.51171875,239.671875,240.90625,204.63671875,0.0,0.0,0.4765625,79.33338165283203
none,2,1083,1.0,0.0,1.0,1.0,1.0,1.0,20.2890625,88.57421875,89.41015625,72.44140625,121.08203125,244.77734375,239.35546875,201.18359375,0.0,0.0,0.4765625,79.34732055664062
none,2,1084,1.0,0.0,1.0,1.0,1.0,1.0,20.1171875,87.6640625,89.91015625,73.5625,121.58203125,241.17578125,239.1640625,205.24609375,0.0,0.0,0.46875,79.3563232421875
none,2,1085,1.0,0.0,1.0,1.0,1.0,1.0,19.52734375,88.5,89.26171875,71.4375,117.44140625,243.921875,239.2265625,198.06640625,0.0,0.0,0.4765625,79.18199157714844
none,2,1086,1.0,0.0,1.0,1.0,1.0,1.0,20.55078125,87.734375,89.8671875,73.50390625,125.359375,241.78125,239.14453125,202.87890625,0.0,0.0,0.55078125,79.6749496459961
none,2,1087,1.0,0.0,1.0,1.0,1.0,1.0,20.72265625,87.98046875,89.37890625,74.09765625,121.08203125,240.71484375,238.14453125,205.734375,0.0,0.0,0.52734375,79.67233276367188
none,2,1088,1.0,0.0,1.0,1.0,1.0,1.0,19.83203125,90.08984375,87.8671875,73.53515625,120.64453125,246.56640625,233.9140625,203.28515625,0.0,0.0,0.54296875,79.86905670166016
none,2,1089,1.0,0.0,1.0,1.0,1.0,1.0,20.140625,88.5703125,88.3359375,74.40625,122.609375,241.60546875,233.640625,208.57421875,0.0,0.0,0.4375,79.57003784179688
none,2,1090,1.0,0.0,1.0,1.0,1.0,1.0,20.0859375,87.140625,89.40234375,74.37109375,122.2578125,239.08203125,238.08984375,206.0546875,0.0,0.0,0.49609375,79.44572448730469
none,2,1091,1.0,0.0,1.0,1.0,1.0,1.0,19.81640625,89.08984375,88.25390625,73.953125,117.67578125,244.953125,234.703125,205.76953125,0.0,0.0,0.51171875,80.01292419433594
none,2,1092,1.0,0.0,1.0,1.0,1.0,1.0,19.77734375,87.62890625,89.58984375,74.234375,118.21875,240.13671875,237.69140625,207.37109375,0.0,0.0,0.5,79.7007064819336
none,2,1093,1.0,0.0,1.0,1.0,1.0,1.0,19.94921875,87.0078125,89.375,75.00390625,122.1328125,238.1171875,239.2890625,207.99609375,0.0,0.0,0.53125,80.06358337402344
none,2,1094,1.0,0.0,1.0,1.0,1.0,1.0,20.6328125,86.1328125,90.98828125,74.12109375,122.59375,235.69140625,242.9296875,205.03125,0.0,0.0,0.52734375,79.4808349609375
none,2,1095,1.0,0.0,1.0,1.0,1.0,1.0,20.47265625,89.41796875,89.140625,71.08203125,122.25390625,244.90625,237.49609375,196.42578125,0.0,0.0,0.48828125,79.74520111083984
none,2,1096,1.0,0.0,1.0,1.0,1.0,1.0,20.01953125,88.80078125,91.0390625,72.1640625,120.39453125,243.171875,241.48828125,199.1328125,0.0,0.0,0.4765625,79.51261901855469
none,2,1097,1.0,0.0,1.0,1.0,1.0,1.0,19.8828125,89.25,89.140625,72.76953125,119.4765625,244.375,238.4296875,201.97265625,0.0,0.0,0.4921875,79.79998779296875
none,2,1098,1.0,0.0,1.0,1.0,1.0,1.0,19.92578125,89.046875,89.7265625,72.43359375,119.6015625,245.0390625,240.7109375,200.41796875,0.0,0.0,0.39453125,79.87074279785156
none,2,1099,1.0,0.0,1.0,1.0,1.0,1.0,19.4609375,88.015625,90.78125,72.74609375,118.73046875,241.703125,241.46875,202.23828125,0.0,0.0,0.43359375,80.0074462890625
none,2,1100,1.0,0.0,1.0,1.0,1.0,1.0,19.50390625,89.1171875,89.86328125,73.5234375,119.20703125,244.43359375,237.875,203.953125,0.0,0.0,0.5390625,80.037841796875
none,2,1101,1.0,0.0,1.0,1.0,1.0,1.0,20.14453125,87.703125,89.515625,73.4453125,122.5859375,241.01171875,236.70703125,203.58984375,0.0,0.0,0.55078125,79.34909057617188
none,2,1102,1.0,0.0,1.0,1.0,1.0,1.0,19.296875,90.390625,89.390625,72.921875,118.39453125,248.87109375,238.140625,202.3046875,0.0,0.0,0.390625,79.92112731933594
none,2,1103,1.0,0.0,1.0,1.0,1.0,1.0,19.95703125,88.9765625,89.79296875,74.04296875,119.515625,245.296875,240.1640625,206.19921875,0.0,0.0,0.44921875,80.32891082763672
none,2,1104,1.0,0.0,1.0,1.0,1.0,1.0,18.88671875,89.3828125,90.203125,72.421875,116.51171875,247.0703125,242.5078125,201.859375,0.0,0.0,0.5390625,80.4859848022461
none,2,1105,1.0,0.0,1.0,1.0,1.0,1.0,20.30859375,88.44921875,90.234375,73.359375,124.8125,241.68359375,239.79296875,204.14453125,0.0,0.0,0.53125,80.35322570800781
none,2,1106,1.0,0.0,1.0,1.0,1.0,1.0,20.0625,88.74609375,89.7421875,73.69140625,120.453125,243.640625,238.73828125,204.69921875,0.0,0.0,0.48046875,79.73536682128906
none,2,1107,1.0,0.0,1.0,1.0,1.0,1.0,19.7890625,88.515625,89.4296875,72.49609375,120.4609375,241.76171875,238.84375,202.28125,0.0,0.0,0.4453125,79.98870849609375
none,2,1108,1.0,0.0,1.0,1.0,1.0,1.0,19.71484375,88.921875,88.50390625,74.1171875,121.625,242.84765625,235.0,203.8828125,0.0,0.0,0.50390625,79.72805786132812
none,2,1109,1.0,0.0,1.0,1.0,1.0,1.0,20.3671875,90.5859375,89.35546875,71.74609375,122.015625,247.7265625,237.453125,198.51171875,0.0,0.0,0.45703125,80.03971862792969
none,2,1110,1.0,0.0,1.0,1.0,1.0,1.0,19.875,88.65234375,90.97265625,73.96875,120.0703125,240.0234375,240.37109375,206.1171875,0.0,0.0,0.4375,80.79928588867188
none,2,1111,1.0,0.0,1.0,1.0,1.0,1.0,20.26171875,89.0234375,90.28125,72.7421875,119.0546875,243.0,239.51953125,201.83984375,0.0,0.0,0.43359375,80.25715637207031
none,2,1112,1.0,0.0,1.0,1.0,1.0,1.0,20.1328125,87.10546875,91.01953125,72.953125,120.28515625,237.2109375,241.9453125,203.6015625,0.0,0.0,0.484375,79.94097137451172
none,2,1113,1.0,0.0,1.0,1.0,1.0,1.0,20.3984375,87.3515625,91.44921875,74.71484375,126.90234375,236.30078125,242.20703125,206.40234375,0.0,0.0,0.52734375,80.65922546386719
none,2,1114,1.0,0.0,1.0,1.0,1.0,1.0,19.8671875,90.0078125,90.921875,73.10546875,120.859375,244.078125,240.0234375,199.65234375,0.0,0.0,0.48828125,80.96343231201172
none,2,1115,1.0,0.0,1.0,1.0,1.0,1.0,20.20703125,89.11328125,90.296875,73.73828125,122.20703125,242.01953125,239.33203125,202.3671875,0.0,0.0,0.40625,80.56089782714844
none,2,1116,1.0,0.0,1.0,1.0,1.0,1.0,19.40234375,88.5546875,91.1875,72.8515625,116.74609375,240.6953125,241.27734375,201.14453125,0.0,0.0,0.40625,80.53622436523438
none,2,1117,1.0,0.0,1.0,1.0,1.0,1.0,20.40625,89.625,89.3203125,75.1484375,122.0703125,242.58203125,237.640625,208.484375,0.0,0.0,0.484375,81.16582489013672
none,2,1118,1.0,0.0,1.0,1.0,1.0,1.0,20.13671875,89.23046875,90.515625,73.95703125,121.359375,240.96875,239.453125,203.4375,0.0,0.0,0.3828125,80.89994812011719
none,2,1119,1.0,0.0,1.0,1.0,1.0,1.0,20.078125,89.98828125,91.04296875,73.08984375,120.08984375,243.453125,240.17578125,201.75,0.0,0.0,0.51953125,80.99637603759766
none,2,1120,1.0,0.0,1.0,1.0,1.0,1.0,20.0,90.0078125,89.69921875,73.51171875,120.546875,244.62890625,237.8046875,202.07421875,0.0,0.0,0.4453125,80.20602416992188
none,2,1121,1.0,0.0,1.0,1.0,1.0,1.0,19.109375,88.29296875,90.9140625,74.1484375,118.31640625,240.43359375,242.1953125,202.98828125,0.0,0.0,0.5390625,80.5909194946289
none,2,1122,1.0,0.0,1.0,1.0,1.0,1.0,20.16015625,89.01953125,89.96875,74.7109375,120.77734375,242.4140625,238.05859375,205.60546875,0.0,0.0,0.51171875,81.18479919433594
none,2,1123,1.0,0.0,1.0,1.0,1.0,1.0,19.8359375,88.3515625,89.96484375,74.80859375,121.4140625,241.52734375,238.7734375,206.921875,0.0,0.0,0.46875,80.48286437988281
none,2,1124,1.0,0.0,1.0,1.0,1.0,1.0,19.83203125,88.2890625,89.8984375,75.3828125,120.9296875,241.03515625,239.171875,209.94140625,0.0,0.0,0.453125,80.25279998779297
none,2,1125,1.0,0.0,1.0,1.0,1.0,1.0,19.83203125,89.0,90.09765625,76.02734375,121.56640625,243.640625,239.64453125,211.671875,0.0,0.0,0.45703125,81.13819885253906
none,2,1126,1.0,0.0,1.0,1.0,1.0,1.0,19.99609375,87.2734375,89.2421875,75.8984375,120.828125,239.2265625,239.37109375,212.84375,0.0,0.0,0.4375,79.90875244140625
none,2,1127,1.0,0.0,1.0,1.0,1.0,1.0,20.5859375,85.890625,90.16015625,76.35546875,122.95703125,234.6640625,239.56640625,213.3828125,0.0,0.0,0.41796875,80.39521789550781
none,2,1128,1.0,0.0,1.0,1.0,1.0,1.0,19.75,87.109375,89.546875,76.27734375,122.15625,238.546875,239.09765625,214.44140625,0.0,0.0,0.46875,80.85194396972656
none,2,1129,1.0,0.0,1.0,1.0,1.0,1.0,19.984375,87.12890625,89.49609375,77.16796875,123.98828125,237.34375,240.41015625,216.17578125,0.0,0.0,0.44140625,81.07176208496094
none,2,1130,1.0,0.0,1.0,1.0,1.0,1.0,20.3828125,87.20703125,91.3984375,75.89453125,125.93359375,239.609375,243.7578125,212.54296875,0.0,0.0,0.484375,80.53282165527344
none,2,1131,1.0,0.0,1.0,1.0,1.0,1.0,19.53125,88.18359375,91.10546875,75.9296875,123.43359375,243.17578125,243.62109375,211.91015625,0.0,0.0,0.5078125,81.24095153808594
none,2,1132,1.0,0.0,1.0,1.0,1.0,1.0,19.62890625,87.375,92.1015625,74.984375,121.0234375,240.8359375,247.3984375,208.75390625,0.0,0.0,0.41015625,80.56146240234375
none,2,1133,1.0,0.0,1.0,1.0,1.0,1.0,19.6953125,89.1796875,91.01171875,74.94140625,123.98046875,245.1484375,243.03515625,207.6953125,0.0,0.0,0.40234375,81.14899444580078
none,2,1134,1.0,0.0,1.0,1.0,1.0,1.0,19.69921875,88.61328125,91.15234375,74.6484375,122.74609375,243.45703125,243.7578125,207.59765625,0.0,0.0,0.39453125,81.2127685546875
none,2,1135,1.0,0.0,1.0,1.0,1.0,1.0,19.328125,88.8046875,90.578125,74.72265625,121.6640625,243.96875,241.7890625,208.41796875,0.0,0.0,0.49609375,81.312744140625
none,2,1136,1.0,0.0,1.0,1.0,1.0,1.0,19.984375,87.78515625,89.3671875,76.96875,126.65625,240.1640625,237.44140625,213.6015625,0.0,0.0,0.45703125,80.55046844482422
none,2,1137,1.0,0.0,1.0,1.0,1.0,1.0,20.0078125,88.21484375,89.7734375,75.28125,123.73828125,242.4375,239.4296875,208.8203125,0.0,0.0,0.49609375,80.1827621459961
none,2,1138,1.0,0.0,1.0,1.0,1.0,1.0,20.17578125,88.85546875,90.6640625,75.72265625,122.14453125,243.13671875,240.2265625,209.75,0.0,0.0,0.4140625,81.48067474365234
none,2,1139,1.0,0.0,1.0,1.0,1.0,1.0,19.8046875,87.8203125,90.98046875,75.953125,122.1015625,239.28515625,242.4921875,209.73046875,0.0,0.0,0.5546875,81.06781005859375
none,2,1140,1.0,0.0,1.0,1.0,1.0,1.0,19.83984375,89.94921875,89.63671875,75.3671875,120.0859375,244.3984375,237.24609375,208.734375,0.0,0.0,0.39453125,81.29615783691406
none,2,1141,1.0,0.0,1.0,1.0,1.0,1.0,19.875,90.22265625,89.50390625,75.41796875,120.0859375,246.16796875,236.6328125,208.3828125,0.0,0.0,0.421875,81.85047912597656
none,2,1142,1.0,0.0,1.0,1.0,1.0,1.0,20.09375,89.625,89.64453125,76.04296875,122.41015625,243.69140625,237.3828125,208.33984375,0.0,0.0,0.51953125,81.54991912841797
none,2,1143,1.0,0.0,1.0,1.0,1.0,1.0,20.04296875,89.6953125,91.52734375,75.18359375,121.61328125,245.22265625,241.23828125,205.28125,0.0,0.0,0.48828125,81.50910949707031
none,2,1144,1.0,0.0,1.0,1.0,1.0,1.0,19.86328125,90.0234375,91.0234375,74.57421875,122.10546875,245.09375,241.796875,204.53515625,0.0,0.0,0.4453125,81.85123443603516
none,2,1145,1.0,0.0,1.0,1.0,1.0,1.0,20.171875,88.0390625,91.76171875,75.77734375,122.16015625,239.23046875,243.0390625,207.83984375,0.0,0.0,0.3828125,81.85804748535156
none,2,1146,1.0,0.0,1.0,1.0,1.0,1.0,19.828125,89.109375,91.84375,74.03125,119.265625,242.36328125,243.09375,203.796875,0.0,0.0,0.51171875,81.53109741210938
none,2,1147,1.0,0.0,1.0,1.0,1.0,1.0,19.74609375,87.48828125,91.0078125,76.6875,119.74609375,237.8828125,241.484375,210.8359375,0.0,0.0,0.4765625,81.35153198242188
none,2,1148,1.0,0.0,1.0,1.0,1.0,1.0,19.2109375,87.94921875,89.9609375,75.5703125,118.65625,240.31640625,239.171875,209.0546875,0.0,0.0,0.40625,80.52349853515625
none,2,1149,1.0,0.0,1.0,1.0,1.0,1.0,19.5859375,87.3125,92.96875,76.25,118.328125,238.62109375,247.3515625,209.875,0.0,0.0,0.47265625,82.0728759765625
none,2,1150,1.0,0.0,1.0,1.0,1.0,1.0,19.24609375,87.9765625,91.453125,75.74609375,120.0,239.01953125,242.609375,208.265625,0.0,0.0,0.3828125,81.44596862792969
none,2,1151,1.0,0.0,1.0,1.0,1.0,1.0,19.37109375,86.76953125,91.21875,75.3984375,120.1015625,237.48828125,240.53515625,208.5078125,0.0,0.0,0.42578125,80.5029525756836
none,2,1152,1.0,0.0,1.0,1.0,1.0,1.0,19.6015625,87.3515625,90.5234375,77.22265625,119.484375,238.83203125,239.6484375,213.5078125,0.0,0.0,0.46484375,81.59501647949219
none,2,1153,1.0,0.0,1.0,1.0,1.0,1.0,19.6875,87.30859375,91.75,76.63671875,120.640625,237.0234375,242.97265625,211.53515625,0.0,0.0,0.4609375,81.38771057128906
none,2,1154,1.0,0.0,1.0,1.0,1.0,1.0,19.45703125,87.09765625,91.13671875,75.4375,117.0078125,237.78125,242.55078125,209.77734375,0.0,0.0,0.49609375,80.75566101074219
none,2,1155,1.0,0.0,1.0,1.0,1.0,1.0,19.90234375,89.1015625,91.7890625,76.10546875,121.90625,243.17578125,242.08203125,210.3203125,0.0,0.0,0.33984375,82.13932800292969
none,2,1156,1.0,0.0,1.0,1.0,1.0,1.0,19.39453125,87.9609375,91.0859375,76.52734375,118.42578125,241.24609375,243.20703125,211.57421875,0.0,0.0,0.421875,81.71974182128906
none,2,1157,1.0,0.0,1.0,1.0,1.0,1.0,19.390625,88.97265625,91.4609375,75.9140625,118.34765625,243.671875,241.8984375,210.703125,0.0,0.0,0.42578125,82.15357208251953
none,2,1158,1.0,0.0,1.0,1.0,1.0,1.0,19.3828125,90.81640625,92.0390625,75.44921875,117.13671875,249.30078125,244.6015625,206.46484375,0.0,0.0,0.4765625,82.61797332763672
none,2,1159,1.0,0.0,1.0,1.0,1.0,1.0,19.375,89.81640625,91.68359375,75.8359375,118.5078125,247.98828125,243.34375,210.53515625,0.0,0.0,0.39453125,82.44392395019531
none,2,1160,1.0,0.0,1.0,1.0,1.0,1.0,19.53515625,89.2734375,91.56640625,74.08984375,120.3125,246.93359375,242.953125,204.19140625,0.0,0.0,0.39453125,81.39810180664062
none,2,1161,1.0,0.0,1.0,1.0,1.0,1.0,19.859375,89.56640625,91.875,74.92578125,120.94140625,245.2578125,244.52734375,205.96484375,0.0,0.0,0.4453125,82.42546081542969
none,2,1162,1.0,0.0,1.0,1.0,1.0,1.0,19.84765625,88.86328125,91.0859375,75.8203125,122.6640625,244.59765625,241.640625,207.92578125,0.0,0.0,0.43359375,81.45713806152344
none,2,1163,1.0,0.0,1.0,1.0,1.0,1.0,19.38671875,89.859375,90.7734375,77.54296875,119.94921875,245.765625,241.68359375,212.44140625,0.0,0.0,0.50390625,82.93605041503906
none,2,1164,1.0,0.0,1.0,1.0,1.0,1.0,20.34765625,88.09375,92.53515625,77.44140625,121.5,240.11328125,244.4765625,212.7109375,0.0,0.0,0.4921875,82.89131927490234
none,2,1165,1.0,0.0,1.0,1.0,1.0,1.0,19.96875,89.96484375,91.5390625,76.703125,120.0,245.55859375,240.921875,211.2734375,0.0,0.0,0.3515625,82.36504364013672
none,2,1166,1.0,0.0,1.0,1.0,1.0,1.0,20.06640625,87.30859375,92.4375,77.45703125,122.64453125,237.4296875,244.65625,212.734375,0.0,0.0,0.515625,81.69657897949219
none,2,1167,1.0,0.0,1.0,1.0,1.0,1.0,19.59375,88.578125,92.23046875,76.34375,117.8203125,242.609375,245.25390625,211.08203125,0.0,0.0,0.46484375,82.35565948486328
none,2,1168,1.0,0.0,1.0,1.0,1.0,1.0,19.2421875,88.6328125,91.48828125,74.8515625,114.6640625,242.31640625,242.234375,204.9921875,0.0,0.0,0.4609375,81.6194076538086
none,2,1169,1.0,0.0,1.0,1.0,1.0,1.0,19.75390625,90.01953125,91.11328125,77.13671875,118.87890625,246.25,242.5234375,211.7578125,0.0,0.0,0.43359375,82.59432220458984
none,2,1170,1.0,0.0,1.0,1.0,1.0,1.0,20.18359375,89.83984375,90.78515625,76.16796875,123.77734375,244.74609375,241.37109375,209.66796875,0.0,0.0,0.42578125,81.86648559570312
none,2,1171,1.0,0.0,1.0,1.0,1.0,1.0,19.59375,89.55078125,93.0625,75.640625,119.484375,244.5625,246.83203125,207.13671875,0.0,0.0,0.3828125,82.90773010253906
none,2,1172,1.0,0.0,1.0,1.0,1.0,1.0,19.64453125,89.94140625,91.40234375,75.5703125,121.24609375,247.76171875,242.2265625,207.76953125,0.0,0.0,0.45703125,82.14905548095703
none,2,1173,1.0,0.0,1.0,1.0,1.0,1.0,19.41796875,90.9296875,91.08203125,74.95703125,119.7890625,250.125,242.3671875,207.05078125,0.0,0.0,0.4765625,82.5381088256836
none,2,1174,1.0,0.0,1.0,1.0,1.0,1.0,19.1171875,90.1796875,92.32421875,75.8671875,119.90625,247.1328125,244.17578125,207.83984375,0.0,0.0,0.421875,82.80315399169922
none,2,1175,1.0,0.0,1.0,1.0,1.0,1.0,19.40625,89.7578125,91.390625,74.921875,120.0546875,245.35546875,243.54296875,206.3359375,0.0,0.0,0.3671875,81.8664321899414
none,2,1176,1.0,0.0,1.0,1.0,1.0,1.0,19.59765625,90.70703125,91.9609375,74.76953125,119.01171875,249.83203125,243.27734375,205.25,0.0,0.0,0.4140625,82.71347045898438
none,2,1177,1.0,0.0,1.0,1.0,1.0,1.0,19.83984375,90.078125,91.0390625,74.76171875,121.68359375,247.84375,240.671875,206.6328125,0.0,0.0,0.4375,81.67890930175781
none,2,1178,1.0,0.0,1.0,1.0,1.0,1.0,19.640625,91.4453125,91.95703125,74.80078125,121.99609375,250.96484375,242.984375,205.28125,0.0,0.0,0.45703125,83.1098861694336
none,2,1179,1.0,0.0,1.0,1.0,1.0,1.0,19.1796875,89.30859375,91.0859375,76.515625,121.84765625,244.44140625,240.89453125,210.90625,0.0,0.0,0.4765625,82.27908325195312
none,2,1180,1.0,0.0,1.0,1.0,1.0,1.0,19.1328125,91.3515625,91.796875,76.0078125,118.90234375,249.6015625,242.71484375,208.8515625,0.0,0.0,0.41015625,83.36941528320312
none,2,1181,1.0,0.0,1.0,1.0,1.0,1.0,19.609375,90.984375,91.79296875,75.78515625,122.0703125,249.16015625,242.75390625,207.83203125,0.0,0.0,0.4765625,82.69863891601562
none,2,1182,1.0,0.0,1.0,1.0,1.0,1.0,19.01953125,90.265625,93.375,75.93359375,118.3125,245.46875,249.4140625,207.8359375,0.0,0.0,0.41015625,83.62846374511719
none,2,1183,1.0,0.0,1.0,1.0,1.0,1.0,19.2734375,91.23828125,91.84765625,76.3515625,121.23046875,249.48828125,244.734375,209.7890625,0.0,0.0,0.37109375,83.49541473388672
none,2,1184,1.0,0.0,1.0,1.0,1.0,1.0,19.49609375,89.8125,93.12109375,76.3984375,121.953125,245.1796875,246.95703125,208.6171875,0.0,0.0,0.453125,82.9823226928711
none,2,1185,1.0,0.0,1.0,1.0,1.0,1.0,18.94140625,90.47265625,91.84375,75.7890625,116.65234375,247.19140625,243.12890625,209.6796875,0.0,0.0,0.4609375,82.20860290527344
none,2,1186,1.0,0.0,1.0,1.0,1.0,1.0,19.12109375,90.01171875,91.5703125,78.44140625,118.21484375,246.15234375,243.53515625,215.7109375,0.0,0.0,0.53515625,83.6650390625
none,2,1187,1.0,0.0,1.0,1.0,1.0,1.0,19.125,90.15625,90.93359375,76.99609375,118.5234375,246.06640625,243.06640625,211.41015625,0.0,0.0,0.44140625,82.79230499267578
none,2,1188,1.0,0.0,1.0,1.0,1.0,1.0,19.046875,89.13671875,91.88671875,78.13671875,118.9609375,244.4453125,243.75,215.546875,0.0,0.0,0.42578125,82.87413024902344
none,2,1189,1.0,0.0,1.0,1.0,1.0,1.0,19.4375,91.58203125,90.83203125,76.84765625,121.08203125,250.76953125,241.6796875,212.31640625,0.0,0.0,0.4453125,83.02330017089844
none,2,1190,1.0,0.0,1.0,1.0,1.0,1.0,19.6640625,90.59375,92.23828125,76.46484375,121.52734375,249.40234375,243.1875,211.9765625,0.0,0.0,0.44921875,83.20774841308594
none,2,1191,1.0,0.0,1.0,1.0,1.0,1.0,19.125,91.02734375,91.8046875,76.21484375,119.4765625,249.8203125,242.3671875,210.8984375,0.0,0.0,0.3671875,83.25923156738281
none,2,1192,1.0,0.0,1.0,1.0,1.0,1.0,19.69921875,91.078125,91.03125,76.1953125,120.14453125,248.32421875,240.36328125,210.625,0.0,0.0,0.515625,82.71794891357422
none,2,1193,1.0,0.0,1.0,1.0,1.0,1.0,19.35546875,91.32421875,91.953125,75.28515625,117.61328125,249.1640625,244.328125,206.76953125,0.0,0.0,0.3984375,82.86749267578125
none,2,1194,1.0,0.0,1.0,1.0,1.0,1.0,19.65625,89.65234375,91.40234375,77.1328125,122.234375,244.28125,241.5703125,212.1796875,0.0,0.0,0.5234375,82.25387573242188
none,2,1195,1.0,0.0,1.0,1.0,1.0,1.0,19.2265625,89.671875,91.8984375,76.921875,118.23828125,243.97265625,244.7109375,212.1328125,0.0,0.0,0.375,82.73361206054688
none,2,1196,1.0,0.0,1.0,1.0,1.0,1.0,18.546875,89.921875,92.703125,75.94921875,116.80078125,243.484375,245.8515625,208.51953125,0.0,0.0,0.484375,82.67194366455078
none,2,1197,1.0,0.0,1.0,1.0,1.0,1.0,19.5,90.35546875,92.1484375,77.0234375,121.73828125,245.234375,245.40625,210.046875,0.0,0.0,0.3671875,83.8261947631836
none,2,1198,1.0,0.0,1.0,1.0,1.0,1.0,18.9296875,91.1640625,93.12109375,76.7265625,119.9140625,248.9609375,246.59375,210.328125,0.0,0.0,0.359375,83.78817749023438
none,2,1199,1.0,0.0,1.0,1.0,1.0,1.0,18.99609375,90.38671875,93.1171875,76.91015625,118.609375,246.23828125,247.73046875,210.6328125,0.0,0.0,0.4765625,84.05160522460938
none,3,0,1.0,0.0,1.0,1.0,1.0,1.0,24.953125,24.76171875,26.296875,25.22265625,198.89453125,194.15234375,198.421875,198.94140625,0.0,0.0,18.32421875,10.506117820739746
none,3,1,1.0,0.0,1.0,1.0,1.0,1.0,24.7265625,25.76171875,26.203125,26.25390625,197.49609375,197.2265625,201.16015625,204.40234375,0.0,0.0,18.40625,11.128985404968262
none,3,2,1.0,0.0,1.0,1.0,1.0,1.0,24.6015625,26.734375,26.390625,26.64453125,192.578125,202.0234375,206.50390625,205.03125,0.0,0.0,18.10546875,11.658943176269531
none,3,3,1.0,0.0,1.0,1.0,1.0,1.0,23.9375,26.75,27.79296875,26.203125,188.51171875,199.42578125,215.72265625,202.6953125,0.0,0.0,17.87890625,12.095858573913574
none,3,4,1.0,0.0,1.0,1.0,1.0,1.0,23.57421875,26.9375,27.328125,27.46875,184.41796875,199.828125,207.75,209.51953125,0.0,0.0,17.45703125,12.620113372802734
none,3,5,1.0,0.0,1.0,1.0,1.0,1.0,23.9140625,25.87109375,27.99609375,28.015625,183.9453125,194.72265625,212.765625,212.734375,0.0,0.0,16.9609375,12.76899528503418
none,3,6,1.0,0.0,1.0,1.0,1.0,1.0,23.71484375,27.3203125,28.54296875,29.5859375,173.66015625,196.5234375,212.1171875,219.1015625,0.0,0.0,16.32421875,13.97956657409668
none,3,7,1.0,0.0,1.0,1.0,1.0,1.0,22.63671875,28.0859375,28.94140625,30.33984375,162.89453125,193.67578125,208.23046875,219.70703125,0.0,0.0,16.14453125,14.661664962768555
none,3,8,1.0,0.0,1.0,1.0,1.0,1.0,23.30078125,28.71875,29.1328125,30.71875,161.80859375,195.3984375,208.89453125,214.96875,0.0,0.0,15.8046875,15.098411560058594
none,3,9,1.0,0.0,1.0,1.0,1.0,1.0,23.73828125,29.0625,31.203125,31.0390625,156.7421875,187.9609375,212.09765625,208.08203125,0.0,0.0,15.40625,16.121021270751953
none,3,10,1.0,0.0,1.0,1.0,1.0,1.0,23.69140625,30.04296875,30.7734375,33.65625,150.26171875,186.38671875,201.17578125,215.234375,0.0,0.0,15.21875,17.1434326171875
none,3,11,1.0,0.0,1.0,1.0,1.0,1.0,25.0,30.6953125,31.22265625,35.5625,149.546875,180.70703125,195.07421875,213.0,0.0,0.0,14.69921875,18.00741195678711
none,3,12,1.0,0.0,1.0,1.0,1.0,1.0,25.44921875,32.6953125,34.65625,35.84375,145.03515625,177.41015625,199.7734375,207.0390625,0.0,0.0,14.20703125,19.892425537109375
none,3,13,1.0,0.0,1.0,1.0,1.0,1.0,27.15625,32.55078125,35.55859375,37.60546875,144.2578125,170.390625,190.5625,201.1640625,0.0,0.0,13.93359375,20.854164123535156
none,3,14,1.0,0.0,1.0,1.0,1.0,1.0,27.3359375,34.8671875,36.1875,39.30078125,135.953125,168.3828125,181.8359375,198.27734375,0.0,0.0,13.52734375,22.47662353515625
none,3,15,1.0,0.0,1.0,1.0,1.0,1.0,30.234375,36.390625,38.390625,41.08984375,139.83984375,166.1015625,181.9765625,193.703125,0.0,0.0,13.0078125,23.87584686279297
none,3,16,1.0,0.0,1.0,1.0,1.0,1.0,30.43359375,37.58203125,39.5625,41.8359375,134.42578125,159.94140625,175.2578125,188.65234375,0.0,0.0,12.421875,25.033397674560547
none,3,17,1.0,0.0,1.0,1.0,1.0,1.0,31.74609375,39.640625,39.83984375,42.09375,132.421875,160.79296875,166.34375,177.09765625,0.0,0.0,12.25390625,25.419164657592773
none,3,18,1.0,0.0,1.0,1.0,1.0,1.0,32.48046875,41.578125,41.1171875,42.26953125,131.37890625,162.6953125,163.77734375,169.70703125,0.0,0.0,11.71484375,26.76259994506836
none,3,19,1.0,0.0,1.0,1.0,1.0,1.0,32.91796875,42.1953125,41.70703125,42.9921875,126.07421875,157.5234375,158.43359375,166.859375,0.0,0.0,11.25,27.719228744506836
none,3,20,1.0,0.0,1.0,1.0,1.0,1.0,34.21484375,43.57421875,42.98046875,43.77734375,126.375,156.3828125,158.125,161.51171875,0.0,0.0,11.3125,28.65211296081543
none,3,21,1.0,0.0,1.0,1.0,1.0,1.0,33.515625,44.33203125,42.23046875,43.39453125,123.09765625,155.39453125,148.88671875,156.03125,0.0,0.0,11.015625,28.468761444091797
none,3,22,1.0,0.0,1.0,1.0,1.0,1.0,34.078125,45.234375,42.34765625,42.85546875,120.296875,154.94140625,146.9140625,149.67578125,0.0,0.0,11.15234375,28.738906860351562
none,3,23,1.0,0.0,1.0,1.0,1.0,1.0,35.11328125,45.66796875,43.0546875,43.59765625,121.73828125,153.6640625,145.8359375,149.33203125,0.0,0.0,10.8515625,29.431692123413086
none,3,24,1.0,0.0,1.0,1.0,1.0,1.0,35.19140625,46.4296875,42.09375,45.296875,120.3828125,155.234375,140.390625,151.31640625,0.0,0.0,10.20703125,29.816627502441406
none,3,25,1.0,0.0,1.0,1.0,1.0,1.0,34.95703125,46.453125,41.6796875,45.3671875,118.96484375,153.265625,138.1015625,150.75,0.0,0.0,10.48046875,30.092443466186523
none,3,26,1.0,0.0,1.0,1.0,1.0,1.0,34.97265625,46.33203125,42.328125,45.62890625,119.79296875,152.76953125,139.37109375,150.67578125,0.0,0.0,10.16796875,30.26101303100586
none,3,27,1.0,0.0,1.0,1.0,1.0,1.0,35.890625,45.82421875,41.71875,46.2734375,123.53125,151.28125,136.24609375,151.44140625,0.0,0.0,9.828125,30.193761825561523
none,3,28,1.0,0.0,1.0,1.0,1.0,1.0,34.0390625,46.8359375,41.39453125,47.12890625,116.91015625,154.80859375,135.95703125,154.515625,0.0,0.0,9.37890625,30.98348617553711
none,3,29,1.0,0.0,1.0,1.0,1.0,1.0,36.37890625,47.609375,41.48046875,48.703125,124.07421875,156.94921875,135.98046875,159.26171875,0.0,0.0,9.1953125,31.543018341064453
none,3,30,1.0,0.0,1.0,1.0,1.0,1.0,36.171875,46.75390625,42.484375,47.6796875,124.7265625,155.609375,139.9765625,156.390625,0.0,0.0,9.015625,31.60615348815918
none,3,31,1.0,0.0,1.0,1.0,1.0,1.0,36.86328125,45.41796875,43.26953125,49.87890625,125.390625,150.6171875,141.4609375,162.45703125,0.0,0.0,8.359375,32.330543518066406
none,3,32,1.0,0.0,1.0,1.0,1.0,1.0,37.4453125,46.70703125,44.03515625,47.7734375,128.9453125,154.83203125,143.6796875,156.69921875,0.0,0.0,8.1015625,32.2353515625
none,3,33,1.0,0.0,1.0,1.0,1.0,1.0,37.578125,47.23046875,44.98828125,48.09375,129.2890625,156.19921875,147.35546875,158.37109375,0.0,0.0,7.78125,32.6846809387207
none,3,34,1.0,0.0,1.0,1.0,1.0,1.0,38.55078125,47.12890625,44.30078125,48.52734375,132.42578125,154.13671875,144.234375,158.1875,0.0,0.0,7.5390625,32.77741241455078
none,3,35,1.0,0.0,1.0,1.0,1.0,1.0,37.140625,46.1875,45.765625,49.27734375,129.0859375,152.0546875,148.27734375,161.5703125,0.0,0.0,7.296875,33.31341552734375
none,3,36,1.0,0.0,1.0,1.0,1.0,1.0,37.71484375,47.74609375,44.71484375,47.609375,130.875,156.6171875,146.234375,156.4375,0.0,0.0,7.0,33.05181121826172
none,3,37,1.0,0.0,1.0,1.0,1.0,1.0,37.171875,46.93359375,44.25,48.19921875,129.20703125,154.67578125,143.94140625,158.98828125,0.0,0.0,7.0078125,32.79576873779297
none,3,38,1.0,0.0,1.0,1.0,1.0,1.0,38.26953125,46.75,45.734375,48.90234375,132.18359375,151.90625,147.1015625,161.6171875,0.0,0.0,6.6875,33.49050521850586
none,3,39,1.0,0.0,1.0,1.0,1.0,1.0,38.94921875,48.32421875,45.52734375,47.7734375,134.37109375,157.85546875,146.265625,154.87890625,0.0,0.0,6.58984375,33.36368179321289
none,3,40,1.0,0.0,1.0,1.0,1.0,1.0,37.6171875,48.4921875,45.84375,49.5390625,131.01953125,157.04296875,147.0,160.484375,0.0,0.0,6.375,34.754554748535156
none,3,41,1.0,0.0,1.0,1.0,1.0,1.0,39.33984375,48.15234375,45.94140625,48.8515625,134.390625,156.375,145.734375,157.72265625,0.0,0.0,6.3984375,33.64345169067383
none,3,42,1.0,0.0,1.0,1.0,1.0,1.0,38.9921875,48.84375,47.15234375,47.80078125,134.51171875,158.453125,149.55859375,155.828125,0.0,0.0,6.1640625,34.37629699707031
none,3,43,1.0,0.0,1.0,1.0,1.0,1.0,39.1328125,49.23828125,45.83203125,48.984375,135.94140625,160.29296875,144.703125,158.9609375,0.0,0.0,6.05078125,34.36653137207031
none,3,44,1.0,0.0,1.0,1.0,1.0,1.0,39.640625,48.12109375,47.265625,49.05859375,137.89453125,155.77734375,149.76171875,160.30078125,0.0,0.0,5.83984375,34.46921157836914
none,3,45,1.0,0.0,1.0,1.0,1.0,1.0,39.953125,48.21875,46.73046875,51.49609375,139.84765625,155.28125,148.4609375,167.7734375,0.0,0.0,5.640625,35.31167221069336
none,3,46,1.0,0.0,1.0,1.0,1.0,1.0,39.703125,48.81640625,46.3046875,52.20703125,137.8671875,156.77734375,145.80078125,170.890625,0.0,0.0,5.56640625,35.86644744873047
none,3,47,1.0,0.0,1.0,1.0,1.0,1.0,39.53125,48.19921875,47.01171875,51.46484375,139.7265625,154.25,148.80078125,167.68359375,0.0,0.0,5.984375,35.49152755737305
none,3,48,1.0,0.0,1.0,1.0,1.0,1.0,39.2109375,47.21875,47.28125,53.2734375,137.73828125,151.03125,149.25390625,173.21484375,0.0,0.0,5.6015625,35.979530334472656
none,3,49,1.0,0.0,1.0,1.0,1.0,1.0,39.34765625,48.30078125,46.5625,52.609375,136.24609375,153.21875,145.921875,169.375,0.0,0.0,5.34375,36.31184387207031
none,3,50,1.0,0.0,1.0,1.0,1.0,1.0,38.1015625,49.19921875,46.8515625,52.93359375,133.33203125,155.9140625,147.44921875,172.62109375,0.0,0.0,5.3671875,36.43779754638672
none,3,51,1.0,0.0,1.0,1.0,1.0,1.0,38.26953125,49.5234375,47.5703125,51.83984375,132.671875,155.9609375,149.65625,167.02734375,0.0,0.0,5.33984375,36.320823669433594
none,3,52,1.0,0.0,1.0,1.0,1.0,1.0,37.5,50.578125,47.3046875,51.57421875,130.48828125,159.25,147.48828125,167.76953125,0.0,0.0,5.0859375,36.52399444580078
none,3,53,1.0,0.0,1.0,1.0,1.0,1.0,36.01171875,52.30859375,47.765625,50.890625,125.37109375,164.01953125,148.49609375,163.7109375,0.0,0.0,4.80859375,37.34186935424805
none,3,54,1.0,0.0,1.0,1.0,1.0,1.0,37.2109375,51.5,46.9765625,51.3046875,127.5546875,161.4453125,146.71484375,166.51171875,0.0,0.0,4.59765625,37.144622802734375
none,3,55,1.0,0.0,1.0,1.0,1.0,1.0,36.81640625,50.8359375,47.71875,51.41796875,126.73828125,159.671875,150.01171875,166.6953125,0.0,0.0,4.78515625,36.87969970703125
none,3,56,1.0,0.0,1.0,1.0,1.0,1.0,36.54296875,51.1484375,46.71875,51.16796875,126.9453125,161.30078125,145.86328125,165.7578125,0.0,0.0,4.5546875,36.55859375
none,3,57,1.0,0.0,1.0,1.0,1.0,1.0,35.734375,52.12109375,46.5625,51.90625,124.4765625,165.67578125,147.2265625,169.69140625,0.0,0.0,4.62890625,37.54240417480469
none,3,58,1.0,0.0,1.0,1.0,1.0,1.0,35.984375,52.046875,47.4921875,50.625,125.765625,166.72265625,149.8671875,164.20703125,0.0,0.0,4.5625,37.342529296875
none,3,59,1.0,0.0,1.0,1.0,1.0,1.0,36.59375,51.7421875,48.20703125,51.1171875,126.3359375,163.83984375,151.43359375,166.62109375,0.0,0.0,4.58984375,37.53535842895508
none,3,60,1.0,0.0,1.0,1.0,1.0,1.0,37.11328125,50.203125,48.83203125,51.78125,129.33984375,158.8046875,152.80859375,166.9453125,0.0,0.0,4.390625,37.36472702026367
none,3,61,1.0,0.0,1.0,1.0,1.0,1.0,36.9921875,52.21484375,48.39453125,52.5234375,129.84375,165.22265625,150.2109375,167.7734375,0.0,0.0,4.2421875,38.10008239746094
none,3,62,1.0,0.0,1.0,1.0,1.0,1.0,37.05859375,52.3671875,47.9140625,50.5546875,127.64453125,165.4375,149.953125,161.65234375,0.0,0.0,4.3359375,37.684383392333984
none,3,63,1.0,0.0,1.0,1.0,1.0,1.0,37.296875,53.20703125,47.63671875,50.73828125,127.5390625,166.8046875,147.4765625,160.328125,0.0,0.0,4.2265625,37.704933166503906
none,3,64,1.0,0.0,1.0,1.0,1.0,1.0,37.25390625,54.3671875,48.15625,49.4140625,130.2265625,171.05078125,149.89453125,157.3828125,0.0,0.0,3.89453125,38.093505859375
none,3,65,1.0,0.0,1.0,1.0,1.0,1.0,36.73046875,53.796875,47.84765625,49.2421875,126.71875,168.8203125,149.3828125,154.734375,0.0,0.0,3.65234375,37.57366180419922
none,3,66,1.0,0.0,1.0,1.0,1.0,1.0,34.72265625,52.17578125,49.7890625,49.7890625,121.36328125,164.64453125,153.69921875,158.7265625,0.0,0.0,3.69921875,38.07794952392578
none,3,67,1.0,0.0,1.0,1.0,1.0,1.0,34.796875,52.8671875,48.5703125,51.16796875,122.29296875,167.05859375,152.08984375,161.56640625,0.0,0.0,3.8359375,38.66365051269531
none,3,68,1.0,0.0,1.0,1.0,1.0,1.0,34.70703125,53.69921875,49.45703125,50.29296875,121.65625,170.078125,152.87109375,159.5859375,0.0,0.0,3.8359375,39.037357330322266
none,3,69,1.0,0.0,1.0,1.0,1.0,1.0,35.53125,53.40234375,48.50390625,51.84375,123.2109375,168.09765625,149.72265625,163.28125,0.0,0.0,3.7734375,38.876861572265625
none,3,70,1.0,0.0,1.0,1.0,1.0,1.0,36.3984375,52.484375,47.9453125,52.0546875,125.72265625,163.6484375,148.77734375,167.33984375,0.0,0.0,3.76953125,38.42986297607422
none,3,71,1.0,0.0,1.0,1.0,1.0,1.0,36.17578125,51.953125,48.7421875,53.45703125,125.30078125,162.62890625,150.45703125,167.75390625,0.0,0.0,3.453125,39.05918884277344
none,3,72,1.0,0.0,1.0,1.0,1.0,1.0,36.515625,52.79296875,49.91796875,52.35546875,127.55859375,164.9375,153.4140625,164.5390625,0.0,0.0,3.47265625,39.140769958496094
none,3,73,1.0,0.0,1.0,1.0,1.0,1.0,35.71484375,53.98828125,49.46484375,52.9296875,126.35546875,167.10546875,153.953125,167.29296875,0.0,0.0,3.1875,39.794761657714844
none,3,74,1.0,0.0,1.0,1.0,1.0,1.0,35.43359375,52.65625,49.6015625,52.02734375,125.91015625,165.7890625,153.8359375,164.9140625,0.0,0.0,3.609375,39.10816192626953
none,3,75,1.0,0.0,1.0,1.0,1.0,1.0,35.0546875,53.9375,48.85546875,51.078125,124.69921875,169.27734375,151.0234375,163.1484375,0.0,0.0,3.4765625,39.36591720581055
none,3,76,1.0,0.0,1.0,1.0,1.0,1.0,34.53125,55.0625,48.703125,51.6640625,121.62890625,174.13671875,151.26171875,165.6484375,0.0,0.0,3.359375,39.526405334472656
none,3,77,1.0,0.0,1.0,1.0,1.0,1.0,34.41796875,56.1875,49.0625,51.55859375,122.95703125,177.97265625,151.390625,163.95703125,0.0,0.0,3.3828125,39.73743438720703
none,3,78,1.0,0.0,1.0,1.0,1.0,1.0,34.69140625,55.8671875,48.70703125,50.46875,122.18359375,177.76171875,151.265625,160.1171875,0.0,0.0,3.41796875,39.581329345703125
none,3,79,1.0,0.0,1.0,1.0,1.0,1.0,35.15625,55.72265625,48.703125,51.1640625,125.05859375,177.51953125,150.640625,161.6640625,0.0,0.0,3.38671875,39.59069061279297
none,3,80,1.0,0.0,1.0,1.0,1.0,1.0,34.78125,54.58203125,48.13671875,52.51953125,124.04296875,175.19140625,149.16796875,167.734375,0.0,0.0,3.3046875,39.44335174560547
none,3,81,1.0,0.0,1.0,1.0,1.0,1.0,34.42578125,55.11328125,47.93359375,52.48046875,123.4296875,175.98046875,147.5703125,166.52734375,0.0,0.0,3.06640625,39.63035583496094
none,3,82,1.0,0.0,1.0,1.0,1.0,1.0,34.9453125,52.546875,48.0546875,53.50390625,125.1875,164.23828125,148.10546875,168.359375,0.0,0.0,3.0546875,39.21343231201172
none,3,83,1.0,0.0,1.0,1.0,1.0,1.0,35.42578125,54.12109375,50.21484375,52.66015625,126.484375,170.1484375,153.94140625,167.36328125,0.0,0.0,3.265625,39.945255279541016
none,3,84,1.0,0.0,1.0,1.0,1.0,1.0,35.828125,54.2890625,49.796875,53.74609375,129.78125,170.42578125,153.32421875,170.59375,0.0,0.0,2.9765625,40.35747146606445
none,3,85,1.0,0.0,1.0,1.0,1.0,1.0,35.43359375,54.15625,50.75,53.8828125,130.26171875,170.9296875,154.9609375,172.09375,0.0,0.0,3.06640625,40.76233673095703
none,3,86,1.0,0.0,1.0,1.0,1.0,1.0,36.33203125,53.36328125,50.5625,55.04296875,134.6328125,167.2109375,154.23828125,174.08203125,0.0,0.0,2.9609375,40.76125717163086
none,3,87,1.0,0.0,1.0,1.0,1.0,1.0,36.71484375,54.72265625,50.58203125,54.1796875,136.52734375,173.734375,155.97265625,170.5703125,0.0,0.0,2.98046875,40.81713104248047
none,3,88,1.0,0.0,1.0,1.0,1.0,1.0,36.8828125,54.87890625,49.15234375,55.14453125,139.33984375,174.16796875,149.41796875,175.1171875,0.0,0.0,2.83984375,41.12455368041992
none,3,89,1.0,0.0,1.0,1.0,1.0,1.0,36.55859375,53.78125,50.16015625,55.109375,138.7265625,172.58984375,153.1171875,174.72265625,0.0,0.0,2.9765625,40.560211181640625
none,3,90,1.0,0.0,1.0,1.0,1.0,1.0,35.36328125,55.19921875,50.484375,56.08984375,132.71484375,175.91015625,154.46484375,176.73828125,0.0,0.0,3.0,42.11015319824219
none,3,91,1.0,0.0,1.0,1.0,1.0,1.0,35.1875,54.30859375,50.296875,54.140625,134.921875,171.80859375,154.80859375,172.3046875,0.0,0.0,2.88671875,41.061668395996094
none,3,92,1.0,0.0,1.0,1.0,1.0,1.0,34.6953125,52.69921875,51.45703125,55.80078125,131.640625,167.4921875,156.45703125,176.828125,0.0,0.0,2.73046875,41.51137924194336
none,3,93,1.0,0.0,1.0,1.0,1.0,1.0,34.55078125,53.3125,50.6328125,56.12109375,133.27734375,167.98046875,157.68359375,177.5625,0.0,0.0,3.03515625,41.63471221923828
none,3,94,1.0,0.0,1.0,1.0,1.0,1.0,34.96875,53.23046875,51.8125,55.4296875,134.328125,167.95703125,160.015625,175.48828125,0.0,0.0,2.859375,41.69769287109375
none,3,95,1.0,0.0,1.0,1.0,1.0,1.0,33.95703125,55.2265625,51.18359375,54.90625,132.28515625,175.30078125,157.5078125,174.47265625,0.0,0.0,2.72265625,41.810264587402344
none,3,96,1.0,0.0,1.0,1.0,1.0,1.0,35.02734375,54.23828125,52.3515625,53.22265625,135.73828125,175.9609375,163.7578125,169.48046875,0.0,0.0,2.859375,41.360931396484375
none,3,97,1.0,0.0,1.0,1.0,1.0,1.0,34.80078125,54.58984375,51.54296875,53.15234375,135.70703125,175.86328125,160.12890625,169.30078125,0.0,0.0,2.83984375,41.319374084472656
none,3,98,1.0,0.0,1.0,1.0,1.0,1.0,34.0859375,54.04296875,50.52734375,53.19140625,134.26953125,175.296875,157.79296875,169.4765625,0.0,0.0,2.984375,40.45925521850586
none,3,99,1.0,0.0,1.0,1.0,1.0,1.0,33.8984375,54.59375,52.30859375,54.171875,137.39453125,177.33984375,164.375,173.0390625,0.0,0.0,2.84765625,42.13837814331055
none,3,100,1.0,0.0,1.0,1.0,1.0,1.0,33.8046875,54.65234375,51.3046875,53.4765625,135.28125,176.8046875,162.48046875,172.28515625,0.0,0.0,2.86328125,41.3681755065918
none,3,101,1.0,0.0,1.0,1.0,1.0,1.0,34.06640625,55.8203125,51.45703125,53.84375,136.75390625,178.9140625,163.69921875,172.97265625,0.0,0.0,2.8828125,41.81366729736328
none,3,102,1.0,0.0,1.0,1.0,1.0,1.0,34.44140625,55.73828125,51.34765625,52.58203125,137.38671875,178.671875,161.91796875,171.5234375,0.0,0.0,2.66015625,41.42060089111328
none,3,103,1.0,0.0,1.0,1.0,1.0,1.0,33.80859375,54.5703125,52.55078125,54.3359375,132.68359375,174.00390625,164.17578125,176.73828125,0.0,0.0,2.8046875,41.88459777832031
none,3,104,1.0,0.0,1.0,1.0,1.0,1.0,32.37890625,55.24609375,52.12109375,53.3046875,129.3828125,172.265625,162.3984375,173.19140625,0.0,0.0,2.78125,41.866310119628906
none,3,105,1.0,0.0,1.0,1.0,1.0,1.0,33.06640625,54.54296875,52.80859375,54.63671875,130.51953125,170.5,166.41015625,177.1875,0.0,0.0,2.86328125,42.31916046142578
none,3,106,1.0,0.0,1.0,1.0,1.0,1.0,32.125,53.54296875,52.1328125,55.21484375,125.54296875,168.859375,162.36328125,180.8046875,0.0,0.0,3.1171875,41.84006881713867
none,3,107,1.0,0.0,1.0,1.0,1.0,1.0,32.296875,54.9765625,52.98828125,53.6484375,125.44140625,170.07421875,164.12109375,176.3671875,0.0,0.0,3.09765625,42.034515380859375
none,3,108,1.0,0.0,1.0,1.0,1.0,1.0,32.2421875,53.1875,51.69921875,55.8515625,123.75390625,163.47265625,160.39453125,178.62890625,0.0,0.0,2.9921875,41.59059143066406
none,3,109,1.0,0.0,1.0,1.0,1.0,1.0,33.01953125,53.2890625,52.5234375,54.41796875,128.16015625,164.89453125,161.70703125,178.52734375,0.0,0.0,2.8125,41.58782958984375
none,3,110,1.0,0.0,1.0,1.0,1.0,1.0,32.25,54.296875,52.26171875,53.1484375,123.79296875,168.265625,162.00390625,175.8046875,0.0,0.0,3.15234375,41.835121154785156
none,3,111,1.0,0.0,1.0,1.0,1.0,1.0,32.27734375,54.66015625,52.4140625,53.8984375,125.6953125,170.328125,164.05078125,178.44921875,0.0,0.0,3.1953125,42.23876953125
none,3,112,1.0,0.0,1.0,1.0,1.0,1.0,32.4453125,54.37890625,51.82421875,54.0703125,125.86328125,169.91796875,161.5703125,180.13671875,0.0,0.0,2.99609375,41.53365707397461
none,3,113,1.0,0.0,1.0,1.0,1.0,1.0,32.64453125,56.32421875,50.2890625,53.4765625,126.76953125,177.89453125,157.0859375,177.6796875,0.0,0.0,2.96484375,41.43731689453125
none,3,114,1.0,0.0,1.0,1.0,1.0,1.0,32.90625,55.19140625,50.45703125,53.53125,129.07421875,174.19140625,159.3125,181.21484375,0.0,0.0,3.171875,41.258399963378906
none,3,115,1.0,0.0,1.0,1.0,1.0,1.0,32.2265625,54.21875,52.81640625,53.109375,127.21484375,173.04296875,169.28125,180.484375,0.0,0.0,3.0859375,41.67380142211914
none,3,116,1.0,0.0,1.0,1.0,1.0,1.0,31.67578125,55.37109375,51.5390625,53.05859375,128.00390625,177.6640625,167.09375,180.5625,0.0,0.0,3.10546875,41.8523063659668
none,3,117,1.0,0.0,1.0,1.0,1.0,1.0,32.9296875,56.19921875,52.2734375,53.15234375,132.6640625,179.2578125,167.359375,178.94140625,0.0,0.0,2.984375,42.427001953125
none,3,118,1.0,0.0,1.0,1.0,1.0,1.0,33.59765625,56.4296875,53.046875,52.39453125,132.94921875,180.27734375,167.97265625,174.37109375,0.0,0.0,2.91796875,42.26995849609375
none,3,119,1.0,0.0,1.0,1.0,1.0,1.0,33.34375,56.58984375,51.87890625,53.8359375,134.79296875,180.05859375,164.2109375,177.984375,0.0,0.0,2.75390625,42.50115966796875
none,3,120,1.0,0.0,1.0,1.0,1.0,1.0,33.390625,57.015625,51.3203125,52.43359375,132.95703125,181.02734375,162.2421875,175.75390625,0.0,0.0,2.85546875,41.95832443237305
none,3,121,1.0,0.0,1.0,1.0,1.0,1.0,32.8125,55.66015625,52.4921875,52.3515625,133.59375,177.49609375,167.2578125,173.47265625,0.0,0.0,2.7421875,42.04050827026367
none,3,122,1.0,0.0,1.0,1.0,1.0,1.0,33.32421875,55.8515625,51.6171875,52.0390625,134.5,178.98046875,163.953125,172.96484375,0.0,0.0,2.84375,41.42638397216797
none,3,123,1.0,0.0,1.0,1.0,1.0,1.0,33.91796875,56.38671875,52.05078125,51.265625,135.98046875,180.30859375,163.57421875,170.6328125,0.0,0.0,3.0390625,41.306331634521484
none,3,124,1.0,0.0,1.0,1.0,1.0,1.0,32.55859375,55.8125,50.37890625,52.796875,133.390625,178.5,161.0625,174.51953125,0.0,0.0,2.73828125,41.27425765991211
none,3,125,1.0,0.0,1.0,1.0,1.0,1.0,32.3984375,57.015625,53.09765625,50.3515625,132.6640625,181.296875,167.34375,167.67578125,0.0,0.0,2.80859375,41.944488525390625
none,3,126,1.0,0.0,1.0,1.0,1.0,1.0,33.0546875,57.03125,51.2578125,51.6953125,136.09765625,181.85546875,163.52734375,170.19921875,0.0,0.0,2.8515625,41.650367736816406
none,3,127,1.0,0.0,1.0,1.0,1.0,1.0,33.265625,54.53125,51.37109375,51.73828125,134.9140625,176.1796875,163.5546875,172.609375,0.0,0.0,3.125,40.822471618652344
none,3,128,1.0,0.0,1.0,1.0,1.0,1.0,32.3828125,56.05859375,51.75,50.19921875,133.66015625,180.3203125,165.58984375,167.546875,0.0,0.0,3.00390625,41.29807662963867
none,3,129,1.0,0.0,1.0,1.0,1.0,1.0,32.43359375,56.515625,50.9453125,52.0546875,135.73046875,180.37109375,163.34765625,172.07421875,0.0,0.0,3.01171875,41.5937614440918
none,3,130,1.0,0.0,1.0,1.0,1.0,1.0,32.4453125,55.4453125,51.9921875,51.8359375,136.65234375,179.359375,168.109375,173.30859375,0.0,0.0,2.83203125,41.509361267089844
none,3,131,1.0,0.0,1.0,1.0,1.0,1.0,32.05859375,55.3828125,52.1640625,51.46875,133.70703125,177.2421875,166.83203125,171.3125,0.0,0.0,2.8125,41.44793701171875
none,3,132,1.0,0.0,1.0,1.0,1.0,1.0,32.55078125,56.7734375,51.8046875,50.46484375,137.3203125,183.73828125,166.0234375,168.61328125,0.0,0.0,2.90625,41.58557891845703
none,3,133,1.0,0.0,1.0,1.0,1.0,1.0,31.69921875,55.7890625,52.23046875,51.375,132.9609375,179.8203125,169.03515625,169.10546875,0.0,0.0,3.0234375,41.82807540893555
none,3,134,1.0,0.0,1.0,1.0,1.0,1.0,32.765625,56.87890625,52.43359375,49.83203125,136.24609375,183.5703125,167.75,164.5234375,0.0,0.0,2.8671875,41.602657318115234
none,3,135,1.0,0.0,1.0,1.0,1.0,1.0,32.20703125,55.6015625,52.51953125,49.82421875,134.65234375,177.390625,167.62109375,165.35546875,0.0,0.0,3.0390625,41.03527069091797
none,3,136,1.0,0.0,1.0,1.0,1.0,1.0,31.75,56.4453125,52.30859375,50.8359375,133.85546875,182.69921875,167.5703125,169.7890625,0.0,0.0,2.9375,41.72151565551758
none,3,137,1.0,0.0,1.0,1.0,1.0,1.0,32.265625,56.94921875,52.109375,51.9921875,134.828125,185.10546875,166.58203125,174.26171875,0.0,0.0,3.06640625,41.977630615234375
none,3,138,1.0,0.0,1.0,1.0,1.0,1.0,32.5078125,56.38671875,52.140625,51.0859375,137.14453125,183.25,167.48046875,169.89453125,0.0,0.0,2.76171875,41.834007263183594
none,3,139,1.0,0.0,1.0,1.0,1.0,1.0,32.70703125,56.90625,50.7578125,51.91796875,138.90234375,185.20703125,163.828125,171.69140625,0.0,0.0,2.85546875,41.65892028808594
none,3,140,1.0,0.0,1.0,1.0,1.0,1.0,33.05078125,55.12890625,50.97265625,51.640625,138.96484375,179.73046875,164.6171875,171.8671875,0.0,0.0,2.796875,40.76877212524414
none,3,141,1.0,0.0,1.0,1.0,1.0,1.0,33.37109375,56.11328125,50.95703125,52.62890625,142.65234375,181.73828125,162.46484375,177.71484375,0.0,0.0,3.0078125,41.40385437011719
none,3,142,1.0,0.0,1.0,1.0,1.0,1.0,31.96875,56.0,51.51953125,50.84765625,137.9921875,183.2578125,166.16015625,171.00390625,0.0,0.0,3.0703125,41.42160415649414
none,3,143,1.0,0.0,1.0,1.0,1.0,1.0,32.76953125,56.57421875,51.5859375,50.34765625,139.953125,184.2421875,165.83984375,169.1484375,0.0,0.0,2.97265625,41.13597869873047
none,3,144,1.0,0.0,1.0,1.0,1.0,1.0,32.12890625,59.078125,52.0390625,50.2890625,138.79296875,192.15625,167.98828125,167.7109375,0.0,0.0,2.9453125,42.63367462158203
none,3,145,1.0,0.0,1.0,1.0,1.0,1.0,33.140625,58.18359375,51.4765625,50.8359375,139.765625,190.0546875,167.2265625,169.2734375,0.0,0.0,2.890625,41.89445114135742
none,3,146,1.0,0.0,1.0,1.0,1.0,1.0,32.50390625,58.02734375,51.3515625,51.13671875,141.34375,190.11328125,163.2265625,171.2890625,0.0,0.0,2.7421875,41.976905822753906
none,3,147,1.0,0.0,1.0,1.0,1.0,1.0,32.9375,58.328125,50.82421875,51.91015625,138.15234375,192.9609375,162.9609375,172.484375,0.0,0.0,2.796875,42.401092529296875
none,3,148,1.0,0.0,1.0,1.0,1.0,1.0,32.7578125,58.30859375,51.33984375,51.26953125,138.6484375,189.578125,164.80078125,170.42578125,0.0,0.0,2.90625,42.291744232177734
none,3,149,1.0,0.0,1.0,1.0,1.0,1.0,33.53515625,58.16796875,50.5859375,50.84765625,142.3046875,188.984375,160.97265625,169.12890625,0.0,0.0,2.76171875,41.79961395263672
none,3,150,1.0,0.0,1.0,1.0,1.0,1.0,32.82421875,58.8359375,50.2421875,51.00390625,139.3984375,189.40234375,158.984375,167.6015625,0.0,0.0,2.83203125,41.70952224731445
none,3,151,1.0,0.0,1.0,1.0,1.0,1.0,33.32421875,56.68359375,51.84765625,51.80078125,140.6171875,183.48046875,164.35546875,171.67578125,0.0,0.0,2.83984375,42.001991271972656
none,3,152,1.0,0.0,1.0,1.0,1.0,1.0,34.02734375,58.24609375,51.484375,50.78125,142.08203125,190.39453125,164.3515625,167.078125,0.0,0.0,2.59765625,41.942020416259766
none,3,153,1.0,0.0,1.0,1.0,1.0,1.0,33.3515625,58.5703125,51.15234375,51.69140625,139.99609375,190.2109375,163.7578125,171.89453125,0.0,0.0,2.9375,42.30601501464844
none,3,154,1.0,0.0,1.0,1.0,1.0,1.0,33.046875,59.23828125,52.19140625,51.0390625,140.51953125,192.51171875,164.4921875,168.9453125,0.0,0.0,2.70703125,42.33903121948242
none,3,155,1.0,0.0,1.0,1.0,1.0,1.0,31.890625,58.8125,51.9453125,51.75390625,134.49609375,190.15625,163.36328125,171.57421875,0.0,0.0,2.70703125,42.76348114013672
none,3,156,1.0,0.0,1.0,1.0,1.0,1.0,32.79296875,57.41015625,52.48046875,51.640625,137.31640625,183.94921875,164.01953125,168.59765625,0.0,0.0,2.6328125,42.6879997253418
none,3,157,1.0,0.0,1.0,1.0,1.0,1.0,34.00390625,57.59765625,50.9140625,52.6953125,143.07421875,185.484375,161.6953125,171.76171875,0.0,0.0,2.76171875,42.329803466796875
none,3,158,1.0,0.0,1.0,1.0,1.0,1.0,34.0625,58.8203125,52.19921875,52.42578125,141.3203125,188.97265625,163.46484375,171.25390625,0.0,0.0,2.703125,43.05208969116211
none,3,159,1.0,0.0,1.0,1.0,1.0,1.0,33.9921875,58.01171875,52.2421875,52.62890625,140.375,185.0546875,164.3671875,170.5625,0.0,0.0,2.75,42.76180648803711
none,3,160,1.0,0.0,1.0,1.0,1.0,1.0,33.40234375,57.52734375,51.68359375,52.7265625,138.8671875,183.00390625,160.6171875,169.828125,0.0,0.0,2.69140625,42.444427490234375
none,3,161,1.0,0.0,1.0,1.0,1.0,1.0,32.58984375,58.421875,51.5625,53.02734375,136.16796875,187.640625,162.2890625,170.0625,0.0,0.0,2.86328125,42.92584228515625
none,3,162,1.0,0.0,1.0,1.0,1.0,1.0,34.05859375,59.56640625,51.65234375,52.59375,142.09765625,189.33203125,161.71484375,169.37109375,0.0,0.0,2.5390625,42.5291748046875
none,3,163,1.0,0.0,1.0,1.0,1.0,1.0,32.6953125,60.58984375,52.18359375,51.859375,136.98046875,193.69140625,161.11328125,166.515625,0.0,0.0,2.61328125,43.548194885253906
none,3,164,1.0,0.0,1.0,1.0,1.0,1.0,33.83203125,58.7109375,50.5546875,53.6640625,140.0390625,188.15234375,156.83984375,173.515625,0.0,0.0,2.765625,42.74754333496094
none,3,165,1.0,0.0,1.0,1.0,1.0,1.0,33.19921875,59.296875,51.8203125,53.5625,138.33984375,188.453125,160.2890625,172.1328125,0.0,0.0,2.74609375,43.355831146240234
none,3,166,1.0,0.0,1.0,1.0,1.0,1.0,34.70703125,59.51953125,50.6015625,53.375,146.08984375,190.25,156.3046875,171.74609375,0.0,0.0,2.69140625,42.69719696044922
none,3,167,1.0,0.0,1.0,1.0,1.0,1.0,34.5,60.8125,50.95703125,52.84375,143.0625,193.73046875,158.6875,171.0078125,0.0,0.0,2.80078125,43.380577087402344
none,3,168,1.0,0.0,1.0,1.0,1.0,1.0,32.83203125,60.9921875,51.1953125,52.33984375,135.6171875,197.1484375,159.21875,166.9921875,0.0,0.0,2.5625,43.30400848388672
none,3,169,1.0,0.0,1.0,1.0,1.0,1.0,33.21875,60.1953125,51.82421875,51.51171875,137.41796875,192.890625,161.953125,165.296875,0.0,0.0,2.8046875,43.19622802734375
none,3,170,1.0,0.0,1.0,1.0,1.0,1.0,34.02734375,60.8828125,52.38671875,51.046875,142.03125,195.98046875,162.97265625,164.06640625,0.0,0.0,2.59765625,43.069000244140625
none,3,171,1.0,0.0,1.0,1.0,1.0,1.0,33.44140625,62.07421875,51.43359375,51.9296875,140.1484375,199.1875,160.45703125,165.9140625,0.0,0.0,2.64453125,43.966060638427734
none,3,172,1.0,0.0,1.0,1.0,1.0,1.0,33.48828125,60.6015625,51.96484375,52.83203125,139.7578125,195.30859375,162.10546875,168.9140625,0.0,0.0,2.5546875,43.69488525390625
none,3,173,1.0,0.0,1.0,1.0,1.0,1.0,33.46484375,61.0546875,53.0625,51.57421875,138.59375,195.89453125,164.83203125,163.7578125,0.0,0.0,2.5625,44.04269027709961
none,3,174,1.0,0.0,1.0,1.0,1.0,1.0,33.62109375,59.6640625,50.83203125,53.9609375,140.96875,188.60546875,156.32421875,171.078125,0.0,0.0,2.46484375,43.55461120605469
none,3,175,1.0,0.0,1.0,1.0,1.0,1.0,33.82421875,59.69140625,52.95703125,52.2890625,143.03515625,188.19140625,163.53515625,168.984375,0.0,0.0,2.6015625,43.56000518798828
none,3,176,1.0,0.0,1.0,1.0,1.0,1.0,33.81640625,59.0,51.30859375,53.74609375,141.1328125,190.265625,160.05078125,172.54296875,0.0,0.0,2.71875,43.022743225097656
none,3,177,1.0,0.0,1.0,1.0,1.0,1.0,33.8046875,59.72265625,53.09375,54.625,142.55078125,189.7265625,164.9140625,176.265625,0.0,0.0,2.61328125,44.40184783935547
none,3,178,1.0,0.0,1.0,1.0,1.0,1.0,33.94140625,59.30078125,52.0625,53.69140625,142.50390625,188.26953125,161.94921875,172.87890625,0.0,0.0,2.61328125,43.63615417480469
none,3,179,1.0,0.0,1.0,1.0,1.0,1.0,33.73828125,59.23046875,52.3671875,53.89453125,141.5234375,188.46875,162.046875,171.6640625,0.0,0.0,2.6484375,43.39839172363281
none,3,180,1.0,0.0,1.0,1.0,1.0,1.0,33.43359375,58.24609375,53.2890625,53.5546875,141.51953125,185.98828125,165.79296875,171.7890625,0.0,0.0,2.65625,43.56846618652344
none,3,181,1.0,0.0,1.0,1.0,1.0,1.0,34.203125,57.83984375,51.8828125,53.75,144.796875,186.6015625,162.9765625,173.18359375,0.0,0.0,2.7421875,42.629310607910156
none,3,182,1.0,0.0,1.0,1.0,1.0,1.0,32.34375,59.42578125,51.90625,53.64453125,139.2421875,191.78125,163.01953125,171.37890625,0.0,0.0,2.70703125,43.548736572265625
none,3,183,1.0,0.0,1.0,1.0,1.0,1.0,32.37890625,59.29296875,50.70703125,54.8125,140.95703125,192.19140625,160.796875,176.91796875,0.0,0.0,2.5625,43.608638763427734
none,3,184,1.0,0.0,1.0,1.0,1.0,1.0,33.0703125,58.1640625,52.24609375,54.140625,140.10546875,189.21875,165.7578125,172.8203125,0.0,0.0,2.6796875,43.262359619140625
none,3,185,1.0,0.0,1.0,1.0,1.0,1.0,33.5390625,58.10546875,52.828125,53.44140625,143.7578125,189.796875,167.6015625,174.1484375,0.0,0.0,2.70703125,42.91551971435547
none,3,186,1.0,0.0,1.0,1.0,1.0,1.0,32.5390625,58.125,52.37890625,53.40234375,141.6015625,187.06640625,166.30078125,174.5390625,0.0,0.0,2.96875,43.061859130859375
none,3,187,1.0,0.0,1.0,1.0,1.0,1.0,33.0078125,58.37109375,52.96484375,53.40234375,141.5859375,191.36328125,170.59765625,172.921875,0.0,0.0,2.84375,43.467437744140625
none,3,188,1.0,0.0,1.0,1.0,1.0,1.0,32.26953125,58.37109375,53.01171875,52.72265625,138.0859375,191.41796875,168.84765625,169.296875,0.0,0.0,2.96484375,43.1527214050293
none,3,189,1.0,0.0,1.0,1.0,1.0,1.0,32.453125,57.43359375,52.69140625,53.50390625,141.96875,186.75,167.65625,173.76953125,0.0,0.0,2.96875,42.94163513183594
none,3,190,1.0,0.0,1.0,1.0,1.0,1.0,31.9609375,57.984375,52.4765625,52.9453125,136.3828125,188.4765625,168.5859375,170.63671875,0.0,0.0,2.94140625,42.70388412475586
none,3,191,1.0,0.0,1.0,1.0,1.0,1.0,31.79296875,57.97265625,51.69140625,53.00390625,136.03515625,189.15625,165.04296875,170.8671875,0.0,0.0,3.09765625,42.93395233154297
none,3,192,1.0,0.0,1.0,1.0,1.0,1.0,30.56640625,58.21484375,52.046875,52.3359375,129.48046875,191.5,167.359375,168.9765625,0.0,0.0,3.15625,42.605018615722656
none,3,193,1.0,0.0,1.0,1.0,1.0,1.0,30.30859375,57.4140625,52.0234375,51.94921875,129.23828125,187.5234375,169.65234375,165.8828125,0.0,0.0,3.06640625,42.110198974609375
none,3,194,1.0,0.0,1.0,1.0,1.0,1.0,30.27734375,57.55078125,52.140625,52.37890625,128.70703125,191.109375,167.32421875,169.3671875,0.0,0.0,3.1796875,42.34772491455078
none,3,195,1.0,0.0,1.0,1.0,1.0,1.0,31.0390625,57.6484375,52.3203125,51.5234375,132.13671875,189.78125,167.90234375,165.85546875,0.0,0.0,3.3359375,42.27901840209961
none,3,196,1.0,0.0,1.0,1.0,1.0,1.0,30.1328125,57.9765625,52.04296875,51.55078125,128.453125,191.37890625,166.74609375,166.48046875,0.0,0.0,3.2734375,42.17359924316406
none,3,197,1.0,0.0,1.0,1.0,1.0,1.0,30.30859375,58.80078125,52.203125,51.73046875,129.4140625,194.90234375,168.3203125,168.59375,0.0,0.0,3.12109375,42.714073181152344
none,3,198,1.0,0.0,1.0,1.0,1.0,1.0,29.88671875,57.88671875,52.3984375,51.86328125,127.00390625,190.33203125,168.08984375,167.21484375,0.0,0.0,3.25,42.45118713378906
none,3,199,1.0,0.0,1.0,1.0,1.0,1.0,29.71484375,58.86328125,52.71875,51.46875,124.8515625,194.55078125,168.8515625,165.65625,0.0,0.0,3.203125,43.34933090209961
none,3,200,1.0,0.0,1.0,1.0,1.0,1.0,30.87109375,59.35546875,51.36328125,51.26171875,131.78125,197.23828125,164.58984375,164.60546875,0.0,0.0,3.0078125,42.24557113647461
none,3,201,1.0,0.0,1.0,1.0,1.0,1.0,31.0859375,57.69140625,50.52734375,52.51953125,130.34765625,192.2109375,162.05078125,167.890625,0.0,0.0,3.19921875,42.16057586669922
none,3,202,1.0,0.0,1.0,1.0,1.0,1.0,31.3828125,57.48046875,52.203125,51.59375,132.8125,191.89453125,165.3828125,165.8125,0.0,0.0,3.32421875,41.830543518066406
none,3,203,1.0,0.0,1.0,1.0,1.0,1.0,30.953125,58.0390625,51.734375,51.453125,129.17578125,193.7421875,165.828125,165.81640625,0.0,0.0,3.2109375,42.2774658203125
none,3,204,1.0,0.0,1.0,1.0,1.0,1.0,30.87109375,59.29296875,51.97265625,52.33203125,128.8359375,195.31640625,166.171875,167.26953125,0.0,0.0,3.15234375,43.14269256591797
none,3,205,1.0,0.0,1.0,1.0,1.0,1.0,31.40625,58.703125,52.375,51.265625,131.08984375,192.15625,164.125,164.14453125,0.0,0.0,3.08984375,42.59502029418945
none,3,206,1.0,0.0,1.0,1.0,1.0,1.0,31.98046875,59.46875,52.1875,50.41796875,132.76171875,194.64453125,165.203125,163.48828125,0.0,0.0,3.0078125,42.42259216308594
none,3,207,1.0,0.0,1.0,1.0,1.0,1.0,32.1328125,59.57421875,52.14453125,51.23828125,132.53515625,195.18359375,166.51953125,163.48828125,0.0,0.0,3.15234375,42.55888366699219
none,3,208,1.0,0.0,1.0,1.0,1.0,1.0,31.84375,58.95703125,52.5,51.90234375,131.3359375,190.95703125,167.16015625,167.28515625,0.0,0.0,3.1640625,42.91664123535156
none,3,209,1.0,0.0,1.0,1.0,1.0,1.0,32.5625,59.23046875,52.90625,52.125,134.93359375,191.4140625,167.02734375,168.00390625,0.0,0.0,3.02734375,43.235809326171875
none,3,210,1.0,0.0,1.0,1.0,1.0,1.0,30.86328125,57.6796875,52.6328125,52.78125,127.328125,187.41796875,166.421875,169.27734375,0.0,0.0,2.91796875,42.98722839355469
none,3,211,1.0,0.0,1.0,1.0,1.0,1.0,31.5859375,58.171875,51.57421875,53.03125,130.58203125,186.41796875,163.51171875,169.44921875,0.0,0.0,3.0625,42.805660247802734
none,3,212,1.0,0.0,1.0,1.0,1.0,1.0,32.28125,58.09765625,51.9921875,52.89453125,131.50390625,186.71484375,165.25390625,168.73046875,0.0,0.0,3.04296875,42.629119873046875
none,3,213,1.0,0.0,1.0,1.0,1.0,1.0,32.0234375,58.328125,51.1328125,53.66796875,133.5859375,186.2109375,161.08203125,171.27734375,0.0,0.0,2.9765625,43.29088592529297
none,3,214,1.0,0.0,1.0,1.0,1.0,1.0,32.10546875,58.765625,51.86328125,52.98046875,132.80078125,186.56640625,162.7734375,166.89453125,0.0,0.0,3.0703125,42.935028076171875
none,3,215,1.0,0.0,1.0,1.0,1.0,1.0,31.82421875,59.6015625,51.1796875,52.625,129.80859375,189.14453125,160.19140625,166.9609375,0.0,0.0,2.75390625,43.087867736816406
none,3,216,1.0,0.0,1.0,1.0,1.0,1.0,32.3359375,60.87109375,51.4609375,52.1484375,134.25,191.9140625,161.6875,168.0,0.0,0.0,2.91796875,43.423423767089844
none,3,217,1.0,0.0,1.0,1.0,1.0,1.0,32.6015625,60.078125,50.765625,52.953125,134.0859375,191.484375,159.69921875,169.28515625,0.0,0.0,2.91015625,43.19379806518555
none,3,218,1.0,0.0,1.0,1.0,1.0,1.0,31.921875,57.59375,51.37109375,52.77734375,132.046875,183.92578125,162.26171875,169.06640625,0.0,0.0,2.8671875,42.34862518310547
none,3,219,1.0,0.0,1.0,1.0,1.0,1.0,31.15625,58.87890625,50.640625,53.46875,132.28125,185.375,158.9140625,172.1640625,0.0,0.0,2.703125,43.18539047241211
none,3,220,1.0,0.0,1.0,1.0,1.0,1.0,31.2578125,57.9296875,52.15234375,53.92578125,130.734375,182.6328125,163.62109375,171.93359375,0.0,0.0,2.76953125,43.151512145996094
none,3,221,1.0,0.0,1.0,1.0,1.0,1.0,32.0859375,58.46875,50.8671875,52.96484375,134.51953125,185.1640625,160.69140625,169.515625,0.0,0.0,2.73828125,42.82551193237305
none,3,222,1.0,0.0,1.0,1.0,1.0,1.0,31.84765625,58.0546875,53.1171875,52.9375,133.03515625,184.46875,167.625,169.7734375,0.0,0.0,2.62890625,43.56156539916992
none,3,223,1.0,0.0,1.0,1.0,1.0,1.0,31.6171875,58.30078125,51.4765625,53.4921875,132.53515625,185.30078125,162.44140625,172.96875,0.0,0.0,2.63671875,43.088478088378906
none,3,224,1.0,0.0,1.0,1.0,1.0,1.0,32.015625,58.6796875,51.3359375,53.24609375,134.515625,187.65625,161.26953125,172.0625,0.0,0.0,2.9609375,42.80062484741211
none,3,225,1.0,0.0,1.0,1.0,1.0,1.0,31.57421875,58.23046875,50.59375,54.23828125,134.3984375,184.96484375,158.6640625,176.29296875,0.0,0.0,2.84765625,42.92124557495117
none,3,226,1.0,0.0,1.0,1.0,1.0,1.0,31.4765625,58.41015625,50.8828125,53.8515625,132.8125,183.58203125,160.734375,174.26171875,0.0,0.0,2.88671875,42.79962921142578
none,3,227,1.0,0.0,1.0,1.0,1.0,1.0,31.2421875,59.421875,51.0078125,53.7578125,132.23046875,188.26953125,159.88671875,173.16796875,0.0,0.0,2.9375,43.52519226074219
none,3,228,1.0,0.0,1.0,1.0,1.0,1.0,30.4453125,58.234375,51.66796875,53.63671875,130.2109375,184.4765625,162.5859375,172.91796875,0.0,0.0,2.94140625,43.125762939453125
none,3,229,1.0,0.0,1.0,1.0,1.0,1.0,30.6796875,57.828125,51.37890625,54.4921875,130.42578125,181.53515625,160.89453125,175.98046875,0.0,0.0,2.6171875,43.424530029296875
none,3,230,1.0,0.0,1.0,1.0,1.0,1.0,31.9140625,58.953125,49.90234375,53.87890625,136.89453125,186.50390625,156.0234375,174.8203125,0.0,0.0,2.96484375,42.97210693359375
none,3,231,1.0,0.0,1.0,1.0,1.0,1.0,30.77734375,59.05859375,51.421875,52.6328125,131.625,186.6875,160.80859375,170.703125,0.0,0.0,2.91796875,42.694610595703125
none,3,232,1.0,0.0,1.0,1.0,1.0,1.0,33.1484375,58.07421875,50.390625,54.0859375,140.453125,184.98828125,158.87890625,175.67578125,0.0,0.0,2.8203125,42.81241989135742
none,3,233,1.0,0.0,1.0,1.0,1.0,1.0,32.36328125,58.5390625,50.55078125,53.7578125,139.1328125,185.19921875,158.36328125,174.6015625,0.0,0.0,2.71875,43.142303466796875
none,3,234,1.0,0.0,1.0,1.0,1.0,1.0,32.078125,59.0,50.93359375,52.984375,137.5,186.875,159.4609375,169.58984375,0.0,0.0,2.61328125,42.901817321777344
none,3,235,1.0,0.0,1.0,1.0,1.0,1.0,30.95703125,57.89453125,51.96875,52.9765625,133.40625,185.1953125,163.64453125,171.33984375,0.0,0.0,2.8203125,42.96488952636719
none,3,236,1.0,0.0,1.0,1.0,1.0,1.0,31.25,58.6796875,51.39453125,53.171875,135.70703125,185.328125,163.05078125,171.1328125,0.0,0.0,2.70703125,43.10823059082031
none,3,237,1.0,0.0,1.0,1.0,1.0,1.0,31.12109375,59.125,52.0390625,52.07421875,135.3671875,188.09765625,164.10546875,168.5234375,0.0,0.0,2.69921875,43.09994125366211
none,3,238,1.0,0.0,1.0,1.0,1.0,1.0,32.5625,57.57421875,51.71484375,53.5234375,141.046875,182.77734375,162.4453125,172.6328125,0.0,0.0,2.89453125,43.00096130371094
none,3,239,1.0,0.0,1.0,1.0,1.0,1.0,32.24609375,59.09375,51.65625,51.83203125,142.0234375,188.6640625,162.7265625,168.78515625,0.0,0.0,2.95703125,42.79471969604492
none,3,240,1.0,0.0,1.0,1.0,1.0,1.0,31.828125,58.3671875,53.05078125,53.4140625,139.66796875,185.97265625,166.9765625,171.37109375,0.0,0.0,2.89453125,43.61304473876953
none,3,241,1.0,0.0,1.0,1.0,1.0,1.0,32.66015625,59.33984375,52.078125,52.3359375,142.65234375,187.5078125,163.65625,169.40625,0.0,0.0,2.97265625,43.3348388671875
none,3,242,1.0,0.0,1.0,1.0,1.0,1.0,33.19140625,59.83203125,51.67578125,53.29296875,145.05859375,189.66015625,162.27734375,170.34765625,0.0,0.0,2.94140625,43.635284423828125
none,3,243,1.0,0.0,1.0,1.0,1.0,1.0,32.26171875,58.34765625,51.23828125,53.05859375,141.72265625,186.9765625,160.015625,171.98046875,0.0,0.0,2.859375,42.79681396484375
none,3,244,1.0,0.0,1.0,1.0,1.0,1.0,32.50390625,58.21875,52.125,53.28125,142.67578125,184.796875,163.2421875,172.83984375,0.0,0.0,2.93359375,42.927581787109375
none,3,245,1.0,0.0,1.0,1.0,1.0,1.0,32.33203125,59.4609375,51.1953125,53.1640625,142.88671875,188.8515625,158.6171875,170.3828125,0.0,0.0,2.80078125,43.33353805541992
none,3,246,1.0,0.0,1.0,1.0,1.0,1.0,33.3046875,59.60546875,52.25,52.3046875,146.26171875,189.36328125,162.98046875,168.66796875,0.0,0.0,3.01171875,43.110137939453125
none,3,247,1.0,0.0,1.0,1.0,1.0,1.0,32.015625,59.359375,52.2109375,52.9765625,139.546875,187.03515625,163.859375,170.125,0.0,0.0,2.91796875,43.852142333984375
none,3,248,1.0,0.0,1.0,1.0,1.0,1.0,32.54296875,59.61328125,51.9921875,52.51171875,143.2578125,189.04296875,161.81640625,167.73828125,0.0,0.0,3.02734375,43.295894622802734
none,3,249,1.0,0.0,1.0,1.0,1.0,1.0,32.2890625,58.796875,52.8125,53.20703125,142.70703125,186.37109375,164.36328125,171.0859375,0.0,0.0,2.94140625,43.69001388549805
none,3,250,1.0,0.0,1.0,1.0,1.0,1.0,31.4375,60.015625,51.21484375,52.52734375,137.01953125,189.62109375,159.00390625,166.67578125,0.0,0.0,3.03515625,43.545196533203125
none,3,251,1.0,0.0,1.0,1.0,1.0,1.0,32.2734375,59.39453125,52.33203125,53.6171875,143.46484375,187.60546875,162.69921875,170.04296875,0.0,0.0,2.85546875,44.26915740966797
none,3,252,1.0,0.0,1.0,1.0,1.0,1.0,33.3515625,59.47265625,52.5234375,53.01953125,146.54296875,187.015625,162.65234375,168.78125,0.0,0.0,2.83203125,43.91301727294922
none,3,253,1.0,0.0,1.0,1.0,1.0,1.0,33.609375,60.625,51.6796875,53.0,146.65625,189.84765625,160.61328125,168.58984375,0.0,0.0,2.94140625,43.60955810546875
none,3,254,1.0,0.0,1.0,1.0,1.0,1.0,32.76171875,60.8046875,51.9453125,52.1953125,142.51171875,190.171875,161.0390625,165.9296875,0.0,0.0,2.83203125,43.835567474365234
none,3,255,1.0,0.0,1.0,1.0,1.0,1.0,32.2109375,61.4296875,53.2890625,52.04296875,140.71484375,192.83203125,163.359375,163.45703125,0.0,0.0,2.8984375,44.539039611816406
none,3,256,1.0,0.0,1.0,1.0,1.0,1.0,32.87890625,60.33203125,52.76171875,53.87890625,141.140625,187.5390625,162.09765625,168.7109375,0.0,0.0,2.6015625,44.503387451171875
none,3,257,1.0,0.0,1.0,1.0,1.0,1.0,34.09375,60.98046875,51.94140625,52.15625,145.5078125,191.0,158.9296875,164.0546875,0.0,0.0,2.80078125,43.702552795410156
none,3,258,1.0,0.0,1.0,1.0,1.0,1.0,32.609375,60.7890625,53.4140625,54.28125,142.875,189.16796875,163.6875,171.890625,0.0,0.0,2.74609375,45.409637451171875
none,3,259,1.0,0.0,1.0,1.0,1.0,1.0,33.125,61.26171875,53.296875,52.37109375,143.35546875,189.7109375,163.9296875,165.00390625,0.0,0.0,2.4296875,44.302574157714844
none,3,260,1.0,0.0,1.0,1.0,1.0,1.0,32.34375,61.69921875,53.39453125,53.81640625,139.52734375,192.546875,163.51171875,167.7890625,0.0,0.0,2.6796875,44.963768005371094
none,3,261,1.0,0.0,1.0,1.0,1.0,1.0,32.328125,60.4921875,54.35546875,53.87109375,137.2109375,188.5546875,166.84765625,168.3671875,0.0,0.0,2.43359375,45.34650802612305
none,3,262,1.0,0.0,1.0,1.0,1.0,1.0,31.67578125,61.13671875,53.20703125,52.578125,135.234375,189.91015625,162.078125,165.3671875,0.0,0.0,2.65234375,44.27460861206055
none,3,263,1.0,0.0,1.0,1.0,1.0,1.0,32.83203125,61.80078125,53.40234375,53.17578125,138.63671875,192.57421875,163.69921875,166.69140625,0.0,0.0,2.703125,45.0114860534668
none,3,264,1.0,0.0,1.0,1.0,1.0,1.0,32.32421875,60.9453125,53.37890625,53.5625,135.28515625,189.30859375,162.3125,168.48828125,0.0,0.0,2.65625,44.91081237792969
none,3,265,1.0,0.0,1.0,1.0,1.0,1.0,32.9375,61.09375,53.6796875,53.61328125,138.67578125,189.75,163.01953125,167.31640625,0.0,0.0,2.5703125,44.86676025390625
none,3,266,1.0,0.0,1.0,1.0,1.0,1.0,32.30859375,61.8515625,53.18359375,54.22265625,136.859375,191.8984375,163.63671875,169.60546875,0.0,0.0,2.44921875,45.32973861694336
none,3,267,1.0,0.0,1.0,1.0,1.0,1.0,31.47265625,61.01953125,53.40625,54.0546875,133.1484375,188.69140625,162.7734375,169.87890625,0.0,0.0,2.4375,45.1466178894043
none,3,268,1.0,0.0,1.0,1.0,1.0,1.0,32.546875,62.1796875,53.96484375,54.1328125,136.0078125,192.3203125,163.21875,168.33203125,0.0,0.0,2.45703125,45.85161590576172
none,3,269,1.0,0.0,1.0,1.0,1.0,1.0,32.75390625,60.375,54.6640625,54.15625,135.59375,186.64453125,166.05078125,168.2578125,0.0,0.0,2.39453125,45.42562484741211
none,3,270,1.0,0.0,1.0,1.0,1.0,1.0,33.07421875,61.36328125,54.05859375,53.51171875,137.984375,188.40234375,163.6328125,166.28515625,0.0,0.0,2.29296875,45.15996551513672
none,3,271,1.0,0.0,1.0,1.0,1.0,1.0,32.65234375,60.70703125,54.58984375,54.72265625,136.81640625,187.33203125,167.09375,169.97265625,0.0,0.0,2.375,45.5670166015625
none,3,272,1.0,0.0,1.0,1.0,1.0,1.0,32.4453125,60.51171875,53.6328125,54.2734375,135.4609375,187.75,163.58984375,169.6875,0.0,0.0,2.28515625,44.780418395996094
none,3,273,1.0,0.0,1.0,1.0,1.0,1.0,32.046875,61.56640625,53.609375,52.69140625,134.4375,190.1640625,163.1328125,164.4296875,0.0,0.0,2.50390625,44.697723388671875
none,3,274,1.0,0.0,1.0,1.0,1.0,1.0,32.14453125,60.89453125,54.2890625,54.16015625,135.33984375,189.1328125,166.26953125,169.15625,0.0,0.0,2.46484375,45.24945068359375
none,3,275,1.0,0.0,1.0,1.0,1.0,1.0,33.64453125,59.6484375,53.890625,53.7890625,139.58984375,185.921875,165.140625,168.33984375,0.0,0.0,2.46875,44.615478515625
none,3,276,1.0,0.0,1.0,1.0,1.0,1.0,31.89453125,61.79296875,53.78125,53.3515625,135.734375,192.37890625,164.13671875,168.40234375,0.0,0.0,2.44140625,45.181495666503906
none,3,277,1.0,0.0,1.0,1.0,1.0,1.0,33.59765625,61.86328125,53.046875,54.8984375,143.6015625,192.33203125,162.4375,170.92578125,0.0,0.0,2.4921875,45.3438835144043
none,3,278,1.0,0.0,1.0,1.0,1.0,1.0,32.42578125,62.3203125,53.6015625,53.80859375,139.57421875,194.62109375,165.60546875,167.8984375,0.0,0.0,2.60546875,45.6397705078125
none,3,279,1.0,0.0,1.0,1.0,1.0,1.0,32.90625,61.13671875,53.66015625,55.48828125,140.265625,190.3203125,164.47265625,174.89453125,0.0,0.0,2.3359375,45.28709411621094
none,3,280,1.0,0.0,1.0,1.0,1.0,1.0,32.95703125,61.3203125,54.3125,53.7578125,141.10546875,190.03515625,166.171875,169.15234375,0.0,0.0,2.23046875,45.37489318847656
none,3,281,1.0,0.0,1.0,1.0,1.0,1.0,31.828125,61.30078125,53.6953125,54.51953125,138.625,190.4140625,164.19140625,169.47265625,0.0,0.0,2.47265625,45.51331329345703
none,3,282,1.0,0.0,1.0,1.0,1.0,1.0,32.62109375,62.0703125,54.5390625,53.52734375,141.62890625,193.296875,167.87890625,166.95703125,0.0,0.0,2.3671875,46.0090446472168
none,3,283,1.0,0.0,1.0,1.0,1.0,1.0,33.41015625,61.0,54.5703125,54.88671875,144.015625,190.046875,167.09375,171.07421875,0.0,0.0,2.4609375,46.0318717956543
none,3,284,1.0,0.0,1.0,1.0,1.0,1.0,32.71484375,62.9453125,53.58203125,54.5234375,141.69921875,196.203125,163.0,170.109375,0.0,0.0,2.44921875,45.852081298828125
none,3,285,1.0,0.0,1.0,1.0,1.0,1.0,32.90234375,63.24609375,53.6328125,53.66796875,140.8671875,197.24609375,163.984375,166.19140625,0.0,0.0,2.37109375,45.82563400268555
none,3,286,1.0,0.0,1.0,1.0,1.0,1.0,33.09765625,60.8828125,54.26171875,54.6640625,141.796875,189.4765625,164.90234375,169.50390625,0.0,0.0,2.24609375,45.43292236328125
none,3,287,1.0,0.0,1.0,1.0,1.0,1.0,33.37890625,61.80078125,53.3046875,55.953125,145.0859375,189.89453125,161.9921875,174.65625,0.0,0.0,2.40625,46.27019500732422
none,3,288,1.0,0.0,1.0,1.0,1.0,1.0,33.1328125,62.33984375,56.046875,54.5,143.14453125,191.3125,170.19140625,169.00390625,0.0,0.0,2.26953125,46.959144592285156
none,3,289,1.0,0.0,1.0,1.0,1.0,1.0,32.265625,61.7109375,55.34375,55.48828125,138.34375,188.0078125,167.03515625,171.0078125,0.0,0.0,2.31640625,46.834983825683594
none,3,290,1.0,0.0,1.0,1.0,1.0,1.0,33.51953125,61.46875,55.41015625,54.84765625,141.47265625,186.98046875,168.8046875,170.01171875,0.0,0.0,2.22265625,46.590782165527344
none,3,291,1.0,0.0,1.0,1.0,1.0,1.0,33.01953125,62.12109375,54.91796875,54.6328125,139.1484375,187.7734375,166.44140625,168.64453125,0.0,0.0,2.203125,46.27025604248047
none,3,292,1.0,0.0,1.0,1.0,1.0,1.0,32.5,62.22265625,55.94140625,54.6328125,136.5859375,188.14453125,168.3125,167.54296875,0.0,0.0,2.2734375,46.75133514404297
none,3,293,1.0,0.0,1.0,1.0,1.0,1.0,33.0234375,62.25390625,53.86328125,54.23828125,139.546875,188.09765625,162.5234375,168.1328125,0.0,0.0,2.359375,45.95165252685547
none,3,294,1.0,0.0,1.0,1.0,1.0,1.0,33.0859375,60.98046875,55.390625,54.6796875,139.36328125,184.12890625,167.734375,169.21484375,0.0,0.0,2.1875,45.973052978515625
none,3,295,1.0,0.0,1.0,1.0,1.0,1.0,33.5234375,63.08984375,54.890625,53.78515625,139.125,192.73046875,165.74609375,166.17578125,0.0,0.0,1.97265625,46.388519287109375
none,3,296,1.0,0.0,1.0,1.0,1.0,1.0,32.57421875,62.22265625,55.78515625,54.95703125,136.921875,189.390625,169.70703125,171.82421875,0.0,0.0,2.234375,46.674896240234375
none,3,297,1.0,0.0,1.0,1.0,1.0,1.0,32.3203125,61.0625,55.53125,55.59765625,137.37109375,184.80859375,169.3984375,172.71484375,0.0,0.0,2.06640625,46.5694580078125
none,3,298,1.0,0.0,1.0,1.0,1.0,1.0,32.17578125,61.12890625,54.75390625,55.68359375,137.1640625,186.32421875,165.35546875,173.12890625,0.0,0.0,2.015625,46.44442367553711
none,3,299,1.0,0.0,1.0,1.0,1.0,1.0,33.37109375,60.1640625,53.94921875,57.33984375,140.5,180.42578125,163.953125,177.64453125,0.0,0.0,2.16796875,45.94792938232422
none,3,300,1.0,0.0,1.0,1.0,1.0,1.0,32.60546875,60.83203125,55.65234375,56.59375,137.1796875,185.07421875,168.203125,175.55078125,0.0,0.0,2.078125,46.627193450927734
none,3,301,1.0,0.0,1.0,1.0,1.0,1.0,32.984375,60.859375,54.671875,57.49609375,139.1953125,186.15234375,164.3359375,177.51953125,0.0,0.0,2.2265625,46.88951873779297
none,3,302,1.0,0.0,1.0,1.0,1.0,1.0,32.1484375,61.57421875,54.69921875,56.37890625,137.60546875,187.70703125,164.70703125,174.8984375,0.0,0.0,2.2109375,46.79603576660156
none,3,303,1.0,0.0,1.0,1.0,1.0,1.0,32.28125,60.96875,53.1328125,56.57421875,137.1640625,184.71484375,161.43359375,177.23828125,0.0,0.0,2.48046875,45.620216369628906
none,3,304,1.0,0.0,1.0,1.0,1.0,1.0,32.16015625,60.73046875,53.0703125,56.3828125,137.19921875,187.2421875,159.0625,177.453125,0.0,0.0,2.23046875,45.45342254638672
none,3,305,1.0,0.0,1.0,1.0,1.0,1.0,31.6015625,61.203125,54.453125,57.43359375,135.375,187.01953125,165.9453125,177.91015625,0.0,0.0,2.27734375,46.62665557861328
none,3,306,1.0,0.0,1.0,1.0,1.0,1.0,32.41796875,59.76953125,54.49609375,56.80859375,137.34765625,183.578125,163.67578125,177.28125,0.0,0.0,2.3984375,45.90869140625
none,3,307,1.0,0.0,1.0,1.0,1.0,1.0,31.5703125,60.83203125,55.40625,54.96484375,134.99609375,187.39453125,167.53515625,172.40625,0.0,0.0,2.4140625,46.18095397949219
none,3,308,1.0,0.0,1.0,1.0,1.0,1.0,31.265625,62.35546875,56.640625,55.6328125,132.87109375,190.08203125,171.19140625,172.31640625,0.0,0.0,2.08203125,47.38822555541992
none,3,309,1.0,0.0,1.0,1.0,1.0,1.0,31.6640625,60.91796875,55.578125,55.23046875,135.60546875,187.3671875,168.5078125,170.23828125,0.0,0.0,2.15234375,46.54498291015625
none,3,310,1.0,0.0,1.0,1.0,1.0,1.0,31.10546875,62.515625,55.1484375,54.89453125,131.78125,191.171875,166.72265625,168.3671875,0.0,0.0,2.1796875,46.735408782958984
none,3,311,1.0,0.0,1.0,1.0,1.0,1.0,31.05078125,61.484375,55.98828125,55.37890625,131.16796875,188.28125,170.25,170.62109375,0.0,0.0,2.3515625,46.65244674682617
none,3,312,1.0,0.0,1.0,1.0,1.0,1.0,31.60546875,61.1953125,55.046875,55.30078125,134.9296875,187.30078125,166.9296875,171.8359375,0.0,0.0,2.28125,46.55901336669922
none,3,313,1.0,0.0,1.0,1.0,1.0,1.0,31.94921875,61.56640625,55.83203125,54.81640625,135.21875,189.10546875,170.1796875,169.3984375,0.0,0.0,2.08984375,46.59883117675781
none,3,314,1.0,0.0,1.0,1.0,1.0,1.0,32.98046875,61.80078125,55.5546875,55.1796875,139.02734375,190.23046875,169.48828125,171.05078125,0.0,0.0,2.30078125,46.87661361694336
none,3,315,1.0,0.0,1.0,1.0,1.0,1.0,33.08203125,61.40234375,54.29296875,55.87109375,141.33203125,188.59765625,164.359375,173.08203125,0.0,0.0,2.16015625,45.87748718261719
none,3,316,1.0,0.0,1.0,1.0,1.0,1.0,32.30078125,61.91015625,56.1484375,54.8359375,139.765625,188.953125,171.3515625,171.53515625,0.0,0.0,2.13671875,46.721160888671875
none,3,317,1.0,0.0,1.0,1.0,1.0,1.0,32.515625,60.9296875,56.05078125,56.7265625,139.078125,186.53515625,170.9453125,176.07421875,0.0,0.0,2.1640625,47.046810150146484
none,3,318,1.0,0.0,1.0,1.0,1.0,1.0,33.1875,62.01171875,54.3359375,56.8515625,143.5703125,187.85546875,163.6328125,177.09375,0.0,0.0,2.375,46.80155944824219
none,3,319,1.0,0.0,1.0,1.0,1.0,1.0,32.94921875,62.37109375,55.27734375,56.21875,141.85546875,190.0390625,166.51953125,174.6484375,0.0,0.0,2.1171875,46.8348388671875
none,3,320,1.0,0.0,1.0,1.0,1.0,1.0,33.40625,61.1484375,55.85546875,57.44140625,143.43359375,186.32421875,166.41015625,178.2734375,0.0,0.0,2.125,47.094627380371094
none,3,321,1.0,0.0,1.0,1.0,1.0,1.0,34.02734375,61.78515625,55.15625,55.51953125,146.0546875,187.9765625,164.66796875,174.23046875,0.0,0.0,2.05078125,46.464317321777344
none,3,322,1.0,0.0,1.0,1.0,1.0,1.0,32.8671875,62.11328125,54.609375,57.77734375,143.1640625,188.7109375,164.1640625,179.35546875,0.0,0.0,2.1015625,47.14606857299805
none,3,323,1.0,0.0,1.0,1.0,1.0,1.0,32.30859375,61.35546875,54.4375,56.98046875,140.0859375,186.578125,162.94921875,178.05078125,0.0,0.0,2.1484375,46.88862228393555
none,3,324,1.0,0.0,1.0,1.0,1.0,1.0,32.59375,61.9765625,55.68359375,56.375,143.703125,188.46875,167.828125,174.21875,0.0,0.0,2.25,47.05303955078125
none,3,325,1.0,0.0,1.0,1.0,1.0,1.0,32.1015625,62.75,55.7421875,56.2265625,139.48046875,189.5625,167.03125,174.96875,0.0,0.0,2.140625,47.514556884765625
none,3,326,1.0,0.0,1.0,1.0,1.0,1.0,32.21875,61.23828125,54.79296875,55.72265625,141.71484375,185.6796875,163.8984375,173.296875,0.0,0.0,2.36328125,46.456504821777344
none,3,327,1.0,0.0,1.0,1.0,1.0,1.0,31.6015625,62.83203125,54.99609375,56.21484375,138.21875,189.7734375,164.359375,173.66015625,0.0,0.0,2.09765625,47.002986907958984
none,3,328,1.0,0.0,1.0,1.0,1.0,1.0,31.43359375,62.14453125,55.9921875,56.36328125,136.4296875,189.625,166.92578125,174.8359375,0.0,0.0,2.0859375,47.225276947021484
none,3,329,1.0,0.0,1.0,1.0,1.0,1.0,31.65625,64.17578125,55.3125,54.83984375,139.25,195.46875,166.20703125,168.37109375,0.0,0.0,2.0234375,47.152099609375
none,3,330,1.0,0.0,1.0,1.0,1.0,1.0,31.5234375,62.29296875,55.5625,55.13671875,140.74609375,188.17578125,164.99609375,170.14453125,0.0,0.0,2.13671875,46.888336181640625
none,3,331,1.0,0.0,1.0,1.0,1.0,1.0,31.5703125,62.1796875,55.7421875,55.9921875,140.34375,189.12890625,166.12109375,172.1171875,0.0,0.0,2.01953125,47.51036834716797
none,3,332,1.0,0.0,1.0,1.0,1.0,1.0,31.04296875,63.40625,55.4296875,57.1796875,138.3515625,192.33984375,165.40625,177.49609375,0.0,0.0,2.1015625,47.756404876708984
none,3,333,1.0,0.0,1.0,1.0,1.0,1.0,31.2421875,62.49609375,56.1171875,55.0234375,138.84765625,191.140625,166.21484375,169.75,0.0,0.0,2.0546875,47.4002685546875
none,3,334,1.0,0.0,1.0,1.0,1.0,1.0,30.65625,62.98828125,56.6171875,55.04296875,139.1015625,189.56640625,168.34765625,171.8671875,0.0,0.0,2.3203125,47.46466827392578
none,3,335,1.0,0.0,1.0,1.0,1.0,1.0,31.0859375,62.6875,55.7265625,55.46875,139.2890625,190.57421875,166.6796875,172.7265625,0.0,0.0,2.1875,47.3964958190918
none,3,336,1.0,0.0,1.0,1.0,1.0,1.0,30.296875,62.4921875,55.41796875,54.26953125,137.1328125,190.76953125,165.05859375,169.14453125,0.0,0.0,2.3046875,46.80250549316406
none,3,337,1.0,0.0,1.0,1.0,1.0,1.0,30.265625,62.25390625,56.3359375,53.74609375,136.9765625,190.453125,168.19140625,167.609375,0.0,0.0,2.3515625,46.530426025390625
none,3,338,1.0,0.0,1.0,1.0,1.0,1.0,30.08203125,62.5625,55.5546875,56.26171875,136.02734375,192.08203125,166.23046875,173.1875,0.0,0.0,2.203125,47.46656799316406
none,3,339,1.0,0.0,1.0,1.0,1.0,1.0,29.45703125,62.76953125,55.96484375,55.6171875,132.6640625,191.9453125,167.66015625,172.9296875,0.0,0.0,2.44140625,47.40218734741211
none,3,340,1.0,0.0,1.0,1.0,1.0,1.0,28.92578125,62.53125,56.578125,55.23046875,130.4921875,191.6953125,169.046875,172.13671875,0.0,0.0,2.4296875,47.31136703491211
none,3,341,1.0,0.0,1.0,1.0,1.0,1.0,29.21484375,62.4609375,55.74609375,55.59765625,129.26953125,190.0703125,165.48046875,172.609375,0.0,0.0,2.54296875,47.11826705932617
none,3,342,1.0,0.0,1.0,1.0,1.0,1.0,28.8125,62.85546875,56.21875,54.859375,128.09765625,191.3515625,167.20703125,170.60546875,0.0,0.0,2.37890625,47.4471549987793
none,3,343,1.0,0.0,1.0,1.0,1.0,1.0,29.70703125,61.23046875,55.203125,56.5078125,131.5703125,185.140625,163.2890625,174.859375,0.0,0.0,2.390625,47.05585861206055
none,3,344,1.0,0.0,1.0,1.0,1.0,1.0,29.5234375,63.25390625,56.87109375,55.734375,129.07421875,190.6875,168.1015625,171.375,0.0,0.0,2.44921875,47.8187255859375
none,3,345,1.0,0.0,1.0,1.0,1.0,1.0,29.89453125,62.453125,56.71875,56.28515625,131.94140625,188.64453125,168.796875,173.62890625,0.0,0.0,2.2578125,47.9807243347168
none,3,346,1.0,0.0,1.0,1.0,1.0,1.0,29.859375,62.73828125,56.06640625,55.921875,130.984375,188.828125,166.81640625,173.4453125,0.0,0.0,2.4453125,47.83042526245117
none,3,347,1.0,0.0,1.0,1.0,1.0,1.0,29.2734375,62.0390625,56.4296875,56.3125,128.2734375,184.96875,167.80859375,173.5078125,0.0,0.0,2.140625,47.794891357421875
none,3,348,1.0,0.0,1.0,1.0,1.0,1.0,29.58984375,63.3046875,57.6796875,56.390625,128.4609375,188.76171875,170.08203125,173.0234375,0.0,0.0,2.421875,48.65240478515625
none,3,349,1.0,0.0,1.0,1.0,1.0,1.0,29.3828125,63.046875,58.296875,55.9921875,127.91015625,188.1171875,172.55078125,170.546875,0.0,0.0,2.22265625,48.519432067871094
none,3,350,1.0,0.0,1.0,1.0,1.0,1.0,29.44140625,62.84765625,56.19140625,56.8984375,130.4453125,186.375,166.7421875,173.86328125,0.0,0.0,2.25390625,48.12052536010742
none,3,351,1.0,0.0,1.0,1.0,1.0,1.0,29.640625,64.51953125,58.515625,55.51171875,129.37109375,190.9453125,174.07421875,169.4453125,0.0,0.0,2.00390625,49.32963180541992
none,3,352,1.0,0.0,1.0,1.0,1.0,1.0,29.6796875,64.9375,58.71484375,56.87109375,129.41796875,192.93359375,173.91015625,172.43359375,0.0,0.0,2.0078125,49.749855041503906
none,3,353,1.0,0.0,1.0,1.0,1.0,1.0,29.578125,63.9765625,57.71484375,55.28515625,128.63671875,191.62109375,171.3515625,168.80078125,0.0,0.0,2.0078125,48.709320068359375
none,3,354,1.0,0.0,1.0,1.0,1.0,1.0,30.37890625,63.4375,58.1875,56.77734375,131.703125,189.40625,171.8984375,172.265625,0.0,0.0,1.85546875,49.093788146972656
none,3,355,1.0,0.0,1.0,1.0,1.0,1.0,30.1328125,64.765625,57.26171875,56.46875,133.3359375,190.9375,168.69140625,171.453125,0.0,0.0,1.94921875,49.12633514404297
none,3,356,1.0,0.0,1.0,1.0,1.0,1.0,30.4296875,64.32421875,58.359375,55.65625,133.90234375,193.2578125,172.30078125,169.90625,0.0,0.0,1.8828125,48.933258056640625
none,3,357,1.0,0.0,1.0,1.0,1.0,1.0,29.359375,65.203125,59.28125,55.13671875,128.82421875,197.70703125,175.54296875,168.34765625,0.0,0.0,1.92578125,49.61119079589844
none,3,358,1.0,0.0,1.0,1.0,1.0,1.0,30.2109375,64.375,57.78125,56.453125,133.421875,194.88671875,170.87890625,172.21484375,0.0,0.0,1.984375,48.93839645385742
none,3,359,1.0,0.0,1.0,1.0,1.0,1.0,30.10546875,63.4375,57.0546875,55.86328125,134.63671875,193.12109375,169.3125,170.16796875,0.0,0.0,1.8828125,48.14899826049805
none,3,360,1.0,0.0,1.0,1.0,1.0,1.0,30.32421875,65.7890625,57.171875,54.98828125,135.140625,200.8203125,170.6953125,168.3671875,0.0,0.0,1.9296875,49.26091766357422
none,3,361,1.0,0.0,1.0,1.0,1.0,1.0,30.453125,64.82421875,58.4921875,55.328125,136.49609375,197.09375,174.59375,168.54296875,0.0,0.0,2.0078125,49.041236877441406
none,3,362,1.0,0.0,1.0,1.0,1.0,1.0,30.73046875,65.015625,58.40234375,56.3046875,138.62890625,197.203125,172.99609375,171.87890625,0.0,0.0,1.9296875,49.79146957397461
none,3,363,1.0,0.0,1.0,1.0,1.0,1.0,30.484375,64.4609375,58.41015625,57.31640625,135.65625,194.1640625,172.015625,173.07421875,0.0,0.0,1.96875,49.8509521484375
none,3,364,1.0,0.0,1.0,1.0,1.0,1.0,30.29296875,64.59765625,58.36328125,56.4296875,134.03125,194.19140625,173.2109375,170.07421875,0.0,0.0,1.99609375,49.751319885253906
none,3,365,1.0,0.0,1.0,1.0,1.0,1.0,30.5703125,65.203125,56.78125,56.7421875,135.90234375,195.421875,167.6875,173.46484375,0.0,0.0,1.859375,49.46495819091797
none,3,366,1.0,0.0,1.0,1.0,1.0,1.0,29.83984375,64.3984375,58.79296875,55.23828125,132.6015625,194.98046875,173.03125,167.53515625,0.0,0.0,1.7890625,49.130958557128906
none,3,367,1.0,0.0,1.0,1.0,1.0,1.0,28.94140625,65.81640625,58.23046875,55.08203125,131.51171875,197.68359375,172.7421875,168.3046875,0.0,0.0,1.859375,49.45720672607422
none,3,368,1.0,0.0,1.0,1.0,1.0,1.0,30.1875,64.265625,57.921875,57.09765625,135.234375,194.57421875,173.4296875,174.35546875,0.0,0.0,1.94140625,49.28917694091797
none,3,369,1.0,0.0,1.0,1.0,1.0,1.0,28.734375,66.38671875,58.3046875,55.109375,128.24609375,199.55078125,173.08984375,167.73828125,0.0,0.0,1.8984375,49.73273849487305
none,3,370,1.0,0.0,1.0,1.0,1.0,1.0,28.94921875,65.12890625,59.45703125,54.80078125,130.4296875,195.96484375,177.31640625,167.54296875,0.0,0.0,1.7734375,49.4907341003418
none,3,371,1.0,0.0,1.0,1.0,1.0,1.0,29.68359375,65.21875,58.68359375,55.93359375,131.88671875,194.88671875,173.09375,169.78125,0.0,0.0,1.96875,49.66697311401367
none,3,372,1.0,0.0,1.0,1.0,1.0,1.0,29.515625,63.44140625,58.3984375,58.0546875,132.4921875,191.625,173.57421875,178.55859375,0.0,0.0,1.8046875,50.13914108276367
none,3,373,1.0,0.0,1.0,1.0,1.0,1.0,29.17578125,62.96875,58.51171875,57.984375,132.05859375,188.26953125,173.90234375,177.671875,0.0,0.0,1.85546875,49.900726318359375
none,3,374,1.0,0.0,1.0,1.0,1.0,1.0,29.80859375,63.9375,58.28125,56.51171875,135.80078125,192.01171875,172.80078125,173.09765625,0.0,0.0,1.8203125,49.37119674682617
none,3,375,1.0,0.0,1.0,1.0,1.0,1.0,29.7265625,65.12109375,57.05078125,56.9375,133.68359375,194.8203125,169.3203125,174.4765625,0.0,0.0,1.890625,49.5994873046875
none,3,376,1.0,0.0,1.0,1.0,1.0,1.0,29.875,64.8671875,58.6328125,56.56640625,133.515625,194.55078125,173.66796875,172.390625,0.0,0.0,1.91796875,50.14289093017578
none,3,377,1.0,0.0,1.0,1.0,1.0,1.0,29.98046875,65.3828125,58.296875,57.453125,135.49609375,196.5546875,173.00390625,176.55859375,0.0,0.0,1.90234375,50.19038009643555
none,3,378,1.0,0.0,1.0,1.0,1.0,1.0,29.85546875,64.16796875,58.6640625,58.11328125,135.05859375,192.30078125,175.15625,177.890625,0.0,0.0,1.98046875,50.446067810058594
none,3,379,1.0,0.0,1.0,1.0,1.0,1.0,29.734375,64.046875,59.55078125,57.5625,130.4140625,190.6171875,176.4921875,176.3203125,0.0,0.0,1.95703125,50.60004806518555
none,3,380,1.0,0.0,1.0,1.0,1.0,1.0,29.5234375,65.0859375,59.85546875,57.17578125,132.3984375,193.515625,177.015625,174.94921875,0.0,0.0,1.921875,50.78765106201172
none,3,381,1.0,0.0,1.0,1.0,1.0,1.0,29.91796875,66.0234375,59.05078125,56.296875,133.66015625,197.08984375,174.79296875,171.0,0.0,0.0,2.03515625,50.28009033203125
none,3,382,1.0,0.0,1.0,1.0,1.0,1.0,30.29296875,65.09765625,57.95703125,56.78515625,136.3203125,195.63671875,170.6796875,173.234375,0.0,0.0,1.83984375,49.949668884277344
none,3,383,1.0,0.0,1.0,1.0,1.0,1.0,30.0,65.35546875,59.1015625,55.99609375,135.6328125,193.953125,176.72265625,170.93359375,0.0,0.0,1.8828125,50.01060104370117
none,3,384,1.0,0.0,1.0,1.0,1.0,1.0,30.15234375,64.89453125,59.71484375,56.9296875,135.09765625,193.65625,176.6875,173.21875,0.0,0.0,1.65234375,50.83210372924805
none,3,385,1.0,0.0,1.0,1.0,1.0,1.0,29.98046875,65.7421875,58.87890625,56.5546875,135.578125,196.5546875,176.0078125,173.51171875,0.0,0.0,1.80078125,50.346473693847656
none,3,386,1.0,0.0,1.0,1.0,1.0,1.0,31.0703125,65.61328125,59.109375,56.015625,137.3046875,195.1171875,175.80859375,170.5625,0.0,0.0,1.91796875,49.958534240722656
none,3,387,1.0,0.0,1.0,1.0,1.0,1.0,30.70703125,64.9140625,58.515625,56.953125,137.80859375,194.359375,173.86328125,171.6953125,0.0,0.0,1.59765625,50.0424919128418
none,3,388,1.0,0.0,1.0,1.0,1.0,1.0,29.8359375,65.296875,59.23828125,56.4375,135.12109375,195.0546875,176.4921875,171.87890625,0.0,0.0,1.69140625,50.60346603393555
none,3,389,1.0,0.0,1.0,1.0,1.0,1.0,29.84375,64.76171875,61.01953125,56.546875,133.26171875,194.73046875,180.05859375,171.390625,0.0,0.0,1.64453125,50.934295654296875
none,3,390,1.0,0.0,1.0,1.0,1.0,1.0,30.9140625,64.33984375,59.55859375,57.58203125,139.88671875,193.81640625,175.2734375,176.515625,0.0,0.0,1.77734375,50.56672286987305
none,3,391,1.0,0.0,1.0,1.0,1.0,1.0,29.31640625,64.265625,59.375,57.66015625,134.203125,192.50390625,176.40234375,174.50390625,0.0,0.0,1.76953125,50.4777946472168
none,3,392,1.0,0.0,1.0,1.0,1.0,1.0,30.0625,66.00390625,60.2890625,56.9453125,138.81640625,196.8671875,177.84375,173.3984375,0.0,0.0,1.69921875,50.984920501708984
none,3,393,1.0,0.0,1.0,1.0,1.0,1.0,30.10546875,64.3671875,59.59375,57.8984375,138.5,193.53125,176.34765625,176.37890625,0.0,0.0,1.6171875,50.848358154296875
none,3,394,1.0,0.0,1.0,1.0,1.0,1.0,30.1328125,63.9765625,60.34765625,57.52734375,137.484375,191.71875,178.59765625,175.109375,0.0,0.0,1.78515625,50.743003845214844
none,3,395,1.0,0.0,1.0,1.0,1.0,1.0,30.41015625,64.6640625,59.4921875,55.8125,138.36328125,194.69140625,177.32421875,169.30859375,0.0,0.0,1.76953125,49.61344528198242
none,3,396,1.0,0.0,1.0,1.0,1.0,1.0,30.30078125,63.5078125,59.1796875,57.89453125,139.17578125,189.6328125,176.28515625,177.70703125,0.0,0.0,1.625,49.96738815307617
none,3,397,1.0,0.0,1.0,1.0,1.0,1.0,30.6328125,63.390625,59.21875,57.98046875,141.078125,190.12109375,175.97265625,177.00390625,0.0,0.0,1.875,50.119590759277344
none,3,398,1.0,0.0,1.0,1.0,1.0,1.0,30.26171875,64.1328125,58.78515625,58.640625,140.19921875,193.61328125,174.55859375,178.03515625,0.0,0.0,1.5859375,50.66827392578125
none,3,399,1.0,0.0,1.0,1.0,1.0,1.0,30.80078125,64.2890625,58.3515625,58.234375,142.5859375,193.55078125,173.88671875,177.9375,0.0,0.0,1.76171875,50.118186950683594
none,3,400,1.0,0.0,1.0,1.0,1.0,1.0,30.32421875,63.96484375,60.04296875,58.25390625,141.4921875,192.44921875,178.04296875,177.34375,0.0,0.0,1.6875,50.60392761230469
none,3,401,1.0,0.0,1.0,1.0,1.0,1.0,29.96484375,64.14453125,60.1953125,57.87890625,137.7421875,193.5859375,178.125,175.93359375,0.0,0.0,1.8046875,50.51727294921875
none,3,402,1.0,0.0,1.0,1.0,1.0,1.0,29.98828125,63.96484375,59.37109375,57.453125,138.5859375,193.58984375,175.84765625,175.3125,0.0,0.0,1.76953125,50.312103271484375
none,3,403,1.0,0.0,1.0,1.0,1.0,1.0,30.3359375,62.8203125,58.78515625,58.32421875,141.98828125,188.25390625,173.0390625,178.06640625,0.0,0.0,1.8125,49.61155319213867
none,3,404,1.0,0.0,1.0,1.0,1.0,1.0,30.71875,62.75,59.265625,59.13671875,142.36328125,185.90234375,175.40234375,181.109375,0.0,0.0,1.69140625,50.854331970214844
none,3,405,1.0,0.0,1.0,1.0,1.0,1.0,30.21875,62.55078125,59.68359375,58.39453125,142.90625,187.10546875,176.1640625,179.51953125,0.0,0.0,1.96484375,50.08982467651367
none,3,406,1.0,0.0,1.0,1.0,1.0,1.0,29.3515625,63.5,58.49609375,57.953125,139.31640625,190.71484375,172.54296875,176.5078125,0.0,0.0,1.72265625,50.29581832885742
none,3,407,1.0,0.0,1.0,1.0,1.0,1.0,29.2890625,63.55859375,59.61328125,58.828125,139.59765625,190.1953125,176.46484375,178.828125,0.0,0.0,1.6796875,51.216522216796875
none,3,408,1.0,0.0,1.0,1.0,1.0,1.0,30.16796875,62.59375,58.7109375,58.30859375,140.93359375,186.78515625,173.61328125,178.68359375,0.0,0.0,1.7109375,50.1925048828125
none,3,409,1.0,0.0,1.0,1.0,1.0,1.0,30.36328125,62.25390625,59.234375,59.953125,142.15234375,185.4296875,173.1171875,182.1484375,0.0,0.0,1.9765625,50.70616912841797
none,3,410,1.0,0.0,1.0,1.0,1.0,1.0,30.53515625,62.5546875,59.66015625,59.48046875,141.4921875,184.94140625,175.265625,180.38671875,0.0,0.0,1.7734375,50.40415573120117
none,3,411,1.0,0.0,1.0,1.0,1.0,1.0,30.01171875,62.578125,60.09765625,58.98046875,141.25390625,185.29296875,175.15625,179.2265625,0.0,0.0,1.81640625,50.45259094238281
none,3,412,1.0,0.0,1.0,1.0,1.0,1.0,29.8828125,64.41015625,59.65625,58.09375,138.359375,191.34765625,175.625,176.4296875,0.0,0.0,1.84375,50.840633392333984
none,3,413,1.0,0.0,1.0,1.0,1.0,1.0,29.9375,63.43359375,58.7109375,57.94140625,139.28515625,188.796875,172.1484375,176.55078125,0.0,0.0,1.6796875,50.3604850769043
none,3,414,1.0,0.0,1.0,1.0,1.0,1.0,29.00390625,63.4921875,59.0859375,58.58984375,137.61328125,189.9140625,171.8203125,177.80078125,0.0,0.0,1.81640625,50.27842330932617
none,3,415,1.0,0.0,1.0,1.0,1.0,1.0,28.80859375,62.83984375,59.1328125,58.95703125,137.23046875,187.80078125,172.265625,179.65234375,0.0,0.0,1.953125,50.91797637939453
none,3,416,1.0,0.0,1.0,1.0,1.0,1.0,28.609375,63.8984375,59.40234375,59.5,135.9765625,188.97265625,173.375,179.96484375,0.0,0.0,1.8046875,51.20124816894531
none,3,417,1.0,0.0,1.0,1.0,1.0,1.0,28.9453125,63.6796875,60.4765625,58.953125,135.6796875,187.0,176.6015625,177.41796875,0.0,0.0,1.72265625,51.422447204589844
none,3,418,1.0,0.0,1.0,1.0,1.0,1.0,30.15234375,62.74609375,59.3203125,59.41015625,139.671875,185.9375,172.72265625,179.953125,0.0,0.0,1.83984375,50.27691650390625
none,3,419,1.0,0.0,1.0,1.0,1.0,1.0,29.3828125,64.23828125,59.8125,57.56640625,138.41796875,191.92578125,173.8671875,174.58203125,0.0,0.0,1.82421875,50.8009033203125
none,3,420,1.0,0.0,1.0,1.0,1.0,1.0,29.25390625,63.7734375,60.08984375,59.01171875,137.87890625,188.609375,176.8515625,177.390625,0.0,0.0,1.72265625,51.393310546875
none,3,421,1.0,0.0,1.0,1.0,1.0,1.0,29.40234375,62.7265625,59.30078125,60.109375,136.87109375,185.78125,173.76953125,182.390625,0.0,0.0,1.72265625,50.56884002685547
none,3,422,1.0,0.0,1.0,1.0,1.0,1.0,27.8984375,64.828125,59.984375,58.0,133.38671875,191.14453125,174.55078125,174.703125,0.0,0.0,1.890625,51.18060302734375
none,3,423,1.0,0.0,1.0,1.0,1.0,1.0,28.796875,61.2578125,59.42578125,58.5390625,132.58984375,180.72265625,173.296875,177.12890625,0.0,0.0,1.9609375,49.75975799560547
none,3,424,1.0,0.0,1.0,1.0,1.0,1.0,28.57421875,62.74609375,60.02734375,59.34375,135.13671875,184.3984375,175.36328125,179.74609375,0.0,0.0,1.8984375,51.36002731323242
none,3,425,1.0,0.0,1.0,1.0,1.0,1.0,28.359375,62.44140625,60.4765625,58.7109375,133.8984375,183.5859375,175.5703125,177.4296875,0.0,0.0,1.828125,50.41253662109375
none,3,426,1.0,0.0,1.0,1.0,1.0,1.0,29.23046875,64.0546875,59.828125,58.2578125,138.17578125,188.16015625,174.2421875,175.94921875,0.0,0.0,1.8671875,50.80982971191406
none,3,427,1.0,0.0,1.0,1.0,1.0,1.0,29.0625,61.73828125,59.9453125,60.28515625,135.96875,182.2109375,174.56640625,181.58984375,0.0,0.0,1.83984375,50.82029342651367
none,3,428,1.0,0.0,1.0,1.0,1.0,1.0,29.03125,63.34375,59.41015625,59.55859375,137.21875,186.18359375,172.4609375,180.51953125,0.0,0.0,1.84375,50.9365348815918
none,3,429,1.0,0.0,1.0,1.0,1.0,1.0,28.84375,63.06640625,59.578125,60.23046875,137.8828125,187.13671875,174.4921875,182.35546875,0.0,0.0,1.859375,51.43019104003906
none,3,430,1.0,0.0,1.0,1.0,1.0,1.0,28.36328125,63.1875,60.3671875,60.33203125,134.6328125,186.828125,175.8828125,183.04296875,0.0,0.0,2.02734375,51.6180534362793
none,3,431,1.0,0.0,1.0,1.0,1.0,1.0,28.46875,64.03125,59.43359375,58.984375,136.4765625,188.2890625,173.83984375,177.8515625,0.0,0.0,1.765625,50.590904235839844
none,3,432,1.0,0.0,1.0,1.0,1.0,1.0,29.421875,65.93359375,59.7890625,58.73828125,139.46484375,193.38671875,175.31640625,177.37890625,0.0,0.0,1.90625,51.621299743652344
none,3,433,1.0,0.0,1.0,1.0,1.0,1.0,28.33203125,64.57421875,59.65234375,59.0546875,134.9765625,191.609375,175.0546875,177.90234375,0.0,0.0,1.921875,51.377864837646484
none,3,434,1.0,0.0,1.0,1.0,1.0,1.0,29.234375,64.125,60.21484375,58.9140625,137.67578125,188.94140625,174.4765625,178.3203125,0.0,0.0,1.953125,50.7093505859375
none,3,435,1.0,0.0,1.0,1.0,1.0,1.0,29.40234375,64.15234375,59.1640625,58.18359375,138.1484375,189.69921875,173.6796875,172.86328125,0.0,0.0,1.87109375,50.30145263671875
none,3,436,1.0,0.0,1.0,1.0,1.0,1.0,28.875,65.59765625,60.26171875,58.97265625,136.20703125,193.25,175.56640625,176.41015625,0.0,0.0,1.84375,51.71875762939453
none,3,437,1.0,0.0,1.0,1.0,1.0,1.0,28.6640625,65.91015625,60.5234375,57.796875,135.06640625,194.66796875,176.90625,173.66796875,0.0,0.0,2.0,51.649715423583984
none,3,438,1.0,0.0,1.0,1.0,1.0,1.0,28.16796875,64.21875,60.4375,58.7265625,132.69140625,190.38671875,176.5,176.71484375,0.0,0.0,1.8828125,51.127532958984375
none,3,439,1.0,0.0,1.0,1.0,1.0,1.0,27.90625,64.44140625,58.828125,59.3984375,134.15234375,189.73828125,171.63671875,179.375,0.0,0.0,1.96484375,50.74416732788086
none,3,440,1.0,0.0,1.0,1.0,1.0,1.0,28.61328125,64.9921875,60.32421875,57.7734375,134.44140625,191.859375,175.44921875,174.5546875,0.0,0.0,2.01953125,51.05564498901367
none,3,441,1.0,0.0,1.0,1.0,1.0,1.0,28.10546875,65.26171875,60.01953125,58.609375,132.578125,191.71875,174.6796875,176.37109375,0.0,0.0,1.8828125,51.6949462890625
none,3,442,1.0,0.0,1.0,1.0,1.0,1.0,28.3125,65.1953125,60.21484375,57.9375,133.66015625,191.14453125,175.0859375,174.94140625,0.0,0.0,1.94921875,51.2454833984375
none,3,443,1.0,0.0,1.0,1.0,1.0,1.0,28.3359375,65.48828125,58.82421875,58.2109375,133.765625,193.2109375,170.3515625,174.921875,0.0,0.0,2.08984375,51.0079345703125
none,3,444,1.0,0.0,1.0,1.0,1.0,1.0,27.53515625,65.75390625,59.9609375,58.203125,131.90625,192.9921875,173.31640625,175.25,0.0,0.0,2.0,51.407562255859375
none,3,445,1.0,0.0,1.0,1.0,1.0,1.0,27.23828125,66.5546875,60.10546875,59.10546875,133.12890625,194.46875,174.55078125,177.0546875,0.0,0.0,1.9765625,52.259605407714844
none,3,446,1.0,0.0,1.0,1.0,1.0,1.0,28.48828125,66.76953125,61.49609375,57.64453125,137.203125,195.67578125,179.33984375,172.83203125,0.0,0.0,1.8671875,52.20960998535156
none,3,447,1.0,0.0,1.0,1.0,1.0,1.0,28.171875,65.51171875,59.96484375,59.10546875,136.0,191.72265625,174.359375,178.0859375,0.0,0.0,1.9921875,51.902435302734375
none,3,448,1.0,0.0,1.0,1.0,1.0,1.0,27.01953125,64.61328125,61.61328125,58.5234375,130.70703125,189.71875,178.29296875,174.67578125,0.0,0.0,1.83984375,52.02912902832031
none,3,449,1.0,0.0,1.0,1.0,1.0,1.0,28.5859375,65.44140625,59.875,59.21875,137.890625,193.13671875,173.87109375,177.83203125,0.0,0.0,1.91796875,51.77796173095703
none,3,450,1.0,0.0,1.0,1.0,1.0,1.0,28.3984375,65.14453125,61.07421875,58.82421875,139.0546875,190.390625,175.89453125,177.0390625,0.0,0.0,1.9453125,51.773902893066406
none,3,451,1.0,0.0,1.0,1.0,1.0,1.0,26.125,65.73046875,60.12109375,59.4609375,129.67578125,192.44921875,176.1015625,178.51171875,0.0,0.0,1.83984375,52.48595428466797
none,3,452,1.0,0.0,1.0,1.0,1.0,1.0,27.62890625,64.73046875,61.65625,58.7421875,134.7734375,191.6796875,177.75,177.50390625,0.0,0.0,1.93359375,51.84934616088867
none,3,453,1.0,0.0,1.0,1.0,1.0,1.0,27.5546875,65.66796875,60.76171875,58.55078125,134.765625,194.375,176.51171875,175.83203125,0.0,0.0,1.87109375,51.808021545410156
none,3,454,1.0,0.0,1.0,1.0,1.0,1.0,28.2421875,66.37890625,61.3984375,58.76171875,137.28125,194.05859375,178.02734375,175.86328125,0.0,0.0,1.984375,52.5882568359375
none,3,455,1.0,0.0,1.0,1.0,1.0,1.0,27.1953125,67.06640625,59.17578125,58.37890625,133.4921875,197.8828125,171.01953125,174.49609375,0.0,0.0,1.83203125,52.3062858581543
none,3,456,1.0,0.0,1.0,1.0,1.0,1.0,27.5078125,66.3828125,59.69921875,58.515625,134.45703125,195.28125,174.2734375,176.0078125,0.0,0.0,1.74609375,51.6054801940918
none,3,457,1.0,0.0,1.0,1.0,1.0,1.0,27.71484375,65.625,61.140625,58.0703125,136.5625,195.17578125,177.43359375,173.58203125,0.0,0.0,1.88671875,51.92853927612305
none,3,458,1.0,0.0,1.0,1.0,1.0,1.0,27.875,66.3671875,60.35546875,59.12890625,140.46484375,194.82421875,176.296875,177.1484375,0.0,0.0,1.9921875,52.246307373046875
none,3,459,1.0,0.0,1.0,1.0,1.0,1.0,26.984375,67.18359375,60.66796875,58.66796875,133.22265625,197.41015625,177.75390625,174.60546875,0.0,0.0,1.69140625,52.833396911621094
none,3,460,1.0,0.0,1.0,1.0,1.0,1.0,27.81640625,66.33203125,60.49609375,59.16015625,137.765625,194.73046875,176.375,177.77734375,0.0,0.0,1.9296875,52.055442810058594
none,3,461,1.0,0.0,1.0,1.0,1.0,1.0,27.73046875,67.59375,61.046875,58.1640625,137.7890625,198.5078125,176.47265625,173.28515625,0.0,0.0,1.8515625,52.1468620300293
none,3,462,1.0,0.0,1.0,1.0,1.0,1.0,27.90625,66.9375,61.34765625,59.03125,139.93359375,195.8671875,178.19921875,176.83984375,0.0,0.0,2.08984375,52.86852264404297
none,3,463,1.0,0.0,1.0,1.0,1.0,1.0,27.66796875,68.4453125,60.4375,59.37890625,136.35546875,202.46484375,176.390625,177.95703125,0.0,0.0,1.8515625,52.99758529663086
none,3,464,1.0,0.0,1.0,1.0,1.0,1.0,27.4453125,66.55078125,61.0546875,59.85546875,137.3125,196.55859375,176.91015625,178.109375,0.0,0.0,2.01171875,52.82530975341797
none,3,465,1.0,0.0,1.0,1.0,1.0,1.0,27.140625,66.03515625,60.55078125,61.13671875,134.5078125,193.75390625,175.99609375,181.05859375,0.0,0.0,1.8671875,52.84739303588867
none,3,466,1.0,0.0,1.0,1.0,1.0,1.0,27.96875,69.20703125,61.3671875,58.96484375,136.4609375,201.78125,177.0234375,175.98046875,0.0,0.0,1.82421875,53.74266815185547
none,3,467,1.0,0.0,1.0,1.0,1.0,1.0,27.7421875,68.04296875,61.09765625,57.515625,135.69921875,199.58203125,176.984375,171.0703125,0.0,0.0,1.84375,52.51966857910156
none,3,468,1.0,0.0,1.0,1.0,1.0,1.0,27.953125,69.2421875,60.79296875,59.3515625,138.49609375,204.109375,175.453125,175.42578125,0.0,0.0,1.890625,53.55150604248047
none,3,469,1.0,0.0,1.0,1.0,1.0,1.0,27.3828125,68.296875,61.80078125,58.46484375,135.40234375,201.13671875,178.515625,173.6796875,0.0,0.0,1.69921875,53.26267623901367
none,3,470,1.0,0.0,1.0,1.0,1.0,1.0,27.75390625,68.73828125,61.41796875,58.73828125,135.94140625,200.984375,176.19140625,173.44921875,0.0,0.0,1.67578125,53.66012191772461
none,3,471,1.0,0.0,1.0,1.0,1.0,1.0,27.04296875,68.96875,60.96484375,59.3046875,136.6953125,201.75390625,174.89453125,175.23046875,0.0,0.0,1.63671875,53.66559600830078
none,3,472,1.0,0.0,1.0,1.0,1.0,1.0,27.76171875,68.83203125,60.40234375,58.9296875,135.48828125,201.37109375,175.59375,175.41015625,0.0,0.0,1.60546875,53.81885528564453
none,3,473,1.0,0.0,1.0,1.0,1.0,1.0,27.81640625,67.69921875,61.50390625,59.79296875,139.46484375,197.3359375,176.484375,178.03515625,0.0,0.0,1.53515625,53.64616394042969
none,3,474,1.0,0.0,1.0,1.0,1.0,1.0,28.80078125,67.83203125,62.58984375,59.2890625,143.72265625,199.3046875,180.07421875,173.578125,0.0,0.0,1.73046875,53.62084197998047
none,3,475,1.0,0.0,1.0,1.0,1.0,1.0,29.25,67.44140625,62.79296875,59.07421875,142.6640625,197.40625,179.37109375,174.3828125,0.0,0.0,1.62109375,53.51212692260742
none,3,476,1.0,0.0,1.0,1.0,1.0,1.0,28.70703125,68.52734375,61.5390625,59.00390625,142.5546875,199.40234375,176.14453125,174.75,0.0,0.0,1.53125,53.68528366088867
none,3,477,1.0,0.0,1.0,1.0,1.0,1.0,27.609375,68.5859375,61.76953125,59.24609375,136.9765625,199.7265625,177.3828125,174.046875,0.0,0.0,1.60546875,53.980506896972656
none,3,478,1.0,0.0,1.0,1.0,1.0,1.0,28.80859375,68.13671875,63.1015625,59.36328125,141.25390625,197.31640625,180.89453125,174.41796875,0.0,0.0,1.4609375,54.03044891357422
none,3,479,1.0,0.0,1.0,1.0,1.0,1.0,27.51171875,68.0859375,62.0234375,59.51171875,139.1484375,199.1640625,179.2421875,174.61328125,0.0,0.0,1.5703125,54.03818893432617
none,3,480,1.0,0.0,1.0,1.0,1.0,1.0,27.44921875,67.73046875,63.859375,60.921875,135.3515625,197.7890625,183.48046875,179.24609375,0.0,0.0,1.609375,54.97655487060547
none,3,481,1.0,0.0,1.0,1.0,1.0,1.0,27.43359375,67.5390625,63.19921875,59.3359375,135.578125,197.01953125,182.25,175.2578125,0.0,0.0,1.48046875,54.049373626708984
none,3,482,1.0,0.0,1.0,1.0,1.0,1.0,27.8359375,67.1015625,62.37890625,60.7265625,138.3046875,195.9921875,178.3203125,179.8515625,0.0,0.0,1.7109375,53.91382598876953
none,3,483,1.0,0.0,1.0,1.0,1.0,1.0,27.03515625,68.21875,61.625,59.90234375,135.0,199.921875,178.453125,177.359375,0.0,0.0,1.52734375,54.052669525146484
none,3,484,1.0,0.0,1.0,1.0,1.0,1.0,27.7890625,69.1640625,61.97265625,58.01171875,138.48046875,202.3515625,177.2734375,172.08984375,0.0,0.0,1.5078125,53.8221549987793
none,3,485,1.0,0.0,1.0,1.0,1.0,1.0,26.71484375,69.67578125,61.58984375,59.1484375,136.265625,204.26171875,176.41796875,175.78125,0.0,0.0,1.57421875,54.27885055541992
none,3,486,1.0,0.0,1.0,1.0,1.0,1.0,26.21484375,70.30078125,62.921875,59.66796875,133.6015625,207.24609375,181.9140625,176.81640625,0.0,0.0,1.49609375,55.147422790527344
none,3,487,1.0,0.0,1.0,1.0,1.0,1.0,26.96875,69.66796875,61.6328125,58.8515625,136.10546875,205.26953125,177.6171875,175.82421875,0.0,0.0,1.56640625,54.248435974121094
none,3,488,1.0,0.0,1.0,1.0,1.0,1.0,27.296875,68.671875,62.51953125,59.171875,137.61328125,202.31640625,179.74609375,175.01171875,0.0,0.0,1.60546875,54.26621627807617
none,3,489,1.0,0.0,1.0,1.0,1.0,1.0,26.42578125,69.734375,62.9609375,58.16015625,132.6875,204.67578125,181.59765625,171.78515625,0.0,0.0,1.51171875,54.21882247924805
none,3,490,1.0,0.0,1.0,1.0,1.0,1.0,28.05859375,70.48046875,61.15625,58.40234375,142.2265625,205.109375,175.3046875,173.4296875,0.0,0.0,1.6171875,54.10166549682617
none,3,491,1.0,0.0,1.0,1.0,1.0,1.0,27.73828125,69.1796875,63.7109375,58.27734375,139.421875,201.43359375,182.94140625,172.625,0.0,0.0,1.453125,54.353355407714844
none,3,492,1.0,0.0,1.0,1.0,1.0,1.0,27.3828125,68.875,63.40234375,58.08984375,138.1953125,201.66796875,181.74609375,172.390625,0.0,0.0,1.37109375,54.386077880859375
none,3,493,1.0,0.0,1.0,1.0,1.0,1.0,27.8984375,68.70703125,63.91796875,58.8984375,143.07421875,200.02734375,183.60546875,175.25390625,0.0,0.0,1.42578125,54.46525192260742
none,3,494,1.0,0.0,1.0,1.0,1.0,1.0,27.89453125,68.5078125,63.28125,59.0703125,142.09375,199.66015625,183.0546875,174.15234375,0.0,0.0,1.51171875,54.17776107788086
none,3,495,1.0,0.0,1.0,1.0,1.0,1.0,27.69921875,68.65625,65.1328125,58.8359375,139.8125,198.875,185.20703125,174.921875,0.0,0.0,1.53125,54.73350143432617
none,3,496,1.0,0.0,1.0,1.0,1.0,1.0,27.41796875,66.9921875,62.21875,61.578125,139.48828125,195.7265625,177.28515625,182.28515625,0.0,0.0,1.46484375,54.15940856933594
none,3,497,1.0,0.0,1.0,1.0,1.0,1.0,28.59375,66.19140625,62.7734375,61.390625,145.0390625,191.2109375,179.48046875,183.06640625,0.0,0.0,1.5078125,54.249855041503906
none,3,498,1.0,0.0,1.0,1.0,1.0,1.0,28.23046875,67.984375,63.515625,60.015625,142.11328125,197.15234375,181.42578125,177.0546875,0.0,0.0,1.5390625,54.11587142944336
none,3,499,1.0,0.0,1.0,1.0,1.0,1.0,27.859375,68.56640625,64.25390625,59.6953125,139.8203125,200.41796875,182.6328125,176.8046875,0.0,0.0,1.5546875,55.264747619628906
none,3,500,1.0,0.0,1.0,1.0,1.0,1.0,27.69140625,69.1640625,62.97265625,59.83203125,141.14453125,202.12109375,182.07421875,178.26953125,0.0,0.0,1.359375,54.969234466552734
none,3,501,1.0,0.0,1.0,1.0,1.0,1.0,27.7890625,68.4375,64.34765625,60.0078125,141.4453125,200.30859375,184.90625,178.09375,0.0,0.0,1.546875,55.112884521484375
none,3,502,1.0,0.0,1.0,1.0,1.0,1.0,27.1875,70.7421875,63.84375,57.875,138.73828125,205.6875,182.55078125,170.77734375,0.0,0.0,1.40625,55.438446044921875
none,3,503,1.0,0.0,1.0,1.0,1.0,1.0,27.265625,69.82421875,63.58203125,58.484375,137.93359375,203.484375,180.79296875,172.96484375,0.0,0.0,1.5390625,54.933380126953125
none,3,504,1.0,0.0,1.0,1.0,1.0,1.0,27.48828125,70.62109375,62.69140625,58.7578125,140.37109375,204.828125,178.34765625,174.47265625,0.0,0.0,1.4921875,54.89012145996094
none,3,505,1.0,0.0,1.0,1.0,1.0,1.0,27.328125,70.1796875,64.0625,59.65234375,140.95703125,202.3984375,182.65234375,176.703125,0.0,0.0,1.37890625,55.60307312011719
none,3,506,1.0,0.0,1.0,1.0,1.0,1.0,27.60546875,68.7109375,64.51171875,59.41796875,137.671875,199.890625,183.62890625,175.35546875,0.0,0.0,1.31640625,55.13524627685547
none,3,507,1.0,0.0,1.0,1.0,1.0,1.0,27.5234375,70.0078125,64.93359375,59.79296875,135.6171875,202.0546875,184.17578125,176.44140625,0.0,0.0,1.5078125,55.94719696044922
none,3,508,1.0,0.0,1.0,1.0,1.0,1.0,27.69140625,69.06640625,64.00390625,59.7890625,139.6015625,199.50390625,181.75,177.42578125,0.0,0.0,1.52734375,54.83443832397461
none,3,509,1.0,0.0,1.0,1.0,1.0,1.0,27.390625,70.86328125,63.72265625,59.65625,138.390625,204.40625,179.92578125,175.7734375,0.0,0.0,1.39453125,55.63707733154297
none,3,510,1.0,0.0,1.0,1.0,1.0,1.0,27.484375,68.71484375,65.56640625,59.9921875,138.0234375,197.7109375,186.8359375,177.8203125,0.0,0.0,1.4609375,55.74713134765625
none,3,511,1.0,0.0,1.0,1.0,1.0,1.0,27.046875,68.32421875,65.06640625,60.578125,136.59375,197.63671875,184.93359375,178.47265625,0.0,0.0,1.44921875,55.713623046875
none,3,512,1.0,0.0,1.0,1.0,1.0,1.0,26.953125,69.109375,64.26171875,61.23046875,134.8515625,199.97265625,182.5546875,179.57421875,0.0,0.0,1.44140625,56.026268005371094
none,3,513,1.0,0.0,1.0,1.0,1.0,1.0,27.0546875,69.84375,64.0390625,60.1171875,138.0,202.375,182.24609375,177.67578125,0.0,0.0,1.49609375,55.34885787963867
none,3,514,1.0,0.0,1.0,1.0,1.0,1.0,27.90625,69.0546875,63.55078125,61.17578125,138.59765625,198.29296875,180.52734375,180.67578125,0.0,0.0,1.4375,55.321922302246094
none,3,515,1.0,0.0,1.0,1.0,1.0,1.0,27.046875,69.69140625,65.7109375,58.890625,135.3203125,200.7265625,185.58984375,174.265625,0.0,0.0,1.4375,55.878883361816406
none,3,516,1.0,0.0,1.0,1.0,1.0,1.0,26.9453125,70.62109375,64.5,59.67578125,134.6953125,203.6484375,182.66015625,176.53125,0.0,0.0,1.3515625,55.95543670654297
none,3,517,1.0,0.0,1.0,1.0,1.0,1.0,26.703125,69.24609375,64.53515625,60.73828125,137.69140625,200.0078125,181.81640625,178.86328125,0.0,0.0,1.47265625,55.95579147338867
none,3,518,1.0,0.0,1.0,1.0,1.0,1.0,26.33203125,69.48828125,65.671875,60.69140625,133.70703125,200.3671875,187.6171875,177.59765625,0.0,0.0,1.2890625,56.36051559448242
none,3,519,1.0,0.0,1.0,1.0,1.0,1.0,26.55859375,71.2890625,65.41796875,59.109375,135.8671875,204.8125,187.41796875,173.26171875,0.0,0.0,1.46484375,56.35148620605469
none,3,520,1.0,0.0,1.0,1.0,1.0,1.0,26.83203125,69.28125,64.55859375,60.44921875,136.63671875,202.25,183.875,177.98046875,0.0,0.0,1.43359375,55.62153244018555
none,3,521,1.0,0.0,1.0,1.0,1.0,1.0,26.46484375,69.47265625,65.12109375,59.93359375,135.14453125,202.33984375,184.67578125,178.46875,0.0,0.0,1.39453125,56.280696868896484
none,3,522,1.0,0.0,1.0,1.0,1.0,1.0,26.54296875,71.09375,64.546875,60.28515625,137.37109375,206.7734375,183.74609375,178.8828125,0.0,0.0,1.47265625,56.322296142578125
none,3,523,1.0,0.0,1.0,1.0,1.0,1.0,25.546875,70.4921875,65.0859375,60.421875,132.87109375,203.4296875,184.80078125,178.51953125,0.0,0.0,1.44921875,56.287410736083984
none,3,524,1.0,0.0,1.0,1.0,1.0,1.0,26.10546875,70.67578125,63.9765625,59.87109375,134.41796875,203.96875,180.1015625,175.60546875,0.0,0.0,1.56640625,56.0119743347168
none,3,525,1.0,0.0,1.0,1.0,1.0,1.0,26.609375,70.60546875,64.80859375,59.1953125,136.078125,205.19921875,182.625,173.9140625,0.0,0.0,1.546875,55.80602264404297
none,3,526,1.0,0.0,1.0,1.0,1.0,1.0,26.53125,70.34765625,64.7265625,60.6953125,134.453125,203.73828125,183.65234375,178.015625,0.0,0.0,1.3515625,56.47845458984375
none,3,527,1.0,0.0,1.0,1.0,1.0,1.0,26.02734375,70.1484375,65.3203125,59.7578125,133.6171875,201.859375,185.2421875,175.609375,0.0,0.0,1.33203125,56.30046844482422
none,3,528,1.0,0.0,1.0,1.0,1.0,1.0,27.44921875,70.65234375,64.03515625,59.625,140.12109375,204.09375,181.16796875,176.10546875,0.0,0.0,1.23828125,55.586517333984375
none,3,529,1.0,0.0,1.0,1.0,1.0,1.0,26.5703125,70.58203125,65.8125,58.68359375,134.78515625,203.23828125,185.453125,171.76171875,0.0,0.0,1.4140625,56.385841369628906
none,3,530,1.0,0.0,1.0,1.0,1.0,1.0,27.5546875,71.4453125,64.60546875,58.60546875,139.4140625,206.4609375,183.09375,171.22265625,0.0,0.0,1.42578125,55.9508171081543
none,3,531,1.0,0.0,1.0,1.0,1.0,1.0,26.87109375,71.109375,66.015625,58.8359375,136.99609375,206.88671875,187.69140625,174.3125,0.0,0.0,1.3671875,56.30791473388672
none,3,532,1.0,0.0,1.0,1.0,1.0,1.0,26.30078125,72.453125,66.19140625,58.9921875,136.625,210.125,187.671875,172.9296875,0.0,0.0,1.25,57.21751022338867
none,3,533,1.0,0.0,1.0,1.0,1.0,1.0,26.6171875,71.515625,65.72265625,60.0546875,136.60546875,206.22265625,186.72265625,175.3046875,0.0,0.0,1.29296875,56.86295700073242
none,3,534,1.0,0.0,1.0,1.0,1.0,1.0,26.4140625,71.80078125,66.171875,59.14453125,137.34765625,208.23828125,186.375,172.921875,0.0,0.0,1.47265625,56.88645553588867
none,3,535,1.0,0.0,1.0,1.0,1.0,1.0,26.26171875,71.36328125,66.12109375,58.99609375,135.5390625,206.12109375,186.98046875,173.5546875,0.0,0.0,1.359375,56.82615280151367
none,3,536,1.0,0.0,1.0,1.0,1.0,1.0,26.48046875,70.5390625,66.1171875,59.796875,135.98046875,202.234375,187.2890625,177.77734375,0.0,0.0,1.3984375,56.433685302734375
none,3,537,1.0,0.0,1.0,1.0,1.0,1.0,25.91796875,71.125,65.4921875,60.47265625,135.96875,205.44921875,186.51171875,178.6953125,0.0,0.0,1.4921875,57.08430099487305
none,3,538,1.0,0.0,1.0,1.0,1.0,1.0,25.8671875,70.2109375,65.73046875,61.29296875,137.73046875,203.35546875,187.41796875,181.55078125,0.0,0.0,1.359375,57.1814079284668
none,3,539,1.0,0.0,1.0,1.0,1.0,1.0,25.9921875,71.078125,66.26953125,60.68359375,136.234375,205.4765625,188.34375,179.41015625,0.0,0.0,1.484375,57.169944763183594
none,3,540,1.0,0.0,1.0,1.0,1.0,1.0,25.68359375,70.74609375,66.875,60.6171875,132.9921875,202.84765625,189.63671875,178.984375,0.0,0.0,1.2578125,57.66239547729492
none,3,541,1.0,0.0,1.0,1.0,1.0,1.0,25.44140625,71.30859375,67.1171875,59.375,133.65234375,204.7109375,190.75390625,175.71484375,0.0,0.0,1.34765625,57.04412078857422
none,3,542,1.0,0.0,1.0,1.0,1.0,1.0,25.01953125,71.9296875,66.3046875,59.34765625,131.0703125,207.96484375,189.578125,174.34375,0.0,0.0,1.26171875,57.35532760620117
none,3,543,1.0,0.0,1.0,1.0,1.0,1.0,25.57421875,71.9921875,67.55078125,60.01171875,133.12109375,207.36328125,190.59375,174.88671875,0.0,0.0,1.296875,57.865013122558594
none,3,544,1.0,0.0,1.0,1.0,1.0,1.0,25.80859375,73.14453125,66.3125,59.234375,132.53515625,209.64453125,187.19140625,174.78125,0.0,0.0,1.1484375,57.846920013427734
none,3,545,1.0,0.0,1.0,1.0,1.0,1.0,25.0625,72.61328125,65.1171875,59.21484375,130.4453125,209.17578125,184.04296875,174.39453125,0.0,0.0,1.2421875,57.11857223510742
none,3,546,1.0,0.0,1.0,1.0,1.0,1.0,26.515625,73.06640625,66.92578125,59.3046875,135.92578125,210.015625,189.4140625,174.0390625,0.0,0.0,1.29296875,57.87896728515625
none,3,547,1.0,0.0,1.0,1.0,1.0,1.0,25.22265625,73.2421875,66.5859375,59.5546875,133.24609375,212.05859375,187.25390625,174.578125,0.0,0.0,1.21484375,58.133941650390625
none,3,548,1.0,0.0,1.0,1.0,1.0,1.0,24.96875,72.52734375,67.0078125,59.08984375,130.55859375,208.96875,189.10546875,173.23828125,0.0,0.0,1.2265625,57.77728271484375
none,3,549,1.0,0.0,1.0,1.0,1.0,1.0,26.03515625,72.79296875,66.56640625,60.5,133.75,209.7890625,189.203125,176.30859375,0.0,0.0,1.2890625,58.06249237060547
none,3,550,1.0,0.0,1.0,1.0,1.0,1.0,25.9140625,72.35546875,67.75390625,59.125,134.97265625,208.37109375,190.73046875,172.6796875,0.0,0.0,1.2421875,57.974281311035156
none,3,551,1.0,0.0,1.0,1.0,1.0,1.0,26.2265625,73.1640625,67.05859375,59.10546875,134.98828125,210.8828125,188.22265625,173.0859375,0.0,0.0,1.3203125,57.67064666748047
none,3,552,1.0,0.0,1.0,1.0,1.0,1.0,25.7265625,72.1484375,67.8515625,58.95703125,136.1796875,208.87890625,190.8828125,172.90234375,0.0,0.0,1.28515625,57.764915466308594
none,3,553,1.0,0.0,1.0,1.0,1.0,1.0,26.09765625,72.92578125,66.859375,59.77734375,136.99609375,209.91796875,189.13671875,175.3984375,0.0,0.0,1.31640625,57.88486862182617
none,3,554,1.0,0.0,1.0,1.0,1.0,1.0,26.45703125,72.03515625,67.953125,60.73046875,139.60546875,208.609375,190.11328125,179.19921875,0.0,0.0,1.23828125,58.607017517089844
none,3,555,1.0,0.0,1.0,1.0,1.0,1.0,27.25390625,73.2265625,67.1015625,60.84765625,143.25,210.51953125,189.48046875,179.4609375,0.0,0.0,1.26953125,58.88323974609375
none,3,556,1.0,0.0,1.0,1.0,1.0,1.0,26.66015625,71.91796875,67.6796875,60.76953125,140.84765625,207.88671875,189.9921875,178.96875,0.0,0.0,1.26171875,58.073665618896484
none,3,557,1.0,0.0,1.0,1.0,1.0,1.0,26.92578125,71.79296875,67.34375,59.8125,140.859375,206.23046875,190.08203125,177.390625,0.0,0.0,1.26953125,57.223785400390625
none,3,558,1.0,0.0,1.0,1.0,1.0,1.0,26.55859375,71.7578125,67.640625,60.5625,141.91796875,207.20703125,191.40625,177.8671875,0.0,0.0,1.23046875,58.071102142333984
none,3,559,1.0,0.0,1.0,1.0,1.0,1.0,26.546875,72.48046875,67.41796875,61.09375,138.7265625,207.6640625,190.8125,179.18359375,0.0,0.0,1.34765625,58.250022888183594
none,3,560,1.0,0.0,1.0,1.0,1.0,1.0,25.703125,71.90234375,66.53125,59.5625,135.41796875,206.37890625,188.60546875,176.2890625,0.0,0.0,1.22265625,57.46148681640625
none,3,561,1.0,0.0,1.0,1.0,1.0,1.0,26.4296875,72.140625,66.61328125,60.89453125,139.78125,209.5,187.97265625,179.14453125,0.0,0.0,1.3359375,58.003082275390625
none,3,562,1.0,0.0,1.0,1.0,1.0,1.0,26.8125,73.02734375,67.6953125,60.5,141.08203125,211.453125,189.67578125,175.85546875,0.0,0.0,1.35546875,58.43767547607422
none,3,563,1.0,0.0,1.0,1.0,1.0,1.0,27.0234375,72.48828125,66.65234375,59.62890625,142.3828125,209.53125,187.88671875,175.5546875,0.0,0.0,1.40234375,57.34075164794922
none,3,564,1.0,0.0,1.0,1.0,1.0,1.0,26.76953125,72.18359375,67.1796875,61.90625,141.65625,206.23046875,187.61328125,181.30859375,0.0,0.0,1.28125,57.869468688964844
none,3,565,1.0,0.0,1.0,1.0,1.0,1.0,27.125,71.0625,67.98828125,60.58203125,142.0703125,204.6875,191.12890625,178.515625,0.0,0.0,1.33984375,57.557586669921875
none,3,566,1.0,0.0,1.0,1.0,1.0,1.0,27.15234375,73.13671875,66.3828125,61.52734375,142.0234375,209.69921875,187.4296875,179.41796875,0.0,0.0,1.2109375,58.38334274291992
none,3,567,1.0,0.0,1.0,1.0,1.0,1.0,27.046875,70.86328125,66.71875,61.515625,141.3828125,203.05859375,186.87890625,180.6796875,0.0,0.0,1.19921875,57.336021423339844
none,3,568,1.0,0.0,1.0,1.0,1.0,1.0,25.9140625,71.7265625,66.9375,60.26953125,137.703125,206.30078125,187.2734375,177.6640625,0.0,0.0,1.30078125,57.60248947143555
none,3,569,1.0,0.0,1.0,1.0,1.0,1.0,26.4375,74.28515625,67.11328125,60.4453125,137.7421875,214.3046875,188.98828125,175.85546875,0.0,0.0,1.2734375,58.77722930908203
none,3,570,1.0,0.0,1.0,1.0,1.0,1.0,26.48046875,72.99609375,67.2578125,60.6015625,139.00390625,210.97265625,188.37890625,177.34765625,0.0,0.0,1.16796875,58.327880859375
none,3,571,1.0,0.0,1.0,1.0,1.0,1.0,27.01171875,72.875,68.83984375,59.87890625,140.1171875,209.83984375,193.703125,174.09765625,0.0,0.0,1.234375,58.73643112182617
none,3,572,1.0,0.0,1.0,1.0,1.0,1.0,26.85546875,73.1953125,67.37890625,61.03125,142.23828125,210.2109375,189.26953125,177.66015625,0.0,0.0,1.296875,58.322898864746094
none,3,573,1.0,0.0,1.0,1.0,1.0,1.0,26.61328125,72.8671875,67.59375,60.71875,140.52734375,208.4296875,190.0,177.15625,0.0,0.0,1.26171875,58.993072509765625
none,3,574,1.0,0.0,1.0,1.0,1.0,1.0,26.22265625,73.0546875,68.66796875,60.484375,137.74609375,208.5703125,192.9609375,176.45703125,0.0,0.0,1.1484375,59.3621940612793
none,3,575,1.0,0.0,1.0,1.0,1.0,1.0,26.515625,72.55078125,67.33984375,61.76953125,141.4296875,207.36328125,188.9296875,180.453125,0.0,0.0,1.234375,58.66600799560547
none,3,576,1.0,0.0,1.0,1.0,1.0,1.0,26.078125,73.109375,67.80078125,59.71875,137.05859375,209.63671875,190.56640625,173.70703125,0.0,0.0,1.15625,58.3153076171875
none,3,577,1.0,0.0,1.0,1.0,1.0,1.0,25.96875,72.62890625,67.35546875,61.92578125,140.83203125,207.07421875,188.7578125,181.01953125,0.0,0.0,1.21484375,58.79862594604492
none,3,578,1.0,0.0,1.0,1.0,1.0,1.0,26.671875,74.3515625,68.40234375,59.73046875,140.0390625,213.15625,191.04296875,174.01171875,0.0,0.0,1.15234375,59.11661911010742
none,3,579,1.0,0.0,1.0,1.0,1.0,1.0,26.37890625,74.36328125,66.765625,59.0,140.70703125,212.94140625,186.890625,171.4453125,0.0,0.0,1.09765625,58.20983123779297
none,3,580,1.0,0.0,1.0,1.0,1.0,1.0,26.375,71.74609375,68.40234375,61.40234375,141.0625,205.01171875,191.640625,178.2421875,0.0,0.0,1.24609375,58.83929443359375
none,3,581,1.0,0.0,1.0,1.0,1.0,1.0,27.19140625,72.13671875,69.0234375,61.4140625,145.0390625,205.33203125,193.234375,178.71875,0.0,0.0,1.13671875,59.0161247253418
none,3,582,1.0,0.0,1.0,1.0,1.0,1.0,27.015625,73.71484375,68.37890625,61.33203125,141.90625,211.8359375,190.640625,176.7421875,0.0,0.0,1.109375,59.531185150146484
none,3,583,1.0,0.0,1.0,1.0,1.0,1.0,27.55859375,72.953125,67.1953125,61.7265625,145.10546875,206.7890625,187.87890625,178.76953125,0.0,0.0,1.140625,58.68117904663086
none,3,584,1.0,0.0,1.0,1.0,1.0,1.0,26.42578125,73.60546875,68.34375,59.3359375,138.875,209.98828125,190.63671875,171.48828125,0.0,0.0,1.1328125,58.57914733886719
none,3,585,1.0,0.0,1.0,1.0,1.0,1.0,26.84375,72.55078125,67.3984375,60.71875,142.640625,207.47265625,188.921875,176.11328125,0.0,0.0,1.08203125,58.49854278564453
none,3,586,1.0,0.0,1.0,1.0,1.0,1.0,27.21875,72.66796875,68.2578125,61.953125,143.20703125,207.0234375,191.015625,179.37109375,0.0,0.0,1.09765625,58.68864059448242
none,3,587,1.0,0.0,1.0,1.0,1.0,1.0,27.3203125,73.04296875,68.79296875,61.27734375,145.296875,209.953125,192.07421875,178.39453125,0.0,0.0,1.02734375,59.39471435546875
none,3,588,1.0,0.0,1.0,1.0,1.0,1.0,25.91796875,74.44140625,68.671875,60.95703125,139.28515625,212.7109375,192.453125,174.8828125,0.0,0.0,1.16796875,59.58030319213867
none,3,589,1.0,0.0,1.0,1.0,1.0,1.0,25.66796875,73.82421875,70.1328125,59.52734375,139.3046875,212.88671875,196.58984375,173.1875,0.0,0.0,0.98828125,59.82135772705078
none,3,590,1.0,0.0,1.0,1.0,1.0,1.0,26.28125,73.171875,69.4296875,61.07421875,143.6015625,209.96484375,195.25390625,178.19921875,0.0,0.0,1.01171875,59.31466293334961
none,3,591,1.0,0.0,1.0,1.0,1.0,1.0,25.828125,75.1328125,68.86328125,60.75,140.8046875,216.26953125,192.66796875,175.8046875,0.0,0.0,1.1484375,60.3486442565918
none,3,592,1.0,0.0,1.0,1.0,1.0,1.0,25.796875,73.7109375,68.2265625,60.1875,141.0546875,212.109375,192.41796875,175.4609375,0.0,0.0,1.02734375,59.071075439453125
none,3,593,1.0,0.0,1.0,1.0,1.0,1.0,26.2265625,72.97265625,69.21875,61.5234375,142.6640625,209.078125,193.609375,178.69140625,0.0,0.0,1.22265625,59.397796630859375
none,3,594,1.0,0.0,1.0,1.0,1.0,1.0,25.9765625,73.61328125,68.70703125,59.8828125,139.484375,211.09375,193.0546875,173.828125,0.0,0.0,1.06640625,58.93096160888672
none,3,595,1.0,0.0,1.0,1.0,1.0,1.0,26.359375,74.546875,68.1328125,61.32421875,141.69140625,213.7421875,191.1875,178.0,0.0,0.0,1.0859375,59.83686828613281
none,3,596,1.0,0.0,1.0,1.0,1.0,1.0,26.7890625,74.0546875,68.52734375,60.6640625,145.96484375,211.47265625,191.3125,175.63671875,0.0,0.0,1.10546875,59.350852966308594
none,3,597,1.0,0.0,1.0,1.0,1.0,1.0,27.51171875,73.05078125,68.48828125,61.609375,147.79296875,208.75390625,192.59375,179.0078125,0.0,0.0,1.046875,59.040931701660156
none,3,598,1.0,0.0,1.0,1.0,1.0,1.0,26.609375,72.55859375,69.9375,62.16796875,142.41796875,207.1640625,194.06640625,181.05859375,0.0,0.0,1.05078125,60.04895782470703
none,3,599,1.0,0.0,1.0,1.0,1.0,1.0,26.46875,73.4375,69.67578125,61.0390625,142.28515625,209.90625,194.36328125,176.71875,0.0,0.0,1.10546875,60.26213836669922
none,3,600,1.0,0.0,1.0,1.0,1.0,1.0,25.83203125,73.6171875,70.14453125,60.83984375,137.56640625,209.875,196.1015625,177.6953125,0.0,0.0,1.140625,60.19540023803711
none,3,601,1.0,0.0,1.0,1.0,1.0,1.0,25.46875,74.09765625,69.2578125,61.0859375,137.3203125,211.39453125,193.80859375,176.33203125,0.0,0.0,1.1640625,60.024288177490234
none,3,602,1.0,0.0,1.0,1.0,1.0,1.0,25.51953125,74.20703125,69.34765625,60.97265625,138.6015625,211.14453125,192.99609375,175.9609375,0.0,0.0,1.08984375,59.645782470703125
none,3,603,1.0,0.0,1.0,1.0,1.0,1.0,25.78515625,73.5078125,68.2265625,60.42578125,140.16015625,209.51171875,190.5078125,173.484375,0.0,0.0,1.0078125,58.93437194824219
none,3,604,1.0,0.0,1.0,1.0,1.0,1.0,25.359375,74.453125,69.9609375,61.03515625,138.546875,211.44921875,195.66796875,176.74609375,0.0,0.0,1.18359375,60.79520797729492
none,3,605,1.0,0.0,1.0,1.0,1.0,1.0,25.91796875,76.48828125,68.1796875,61.41015625,142.02734375,217.5546875,191.07421875,177.51171875,0.0,0.0,1.09375,60.47336959838867
none,3,606,1.0,0.0,1.0,1.0,1.0,1.0,25.546875,73.68359375,69.01171875,61.640625,138.3828125,208.48828125,193.69140625,178.83203125,0.0,0.0,1.0703125,59.4852294921875
none,3,607,1.0,0.0,1.0,1.0,1.0,1.0,25.16015625,73.59765625,69.828125,61.90234375,137.4296875,208.94140625,194.8828125,179.8671875,0.0,0.0,1.0859375,60.338043212890625
none,3,608,1.0,0.0,1.0,1.0,1.0,1.0,25.98046875,73.265625,69.4375,62.33203125,139.65234375,207.33984375,191.95703125,180.8203125,0.0,0.0,1.0546875,60.097007751464844
none,3,609,1.0,0.0,1.0,1.0,1.0,1.0,26.015625,73.5859375,68.62109375,62.30078125,139.99609375,208.29296875,189.7265625,179.66796875,0.0,0.0,1.046875,59.68265914916992
none,3,610,1.0,0.0,1.0,1.0,1.0,1.0,25.58984375,74.26953125,68.8515625,62.6640625,138.375,210.08984375,191.12890625,180.1171875,0.0,0.0,1.12109375,60.36285400390625
none,3,611,1.0,0.0,1.0,1.0,1.0,1.0,24.953125,74.0078125,68.5625,61.53515625,136.125,208.42578125,190.453125,176.44921875,0.0,0.0,1.14453125,60.092124938964844
none,3,612,1.0,0.0,1.0,1.0,1.0,1.0,25.59765625,75.12890625,68.625,61.29296875,138.03515625,212.6015625,190.4921875,176.53515625,0.0,0.0,1.0234375,60.091705322265625
none,3,613,1.0,0.0,1.0,1.0,1.0,1.0,25.01171875,73.56640625,70.84375,63.48828125,137.3203125,209.6484375,196.59765625,183.15625,0.0,0.0,1.04296875,61.521812438964844
none,3,614,1.0,0.0,1.0,1.0,1.0,1.0,25.8203125,72.7578125,69.296875,63.921875,140.5546875,205.55078125,192.640625,185.65234375,0.0,0.0,1.0625,60.830501556396484
none,3,615,1.0,0.0,1.0,1.0,1.0,1.0,25.9296875,71.94140625,69.66015625,63.33203125,139.76953125,204.25,193.21875,182.875,0.0,0.0,0.97265625,59.85687255859375
none,3,616,1.0,0.0,1.0,1.0,1.0,1.0,25.82421875,75.1015625,71.20703125,62.0546875,141.73828125,213.4140625,198.03515625,179.40234375,0.0,0.0,1.02734375,61.57186508178711
none,3,617,1.0,0.0,1.0,1.0,1.0,1.0,25.5234375,73.9453125,70.33984375,62.3984375,140.4609375,209.51953125,195.125,181.37890625,0.0,0.0,0.99609375,60.60545349121094
none,3,618,1.0,0.0,1.0,1.0,1.0,1.0,25.84375,73.48046875,69.08203125,62.9609375,141.89453125,209.40234375,192.32421875,181.87890625,0.0,0.0,1.0234375,60.21290588378906
none,3,619,1.0,0.0,1.0,1.0,1.0,1.0,25.23046875,75.25,68.796875,61.1015625,138.8828125,213.83203125,192.28125,177.30078125,0.0,0.0,0.953125,60.19167709350586
none,3,620,1.0,0.0,1.0,1.0,1.0,1.0,25.73046875,73.89453125,70.296875,63.24609375,141.375,209.29296875,196.69921875,183.21875,0.0,0.0,0.9296875,61.1214714050293
none,3,621,1.0,0.0,1.0,1.0,1.0,1.0,25.21875,72.25390625,71.4609375,62.84765625,140.54296875,205.73046875,200.4609375,182.9375,0.0,0.0,1.01171875,60.60026168823242
none,3,622,1.0,0.0,1.0,1.0,1.0,1.0,24.64453125,73.28125,70.953125,62.25,135.30859375,208.57421875,198.54296875,179.1953125,0.0,0.0,0.984375,60.8990478515625
none,3,623,1.0,0.0,1.0,1.0,1.0,1.0,24.8515625,73.6015625,71.265625,62.6953125,139.32421875,209.109375,200.44921875,181.27734375,0.0,0.0,0.93359375,61.616859436035156
none,3,624,1.0,0.0,1.0,1.0,1.0,1.0,25.42578125,74.71875,70.8984375,62.51953125,138.4453125,210.03515625,197.0859375,179.39453125,0.0,0.0,1.0234375,61.28655242919922
none,3,625,1.0,0.0,1.0,1.0,1.0,1.0,24.6640625,72.765625,70.84765625,63.50390625,136.76953125,206.44921875,198.515625,183.7421875,0.0,0.0,0.9453125,61.21129608154297
none,3,626,1.0,0.0,1.0,1.0,1.0,1.0,24.90234375,74.28125,70.95703125,62.46875,137.51953125,210.7734375,198.19140625,179.32421875,0.0,0.0,0.97265625,60.92033004760742
none,3,627,1.0,0.0,1.0,1.0,1.0,1.0,23.84375,73.84765625,71.6875,62.66796875,134.78125,210.5,199.8359375,180.94140625,0.0,0.0,0.984375,61.615699768066406
none,3,628,1.0,0.0,1.0,1.0,1.0,1.0,24.83984375,72.234375,69.93359375,63.5078125,137.5625,203.99609375,196.2265625,184.01953125,0.0,0.0,1.0,60.629486083984375
none,3,629,1.0,0.0,1.0,1.0,1.0,1.0,25.03125,73.39453125,71.43359375,62.1484375,139.66796875,208.09375,197.98828125,179.13671875,0.0,0.0,0.9921875,60.96421432495117
none,3,630,1.0,0.0,1.0,1.0,1.0,1.0,24.35546875,73.32421875,69.9375,61.7578125,134.1640625,207.203125,196.41015625,178.3125,0.0,0.0,1.08203125,60.15431213378906
none,3,631,1.0,0.0,1.0,1.0,1.0,1.0,24.14453125,72.76953125,71.2421875,63.71484375,133.59375,205.1015625,198.84375,185.390625,0.0,0.0,0.97265625,61.271663665771484
none,3,632,1.0,0.0,1.0,1.0,1.0,1.0,23.51171875,74.953125,70.41015625,61.54296875,132.51953125,211.0078125,196.16796875,178.61328125,0.0,0.0,1.0625,61.0916748046875
none,3,633,1.0,0.0,1.0,1.0,1.0,1.0,23.47265625,73.3828125,71.80078125,62.07421875,133.2734375,206.87109375,201.6875,180.0,0.0,0.0,0.91796875,61.21702194213867
none,3,634,1.0,0.0,1.0,1.0,1.0,1.0,23.15234375,73.51953125,70.5,62.4609375,129.04296875,209.55078125,197.5625,181.00390625,0.0,0.0,1.07421875,60.66732406616211
none,3,635,1.0,0.0,1.0,1.0,1.0,1.0,24.0546875,72.859375,70.7578125,63.24609375,134.13671875,206.51953125,199.1015625,183.05859375,0.0,0.0,0.94140625,61.19082260131836
none,3,636,1.0,0.0,1.0,1.0,1.0,1.0,23.46484375,72.94921875,70.25,62.3359375,131.73046875,206.21875,196.140625,181.921875,0.0,0.0,1.09375,60.43987274169922
none,3,637,1.0,0.0,1.0,1.0,1.0,1.0,23.05859375,72.3671875,71.65625,61.85546875,129.55078125,204.83984375,200.23828125,178.9765625,0.0,0.0,1.0078125,60.76255416870117
none,3,638,1.0,0.0,1.0,1.0,1.0,1.0,23.671875,73.51171875,70.68359375,62.6953125,130.77734375,207.23828125,197.609375,181.98828125,0.0,0.0,1.05859375,61.07136154174805
none,3,639,1.0,0.0,1.0,1.0,1.0,1.0,23.4453125,74.70703125,71.4296875,62.2421875,130.06640625,210.62109375,199.15625,179.46875,0.0,0.0,1.046875,61.4427490234375
none,3,640,1.0,0.0,1.0,1.0,1.0,1.0,23.4296875,73.07421875,70.90234375,63.1015625,128.8203125,207.45703125,197.80078125,182.65234375,0.0,0.0,0.97265625,60.89753723144531
none,3,641,1.0,0.0,1.0,1.0,1.0,1.0,24.28125,72.8984375,70.421875,62.5,132.546875,206.8515625,197.11328125,181.8359375,0.0,0.0,1.171875,60.31480026245117
none,3,642,1.0,0.0,1.0,1.0,1.0,1.0,23.59765625,73.4375,70.91796875,63.2578125,130.953125,209.0546875,198.29296875,183.09375,0.0,0.0,1.0703125,61.35136032104492
none,3,643,1.0,0.0,1.0,1.0,1.0,1.0,24.28515625,73.94921875,70.37890625,62.984375,133.2890625,210.00390625,196.6171875,182.296875,0.0,0.0,0.84375,61.24770736694336
none,3,644,1.0,0.0,1.0,1.0,1.0,1.0,23.77734375,72.484375,71.96484375,62.5625,129.03125,207.86328125,202.13671875,180.2578125,0.0,0.0,1.02734375,61.16080856323242
none,3,645,1.0,0.0,1.0,1.0,1.0,1.0,23.71875,73.51953125,72.94140625,63.25390625,131.3359375,208.078125,204.328125,183.34375,0.0,0.0,0.99609375,62.46466827392578
none,3,646,1.0,0.0,1.0,1.0,1.0,1.0,22.59375,73.73828125,72.03125,62.16015625,126.83984375,208.9765625,201.55078125,179.171875,0.0,0.0,1.06640625,61.50568389892578
none,3,647,1.0,0.0,1.0,1.0,1.0,1.0,23.26953125,73.26171875,72.33984375,63.43359375,131.05078125,207.75,202.3984375,183.96875,0.0,0.0,1.03125,61.90047836303711
none,3,648,1.0,0.0,1.0,1.0,1.0,1.0,24.03125,73.23046875,72.37890625,63.40234375,132.5078125,206.85546875,201.6484375,182.62109375,0.0,0.0,1.0234375,62.04359436035156
none,3,649,1.0,0.0,1.0,1.0,1.0,1.0,23.59765625,73.84765625,72.046875,62.42578125,130.53515625,209.15234375,201.93359375,180.7890625,0.0,0.0,1.0078125,61.52861022949219
none,3,650,1.0,0.0,1.0,1.0,1.0,1.0,23.59375,72.75390625,72.2734375,62.72265625,132.99609375,205.68359375,203.0078125,182.359375,0.0,0.0,0.99609375,61.80585861206055
none,3,651,1.0,0.0,1.0,1.0,1.0,1.0,23.67578125,71.89453125,72.80859375,63.4296875,133.02734375,204.9609375,203.15234375,183.2421875,0.0,0.0,1.0703125,61.55463790893555
none,3,652,1.0,0.0,1.0,1.0,1.0,1.0,23.21875,75.6328125,71.46875,61.75390625,130.19921875,215.16796875,199.04296875,177.8203125,0.0,0.0,1.03515625,62.024322509765625
none,3,653,1.0,0.0,1.0,1.0,1.0,1.0,23.109375,74.4765625,72.77734375,62.31640625,131.328125,213.62890625,202.9609375,180.1328125,0.0,0.0,1.0,62.42723846435547
none,3,654,1.0,0.0,1.0,1.0,1.0,1.0,24.04296875,74.14453125,71.22265625,62.84375,133.29296875,211.06640625,199.50390625,182.09765625,0.0,0.0,1.03515625,61.604217529296875
none,3,655,1.0,0.0,1.0,1.0,1.0,1.0,23.83984375,74.24609375,72.1484375,61.53125,133.40625,212.2421875,201.5078125,177.84375,0.0,0.0,0.9375,61.310638427734375
none,3,656,1.0,0.0,1.0,1.0,1.0,1.0,23.75,74.109375,71.58203125,61.85546875,132.703125,209.83984375,199.20703125,179.55859375,0.0,0.0,0.984375,61.01514434814453
none,3,657,1.0,0.0,1.0,1.0,1.0,1.0,23.8125,74.6015625,71.1640625,62.4765625,131.93359375,212.9296875,198.19140625,180.1796875,0.0,0.0,1.0390625,61.837120056152344
none,3,658,1.0,0.0,1.0,1.0,1.0,1.0,23.1640625,72.60546875,72.62890625,64.24609375,129.23046875,204.47265625,201.88671875,186.98046875,0.0,0.0,0.921875,62.209678649902344
none,3,659,1.0,0.0,1.0,1.0,1.0,1.0,23.73828125,71.86328125,72.54296875,65.33984375,136.46875,204.6875,202.046875,190.06640625,0.0,0.0,1.01171875,62.57225799560547
none,3,660,1.0,0.0,1.0,1.0,1.0,1.0,23.0859375,71.69921875,72.81640625,65.30859375,131.84765625,202.8515625,203.21484375,190.32421875,0.0,0.0,0.89453125,62.5167236328125
none,3,661,1.0,0.0,1.0,1.0,1.0,1.0,23.9921875,73.4765625,72.30859375,63.91015625,134.640625,208.04296875,201.4375,185.08203125,0.0,0.0,0.9921875,62.29000473022461
none,3,662,1.0,0.0,1.0,1.0,1.0,1.0,23.8671875,73.24609375,72.4453125,64.01953125,133.25390625,207.3125,201.1796875,186.46875,0.0,0.0,0.90625,62.45901107788086
none,3,663,1.0,0.0,1.0,1.0,1.0,1.0,24.609375,72.453125,72.54296875,63.86328125,138.33984375,205.4609375,201.5546875,185.31640625,0.0,0.0,0.921875,61.862876892089844
none,3,664,1.0,0.0,1.0,1.0,1.0,1.0,24.24609375,73.50390625,72.30859375,64.18359375,136.6796875,206.9375,201.68359375,185.70703125,0.0,0.0,0.95703125,62.29166793823242
none,3,665,1.0,0.0,1.0,1.0,1.0,1.0,23.890625,73.4921875,72.8828125,64.2109375,134.21875,208.40625,203.99609375,186.51953125,0.0,0.0,0.86328125,62.65482711791992
none,3,666,1.0,0.0,1.0,1.0,1.0,1.0,24.25,73.96484375,72.6875,64.6328125,134.65234375,208.11328125,200.328125,186.51953125,0.0,0.0,0.94921875,62.98505783081055
none,3,667,1.0,0.0,1.0,1.0,1.0,1.0,24.359375,73.20703125,72.3125,65.09765625,137.12109375,206.67578125,200.0859375,187.79296875,0.0,0.0,0.94140625,62.5959587097168
none,3,668,1.0,0.0,1.0,1.0,1.0,1.0,23.88671875,74.0390625,72.3671875,64.203125,134.921875,210.60546875,200.41796875,185.65234375,0.0,0.0,0.96875,62.63764572143555
none,3,669,1.0,0.0,1.0,1.0,1.0,1.0,24.375,74.125,72.33203125,62.94140625,134.671875,208.66015625,200.01953125,181.42578125,0.0,0.0,0.96484375,62.12238693237305
none,3,670,1.0,0.0,1.0,1.0,1.0,1.0,24.1875,75.42578125,72.8515625,64.2109375,136.62109375,210.7734375,201.671875,185.01953125,0.0,0.0,0.90625,63.163475036621094
none,3,671,1.0,0.0,1.0,1.0,1.0,1.0,24.33984375,73.453125,71.828125,64.59375,135.7734375,206.82421875,197.5703125,185.4609375,0.0,0.0,0.87109375,62.282562255859375
none,3,672,1.0,0.0,1.0,1.0,1.0,1.0,24.38671875,75.33203125,72.421875,63.1796875,135.9765625,212.32421875,199.28125,180.62890625,0.0,0.0,0.96875,62.78466033935547
none,3,673,1.0,0.0,1.0,1.0,1.0,1.0,24.29296875,74.73046875,73.18359375,63.3359375,135.484375,209.81640625,200.61328125,182.046875,0.0,0.0,0.98046875,62.718780517578125
none,3,674,1.0,0.0,1.0,1.0,1.0,1.0,23.69921875,74.5,72.45703125,63.69921875,135.84375,210.3359375,199.87890625,182.5,0.0,0.0,0.91796875,62.68146896362305
none,3,675,1.0,0.0,1.0,1.0,1.0,1.0,24.15625,76.171875,71.9296875,62.703125,135.8984375,213.33984375,198.38671875,180.2734375,0.0,0.0,0.94921875,62.59556198120117
none,3,676,1.0,0.0,1.0,1.0,1.0,1.0,24.27734375,74.23828125,73.265625,63.8359375,136.921875,207.91015625,201.87109375,184.015625,0.0,0.0,0.875,62.397457122802734
none,3,677,1.0,0.0,1.0,1.0,1.0,1.0,23.87109375,73.25390625,72.95703125,64.63671875,138.00390625,205.54296875,200.58203125,187.20703125,0.0,0.0,0.9765625,62.44872283935547
none,3,678,1.0,0.0,1.0,1.0,1.0,1.0,23.33984375,75.77734375,72.4375,62.828125,133.57421875,212.9765625,200.1953125,181.4609375,0.0,0.0,0.91015625,62.967041015625
none,3,679,1.0,0.0,1.0,1.0,1.0,1.0,24.07421875,75.39453125,72.4921875,63.38671875,137.01953125,212.5390625,200.0390625,183.7109375,0.0,0.0,0.87890625,63.01642990112305
none,3,680,1.0,0.0,1.0,1.0,1.0,1.0,24.2578125,76.14453125,72.9140625,63.1875,137.39453125,215.140625,201.546875,182.0,0.0,0.0,0.88671875,63.60462951660156
none,3,681,1.0,0.0,1.0,1.0,1.0,1.0,23.8359375,75.328125,73.25,63.96875,137.76953125,211.63671875,202.98046875,184.90234375,0.0,0.0,0.91796875,63.62725067138672
none,3,682,1.0,0.0,1.0,1.0,1.0,1.0,24.0,74.2109375,72.078125,64.421875,139.01953125,208.39453125,199.93359375,186.109375,0.0,0.0,0.88671875,62.96698760986328
none,3,683,1.0,0.0,1.0,1.0,1.0,1.0,24.48046875,75.015625,72.8046875,64.20703125,137.65625,211.39453125,200.67578125,186.5625,0.0,0.0,0.90625,63.49934005737305
none,3,684,1.0,0.0,1.0,1.0,1.0,1.0,24.98046875,74.64453125,73.14453125,64.19140625,139.8125,209.57421875,202.296875,185.30078125,0.0,0.0,0.84375,63.240318298339844
none,3,685,1.0,0.0,1.0,1.0,1.0,1.0,24.5390625,75.93359375,72.6875,64.23828125,138.5625,213.29296875,199.6796875,184.5234375,0.0,0.0,0.82421875,63.7337646484375
none,3,686,1.0,0.0,1.0,1.0,1.0,1.0,25.3359375,74.8828125,71.4765625,64.48828125,142.84375,210.55859375,196.609375,183.7890625,0.0,0.0,0.78515625,62.55332946777344
none,3,687,1.0,0.0,1.0,1.0,1.0,1.0,25.3671875,75.765625,72.53125,63.90234375,140.234375,212.64453125,199.14453125,181.59375,0.0,0.0,0.875,63.020790100097656
none,3,688,1.0,0.0,1.0,1.0,1.0,1.0,23.95703125,75.421875,72.484375,64.9921875,134.3515625,211.12109375,199.515625,186.421875,0.0,0.0,0.78125,63.88584518432617
none,3,689,1.0,0.0,1.0,1.0,1.0,1.0,23.73046875,75.51953125,72.3671875,63.34765625,136.14453125,211.953125,200.73828125,181.2109375,0.0,0.0,0.8046875,63.035335540771484
none,3,690,1.0,0.0,1.0,1.0,1.0,1.0,24.1328125,76.94921875,72.24609375,63.64453125,136.140625,216.265625,198.8671875,182.6875,0.0,0.0,0.8671875,63.855316162109375
none,3,691,1.0,0.0,1.0,1.0,1.0,1.0,24.7734375,76.40625,72.46875,63.71484375,139.125,214.85546875,199.1640625,182.14453125,0.0,0.0,0.8046875,63.826759338378906
none,3,692,1.0,0.0,1.0,1.0,1.0,1.0,25.05859375,74.359375,71.7890625,64.3671875,141.37109375,209.765625,197.79296875,187.09765625,0.0,0.0,0.953125,63.05096435546875
none,3,693,1.0,0.0,1.0,1.0,1.0,1.0,24.203125,75.00390625,72.60546875,64.0078125,139.3359375,210.6015625,200.6953125,183.953125,0.0,0.0,0.94140625,63.326927185058594
none,3,694,1.0,0.0,1.0,1.0,1.0,1.0,24.8984375,74.6953125,71.9921875,64.5703125,141.4609375,212.1015625,198.82421875,187.3125,0.0,0.0,0.9296875,63.102142333984375
none,3,695,1.0,0.0,1.0,1.0,1.0,1.0,24.875,74.13671875,72.2890625,64.6171875,141.8203125,210.609375,200.9140625,186.08984375,0.0,0.0,0.90625,62.71711349487305
none,3,696,1.0,0.0,1.0,1.0,1.0,1.0,24.65625,75.17578125,73.28515625,64.6328125,141.53515625,212.66015625,201.94140625,186.3984375,0.0,0.0,0.9140625,63.812835693359375
none,3,697,1.0,0.0,1.0,1.0,1.0,1.0,24.46484375,75.21875,73.0078125,65.3515625,140.70703125,211.82421875,200.76171875,187.08984375,0.0,0.0,0.84765625,63.86705780029297
none,3,698,1.0,0.0,1.0,1.0,1.0,1.0,25.58203125,73.9453125,72.26171875,66.79296875,146.8984375,209.69921875,199.73046875,192.48046875,0.0,0.0,0.92578125,63.83762741088867
none,3,699,1.0,0.0,1.0,1.0,1.0,1.0,25.01171875,73.765625,73.1328125,65.50390625,146.58203125,209.29296875,201.41796875,188.27734375,0.0,0.0,0.8828125,63.59703063964844
none,3,700,1.0,0.0,1.0,1.0,1.0,1.0,25.45703125,75.76171875,73.125,64.8125,148.25,212.63671875,200.58203125,185.578125,0.0,0.0,0.875,63.868499755859375
none,3,701,1.0,0.0,1.0,1.0,1.0,1.0,24.6328125,75.3046875,72.609375,65.18359375,143.08984375,212.7890625,198.6328125,187.72265625,0.0,0.0,0.7421875,63.92584991455078
none,3,702,1.0,0.0,1.0,1.0,1.0,1.0,25.3125,75.66015625,73.1171875,65.23046875,145.9609375,212.953125,201.06640625,185.63671875,0.0,0.0,0.86328125,63.847930908203125
none,3,703,1.0,0.0,1.0,1.0,1.0,1.0,24.66015625,75.2890625,72.8671875,65.66796875,144.2734375,213.18359375,199.37890625,188.0390625,0.0,0.0,0.74609375,64.11775207519531
none,3,704,1.0,0.0,1.0,1.0,1.0,1.0,25.33203125,75.44140625,73.8359375,64.19921875,144.17578125,212.96484375,203.65234375,183.63671875,0.0,0.0,0.7109375,64.1399154663086
none,3,705,1.0,0.0,1.0,1.0,1.0,1.0,25.2578125,77.625,72.7578125,64.4453125,143.6640625,217.47265625,197.72265625,183.62109375,0.0,0.0,0.8203125,64.24494171142578
none,3,706,1.0,0.0,1.0,1.0,1.0,1.0,24.7109375,76.76953125,73.14453125,64.21875,142.58984375,216.46875,199.875,181.54296875,0.0,0.0,0.828125,64.2312240600586
none,3,707,1.0,0.0,1.0,1.0,1.0,1.0,24.5078125,76.98046875,73.87109375,64.578125,140.51171875,215.7265625,202.0390625,184.328125,0.0,0.0,0.70703125,64.63093566894531
none,3,708,1.0,0.0,1.0,1.0,1.0,1.0,24.546875,75.97265625,74.13671875,64.2734375,141.73828125,213.7421875,203.4765625,183.3984375,0.0,0.0,0.84375,64.32665252685547
none,3,709,1.0,0.0,1.0,1.0,1.0,1.0,24.94140625,76.45703125,72.7109375,64.76953125,144.453125,214.828125,199.81640625,185.52734375,0.0,0.0,0.8046875,63.855224609375
none,3,710,1.0,0.0,1.0,1.0,1.0,1.0,24.3125,75.62109375,72.90625,66.359375,142.51953125,212.4140625,200.21484375,189.6484375,0.0,0.0,0.6640625,64.83934020996094
none,3,711,1.0,0.0,1.0,1.0,1.0,1.0,26.19140625,75.96484375,73.84765625,64.359375,146.7421875,213.37109375,202.98046875,183.953125,0.0,0.0,0.9140625,63.91546630859375
none,3,712,1.0,0.0,1.0,1.0,1.0,1.0,25.35546875,75.69921875,74.00390625,66.4375,145.2265625,212.95703125,202.1796875,190.62109375,0.0,0.0,0.79296875,65.00070190429688
none,3,713,1.0,0.0,1.0,1.0,1.0,1.0,25.3984375,75.515625,74.33203125,66.55859375,147.9375,211.8203125,203.01953125,191.01171875,0.0,0.0,0.796875,64.50596618652344
none,3,714,1.0,0.0,1.0,1.0,1.0,1.0,24.41796875,77.0703125,73.0859375,65.64453125,142.47265625,217.890625,200.7734375,188.46875,0.0,0.0,0.76171875,64.71265411376953
none,3,715,1.0,0.0,1.0,1.0,1.0,1.0,24.4375,75.67578125,72.78125,66.5625,146.26171875,214.8828125,200.72265625,192.74609375,0.0,0.0,0.72265625,64.61421203613281
none,3,716,1.0,0.0,1.0,1.0,1.0,1.0,24.92578125,77.0078125,73.7578125,66.5859375,146.05078125,217.91796875,203.44921875,191.66015625,0.0,0.0,0.7578125,65.12921142578125
none,3,717,1.0,0.0,1.0,1.0,1.0,1.0,25.69921875,75.453125,74.515625,66.38671875,149.53125,215.08984375,205.26171875,191.34765625,0.0,0.0,0.78125,64.62934875488281
none,3,718,1.0,0.0,1.0,1.0,1.0,1.0,24.86328125,75.3046875,74.46875,67.03125,146.72265625,210.87890625,205.87109375,192.484375,0.0,0.0,0.734375,64.63804626464844
none,3,719,1.0,0.0,1.0,1.0,1.0,1.0,24.6875,75.2265625,74.88671875,65.22265625,145.671875,211.70703125,206.51953125,188.72265625,0.0,0.0,0.75390625,64.81591796875
none,3,720,1.0,0.0,1.0,1.0,1.0,1.0,24.30078125,76.32421875,74.7734375,64.80859375,143.3125,215.14453125,203.8671875,186.703125,0.0,0.0,0.80859375,64.87594604492188
none,3,721,1.0,0.0,1.0,1.0,1.0,1.0,24.328125,76.60546875,74.96875,64.75,143.109375,215.26953125,205.8359375,185.078125,0.0,0.0,0.66796875,65.213134765625
none,3,722,1.0,0.0,1.0,1.0,1.0,1.0,24.79296875,74.34375,74.97265625,65.45703125,142.1171875,209.125,205.94921875,186.7109375,0.0,0.0,0.81640625,64.47603607177734
none,3,723,1.0,0.0,1.0,1.0,1.0,1.0,24.6484375,75.46484375,74.84375,65.2734375,141.81640625,211.7109375,203.94921875,185.19140625,0.0,0.0,0.8828125,64.31388854980469
none,3,724,1.0,0.0,1.0,1.0,1.0,1.0,24.6484375,75.16015625,74.15234375,66.23828125,143.91796875,211.65234375,202.3515625,189.5859375,0.0,0.0,0.7265625,64.58983612060547
none,3,725,1.0,0.0,1.0,1.0,1.0,1.0,23.828125,74.97265625,75.05078125,65.51953125,139.828125,210.171875,205.6171875,186.078125,0.0,0.0,0.81640625,64.26567840576172
none,3,726,1.0,0.0,1.0,1.0,1.0,1.0,24.84765625,74.87109375,74.21875,65.55859375,140.4765625,210.21484375,202.18359375,186.18359375,0.0,0.0,0.7265625,64.15742492675781
none,3,727,1.0,0.0,1.0,1.0,1.0,1.0,23.4375,76.89453125,74.796875,65.19921875,137.4453125,215.56640625,205.3046875,186.70703125,0.0,0.0,0.70703125,65.06370544433594
none,3,728,1.0,0.0,1.0,1.0,1.0,1.0,23.69140625,75.83984375,75.0,65.0078125,136.58203125,212.40625,205.8046875,185.796875,0.0,0.0,0.75,64.74791717529297
none,3,729,1.0,0.0,1.0,1.0,1.0,1.0,23.8125,76.0390625,74.44921875,64.8984375,137.65625,213.33203125,203.3125,185.04296875,0.0,0.0,0.796875,64.6103286743164
none,3,730,1.0,0.0,1.0,1.0,1.0,1.0,23.66796875,75.953125,75.1796875,66.28515625,138.0078125,213.203125,204.87109375,187.96484375,0.0,0.0,0.75,65.50952911376953
none,3,731,1.0,0.0,1.0,1.0,1.0,1.0,23.36328125,78.68359375,75.21484375,64.20703125,134.75390625,220.54296875,205.2734375,182.55859375,0.0,0.0,0.72265625,65.79783630371094
none,3,732,1.0,0.0,1.0,1.0,1.0,1.0,24.6953125,76.3671875,74.3828125,65.2734375,142.25390625,214.83984375,202.29296875,184.84375,0.0,0.0,0.7890625,64.88277435302734
none,3,733,1.0,0.0,1.0,1.0,1.0,1.0,23.91015625,77.375,75.7421875,65.1171875,136.88671875,215.69921875,207.09765625,183.0546875,0.0,0.0,0.72265625,65.9737548828125
none,3,734,1.0,0.0,1.0,1.0,1.0,1.0,23.64453125,77.99609375,74.890625,63.25390625,135.78515625,217.96875,205.23046875,179.02734375,0.0,0.0,0.828125,65.1730728149414
none,3,735,1.0,0.0,1.0,1.0,1.0,1.0,23.14453125,77.828125,74.9921875,63.703125,134.14453125,218.0,204.61328125,180.71484375,0.0,0.0,0.78515625,65.41636657714844
none,3,736,1.0,0.0,1.0,1.0,1.0,1.0,24.1484375,78.18359375,75.46484375,64.6953125,137.79296875,218.859375,206.65234375,184.1953125,0.0,0.0,0.7890625,65.6484603881836
none,3,737,1.0,0.0,1.0,1.0,1.0,1.0,22.8046875,77.16015625,74.9609375,65.6171875,136.234375,216.3203125,206.35546875,186.0078125,0.0,0.0,0.671875,66.2772216796875
none,3,738,1.0,0.0,1.0,1.0,1.0,1.0,23.28125,77.52734375,75.0546875,64.96484375,136.37109375,217.3046875,205.796875,185.33984375,0.0,0.0,0.82421875,65.3877182006836
none,3,739,1.0,0.0,1.0,1.0,1.0,1.0,23.77734375,77.828125,74.92578125,64.5625,141.046875,217.890625,204.44140625,185.4453125,0.0,0.0,0.8046875,65.10697174072266
none,3,740,1.0,0.0,1.0,1.0,1.0,1.0,23.0,75.984375,75.28515625,65.91015625,135.953125,213.45703125,206.4765625,188.1875,0.0,0.0,0.73046875,65.44801330566406
none,3,741,1.0,0.0,1.0,1.0,1.0,1.0,22.89453125,76.8515625,74.58203125,64.51171875,137.5546875,215.51953125,204.87109375,184.046875,0.0,0.0,0.78515625,65.46000671386719
none,3,742,1.0,0.0,1.0,1.0,1.0,1.0,23.04296875,76.74609375,75.671875,66.34765625,135.9765625,215.37109375,206.4609375,189.87890625,0.0,0.0,0.81640625,66.10497283935547
none,3,743,1.0,0.0,1.0,1.0,1.0,1.0,23.78125,76.6484375,75.5859375,65.48046875,138.51171875,215.265625,206.75,187.8359375,0.0,0.0,0.8359375,65.0834732055664
none,3,744,1.0,0.0,1.0,1.0,1.0,1.0,23.0390625,77.7734375,76.1640625,64.7265625,133.87890625,217.44140625,209.61328125,184.55078125,0.0,0.0,0.66796875,65.87056732177734
none,3,745,1.0,0.0,1.0,1.0,1.0,1.0,23.9296875,79.03515625,75.03125,64.00390625,139.96484375,221.26171875,205.671875,183.59765625,0.0,0.0,0.74609375,65.46817016601562
none,3,746,1.0,0.0,1.0,1.0,1.0,1.0,22.328125,77.546875,75.62109375,65.2578125,131.3203125,217.921875,208.671875,186.359375,0.0,0.0,0.7734375,66.42454528808594
none,3,747,1.0,0.0,1.0,1.0,1.0,1.0,23.23046875,77.52734375,75.828125,64.125,135.66796875,217.40625,207.01171875,184.10546875,0.0,0.0,0.76953125,65.59842681884766
none,3,748,1.0,0.0,1.0,1.0,1.0,1.0,23.578125,78.15234375,76.46875,65.21484375,137.98046875,218.31640625,209.73828125,187.17578125,0.0,0.0,0.80859375,66.55023956298828
none,3,749,1.0,0.0,1.0,1.0,1.0,1.0,22.828125,76.38671875,75.80859375,65.55078125,131.7890625,213.2421875,206.203125,187.78515625,0.0,0.0,0.81640625,66.10501098632812
none,3,750,1.0,0.0,1.0,1.0,1.0,1.0,22.82421875,78.02734375,75.71875,64.26953125,132.71875,219.12890625,206.96875,182.69921875,0.0,0.0,0.74609375,65.78594970703125
none,3,751,1.0,0.0,1.0,1.0,1.0,1.0,22.8046875,78.6640625,74.96875,65.3671875,132.890625,218.87109375,204.27734375,187.68359375,0.0,0.0,0.703125,65.96359252929688
none,3,752,1.0,0.0,1.0,1.0,1.0,1.0,23.01171875,79.23046875,75.06640625,64.2734375,132.2734375,222.6875,204.01953125,182.75390625,0.0,0.0,0.7421875,66.01568603515625
none,3,753,1.0,0.0,1.0,1.0,1.0,1.0,23.14453125,78.79296875,76.17578125,63.2109375,133.21484375,221.5,206.43359375,180.8203125,0.0,0.0,0.765625,65.73179626464844
none,3,754,1.0,0.0,1.0,1.0,1.0,1.0,23.3359375,77.97265625,76.54296875,64.54296875,135.87109375,217.12890625,208.578125,184.4765625,0.0,0.0,0.7421875,66.16336059570312
none,3,755,1.0,0.0,1.0,1.0,1.0,1.0,23.05859375,78.0390625,76.05859375,63.28515625,133.015625,217.73046875,207.5625,179.12109375,0.0,0.0,0.71484375,65.69189453125
none,3,756,1.0,0.0,1.0,1.0,1.0,1.0,23.76953125,77.46875,77.43359375,64.5703125,133.984375,215.8984375,210.16796875,182.8203125,0.0,0.0,0.73828125,65.89404296875
none,3,757,1.0,0.0,1.0,1.0,1.0,1.0,22.71484375,78.89453125,76.1640625,64.66796875,134.26953125,218.65625,209.34765625,184.80078125,0.0,0.0,0.7265625,66.39263916015625
none,3,758,1.0,0.0,1.0,1.0,1.0,1.0,23.74609375,78.5,75.59375,64.90625,136.3046875,219.32421875,206.09375,185.16796875,0.0,0.0,0.76953125,66.30122375488281
none,3,759,1.0,0.0,1.0,1.0,1.0,1.0,23.7109375,78.77734375,75.66015625,65.36328125,138.10546875,221.12109375,206.6328125,184.34765625,0.0,0.0,0.75,65.90715026855469
none,3,760,1.0,0.0,1.0,1.0,1.0,1.0,23.14453125,78.21875,76.0,64.1640625,135.1328125,217.7890625,206.109375,182.90625,0.0,0.0,0.8515625,66.03910827636719
none,3,761,1.0,0.0,1.0,1.0,1.0,1.0,23.22265625,80.75,76.8203125,63.7890625,136.2734375,224.0546875,205.97265625,181.33203125,0.0,0.0,0.79296875,66.50254821777344
none,3,762,1.0,0.0,1.0,1.0,1.0,1.0,22.875,80.0703125,75.58203125,65.265625,134.62890625,221.93359375,204.69921875,183.65234375,0.0,0.0,0.73046875,67.1171875
none,3,763,1.0,0.0,1.0,1.0,1.0,1.0,22.9296875,79.62890625,75.96484375,64.52734375,134.91015625,222.3984375,206.2578125,182.2734375,0.0,0.0,0.77734375,66.88447570800781
none,3,764,1.0,0.0,1.0,1.0,1.0,1.0,22.9765625,79.5078125,74.98828125,64.47265625,134.34375,221.140625,201.76171875,181.47265625,0.0,0.0,0.828125,66.31194305419922
none,3,765,1.0,0.0,1.0,1.0,1.0,1.0,22.69140625,80.07421875,78.359375,63.6328125,133.82421875,220.8828125,212.10546875,178.9375,0.0,0.0,0.66015625,67.52058410644531
none,3,766,1.0,0.0,1.0,1.0,1.0,1.0,22.66015625,78.72265625,75.03125,64.69921875,132.18359375,216.625,202.19921875,181.34375,0.0,0.0,0.78125,66.07362365722656
none,3,767,1.0,0.0,1.0,1.0,1.0,1.0,23.078125,80.23828125,75.20703125,63.109375,134.015625,222.609375,203.3359375,178.01171875,0.0,0.0,0.70703125,66.05647277832031
none,3,768,1.0,0.0,1.0,1.0,1.0,1.0,22.82421875,79.796875,76.73046875,64.93359375,132.703125,219.390625,207.2109375,183.4296875,0.0,0.0,0.75390625,67.39836120605469
none,3,769,1.0,0.0,1.0,1.0,1.0,1.0,23.66015625,78.20703125,76.203125,65.796875,137.625,215.890625,206.16796875,186.48046875,0.0,0.0,0.78125,66.704345703125
none,3,770,1.0,0.0,1.0,1.0,1.0,1.0,23.49609375,80.1875,76.31640625,64.7109375,136.140625,221.57421875,206.50390625,182.88671875,0.0,0.0,0.71875,67.2523422241211
none,3,771,1.0,0.0,1.0,1.0,1.0,1.0,22.91796875,80.44921875,75.7890625,64.62890625,136.6875,223.55859375,206.78125,184.1796875,0.0,0.0,0.609375,66.76890563964844
none,3,772,1.0,0.0,1.0,1.0,1.0,1.0,22.8515625,80.25390625,76.58984375,64.5234375,136.96484375,223.859375,208.87109375,185.09765625,0.0,0.0,0.74609375,67.03524780273438
none,3,773,1.0,0.0,1.0,1.0,1.0,1.0,22.359375,79.3046875,76.66015625,65.11328125,135.52734375,222.93359375,208.51953125,186.6640625,0.0,0.0,0.71875,67.1270980834961
none,3,774,1.0,0.0,1.0,1.0,1.0,1.0,22.6875,79.70703125,75.5078125,64.515625,135.37890625,223.9296875,206.83984375,186.2421875,0.0,0.0,0.71875,66.53739929199219
none,3,775,1.0,0.0,1.0,1.0,1.0,1.0,21.99609375,79.375,76.078125,64.875,131.828125,222.9609375,207.40625,186.90625,0.0,0.0,0.78125,66.98882293701172
none,3,776,1.0,0.0,1.0,1.0,1.0,1.0,21.42578125,79.38671875,75.859375,65.10546875,132.609375,222.390625,207.55078125,187.6640625,0.0,0.0,0.8359375,66.965087890625
none,3,777,1.0,0.0,1.0,1.0,1.0,1.0,21.73828125,82.4453125,76.0,63.234375,130.7421875,230.51171875,206.890625,182.3203125,0.0,0.0,0.62109375,67.51654052734375
none,3,778,1.0,0.0,1.0,1.0,1.0,1.0,22.55859375,79.56640625,76.49609375,65.59765625,134.54296875,223.0234375,208.79296875,188.87890625,0.0,0.0,0.7890625,67.46437072753906
none,3,779,1.0,0.0,1.0,1.0,1.0,1.0,21.33984375,80.58203125,75.75,65.859375,129.28515625,225.9296875,207.3359375,189.66796875,0.0,0.0,0.77734375,67.6241455078125
none,3,780,1.0,0.0,1.0,1.0,1.0,1.0,22.37890625,82.890625,76.390625,63.453125,133.4453125,230.75,209.578125,182.5625,0.0,0.0,0.65234375,67.77159118652344
none,3,781,1.0,0.0,1.0,1.0,1.0,1.0,21.4765625,80.76953125,76.08203125,63.22265625,131.2421875,227.99609375,208.6640625,180.0859375,0.0,0.0,0.75,66.91612243652344
none,3,782,1.0,0.0,1.0,1.0,1.0,1.0,22.01171875,81.71875,77.12109375,62.796875,131.5703125,229.37109375,210.3203125,179.015625,0.0,0.0,0.75,67.38062286376953
none,3,783,1.0,0.0,1.0,1.0,1.0,1.0,22.23046875,81.63671875,76.984375,63.2421875,133.22265625,228.265625,211.33984375,179.35546875,0.0,0.0,0.69140625,67.3624267578125
none,3,784,1.0,0.0,1.0,1.0,1.0,1.0,22.19140625,80.73046875,76.7265625,65.6796875,134.51171875,227.34375,211.08984375,186.3359375,0.0,0.0,0.73046875,68.11113739013672
none,3,785,1.0,0.0,1.0,1.0,1.0,1.0,21.890625,80.8828125,76.484375,63.78125,129.98046875,225.45703125,208.33984375,182.8828125,0.0,0.0,0.67578125,67.15760803222656
none,3,786,1.0,0.0,1.0,1.0,1.0,1.0,21.62109375,80.66796875,77.4375,62.8984375,130.61328125,225.05078125,212.5859375,179.875,0.0,0.0,0.6875,67.43232727050781
none,3,787,1.0,0.0,1.0,1.0,1.0,1.0,22.07421875,82.08984375,77.109375,63.4921875,131.77734375,228.76953125,209.65625,181.2421875,0.0,0.0,0.65625,67.81002807617188
none,3,788,1.0,0.0,1.0,1.0,1.0,1.0,21.390625,80.2109375,76.5078125,64.66015625,128.59375,226.328125,207.75390625,183.98046875,0.0,0.0,0.78515625,67.25642395019531
none,3,789,1.0,0.0,1.0,1.0,1.0,1.0,22.1171875,81.515625,75.96875,64.3203125,128.96875,228.5234375,208.48828125,183.98828125,0.0,0.0,0.734375,67.65211486816406
none,3,790,1.0,0.0,1.0,1.0,1.0,1.0,21.43359375,80.89453125,76.02734375,64.4375,128.625,228.34765625,208.26953125,182.5859375,0.0,0.0,0.6953125,67.24853515625
none,3,791,1.0,0.0,1.0,1.0,1.0,1.0,22.03125,81.06640625,76.71484375,63.88671875,132.6640625,226.0390625,208.61328125,182.72265625,0.0,0.0,0.78125,67.19491577148438
none,3,792,1.0,0.0,1.0,1.0,1.0,1.0,21.66796875,81.44921875,77.73828125,65.45703125,129.28515625,225.98046875,212.03125,186.44921875,0.0,0.0,0.8203125,68.39312744140625
none,3,793,1.0,0.0,1.0,1.0,1.0,1.0,21.62890625,82.88671875,76.83203125,63.87109375,127.71484375,231.19140625,209.390625,182.20703125,0.0,0.0,0.71484375,68.30752563476562
none,3,794,1.0,0.0,1.0,1.0,1.0,1.0,21.81640625,80.859375,76.6171875,63.30859375,130.70703125,224.6875,208.61328125,181.24609375,0.0,0.0,0.765625,67.22245788574219
none,3,795,1.0,0.0,1.0,1.0,1.0,1.0,21.16796875,81.7890625,77.19921875,64.44140625,130.22265625,227.18359375,211.1171875,184.5546875,0.0,0.0,0.6875,68.1156234741211
none,3,796,1.0,0.0,1.0,1.0,1.0,1.0,22.171875,81.2109375,78.2890625,64.04296875,130.265625,224.95703125,213.9375,183.3515625,0.0,0.0,0.65625,68.29104614257812
none,3,797,1.0,0.0,1.0,1.0,1.0,1.0,21.9921875,82.0234375,78.421875,63.84375,131.0625,229.9453125,214.234375,181.18359375,0.0,0.0,0.72265625,68.46172332763672
none,3,798,1.0,0.0,1.0,1.0,1.0,1.0,21.67578125,79.32421875,77.55078125,65.37109375,132.73828125,221.87890625,210.8984375,187.55859375,0.0,0.0,0.64453125,67.29304504394531
none,3,799,1.0,0.0,1.0,1.0,1.0,1.0,22.44921875,81.890625,77.60546875,64.56640625,133.6484375,227.58203125,210.8828125,184.4921875,0.0,0.0,0.734375,68.54474639892578
none,3,800,1.0,0.0,1.0,1.0,1.0,1.0,21.9453125,81.09375,78.125,64.078125,133.828125,227.9296875,212.546875,183.82421875,0.0,0.0,0.71875,68.02128601074219
none,3,801,1.0,0.0,1.0,1.0,1.0,1.0,22.1796875,80.171875,77.234375,65.03125,133.609375,224.296875,210.03515625,187.41015625,0.0,0.0,0.7109375,67.56676483154297
none,3,802,1.0,0.0,1.0,1.0,1.0,1.0,21.875,81.7109375,79.37109375,64.234375,132.546875,228.640625,216.62109375,184.6484375,0.0,0.0,0.75,68.75737762451172
none,3,803,1.0,0.0,1.0,1.0,1.0,1.0,22.01953125,81.703125,77.30859375,65.43359375,132.61328125,228.33203125,211.859375,188.09375,0.0,0.0,0.71875,68.56422424316406
none,3,804,1.0,0.0,1.0,1.0,1.0,1.0,22.07421875,80.9296875,78.93359375,66.16796875,133.57421875,225.9140625,214.38671875,188.83984375,0.0,0.0,0.6328125,69.0345458984375
none,3,805,1.0,0.0,1.0,1.0,1.0,1.0,22.36328125,81.8359375,77.15625,64.40625,134.0390625,229.0390625,211.53515625,184.6875,0.0,0.0,0.55859375,68.37281799316406
none,3,806,1.0,0.0,1.0,1.0,1.0,1.0,21.7890625,80.58984375,79.18359375,65.08984375,130.546875,225.515625,216.05859375,186.32421875,0.0,0.0,0.7265625,68.62741088867188
none,3,807,1.0,0.0,1.0,1.0,1.0,1.0,22.125,80.8984375,77.4375,65.23046875,129.58203125,225.11328125,210.52734375,185.93359375,0.0,0.0,0.68359375,68.39576721191406
none,3,808,1.0,0.0,1.0,1.0,1.0,1.0,22.16015625,81.71484375,78.28125,65.359375,132.85546875,227.15234375,213.02734375,186.03125,0.0,0.0,0.62109375,68.79727935791016
none,3,809,1.0,0.0,1.0,1.0,1.0,1.0,22.6015625,81.1328125,77.46484375,65.27734375,136.13671875,226.23828125,210.9921875,185.91796875,0.0,0.0,0.66796875,68.3128890991211
none,3,810,1.0,0.0,1.0,1.0,1.0,1.0,21.421875,81.59765625,77.6953125,66.07421875,131.80859375,227.92578125,211.33203125,188.2578125,0.0,0.0,0.6171875,68.8164291381836
none,3,811,1.0,0.0,1.0,1.0,1.0,1.0,21.74609375,82.87109375,77.73828125,64.5703125,132.0625,232.5078125,211.70703125,185.31640625,0.0,0.0,0.59765625,68.90702056884766
none,3,812,1.0,0.0,1.0,1.0,1.0,1.0,22.1953125,82.390625,78.68359375,65.8046875,135.30078125,230.1171875,214.60546875,188.375,0.0,0.0,0.60546875,69.35989379882812
none,3,813,1.0,0.0,1.0,1.0,1.0,1.0,21.94140625,81.390625,77.78125,65.53125,133.375,227.46875,211.9296875,188.7265625,0.0,0.0,0.60546875,68.45889282226562
none,3,814,1.0,0.0,1.0,1.0,1.0,1.0,21.34375,81.05078125,79.1484375,65.28515625,131.171875,226.359375,216.2578125,187.3359375,0.0,0.0,0.6328125,69.18523406982422
none,3,815,1.0,0.0,1.0,1.0,1.0,1.0,22.19140625,80.171875,79.79296875,66.09765625,134.46484375,224.28125,216.86328125,189.9921875,0.0,0.0,0.7578125,69.55130004882812
none,3,816,1.0,0.0,1.0,1.0,1.0,1.0,21.30859375,82.953125,79.171875,64.65625,133.08203125,231.20703125,215.73046875,184.15234375,0.0,0.0,0.71875,69.77365112304688
none,3,817,1.0,0.0,1.0,1.0,1.0,1.0,22.05078125,81.2265625,78.0625,65.56640625,134.921875,226.32421875,213.0625,187.875,0.0,0.0,0.640625,68.930419921875
none,3,818,1.0,0.0,1.0,1.0,1.0,1.0,22.1328125,82.18359375,78.43359375,64.50390625,134.03515625,228.11328125,212.53125,182.6953125,0.0,0.0,0.62109375,68.94723510742188
none,3,819,1.0,0.0,1.0,1.0,1.0,1.0,21.87890625,83.109375,78.73828125,64.67578125,131.86328125,232.03125,212.7265625,183.5703125,0.0,0.0,0.72265625,69.33918762207031
none,3,820,1.0,0.0,1.0,1.0,1.0,1.0,22.2734375,84.46875,77.81640625,65.26171875,133.296875,233.5078125,208.91796875,185.09375,0.0,0.0,0.7265625,69.37036895751953
none,3,821,1.0,0.0,1.0,1.0,1.0,1.0,22.4140625,82.0546875,78.0234375,65.71875,134.00390625,226.03125,209.03515625,186.89453125,0.0,0.0,0.68359375,69.2254867553711
none,3,822,1.0,0.0,1.0,1.0,1.0,1.0,22.46484375,84.14453125,77.8203125,65.515625,133.78125,231.88671875,209.37109375,184.37109375,0.0,0.0,0.6875,69.99996185302734
none,3,823,1.0,0.0,1.0,1.0,1.0,1.0,22.125,82.66015625,77.39453125,63.92578125,133.546875,229.453125,208.734375,179.953125,0.0,0.0,0.65625,68.47470092773438
none,3,824,1.0,0.0,1.0,1.0,1.0,1.0,21.265625,81.1484375,79.44140625,64.34765625,128.37109375,224.47265625,214.76171875,182.09375,0.0,0.0,0.71484375,68.86895751953125
none,3,825,1.0,0.0,1.0,1.0,1.0,1.0,22.15234375,81.3984375,78.98828125,65.0703125,133.515625,224.98828125,213.1328125,184.28125,0.0,0.0,0.671875,68.75924682617188
none,3,826,1.0,0.0,1.0,1.0,1.0,1.0,21.14453125,81.59375,79.48046875,63.87109375,128.98828125,227.41015625,215.15625,181.8359375,0.0,0.0,0.6484375,68.8059310913086
none,3,827,1.0,0.0,1.0,1.0,1.0,1.0,21.1484375,81.8984375,78.890625,66.41796875,133.140625,226.7890625,212.421875,188.69140625,0.0,0.0,0.6953125,69.8296127319336
none,3,828,1.0,0.0,1.0,1.0,1.0,1.0,21.1171875,81.86328125,78.14453125,64.421875,131.578125,228.59765625,212.0703125,182.82421875,0.0,0.0,0.6484375,68.79953002929688
none,3,829,1.0,0.0,1.0,1.0,1.0,1.0,21.7421875,82.87109375,79.265625,64.7421875,132.29296875,230.50390625,213.6875,185.125,0.0,0.0,0.64453125,69.47247314453125
none,3,830,1.0,0.0,1.0,1.0,1.0,1.0,21.28515625,82.15234375,79.50390625,64.7890625,130.47265625,227.36328125,214.85546875,185.40625,0.0,0.0,0.68359375,69.25542449951172
none,3,831,1.0,0.0,1.0,1.0,1.0,1.0,21.64453125,82.74609375,76.95703125,64.703125,132.80078125,229.828125,209.98046875,184.3046875,0.0,0.0,0.75,68.92135620117188
none,3,832,1.0,0.0,1.0,1.0,1.0,1.0,22.14453125,82.12890625,79.12890625,65.72265625,134.05078125,228.38671875,215.12109375,186.72265625,0.0,0.0,0.5703125,69.36375427246094
none,3,833,1.0,0.0,1.0,1.0,1.0,1.0,22.14453125,81.953125,78.8515625,66.0546875,136.2421875,227.3671875,214.25,188.28125,0.0,0.0,0.6171875,69.31684875488281
none,3,834,1.0,0.0,1.0,1.0,1.0,1.0,21.78125,80.73828125,79.40625,66.890625,131.37890625,222.9921875,214.96875,191.171875,0.0,0.0,0.69921875,69.45452880859375
none,3,835,1.0,0.0,1.0,1.0,1.0,1.0,21.4375,82.08984375,79.34765625,65.93359375,131.08203125,228.4296875,215.02734375,188.0,0.0,0.0,0.7265625,69.7654037475586
none,3,836,1.0,0.0,1.0,1.0,1.0,1.0,21.4140625,81.60546875,79.37109375,65.7421875,131.12109375,227.9375,216.421875,186.8359375,0.0,0.0,0.67578125,69.54966735839844
none,3,837,1.0,0.0,1.0,1.0,1.0,1.0,21.7734375,82.453125,80.046875,65.3046875,132.6015625,229.328125,219.2734375,185.1953125,0.0,0.0,0.6328125,69.93328857421875
none,3,838,1.0,0.0,1.0,1.0,1.0,1.0,20.8125,81.80859375,81.06640625,64.98828125,125.8125,225.99609375,220.38671875,185.3515625,0.0,0.0,0.63671875,69.84420013427734
none,3,839,1.0,0.0,1.0,1.0,1.0,1.0,20.8828125,82.07421875,78.5234375,64.86328125,129.73828125,227.65234375,214.00390625,184.9921875,0.0,0.0,0.6953125,69.13151550292969
none,3,840,1.0,0.0,1.0,1.0,1.0,1.0,20.734375,82.140625,80.578125,64.8515625,127.13671875,226.83984375,218.6015625,183.9609375,0.0,0.0,0.64453125,70.0693359375
none,3,841,1.0,0.0,1.0,1.0,1.0,1.0,20.703125,82.10546875,78.78515625,65.6875,127.546875,228.4375,214.2734375,185.83203125,0.0,0.0,0.6875,69.62429809570312
none,3,842,1.0,0.0,1.0,1.0,1.0,1.0,21.21875,81.609375,79.2265625,65.87890625,129.4921875,227.078125,216.02734375,187.01171875,0.0,0.0,0.62109375,69.8394775390625
none,3,843,1.0,0.0,1.0,1.0,1.0,1.0,21.62890625,82.41015625,77.796875,66.078125,131.5078125,230.34765625,210.78515625,188.3984375,0.0,0.0,0.6953125,69.26443481445312
none,3,844,1.0,0.0,1.0,1.0,1.0,1.0,20.99609375,81.45703125,78.63671875,65.7890625,129.3046875,227.0,213.1328125,188.24609375,0.0,0.0,0.703125,69.23196411132812
none,3,845,1.0,0.0,1.0,1.0,1.0,1.0,21.07421875,82.79296875,78.8125,65.37109375,128.9453125,231.48828125,214.09765625,185.20703125,0.0,0.0,0.66015625,69.49642944335938
none,3,846,1.0,0.0,1.0,1.0,1.0,1.0,21.67578125,82.49609375,78.75390625,64.64453125,133.3671875,229.984375,215.0703125,186.67578125,0.0,0.0,0.61328125,69.02693176269531
none,3,847,1.0,0.0,1.0,1.0,1.0,1.0,20.2734375,81.84765625,79.6875,65.75,128.84375,227.99609375,216.4296875,188.9296875,0.0,0.0,0.6875,70.14019775390625
none,3,848,1.0,0.0,1.0,1.0,1.0,1.0,20.71875,82.76953125,79.37109375,64.60546875,130.1015625,231.14453125,215.91796875,185.12890625,0.0,0.0,0.5703125,69.48125457763672
none,3,849,1.0,0.0,1.0,1.0,1.0,1.0,20.828125,83.6640625,78.28125,66.1875,129.97265625,233.125,212.19140625,188.125,0.0,0.0,0.64453125,69.67967987060547
none,3,850,1.0,0.0,1.0,1.0,1.0,1.0,20.6171875,84.75,80.0390625,63.859375,126.65625,234.97265625,217.99609375,181.73828125,0.0,0.0,0.58203125,70.43424987792969
none,3,851,1.0,0.0,1.0,1.0,1.0,1.0,20.66015625,83.41015625,80.3515625,65.82421875,126.26171875,231.66796875,218.04296875,187.83984375,0.0,0.0,0.765625,70.74592590332031
none,3,852,1.0,0.0,1.0,1.0,1.0,1.0,21.26171875,82.51171875,79.546875,65.671875,126.94921875,229.265625,214.94921875,186.74609375,0.0,0.0,0.6796875,70.31092834472656
none,3,853,1.0,0.0,1.0,1.0,1.0,1.0,21.3046875,83.53125,79.2890625,65.70703125,129.96484375,231.859375,215.00390625,186.19140625,0.0,0.0,0.6875,70.31525421142578
none,3,854,1.0,0.0,1.0,1.0,1.0,1.0,21.37109375,83.08203125,78.39453125,66.06640625,129.23046875,228.31640625,211.06640625,185.89453125,0.0,0.0,0.77734375,69.6024398803711
none,3,855,1.0,0.0,1.0,1.0,1.0,1.0,21.1640625,82.62109375,79.46484375,64.91796875,128.73828125,228.06640625,214.609375,183.9296875,0.0,0.0,0.609375,69.6470947265625
none,3,856,1.0,0.0,1.0,1.0,1.0,1.0,21.14453125,81.93359375,79.6328125,67.11328125,128.33984375,227.4921875,213.71484375,189.2421875,0.0,0.0,0.62109375,70.80848693847656
none,3,857,1.0,0.0,1.0,1.0,1.0,1.0,21.08984375,82.9921875,79.09375,66.01953125,127.79296875,227.7265625,213.5625,186.28515625,0.0,0.0,0.59375,70.07643127441406
none,3,858,1.0,0.0,1.0,1.0,1.0,1.0,21.5546875,83.1015625,78.38671875,66.21875,131.33984375,229.98828125,210.6875,185.90625,0.0,0.0,0.72265625,69.99608612060547
none,3,859,1.0,0.0,1.0,1.0,1.0,1.0,21.5546875,83.88671875,77.671875,66.1640625,130.4453125,229.484375,208.203125,186.5859375,0.0,0.0,0.65234375,69.8788070678711
none,3,860,1.0,0.0,1.0,1.0,1.0,1.0,21.48046875,82.796875,78.67578125,67.04296875,128.984375,227.05078125,211.57421875,189.3515625,0.0,0.0,0.59375,70.49324035644531
none,3,861,1.0,0.0,1.0,1.0,1.0,1.0,21.28515625,82.8359375,79.3671875,67.140625,129.109375,228.5703125,213.24609375,188.46875,0.0,0.0,0.59375,70.64144134521484
none,3,862,1.0,0.0,1.0,1.0,1.0,1.0,21.03125,82.9921875,79.3359375,66.18359375,129.578125,229.92578125,214.3359375,186.52734375,0.0,0.0,0.5703125,70.11520385742188
none,3,863,1.0,0.0,1.0,1.0,1.0,1.0,20.703125,82.91015625,79.46484375,67.39453125,126.26953125,227.703125,213.75,190.1796875,0.0,0.0,0.69921875,71.12872314453125
none,3,864,1.0,0.0,1.0,1.0,1.0,1.0,20.8828125,81.30859375,78.515625,67.70703125,127.50390625,224.25,211.8046875,192.7578125,0.0,0.0,0.6171875,70.08332824707031
none,3,865,1.0,0.0,1.0,1.0,1.0,1.0,20.609375,82.046875,79.9609375,67.44921875,125.79296875,226.75390625,214.75,191.33203125,0.0,0.0,0.57421875,70.32669067382812
none,3,866,1.0,0.0,1.0,1.0,1.0,1.0,20.4765625,82.2265625,80.76953125,67.24609375,125.8203125,226.83203125,217.33984375,190.02734375,0.0,0.0,0.625,71.30012512207031
none,3,867,1.0,0.0,1.0,1.0,1.0,1.0,21.01171875,84.65234375,79.50390625,67.0859375,130.484375,233.4609375,213.609375,188.796875,0.0,0.0,0.58984375,71.64498901367188
none,3,868,1.0,0.0,1.0,1.0,1.0,1.0,20.84375,82.8671875,80.203125,68.44921875,129.6015625,227.81640625,217.4296875,193.38671875,0.0,0.0,0.57421875,71.84071350097656
none,3,869,1.0,0.0,1.0,1.0,1.0,1.0,20.43359375,83.609375,79.60546875,66.93359375,129.01171875,230.6796875,215.17578125,191.11328125,0.0,0.0,0.59375,71.05158996582031
none,3,870,1.0,0.0,1.0,1.0,1.0,1.0,20.49609375,83.16015625,79.58984375,67.0546875,126.8515625,229.7265625,216.07421875,191.26171875,0.0,0.0,0.5703125,70.84270477294922
none,3,871,1.0,0.0,1.0,1.0,1.0,1.0,21.12109375,81.94140625,79.11328125,68.09765625,133.484375,228.09765625,213.33984375,194.1953125,0.0,0.0,0.671875,70.78373718261719
none,3,872,1.0,0.0,1.0,1.0,1.0,1.0,20.91015625,82.5625,79.01953125,67.50390625,129.11328125,228.921875,213.03515625,193.43359375,0.0,0.0,0.65625,70.196044921875
none,3,873,1.0,0.0,1.0,1.0,1.0,1.0,21.4296875,83.3828125,79.3984375,67.83984375,133.38671875,231.296875,214.45703125,192.9765625,0.0,0.0,0.65625,71.12454223632812
none,3,874,1.0,0.0,1.0,1.0,1.0,1.0,21.3828125,81.7734375,80.2421875,68.7578125,131.7421875,227.9296875,216.34765625,196.3515625,0.0,0.0,0.71875,71.04182434082031
none,3,875,1.0,0.0,1.0,1.0,1.0,1.0,21.61328125,82.84765625,79.96484375,67.03515625,135.63671875,229.984375,216.38671875,192.0,0.0,0.0,0.67578125,70.64839935302734
none,3,876,1.0,0.0,1.0,1.0,1.0,1.0,20.74609375,83.80078125,79.87109375,66.6328125,131.4765625,232.2109375,216.9609375,191.1015625,0.0,0.0,0.625,71.29168701171875
none,3,877,1.0,0.0,1.0,1.0,1.0,1.0,21.04296875,83.453125,80.0859375,67.69140625,132.45703125,230.22265625,217.6015625,191.8203125,0.0,0.0,0.66796875,71.27792358398438
none,3,878,1.0,0.0,1.0,1.0,1.0,1.0,21.41796875,83.6484375,80.796875,66.140625,133.64453125,232.3515625,218.08203125,189.44921875,0.0,0.0,0.65625,70.95857238769531
none,3,879,1.0,0.0,1.0,1.0,1.0,1.0,21.375,85.09765625,80.31640625,67.328125,134.796875,235.97265625,216.19140625,191.80859375,0.0,0.0,0.5625,72.03439331054688
none,3,880,1.0,0.0,1.0,1.0,1.0,1.0,20.92578125,84.10546875,81.11328125,67.3359375,131.76171875,232.875,219.54296875,192.18359375,0.0,0.0,0.58203125,72.26408386230469
none,3,881,1.0,0.0,1.0,1.0,1.0,1.0,21.0625,83.859375,81.46875,68.80859375,132.29296875,230.8671875,219.46875,196.5078125,0.0,0.0,0.578125,72.65010833740234
none,3,882,1.0,0.0,1.0,1.0,1.0,1.0,21.36328125,82.51953125,80.265625,68.359375,137.69921875,227.375,217.6484375,194.96484375,0.0,0.0,0.71875,71.45991516113281
none,3,883,1.0,0.0,1.0,1.0,1.0,1.0,21.3984375,82.69140625,79.9453125,66.48046875,134.7109375,229.0234375,215.359375,188.83203125,0.0,0.0,0.640625,70.49894714355469
none,3,884,1.0,0.0,1.0,1.0,1.0,1.0,21.64453125,81.89453125,80.33984375,69.62890625,133.828125,224.76953125,215.67578125,198.6640625,0.0,0.0,0.578125,71.57174682617188
none,3,885,1.0,0.0,1.0,1.0,1.0,1.0,21.56640625,83.00390625,78.87890625,67.5390625,134.84375,227.71875,211.46875,192.83203125,0.0,0.0,0.59765625,70.37919616699219
none,3,886,1.0,0.0,1.0,1.0,1.0,1.0,22.14453125,81.6953125,80.140625,67.5625,134.75,224.38671875,214.796875,191.6484375,0.0,0.0,0.59765625,70.68183898925781
none,3,887,1.0,0.0,1.0,1.0,1.0,1.0,21.1953125,82.38671875,80.1953125,67.8125,131.63671875,226.57421875,214.82421875,191.57421875,0.0,0.0,0.625,70.97247314453125
none,3,888,1.0,0.0,1.0,1.0,1.0,1.0,20.93359375,81.98828125,79.84765625,68.45703125,130.8984375,225.78125,214.765625,194.1796875,0.0,0.0,0.62890625,71.39781188964844
none,3,889,1.0,0.0,1.0,1.0,1.0,1.0,20.52734375,84.09765625,78.80859375,68.50390625,130.24609375,231.5859375,212.08984375,195.62109375,0.0,0.0,0.6640625,71.49391174316406
none,3,890,1.0,0.0,1.0,1.0,1.0,1.0,21.28125,82.64453125,81.421875,67.90625,131.0859375,227.4765625,219.390625,194.02734375,0.0,0.0,0.59765625,71.32899475097656
none,3,891,1.0,0.0,1.0,1.0,1.0,1.0,20.7890625,82.703125,80.59375,68.69140625,131.47265625,228.26171875,218.1796875,195.81640625,0.0,0.0,0.6171875,71.34699249267578
none,3,892,1.0,0.0,1.0,1.0,1.0,1.0,20.46484375,83.76171875,81.5703125,66.4609375,127.98046875,231.625,218.66796875,188.31640625,0.0,0.0,0.5703125,71.29698944091797
none,3,893,1.0,0.0,1.0,1.0,1.0,1.0,19.86328125,83.7734375,82.35546875,66.75,124.54296875,230.3359375,222.0078125,188.3671875,0.0,0.0,0.6171875,71.54743957519531
none,3,894,1.0,0.0,1.0,1.0,1.0,1.0,21.109375,83.140625,80.92578125,67.1328125,128.328125,229.390625,218.703125,190.1875,0.0,0.0,0.62890625,71.44966125488281
none,3,895,1.0,0.0,1.0,1.0,1.0,1.0,20.25,82.3671875,82.12109375,67.19140625,127.48046875,227.90625,220.265625,190.11328125,0.0,0.0,0.6328125,71.98023223876953
none,3,896,1.0,0.0,1.0,1.0,1.0,1.0,20.5,82.421875,80.97265625,66.75,126.1328125,228.359375,218.86328125,189.046875,0.0,0.0,0.65625,70.96318054199219
none,3,897,1.0,0.0,1.0,1.0,1.0,1.0,20.734375,84.62109375,80.5234375,66.90234375,125.76171875,231.76953125,216.6875,189.6484375,0.0,0.0,0.59375,71.13336181640625
none,3,898,1.0,0.0,1.0,1.0,1.0,1.0,20.0,84.37890625,80.24609375,66.73046875,125.48046875,233.203125,216.53515625,189.84375,0.0,0.0,0.56640625,71.88793182373047
none,3,899,1.0,0.0,1.0,1.0,1.0,1.0,19.46484375,83.640625,82.39453125,67.64453125,123.6875,230.37890625,222.26171875,191.75,0.0,0.0,0.70703125,72.096923828125
none,3,900,1.0,0.0,1.0,1.0,1.0,1.0,19.60546875,83.4453125,82.046875,66.3515625,122.91796875,229.56640625,221.32421875,189.6875,0.0,0.0,0.703125,71.66291809082031
none,3,901,1.0,0.0,1.0,1.0,1.0,1.0,20.56640625,82.51171875,81.11328125,67.56640625,126.8203125,227.74609375,219.09765625,191.3671875,0.0,0.0,0.65625,71.1356201171875
none,3,902,1.0,0.0,1.0,1.0,1.0,1.0,19.41015625,82.65625,82.625,68.32421875,123.44921875,226.50390625,222.98046875,193.96875,0.0,0.0,0.62109375,72.50212860107422
none,3,903,1.0,0.0,1.0,1.0,1.0,1.0,20.1171875,82.33203125,82.1328125,69.453125,126.7421875,226.765625,221.40625,198.78515625,0.0,0.0,0.609375,72.50249481201172
none,3,904,1.0,0.0,1.0,1.0,1.0,1.0,19.453125,82.57421875,82.3359375,68.34765625,125.0859375,228.828125,221.015625,196.0390625,0.0,0.0,0.640625,72.58993530273438
none,3,905,1.0,0.0,1.0,1.0,1.0,1.0,20.2734375,83.15625,81.17578125,67.40625,127.2890625,231.59765625,219.46484375,191.26171875,0.0,0.0,0.62109375,71.70101165771484
none,3,906,1.0,0.0,1.0,1.0,1.0,1.0,19.83984375,82.70703125,83.08203125,67.28125,124.7265625,228.55078125,222.8984375,191.515625,0.0,0.0,0.6875,72.09109497070312
none,3,907,1.0,0.0,1.0,1.0,1.0,1.0,20.45703125,82.6328125,81.48828125,67.45703125,123.48046875,227.96484375,219.68359375,193.109375,0.0,0.0,0.59375,71.65734100341797
none,3,908,1.0,0.0,1.0,1.0,1.0,1.0,19.65625,83.6171875,82.09375,66.89453125,122.76171875,230.65234375,221.046875,189.84375,0.0,0.0,0.55859375,71.76882934570312
none,3,909,1.0,0.0,1.0,1.0,1.0,1.0,20.4765625,83.3125,82.2109375,68.0546875,125.01953125,229.7890625,221.0078125,193.17578125,0.0,0.0,0.671875,72.21791076660156
none,3,910,1.0,0.0,1.0,1.0,1.0,1.0,20.18359375,85.10546875,81.18359375,67.41015625,124.9375,232.1796875,216.3046875,192.05078125,0.0,0.0,0.546875,72.75341796875
none,3,911,1.0,0.0,1.0,1.0,1.0,1.0,20.55078125,84.3671875,81.69140625,67.30078125,126.6875,231.34765625,219.20703125,190.92578125,0.0,0.0,0.6015625,71.9244384765625
none,3,912,1.0,0.0,1.0,1.0,1.0,1.0,20.49609375,83.3359375,81.8359375,68.1484375,127.23046875,228.45703125,219.4375,193.4765625,0.0,0.0,0.55859375,72.16017150878906
none,3,913,1.0,0.0,1.0,1.0,1.0,1.0,20.5859375,82.38671875,81.296875,69.33984375,127.25390625,226.24609375,219.9140625,197.0703125,0.0,0.0,0.546875,72.20592498779297
none,3,914,1.0,0.0,1.0,1.0,1.0,1.0,20.51953125,82.078125,81.453125,68.38671875,127.5703125,225.0390625,219.546875,194.62109375,0.0,0.0,0.60546875,71.47665405273438
none,3,915,1.0,0.0,1.0,1.0,1.0,1.0,19.65234375,84.71484375,82.11328125,66.9296875,123.96484375,233.46484375,220.79296875,190.125,0.0,0.0,0.59375,72.01799011230469
none,3,916,1.0,0.0,1.0,1.0,1.0,1.0,19.7890625,83.1171875,82.1015625,68.70703125,125.80078125,230.23046875,222.0234375,195.8046875,0.0,0.0,0.625,72.58263397216797
none,3,917,1.0,0.0,1.0,1.0,1.0,1.0,20.15234375,84.89453125,81.93359375,66.41015625,127.30078125,234.453125,220.69140625,188.77734375,0.0,0.0,0.671875,72.10498046875
none,3,918,1.0,0.0,1.0,1.0,1.0,1.0,19.63671875,84.68359375,81.7578125,66.99609375,125.97265625,233.57421875,220.515625,191.1796875,0.0,0.0,0.609375,72.40078735351562
none,3,919,1.0,0.0,1.0,1.0,1.0,1.0,19.58203125,84.38671875,81.828125,67.28125,121.37890625,232.63671875,220.20703125,192.0625,0.0,0.0,0.609375,72.40509033203125
none,3,920,1.0,0.0,1.0,1.0,1.0,1.0,19.36328125,84.50390625,82.33203125,66.6953125,120.39453125,234.5,222.0859375,188.4375,0.0,0.0,0.6328125,72.69010162353516
none,3,921,1.0,0.0,1.0,1.0,1.0,1.0,19.640625,83.1640625,82.2265625,67.50390625,124.37890625,229.796875,221.09375,193.16015625,0.0,0.0,0.62109375,72.15693664550781
none,3,922,1.0,0.0,1.0,1.0,1.0,1.0,19.4609375,84.96484375,81.953125,66.90234375,119.65234375,235.88671875,220.87109375,189.87109375,0.0,0.0,0.6328125,72.15904998779297
none,3,923,1.0,0.0,1.0,1.0,1.0,1.0,19.86328125,83.7109375,82.6328125,66.75,122.98046875,231.1328125,221.734375,189.5234375,0.0,0.0,0.65234375,71.96455383300781
none,3,924,1.0,0.0,1.0,1.0,1.0,1.0,20.2734375,85.54296875,80.8671875,68.03125,126.0234375,236.76953125,215.7734375,192.5546875,0.0,0.0,0.625,72.4933090209961
none,3,925,1.0,0.0,1.0,1.0,1.0,1.0,19.4609375,85.2890625,81.453125,67.55078125,122.390625,235.02734375,218.421875,191.48046875,0.0,0.0,0.62109375,72.79325866699219
none,3,926,1.0,0.0,1.0,1.0,1.0,1.0,19.484375,86.109375,81.75390625,67.13671875,121.47265625,236.890625,218.30859375,189.68359375,0.0,0.0,0.70703125,73.00390625
none,3,927,1.0,0.0,1.0,1.0,1.0,1.0,19.55859375,85.171875,82.6796875,68.09375,123.08984375,234.78125,221.40625,191.90625,0.0,0.0,0.5703125,73.20620727539062
none,3,928,1.0,0.0,1.0,1.0,1.0,1.0,19.73828125,85.91015625,81.63671875,66.65234375,122.75390625,237.4609375,219.12890625,187.27734375,0.0,0.0,0.6796875,72.59585571289062
none,3,929,1.0,0.0,1.0,1.0,1.0,1.0,19.65234375,85.609375,82.82421875,66.5625,123.984375,236.12890625,221.55078125,188.12890625,0.0,0.0,0.55078125,72.46720886230469
none,3,930,1.0,0.0,1.0,1.0,1.0,1.0,19.40625,85.7109375,82.45703125,67.36328125,123.078125,235.64453125,220.53125,189.87109375,0.0,0.0,0.546875,72.8466796875
none,3,931,1.0,0.0,1.0,1.0,1.0,1.0,19.55078125,86.01171875,81.6171875,66.90625,124.1328125,237.30078125,219.07421875,188.6640625,0.0,0.0,0.53125,72.62753295898438
none,3,932,1.0,0.0,1.0,1.0,1.0,1.0,20.01953125,85.41796875,82.390625,67.10546875,126.80859375,235.77734375,220.5859375,189.63671875,0.0,0.0,0.546875,73.0772476196289
none,3,933,1.0,0.0,1.0,1.0,1.0,1.0,19.6015625,84.57421875,83.6015625,68.18359375,123.6640625,232.296875,224.5703125,192.421875,0.0,0.0,0.53515625,73.70481872558594
none,3,934,1.0,0.0,1.0,1.0,1.0,1.0,19.4765625,84.19921875,83.84375,67.890625,124.84765625,232.22265625,226.75390625,193.5,0.0,0.0,0.5390625,73.40153503417969
none,3,935,1.0,0.0,1.0,1.0,1.0,1.0,19.4453125,84.79296875,82.63671875,67.08984375,123.23046875,235.3203125,222.0,188.78125,0.0,0.0,0.5625,72.89527893066406
none,3,936,1.0,0.0,1.0,1.0,1.0,1.0,19.7890625,83.921875,82.80078125,67.56640625,125.4453125,232.5,222.85546875,191.47265625,0.0,0.0,0.61328125,72.68944549560547
none,3,937,1.0,0.0,1.0,1.0,1.0,1.0,19.77734375,84.60546875,81.265625,67.4765625,124.83203125,233.96875,218.32421875,189.421875,0.0,0.0,0.671875,72.26066589355469
none,3,938,1.0,0.0,1.0,1.0,1.0,1.0,19.51171875,85.90625,82.84375,66.33203125,123.3203125,237.51171875,221.50390625,188.1015625,0.0,0.0,0.609375,73.29568481445312
none,3,939,1.0,0.0,1.0,1.0,1.0,1.0,19.265625,84.01171875,83.73046875,67.8125,120.73828125,231.53125,225.859375,191.52734375,0.0,0.0,0.58203125,73.66221618652344
none,3,940,1.0,0.0,1.0,1.0,1.0,1.0,19.14453125,83.9609375,83.05078125,68.30859375,124.0234375,231.046875,221.72265625,194.60546875,0.0,0.0,0.56640625,72.92405700683594
none,3,941,1.0,0.0,1.0,1.0,1.0,1.0,19.390625,85.29296875,83.13671875,67.45703125,123.62890625,236.61328125,225.45703125,190.0234375,0.0,0.0,0.53125,73.29597473144531
none,3,942,1.0,0.0,1.0,1.0,1.0,1.0,19.5,84.61328125,84.03515625,66.46875,125.37109375,233.59375,226.62109375,188.55078125,0.0,0.0,0.58984375,73.20299530029297
none,3,943,1.0,0.0,1.0,1.0,1.0,1.0,19.64453125,84.4765625,82.78515625,70.28125,124.87890625,232.65625,222.0546875,199.16796875,0.0,0.0,0.578125,73.87611389160156
none,3,944,1.0,0.0,1.0,1.0,1.0,1.0,19.61328125,86.00390625,82.515625,69.19921875,125.76171875,239.14453125,221.375,195.5546875,0.0,0.0,0.54296875,74.06460571289062
none,3,945,1.0,0.0,1.0,1.0,1.0,1.0,19.2265625,85.421875,82.68359375,68.6875,125.9375,237.55078125,221.86328125,195.87109375,0.0,0.0,0.54296875,73.67182922363281
none,3,946,1.0,0.0,1.0,1.0,1.0,1.0,19.76953125,86.90625,81.62109375,67.3046875,127.59765625,240.2421875,220.3203125,190.22265625,0.0,0.0,0.625,73.4052505493164
none,3,947,1.0,0.0,1.0,1.0,1.0,1.0,20.796875,85.0390625,82.73828125,68.30078125,130.3671875,235.92578125,222.4375,193.65625,0.0,0.0,0.58984375,73.43852996826172
none,3,948,1.0,0.0,1.0,1.0,1.0,1.0,19.56640625,85.44140625,82.56640625,69.171875,128.20703125,236.8359375,222.48828125,195.3515625,0.0,0.0,0.515625,73.87960815429688
none,3,949,1.0,0.0,1.0,1.0,1.0,1.0,20.04296875,85.7265625,82.01953125,67.40625,127.10546875,238.21484375,221.04296875,191.125,0.0,0.0,0.58984375,73.16253662109375
none,3,950,1.0,0.0,1.0,1.0,1.0,1.0,19.69921875,86.171875,83.0625,68.3359375,127.49609375,238.04296875,225.08203125,193.4296875,0.0,0.0,0.58984375,74.36221313476562
none,3,951,1.0,0.0,1.0,1.0,1.0,1.0,19.84765625,85.53125,82.95703125,68.92578125,129.00390625,237.3046875,222.76171875,193.9140625,0.0,0.0,0.5078125,73.8731689453125
none,3,952,1.0,0.0,1.0,1.0,1.0,1.0,19.49609375,86.078125,83.91015625,68.49609375,127.234375,237.74609375,226.51171875,192.4765625,0.0,0.0,0.55859375,74.75605773925781
none,3,953,1.0,0.0,1.0,1.0,1.0,1.0,20.27734375,86.12109375,83.23046875,67.29296875,128.8828125,239.24609375,223.98046875,189.546875,0.0,0.0,0.55859375,73.5000228881836
none,3,954,1.0,0.0,1.0,1.0,1.0,1.0,19.19140625,85.859375,83.4609375,69.05078125,127.48046875,237.7890625,224.01953125,195.84375,0.0,0.0,0.5078125,74.63053894042969
none,3,955,1.0,0.0,1.0,1.0,1.0,1.0,19.78125,85.52734375,82.41796875,69.94140625,128.21484375,236.046875,221.3515625,197.18359375,0.0,0.0,0.58203125,73.89569091796875
none,3,956,1.0,0.0,1.0,1.0,1.0,1.0,19.734375,84.48046875,84.203125,69.55078125,127.05078125,232.83203125,225.9609375,196.7421875,0.0,0.0,0.46875,73.99868774414062
none,3,957,1.0,0.0,1.0,1.0,1.0,1.0,20.28125,87.10546875,82.90234375,68.828125,127.9765625,240.69921875,221.8125,194.41015625,0.0,0.0,0.57421875,74.5504150390625
none,3,958,1.0,0.0,1.0,1.0,1.0,1.0,19.57421875,86.62109375,82.96875,68.890625,124.36328125,238.91796875,222.609375,195.0234375,0.0,0.0,0.5390625,74.50596618652344
none,3,959,1.0,0.0,1.0,1.0,1.0,1.0,20.31640625,86.79296875,82.171875,68.41796875,130.53125,239.96484375,221.328125,192.265625,0.0,0.0,0.421875,73.98348236083984
none,3,960,1.0,0.0,1.0,1.0,1.0,1.0,20.23828125,85.35546875,82.25390625,68.3515625,130.0078125,235.08984375,221.24609375,192.89453125,0.0,0.0,0.6171875,72.7452392578125
none,3,961,1.0,0.0,1.0,1.0,1.0,1.0,20.15234375,86.91796875,81.51953125,68.48828125,128.0859375,240.4609375,217.95703125,192.2421875,0.0,0.0,0.59375,73.98645782470703
none,3,962,1.0,0.0,1.0,1.0,1.0,1.0,20.03125,85.79296875,82.6484375,70.19140625,127.51171875,235.00390625,220.6328125,198.4140625,0.0,0.0,0.58984375,74.68111419677734
none,3,963,1.0,0.0,1.0,1.0,1.0,1.0,19.8828125,86.8046875,82.37890625,68.24609375,126.046875,239.9765625,220.5859375,190.15625,0.0,0.0,0.59375,74.08790588378906
none,3,964,1.0,0.0,1.0,1.0,1.0,1.0,19.70703125,86.51953125,82.59375,68.4296875,123.60546875,238.06640625,220.72265625,192.1328125,0.0,0.0,0.5625,74.38868713378906
none,3,965,1.0,0.0,1.0,1.0,1.0,1.0,19.63671875,86.1015625,83.375,68.40234375,126.76171875,235.6484375,222.5625,191.83984375,0.0,0.0,0.51171875,74.54188537597656
none,3,966,1.0,0.0,1.0,1.0,1.0,1.0,19.703125,86.3359375,83.6015625,68.671875,122.8359375,235.796875,223.484375,193.26171875,0.0,0.0,0.515625,74.44930267333984
none,3,967,1.0,0.0,1.0,1.0,1.0,1.0,19.83984375,87.30859375,82.88671875,67.28515625,122.65234375,242.0,221.2265625,186.40234375,0.0,0.0,0.5859375,73.87522888183594
none,3,968,1.0,0.0,1.0,1.0,1.0,1.0,18.7421875,85.66796875,83.88671875,68.99609375,118.76171875,235.04296875,224.1328125,192.83984375,0.0,0.0,0.59375,74.46115112304688
none,3,969,1.0,0.0,1.0,1.0,1.0,1.0,19.421875,85.69921875,83.25,67.828125,124.96484375,235.5859375,223.296875,190.5078125,0.0,0.0,0.640625,73.63756561279297
none,3,970,1.0,0.0,1.0,1.0,1.0,1.0,19.23828125,86.09765625,83.8203125,67.734375,121.671875,237.8125,224.890625,189.41015625,0.0,0.0,0.57421875,74.6681137084961
none,3,971,1.0,0.0,1.0,1.0,1.0,1.0,19.25390625,86.76953125,82.8515625,68.37109375,121.21875,239.9921875,220.30859375,191.5546875,0.0,0.0,0.515625,74.3893051147461
none,3,972,1.0,0.0,1.0,1.0,1.0,1.0,19.14453125,86.484375,82.7421875,69.39453125,121.015625,237.43359375,221.71875,195.81640625,0.0,0.0,0.4609375,74.51364135742188
none,3,973,1.0,0.0,1.0,1.0,1.0,1.0,19.1484375,87.140625,84.25,68.96484375,121.47265625,239.11328125,225.5625,193.41796875,0.0,0.0,0.46484375,75.66326141357422
none,3,974,1.0,0.0,1.0,1.0,1.0,1.0,18.75390625,87.21484375,83.27734375,67.53515625,116.61328125,241.734375,224.203125,189.69140625,0.0,0.0,0.5234375,74.04572296142578
none,3,975,1.0,0.0,1.0,1.0,1.0,1.0,19.515625,86.7734375,82.390625,68.4375,125.4453125,238.45703125,222.5390625,192.25390625,0.0,0.0,0.52734375,74.01899719238281
none,3,976,1.0,0.0,1.0,1.0,1.0,1.0,19.328125,86.1328125,83.01171875,67.82421875,122.41015625,238.25,223.65234375,190.62890625,0.0,0.0,0.55078125,73.9606704711914
none,3,977,1.0,0.0,1.0,1.0,1.0,1.0,19.5625,87.55078125,82.81640625,68.953125,122.6328125,241.84765625,223.40234375,193.30859375,0.0,0.0,0.515625,74.67569732666016
none,3,978,1.0,0.0,1.0,1.0,1.0,1.0,19.5,85.953125,82.53125,68.51953125,123.53515625,237.84375,221.546875,191.3359375,0.0,0.0,0.65625,74.0195541381836
none,3,979,1.0,0.0,1.0,1.0,1.0,1.0,19.25,87.61328125,82.82421875,69.2421875,121.265625,243.12109375,222.05859375,194.21875,0.0,0.0,0.515625,75.07878112792969
none,3,980,1.0,0.0,1.0,1.0,1.0,1.0,19.3671875,86.05078125,82.60546875,69.03125,124.27734375,239.5234375,222.2734375,194.91015625,0.0,0.0,0.62109375,74.04353332519531
none,3,981,1.0,0.0,1.0,1.0,1.0,1.0,19.0859375,84.82421875,84.36328125,69.765625,124.01171875,235.65234375,226.7578125,195.58984375,0.0,0.0,0.5546875,74.75996398925781
none,3,982,1.0,0.0,1.0,1.0,1.0,1.0,18.38671875,86.6171875,83.41015625,68.9375,121.23828125,238.77734375,224.40234375,192.6015625,0.0,0.0,0.5390625,74.89285278320312
none,3,983,1.0,0.0,1.0,1.0,1.0,1.0,19.4609375,85.27734375,82.91015625,70.984375,126.4375,236.07421875,222.8984375,198.6640625,0.0,0.0,0.48828125,74.77760314941406
none,3,984,1.0,0.0,1.0,1.0,1.0,1.0,19.09375,86.515625,84.29296875,70.27734375,124.1640625,239.515625,226.59375,196.03125,0.0,0.0,0.55859375,75.7112045288086
none,3,985,1.0,0.0,1.0,1.0,1.0,1.0,19.15234375,86.08984375,84.125,69.80859375,119.9140625,238.67578125,225.453125,194.1015625,0.0,0.0,0.4765625,75.0921630859375
none,3,986,1.0,0.0,1.0,1.0,1.0,1.0,18.53125,86.56640625,83.65625,69.62109375,120.90625,238.54296875,225.20703125,194.30078125,0.0,0.0,0.6015625,75.19973754882812
none,3,987,1.0,0.0,1.0,1.0,1.0,1.0,19.3203125,86.2578125,84.9296875,70.62890625,122.640625,238.9921875,226.79296875,197.7265625,0.0,0.0,0.515625,76.29173278808594
none,3,988,1.0,0.0,1.0,1.0,1.0,1.0,19.375,87.0703125,83.84375,70.1875,125.7265625,239.1328125,224.3984375,193.87890625,0.0,0.0,0.44921875,75.5299072265625
none,3,989,1.0,0.0,1.0,1.0,1.0,1.0,18.81640625,87.46875,84.37890625,69.14453125,120.13671875,240.84375,225.85546875,192.78125,0.0,0.0,0.5,75.3465576171875
none,3,990,1.0,0.0,1.0,1.0,1.0,1.0,19.5390625,86.8359375,85.48046875,68.83984375,123.46875,239.4140625,227.8046875,190.421875,0.0,0.0,0.453125,75.5654525756836
none,3,991,1.0,0.0,1.0,1.0,1.0,1.0,19.11328125,85.578125,85.1328125,70.3828125,122.0390625,235.125,228.3125,195.078125,0.0,0.0,0.50390625,75.84153747558594
none,3,992,1.0,0.0,1.0,1.0,1.0,1.0,19.84765625,85.765625,85.94921875,68.9609375,124.38671875,236.1484375,229.3828125,191.4453125,0.0,0.0,0.5390625,75.91139221191406
none,3,993,1.0,0.0,1.0,1.0,1.0,1.0,18.9609375,84.7890625,84.80859375,70.54296875,124.7109375,232.9921875,228.03125,197.24609375,0.0,0.0,0.51171875,75.75514221191406
none,3,994,1.0,0.0,1.0,1.0,1.0,1.0,18.6640625,87.609375,84.16015625,69.3046875,119.578125,240.8984375,225.16015625,193.4765625,0.0,0.0,0.50390625,75.27542114257812
none,3,995,1.0,0.0,1.0,1.0,1.0,1.0,19.33984375,86.91015625,84.91015625,68.98828125,123.51171875,240.4453125,226.703125,192.46875,0.0,0.0,0.48828125,75.19828796386719
none,3,996,1.0,0.0,1.0,1.0,1.0,1.0,19.28515625,87.6484375,84.3125,68.18359375,124.234375,241.71484375,225.70703125,191.09375,0.0,0.0,0.546875,75.34874725341797
none,3,997,1.0,0.0,1.0,1.0,1.0,1.0,18.98046875,86.0859375,83.890625,68.77734375,121.7109375,238.50390625,224.3046875,191.984375,0.0,0.0,0.53125,74.7962875366211
none,3,998,1.0,0.0,1.0,1.0,1.0,1.0,19.06640625,87.33984375,84.328125,69.14453125,122.46875,241.5546875,226.15234375,194.890625,0.0,0.0,0.5546875,75.1903076171875
none,3,999,1.0,0.0,1.0,1.0,1.0,1.0,18.44921875,87.76953125,84.2734375,70.39453125,121.44140625,242.29296875,226.8515625,198.4296875,0.0,0.0,0.57421875,76.41012573242188
none,3,1000,1.0,0.0,1.0,1.0,1.0,1.0,18.6953125,87.4765625,84.328125,69.4375,119.5,241.45703125,227.86328125,196.984375,0.0,0.0,0.4765625,76.02397918701172
none,3,1001,1.0,0.0,1.0,1.0,1.0,1.0,19.5859375,86.75390625,84.1953125,69.9765625,122.86328125,240.359375,227.26171875,198.34375,0.0,0.0,0.51953125,75.82257843017578
none,3,1002,1.0,0.0,1.0,1.0,1.0,1.0,19.12109375,86.62890625,84.7109375,69.9453125,122.85546875,239.44140625,227.13671875,197.578125,0.0,0.0,0.5625,75.86723327636719
none,3,1003,1.0,0.0,1.0,1.0,1.0,1.0,18.796875,87.65625,84.421875,69.05859375,121.62890625,240.51171875,227.4765625,194.7734375,0.0,0.0,0.55078125,75.90233612060547
none,3,1004,1.0,0.0,1.0,1.0,1.0,1.0,18.96875,87.4296875,85.04296875,70.53515625,122.8203125,241.33984375,229.4375,197.6796875,0.0,0.0,0.5703125,75.99723815917969
none,3,1005,1.0,0.0,1.0,1.0,1.0,1.0,18.3828125,87.125,85.43359375,68.57421875,118.8515625,240.59765625,229.953125,192.0859375,0.0,0.0,0.52734375,75.78411102294922
none,3,1006,1.0,0.0,1.0,1.0,1.0,1.0,19.3359375,87.97265625,84.94140625,69.625,124.9140625,242.37890625,226.60546875,195.34765625,0.0,0.0,0.64453125,76.3684310913086
none,3,1007,1.0,0.0,1.0,1.0,1.0,1.0,18.3671875,87.93359375,85.2578125,68.71484375,118.609375,242.76953125,227.6796875,192.56640625,0.0,0.0,0.5,75.74209594726562
none,3,1008,1.0,0.0,1.0,1.0,1.0,1.0,19.51171875,88.0,86.32421875,69.42578125,123.71484375,242.94140625,231.2109375,194.328125,0.0,0.0,0.55859375,76.51329803466797
none,3,1009,1.0,0.0,1.0,1.0,1.0,1.0,18.96484375,87.71875,86.40625,69.19921875,122.6484375,242.3828125,230.984375,194.22265625,0.0,0.0,0.48828125,77.07774353027344
none,3,1010,1.0,0.0,1.0,1.0,1.0,1.0,19.4375,86.984375,85.5390625,69.66796875,121.28515625,239.22265625,229.23828125,195.2890625,0.0,0.0,0.5703125,76.13790130615234
none,3,1011,1.0,0.0,1.0,1.0,1.0,1.0,18.9921875,87.859375,84.37890625,69.109375,123.84375,242.4375,225.22265625,193.64453125,0.0,0.0,0.53515625,75.74860382080078
none,3,1012,1.0,0.0,1.0,1.0,1.0,1.0,18.703125,87.9375,84.75390625,69.88671875,120.8359375,241.25390625,225.859375,195.140625,0.0,0.0,0.55859375,76.24871826171875
none,3,1013,1.0,0.0,1.0,1.0,1.0,1.0,19.375,87.171875,83.75390625,71.13671875,124.25,237.3984375,223.3359375,199.0390625,0.0,0.0,0.59375,75.7237548828125
none,3,1014,1.0,0.0,1.0,1.0,1.0,1.0,17.5859375,87.82421875,86.35546875,69.09765625,112.85546875,240.21875,231.6484375,192.33203125,0.0,0.0,0.52734375,76.53912353515625
none,3,1015,1.0,0.0,1.0,1.0,1.0,1.0,18.99609375,86.4609375,84.91015625,69.6875,121.51171875,236.71484375,227.16796875,195.04296875,0.0,0.0,0.59765625,75.35038757324219
none,3,1016,1.0,0.0,1.0,1.0,1.0,1.0,18.57421875,86.44921875,84.4296875,70.5,118.97265625,236.82421875,225.796875,199.1484375,0.0,0.0,0.5546875,75.49501037597656
none,3,1017,1.0,0.0,1.0,1.0,1.0,1.0,18.32421875,86.234375,86.6953125,68.91796875,117.5546875,237.58984375,233.28515625,194.41796875,0.0,0.0,0.5,76.01690673828125
none,3,1018,1.0,0.0,1.0,1.0,1.0,1.0,18.52734375,86.88671875,85.640625,69.80859375,118.83203125,239.640625,229.2109375,196.69140625,0.0,0.0,0.6171875,76.41191101074219
none,3,1019,1.0,0.0,1.0,1.0,1.0,1.0,18.30078125,87.3828125,86.0,68.578125,116.1796875,241.9296875,229.2578125,192.53515625,0.0,0.0,0.6171875,75.91265869140625
none,3,1020,1.0,0.0,1.0,1.0,1.0,1.0,18.59765625,87.82421875,86.17578125,69.5859375,117.43359375,243.30078125,231.84765625,195.32421875,0.0,0.0,0.5546875,76.70823669433594
none,3,1021,1.0,0.0,1.0,1.0,1.0,1.0,18.3671875,87.94921875,87.41796875,68.48046875,116.92578125,243.19140625,235.078125,193.0625,0.0,0.0,0.5546875,76.80949401855469
none,3,1022,1.0,0.0,1.0,1.0,1.0,1.0,17.75390625,88.703125,87.703125,68.58984375,114.80078125,243.96484375,233.83203125,191.74609375,0.0,0.0,0.60546875,77.4051513671875
none,3,1023,1.0,0.0,1.0,1.0,1.0,1.0,18.02734375,87.67578125,86.44140625,67.578125,116.3203125,243.44921875,231.58984375,189.5,0.0,0.0,0.515625,76.23384857177734
none,3,1024,1.0,0.0,1.0,1.0,1.0,1.0,17.88671875,88.0625,85.66796875,68.59375,117.33203125,245.96875,231.28125,193.01171875,0.0,0.0,0.5625,75.95372772216797
none,3,1025,1.0,0.0,1.0,1.0,1.0,1.0,18.125,87.54296875,85.453125,70.1875,118.9140625,241.62109375,229.94921875,198.5625,0.0,0.0,0.484375,76.58380126953125
none,3,1026,1.0,0.0,1.0,1.0,1.0,1.0,18.53515625,87.6484375,86.30078125,70.11328125,119.49609375,243.859375,230.19140625,196.7421875,0.0,0.0,0.5625,76.65174865722656
none,3,1027,1.0,0.0,1.0,1.0,1.0,1.0,18.03125,87.2265625,87.8515625,68.12109375,115.75390625,241.15234375,236.01171875,191.40234375,0.0,0.0,0.48046875,76.48402404785156
none,3,1028,1.0,0.0,1.0,1.0,1.0,1.0,18.54296875,89.16796875,86.16796875,67.6171875,116.40625,247.1640625,229.58203125,189.2578125,0.0,0.0,0.48828125,76.3385238647461
none,3,1029,1.0,0.0,1.0,1.0,1.0,1.0,17.82421875,90.42578125,85.0546875,67.4921875,117.73046875,249.85546875,227.52734375,189.60546875,0.0,0.0,0.57421875,76.37519073486328
none,3,1030,1.0,0.0,1.0,1.0,1.0,1.0,18.17578125,90.09375,86.12890625,66.62890625,115.06640625,250.109375,231.34765625,186.51953125,0.0,0.0,0.56640625,76.3262939453125
none,3,1031,1.0,0.0,1.0,1.0,1.0,1.0,18.85546875,89.4921875,87.24609375,68.859375,118.83203125,246.55859375,232.0390625,193.2890625,0.0,0.0,0.58203125,77.88260650634766
none,3,1032,1.0,0.0,1.0,1.0,1.0,1.0,17.75390625,87.78515625,87.86328125,69.3046875,115.41015625,242.9375,235.25390625,194.63671875,0.0,0.0,0.58984375,77.16598510742188
none,3,1033,1.0,0.0,1.0,1.0,1.0,1.0,18.33984375,87.8515625,87.67578125,69.13671875,117.140625,240.3984375,234.78125,193.76953125,0.0,0.0,0.60546875,77.69427490234375
none,3,1034,1.0,0.0,1.0,1.0,1.0,1.0,18.02734375,87.28515625,86.984375,68.91796875,116.1875,240.26171875,233.578125,193.1015625,0.0,0.0,0.56640625,77.10923767089844
none,3,1035,1.0,0.0,1.0,1.0,1.0,1.0,18.30078125,87.32421875,87.14453125,70.18359375,118.234375,238.7109375,233.21875,193.83203125,0.0,0.0,0.5859375,77.44772338867188
none,3,1036,1.0,0.0,1.0,1.0,1.0,1.0,18.90234375,87.07421875,86.39453125,70.6875,118.9140625,238.015625,230.35546875,196.7578125,0.0,0.0,0.55859375,77.13529968261719
none,3,1037,1.0,0.0,1.0,1.0,1.0,1.0,18.60546875,87.8515625,86.7109375,69.05859375,118.55859375,239.24609375,229.94140625,192.0390625,0.0,0.0,0.66015625,76.83443450927734
none,3,1038,1.0,0.0,1.0,1.0,1.0,1.0,18.34765625,86.80859375,86.8671875,70.390625,116.890625,237.44140625,231.1328125,196.72265625,0.0,0.0,0.546875,76.96723937988281
none,3,1039,1.0,0.0,1.0,1.0,1.0,1.0,18.26953125,88.11328125,87.03125,69.2421875,119.2421875,240.8125,231.47265625,192.69921875,0.0,0.0,0.5703125,76.873291015625
none,3,1040,1.0,0.0,1.0,1.0,1.0,1.0,18.671875,87.48046875,86.67578125,70.27734375,118.58984375,238.25,230.50390625,197.0546875,0.0,0.0,0.51953125,77.20196533203125
none,3,1041,1.0,0.0,1.0,1.0,1.0,1.0,18.36328125,88.7109375,86.13671875,69.37890625,115.84375,243.8125,229.01171875,193.2578125,0.0,0.0,0.5078125,77.27656555175781
none,3,1042,1.0,0.0,1.0,1.0,1.0,1.0,17.890625,87.7890625,86.8671875,70.046875,117.1484375,239.5234375,231.41796875,196.74609375,0.0,0.0,0.453125,77.44703674316406
none,3,1043,1.0,0.0,1.0,1.0,1.0,1.0,19.0078125,87.59765625,86.40234375,70.38671875,119.0703125,239.9765625,231.46875,196.26171875,0.0,0.0,0.4609375,77.60203552246094
none,3,1044,1.0,0.0,1.0,1.0,1.0,1.0,17.7421875,88.15234375,87.12890625,69.1171875,113.96484375,241.625,231.7578125,193.4296875,0.0,0.0,0.55859375,77.39079284667969
none,3,1045,1.0,0.0,1.0,1.0,1.0,1.0,18.58203125,88.5390625,86.40625,70.48828125,118.84375,242.30078125,229.15234375,195.85546875,0.0,0.0,0.53515625,77.5136947631836
none,3,1046,1.0,0.0,1.0,1.0,1.0,1.0,17.9140625,88.26171875,86.75390625,70.67578125,114.34765625,242.72265625,229.7265625,197.01171875,0.0,0.0,0.55859375,77.59754180908203
none,3,1047,1.0,0.0,1.0,1.0,1.0,1.0,18.55078125,88.59375,86.79296875,70.6875,120.1328125,241.95703125,231.37890625,196.6484375,0.0,0.0,0.4921875,78.10285949707031
none,3,1048,1.0,0.0,1.0,1.0,1.0,1.0,18.1796875,88.48046875,86.65234375,70.7109375,119.01953125,241.875,231.72265625,197.859375,0.0,0.0,0.52734375,78.00859069824219
none,3,1049,1.0,0.0,1.0,1.0,1.0,1.0,18.33203125,88.50390625,85.7890625,70.29296875,118.9765625,243.0859375,227.24609375,196.9375,0.0,0.0,0.4609375,77.62649536132812
none,3,1050,1.0,0.0,1.0,1.0,1.0,1.0,18.79296875,88.69140625,86.66015625,69.9609375,120.015625,243.578125,231.98046875,195.7421875,0.0,0.0,0.5,77.50325775146484
none,3,1051,1.0,0.0,1.0,1.0,1.0,1.0,18.5234375,87.71875,86.8828125,71.12109375,117.578125,241.59765625,231.44921875,198.44140625,0.0,0.0,0.49609375,77.98492431640625
none,3,1052,1.0,0.0,1.0,1.0,1.0,1.0,18.5390625,88.546875,86.03125,70.8125,120.9609375,243.3359375,228.84765625,197.8203125,0.0,0.0,0.5078125,77.7214584350586
none,3,1053,1.0,0.0,1.0,1.0,1.0,1.0,19.15234375,88.11328125,86.6875,70.53125,121.40234375,241.734375,230.1875,195.75,0.0,0.0,0.53515625,76.97116088867188
none,3,1054,1.0,0.0,1.0,1.0,1.0,1.0,18.91015625,88.76171875,85.05078125,70.38671875,121.1171875,243.62890625,226.5234375,196.76953125,0.0,0.0,0.50390625,76.95782470703125
none,3,1055,1.0,0.0,1.0,1.0,1.0,1.0,18.859375,90.52734375,86.99609375,69.4375,120.8515625,248.9375,231.12109375,193.65234375,0.0,0.0,0.48828125,77.83219909667969
none,3,1056,1.0,0.0,1.0,1.0,1.0,1.0,18.8984375,89.65234375,85.57421875,70.0234375,121.16796875,246.140625,227.1796875,194.859375,0.0,0.0,0.48046875,77.01034545898438
none,3,1057,1.0,0.0,1.0,1.0,1.0,1.0,18.640625,88.5234375,87.09765625,68.9765625,123.64453125,242.5625,231.0390625,191.625,0.0,0.0,0.5234375,77.38223266601562
none,3,1058,1.0,0.0,1.0,1.0,1.0,1.0,18.94140625,89.3671875,85.7890625,69.84375,121.609375,246.13671875,229.76171875,194.453125,0.0,0.0,0.54296875,77.45182037353516
none,3,1059,1.0,0.0,1.0,1.0,1.0,1.0,19.1640625,87.65625,86.96484375,71.59765625,123.20703125,240.578125,231.5,198.79296875,0.0,0.0,0.4453125,78.36625671386719
none,3,1060,1.0,0.0,1.0,1.0,1.0,1.0,19.16015625,88.78125,86.90625,71.1953125,124.38671875,242.3125,232.171875,198.10546875,0.0,0.0,0.51171875,78.22102355957031
none,3,1061,1.0,0.0,1.0,1.0,1.0,1.0,19.296875,88.91796875,86.14453125,70.953125,124.66015625,246.41796875,228.734375,197.2109375,0.0,0.0,0.5390625,77.42356872558594
none,3,1062,1.0,0.0,1.0,1.0,1.0,1.0,18.9296875,89.5390625,86.43359375,70.46484375,120.97265625,245.2734375,229.953125,194.4453125,0.0,0.0,0.53515625,78.02496337890625
none,3,1063,1.0,0.0,1.0,1.0,1.0,1.0,18.3984375,88.71484375,86.68359375,70.75,120.38671875,243.53515625,231.5078125,197.8125,0.0,0.0,0.4453125,78.2375717163086
none,3,1064,1.0,0.0,1.0,1.0,1.0,1.0,19.0,90.3515625,85.78515625,69.015625,121.1640625,248.35546875,228.7421875,190.50390625,0.0,0.0,0.48046875,77.61404418945312
none,3,1065,1.0,0.0,1.0,1.0,1.0,1.0,18.5234375,89.11328125,86.375,70.171875,119.44140625,243.81640625,229.4921875,194.5703125,0.0,0.0,0.421875,77.85771942138672
none,3,1066,1.0,0.0,1.0,1.0,1.0,1.0,18.8984375,89.92578125,86.1484375,72.03125,118.4921875,245.33984375,228.6875,198.3671875,0.0,0.0,0.46484375,78.76526641845703
none,3,1067,1.0,0.0,1.0,1.0,1.0,1.0,18.6640625,89.7109375,86.97265625,69.765625,117.91796875,245.58984375,230.41015625,192.46875,0.0,0.0,0.5703125,77.94381713867188
none,3,1068,1.0,0.0,1.0,1.0,1.0,1.0,19.109375,89.4609375,86.48046875,69.93359375,118.9609375,244.6796875,228.875,193.1171875,0.0,0.0,0.5390625,77.56527709960938
none,3,1069,1.0,0.0,1.0,1.0,1.0,1.0,19.234375,89.08203125,85.6640625,71.08984375,121.07421875,245.171875,227.59765625,194.3359375,0.0,0.0,0.4375,77.60981750488281
none,3,1070,1.0,0.0,1.0,1.0,1.0,1.0,18.9140625,89.66796875,85.66015625,71.515625,118.8828125,246.4609375,227.2890625,198.28515625,0.0,0.0,0.5,78.50396728515625
none,3,1071,1.0,0.0,1.0,1.0,1.0,1.0,18.62109375,87.40625,84.9140625,72.45703125,118.6796875,240.18359375,225.43359375,201.69140625,0.0,0.0,0.5,77.22315979003906
none,3,1072,1.0,0.0,1.0,1.0,1.0,1.0,17.578125,87.75,85.78515625,72.25390625,114.81640625,241.21484375,228.4921875,201.08984375,0.0,0.0,0.55078125,77.6729736328125
none,3,1073,1.0,0.0,1.0,1.0,1.0,1.0,18.3125,88.69921875,86.80078125,72.3359375,115.4921875,244.375,231.69140625,200.171875,0.0,0.0,0.55859375,78.62971496582031
none,3,1074,1.0,0.0,1.0,1.0,1.0,1.0,18.2890625,88.03515625,85.79296875,72.12109375,117.25390625,244.32421875,227.91796875,198.89453125,0.0,0.0,0.49609375,77.87309265136719
none,3,1075,1.0,0.0,1.0,1.0,1.0,1.0,18.234375,87.33984375,87.54296875,72.33984375,118.6171875,242.203125,231.875,199.99609375,0.0,0.0,0.45703125,78.29588317871094
none,3,1076,1.0,0.0,1.0,1.0,1.0,1.0,18.5,89.91015625,85.609375,71.12109375,117.234375,248.34375,227.83984375,196.48046875,0.0,0.0,0.5390625,78.12801361083984
none,3,1077,1.0,0.0,1.0,1.0,1.0,1.0,18.87890625,89.35546875,86.50390625,69.9140625,123.453125,245.48828125,230.53125,193.88671875,0.0,0.0,0.4921875,77.66957092285156
none,3,1078,1.0,0.0,1.0,1.0,1.0,1.0,18.453125,89.921875,86.140625,71.171875,118.46484375,246.37109375,228.5078125,197.2734375,0.0,0.0,0.4921875,78.5163345336914
none,3,1079,1.0,0.0,1.0,1.0,1.0,1.0,18.796875,89.11328125,85.6640625,71.3984375,121.3515625,243.75390625,227.76953125,197.953125,0.0,0.0,0.49609375,77.55535125732422
none,3,1080,1.0,0.0,1.0,1.0,1.0,1.0,18.3046875,89.42578125,86.8984375,71.78515625,117.82421875,243.57421875,230.859375,199.44140625,0.0,0.0,0.4921875,78.57579040527344
none,3,1081,1.0,0.0,1.0,1.0,1.0,1.0,17.91015625,90.07421875,85.9453125,70.32421875,118.3515625,247.7734375,227.21875,193.97265625,0.0,0.0,0.5078125,78.45343780517578
none,3,1082,1.0,0.0,1.0,1.0,1.0,1.0,17.9375,89.23828125,86.68359375,70.875,118.3515625,243.921875,229.5625,195.5390625,0.0,0.0,0.52734375,78.01773834228516
none,3,1083,1.0,0.0,1.0,1.0,1.0,1.0,18.3046875,89.50390625,87.4765625,69.84375,119.16796875,244.69140625,232.5078125,193.9140625,0.0,0.0,0.51171875,78.42512512207031
none,3,1084,1.0,0.0,1.0,1.0,1.0,1.0,18.23046875,89.45703125,86.26171875,71.31640625,118.7890625,247.453125,229.17578125,198.25,0.0,0.0,0.42578125,78.3240966796875
none,3,1085,1.0,0.0,1.0,1.0,1.0,1.0,18.25,90.01171875,86.84375,70.3203125,119.32421875,247.375,232.796875,193.90234375,0.0,0.0,0.5859375,78.51017761230469
none,3,1086,1.0,0.0,1.0,1.0,1.0,1.0,18.3046875,90.99609375,86.9921875,69.77734375,117.46875,250.2890625,233.18359375,191.078125,0.0,0.0,0.484375,78.35023498535156
none,3,1087,1.0,0.0,1.0,1.0,1.0,1.0,18.34765625,89.78125,86.53125,70.72265625,119.49609375,245.203125,230.0078125,195.00390625,0.0,0.0,0.48828125,78.41206359863281
none,3,1088,1.0,0.0,1.0,1.0,1.0,1.0,18.6875,90.93359375,86.2578125,69.45703125,115.6171875,249.96875,229.08203125,191.7890625,0.0,0.0,0.5703125,78.33221435546875
none,3,1089,1.0,0.0,1.0,1.0,1.0,1.0,19.1484375,90.125,86.4765625,70.34765625,124.12890625,246.68359375,230.12109375,194.8125,0.0,0.0,0.51171875,78.34612274169922
none,3,1090,1.0,0.0,1.0,1.0,1.0,1.0,18.76171875,90.31640625,86.5546875,70.9140625,120.6796875,245.9296875,231.01953125,194.52734375,0.0,0.0,0.515625,78.39320373535156
none,3,1091,1.0,0.0,1.0,1.0,1.0,1.0,19.3515625,90.6328125,86.8203125,70.390625,121.3984375,248.1171875,229.625,192.515625,0.0,0.0,0.484375,78.33834075927734
none,3,1092,1.0,0.0,1.0,1.0,1.0,1.0,19.3984375,90.74609375,85.765625,70.32421875,123.8984375,248.953125,225.31640625,193.5703125,0.0,0.0,0.53125,78.31000518798828
none,3,1093,1.0,0.0,1.0,1.0,1.0,1.0,18.83203125,91.0234375,86.41015625,71.34765625,120.83203125,249.734375,227.765625,195.8984375,0.0,0.0,0.44921875,79.22615051269531
none,3,1094,1.0,0.0,1.0,1.0,1.0,1.0,18.2265625,91.35546875,87.421875,71.09375,118.75,249.1875,231.93359375,194.15234375,0.0,0.0,0.51171875,79.51206970214844
none,3,1095,1.0,0.0,1.0,1.0,1.0,1.0,18.0625,90.640625,87.9765625,70.55078125,119.40625,247.4453125,232.54296875,194.953125,0.0,0.0,0.46875,79.00468444824219
none,3,1096,1.0,0.0,1.0,1.0,1.0,1.0,18.17578125,91.83984375,86.5078125,71.1171875,117.6171875,252.1953125,228.46875,195.25,0.0,0.0,0.55859375,79.37913513183594
none,3,1097,1.0,0.0,1.0,1.0,1.0,1.0,18.13671875,89.8828125,85.62109375,73.453125,119.6796875,244.97265625,228.19140625,202.1171875,0.0,0.0,0.625,79.23023986816406
none,3,1098,1.0,0.0,1.0,1.0,1.0,1.0,17.5703125,89.36328125,86.3125,72.27734375,115.3515625,245.0078125,228.69921875,199.87109375,0.0,0.0,0.54296875,78.60576629638672
none,3,1099,1.0,0.0,1.0,1.0,1.0,1.0,18.078125,91.16015625,86.24609375,71.546875,117.0,250.40625,228.9921875,198.1171875,0.0,0.0,0.48046875,78.38367462158203
none,3,1100,1.0,0.0,1.0,1.0,1.0,1.0,18.2578125,90.14453125,87.25,73.37890625,119.73828125,246.984375,231.51953125,202.16015625,0.0,0.0,0.56640625,79.67528533935547
none,3,1101,1.0,0.0,1.0,1.0,1.0,1.0,18.1875,91.73046875,86.8046875,71.375,120.3203125,250.95703125,230.80078125,195.5234375,0.0,0.0,0.51953125,79.15609741210938
none,3,1102,1.0,0.0,1.0,1.0,1.0,1.0,18.2265625,91.08984375,87.25,71.37109375,116.515625,248.453125,232.53515625,195.68359375,0.0,0.0,0.47265625,79.72315979003906
none,3,1103,1.0,0.0,1.0,1.0,1.0,1.0,17.95703125,91.33203125,86.51953125,71.45703125,118.1328125,250.30859375,229.46875,196.78125,0.0,0.0,0.359375,79.51395416259766
none,3,1104,1.0,0.0,1.0,1.0,1.0,1.0,17.40625,92.015625,88.3125,70.6171875,115.34375,251.12890625,234.94921875,192.6015625,0.0,0.0,0.61328125,79.83460998535156
none,3,1105,1.0,0.0,1.0,1.0,1.0,1.0,17.84765625,91.390625,87.453125,70.73828125,117.890625,251.01171875,232.578125,193.5546875,0.0,0.0,0.5,78.75357055664062
none,3,1106,1.0,0.0,1.0,1.0,1.0,1.0,17.93359375,89.5234375,87.203125,71.21484375,116.01953125,245.91796875,230.59375,195.33984375,0.0,0.0,0.4921875,78.57183837890625
none,3,1107,1.0,0.0,1.0,1.0,1.0,1.0,17.91796875,90.921875,87.7421875,71.7265625,116.97265625,247.6796875,233.25390625,197.19140625,0.0,0.0,0.56640625,79.7295913696289
none,3,1108,1.0,0.0,1.0,1.0,1.0,1.0,17.47265625,90.97265625,87.671875,71.1875,114.921875,248.1328125,232.66015625,196.79296875,0.0,0.0,0.44921875,79.95020294189453
none,3,1109,1.0,0.0,1.0,1.0,1.0,1.0,17.81640625,91.9609375,87.5078125,71.6171875,117.23828125,250.640625,231.3046875,196.3203125,0.0,0.0,0.53125,80.1649398803711
none,3,1110,1.0,0.0,1.0,1.0,1.0,1.0,18.2109375,90.55078125,86.73828125,72.08984375,115.87890625,246.234375,229.4609375,199.5625,0.0,0.0,0.55078125,79.15068817138672
none,3,1111,1.0,0.0,1.0,1.0,1.0,1.0,18.12109375,91.515625,86.828125,72.6171875,115.87109375,249.3515625,229.6484375,199.61328125,0.0,0.0,0.51953125,79.59063720703125
none,3,1112,1.0,0.0,1.0,1.0,1.0,1.0,17.91796875,92.19921875,87.01171875,70.8671875,117.54296875,252.25390625,230.1484375,195.25,0.0,0.0,0.421875,79.38927459716797
none,3,1113,1.0,0.0,1.0,1.0,1.0,1.0,18.0078125,91.49609375,88.1171875,69.37890625,115.484375,249.4765625,233.6171875,190.984375,0.0,0.0,0.515625,79.7645034790039
none,3,1114,1.0,0.0,1.0,1.0,1.0,1.0,17.5390625,92.2734375,86.56640625,70.9140625,116.7421875,252.27734375,229.703125,195.5078125,0.0,0.0,0.49609375,79.39292907714844
none,3,1115,1.0,0.0,1.0,1.0,1.0,1.0,17.55078125,91.203125,88.29296875,71.1015625,114.61328125,250.0234375,235.4140625,195.1171875,0.0,0.0,0.453125,79.51150512695312
none,3,1116,1.0,0.0,1.0,1.0,1.0,1.0,17.578125,90.609375,87.6484375,72.03515625,116.68359375,248.03515625,234.03515625,199.27734375,0.0,0.0,0.5390625,79.89176940917969
none,3,1117,1.0,0.0,1.0,1.0,1.0,1.0,18.19921875,90.609375,87.46875,71.48828125,120.09375,249.5546875,233.6640625,197.890625,0.0,0.0,0.49609375,79.19595336914062
none,3,1118,1.0,0.0,1.0,1.0,1.0,1.0,17.9453125,89.765625,87.19921875,72.30078125,117.0390625,247.328125,232.40234375,200.5859375,0.0,0.0,0.5,78.87321472167969
none,3,1119,1.0,0.0,1.0,1.0,1.0,1.0,18.1875,91.06640625,86.515625,72.03515625,119.078125,250.078125,230.37890625,199.09765625,0.0,0.0,0.53515625,79.31676483154297
none,3,1120,1.0,0.0,1.0,1.0,1.0,1.0,18.28125,91.8359375,88.1796875,70.3359375,118.73828125,252.92578125,233.58203125,193.43359375,0.0,0.0,0.5625,79.50593566894531
none,3,1121,1.0,0.0,1.0,1.0,1.0,1.0,18.30859375,90.890625,87.62890625,70.80078125,117.9375,248.71875,233.171875,195.25,0.0,0.0,0.49609375,79.14041137695312
none,3,1122,1.0,0.0,1.0,1.0,1.0,1.0,18.34765625,89.109375,88.04296875,72.82421875,119.58984375,244.33984375,234.5390625,200.734375,0.0,0.0,0.4609375,79.2384033203125
none,3,1123,1.0,0.0,1.0,1.0,1.0,1.0,17.9609375,89.69140625,87.59375,72.22265625,116.33984375,245.234375,233.5,196.5703125,0.0,0.0,0.52734375,79.14372253417969
none,3,1124,1.0,0.0,1.0,1.0,1.0,1.0,17.54296875,90.5234375,87.5703125,71.0546875,115.71484375,247.2578125,234.55078125,195.48046875,0.0,0.0,0.4921875,79.6893539428711
none,3,1125,1.0,0.0,1.0,1.0,1.0,1.0,18.2421875,91.59765625,88.125,72.49609375,117.921875,251.11328125,234.75390625,199.078125,0.0,0.0,0.45703125,80.55437469482422
none,3,1126,1.0,0.0,1.0,1.0,1.0,1.0,17.89453125,90.5,87.515625,71.2890625,117.69921875,249.546875,234.2421875,195.1953125,0.0,0.0,0.484375,79.23399353027344
none,3,1127,1.0,0.0,1.0,1.0,1.0,1.0,18.01171875,90.203125,87.9140625,71.3203125,116.234375,247.71875,233.7578125,197.28125,0.0,0.0,0.4765625,79.00244140625
none,3,1128,1.0,0.0,1.0,1.0,1.0,1.0,17.64453125,89.9296875,88.04296875,72.25,113.66015625,245.6484375,233.94140625,200.19140625,0.0,0.0,0.453125,79.19843292236328
none,3,1129,1.0,0.0,1.0,1.0,1.0,1.0,17.63671875,90.08203125,89.78515625,72.359375,114.28125,243.0390625,238.17578125,200.80078125,0.0,0.0,0.56640625,80.5980453491211
none,3,1130,1.0,0.0,1.0,1.0,1.0,1.0,17.41015625,91.3515625,88.1875,71.98046875,113.0546875,248.74609375,235.59375,197.49609375,0.0,0.0,0.55859375,80.48258972167969
none,3,1131,1.0,0.0,1.0,1.0,1.0,1.0,17.62109375,90.4296875,88.7109375,70.84375,113.23828125,248.046875,235.29296875,195.01171875,0.0,0.0,0.55078125,79.58318328857422
none,3,1132,1.0,0.0,1.0,1.0,1.0,1.0,16.89453125,91.53125,88.78125,71.6171875,109.515625,249.2734375,236.5234375,197.7265625,0.0,0.0,0.546875,80.24140930175781
none,3,1133,1.0,0.0,1.0,1.0,1.0,1.0,17.45703125,91.8671875,87.4453125,72.1796875,112.97265625,251.88671875,232.0859375,198.18359375,0.0,0.0,0.5234375,79.99304962158203
none,3,1134,1.0,0.0,1.0,1.0,1.0,1.0,17.55859375,91.4375,87.94140625,72.0078125,113.24609375,247.7265625,233.8203125,198.05859375,0.0,0.0,0.5390625,80.4388198852539
none,3,1135,1.0,0.0,1.0,1.0,1.0,1.0,17.09765625,90.56640625,87.76171875,73.38671875,111.9375,246.19921875,232.86328125,203.07421875,0.0,0.0,0.54296875,80.04998016357422
none,3,1136,1.0,0.0,1.0,1.0,1.0,1.0,17.53125,91.0703125,88.4375,72.45703125,114.51953125,245.4765625,234.87890625,201.1015625,0.0,0.0,0.55859375,80.21553039550781
none,3,1137,1.0,0.0,1.0,1.0,1.0,1.0,16.953125,92.234375,88.375,71.88671875,110.890625,251.10546875,234.1171875,199.9765625,0.0,0.0,0.51953125,80.47240447998047
none,3,1138,1.0,0.0,1.0,1.0,1.0,1.0,17.52734375,90.8984375,88.23046875,72.34375,114.45703125,248.015625,234.953125,200.78515625,0.0,0.0,0.48046875,80.30635833740234
none,3,1139,1.0,0.0,1.0,1.0,1.0,1.0,16.99609375,90.421875,89.2578125,71.6015625,112.91015625,246.3359375,238.07421875,198.45703125,0.0,0.0,0.4375,80.00616455078125
none,3,1140,1.0,0.0,1.0,1.0,1.0,1.0,17.6015625,91.890625,88.92578125,70.796875,112.98828125,251.20703125,237.3359375,194.4296875,0.0,0.0,0.4609375,80.50961303710938
none,3,1141,1.0,0.0,1.0,1.0,1.0,1.0,17.16796875,89.28515625,89.5078125,73.2890625,112.63671875,243.953125,238.65234375,200.66796875,0.0,0.0,0.50390625,80.09960174560547
none,3,1142,1.0,0.0,1.0,1.0,1.0,1.0,17.609375,91.046875,88.05859375,73.6484375,114.93359375,247.49609375,233.5625,202.125,0.0,0.0,0.515625,80.09561157226562
none,3,1143,1.0,0.0,1.0,1.0,1.0,1.0,17.23828125,91.1640625,87.71875,72.296875,112.8671875,248.1875,234.2578125,199.01171875,0.0,0.0,0.51171875,80.31629943847656
none,3,1144,1.0,0.0,1.0,1.0,1.0,1.0,16.94140625,91.01953125,87.6796875,74.1875,113.68359375,247.27734375,232.01953125,204.13671875,0.0,0.0,0.40234375,80.61944580078125
none,3,1145,1.0,0.0,1.0,1.0,1.0,1.0,17.3671875,89.39453125,88.4296875,73.5859375,113.8046875,242.30859375,234.05078125,203.53515625,0.0,0.0,0.4921875,79.87287902832031
none,3,1146,1.0,0.0,1.0,1.0,1.0,1.0,17.5,91.16796875,87.984375,73.28515625,114.2890625,248.109375,232.8359375,201.0859375,0.0,0.0,0.51953125,80.2112045288086
none,3,1147,1.0,0.0,1.0,1.0,1.0,1.0,17.703125,90.57421875,88.25,73.83203125,113.7421875,246.06640625,233.73046875,202.87109375,0.0,0.0,0.50390625,80.91990661621094
none,3,1148,1.0,0.0,1.0,1.0,1.0,1.0,17.70703125,91.609375,88.27734375,72.59375,114.37109375,248.81640625,233.33984375,200.36328125,0.0,0.0,0.515625,80.46080017089844
none,3,1149,1.0,0.0,1.0,1.0,1.0,1.0,17.2109375,91.16796875,88.91015625,73.1796875,112.5,247.76953125,235.91015625,200.41796875,0.0,0.0,0.47265625,80.87674713134766
none,3,1150,1.0,0.0,1.0,1.0,1.0,1.0,17.80859375,90.23046875,88.82421875,73.19921875,116.30859375,242.3515625,234.59375,201.78515625,0.0,0.0,0.5390625,79.98948669433594
none,3,1151,1.0,0.0,1.0,1.0,1.0,1.0,17.828125,90.859375,89.9609375,73.14453125,117.2421875,244.71484375,237.27734375,199.68359375,0.0,0.0,0.5390625,81.09722137451172
none,3,1152,1.0,0.0,1.0,1.0,1.0,1.0,17.94140625,91.0,89.34765625,71.80859375,115.80078125,246.12890625,235.27734375,196.359375,0.0,0.0,0.46484375,80.6566162109375
none,3,1153,1.0,0.0,1.0,1.0,1.0,1.0,16.8515625,90.96875,88.734375,72.97265625,112.33984375,246.0625,234.203125,200.484375,0.0,0.0,0.45703125,80.49436950683594
none,3,1154,1.0,0.0,1.0,1.0,1.0,1.0,17.5390625,91.31640625,89.15234375,71.65625,115.58203125,247.7265625,236.55859375,194.76953125,0.0,0.0,0.50390625,80.56298828125
none,3,1155,1.0,0.0,1.0,1.0,1.0,1.0,17.05859375,90.90234375,88.05078125,73.15625,111.7109375,246.28515625,232.203125,199.84375,0.0,0.0,0.46484375,80.64968872070312
none,3,1156,1.0,0.0,1.0,1.0,1.0,1.0,17.87109375,91.41015625,88.37890625,73.3671875,116.28125,246.390625,233.42578125,200.3515625,0.0,0.0,0.484375,80.72265625
none,3,1157,1.0,0.0,1.0,1.0,1.0,1.0,17.359375,90.3515625,89.171875,71.55859375,114.66015625,245.6484375,235.81640625,195.75,0.0,0.0,0.4609375,80.23920440673828
none,3,1158,1.0,0.0,1.0,1.0,1.0,1.0,17.39453125,91.6171875,88.92578125,73.484375,113.25,248.0546875,235.84375,200.32421875,0.0,0.0,0.58984375,80.92369842529297
none,3,1159,1.0,0.0,1.0,1.0,1.0,1.0,17.23828125,91.60546875,87.59375,72.9609375,113.23046875,248.875,231.71484375,200.7734375,0.0,0.0,0.47265625,80.44282531738281
none,3,1160,1.0,0.0,1.0,1.0,1.0,1.0,17.3984375,92.30078125,87.49609375,73.78125,113.71484375,252.3359375,231.80859375,201.5703125,0.0,0.0,0.54296875,80.97138214111328
none,3,1161,1.0,0.0,1.0,1.0,1.0,1.0,17.78515625,90.90625,88.46484375,72.9453125,114.72265625,247.23046875,232.3125,200.5859375,0.0,0.0,0.45703125,80.40898132324219
none,3,1162,1.0,0.0,1.0,1.0,1.0,1.0,17.81640625,91.8203125,88.4765625,72.6328125,112.68359375,249.12109375,233.34765625,198.33984375,0.0,0.0,0.52734375,80.2237777709961
none,3,1163,1.0,0.0,1.0,1.0,1.0,1.0,16.87890625,91.765625,88.4765625,71.24609375,111.66796875,248.16796875,233.63671875,195.671875,0.0,0.0,0.453125,80.03302001953125
none,3,1164,1.0,0.0,1.0,1.0,1.0,1.0,17.29296875,91.6015625,88.33203125,73.75,114.953125,248.234375,233.6796875,201.4609375,0.0,0.0,0.54296875,81.12206268310547
none,3,1165,1.0,0.0,1.0,1.0,1.0,1.0,17.4765625,90.80078125,87.828125,74.41015625,115.16796875,247.15625,233.51171875,202.48828125,0.0,0.0,0.4921875,81.18173217773438
none,3,1166,1.0,0.0,1.0,1.0,1.0,1.0,17.98046875,91.8671875,88.0546875,73.62109375,115.015625,250.12890625,233.12109375,202.25,0.0,0.0,0.4765625,80.65825653076172
none,3,1167,1.0,0.0,1.0,1.0,1.0,1.0,17.4765625,91.58984375,89.55078125,73.69140625,113.703125,249.19140625,235.3359375,202.34375,0.0,0.0,0.515625,81.88996887207031
none,3,1168,1.0,0.0,1.0,1.0,1.0,1.0,16.96484375,91.953125,89.015625,73.3671875,109.48046875,249.01953125,234.73828125,201.15625,0.0,0.0,0.4609375,81.52423095703125
none,3,1169,1.0,0.0,1.0,1.0,1.0,1.0,17.3046875,91.6015625,87.96484375,72.56640625,112.296875,248.4375,232.86328125,198.59765625,0.0,0.0,0.51953125,80.74333953857422
none,3,1170,1.0,0.0,1.0,1.0,1.0,1.0,17.3984375,91.48828125,88.859375,73.5390625,113.7578125,247.5234375,235.21875,201.41015625,0.0,0.0,0.53515625,81.03182983398438
none,3,1171,1.0,0.0,1.0,1.0,1.0,1.0,17.55859375,92.28125,89.1875,73.3984375,113.359375,248.6640625,234.921875,200.78125,0.0,0.0,0.4296875,81.85079956054688
none,3,1172,1.0,0.0,1.0,1.0,1.0,1.0,17.1171875,92.8125,88.59765625,74.0078125,112.921875,251.859375,233.64453125,201.83203125,0.0,0.0,0.48046875,81.75907897949219
none,3,1173,1.0,0.0,1.0,1.0,1.0,1.0,17.79296875,93.12109375,88.63671875,73.44140625,118.30859375,250.85546875,233.078125,200.8359375,0.0,0.0,0.49609375,81.72254943847656
none,3,1174,1.0,0.0,1.0,1.0,1.0,1.0,17.109375,91.80859375,87.3125,74.28515625,115.0625,250.39453125,232.79296875,204.94921875,0.0,0.0,0.4609375,81.19952392578125
none,3,1175,1.0,0.0,1.0,1.0,1.0,1.0,17.01953125,92.2734375,88.359375,73.51171875,114.37890625,250.16015625,234.828125,201.62109375,0.0,0.0,0.49609375,81.68463134765625
none,3,1176,1.0,0.0,1.0,1.0,1.0,1.0,17.9375,92.10546875,86.71875,73.98046875,115.8125,250.31640625,229.34765625,203.35546875,0.0,0.0,0.48828125,80.39207458496094
none,3,1177,1.0,0.0,1.0,1.0,1.0,1.0,16.96484375,92.0234375,87.70703125,74.17578125,115.10546875,250.69140625,232.42578125,203.5390625,0.0,0.0,0.45703125,81.42412567138672
none,3,1178,1.0,0.0,1.0,1.0,1.0,1.0,17.06640625,92.39453125,88.015625,73.3671875,115.3125,251.37109375,233.83984375,200.6796875,0.0,0.0,0.48046875,81.31715393066406
none,3,1179,1.0,0.0,1.0,1.0,1.0,1.0,16.97265625,91.08203125,89.109375,74.99609375,112.70703125,248.3203125,236.328125,205.828125,0.0,0.0,0.4921875,81.88076782226562
none,3,1180,1.0,0.0,1.0,1.0,1.0,1.0,17.54296875,93.046875,88.265625,74.14453125,112.3984375,253.609375,233.99609375,203.47265625,0.0,0.0,0.4921875,81.71881866455078
none,3,1181,1.0,0.0,1.0,1.0,1.0,1.0,16.71484375,92.3203125,88.42578125,73.64453125,112.31640625,252.12890625,234.88671875,201.92578125,0.0,0.0,0.50390625,81.94219970703125
none,3,1182,1.0,0.0,1.0,1.0,1.0,1.0,16.93359375,93.76953125,89.18359375,72.15234375,114.28125,256.4375,235.828125,197.60546875,0.0,0.0,0.44921875,81.68562316894531
none,3,1183,1.0,0.0,1.0,1.0,1.0,1.0,17.09765625,92.12109375,88.10546875,74.73046875,113.015625,250.98828125,233.90234375,205.91015625,0.0,0.0,0.5234375,81.4044189453125
none,3,1184,1.0,0.0,1.0,1.0,1.0,1.0,17.33203125,92.58984375,89.0859375,74.421875,115.734375,251.69140625,236.03125,205.1171875,0.0,0.0,0.45703125,82.19660186767578
none,3,1185,1.0,0.0,1.0,1.0,1.0,1.0,17.203125,92.265625,89.90625,74.10546875,113.91796875,249.6171875,237.32421875,203.984375,0.0,0.0,0.46484375,82.17300415039062
none,3,1186,1.0,0.0,1.0,1.0,1.0,1.0,16.93359375,93.45703125,89.2578125,73.29296875,113.5859375,252.8046875,235.125,201.09375,0.0,0.0,0.52734375,81.93267822265625
none,3,1187,1.0,0.0,1.0,1.0,1.0,1.0,16.97265625,93.29296875,90.3125,72.625,110.4453125,252.578125,237.67578125,199.3671875,0.0,0.0,0.3984375,82.42253112792969
none,3,1188,1.0,0.0,1.0,1.0,1.0,1.0,17.29296875,93.14453125,89.55078125,72.99609375,114.4765625,250.56640625,238.09375,200.625,0.0,0.0,0.47265625,82.15335083007812
none,3,1189,1.0,0.0,1.0,1.0,1.0,1.0,16.94921875,92.88671875,87.8046875,74.57421875,115.9765625,249.43359375,231.63671875,204.48828125,0.0,0.0,0.453125,82.0877685546875
none,3,1190,1.0,0.0,1.0,1.0,1.0,1.0,16.6484375,94.6796875,89.05078125,73.0546875,112.5625,254.24609375,236.1328125,199.86328125,0.0,0.0,0.390625,82.50392150878906
none,3,1191,1.0,0.0,1.0,1.0,1.0,1.0,16.75,92.1796875,89.3671875,74.2265625,112.40234375,248.37109375,235.9921875,204.39453125,0.0,0.0,0.578125,82.11366271972656
none,3,1192,1.0,0.0,1.0,1.0,1.0,1.0,16.890625,92.328125,87.875,74.09375,112.3671875,249.640625,233.0390625,204.07421875,0.0,0.0,0.515625,81.07485961914062
none,3,1193,1.0,0.0,1.0,1.0,1.0,1.0,16.4921875,92.92578125,86.9140625,74.0546875,111.17578125,252.625,228.80859375,203.21484375,0.0,0.0,0.47265625,81.86536407470703
none,3,1194,1.0,0.0,1.0,1.0,1.0,1.0,16.55859375,92.41796875,87.68359375,73.390625,114.546875,251.83203125,231.11328125,201.8515625,0.0,0.0,0.55078125,80.99528503417969
none,3,1195,1.0,0.0,1.0,1.0,1.0,1.0,16.984375,92.86328125,88.54296875,73.8671875,114.10546875,249.421875,234.46484375,202.234375,0.0,0.0,0.56640625,82.00386810302734
none,3,1196,1.0,0.0,1.0,1.0,1.0,1.0,16.86328125,93.45703125,88.5390625,74.046875,112.87109375,254.8046875,233.12109375,203.33203125,0.0,0.0,0.48046875,82.33525085449219
none,3,1197,1.0,0.0,1.0,1.0,1.0,1.0,17.33203125,92.15625,88.56640625,73.2109375,114.9765625,250.828125,234.28515625,203.0703125,0.0,0.0,0.4765625,81.48015594482422
none,3,1198,1.0,0.0,1.0,1.0,1.0,1.0,16.984375,95.60546875,88.48046875,71.65625,113.29296875,260.69140625,233.2265625,195.53515625,0.0,0.0,0.48828125,81.8450927734375
none,3,1199,1.0,0.0,1.0,1.0,1.0,1.0,17.109375,93.14453125,88.67578125,73.79296875,114.05078125,251.9609375,234.39453125,203.328125,0.0,0.0,0.484375,82.00736999511719
none,4,0,1.0,0.0,1.0,1.0,1.0,1.0,23.5546875,27.67578125,26.4296875,24.73828125,186.2265625,207.9375,199.08203125,190.15625,0.0,0.0,18.52734375,11.414947509765625
none,4,1,1.0,0.0,1.0,1.0,1.0,1.0,23.55078125,27.609375,27.06640625,26.10546875,182.12109375,209.10546875,204.7265625,192.7265625,0.0,0.0,17.9921875,11.835920333862305
none,4,2,1.0,0.0,1.0,1.0,1.0,1.0,23.66796875,28.078125,27.578125,26.0234375,183.0703125,208.41796875,207.21484375,190.2734375,0.0,0.0,17.84375,12.455549240112305
none,4,3,1.0,0.0,1.0,1.0,1.0,1.0,24.046875,29.421875,28.46484375,26.40234375,179.19921875,213.34375,206.64453125,191.5625,0.0,0.0,17.96875,13.222160339355469
none,4,4,1.0,0.0,1.0,1.0,1.0,1.0,24.82421875,29.6953125,28.8359375,27.31640625,179.34765625,210.0,203.17578125,194.7109375,0.0,0.0,17.2890625,13.562324523925781
none,4,5,1.0,0.0,1.0,1.0,1.0,1.0,24.3203125,31.1796875,30.1875,27.90234375,169.62890625,210.92578125,206.06640625,187.37890625,0.0,0.0,17.125,14.61771011352539
none,4,6,1.0,0.0,1.0,1.0,1.0,1.0,25.73828125,31.54296875,31.09765625,28.72265625,170.3359375,207.3515625,203.24609375,187.3515625,0.0,0.0,17.015625,15.095006942749023
none,4,7,1.0,0.0,1.0,1.0,1.0,1.0,25.375,34.03515625,32.4140625,30.09375,161.56640625,213.07421875,202.765625,185.9453125,0.0,0.0,16.640625,17.042783737182617
none,4,8,1.0,0.0,1.0,1.0,1.0,1.0,26.328125,34.6953125,33.59375,31.09765625,159.2890625,208.515625,200.00390625,180.93359375,0.0,0.0,16.22265625,17.927978515625
none,4,9,1.0,0.0,1.0,1.0,1.0,1.0,26.65625,38.04296875,34.3203125,31.43359375,151.87109375,211.671875,193.6875,171.9453125,0.0,0.0,15.87890625,19.421279907226562
none,4,10,1.0,0.0,1.0,1.0,1.0,1.0,27.61328125,37.9765625,34.91796875,33.34765625,149.34375,203.796875,187.421875,172.859375,0.0,0.0,15.5546875,20.058319091796875
none,4,11,1.0,0.0,1.0,1.0,1.0,1.0,27.02734375,39.81640625,35.8984375,33.48828125,137.26953125,201.62890625,181.63671875,161.68359375,0.0,0.0,15.28515625,21.171972274780273
none,4,12,1.0,0.0,1.0,1.0,1.0,1.0,28.80859375,40.0390625,36.37890625,35.25,139.49609375,194.50390625,174.66015625,162.86328125,0.0,0.0,14.58984375,21.973587036132812
none,4,13,1.0,0.0,1.0,1.0,1.0,1.0,28.546875,41.3515625,36.9140625,36.1484375,130.140625,189.3359375,167.83984375,158.7265625,0.0,0.0,14.71875,23.0272274017334
none,4,14,1.0,0.0,1.0,1.0,1.0,1.0,30.00390625,41.93359375,38.16015625,37.91796875,129.6484375,181.98828125,164.81640625,158.29296875,0.0,0.0,13.71875,24.047452926635742
none,4,15,1.0,0.0,1.0,1.0,1.0,1.0,31.33984375,42.80859375,39.95703125,39.06640625,129.89453125,176.5234375,161.68359375,157.3046875,0.0,0.0,13.484375,25.319082260131836
none,4,16,1.0,0.0,1.0,1.0,1.0,1.0,32.2890625,44.71875,39.51953125,39.11328125,125.796875,174.5625,157.19140625,149.14453125,0.0,0.0,13.22265625,25.889997482299805
none,4,17,1.0,0.0,1.0,1.0,1.0,1.0,33.28515625,46.0,40.5859375,40.90234375,126.60546875,172.8046875,152.01953125,151.54296875,0.0,0.0,12.65234375,27.36221694946289
none,4,18,1.0,0.0,1.0,1.0,1.0,1.0,33.515625,44.9921875,40.83203125,42.375,123.1015625,162.01171875,147.89453125,153.078125,0.0,0.0,12.5546875,27.59872055053711
none,4,19,1.0,0.0,1.0,1.0,1.0,1.0,35.8828125,45.234375,41.19140625,43.19140625,127.45703125,157.7109375,147.4296875,151.8125,0.0,0.0,11.703125,28.48244285583496
none,4,20,1.0,0.0,1.0,1.0,1.0,1.0,36.6484375,46.0,40.953125,44.1875,129.22265625,157.3828125,142.5625,154.16015625,0.0,0.0,11.6875,28.878154754638672
none,4,21,1.0,0.0,1.0,1.0,1.0,1.0,36.31640625,46.34765625,42.8203125,44.02734375,124.90625,155.390625,146.09375,148.72265625,0.0,0.0,11.2734375,29.70461082458496
none,4,22,1.0,0.0,1.0,1.0,1.0,1.0,36.83984375,43.859375,43.4921875,45.42578125,124.8671875,147.17578125,145.45703125,151.6875,0.0,0.0,10.7578125,29.532867431640625
none,4,23,1.0,0.0,1.0,1.0,1.0,1.0,37.484375,45.84375,41.5,47.05078125,125.55859375,151.01953125,137.26953125,154.93359375,0.0,0.0,10.125,29.936626434326172
none,4,24,1.0,0.0,1.0,1.0,1.0,1.0,37.37109375,46.4296875,41.40234375,46.98828125,123.9140625,150.7734375,135.9140625,153.87109375,0.0,0.0,10.12109375,30.318553924560547
none,4,25,1.0,0.0,1.0,1.0,1.0,1.0,39.18359375,44.8984375,42.203125,47.87109375,128.62109375,146.53125,138.3203125,154.33203125,0.0,0.0,9.6484375,30.325834274291992
none,4,26,1.0,0.0,1.0,1.0,1.0,1.0,38.56640625,45.6015625,41.8828125,47.21875,125.59375,148.53515625,137.12109375,154.7265625,0.0,0.0,9.390625,30.097209930419922
none,4,27,1.0,0.0,1.0,1.0,1.0,1.0,38.2734375,46.30859375,42.59375,46.44921875,125.734375,151.171875,140.07421875,152.9453125,0.0,0.0,8.9296875,30.637096405029297
none,4,28,1.0,0.0,1.0,1.0,1.0,1.0,38.11328125,45.97265625,42.69921875,47.74609375,126.25390625,150.5390625,141.1015625,155.30859375,0.0,0.0,8.5078125,31.284832000732422
none,4,29,1.0,0.0,1.0,1.0,1.0,1.0,38.36328125,47.25390625,42.7421875,46.609375,128.08203125,155.32421875,140.1875,153.8125,0.0,0.0,8.34375,31.126201629638672
none,4,30,1.0,0.0,1.0,1.0,1.0,1.0,40.359375,47.35546875,42.55859375,47.0703125,132.51953125,156.80078125,139.7890625,155.30859375,0.0,0.0,7.8125,31.554290771484375
none,4,31,1.0,0.0,1.0,1.0,1.0,1.0,39.52734375,46.01171875,43.5546875,47.0078125,131.7734375,153.5078125,142.8046875,155.80078125,0.0,0.0,7.96484375,31.295019149780273
none,4,32,1.0,0.0,1.0,1.0,1.0,1.0,39.3046875,47.359375,43.5625,46.2890625,132.0546875,158.91015625,146.04296875,153.67578125,0.0,0.0,7.51171875,31.652996063232422
none,4,33,1.0,0.0,1.0,1.0,1.0,1.0,39.26953125,47.765625,44.1640625,47.2265625,131.875,160.4921875,146.94921875,156.48828125,0.0,0.0,7.3203125,32.1566276550293
none,4,34,1.0,0.0,1.0,1.0,1.0,1.0,40.015625,48.484375,43.546875,47.17578125,135.0234375,161.91796875,144.2578125,158.171875,0.0,0.0,6.84375,32.19916915893555
none,4,35,1.0,0.0,1.0,1.0,1.0,1.0,40.6328125,47.8984375,45.10546875,47.89453125,136.75390625,159.88671875,148.48828125,159.06640625,0.0,0.0,6.87109375,32.90952682495117
none,4,36,1.0,0.0,1.0,1.0,1.0,1.0,39.7109375,47.7109375,45.06640625,48.78125,133.37890625,159.2421875,147.921875,160.96875,0.0,0.0,6.6484375,33.035221099853516
none,4,37,1.0,0.0,1.0,1.0,1.0,1.0,40.76171875,47.4140625,44.80078125,50.42578125,134.97265625,157.0625,147.2890625,164.890625,0.0,0.0,6.5234375,33.80721664428711
none,4,38,1.0,0.0,1.0,1.0,1.0,1.0,41.4609375,46.3203125,45.12109375,50.25390625,137.953125,153.51171875,145.90234375,164.671875,0.0,0.0,6.34765625,32.92167282104492
none,4,39,1.0,0.0,1.0,1.0,1.0,1.0,40.40234375,46.23046875,44.734375,50.4140625,135.43359375,152.80859375,146.18359375,163.4765625,0.0,0.0,5.94140625,33.01735305786133
none,4,40,1.0,0.0,1.0,1.0,1.0,1.0,40.7265625,48.1640625,45.0390625,49.19921875,135.29296875,159.12890625,146.4140625,161.42578125,0.0,0.0,5.9921875,33.63465118408203
none,4,41,1.0,0.0,1.0,1.0,1.0,1.0,39.21484375,48.6796875,46.26953125,48.6171875,131.3984375,160.06640625,149.06640625,158.8203125,0.0,0.0,5.81640625,34.06890106201172
none,4,42,1.0,0.0,1.0,1.0,1.0,1.0,37.8203125,49.171875,44.0234375,49.27734375,128.234375,161.484375,142.77734375,161.60546875,0.0,0.0,5.5,34.104793548583984
none,4,43,1.0,0.0,1.0,1.0,1.0,1.0,39.8515625,48.86328125,46.34375,49.125,132.796875,159.76953125,147.515625,159.92578125,0.0,0.0,5.5625,34.47065353393555
none,4,44,1.0,0.0,1.0,1.0,1.0,1.0,38.8203125,50.30078125,44.9140625,48.359375,130.83984375,163.49609375,143.64453125,157.69140625,0.0,0.0,5.59375,34.207359313964844
none,4,45,1.0,0.0,1.0,1.0,1.0,1.0,38.640625,50.01171875,44.54296875,50.3515625,129.640625,162.00390625,143.2265625,162.5546875,0.0,0.0,5.1796875,35.157554626464844
none,4,46,1.0,0.0,1.0,1.0,1.0,1.0,38.484375,51.91796875,44.79296875,50.484375,130.296875,168.01171875,143.390625,163.28515625,0.0,0.0,4.8359375,35.54188537597656
none,4,47,1.0,0.0,1.0,1.0,1.0,1.0,39.60546875,51.6640625,43.59375,50.09375,132.1484375,166.29296875,138.953125,161.3828125,0.0,0.0,5.1171875,34.92472839355469
none,4,48,1.0,0.0,1.0,1.0,1.0,1.0,38.7265625,50.54296875,45.44140625,51.2578125,129.66015625,162.4453125,143.69921875,165.3125,0.0,0.0,4.89453125,35.704856872558594
none,4,49,1.0,0.0,1.0,1.0,1.0,1.0,39.5625,51.78515625,44.3671875,50.84375,133.62109375,165.22265625,141.23046875,164.03125,0.0,0.0,4.83203125,35.7275390625
none,4,50,1.0,0.0,1.0,1.0,1.0,1.0,39.07421875,53.08984375,45.296875,49.609375,132.31640625,169.7734375,143.0078125,159.0859375,0.0,0.0,4.83984375,35.8514404296875
none,4,51,1.0,0.0,1.0,1.0,1.0,1.0,37.1953125,54.47265625,43.578125,48.453125,126.94140625,175.55859375,137.97265625,157.375,0.0,0.0,4.76171875,35.95880889892578
none,4,52,1.0,0.0,1.0,1.0,1.0,1.0,37.81640625,53.7578125,44.625,48.45703125,130.234375,173.5234375,141.078125,156.640625,0.0,0.0,4.625,35.85468673706055
none,4,53,1.0,0.0,1.0,1.0,1.0,1.0,37.5546875,54.0,42.91015625,47.7734375,129.33984375,175.01171875,136.71875,154.8828125,0.0,0.0,4.44140625,35.27680206298828
none,4,54,1.0,0.0,1.0,1.0,1.0,1.0,36.890625,52.359375,43.2265625,49.203125,126.1328125,168.578125,138.34375,158.95703125,0.0,0.0,4.5,35.04160690307617
none,4,55,1.0,0.0,1.0,1.0,1.0,1.0,37.640625,52.6875,44.61328125,48.43359375,129.70703125,170.08984375,142.85546875,159.19921875,0.0,0.0,4.53125,35.43730926513672
none,4,56,1.0,0.0,1.0,1.0,1.0,1.0,35.88671875,52.76171875,44.70703125,48.9453125,124.9453125,168.82421875,143.34765625,160.7890625,0.0,0.0,4.48046875,35.7923583984375
none,4,57,1.0,0.0,1.0,1.0,1.0,1.0,35.56640625,51.578125,44.515625,49.5625,123.546875,166.7578125,142.34765625,163.0546875,0.0,0.0,4.5390625,35.63810729980469
none,4,58,1.0,0.0,1.0,1.0,1.0,1.0,35.90234375,51.59375,45.64453125,49.74609375,125.08203125,165.87109375,146.1015625,164.5859375,0.0,0.0,4.5234375,36.018402099609375
none,4,59,1.0,0.0,1.0,1.0,1.0,1.0,36.65234375,53.41796875,44.265625,48.859375,127.1953125,170.6171875,139.85546875,160.75,0.0,0.0,4.41796875,35.81214904785156
none,4,60,1.0,0.0,1.0,1.0,1.0,1.0,36.328125,52.296875,45.58984375,49.95703125,125.62109375,164.43359375,144.0546875,164.8359375,0.0,0.0,4.265625,36.585784912109375
none,4,61,1.0,0.0,1.0,1.0,1.0,1.0,36.35546875,52.40625,45.25,50.328125,125.04296875,164.7421875,142.33984375,165.765625,0.0,0.0,4.10546875,36.793296813964844
none,4,62,1.0,0.0,1.0,1.0,1.0,1.0,37.02734375,51.40625,45.640625,49.98828125,128.0703125,160.47265625,142.83203125,165.13671875,0.0,0.0,4.2734375,36.07695770263672
none,4,63,1.0,0.0,1.0,1.0,1.0,1.0,37.0234375,52.32421875,46.375,49.8515625,128.59375,164.28515625,144.796875,167.1875,0.0,0.0,3.69140625,36.89837646484375
none,4,64,1.0,0.0,1.0,1.0,1.0,1.0,38.03125,51.89453125,45.69921875,50.5078125,128.87109375,163.53515625,141.62890625,170.3515625,0.0,0.0,4.0078125,36.465187072753906
none,4,65,1.0,0.0,1.0,1.0,1.0,1.0,35.2734375,50.9609375,44.3671875,49.703125,120.44921875,157.87890625,138.25390625,174.3203125,0.0,0.0,4.1484375,35.5372428894043
none,4,66,1.0,0.0,1.0,1.0,1.0,1.0,33.984375,51.3046875,44.7109375,51.35546875,117.44140625,160.5390625,140.79296875,182.7890625,0.0,0.0,4.32421875,36.24430465698242
none,4,67,1.0,0.0,1.0,1.0,1.0,1.0,33.62890625,51.46484375,44.25,52.28515625,116.3125,161.09765625,140.265625,187.8828125,0.0,0.0,4.125,36.894187927246094
none,4,68,1.0,0.0,1.0,1.0,1.0,1.0,32.87109375,52.50390625,44.5078125,52.08203125,113.5390625,163.76171875,140.55859375,184.23046875,0.0,0.0,4.2421875,37.24748992919922
none,4,69,1.0,0.0,1.0,1.0,1.0,1.0,31.64453125,52.66796875,43.44921875,51.0703125,108.14453125,165.05078125,134.984375,179.84765625,0.0,0.0,4.38671875,36.897544860839844
none,4,70,1.0,0.0,1.0,1.0,1.0,1.0,30.25,53.33984375,43.73828125,47.546875,104.140625,167.20703125,136.6640625,163.640625,0.0,0.0,4.375,36.08824157714844
none,4,71,1.0,0.0,1.0,1.0,1.0,1.0,31.7578125,54.2265625,44.23828125,48.7265625,107.8359375,169.3671875,138.68359375,165.90625,0.0,0.0,4.19140625,36.72880172729492
none,4,72,1.0,0.0,1.0,1.0,1.0,1.0,30.16015625,53.05078125,44.08984375,47.16796875,102.0703125,166.54296875,139.26953125,159.28125,0.0,0.0,4.3046875,35.8739128112793
none,4,73,1.0,0.0,1.0,1.0,1.0,1.0,30.30859375,54.42578125,44.12890625,47.3046875,103.36328125,169.4296875,139.44921875,159.91015625,0.0,0.0,4.31640625,36.3892707824707
none,4,74,1.0,0.0,1.0,1.0,1.0,1.0,31.40625,52.9609375,44.390625,48.2578125,106.92578125,166.2421875,141.87109375,163.4765625,0.0,0.0,4.5625,36.266632080078125
none,4,75,1.0,0.0,1.0,1.0,1.0,1.0,31.62109375,52.21875,45.08203125,48.2109375,107.6796875,163.40625,143.65234375,162.47265625,0.0,0.0,4.6171875,36.202735900878906
none,4,76,1.0,0.0,1.0,1.0,1.0,1.0,32.80078125,52.04296875,44.515625,49.68359375,110.86328125,161.4921875,140.8671875,164.3515625,0.0,0.0,4.484375,36.167388916015625
none,4,77,1.0,0.0,1.0,1.0,1.0,1.0,33.38671875,53.40234375,45.08203125,49.2734375,113.38671875,166.6484375,140.80078125,163.60546875,0.0,0.0,4.265625,36.99671936035156
none,4,78,1.0,0.0,1.0,1.0,1.0,1.0,34.07421875,52.1015625,44.3828125,51.1328125,115.7421875,162.91015625,139.5,167.45703125,0.0,0.0,4.11328125,36.38835525512695
none,4,79,1.0,0.0,1.0,1.0,1.0,1.0,33.53515625,53.8046875,44.51171875,51.4140625,114.61328125,167.4140625,141.9140625,166.0546875,0.0,0.0,4.1484375,37.6063232421875
none,4,80,1.0,0.0,1.0,1.0,1.0,1.0,34.04296875,51.50390625,44.4921875,51.89453125,117.734375,159.87109375,140.48828125,166.83203125,0.0,0.0,4.11328125,36.53943634033203
none,4,81,1.0,0.0,1.0,1.0,1.0,1.0,33.16015625,52.33203125,45.91796875,52.390625,116.13671875,162.72265625,143.48046875,169.62890625,0.0,0.0,4.04296875,38.14397048950195
none,4,82,1.0,0.0,1.0,1.0,1.0,1.0,33.3828125,52.0390625,46.046875,53.55078125,116.05859375,160.53125,142.8984375,170.7890625,0.0,0.0,3.74609375,38.19858932495117
none,4,83,1.0,0.0,1.0,1.0,1.0,1.0,34.46484375,51.69921875,46.64453125,52.265625,117.6328125,158.48828125,143.7578125,163.72265625,0.0,0.0,3.765625,37.619781494140625
none,4,84,1.0,0.0,1.0,1.0,1.0,1.0,32.41796875,53.671875,46.40234375,50.31640625,111.91015625,163.42578125,143.2421875,156.23046875,0.0,0.0,4.05859375,37.770408630371094
none,4,85,1.0,0.0,1.0,1.0,1.0,1.0,33.03125,54.90234375,47.1484375,49.625,112.69140625,169.17578125,144.17578125,155.796875,0.0,0.0,3.8984375,38.2879638671875
none,4,86,1.0,0.0,1.0,1.0,1.0,1.0,31.9140625,54.08984375,48.08203125,49.18359375,111.94140625,165.5859375,148.2265625,154.484375,0.0,0.0,4.05078125,38.088321685791016
none,4,87,1.0,0.0,1.0,1.0,1.0,1.0,31.83984375,54.91015625,48.0078125,49.15234375,112.15625,170.03125,148.25,154.52734375,0.0,0.0,3.890625,38.79165267944336
none,4,88,1.0,0.0,1.0,1.0,1.0,1.0,33.1328125,55.20703125,47.44140625,50.69140625,117.66796875,169.0,146.91015625,158.9609375,0.0,0.0,3.9609375,38.87788391113281
none,4,89,1.0,0.0,1.0,1.0,1.0,1.0,33.88671875,54.1484375,46.39453125,52.41015625,121.94140625,165.1875,141.16015625,163.4609375,0.0,0.0,3.79296875,38.570350646972656
none,4,90,1.0,0.0,1.0,1.0,1.0,1.0,33.29296875,53.484375,47.60546875,53.12890625,119.359375,163.10546875,145.86328125,167.953125,0.0,0.0,3.3828125,39.38257598876953
none,4,91,1.0,0.0,1.0,1.0,1.0,1.0,34.80078125,53.4921875,46.9296875,53.64453125,127.10546875,163.484375,142.65625,168.98828125,0.0,0.0,3.3828125,39.251007080078125
none,4,92,1.0,0.0,1.0,1.0,1.0,1.0,34.8515625,53.87890625,47.18359375,54.87890625,128.81640625,165.63671875,145.65625,173.82421875,0.0,0.0,3.25390625,39.506507873535156
none,4,93,1.0,0.0,1.0,1.0,1.0,1.0,34.8671875,54.88671875,48.5,53.91796875,126.875,169.8359375,148.67578125,173.59765625,0.0,0.0,3.3984375,40.027381896972656
none,4,94,1.0,0.0,1.0,1.0,1.0,1.0,34.76171875,54.96875,49.7421875,51.8203125,129.2734375,170.26953125,154.12890625,167.7265625,0.0,0.0,3.45703125,39.91266632080078
none,4,95,1.0,0.0,1.0,1.0,1.0,1.0,35.1796875,56.07421875,47.12109375,51.66015625,131.34765625,174.0546875,147.2265625,167.15625,0.0,0.0,3.01171875,39.40086364746094
none,4,96,1.0,0.0,1.0,1.0,1.0,1.0,34.68359375,57.1953125,49.515625,49.6015625,130.515625,180.0,153.6171875,159.14453125,0.0,0.0,3.09375,40.08871841430664
none,4,97,1.0,0.0,1.0,1.0,1.0,1.0,34.90625,57.7265625,50.93359375,49.15234375,129.78125,182.25390625,159.05859375,157.359375,0.0,0.0,3.1640625,40.26356506347656
none,4,98,1.0,0.0,1.0,1.0,1.0,1.0,35.47265625,58.83203125,50.42578125,48.4453125,131.9765625,188.0078125,155.27734375,152.71875,0.0,0.0,3.328125,40.40590286254883
none,4,99,1.0,0.0,1.0,1.0,1.0,1.0,33.89453125,59.1640625,52.109375,48.5078125,127.2421875,187.46875,160.10546875,151.7578125,0.0,0.0,3.14453125,41.328521728515625
none,4,100,1.0,0.0,1.0,1.0,1.0,1.0,33.96875,59.3046875,51.55859375,49.3046875,128.4140625,187.765625,160.13671875,153.77734375,0.0,0.0,2.9609375,41.22182083129883
none,4,101,1.0,0.0,1.0,1.0,1.0,1.0,34.4296875,56.9609375,50.6171875,50.1796875,128.25390625,180.45703125,155.1953125,156.3515625,0.0,0.0,3.2265625,40.48976516723633
none,4,102,1.0,0.0,1.0,1.0,1.0,1.0,34.0390625,55.9375,51.94921875,51.11328125,127.578125,176.66796875,159.80859375,157.35546875,0.0,0.0,2.8515625,41.16709899902344
none,4,103,1.0,0.0,1.0,1.0,1.0,1.0,34.23046875,55.18359375,51.078125,52.0859375,127.14453125,173.546875,156.4765625,160.07421875,0.0,0.0,3.03515625,40.759605407714844
none,4,104,1.0,0.0,1.0,1.0,1.0,1.0,35.19921875,55.49609375,52.03515625,51.6328125,131.72265625,175.03125,159.7734375,159.16015625,0.0,0.0,2.83984375,40.74681091308594
none,4,105,1.0,0.0,1.0,1.0,1.0,1.0,34.94921875,56.1875,50.9765625,52.58203125,131.11328125,175.2734375,156.796875,162.1875,0.0,0.0,2.9765625,41.20048522949219
none,4,106,1.0,0.0,1.0,1.0,1.0,1.0,34.9453125,55.26953125,51.01171875,52.0625,131.6796875,175.27734375,156.15234375,161.79296875,0.0,0.0,3.11328125,40.695343017578125
none,4,107,1.0,0.0,1.0,1.0,1.0,1.0,35.37109375,55.1953125,52.13671875,52.828125,133.0859375,175.6953125,160.79296875,163.69921875,0.0,0.0,2.75,41.319427490234375
none,4,108,1.0,0.0,1.0,1.0,1.0,1.0,35.23046875,54.29296875,51.5546875,53.42578125,133.40625,171.44921875,159.1484375,165.7421875,0.0,0.0,2.9375,40.8159294128418
none,4,109,1.0,0.0,1.0,1.0,1.0,1.0,34.63671875,54.1953125,52.22265625,54.625,131.3125,171.94140625,161.8984375,170.5390625,0.0,0.0,2.8515625,41.48103332519531
none,4,110,1.0,0.0,1.0,1.0,1.0,1.0,35.6328125,54.03515625,52.9921875,54.734375,137.06640625,171.234375,162.9375,171.97265625,0.0,0.0,3.0078125,41.928443908691406
none,4,111,1.0,0.0,1.0,1.0,1.0,1.0,35.375,53.640625,51.61328125,55.67578125,135.484375,169.61328125,159.07421875,175.2890625,0.0,0.0,2.80859375,41.61890411376953
none,4,112,1.0,0.0,1.0,1.0,1.0,1.0,35.109375,52.87890625,52.2109375,55.60546875,136.18359375,166.37109375,161.921875,176.734375,0.0,0.0,2.89453125,41.37866973876953
none,4,113,1.0,0.0,1.0,1.0,1.0,1.0,35.6171875,53.48828125,52.00390625,54.65234375,138.4609375,168.78515625,159.1171875,174.34375,0.0,0.0,2.9765625,41.18310546875
none,4,114,1.0,0.0,1.0,1.0,1.0,1.0,34.515625,54.06640625,52.42578125,54.40234375,136.1875,172.7421875,163.984375,173.58984375,0.0,0.0,3.0703125,41.675048828125
none,4,115,1.0,0.0,1.0,1.0,1.0,1.0,34.52734375,54.265625,51.34765625,54.44140625,136.90234375,173.48046875,160.62109375,177.5703125,0.0,0.0,2.9453125,41.40898132324219
none,4,116,1.0,0.0,1.0,1.0,1.0,1.0,34.33203125,55.9453125,51.59375,53.44921875,139.046875,181.8046875,163.33203125,172.97265625,0.0,0.0,3.125,41.555015563964844
none,4,117,1.0,0.0,1.0,1.0,1.0,1.0,33.85546875,56.62109375,51.2734375,53.23046875,139.59375,186.46484375,161.75,175.3046875,0.0,0.0,3.2109375,41.66742706298828
none,4,118,1.0,0.0,1.0,1.0,1.0,1.0,34.15234375,58.44140625,49.8984375,51.890625,140.11328125,192.421875,159.62890625,170.6484375,0.0,0.0,3.03125,41.33782196044922
none,4,119,1.0,0.0,1.0,1.0,1.0,1.0,34.06640625,56.609375,50.54296875,52.98828125,142.7578125,186.17578125,158.8125,171.1328125,0.0,0.0,3.25,41.16228485107422
none,4,120,1.0,0.0,1.0,1.0,1.0,1.0,34.04296875,59.58984375,50.05078125,51.171875,138.8203125,197.32421875,158.36328125,168.9140625,0.0,0.0,3.07421875,41.68106460571289
none,4,121,1.0,0.0,1.0,1.0,1.0,1.0,33.78125,57.4296875,49.84765625,53.015625,140.28515625,188.421875,155.78125,172.97265625,0.0,0.0,3.265625,41.4848518371582
none,4,122,1.0,0.0,1.0,1.0,1.0,1.0,33.89453125,57.55078125,50.09375,52.15234375,137.3046875,187.34375,157.3984375,170.296875,0.0,0.0,3.1015625,41.522865295410156
none,4,123,1.0,0.0,1.0,1.0,1.0,1.0,33.16796875,57.83984375,50.578125,53.3515625,136.359375,189.296875,159.39453125,175.046875,0.0,0.0,3.0,42.136268615722656
none,4,124,1.0,0.0,1.0,1.0,1.0,1.0,35.29296875,57.58203125,51.85546875,53.75,143.08984375,185.1875,162.12890625,176.15625,0.0,0.0,2.8671875,42.46809005737305
none,4,125,1.0,0.0,1.0,1.0,1.0,1.0,33.57421875,57.0078125,51.6796875,54.265625,134.21484375,183.41015625,161.4296875,177.72265625,0.0,0.0,2.85546875,42.379329681396484
none,4,126,1.0,0.0,1.0,1.0,1.0,1.0,33.984375,58.328125,51.0390625,53.29296875,135.84765625,187.37890625,158.8125,174.1328125,0.0,0.0,2.95703125,42.241004943847656
none,4,127,1.0,0.0,1.0,1.0,1.0,1.0,34.71484375,57.73828125,51.17578125,54.31640625,138.0625,184.7578125,158.19921875,176.0078125,0.0,0.0,2.84765625,42.315792083740234
none,4,128,1.0,0.0,1.0,1.0,1.0,1.0,33.51953125,58.06640625,52.18359375,53.91796875,133.17578125,184.421875,161.4140625,174.08984375,0.0,0.0,2.6484375,42.960716247558594
none,4,129,1.0,0.0,1.0,1.0,1.0,1.0,33.75,59.04296875,51.34765625,52.2578125,133.921875,188.4765625,158.359375,168.62890625,0.0,0.0,2.8515625,42.48138427734375
none,4,130,1.0,0.0,1.0,1.0,1.0,1.0,33.82421875,58.78515625,51.8203125,51.3671875,133.015625,185.15234375,161.7890625,165.56640625,0.0,0.0,2.85546875,42.20403289794922
none,4,131,1.0,0.0,1.0,1.0,1.0,1.0,33.96875,58.375,53.27734375,52.7421875,134.37890625,185.015625,164.83203125,170.38671875,0.0,0.0,2.671875,42.869049072265625
none,4,132,1.0,0.0,1.0,1.0,1.0,1.0,33.625,57.83203125,52.8125,51.01171875,132.71484375,185.4140625,164.69921875,164.46484375,0.0,0.0,2.80859375,42.236663818359375
none,4,133,1.0,0.0,1.0,1.0,1.0,1.0,34.48828125,57.87890625,52.421875,52.46875,137.08203125,183.91796875,164.1953125,170.13671875,0.0,0.0,2.5546875,42.77434539794922
none,4,134,1.0,0.0,1.0,1.0,1.0,1.0,33.95703125,59.1953125,51.94140625,50.79296875,134.828125,189.98046875,163.2578125,163.85546875,0.0,0.0,2.83984375,42.01369857788086
none,4,135,1.0,0.0,1.0,1.0,1.0,1.0,33.14453125,56.8515625,53.48046875,51.68359375,135.34765625,184.2890625,167.62109375,166.9375,0.0,0.0,2.953125,41.9619255065918
none,4,136,1.0,0.0,1.0,1.0,1.0,1.0,34.06640625,57.80078125,52.62890625,53.16015625,139.8046875,187.6640625,165.8203125,172.53125,0.0,0.0,2.95703125,42.67357635498047
none,4,137,1.0,0.0,1.0,1.0,1.0,1.0,32.89453125,57.21484375,53.12890625,52.26953125,136.19921875,186.3515625,165.875,170.10546875,0.0,0.0,2.96484375,42.54957580566406
none,4,138,1.0,0.0,1.0,1.0,1.0,1.0,33.953125,57.6484375,52.625,52.109375,139.6640625,189.26953125,163.55078125,169.7109375,0.0,0.0,3.05078125,41.809574127197266
none,4,139,1.0,0.0,1.0,1.0,1.0,1.0,32.734375,57.41796875,53.296875,51.625,135.40234375,186.6171875,167.34765625,167.36328125,0.0,0.0,2.92578125,42.162010192871094
none,4,140,1.0,0.0,1.0,1.0,1.0,1.0,33.671875,57.08984375,52.34765625,53.09765625,136.39453125,184.3671875,165.33203125,172.67578125,0.0,0.0,2.98828125,42.21863555908203
none,4,141,1.0,0.0,1.0,1.0,1.0,1.0,34.2578125,55.87890625,52.65625,52.59765625,141.54296875,183.046875,166.62890625,172.9140625,0.0,0.0,3.1953125,41.938720703125
none,4,142,1.0,0.0,1.0,1.0,1.0,1.0,33.328125,56.30859375,53.00390625,52.39453125,139.2578125,180.76953125,167.98828125,173.5,0.0,0.0,2.9140625,41.89251708984375
none,4,143,1.0,0.0,1.0,1.0,1.0,1.0,31.875,55.7109375,52.69140625,51.24609375,132.609375,179.37890625,167.890625,170.89453125,0.0,0.0,3.02734375,41.58509063720703
none,4,144,1.0,0.0,1.0,1.0,1.0,1.0,32.37109375,54.94140625,52.9140625,53.0,135.5078125,178.5390625,169.39453125,177.234375,0.0,0.0,2.96484375,42.0385627746582
none,4,145,1.0,0.0,1.0,1.0,1.0,1.0,32.859375,55.71484375,53.4609375,52.703125,134.875,180.19921875,171.3203125,177.85546875,0.0,0.0,3.0390625,42.26849365234375
none,4,146,1.0,0.0,1.0,1.0,1.0,1.0,32.0234375,54.84375,53.2265625,52.61328125,134.859375,179.8515625,166.63671875,177.078125,0.0,0.0,3.01953125,41.91910171508789
none,4,147,1.0,0.0,1.0,1.0,1.0,1.0,32.609375,55.26171875,52.6484375,52.57421875,136.046875,178.0,167.74609375,177.19921875,0.0,0.0,3.14453125,41.734832763671875
none,4,148,1.0,0.0,1.0,1.0,1.0,1.0,32.45703125,54.65625,52.65234375,52.890625,137.2734375,177.9921875,167.203125,178.7890625,0.0,0.0,3.4375,41.628395080566406
none,4,149,1.0,0.0,1.0,1.0,1.0,1.0,31.53125,52.8984375,52.44140625,52.83984375,133.3125,171.48828125,168.9765625,178.20703125,0.0,0.0,3.19921875,41.26670455932617
none,4,150,1.0,0.0,1.0,1.0,1.0,1.0,31.859375,55.24609375,52.55078125,51.2734375,134.44921875,179.69140625,168.0546875,173.015625,0.0,0.0,3.07421875,41.46119689941406
none,4,151,1.0,0.0,1.0,1.0,1.0,1.0,32.41796875,53.15234375,52.984375,51.703125,139.75390625,174.44140625,169.73046875,177.0,0.0,0.0,3.2890625,41.150535583496094
none,4,152,1.0,0.0,1.0,1.0,1.0,1.0,31.45703125,54.70703125,53.80078125,51.25390625,132.41015625,175.9140625,176.27734375,174.453125,0.0,0.0,3.30078125,41.77927780151367
none,4,153,1.0,0.0,1.0,1.0,1.0,1.0,32.01953125,54.875,53.40234375,51.08984375,138.39453125,179.32421875,174.34375,174.35546875,0.0,0.0,3.2578125,41.41331100463867
none,4,154,1.0,0.0,1.0,1.0,1.0,1.0,31.09375,55.16015625,52.33984375,51.58984375,133.765625,177.97265625,169.71484375,177.39453125,0.0,0.0,3.421875,41.33515167236328
none,4,155,1.0,0.0,1.0,1.0,1.0,1.0,31.4453125,56.13671875,52.96484375,49.859375,137.6875,184.05078125,171.06640625,171.30078125,0.0,0.0,3.57421875,41.142311096191406
none,4,156,1.0,0.0,1.0,1.0,1.0,1.0,30.8203125,55.609375,53.40625,50.44921875,136.75390625,183.265625,175.84765625,174.51953125,0.0,0.0,3.45703125,41.88766860961914
none,4,157,1.0,0.0,1.0,1.0,1.0,1.0,31.70703125,55.48046875,53.7109375,50.97265625,137.921875,181.58984375,175.40234375,175.8359375,0.0,0.0,3.15625,41.6294059753418
none,4,158,1.0,0.0,1.0,1.0,1.0,1.0,31.0234375,54.3984375,53.42578125,49.640625,134.0625,176.95703125,172.484375,169.796875,0.0,0.0,3.25,41.25371170043945
none,4,159,1.0,0.0,1.0,1.0,1.0,1.0,30.8828125,56.328125,52.85546875,49.6953125,136.5,183.2421875,172.44140625,171.85546875,0.0,0.0,3.4140625,41.546966552734375
none,4,160,1.0,0.0,1.0,1.0,1.0,1.0,31.640625,56.38671875,53.0546875,50.234375,136.7265625,184.5859375,172.3515625,172.109375,0.0,0.0,3.3359375,41.90153503417969
none,4,161,1.0,0.0,1.0,1.0,1.0,1.0,30.89453125,56.94921875,52.49609375,49.4765625,133.62109375,187.37890625,171.26171875,170.09765625,0.0,0.0,3.58203125,41.556827545166016
none,4,162,1.0,0.0,1.0,1.0,1.0,1.0,31.3515625,57.21484375,53.5546875,49.6171875,134.19921875,187.39453125,173.2421875,166.125,0.0,0.0,3.32421875,42.07038879394531
none,4,163,1.0,0.0,1.0,1.0,1.0,1.0,31.0703125,56.0078125,52.78125,49.58203125,133.12109375,183.8671875,169.74609375,168.5390625,0.0,0.0,3.40234375,41.270164489746094
none,4,164,1.0,0.0,1.0,1.0,1.0,1.0,31.48046875,56.71875,52.72265625,49.078125,134.671875,185.5859375,170.08984375,166.36328125,0.0,0.0,3.36328125,41.308074951171875
none,4,165,1.0,0.0,1.0,1.0,1.0,1.0,30.890625,56.859375,52.95703125,49.1796875,131.77734375,187.08203125,170.18359375,164.2265625,0.0,0.0,3.30078125,41.416412353515625
none,4,166,1.0,0.0,1.0,1.0,1.0,1.0,30.3203125,57.6796875,52.90625,48.91796875,130.375,188.0625,169.953125,163.03515625,0.0,0.0,3.21484375,41.78573989868164
none,4,167,1.0,0.0,1.0,1.0,1.0,1.0,31.02734375,57.44921875,53.03515625,48.3203125,132.265625,188.6953125,169.953125,163.18359375,0.0,0.0,3.21484375,41.41082763671875
none,4,168,1.0,0.0,1.0,1.0,1.0,1.0,31.83984375,57.30078125,52.94921875,48.296875,136.17578125,188.01953125,170.1328125,164.76171875,0.0,0.0,3.15625,41.13390350341797
none,4,169,1.0,0.0,1.0,1.0,1.0,1.0,30.984375,57.55859375,52.12890625,48.5859375,133.85546875,188.9921875,168.5859375,164.828125,0.0,0.0,3.1953125,41.641334533691406
none,4,170,1.0,0.0,1.0,1.0,1.0,1.0,32.0234375,56.62109375,52.65234375,49.5390625,135.69921875,188.25390625,168.5703125,168.9375,0.0,0.0,3.1953125,41.38715362548828
none,4,171,1.0,0.0,1.0,1.0,1.0,1.0,32.265625,58.1015625,51.4296875,49.57421875,137.19921875,193.29296875,166.28515625,169.74609375,0.0,0.0,3.10546875,41.63789367675781
none,4,172,1.0,0.0,1.0,1.0,1.0,1.0,32.390625,57.4375,53.1484375,50.203125,136.30078125,187.91796875,170.1015625,170.046875,0.0,0.0,2.9765625,42.280853271484375
none,4,173,1.0,0.0,1.0,1.0,1.0,1.0,32.58984375,55.890625,54.06640625,49.40234375,138.83203125,184.203125,172.49609375,166.99609375,0.0,0.0,2.98828125,41.80331802368164
none,4,174,1.0,0.0,1.0,1.0,1.0,1.0,32.46484375,57.109375,52.99609375,50.08203125,136.32421875,186.80859375,169.9453125,168.8203125,0.0,0.0,2.94921875,41.7109260559082
none,4,175,1.0,0.0,1.0,1.0,1.0,1.0,33.7421875,57.234375,52.31640625,49.91015625,142.84765625,188.5078125,167.1796875,168.56640625,0.0,0.0,2.96875,41.62401580810547
none,4,176,1.0,0.0,1.0,1.0,1.0,1.0,32.453125,57.00390625,52.14453125,49.00390625,137.2265625,186.59765625,168.96484375,164.35546875,0.0,0.0,2.8515625,41.43470001220703
none,4,177,1.0,0.0,1.0,1.0,1.0,1.0,33.91796875,57.84375,53.25,49.40234375,143.4609375,190.59375,172.76953125,166.28515625,0.0,0.0,2.796875,41.867225646972656
none,4,178,1.0,0.0,1.0,1.0,1.0,1.0,32.5546875,56.43359375,53.44140625,49.74609375,139.984375,186.58203125,170.41796875,166.72265625,0.0,0.0,2.671875,41.95405197143555
none,4,179,1.0,0.0,1.0,1.0,1.0,1.0,33.60546875,56.7734375,52.00390625,50.6640625,143.83203125,187.4921875,168.8046875,173.0,0.0,0.0,2.80078125,41.74717330932617
none,4,180,1.0,0.0,1.0,1.0,1.0,1.0,34.15234375,55.87109375,53.984375,50.9921875,145.1796875,183.2734375,174.45703125,171.1953125,0.0,0.0,2.86328125,41.77161407470703
none,4,181,1.0,0.0,1.0,1.0,1.0,1.0,33.58203125,57.0859375,52.78125,50.87890625,143.73046875,188.1171875,170.30078125,172.58984375,0.0,0.0,2.8203125,41.97675323486328
none,4,182,1.0,0.0,1.0,1.0,1.0,1.0,33.53125,56.4453125,54.25390625,51.4296875,141.23046875,185.0703125,174.05078125,174.65234375,0.0,0.0,2.98828125,42.04350280761719
none,4,183,1.0,0.0,1.0,1.0,1.0,1.0,33.2734375,55.83984375,53.890625,50.34375,142.70703125,180.6171875,172.921875,170.4375,0.0,0.0,2.9609375,41.7451286315918
none,4,184,1.0,0.0,1.0,1.0,1.0,1.0,33.3515625,55.99609375,53.97265625,53.796875,141.703125,182.24609375,172.6953125,181.76953125,0.0,0.0,3.1015625,42.9133415222168
none,4,185,1.0,0.0,1.0,1.0,1.0,1.0,33.4765625,56.93359375,52.5390625,51.734375,140.4453125,185.23046875,165.96875,172.90234375,0.0,0.0,3.02734375,41.874549865722656
none,4,186,1.0,0.0,1.0,1.0,1.0,1.0,33.66015625,55.62890625,53.54296875,52.57421875,141.58203125,179.69921875,169.15234375,176.94140625,0.0,0.0,3.07421875,42.262359619140625
none,4,187,1.0,0.0,1.0,1.0,1.0,1.0,33.4765625,56.5625,53.21875,52.01953125,139.6484375,183.58984375,167.75390625,174.65625,0.0,0.0,3.1015625,42.120235443115234
none,4,188,1.0,0.0,1.0,1.0,1.0,1.0,32.51171875,57.3046875,53.15625,51.5,134.33984375,184.49609375,167.09765625,170.36328125,0.0,0.0,3.1328125,42.429481506347656
none,4,189,1.0,0.0,1.0,1.0,1.0,1.0,33.703125,58.39453125,52.359375,52.12890625,138.03125,187.6484375,164.8515625,171.98828125,0.0,0.0,2.91796875,42.39872741699219
none,4,190,1.0,0.0,1.0,1.0,1.0,1.0,32.1484375,57.765625,53.0546875,50.046875,131.7734375,187.484375,165.390625,165.13671875,0.0,0.0,3.06640625,42.06018829345703
none,4,191,1.0,0.0,1.0,1.0,1.0,1.0,31.6953125,58.5546875,52.890625,50.4140625,130.375,190.0390625,165.59765625,164.90234375,0.0,0.0,3.11328125,42.459041595458984
none,4,192,1.0,0.0,1.0,1.0,1.0,1.0,33.4296875,58.3515625,53.44140625,49.28515625,137.00390625,190.8828125,167.703125,161.69921875,0.0,0.0,3.04296875,41.78685760498047
none,4,193,1.0,0.0,1.0,1.0,1.0,1.0,32.7734375,57.7265625,52.0859375,50.5,133.68359375,187.10546875,165.23046875,164.7109375,0.0,0.0,3.30078125,41.72129821777344
none,4,194,1.0,0.0,1.0,1.0,1.0,1.0,32.42578125,57.8671875,53.3359375,50.65625,131.91015625,191.55078125,166.83984375,165.93359375,0.0,0.0,3.09765625,42.21287536621094
none,4,195,1.0,0.0,1.0,1.0,1.0,1.0,32.87109375,57.640625,53.58203125,50.328125,133.0625,187.96875,169.2890625,165.52734375,0.0,0.0,3.29296875,41.71603012084961
none,4,196,1.0,0.0,1.0,1.0,1.0,1.0,31.85546875,56.0546875,53.68359375,50.7265625,132.6484375,185.9375,170.17578125,164.25390625,0.0,0.0,3.25,41.695030212402344
none,4,197,1.0,0.0,1.0,1.0,1.0,1.0,32.9765625,57.13671875,52.90625,51.0625,136.03515625,188.23828125,168.13671875,166.875,0.0,0.0,3.3203125,42.383480072021484
none,4,198,1.0,0.0,1.0,1.0,1.0,1.0,32.375,57.6875,52.625,50.859375,134.921875,194.109375,169.55078125,168.05859375,0.0,0.0,3.26953125,41.959022521972656
none,4,199,1.0,0.0,1.0,1.0,1.0,1.0,32.19140625,55.953125,53.62890625,49.8046875,135.19140625,189.4765625,173.1171875,164.39453125,0.0,0.0,3.37890625,41.4984130859375
none,4,200,1.0,0.0,1.0,1.0,1.0,1.0,33.19140625,55.53515625,52.265625,52.3671875,138.78125,187.078125,167.60546875,174.62109375,0.0,0.0,3.38671875,41.28125
none,4,201,1.0,0.0,1.0,1.0,1.0,1.0,32.51171875,55.70703125,53.34765625,51.19921875,136.90625,187.08984375,172.83984375,169.640625,0.0,0.0,3.5,41.91242599487305
none,4,202,1.0,0.0,1.0,1.0,1.0,1.0,33.3203125,58.015625,53.08984375,50.76953125,136.55078125,193.4921875,170.33984375,168.70703125,0.0,0.0,3.29296875,41.82364273071289
none,4,203,1.0,0.0,1.0,1.0,1.0,1.0,32.68359375,55.88671875,53.8359375,50.39453125,136.2109375,188.41796875,172.4296875,166.640625,0.0,0.0,3.35546875,41.84769821166992
none,4,204,1.0,0.0,1.0,1.0,1.0,1.0,33.265625,56.1328125,52.3515625,51.32421875,137.90625,189.92578125,170.11328125,171.08984375,0.0,0.0,3.35546875,41.42219924926758
none,4,205,1.0,0.0,1.0,1.0,1.0,1.0,32.69921875,56.35546875,52.84375,50.7109375,136.4375,190.9921875,171.54296875,170.19140625,0.0,0.0,3.45703125,41.90666198730469
none,4,206,1.0,0.0,1.0,1.0,1.0,1.0,32.1015625,57.54296875,52.40234375,49.69921875,133.1796875,193.734375,171.828125,167.015625,0.0,0.0,3.421875,42.00190734863281
none,4,207,1.0,0.0,1.0,1.0,1.0,1.0,32.796875,55.96875,52.125,50.26953125,134.28125,188.1796875,170.26953125,167.90625,0.0,0.0,3.65234375,40.90924835205078
none,4,208,1.0,0.0,1.0,1.0,1.0,1.0,33.70703125,57.1796875,53.80078125,50.69921875,141.34375,192.57421875,175.87109375,167.8203125,0.0,0.0,3.390625,41.97740173339844
none,4,209,1.0,0.0,1.0,1.0,1.0,1.0,32.24609375,57.54296875,52.68359375,50.59375,134.28125,194.484375,172.2421875,168.77734375,0.0,0.0,3.484375,41.79792404174805
none,4,210,1.0,0.0,1.0,1.0,1.0,1.0,32.71875,57.078125,52.31640625,50.94921875,136.83203125,193.33984375,170.296875,169.55859375,0.0,0.0,3.3671875,41.58113098144531
none,4,211,1.0,0.0,1.0,1.0,1.0,1.0,32.4609375,58.15234375,52.57421875,51.28125,136.80859375,190.82421875,170.66796875,172.22265625,0.0,0.0,3.46875,42.451271057128906
none,4,212,1.0,0.0,1.0,1.0,1.0,1.0,32.5703125,57.69921875,53.06640625,50.36328125,136.83203125,191.58203125,171.1640625,168.15234375,0.0,0.0,3.3359375,42.175025939941406
none,4,213,1.0,0.0,1.0,1.0,1.0,1.0,31.890625,58.1640625,54.1484375,49.875,134.1875,190.13671875,174.296875,166.71484375,0.0,0.0,3.41796875,42.60076904296875
none,4,214,1.0,0.0,1.0,1.0,1.0,1.0,32.4921875,58.38671875,53.41015625,50.6953125,132.94140625,189.01171875,170.84765625,165.453125,0.0,0.0,3.3515625,42.5433464050293
none,4,215,1.0,0.0,1.0,1.0,1.0,1.0,32.24609375,57.80078125,52.93359375,51.3671875,133.12109375,185.640625,168.3046875,168.546875,0.0,0.0,3.21484375,42.50469207763672
none,4,216,1.0,0.0,1.0,1.0,1.0,1.0,33.13671875,58.27734375,52.83203125,52.49609375,133.74609375,187.7734375,167.17578125,171.59375,0.0,0.0,2.96484375,42.80046081542969
none,4,217,1.0,0.0,1.0,1.0,1.0,1.0,33.95703125,57.984375,52.28125,51.796875,137.8203125,183.9140625,165.94921875,168.88671875,0.0,0.0,3.14453125,42.38630294799805
none,4,218,1.0,0.0,1.0,1.0,1.0,1.0,33.21875,58.56640625,52.8515625,52.2109375,134.6328125,184.9453125,165.50390625,171.2734375,0.0,0.0,3.234375,43.406795501708984
none,4,219,1.0,0.0,1.0,1.0,1.0,1.0,32.796875,58.23046875,52.44140625,52.41015625,132.17578125,183.00390625,164.5703125,170.66796875,0.0,0.0,3.078125,42.90644836425781
none,4,220,1.0,0.0,1.0,1.0,1.0,1.0,33.69140625,59.3515625,51.6484375,52.296875,134.23828125,185.55078125,161.39453125,169.66015625,0.0,0.0,3.19140625,42.878807067871094
none,4,221,1.0,0.0,1.0,1.0,1.0,1.0,32.36328125,60.80859375,51.8984375,50.7265625,129.35546875,189.90234375,161.61328125,162.35546875,0.0,0.0,3.12890625,43.07110595703125
none,4,222,1.0,0.0,1.0,1.0,1.0,1.0,32.65234375,59.75390625,52.625,50.15234375,128.65625,188.2578125,163.0625,160.67578125,0.0,0.0,3.1328125,42.70585632324219
none,4,223,1.0,0.0,1.0,1.0,1.0,1.0,31.734375,60.015625,52.9375,50.140625,124.18359375,188.375,163.35546875,158.87890625,0.0,0.0,3.1953125,42.958457946777344
none,4,224,1.0,0.0,1.0,1.0,1.0,1.0,31.828125,61.28125,52.09765625,50.00390625,126.203125,195.67578125,161.6953125,157.91796875,0.0,0.0,3.26171875,43.192100524902344
none,4,225,1.0,0.0,1.0,1.0,1.0,1.0,32.1171875,60.203125,52.80859375,51.375,127.3046875,192.65625,165.15234375,165.01171875,0.0,0.0,3.00390625,43.27117156982422
none,4,226,1.0,0.0,1.0,1.0,1.0,1.0,32.5703125,60.89453125,53.5234375,50.49609375,128.23828125,194.41796875,166.05078125,162.8046875,0.0,0.0,3.1328125,43.362701416015625
none,4,227,1.0,0.0,1.0,1.0,1.0,1.0,32.79296875,60.87890625,52.7890625,50.65234375,131.828125,194.90234375,164.875,163.07421875,0.0,0.0,3.17578125,43.308860778808594
none,4,228,1.0,0.0,1.0,1.0,1.0,1.0,33.1875,60.05078125,53.67578125,51.4140625,133.640625,194.98828125,166.06640625,164.5546875,0.0,0.0,2.94140625,43.83727264404297
none,4,229,1.0,0.0,1.0,1.0,1.0,1.0,33.640625,60.58203125,52.9296875,52.16015625,134.21484375,193.765625,167.08984375,168.328125,0.0,0.0,3.08984375,43.488433837890625
none,4,230,1.0,0.0,1.0,1.0,1.0,1.0,33.94140625,59.00390625,53.56640625,51.765625,136.20703125,189.84375,166.359375,167.1953125,0.0,0.0,2.984375,43.056732177734375
none,4,231,1.0,0.0,1.0,1.0,1.0,1.0,33.9140625,59.265625,53.03515625,52.4765625,138.5625,189.890625,166.546875,167.7734375,0.0,0.0,3.03515625,43.14445114135742
none,4,232,1.0,0.0,1.0,1.0,1.0,1.0,33.8125,58.27734375,53.37109375,51.68359375,137.0,186.73828125,166.015625,166.70703125,0.0,0.0,3.046875,43.01921081542969
none,4,233,1.0,0.0,1.0,1.0,1.0,1.0,33.3125,58.546875,54.12890625,51.875,137.859375,188.71484375,170.6484375,170.34375,0.0,0.0,2.97265625,43.25920104980469
none,4,234,1.0,0.0,1.0,1.0,1.0,1.0,33.5,57.9765625,52.8359375,52.58984375,142.31640625,187.20703125,166.203125,174.48828125,0.0,0.0,3.16796875,42.880210876464844
none,4,235,1.0,0.0,1.0,1.0,1.0,1.0,33.83984375,58.46484375,54.3125,52.21484375,142.92578125,187.85546875,172.1171875,172.61328125,0.0,0.0,3.171875,43.42959213256836
none,4,236,1.0,0.0,1.0,1.0,1.0,1.0,33.828125,57.57421875,52.6484375,53.1328125,144.875,184.6015625,166.33984375,174.53125,0.0,0.0,3.0078125,43.153968811035156
none,4,237,1.0,0.0,1.0,1.0,1.0,1.0,32.88671875,57.4296875,52.76953125,52.578125,140.91015625,182.828125,166.828125,176.89453125,0.0,0.0,3.10546875,42.74916076660156
none,4,238,1.0,0.0,1.0,1.0,1.0,1.0,33.94921875,57.91796875,52.640625,52.43359375,144.4765625,186.33984375,167.5859375,175.09765625,0.0,0.0,3.21875,42.698326110839844
none,4,239,1.0,0.0,1.0,1.0,1.0,1.0,33.77734375,57.66015625,52.67578125,52.30078125,144.54296875,184.3203125,167.21875,175.546875,0.0,0.0,2.98828125,43.000465393066406
none,4,240,1.0,0.0,1.0,1.0,1.0,1.0,33.6171875,58.796875,52.79296875,51.66796875,145.25390625,187.58984375,166.37890625,172.6640625,0.0,0.0,3.0703125,42.6058235168457
none,4,241,1.0,0.0,1.0,1.0,1.0,1.0,33.9296875,59.078125,54.28515625,51.0390625,142.86328125,188.12890625,171.5546875,167.01171875,0.0,0.0,2.8984375,43.33258056640625
none,4,242,1.0,0.0,1.0,1.0,1.0,1.0,33.9296875,58.6640625,53.43359375,52.00390625,142.0546875,185.7265625,167.3828125,170.3515625,0.0,0.0,3.03125,43.10436248779297
none,4,243,1.0,0.0,1.0,1.0,1.0,1.0,33.10546875,58.37109375,53.34765625,52.703125,139.08984375,185.0625,167.22265625,171.83984375,0.0,0.0,3.08203125,43.62822723388672
none,4,244,1.0,0.0,1.0,1.0,1.0,1.0,34.02734375,58.63671875,52.24609375,53.73828125,142.28515625,188.41796875,162.4296875,174.5078125,0.0,0.0,2.99609375,43.44419860839844
none,4,245,1.0,0.0,1.0,1.0,1.0,1.0,33.203125,59.01953125,53.625,53.203125,139.703125,188.40234375,167.30859375,172.296875,0.0,0.0,2.9609375,43.81993865966797
none,4,246,1.0,0.0,1.0,1.0,1.0,1.0,33.14453125,59.07421875,53.95703125,51.7265625,137.3828125,189.4921875,166.9921875,167.12109375,0.0,0.0,3.05078125,43.49176025390625
none,4,247,1.0,0.0,1.0,1.0,1.0,1.0,33.12890625,59.4765625,52.64453125,53.765625,140.39453125,190.7265625,164.18359375,175.34375,0.0,0.0,3.109375,43.92402648925781
none,4,248,1.0,0.0,1.0,1.0,1.0,1.0,32.98046875,59.80859375,52.53515625,52.6640625,138.30859375,188.4609375,164.5390625,172.265625,0.0,0.0,3.15234375,43.634490966796875
none,4,249,1.0,0.0,1.0,1.0,1.0,1.0,32.0546875,60.5703125,53.09765625,52.94140625,133.8203125,192.15625,164.84375,171.765625,0.0,0.0,2.94140625,44.427146911621094
none,4,250,1.0,0.0,1.0,1.0,1.0,1.0,32.91796875,59.99609375,52.98828125,51.9609375,136.859375,191.1015625,164.859375,168.015625,0.0,0.0,2.8671875,43.8347282409668
none,4,251,1.0,0.0,1.0,1.0,1.0,1.0,32.61328125,58.65234375,52.578125,53.90625,135.69140625,186.88671875,163.93359375,174.4375,0.0,0.0,3.04296875,43.566444396972656
none,4,252,1.0,0.0,1.0,1.0,1.0,1.0,32.35546875,60.609375,52.7109375,53.0390625,133.09375,191.23046875,165.2265625,171.09765625,0.0,0.0,2.81640625,44.345298767089844
none,4,253,1.0,0.0,1.0,1.0,1.0,1.0,32.25390625,59.6953125,52.6484375,52.4375,131.859375,189.328125,164.0625,170.5078125,0.0,0.0,3.08203125,43.41378402709961
none,4,254,1.0,0.0,1.0,1.0,1.0,1.0,32.5390625,61.5703125,53.33203125,52.1875,132.14453125,196.7421875,167.6484375,168.203125,0.0,0.0,2.9140625,44.40580749511719
none,4,255,1.0,0.0,1.0,1.0,1.0,1.0,32.3125,60.0859375,54.5703125,51.96875,132.0625,191.890625,169.59765625,169.9921875,0.0,0.0,2.80859375,44.3197021484375
none,4,256,1.0,0.0,1.0,1.0,1.0,1.0,31.92578125,59.77734375,52.2734375,53.171875,130.4375,192.109375,164.55078125,172.95703125,0.0,0.0,2.86328125,43.68403625488281
none,4,257,1.0,0.0,1.0,1.0,1.0,1.0,31.79296875,60.375,53.0234375,53.453125,129.25390625,193.84375,165.18359375,173.47265625,0.0,0.0,2.79296875,44.03434371948242
none,4,258,1.0,0.0,1.0,1.0,1.0,1.0,32.953125,59.37109375,52.17578125,52.87109375,133.3828125,189.48828125,162.65234375,173.046875,0.0,0.0,2.80078125,43.29871368408203
none,4,259,1.0,0.0,1.0,1.0,1.0,1.0,32.2578125,60.7265625,52.671875,52.03515625,131.0859375,196.8828125,163.88671875,167.2734375,0.0,0.0,2.76953125,43.80650329589844
none,4,260,1.0,0.0,1.0,1.0,1.0,1.0,31.6640625,60.73046875,52.453125,52.66796875,128.671875,195.9453125,162.58984375,170.4765625,0.0,0.0,2.8046875,43.983489990234375
none,4,261,1.0,0.0,1.0,1.0,1.0,1.0,33.09765625,60.265625,52.23046875,52.18359375,132.8828125,195.9609375,162.015625,168.8046875,0.0,0.0,2.6875,43.418128967285156
none,4,262,1.0,0.0,1.0,1.0,1.0,1.0,33.06640625,60.08203125,51.98046875,53.08203125,134.76171875,195.51171875,162.109375,171.8515625,0.0,0.0,2.9296875,43.55234909057617
none,4,263,1.0,0.0,1.0,1.0,1.0,1.0,32.41015625,59.58203125,52.12109375,53.06640625,133.66015625,193.53125,163.9609375,173.60546875,0.0,0.0,2.7421875,43.45405578613281
none,4,264,1.0,0.0,1.0,1.0,1.0,1.0,32.29296875,58.9921875,53.921875,52.484375,131.84375,191.6875,168.97265625,171.82421875,0.0,0.0,2.65234375,44.07758712768555
none,4,265,1.0,0.0,1.0,1.0,1.0,1.0,32.55078125,58.81640625,52.95703125,53.79296875,136.16015625,191.14453125,167.5234375,176.34765625,0.0,0.0,2.69921875,43.7994384765625
none,4,266,1.0,0.0,1.0,1.0,1.0,1.0,31.96484375,58.0859375,53.72265625,52.64453125,132.7265625,188.8984375,170.21875,172.1953125,0.0,0.0,2.7109375,43.488792419433594
none,4,267,1.0,0.0,1.0,1.0,1.0,1.0,33.171875,58.08984375,52.78125,53.921875,139.82421875,187.76953125,166.78515625,178.296875,0.0,0.0,2.71875,43.58856201171875
none,4,268,1.0,0.0,1.0,1.0,1.0,1.0,33.234375,58.48828125,52.03125,54.30859375,139.9765625,188.484375,164.859375,180.58203125,0.0,0.0,2.65234375,43.632904052734375
none,4,269,1.0,0.0,1.0,1.0,1.0,1.0,33.73828125,58.98046875,53.26953125,52.6015625,142.19140625,190.69140625,166.82421875,175.171875,0.0,0.0,2.58203125,43.57381820678711
none,4,270,1.0,0.0,1.0,1.0,1.0,1.0,32.71875,58.75,52.94140625,54.16015625,137.63671875,188.56640625,166.8203125,177.65234375,0.0,0.0,2.4765625,43.77766036987305
none,4,271,1.0,0.0,1.0,1.0,1.0,1.0,32.92578125,60.37890625,53.40625,53.38671875,138.078125,193.4453125,167.68359375,173.36328125,0.0,0.0,2.62109375,44.450462341308594
none,4,272,1.0,0.0,1.0,1.0,1.0,1.0,33.6484375,58.546875,53.0234375,54.0859375,140.57421875,188.53125,166.5546875,173.8046875,0.0,0.0,2.34765625,44.000877380371094
none,4,273,1.0,0.0,1.0,1.0,1.0,1.0,33.05859375,61.16015625,52.34375,53.109375,137.1015625,193.89453125,162.21875,170.91015625,0.0,0.0,2.37890625,44.15863800048828
none,4,274,1.0,0.0,1.0,1.0,1.0,1.0,32.61328125,60.91015625,53.38671875,52.2890625,137.2890625,194.7421875,165.765625,167.48046875,0.0,0.0,2.453125,44.50776290893555
none,4,275,1.0,0.0,1.0,1.0,1.0,1.0,33.58203125,61.09765625,52.71875,51.87109375,138.73046875,195.23046875,163.71484375,167.015625,0.0,0.0,2.40234375,43.92167663574219
none,4,276,1.0,0.0,1.0,1.0,1.0,1.0,32.52734375,59.5703125,52.90625,54.328125,135.703125,188.02734375,163.02734375,174.40625,0.0,0.0,2.66015625,44.500709533691406
none,4,277,1.0,0.0,1.0,1.0,1.0,1.0,33.00390625,60.21875,52.76953125,54.08984375,137.1796875,190.421875,163.89453125,174.90234375,0.0,0.0,2.5859375,44.5273551940918
none,4,278,1.0,0.0,1.0,1.0,1.0,1.0,33.23828125,60.97265625,51.63671875,53.10546875,140.04296875,195.5234375,159.640625,171.09765625,0.0,0.0,2.33984375,43.76983642578125
none,4,279,1.0,0.0,1.0,1.0,1.0,1.0,33.52734375,60.69140625,52.6015625,53.30078125,141.38671875,193.53125,162.84375,173.6796875,0.0,0.0,2.6328125,44.0540885925293
none,4,280,1.0,0.0,1.0,1.0,1.0,1.0,33.3828125,60.15234375,51.90234375,54.03125,141.1953125,189.46875,160.85546875,175.98046875,0.0,0.0,2.53125,43.95512008666992
none,4,281,1.0,0.0,1.0,1.0,1.0,1.0,33.19140625,60.06640625,51.8203125,53.8359375,141.42578125,189.0703125,160.54296875,175.84765625,0.0,0.0,2.51953125,43.927978515625
none,4,282,1.0,0.0,1.0,1.0,1.0,1.0,32.87109375,60.3828125,52.4609375,54.03515625,139.07421875,191.35546875,161.6640625,175.64453125,0.0,0.0,2.43359375,44.79288864135742
none,4,283,1.0,0.0,1.0,1.0,1.0,1.0,32.875,60.015625,53.00390625,53.17578125,139.44140625,188.6015625,164.34765625,172.85546875,0.0,0.0,2.5234375,43.901145935058594
none,4,284,1.0,0.0,1.0,1.0,1.0,1.0,32.55859375,60.04296875,51.98828125,53.17578125,137.11328125,189.58203125,159.875,175.1875,0.0,0.0,2.4453125,43.722496032714844
none,4,285,1.0,0.0,1.0,1.0,1.0,1.0,32.640625,61.30078125,52.203125,53.4296875,136.890625,193.64453125,161.61328125,174.84765625,0.0,0.0,2.234375,44.54114532470703
none,4,286,1.0,0.0,1.0,1.0,1.0,1.0,32.58984375,62.09375,51.8046875,53.4765625,136.55859375,195.16796875,161.109375,173.4140625,0.0,0.0,2.50390625,44.38961410522461
none,4,287,1.0,0.0,1.0,1.0,1.0,1.0,32.71484375,61.09765625,52.27734375,51.8046875,136.90625,191.609375,162.359375,168.5703125,0.0,0.0,2.34765625,43.792388916015625
none,4,288,1.0,0.0,1.0,1.0,1.0,1.0,33.1875,60.13671875,52.5,53.8984375,138.4296875,190.15625,162.24609375,176.1953125,0.0,0.0,2.51953125,44.08405685424805
none,4,289,1.0,0.0,1.0,1.0,1.0,1.0,32.27734375,60.5234375,54.44140625,53.203125,136.14453125,190.1875,166.265625,172.203125,0.0,0.0,2.46484375,45.144676208496094
none,4,290,1.0,0.0,1.0,1.0,1.0,1.0,32.08203125,62.078125,52.09765625,52.546875,135.390625,198.32421875,160.7734375,168.89453125,0.0,0.0,2.4765625,44.78572082519531
none,4,291,1.0,0.0,1.0,1.0,1.0,1.0,32.9140625,61.23046875,52.69921875,52.00390625,135.1796875,195.4765625,161.5703125,167.296875,0.0,0.0,2.45703125,44.07448959350586
none,4,292,1.0,0.0,1.0,1.0,1.0,1.0,32.88671875,61.05859375,52.84375,52.296875,137.1015625,193.609375,161.9609375,169.84765625,0.0,0.0,2.6015625,44.310340881347656
none,4,293,1.0,0.0,1.0,1.0,1.0,1.0,31.88671875,60.8046875,53.54296875,53.6640625,134.33203125,192.30078125,165.51953125,170.22265625,0.0,0.0,2.4296875,44.869930267333984
none,4,294,1.0,0.0,1.0,1.0,1.0,1.0,33.34375,62.26953125,52.7734375,52.265625,139.05859375,198.12109375,162.671875,166.96875,0.0,0.0,2.44921875,44.532649993896484
none,4,295,1.0,0.0,1.0,1.0,1.0,1.0,31.46484375,60.89453125,53.125,52.21875,130.94140625,192.77734375,163.3125,165.0625,0.0,0.0,2.42578125,44.524314880371094
none,4,296,1.0,0.0,1.0,1.0,1.0,1.0,32.16015625,61.71875,52.96875,52.93359375,132.14453125,194.46875,162.48828125,169.34765625,0.0,0.0,2.4609375,44.89862060546875
none,4,297,1.0,0.0,1.0,1.0,1.0,1.0,32.70703125,62.21484375,52.07421875,53.1875,137.44921875,195.91796875,161.515625,172.13671875,0.0,0.0,2.64453125,44.79723358154297
none,4,298,1.0,0.0,1.0,1.0,1.0,1.0,31.546875,60.41796875,53.5078125,52.41015625,131.5390625,190.32421875,163.53125,168.1875,0.0,0.0,2.36328125,44.60546875
none,4,299,1.0,0.0,1.0,1.0,1.0,1.0,31.37890625,61.3203125,53.65234375,53.62109375,132.984375,192.9296875,165.55859375,171.6015625,0.0,0.0,2.5234375,45.19916534423828
none,4,300,1.0,0.0,1.0,1.0,1.0,1.0,31.91015625,60.48828125,53.71484375,52.19140625,134.390625,193.24609375,165.84375,170.48046875,0.0,0.0,2.640625,44.49593734741211
none,4,301,1.0,0.0,1.0,1.0,1.0,1.0,32.2421875,60.20703125,54.02734375,53.48046875,136.62109375,192.07421875,168.89453125,173.5390625,0.0,0.0,2.57421875,44.749603271484375
none,4,302,1.0,0.0,1.0,1.0,1.0,1.0,32.82421875,62.31640625,52.65234375,53.8203125,138.46484375,198.43359375,164.140625,173.953125,0.0,0.0,2.41796875,45.13288497924805
none,4,303,1.0,0.0,1.0,1.0,1.0,1.0,31.53125,60.3203125,53.70703125,54.7109375,136.140625,193.5546875,165.28125,175.38671875,0.0,0.0,2.71875,45.073951721191406
none,4,304,1.0,0.0,1.0,1.0,1.0,1.0,31.8671875,60.5390625,53.50390625,53.46484375,135.8046875,193.38671875,165.55859375,172.6015625,0.0,0.0,2.5703125,44.59141159057617
none,4,305,1.0,0.0,1.0,1.0,1.0,1.0,32.11328125,62.34765625,53.4453125,52.1875,136.09375,197.17578125,165.8203125,168.58203125,0.0,0.0,2.5234375,44.88372039794922
none,4,306,1.0,0.0,1.0,1.0,1.0,1.0,32.01171875,62.81640625,53.45703125,53.3515625,136.53515625,197.42578125,166.08203125,173.42578125,0.0,0.0,2.37890625,45.563804626464844
none,4,307,1.0,0.0,1.0,1.0,1.0,1.0,31.78125,62.171875,54.03515625,53.24609375,135.47265625,195.90234375,167.1796875,172.94921875,0.0,0.0,2.5859375,45.24785614013672
none,4,308,1.0,0.0,1.0,1.0,1.0,1.0,31.77734375,61.62109375,53.5703125,53.77734375,135.01953125,194.44921875,166.703125,173.1328125,0.0,0.0,2.4453125,45.195091247558594
none,4,309,1.0,0.0,1.0,1.0,1.0,1.0,32.43359375,60.984375,54.29296875,52.5234375,136.71484375,191.12890625,167.76171875,171.63671875,0.0,0.0,2.50390625,44.67552947998047
none,4,310,1.0,0.0,1.0,1.0,1.0,1.0,31.27734375,61.921875,54.21484375,53.390625,132.55859375,194.55078125,167.95703125,172.7421875,0.0,0.0,2.515625,45.67612838745117
none,4,311,1.0,0.0,1.0,1.0,1.0,1.0,31.84765625,61.875,53.8515625,53.62890625,134.25390625,193.16796875,167.49609375,173.453125,0.0,0.0,2.44921875,45.62278366088867
none,4,312,1.0,0.0,1.0,1.0,1.0,1.0,31.73046875,62.3125,54.09765625,53.78515625,132.84375,194.83984375,167.1796875,173.21875,0.0,0.0,2.4296875,45.46134567260742
none,4,313,1.0,0.0,1.0,1.0,1.0,1.0,31.10546875,62.01953125,54.98046875,53.40234375,131.03515625,195.1953125,169.515625,172.09375,0.0,0.0,2.3359375,46.07581329345703
none,4,314,1.0,0.0,1.0,1.0,1.0,1.0,30.63671875,62.578125,54.00390625,54.40234375,130.609375,194.640625,164.546875,175.40234375,0.0,0.0,2.51171875,46.294677734375
none,4,315,1.0,0.0,1.0,1.0,1.0,1.0,32.37109375,63.3671875,53.21875,53.4921875,135.828125,197.171875,163.31640625,171.60546875,0.0,0.0,2.55078125,45.49406433105469
none,4,316,1.0,0.0,1.0,1.0,1.0,1.0,31.67578125,62.5234375,54.51953125,54.05078125,134.16796875,193.8203125,167.34765625,174.7890625,0.0,0.0,2.34765625,45.96574020385742
none,4,317,1.0,0.0,1.0,1.0,1.0,1.0,32.27734375,63.20703125,55.078125,53.25390625,135.0,196.64453125,168.125,169.87109375,0.0,0.0,2.6796875,46.157447814941406
none,4,318,1.0,0.0,1.0,1.0,1.0,1.0,31.453125,63.20703125,54.5546875,52.68359375,130.32421875,195.15234375,167.5078125,167.94921875,0.0,0.0,2.421875,45.796241760253906
none,4,319,1.0,0.0,1.0,1.0,1.0,1.0,30.62109375,63.015625,54.3203125,53.10546875,125.95703125,194.4296875,165.05859375,170.28125,0.0,0.0,2.51953125,45.678375244140625
none,4,320,1.0,0.0,1.0,1.0,1.0,1.0,31.671875,62.95703125,54.921875,53.390625,131.1171875,194.40625,167.546875,168.5390625,0.0,0.0,2.37109375,46.07170867919922
none,4,321,1.0,0.0,1.0,1.0,1.0,1.0,32.0703125,63.1015625,54.55078125,53.1953125,133.21484375,194.10546875,164.6640625,169.640625,0.0,0.0,2.55078125,46.02633285522461
none,4,322,1.0,0.0,1.0,1.0,1.0,1.0,31.12890625,61.859375,55.79296875,52.69140625,128.4765625,191.5625,169.48046875,167.37109375,0.0,0.0,2.38671875,45.68435287475586
none,4,323,1.0,0.0,1.0,1.0,1.0,1.0,31.22265625,61.7734375,55.30859375,52.73046875,130.41796875,189.6640625,167.41015625,169.28515625,0.0,0.0,2.2578125,45.633522033691406
none,4,324,1.0,0.0,1.0,1.0,1.0,1.0,31.21875,63.05078125,54.7578125,54.265625,129.85546875,194.7421875,167.421875,171.5,0.0,0.0,2.4921875,46.3250846862793
none,4,325,1.0,0.0,1.0,1.0,1.0,1.0,31.62109375,62.296875,55.125,54.50390625,130.69140625,192.015625,167.015625,172.40625,0.0,0.0,2.43359375,46.11919403076172
none,4,326,1.0,0.0,1.0,1.0,1.0,1.0,30.546875,62.83203125,54.9375,53.921875,125.78125,191.77734375,167.2109375,170.51953125,0.0,0.0,2.2421875,46.20182418823242
none,4,327,1.0,0.0,1.0,1.0,1.0,1.0,29.46875,62.41796875,55.16015625,53.50390625,122.25390625,191.4140625,168.0078125,169.7734375,0.0,0.0,2.37890625,46.58000946044922
none,4,328,1.0,0.0,1.0,1.0,1.0,1.0,31.25390625,62.5625,55.55078125,54.109375,128.2265625,191.64453125,169.171875,171.43359375,0.0,0.0,2.38671875,46.04594421386719
none,4,329,1.0,0.0,1.0,1.0,1.0,1.0,30.1484375,63.8125,55.21875,52.375,124.38671875,195.3125,167.78125,166.24609375,0.0,0.0,2.59765625,46.604331970214844
none,4,330,1.0,0.0,1.0,1.0,1.0,1.0,30.6484375,62.4296875,53.6171875,54.171875,126.73046875,191.4296875,163.33984375,172.3515625,0.0,0.0,2.58203125,45.627769470214844
none,4,331,1.0,0.0,1.0,1.0,1.0,1.0,29.5859375,61.2421875,55.2109375,54.39453125,123.93359375,186.62890625,166.9375,171.0234375,0.0,0.0,2.2734375,46.326744079589844
none,4,332,1.0,0.0,1.0,1.0,1.0,1.0,29.79296875,62.83203125,54.953125,53.51953125,122.53125,191.30078125,165.8046875,168.92578125,0.0,0.0,2.4765625,45.927669525146484
none,4,333,1.0,0.0,1.0,1.0,1.0,1.0,30.59765625,62.34765625,56.12890625,53.99609375,127.53125,190.2734375,169.57421875,169.51953125,0.0,0.0,2.3359375,46.92919921875
none,4,334,1.0,0.0,1.0,1.0,1.0,1.0,29.796875,63.0546875,54.87890625,54.15234375,122.0,191.203125,166.046875,169.25,0.0,0.0,2.3046875,46.601097106933594
none,4,335,1.0,0.0,1.0,1.0,1.0,1.0,30.76171875,62.44140625,54.4140625,54.5078125,126.80078125,191.15234375,164.5859375,170.92578125,0.0,0.0,2.2265625,46.2769889831543
none,4,336,1.0,0.0,1.0,1.0,1.0,1.0,30.41015625,62.3984375,55.04296875,54.11328125,125.37890625,189.3828125,166.90234375,171.54296875,0.0,0.0,2.32421875,46.512481689453125
none,4,337,1.0,0.0,1.0,1.0,1.0,1.0,30.1796875,61.66015625,55.95703125,54.5703125,125.16015625,187.12890625,167.7734375,172.21875,0.0,0.0,2.47265625,46.832305908203125
none,4,338,1.0,0.0,1.0,1.0,1.0,1.0,29.8203125,60.65234375,55.1015625,56.40234375,124.34375,184.5625,167.078125,178.734375,0.0,0.0,2.375,46.779273986816406
none,4,339,1.0,0.0,1.0,1.0,1.0,1.0,29.67578125,61.5078125,55.484375,54.7265625,125.05078125,187.16015625,168.48828125,173.29296875,0.0,0.0,2.44140625,46.62226486206055
none,4,340,1.0,0.0,1.0,1.0,1.0,1.0,29.3515625,61.0703125,54.8515625,53.953125,123.1640625,186.32421875,165.59765625,171.609375,0.0,0.0,2.43359375,45.72150802612305
none,4,341,1.0,0.0,1.0,1.0,1.0,1.0,29.34765625,61.50390625,54.79296875,54.6015625,122.92578125,185.6171875,164.9375,173.2265625,0.0,0.0,2.33984375,46.11234664916992
none,4,342,1.0,0.0,1.0,1.0,1.0,1.0,30.19140625,62.6953125,54.90234375,54.69921875,125.76171875,189.640625,166.484375,173.96875,0.0,0.0,2.38671875,46.65990447998047
none,4,343,1.0,0.0,1.0,1.0,1.0,1.0,29.875,61.53515625,55.1875,53.83203125,124.50390625,186.546875,166.109375,172.5859375,0.0,0.0,2.43359375,46.034210205078125
none,4,344,1.0,0.0,1.0,1.0,1.0,1.0,29.71484375,62.2265625,55.43359375,54.7265625,124.625,187.94921875,168.20703125,172.734375,0.0,0.0,2.3671875,46.53905487060547
none,4,345,1.0,0.0,1.0,1.0,1.0,1.0,29.78125,61.15625,55.46875,54.453125,124.9765625,186.03515625,168.22265625,174.328125,0.0,0.0,2.36328125,46.47163009643555
none,4,346,1.0,0.0,1.0,1.0,1.0,1.0,28.88671875,61.44921875,55.125,55.015625,121.1953125,186.3046875,167.68359375,174.34375,0.0,0.0,2.37109375,46.7732048034668
none,4,347,1.0,0.0,1.0,1.0,1.0,1.0,29.5078125,61.53515625,54.3828125,55.1875,123.6015625,187.203125,164.24609375,177.23046875,0.0,0.0,2.33984375,46.53701400756836
none,4,348,1.0,0.0,1.0,1.0,1.0,1.0,28.79296875,62.50390625,54.2578125,53.51171875,122.8359375,191.26171875,165.09375,170.49609375,0.0,0.0,2.4921875,46.11748504638672
none,4,349,1.0,0.0,1.0,1.0,1.0,1.0,28.09765625,62.29296875,55.34375,53.41796875,119.14453125,190.07421875,169.00390625,170.56640625,0.0,0.0,2.3046875,46.44415283203125
none,4,350,1.0,0.0,1.0,1.0,1.0,1.0,28.26171875,62.5703125,56.1640625,52.80859375,122.55859375,189.625,170.33984375,169.39453125,0.0,0.0,2.5625,46.688751220703125
none,4,351,1.0,0.0,1.0,1.0,1.0,1.0,29.90234375,61.15234375,56.8125,54.02734375,126.2890625,184.96484375,172.18359375,173.36328125,0.0,0.0,2.3125,46.428253173828125
none,4,352,1.0,0.0,1.0,1.0,1.0,1.0,28.796875,61.68359375,56.48828125,54.703125,122.65234375,187.7734375,172.2734375,174.6875,0.0,0.0,2.18359375,47.2044792175293
none,4,353,1.0,0.0,1.0,1.0,1.0,1.0,29.19921875,62.2421875,55.82421875,53.7109375,124.25,190.89453125,169.89453125,173.078125,0.0,0.0,2.43359375,46.5968017578125
none,4,354,1.0,0.0,1.0,1.0,1.0,1.0,29.18359375,62.859375,54.62890625,54.91796875,126.03125,192.05078125,166.66015625,175.6796875,0.0,0.0,2.1640625,47.10120391845703
none,4,355,1.0,0.0,1.0,1.0,1.0,1.0,29.3984375,62.734375,56.71875,53.5078125,128.14453125,191.26171875,172.87109375,169.03515625,0.0,0.0,2.18359375,47.11545944213867
none,4,356,1.0,0.0,1.0,1.0,1.0,1.0,29.5234375,62.7265625,56.24609375,53.90625,125.38671875,191.10546875,171.38671875,170.91015625,0.0,0.0,2.41796875,46.8629150390625
none,4,357,1.0,0.0,1.0,1.0,1.0,1.0,29.46484375,61.68359375,56.52734375,54.54296875,126.3203125,188.80078125,171.7578125,173.17578125,0.0,0.0,2.2578125,47.175254821777344
none,4,358,1.0,0.0,1.0,1.0,1.0,1.0,29.84765625,61.53125,57.0703125,54.5703125,127.19140625,188.51953125,172.0625,172.53125,0.0,0.0,2.32421875,47.3111686706543
none,4,359,1.0,0.0,1.0,1.0,1.0,1.0,29.69921875,61.52734375,55.64453125,55.60546875,126.46484375,189.609375,169.46875,176.3203125,0.0,0.0,2.34375,46.72882843017578
none,4,360,1.0,0.0,1.0,1.0,1.0,1.0,28.71875,63.19140625,56.06640625,54.33984375,122.6015625,192.48828125,169.05859375,170.54296875,0.0,0.0,2.359375,47.29118347167969
none,4,361,1.0,0.0,1.0,1.0,1.0,1.0,29.375,62.31640625,56.4765625,54.71875,125.5390625,190.17578125,170.16796875,171.828125,0.0,0.0,2.3203125,47.2850341796875
none,4,362,1.0,0.0,1.0,1.0,1.0,1.0,29.19921875,61.19140625,56.68359375,55.1640625,124.6640625,187.9609375,170.8515625,172.4140625,0.0,0.0,2.15625,47.564491271972656
none,4,363,1.0,0.0,1.0,1.0,1.0,1.0,30.12109375,62.421875,56.44921875,54.734375,128.2734375,192.14453125,169.48828125,173.01953125,0.0,0.0,2.12109375,47.3518180847168
none,4,364,1.0,0.0,1.0,1.0,1.0,1.0,29.984375,62.3828125,57.16796875,54.55859375,126.98046875,191.4765625,172.34765625,170.28515625,0.0,0.0,2.125,47.577049255371094
none,4,365,1.0,0.0,1.0,1.0,1.0,1.0,30.4453125,62.90625,57.25390625,55.0625,129.5390625,191.5390625,172.01171875,172.16796875,0.0,0.0,2.0078125,48.16728973388672
none,4,366,1.0,0.0,1.0,1.0,1.0,1.0,30.7578125,62.68359375,58.31640625,54.55859375,128.99609375,190.34765625,175.07421875,170.54296875,0.0,0.0,1.92578125,47.95325469970703
none,4,367,1.0,0.0,1.0,1.0,1.0,1.0,29.859375,63.4296875,57.28515625,55.4375,126.93359375,193.6640625,169.76953125,174.62890625,0.0,0.0,1.8359375,48.1485710144043
none,4,368,1.0,0.0,1.0,1.0,1.0,1.0,30.37890625,62.29296875,57.5234375,55.890625,128.12109375,190.3125,171.8984375,171.3359375,0.0,0.0,1.98046875,48.476593017578125
none,4,369,1.0,0.0,1.0,1.0,1.0,1.0,29.80078125,63.53125,57.890625,54.203125,126.0703125,193.484375,172.9375,166.515625,0.0,0.0,1.828125,48.21195602416992
none,4,370,1.0,0.0,1.0,1.0,1.0,1.0,29.98046875,63.03125,58.28515625,55.9375,127.30859375,192.12109375,173.30078125,171.66796875,0.0,0.0,1.69140625,48.235198974609375
none,4,371,1.0,0.0,1.0,1.0,1.0,1.0,30.8125,63.91796875,56.85546875,55.26171875,127.75390625,196.7890625,170.40625,169.4140625,0.0,0.0,1.875,48.460052490234375
none,4,372,1.0,0.0,1.0,1.0,1.0,1.0,30.796875,62.875,56.84375,56.15625,131.3515625,192.5390625,170.48046875,174.16796875,0.0,0.0,1.73828125,48.28481674194336
none,4,373,1.0,0.0,1.0,1.0,1.0,1.0,30.96484375,62.36328125,57.8359375,56.359375,130.78125,190.1328125,172.94140625,174.81640625,0.0,0.0,1.70703125,48.779937744140625
none,4,374,1.0,0.0,1.0,1.0,1.0,1.0,31.38671875,62.9765625,58.1015625,56.16796875,133.4375,190.12109375,174.1171875,172.9296875,0.0,0.0,1.76171875,48.78807067871094
none,4,375,1.0,0.0,1.0,1.0,1.0,1.0,30.2421875,61.42578125,57.8203125,55.88671875,128.921875,186.63671875,172.71484375,173.79296875,0.0,0.0,1.7421875,48.05402755737305
none,4,376,1.0,0.0,1.0,1.0,1.0,1.0,31.33984375,62.96484375,56.98828125,57.26953125,132.52734375,190.62890625,172.1953125,176.51953125,0.0,0.0,1.87109375,48.68070602416992
none,4,377,1.0,0.0,1.0,1.0,1.0,1.0,31.51171875,62.7578125,58.0703125,55.6484375,132.66796875,190.1015625,173.03515625,172.83984375,0.0,0.0,1.8828125,48.10870361328125
none,4,378,1.0,0.0,1.0,1.0,1.0,1.0,31.15234375,63.79296875,59.4609375,53.6953125,130.48046875,193.76171875,176.5390625,166.91796875,0.0,0.0,1.73046875,48.36429977416992
none,4,379,1.0,0.0,1.0,1.0,1.0,1.0,31.53515625,61.05078125,59.09375,56.45703125,132.9765625,184.08984375,176.54296875,175.53125,0.0,0.0,1.9140625,48.451934814453125
none,4,380,1.0,0.0,1.0,1.0,1.0,1.0,31.0078125,61.33984375,58.92578125,57.88671875,132.08984375,184.75390625,176.09375,177.63671875,0.0,0.0,1.76171875,49.41412353515625
none,4,381,1.0,0.0,1.0,1.0,1.0,1.0,30.8125,62.515625,58.69921875,57.0859375,129.5,188.9765625,175.32421875,177.36328125,0.0,0.0,1.85546875,49.03809356689453
none,4,382,1.0,0.0,1.0,1.0,1.0,1.0,30.95703125,61.68359375,58.98828125,58.875,131.71484375,186.34375,176.43359375,180.90625,0.0,0.0,1.65234375,49.53668212890625
none,4,383,1.0,0.0,1.0,1.0,1.0,1.0,31.33984375,61.640625,58.73828125,58.4375,132.7109375,185.24609375,174.8671875,181.2578125,0.0,0.0,1.859375,49.400299072265625
none,4,384,1.0,0.0,1.0,1.0,1.0,1.0,31.78515625,61.2734375,58.3046875,57.9296875,134.24609375,186.5703125,172.08984375,178.83203125,0.0,0.0,1.81640625,48.79450607299805
none,4,385,1.0,0.0,1.0,1.0,1.0,1.0,30.80078125,61.828125,57.90625,57.3828125,131.21484375,187.34765625,171.78125,176.87109375,0.0,0.0,1.7421875,48.75731658935547
none,4,386,1.0,0.0,1.0,1.0,1.0,1.0,31.5,61.7421875,57.99609375,57.58203125,131.8359375,185.84375,171.88671875,178.890625,0.0,0.0,1.80859375,48.832550048828125
none,4,387,1.0,0.0,1.0,1.0,1.0,1.0,32.0625,62.41015625,58.18359375,57.5078125,135.1875,188.67578125,172.72265625,177.73046875,0.0,0.0,1.7265625,49.1160888671875
none,4,388,1.0,0.0,1.0,1.0,1.0,1.0,31.8515625,61.66015625,57.99609375,57.63671875,136.19921875,186.01953125,172.703125,177.65234375,0.0,0.0,1.74609375,49.142757415771484
none,4,389,1.0,0.0,1.0,1.0,1.0,1.0,31.58984375,63.875,58.375,56.9375,133.671875,191.59765625,173.18359375,177.140625,0.0,0.0,1.70703125,49.3255615234375
none,4,390,1.0,0.0,1.0,1.0,1.0,1.0,31.91015625,63.1015625,58.140625,56.95703125,135.62109375,190.51953125,171.83203125,176.34375,0.0,0.0,1.7265625,49.22106170654297
none,4,391,1.0,0.0,1.0,1.0,1.0,1.0,30.796875,63.48828125,58.69921875,57.1484375,131.359375,191.75390625,173.63671875,177.00390625,0.0,0.0,1.64453125,49.82212448120117
none,4,392,1.0,0.0,1.0,1.0,1.0,1.0,31.078125,63.58984375,57.34765625,57.8671875,134.19140625,192.61328125,170.953125,180.12109375,0.0,0.0,1.7578125,49.19352340698242
none,4,393,1.0,0.0,1.0,1.0,1.0,1.0,30.7265625,62.80859375,57.7734375,58.09765625,132.3671875,188.125,170.9921875,180.3359375,0.0,0.0,1.7109375,49.4620361328125
none,4,394,1.0,0.0,1.0,1.0,1.0,1.0,31.5390625,62.5546875,58.06640625,57.97265625,134.01953125,187.22265625,171.046875,179.31640625,0.0,0.0,1.68359375,49.0759391784668
none,4,395,1.0,0.0,1.0,1.0,1.0,1.0,31.01953125,62.19140625,58.2421875,58.296875,133.3359375,186.61328125,170.3359375,180.984375,0.0,0.0,1.72265625,48.92003631591797
none,4,396,1.0,0.0,1.0,1.0,1.0,1.0,31.14453125,63.359375,58.44921875,56.9375,133.17578125,190.29296875,171.5234375,175.1875,0.0,0.0,1.78515625,49.31307601928711
none,4,397,1.0,0.0,1.0,1.0,1.0,1.0,31.23828125,63.1796875,58.36328125,56.6875,132.359375,189.3125,170.7578125,174.51171875,0.0,0.0,1.71875,48.94559860229492
none,4,398,1.0,0.0,1.0,1.0,1.0,1.0,31.60546875,63.21875,58.85546875,58.44140625,135.23046875,189.53515625,171.83984375,179.69921875,0.0,0.0,1.76171875,49.69626998901367
none,4,399,1.0,0.0,1.0,1.0,1.0,1.0,31.17578125,63.69921875,59.58203125,57.23046875,132.375,190.5390625,174.40625,177.078125,0.0,0.0,1.7734375,49.779624938964844
none,4,400,1.0,0.0,1.0,1.0,1.0,1.0,30.37109375,64.28125,59.046875,56.9375,128.875,191.5078125,173.13671875,174.7265625,0.0,0.0,1.7109375,49.75263595581055
none,4,401,1.0,0.0,1.0,1.0,1.0,1.0,30.66796875,63.6875,59.71875,58.30078125,129.078125,189.9296875,175.62109375,178.3046875,0.0,0.0,1.5703125,50.51801681518555
none,4,402,1.0,0.0,1.0,1.0,1.0,1.0,30.6484375,64.1640625,59.375,56.22265625,129.6328125,190.171875,173.765625,171.80859375,0.0,0.0,1.765625,49.533607482910156
none,4,403,1.0,0.0,1.0,1.0,1.0,1.0,30.55859375,63.44140625,59.7109375,57.71484375,130.75,190.19921875,173.6328125,176.265625,0.0,0.0,1.609375,50.210845947265625
none,4,404,1.0,0.0,1.0,1.0,1.0,1.0,31.26171875,62.8046875,59.828125,57.87890625,131.16796875,186.09375,173.62109375,175.58984375,0.0,0.0,1.71484375,49.744075775146484
none,4,405,1.0,0.0,1.0,1.0,1.0,1.0,30.328125,64.79296875,59.55859375,58.0703125,129.21875,192.19140625,174.42578125,176.078125,0.0,0.0,1.79296875,50.83553695678711
none,4,406,1.0,0.0,1.0,1.0,1.0,1.0,30.41796875,64.484375,58.31640625,57.05078125,128.65234375,192.91796875,170.72265625,173.25390625,0.0,0.0,1.66015625,49.62301254272461
none,4,407,1.0,0.0,1.0,1.0,1.0,1.0,29.90625,64.44921875,60.23828125,56.7734375,127.33203125,191.984375,175.5234375,173.4296875,0.0,0.0,1.74609375,50.19195556640625
none,4,408,1.0,0.0,1.0,1.0,1.0,1.0,30.87109375,63.875,58.5390625,58.171875,130.99609375,192.0234375,172.51171875,177.58984375,0.0,0.0,1.54296875,49.899070739746094
none,4,409,1.0,0.0,1.0,1.0,1.0,1.0,30.1796875,64.0,60.171875,57.0703125,128.31640625,192.28125,175.89453125,174.046875,0.0,0.0,1.61328125,50.27451705932617
none,4,410,1.0,0.0,1.0,1.0,1.0,1.0,30.28125,64.63671875,59.52734375,55.8515625,132.09765625,194.62890625,174.69140625,170.8515625,0.0,0.0,1.73046875,49.7042236328125
none,4,411,1.0,0.0,1.0,1.0,1.0,1.0,30.17578125,64.82421875,59.68359375,57.04296875,131.43359375,194.109375,174.44140625,173.90625,0.0,0.0,1.72265625,50.29656982421875
none,4,412,1.0,0.0,1.0,1.0,1.0,1.0,30.94140625,65.50390625,58.765625,54.71875,133.08984375,196.80859375,172.0234375,166.0859375,0.0,0.0,1.640625,49.49619674682617
none,4,413,1.0,0.0,1.0,1.0,1.0,1.0,30.515625,65.59765625,58.84375,56.265625,131.54296875,197.37109375,171.30859375,170.65234375,0.0,0.0,1.671875,50.06345748901367
none,4,414,1.0,0.0,1.0,1.0,1.0,1.0,30.65234375,64.26953125,60.33984375,55.94140625,131.44921875,193.37109375,176.90625,169.08984375,0.0,0.0,1.71484375,49.97710418701172
none,4,415,1.0,0.0,1.0,1.0,1.0,1.0,31.01171875,64.73046875,59.2734375,56.6640625,133.96875,194.65625,172.91015625,172.0,0.0,0.0,1.80078125,49.907875061035156
none,4,416,1.0,0.0,1.0,1.0,1.0,1.0,30.83203125,65.43359375,58.609375,56.7890625,134.05859375,195.8125,169.80078125,170.921875,0.0,0.0,1.73828125,49.96873092651367
none,4,417,1.0,0.0,1.0,1.0,1.0,1.0,30.80078125,66.078125,58.63671875,55.53125,133.53515625,199.6484375,171.65625,168.23046875,0.0,0.0,1.65234375,49.759368896484375
none,4,418,1.0,0.0,1.0,1.0,1.0,1.0,29.9921875,65.0078125,58.7265625,58.1328125,131.44140625,196.1328125,170.0390625,176.85546875,0.0,0.0,1.74609375,50.67169189453125
none,4,419,1.0,0.0,1.0,1.0,1.0,1.0,30.8359375,64.66015625,59.03125,57.40625,135.46875,194.14453125,171.83984375,174.44140625,0.0,0.0,1.859375,50.22728729248047
none,4,420,1.0,0.0,1.0,1.0,1.0,1.0,31.5234375,64.90234375,58.4609375,56.8203125,136.734375,194.546875,170.6328125,173.23046875,0.0,0.0,1.73046875,49.59392547607422
none,4,421,1.0,0.0,1.0,1.0,1.0,1.0,30.2890625,65.0234375,59.37890625,57.58984375,132.1796875,195.6640625,173.046875,174.7265625,0.0,0.0,1.796875,50.22541046142578
none,4,422,1.0,0.0,1.0,1.0,1.0,1.0,30.796875,63.83984375,59.515625,56.74609375,135.640625,192.68359375,172.9375,172.62109375,0.0,0.0,1.76171875,49.79252243041992
none,4,423,1.0,0.0,1.0,1.0,1.0,1.0,30.70703125,64.4765625,58.17578125,57.4609375,133.79296875,194.18359375,169.99609375,174.3359375,0.0,0.0,1.85546875,49.63695526123047
none,4,424,1.0,0.0,1.0,1.0,1.0,1.0,30.43359375,65.67578125,59.45703125,56.890625,134.8828125,198.7734375,173.6875,172.07421875,0.0,0.0,1.71484375,50.601470947265625
none,4,425,1.0,0.0,1.0,1.0,1.0,1.0,30.6328125,65.0703125,59.6171875,56.26171875,135.65234375,197.75,174.1015625,171.03515625,0.0,0.0,1.66796875,50.32269287109375
none,4,426,1.0,0.0,1.0,1.0,1.0,1.0,30.15625,65.8203125,61.234375,57.19921875,133.5,197.9140625,177.38671875,173.15625,0.0,0.0,1.6171875,51.39680480957031
none,4,427,1.0,0.0,1.0,1.0,1.0,1.0,31.73828125,65.98828125,59.86328125,56.87109375,138.359375,198.0390625,174.765625,171.6328125,0.0,0.0,1.75,51.233482360839844
none,4,428,1.0,0.0,1.0,1.0,1.0,1.0,31.49609375,66.71484375,60.2734375,56.4921875,137.73046875,199.69921875,175.2421875,170.46484375,0.0,0.0,1.46484375,51.07149887084961
none,4,429,1.0,0.0,1.0,1.0,1.0,1.0,30.2421875,64.796875,60.6875,56.83203125,134.03515625,193.03515625,176.328125,171.359375,0.0,0.0,1.671875,50.75617599487305
none,4,430,1.0,0.0,1.0,1.0,1.0,1.0,30.5078125,65.671875,60.04296875,56.41796875,134.34765625,195.98046875,175.23828125,169.41796875,0.0,0.0,1.6953125,50.801719665527344
none,4,431,1.0,0.0,1.0,1.0,1.0,1.0,30.76171875,64.1484375,59.47265625,57.70703125,135.421875,190.3828125,172.00390625,174.33984375,0.0,0.0,1.73046875,50.37437057495117
none,4,432,1.0,0.0,1.0,1.0,1.0,1.0,31.01171875,64.671875,59.40234375,56.53125,137.2421875,192.45703125,171.1015625,172.12109375,0.0,0.0,1.57421875,50.234130859375
none,4,433,1.0,0.0,1.0,1.0,1.0,1.0,31.37109375,63.26953125,60.0,59.609375,138.125,189.421875,173.41796875,178.8828125,0.0,0.0,1.671875,51.1273307800293
none,4,434,1.0,0.0,1.0,1.0,1.0,1.0,30.58984375,64.0234375,61.83203125,58.0625,135.81640625,191.0078125,179.2421875,175.30078125,0.0,0.0,1.6953125,51.482177734375
none,4,435,1.0,0.0,1.0,1.0,1.0,1.0,31.54296875,65.1484375,60.171875,57.73828125,138.58984375,195.59765625,173.80078125,173.6328125,0.0,0.0,1.57421875,50.75704574584961
none,4,436,1.0,0.0,1.0,1.0,1.0,1.0,31.0234375,66.34375,60.94921875,57.43359375,137.5390625,199.12109375,175.32421875,171.69921875,0.0,0.0,1.4921875,51.77946090698242
none,4,437,1.0,0.0,1.0,1.0,1.0,1.0,31.1875,65.92578125,62.27734375,57.70703125,137.53125,196.49609375,179.1484375,173.80859375,0.0,0.0,1.48828125,52.19281005859375
none,4,438,1.0,0.0,1.0,1.0,1.0,1.0,31.37109375,65.71484375,60.265625,58.171875,139.15625,195.60546875,172.8671875,175.078125,0.0,0.0,1.42578125,51.32667541503906
none,4,439,1.0,0.0,1.0,1.0,1.0,1.0,31.69921875,66.48046875,60.53125,57.41796875,139.47265625,198.8125,174.6796875,172.1484375,0.0,0.0,1.45703125,51.40582275390625
none,4,440,1.0,0.0,1.0,1.0,1.0,1.0,32.1015625,65.66015625,60.296875,58.26953125,142.08203125,196.53125,174.14453125,175.828125,0.0,0.0,1.4453125,51.44440841674805
none,4,441,1.0,0.0,1.0,1.0,1.0,1.0,31.7734375,65.9453125,60.19921875,59.3828125,140.09765625,195.98828125,173.828125,180.53515625,0.0,0.0,1.49609375,51.90260314941406
none,4,442,1.0,0.0,1.0,1.0,1.0,1.0,30.8984375,65.65625,60.7890625,58.390625,137.63671875,196.8828125,176.09765625,176.89453125,0.0,0.0,1.61328125,51.54046630859375
none,4,443,1.0,0.0,1.0,1.0,1.0,1.0,30.546875,67.55859375,60.421875,56.48828125,136.1484375,201.71875,174.86328125,170.5703125,0.0,0.0,1.5390625,51.79327392578125
none,4,444,1.0,0.0,1.0,1.0,1.0,1.0,31.296875,66.03515625,61.08984375,59.62890625,140.0,196.5546875,175.640625,180.01171875,0.0,0.0,1.5546875,52.080528259277344
none,4,445,1.0,0.0,1.0,1.0,1.0,1.0,30.62109375,66.10546875,60.26171875,57.61328125,136.6328125,196.984375,172.3828125,172.55859375,0.0,0.0,1.62109375,50.98766326904297
none,4,446,1.0,0.0,1.0,1.0,1.0,1.0,30.66796875,67.05078125,60.6796875,58.95703125,136.66015625,198.31640625,174.0703125,177.05859375,0.0,0.0,1.62890625,52.25044250488281
none,4,447,1.0,0.0,1.0,1.0,1.0,1.0,31.1171875,66.26953125,58.53515625,58.9453125,138.94921875,196.83984375,167.8671875,176.7890625,0.0,0.0,1.5546875,51.23807907104492
none,4,448,1.0,0.0,1.0,1.0,1.0,1.0,30.15234375,67.21484375,61.59765625,59.03125,135.41015625,198.72265625,177.109375,176.3671875,0.0,0.0,1.49609375,52.739952087402344
none,4,449,1.0,0.0,1.0,1.0,1.0,1.0,30.2890625,65.53125,60.578125,58.67578125,135.30859375,194.94140625,174.33984375,176.59765625,0.0,0.0,1.59765625,51.588905334472656
none,4,450,1.0,0.0,1.0,1.0,1.0,1.0,30.91015625,65.9765625,59.46484375,59.6875,138.82421875,195.984375,171.4921875,178.984375,0.0,0.0,1.5390625,51.918113708496094
none,4,451,1.0,0.0,1.0,1.0,1.0,1.0,30.41015625,66.46875,60.99609375,58.11328125,137.26171875,196.48828125,174.4609375,173.8671875,0.0,0.0,1.578125,52.0969352722168
none,4,452,1.0,0.0,1.0,1.0,1.0,1.0,30.2265625,66.55859375,61.265625,60.078125,137.125,198.59375,175.7265625,182.2578125,0.0,0.0,1.625,53.03107833862305
none,4,453,1.0,0.0,1.0,1.0,1.0,1.0,30.6015625,66.69140625,61.38671875,59.22265625,138.62890625,196.77734375,176.60546875,177.8359375,0.0,0.0,1.60546875,52.64251708984375
none,4,454,1.0,0.0,1.0,1.0,1.0,1.0,30.73828125,66.69921875,60.4140625,58.64453125,139.37109375,197.8828125,173.29296875,177.2109375,0.0,0.0,1.546875,51.86444091796875
none,4,455,1.0,0.0,1.0,1.0,1.0,1.0,29.6640625,67.15234375,62.03515625,58.140625,134.34765625,200.046875,179.80078125,175.26171875,0.0,0.0,1.484375,52.58770751953125
none,4,456,1.0,0.0,1.0,1.0,1.0,1.0,29.69140625,67.67578125,61.2109375,57.65625,134.5234375,201.23046875,175.8203125,174.625,0.0,0.0,1.5234375,52.32633590698242
none,4,457,1.0,0.0,1.0,1.0,1.0,1.0,30.3046875,65.828125,61.31640625,58.48828125,137.80078125,196.27734375,176.44921875,176.30078125,0.0,0.0,1.65234375,51.96775436401367
none,4,458,1.0,0.0,1.0,1.0,1.0,1.0,29.5703125,66.078125,62.20703125,59.0234375,136.3359375,195.796875,179.7109375,179.16796875,0.0,0.0,1.58203125,52.76970672607422
none,4,459,1.0,0.0,1.0,1.0,1.0,1.0,29.28125,67.6015625,61.80859375,56.765625,134.8359375,200.53125,178.04296875,170.46484375,0.0,0.0,1.5390625,52.39862060546875
none,4,460,1.0,0.0,1.0,1.0,1.0,1.0,29.85546875,67.4296875,61.6640625,58.11328125,137.8984375,199.8515625,177.9609375,174.93359375,0.0,0.0,1.50390625,52.695518493652344
none,4,461,1.0,0.0,1.0,1.0,1.0,1.0,28.58203125,66.6640625,62.1796875,58.08984375,132.171875,198.55078125,179.3984375,174.5546875,0.0,0.0,1.5859375,52.618431091308594
none,4,462,1.0,0.0,1.0,1.0,1.0,1.0,30.16015625,65.66796875,61.12890625,58.9609375,138.4453125,195.921875,176.20703125,178.171875,0.0,0.0,1.6015625,51.835838317871094
none,4,463,1.0,0.0,1.0,1.0,1.0,1.0,29.6796875,65.86328125,61.0703125,59.515625,136.8359375,196.2109375,175.28125,180.8515625,0.0,0.0,1.57421875,52.37425994873047
none,4,464,1.0,0.0,1.0,1.0,1.0,1.0,28.5234375,68.1796875,61.59375,57.26953125,133.33203125,202.796875,176.6484375,173.6875,0.0,0.0,1.484375,52.70379638671875
none,4,465,1.0,0.0,1.0,1.0,1.0,1.0,30.765625,66.28515625,62.6171875,58.6875,139.59375,195.5390625,180.1171875,177.10546875,0.0,0.0,1.59375,52.56920623779297
none,4,466,1.0,0.0,1.0,1.0,1.0,1.0,30.25390625,66.24609375,61.86328125,59.296875,139.60546875,197.21484375,177.4296875,178.24609375,0.0,0.0,1.64453125,52.42827606201172
none,4,467,1.0,0.0,1.0,1.0,1.0,1.0,29.6796875,66.484375,61.625,59.375,137.3359375,196.12109375,175.9140625,179.40625,0.0,0.0,1.5703125,52.662322998046875
none,4,468,1.0,0.0,1.0,1.0,1.0,1.0,29.53515625,66.43359375,62.03515625,60.015625,137.0,195.203125,178.1328125,179.86328125,0.0,0.0,1.6796875,53.3809928894043
none,4,469,1.0,0.0,1.0,1.0,1.0,1.0,28.90625,66.15625,62.5390625,59.66796875,134.1953125,194.5625,178.21875,178.328125,0.0,0.0,1.49609375,53.32275390625
none,4,470,1.0,0.0,1.0,1.0,1.0,1.0,29.890625,66.53515625,62.1171875,59.1015625,138.1953125,194.46484375,177.56640625,176.953125,0.0,0.0,1.62109375,53.20164489746094
none,4,471,1.0,0.0,1.0,1.0,1.0,1.0,29.59375,66.37109375,62.4921875,60.015625,135.85546875,195.66796875,177.45703125,180.328125,0.0,0.0,1.57421875,53.434478759765625
none,4,472,1.0,0.0,1.0,1.0,1.0,1.0,30.5546875,66.56640625,61.5,60.39453125,140.50390625,196.41015625,175.546875,181.25,0.0,0.0,1.38671875,53.057334899902344
none,4,473,1.0,0.0,1.0,1.0,1.0,1.0,30.59375,66.35546875,62.00390625,59.51171875,139.47265625,197.9609375,176.44921875,178.359375,0.0,0.0,1.5234375,52.87137985229492
none,4,474,1.0,0.0,1.0,1.0,1.0,1.0,29.87890625,67.25,62.10546875,60.58984375,139.84375,199.8046875,176.5703125,181.71875,0.0,0.0,1.3046875,54.143428802490234
none,4,475,1.0,0.0,1.0,1.0,1.0,1.0,30.3515625,67.4609375,63.71875,59.89453125,137.69140625,198.6953125,180.78125,178.71484375,0.0,0.0,1.37109375,54.069820404052734
none,4,476,1.0,0.0,1.0,1.0,1.0,1.0,30.0703125,68.33984375,62.62109375,59.43359375,137.1328125,202.51953125,179.578125,176.265625,0.0,0.0,1.3125,54.0474853515625
none,4,477,1.0,0.0,1.0,1.0,1.0,1.0,30.16796875,68.34375,62.72265625,59.10546875,139.00390625,202.02734375,177.71875,176.12109375,0.0,0.0,1.37890625,53.91844940185547
none,4,478,1.0,0.0,1.0,1.0,1.0,1.0,29.88671875,68.30078125,63.34375,59.08203125,136.12109375,200.73828125,179.55078125,174.16015625,0.0,0.0,1.359375,53.90782165527344
none,4,479,1.0,0.0,1.0,1.0,1.0,1.0,30.21875,68.046875,63.1640625,59.953125,138.2578125,199.73828125,178.875,176.8359375,0.0,0.0,1.25,54.22614669799805
none,4,480,1.0,0.0,1.0,1.0,1.0,1.0,29.125,68.22265625,64.30078125,58.6640625,134.66015625,201.78125,182.83984375,174.08984375,0.0,0.0,1.25,54.50385665893555
none,4,481,1.0,0.0,1.0,1.0,1.0,1.0,29.6328125,67.6875,63.9609375,60.578125,137.46484375,201.5625,182.57421875,179.79296875,0.0,0.0,1.29296875,54.46493148803711
none,4,482,1.0,0.0,1.0,1.0,1.0,1.0,29.5703125,69.16015625,62.48046875,59.71484375,137.359375,205.23046875,177.44921875,176.00390625,0.0,0.0,1.28125,54.21177291870117
none,4,483,1.0,0.0,1.0,1.0,1.0,1.0,30.0234375,67.01171875,63.41796875,60.73828125,136.9609375,196.90234375,179.83203125,180.1953125,0.0,0.0,1.33984375,54.231868743896484
none,4,484,1.0,0.0,1.0,1.0,1.0,1.0,30.125,68.3671875,63.140625,59.51171875,139.09375,201.6015625,180.79296875,177.1953125,0.0,0.0,1.16796875,54.1751823425293
none,4,485,1.0,0.0,1.0,1.0,1.0,1.0,29.78515625,67.6171875,64.12890625,60.65625,138.171875,198.95703125,182.85546875,180.19921875,0.0,0.0,1.3125,54.87437438964844
none,4,486,1.0,0.0,1.0,1.0,1.0,1.0,29.26171875,67.66015625,63.91796875,60.69921875,137.24609375,199.18359375,182.1484375,180.09375,0.0,0.0,1.234375,54.69211959838867
none,4,487,1.0,0.0,1.0,1.0,1.0,1.0,29.484375,67.2109375,63.59375,60.16796875,138.5546875,197.80859375,180.34375,179.1015625,0.0,0.0,1.265625,54.1990966796875
none,4,488,1.0,0.0,1.0,1.0,1.0,1.0,29.7890625,68.0546875,63.72265625,60.8828125,138.99609375,200.84375,179.890625,181.35546875,0.0,0.0,1.30078125,54.838157653808594
none,4,489,1.0,0.0,1.0,1.0,1.0,1.0,29.66796875,67.7265625,63.91796875,60.20703125,139.6484375,198.9453125,181.62890625,178.7890625,0.0,0.0,1.328125,54.558746337890625
none,4,490,1.0,0.0,1.0,1.0,1.0,1.0,30.2578125,67.1953125,63.44921875,61.765625,141.0703125,198.01953125,179.46875,181.93359375,0.0,0.0,1.16796875,54.78173828125
none,4,491,1.0,0.0,1.0,1.0,1.0,1.0,28.53125,67.8125,63.53515625,61.48046875,133.1875,199.6484375,180.6015625,182.37890625,0.0,0.0,1.265625,54.9521598815918
none,4,492,1.0,0.0,1.0,1.0,1.0,1.0,29.22265625,66.63671875,64.03125,60.6328125,136.5625,196.45703125,182.203125,179.42578125,0.0,0.0,1.1640625,54.64243698120117
none,4,493,1.0,0.0,1.0,1.0,1.0,1.0,30.33203125,68.8125,63.65234375,62.0078125,139.41796875,201.57421875,180.66015625,182.75,0.0,0.0,1.3125,55.218711853027344
none,4,494,1.0,0.0,1.0,1.0,1.0,1.0,29.84375,68.33984375,64.94921875,62.015625,140.59765625,200.67578125,184.7265625,182.96875,0.0,0.0,1.22265625,56.124916076660156
none,4,495,1.0,0.0,1.0,1.0,1.0,1.0,29.30078125,68.73046875,63.51953125,60.8203125,138.30859375,202.5625,179.7578125,179.84375,0.0,0.0,1.22265625,54.611305236816406
none,4,496,1.0,0.0,1.0,1.0,1.0,1.0,28.4453125,68.5234375,63.76953125,60.50390625,134.546875,202.55078125,180.015625,178.34765625,0.0,0.0,1.19921875,55.13743591308594
none,4,497,1.0,0.0,1.0,1.0,1.0,1.0,29.0625,67.62890625,63.59765625,60.79296875,135.671875,199.33203125,181.7421875,179.1796875,0.0,0.0,1.0703125,54.60038375854492
none,4,498,1.0,0.0,1.0,1.0,1.0,1.0,29.26953125,67.6015625,65.30078125,60.67578125,135.7734375,197.6875,185.703125,179.109375,0.0,0.0,1.2421875,54.749847412109375
none,4,499,1.0,0.0,1.0,1.0,1.0,1.0,28.421875,67.3515625,66.04296875,60.75,131.51953125,197.4453125,187.4140625,178.69921875,0.0,0.0,1.1875,55.784507751464844
none,4,500,1.0,0.0,1.0,1.0,1.0,1.0,28.04296875,68.5703125,64.34375,60.87890625,132.8359375,201.54296875,182.45703125,179.35546875,0.0,0.0,1.23046875,55.453514099121094
none,4,501,1.0,0.0,1.0,1.0,1.0,1.0,27.7734375,67.98046875,65.9296875,60.02734375,129.20703125,197.1484375,185.45703125,176.5234375,0.0,0.0,1.23828125,55.57855987548828
none,4,502,1.0,0.0,1.0,1.0,1.0,1.0,27.16796875,68.17578125,64.73828125,59.37890625,128.4921875,198.9609375,183.49609375,174.76953125,0.0,0.0,1.35546875,54.786277770996094
none,4,503,1.0,0.0,1.0,1.0,1.0,1.0,27.7109375,67.08984375,65.1015625,61.55859375,130.44921875,196.3046875,184.4765625,180.65234375,0.0,0.0,1.23828125,55.638275146484375
none,4,504,1.0,0.0,1.0,1.0,1.0,1.0,27.52734375,68.0546875,66.23046875,60.3984375,127.5,198.91015625,187.30859375,178.8046875,0.0,0.0,1.15234375,55.870269775390625
none,4,505,1.0,0.0,1.0,1.0,1.0,1.0,26.85546875,68.76953125,64.21484375,60.75,123.97265625,200.34375,181.56640625,180.1171875,0.0,0.0,1.24609375,55.504302978515625
none,4,506,1.0,0.0,1.0,1.0,1.0,1.0,28.23046875,67.44921875,65.29296875,60.68359375,131.546875,195.859375,185.1171875,180.03125,0.0,0.0,1.26171875,55.01554870605469
none,4,507,1.0,0.0,1.0,1.0,1.0,1.0,27.0390625,68.875,65.5859375,59.65234375,126.45703125,201.9921875,185.1015625,176.9296875,0.0,0.0,1.2734375,55.900978088378906
none,4,508,1.0,0.0,1.0,1.0,1.0,1.0,26.1640625,69.08203125,65.953125,59.6015625,123.46484375,202.24609375,187.14453125,175.13671875,0.0,0.0,1.2109375,55.83191680908203
none,4,509,1.0,0.0,1.0,1.0,1.0,1.0,25.93359375,68.32421875,65.6875,58.58984375,123.8203125,200.546875,185.90625,173.41796875,0.0,0.0,1.2109375,55.26835632324219
none,4,510,1.0,0.0,1.0,1.0,1.0,1.0,27.1640625,69.234375,63.2890625,59.05859375,128.7109375,204.4921875,179.59765625,175.31640625,0.0,0.0,1.37109375,54.41437911987305
none,4,511,1.0,0.0,1.0,1.0,1.0,1.0,26.7734375,70.859375,65.3359375,59.35546875,126.421875,208.77734375,185.23828125,174.83203125,0.0,0.0,1.33984375,56.221336364746094
none,4,512,1.0,0.0,1.0,1.0,1.0,1.0,26.2578125,69.5859375,65.859375,59.69140625,126.12890625,204.8515625,187.546875,177.20703125,0.0,0.0,1.29296875,55.943145751953125
none,4,513,1.0,0.0,1.0,1.0,1.0,1.0,26.66796875,68.78125,66.86328125,58.09765625,128.04296875,202.7578125,191.0703125,172.0703125,0.0,0.0,1.27734375,55.46239471435547
none,4,514,1.0,0.0,1.0,1.0,1.0,1.0,26.0390625,68.14453125,65.5859375,59.55078125,127.03125,200.6328125,187.30078125,177.64453125,0.0,0.0,1.30859375,55.220603942871094
none,4,515,1.0,0.0,1.0,1.0,1.0,1.0,26.859375,69.48828125,64.27734375,60.98828125,130.2578125,203.21875,184.01171875,182.76953125,0.0,0.0,1.109375,55.80736541748047
none,4,516,1.0,0.0,1.0,1.0,1.0,1.0,27.37109375,68.9296875,66.51953125,62.00390625,130.5234375,204.05859375,190.5625,184.16015625,0.0,0.0,1.06640625,56.803497314453125
none,4,517,1.0,0.0,1.0,1.0,1.0,1.0,26.4453125,70.26953125,67.08203125,59.8046875,129.1015625,207.16015625,189.78125,177.59375,0.0,0.0,0.99609375,56.5557861328125
none,4,518,1.0,0.0,1.0,1.0,1.0,1.0,26.734375,69.57421875,66.37109375,60.078125,129.09375,205.68359375,188.66015625,177.5078125,0.0,0.0,1.09375,56.46975326538086
none,4,519,1.0,0.0,1.0,1.0,1.0,1.0,26.04296875,69.25,67.1015625,60.6015625,127.1015625,205.3203125,190.09375,180.6953125,0.0,0.0,1.16796875,56.675506591796875
none,4,520,1.0,0.0,1.0,1.0,1.0,1.0,27.4296875,71.03515625,65.125,60.7734375,133.58203125,209.58203125,185.8515625,178.9453125,0.0,0.0,1.10546875,56.80451202392578
none,4,521,1.0,0.0,1.0,1.0,1.0,1.0,26.84375,72.46875,64.49609375,59.1171875,131.2421875,213.984375,183.8515625,175.85546875,0.0,0.0,1.11328125,56.727989196777344
none,4,522,1.0,0.0,1.0,1.0,1.0,1.0,26.04296875,69.9765625,65.77734375,60.6640625,126.08984375,206.046875,188.171875,179.1640625,0.0,0.0,1.1328125,56.573455810546875
none,4,523,1.0,0.0,1.0,1.0,1.0,1.0,26.4921875,69.6953125,64.86328125,60.5,129.99609375,206.15234375,184.9609375,178.14453125,0.0,0.0,1.1796875,56.25852966308594
none,4,524,1.0,0.0,1.0,1.0,1.0,1.0,26.8984375,69.80859375,65.38671875,59.7421875,130.69921875,205.859375,185.5546875,177.3671875,0.0,0.0,1.14453125,56.133384704589844
none,4,525,1.0,0.0,1.0,1.0,1.0,1.0,25.91015625,70.7734375,66.10546875,60.35546875,126.9140625,208.66796875,187.015625,179.35546875,0.0,0.0,1.03515625,57.15802001953125
none,4,526,1.0,0.0,1.0,1.0,1.0,1.0,26.3984375,71.11328125,66.75,59.27734375,127.63671875,210.38671875,188.64453125,174.8046875,0.0,0.0,1.15625,57.24885177612305
none,4,527,1.0,0.0,1.0,1.0,1.0,1.0,26.6953125,70.4296875,66.9296875,59.24609375,130.5,208.2578125,189.01171875,174.7421875,0.0,0.0,1.140625,56.93380355834961
none,4,528,1.0,0.0,1.0,1.0,1.0,1.0,27.109375,70.51953125,66.16796875,59.55078125,131.984375,206.31640625,188.0,176.06640625,0.0,0.0,1.22265625,56.64788818359375
none,4,529,1.0,0.0,1.0,1.0,1.0,1.0,25.7265625,69.34765625,65.265625,59.63671875,126.68359375,203.32421875,184.78125,176.84765625,0.0,0.0,1.16015625,56.49468994140625
none,4,530,1.0,0.0,1.0,1.0,1.0,1.0,26.43359375,71.171875,65.6796875,59.73828125,130.265625,209.7890625,185.9453125,175.74609375,0.0,0.0,1.08984375,56.792877197265625
none,4,531,1.0,0.0,1.0,1.0,1.0,1.0,26.5546875,69.984375,66.0078125,60.2265625,129.32421875,205.515625,186.6015625,177.15625,0.0,0.0,1.16015625,56.583465576171875
none,4,532,1.0,0.0,1.0,1.0,1.0,1.0,25.97265625,69.73828125,65.86328125,60.484375,125.9375,203.29296875,186.18359375,177.87890625,0.0,0.0,1.0546875,56.673213958740234
none,4,533,1.0,0.0,1.0,1.0,1.0,1.0,25.77734375,71.72265625,65.8125,59.14453125,126.546875,209.68359375,186.34765625,174.09375,0.0,0.0,1.140625,57.183929443359375
none,4,534,1.0,0.0,1.0,1.0,1.0,1.0,25.1875,71.58984375,67.76953125,60.51171875,123.03515625,208.9296875,191.23046875,176.68359375,0.0,0.0,1.15234375,58.227821350097656
none,4,535,1.0,0.0,1.0,1.0,1.0,1.0,26.1328125,71.51953125,67.7265625,59.19140625,127.44921875,209.26171875,190.890625,173.67578125,0.0,0.0,1.015625,57.346858978271484
none,4,536,1.0,0.0,1.0,1.0,1.0,1.0,25.875,71.06640625,67.15234375,59.51953125,125.53125,207.93359375,189.74609375,174.7109375,0.0,0.0,1.07421875,57.107879638671875
none,4,537,1.0,0.0,1.0,1.0,1.0,1.0,25.734375,71.87109375,66.83203125,60.4296875,126.640625,211.75,188.73046875,177.2421875,0.0,0.0,1.140625,58.232452392578125
none,4,538,1.0,0.0,1.0,1.0,1.0,1.0,26.66015625,70.9375,66.16015625,60.10546875,131.67578125,207.0546875,186.01953125,176.99609375,0.0,0.0,1.1640625,57.029266357421875
none,4,539,1.0,0.0,1.0,1.0,1.0,1.0,26.890625,72.2734375,65.5859375,59.37109375,131.453125,212.1015625,184.6953125,172.671875,0.0,0.0,1.109375,57.157318115234375
none,4,540,1.0,0.0,1.0,1.0,1.0,1.0,25.953125,72.51171875,66.06640625,58.48046875,127.4375,211.94140625,186.55078125,170.26171875,0.0,0.0,0.953125,56.975128173828125
none,4,541,1.0,0.0,1.0,1.0,1.0,1.0,26.640625,72.0859375,65.24609375,60.1171875,131.28515625,211.7265625,183.80078125,177.19140625,0.0,0.0,1.078125,57.04243087768555
none,4,542,1.0,0.0,1.0,1.0,1.0,1.0,26.15625,72.25,65.9375,59.38671875,129.4609375,211.73828125,185.67578125,174.15625,0.0,0.0,1.07421875,56.84931182861328
none,4,543,1.0,0.0,1.0,1.0,1.0,1.0,26.00390625,72.23828125,67.98046875,59.765625,127.99609375,210.85546875,192.375,174.69921875,0.0,0.0,1.03515625,58.062843322753906
none,4,544,1.0,0.0,1.0,1.0,1.0,1.0,26.140625,73.0625,66.50390625,59.91796875,127.8515625,215.0546875,188.01171875,175.69921875,0.0,0.0,1.01171875,58.19220733642578
none,4,545,1.0,0.0,1.0,1.0,1.0,1.0,26.20703125,72.015625,66.54296875,58.65234375,131.5234375,211.20703125,186.36328125,172.40234375,0.0,0.0,1.0390625,57.33944320678711
none,4,546,1.0,0.0,1.0,1.0,1.0,1.0,26.33984375,74.58203125,65.734375,60.00390625,130.45703125,218.828125,184.46484375,175.95703125,0.0,0.0,1.0390625,57.74602508544922
none,4,547,1.0,0.0,1.0,1.0,1.0,1.0,26.76171875,73.59375,66.69921875,59.66796875,132.57421875,215.921875,186.3828125,174.23046875,0.0,0.0,0.94140625,57.78273010253906
none,4,548,1.0,0.0,1.0,1.0,1.0,1.0,25.13671875,74.4296875,66.6484375,58.51953125,125.640625,221.1953125,187.9375,171.58203125,0.0,0.0,0.91015625,57.836570739746094
none,4,549,1.0,0.0,1.0,1.0,1.0,1.0,26.21484375,74.6953125,66.2578125,58.8671875,132.26171875,218.73046875,185.36328125,171.8515625,0.0,0.0,0.96875,58.57892990112305
none,4,550,1.0,0.0,1.0,1.0,1.0,1.0,25.3203125,74.4296875,66.984375,60.0859375,124.81640625,217.0078125,188.44140625,175.7890625,0.0,0.0,1.0546875,59.07939910888672
none,4,551,1.0,0.0,1.0,1.0,1.0,1.0,25.03125,74.0703125,66.953125,58.92578125,126.19140625,216.6953125,187.66796875,171.97265625,0.0,0.0,0.95703125,58.17730712890625
none,4,552,1.0,0.0,1.0,1.0,1.0,1.0,27.0390625,74.41796875,66.91015625,58.91015625,130.5,217.8515625,188.38671875,170.53125,0.0,0.0,0.84765625,57.87754440307617
none,4,553,1.0,0.0,1.0,1.0,1.0,1.0,25.9921875,74.1171875,67.0625,59.42578125,126.56640625,215.0234375,187.03125,172.87109375,0.0,0.0,1.0625,58.23152160644531
none,4,554,1.0,0.0,1.0,1.0,1.0,1.0,25.21875,75.0234375,67.609375,58.1953125,122.02734375,220.12109375,188.51953125,168.55859375,0.0,0.0,0.93359375,58.77435302734375
none,4,555,1.0,0.0,1.0,1.0,1.0,1.0,25.1171875,74.50390625,67.73046875,58.8125,125.37109375,217.8828125,189.78515625,169.203125,0.0,0.0,1.08984375,58.55034637451172
none,4,556,1.0,0.0,1.0,1.0,1.0,1.0,25.61328125,73.3515625,68.14453125,59.5625,124.1328125,213.2265625,188.9765625,171.94921875,0.0,0.0,1.1640625,58.499267578125
none,4,557,1.0,0.0,1.0,1.0,1.0,1.0,25.20703125,75.52734375,66.78515625,58.9921875,122.5546875,220.01171875,187.43359375,170.35546875,0.0,0.0,0.984375,58.8758659362793
none,4,558,1.0,0.0,1.0,1.0,1.0,1.0,25.48828125,74.18359375,67.88671875,57.78515625,125.578125,218.46875,188.953125,167.1328125,0.0,0.0,0.98046875,58.18526840209961
none,4,559,1.0,0.0,1.0,1.0,1.0,1.0,25.08984375,76.05859375,67.0625,57.4375,124.3671875,220.796875,186.3671875,166.1171875,0.0,0.0,1.14453125,58.27961349487305
none,4,560,1.0,0.0,1.0,1.0,1.0,1.0,24.84375,74.09765625,67.64453125,58.375,120.41015625,217.4609375,189.1953125,169.2109375,0.0,0.0,0.94921875,58.49509811401367
none,4,561,1.0,0.0,1.0,1.0,1.0,1.0,25.2734375,73.48046875,67.09375,60.41015625,122.671875,213.125,187.5078125,174.84375,0.0,0.0,1.0625,58.252845764160156
none,4,562,1.0,0.0,1.0,1.0,1.0,1.0,25.5625,73.484375,68.0234375,58.81640625,124.62890625,213.80859375,192.05859375,170.7265625,0.0,0.0,1.0390625,58.70887756347656
none,4,563,1.0,0.0,1.0,1.0,1.0,1.0,25.23828125,73.88671875,67.93359375,57.921875,121.8359375,215.30078125,189.59765625,168.0234375,0.0,0.0,1.01171875,58.06227111816406
none,4,564,1.0,0.0,1.0,1.0,1.0,1.0,25.3828125,73.62890625,67.140625,58.484375,123.1484375,215.70703125,187.18359375,169.203125,0.0,0.0,1.04296875,57.882957458496094
none,4,565,1.0,0.0,1.0,1.0,1.0,1.0,25.09375,74.640625,66.859375,60.0390625,121.55859375,215.85546875,186.578125,173.69921875,0.0,0.0,0.9765625,58.95887756347656
none,4,566,1.0,0.0,1.0,1.0,1.0,1.0,25.1640625,74.140625,67.640625,58.8203125,123.921875,215.0390625,189.5234375,171.26953125,0.0,0.0,1.0859375,58.46451950073242
none,4,567,1.0,0.0,1.0,1.0,1.0,1.0,24.265625,74.08984375,67.7421875,58.171875,120.7109375,216.375,188.41015625,168.87109375,0.0,0.0,1.109375,58.354217529296875
none,4,568,1.0,0.0,1.0,1.0,1.0,1.0,25.6015625,74.3125,66.859375,57.9375,124.12890625,216.1015625,187.484375,168.48046875,0.0,0.0,1.01171875,57.777915954589844
none,4,569,1.0,0.0,1.0,1.0,1.0,1.0,24.90625,74.78125,67.84375,58.15234375,123.96484375,216.5625,189.17578125,170.26171875,0.0,0.0,1.0078125,58.47567367553711
none,4,570,1.0,0.0,1.0,1.0,1.0,1.0,25.05078125,74.59765625,67.34765625,57.8125,123.015625,216.84765625,189.51171875,168.30078125,0.0,0.0,0.9765625,58.04732894897461
none,4,571,1.0,0.0,1.0,1.0,1.0,1.0,24.8828125,73.78125,67.3359375,59.80859375,124.203125,214.078125,188.38671875,175.06640625,0.0,0.0,1.10546875,58.578041076660156
none,4,572,1.0,0.0,1.0,1.0,1.0,1.0,24.765625,73.6796875,68.796875,59.8046875,123.17578125,213.890625,192.5625,173.62109375,0.0,0.0,0.96875,58.91814422607422
none,4,573,1.0,0.0,1.0,1.0,1.0,1.0,24.5859375,73.93359375,68.6328125,58.66796875,122.0,215.359375,192.69140625,171.0546875,0.0,0.0,0.91796875,58.71989059448242
none,4,574,1.0,0.0,1.0,1.0,1.0,1.0,24.203125,73.90625,69.140625,58.62109375,119.65234375,216.51953125,194.109375,171.73828125,0.0,0.0,0.90234375,59.11033248901367
none,4,575,1.0,0.0,1.0,1.0,1.0,1.0,24.78125,73.96484375,68.171875,59.45703125,123.15625,214.46484375,190.953125,171.67578125,0.0,0.0,1.0078125,59.135650634765625
none,4,576,1.0,0.0,1.0,1.0,1.0,1.0,24.921875,73.75,66.7265625,59.51171875,125.375,214.546875,187.34765625,174.2734375,0.0,0.0,1.08984375,58.022056579589844
none,4,577,1.0,0.0,1.0,1.0,1.0,1.0,24.63671875,75.609375,68.1875,58.5703125,122.73828125,221.08203125,191.1796875,170.84375,0.0,0.0,0.99609375,59.29296112060547
none,4,578,1.0,0.0,1.0,1.0,1.0,1.0,25.01171875,73.96875,69.00390625,58.453125,126.59375,214.859375,194.46484375,170.578125,0.0,0.0,1.0390625,58.94651794433594
none,4,579,1.0,0.0,1.0,1.0,1.0,1.0,24.3046875,74.96875,67.47265625,59.33984375,122.3515625,218.921875,189.33984375,171.9140625,0.0,0.0,1.05859375,59.54180145263672
none,4,580,1.0,0.0,1.0,1.0,1.0,1.0,24.6875,74.65234375,67.53125,59.8828125,124.26171875,217.77734375,188.265625,175.3671875,0.0,0.0,0.9453125,59.10313034057617
none,4,581,1.0,0.0,1.0,1.0,1.0,1.0,24.41015625,74.4921875,68.125,60.25390625,124.6015625,215.9765625,190.57421875,174.78515625,0.0,0.0,0.984375,59.3900146484375
none,4,582,1.0,0.0,1.0,1.0,1.0,1.0,24.5625,73.984375,67.359375,60.33984375,123.90234375,214.3359375,188.27734375,176.35546875,0.0,0.0,0.984375,58.851192474365234
none,4,583,1.0,0.0,1.0,1.0,1.0,1.0,24.89453125,74.26171875,67.90234375,60.328125,123.8828125,214.5078125,188.93359375,176.7421875,0.0,0.0,1.06640625,59.415977478027344
none,4,584,1.0,0.0,1.0,1.0,1.0,1.0,24.89453125,74.35546875,68.93359375,60.66015625,123.953125,214.9453125,192.39453125,176.015625,0.0,0.0,1.015625,60.078346252441406
none,4,585,1.0,0.0,1.0,1.0,1.0,1.0,24.71875,75.11328125,69.609375,59.375,123.625,217.5078125,194.40234375,171.46875,0.0,0.0,0.9609375,59.628814697265625
none,4,586,1.0,0.0,1.0,1.0,1.0,1.0,25.2734375,75.07421875,68.26953125,59.5625,125.31640625,217.51953125,191.59375,172.578125,0.0,0.0,0.83203125,59.35068893432617
none,4,587,1.0,0.0,1.0,1.0,1.0,1.0,25.421875,75.38671875,68.203125,59.84765625,126.6484375,219.1796875,190.9140625,174.2578125,0.0,0.0,0.9296875,59.61002731323242
none,4,588,1.0,0.0,1.0,1.0,1.0,1.0,25.0390625,74.3984375,68.57421875,59.7421875,124.8046875,216.1328125,192.4765625,175.5078125,0.0,0.0,0.8984375,59.28474044799805
none,4,589,1.0,0.0,1.0,1.0,1.0,1.0,24.78515625,74.2734375,69.61328125,60.4375,126.7265625,217.09765625,194.609375,176.4609375,0.0,0.0,0.9453125,60.111961364746094
none,4,590,1.0,0.0,1.0,1.0,1.0,1.0,25.1875,74.11328125,70.03125,60.6796875,125.8828125,214.72265625,194.05859375,177.18359375,0.0,0.0,0.9140625,60.08313751220703
none,4,591,1.0,0.0,1.0,1.0,1.0,1.0,25.48046875,74.265625,69.72265625,61.4765625,129.75390625,214.87890625,193.55859375,179.28515625,0.0,0.0,0.953125,60.657527923583984
none,4,592,1.0,0.0,1.0,1.0,1.0,1.0,25.24609375,75.3828125,68.41796875,60.8984375,126.74609375,217.734375,190.875,178.02734375,0.0,0.0,0.921875,59.75339889526367
none,4,593,1.0,0.0,1.0,1.0,1.0,1.0,25.734375,74.6015625,67.61328125,61.0078125,129.54296875,216.02734375,189.03515625,179.16796875,0.0,0.0,0.88671875,59.6851921081543
none,4,594,1.0,0.0,1.0,1.0,1.0,1.0,25.5078125,74.921875,68.85546875,60.5703125,129.41796875,217.046875,192.51953125,176.20703125,0.0,0.0,0.9140625,59.85819625854492
none,4,595,1.0,0.0,1.0,1.0,1.0,1.0,24.58984375,75.71875,68.70703125,59.2109375,124.0703125,220.6171875,192.30859375,173.40234375,0.0,0.0,0.8828125,59.832489013671875
none,4,596,1.0,0.0,1.0,1.0,1.0,1.0,25.140625,75.59765625,68.41796875,60.04296875,127.65625,218.7890625,191.09375,174.359375,0.0,0.0,0.9375,59.840049743652344
none,4,597,1.0,0.0,1.0,1.0,1.0,1.0,24.37109375,75.625,69.35546875,59.7109375,124.6796875,221.03515625,192.03125,175.6328125,0.0,0.0,0.8828125,60.15916061401367
none,4,598,1.0,0.0,1.0,1.0,1.0,1.0,24.16015625,75.4765625,69.37890625,58.83984375,127.3359375,220.05859375,193.625,171.12890625,0.0,0.0,0.92578125,60.07611846923828
none,4,599,1.0,0.0,1.0,1.0,1.0,1.0,24.5859375,74.703125,69.40625,60.125,127.29296875,216.93359375,194.625,175.33203125,0.0,0.0,0.84765625,60.23463439941406
none,4,600,1.0,0.0,1.0,1.0,1.0,1.0,24.5234375,75.5078125,69.359375,61.140625,127.00390625,218.625,193.6171875,177.96875,0.0,0.0,0.94921875,61.07959747314453
none,4,601,1.0,0.0,1.0,1.0,1.0,1.0,24.64453125,75.546875,69.4453125,59.15625,126.6328125,220.93359375,193.5390625,172.58984375,0.0,0.0,0.89453125,60.33102035522461
none,4,602,1.0,0.0,1.0,1.0,1.0,1.0,24.25,76.54296875,69.66015625,60.1328125,125.2421875,222.51953125,196.08203125,175.19921875,0.0,0.0,1.01171875,61.04335021972656
none,4,603,1.0,0.0,1.0,1.0,1.0,1.0,24.9765625,75.81640625,68.3515625,59.85546875,127.77734375,220.19921875,190.17578125,174.31640625,0.0,0.0,0.99609375,59.795921325683594
none,4,604,1.0,0.0,1.0,1.0,1.0,1.0,25.29296875,76.29296875,70.6953125,59.01171875,127.27734375,222.71875,198.59765625,171.88671875,0.0,0.0,0.97265625,60.84609603881836
none,4,605,1.0,0.0,1.0,1.0,1.0,1.0,24.796875,76.22265625,68.02734375,60.03515625,131.13671875,222.18359375,189.61328125,174.0390625,0.0,0.0,0.87109375,60.32001876831055
none,4,606,1.0,0.0,1.0,1.0,1.0,1.0,25.28125,75.76171875,69.4140625,60.46875,129.90625,220.4375,194.47265625,176.4296875,0.0,0.0,0.9375,60.40089416503906
none,4,607,1.0,0.0,1.0,1.0,1.0,1.0,24.56640625,76.5234375,70.09375,59.8828125,125.91796875,222.0546875,194.77734375,174.54296875,0.0,0.0,0.89453125,61.45811462402344
none,4,608,1.0,0.0,1.0,1.0,1.0,1.0,24.78515625,75.94140625,69.0546875,60.96484375,126.89453125,221.5078125,193.296875,177.99609375,0.0,0.0,0.8359375,60.90582275390625
none,4,609,1.0,0.0,1.0,1.0,1.0,1.0,24.40625,75.328125,69.2109375,60.4921875,125.6171875,220.6328125,193.0,175.4453125,0.0,0.0,0.87890625,60.591400146484375
none,4,610,1.0,0.0,1.0,1.0,1.0,1.0,24.59375,75.63671875,68.703125,60.91015625,128.10546875,220.859375,191.81640625,176.9609375,0.0,0.0,0.81640625,60.64082336425781
none,4,611,1.0,0.0,1.0,1.0,1.0,1.0,24.28515625,76.27734375,68.58984375,60.765625,125.6171875,222.09375,191.35546875,176.95703125,0.0,0.0,0.8515625,60.47136688232422
none,4,612,1.0,0.0,1.0,1.0,1.0,1.0,24.71875,75.19921875,69.390625,60.484375,126.8515625,219.421875,194.11328125,177.10546875,0.0,0.0,0.82421875,60.770355224609375
none,4,613,1.0,0.0,1.0,1.0,1.0,1.0,24.55859375,76.65625,69.4140625,60.31640625,127.46484375,224.5390625,194.1953125,176.27734375,0.0,0.0,0.83203125,60.94379806518555
none,4,614,1.0,0.0,1.0,1.0,1.0,1.0,25.62890625,76.28125,68.90625,61.5859375,132.51953125,222.24609375,192.390625,179.80078125,0.0,0.0,0.94921875,60.91288375854492
none,4,615,1.0,0.0,1.0,1.0,1.0,1.0,24.81640625,75.0546875,69.3203125,60.76171875,130.64453125,218.58203125,194.265625,178.40234375,0.0,0.0,0.765625,60.5185661315918
none,4,616,1.0,0.0,1.0,1.0,1.0,1.0,25.16015625,76.55859375,70.01171875,61.11328125,128.265625,222.66796875,195.109375,179.65234375,0.0,0.0,0.765625,61.0876579284668
none,4,617,1.0,0.0,1.0,1.0,1.0,1.0,25.37890625,75.52734375,70.11328125,60.4140625,128.38671875,221.56640625,195.4296875,177.5078125,0.0,0.0,0.91015625,60.848609924316406
none,4,618,1.0,0.0,1.0,1.0,1.0,1.0,25.15234375,75.41796875,69.9375,62.26953125,127.8984375,218.578125,194.71484375,181.33984375,0.0,0.0,0.9140625,60.959014892578125
none,4,619,1.0,0.0,1.0,1.0,1.0,1.0,24.4140625,76.68359375,70.1953125,61.171875,126.0546875,224.46484375,196.58984375,177.3203125,0.0,0.0,0.7265625,61.87604522705078
none,4,620,1.0,0.0,1.0,1.0,1.0,1.0,25.23046875,75.97265625,69.6796875,60.69140625,128.7578125,220.58203125,195.48046875,177.13671875,0.0,0.0,0.83984375,60.807830810546875
none,4,621,1.0,0.0,1.0,1.0,1.0,1.0,24.765625,77.00390625,69.65625,60.3671875,127.64453125,225.9140625,194.03125,175.734375,0.0,0.0,0.8046875,60.84790802001953
none,4,622,1.0,0.0,1.0,1.0,1.0,1.0,24.375,77.09765625,69.9140625,61.9140625,125.765625,223.89453125,193.6484375,179.9921875,0.0,0.0,0.8828125,62.18986129760742
none,4,623,1.0,0.0,1.0,1.0,1.0,1.0,24.52734375,76.52734375,70.19140625,60.12109375,125.46484375,223.05078125,194.0546875,174.4921875,0.0,0.0,0.86328125,60.760169982910156
none,4,624,1.0,0.0,1.0,1.0,1.0,1.0,24.66796875,78.09765625,69.86328125,59.76171875,127.3828125,227.3203125,194.01953125,173.7265625,0.0,0.0,0.70703125,61.47339630126953
none,4,625,1.0,0.0,1.0,1.0,1.0,1.0,24.62890625,76.703125,70.29296875,61.2578125,128.36328125,222.11328125,195.3515625,177.671875,0.0,0.0,0.75,61.535003662109375
none,4,626,1.0,0.0,1.0,1.0,1.0,1.0,25.26171875,76.84375,69.3359375,60.26171875,129.7265625,225.109375,192.75,174.81640625,0.0,0.0,0.84765625,60.527931213378906
none,4,627,1.0,0.0,1.0,1.0,1.0,1.0,24.9453125,77.74609375,68.828125,60.90625,129.45703125,225.94921875,191.1796875,178.00390625,0.0,0.0,0.8984375,61.32275390625
none,4,628,1.0,0.0,1.0,1.0,1.0,1.0,25.1875,74.9375,69.609375,62.359375,130.2578125,218.34765625,194.5859375,182.41015625,0.0,0.0,0.984375,60.657142639160156
none,4,629,1.0,0.0,1.0,1.0,1.0,1.0,25.1640625,76.88671875,70.9375,61.140625,130.75390625,224.0,197.08984375,177.99609375,0.0,0.0,0.87890625,61.82696533203125
none,4,630,1.0,0.0,1.0,1.0,1.0,1.0,25.0,77.05078125,69.390625,61.98828125,130.1875,224.36328125,192.17578125,180.79296875,0.0,0.0,0.85546875,62.157127380371094
none,4,631,1.0,0.0,1.0,1.0,1.0,1.0,25.4453125,76.4609375,70.48046875,61.34765625,133.40625,221.60546875,195.79296875,179.28125,0.0,0.0,0.83203125,61.28397750854492
none,4,632,1.0,0.0,1.0,1.0,1.0,1.0,25.62890625,76.546875,70.31640625,61.19140625,131.94921875,221.125,196.03125,177.1640625,0.0,0.0,0.85546875,61.589393615722656
none,4,633,1.0,0.0,1.0,1.0,1.0,1.0,25.25390625,75.9765625,70.27734375,62.0703125,131.4375,217.57421875,194.19921875,181.10546875,0.0,0.0,0.8515625,61.47985076904297
none,4,634,1.0,0.0,1.0,1.0,1.0,1.0,24.3359375,75.4140625,72.421875,61.3203125,127.3671875,217.04296875,201.390625,177.6875,0.0,0.0,0.8515625,62.166587829589844
none,4,635,1.0,0.0,1.0,1.0,1.0,1.0,25.1640625,75.82421875,70.52734375,61.265625,131.13671875,218.74609375,195.0078125,178.02734375,0.0,0.0,0.8828125,61.475372314453125
none,4,636,1.0,0.0,1.0,1.0,1.0,1.0,25.43359375,77.046875,71.1796875,61.52734375,131.7265625,221.5703125,197.3515625,178.38671875,0.0,0.0,0.84375,62.16851043701172
none,4,637,1.0,0.0,1.0,1.0,1.0,1.0,25.60546875,76.71875,70.4296875,60.9453125,134.44921875,221.40625,194.9296875,175.79296875,0.0,0.0,0.8359375,61.596405029296875
none,4,638,1.0,0.0,1.0,1.0,1.0,1.0,25.85546875,74.80859375,70.1015625,63.35546875,133.7734375,214.52734375,192.65234375,182.21875,0.0,0.0,0.78515625,61.512718200683594
none,4,639,1.0,0.0,1.0,1.0,1.0,1.0,24.95703125,77.1953125,70.73046875,62.41796875,128.9140625,219.5,196.0546875,181.546875,0.0,0.0,0.8203125,62.46666717529297
none,4,640,1.0,0.0,1.0,1.0,1.0,1.0,25.15625,76.3125,71.09375,61.140625,132.10546875,219.15234375,196.53515625,177.21875,0.0,0.0,0.8671875,61.92827606201172
none,4,641,1.0,0.0,1.0,1.0,1.0,1.0,25.7109375,76.0234375,71.15234375,62.859375,134.66796875,216.87109375,194.91796875,182.2578125,0.0,0.0,0.78515625,62.70061492919922
none,4,642,1.0,0.0,1.0,1.0,1.0,1.0,26.46484375,75.07421875,70.88671875,64.4453125,139.43359375,213.828125,193.9375,185.66796875,0.0,0.0,0.8046875,62.18566131591797
none,4,643,1.0,0.0,1.0,1.0,1.0,1.0,25.96875,75.31640625,71.11328125,63.16796875,134.63671875,214.1953125,196.30859375,183.97265625,0.0,0.0,0.83984375,61.8651237487793
none,4,644,1.0,0.0,1.0,1.0,1.0,1.0,25.875,74.9375,71.640625,64.734375,133.78125,213.32421875,197.98828125,187.109375,0.0,0.0,0.78515625,62.43916320800781
none,4,645,1.0,0.0,1.0,1.0,1.0,1.0,25.3203125,75.12890625,72.12109375,64.37109375,132.94921875,214.06640625,198.33203125,186.90234375,0.0,0.0,0.796875,62.951568603515625
none,4,646,1.0,0.0,1.0,1.0,1.0,1.0,25.0859375,75.171875,70.63671875,63.19921875,132.671875,214.40625,195.109375,183.5546875,0.0,0.0,0.88671875,61.95530319213867
none,4,647,1.0,0.0,1.0,1.0,1.0,1.0,24.8203125,74.0078125,72.546875,64.0546875,130.59765625,211.71484375,199.53515625,185.890625,0.0,0.0,0.7890625,62.5958251953125
none,4,648,1.0,0.0,1.0,1.0,1.0,1.0,24.953125,74.36328125,71.42578125,64.02734375,130.2421875,211.5546875,196.703125,186.1875,0.0,0.0,0.71484375,61.842552185058594
none,4,649,1.0,0.0,1.0,1.0,1.0,1.0,25.04296875,73.16796875,72.51171875,66.1015625,130.49609375,209.44921875,200.3671875,191.55859375,0.0,0.0,0.7578125,62.75823974609375
none,4,650,1.0,0.0,1.0,1.0,1.0,1.0,24.3125,74.09375,71.83203125,64.703125,128.109375,210.4375,199.08984375,187.0625,0.0,0.0,0.79296875,62.2479362487793
none,4,651,1.0,0.0,1.0,1.0,1.0,1.0,24.6640625,74.51953125,71.953125,63.94921875,129.17578125,212.79296875,198.88671875,185.2890625,0.0,0.0,0.78125,62.56317138671875
none,4,652,1.0,0.0,1.0,1.0,1.0,1.0,24.89453125,74.47265625,73.34765625,64.0625,130.5390625,212.625,202.51953125,185.671875,0.0,0.0,0.82421875,62.56892013549805
none,4,653,1.0,0.0,1.0,1.0,1.0,1.0,24.37890625,75.203125,72.1796875,63.58984375,126.0703125,213.94140625,198.9453125,183.60546875,0.0,0.0,0.80078125,63.2215690612793
none,4,654,1.0,0.0,1.0,1.0,1.0,1.0,24.26171875,73.75390625,72.07421875,65.22265625,128.16015625,211.3125,198.9921875,188.15625,0.0,0.0,0.8046875,62.874202728271484
none,4,655,1.0,0.0,1.0,1.0,1.0,1.0,24.65234375,74.27734375,71.7890625,64.0390625,128.8359375,213.26171875,198.36328125,185.11328125,0.0,0.0,0.67578125,62.150001525878906
none,4,656,1.0,0.0,1.0,1.0,1.0,1.0,25.3515625,74.32421875,71.21875,64.48046875,132.19921875,211.796875,195.9609375,186.25,0.0,0.0,0.8671875,62.101646423339844
none,4,657,1.0,0.0,1.0,1.0,1.0,1.0,24.38671875,76.03125,72.47265625,63.171875,128.15625,216.765625,200.703125,182.1796875,0.0,0.0,0.8359375,62.95604705810547
none,4,658,1.0,0.0,1.0,1.0,1.0,1.0,23.859375,74.546875,71.89453125,65.2578125,125.74609375,213.4765625,199.53515625,189.84375,0.0,0.0,0.82421875,62.812843322753906
none,4,659,1.0,0.0,1.0,1.0,1.0,1.0,24.5625,76.65625,72.33984375,62.93359375,130.55078125,220.20703125,198.66796875,182.171875,0.0,0.0,0.80859375,63.4547119140625
none,4,660,1.0,0.0,1.0,1.0,1.0,1.0,24.3671875,73.17578125,72.5546875,66.578125,129.31640625,208.47265625,200.58203125,192.9609375,0.0,0.0,0.84765625,63.185203552246094
none,4,661,1.0,0.0,1.0,1.0,1.0,1.0,24.21875,75.8125,72.95703125,64.3125,128.890625,215.2265625,201.4765625,186.72265625,0.0,0.0,0.85546875,63.7633056640625
none,4,662,1.0,0.0,1.0,1.0,1.0,1.0,24.4921875,75.01953125,72.74609375,63.29296875,129.01171875,215.58203125,201.265625,183.24609375,0.0,0.0,0.85546875,62.7437744140625
none,4,663,1.0,0.0,1.0,1.0,1.0,1.0,24.57421875,75.515625,71.84375,63.6953125,129.21484375,218.98046875,198.09765625,184.375,0.0,0.0,0.8203125,62.787532806396484
none,4,664,1.0,0.0,1.0,1.0,1.0,1.0,24.84375,75.953125,71.296875,64.8359375,130.5546875,220.0703125,195.125,187.9296875,0.0,0.0,0.8515625,63.33572006225586
none,4,665,1.0,0.0,1.0,1.0,1.0,1.0,24.19921875,75.8828125,71.2421875,64.15234375,129.87890625,219.5390625,196.4375,184.1484375,0.0,0.0,0.89453125,62.44027328491211
none,4,666,1.0,0.0,1.0,1.0,1.0,1.0,24.765625,77.4375,71.13671875,63.2578125,129.57421875,221.1484375,196.58984375,181.578125,0.0,0.0,0.91015625,63.1053466796875
none,4,667,1.0,0.0,1.0,1.0,1.0,1.0,24.3828125,76.40234375,73.10546875,62.27734375,127.6640625,218.91796875,201.8984375,179.7890625,0.0,0.0,0.8671875,62.826438903808594
none,4,668,1.0,0.0,1.0,1.0,1.0,1.0,24.80859375,74.93359375,71.3984375,63.9921875,132.55078125,215.203125,196.88671875,185.85546875,0.0,0.0,0.859375,62.65826416015625
none,4,669,1.0,0.0,1.0,1.0,1.0,1.0,24.453125,75.36328125,72.0234375,64.54296875,131.87890625,218.18359375,198.59375,187.6328125,0.0,0.0,0.90625,62.8253288269043
none,4,670,1.0,0.0,1.0,1.0,1.0,1.0,24.1953125,73.859375,71.625,64.90234375,130.88671875,213.2890625,198.4453125,190.1015625,0.0,0.0,0.90625,62.44508361816406
none,4,671,1.0,0.0,1.0,1.0,1.0,1.0,24.85546875,74.61328125,71.953125,65.20703125,131.21875,216.24609375,200.30859375,188.2421875,0.0,0.0,0.875,62.54926681518555
none,4,672,1.0,0.0,1.0,1.0,1.0,1.0,24.7890625,74.24609375,73.02734375,65.5625,132.12890625,213.5390625,201.359375,189.1953125,0.0,0.0,0.87109375,63.20136642456055
none,4,673,1.0,0.0,1.0,1.0,1.0,1.0,24.36328125,75.6640625,71.5625,63.43359375,129.63671875,218.91796875,198.53125,183.6640625,0.0,0.0,0.8671875,62.42118835449219
none,4,674,1.0,0.0,1.0,1.0,1.0,1.0,24.4765625,76.89453125,71.65625,62.90234375,130.4609375,222.25,197.6015625,182.2578125,0.0,0.0,0.91015625,63.24741744995117
none,4,675,1.0,0.0,1.0,1.0,1.0,1.0,25.0078125,76.05078125,72.2109375,63.66015625,132.1484375,219.640625,199.609375,182.76953125,0.0,0.0,0.84765625,63.1809196472168
none,4,676,1.0,0.0,1.0,1.0,1.0,1.0,24.08984375,77.09765625,73.05078125,62.37109375,128.515625,222.421875,201.96875,178.96875,0.0,0.0,0.8828125,63.1370964050293
none,4,677,1.0,0.0,1.0,1.0,1.0,1.0,24.30859375,76.17578125,72.66015625,61.609375,129.0546875,220.08203125,199.34375,177.32421875,0.0,0.0,0.87890625,62.92584228515625
none,4,678,1.0,0.0,1.0,1.0,1.0,1.0,24.0703125,77.16796875,73.66796875,62.7578125,127.96484375,223.0859375,201.40625,180.265625,0.0,0.0,0.78125,63.81390380859375
none,4,679,1.0,0.0,1.0,1.0,1.0,1.0,24.59375,76.5703125,73.4921875,62.98828125,131.79296875,220.7265625,202.28515625,181.3984375,0.0,0.0,0.765625,63.14888000488281
none,4,680,1.0,0.0,1.0,1.0,1.0,1.0,23.6796875,76.56640625,73.91015625,62.89453125,126.41796875,221.1875,202.96484375,180.40625,0.0,0.0,0.828125,63.804298400878906
none,4,681,1.0,0.0,1.0,1.0,1.0,1.0,23.80859375,75.7890625,74.12890625,63.76171875,128.33984375,216.7421875,203.3125,183.1875,0.0,0.0,0.72265625,63.95209884643555
none,4,682,1.0,0.0,1.0,1.0,1.0,1.0,24.0234375,76.9140625,73.1953125,63.96875,128.28125,220.81640625,201.5859375,183.57421875,0.0,0.0,0.73828125,64.27253723144531
none,4,683,1.0,0.0,1.0,1.0,1.0,1.0,23.97265625,76.83984375,73.67578125,63.7421875,128.37109375,220.26953125,201.68359375,183.37109375,0.0,0.0,0.7734375,64.39402770996094
none,4,684,1.0,0.0,1.0,1.0,1.0,1.0,24.37890625,76.6484375,74.03515625,63.96484375,130.09375,219.2734375,202.5078125,185.21484375,0.0,0.0,0.78125,64.33966064453125
none,4,685,1.0,0.0,1.0,1.0,1.0,1.0,24.40234375,74.8359375,73.921875,65.40625,131.6640625,215.0,202.54296875,190.9140625,0.0,0.0,0.80078125,63.54363250732422
none,4,686,1.0,0.0,1.0,1.0,1.0,1.0,24.99609375,75.15625,73.484375,64.23828125,134.0078125,216.83984375,201.1328125,186.5390625,0.0,0.0,0.72265625,63.239070892333984
none,4,687,1.0,0.0,1.0,1.0,1.0,1.0,24.43359375,76.4296875,73.58203125,64.33984375,131.90625,219.64453125,203.65234375,187.42578125,0.0,0.0,0.81640625,64.32489013671875
none,4,688,1.0,0.0,1.0,1.0,1.0,1.0,24.734375,76.66015625,73.6640625,64.0625,135.45703125,219.94921875,202.9296875,185.40625,0.0,0.0,0.73046875,63.8416862487793
none,4,689,1.0,0.0,1.0,1.0,1.0,1.0,24.4296875,76.5390625,73.62890625,63.24609375,132.9765625,218.60546875,202.48046875,184.5859375,0.0,0.0,0.71484375,64.15632629394531
none,4,690,1.0,0.0,1.0,1.0,1.0,1.0,23.4453125,76.63671875,75.40625,62.984375,126.734375,220.5390625,208.44140625,183.23046875,0.0,0.0,0.7578125,64.51692199707031
none,4,691,1.0,0.0,1.0,1.0,1.0,1.0,24.58203125,77.0234375,75.2734375,63.1953125,132.98828125,219.75390625,207.33984375,182.59375,0.0,0.0,0.70703125,64.4652328491211
none,4,692,1.0,0.0,1.0,1.0,1.0,1.0,23.6953125,76.1640625,74.80078125,63.9296875,129.86328125,220.046875,206.21875,185.046875,0.0,0.0,0.69140625,64.82299041748047
none,4,693,1.0,0.0,1.0,1.0,1.0,1.0,24.2890625,75.83984375,73.23046875,64.19140625,132.35546875,218.83203125,202.41015625,186.70703125,0.0,0.0,0.8359375,63.830833435058594
none,4,694,1.0,0.0,1.0,1.0,1.0,1.0,24.76953125,76.75,72.8125,65.2890625,132.26953125,218.92578125,198.98828125,189.7265625,0.0,0.0,0.71484375,64.26278686523438
none,4,695,1.0,0.0,1.0,1.0,1.0,1.0,23.89453125,76.9453125,74.18359375,63.51953125,129.57421875,221.67578125,203.203125,183.09375,0.0,0.0,0.86328125,64.45960998535156
none,4,696,1.0,0.0,1.0,1.0,1.0,1.0,23.6171875,75.734375,74.15234375,65.0390625,127.48828125,216.3046875,202.859375,188.2734375,0.0,0.0,0.7421875,64.40383911132812
none,4,697,1.0,0.0,1.0,1.0,1.0,1.0,24.18359375,76.984375,75.421875,63.390625,131.625,220.17578125,205.62890625,184.09765625,0.0,0.0,0.87890625,65.05712890625
none,4,698,1.0,0.0,1.0,1.0,1.0,1.0,23.515625,76.4921875,74.5078125,64.6171875,127.34375,219.21484375,205.4140625,187.25,0.0,0.0,0.8125,64.66342163085938
none,4,699,1.0,0.0,1.0,1.0,1.0,1.0,23.51171875,76.30078125,74.7734375,64.0,126.0234375,219.12109375,205.453125,182.82421875,0.0,0.0,0.73828125,64.51165008544922
none,4,700,1.0,0.0,1.0,1.0,1.0,1.0,23.1171875,78.13671875,75.41015625,62.8359375,122.875,224.38671875,206.62890625,180.08984375,0.0,0.0,0.7578125,65.17945861816406
none,4,701,1.0,0.0,1.0,1.0,1.0,1.0,24.390625,76.9453125,74.62109375,63.99609375,130.74609375,218.796875,204.90625,183.6484375,0.0,0.0,0.7109375,64.71398162841797
none,4,702,1.0,0.0,1.0,1.0,1.0,1.0,23.1953125,76.96875,74.48828125,63.34375,125.2578125,219.796875,203.0,181.3125,0.0,0.0,0.75,64.76460266113281
none,4,703,1.0,0.0,1.0,1.0,1.0,1.0,22.90234375,78.72265625,73.30078125,62.51171875,126.09765625,226.2890625,201.09765625,179.609375,0.0,0.0,0.70703125,64.73066711425781
none,4,704,1.0,0.0,1.0,1.0,1.0,1.0,22.09375,78.3125,73.34765625,62.94921875,120.62890625,224.35546875,201.69140625,183.125,0.0,0.0,0.76953125,64.26007080078125
none,4,705,1.0,0.0,1.0,1.0,1.0,1.0,23.265625,78.5546875,74.8828125,62.9921875,127.1640625,226.734375,204.73046875,182.23046875,0.0,0.0,0.75390625,64.66666412353516
none,4,706,1.0,0.0,1.0,1.0,1.0,1.0,23.23046875,76.91015625,76.84765625,63.86328125,127.92578125,220.71875,209.62109375,185.3984375,0.0,0.0,0.79296875,65.26783752441406
none,4,707,1.0,0.0,1.0,1.0,1.0,1.0,23.3984375,75.19921875,76.62109375,65.31640625,130.8125,216.97265625,210.10546875,190.6328125,0.0,0.0,0.6875,65.33877563476562
none,4,708,1.0,0.0,1.0,1.0,1.0,1.0,22.8203125,77.296875,74.6640625,63.8515625,126.62109375,222.78125,205.80859375,188.828125,0.0,0.0,0.8125,64.4033432006836
none,4,709,1.0,0.0,1.0,1.0,1.0,1.0,22.47265625,77.26953125,76.1015625,63.41796875,126.03515625,222.265625,211.19921875,185.46484375,0.0,0.0,0.7578125,65.26596069335938
none,4,710,1.0,0.0,1.0,1.0,1.0,1.0,23.09765625,77.65625,76.51171875,63.703125,128.62109375,223.54296875,210.890625,186.66796875,0.0,0.0,0.70703125,65.50559997558594
none,4,711,1.0,0.0,1.0,1.0,1.0,1.0,24.078125,77.55859375,75.125,64.078125,133.1640625,221.8515625,205.23046875,186.046875,0.0,0.0,0.7890625,64.97209930419922
none,4,712,1.0,0.0,1.0,1.0,1.0,1.0,22.67578125,78.10546875,73.8046875,63.1953125,127.03515625,224.6953125,202.12109375,182.97265625,0.0,0.0,0.6875,64.63124084472656
none,4,713,1.0,0.0,1.0,1.0,1.0,1.0,24.06640625,78.8359375,74.94921875,64.1484375,129.453125,224.8984375,204.4375,186.796875,0.0,0.0,0.88671875,65.22061157226562
none,4,714,1.0,0.0,1.0,1.0,1.0,1.0,23.5703125,78.1328125,76.1953125,64.10546875,130.12109375,222.5546875,207.22265625,184.45703125,0.0,0.0,0.76171875,65.46343994140625
none,4,715,1.0,0.0,1.0,1.0,1.0,1.0,23.83203125,79.296875,74.43359375,63.44140625,128.52734375,225.54296875,202.8671875,183.3359375,0.0,0.0,0.765625,65.86848449707031
none,4,716,1.0,0.0,1.0,1.0,1.0,1.0,23.22265625,77.8828125,75.05859375,63.1171875,129.74609375,221.72265625,203.59375,181.79296875,0.0,0.0,0.7109375,65.10816955566406
none,4,717,1.0,0.0,1.0,1.0,1.0,1.0,23.71875,79.86328125,75.87890625,62.96484375,127.046875,228.5234375,206.5078125,179.27734375,0.0,0.0,0.67578125,65.93749237060547
none,4,718,1.0,0.0,1.0,1.0,1.0,1.0,22.6796875,77.9375,75.92578125,62.69140625,125.30078125,222.98828125,207.5546875,180.24609375,0.0,0.0,0.65625,65.53754425048828
none,4,719,1.0,0.0,1.0,1.0,1.0,1.0,22.921875,79.828125,75.06640625,61.81640625,127.08203125,228.86328125,205.1171875,176.71484375,0.0,0.0,0.7421875,65.6739273071289
none,4,720,1.0,0.0,1.0,1.0,1.0,1.0,24.0078125,79.09765625,74.2578125,62.8984375,130.984375,226.1953125,201.9296875,180.42578125,0.0,0.0,0.7578125,64.66091918945312
none,4,721,1.0,0.0,1.0,1.0,1.0,1.0,22.5234375,80.3671875,75.25390625,61.79296875,123.58984375,230.15234375,204.87109375,176.23046875,0.0,0.0,0.734375,65.57459259033203
none,4,722,1.0,0.0,1.0,1.0,1.0,1.0,23.19921875,79.55078125,75.26953125,62.421875,128.0234375,227.62890625,203.53125,177.98046875,0.0,0.0,0.67578125,65.47966003417969
none,4,723,1.0,0.0,1.0,1.0,1.0,1.0,23.26171875,79.26953125,74.921875,62.78515625,125.46875,227.73046875,203.0625,181.73828125,0.0,0.0,0.7109375,65.38807678222656
none,4,724,1.0,0.0,1.0,1.0,1.0,1.0,22.90234375,78.28515625,75.7734375,63.50390625,126.25390625,224.9921875,206.3359375,182.875,0.0,0.0,0.6953125,65.50160217285156
none,4,725,1.0,0.0,1.0,1.0,1.0,1.0,23.15234375,78.1328125,75.921875,64.84765625,126.26171875,223.12890625,207.48828125,188.24609375,0.0,0.0,0.72265625,66.08537292480469
none,4,726,1.0,0.0,1.0,1.0,1.0,1.0,22.3125,78.3828125,76.19921875,63.45703125,123.09765625,225.27734375,208.3984375,182.6796875,0.0,0.0,0.7109375,66.20693969726562
none,4,727,1.0,0.0,1.0,1.0,1.0,1.0,23.2734375,79.703125,74.8125,64.88671875,127.64453125,226.12109375,204.40234375,189.98046875,0.0,0.0,0.6015625,66.250732421875
none,4,728,1.0,0.0,1.0,1.0,1.0,1.0,23.31640625,77.2890625,74.8828125,65.43359375,129.1953125,219.9609375,204.76953125,189.7734375,0.0,0.0,0.609375,65.68199920654297
none,4,729,1.0,0.0,1.0,1.0,1.0,1.0,22.65625,79.9453125,75.2265625,63.953125,126.97265625,227.83203125,206.16015625,185.921875,0.0,0.0,0.81640625,66.18417358398438
none,4,730,1.0,0.0,1.0,1.0,1.0,1.0,22.49609375,78.84765625,74.77734375,62.91796875,124.765625,226.37109375,204.19921875,183.59765625,0.0,0.0,0.76171875,64.82859802246094
none,4,731,1.0,0.0,1.0,1.0,1.0,1.0,23.203125,79.4921875,75.8046875,63.43359375,126.02734375,225.76953125,207.1484375,183.7578125,0.0,0.0,0.6015625,66.26256561279297
none,4,732,1.0,0.0,1.0,1.0,1.0,1.0,22.84765625,79.03515625,76.10546875,62.609375,127.546875,225.75,208.20703125,182.53125,0.0,0.0,0.6171875,65.24586486816406
none,4,733,1.0,0.0,1.0,1.0,1.0,1.0,23.1328125,80.12890625,75.01171875,63.87109375,125.3828125,227.70703125,204.42578125,185.51171875,0.0,0.0,0.640625,66.00990295410156
none,4,734,1.0,0.0,1.0,1.0,1.0,1.0,23.625,80.05859375,76.90234375,62.5390625,128.8203125,228.09375,209.1953125,181.0625,0.0,0.0,0.68359375,66.25312805175781
none,4,735,1.0,0.0,1.0,1.0,1.0,1.0,22.98046875,80.25390625,75.79296875,63.7265625,126.265625,227.91796875,207.1953125,185.55078125,0.0,0.0,0.66015625,66.66935729980469
none,4,736,1.0,0.0,1.0,1.0,1.0,1.0,22.87109375,79.73828125,75.76171875,63.484375,127.703125,227.7734375,208.09375,184.66796875,0.0,0.0,0.65234375,66.18788146972656
none,4,737,1.0,0.0,1.0,1.0,1.0,1.0,23.3203125,79.25,74.72265625,64.01953125,129.65234375,226.90625,203.7734375,184.56640625,0.0,0.0,0.6484375,65.7352066040039
none,4,738,1.0,0.0,1.0,1.0,1.0,1.0,23.13671875,79.52734375,74.75390625,63.81640625,129.5703125,227.79296875,203.171875,184.26953125,0.0,0.0,0.74609375,65.5993881225586
none,4,739,1.0,0.0,1.0,1.0,1.0,1.0,23.5234375,79.4375,76.0,62.83984375,128.09375,227.95703125,206.61328125,181.93359375,0.0,0.0,0.66015625,65.63766479492188
none,4,740,1.0,0.0,1.0,1.0,1.0,1.0,23.0625,80.8828125,74.453125,62.69921875,127.55078125,231.34765625,204.25,181.31640625,0.0,0.0,0.6953125,66.17446899414062
none,4,741,1.0,0.0,1.0,1.0,1.0,1.0,24.15625,78.93359375,75.7890625,64.25390625,132.04296875,225.81640625,206.703125,184.10546875,0.0,0.0,0.5703125,66.2856216430664
none,4,742,1.0,0.0,1.0,1.0,1.0,1.0,23.21875,81.12890625,74.60546875,62.875,125.57421875,232.09375,202.16796875,180.84375,0.0,0.0,0.66015625,65.9351577758789
none,4,743,1.0,0.0,1.0,1.0,1.0,1.0,23.734375,81.0859375,75.32421875,63.921875,129.01171875,231.59375,203.8203125,183.125,0.0,0.0,0.73046875,66.33629608154297
none,4,744,1.0,0.0,1.0,1.0,1.0,1.0,23.16796875,80.33984375,74.9296875,63.67578125,128.13671875,227.484375,203.83984375,183.29296875,0.0,0.0,0.57421875,65.87615203857422
none,4,745,1.0,0.0,1.0,1.0,1.0,1.0,23.265625,81.10546875,75.67578125,62.75,124.86328125,229.703125,204.69140625,180.17578125,0.0,0.0,0.6796875,66.05528259277344
none,4,746,1.0,0.0,1.0,1.0,1.0,1.0,23.65234375,82.6640625,74.63671875,63.078125,128.86328125,235.69140625,202.70703125,179.5234375,0.0,0.0,0.60546875,66.4604263305664
none,4,747,1.0,0.0,1.0,1.0,1.0,1.0,23.3359375,81.01171875,76.16015625,63.49609375,127.41796875,229.88671875,206.68359375,181.4609375,0.0,0.0,0.6171875,66.71498107910156
none,4,748,1.0,0.0,1.0,1.0,1.0,1.0,22.92578125,79.2890625,75.6015625,64.6171875,125.828125,224.15234375,204.7734375,187.12109375,0.0,0.0,0.66796875,66.26739501953125
none,4,749,1.0,0.0,1.0,1.0,1.0,1.0,24.2109375,78.84375,76.28515625,65.3125,129.99609375,223.78125,205.71484375,187.01953125,0.0,0.0,0.65234375,66.39051818847656
none,4,750,1.0,0.0,1.0,1.0,1.0,1.0,24.1015625,78.63671875,75.9140625,66.44140625,131.7890625,221.91796875,205.84375,191.49609375,0.0,0.0,0.66796875,66.72310638427734
none,4,751,1.0,0.0,1.0,1.0,1.0,1.0,24.52734375,79.20703125,75.9140625,64.83203125,134.06640625,224.56640625,206.4453125,186.43359375,0.0,0.0,0.66796875,66.68997192382812
none,4,752,1.0,0.0,1.0,1.0,1.0,1.0,24.23046875,78.41015625,76.50390625,65.421875,133.484375,221.71875,207.125,186.7578125,0.0,0.0,0.68359375,66.64196014404297
none,4,753,1.0,0.0,1.0,1.0,1.0,1.0,23.56640625,78.79296875,76.0390625,65.55859375,129.68359375,222.8125,206.7421875,188.53125,0.0,0.0,0.6328125,66.32136535644531
none,4,754,1.0,0.0,1.0,1.0,1.0,1.0,24.55859375,80.3203125,76.0546875,65.484375,133.8359375,228.22265625,206.7890625,187.66796875,0.0,0.0,0.6875,67.24398040771484
none,4,755,1.0,0.0,1.0,1.0,1.0,1.0,23.83984375,78.27734375,75.7265625,65.59375,131.3828125,221.9765625,206.609375,187.5625,0.0,0.0,0.62890625,66.03512573242188
none,4,756,1.0,0.0,1.0,1.0,1.0,1.0,24.09375,79.1484375,75.59765625,65.453125,132.65234375,224.48046875,207.08984375,189.5859375,0.0,0.0,0.62109375,66.76617431640625
none,4,757,1.0,0.0,1.0,1.0,1.0,1.0,23.4140625,79.2578125,76.4453125,65.390625,131.59765625,224.33203125,208.55859375,189.93359375,0.0,0.0,0.734375,66.97427368164062
none,4,758,1.0,0.0,1.0,1.0,1.0,1.0,22.6328125,79.43359375,76.07421875,66.58203125,126.3984375,227.37109375,208.234375,193.3125,0.0,0.0,0.76953125,67.27934265136719
none,4,759,1.0,0.0,1.0,1.0,1.0,1.0,23.0078125,78.32421875,75.57421875,65.61328125,130.15234375,221.10546875,207.3046875,192.08984375,0.0,0.0,0.734375,66.39654541015625
none,4,760,1.0,0.0,1.0,1.0,1.0,1.0,22.52734375,79.27734375,75.90234375,65.78125,126.9296875,225.875,207.359375,191.32421875,0.0,0.0,0.70703125,67.29460144042969
none,4,761,1.0,0.0,1.0,1.0,1.0,1.0,22.3046875,79.33984375,74.40234375,65.9609375,124.65234375,226.58203125,203.8046875,192.08984375,0.0,0.0,0.67578125,66.61618041992188
none,4,762,1.0,0.0,1.0,1.0,1.0,1.0,22.50390625,78.83984375,76.8125,65.78125,124.74609375,224.25,210.55859375,191.046875,0.0,0.0,0.6796875,66.91649627685547
none,4,763,1.0,0.0,1.0,1.0,1.0,1.0,22.84765625,78.79296875,77.66796875,65.33984375,126.6015625,224.23828125,212.31640625,189.296875,0.0,0.0,0.6484375,66.98347473144531
none,4,764,1.0,0.0,1.0,1.0,1.0,1.0,22.015625,78.23828125,76.2421875,65.75390625,123.4453125,223.91015625,209.87890625,192.41796875,0.0,0.0,0.63671875,66.84197998046875
none,4,765,1.0,0.0,1.0,1.0,1.0,1.0,22.26171875,78.58984375,76.49609375,66.01953125,125.16015625,221.56640625,210.44140625,193.6796875,0.0,0.0,0.6640625,67.17117309570312
none,4,766,1.0,0.0,1.0,1.0,1.0,1.0,22.5,78.109375,77.36328125,66.2265625,125.9921875,219.796875,213.19921875,193.33984375,0.0,0.0,0.65234375,66.91343688964844
none,4,767,1.0,0.0,1.0,1.0,1.0,1.0,21.90625,77.8828125,78.8359375,65.6484375,125.03515625,221.65234375,216.20703125,192.26171875,0.0,0.0,0.7109375,67.67044067382812
none,4,768,1.0,0.0,1.0,1.0,1.0,1.0,22.27734375,78.55859375,77.703125,67.51953125,125.0078125,222.1875,210.625,198.09765625,0.0,0.0,0.72265625,68.4339370727539
none,4,769,1.0,0.0,1.0,1.0,1.0,1.0,22.234375,78.1015625,77.5546875,66.31640625,125.2265625,221.4765625,212.0078125,192.74609375,0.0,0.0,0.60546875,67.695556640625
none,4,770,1.0,0.0,1.0,1.0,1.0,1.0,22.55859375,79.69921875,77.1953125,65.46484375,127.1640625,226.9296875,209.1015625,190.28515625,0.0,0.0,0.58984375,67.24232482910156
none,4,771,1.0,0.0,1.0,1.0,1.0,1.0,22.94140625,80.16796875,76.52734375,64.421875,126.16015625,226.97265625,207.6796875,185.84765625,0.0,0.0,0.71875,67.24703216552734
none,4,772,1.0,0.0,1.0,1.0,1.0,1.0,22.84375,82.04296875,76.53515625,64.5625,124.8671875,232.91796875,207.2109375,185.19921875,0.0,0.0,0.5859375,67.55085754394531
none,4,773,1.0,0.0,1.0,1.0,1.0,1.0,22.15625,80.4375,77.9765625,64.25390625,125.3125,229.65625,211.984375,185.0703125,0.0,0.0,0.71875,68.22298431396484
none,4,774,1.0,0.0,1.0,1.0,1.0,1.0,22.67578125,79.91796875,77.91796875,65.0078125,127.171875,227.984375,211.359375,186.87109375,0.0,0.0,0.65625,67.80769348144531
none,4,775,1.0,0.0,1.0,1.0,1.0,1.0,21.36328125,80.6953125,77.875,65.234375,121.96484375,230.71875,211.46875,186.65234375,0.0,0.0,0.6640625,68.11714935302734
none,4,776,1.0,0.0,1.0,1.0,1.0,1.0,21.875,80.3671875,77.98046875,64.9921875,119.89453125,228.1875,211.109375,187.10546875,0.0,0.0,0.67578125,67.86876678466797
none,4,777,1.0,0.0,1.0,1.0,1.0,1.0,22.3828125,80.09375,77.4375,64.30078125,123.48046875,227.6484375,210.76953125,185.1796875,0.0,0.0,0.75390625,67.31845092773438
none,4,778,1.0,0.0,1.0,1.0,1.0,1.0,21.78515625,80.61328125,78.0703125,65.0546875,120.4453125,227.34765625,212.70703125,187.40625,0.0,0.0,0.625,68.24008178710938
none,4,779,1.0,0.0,1.0,1.0,1.0,1.0,21.63671875,81.2265625,76.4921875,66.3125,122.33203125,228.73828125,207.5390625,190.55078125,0.0,0.0,0.6640625,68.2977066040039
none,4,780,1.0,0.0,1.0,1.0,1.0,1.0,21.59375,80.4921875,78.59765625,63.73828125,120.0546875,228.55078125,213.953125,182.890625,0.0,0.0,0.640625,68.05480194091797
none,4,781,1.0,0.0,1.0,1.0,1.0,1.0,21.421875,80.59375,78.6171875,64.7421875,119.4609375,228.73828125,212.5625,185.90625,0.0,0.0,0.66796875,68.2995834350586
none,4,782,1.0,0.0,1.0,1.0,1.0,1.0,22.4375,80.96875,78.8125,64.5546875,123.62890625,230.28125,214.21484375,185.62109375,0.0,0.0,0.6015625,68.15086364746094
none,4,783,1.0,0.0,1.0,1.0,1.0,1.0,21.66015625,80.64453125,77.6875,65.6484375,119.9921875,228.625,210.29296875,188.1171875,0.0,0.0,0.63671875,68.29783630371094
none,4,784,1.0,0.0,1.0,1.0,1.0,1.0,22.1484375,79.2890625,76.765625,65.14453125,123.765625,224.3203125,208.23828125,189.22265625,0.0,0.0,0.5703125,66.94937133789062
none,4,785,1.0,0.0,1.0,1.0,1.0,1.0,22.3203125,78.99609375,77.98046875,66.75,123.421875,222.70703125,210.21875,193.6484375,0.0,0.0,0.69921875,67.94154357910156
none,4,786,1.0,0.0,1.0,1.0,1.0,1.0,22.7421875,79.58984375,78.58984375,65.85546875,126.7890625,223.90625,211.93359375,190.66796875,0.0,0.0,0.6640625,68.37364959716797
none,4,787,1.0,0.0,1.0,1.0,1.0,1.0,21.890625,80.15625,78.90625,65.78125,121.90234375,227.36328125,214.109375,190.25390625,0.0,0.0,0.68359375,68.68326568603516
none,4,788,1.0,0.0,1.0,1.0,1.0,1.0,21.453125,81.31640625,78.1796875,64.6015625,121.57421875,229.68359375,212.91015625,187.2890625,0.0,0.0,0.625,68.42528533935547
none,4,789,1.0,0.0,1.0,1.0,1.0,1.0,21.375,80.9765625,76.91796875,65.38671875,120.1484375,230.0859375,207.5703125,190.2734375,0.0,0.0,0.6328125,67.87965393066406
none,4,790,1.0,0.0,1.0,1.0,1.0,1.0,21.33984375,80.21875,77.9375,65.3203125,120.8671875,226.41796875,211.45703125,188.73046875,0.0,0.0,0.60546875,68.21673583984375
none,4,791,1.0,0.0,1.0,1.0,1.0,1.0,22.16796875,81.828125,77.125,64.546875,123.2421875,231.109375,208.92578125,184.5625,0.0,0.0,0.61328125,67.98916625976562
none,4,792,1.0,0.0,1.0,1.0,1.0,1.0,21.1640625,81.24609375,78.59375,63.91015625,116.9140625,228.37890625,212.015625,183.78125,0.0,0.0,0.6171875,67.99431610107422
none,4,793,1.0,0.0,1.0,1.0,1.0,1.0,21.75,81.046875,78.2734375,63.68359375,120.234375,228.90234375,211.05078125,184.046875,0.0,0.0,0.69921875,67.85565948486328
none,4,794,1.0,0.0,1.0,1.0,1.0,1.0,21.4765625,80.64453125,78.18359375,63.3125,122.0078125,227.25390625,211.20703125,182.04296875,0.0,0.0,0.61328125,67.98321533203125
none,4,795,1.0,0.0,1.0,1.0,1.0,1.0,22.09375,80.859375,78.60546875,64.0078125,121.05078125,228.66015625,211.83203125,184.3828125,0.0,0.0,0.65234375,68.07426452636719
none,4,796,1.0,0.0,1.0,1.0,1.0,1.0,21.9921875,82.10546875,78.5859375,63.96484375,122.19921875,232.19921875,211.47265625,183.99609375,0.0,0.0,0.64453125,68.34385681152344
none,4,797,1.0,0.0,1.0,1.0,1.0,1.0,22.3203125,81.78515625,77.68359375,65.86328125,124.50390625,230.05078125,208.11328125,190.953125,0.0,0.0,0.71875,68.76707458496094
none,4,798,1.0,0.0,1.0,1.0,1.0,1.0,21.58984375,82.078125,79.6796875,64.5078125,122.625,232.08984375,215.08984375,184.98828125,0.0,0.0,0.58984375,69.13069152832031
none,4,799,1.0,0.0,1.0,1.0,1.0,1.0,21.3125,81.71484375,77.890625,64.984375,120.63671875,233.0234375,209.58984375,187.11328125,0.0,0.0,0.65234375,68.68212890625
none,4,800,1.0,0.0,1.0,1.0,1.0,1.0,22.28125,81.98828125,78.15625,65.3046875,125.7265625,232.0078125,209.75390625,189.2265625,0.0,0.0,0.734375,68.91743469238281
none,4,801,1.0,0.0,1.0,1.0,1.0,1.0,21.203125,82.58203125,77.63671875,65.45703125,122.51953125,232.9296875,208.41796875,188.15625,0.0,0.0,0.71484375,68.92483520507812
none,4,802,1.0,0.0,1.0,1.0,1.0,1.0,20.8359375,82.32421875,77.625,64.640625,119.859375,232.42578125,209.84765625,186.63671875,0.0,0.0,0.5625,68.56724548339844
none,4,803,1.0,0.0,1.0,1.0,1.0,1.0,21.2109375,82.12890625,79.0234375,65.2109375,122.96875,232.34765625,212.11328125,187.04296875,0.0,0.0,0.609375,69.59358978271484
none,4,804,1.0,0.0,1.0,1.0,1.0,1.0,22.00390625,82.2421875,78.32421875,64.70703125,125.97265625,233.03125,211.81640625,186.65234375,0.0,0.0,0.54296875,69.10592651367188
none,4,805,1.0,0.0,1.0,1.0,1.0,1.0,20.9765625,83.0703125,79.23046875,63.60546875,121.1015625,235.08984375,214.01953125,184.25390625,0.0,0.0,0.6953125,69.13079833984375
none,4,806,1.0,0.0,1.0,1.0,1.0,1.0,21.65234375,80.5546875,78.35546875,65.37109375,122.73046875,227.21875,211.203125,188.76171875,0.0,0.0,0.640625,68.35016632080078
none,4,807,1.0,0.0,1.0,1.0,1.0,1.0,21.05859375,82.640625,78.1328125,65.23828125,121.0546875,231.4609375,210.6328125,187.4609375,0.0,0.0,0.66015625,69.42140197753906
none,4,808,1.0,0.0,1.0,1.0,1.0,1.0,21.43359375,81.8984375,77.96875,64.60546875,121.41796875,231.7734375,210.6171875,185.51171875,0.0,0.0,0.73046875,68.54714965820312
none,4,809,1.0,0.0,1.0,1.0,1.0,1.0,21.65234375,82.55078125,78.8125,63.859375,120.71484375,233.421875,212.625,184.703125,0.0,0.0,0.625,69.47962188720703
none,4,810,1.0,0.0,1.0,1.0,1.0,1.0,21.22265625,81.6953125,79.0078125,65.171875,120.8671875,229.5859375,212.515625,188.59765625,0.0,0.0,0.6484375,68.88691711425781
none,4,811,1.0,0.0,1.0,1.0,1.0,1.0,20.4921875,81.8515625,78.07421875,64.87109375,117.078125,230.6875,212.328125,187.1953125,0.0,0.0,0.6953125,68.34471893310547
none,4,812,1.0,0.0,1.0,1.0,1.0,1.0,21.2421875,82.40234375,79.56640625,65.79296875,119.51171875,231.44921875,214.6171875,189.99609375,0.0,0.0,0.58984375,69.86402893066406
none,4,813,1.0,0.0,1.0,1.0,1.0,1.0,21.48828125,82.03515625,79.05859375,65.49609375,121.77734375,232.5859375,212.96484375,188.34765625,0.0,0.0,0.64453125,69.30941772460938
none,4,814,1.0,0.0,1.0,1.0,1.0,1.0,21.27734375,82.7578125,77.7578125,65.63671875,122.5703125,233.67578125,210.63671875,191.1484375,0.0,0.0,0.5546875,69.38774871826172
none,4,815,1.0,0.0,1.0,1.0,1.0,1.0,20.49609375,83.03515625,78.7734375,65.296875,117.26171875,235.421875,213.09765625,188.6328125,0.0,0.0,0.75,69.677978515625
none,4,816,1.0,0.0,1.0,1.0,1.0,1.0,20.9296875,82.91796875,78.14453125,65.984375,119.9765625,233.2734375,211.984375,190.609375,0.0,0.0,0.62109375,69.27332305908203
none,4,817,1.0,0.0,1.0,1.0,1.0,1.0,21.05078125,83.375,78.8515625,64.73828125,120.68359375,236.34765625,214.2890625,189.046875,0.0,0.0,0.6640625,69.21905517578125
none,4,818,1.0,0.0,1.0,1.0,1.0,1.0,21.4296875,81.234375,78.87109375,67.51171875,124.54296875,230.03515625,212.70703125,196.1171875,0.0,0.0,0.58203125,69.85456085205078
none,4,819,1.0,0.0,1.0,1.0,1.0,1.0,20.99609375,81.48828125,79.0546875,66.859375,121.03515625,230.7109375,214.015625,194.28515625,0.0,0.0,0.578125,69.94237518310547
none,4,820,1.0,0.0,1.0,1.0,1.0,1.0,20.75,81.85546875,78.39453125,65.640625,121.1796875,232.25390625,212.3671875,191.4921875,0.0,0.0,0.61328125,69.04290771484375
none,4,821,1.0,0.0,1.0,1.0,1.0,1.0,21.02734375,82.81640625,79.5,66.109375,122.0859375,234.203125,215.3359375,190.5625,0.0,0.0,0.5546875,69.97352600097656
none,4,822,1.0,0.0,1.0,1.0,1.0,1.0,21.34765625,82.265625,79.0703125,67.6171875,123.890625,231.640625,214.06640625,195.453125,0.0,0.0,0.5703125,70.27393341064453
none,4,823,1.0,0.0,1.0,1.0,1.0,1.0,21.0234375,83.140625,78.08203125,65.92578125,119.8828125,234.8359375,211.59765625,190.390625,0.0,0.0,0.6875,69.48886108398438
none,4,824,1.0,0.0,1.0,1.0,1.0,1.0,21.08203125,83.640625,78.859375,66.4609375,121.8671875,238.609375,212.53125,189.58984375,0.0,0.0,0.51953125,70.15878295898438
none,4,825,1.0,0.0,1.0,1.0,1.0,1.0,20.7421875,83.1640625,77.2890625,65.3828125,121.125,233.5,209.50390625,187.01953125,0.0,0.0,0.59765625,69.17161560058594
none,4,826,1.0,0.0,1.0,1.0,1.0,1.0,20.9609375,83.82421875,78.6640625,65.21875,119.98046875,238.33203125,211.7265625,186.9375,0.0,0.0,0.578125,69.72846984863281
none,4,827,1.0,0.0,1.0,1.0,1.0,1.0,20.6015625,85.29296875,79.2421875,63.89453125,117.8125,241.06640625,213.859375,183.8359375,0.0,0.0,0.55859375,70.36872863769531
none,4,828,1.0,0.0,1.0,1.0,1.0,1.0,20.7890625,83.8125,80.01171875,64.3984375,117.828125,236.98046875,217.3203125,185.6171875,0.0,0.0,0.63671875,70.32418060302734
none,4,829,1.0,0.0,1.0,1.0,1.0,1.0,20.75,84.75,79.66015625,63.4296875,116.46875,240.84375,215.78515625,182.453125,0.0,0.0,0.58984375,69.82076263427734
none,4,830,1.0,0.0,1.0,1.0,1.0,1.0,21.234375,84.2265625,79.51171875,63.6171875,119.85546875,240.37109375,215.1328125,183.84765625,0.0,0.0,0.640625,69.5464096069336
none,4,831,1.0,0.0,1.0,1.0,1.0,1.0,20.61328125,83.6484375,79.2109375,64.5703125,117.47265625,238.2890625,215.4453125,187.32421875,0.0,0.0,0.51953125,69.85347747802734
none,4,832,1.0,0.0,1.0,1.0,1.0,1.0,20.2734375,84.15625,78.60546875,64.0390625,115.29296875,239.6796875,212.53125,185.01953125,0.0,0.0,0.68359375,69.55250549316406
none,4,833,1.0,0.0,1.0,1.0,1.0,1.0,21.125,84.21484375,79.28515625,64.63671875,119.14453125,239.96875,213.515625,184.90234375,0.0,0.0,0.6171875,70.07555389404297
none,4,834,1.0,0.0,1.0,1.0,1.0,1.0,21.90234375,84.19140625,78.8828125,65.1171875,122.6796875,238.046875,214.08203125,186.70703125,0.0,0.0,0.56640625,70.14570617675781
none,4,835,1.0,0.0,1.0,1.0,1.0,1.0,21.28125,83.90234375,80.23046875,65.90234375,118.03515625,236.67578125,215.5390625,189.43359375,0.0,0.0,0.5859375,70.82339477539062
none,4,836,1.0,0.0,1.0,1.0,1.0,1.0,20.6875,83.1875,79.45703125,66.21484375,118.60546875,235.59765625,214.6796875,190.23046875,0.0,0.0,0.69140625,70.52932739257812
none,4,837,1.0,0.0,1.0,1.0,1.0,1.0,21.95703125,83.43359375,78.81640625,66.71875,124.47265625,235.83203125,211.62890625,190.91015625,0.0,0.0,0.5390625,70.26185607910156
none,4,838,1.0,0.0,1.0,1.0,1.0,1.0,21.58984375,82.91796875,79.8984375,68.05078125,123.35546875,233.66015625,216.4921875,194.6484375,0.0,0.0,0.56640625,70.88692474365234
none,4,839,1.0,0.0,1.0,1.0,1.0,1.0,21.51171875,84.54296875,78.60546875,65.484375,120.171875,238.625,212.015625,187.33203125,0.0,0.0,0.54296875,70.09718322753906
none,4,840,1.0,0.0,1.0,1.0,1.0,1.0,20.89453125,82.02734375,79.87890625,66.69921875,117.015625,231.45703125,215.99609375,191.078125,0.0,0.0,0.5859375,70.16462707519531
none,4,841,1.0,0.0,1.0,1.0,1.0,1.0,20.85546875,83.3828125,80.22265625,67.0859375,117.296875,233.578125,215.203125,192.21484375,0.0,0.0,0.50390625,71.23268127441406
none,4,842,1.0,0.0,1.0,1.0,1.0,1.0,21.31640625,82.9765625,78.7265625,65.87109375,119.21484375,234.171875,212.75390625,188.0390625,0.0,0.0,0.6171875,69.83814239501953
none,4,843,1.0,0.0,1.0,1.0,1.0,1.0,21.29296875,82.44921875,80.8203125,66.0859375,118.48828125,231.51953125,217.078125,188.55859375,0.0,0.0,0.60546875,70.28140258789062
none,4,844,1.0,0.0,1.0,1.0,1.0,1.0,21.296875,82.36328125,79.56640625,65.66796875,118.0,232.25390625,213.296875,188.6484375,0.0,0.0,0.58984375,69.72998046875
none,4,845,1.0,0.0,1.0,1.0,1.0,1.0,21.22265625,83.0,80.83203125,66.546875,118.515625,232.4375,217.62109375,189.63671875,0.0,0.0,0.625,70.78616333007812
none,4,846,1.0,0.0,1.0,1.0,1.0,1.0,21.49609375,85.171875,79.8984375,64.75,119.4609375,239.19921875,216.48046875,185.390625,0.0,0.0,0.51953125,70.85047912597656
none,4,847,1.0,0.0,1.0,1.0,1.0,1.0,20.3984375,84.37890625,80.06640625,65.5625,116.59375,237.26953125,215.609375,189.94140625,0.0,0.0,0.51171875,71.02339935302734
none,4,848,1.0,0.0,1.0,1.0,1.0,1.0,20.22265625,83.62890625,79.9921875,65.26953125,117.4609375,237.78125,215.0,187.58984375,0.0,0.0,0.5859375,70.9505615234375
none,4,849,1.0,0.0,1.0,1.0,1.0,1.0,21.32421875,83.984375,80.0625,64.9375,120.2734375,237.28125,216.2421875,187.23046875,0.0,0.0,0.5,70.02179718017578
none,4,850,1.0,0.0,1.0,1.0,1.0,1.0,20.86328125,83.84765625,80.1015625,66.26953125,119.58984375,237.13671875,214.8515625,190.4140625,0.0,0.0,0.671875,70.94015502929688
none,4,851,1.0,0.0,1.0,1.0,1.0,1.0,19.93359375,83.88671875,81.23828125,65.421875,111.49609375,237.44140625,219.98046875,186.96484375,0.0,0.0,0.57421875,71.22659301757812
none,4,852,1.0,0.0,1.0,1.0,1.0,1.0,19.9921875,84.859375,78.91015625,64.5078125,114.71875,240.5234375,213.34375,184.93359375,0.0,0.0,0.5546875,70.56884765625
none,4,853,1.0,0.0,1.0,1.0,1.0,1.0,20.390625,82.9921875,80.59375,64.71875,116.4921875,235.51953125,218.15234375,185.06640625,0.0,0.0,0.65234375,70.23997497558594
none,4,854,1.0,0.0,1.0,1.0,1.0,1.0,20.15234375,85.61328125,79.51171875,64.08203125,112.796875,242.18359375,217.1640625,183.32421875,0.0,0.0,0.5390625,70.76013946533203
none,4,855,1.0,0.0,1.0,1.0,1.0,1.0,20.80859375,84.69140625,80.19140625,65.26171875,118.75390625,238.9921875,216.1875,185.4453125,0.0,0.0,0.5390625,70.81981658935547
none,4,856,1.0,0.0,1.0,1.0,1.0,1.0,20.17578125,84.37109375,80.60546875,66.08984375,116.54296875,239.21484375,217.97265625,190.15625,0.0,0.0,0.59375,71.61427307128906
none,4,857,1.0,0.0,1.0,1.0,1.0,1.0,20.67578125,85.6328125,80.0,63.71484375,116.96875,243.359375,215.94921875,181.80859375,0.0,0.0,0.64453125,70.85762023925781
none,4,858,1.0,0.0,1.0,1.0,1.0,1.0,20.85546875,85.2421875,79.73046875,66.11328125,118.359375,239.89453125,214.67578125,188.72265625,0.0,0.0,0.55859375,71.3084716796875
none,4,859,1.0,0.0,1.0,1.0,1.0,1.0,20.91015625,85.62890625,79.88671875,64.4921875,118.5390625,243.8046875,215.4296875,183.01171875,0.0,0.0,0.53125,71.04719543457031
none,4,860,1.0,0.0,1.0,1.0,1.0,1.0,21.015625,83.8125,79.9296875,66.1640625,119.515625,234.35546875,216.203125,187.54296875,0.0,0.0,0.5625,71.09050750732422
none,4,861,1.0,0.0,1.0,1.0,1.0,1.0,21.01171875,83.359375,81.48046875,66.57421875,117.76171875,233.9609375,218.65625,189.96875,0.0,0.0,0.59765625,71.33132934570312
none,4,862,1.0,0.0,1.0,1.0,1.0,1.0,21.7734375,83.70703125,80.5,66.1640625,122.7890625,235.3828125,214.53515625,187.4375,0.0,0.0,0.625,70.95452880859375
none,4,863,1.0,0.0,1.0,1.0,1.0,1.0,20.6875,85.74609375,80.65234375,65.52734375,117.58203125,240.3515625,216.53515625,186.15234375,0.0,0.0,0.609375,72.12887573242188
none,4,864,1.0,0.0,1.0,1.0,1.0,1.0,21.9765625,83.828125,79.7890625,66.1171875,121.6796875,235.09375,215.08984375,188.0625,0.0,0.0,0.5546875,70.99368286132812
none,4,865,1.0,0.0,1.0,1.0,1.0,1.0,21.99609375,83.5078125,81.08984375,67.5546875,122.015625,233.8984375,217.8203125,191.421875,0.0,0.0,0.4921875,71.83808898925781
none,4,866,1.0,0.0,1.0,1.0,1.0,1.0,20.58203125,82.8828125,81.62109375,67.4765625,118.3828125,232.7109375,219.1640625,192.09765625,0.0,0.0,0.62109375,71.6127700805664
none,4,867,1.0,0.0,1.0,1.0,1.0,1.0,20.98046875,83.421875,81.87890625,66.375,118.84765625,233.43359375,219.62109375,189.64453125,0.0,0.0,0.5859375,71.76295471191406
none,4,868,1.0,0.0,1.0,1.0,1.0,1.0,21.72265625,83.33203125,80.84375,66.19140625,121.0625,234.53125,218.01171875,186.80078125,0.0,0.0,0.58203125,70.95172882080078
none,4,869,1.0,0.0,1.0,1.0,1.0,1.0,21.3984375,82.8671875,80.03125,68.37109375,119.95703125,232.04296875,215.09765625,194.546875,0.0,0.0,0.609375,71.54367065429688
none,4,870,1.0,0.0,1.0,1.0,1.0,1.0,21.33203125,83.609375,80.1796875,66.578125,121.80859375,235.734375,215.30859375,188.84375,0.0,0.0,0.58203125,71.22480773925781
none,4,871,1.0,0.0,1.0,1.0,1.0,1.0,21.66015625,82.859375,80.9765625,66.25390625,122.3125,233.55078125,217.78125,188.85546875,0.0,0.0,0.625,70.94271087646484
none,4,872,1.0,0.0,1.0,1.0,1.0,1.0,21.2109375,83.33203125,79.984375,67.7109375,122.44921875,233.7265625,216.69140625,192.80859375,0.0,0.0,0.59765625,71.31814575195312
none,4,873,1.0,0.0,1.0,1.0,1.0,1.0,21.71484375,83.734375,81.84765625,67.1171875,123.66015625,235.62109375,219.68359375,190.6640625,0.0,0.0,0.5390625,71.77474212646484
none,4,874,1.0,0.0,1.0,1.0,1.0,1.0,21.21875,82.11328125,81.203125,68.234375,124.11328125,231.30859375,216.83984375,193.57421875,0.0,0.0,0.578125,71.45521545410156
none,4,875,1.0,0.0,1.0,1.0,1.0,1.0,21.74609375,84.89453125,82.16015625,67.1796875,123.984375,238.765625,222.5625,191.078125,0.0,0.0,0.54296875,72.76043701171875
none,4,876,1.0,0.0,1.0,1.0,1.0,1.0,21.61328125,83.36328125,80.93359375,67.33203125,121.20703125,235.94140625,217.703125,190.94140625,0.0,0.0,0.61328125,71.04782104492188
none,4,877,1.0,0.0,1.0,1.0,1.0,1.0,21.8671875,82.4453125,82.33203125,68.92578125,124.08984375,232.46875,221.65625,195.99609375,0.0,0.0,0.60546875,72.35720825195312
none,4,878,1.0,0.0,1.0,1.0,1.0,1.0,21.7421875,83.19921875,80.87109375,67.09765625,125.625,234.82421875,218.1796875,191.90234375,0.0,0.0,0.60546875,71.81487274169922
none,4,879,1.0,0.0,1.0,1.0,1.0,1.0,21.15625,82.95703125,81.1875,67.69140625,122.73828125,232.52734375,219.26953125,194.4296875,0.0,0.0,0.6328125,71.58434295654297
none,4,880,1.0,0.0,1.0,1.0,1.0,1.0,21.4296875,83.5625,81.453125,68.04296875,122.34765625,235.05078125,218.96875,194.5234375,0.0,0.0,0.64453125,72.07310485839844
none,4,881,1.0,0.0,1.0,1.0,1.0,1.0,21.9921875,83.4609375,80.8046875,66.94921875,125.0546875,235.21875,217.9375,190.14453125,0.0,0.0,0.70703125,71.0380630493164
none,4,882,1.0,0.0,1.0,1.0,1.0,1.0,22.14453125,83.984375,80.7421875,68.40625,127.66796875,235.4375,216.6953125,195.1796875,0.0,0.0,0.6171875,72.11358642578125
none,4,883,1.0,0.0,1.0,1.0,1.0,1.0,21.00390625,83.03125,82.16796875,67.703125,121.82421875,233.25390625,220.3515625,192.97265625,0.0,0.0,0.6015625,72.14689636230469
none,4,884,1.0,0.0,1.0,1.0,1.0,1.0,21.609375,82.234375,82.6875,68.58203125,125.64453125,229.16796875,223.3359375,195.453125,0.0,0.0,0.6015625,72.04571533203125
none,4,885,1.0,0.0,1.0,1.0,1.0,1.0,21.55078125,81.83984375,82.16796875,68.2890625,121.578125,228.25390625,221.69921875,194.0625,0.0,0.0,0.53515625,71.84561157226562
none,4,886,1.0,0.0,1.0,1.0,1.0,1.0,21.7578125,82.87109375,82.70703125,67.97265625,122.078125,231.7890625,222.27734375,192.875,0.0,0.0,0.53125,72.35568237304688
none,4,887,1.0,0.0,1.0,1.0,1.0,1.0,21.765625,82.375,81.42578125,68.53515625,123.5234375,230.06640625,217.97265625,194.25390625,0.0,0.0,0.578125,71.43318939208984
none,4,888,1.0,0.0,1.0,1.0,1.0,1.0,21.97265625,83.19921875,81.63671875,67.703125,124.5,232.2890625,218.96875,191.46484375,0.0,0.0,0.66796875,71.92658996582031
none,4,889,1.0,0.0,1.0,1.0,1.0,1.0,21.1953125,82.3515625,82.59765625,68.6171875,121.0078125,228.3046875,221.48046875,196.01171875,0.0,0.0,0.5390625,72.36622619628906
none,4,890,1.0,0.0,1.0,1.0,1.0,1.0,21.4375,83.08203125,81.37109375,69.2578125,122.9375,230.27734375,215.4765625,197.3203125,0.0,0.0,0.5625,72.54144287109375
none,4,891,1.0,0.0,1.0,1.0,1.0,1.0,21.79296875,83.4375,81.1015625,69.17578125,125.51953125,233.01171875,217.7265625,196.41796875,0.0,0.0,0.59765625,72.22993469238281
none,4,892,1.0,0.0,1.0,1.0,1.0,1.0,21.33984375,83.69140625,81.30859375,69.1875,126.09375,233.41015625,219.11328125,196.9140625,0.0,0.0,0.609375,72.35487365722656
none,4,893,1.0,0.0,1.0,1.0,1.0,1.0,22.296875,83.9765625,81.9609375,69.1484375,128.90234375,235.44140625,218.359375,196.5,0.0,0.0,0.5625,72.38296508789062
none,4,894,1.0,0.0,1.0,1.0,1.0,1.0,22.23828125,83.91015625,81.79296875,68.390625,127.87890625,233.890625,218.55859375,194.53515625,0.0,0.0,0.625,72.60444641113281
none,4,895,1.0,0.0,1.0,1.0,1.0,1.0,21.3828125,83.80078125,81.99609375,67.90234375,122.515625,233.05859375,220.03125,191.671875,0.0,0.0,0.5859375,72.13579559326172
none,4,896,1.0,0.0,1.0,1.0,1.0,1.0,21.25390625,83.81640625,82.171875,67.1875,120.37890625,233.1171875,220.03125,190.3203125,0.0,0.0,0.58984375,72.26318359375
none,4,897,1.0,0.0,1.0,1.0,1.0,1.0,21.640625,84.8515625,82.0390625,67.90234375,123.7734375,237.14453125,219.02734375,193.26953125,0.0,0.0,0.484375,72.55796813964844
none,4,898,1.0,0.0,1.0,1.0,1.0,1.0,21.05078125,83.234375,81.1640625,67.96875,123.671875,232.6328125,217.453125,192.42578125,0.0,0.0,0.57421875,71.67730712890625
none,4,899,1.0,0.0,1.0,1.0,1.0,1.0,21.546875,84.3828125,81.40234375,69.203125,123.82421875,235.90625,217.59765625,195.1171875,0.0,0.0,0.55859375,72.40779113769531
none,4,900,1.0,0.0,1.0,1.0,1.0,1.0,21.21875,84.54296875,82.4765625,67.73828125,123.59375,235.31640625,220.65234375,192.84765625,0.0,0.0,0.57421875,72.56962585449219
none,4,901,1.0,0.0,1.0,1.0,1.0,1.0,22.109375,85.05078125,82.10546875,66.875,125.37109375,238.44140625,219.3828125,189.10546875,0.0,0.0,0.6171875,72.44512176513672
none,4,902,1.0,0.0,1.0,1.0,1.0,1.0,21.05078125,83.00390625,81.6328125,68.38671875,126.7578125,233.64453125,218.421875,195.15625,0.0,0.0,0.6171875,72.33492279052734
none,4,903,1.0,0.0,1.0,1.0,1.0,1.0,21.01171875,84.41015625,83.54296875,67.4140625,123.515625,237.12109375,223.11328125,190.9140625,0.0,0.0,0.5859375,73.66363525390625
none,4,904,1.0,0.0,1.0,1.0,1.0,1.0,21.5234375,83.109375,81.6875,68.0078125,126.0625,231.03515625,219.3671875,193.8515625,0.0,0.0,0.5703125,72.13903045654297
none,4,905,1.0,0.0,1.0,1.0,1.0,1.0,21.046875,84.19140625,80.51953125,67.32421875,122.61328125,237.03125,215.93359375,191.23828125,0.0,0.0,0.546875,71.70462036132812
none,4,906,1.0,0.0,1.0,1.0,1.0,1.0,21.6953125,84.30859375,81.12890625,68.70703125,126.14453125,234.96875,216.30859375,194.56640625,0.0,0.0,0.484375,72.30872344970703
none,4,907,1.0,0.0,1.0,1.0,1.0,1.0,21.1796875,83.9375,81.9453125,68.34765625,124.69140625,234.3125,219.37109375,193.98828125,0.0,0.0,0.6484375,72.75458526611328
none,4,908,1.0,0.0,1.0,1.0,1.0,1.0,21.54296875,83.625,82.65625,68.95703125,124.37890625,232.2421875,220.796875,196.19921875,0.0,0.0,0.6171875,73.017822265625
none,4,909,1.0,0.0,1.0,1.0,1.0,1.0,21.2890625,84.8515625,82.390625,67.3203125,125.28515625,236.3515625,221.3828125,191.55859375,0.0,0.0,0.4765625,72.81398010253906
none,4,910,1.0,0.0,1.0,1.0,1.0,1.0,21.625,83.13671875,81.703125,69.11328125,128.7109375,232.7265625,219.1015625,196.33984375,0.0,0.0,0.55078125,72.47379302978516
none,4,911,1.0,0.0,1.0,1.0,1.0,1.0,21.1171875,81.71875,82.54296875,69.32421875,125.22265625,227.8828125,220.93359375,198.2890625,0.0,0.0,0.59375,72.10873413085938
none,4,912,1.0,0.0,1.0,1.0,1.0,1.0,21.08203125,83.77734375,83.1875,67.5078125,124.125,234.7578125,221.9375,189.8515625,0.0,0.0,0.4609375,73.25013732910156
none,4,913,1.0,0.0,1.0,1.0,1.0,1.0,21.8125,83.125,82.828125,69.12890625,129.13671875,230.9453125,222.640625,196.89453125,0.0,0.0,0.546875,72.47880554199219
none,4,914,1.0,0.0,1.0,1.0,1.0,1.0,21.51953125,83.1015625,83.49609375,69.28515625,126.05078125,232.375,223.9609375,196.85546875,0.0,0.0,0.546875,73.07734680175781
none,4,915,1.0,0.0,1.0,1.0,1.0,1.0,21.703125,83.61328125,82.8671875,69.65234375,126.03125,234.61328125,222.94140625,199.75390625,0.0,0.0,0.54296875,73.69285583496094
none,4,916,1.0,0.0,1.0,1.0,1.0,1.0,21.03515625,84.51953125,82.84375,69.00390625,125.51953125,236.421875,221.65625,195.26953125,0.0,0.0,0.54296875,73.39122009277344
none,4,917,1.0,0.0,1.0,1.0,1.0,1.0,21.1328125,83.578125,82.5,68.11328125,122.86328125,234.515625,222.15625,193.5703125,0.0,0.0,0.6484375,72.83903503417969
none,4,918,1.0,0.0,1.0,1.0,1.0,1.0,21.21484375,84.85546875,82.828125,68.81640625,123.94140625,235.66015625,220.4765625,194.453125,0.0,0.0,0.48828125,73.42463684082031
none,4,919,1.0,0.0,1.0,1.0,1.0,1.0,20.43359375,83.3125,83.94140625,67.41015625,120.046875,233.5703125,225.02734375,192.234375,0.0,0.0,0.55859375,73.02800750732422
none,4,920,1.0,0.0,1.0,1.0,1.0,1.0,20.37109375,84.10546875,83.09375,69.05859375,121.28515625,234.00390625,223.64453125,195.87109375,0.0,0.0,0.59375,73.8856201171875
none,4,921,1.0,0.0,1.0,1.0,1.0,1.0,20.04296875,84.66796875,82.66015625,68.7890625,118.5625,234.1015625,221.734375,196.234375,0.0,0.0,0.5234375,73.09346008300781
none,4,922,1.0,0.0,1.0,1.0,1.0,1.0,19.90234375,83.859375,82.90625,67.46484375,116.01953125,233.94921875,222.53515625,190.4375,0.0,0.0,0.52734375,72.80874633789062
none,4,923,1.0,0.0,1.0,1.0,1.0,1.0,20.80078125,83.07421875,82.40234375,69.7109375,120.3828125,231.11328125,220.1953125,197.828125,0.0,0.0,0.58203125,73.0138931274414
none,4,924,1.0,0.0,1.0,1.0,1.0,1.0,20.20703125,85.5234375,83.6484375,68.26953125,118.33203125,237.671875,222.8828125,193.16015625,0.0,0.0,0.55078125,73.92521667480469
none,4,925,1.0,0.0,1.0,1.0,1.0,1.0,20.20703125,84.07421875,83.25390625,70.00390625,119.421875,233.05859375,221.4453125,197.98046875,0.0,0.0,0.5078125,73.65473937988281
none,4,926,1.0,0.0,1.0,1.0,1.0,1.0,20.76953125,85.35546875,83.24609375,69.09375,119.54296875,237.51953125,222.703125,195.46875,0.0,0.0,0.609375,73.53485870361328
none,4,927,1.0,0.0,1.0,1.0,1.0,1.0,20.58203125,85.3828125,83.12890625,67.1796875,120.296875,238.609375,221.5,190.43359375,0.0,0.0,0.58984375,73.10000610351562
none,4,928,1.0,0.0,1.0,1.0,1.0,1.0,20.33203125,85.10546875,81.91796875,69.359375,120.29296875,238.0859375,219.99609375,196.2265625,0.0,0.0,0.515625,73.42839813232422
none,4,929,1.0,0.0,1.0,1.0,1.0,1.0,20.35546875,85.3046875,83.47265625,68.08984375,118.25,237.8671875,223.26953125,192.49609375,0.0,0.0,0.57421875,73.6469497680664
none,4,930,1.0,0.0,1.0,1.0,1.0,1.0,20.59765625,87.58984375,82.14453125,67.54296875,121.203125,245.6015625,220.04296875,191.234375,0.0,0.0,0.47265625,74.07749938964844
none,4,931,1.0,0.0,1.0,1.0,1.0,1.0,20.73828125,86.328125,83.46875,67.81640625,122.8515625,241.875,222.765625,192.33203125,0.0,0.0,0.5078125,74.52361297607422
none,4,932,1.0,0.0,1.0,1.0,1.0,1.0,20.25,86.92578125,82.4921875,67.296875,119.76953125,243.49609375,220.4296875,190.05078125,0.0,0.0,0.53515625,73.56979370117188
none,4,933,1.0,0.0,1.0,1.0,1.0,1.0,20.69140625,85.75,83.04296875,68.4921875,119.9453125,239.20703125,223.484375,192.90234375,0.0,0.0,0.5859375,74.21836853027344
none,4,934,1.0,0.0,1.0,1.0,1.0,1.0,20.81640625,84.75390625,82.5390625,68.29296875,122.79296875,236.18359375,221.49609375,193.375,0.0,0.0,0.5390625,73.35885620117188
none,4,935,1.0,0.0,1.0,1.0,1.0,1.0,20.43359375,85.34375,82.79296875,68.23046875,121.3671875,238.54296875,222.63671875,193.515625,0.0,0.0,0.59375,73.5984115600586
none,4,936,1.0,0.0,1.0,1.0,1.0,1.0,20.953125,84.85546875,83.37890625,69.93359375,121.984375,235.8125,223.46484375,197.78125,0.0,0.0,0.51953125,74.38970947265625
none,4,937,1.0,0.0,1.0,1.0,1.0,1.0,20.84765625,83.56640625,82.9296875,70.890625,123.03515625,234.7421875,223.3828125,200.6171875,0.0,0.0,0.50390625,73.96414184570312
none,4,938,1.0,0.0,1.0,1.0,1.0,1.0,21.1171875,84.671875,84.94921875,69.93359375,123.5390625,234.78125,226.8671875,199.0546875,0.0,0.0,0.625,74.84323120117188
none,4,939,1.0,0.0,1.0,1.0,1.0,1.0,20.2265625,84.92578125,82.8515625,69.859375,118.3125,236.49609375,222.33203125,199.3203125,0.0,0.0,0.578125,73.8419189453125
none,4,940,1.0,0.0,1.0,1.0,1.0,1.0,20.3359375,84.80859375,81.86328125,70.0546875,123.640625,236.640625,219.19140625,200.140625,0.0,0.0,0.63671875,73.83087921142578
none,4,941,1.0,0.0,1.0,1.0,1.0,1.0,20.34375,84.26171875,82.9296875,70.6171875,121.23046875,233.96875,222.71484375,201.609375,0.0,0.0,0.55078125,73.82305145263672
none,4,942,1.0,0.0,1.0,1.0,1.0,1.0,20.69921875,85.734375,82.40625,70.1640625,122.2578125,237.4609375,222.5078125,199.37890625,0.0,0.0,0.50390625,74.24213409423828
none,4,943,1.0,0.0,1.0,1.0,1.0,1.0,20.3984375,85.9296875,83.5234375,69.95703125,119.00390625,239.86328125,223.81640625,197.93359375,0.0,0.0,0.54296875,74.6850814819336
none,4,944,1.0,0.0,1.0,1.0,1.0,1.0,20.671875,85.75390625,84.73828125,69.38671875,121.734375,238.578125,227.6484375,195.67578125,0.0,0.0,0.515625,74.90557861328125
none,4,945,1.0,0.0,1.0,1.0,1.0,1.0,20.1484375,84.91015625,82.91796875,70.23046875,118.89453125,236.8359375,223.37890625,198.66015625,0.0,0.0,0.54296875,74.37236785888672
none,4,946,1.0,0.0,1.0,1.0,1.0,1.0,20.14453125,85.6953125,83.828125,69.3671875,117.66015625,238.28515625,224.671875,197.57421875,0.0,0.0,0.515625,74.74958801269531
none,4,947,1.0,0.0,1.0,1.0,1.0,1.0,20.140625,86.43359375,83.8984375,68.140625,115.53515625,241.63671875,225.7734375,193.41796875,0.0,0.0,0.57421875,74.49140930175781
none,4,948,1.0,0.0,1.0,1.0,1.0,1.0,20.17578125,86.08203125,83.6484375,66.90234375,118.875,240.36328125,224.66015625,190.4921875,0.0,0.0,0.51953125,73.71278381347656
none,4,949,1.0,0.0,1.0,1.0,1.0,1.0,19.9765625,85.578125,83.71484375,68.6796875,116.03125,239.5234375,225.6953125,194.6953125,0.0,0.0,0.5703125,74.29661560058594
none,4,950,1.0,0.0,1.0,1.0,1.0,1.0,20.41796875,87.625,82.3046875,68.9296875,119.71484375,244.0390625,221.13671875,198.390625,0.0,0.0,0.50390625,74.4448471069336
none,4,951,1.0,0.0,1.0,1.0,1.0,1.0,20.0234375,86.84375,83.28125,68.1640625,115.3359375,242.58984375,222.6875,193.76171875,0.0,0.0,0.59765625,74.21913146972656
none,4,952,1.0,0.0,1.0,1.0,1.0,1.0,20.1015625,85.70703125,84.125,69.28515625,118.5078125,239.875,226.94921875,197.4296875,0.0,0.0,0.65625,74.55908203125
none,4,953,1.0,0.0,1.0,1.0,1.0,1.0,20.1484375,86.33984375,83.35546875,67.70703125,119.9453125,241.26171875,225.77734375,192.29296875,0.0,0.0,0.5234375,74.2301254272461
none,4,954,1.0,0.0,1.0,1.0,1.0,1.0,20.5625,85.7890625,84.7734375,68.4375,121.40625,240.01171875,227.9765625,192.74609375,0.0,0.0,0.5078125,74.5649642944336
none,4,955,1.0,0.0,1.0,1.0,1.0,1.0,20.171875,86.05859375,84.48046875,69.4921875,118.94921875,239.66796875,227.38671875,196.390625,0.0,0.0,0.55078125,74.74696350097656
none,4,956,1.0,0.0,1.0,1.0,1.0,1.0,20.40234375,84.40234375,83.65625,71.3828125,121.00390625,236.09765625,225.6015625,201.75390625,0.0,0.0,0.4921875,75.02197265625
none,4,957,1.0,0.0,1.0,1.0,1.0,1.0,20.49609375,83.6484375,84.15625,72.14453125,118.75390625,233.09765625,225.578125,204.11328125,0.0,0.0,0.5078125,74.79479217529297
none,4,958,1.0,0.0,1.0,1.0,1.0,1.0,20.24609375,85.55078125,84.6015625,68.87890625,119.46875,238.90625,227.5234375,194.953125,0.0,0.0,0.51953125,74.87351989746094
none,4,959,1.0,0.0,1.0,1.0,1.0,1.0,20.765625,83.484375,84.55859375,71.5078125,122.4296875,232.2265625,225.8828125,204.76953125,0.0,0.0,0.64453125,74.8514404296875
none,4,960,1.0,0.0,1.0,1.0,1.0,1.0,20.6015625,85.69921875,84.515625,69.47265625,118.73046875,239.80078125,226.51171875,197.03125,0.0,0.0,0.5546875,74.95333099365234
none,4,961,1.0,0.0,1.0,1.0,1.0,1.0,20.97265625,85.89453125,84.3828125,69.5,121.07421875,241.0859375,225.5546875,196.66796875,0.0,0.0,0.47265625,74.89751434326172
none,4,962,1.0,0.0,1.0,1.0,1.0,1.0,20.671875,83.8125,84.56640625,70.3984375,118.10546875,233.8125,225.78515625,199.6171875,0.0,0.0,0.49609375,74.57356262207031
none,4,963,1.0,0.0,1.0,1.0,1.0,1.0,20.90625,84.8125,85.453125,68.53515625,119.19921875,236.41015625,229.23046875,193.73046875,0.0,0.0,0.47265625,74.69699096679688
none,4,964,1.0,0.0,1.0,1.0,1.0,1.0,20.22265625,85.9296875,85.2109375,69.7421875,118.328125,238.1875,226.59375,196.2109375,0.0,0.0,0.6484375,75.10111236572266
none,4,965,1.0,0.0,1.0,1.0,1.0,1.0,20.77734375,85.28515625,84.1328125,70.7578125,121.2890625,237.5625,225.34375,201.41796875,0.0,0.0,0.578125,75.15341186523438
none,4,966,1.0,0.0,1.0,1.0,1.0,1.0,20.9921875,84.99609375,85.7734375,70.4609375,117.6953125,236.390625,228.3515625,199.25390625,0.0,0.0,0.4765625,75.1423568725586
none,4,967,1.0,0.0,1.0,1.0,1.0,1.0,20.39453125,86.125,84.08203125,70.24609375,118.68359375,240.48046875,224.91015625,198.58984375,0.0,0.0,0.4921875,75.50308227539062
none,4,968,1.0,0.0,1.0,1.0,1.0,1.0,20.8046875,84.84765625,85.00390625,69.84765625,119.265625,236.375,227.390625,197.9921875,0.0,0.0,0.51953125,74.2821044921875
none,4,969,1.0,0.0,1.0,1.0,1.0,1.0,21.078125,84.51171875,85.21484375,71.25,118.1875,235.29296875,228.2734375,201.2734375,0.0,0.0,0.55078125,74.75283813476562
none,4,970,1.0,0.0,1.0,1.0,1.0,1.0,20.37109375,84.4296875,84.3515625,71.44921875,117.58984375,233.62890625,225.7265625,201.8125,0.0,0.0,0.54296875,75.1855239868164
none,4,971,1.0,0.0,1.0,1.0,1.0,1.0,20.44921875,87.33984375,84.43359375,69.1484375,117.6875,244.2421875,226.80859375,195.75390625,0.0,0.0,0.51953125,75.52548217773438
none,4,972,1.0,0.0,1.0,1.0,1.0,1.0,19.5703125,85.984375,85.01953125,69.76953125,114.1328125,240.65625,228.6796875,195.59375,0.0,0.0,0.51171875,75.32705688476562
none,4,973,1.0,0.0,1.0,1.0,1.0,1.0,19.55859375,86.07421875,84.93359375,69.8984375,115.05859375,239.31640625,228.04296875,198.57421875,0.0,0.0,0.4375,75.25999450683594
none,4,974,1.0,0.0,1.0,1.0,1.0,1.0,20.21484375,84.7421875,86.75,71.11328125,118.7109375,234.67578125,232.33203125,201.234375,0.0,0.0,0.54296875,76.04322814941406
none,4,975,1.0,0.0,1.0,1.0,1.0,1.0,19.671875,86.44921875,85.578125,69.21484375,114.6953125,239.76171875,228.66796875,197.703125,0.0,0.0,0.53515625,75.74433898925781
none,4,976,1.0,0.0,1.0,1.0,1.0,1.0,19.2578125,85.4765625,85.91015625,68.8828125,116.14453125,237.84765625,229.171875,195.890625,0.0,0.0,0.5078125,75.06060028076172
none,4,977,1.0,0.0,1.0,1.0,1.0,1.0,20.20703125,85.69140625,84.8359375,71.11328125,118.7109375,237.34375,227.6875,202.16796875,0.0,0.0,0.58984375,75.311279296875
none,4,978,1.0,0.0,1.0,1.0,1.0,1.0,20.10546875,86.68359375,85.72265625,68.97265625,120.234375,241.45703125,229.453125,195.52734375,0.0,0.0,0.609375,75.64892578125
none,4,979,1.0,0.0,1.0,1.0,1.0,1.0,19.859375,86.7890625,87.3984375,69.078125,116.14453125,243.31640625,232.94921875,196.80078125,0.0,0.0,0.5390625,76.27169799804688
none,4,980,1.0,0.0,1.0,1.0,1.0,1.0,19.62890625,89.37109375,85.328125,68.57421875,117.2265625,250.62890625,228.8125,193.3203125,0.0,0.0,0.4765625,76.6831283569336
none,4,981,1.0,0.0,1.0,1.0,1.0,1.0,19.37109375,88.6015625,86.4296875,67.42578125,114.2734375,246.26953125,231.16015625,189.9296875,0.0,0.0,0.50390625,76.5878677368164
none,4,982,1.0,0.0,1.0,1.0,1.0,1.0,20.3671875,88.0234375,86.796875,68.54296875,116.9140625,245.99609375,232.37109375,192.31640625,0.0,0.0,0.4921875,76.27142333984375
none,4,983,1.0,0.0,1.0,1.0,1.0,1.0,20.68359375,88.3359375,86.02734375,67.84765625,117.12890625,245.16015625,230.13671875,190.0625,0.0,0.0,0.46875,76.15352630615234
none,4,984,1.0,0.0,1.0,1.0,1.0,1.0,19.14453125,88.05859375,86.03515625,68.32421875,113.2578125,244.35546875,230.32421875,190.98828125,0.0,0.0,0.5625,75.9732437133789
none,4,985,1.0,0.0,1.0,1.0,1.0,1.0,20.23828125,87.83203125,85.03515625,68.953125,116.59765625,243.09765625,226.6953125,193.9453125,0.0,0.0,0.48828125,75.89891052246094
none,4,986,1.0,0.0,1.0,1.0,1.0,1.0,20.1953125,87.80078125,84.109375,68.52734375,117.81640625,243.375,224.14453125,191.6875,0.0,0.0,0.52734375,74.82239532470703
none,4,987,1.0,0.0,1.0,1.0,1.0,1.0,20.09375,85.4375,85.5390625,70.61328125,116.890625,237.015625,228.84765625,197.48828125,0.0,0.0,0.57421875,76.07540130615234
none,4,988,1.0,0.0,1.0,1.0,1.0,1.0,20.08203125,87.37109375,87.16015625,69.859375,117.39453125,242.75,231.68359375,195.1875,0.0,0.0,0.546875,76.93695831298828
none,4,989,1.0,0.0,1.0,1.0,1.0,1.0,19.9765625,86.4375,85.16796875,71.63671875,119.45703125,241.20703125,227.44921875,201.578125,0.0,0.0,0.55859375,75.97679138183594
none,4,990,1.0,0.0,1.0,1.0,1.0,1.0,20.7421875,87.78515625,85.58203125,69.671875,121.875,243.8125,228.640625,197.69140625,0.0,0.0,0.515625,76.08689880371094
none,4,991,1.0,0.0,1.0,1.0,1.0,1.0,20.01171875,86.0625,86.44140625,71.76953125,120.8515625,238.98828125,229.63671875,203.9375,0.0,0.0,0.56640625,76.70970916748047
none,4,992,1.0,0.0,1.0,1.0,1.0,1.0,20.2421875,85.89453125,85.53125,71.828125,120.2890625,238.73046875,229.5703125,204.83203125,0.0,0.0,0.54296875,76.32107543945312
none,4,993,1.0,0.0,1.0,1.0,1.0,1.0,19.78125,86.53125,86.2734375,69.7421875,116.6796875,240.87890625,230.01171875,198.453125,0.0,0.0,0.49609375,76.24188232421875
none,4,994,1.0,0.0,1.0,1.0,1.0,1.0,19.87890625,85.69921875,85.6640625,71.10546875,116.71484375,235.98046875,228.00390625,202.4921875,0.0,0.0,0.62109375,75.91184997558594
none,4,995,1.0,0.0,1.0,1.0,1.0,1.0,19.86328125,86.3984375,85.5546875,70.9453125,117.4765625,240.421875,228.25,200.74609375,0.0,0.0,0.5234375,76.42141723632812
none,4,996,1.0,0.0,1.0,1.0,1.0,1.0,20.2109375,85.1171875,86.828125,70.890625,116.2421875,234.37890625,229.90625,200.19921875,0.0,0.0,0.5,76.16374969482422
none,4,997,1.0,0.0,1.0,1.0,1.0,1.0,19.64453125,86.91796875,86.1796875,69.92578125,112.859375,240.12890625,228.58203125,197.41015625,0.0,0.0,0.58984375,75.94830322265625
none,4,998,1.0,0.0,1.0,1.0,1.0,1.0,20.00390625,88.19921875,85.4375,69.41015625,118.625,243.3359375,227.77734375,195.59375,0.0,0.0,0.4375,76.52134704589844
none,4,999,1.0,0.0,1.0,1.0,1.0,1.0,19.71875,87.55859375,85.59765625,70.8203125,114.15625,242.31640625,228.5625,200.19921875,0.0,0.0,0.48046875,76.66328430175781
none,4,1000,1.0,0.0,1.0,1.0,1.0,1.0,19.37109375,88.3515625,86.41015625,69.8359375,112.26953125,245.390625,229.71484375,196.1953125,0.0,0.0,0.44921875,76.97917938232422
none,4,1001,1.0,0.0,1.0,1.0,1.0,1.0,19.5078125,89.1875,85.43359375,69.8671875,112.609375,248.66796875,227.328125,195.92578125,0.0,0.0,0.45703125,77.19216918945312
none,4,1002,1.0,0.0,1.0,1.0,1.0,1.0,20.5078125,87.2265625,85.953125,70.953125,118.87109375,240.8125,229.546875,199.61328125,0.0,0.0,0.4296875,76.7128677368164
none,4,1003,1.0,0.0,1.0,1.0,1.0,1.0,20.2109375,88.203125,85.66015625,70.8203125,116.10546875,244.10546875,227.5078125,198.5859375,0.0,0.0,0.5,76.82014465332031
none,4,1004,1.0,0.0,1.0,1.0,1.0,1.0,19.97265625,87.08203125,84.73046875,70.87890625,116.48828125,239.64453125,224.5703125,198.01171875,0.0,0.0,0.5078125,76.23744201660156
none,4,1005,1.0,0.0,1.0,1.0,1.0,1.0,19.96484375,86.17578125,87.67578125,71.3828125,115.375,237.6484375,232.76171875,198.39453125,0.0,0.0,0.4765625,77.13223266601562
none,4,1006,1.0,0.0,1.0,1.0,1.0,1.0,19.859375,87.875,86.0078125,71.11328125,114.0546875,240.65234375,227.77734375,198.1015625,0.0,0.0,0.47265625,76.90455627441406
none,4,1007,1.0,0.0,1.0,1.0,1.0,1.0,19.56640625,86.2109375,85.21875,71.37109375,114.9453125,237.953125,224.92578125,199.9453125,0.0,0.0,0.5234375,76.06822967529297
none,4,1008,1.0,0.0,1.0,1.0,1.0,1.0,20.5078125,86.953125,86.73046875,71.47265625,117.8515625,238.59375,230.49609375,199.9921875,0.0,0.0,0.49609375,77.55531311035156
none,4,1009,1.0,0.0,1.0,1.0,1.0,1.0,19.98046875,86.15625,86.625,72.04296875,117.578125,237.24609375,228.30078125,202.046875,0.0,0.0,0.46484375,76.84925842285156
none,4,1010,1.0,0.0,1.0,1.0,1.0,1.0,20.68359375,85.375,84.66796875,74.12890625,123.54296875,232.88671875,224.3515625,207.58203125,0.0,0.0,0.55859375,76.44103240966797
none,4,1011,1.0,0.0,1.0,1.0,1.0,1.0,19.28125,86.05859375,86.11328125,72.25,115.64453125,238.20703125,229.11328125,203.6171875,0.0,0.0,0.53515625,77.02388763427734
none,4,1012,1.0,0.0,1.0,1.0,1.0,1.0,20.015625,86.48046875,86.1484375,72.625,119.21484375,240.484375,228.51171875,205.0703125,0.0,0.0,0.56640625,76.87649536132812
none,4,1013,1.0,0.0,1.0,1.0,1.0,1.0,20.08203125,86.359375,86.31640625,72.81640625,118.21875,238.67578125,229.75,205.47265625,0.0,0.0,0.5390625,77.64907836914062
none,4,1014,1.0,0.0,1.0,1.0,1.0,1.0,19.41796875,86.96484375,86.66796875,72.07421875,117.46875,242.875,231.3984375,203.22265625,0.0,0.0,0.48046875,77.19852447509766
none,4,1015,1.0,0.0,1.0,1.0,1.0,1.0,19.37109375,86.9609375,85.8671875,71.234375,115.3125,243.15234375,229.6328125,201.96484375,0.0,0.0,0.46484375,76.80726623535156
none,4,1016,1.0,0.0,1.0,1.0,1.0,1.0,19.26171875,86.94921875,87.578125,72.28125,115.47265625,241.9140625,233.37109375,203.4609375,0.0,0.0,0.5234375,78.09508514404297
none,4,1017,1.0,0.0,1.0,1.0,1.0,1.0,19.265625,87.515625,85.359375,71.34375,116.59375,246.12890625,228.59765625,202.125,0.0,0.0,0.45703125,76.8302001953125
none,4,1018,1.0,0.0,1.0,1.0,1.0,1.0,18.6953125,87.24609375,87.9921875,72.13671875,113.171875,242.0234375,236.47265625,203.4609375,0.0,0.0,0.3984375,78.00205993652344
none,4,1019,1.0,0.0,1.0,1.0,1.0,1.0,19.12109375,87.76953125,86.67578125,71.15625,114.27734375,243.984375,233.390625,200.9609375,0.0,0.0,0.42578125,78.06051635742188
none,4,1020,1.0,0.0,1.0,1.0,1.0,1.0,19.08984375,87.96484375,87.20703125,69.8828125,113.625,245.38671875,231.50390625,196.6875,0.0,0.0,0.4609375,77.35716247558594
none,4,1021,1.0,0.0,1.0,1.0,1.0,1.0,19.74609375,87.2265625,86.578125,71.62890625,117.68359375,243.3828125,229.84375,201.31640625,0.0,0.0,0.51953125,77.27449035644531
none,4,1022,1.0,0.0,1.0,1.0,1.0,1.0,18.91015625,87.62890625,88.390625,69.9765625,112.015625,243.73828125,235.41015625,196.54296875,0.0,0.0,0.4375,77.75004577636719
none,4,1023,1.0,0.0,1.0,1.0,1.0,1.0,19.37109375,87.52734375,87.20703125,70.79296875,114.6015625,242.76953125,234.046875,199.75390625,0.0,0.0,0.53515625,77.59214782714844
none,4,1024,1.0,0.0,1.0,1.0,1.0,1.0,19.76171875,85.61328125,87.0078125,73.08984375,119.55859375,237.6796875,233.4375,205.5859375,0.0,0.0,0.5234375,77.81466674804688
none,4,1025,1.0,0.0,1.0,1.0,1.0,1.0,19.9609375,86.8203125,87.73828125,71.55859375,117.5390625,240.29296875,234.84765625,200.90625,0.0,0.0,0.52734375,77.76878356933594
none,4,1026,1.0,0.0,1.0,1.0,1.0,1.0,19.96875,86.80078125,85.8359375,72.3046875,118.0859375,239.40234375,228.7890625,202.60546875,0.0,0.0,0.4296875,76.72946166992188
none,4,1027,1.0,0.0,1.0,1.0,1.0,1.0,19.640625,86.91796875,87.1796875,71.31640625,116.69140625,241.03515625,232.6171875,198.953125,0.0,0.0,0.44921875,77.31798553466797
none,4,1028,1.0,0.0,1.0,1.0,1.0,1.0,19.68359375,87.18359375,86.90234375,73.3359375,117.5703125,241.90234375,230.58203125,204.71875,0.0,0.0,0.5625,78.45729064941406
none,4,1029,1.0,0.0,1.0,1.0,1.0,1.0,19.24609375,88.09765625,87.45703125,70.6015625,116.73828125,245.4140625,232.53125,196.3046875,0.0,0.0,0.45703125,77.83943176269531
none,4,1030,1.0,0.0,1.0,1.0,1.0,1.0,19.4140625,87.203125,86.90625,72.515625,114.890625,240.62109375,232.0234375,202.41796875,0.0,0.0,0.54296875,78.064453125
none,4,1031,1.0,0.0,1.0,1.0,1.0,1.0,19.48828125,87.29296875,86.484375,72.83203125,117.3515625,241.1484375,229.6953125,205.3671875,0.0,0.0,0.515625,77.50236511230469
none,4,1032,1.0,0.0,1.0,1.0,1.0,1.0,19.6640625,87.36328125,86.66796875,72.05859375,116.79296875,242.796875,229.53125,202.84375,0.0,0.0,0.53515625,77.63240814208984
none,4,1033,1.0,0.0,1.0,1.0,1.0,1.0,20.35546875,87.1484375,85.56640625,72.9765625,121.99609375,241.890625,226.6484375,204.8984375,0.0,0.0,0.54296875,77.13157653808594
none,4,1034,1.0,0.0,1.0,1.0,1.0,1.0,19.10546875,88.078125,86.08984375,71.46484375,113.71484375,243.8046875,230.13671875,200.5625,0.0,0.0,0.5546875,76.97097778320312
none,4,1035,1.0,0.0,1.0,1.0,1.0,1.0,19.046875,86.12109375,87.3984375,73.20703125,115.62890625,237.90625,231.53125,206.06640625,0.0,0.0,0.47265625,77.7546615600586
none,4,1036,1.0,0.0,1.0,1.0,1.0,1.0,19.0,88.51171875,88.1640625,71.39453125,114.50390625,244.11328125,235.3515625,200.96484375,0.0,0.0,0.5078125,78.37944030761719
none,4,1037,1.0,0.0,1.0,1.0,1.0,1.0,19.24609375,87.24609375,88.01171875,71.9296875,115.8671875,241.41015625,235.515625,201.10546875,0.0,0.0,0.53125,78.01878356933594
none,4,1038,1.0,0.0,1.0,1.0,1.0,1.0,19.34375,87.98046875,86.48046875,73.08984375,117.00390625,243.8671875,230.23828125,205.5859375,0.0,0.0,0.4921875,77.77897644042969
none,4,1039,1.0,0.0,1.0,1.0,1.0,1.0,19.1875,87.47265625,86.671875,71.73828125,118.0625,241.5390625,231.4921875,202.828125,0.0,0.0,0.5546875,77.91629028320312
none,4,1040,1.0,0.0,1.0,1.0,1.0,1.0,19.5390625,87.4765625,86.48828125,73.2890625,119.0625,241.46875,228.703125,206.65234375,0.0,0.0,0.48828125,78.22808074951172
none,4,1041,1.0,0.0,1.0,1.0,1.0,1.0,19.43359375,86.5,86.96484375,72.23046875,120.0234375,239.765625,229.55859375,205.44921875,0.0,0.0,0.55859375,77.41548919677734
none,4,1042,1.0,0.0,1.0,1.0,1.0,1.0,19.59375,88.98046875,85.890625,72.203125,118.84765625,246.44140625,226.984375,203.9609375,0.0,0.0,0.5390625,77.95211791992188
none,4,1043,1.0,0.0,1.0,1.0,1.0,1.0,19.546875,87.8046875,87.80859375,71.10546875,118.3828125,243.75390625,233.921875,199.98828125,0.0,0.0,0.59375,77.9436264038086
none,4,1044,1.0,0.0,1.0,1.0,1.0,1.0,18.99609375,88.50390625,88.40234375,71.5234375,114.703125,247.5703125,235.8671875,201.640625,0.0,0.0,0.50390625,79.05486297607422
none,4,1045,1.0,0.0,1.0,1.0,1.0,1.0,19.05859375,88.328125,88.421875,70.7890625,115.24609375,244.67578125,235.89453125,199.48046875,0.0,0.0,0.46875,78.60040283203125
none,4,1046,1.0,0.0,1.0,1.0,1.0,1.0,18.96484375,87.94921875,87.94140625,71.44140625,115.0390625,243.1640625,234.703125,201.90625,0.0,0.0,0.44921875,77.95388793945312
none,4,1047,1.0,0.0,1.0,1.0,1.0,1.0,18.9921875,89.24609375,87.56640625,71.484375,113.828125,246.78125,234.3359375,201.4765625,0.0,0.0,0.4609375,78.52806854248047
none,4,1048,1.0,0.0,1.0,1.0,1.0,1.0,19.05078125,88.75390625,87.05078125,71.21484375,114.68359375,246.75390625,232.4609375,198.421875,0.0,0.0,0.48828125,77.80876159667969
none,4,1049,1.0,0.0,1.0,1.0,1.0,1.0,18.5234375,87.96484375,88.984375,71.25,112.3359375,244.76171875,237.078125,198.2734375,0.0,0.0,0.4921875,78.50349426269531
none,4,1050,1.0,0.0,1.0,1.0,1.0,1.0,18.5234375,87.890625,88.7734375,69.60546875,112.046875,243.6171875,235.58984375,195.4453125,0.0,0.0,0.45703125,78.32864379882812
none,4,1051,1.0,0.0,1.0,1.0,1.0,1.0,19.04296875,87.58984375,87.83984375,71.37890625,112.125,241.41796875,233.40625,199.4140625,0.0,0.0,0.5390625,77.92951965332031
none,4,1052,1.0,0.0,1.0,1.0,1.0,1.0,18.69921875,87.5703125,87.3671875,72.23828125,114.046875,241.484375,232.30859375,202.3828125,0.0,0.0,0.51953125,78.23497009277344
none,4,1053,1.0,0.0,1.0,1.0,1.0,1.0,18.75,87.42578125,86.87890625,72.578125,115.734375,241.9296875,230.8046875,202.96484375,0.0,0.0,0.5,77.84221649169922
none,4,1054,1.0,0.0,1.0,1.0,1.0,1.0,18.65625,87.7578125,87.26171875,71.98828125,113.4296875,244.3125,233.51953125,200.1796875,0.0,0.0,0.51953125,78.37625122070312
none,4,1055,1.0,0.0,1.0,1.0,1.0,1.0,18.08984375,87.76953125,88.515625,72.609375,111.4375,242.47265625,236.1640625,201.96875,0.0,0.0,0.53515625,79.04444122314453
none,4,1056,1.0,0.0,1.0,1.0,1.0,1.0,18.64453125,86.5234375,87.21484375,73.39453125,114.62890625,238.80078125,233.55078125,206.01953125,0.0,0.0,0.56640625,78.38288879394531
none,4,1057,1.0,0.0,1.0,1.0,1.0,1.0,18.953125,86.86328125,88.171875,72.74609375,113.46875,238.80859375,236.26953125,204.3203125,0.0,0.0,0.57421875,78.347412109375
none,4,1058,1.0,0.0,1.0,1.0,1.0,1.0,19.03515625,87.93359375,87.37890625,71.8515625,112.91796875,242.6640625,233.7109375,201.54296875,0.0,0.0,0.53515625,78.11477661132812
none,4,1059,1.0,0.0,1.0,1.0,1.0,1.0,18.37890625,89.6171875,88.91015625,72.07421875,109.734375,248.0234375,238.01953125,199.49609375,0.0,0.0,0.43359375,79.3467025756836
none,4,1060,1.0,0.0,1.0,1.0,1.0,1.0,17.984375,87.984375,88.578125,72.25,110.421875,242.24609375,236.671875,201.51171875,0.0,0.0,0.5,78.76319885253906
none,4,1061,1.0,0.0,1.0,1.0,1.0,1.0,18.9140625,88.92578125,87.9453125,71.8046875,113.8984375,246.60546875,233.546875,199.84765625,0.0,0.0,0.4609375,78.59690856933594
none,4,1062,1.0,0.0,1.0,1.0,1.0,1.0,18.3984375,88.50390625,88.7578125,72.328125,110.48046875,244.44921875,235.3203125,200.6953125,0.0,0.0,0.4609375,79.49472045898438
none,4,1063,1.0,0.0,1.0,1.0,1.0,1.0,18.87109375,88.01953125,88.5859375,72.6796875,113.55078125,243.81640625,235.64453125,203.96484375,0.0,0.0,0.4609375,78.98637390136719
none,4,1064,1.0,0.0,1.0,1.0,1.0,1.0,18.625,89.08984375,88.23046875,71.97265625,112.6640625,246.078125,234.25390625,200.5546875,0.0,0.0,0.50390625,78.66889190673828
none,4,1065,1.0,0.0,1.0,1.0,1.0,1.0,18.84765625,90.50390625,89.4921875,71.30859375,113.6875,249.5390625,238.52734375,197.8515625,0.0,0.0,0.4375,80.00997924804688
none,4,1066,1.0,0.0,1.0,1.0,1.0,1.0,18.9765625,89.73046875,87.87109375,72.30859375,114.08203125,247.8125,234.09765625,201.80859375,0.0,0.0,0.41796875,79.17668151855469
none,4,1067,1.0,0.0,1.0,1.0,1.0,1.0,18.5390625,88.8671875,89.5234375,70.44140625,112.453125,246.6328125,238.5859375,195.7421875,0.0,0.0,0.421875,78.90081787109375
none,4,1068,1.0,0.0,1.0,1.0,1.0,1.0,18.10546875,88.9375,87.5390625,69.87109375,111.8125,246.59375,232.5859375,195.39453125,0.0,0.0,0.46875,78.20155334472656
none,4,1069,1.0,0.0,1.0,1.0,1.0,1.0,19.1640625,89.56640625,87.6328125,70.95703125,114.1875,247.60546875,234.16015625,197.1796875,0.0,0.0,0.546875,78.69866180419922
none,4,1070,1.0,0.0,1.0,1.0,1.0,1.0,18.46484375,87.30859375,88.9921875,73.01171875,114.38671875,241.3515625,237.67578125,205.91796875,0.0,0.0,0.48828125,79.5460433959961
none,4,1071,1.0,0.0,1.0,1.0,1.0,1.0,18.93359375,87.28515625,87.9765625,72.375,113.63671875,242.46875,234.5390625,204.16015625,0.0,0.0,0.5390625,78.36860656738281
none,4,1072,1.0,0.0,1.0,1.0,1.0,1.0,18.48046875,87.375,89.37109375,73.2109375,112.46484375,240.6796875,238.96484375,207.109375,0.0,0.0,0.5078125,79.57772064208984
none,4,1073,1.0,0.0,1.0,1.0,1.0,1.0,18.203125,88.50390625,88.40234375,72.57421875,112.5234375,245.30078125,235.01953125,204.81640625,0.0,0.0,0.47265625,79.41682434082031
none,4,1074,1.0,0.0,1.0,1.0,1.0,1.0,18.78125,88.6796875,88.515625,73.70703125,114.3984375,244.53125,235.12109375,206.8828125,0.0,0.0,0.55078125,79.89683532714844
none,4,1075,1.0,0.0,1.0,1.0,1.0,1.0,18.578125,88.4921875,88.390625,71.9296875,115.65625,245.25390625,234.9296875,202.1640625,0.0,0.0,0.5546875,78.9101333618164
none,4,1076,1.0,0.0,1.0,1.0,1.0,1.0,18.6328125,89.13671875,89.37890625,73.71484375,111.875,244.890625,236.76953125,205.9375,0.0,0.0,0.5078125,80.3907470703125
none,4,1077,1.0,0.0,1.0,1.0,1.0,1.0,18.390625,89.51953125,88.15625,73.18359375,111.625,247.88671875,234.59375,204.2265625,0.0,0.0,0.4609375,79.67703247070312
none,4,1078,1.0,0.0,1.0,1.0,1.0,1.0,18.453125,88.8203125,88.60546875,71.44140625,113.56640625,244.57421875,236.06640625,200.72265625,0.0,0.0,0.51953125,78.86990356445312
none,4,1079,1.0,0.0,1.0,1.0,1.0,1.0,18.33203125,89.0390625,89.10546875,71.98828125,115.11328125,244.0625,236.9375,201.6640625,0.0,0.0,0.421875,79.35125732421875
none,4,1080,1.0,0.0,1.0,1.0,1.0,1.0,18.23828125,89.84765625,87.265625,72.5703125,113.55859375,248.671875,233.359375,202.984375,0.0,0.0,0.49609375,78.85592651367188
none,4,1081,1.0,0.0,1.0,1.0,1.0,1.0,19.03125,89.0703125,89.8671875,71.12890625,114.19921875,247.046875,239.8046875,198.1171875,0.0,0.0,0.4453125,79.62574768066406
none,4,1082,1.0,0.0,1.0,1.0,1.0,1.0,18.40625,90.02734375,88.640625,73.21484375,115.19140625,247.92578125,236.1640625,205.1640625,0.0,0.0,0.515625,80.26414489746094
none,4,1083,1.0,0.0,1.0,1.0,1.0,1.0,18.65625,88.89453125,88.859375,72.73828125,114.73046875,246.609375,237.62109375,203.671875,0.0,0.0,0.41015625,79.70218658447266
none,4,1084,1.0,0.0,1.0,1.0,1.0,1.0,18.5078125,89.21484375,89.1875,73.18359375,113.7109375,245.95703125,237.3046875,204.9140625,0.0,0.0,0.5078125,80.135009765625
none,4,1085,1.0,0.0,1.0,1.0,1.0,1.0,18.4296875,88.33203125,89.2890625,73.6484375,114.33984375,242.515625,236.82421875,206.26953125,0.0,0.0,0.49609375,80.218017578125
none,4,1086,1.0,0.0,1.0,1.0,1.0,1.0,18.55859375,89.14453125,89.4765625,73.08203125,115.52734375,245.03515625,237.0390625,204.03125,0.0,0.0,0.4765625,79.94233703613281
none,4,1087,1.0,0.0,1.0,1.0,1.0,1.0,18.13671875,89.6640625,88.85546875,72.39453125,113.30859375,246.359375,236.29296875,201.4765625,0.0,0.0,0.515625,80.15103149414062
none,4,1088,1.0,0.0,1.0,1.0,1.0,1.0,18.546875,89.1328125,87.84765625,71.39453125,113.9453125,246.8359375,234.2109375,198.2421875,0.0,0.0,0.45703125,78.47975158691406
none,4,1089,1.0,0.0,1.0,1.0,1.0,1.0,18.8125,89.46875,88.27734375,71.95703125,114.7578125,247.61328125,234.44140625,199.234375,0.0,0.0,0.484375,79.06170654296875
none,4,1090,1.0,0.0,1.0,1.0,1.0,1.0,18.56640625,89.125,88.359375,73.11328125,112.28125,244.23828125,232.5390625,202.31640625,0.0,0.0,0.50390625,79.37551879882812
none,4,1091,1.0,0.0,1.0,1.0,1.0,1.0,18.5390625,87.99609375,89.98828125,73.83984375,112.75,240.890625,237.41796875,205.6484375,0.0,0.0,0.46484375,79.91871643066406
none,4,1092,1.0,0.0,1.0,1.0,1.0,1.0,18.328125,88.28125,89.609375,72.65234375,109.57421875,242.86328125,238.8203125,202.56640625,0.0,0.0,0.51171875,79.93135833740234
none,4,1093,1.0,0.0,1.0,1.0,1.0,1.0,18.421875,89.171875,88.93359375,72.421875,111.421875,245.64453125,236.375,201.8828125,0.0,0.0,0.50390625,79.198974609375
none,4,1094,1.0,0.0,1.0,1.0,1.0,1.0,17.73828125,88.55859375,88.875,72.55859375,110.55859375,244.60546875,236.06640625,201.56640625,0.0,0.0,0.453125,79.5702133178711
none,4,1095,1.0,0.0,1.0,1.0,1.0,1.0,17.83984375,89.578125,89.3125,72.46875,110.13671875,247.0625,236.70703125,201.55859375,0.0,0.0,0.4296875,79.73735809326172
none,4,1096,1.0,0.0,1.0,1.0,1.0,1.0,18.453125,89.359375,90.3046875,73.0625,111.5859375,246.0703125,239.37890625,203.53125,0.0,0.0,0.51171875,80.63221740722656
none,4,1097,1.0,0.0,1.0,1.0,1.0,1.0,17.69921875,88.54296875,90.15234375,73.55078125,108.140625,243.77734375,241.09765625,203.97265625,0.0,0.0,0.48828125,80.40709686279297
none,4,1098,1.0,0.0,1.0,1.0,1.0,1.0,17.890625,88.8359375,90.73828125,72.80078125,110.24609375,243.98828125,242.78515625,201.87109375,0.0,0.0,0.5078125,80.6351318359375
none,4,1099,1.0,0.0,1.0,1.0,1.0,1.0,17.7890625,88.546875,89.51953125,74.234375,110.55078125,244.13671875,237.3984375,207.47265625,0.0,0.0,0.44140625,80.45082092285156
none,4,1100,1.0,0.0,1.0,1.0,1.0,1.0,18.7578125,89.68359375,89.87109375,73.921875,114.19140625,247.6953125,237.55078125,206.50390625,0.0,0.0,0.46875,80.37667846679688
none,4,1101,1.0,0.0,1.0,1.0,1.0,1.0,17.71484375,89.5078125,89.765625,72.10546875,107.59765625,245.6796875,238.50390625,199.015625,0.0,0.0,0.5546875,79.86666107177734
none,4,1102,1.0,0.0,1.0,1.0,1.0,1.0,18.0390625,89.50390625,89.56640625,73.5234375,110.546875,246.140625,238.50390625,202.94921875,0.0,0.0,0.53515625,80.19734954833984
none,4,1103,1.0,0.0,1.0,1.0,1.0,1.0,18.140625,89.890625,89.71875,71.6484375,110.6015625,247.0625,239.00390625,199.2734375,0.0,0.0,0.50390625,79.71456909179688
none,4,1104,1.0,0.0,1.0,1.0,1.0,1.0,17.765625,90.46484375,89.83203125,71.55078125,108.36328125,250.26171875,239.3203125,197.78515625,0.0,0.0,0.5078125,80.14424133300781
none,4,1105,1.0,0.0,1.0,1.0,1.0,1.0,17.9921875,89.48828125,88.8671875,72.234375,111.25,247.41015625,237.609375,200.66015625,0.0,0.0,0.46875,79.5323486328125
none,4,1106,1.0,0.0,1.0,1.0,1.0,1.0,17.42578125,91.796875,89.80078125,70.60546875,105.890625,254.3203125,239.4765625,195.66015625,0.0,0.0,0.49609375,80.0687484741211
none,4,1107,1.0,0.0,1.0,1.0,1.0,1.0,17.76953125,91.4375,90.2734375,71.59375,107.54296875,252.9140625,241.0546875,198.7734375,0.0,0.0,0.52734375,80.64366912841797
none,4,1108,1.0,0.0,1.0,1.0,1.0,1.0,18.2265625,90.27734375,88.9375,72.47265625,110.18359375,249.703125,237.58984375,202.28515625,0.0,0.0,0.5234375,80.45421600341797
none,4,1109,1.0,0.0,1.0,1.0,1.0,1.0,17.85546875,91.4296875,89.6484375,71.7890625,108.984375,253.1640625,239.69921875,201.08984375,0.0,0.0,0.5546875,80.48866271972656
none,4,1110,1.0,0.0,1.0,1.0,1.0,1.0,18.3671875,89.484375,89.44140625,73.8046875,111.22265625,247.1796875,238.14453125,206.17578125,0.0,0.0,0.52734375,80.36700439453125
none,4,1111,1.0,0.0,1.0,1.0,1.0,1.0,17.49609375,90.29296875,89.23046875,73.27734375,107.95703125,249.26171875,237.5078125,203.921875,0.0,0.0,0.5078125,80.30650329589844
none,4,1112,1.0,0.0,1.0,1.0,1.0,1.0,17.87890625,90.23828125,89.09375,73.28515625,108.41015625,248.8359375,236.80859375,204.2421875,0.0,0.0,0.515625,80.48332214355469
none,4,1113,1.0,0.0,1.0,1.0,1.0,1.0,17.09375,90.78125,90.35546875,73.1171875,104.6484375,250.1875,239.171875,204.48046875,0.0,0.0,0.453125,81.61553192138672
none,4,1114,1.0,0.0,1.0,1.0,1.0,1.0,17.7890625,90.96875,90.453125,73.87890625,105.5390625,250.9140625,238.75,205.328125,0.0,0.0,0.515625,81.5359115600586
none,4,1115,1.0,0.0,1.0,1.0,1.0,1.0,17.17578125,91.51953125,89.05078125,72.71484375,104.21875,252.40234375,237.5625,202.13671875,0.0,0.0,0.390625,80.47622680664062
none,4,1116,1.0,0.0,1.0,1.0,1.0,1.0,17.3984375,89.671875,89.28125,73.296875,105.4609375,247.97265625,236.99609375,203.1875,0.0,0.0,0.52734375,80.51953125
none,4,1117,1.0,0.0,1.0,1.0,1.0,1.0,17.41015625,89.55078125,89.33203125,73.37890625,105.91796875,245.45703125,236.453125,203.24609375,0.0,0.0,0.48828125,80.09696960449219
none,4,1118,1.0,0.0,1.0,1.0,1.0,1.0,18.20703125,91.07421875,90.44921875,72.95703125,109.02734375,248.39453125,237.421875,200.34375,0.0,0.0,0.4453125,81.62591552734375
none,4,1119,1.0,0.0,1.0,1.0,1.0,1.0,18.1875,90.33203125,89.79296875,73.7109375,111.3984375,246.9140625,238.08203125,204.9609375,0.0,0.0,0.44921875,80.97732543945312
none,4,1120,1.0,0.0,1.0,1.0,1.0,1.0,17.84765625,92.1953125,90.3046875,71.74609375,107.47265625,253.55078125,238.4375,197.97265625,0.0,0.0,0.4375,81.05821990966797
none,4,1121,1.0,0.0,1.0,1.0,1.0,1.0,17.33984375,89.78515625,89.77734375,73.4765625,105.390625,244.875,238.03125,205.34375,0.0,0.0,0.5234375,80.75654602050781
none,4,1122,1.0,0.0,1.0,1.0,1.0,1.0,17.96875,90.04296875,90.015625,74.3203125,108.4453125,247.38671875,238.60546875,205.93359375,0.0,0.0,0.5390625,81.2589111328125
none,4,1123,1.0,0.0,1.0,1.0,1.0,1.0,17.63671875,90.3828125,90.171875,73.546875,106.3125,247.76953125,239.0,203.39453125,0.0,0.0,0.45703125,81.22978210449219
none,4,1124,1.0,0.0,1.0,1.0,1.0,1.0,17.2890625,90.11328125,90.0859375,73.578125,106.36328125,247.23046875,239.2578125,204.515625,0.0,0.0,0.5234375,80.95667266845703
none,4,1125,1.0,0.0,1.0,1.0,1.0,1.0,17.70703125,90.203125,90.734375,73.703125,106.44921875,248.015625,240.80078125,204.08203125,0.0,0.0,0.5234375,81.67195892333984
none,4,1126,1.0,0.0,1.0,1.0,1.0,1.0,17.90625,91.44921875,89.45703125,73.265625,107.9140625,250.88671875,237.79296875,201.3515625,0.0,0.0,0.484375,81.1424789428711
none,4,1127,1.0,0.0,1.0,1.0,1.0,1.0,18.19921875,90.23828125,89.47265625,73.8828125,109.58203125,249.53515625,238.46484375,202.83984375,0.0,0.0,0.51953125,80.59487915039062
none,4,1128,1.0,0.0,1.0,1.0,1.0,1.0,18.09375,90.1953125,90.453125,73.99609375,109.546875,248.203125,239.42578125,205.26171875,0.0,0.0,0.4609375,81.37938690185547
none,4,1129,1.0,0.0,1.0,1.0,1.0,1.0,17.98046875,89.7109375,89.53125,74.49609375,109.74609375,246.9140625,237.328125,207.4765625,0.0,0.0,0.4375,80.48037719726562
none,4,1130,1.0,0.0,1.0,1.0,1.0,1.0,18.4453125,90.765625,90.1171875,74.125,112.859375,249.26171875,237.58984375,205.32421875,0.0,0.0,0.4453125,81.57433319091797
none,4,1131,1.0,0.0,1.0,1.0,1.0,1.0,18.1796875,88.97265625,90.34765625,74.77734375,109.21875,244.14453125,240.578125,207.3203125,0.0,0.0,0.51171875,80.495361328125
none,4,1132,1.0,0.0,1.0,1.0,1.0,1.0,17.96875,89.30859375,91.00390625,74.24609375,108.6484375,245.34765625,241.58984375,204.55078125,0.0,0.0,0.51171875,81.26069641113281
none,4,1133,1.0,0.0,1.0,1.0,1.0,1.0,18.16796875,90.12890625,90.48828125,73.51953125,109.828125,248.19140625,240.24609375,205.2734375,0.0,0.0,0.45703125,81.08473205566406
none,4,1134,1.0,0.0,1.0,1.0,1.0,1.0,18.30078125,90.26953125,90.3046875,74.51953125,112.03125,248.51953125,239.4921875,205.98828125,0.0,0.0,0.5625,81.52149963378906
none,4,1135,1.0,0.0,1.0,1.0,1.0,1.0,18.10546875,89.921875,90.921875,73.94921875,108.83203125,247.91796875,242.76171875,203.83984375,0.0,0.0,0.484375,81.95187377929688
none,4,1136,1.0,0.0,1.0,1.0,1.0,1.0,17.98046875,90.62109375,90.34765625,73.30078125,110.90625,250.140625,239.6015625,203.8203125,0.0,0.0,0.46484375,81.3282699584961
none,4,1137,1.0,0.0,1.0,1.0,1.0,1.0,18.0859375,89.140625,91.0,74.59375,109.33203125,246.2578125,242.02734375,206.53125,0.0,0.0,0.47265625,81.46937561035156
none,4,1138,1.0,0.0,1.0,1.0,1.0,1.0,17.3671875,90.9296875,90.95703125,72.91015625,107.00390625,251.609375,242.96875,202.07421875,0.0,0.0,0.48046875,81.85546112060547
none,4,1139,1.0,0.0,1.0,1.0,1.0,1.0,18.0625,90.5390625,90.32421875,73.3203125,109.703125,250.76953125,240.83984375,202.76953125,0.0,0.0,0.453125,80.95924377441406
none,4,1140,1.0,0.0,1.0,1.0,1.0,1.0,18.19921875,90.3046875,89.41015625,73.51953125,108.19140625,249.17578125,239.76953125,204.60546875,0.0,0.0,0.45703125,80.79896545410156
none,4,1141,1.0,0.0,1.0,1.0,1.0,1.0,18.12109375,90.3125,90.4765625,73.4453125,110.76171875,248.87890625,240.546875,205.67578125,0.0,0.0,0.3828125,80.86970520019531
none,4,1142,1.0,0.0,1.0,1.0,1.0,1.0,18.08203125,89.1796875,91.86328125,73.625,111.71875,247.3125,244.4609375,205.0859375,0.0,0.0,0.4765625,81.22256469726562
none,4,1143,1.0,0.0,1.0,1.0,1.0,1.0,17.921875,90.04296875,90.78125,74.6328125,111.484375,249.76953125,241.4765625,208.6953125,0.0,0.0,0.46875,81.46420288085938
none,4,1144,1.0,0.0,1.0,1.0,1.0,1.0,18.1484375,90.03515625,91.046875,74.05078125,110.3984375,248.6171875,243.6796875,205.77734375,0.0,0.0,0.453125,81.48699951171875
none,4,1145,1.0,0.0,1.0,1.0,1.0,1.0,17.71484375,90.1640625,90.76953125,73.03125,111.41796875,250.953125,243.4296875,203.421875,0.0,0.0,0.46875,81.273193359375
none,4,1146,1.0,0.0,1.0,1.0,1.0,1.0,18.31640625,89.55078125,90.96484375,74.74609375,112.54296875,246.890625,244.20703125,208.265625,0.0,0.0,0.4765625,81.54841613769531
none,4,1147,1.0,0.0,1.0,1.0,1.0,1.0,18.15234375,90.19140625,90.60546875,72.87109375,111.25,250.9375,241.05859375,203.48046875,0.0,0.0,0.53125,80.89208221435547
none,4,1148,1.0,0.0,1.0,1.0,1.0,1.0,17.5,90.75390625,90.29296875,73.5,108.6796875,251.3828125,241.67578125,203.8046875,0.0,0.0,0.484375,81.5216064453125
none,4,1149,1.0,0.0,1.0,1.0,1.0,1.0,17.76171875,90.0546875,91.91796875,75.13671875,110.06640625,247.8671875,244.5078125,208.6953125,0.0,0.0,0.484375,82.61341857910156
none,4,1150,1.0,0.0,1.0,1.0,1.0,1.0,17.53125,90.1875,91.9140625,73.74609375,108.33203125,247.89453125,243.8125,205.5625,0.0,0.0,0.4375,81.65747833251953
none,4,1151,1.0,0.0,1.0,1.0,1.0,1.0,17.65234375,90.3125,89.91015625,74.1328125,109.19921875,250.9609375,237.625,205.5546875,0.0,0.0,0.4453125,80.60249328613281
none,4,1152,1.0,0.0,1.0,1.0,1.0,1.0,17.5234375,91.91796875,90.07421875,73.83203125,107.453125,254.3984375,238.4765625,202.83203125,0.0,0.0,0.46875,82.08004760742188
none,4,1153,1.0,0.0,1.0,1.0,1.0,1.0,17.9453125,90.50390625,90.5546875,73.69921875,109.1953125,250.0625,241.28515625,203.734375,0.0,0.0,0.5234375,81.19935607910156
none,4,1154,1.0,0.0,1.0,1.0,1.0,1.0,17.3515625,91.734375,90.66015625,73.53515625,106.8125,254.5234375,239.1875,202.65625,0.0,0.0,0.5,82.01812744140625
none,4,1155,1.0,0.0,1.0,1.0,1.0,1.0,17.59375,91.5859375,91.078125,73.453125,106.53125,251.890625,241.78515625,204.80859375,0.0,0.0,0.3984375,82.30728149414062
none,4,1156,1.0,0.0,1.0,1.0,1.0,1.0,17.71484375,91.34765625,91.5234375,73.30078125,106.87890625,250.17578125,242.82421875,202.32421875,0.0,0.0,0.4609375,82.14893341064453
none,4,1157,1.0,0.0,1.0,1.0,1.0,1.0,17.4296875,92.8203125,90.6796875,73.98046875,107.9609375,254.20703125,240.21875,203.43359375,0.0,0.0,0.44921875,82.68002319335938
none,4,1158,1.0,0.0,1.0,1.0,1.0,1.0,18.10546875,90.98828125,90.51171875,74.31640625,107.91796875,250.78515625,240.97265625,204.609375,0.0,0.0,0.4609375,81.60991668701172
none,4,1159,1.0,0.0,1.0,1.0,1.0,1.0,18.55859375,92.12109375,91.16015625,74.78125,109.44140625,251.09375,241.3046875,204.625,0.0,0.0,0.4296875,82.5357666015625
none,4,1160,1.0,0.0,1.0,1.0,1.0,1.0,17.609375,90.5703125,92.34765625,74.01171875,107.58203125,246.01953125,244.15234375,204.67578125,0.0,0.0,0.5,82.39762878417969
none,4,1161,1.0,0.0,1.0,1.0,1.0,1.0,18.078125,91.73828125,90.51171875,74.3125,110.66796875,249.1328125,238.48046875,206.05078125,0.0,0.0,0.40625,82.56566619873047
none,4,1162,1.0,0.0,1.0,1.0,1.0,1.0,17.51171875,91.47265625,91.53125,73.90625,107.60546875,249.0859375,241.44921875,201.046875,0.0,0.0,0.4296875,83.05349731445312
none,4,1163,1.0,0.0,1.0,1.0,1.0,1.0,17.95703125,90.421875,91.1171875,74.4921875,109.30078125,246.14453125,238.64453125,205.203125,0.0,0.0,0.46484375,82.12267303466797
none,4,1164,1.0,0.0,1.0,1.0,1.0,1.0,17.5234375,92.37109375,92.13671875,73.609375,108.88671875,251.5859375,242.3828125,201.890625,0.0,0.0,0.4453125,82.59880065917969
none,4,1165,1.0,0.0,1.0,1.0,1.0,1.0,18.38671875,89.65625,91.19921875,74.2734375,110.4375,243.78515625,240.83203125,203.80859375,0.0,0.0,0.46484375,80.72770690917969
none,4,1166,1.0,0.0,1.0,1.0,1.0,1.0,18.046875,90.98828125,91.66796875,74.421875,108.5859375,248.10546875,241.92578125,205.37890625,0.0,0.0,0.48046875,82.60152435302734
none,4,1167,1.0,0.0,1.0,1.0,1.0,1.0,17.51953125,90.37890625,91.05078125,74.58984375,107.51953125,246.50390625,239.9453125,205.39453125,0.0,0.0,0.4296875,82.05903625488281
none,4,1168,1.0,0.0,1.0,1.0,1.0,1.0,18.03125,91.765625,91.27734375,73.76171875,108.6875,252.484375,242.92578125,203.1796875,0.0,0.0,0.421875,82.40451049804688
none,4,1169,1.0,0.0,1.0,1.0,1.0,1.0,17.75390625,89.25,92.27734375,75.80859375,108.25390625,243.7109375,243.49609375,208.66796875,0.0,0.0,0.375,82.39599609375
none,4,1170,1.0,0.0,1.0,1.0,1.0,1.0,17.62890625,91.0546875,91.95703125,74.86328125,108.05078125,248.51953125,242.61328125,207.6328125,0.0,0.0,0.4609375,82.64334106445312
none,4,1171,1.0,0.0,1.0,1.0,1.0,1.0,17.84375,91.4375,91.38671875,74.01171875,109.1328125,248.9609375,240.95703125,204.2890625,0.0,0.0,0.4921875,82.4692611694336
none,4,1172,1.0,0.0,1.0,1.0,1.0,1.0,17.4453125,91.30859375,91.234375,75.30859375,106.6953125,248.765625,241.49609375,207.4140625,0.0,0.0,0.48046875,82.7778549194336
none,4,1173,1.0,0.0,1.0,1.0,1.0,1.0,18.0390625,91.5234375,93.3515625,74.32421875,106.57421875,249.96484375,248.26171875,204.32421875,0.0,0.0,0.4140625,83.47152709960938
none,4,1174,1.0,0.0,1.0,1.0,1.0,1.0,17.0078125,91.140625,91.72265625,75.1953125,105.28515625,248.0859375,243.68359375,205.98046875,0.0,0.0,0.39453125,82.82595825195312
none,4,1175,1.0,0.0,1.0,1.0,1.0,1.0,17.5078125,90.3125,92.16015625,76.375,107.828125,245.59765625,243.265625,209.30078125,0.0,0.0,0.453125,83.24714660644531
none,4,1176,1.0,0.0,1.0,1.0,1.0,1.0,17.18359375,91.09765625,92.515625,74.59375,103.98828125,249.58203125,245.04296875,204.8671875,0.0,0.0,0.4296875,82.87300872802734
none,4,1177,1.0,0.0,1.0,1.0,1.0,1.0,17.5546875,90.1484375,91.6640625,75.875,105.53515625,247.59765625,242.375,208.23828125,0.0,0.0,0.43359375,82.76579284667969
none,4,1178,1.0,0.0,1.0,1.0,1.0,1.0,17.29296875,90.296875,92.125,75.98046875,106.02734375,247.21875,243.53125,209.05859375,0.0,0.0,0.4453125,83.07386016845703
none,4,1179,1.0,0.0,1.0,1.0,1.0,1.0,17.765625,89.94140625,92.59765625,74.3515625,106.53125,244.4375,244.6328125,204.5078125,0.0,0.0,0.4921875,82.64452362060547
none,4,1180,1.0,0.0,1.0,1.0,1.0,1.0,18.2265625,90.84375,90.71875,76.7578125,109.18359375,247.91796875,238.5703125,210.2109375,0.0,0.0,0.5,83.04615783691406
none,4,1181,1.0,0.0,1.0,1.0,1.0,1.0,17.21484375,91.140625,92.1875,75.73828125,104.125,248.3671875,244.4765625,207.80078125,0.0,0.0,0.40234375,83.30393981933594
none,4,1182,1.0,0.0,1.0,1.0,1.0,1.0,16.984375,91.7890625,91.72265625,74.75390625,103.62890625,251.2265625,242.1875,205.65234375,0.0,0.0,0.515625,83.01683044433594
none,4,1183,1.0,0.0,1.0,1.0,1.0,1.0,17.6328125,91.40625,91.78125,73.84375,106.13671875,250.171875,243.13671875,202.046875,0.0,0.0,0.515625,82.56304168701172
none,4,1184,1.0,0.0,1.0,1.0,1.0,1.0,17.2421875,91.6328125,92.10546875,74.484375,105.46484375,250.109375,242.4765625,203.7109375,0.0,0.0,0.41015625,82.6591796875
none,4,1185,1.0,0.0,1.0,1.0,1.0,1.0,16.88671875,91.4140625,92.24609375,74.68359375,101.82421875,249.83984375,243.125,204.5390625,0.0,0.0,0.40234375,82.9102783203125
none,4,1186,1.0,0.0,1.0,1.0,1.0,1.0,17.203125,90.69140625,92.734375,75.26953125,104.32421875,248.67578125,244.16796875,207.7890625,0.0,0.0,0.44140625,83.13908386230469
none,4,1187,1.0,0.0,1.0,1.0,1.0,1.0,17.50390625,91.44921875,91.6640625,74.2890625,106.41015625,249.6875,242.52734375,206.26953125,0.0,0.0,0.4296875,82.68733215332031
none,4,1188,1.0,0.0,1.0,1.0,1.0,1.0,17.26953125,91.73828125,92.21484375,74.671875,105.140625,251.27734375,242.76171875,206.796875,0.0,0.0,0.44140625,82.50557708740234
none,4,1189,1.0,0.0,1.0,1.0,1.0,1.0,17.7421875,92.47265625,92.68359375,74.0546875,108.25,254.046875,244.27734375,203.83984375,0.0,0.0,0.48046875,83.46781921386719
none,4,1190,1.0,0.0,1.0,1.0,1.0,1.0,17.13671875,92.46484375,93.33984375,74.76171875,105.32421875,252.6015625,246.82421875,205.80078125,0.0,0.0,0.4453125,83.836669921875
none,4,1191,1.0,0.0,1.0,1.0,1.0,1.0,16.7734375,92.01953125,91.796875,73.8828125,103.18359375,251.09375,241.73046875,203.9921875,0.0,0.0,0.4453125,82.53085327148438
none,4,1192,1.0,0.0,1.0,1.0,1.0,1.0,17.15234375,91.7421875,92.34375,74.17578125,103.09375,250.29296875,244.125,202.8671875,0.0,0.0,0.53125,82.88372802734375
none,4,1193,1.0,0.0,1.0,1.0,1.0,1.0,17.140625,93.30859375,92.83984375,72.9140625,102.828125,254.54296875,243.95703125,199.23046875,0.0,0.0,0.4765625,83.35105895996094
none,4,1194,1.0,0.0,1.0,1.0,1.0,1.0,17.16796875,92.98828125,92.6796875,73.578125,103.359375,252.5859375,243.84765625,199.42578125,0.0,0.0,0.51953125,82.80754852294922
none,4,1195,1.0,0.0,1.0,1.0,1.0,1.0,17.046875,93.9921875,92.1328125,73.09375,102.53125,256.10546875,242.6328125,198.94921875,0.0,0.0,0.53515625,83.33147430419922
none,4,1196,1.0,0.0,1.0,1.0,1.0,1.0,16.8046875,93.37109375,91.00390625,74.24609375,102.71484375,251.41796875,240.45703125,201.61328125,0.0,0.0,0.49609375,83.23523712158203
none,4,1197,1.0,0.0,1.0,1.0,1.0,1.0,17.01171875,92.66796875,92.60546875,75.1484375,102.96484375,251.50390625,241.34765625,204.06640625,0.0,0.0,0.4140625,83.52198028564453
none,4,1198,1.0,0.0,1.0,1.0,1.0,1.0,17.45703125,93.484375,91.8203125,74.05078125,104.33203125,254.546875,242.82421875,202.01953125,0.0,0.0,0.4765625,83.84563446044922
none,4,1199,1.0,0.0,1.0,1.0,1.0,1.0,16.89453125,92.59765625,92.10546875,74.63671875,104.69921875,251.92578125,242.34765625,204.19140625,0.0,0.0,0.45703125,83.03237915039062
