N,D,bonus,condition,seed,update,eat0,eat1,selectivity,zaps,ret
12,100,8.75,none,0,0,61.265625,60.609375,0.0,40.125,-13.559896469116211
12,100,8.75,none,0,1,61.078125,61.0,0.0,40.28125,-13.445052146911621
12,100,8.75,none,0,2,60.296875,61.25,0.0,39.71875,-13.298698425292969
12,100,8.75,none,0,3,62.6875,60.28125,0.0,38.890625,-13.55390739440918
12,100,8.75,none,0,4,63.421875,60.828125,0.0,38.4375,-13.976171493530273
12,100,8.75,none,0,5,64.140625,60.265625,0.0,37.5625,-13.39570426940918
12,100,8.75,none,0,6,67.921875,60.046875,0.0,37.84375,-14.238801956176758
12,100,8.75,none,0,7,67.390625,60.46875,0.0,35.84375,-13.821093559265137
12,100,8.75,none,0,8,67.9375,61.671875,0.0,35.375,-13.623827934265137
12,100,8.75,none,0,9,69.28125,64.96875,0.0,33.765625,-13.061588287353516
12,100,8.75,none,0,10,69.890625,63.6875,0.0,33.34375,-13.30078125
12,100,8.75,none,0,11,70.078125,67.015625,0.0,32.34375,-12.501953125
12,100,8.75,none,0,12,74.140625,67.609375,0.0,31.625,-13.160937309265137
12,100,8.75,none,0,13,75.09375,71.5,0.0,31.390625,-12.649349212646484
12,100,8.75,none,0,14,76.203125,74.078125,0.0,30.390625,-12.453386306762695
12,100,8.75,none,0,15,76.96875,75.25,0.0,29.171875,-12.484895706176758
12,100,8.75,none,0,16,78.703125,76.953125,0.0,29.03125,-12.419010162353516
12,100,8.75,none,0,17,79.921875,80.578125,0.0,29.328125,-12.416537284851074
12,100,8.75,none,0,18,80.46875,82.96875,0.0,28.5625,-11.737760543823242
12,100,8.75,none,0,19,80.5625,86.875,0.0,27.484375,-11.567838668823242
12,100,8.75,none,0,20,86.40625,87.4375,0.0,26.8125,-11.834245681762695
12,100,8.75,none,0,21,86.921875,89.40625,0.0,26.5,-11.60117244720459
12,100,8.75,none,0,22,86.578125,91.03125,0.0,25.6875,-11.539454460144043
12,100,8.75,none,0,23,84.296875,93.484375,0.0,25.1875,-10.555858612060547
12,100,8.75,none,0,24,90.296875,92.375,0.0,24.125,-11.554817199707031
12,100,8.75,none,0,25,90.671875,93.875,0.0,22.765625,-10.995964050292969
12,100,8.75,none,0,26,92.140625,92.296875,0.0,22.328125,-11.125651359558105
12,100,8.75,none,0,27,92.46875,94.0,0.0,22.3125,-10.887370109558105
12,100,8.75,none,0,28,92.203125,98.3125,0.0,21.734375,-10.591015815734863
12,100,8.75,none,0,29,95.171875,96.53125,0.0,20.703125,-10.877214431762695
12,100,8.75,none,0,30,96.671875,95.53125,0.0,19.578125,-11.068099021911621
12,100,8.75,none,0,31,97.171875,96.203125,0.0,19.421875,-10.647526741027832
12,100,8.75,none,0,32,97.25,98.984375,0.0,18.921875,-11.061198234558105
12,100,8.75,none,0,33,97.265625,99.359375,0.0,18.640625,-10.709115982055664
12,100,8.75,none,0,34,95.375,99.546875,0.0,17.875,-10.153255462646484
12,100,8.75,none,0,35,98.84375,98.546875,0.0,17.75,-11.258333206176758
12,100,8.75,none,0,36,93.796875,99.609375,0.0,18.765625,-10.370573043823242
12,100,8.75,none,0,37,95.9375,101.140625,0.0,18.640625,-10.020703315734863
12,100,8.75,none,0,38,96.0,97.84375,0.0,18.046875,-10.864322662353516
12,100,8.75,none,0,39,98.53125,99.734375,0.0,18.03125,-10.600521087646484
12,100,8.75,none,0,40,97.6875,101.71875,0.0,17.1875,-10.341014862060547
12,100,8.75,none,0,41,97.53125,102.65625,0.0,17.28125,-10.107421875
12,100,8.75,none,0,42,96.953125,102.765625,0.0,17.5625,-10.286197662353516
12,100,8.75,none,0,43,97.78125,100.671875,0.0,18.078125,-10.24375057220459
12,100,8.75,none,0,44,97.46875,100.4375,0.0,17.78125,-10.435807228088379
12,100,8.75,none,0,45,98.390625,101.65625,0.0,17.90625,-10.843489646911621
12,100,8.75,none,0,46,97.78125,98.890625,0.0,18.34375,-11.214193344116211
12,100,8.75,none,0,47,96.96875,98.15625,0.0,18.5625,-10.867578506469727
12,100,8.75,none,0,48,99.4375,98.65625,0.0,17.671875,-10.961067199707031
12,100,8.75,none,0,49,97.0625,98.71875,0.0,18.609375,-10.864192962646484
12,100,8.75,none,0,50,96.515625,99.921875,0.0,18.5,-10.781379699707031
12,100,8.75,none,0,51,95.21875,98.375,0.0,18.40625,-10.917057037353516
12,100,8.75,none,0,52,94.921875,99.28125,0.0,19.4375,-10.770182609558105
12,100,8.75,none,0,53,94.0,98.640625,0.0,20.015625,-10.634245872497559
12,100,8.75,none,0,54,93.84375,97.46875,0.0,20.171875,-10.892057418823242
12,100,8.75,none,0,55,92.765625,98.953125,0.0,19.859375,-10.224609375
12,100,8.75,none,0,56,90.953125,97.46875,0.0,19.328125,-10.675520896911621
12,100,8.75,none,0,57,94.875,100.203125,0.0,19.515625,-10.592838287353516
12,100,8.75,none,0,58,95.046875,96.59375,0.0,20.375,-11.27734375
12,100,8.75,none,0,59,92.53125,100.25,0.0,20.25,-10.585416793823242
12,100,8.75,none,0,60,92.0625,96.875,0.0,20.125,-10.145833969116211
12,100,8.75,none,0,61,91.625,98.75,0.0,21.375,-10.274999618530273
12,100,8.75,none,0,62,93.46875,98.234375,0.0,20.25,-10.706380844116211
12,100,8.75,none,0,63,95.5,96.828125,0.0,19.75,-10.937629699707031
12,100,8.75,none,0,64,94.015625,96.390625,0.0,20.875,-11.079687118530273
12,100,8.75,none,0,65,93.796875,97.84375,0.0,20.734375,-10.598177909851074
12,100,8.75,none,0,66,93.171875,96.90625,0.0,20.953125,-10.651823043823242
12,100,8.75,none,0,67,93.765625,97.296875,0.0,20.65625,-10.830859184265137
12,100,8.75,none,0,68,94.53125,96.46875,0.0,20.375,-10.545312881469727
12,100,8.75,none,0,69,93.125,98.46875,0.0,20.0,-10.449870109558105
12,100,8.75,none,0,70,95.46875,97.09375,0.0,21.84375,-11.395051956176758
12,100,8.75,none,0,71,95.109375,96.953125,0.0,20.515625,-10.899869918823242
12,100,8.75,none,0,72,91.140625,98.328125,0.0,21.046875,-10.140364646911621
12,100,8.75,none,0,73,92.578125,98.515625,0.0,20.5625,-10.527734756469727
12,100,8.75,none,0,74,93.390625,98.015625,0.0,20.328125,-10.647135734558105
12,100,8.75,none,0,75,94.8125,98.53125,0.0,20.25,-11.011068344116211
12,100,8.75,none,0,76,92.6875,97.625,0.0,20.34375,-10.50390625
12,100,8.75,none,0,77,94.03125,98.390625,0.0,20.421875,-10.855859756469727
12,100,8.75,none,0,78,94.1875,99.40625,0.0,20.640625,-10.718358993530273
12,100,8.75,none,0,79,93.203125,99.4375,0.0,20.046875,-10.181640625
12,100,8.75,none,0,80,94.75,97.90625,0.0,20.140625,-10.728256225585938
12,100,8.75,none,0,81,92.984375,98.453125,0.0,21.09375,-10.938281059265137
12,100,8.75,none,0,82,93.078125,99.59375,0.0,19.953125,-10.462499618530273
12,100,8.75,none,0,83,92.078125,99.046875,0.0,19.65625,-10.289584159851074
12,100,8.75,none,0,84,91.90625,98.6875,0.0,20.046875,-10.229166984558105
12,100,8.75,none,0,85,94.265625,98.953125,0.0,19.640625,-11.06601619720459
12,100,8.75,none,0,86,93.75,100.265625,0.0,20.5,-10.14961051940918
12,100,8.75,none,0,87,93.0625,99.03125,0.0,19.28125,-10.049219131469727
12,100,8.75,none,0,88,94.484375,100.21875,0.0,20.34375,-10.413932800292969
12,100,8.75,none,0,89,95.5,100.390625,0.0,19.546875,-10.127344131469727
12,100,8.75,none,0,90,93.9375,99.09375,0.0,20.109375,-10.623308181762695
12,100,8.75,none,0,91,94.0,97.765625,0.0,20.046875,-10.862369537353516
12,100,8.75,none,0,92,96.15625,100.859375,0.0,19.71875,-10.566275596618652
12,100,8.75,none,0,93,94.9375,101.96875,0.0,19.890625,-10.514062881469727
12,100,8.75,none,0,94,93.5,100.625,0.0,18.703125,-10.267708778381348
12,100,8.75,none,0,95,94.96875,99.9375,0.0,18.90625,-10.448958396911621
12,100,8.75,none,0,96,94.578125,98.46875,0.0,19.6875,-10.519792556762695
12,100,8.75,none,0,97,94.78125,102.765625,0.0,18.984375,-9.745052337646484
12,100,8.75,none,0,98,95.125,101.34375,0.0,19.640625,-10.571224212646484
12,100,8.75,none,0,99,96.046875,98.875,0.0,19.5625,-10.940104484558105
12,100,8.75,none,0,100,94.453125,100.78125,0.0,19.78125,-10.471353530883789
12,100,8.75,none,0,101,94.84375,101.3125,0.0,19.078125,-10.409635543823242
12,100,8.75,none,0,102,97.796875,101.359375,0.0,17.875,-10.43671989440918
12,100,8.75,none,0,103,94.953125,100.8125,0.0,18.953125,-10.306640625
12,100,8.75,none,0,104,96.421875,103.0625,0.0,19.359375,-10.397135734558105
12,100,8.75,none,0,105,94.75,103.40625,0.0,18.484375,-10.092317581176758
12,100,8.75,none,0,106,93.8125,102.171875,0.0,18.859375,-10.048177719116211
12,100,8.75,none,0,107,94.125,102.71875,0.0,18.015625,-10.116666793823242
12,100,8.75,none,0,108,94.921875,102.828125,0.0,18.578125,-10.190104484558105
12,100,8.75,none,0,109,95.109375,102.890625,0.0,18.828125,-10.134635925292969
12,100,8.75,none,0,110,98.328125,102.921875,0.0,18.203125,-10.358203887939453
12,100,8.75,none,0,111,95.96875,105.21875,0.0,17.265625,-9.368880271911621
12,100,8.75,none,0,112,99.328125,103.4375,0.0,16.84375,-9.993490219116211
12,100,8.75,none,0,113,96.375,103.828125,0.0,17.6875,-9.984375
12,100,8.75,none,0,114,95.921875,104.984375,0.0,17.46875,-9.467317581176758
12,100,8.75,none,0,115,96.765625,103.046875,0.0,17.734375,-10.246745109558105
12,100,8.75,none,0,116,98.984375,104.03125,0.0,17.40625,-10.334896087646484
12,100,8.75,none,0,117,96.484375,103.921875,0.0,17.265625,-9.743099212646484
12,100,8.75,none,0,118,98.546875,104.25,0.0,17.21875,-10.279818534851074
12,100,8.75,none,0,119,96.296875,104.34375,0.0,17.234375,-9.522135734558105
12,100,8.75,none,0,120,95.453125,103.078125,0.0,16.96875,-10.121615409851074
12,100,8.75,none,0,121,96.390625,103.703125,0.0,17.421875,-9.885936737060547
12,100,8.75,none,0,122,96.859375,104.421875,0.0,17.640625,-10.0234375
12,100,8.75,none,0,123,95.984375,104.125,0.0,17.6875,-10.00742244720459
12,100,8.75,none,0,124,97.359375,105.671875,0.0,16.765625,-9.775521278381348
12,100,8.75,none,0,125,96.09375,104.734375,0.0,16.5,-9.449349403381348
12,100,8.75,none,0,126,95.859375,106.234375,0.0,16.5625,-9.46992301940918
12,100,8.75,none,0,127,98.5625,103.09375,0.0,16.46875,-10.063672065734863
12,100,8.75,none,0,128,97.96875,104.5625,0.0,16.203125,-10.075000762939453
12,100,8.75,none,0,129,97.375,104.59375,0.0,16.875,-9.525259971618652
12,100,8.75,none,0,130,97.9375,107.25,0.0,16.5625,-9.335546493530273
12,100,8.75,none,0,131,96.125,104.5625,0.0,16.78125,-9.516927719116211
12,100,8.75,none,0,132,98.796875,104.4375,0.0,17.4375,-9.961719512939453
12,100,8.75,none,0,133,97.890625,105.03125,0.0,16.640625,-9.793619155883789
12,100,8.75,none,0,134,95.28125,105.921875,0.0,16.328125,-9.093489646911621
12,100,8.75,none,0,135,99.453125,105.671875,0.0,15.84375,-10.280078887939453
12,100,8.75,none,0,136,95.65625,108.125,0.0,16.4375,-9.335026741027832
12,100,8.75,none,0,137,97.578125,106.59375,0.0,16.15625,-9.395833969116211
12,100,8.75,none,0,138,99.359375,105.265625,0.0,15.609375,-9.776432037353516
12,100,8.75,none,0,139,95.84375,106.90625,0.0,16.046875,-9.565494537353516
12,100,8.75,none,0,140,97.40625,107.828125,0.0,15.65625,-9.776432037353516
12,100,8.75,none,0,141,99.5,107.234375,0.0,15.8125,-9.614713668823242
12,100,8.75,none,0,142,98.8125,107.703125,0.0,15.59375,-9.458854675292969
12,100,8.75,none,0,143,99.4375,105.46875,0.0,15.59375,-9.646484375
12,100,8.75,none,0,144,99.5625,107.453125,0.0,15.921875,-9.666015625
12,100,8.75,none,0,145,97.9375,107.640625,0.0,15.53125,-8.857942581176758
12,100,8.75,none,0,146,97.046875,106.90625,0.0,14.921875,-8.987629890441895
12,100,8.75,none,0,147,99.078125,104.828125,0.0,14.984375,-9.29257869720459
12,100,8.75,none,0,148,97.828125,106.578125,0.0,15.90625,-9.364062309265137
12,100,8.75,none,0,149,97.34375,108.046875,0.0,14.96875,-9.027864456176758
12,100,8.75,none,0,150,97.15625,106.625,0.0,15.15625,-9.315104484558105
12,100,8.75,none,0,151,97.84375,106.609375,0.0,14.6875,-9.086588859558105
12,100,8.75,none,0,152,95.796875,106.984375,0.0,14.609375,-8.772656440734863
12,100,8.75,none,0,153,95.9375,108.46875,0.0,15.515625,-9.047917366027832
12,100,8.75,none,0,154,96.578125,105.640625,0.0,14.53125,-8.865885734558105
12,100,8.75,none,0,155,98.46875,107.640625,0.0,14.625,-9.443620681762695
12,100,8.75,none,0,156,96.734375,108.171875,0.0,14.625,-8.884244918823242
12,100,8.75,none,0,157,97.703125,107.828125,0.0,13.984375,-8.773569107055664
12,100,8.75,none,0,158,97.75,106.65625,0.0,15.015625,-9.493099212646484
12,100,8.75,none,0,159,97.375,105.578125,0.0,15.21875,-9.670312881469727
12,100,8.75,none,0,160,98.6875,108.65625,0.0,14.625,-8.62851619720459
12,100,8.75,none,0,161,98.1875,107.3125,0.0,14.546875,-8.936980247497559
12,100,8.75,none,0,162,95.40625,106.921875,0.0,14.671875,-8.930209159851074
12,100,8.75,none,0,163,98.0625,109.171875,0.0,14.71875,-9.34726619720459
12,100,8.75,none,0,164,97.40625,108.34375,0.0,14.328125,-8.678646087646484
12,100,8.75,none,0,165,99.578125,107.75,0.0,13.90625,-8.863802909851074
12,100,8.75,none,0,166,98.421875,107.984375,0.0,13.9375,-8.736719131469727
12,100,8.75,none,0,167,98.640625,109.09375,0.0,13.859375,-8.768750190734863
12,100,8.75,none,0,168,94.625,110.078125,0.0,14.015625,-8.349349021911621
12,100,8.75,none,0,169,97.25,108.859375,0.0,13.625,-8.442187309265137
12,100,8.75,none,0,170,99.140625,109.859375,0.0,14.140625,-8.93125057220459
12,100,8.75,none,0,171,97.6875,109.03125,0.0,14.921875,-8.642969131469727
12,100,8.75,none,0,172,98.046875,109.71875,0.0,13.8125,-8.431510925292969
12,100,8.75,none,0,173,98.609375,110.21875,0.0,12.84375,-8.237500190734863
12,100,8.75,none,0,174,96.515625,110.9375,0.0,13.5,-8.301172256469727
12,100,8.75,none,0,175,99.703125,108.34375,0.0,13.140625,-8.734766006469727
12,100,8.75,none,0,176,98.921875,112.234375,0.0,12.96875,-8.356120109558105
12,100,8.75,none,0,177,98.453125,109.140625,0.0,13.46875,-8.634115219116211
12,100,8.75,none,0,178,99.859375,109.65625,0.0,12.765625,-8.605339050292969
12,100,8.75,none,0,179,99.578125,107.6875,0.0,13.125,-8.747005462646484
12,100,8.75,none,0,180,98.453125,109.90625,0.0,13.296875,-8.627734184265137
12,100,8.75,none,0,181,99.84375,111.734375,0.0,13.015625,-8.533985137939453
12,100,8.75,none,0,182,99.421875,109.046875,0.0,13.421875,-8.918880462646484
12,100,8.75,none,0,183,99.6875,108.890625,0.0,12.859375,-8.637239456176758
12,100,8.75,none,0,184,99.921875,107.953125,0.0,12.78125,-8.973307609558105
12,100,8.75,none,0,185,97.640625,108.53125,0.0,13.21875,-8.348307609558105
12,100,8.75,none,0,186,99.046875,110.625,0.0,12.625,-8.464974403381348
12,100,8.75,none,0,187,96.296875,110.8125,0.0,13.40625,-7.83359432220459
12,100,8.75,none,0,188,98.109375,110.640625,0.0,13.046875,-8.348697662353516
12,100,8.75,none,0,189,98.953125,112.140625,0.0,12.609375,-8.10078239440918
12,100,8.75,none,0,190,96.203125,111.203125,0.0,13.609375,-7.957292079925537
12,100,8.75,none,0,191,98.203125,110.96875,0.0,12.265625,-8.257031440734863
12,100,8.75,none,0,192,97.421875,109.515625,0.0,12.46875,-8.08554744720459
12,100,8.75,none,0,193,99.09375,110.828125,0.0,12.734375,-8.603515625
12,100,8.75,none,0,194,99.859375,110.046875,0.0,11.765625,-8.275390625
12,100,8.75,none,0,195,96.21875,113.59375,0.0,12.890625,-7.677213668823242
12,100,8.75,none,0,196,97.46875,109.828125,0.0,12.625,-7.810676574707031
12,100,8.75,none,0,197,98.609375,111.25,0.0,12.5,-8.233464241027832
12,100,8.75,none,0,198,99.484375,110.546875,0.0,11.78125,-7.980208396911621
12,100,8.75,none,0,199,99.6875,109.0,0.0,12.546875,-8.227083206176758
12,100,8.75,none,0,200,100.1875,110.09375,0.0,12.171875,-8.532291412353516
12,100,8.75,none,0,201,97.5625,111.34375,0.0,12.109375,-7.755859375
12,100,8.75,none,0,202,96.9375,110.21875,0.0,11.921875,-7.845963954925537
12,100,8.75,none,0,203,98.234375,111.15625,0.0,12.53125,-7.948177337646484
12,100,8.75,none,0,204,98.640625,110.515625,0.0,11.65625,-8.350650787353516
12,100,8.75,none,0,205,96.8125,113.90625,0.0,11.5,-7.2643232345581055
12,100,8.75,none,0,206,101.03125,110.359375,0.0,11.984375,-8.493619918823242
12,100,8.75,none,0,207,98.65625,110.921875,0.0,12.140625,-8.227865219116211
12,100,8.75,none,0,208,102.859375,110.03125,0.0,11.75,-8.678515434265137
12,100,8.75,none,0,209,99.71875,111.828125,0.0,11.9375,-7.937760829925537
12,100,8.75,none,0,210,101.390625,110.1875,0.0,11.375,-8.651952743530273
12,100,8.75,none,0,211,101.453125,111.59375,0.0,11.703125,-8.096485137939453
12,100,8.75,none,0,212,99.265625,111.953125,0.0,12.015625,-7.8045573234558105
12,100,8.75,none,0,213,98.78125,110.734375,0.0,11.625,-7.893489837646484
12,100,8.75,none,0,214,100.203125,110.421875,0.0,11.703125,-8.20468807220459
12,100,8.75,none,0,215,98.4375,112.28125,0.0,11.6875,-7.3214850425720215
12,100,8.75,none,0,216,100.578125,113.578125,0.0,11.453125,-7.9205732345581055
12,100,8.75,none,0,217,99.59375,110.765625,0.0,11.640625,-8.12109375
12,100,8.75,none,0,218,98.625,113.21875,0.0,11.921875,-7.977603912353516
12,100,8.75,none,0,219,99.46875,111.125,0.0,11.65625,-7.693490028381348
12,100,8.75,none,0,220,97.515625,112.4375,0.0,10.921875,-7.693620204925537
12,100,8.75,none,0,221,97.28125,111.8125,0.0,11.296875,-7.5944013595581055
12,100,8.75,none,0,222,99.671875,110.640625,0.0,11.546875,-7.698958396911621
12,100,8.75,none,0,223,98.828125,112.421875,0.0,11.40625,-7.849479675292969
12,100,8.75,none,0,224,96.71875,112.703125,0.0,10.75,-7.344661235809326
12,100,8.75,none,0,225,99.875,112.3125,0.0,10.671875,-8.006900787353516
12,100,8.75,none,0,226,99.171875,112.796875,0.0,11.171875,-7.86289119720459
12,100,8.75,none,0,227,97.5625,112.953125,0.0,10.40625,-7.35312557220459
12,100,8.75,none,0,228,97.828125,113.296875,0.0,10.453125,-7.286197662353516
12,100,8.75,none,0,229,99.6875,112.0,0.0,11.171875,-7.40625
12,100,8.75,none,0,230,99.125,111.859375,0.0,10.78125,-7.729947566986084
12,100,8.75,none,0,231,97.828125,113.828125,0.0,10.421875,-7.1554694175720215
12,100,8.75,none,0,232,96.78125,112.34375,0.0,10.578125,-7.535937786102295
12,100,8.75,none,0,233,100.421875,113.53125,0.0,10.15625,-7.574479579925537
12,100,8.75,none,0,234,98.59375,113.390625,0.0,10.265625,-7.452083110809326
12,100,8.75,none,0,235,100.03125,112.5625,0.0,10.5,-7.673177242279053
12,100,8.75,none,0,236,97.5,113.5,0.0,10.21875,-7.4850263595581055
12,100,8.75,none,0,237,99.46875,111.3125,0.0,11.328125,-7.7428388595581055
12,100,8.75,none,0,238,99.5625,113.71875,0.0,10.8125,-7.616796493530273
12,100,8.75,none,0,239,100.0625,112.90625,0.0,10.421875,-7.703125
12,100,8.75,none,0,240,98.53125,112.59375,0.0,10.3125,-7.523568153381348
12,100,8.75,none,0,241,97.578125,114.359375,0.0,10.265625,-7.249740123748779
12,100,8.75,none,0,242,96.96875,115.0625,0.0,10.3125,-6.948307037353516
12,100,8.75,none,0,243,99.90625,112.890625,0.0,9.71875,-7.3527350425720215
12,100,8.75,none,0,244,96.8125,114.734375,0.0,9.96875,-6.4992194175720215
12,100,8.75,none,0,245,98.359375,115.1875,0.0,9.78125,-7.047135829925537
12,100,8.75,none,0,246,97.53125,113.609375,0.0,10.25,-7.084375381469727
12,100,8.75,none,0,247,97.5,115.75,0.0,9.15625,-6.7018232345581055
12,100,8.75,none,0,248,96.765625,114.90625,0.0,9.90625,-6.866275787353516
12,100,8.75,none,0,249,96.0625,113.828125,0.0,11.109375,-7.172135829925537
12,100,8.75,none,0,250,98.515625,112.21875,0.0,10.765625,-7.392317771911621
12,100,8.75,none,0,251,99.484375,112.75,0.0,9.859375,-7.5089850425720215
12,100,8.75,none,0,252,99.34375,114.1875,0.0,10.421875,-7.460416793823242
12,100,8.75,none,0,253,99.21875,115.109375,0.0,9.90625,-6.948047161102295
12,100,8.75,none,0,254,97.828125,114.296875,0.0,9.890625,-6.8561201095581055
12,100,8.75,none,0,255,98.21875,115.09375,0.0,9.890625,-7.123307704925537
12,100,8.75,none,0,256,98.328125,114.09375,0.0,9.796875,-7.200130462646484
12,100,8.75,none,0,257,99.140625,114.765625,0.0,10.1875,-7.119921684265137
12,100,8.75,none,0,258,98.703125,114.515625,0.0,9.6875,-6.73046875
12,100,8.75,none,0,259,99.234375,111.9375,0.0,9.875,-7.066667079925537
12,100,8.75,none,0,260,97.4375,115.453125,0.0,9.78125,-6.5358076095581055
12,100,8.75,none,0,261,99.109375,114.6875,0.0,9.4375,-6.914063453674316
12,100,8.75,none,0,262,99.640625,116.703125,0.0,10.1875,-7.017318248748779
12,100,8.75,none,0,263,98.78125,115.734375,0.0,8.953125,-6.6437506675720215
12,100,8.75,none,0,264,101.34375,113.59375,0.0,9.25,-7.396484375
12,100,8.75,none,0,265,97.40625,115.21875,0.0,9.90625,-6.625
12,100,8.75,none,0,266,99.0625,116.296875,0.0,9.34375,-6.663411617279053
12,100,8.75,none,0,267,97.890625,116.296875,0.0,9.59375,-6.262760162353516
12,100,8.75,none,0,268,98.0,115.703125,0.0,9.78125,-6.427734375
12,100,8.75,none,0,269,96.71875,115.09375,0.0,9.734375,-6.297786712646484
12,100,8.75,none,0,270,99.28125,113.921875,0.0,9.734375,-7.1209635734558105
12,100,8.75,none,0,271,99.703125,115.3125,0.0,8.828125,-6.719010829925537
12,100,8.75,none,0,272,98.875,114.953125,0.0,9.3125,-6.702083587646484
12,100,8.75,none,0,273,98.34375,114.953125,0.0,9.515625,-6.87460994720459
12,100,8.75,none,0,274,98.109375,117.234375,0.0,9.296875,-6.520833492279053
12,100,8.75,none,0,275,99.28125,116.46875,0.0,9.234375,-6.361718654632568
12,100,8.75,none,0,276,98.796875,117.390625,0.0,9.015625,-6.500260829925537
12,100,8.75,none,0,277,98.109375,116.421875,0.0,8.4375,-6.658332824707031
12,100,8.75,none,0,278,98.5,115.203125,0.0,8.921875,-6.3619794845581055
12,100,8.75,none,0,279,95.703125,115.484375,0.0,9.53125,-6.303775787353516
12,100,8.75,none,0,280,97.15625,117.0,0.0,9.21875,-6.22265625
12,100,8.75,none,0,281,96.90625,114.359375,0.0,9.421875,-6.326171875
12,100,8.75,none,0,282,97.890625,113.5625,0.0,9.5,-6.79843807220459
12,100,8.75,none,0,283,97.734375,118.703125,0.0,8.921875,-6.329427719116211
12,100,8.75,none,0,284,100.65625,113.734375,0.0,9.046875,-6.716796875
12,100,8.75,none,0,285,98.140625,116.625,0.0,8.765625,-6.356380462646484
12,100,8.75,none,0,286,99.96875,117.25,0.0,9.8125,-7.08984375
12,100,8.75,none,0,287,96.71875,116.53125,0.0,9.078125,-6.330079078674316
12,100,8.75,none,0,288,96.703125,117.25,0.0,8.59375,-6.142838954925537
12,100,8.75,none,0,289,96.671875,116.28125,0.0,9.125,-6.3053388595581055
12,100,8.75,none,0,290,95.234375,116.84375,0.0,9.234375,-6.310807704925537
12,100,8.75,none,0,291,96.671875,116.546875,0.0,8.828125,-6.299349784851074
12,100,8.75,none,0,292,97.3125,116.4375,0.0,8.8125,-6.601823329925537
12,100,8.75,none,0,293,96.984375,118.21875,0.0,9.4375,-6.2205729484558105
12,100,8.75,none,0,294,96.875,117.5625,0.0,9.21875,-6.10898494720459
12,100,8.75,none,0,295,99.703125,115.5,0.0,8.625,-6.520442962646484
12,100,8.75,none,0,296,98.25,118.1875,0.0,8.5,-6.324349403381348
12,100,8.75,none,0,297,98.25,115.75,0.0,8.734375,-6.449479579925537
12,100,8.75,none,0,298,96.265625,116.078125,0.0,9.421875,-5.98046875
12,100,8.75,none,0,299,96.921875,119.921875,0.0,8.0,-5.525260925292969
12,100,8.75,none,0,300,95.234375,117.84375,0.0,8.859375,-5.712239742279053
12,100,8.75,none,0,301,97.109375,115.78125,0.0,8.734375,-6.065494537353516
12,100,8.75,none,0,302,97.09375,116.359375,0.0,8.453125,-6.380208492279053
12,100,8.75,none,0,303,95.015625,118.0,0.0,8.359375,-6.020703315734863
12,100,8.75,none,0,304,100.5625,114.828125,0.0,8.640625,-6.6217451095581055
12,100,8.75,none,0,305,97.703125,118.46875,0.0,8.078125,-5.72031307220459
12,100,8.75,none,0,306,97.0625,116.90625,0.0,8.203125,-5.886458873748779
12,100,8.75,none,0,307,97.875,116.390625,0.0,8.953125,-6.444661617279053
12,100,8.75,none,0,308,97.125,116.859375,0.0,7.984375,-6.3125
12,100,8.75,none,0,309,98.65625,115.984375,0.0,8.5,-6.36875057220459
12,100,8.75,none,0,310,98.015625,118.84375,0.0,8.875,-6.491015911102295
12,100,8.75,none,0,311,96.8125,117.78125,0.0,8.671875,-5.91015625
12,100,8.75,none,0,312,98.359375,117.859375,0.0,7.890625,-6.21484375
12,100,8.75,none,0,313,94.15625,117.921875,0.0,8.71875,-5.195834159851074
12,100,8.75,none,0,314,99.265625,118.125,0.0,8.0,-6.3203125
12,100,8.75,none,0,315,96.671875,117.6875,0.0,8.671875,-6.508203506469727
12,100,8.75,none,0,316,99.1875,117.203125,0.0,8.4375,-6.574609279632568
12,100,8.75,none,0,317,95.5,116.328125,0.0,8.65625,-5.832942962646484
12,100,8.75,none,0,318,99.4375,116.25,0.0,8.65625,-6.902734279632568
12,100,8.75,none,0,319,96.984375,118.84375,0.0,8.109375,-6.130338668823242
12,100,8.75,none,0,320,96.34375,117.375,0.0,8.515625,-5.7101569175720215
12,100,8.75,none,0,321,97.46875,118.984375,0.0,8.15625,-6.28515625
12,100,8.75,none,0,322,96.671875,116.828125,0.0,7.84375,-6.111849784851074
12,100,8.75,none,0,323,94.796875,117.484375,0.0,8.40625,-5.770833492279053
12,100,8.75,none,0,324,96.53125,119.359375,0.0,8.15625,-5.81640625
12,100,8.75,none,0,325,95.515625,117.90625,0.0,8.078125,-5.665495872497559
12,100,8.75,none,0,326,95.8125,120.203125,0.0,8.53125,-5.6276044845581055
12,100,8.75,none,0,327,94.609375,119.484375,0.0,8.234375,-5.6320319175720215
12,100,8.75,none,0,328,96.21875,118.53125,0.0,8.296875,-5.315755844116211
12,100,8.75,none,0,329,96.984375,120.546875,0.0,7.984375,-5.768619537353516
12,100,8.75,none,0,330,97.09375,120.046875,0.0,8.046875,-5.4236979484558105
12,100,8.75,none,0,331,94.1875,117.328125,0.0,8.421875,-5.761979579925537
12,100,8.75,none,0,332,95.625,117.71875,0.0,7.78125,-5.512760162353516
12,100,8.75,none,0,333,96.34375,115.84375,0.0,8.109375,-6.361848831176758
12,100,8.75,none,0,334,98.03125,117.59375,0.0,8.484375,-6.0389323234558105
12,100,8.75,none,0,335,98.546875,117.875,0.0,7.953125,-6.464323997497559
12,100,8.75,none,0,336,97.078125,118.296875,0.0,8.1875,-6.074740409851074
12,100,8.75,none,0,337,96.90625,119.109375,0.0,8.734375,-5.6783857345581055
12,100,8.75,none,0,338,96.484375,117.4375,0.0,8.0,-5.872265815734863
12,100,8.75,none,0,339,96.0625,119.765625,0.0,8.296875,-5.870833396911621
12,100,8.75,none,0,340,95.609375,119.140625,0.0,7.8125,-5.686979293823242
12,100,8.75,none,0,341,96.90625,117.1875,0.0,7.625,-6.224479675292969
12,100,8.75,none,0,342,98.390625,117.421875,0.0,7.875,-6.0690107345581055
12,100,8.75,none,0,343,96.375,119.375,0.0,7.84375,-5.984375
12,100,8.75,none,0,344,96.75,119.234375,0.0,8.640625,-5.63437557220459
12,100,8.75,none,0,345,99.65625,115.78125,0.0,7.90625,-6.739322662353516
12,100,8.75,none,0,346,96.28125,118.65625,0.0,8.046875,-5.6549482345581055
12,100,8.75,none,0,347,98.546875,117.625,0.0,7.65625,-5.664844036102295
12,100,8.75,none,0,348,96.359375,119.078125,0.0,8.78125,-5.358333587646484
12,100,8.75,none,0,349,96.8125,120.109375,0.0,7.5,-5.578516006469727
12,100,8.75,none,0,350,94.359375,120.421875,0.0,8.078125,-4.952474594116211
12,100,8.75,none,0,351,99.46875,119.328125,0.0,7.78125,-6.091145992279053
12,100,8.75,none,0,352,97.359375,118.109375,0.0,7.34375,-5.8033857345581055
12,100,8.75,none,0,353,97.296875,119.109375,0.0,7.6875,-5.224740028381348
12,100,8.75,none,0,354,96.140625,118.015625,0.0,7.875,-5.414974212646484
12,100,8.75,none,0,355,95.125,120.328125,0.0,7.609375,-5.75156307220459
12,100,8.75,none,0,356,94.078125,122.21875,0.0,7.328125,-4.7358078956604
12,100,8.75,none,0,357,98.453125,117.734375,0.0,7.71875,-5.819140911102295
12,100,8.75,none,0,358,95.984375,120.0,0.0,7.875,-5.588021278381348
12,100,8.75,none,0,359,97.609375,121.421875,0.0,7.984375,-5.586978912353516
12,100,8.75,none,0,360,98.703125,119.25,0.0,7.40625,-5.628645896911621
12,100,8.75,none,0,361,99.140625,118.640625,0.0,6.953125,-5.465104579925537
12,100,8.75,none,0,362,95.890625,119.125,0.0,7.640625,-5.513411521911621
12,100,8.75,none,0,363,94.515625,121.390625,0.0,7.375,-5.155208587646484
12,100,8.75,none,0,364,96.3125,118.609375,0.0,7.71875,-5.389583587646484
12,100,8.75,none,0,365,95.546875,120.40625,0.0,7.546875,-5.456119537353516
12,100,8.75,none,0,366,94.03125,120.28125,0.0,7.703125,-4.826432704925537
12,100,8.75,none,0,367,97.0625,119.890625,0.0,7.0625,-5.636067867279053
12,100,8.75,none,0,368,93.265625,119.765625,0.0,7.03125,-5.200911521911621
12,100,8.75,none,0,369,95.859375,119.046875,0.0,7.484375,-5.261589050292969
12,100,8.75,none,0,370,95.71875,119.828125,0.0,7.015625,-5.299739837646484
12,100,8.75,none,0,371,96.0625,121.15625,0.0,7.6875,-5.290234565734863
12,100,8.75,none,0,372,95.8125,120.84375,0.0,7.46875,-5.654036521911621
12,100,8.75,none,0,373,94.5,120.46875,0.0,7.125,-5.186328411102295
12,100,8.75,none,0,374,94.328125,120.109375,0.0,7.71875,-5.614583492279053
12,100,8.75,none,0,375,96.234375,120.171875,0.0,6.8125,-5.053125381469727
12,100,8.75,none,0,376,95.890625,119.046875,0.0,7.328125,-5.2506513595581055
12,100,8.75,none,0,377,95.046875,122.1875,0.0,7.5,-5.107942581176758
12,100,8.75,none,0,378,93.578125,120.578125,0.0,7.84375,-4.709375381469727
12,100,8.75,none,0,379,95.15625,121.046875,0.0,7.609375,-5.3585944175720215
12,100,8.75,none,0,380,96.3125,119.515625,0.0,7.46875,-5.640364646911621
12,100,8.75,none,0,381,96.5,122.109375,0.0,7.046875,-5.286328315734863
12,100,8.75,none,0,382,95.484375,121.46875,0.0,7.109375,-4.9660162925720215
12,100,8.75,none,0,383,95.484375,119.265625,0.0,7.046875,-6.000781536102295
12,100,8.75,none,0,384,96.578125,120.421875,0.0,6.9375,-5.776432991027832
12,100,8.75,none,0,385,95.9375,120.390625,0.0,6.390625,-5.135156631469727
12,100,8.75,none,0,386,94.484375,120.5,0.0,7.53125,-5.668880462646484
12,100,8.75,none,0,387,95.5625,116.796875,0.0,7.0,-5.470183372497559
12,100,8.75,none,0,388,94.953125,120.5625,0.0,7.453125,-5.313281536102295
12,100,8.75,none,0,389,94.890625,119.984375,0.0,7.46875,-5.158594131469727
12,100,8.75,none,0,390,96.296875,119.0,0.0,7.546875,-5.62265682220459
12,100,8.75,none,0,391,95.265625,122.5625,0.0,7.484375,-5.207292079925537
12,100,8.75,none,0,392,97.578125,121.46875,0.0,6.828125,-5.456120491027832
12,100,8.75,none,0,393,93.40625,120.703125,0.0,7.421875,-5.027734756469727
12,100,8.75,none,0,394,95.828125,122.84375,0.0,6.234375,-5.159375190734863
12,100,8.75,none,0,395,97.703125,118.84375,0.0,6.78125,-5.559505462646484
12,100,8.75,none,0,396,94.734375,120.734375,0.0,7.140625,-4.973698616027832
12,100,8.75,none,0,397,94.6875,122.671875,0.0,6.625,-4.899219036102295
12,100,8.75,none,0,398,95.5,120.0625,0.0,7.546875,-5.556901454925537
12,100,8.75,none,0,399,94.3125,121.65625,0.0,7.265625,-5.081901550292969
12,100,8.75,none,0,400,94.609375,122.578125,0.0,6.875,-4.790494918823242
12,100,8.75,none,0,401,95.265625,123.234375,0.0,6.40625,-4.934635639190674
12,100,8.75,none,0,402,95.859375,120.875,0.0,6.421875,-5.163671970367432
12,100,8.75,none,0,403,96.296875,122.984375,0.0,6.703125,-5.141406536102295
12,100,8.75,none,0,404,95.125,122.734375,0.0,6.8125,-4.744922161102295
12,100,8.75,none,0,405,95.078125,122.28125,0.0,7.046875,-4.685417175292969
12,100,8.75,none,0,406,94.6875,120.453125,0.0,6.515625,-4.7096357345581055
12,100,8.75,none,0,407,95.6875,120.765625,0.0,6.59375,-5.006771087646484
12,100,8.75,none,0,408,94.59375,122.296875,0.0,7.0,-5.106640815734863
12,100,8.75,none,0,409,97.015625,121.71875,0.0,6.65625,-5.5475263595581055
12,100,8.75,none,0,410,93.03125,121.421875,0.0,7.09375,-4.792839050292969
12,100,8.75,none,0,411,94.53125,121.453125,0.0,6.546875,-4.73203182220459
12,100,8.75,none,0,412,94.484375,122.484375,0.0,6.9375,-4.8807291984558105
12,100,8.75,none,0,413,95.609375,122.34375,0.0,6.953125,-4.874349117279053
12,100,8.75,none,0,414,96.03125,120.0,0.0,6.328125,-4.750911712646484
12,100,8.75,none,0,415,95.5,122.0,0.0,6.40625,-4.866275787353516
12,100,8.75,none,0,416,94.546875,122.0625,0.0,6.046875,-4.475911617279053
12,100,8.75,none,0,417,97.15625,123.359375,0.0,7.0,-5.286067962646484
12,100,8.75,none,0,418,94.921875,122.765625,0.0,6.59375,-4.80625057220459
12,100,8.75,none,0,419,94.34375,121.1875,0.0,6.859375,-4.982421875
12,100,8.75,none,0,420,92.375,123.9375,0.0,6.265625,-4.5416669845581055
12,100,8.75,none,0,421,94.78125,123.078125,0.0,6.484375,-4.830859661102295
12,100,8.75,none,0,422,96.140625,121.703125,0.0,6.390625,-4.763671875
12,100,8.75,none,0,423,96.234375,123.109375,0.0,5.90625,-4.601041793823242
12,100,8.75,none,0,424,94.0625,122.40625,0.0,6.3125,-4.581250190734863
12,100,8.75,none,0,425,96.03125,122.109375,0.0,6.71875,-5.034245014190674
12,100,8.75,none,0,426,95.859375,119.671875,0.0,6.140625,-5.454427242279053
12,100,8.75,none,0,427,95.265625,124.265625,0.0,6.546875,-4.963411808013916
12,100,8.75,none,0,428,94.703125,124.265625,0.0,6.703125,-4.392057418823242
12,100,8.75,none,0,429,95.5,123.515625,0.0,5.828125,-4.756640911102295
12,100,8.75,none,0,430,96.71875,123.28125,0.0,6.21875,-4.742708683013916
12,100,8.75,none,0,431,95.109375,123.0,0.0,6.140625,-4.6015625
12,100,8.75,none,0,432,95.375,120.359375,0.0,6.984375,-5.306771278381348
12,100,8.75,none,0,433,95.84375,122.703125,0.0,5.9375,-4.465104579925537
12,100,8.75,none,0,434,95.765625,120.71875,0.0,5.90625,-4.88242244720459
12,100,8.75,none,0,435,96.328125,120.96875,0.0,6.09375,-5.1593756675720215
12,100,8.75,none,0,436,95.28125,121.671875,0.0,6.328125,-4.49179744720459
12,100,8.75,none,0,437,96.8125,122.171875,0.0,6.59375,-4.949609756469727
12,100,8.75,none,0,438,92.46875,122.796875,0.0,5.875,-4.096745491027832
12,100,8.75,none,0,439,95.578125,121.859375,0.0,5.671875,-4.58203125
12,100,8.75,none,0,440,95.65625,123.0625,0.0,6.390625,-4.6998701095581055
12,100,8.75,none,0,441,96.609375,123.1875,0.0,6.21875,-4.859505653381348
12,100,8.75,none,0,442,95.5,122.34375,0.0,6.15625,-4.47617244720459
12,100,8.75,none,0,443,97.703125,122.890625,0.0,6.5625,-5.101953506469727
12,100,8.75,none,0,444,95.96875,121.3125,0.0,6.296875,-4.894401550292969
12,100,8.75,none,0,445,97.03125,123.421875,0.0,6.0625,-4.779036998748779
12,100,8.75,none,0,446,97.1875,122.9375,0.0,5.640625,-5.326172351837158
12,100,8.75,none,0,447,97.140625,123.609375,0.0,6.203125,-4.427995204925537
12,100,8.75,none,0,448,96.953125,121.484375,0.0,6.046875,-4.885026454925537
12,100,8.75,none,0,449,93.390625,123.046875,0.0,5.859375,-4.105990409851074
12,100,8.75,none,0,450,96.015625,122.078125,0.0,5.875,-4.419921875
12,100,8.75,none,0,451,96.8125,121.8125,0.0,5.703125,-4.923177242279053
12,100,8.75,none,0,452,95.859375,123.25,0.0,5.890625,-4.499088287353516
12,100,8.75,none,0,453,94.671875,124.890625,0.0,6.328125,-4.4835944175720215
12,100,8.75,none,0,454,96.234375,122.390625,0.0,5.59375,-5.157552242279053
12,100,8.75,none,0,455,97.140625,123.609375,0.0,5.84375,-4.646615028381348
12,100,8.75,none,0,456,93.703125,123.625,0.0,5.78125,-4.3195319175720215
12,100,8.75,none,0,457,97.0,122.453125,0.0,6.0625,-4.866015911102295
12,100,8.75,none,0,458,94.6875,123.53125,0.0,5.9375,-4.491536617279053
12,100,8.75,none,0,459,95.6875,124.34375,0.0,5.59375,-4.57773494720459
12,100,8.75,none,0,460,90.734375,122.40625,0.0,5.9375,-4.006120204925537
12,100,8.75,none,0,461,96.734375,122.0625,0.0,6.453125,-4.842839241027832
12,100,8.75,none,0,462,94.328125,124.140625,0.0,5.90625,-4.097786903381348
12,100,8.75,none,0,463,95.203125,123.9375,0.0,6.21875,-4.387500286102295
12,100,8.75,none,0,464,97.328125,123.71875,0.0,5.515625,-4.412500381469727
12,100,8.75,none,0,465,97.59375,122.859375,0.0,5.265625,-4.643620491027832
12,100,8.75,none,0,466,94.859375,121.328125,0.0,6.109375,-4.688541889190674
12,100,8.75,none,0,467,96.0625,123.390625,0.0,6.140625,-4.751302242279053
12,100,8.75,none,0,468,94.296875,124.6875,0.0,5.6875,-4.4596357345581055
12,100,8.75,none,0,469,95.875,125.25,0.0,6.03125,-4.301562786102295
12,100,8.75,none,0,470,96.140625,123.796875,0.0,5.84375,-4.338281631469727
12,100,8.75,none,0,471,96.359375,123.296875,0.0,6.046875,-4.831250190734863
12,100,8.75,none,0,472,94.96875,125.96875,0.0,5.25,-4.7459635734558105
12,100,8.75,none,0,473,95.640625,123.78125,0.0,5.71875,-4.695833683013916
12,100,8.75,none,0,474,93.5,125.015625,0.0,5.84375,-3.899479389190674
12,100,8.75,none,0,475,95.171875,122.375,0.0,5.375,-4.72812557220459
12,100,8.75,none,0,476,92.21875,124.203125,0.0,6.109375,-4.107812881469727
12,100,8.75,none,0,477,94.40625,123.78125,0.0,5.59375,-4.426562786102295
12,100,8.75,none,0,478,93.328125,124.90625,0.0,5.375,-3.870443105697632
12,100,8.75,none,0,479,92.953125,122.046875,0.0,6.203125,-4.423047065734863
12,100,8.75,none,0,480,95.96875,123.765625,0.0,5.1875,-4.316927909851074
12,100,8.75,none,0,481,92.890625,126.625,0.0,5.765625,-3.572526454925537
12,100,8.75,none,0,482,95.90625,123.5625,0.0,5.953125,-4.851693153381348
12,100,8.75,none,0,483,93.5625,124.296875,0.0,5.796875,-3.9895834922790527
12,100,8.75,none,0,484,94.921875,123.9375,0.0,5.453125,-4.126302242279053
12,100,8.75,none,0,485,95.203125,126.0625,0.0,5.21875,-4.165755271911621
12,100,8.75,none,0,486,94.265625,125.265625,0.0,5.15625,-4.047656536102295
12,100,8.75,none,0,487,96.0625,123.390625,0.0,5.859375,-4.823307991027832
12,100,8.75,none,0,488,95.390625,125.203125,0.0,5.140625,-4.286458492279053
12,100,8.75,none,0,489,93.703125,124.359375,0.0,5.765625,-4.409505367279053
12,100,8.75,none,0,490,97.015625,122.875,0.0,5.234375,-4.588411808013916
12,100,8.75,none,0,491,96.734375,124.671875,0.0,5.625,-4.588802337646484
12,100,8.75,none,0,492,94.40625,122.828125,0.0,5.546875,-4.460807800292969
12,100,8.75,none,0,493,93.953125,122.921875,0.0,5.046875,-4.057942867279053
12,100,8.75,none,0,494,91.90625,123.578125,0.0,5.125,-3.936589002609253
12,100,8.75,none,0,495,93.984375,125.078125,0.0,5.609375,-4.329036712646484
12,100,8.75,none,0,496,95.28125,125.4375,0.0,5.5625,-4.099609375
12,100,8.75,none,0,497,95.3125,124.640625,0.0,5.265625,-4.572786808013916
12,100,8.75,none,0,498,94.4375,124.53125,0.0,5.40625,-4.587891101837158
12,100,8.75,none,0,499,94.6875,125.828125,0.0,4.921875,-4.086068153381348
12,100,8.75,none,0,500,92.34375,124.25,0.0,5.375,-3.8101565837860107
12,100,8.75,none,0,501,94.890625,125.53125,0.0,5.0625,-4.13242244720459
12,100,8.75,none,0,502,95.828125,124.75,0.0,4.890625,-4.388020992279053
12,100,8.75,none,0,503,93.5,124.921875,0.0,5.59375,-4.310286998748779
12,100,8.75,none,0,504,92.0,124.0625,0.0,5.484375,-3.4869792461395264
12,100,8.75,none,0,505,94.59375,125.703125,0.0,5.328125,-4.158594131469727
12,100,8.75,none,0,506,92.21875,125.0625,0.0,5.640625,-3.520573377609253
12,100,8.75,none,0,507,92.90625,126.0625,0.0,5.28125,-3.6493492126464844
12,100,8.75,none,0,508,92.71875,126.171875,0.0,5.625,-3.732421875
12,100,8.75,none,0,509,94.359375,124.53125,0.0,5.1875,-4.168750286102295
12,100,8.75,none,0,510,91.8125,125.6875,0.0,5.296875,-3.560546875
12,100,8.75,none,0,511,93.890625,123.921875,0.0,5.125,-3.7183597087860107
12,100,8.75,none,0,512,93.546875,124.1875,0.0,5.40625,-3.952604293823242
12,100,8.75,none,0,513,94.015625,126.265625,0.0,4.796875,-3.692187786102295
12,100,8.75,none,0,514,97.421875,124.828125,0.0,5.671875,-4.688802242279053
12,100,8.75,none,0,515,93.5,125.625,0.0,5.25,-3.8541667461395264
12,100,8.75,none,0,516,94.21875,126.46875,0.0,5.0625,-3.736328125
12,100,8.75,none,0,517,94.84375,123.5,0.0,5.71875,-4.053646087646484
12,100,8.75,none,0,518,98.21875,127.84375,0.0,4.796875,-4.644792079925537
12,100,8.75,none,0,519,95.15625,126.4375,0.0,5.515625,-3.985677719116211
12,100,8.75,none,0,520,97.15625,124.875,0.0,5.28125,-4.207552909851074
12,100,8.75,none,0,521,95.4375,123.375,0.0,5.5625,-4.231510639190674
12,100,8.75,none,0,522,95.265625,126.390625,0.0,4.953125,-4.093489646911621
12,100,8.75,none,0,523,95.5,123.625,0.0,5.40625,-4.442578315734863
12,100,8.75,none,0,524,95.984375,125.546875,0.0,4.796875,-4.305208683013916
12,100,8.75,none,0,525,94.71875,127.84375,0.0,4.796875,-3.758854627609253
12,100,8.75,none,0,526,95.3125,125.375,0.0,4.984375,-4.122526168823242
12,100,8.75,none,0,527,95.515625,125.84375,0.0,5.109375,-3.997526168823242
12,100,8.75,none,0,528,94.828125,124.921875,0.0,5.234375,-4.266536712646484
12,100,8.75,none,0,529,95.046875,126.84375,0.0,5.078125,-3.7718751430511475
12,100,8.75,none,0,530,93.890625,126.703125,0.0,5.40625,-4.0123701095581055
12,100,8.75,none,0,531,95.078125,125.484375,0.0,5.3125,-4.003776550292969
12,100,8.75,none,0,532,94.65625,127.296875,0.0,4.5625,-3.9117190837860107
12,100,8.75,none,0,533,93.421875,127.359375,0.0,4.515625,-3.568359851837158
12,100,8.75,none,0,534,92.578125,128.546875,0.0,5.21875,-3.214583396911621
12,100,8.75,none,0,535,93.453125,125.828125,0.0,5.296875,-3.520963668823242
12,100,8.75,none,0,536,92.484375,126.390625,0.0,4.96875,-3.671354293823242
12,100,8.75,none,0,537,92.875,126.46875,0.0,5.34375,-3.740234375
12,100,8.75,none,0,538,93.546875,124.796875,0.0,5.109375,-3.750000476837158
12,100,8.75,none,0,539,94.25,125.875,0.0,5.359375,-3.6554689407348633
12,100,8.75,none,0,540,92.78125,126.328125,0.0,5.375,-3.7062501907348633
12,100,8.75,none,0,541,96.796875,125.984375,0.0,4.875,-4.323047161102295
12,100,8.75,none,0,542,94.875,126.3125,0.0,4.78125,-3.8963544368743896
12,100,8.75,none,0,543,96.796875,122.28125,0.0,4.75,-4.752083778381348
12,100,8.75,none,0,544,95.796875,127.0,0.0,5.0625,-3.8915367126464844
12,100,8.75,none,0,545,96.53125,126.21875,0.0,5.265625,-3.8871095180511475
12,100,8.75,none,0,546,97.046875,123.953125,0.0,4.984375,-4.453385829925537
12,100,8.75,none,0,547,96.15625,125.65625,0.0,4.578125,-4.089062690734863
12,100,8.75,none,0,548,94.53125,126.125,0.0,4.984375,-4.0670576095581055
12,100,8.75,none,0,549,96.078125,127.203125,0.0,4.765625,-3.9403648376464844
12,100,8.75,none,0,550,93.625,127.421875,0.0,5.140625,-3.5416667461395264
12,100,8.75,none,0,551,94.09375,126.890625,0.0,5.59375,-3.6888022422790527
12,100,8.75,none,0,552,93.0,126.6875,0.0,4.84375,-3.4242191314697266
12,100,8.75,none,0,553,95.703125,126.421875,0.0,5.03125,-3.732682228088379
12,100,8.75,none,0,554,93.84375,127.703125,0.0,4.921875,-3.643880605697632
12,100,8.75,none,0,555,93.734375,125.75,0.0,5.015625,-3.9513022899627686
12,100,8.75,none,0,556,95.109375,126.0,0.0,5.09375,-3.704167127609253
12,100,8.75,none,0,557,94.203125,125.984375,0.0,4.875,-3.4820315837860107
12,100,8.75,none,0,558,92.125,127.046875,0.0,4.6875,-3.5738284587860107
12,100,8.75,none,0,559,90.84375,128.03125,0.0,5.21875,-3.210416793823242
12,100,8.75,none,0,560,92.921875,128.390625,0.0,4.953125,-3.7108075618743896
12,100,8.75,none,0,561,94.78125,125.03125,0.0,5.125,-3.804948329925537
12,100,8.75,none,0,562,93.640625,126.25,0.0,5.28125,-3.619140625
12,100,8.75,none,0,563,93.984375,126.484375,0.0,4.96875,-3.963411808013916
12,100,8.75,none,0,564,94.6875,126.328125,0.0,4.71875,-4.086068153381348
12,100,8.75,none,0,565,94.234375,127.4375,0.0,4.8125,-3.813281536102295
12,100,8.75,none,0,566,92.4375,128.203125,0.0,4.53125,-3.3346354961395264
12,100,8.75,none,0,567,92.71875,127.84375,0.0,5.265625,-3.290494918823242
12,100,8.75,none,0,568,92.359375,125.546875,0.0,5.296875,-3.4488284587860107
12,100,8.75,none,0,569,94.78125,129.15625,0.0,5.140625,-3.3497397899627686
12,100,8.75,none,0,570,94.421875,128.6875,0.0,4.796875,-3.519792079925537
12,100,8.75,none,0,571,93.09375,125.453125,0.0,4.921875,-3.5079429149627686
12,100,8.75,none,0,572,93.828125,127.359375,0.0,4.703125,-3.713150978088379
12,100,8.75,none,0,573,95.9375,126.4375,0.0,4.75,-4.1484375
12,100,8.75,none,0,574,92.390625,127.203125,0.0,4.71875,-3.5851569175720215
12,100,8.75,none,0,575,93.109375,127.75,0.0,4.9375,-3.3567709922790527
12,100,8.75,none,0,576,94.90625,125.265625,0.0,4.46875,-4.167057037353516
12,100,8.75,none,0,577,93.90625,128.171875,0.0,4.546875,-3.6910159587860107
12,100,8.75,none,0,578,93.46875,129.25,0.0,4.703125,-3.540104389190674
12,100,8.75,none,0,579,92.421875,129.078125,0.0,5.1875,-3.260025978088379
12,100,8.75,none,0,580,94.296875,128.125,0.0,4.609375,-3.629167079925537
12,100,8.75,none,0,581,93.1875,129.5,0.0,4.453125,-3.2845053672790527
12,100,8.75,none,0,582,91.671875,128.390625,0.0,4.5625,-3.031250476837158
12,100,8.75,none,0,583,93.59375,127.09375,0.0,4.734375,-3.6484375
12,100,8.75,none,0,584,95.484375,127.59375,0.0,4.5625,-3.7809901237487793
12,100,8.75,none,0,585,93.765625,126.703125,0.0,4.84375,-3.6239585876464844
12,100,8.75,none,0,586,94.765625,128.0625,0.0,4.328125,-3.7794272899627686
12,100,8.75,none,0,587,93.046875,128.46875,0.0,4.5625,-3.7708334922790527
12,100,8.75,none,0,588,93.28125,130.1875,0.0,4.84375,-2.8375003337860107
12,100,8.75,none,0,589,93.359375,128.453125,0.0,4.65625,-3.465625286102295
12,100,8.75,none,0,590,93.1875,127.515625,0.0,5.109375,-3.8380210399627686
12,100,8.75,none,0,591,93.59375,126.25,0.0,4.703125,-3.561588764190674
12,100,8.75,none,0,592,94.765625,129.8125,0.0,4.53125,-2.5541670322418213
12,100,8.75,none,0,593,94.921875,128.4375,0.0,4.90625,-3.772265911102295
12,100,8.75,none,0,594,94.015625,128.34375,0.0,4.375,-3.027604579925537
12,100,8.75,none,0,595,94.53125,128.21875,0.0,4.828125,-3.717318058013916
12,100,8.75,none,0,596,94.515625,128.640625,0.0,4.859375,-3.2994794845581055
12,100,8.75,none,0,597,95.875,128.015625,0.0,4.390625,-3.786328077316284
12,100,8.75,none,0,598,92.265625,130.484375,0.0,4.171875,-3.041537046432495
12,100,8.75,none,0,599,96.578125,126.234375,0.0,4.46875,-3.819791555404663
12,100,8.75,none,0,600,91.90625,129.25,0.0,4.515625,-2.991015911102295
12,100,8.75,none,0,601,95.640625,129.625,0.0,4.5625,-3.5347659587860107
12,100,8.75,none,0,602,92.9375,128.90625,0.0,4.484375,-3.207292079925537
12,100,8.75,none,0,603,92.71875,128.6875,0.0,3.96875,-2.8776042461395264
12,100,8.75,none,0,604,93.859375,129.25,0.0,4.15625,-3.6251301765441895
12,100,8.75,none,0,605,91.546875,129.5625,0.0,4.265625,-2.966146230697632
12,100,8.75,none,0,606,94.65625,128.296875,0.0,4.515625,-3.6200523376464844
12,100,8.75,none,0,607,93.296875,129.515625,0.0,4.59375,-2.975130081176758
12,100,8.75,none,0,608,91.703125,129.515625,0.0,4.671875,-3.278385877609253
12,100,8.75,none,0,609,91.359375,128.109375,0.0,4.515625,-3.3394534587860107
12,100,8.75,none,0,610,90.53125,128.6875,0.0,4.296875,-2.878645896911621
12,100,8.75,none,0,611,91.796875,126.171875,0.0,4.59375,-3.1778647899627686
12,100,8.75,none,0,612,91.375,129.140625,0.0,4.921875,-2.7772135734558105
12,100,8.75,none,0,613,94.53125,126.265625,0.0,4.46875,-3.676823377609253
12,100,8.75,none,0,614,91.21875,127.734375,0.0,4.546875,-3.066926956176758
12,100,8.75,none,0,615,92.21875,130.1875,0.0,3.9375,-2.8877601623535156
12,100,8.75,none,0,616,92.234375,128.75,0.0,4.21875,-3.0584638118743896
12,100,8.75,none,0,617,94.3125,126.375,0.0,4.515625,-3.435807704925537
12,100,8.75,none,0,618,92.453125,129.578125,0.0,4.0,-3.0372400283813477
12,100,8.75,none,0,619,92.96875,130.453125,0.0,4.265625,-3.0067710876464844
12,100,8.75,none,0,620,93.609375,127.265625,0.0,4.25,-3.5184898376464844
12,100,8.75,none,0,621,94.46875,128.0,0.0,4.671875,-3.425260543823242
12,100,8.75,none,0,622,94.09375,129.6875,0.0,3.890625,-3.3463542461395264
12,100,8.75,none,0,623,95.6875,128.703125,0.0,4.28125,-3.4576823711395264
12,100,8.75,none,0,624,97.640625,127.09375,0.0,4.1875,-3.941667079925537
12,100,8.75,none,0,625,93.21875,128.15625,0.0,4.859375,-3.3270835876464844
12,100,8.75,none,0,626,93.875,130.953125,0.0,4.40625,-3.155078649520874
12,100,8.75,none,0,627,94.734375,129.015625,0.0,4.5,-3.5207033157348633
12,100,8.75,none,0,628,97.046875,130.078125,0.0,4.03125,-3.0282554626464844
12,100,8.75,none,0,629,95.53125,129.703125,0.0,3.96875,-3.526823043823242
12,100,8.75,none,0,630,92.796875,128.609375,0.0,4.171875,-3.120833396911621
12,100,8.75,none,0,631,94.390625,128.5,0.0,4.15625,-3.284374952316284
12,100,8.75,none,0,632,91.609375,130.921875,0.0,4.109375,-2.8385417461395264
12,100,8.75,none,0,633,91.078125,130.515625,0.0,4.171875,-2.9860682487487793
12,100,8.75,none,0,634,91.828125,129.484375,0.0,3.953125,-2.4537761211395264
12,100,8.75,none,0,635,92.4375,129.90625,0.0,3.65625,-2.8781251907348633
12,100,8.75,none,0,636,94.4375,127.53125,0.0,4.046875,-3.205338954925537
12,100,8.75,none,0,637,92.296875,129.046875,0.0,4.0,-3.0955731868743896
12,100,8.75,none,0,638,95.421875,129.359375,0.0,4.40625,-3.3285157680511475
12,100,8.75,none,0,639,93.234375,129.953125,0.0,4.078125,-3.1925783157348633
12,100,8.75,none,0,640,93.890625,129.640625,0.0,3.875,-2.959505558013916
12,100,8.75,none,0,641,96.265625,128.90625,0.0,4.28125,-3.730729579925537
12,100,8.75,none,0,642,90.359375,129.140625,0.0,4.015625,-2.793750286102295
12,100,8.75,none,0,643,94.171875,128.828125,0.0,3.875,-3.2498700618743896
12,100,8.75,none,0,644,93.625,128.296875,0.0,4.53125,-3.0205726623535156
12,100,8.75,none,0,645,93.5625,129.671875,0.0,4.328125,-3.1739585399627686
12,100,8.75,none,0,646,91.5,129.859375,0.0,4.109375,-2.3441407680511475
12,100,8.75,none,0,647,93.53125,130.890625,0.0,4.140625,-3.049348831176758
12,100,8.75,none,0,648,93.109375,128.765625,0.0,3.953125,-2.6328125
12,100,8.75,none,0,649,93.921875,131.0625,0.0,4.1875,-3.139714002609253
12,100,8.75,none,0,650,95.34375,129.90625,0.0,3.78125,-3.360807418823242
12,100,8.75,none,0,651,92.25,129.359375,0.0,4.34375,-3.077214002609253
12,100,8.75,none,0,652,97.703125,129.296875,0.0,4.03125,-3.1466147899627686
12,100,8.75,none,0,653,97.0,128.609375,0.0,4.0625,-3.175130605697632
12,100,8.75,none,0,654,94.953125,130.515625,0.0,3.859375,-2.922396183013916
12,100,8.75,none,0,655,95.609375,127.859375,0.0,4.40625,-3.432422161102295
12,100,8.75,none,0,656,93.8125,128.28125,0.0,4.125,-3.4808597564697266
12,100,8.75,none,0,657,91.75,130.984375,0.0,3.71875,-2.7091147899627686
12,100,8.75,none,0,658,94.328125,128.8125,0.0,4.0625,-3.306640625
12,100,8.75,none,0,659,91.890625,129.484375,0.0,3.875,-2.7255210876464844
12,100,8.75,none,0,660,93.921875,130.28125,0.0,4.34375,-2.6967453956604004
12,100,8.75,none,0,661,90.34375,130.734375,0.0,4.234375,-2.0838544368743896
12,100,8.75,none,0,662,93.0,130.75,0.0,3.875,-3.0263023376464844
12,100,8.75,none,0,663,92.671875,129.859375,0.0,4.03125,-3.111588954925537
12,100,8.75,none,0,664,93.96875,130.515625,0.0,3.96875,-2.888671875
12,100,8.75,none,0,665,90.5625,132.046875,0.0,4.03125,-2.264713764190674
12,100,8.75,none,0,666,92.421875,132.765625,0.0,3.921875,-2.6091148853302
12,100,8.75,none,0,667,93.46875,129.734375,0.0,3.96875,-2.8851563930511475
12,100,8.75,none,0,668,92.15625,130.640625,0.0,3.796875,-3.097916603088379
12,100,8.75,none,0,669,95.171875,129.0,0.0,3.953125,-3.536328077316284
12,100,8.75,none,0,670,92.734375,132.484375,0.0,3.65625,-2.402083396911621
12,100,8.75,none,0,671,95.984375,129.578125,0.0,3.59375,-3.1080729961395264
12,100,8.75,none,0,672,91.640625,129.71875,0.0,4.15625,-2.7710940837860107
12,100,8.75,none,0,673,91.46875,130.34375,0.0,4.03125,-2.7967448234558105
12,100,8.75,none,0,674,92.96875,131.546875,0.0,3.328125,-2.524219036102295
12,100,8.75,none,0,675,93.484375,130.5625,0.0,3.796875,-3.0026042461395264
12,100,8.75,none,0,676,90.71875,132.640625,0.0,3.953125,-2.5848960876464844
12,100,8.75,none,0,677,89.5625,132.234375,0.0,4.21875,-2.0902347564697266
12,100,8.75,none,0,678,93.25,130.859375,0.0,3.96875,-2.575911521911621
12,100,8.75,none,0,679,91.453125,131.625,0.0,3.8125,-2.5701825618743896
12,100,8.75,none,0,680,92.75,130.34375,0.0,3.84375,-3.0138022899627686
12,100,8.75,none,0,681,94.84375,129.6875,0.0,3.84375,-3.297395706176758
12,100,8.75,none,0,682,89.6875,132.234375,0.0,3.609375,-2.4078125953674316
12,100,8.75,none,0,683,90.953125,132.328125,0.0,3.875,-2.6727867126464844
12,100,8.75,none,0,684,93.109375,132.171875,0.0,3.984375,-2.5375001430511475
12,100,8.75,none,0,685,95.453125,132.140625,0.0,3.78125,-3.3865888118743896
12,100,8.75,none,0,686,93.921875,130.8125,0.0,3.5625,-3.099349021911621
12,100,8.75,none,0,687,93.9375,132.109375,0.0,3.828125,-2.4407553672790527
12,100,8.75,none,0,688,91.75,132.25,0.0,3.609375,-2.354557514190674
12,100,8.75,none,0,689,93.9375,131.296875,0.0,4.0,-2.9937503337860107
12,100,8.75,none,0,690,91.9375,131.640625,0.0,3.765625,-2.804036855697632
12,100,8.75,none,0,691,92.15625,131.921875,0.0,3.796875,-2.4044272899627686
12,100,8.75,none,0,692,91.09375,130.125,0.0,3.890625,-1.9832032918930054
12,100,8.75,none,0,693,93.234375,131.828125,0.0,3.875,-2.5601565837860107
12,100,8.75,none,0,694,93.1875,133.09375,0.0,3.890625,-2.8824222087860107
12,100,8.75,none,0,695,91.234375,131.40625,0.0,3.265625,-2.533984661102295
12,100,8.75,none,0,696,90.78125,132.796875,0.0,3.3125,-2.280599355697632
12,100,8.75,none,0,697,91.375,131.359375,0.0,3.671875,-2.793750286102295
12,100,8.75,none,0,698,91.625,131.0625,0.0,4.046875,-2.2010416984558105
12,100,8.75,none,0,699,92.546875,131.171875,0.0,3.515625,-2.6265625953674316
12,100,8.75,none,0,700,90.3125,130.609375,0.0,3.296875,-2.530989646911621
12,100,8.75,none,0,701,92.921875,132.921875,0.0,3.828125,-2.5592448711395264
12,100,8.75,none,0,702,94.53125,131.03125,0.0,3.625,-2.765885829925537
12,100,8.75,none,0,703,95.546875,132.609375,0.0,3.625,-3.1519534587860107
12,100,8.75,none,0,704,92.515625,132.609375,0.0,3.984375,-2.833724021911621
12,100,8.75,none,0,705,92.5,132.96875,0.0,3.875,-2.522526264190674
12,100,8.75,none,0,706,89.9375,130.96875,0.0,3.625,-2.258854627609253
12,100,8.75,none,0,707,91.578125,131.40625,0.0,3.96875,-2.335416793823242
12,100,8.75,none,0,708,91.71875,133.296875,0.0,3.609375,-1.978515863418579
12,100,8.75,none,0,709,91.265625,133.15625,0.0,3.3125,-1.984375
12,100,8.75,none,0,710,94.015625,132.578125,0.0,3.734375,-2.7889323234558105
12,100,8.75,none,0,711,92.71875,132.09375,0.0,3.390625,-2.5653645992279053
12,100,8.75,none,0,712,94.25,131.765625,0.0,3.734375,-2.653776168823242
12,100,8.75,none,0,713,91.328125,130.859375,0.0,3.6875,-2.5419273376464844
12,100,8.75,none,0,714,93.265625,129.84375,0.0,3.21875,-2.5536460876464844
12,100,8.75,none,0,715,94.203125,131.546875,0.0,3.53125,-2.6971356868743896
12,100,8.75,none,0,716,93.703125,133.296875,0.0,3.46875,-2.3934898376464844
12,100,8.75,none,0,717,94.140625,129.609375,0.0,3.703125,-3.165494918823242
12,100,8.75,none,0,718,92.25,130.921875,0.0,3.703125,-2.6242189407348633
12,100,8.75,none,0,719,92.59375,131.015625,0.0,3.703125,-2.3566408157348633
12,100,8.75,none,0,720,92.1875,133.453125,0.0,3.734375,-2.210026264190674
12,100,8.75,none,0,721,92.546875,131.5625,0.0,3.46875,-2.518620014190674
12,100,8.75,none,0,722,95.40625,131.78125,0.0,3.234375,-2.8497397899627686
12,100,8.75,none,0,723,95.046875,133.375,0.0,3.390625,-2.6246094703674316
12,100,8.75,none,0,724,92.078125,132.796875,0.0,3.875,-2.1507813930511475
12,100,8.75,none,0,725,92.984375,132.3125,0.0,3.78125,-2.688932418823242
12,100,8.75,none,0,726,91.21875,132.21875,0.0,3.3125,-2.260807514190674
12,100,8.75,none,0,727,93.140625,134.296875,0.0,3.40625,-2.359635591506958
12,100,8.75,none,0,728,93.765625,133.03125,0.0,3.6875,-2.494921922683716
12,100,8.75,none,0,729,92.578125,132.46875,0.0,3.375,-2.2542972564697266
12,100,8.75,none,0,730,92.203125,132.90625,0.0,3.484375,-2.6173179149627686
12,100,8.75,none,0,731,92.671875,132.765625,0.0,3.46875,-2.377995014190674
12,100,8.75,none,0,732,92.390625,132.015625,0.0,3.21875,-2.1895835399627686
12,100,8.75,none,0,733,92.4375,133.0625,0.0,3.140625,-2.4386720657348633
12,100,8.75,none,0,734,93.3125,132.515625,0.0,3.0625,-2.6295573711395264
12,100,8.75,none,0,735,91.6875,132.078125,0.0,3.3125,-2.4005210399627686
12,100,8.75,none,0,736,93.21875,131.921875,0.0,2.734375,-2.364974021911621
12,100,8.75,none,0,737,92.375,133.515625,0.0,3.109375,-1.8175783157348633
12,100,8.75,none,0,738,92.390625,135.46875,0.0,3.3125,-2.1688804626464844
12,100,8.75,none,0,739,91.609375,132.359375,0.0,3.46875,-2.566145896911621
12,100,8.75,none,0,740,95.21875,131.84375,0.0,3.0,-2.802213668823242
12,100,8.75,none,0,741,93.34375,131.984375,0.0,3.09375,-2.6075522899627686
12,100,8.75,none,0,742,91.828125,131.984375,0.0,3.3125,-2.251042127609253
12,100,8.75,none,0,743,94.125,132.390625,0.0,3.140625,-2.4253907203674316
12,100,8.75,none,0,744,96.0625,132.34375,0.0,3.25,-2.785677433013916
12,100,8.75,none,0,745,90.96875,132.78125,0.0,3.3125,-2.233203172683716
12,100,8.75,none,0,746,90.484375,133.078125,0.0,2.953125,-2.0477867126464844
12,100,8.75,none,0,747,92.078125,133.0,0.0,3.3125,-2.350911855697632
12,100,8.75,none,0,748,94.25,131.28125,0.0,3.203125,-2.962109327316284
12,100,8.75,none,0,749,91.703125,132.953125,0.0,2.921875,-2.102994918823242
12,100,8.75,none,0,750,91.65625,133.109375,0.0,3.390625,-2.048307418823242
12,100,8.75,none,0,751,89.328125,134.828125,0.0,3.21875,-1.4170575141906738
12,100,8.75,none,0,752,91.65625,131.875,0.0,3.375,-1.8246095180511475
12,100,8.75,none,0,753,92.8125,135.671875,0.0,3.015625,-1.962890625
12,100,8.75,none,0,754,90.109375,134.1875,0.0,3.359375,-1.7824219465255737
12,100,8.75,none,0,755,94.953125,131.578125,0.0,2.96875,-2.6449222564697266
12,100,8.75,none,0,756,91.40625,131.59375,0.0,3.421875,-2.301041841506958
12,100,8.75,none,0,757,90.3125,133.609375,0.0,3.34375,-2.1111979484558105
12,100,8.75,none,0,758,90.015625,135.90625,0.0,3.140625,-1.785156488418579
12,100,8.75,none,0,759,91.46875,133.578125,0.0,2.953125,-2.0096356868743896
12,100,8.75,none,0,760,92.25,133.078125,0.0,3.328125,-1.9852865934371948
12,100,8.75,none,0,761,91.734375,133.34375,0.0,3.640625,-2.624088764190674
12,100,8.75,none,0,762,92.078125,135.078125,0.0,2.921875,-2.1483073234558105
12,100,8.75,none,0,763,90.578125,134.84375,0.0,3.203125,-1.8848960399627686
12,100,8.75,none,0,764,89.46875,133.375,0.0,3.203125,-2.2376303672790527
12,100,8.75,none,0,765,91.40625,132.328125,0.0,3.390625,-2.2498698234558105
12,100,8.75,none,0,766,91.890625,134.6875,0.0,3.1875,-2.2852866649627686
12,100,8.75,none,0,767,90.703125,135.34375,0.0,3.328125,-1.8756511211395264
12,100,8.75,none,0,768,91.59375,136.5,0.0,3.125,-1.878645896911621
12,100,8.75,none,0,769,90.8125,135.375,0.0,3.5,-1.8920574188232422
12,100,8.75,none,0,770,93.4375,132.453125,0.0,2.9375,-2.0587241649627686
12,100,8.75,none,0,771,91.921875,133.234375,0.0,3.046875,-2.1937503814697266
12,100,8.75,none,0,772,91.421875,133.8125,0.0,3.203125,-1.9529950618743896
12,100,8.75,none,0,773,91.734375,134.640625,0.0,2.921875,-1.7997397184371948
12,100,8.75,none,0,774,94.25,134.0,0.0,3.015625,-2.2953126430511475
12,100,8.75,none,0,775,93.0625,135.625,0.0,2.625,-1.8803385496139526
12,100,8.75,none,0,776,93.46875,136.359375,0.0,3.171875,-1.7604167461395264
12,100,8.75,none,0,777,94.96875,135.0625,0.0,2.921875,-2.042448043823242
12,100,8.75,none,0,778,93.5,134.578125,0.0,3.25,-1.7212241888046265
12,100,8.75,none,0,779,90.65625,134.6875,0.0,3.21875,-1.4585940837860107
12,100,8.75,none,0,780,94.15625,132.296875,0.0,3.0625,-2.298828125
12,100,8.75,none,0,781,93.78125,132.390625,0.0,3.296875,-2.5188803672790527
12,100,8.75,none,0,782,93.328125,132.734375,0.0,3.375,-2.419271230697632
12,100,8.75,none,0,783,92.984375,133.40625,0.0,3.015625,-2.0311200618743896
12,100,8.75,none,0,784,93.515625,134.515625,0.0,2.890625,-2.211979389190674
12,100,8.75,none,0,785,96.21875,133.09375,0.0,2.703125,-2.580599069595337
12,100,8.75,none,0,786,95.296875,132.515625,0.0,3.40625,-2.6263022422790527
12,100,8.75,none,0,787,92.265625,133.234375,0.0,2.828125,-2.2082033157348633
12,100,8.75,none,0,788,92.015625,132.375,0.0,3.34375,-2.1652345657348633
12,100,8.75,none,0,789,93.328125,134.21875,0.0,3.4375,-1.875390887260437
12,100,8.75,none,0,790,92.734375,134.84375,0.0,3.125,-1.9674479961395264
12,100,8.75,none,0,791,94.984375,131.828125,0.0,3.1875,-2.4351565837860107
12,100,8.75,none,0,792,93.703125,131.359375,0.0,3.03125,-2.3536460399627686
12,100,8.75,none,0,793,96.234375,132.71875,0.0,2.90625,-2.6061198711395264
12,100,8.75,none,0,794,91.953125,135.796875,0.0,2.984375,-1.5472655296325684
12,100,8.75,none,0,795,92.265625,132.5,0.0,3.375,-1.9973958730697632
12,100,8.75,none,0,796,92.109375,133.640625,0.0,2.984375,-1.9891927242279053
12,100,8.75,none,0,797,93.46875,133.765625,0.0,2.515625,-1.8173177242279053
12,100,8.75,none,0,798,96.234375,133.734375,0.0,3.234375,-2.398958206176758
12,100,8.75,none,0,799,91.546875,135.1875,0.0,3.453125,-2.0328125953674316
12,100,8.75,none,1,0,58.671875,58.015625,0.0,40.796875,-13.309764862060547
12,100,8.75,none,1,1,59.96875,59.046875,0.0,40.59375,-13.544269561767578
12,100,8.75,none,1,2,62.109375,59.03125,0.0,39.734375,-14.004557609558105
12,100,8.75,none,1,3,61.5625,59.421875,0.0,39.9375,-13.862369537353516
12,100,8.75,none,1,4,62.890625,63.71875,0.0,39.4375,-13.653776168823242
12,100,8.75,none,1,5,63.375,63.265625,0.0,38.953125,-13.545963287353516
12,100,8.75,none,1,6,64.359375,63.765625,0.0,38.359375,-13.337630271911621
12,100,8.75,none,1,7,64.59375,65.953125,0.0,37.5,-13.117968559265137
12,100,8.75,none,1,8,65.84375,65.0,0.0,37.265625,-13.533332824707031
12,100,8.75,none,1,9,66.203125,68.78125,0.0,37.4375,-13.298957824707031
12,100,8.75,none,1,10,67.59375,68.90625,0.0,36.3125,-13.239713668823242
12,100,8.75,none,1,11,71.25,70.234375,0.0,35.65625,-13.139974594116211
12,100,8.75,none,1,12,73.0,70.796875,0.0,34.03125,-12.933332443237305
12,100,8.75,none,1,13,74.046875,74.1875,0.0,32.984375,-13.162631034851074
12,100,8.75,none,1,14,75.984375,74.875,0.0,31.9375,-12.708333969116211
12,100,8.75,none,1,15,78.09375,76.203125,0.0,31.265625,-12.432943344116211
12,100,8.75,none,1,16,82.03125,78.671875,0.0,30.234375,-12.785807609558105
12,100,8.75,none,1,17,85.40625,79.953125,0.0,29.03125,-12.944921493530273
12,100,8.75,none,1,18,84.40625,83.09375,0.0,28.03125,-12.220703125
12,100,8.75,none,1,19,87.296875,82.921875,0.0,28.0,-12.294530868530273
12,100,8.75,none,1,20,87.4375,88.453125,0.0,26.015625,-11.912109375
12,100,8.75,none,1,21,88.984375,84.625,0.0,25.609375,-12.191797256469727
12,100,8.75,none,1,22,89.546875,89.53125,0.0,25.484375,-11.99609375
12,100,8.75,none,1,23,93.28125,88.0,0.0,24.703125,-12.376432418823242
12,100,8.75,none,1,24,92.21875,89.40625,0.0,23.640625,-11.823308944702148
12,100,8.75,none,1,25,92.046875,92.703125,0.0,23.9375,-11.883593559265137
12,100,8.75,none,1,26,92.734375,93.84375,0.0,23.265625,-11.404687881469727
12,100,8.75,none,1,27,92.921875,94.78125,0.0,22.28125,-11.179557800292969
12,100,8.75,none,1,28,93.109375,94.046875,0.0,22.109375,-11.663280487060547
12,100,8.75,none,1,29,94.296875,95.1875,0.0,20.84375,-10.864713668823242
12,100,8.75,none,1,30,98.09375,94.765625,0.0,21.125,-11.857813835144043
12,100,8.75,none,1,31,97.015625,93.03125,0.0,20.828125,-11.53242301940918
12,100,8.75,none,1,32,95.34375,95.578125,0.0,20.625,-10.989192008972168
12,100,8.75,none,1,33,93.71875,98.484375,0.0,20.3125,-10.5703125
12,100,8.75,none,1,34,97.359375,96.25,0.0,19.59375,-10.966667175292969
12,100,8.75,none,1,35,94.703125,97.21875,0.0,19.296875,-10.883463859558105
12,100,8.75,none,1,36,96.078125,97.65625,0.0,19.0,-10.898829460144043
12,100,8.75,none,1,37,93.75,96.078125,0.0,19.515625,-10.524869918823242
12,100,8.75,none,1,38,95.984375,96.125,0.0,18.90625,-10.73945426940918
12,100,8.75,none,1,39,95.703125,97.1875,0.0,20.03125,-11.21445369720459
12,100,8.75,none,1,40,93.40625,97.28125,0.0,20.046875,-10.942838668823242
12,100,8.75,none,1,41,92.453125,96.9375,0.0,20.15625,-10.849349021911621
12,100,8.75,none,1,42,93.75,96.375,0.0,20.5,-10.905989646911621
12,100,8.75,none,1,43,93.375,98.0625,0.0,20.0625,-10.557552337646484
12,100,8.75,none,1,44,91.484375,98.671875,0.0,21.03125,-10.530858993530273
12,100,8.75,none,1,45,91.375,96.875,0.0,20.0,-10.563541412353516
12,100,8.75,none,1,46,91.125,99.65625,0.0,20.71875,-10.290365219116211
12,100,8.75,none,1,47,90.0625,98.5,0.0,20.5625,-10.442838668823242
12,100,8.75,none,1,48,87.46875,97.609375,0.0,21.6875,-10.404166221618652
12,100,8.75,none,1,49,91.46875,98.796875,0.0,20.21875,-10.283853530883789
12,100,8.75,none,1,50,90.0625,99.0,0.0,21.859375,-10.309245109558105
12,100,8.75,none,1,51,91.234375,100.359375,0.0,20.46875,-10.185155868530273
12,100,8.75,none,1,52,90.375,99.5625,0.0,21.421875,-10.62656307220459
12,100,8.75,none,1,53,89.765625,98.75,0.0,21.5625,-10.3828125
12,100,8.75,none,1,54,90.25,99.15625,0.0,21.578125,-9.976953506469727
12,100,8.75,none,1,55,91.203125,99.671875,0.0,22.46875,-10.688932418823242
12,100,8.75,none,1,56,93.0625,99.1875,0.0,22.53125,-10.980990409851074
12,100,8.75,none,1,57,90.78125,97.890625,0.0,22.75,-10.680728912353516
12,100,8.75,none,1,58,91.90625,96.265625,0.0,22.296875,-10.791926383972168
12,100,8.75,none,1,59,92.15625,98.078125,0.0,23.859375,-11.30390739440918
12,100,8.75,none,1,60,93.234375,98.09375,0.0,22.375,-11.118619918823242
12,100,8.75,none,1,61,92.8125,96.328125,0.0,22.859375,-11.147916793823242
12,100,8.75,none,1,62,92.984375,97.765625,0.0,23.5625,-11.029817581176758
12,100,8.75,none,1,63,93.609375,96.59375,0.0,23.25,-11.029818534851074
12,100,8.75,none,1,64,91.90625,96.5,0.0,23.203125,-11.1875
12,100,8.75,none,1,65,94.921875,97.96875,0.0,22.65625,-11.063020706176758
12,100,8.75,none,1,66,92.234375,99.65625,0.0,23.328125,-10.647006034851074
12,100,8.75,none,1,67,94.671875,98.953125,0.0,22.6875,-11.48789119720459
12,100,8.75,none,1,68,92.609375,97.828125,0.0,22.5,-11.326433181762695
12,100,8.75,none,1,69,93.640625,97.515625,0.0,22.203125,-11.184374809265137
12,100,8.75,none,1,70,94.578125,99.21875,0.0,22.640625,-11.158592224121094
12,100,8.75,none,1,71,95.15625,96.671875,0.0,23.375,-11.56171989440918
12,100,8.75,none,1,72,91.75,98.09375,0.0,22.03125,-10.799219131469727
12,100,8.75,none,1,73,92.59375,99.859375,0.0,22.390625,-10.847525596618652
12,100,8.75,none,1,74,90.890625,100.625,0.0,23.359375,-10.337890625
12,100,8.75,none,1,75,91.1875,97.6875,0.0,22.5625,-10.91914176940918
12,100,8.75,none,1,76,91.703125,99.828125,0.0,22.734375,-10.599740028381348
12,100,8.75,none,1,77,90.515625,101.625,0.0,23.609375,-10.555208206176758
12,100,8.75,none,1,78,94.53125,101.1875,0.0,21.828125,-10.709896087646484
12,100,8.75,none,1,79,92.171875,100.796875,0.0,22.125,-10.272916793823242
12,100,8.75,none,1,80,94.296875,100.5,0.0,21.484375,-11.03046989440918
12,100,8.75,none,1,81,91.890625,101.6875,0.0,22.75,-10.547136306762695
12,100,8.75,none,1,82,93.015625,99.4375,0.0,22.53125,-10.937370300292969
12,100,8.75,none,1,83,93.609375,99.453125,0.0,22.109375,-10.994272232055664
12,100,8.75,none,1,84,91.5,100.21875,0.0,22.984375,-10.778385162353516
12,100,8.75,none,1,85,94.515625,100.359375,0.0,22.15625,-10.700651168823242
12,100,8.75,none,1,86,95.046875,101.734375,0.0,22.328125,-10.817447662353516
12,100,8.75,none,1,87,89.71875,99.921875,0.0,22.46875,-10.173828125
12,100,8.75,none,1,88,91.859375,101.3125,0.0,22.125,-10.097785949707031
12,100,8.75,none,1,89,93.625,100.21875,0.0,22.078125,-10.804166793823242
12,100,8.75,none,1,90,93.5625,103.125,0.0,21.734375,-10.78671932220459
12,100,8.75,none,1,91,93.296875,101.046875,0.0,21.609375,-10.457942962646484
12,100,8.75,none,1,92,93.859375,101.390625,0.0,21.203125,-10.360025405883789
12,100,8.75,none,1,93,93.09375,104.25,0.0,21.46875,-10.49960994720459
12,100,8.75,none,1,94,94.28125,102.46875,0.0,21.34375,-10.547657012939453
12,100,8.75,none,1,95,92.390625,103.484375,0.0,21.34375,-10.020572662353516
12,100,8.75,none,1,96,92.890625,101.890625,0.0,20.84375,-10.177343368530273
12,100,8.75,none,1,97,94.734375,102.46875,0.0,20.765625,-10.35312557220459
12,100,8.75,none,1,98,95.890625,101.9375,0.0,20.3125,-10.660026550292969
12,100,8.75,none,1,99,94.53125,103.421875,0.0,20.640625,-10.012499809265137
12,100,8.75,none,1,100,92.703125,101.828125,0.0,21.421875,-9.8125
12,100,8.75,none,1,101,92.9375,101.5625,0.0,21.0,-10.378385543823242
12,100,8.75,none,1,102,92.09375,103.78125,0.0,20.78125,-10.295312881469727
12,100,8.75,none,1,103,94.859375,104.03125,0.0,21.046875,-10.063281059265137
12,100,8.75,none,1,104,95.0625,103.546875,0.0,19.15625,-10.104818344116211
12,100,8.75,none,1,105,95.0,103.21875,0.0,19.65625,-10.343099594116211
12,100,8.75,none,1,106,94.015625,104.25,0.0,20.609375,-9.802995681762695
12,100,8.75,none,1,107,93.84375,101.96875,0.0,19.90625,-9.883203506469727
12,100,8.75,none,1,108,93.328125,103.9375,0.0,19.421875,-9.848828315734863
12,100,8.75,none,1,109,93.359375,102.796875,0.0,19.09375,-9.839193344116211
12,100,8.75,none,1,110,96.609375,103.03125,0.0,18.875,-10.419401168823242
12,100,8.75,none,1,111,94.484375,103.578125,0.0,18.984375,-10.0703125
12,100,8.75,none,1,112,95.546875,103.90625,0.0,19.625,-10.031770706176758
12,100,8.75,none,1,113,95.0625,104.21875,0.0,19.4375,-10.165494918823242
12,100,8.75,none,1,114,93.921875,104.046875,0.0,19.421875,-9.865104675292969
12,100,8.75,none,1,115,94.53125,104.03125,0.0,19.078125,-9.643750190734863
12,100,8.75,none,1,116,93.09375,105.171875,0.0,18.9375,-9.658723831176758
12,100,8.75,none,1,117,95.265625,104.109375,0.0,19.296875,-10.19921875
12,100,8.75,none,1,118,92.171875,105.421875,0.0,18.5625,-9.50351619720459
12,100,8.75,none,1,119,96.671875,106.4375,0.0,18.765625,-9.906119346618652
12,100,8.75,none,1,120,98.5,106.546875,0.0,18.75,-10.194662094116211
12,100,8.75,none,1,121,96.515625,104.453125,0.0,19.125,-10.193750381469727
12,100,8.75,none,1,122,95.546875,105.828125,0.0,18.03125,-9.449089050292969
12,100,8.75,none,1,123,96.375,104.4375,0.0,18.671875,-10.101823806762695
12,100,8.75,none,1,124,96.84375,105.265625,0.0,18.8125,-9.938020706176758
12,100,8.75,none,1,125,94.71875,105.5,0.0,18.609375,-9.597785949707031
12,100,8.75,none,1,126,96.6875,105.5,0.0,17.828125,-10.049610137939453
12,100,8.75,none,1,127,96.671875,105.53125,0.0,17.78125,-9.629947662353516
12,100,8.75,none,1,128,94.546875,105.90625,0.0,17.640625,-9.331249237060547
12,100,8.75,none,1,129,99.28125,106.578125,0.0,17.078125,-9.927604675292969
12,100,8.75,none,1,130,94.984375,104.96875,0.0,18.09375,-9.743228912353516
12,100,8.75,none,1,131,96.046875,104.90625,0.0,17.0,-9.71875
12,100,8.75,none,1,132,94.078125,106.421875,0.0,18.09375,-9.264323234558105
12,100,8.75,none,1,133,96.546875,106.703125,0.0,16.890625,-9.3984375
12,100,8.75,none,1,134,95.78125,106.640625,0.0,16.921875,-8.993880271911621
12,100,8.75,none,1,135,93.84375,106.359375,0.0,17.328125,-9.62421989440918
12,100,8.75,none,1,136,97.140625,106.140625,0.0,17.78125,-9.77500057220459
12,100,8.75,none,1,137,98.453125,108.015625,0.0,16.5625,-9.463411331176758
12,100,8.75,none,1,138,94.640625,106.734375,0.0,16.734375,-8.780989646911621
12,100,8.75,none,1,139,96.8125,107.3125,0.0,16.875,-9.188932418823242
12,100,8.75,none,1,140,96.1875,106.1875,0.0,16.40625,-9.223176956176758
12,100,8.75,none,1,141,96.671875,108.125,0.0,15.703125,-8.777864456176758
12,100,8.75,none,1,142,96.53125,104.203125,0.0,17.09375,-9.224349021911621
12,100,8.75,none,1,143,96.921875,104.859375,0.0,15.859375,-9.43906307220459
12,100,8.75,none,1,144,95.546875,106.59375,0.0,15.921875,-9.382291793823242
12,100,8.75,none,1,145,94.15625,108.3125,0.0,17.015625,-8.883072853088379
12,100,8.75,none,1,146,95.734375,108.171875,0.0,15.90625,-9.039583206176758
12,100,8.75,none,1,147,94.28125,107.625,0.0,17.328125,-9.087630271911621
12,100,8.75,none,1,148,95.875,107.640625,0.0,15.765625,-8.459245681762695
12,100,8.75,none,1,149,95.0625,110.640625,0.0,15.703125,-8.497135162353516
12,100,8.75,none,1,150,93.40625,107.953125,0.0,16.296875,-8.571353912353516
12,100,8.75,none,1,151,96.875,107.296875,0.0,15.078125,-8.882553100585938
12,100,8.75,none,1,152,96.75,106.890625,0.0,15.4375,-9.034114837646484
12,100,8.75,none,1,153,96.375,107.15625,0.0,15.921875,-9.028646469116211
12,100,8.75,none,1,154,96.65625,106.96875,0.0,16.453125,-9.197916984558105
12,100,8.75,none,1,155,96.03125,107.640625,0.0,15.640625,-9.217187881469727
12,100,8.75,none,1,156,96.53125,107.21875,0.0,15.375,-8.46992301940918
12,100,8.75,none,1,157,94.953125,109.296875,0.0,15.125,-8.424479484558105
12,100,8.75,none,1,158,93.90625,108.453125,0.0,15.875,-8.27109432220459
12,100,8.75,none,1,159,97.78125,108.09375,0.0,15.3125,-8.988410949707031
12,100,8.75,none,1,160,96.125,108.3125,0.0,15.25,-8.406511306762695
12,100,8.75,none,1,161,96.96875,109.296875,0.0,14.453125,-8.542187690734863
12,100,8.75,none,1,162,97.6875,108.609375,0.0,15.40625,-8.755729675292969
12,100,8.75,none,1,163,95.28125,108.453125,0.0,14.234375,-8.4765625
12,100,8.75,none,1,164,97.234375,108.96875,0.0,14.5,-8.194400787353516
12,100,8.75,none,1,165,97.078125,107.65625,0.0,14.125,-8.593099594116211
12,100,8.75,none,1,166,96.515625,109.65625,0.0,14.171875,-8.214714050292969
12,100,8.75,none,1,167,98.359375,108.609375,0.0,14.40625,-8.621354103088379
12,100,8.75,none,1,168,97.234375,107.1875,0.0,14.453125,-8.690625190734863
12,100,8.75,none,1,169,99.453125,109.765625,0.0,13.796875,-8.62890625
12,100,8.75,none,1,170,96.765625,107.75,0.0,13.78125,-8.29648494720459
12,100,8.75,none,1,171,96.1875,108.859375,0.0,13.953125,-8.588021278381348
12,100,8.75,none,1,172,98.078125,111.078125,0.0,13.671875,-8.401041984558105
12,100,8.75,none,1,173,98.140625,109.0,0.0,13.859375,-8.282161712646484
12,100,8.75,none,1,174,98.90625,107.671875,0.0,13.90625,-8.669140815734863
12,100,8.75,none,1,175,98.3125,108.5,0.0,12.828125,-8.731771469116211
12,100,8.75,none,1,176,97.421875,108.859375,0.0,13.875,-8.44453239440918
12,100,8.75,none,1,177,97.078125,111.890625,0.0,13.0,-8.155208587646484
12,100,8.75,none,1,178,96.71875,109.625,0.0,13.890625,-8.461718559265137
12,100,8.75,none,1,179,97.890625,109.84375,0.0,13.5,-8.645313262939453
12,100,8.75,none,1,180,96.171875,110.234375,0.0,13.671875,-8.164974212646484
12,100,8.75,none,1,181,98.046875,109.34375,0.0,14.171875,-8.363672256469727
12,100,8.75,none,1,182,97.125,111.765625,0.0,13.828125,-7.977603912353516
12,100,8.75,none,1,183,98.6875,109.625,0.0,12.546875,-8.089323043823242
12,100,8.75,none,1,184,95.6875,111.3125,0.0,13.09375,-7.647786617279053
12,100,8.75,none,1,185,97.203125,110.265625,0.0,13.1875,-8.110286712646484
12,100,8.75,none,1,186,97.078125,111.8125,0.0,13.140625,-7.969010829925537
12,100,8.75,none,1,187,98.140625,110.421875,0.0,12.671875,-8.211588859558105
12,100,8.75,none,1,188,99.078125,109.8125,0.0,12.390625,-8.093881607055664
12,100,8.75,none,1,189,98.25,112.03125,0.0,12.984375,-7.860286712646484
12,100,8.75,none,1,190,95.953125,110.328125,0.0,13.0625,-8.04804801940918
12,100,8.75,none,1,191,95.78125,110.28125,0.0,13.375,-8.045963287353516
12,100,8.75,none,1,192,98.5625,111.34375,0.0,12.609375,-8.220182418823242
12,100,8.75,none,1,193,96.4375,110.96875,0.0,12.265625,-7.664193153381348
12,100,8.75,none,1,194,97.421875,110.921875,0.0,12.6875,-7.773307800292969
12,100,8.75,none,1,195,98.5625,111.484375,0.0,13.21875,-8.379297256469727
12,100,8.75,none,1,196,98.171875,111.9375,0.0,12.28125,-8.101432800292969
12,100,8.75,none,1,197,96.109375,112.09375,0.0,13.015625,-7.782161712646484
12,100,8.75,none,1,198,97.734375,112.09375,0.0,12.328125,-8.115364074707031
12,100,8.75,none,1,199,97.140625,111.3125,0.0,12.34375,-7.741146087646484
12,100,8.75,none,1,200,96.453125,113.390625,0.0,12.03125,-7.411849498748779
12,100,8.75,none,1,201,98.34375,111.09375,0.0,12.296875,-7.908203125
12,100,8.75,none,1,202,97.609375,110.875,0.0,11.578125,-8.16367244720459
12,100,8.75,none,1,203,96.9375,112.71875,0.0,12.671875,-7.81601619720459
12,100,8.75,none,1,204,97.609375,112.390625,0.0,11.890625,-7.6828131675720215
12,100,8.75,none,1,205,97.5,110.59375,0.0,12.25,-7.696484565734863
12,100,8.75,none,1,206,97.03125,110.640625,0.0,11.859375,-7.845052242279053
12,100,8.75,none,1,207,99.53125,111.015625,0.0,11.671875,-8.209375381469727
12,100,8.75,none,1,208,98.25,111.53125,0.0,12.703125,-7.721744537353516
12,100,8.75,none,1,209,98.546875,111.859375,0.0,11.578125,-7.759114742279053
12,100,8.75,none,1,210,97.921875,114.265625,0.0,11.140625,-7.44492244720459
12,100,8.75,none,1,211,97.9375,112.59375,0.0,11.578125,-7.5045576095581055
12,100,8.75,none,1,212,97.609375,111.53125,0.0,11.734375,-7.411067962646484
12,100,8.75,none,1,213,98.65625,111.71875,0.0,11.328125,-7.752343654632568
12,100,8.75,none,1,214,98.15625,110.796875,0.0,12.375,-8.071353912353516
12,100,8.75,none,1,215,99.296875,112.125,0.0,11.34375,-7.873958587646484
12,100,8.75,none,1,216,96.21875,112.140625,0.0,11.71875,-7.263801574707031
12,100,8.75,none,1,217,98.265625,111.921875,0.0,11.3125,-7.491015911102295
12,100,8.75,none,1,218,97.3125,112.765625,0.0,11.140625,-7.54296875
12,100,8.75,none,1,219,97.390625,113.65625,0.0,11.5625,-7.431770324707031
12,100,8.75,none,1,220,97.5625,113.953125,0.0,11.078125,-7.015495300292969
12,100,8.75,none,1,221,98.640625,113.234375,0.0,10.96875,-7.630338191986084
12,100,8.75,none,1,222,98.0625,112.640625,0.0,10.828125,-7.075000286102295
12,100,8.75,none,1,223,97.515625,113.375,0.0,11.5,-7.645833492279053
12,100,8.75,none,1,224,97.046875,113.1875,0.0,10.78125,-7.171093940734863
12,100,8.75,none,1,225,97.96875,113.25,0.0,11.59375,-7.722786903381348
12,100,8.75,none,1,226,95.6875,112.375,0.0,10.84375,-6.8470048904418945
12,100,8.75,none,1,227,96.40625,112.78125,0.0,10.828125,-7.04062557220459
12,100,8.75,none,1,228,97.03125,113.140625,0.0,10.984375,-7.079036712646484
12,100,8.75,none,1,229,94.40625,112.84375,0.0,10.828125,-7.336978912353516
12,100,8.75,none,1,230,98.0625,114.28125,0.0,10.375,-7.2108073234558105
12,100,8.75,none,1,231,97.484375,113.328125,0.0,10.5625,-6.838412284851074
12,100,8.75,none,1,232,93.9375,114.53125,0.0,10.65625,-6.696353912353516
12,100,8.75,none,1,233,98.390625,113.953125,0.0,11.453125,-7.598437309265137
12,100,8.75,none,1,234,97.71875,114.484375,0.0,10.53125,-7.1217451095581055
12,100,8.75,none,1,235,97.375,114.515625,0.0,10.703125,-7.124740123748779
12,100,8.75,none,1,236,96.78125,116.171875,0.0,9.6875,-6.6339850425720215
12,100,8.75,none,1,237,95.328125,114.703125,0.0,10.859375,-6.945052146911621
12,100,8.75,none,1,238,98.90625,113.203125,0.0,10.453125,-7.515233993530273
12,100,8.75,none,1,239,99.171875,113.015625,0.0,10.484375,-7.270703315734863
12,100,8.75,none,1,240,96.53125,113.90625,0.0,10.109375,-7.042708396911621
12,100,8.75,none,1,241,96.1875,115.609375,0.0,10.75,-6.541145324707031
12,100,8.75,none,1,242,99.28125,115.859375,0.0,10.0,-6.841405868530273
12,100,8.75,none,1,243,96.03125,116.078125,0.0,10.21875,-6.925260543823242
12,100,8.75,none,1,244,97.859375,113.328125,0.0,10.796875,-7.253255367279053
12,100,8.75,none,1,245,97.890625,114.984375,0.0,9.9375,-6.716667175292969
12,100,8.75,none,1,246,95.796875,112.90625,0.0,10.890625,-7.258984565734863
12,100,8.75,none,1,247,96.625,114.390625,0.0,10.140625,-6.990495204925537
12,100,8.75,none,1,248,99.6875,113.828125,0.0,9.71875,-7.114583492279053
12,100,8.75,none,1,249,94.9375,115.890625,0.0,10.6875,-6.811589241027832
12,100,8.75,none,1,250,95.953125,116.421875,0.0,9.9375,-6.194792747497559
12,100,8.75,none,1,251,96.796875,115.0625,0.0,10.359375,-6.610547065734863
12,100,8.75,none,1,252,98.53125,115.90625,0.0,9.921875,-6.7531256675720215
12,100,8.75,none,1,253,97.09375,115.046875,0.0,10.15625,-6.815755367279053
12,100,8.75,none,1,254,98.140625,116.234375,0.0,9.9375,-6.579036235809326
12,100,8.75,none,1,255,97.953125,114.796875,0.0,9.578125,-7.0115885734558105
12,100,8.75,none,1,256,97.890625,115.984375,0.0,9.484375,-6.448958396911621
12,100,8.75,none,1,257,96.40625,116.53125,0.0,9.921875,-6.727344512939453
12,100,8.75,none,1,258,96.34375,115.203125,0.0,9.546875,-6.5194010734558105
12,100,8.75,none,1,259,95.59375,115.03125,0.0,9.796875,-6.6100263595581055
12,100,8.75,none,1,260,97.015625,117.40625,0.0,10.0625,-6.782161712646484
12,100,8.75,none,1,261,94.203125,115.578125,0.0,9.78125,-6.105990409851074
12,100,8.75,none,1,262,97.171875,114.84375,0.0,10.40625,-7.0311198234558105
12,100,8.75,none,1,263,96.890625,117.5625,0.0,9.6875,-6.566798210144043
12,100,8.75,none,1,264,96.3125,114.71875,0.0,9.28125,-6.192447662353516
12,100,8.75,none,1,265,97.953125,117.765625,0.0,9.359375,-6.568490028381348
12,100,8.75,none,1,266,99.28125,116.328125,0.0,10.015625,-6.980729579925537
12,100,8.75,none,1,267,97.03125,114.984375,0.0,8.953125,-6.761198997497559
12,100,8.75,none,1,268,96.3125,116.234375,0.0,9.671875,-6.358724117279053
12,100,8.75,none,1,269,99.203125,115.8125,0.0,9.984375,-6.941667079925537
12,100,8.75,none,1,270,98.21875,115.515625,0.0,9.296875,-6.745572566986084
12,100,8.75,none,1,271,95.703125,116.859375,0.0,9.140625,-6.255338668823242
12,100,8.75,none,1,272,97.484375,116.09375,0.0,9.09375,-6.323046684265137
12,100,8.75,none,1,273,96.671875,117.140625,0.0,9.015625,-6.137109756469727
12,100,8.75,none,1,274,96.5625,117.390625,0.0,9.78125,-6.349999904632568
12,100,8.75,none,1,275,96.1875,117.375,0.0,8.90625,-6.004688262939453
12,100,8.75,none,1,276,94.328125,115.5625,0.0,9.671875,-5.99570369720459
12,100,8.75,none,1,277,99.046875,115.046875,0.0,9.328125,-6.8475260734558105
12,100,8.75,none,1,278,98.65625,114.703125,0.0,9.34375,-6.786197662353516
12,100,8.75,none,1,279,96.234375,115.5625,0.0,9.3125,-6.74570369720459
12,100,8.75,none,1,280,96.953125,116.8125,0.0,9.75,-6.46835994720459
12,100,8.75,none,1,281,99.609375,113.90625,0.0,8.546875,-6.839322566986084
12,100,8.75,none,1,282,97.828125,116.53125,0.0,9.125,-6.676042079925537
12,100,8.75,none,1,283,96.21875,116.65625,0.0,9.09375,-5.674218654632568
12,100,8.75,none,1,284,97.34375,116.71875,0.0,8.578125,-6.3182291984558105
12,100,8.75,none,1,285,97.96875,117.453125,0.0,8.5625,-6.7869791984558105
12,100,8.75,none,1,286,95.34375,116.390625,0.0,9.3125,-6.286198616027832
12,100,8.75,none,1,287,97.359375,116.96875,0.0,9.015625,-6.401692867279053
12,100,8.75,none,1,288,94.25,118.1875,0.0,8.640625,-5.770312786102295
12,100,8.75,none,1,289,97.453125,116.015625,0.0,8.40625,-6.27500057220459
12,100,8.75,none,1,290,96.03125,116.359375,0.0,8.390625,-6.3385419845581055
12,100,8.75,none,1,291,97.984375,116.703125,0.0,8.75,-6.295182704925537
12,100,8.75,none,1,292,96.96875,115.96875,0.0,8.203125,-6.117318630218506
12,100,8.75,none,1,293,95.09375,117.546875,0.0,8.8125,-6.052734375
12,100,8.75,none,1,294,96.03125,117.3125,0.0,8.859375,-5.959895610809326
12,100,8.75,none,1,295,94.703125,118.75,0.0,8.65625,-5.894010543823242
12,100,8.75,none,1,296,96.78125,115.984375,0.0,8.421875,-6.56015682220459
12,100,8.75,none,1,297,96.515625,117.359375,0.0,8.984375,-6.322656154632568
12,100,8.75,none,1,298,95.78125,116.09375,0.0,8.953125,-5.974088668823242
12,100,8.75,none,1,299,95.578125,118.109375,0.0,8.828125,-5.908463954925537
12,100,8.75,none,1,300,97.125,116.0625,0.0,8.609375,-6.28281307220459
12,100,8.75,none,1,301,97.40625,117.5,0.0,8.6875,-6.139453887939453
12,100,8.75,none,1,302,95.75,117.609375,0.0,7.75,-5.629167079925537
12,100,8.75,none,1,303,94.015625,117.5625,0.0,8.265625,-5.230599403381348
12,100,8.75,none,1,304,94.796875,119.296875,0.0,8.1875,-5.765104293823242
12,100,8.75,none,1,305,95.1875,119.109375,0.0,8.984375,-5.809375762939453
12,100,8.75,none,1,306,96.875,118.515625,0.0,8.640625,-6.0611982345581055
12,100,8.75,none,1,307,98.4375,117.40625,0.0,7.40625,-6.0636725425720215
12,100,8.75,none,1,308,96.421875,118.984375,0.0,8.21875,-6.119271278381348
12,100,8.75,none,1,309,96.84375,117.328125,0.0,8.28125,-6.204817771911621
12,100,8.75,none,1,310,95.21875,119.328125,0.0,8.546875,-5.607161521911621
12,100,8.75,none,1,311,96.75,118.265625,0.0,8.71875,-6.209115028381348
12,100,8.75,none,1,312,97.140625,118.796875,0.0,7.34375,-5.822265625
12,100,8.75,none,1,313,95.4375,117.984375,0.0,8.25,-6.006640911102295
12,100,8.75,none,1,314,97.265625,117.703125,0.0,7.96875,-6.017448425292969
12,100,8.75,none,1,315,94.640625,118.515625,0.0,8.625,-5.608203411102295
12,100,8.75,none,1,316,97.296875,115.75,0.0,8.671875,-6.000131130218506
12,100,8.75,none,1,317,95.296875,117.9375,0.0,8.046875,-6.280729293823242
12,100,8.75,none,1,318,96.09375,120.0625,0.0,8.125,-5.914323329925537
12,100,8.75,none,1,319,96.796875,118.359375,0.0,8.171875,-6.045703887939453
12,100,8.75,none,1,320,97.625,117.5,0.0,8.3125,-6.695052623748779
12,100,8.75,none,1,321,92.875,118.640625,0.0,7.703125,-5.709896087646484
12,100,8.75,none,1,322,93.09375,118.46875,0.0,8.140625,-5.042708396911621
12,100,8.75,none,1,323,93.421875,119.515625,0.0,8.15625,-5.8097662925720215
12,100,8.75,none,1,324,95.671875,117.3125,0.0,7.28125,-5.935807704925537
12,100,8.75,none,1,325,96.140625,120.21875,0.0,7.625,-5.545182704925537
12,100,8.75,none,1,326,95.234375,117.453125,0.0,7.328125,-5.488411903381348
12,100,8.75,none,1,327,95.75,117.84375,0.0,7.625,-5.319271087646484
12,100,8.75,none,1,328,96.71875,115.03125,0.0,7.8125,-6.172656536102295
12,100,8.75,none,1,329,97.8125,117.90625,0.0,7.84375,-6.713802337646484
12,100,8.75,none,1,330,97.0,117.984375,0.0,8.0625,-6.223958492279053
12,100,8.75,none,1,331,95.296875,119.359375,0.0,7.9375,-5.549869537353516
12,100,8.75,none,1,332,95.265625,120.21875,0.0,7.203125,-5.127474308013916
12,100,8.75,none,1,333,96.640625,119.15625,0.0,7.3125,-5.521224498748779
12,100,8.75,none,1,334,97.546875,118.3125,0.0,7.40625,-6.0514326095581055
12,100,8.75,none,1,335,95.671875,119.921875,0.0,7.78125,-5.714973449707031
12,100,8.75,none,1,336,92.03125,122.15625,0.0,7.78125,-4.325781345367432
12,100,8.75,none,1,337,95.171875,121.53125,0.0,7.828125,-5.438411712646484
12,100,8.75,none,1,338,93.984375,119.484375,0.0,7.796875,-5.715755462646484
12,100,8.75,none,1,339,95.15625,120.046875,0.0,7.875,-5.475521087646484
12,100,8.75,none,1,340,96.859375,118.6875,0.0,7.15625,-5.878125190734863
12,100,8.75,none,1,341,96.53125,119.640625,0.0,7.4375,-5.768360137939453
12,100,8.75,none,1,342,94.671875,121.0,0.0,7.75,-5.2576823234558105
12,100,8.75,none,1,343,92.921875,119.796875,0.0,7.34375,-5.0994791984558105
12,100,8.75,none,1,344,93.859375,120.328125,0.0,8.078125,-5.488411903381348
12,100,8.75,none,1,345,92.65625,119.71875,0.0,7.296875,-5.380859375
12,100,8.75,none,1,346,92.671875,120.6875,0.0,7.484375,-5.346744537353516
12,100,8.75,none,1,347,94.703125,120.09375,0.0,6.96875,-5.412109375
12,100,8.75,none,1,348,92.265625,119.890625,0.0,7.4375,-5.260156631469727
12,100,8.75,none,1,349,93.5,121.625,0.0,8.046875,-5.420964241027832
12,100,8.75,none,1,350,94.125,120.234375,0.0,7.3125,-5.110807418823242
12,100,8.75,none,1,351,94.96875,119.59375,0.0,7.296875,-5.347917079925537
12,100,8.75,none,1,352,94.71875,119.4375,0.0,7.234375,-5.1861982345581055
12,100,8.75,none,1,353,94.15625,118.953125,0.0,7.234375,-5.392838954925537
12,100,8.75,none,1,354,95.6875,118.515625,0.0,7.046875,-5.59765625
12,100,8.75,none,1,355,96.78125,120.984375,0.0,6.765625,-5.5460944175720215
12,100,8.75,none,1,356,96.765625,118.421875,0.0,8.109375,-5.957683086395264
12,100,8.75,none,1,357,97.5625,119.28125,0.0,7.75,-5.6484375
12,100,8.75,none,1,358,97.015625,119.625,0.0,6.90625,-5.8834638595581055
12,100,8.75,none,1,359,95.984375,119.796875,0.0,7.515625,-5.541146278381348
12,100,8.75,none,1,360,96.15625,117.953125,0.0,7.4375,-6.015495300292969
12,100,8.75,none,1,361,95.921875,120.53125,0.0,7.6875,-5.373567581176758
12,100,8.75,none,1,362,96.296875,121.171875,0.0,7.515625,-5.436328411102295
12,100,8.75,none,1,363,95.09375,120.625,0.0,7.671875,-5.639193534851074
12,100,8.75,none,1,364,96.8125,119.0625,0.0,7.0625,-5.418879985809326
12,100,8.75,none,1,365,96.171875,120.9375,0.0,7.28125,-5.451953411102295
12,100,8.75,none,1,366,94.203125,118.75,0.0,7.125,-5.461459159851074
12,100,8.75,none,1,367,93.265625,120.765625,0.0,7.3125,-5.047005653381348
12,100,8.75,none,1,368,96.421875,121.75,0.0,7.3125,-5.764583587646484
12,100,8.75,none,1,369,95.171875,119.40625,0.0,6.984375,-5.339323043823242
12,100,8.75,none,1,370,93.953125,120.265625,0.0,7.203125,-4.918490409851074
12,100,8.75,none,1,371,95.25,120.46875,0.0,6.859375,-5.443490028381348
12,100,8.75,none,1,372,93.3125,121.328125,0.0,7.3125,-5.2018232345581055
12,100,8.75,none,1,373,93.078125,120.234375,0.0,7.5625,-5.259635925292969
12,100,8.75,none,1,374,94.53125,121.078125,0.0,7.234375,-5.502213954925537
12,100,8.75,none,1,375,93.921875,121.15625,0.0,6.984375,-5.133594036102295
12,100,8.75,none,1,376,93.4375,120.3125,0.0,7.09375,-4.996875286102295
12,100,8.75,none,1,377,93.625,121.65625,0.0,6.96875,-5.058333873748779
12,100,8.75,none,1,378,94.46875,121.109375,0.0,7.265625,-5.33554744720459
12,100,8.75,none,1,379,94.515625,120.84375,0.0,6.921875,-5.1446614265441895
12,100,8.75,none,1,380,95.796875,122.453125,0.0,7.65625,-5.443620204925537
12,100,8.75,none,1,381,95.234375,121.984375,0.0,7.0,-5.375391006469727
12,100,8.75,none,1,382,97.046875,122.125,0.0,7.0,-5.357292175292969
12,100,8.75,none,1,383,95.046875,122.21875,0.0,7.21875,-5.616536617279053
12,100,8.75,none,1,384,95.71875,119.4375,0.0,7.03125,-5.82773494720459
12,100,8.75,none,1,385,96.765625,121.171875,0.0,7.109375,-5.720833778381348
12,100,8.75,none,1,386,95.0,122.765625,0.0,6.75,-5.1869797706604
12,100,8.75,none,1,387,95.03125,120.640625,0.0,7.375,-5.314713954925537
12,100,8.75,none,1,388,94.15625,121.1875,0.0,6.671875,-5.026302337646484
12,100,8.75,none,1,389,96.5625,119.640625,0.0,6.8125,-5.515625
12,100,8.75,none,1,390,95.65625,123.671875,0.0,6.53125,-4.842708587646484
12,100,8.75,none,1,391,96.03125,121.296875,0.0,7.0625,-5.470963954925537
12,100,8.75,none,1,392,95.46875,121.578125,0.0,6.640625,-5.11484432220459
12,100,8.75,none,1,393,95.5,121.03125,0.0,6.234375,-5.133724212646484
12,100,8.75,none,1,394,95.5625,121.0625,0.0,6.53125,-5.235286712646484
12,100,8.75,none,1,395,95.6875,122.421875,0.0,6.4375,-5.2082037925720215
12,100,8.75,none,1,396,93.875,121.21875,0.0,6.625,-5.141797065734863
12,100,8.75,none,1,397,94.703125,121.703125,0.0,6.828125,-5.156771659851074
12,100,8.75,none,1,398,93.3125,119.953125,0.0,6.890625,-5.3971357345581055
12,100,8.75,none,1,399,96.015625,120.140625,0.0,7.15625,-5.4074225425720215
12,100,8.75,none,1,400,94.1875,120.203125,0.0,7.171875,-5.473046779632568
12,100,8.75,none,1,401,92.53125,122.6875,0.0,6.734375,-4.555729866027832
12,100,8.75,none,1,402,94.265625,121.46875,0.0,6.625,-4.9230475425720215
12,100,8.75,none,1,403,96.359375,120.15625,0.0,6.796875,-5.467838287353516
12,100,8.75,none,1,404,96.796875,119.953125,0.0,6.546875,-5.556641578674316
12,100,8.75,none,1,405,97.828125,123.546875,0.0,6.65625,-5.5993499755859375
12,100,8.75,none,1,406,95.203125,123.9375,0.0,6.53125,-4.801953315734863
12,100,8.75,none,1,407,93.53125,119.8125,0.0,6.921875,-5.263932228088379
12,100,8.75,none,1,408,93.109375,120.734375,0.0,7.265625,-4.863151550292969
12,100,8.75,none,1,409,95.453125,121.96875,0.0,6.75,-5.392838954925537
12,100,8.75,none,1,410,93.78125,123.296875,0.0,6.828125,-4.970703125
12,100,8.75,none,1,411,93.125,122.171875,0.0,6.796875,-4.669921875
12,100,8.75,none,1,412,92.734375,122.609375,0.0,6.390625,-4.706901550292969
12,100,8.75,none,1,413,94.0625,120.75,0.0,6.875,-4.5285162925720215
12,100,8.75,none,1,414,92.46875,124.4375,0.0,6.53125,-4.402734756469727
12,100,8.75,none,1,415,91.09375,122.6875,0.0,7.296875,-4.538541793823242
12,100,8.75,none,1,416,90.40625,123.828125,0.0,6.703125,-4.253255367279053
12,100,8.75,none,1,417,94.15625,124.296875,0.0,6.453125,-4.498177528381348
12,100,8.75,none,1,418,93.421875,123.59375,0.0,6.6875,-5.163541793823242
12,100,8.75,none,1,419,93.703125,123.453125,0.0,6.390625,-4.572526454925537
12,100,8.75,none,1,420,93.40625,124.046875,0.0,6.53125,-4.791406631469727
12,100,8.75,none,1,421,92.078125,123.265625,0.0,7.078125,-5.1281256675720215
12,100,8.75,none,1,422,94.90625,122.84375,0.0,6.796875,-5.018099784851074
12,100,8.75,none,1,423,94.921875,122.359375,0.0,6.65625,-4.955469131469727
12,100,8.75,none,1,424,94.09375,122.53125,0.0,6.75,-5.291275978088379
12,100,8.75,none,1,425,93.34375,121.75,0.0,6.140625,-4.733464241027832
12,100,8.75,none,1,426,94.890625,122.25,0.0,6.515625,-5.331901550292969
12,100,8.75,none,1,427,93.296875,123.65625,0.0,5.78125,-4.8248701095581055
12,100,8.75,none,1,428,91.40625,123.703125,0.0,6.640625,-4.40390682220459
12,100,8.75,none,1,429,94.109375,123.96875,0.0,6.859375,-4.964323043823242
12,100,8.75,none,1,430,90.625,121.421875,0.0,6.703125,-4.4171881675720215
12,100,8.75,none,1,431,94.09375,120.25,0.0,6.625,-4.583463668823242
12,100,8.75,none,1,432,93.484375,122.0,0.0,6.40625,-4.877474308013916
12,100,8.75,none,1,433,96.484375,123.375,0.0,5.96875,-5.020833969116211
12,100,8.75,none,1,434,94.71875,122.671875,0.0,6.5,-4.876692771911621
12,100,8.75,none,1,435,92.96875,124.734375,0.0,7.234375,-4.47265625
12,100,8.75,none,1,436,94.984375,122.296875,0.0,6.453125,-4.9225263595581055
12,100,8.75,none,1,437,92.296875,123.75,0.0,6.046875,-3.9837241172790527
12,100,8.75,none,1,438,95.234375,123.28125,0.0,6.328125,-4.618489742279053
12,100,8.75,none,1,439,92.453125,123.578125,0.0,6.21875,-4.772265911102295
12,100,8.75,none,1,440,93.171875,124.734375,0.0,6.859375,-4.548177242279053
12,100,8.75,none,1,441,96.46875,122.671875,0.0,6.25,-4.7252607345581055
12,100,8.75,none,1,442,92.765625,124.1875,0.0,6.40625,-4.605208396911621
12,100,8.75,none,1,443,94.578125,124.0625,0.0,6.015625,-5.023698329925537
12,100,8.75,none,1,444,96.453125,123.234375,0.0,7.015625,-5.455859184265137
12,100,8.75,none,1,445,94.09375,122.609375,0.0,6.625,-5.062630653381348
12,100,8.75,none,1,446,93.140625,124.84375,0.0,6.265625,-4.216145992279053
12,100,8.75,none,1,447,93.21875,124.859375,0.0,6.703125,-4.644922256469727
12,100,8.75,none,1,448,92.875,126.046875,0.0,6.03125,-4.405338764190674
12,100,8.75,none,1,449,92.0625,125.4375,0.0,5.953125,-4.1496100425720215
12,100,8.75,none,1,450,94.5625,124.796875,0.0,6.375,-4.746484756469727
12,100,8.75,none,1,451,94.3125,124.28125,0.0,6.390625,-5.085156440734863
12,100,8.75,none,1,452,94.96875,124.203125,0.0,6.015625,-4.720182418823242
12,100,8.75,none,1,453,93.03125,124.0,0.0,6.03125,-4.5018229484558105
12,100,8.75,none,1,454,95.421875,123.5625,0.0,6.25,-4.946224212646484
12,100,8.75,none,1,455,93.390625,124.015625,0.0,5.71875,-4.260286808013916
12,100,8.75,none,1,456,93.453125,123.25,0.0,5.65625,-4.378385543823242
12,100,8.75,none,1,457,93.484375,124.75,0.0,6.140625,-4.369140625
12,100,8.75,none,1,458,94.40625,122.84375,0.0,6.25,-5.294401168823242
12,100,8.75,none,1,459,92.953125,126.65625,0.0,5.6875,-4.119661331176758
12,100,8.75,none,1,460,93.96875,124.984375,0.0,6.046875,-4.218229293823242
12,100,8.75,none,1,461,91.328125,123.3125,0.0,6.09375,-4.163412094116211
12,100,8.75,none,1,462,93.34375,123.953125,0.0,6.0625,-4.274349212646484
12,100,8.75,none,1,463,94.078125,123.609375,0.0,6.265625,-4.651953220367432
12,100,8.75,none,1,464,92.34375,122.703125,0.0,6.328125,-4.458724021911621
12,100,8.75,none,1,465,91.359375,125.484375,0.0,6.4375,-3.9471356868743896
12,100,8.75,none,1,466,92.453125,124.875,0.0,5.796875,-4.1365885734558105
12,100,8.75,none,1,467,91.03125,126.09375,0.0,5.859375,-3.53125
12,100,8.75,none,1,468,94.234375,123.21875,0.0,6.0625,-4.5695319175720215
12,100,8.75,none,1,469,91.015625,124.5,0.0,6.3125,-3.915364980697632
12,100,8.75,none,1,470,93.8125,125.015625,0.0,6.046875,-4.149609565734863
12,100,8.75,none,1,471,92.90625,124.984375,0.0,5.5,-4.153386116027832
12,100,8.75,none,1,472,92.578125,125.515625,0.0,6.25,-4.326042175292969
12,100,8.75,none,1,473,92.078125,124.859375,0.0,6.390625,-4.333724021911621
12,100,8.75,none,1,474,93.375,123.796875,0.0,6.109375,-4.753255367279053
12,100,8.75,none,1,475,91.578125,124.40625,0.0,6.171875,-4.300130367279053
12,100,8.75,none,1,476,93.140625,125.90625,0.0,5.71875,-4.388411998748779
12,100,8.75,none,1,477,91.765625,125.359375,0.0,6.125,-4.151562690734863
12,100,8.75,none,1,478,91.796875,124.46875,0.0,6.09375,-4.256901741027832
12,100,8.75,none,1,479,93.34375,124.765625,0.0,5.671875,-4.103906631469727
12,100,8.75,none,1,480,92.921875,125.734375,0.0,6.0,-4.313802242279053
12,100,8.75,none,1,481,89.28125,125.921875,0.0,6.171875,-3.7328126430511475
12,100,8.75,none,1,482,91.46875,125.90625,0.0,5.953125,-3.8179690837860107
12,100,8.75,none,1,483,91.875,126.90625,0.0,6.0,-4.178906440734863
12,100,8.75,none,1,484,91.796875,125.625,0.0,5.796875,-4.187109470367432
12,100,8.75,none,1,485,91.28125,126.40625,0.0,5.53125,-3.9403648376464844
12,100,8.75,none,1,486,93.5625,125.171875,0.0,6.078125,-4.547135829925537
12,100,8.75,none,1,487,91.296875,125.78125,0.0,5.734375,-3.5208334922790527
12,100,8.75,none,1,488,95.3125,124.765625,0.0,6.109375,-4.396354675292969
12,100,8.75,none,1,489,94.953125,126.015625,0.0,5.390625,-4.738021373748779
12,100,8.75,none,1,490,92.953125,124.9375,0.0,5.703125,-4.327474594116211
12,100,8.75,none,1,491,92.90625,126.34375,0.0,5.390625,-3.9075522422790527
12,100,8.75,none,1,492,90.859375,125.46875,0.0,5.203125,-3.9744794368743896
12,100,8.75,none,1,493,92.234375,124.921875,0.0,5.890625,-4.00937557220459
12,100,8.75,none,1,494,92.4375,124.515625,0.0,5.625,-4.247136116027832
12,100,8.75,none,1,495,91.984375,125.75,0.0,6.46875,-3.842578411102295
12,100,8.75,none,1,496,92.046875,127.15625,0.0,5.90625,-3.727604627609253
12,100,8.75,none,1,497,92.515625,127.234375,0.0,5.6875,-3.683854579925537
12,100,8.75,none,1,498,94.046875,125.03125,0.0,5.625,-4.346745491027832
12,100,8.75,none,1,499,95.625,125.96875,0.0,5.6875,-4.577083587646484
12,100,8.75,none,1,500,91.828125,125.3125,0.0,5.421875,-4.03281307220459
12,100,8.75,none,1,501,92.09375,126.46875,0.0,5.78125,-4.19296932220459
12,100,8.75,none,1,502,91.75,125.96875,0.0,5.734375,-4.048177242279053
12,100,8.75,none,1,503,93.28125,125.5625,0.0,5.78125,-4.080469131469727
12,100,8.75,none,1,504,92.3125,125.828125,0.0,5.84375,-3.7701823711395264
12,100,8.75,none,1,505,92.21875,125.96875,0.0,5.78125,-3.9250001907348633
12,100,8.75,none,1,506,92.46875,125.828125,0.0,5.640625,-3.938281536102295
12,100,8.75,none,1,507,92.484375,124.40625,0.0,5.734375,-4.253646373748779
12,100,8.75,none,1,508,93.15625,124.46875,0.0,5.171875,-4.236588954925537
12,100,8.75,none,1,509,90.0,126.234375,0.0,5.859375,-3.4192709922790527
12,100,8.75,none,1,510,92.65625,124.859375,0.0,4.953125,-3.5997397899627686
12,100,8.75,none,1,511,89.15625,128.109375,0.0,5.984375,-3.3941409587860107
12,100,8.75,none,1,512,91.140625,126.640625,0.0,5.6875,-3.8143231868743896
12,100,8.75,none,1,513,91.21875,126.8125,0.0,5.453125,-4.126302242279053
12,100,8.75,none,1,514,91.265625,125.546875,0.0,6.234375,-3.882291793823242
12,100,8.75,none,1,515,91.40625,126.40625,0.0,5.578125,-3.455338954925537
12,100,8.75,none,1,516,92.859375,125.828125,0.0,5.90625,-4.226953506469727
12,100,8.75,none,1,517,92.1875,127.140625,0.0,5.265625,-3.438541889190674
12,100,8.75,none,1,518,93.875,125.5625,0.0,5.203125,-4.056901454925537
12,100,8.75,none,1,519,91.375,125.84375,0.0,5.328125,-3.408463954925537
12,100,8.75,none,1,520,92.71875,126.671875,0.0,5.625,-4.251041889190674
12,100,8.75,none,1,521,90.203125,126.109375,0.0,5.125,-3.303776502609253
12,100,8.75,none,1,522,92.890625,128.203125,0.0,4.90625,-3.754687786102295
12,100,8.75,none,1,523,93.390625,125.71875,0.0,5.203125,-4.078906536102295
12,100,8.75,none,1,524,94.15625,126.375,0.0,5.59375,-3.9981772899627686
12,100,8.75,none,1,525,93.15625,124.875,0.0,4.890625,-4.290104866027832
12,100,8.75,none,1,526,94.625,124.4375,0.0,5.34375,-4.138411998748779
12,100,8.75,none,1,527,94.9375,125.921875,0.0,5.15625,-4.289974212646484
12,100,8.75,none,1,528,93.671875,125.0625,0.0,5.3125,-3.9015631675720215
12,100,8.75,none,1,529,92.03125,125.703125,0.0,5.421875,-3.8805994987487793
12,100,8.75,none,1,530,93.484375,128.546875,0.0,5.0625,-3.9647138118743896
12,100,8.75,none,1,531,90.78125,125.828125,0.0,5.65625,-3.877995252609253
12,100,8.75,none,1,532,91.28125,127.59375,0.0,4.671875,-3.5812501907348633
12,100,8.75,none,1,533,90.671875,126.765625,0.0,4.984375,-4.224349021911621
12,100,8.75,none,1,534,91.65625,126.828125,0.0,5.21875,-3.7621095180511475
12,100,8.75,none,1,535,89.0,126.1875,0.0,5.3125,-3.3414065837860107
12,100,8.75,none,1,536,90.59375,128.359375,0.0,5.3125,-3.8165366649627686
12,100,8.75,none,1,537,89.75,126.875,0.0,5.375,-3.5653648376464844
12,100,8.75,none,1,538,93.0625,126.328125,0.0,4.796875,-3.973958730697632
12,100,8.75,none,1,539,90.9375,125.859375,0.0,5.546875,-3.5484378337860107
12,100,8.75,none,1,540,88.84375,126.0625,0.0,5.015625,-3.3656249046325684
12,100,8.75,none,1,541,93.453125,125.984375,0.0,4.5,-3.870573043823242
12,100,8.75,none,1,542,92.484375,127.140625,0.0,5.015625,-3.676823139190674
12,100,8.75,none,1,543,91.515625,125.96875,0.0,5.046875,-3.6792972087860107
12,100,8.75,none,1,544,90.59375,127.890625,0.0,4.96875,-3.5773444175720215
12,100,8.75,none,1,545,93.09375,127.5625,0.0,5.28125,-4.153385639190674
12,100,8.75,none,1,546,93.390625,126.203125,0.0,4.828125,-3.833984375
12,100,8.75,none,1,547,92.359375,124.5,0.0,5.25,-4.009765625
12,100,8.75,none,1,548,91.890625,127.609375,0.0,4.828125,-3.3039064407348633
12,100,8.75,none,1,549,93.15625,126.109375,0.0,5.640625,-4.256250381469727
12,100,8.75,none,1,550,94.3125,126.90625,0.0,4.65625,-4.007291793823242
12,100,8.75,none,1,551,94.515625,124.5,0.0,4.921875,-4.127344131469727
12,100,8.75,none,1,552,94.046875,126.15625,0.0,4.859375,-4.1588544845581055
12,100,8.75,none,1,553,92.078125,129.421875,0.0,4.890625,-3.7670578956604004
12,100,8.75,none,1,554,92.328125,127.46875,0.0,4.265625,-3.1195316314697266
12,100,8.75,none,1,555,94.109375,127.546875,0.0,5.328125,-3.953646183013916
12,100,8.75,none,1,556,91.09375,128.359375,0.0,5.03125,-3.5087242126464844
12,100,8.75,none,1,557,95.65625,125.421875,0.0,4.5625,-4.075261116027832
12,100,8.75,none,1,558,93.03125,126.265625,0.0,5.4375,-3.844010829925537
12,100,8.75,none,1,559,95.453125,127.6875,0.0,4.28125,-3.724349021911621
12,100,8.75,none,1,560,92.78125,126.546875,0.0,4.890625,-3.46484375
12,100,8.75,none,1,561,92.65625,125.890625,0.0,5.171875,-3.6625003814697266
12,100,8.75,none,1,562,91.28125,127.171875,0.0,5.265625,-3.259244918823242
12,100,8.75,none,1,563,92.65625,127.953125,0.0,5.046875,-3.502473831176758
12,100,8.75,none,1,564,89.78125,127.546875,0.0,5.328125,-3.4002606868743896
12,100,8.75,none,1,565,92.90625,127.265625,0.0,4.90625,-3.7570314407348633
12,100,8.75,none,1,566,91.84375,126.421875,0.0,5.078125,-3.4755210876464844
12,100,8.75,none,1,567,91.359375,128.828125,0.0,5.21875,-3.5067708492279053
12,100,8.75,none,1,568,91.5,128.265625,0.0,4.390625,-3.5096356868743896
12,100,8.75,none,1,569,91.25,127.765625,0.0,4.90625,-3.3243491649627686
12,100,8.75,none,1,570,92.28125,127.1875,0.0,4.71875,-3.5411460399627686
12,100,8.75,none,1,571,90.453125,127.09375,0.0,4.609375,-3.4356772899627686
12,100,8.75,none,1,572,90.46875,128.0625,0.0,4.90625,-3.064713954925537
12,100,8.75,none,1,573,90.421875,127.46875,0.0,4.46875,-3.3214845657348633
12,100,8.75,none,1,574,91.765625,127.9375,0.0,4.953125,-3.4453125
12,100,8.75,none,1,575,89.9375,127.859375,0.0,5.234375,-3.1046876907348633
12,100,8.75,none,1,576,91.015625,129.515625,0.0,4.703125,-3.0643231868743896
12,100,8.75,none,1,577,94.5625,126.59375,0.0,4.609375,-3.690885543823242
12,100,8.75,none,1,578,92.65625,127.6875,0.0,4.96875,-3.215625286102295
12,100,8.75,none,1,579,91.265625,128.71875,0.0,4.859375,-3.2738282680511475
12,100,8.75,none,1,580,93.984375,127.640625,0.0,4.078125,-3.546875476837158
12,100,8.75,none,1,581,91.4375,127.921875,0.0,4.921875,-3.5643229484558105
12,100,8.75,none,1,582,91.109375,126.8125,0.0,4.6875,-3.4510416984558105
12,100,8.75,none,1,583,92.5625,128.296875,0.0,5.203125,-3.2305991649627686
12,100,8.75,none,1,584,93.546875,126.015625,0.0,4.625,-3.666797161102295
12,100,8.75,none,1,585,90.734375,128.265625,0.0,4.734375,-3.424609661102295
12,100,8.75,none,1,586,92.765625,126.15625,0.0,4.765625,-3.7938804626464844
12,100,8.75,none,1,587,90.84375,127.5625,0.0,5.015625,-3.2194013595581055
12,100,8.75,none,1,588,94.0625,126.859375,0.0,4.25,-3.685807704925537
12,100,8.75,none,1,589,92.359375,128.296875,0.0,4.5,-3.3175783157348633
12,100,8.75,none,1,590,94.515625,126.59375,0.0,4.8125,-4.124479293823242
12,100,8.75,none,1,591,93.6875,127.125,0.0,5.09375,-3.979948043823242
12,100,8.75,none,1,592,91.765625,127.140625,0.0,4.015625,-3.1571617126464844
12,100,8.75,none,1,593,93.875,127.109375,0.0,4.578125,-3.667057514190674
12,100,8.75,none,1,594,91.640625,128.671875,0.0,4.421875,-3.481510877609253
12,100,8.75,none,1,595,92.953125,127.46875,0.0,4.5625,-3.4410159587860107
12,100,8.75,none,1,596,91.703125,126.75,0.0,4.46875,-3.513021230697632
12,100,8.75,none,1,597,90.734375,129.125,0.0,4.359375,-3.3402347564697266
12,100,8.75,none,1,598,93.328125,126.6875,0.0,4.984375,-3.9962241649627686
12,100,8.75,none,1,599,94.234375,127.53125,0.0,4.234375,-3.986588954925537
12,100,8.75,none,1,600,93.859375,128.15625,0.0,4.40625,-3.754167079925537
12,100,8.75,none,1,601,91.828125,128.9375,0.0,4.78125,-3.7121095657348633
12,100,8.75,none,1,602,91.71875,127.4375,0.0,4.359375,-3.4403648376464844
12,100,8.75,none,1,603,93.03125,127.015625,0.0,4.96875,-3.522916793823242
12,100,8.75,none,1,604,93.359375,127.046875,0.0,5.328125,-3.8160159587860107
12,100,8.75,none,1,605,93.859375,125.96875,0.0,4.640625,-3.507031202316284
12,100,8.75,none,1,606,95.0,126.9375,0.0,4.3125,-4.136849403381348
12,100,8.75,none,1,607,93.65625,127.890625,0.0,3.875,-3.895963668823242
12,100,8.75,none,1,608,93.328125,127.484375,0.0,4.515625,-3.696094274520874
12,100,8.75,none,1,609,91.578125,131.28125,0.0,4.40625,-2.792969226837158
12,100,8.75,none,1,610,93.28125,126.671875,0.0,4.546875,-3.876042127609253
12,100,8.75,none,1,611,90.734375,127.5625,0.0,4.703125,-3.2457034587860107
12,100,8.75,none,1,612,89.890625,127.890625,0.0,4.703125,-3.050520896911621
12,100,8.75,none,1,613,92.5625,128.375,0.0,4.390625,-3.488542079925537
12,100,8.75,none,1,614,94.375,129.0,0.0,4.515625,-3.4591147899627686
12,100,8.75,none,1,615,92.40625,127.171875,0.0,4.1875,-3.3319010734558105
12,100,8.75,none,1,616,93.578125,128.03125,0.0,4.171875,-3.488802671432495
12,100,8.75,none,1,617,90.140625,126.375,0.0,4.625,-2.938541889190674
12,100,8.75,none,1,618,91.5,129.5625,0.0,4.671875,-3.3628909587860107
12,100,8.75,none,1,619,92.3125,127.015625,0.0,4.4375,-3.708463668823242
12,100,8.75,none,1,620,91.90625,128.5625,0.0,4.359375,-3.3391928672790527
12,100,8.75,none,1,621,90.78125,129.1875,0.0,4.203125,-2.6822919845581055
12,100,8.75,none,1,622,91.234375,128.421875,0.0,4.21875,-3.0882813930511475
12,100,8.75,none,1,623,91.0625,128.25,0.0,3.984375,-3.252474546432495
12,100,8.75,none,1,624,90.984375,127.890625,0.0,4.359375,-3.322265625
12,100,8.75,none,1,625,90.65625,128.28125,0.0,4.078125,-2.952864646911621
12,100,8.75,none,1,626,91.203125,128.640625,0.0,4.75,-2.848177433013916
12,100,8.75,none,1,627,92.859375,128.015625,0.0,4.359375,-2.9742190837860107
12,100,8.75,none,1,628,94.671875,128.1875,0.0,4.421875,-3.6893231868743896
12,100,8.75,none,1,629,92.875,129.578125,0.0,3.859375,-2.9449219703674316
12,100,8.75,none,1,630,93.515625,129.203125,0.0,4.9375,-3.298567771911621
12,100,8.75,none,1,631,90.3125,129.453125,0.0,4.765625,-2.5843751430511475
12,100,8.75,none,1,632,93.234375,128.640625,0.0,4.34375,-3.5759119987487793
12,100,8.75,none,1,633,91.890625,131.203125,0.0,4.4375,-3.1973960399627686
12,100,8.75,none,1,634,90.890625,128.21875,0.0,4.078125,-2.897005796432495
12,100,8.75,none,1,635,90.84375,130.3125,0.0,3.84375,-2.7523438930511475
12,100,8.75,none,1,636,90.484375,130.40625,0.0,4.609375,-3.1600263118743896
12,100,8.75,none,1,637,90.703125,132.1875,0.0,3.90625,-2.5582034587860107
12,100,8.75,none,1,638,90.625,130.8125,0.0,3.90625,-2.698307514190674
12,100,8.75,none,1,639,91.59375,130.9375,0.0,4.46875,-2.7548179626464844
12,100,8.75,none,1,640,89.859375,131.609375,0.0,4.21875,-2.4052085876464844
12,100,8.75,none,1,641,91.4375,128.46875,0.0,4.25,-3.196094036102295
12,100,8.75,none,1,642,93.3125,129.140625,0.0,3.828125,-2.874739646911621
12,100,8.75,none,1,643,91.953125,129.40625,0.0,4.203125,-2.9049479961395264
12,100,8.75,none,1,644,92.0625,129.703125,0.0,4.15625,-3.1287763118743896
12,100,8.75,none,1,645,92.171875,128.75,0.0,4.0625,-3.372786521911621
12,100,8.75,none,1,646,90.59375,129.890625,0.0,4.078125,-2.936068058013916
12,100,8.75,none,1,647,90.734375,128.359375,0.0,3.46875,-3.1747398376464844
12,100,8.75,none,1,648,93.421875,128.34375,0.0,4.0,-3.493619918823242
12,100,8.75,none,1,649,91.1875,128.546875,0.0,4.25,-3.3218750953674316
12,100,8.75,none,1,650,91.359375,129.03125,0.0,3.984375,-2.8776042461395264
12,100,8.75,none,1,651,92.734375,128.9375,0.0,3.8125,-2.9557292461395264
12,100,8.75,none,1,652,92.4375,130.34375,0.0,4.265625,-2.9535160064697266
12,100,8.75,none,1,653,91.15625,129.90625,0.0,4.140625,-2.9856772422790527
12,100,8.75,none,1,654,90.984375,130.125,0.0,4.453125,-3.1790366172790527
12,100,8.75,none,1,655,91.984375,130.640625,0.0,4.125,-3.0330731868743896
12,100,8.75,none,1,656,91.671875,129.25,0.0,4.21875,-3.2076826095581055
12,100,8.75,none,1,657,91.1875,131.640625,0.0,4.46875,-3.110807418823242
12,100,8.75,none,1,658,91.234375,130.78125,0.0,3.9375,-2.647786855697632
12,100,8.75,none,1,659,92.734375,129.6875,0.0,4.171875,-2.9704432487487793
12,100,8.75,none,1,660,91.609375,129.125,0.0,4.234375,-3.1014323234558105
12,100,8.75,none,1,661,93.21875,128.640625,0.0,4.171875,-2.892057418823242
12,100,8.75,none,1,662,95.046875,127.515625,0.0,3.953125,-3.4259116649627686
12,100,8.75,none,1,663,93.3125,131.53125,0.0,4.109375,-2.7140626907348633
12,100,8.75,none,1,664,93.234375,127.875,0.0,4.203125,-3.3558592796325684
12,100,8.75,none,1,665,93.375,128.484375,0.0,3.640625,-2.9696617126464844
12,100,8.75,none,1,666,91.875,129.25,0.0,4.0,-2.8902347087860107
12,100,8.75,none,1,667,93.484375,130.703125,0.0,4.171875,-2.791797161102295
12,100,8.75,none,1,668,95.578125,129.265625,0.0,3.765625,-3.509244918823242
12,100,8.75,none,1,669,90.859375,131.078125,0.0,3.734375,-2.708984375
12,100,8.75,none,1,670,92.921875,129.4375,0.0,4.515625,-2.7266929149627686
12,100,8.75,none,1,671,91.796875,129.734375,0.0,4.015625,-2.8319013118743896
12,100,8.75,none,1,672,93.140625,129.140625,0.0,4.28125,-3.0213544368743896
12,100,8.75,none,1,673,91.875,131.65625,0.0,3.640625,-2.6776044368743896
12,100,8.75,none,1,674,90.90625,131.296875,0.0,3.875,-2.3680992126464844
12,100,8.75,none,1,675,91.171875,129.4375,0.0,3.890625,-2.5113282203674316
12,100,8.75,none,1,676,91.375,129.734375,0.0,3.46875,-2.5171875953674316
12,100,8.75,none,1,677,91.546875,129.1875,0.0,4.046875,-2.8983073234558105
12,100,8.75,none,1,678,92.734375,131.359375,0.0,4.265625,-2.716276168823242
12,100,8.75,none,1,679,91.09375,130.9375,0.0,4.046875,-2.9585940837860107
12,100,8.75,none,1,680,93.546875,131.59375,0.0,4.046875,-2.7733073234558105
12,100,8.75,none,1,681,93.109375,129.84375,0.0,3.8125,-3.0054690837860107
12,100,8.75,none,1,682,92.640625,130.34375,0.0,3.8125,-2.636979341506958
12,100,8.75,none,1,683,89.5625,129.640625,0.0,4.171875,-2.784245014190674
12,100,8.75,none,1,684,86.875,130.3125,0.0,4.75,-1.9947919845581055
12,100,8.75,none,1,685,91.296875,133.671875,0.0,4.21875,-2.499088764190674
12,100,8.75,none,1,686,90.3125,132.078125,0.0,3.71875,-2.747135877609253
12,100,8.75,none,1,687,90.703125,131.109375,0.0,3.828125,-2.9973959922790527
12,100,8.75,none,1,688,90.53125,132.046875,0.0,3.53125,-2.652604579925537
12,100,8.75,none,1,689,90.078125,134.0,0.0,3.421875,-1.855078101158142
12,100,8.75,none,1,690,89.5,129.65625,0.0,3.46875,-2.147916793823242
12,100,8.75,none,1,691,90.125,131.59375,0.0,3.8125,-2.3101563453674316
12,100,8.75,none,1,692,88.921875,129.40625,0.0,3.671875,-2.5579428672790527
12,100,8.75,none,1,693,91.921875,131.421875,0.0,3.734375,-2.6122398376464844
12,100,8.75,none,1,694,91.078125,131.21875,0.0,3.90625,-2.2692711353302
12,100,8.75,none,1,695,92.5,133.03125,0.0,3.828125,-2.625000476837158
12,100,8.75,none,1,696,89.234375,129.671875,0.0,3.546875,-2.0506513118743896
12,100,8.75,none,1,697,91.375,131.40625,0.0,3.40625,-2.533203125
12,100,8.75,none,1,698,90.34375,132.75,0.0,3.796875,-2.397526264190674
12,100,8.75,none,1,699,91.234375,131.78125,0.0,3.890625,-2.760547161102295
12,100,8.75,none,1,700,91.078125,133.53125,0.0,3.28125,-2.1223959922790527
12,100,8.75,none,1,701,91.828125,131.84375,0.0,3.875,-2.5265629291534424
12,100,8.75,none,1,702,90.5,129.46875,0.0,4.21875,-2.8893229961395264
12,100,8.75,none,1,703,92.9375,131.078125,0.0,3.421875,-2.727994918823242
12,100,8.75,none,1,704,92.734375,132.75,0.0,3.265625,-2.5363283157348633
12,100,8.75,none,1,705,92.96875,130.6875,0.0,3.734375,-2.6246097087860107
12,100,8.75,none,1,706,92.296875,132.375,0.0,3.65625,-2.5759117603302
12,100,8.75,none,1,707,90.046875,132.046875,0.0,3.890625,-2.623828172683716
12,100,8.75,none,1,708,92.046875,131.84375,0.0,3.484375,-3.146484375
12,100,8.75,none,1,709,89.375,132.78125,0.0,3.65625,-2.0584638118743896
12,100,8.75,none,1,710,89.078125,132.234375,0.0,3.78125,-2.212369918823242
12,100,8.75,none,1,711,94.796875,131.53125,0.0,4.125,-3.0407557487487793
12,100,8.75,none,1,712,93.25,131.984375,0.0,3.6875,-2.813281536102295
12,100,8.75,none,1,713,90.09375,133.53125,0.0,3.625,-2.108463764190674
12,100,8.75,none,1,714,92.421875,130.28125,0.0,3.484375,-2.718229293823242
12,100,8.75,none,1,715,94.0,131.421875,0.0,3.84375,-2.8263022899627686
12,100,8.75,none,1,716,90.203125,133.296875,0.0,4.03125,-2.3708336353302
12,100,8.75,none,1,717,90.078125,128.734375,0.0,3.71875,-2.5972659587860107
12,100,8.75,none,1,718,91.21875,132.15625,0.0,3.53125,-2.3665366172790527
12,100,8.75,none,1,719,90.90625,132.9375,0.0,3.625,-2.238541841506958
12,100,8.75,none,1,720,89.5,131.8125,0.0,3.0625,-2.120443105697632
12,100,8.75,none,1,721,88.609375,133.859375,0.0,3.703125,-1.990625262260437
12,100,8.75,none,1,722,89.890625,132.3125,0.0,3.21875,-2.5053389072418213
12,100,8.75,none,1,723,89.171875,132.546875,0.0,4.046875,-2.4266929626464844
12,100,8.75,none,1,724,90.6875,134.390625,0.0,3.734375,-2.2864584922790527
12,100,8.75,none,1,725,91.421875,132.40625,0.0,3.359375,-2.150911808013916
12,100,8.75,none,1,726,90.421875,132.4375,0.0,3.4375,-2.260547161102295
12,100,8.75,none,1,727,89.375,134.390625,0.0,3.296875,-2.2171876430511475
12,100,8.75,none,1,728,89.671875,130.671875,0.0,3.578125,-2.160937786102295
12,100,8.75,none,1,729,90.609375,132.953125,0.0,3.125,-2.2289061546325684
12,100,8.75,none,1,730,92.6875,131.421875,0.0,3.296875,-2.885807514190674
12,100,8.75,none,1,731,90.65625,132.40625,0.0,2.96875,-2.4647138118743896
12,100,8.75,none,1,732,92.265625,133.78125,0.0,3.4375,-2.636979579925537
12,100,8.75,none,1,733,91.171875,133.4375,0.0,3.359375,-2.429427146911621
12,100,8.75,none,1,734,90.546875,134.046875,0.0,3.59375,-2.148697853088379
12,100,8.75,none,1,735,93.828125,134.59375,0.0,3.1875,-2.505338668823242
12,100,8.75,none,1,736,92.546875,133.953125,0.0,3.46875,-2.0880208015441895
12,100,8.75,none,1,737,91.796875,130.078125,0.0,3.453125,-2.6686198711395264
12,100,8.75,none,1,738,90.796875,133.921875,0.0,3.4375,-2.0204429626464844
12,100,8.75,none,1,739,91.5,134.25,0.0,3.546875,-2.1649742126464844
12,100,8.75,none,1,740,89.78125,132.765625,0.0,3.921875,-2.194661855697632
12,100,8.75,none,1,741,89.921875,133.265625,0.0,3.5625,-2.4102866649627686
12,100,8.75,none,1,742,92.25,131.71875,0.0,3.296875,-2.513672351837158
12,100,8.75,none,1,743,89.921875,133.6875,0.0,3.34375,-1.9481773376464844
12,100,8.75,none,1,744,90.078125,133.234375,0.0,3.421875,-2.569140672683716
12,100,8.75,none,1,745,89.0625,132.234375,0.0,3.703125,-1.9713542461395264
12,100,8.75,none,1,746,90.09375,133.96875,0.0,3.15625,-2.3285157680511475
12,100,8.75,none,1,747,90.015625,134.125,0.0,3.5,-1.9233074188232422
12,100,8.75,none,1,748,90.09375,131.96875,0.0,3.578125,-2.342578411102295
12,100,8.75,none,1,749,91.28125,134.078125,0.0,3.6875,-2.3006510734558105
12,100,8.75,none,1,750,91.09375,133.78125,0.0,3.6875,-2.638411521911621
12,100,8.75,none,1,751,90.28125,131.78125,0.0,3.875,-2.7532553672790527
12,100,8.75,none,1,752,90.890625,133.421875,0.0,3.25,-2.2960939407348633
12,100,8.75,none,1,753,91.21875,134.328125,0.0,3.390625,-2.169401168823242
12,100,8.75,none,1,754,89.0625,134.6875,0.0,3.53125,-1.9321616888046265
12,100,8.75,none,1,755,90.25,133.578125,0.0,3.6875,-2.443359375
12,100,8.75,none,1,756,89.640625,132.796875,0.0,3.296875,-2.250260829925537
12,100,8.75,none,1,757,89.015625,133.953125,0.0,3.625,-1.988541603088379
12,100,8.75,none,1,758,90.90625,133.65625,0.0,3.15625,-2.298307418823242
12,100,8.75,none,1,759,88.53125,135.171875,0.0,3.140625,-1.6880210638046265
12,100,8.75,none,1,760,89.671875,132.640625,0.0,3.375,-2.408984422683716
12,100,8.75,none,1,761,92.03125,132.875,0.0,3.5625,-2.212630271911621
12,100,8.75,none,1,762,90.796875,134.515625,0.0,3.015625,-2.129948139190674
12,100,8.75,none,1,763,89.59375,133.0,0.0,3.25,-1.7919270992279053
12,100,8.75,none,1,764,89.8125,134.546875,0.0,3.734375,-1.6847656965255737
12,100,8.75,none,1,765,89.71875,134.90625,0.0,3.171875,-1.9013022184371948
12,100,8.75,none,1,766,90.4375,132.859375,0.0,3.390625,-2.0743491649627686
12,100,8.75,none,1,767,92.75,134.375,0.0,3.265625,-2.1337242126464844
12,100,8.75,none,1,768,89.953125,132.84375,0.0,3.296875,-1.9973958730697632
12,100,8.75,none,1,769,90.25,134.53125,0.0,3.203125,-2.012760639190674
12,100,8.75,none,1,770,90.046875,132.765625,0.0,2.953125,-1.935807466506958
12,100,8.75,none,1,771,90.640625,133.703125,0.0,3.25,-2.0438802242279053
12,100,8.75,none,1,772,91.90625,135.1875,0.0,3.375,-2.626432418823242
12,100,8.75,none,1,773,91.90625,135.109375,0.0,3.6875,-2.4427084922790527
12,100,8.75,none,1,774,90.109375,134.28125,0.0,3.484375,-2.073047161102295
12,100,8.75,none,1,775,91.515625,132.96875,0.0,3.609375,-2.557421922683716
12,100,8.75,none,1,776,90.8125,134.140625,0.0,3.515625,-1.6231772899627686
12,100,8.75,none,1,777,88.171875,132.8125,0.0,3.546875,-1.859895944595337
12,100,8.75,none,1,778,88.734375,137.015625,0.0,3.40625,-1.322786569595337
12,100,8.75,none,1,779,88.78125,132.015625,0.0,3.640625,-1.8416669368743896
12,100,8.75,none,1,780,89.71875,133.703125,0.0,3.1875,-1.9907554388046265
12,100,8.75,none,1,781,87.8125,133.734375,0.0,3.15625,-0.8596355319023132
12,100,8.75,none,1,782,91.421875,134.09375,0.0,2.78125,-2.203906536102295
12,100,8.75,none,1,783,90.703125,134.734375,0.0,3.1875,-1.6911457777023315
12,100,8.75,none,1,784,88.828125,134.96875,0.0,4.0,-1.5641930103302002
12,100,8.75,none,1,785,90.421875,134.828125,0.0,3.21875,-1.998307466506958
12,100,8.75,none,1,786,89.515625,135.671875,0.0,3.40625,-2.131640911102295
12,100,8.75,none,1,787,87.796875,134.765625,0.0,3.390625,-1.8839845657348633
12,100,8.75,none,1,788,88.453125,134.0625,0.0,3.0625,-1.8221356868743896
12,100,8.75,none,1,789,88.796875,135.265625,0.0,3.8125,-1.5250000953674316
12,100,8.75,none,1,790,90.1875,135.40625,0.0,3.15625,-1.8683594465255737
12,100,8.75,none,1,791,90.03125,134.25,0.0,3.140625,-1.5587241649627686
12,100,8.75,none,1,792,91.40625,133.640625,0.0,3.078125,-2.3859376907348633
12,100,8.75,none,1,793,89.28125,134.921875,0.0,3.03125,-1.9738283157348633
12,100,8.75,none,1,794,90.71875,132.0,0.0,3.5625,-2.07421875
12,100,8.75,none,1,795,89.875,132.6875,0.0,3.296875,-2.1321616172790527
12,100,8.75,none,1,796,93.015625,134.90625,0.0,3.328125,-2.268359661102295
12,100,8.75,none,1,797,92.90625,133.8125,0.0,2.921875,-2.0790364742279053
12,100,8.75,none,1,798,91.171875,133.65625,0.0,3.375,-2.145963668823242
12,100,8.75,none,1,799,87.921875,135.171875,0.0,3.1875,-1.0057291984558105
12,100,8.75,none,2,0,59.171875,58.8125,0.0,41.28125,-13.731249809265137
12,100,8.75,none,2,1,57.953125,60.765625,0.0,41.0625,-13.083332061767578
12,100,8.75,none,2,2,60.515625,61.8125,0.0,41.109375,-13.642187118530273
12,100,8.75,none,2,3,61.828125,61.6875,0.0,39.859375,-13.907031059265137
12,100,8.75,none,2,4,64.6875,61.890625,0.0,39.5,-14.170702934265137
12,100,8.75,none,2,5,64.671875,62.03125,0.0,39.1875,-13.870573043823242
12,100,8.75,none,2,6,64.984375,64.046875,0.0,37.90625,-13.442056655883789
12,100,8.75,none,2,7,66.1875,64.453125,0.0,37.703125,-13.564453125
12,100,8.75,none,2,8,68.234375,65.140625,0.0,37.0,-13.896743774414062
12,100,8.75,none,2,9,71.34375,67.296875,0.0,35.21875,-13.851431846618652
12,100,8.75,none,2,10,73.953125,67.96875,0.0,35.078125,-13.941927909851074
12,100,8.75,none,2,11,74.484375,70.28125,0.0,33.109375,-13.212108612060547
12,100,8.75,none,2,12,75.953125,74.59375,0.0,32.453125,-12.638411521911621
12,100,8.75,none,2,13,80.046875,76.140625,0.0,31.9375,-13.197787284851074
12,100,8.75,none,2,14,81.375,80.71875,0.0,29.703125,-12.716405868530273
12,100,8.75,none,2,15,83.859375,80.8125,0.0,29.546875,-12.872264862060547
12,100,8.75,none,2,16,85.375,82.140625,0.0,28.546875,-12.843489646911621
12,100,8.75,none,2,17,87.53125,81.546875,0.0,27.125,-12.919401168823242
12,100,8.75,none,2,18,86.765625,83.96875,0.0,26.78125,-12.505859375
12,100,8.75,none,2,19,86.703125,86.3125,0.0,26.59375,-12.135416984558105
12,100,8.75,none,2,20,86.765625,88.03125,0.0,25.875,-11.947135925292969
12,100,8.75,none,2,21,88.765625,89.90625,0.0,25.203125,-11.905207633972168
12,100,8.75,none,2,22,90.171875,87.8125,0.0,24.078125,-11.837890625
12,100,8.75,none,2,23,93.515625,89.359375,0.0,22.84375,-11.995702743530273
12,100,8.75,none,2,24,93.0625,92.953125,0.0,22.875,-11.506250381469727
12,100,8.75,none,2,25,94.359375,94.53125,0.0,22.453125,-11.672396659851074
12,100,8.75,none,2,26,93.0,94.234375,0.0,22.671875,-11.619010925292969
12,100,8.75,none,2,27,92.5625,94.796875,0.0,22.65625,-10.731901168823242
12,100,8.75,none,2,28,96.75,95.484375,0.0,21.4375,-11.795051574707031
12,100,8.75,none,2,29,99.78125,93.46875,0.0,20.6875,-12.236457824707031
12,100,8.75,none,2,30,96.671875,95.359375,0.0,19.75,-11.324740409851074
12,100,8.75,none,2,31,96.359375,97.140625,0.0,19.828125,-10.779558181762695
12,100,8.75,none,2,32,97.578125,96.421875,0.0,19.53125,-11.327474594116211
12,100,8.75,none,2,33,96.9375,96.515625,0.0,20.5625,-11.364192962646484
12,100,8.75,none,2,34,98.53125,96.359375,0.0,19.5625,-11.636457443237305
12,100,8.75,none,2,35,97.359375,96.078125,0.0,18.84375,-11.281120300292969
12,100,8.75,none,2,36,96.953125,97.28125,0.0,19.109375,-10.903385162353516
12,100,8.75,none,2,37,96.203125,97.296875,0.0,18.984375,-10.768099784851074
12,100,8.75,none,2,38,96.296875,97.796875,0.0,20.46875,-10.897396087646484
12,100,8.75,none,2,39,96.4375,99.578125,0.0,19.8125,-10.979426383972168
12,100,8.75,none,2,40,94.25,100.140625,0.0,18.953125,-10.249739646911621
12,100,8.75,none,2,41,95.1875,96.4375,0.0,20.921875,-11.354296684265137
12,100,8.75,none,2,42,95.8125,99.796875,0.0,19.921875,-11.136848449707031
12,100,8.75,none,2,43,95.09375,98.546875,0.0,19.375,-10.774740219116211
12,100,8.75,none,2,44,95.921875,95.078125,0.0,20.0,-11.014715194702148
12,100,8.75,none,2,45,93.1875,97.203125,0.0,20.265625,-10.701952934265137
12,100,8.75,none,2,46,92.65625,97.078125,0.0,20.375,-10.834635734558105
12,100,8.75,none,2,47,91.453125,97.53125,0.0,20.390625,-10.198958396911621
12,100,8.75,none,2,48,95.078125,94.421875,0.0,20.796875,-11.537890434265137
12,100,8.75,none,2,49,93.5,94.890625,0.0,20.796875,-11.353385925292969
12,100,8.75,none,2,50,93.796875,95.859375,0.0,20.09375,-10.973567008972168
12,100,8.75,none,2,51,95.421875,94.0625,0.0,21.0,-11.113672256469727
12,100,8.75,none,2,52,94.5625,96.34375,0.0,21.265625,-11.378386497497559
12,100,8.75,none,2,53,95.703125,95.0,0.0,20.65625,-11.186327934265137
12,100,8.75,none,2,54,92.953125,95.265625,0.0,21.5625,-10.96211051940918
12,100,8.75,none,2,55,91.53125,97.0625,0.0,21.59375,-10.581770896911621
12,100,8.75,none,2,56,94.359375,96.125,0.0,21.328125,-10.929037094116211
12,100,8.75,none,2,57,94.46875,95.140625,0.0,21.8125,-11.367968559265137
12,100,8.75,none,2,58,93.953125,93.640625,0.0,21.109375,-11.137499809265137
12,100,8.75,none,2,59,93.84375,96.09375,0.0,21.578125,-11.59765625
12,100,8.75,none,2,60,92.984375,94.40625,0.0,21.453125,-11.384505271911621
12,100,8.75,none,2,61,90.734375,95.796875,0.0,22.09375,-10.949610710144043
12,100,8.75,none,2,62,94.796875,93.859375,0.0,22.109375,-11.45468807220459
12,100,8.75,none,2,63,95.15625,96.328125,0.0,21.421875,-11.270572662353516
12,100,8.75,none,2,64,92.84375,95.53125,0.0,21.328125,-11.23750114440918
12,100,8.75,none,2,65,95.140625,95.59375,0.0,21.03125,-11.379949569702148
12,100,8.75,none,2,66,93.09375,95.3125,0.0,20.9375,-11.091276168823242
12,100,8.75,none,2,67,92.3125,95.390625,0.0,22.078125,-11.127604484558105
12,100,8.75,none,2,68,95.28125,96.34375,0.0,21.375,-11.346484184265137
12,100,8.75,none,2,69,92.765625,96.640625,0.0,21.328125,-10.973567962646484
12,100,8.75,none,2,70,93.890625,97.234375,0.0,21.171875,-11.009244918823242
12,100,8.75,none,2,71,93.21875,96.78125,0.0,21.5,-10.90195369720459
12,100,8.75,none,2,72,94.65625,95.875,0.0,22.421875,-11.374479293823242
12,100,8.75,none,2,73,94.3125,95.8125,0.0,21.3125,-11.063410758972168
12,100,8.75,none,2,74,93.78125,94.421875,0.0,21.6875,-11.236848831176758
12,100,8.75,none,2,75,91.921875,98.53125,0.0,21.140625,-10.75703239440918
12,100,8.75,none,2,76,94.765625,96.328125,0.0,21.828125,-11.448959350585938
12,100,8.75,none,2,77,92.671875,98.6875,0.0,21.8125,-10.761848449707031
12,100,8.75,none,2,78,93.640625,96.34375,0.0,20.96875,-10.583724021911621
12,100,8.75,none,2,79,92.78125,96.90625,0.0,22.234375,-10.907942771911621
12,100,8.75,none,2,80,93.875,98.3125,0.0,21.1875,-10.584375381469727
12,100,8.75,none,2,81,93.96875,97.890625,0.0,21.484375,-10.581510543823242
12,100,8.75,none,2,82,93.6875,98.0625,0.0,21.671875,-10.794271469116211
12,100,8.75,none,2,83,96.5,99.25,0.0,20.328125,-11.09101676940918
12,100,8.75,none,2,84,94.453125,98.8125,0.0,21.140625,-11.174479484558105
12,100,8.75,none,2,85,93.234375,97.984375,0.0,22.015625,-11.218490600585938
12,100,8.75,none,2,86,96.734375,99.984375,0.0,21.40625,-11.217318534851074
12,100,8.75,none,2,87,93.390625,98.234375,0.0,21.46875,-10.845832824707031
12,100,8.75,none,2,88,94.0625,99.984375,0.0,21.296875,-10.642057418823242
12,100,8.75,none,2,89,94.421875,100.296875,0.0,21.546875,-11.056380271911621
12,100,8.75,none,2,90,93.46875,98.84375,0.0,20.703125,-10.930209159851074
12,100,8.75,none,2,91,95.859375,101.53125,0.0,20.75,-10.803125381469727
12,100,8.75,none,2,92,93.359375,99.109375,0.0,19.90625,-10.422004699707031
12,100,8.75,none,2,93,94.9375,98.328125,0.0,20.40625,-10.842577934265137
12,100,8.75,none,2,94,92.90625,100.375,0.0,20.5,-10.73789119720459
12,100,8.75,none,2,95,92.8125,99.75,0.0,20.0625,-10.428906440734863
12,100,8.75,none,2,96,94.078125,100.515625,0.0,21.5,-10.480730056762695
12,100,8.75,none,2,97,94.078125,102.03125,0.0,19.5625,-9.903124809265137
12,100,8.75,none,2,98,96.5,99.5625,0.0,20.40625,-10.764713287353516
12,100,8.75,none,2,99,96.40625,100.5625,0.0,19.921875,-10.652996063232422
12,100,8.75,none,2,100,94.046875,100.8125,0.0,20.0,-10.300390243530273
12,100,8.75,none,2,101,94.25,103.0625,0.0,20.1875,-10.377604484558105
12,100,8.75,none,2,102,96.90625,101.40625,0.0,19.75,-10.52461051940918
12,100,8.75,none,2,103,97.1875,102.515625,0.0,19.46875,-10.759374618530273
12,100,8.75,none,2,104,94.984375,101.71875,0.0,20.703125,-10.73164176940918
12,100,8.75,none,2,105,98.140625,100.265625,0.0,19.40625,-10.846094131469727
12,100,8.75,none,2,106,95.640625,101.453125,0.0,20.25,-10.290365219116211
12,100,8.75,none,2,107,96.1875,103.296875,0.0,18.578125,-10.100521087646484
12,100,8.75,none,2,108,97.625,101.375,0.0,19.5,-10.736849784851074
12,100,8.75,none,2,109,94.71875,103.828125,0.0,20.03125,-9.72031307220459
12,100,8.75,none,2,110,97.5625,101.484375,0.0,18.8125,-10.370051383972168
12,100,8.75,none,2,111,97.328125,100.703125,0.0,19.65625,-10.663932800292969
12,100,8.75,none,2,112,96.265625,99.578125,0.0,20.890625,-10.927213668823242
12,100,8.75,none,2,113,96.71875,100.40625,0.0,19.828125,-11.06640625
12,100,8.75,none,2,114,97.25,102.84375,0.0,18.71875,-10.192838668823242
12,100,8.75,none,2,115,99.015625,101.640625,0.0,19.0625,-11.057032585144043
12,100,8.75,none,2,116,97.203125,101.375,0.0,19.625,-10.488151550292969
12,100,8.75,none,2,117,96.28125,104.140625,0.0,18.796875,-9.990104675292969
12,100,8.75,none,2,118,96.359375,103.421875,0.0,18.953125,-10.373958587646484
12,100,8.75,none,2,119,95.71875,103.90625,0.0,18.71875,-10.239322662353516
12,100,8.75,none,2,120,97.875,103.078125,0.0,18.828125,-10.388802528381348
12,100,8.75,none,2,121,96.90625,102.625,0.0,18.734375,-10.102083206176758
12,100,8.75,none,2,122,96.65625,102.203125,0.0,17.984375,-9.927994728088379
12,100,8.75,none,2,123,95.4375,105.546875,0.0,18.203125,-9.94140625
12,100,8.75,none,2,124,99.15625,104.5625,0.0,17.984375,-10.338150978088379
12,100,8.75,none,2,125,97.78125,103.5,0.0,17.75,-10.068490028381348
12,100,8.75,none,2,126,97.28125,104.46875,0.0,17.4375,-10.091146469116211
12,100,8.75,none,2,127,96.40625,102.03125,0.0,18.4375,-10.28515625
12,100,8.75,none,2,128,98.46875,104.1875,0.0,18.4375,-10.183073043823242
12,100,8.75,none,2,129,96.5625,105.15625,0.0,18.09375,-9.803125381469727
12,100,8.75,none,2,130,98.265625,103.953125,0.0,17.515625,-9.71406364440918
12,100,8.75,none,2,131,97.53125,103.96875,0.0,17.703125,-10.224609375
12,100,8.75,none,2,132,97.6875,103.6875,0.0,17.5,-10.180469512939453
12,100,8.75,none,2,133,98.078125,103.0,0.0,18.71875,-10.45234489440918
12,100,8.75,none,2,134,97.34375,104.09375,0.0,17.640625,-10.158333778381348
12,100,8.75,none,2,135,96.984375,105.5625,0.0,16.84375,-9.671354293823242
12,100,8.75,none,2,136,96.96875,105.0625,0.0,16.875,-9.612760543823242
12,100,8.75,none,2,137,97.75,105.4375,0.0,16.890625,-9.375
12,100,8.75,none,2,138,99.125,103.96875,0.0,16.84375,-9.615104675292969
12,100,8.75,none,2,139,99.25,102.265625,0.0,16.5625,-10.398958206176758
12,100,8.75,none,2,140,96.390625,104.140625,0.0,16.5,-9.232942581176758
12,100,8.75,none,2,141,97.15625,106.75,0.0,16.703125,-9.438541412353516
12,100,8.75,none,2,142,97.5625,105.25,0.0,16.875,-9.500520706176758
12,100,8.75,none,2,143,99.734375,106.3125,0.0,15.234375,-9.272787094116211
12,100,8.75,none,2,144,101.015625,105.046875,0.0,15.65625,-10.12109375
12,100,8.75,none,2,145,97.59375,107.90625,0.0,16.375,-9.34765625
12,100,8.75,none,2,146,96.59375,106.390625,0.0,16.171875,-9.578254699707031
12,100,8.75,none,2,147,97.984375,105.921875,0.0,16.296875,-9.405990600585938
12,100,8.75,none,2,148,96.359375,107.421875,0.0,16.34375,-9.257291793823242
12,100,8.75,none,2,149,99.15625,104.8125,0.0,15.71875,-9.499479293823242
12,100,8.75,none,2,150,98.546875,106.515625,0.0,16.203125,-9.504297256469727
12,100,8.75,none,2,151,96.953125,104.296875,0.0,15.9375,-9.344661712646484
12,100,8.75,none,2,152,99.640625,105.828125,0.0,15.59375,-9.841537475585938
12,100,8.75,none,2,153,101.15625,105.984375,0.0,14.90625,-9.844532012939453
12,100,8.75,none,2,154,99.703125,105.640625,0.0,15.421875,-9.275390625
12,100,8.75,none,2,155,97.90625,106.453125,0.0,15.578125,-8.722396850585938
12,100,8.75,none,2,156,98.4375,105.171875,0.0,15.671875,-9.50898551940918
12,100,8.75,none,2,157,100.484375,104.84375,0.0,15.375,-9.537891387939453
12,100,8.75,none,2,158,98.296875,107.609375,0.0,15.421875,-9.264713287353516
12,100,8.75,none,2,159,99.296875,106.625,0.0,15.90625,-9.66367244720459
12,100,8.75,none,2,160,100.8125,105.828125,0.0,15.421875,-9.987761497497559
12,100,8.75,none,2,161,97.234375,109.09375,0.0,15.09375,-9.098437309265137
12,100,8.75,none,2,162,97.765625,108.640625,0.0,14.921875,-8.959245681762695
12,100,8.75,none,2,163,99.65625,106.875,0.0,15.296875,-9.28867244720459
12,100,8.75,none,2,164,101.40625,107.15625,0.0,13.765625,-9.645051956176758
12,100,8.75,none,2,165,99.578125,107.171875,0.0,14.859375,-9.350131034851074
12,100,8.75,none,2,166,101.046875,108.765625,0.0,14.515625,-9.198698043823242
12,100,8.75,none,2,167,100.3125,106.578125,0.0,14.90625,-9.547916412353516
12,100,8.75,none,2,168,96.90625,109.3125,0.0,14.390625,-8.791276931762695
12,100,8.75,none,2,169,99.03125,108.4375,0.0,14.984375,-9.52304744720459
12,100,8.75,none,2,170,98.546875,107.671875,0.0,14.71875,-8.8671875
12,100,8.75,none,2,171,97.75,108.875,0.0,15.453125,-8.628645896911621
12,100,8.75,none,2,172,96.84375,110.421875,0.0,14.21875,-8.394792556762695
12,100,8.75,none,2,173,100.71875,106.65625,0.0,14.875,-9.651693344116211
12,100,8.75,none,2,174,98.171875,109.484375,0.0,14.640625,-8.729557037353516
12,100,8.75,none,2,175,99.1875,108.953125,0.0,14.390625,-9.065104484558105
12,100,8.75,none,2,176,98.390625,109.3125,0.0,14.0,-8.627473831176758
12,100,8.75,none,2,177,97.78125,109.859375,0.0,14.25,-8.66757869720459
12,100,8.75,none,2,178,99.125,108.5,0.0,14.75,-8.988802909851074
12,100,8.75,none,2,179,97.9375,108.8125,0.0,14.265625,-8.520182609558105
12,100,8.75,none,2,180,99.75,109.109375,0.0,13.671875,-8.52695369720459
12,100,8.75,none,2,181,99.125,109.796875,0.0,13.625,-8.486719131469727
12,100,8.75,none,2,182,99.65625,109.015625,0.0,13.4375,-8.818099021911621
12,100,8.75,none,2,183,97.796875,109.109375,0.0,13.9375,-8.625261306762695
12,100,8.75,none,2,184,100.078125,109.3125,0.0,13.21875,-8.803516387939453
12,100,8.75,none,2,185,95.65625,111.75,0.0,13.890625,-8.283723831176758
12,100,8.75,none,2,186,99.734375,110.359375,0.0,13.765625,-8.74960994720459
12,100,8.75,none,2,187,98.03125,109.546875,0.0,13.9375,-8.523828506469727
12,100,8.75,none,2,188,98.53125,110.71875,0.0,13.25,-8.289192199707031
12,100,8.75,none,2,189,100.71875,110.734375,0.0,13.8125,-8.693750381469727
12,100,8.75,none,2,190,98.75,109.65625,0.0,13.078125,-8.334766387939453
12,100,8.75,none,2,191,101.625,108.28125,0.0,13.640625,-9.018229484558105
12,100,8.75,none,2,192,101.9375,109.765625,0.0,13.390625,-9.15156364440918
12,100,8.75,none,2,193,99.40625,109.734375,0.0,13.65625,-8.615495681762695
12,100,8.75,none,2,194,100.75,110.296875,0.0,13.03125,-8.374089241027832
12,100,8.75,none,2,195,101.6875,108.015625,0.0,13.0625,-8.9609375
12,100,8.75,none,2,196,101.734375,109.4375,0.0,12.515625,-8.791537284851074
12,100,8.75,none,2,197,102.296875,110.109375,0.0,12.40625,-8.50156307220459
12,100,8.75,none,2,198,99.140625,110.1875,0.0,12.34375,-8.253385543823242
12,100,8.75,none,2,199,98.953125,110.125,0.0,13.03125,-8.284244537353516
12,100,8.75,none,2,200,99.875,111.484375,0.0,11.90625,-8.103906631469727
12,100,8.75,none,2,201,101.328125,110.65625,0.0,12.765625,-8.535417556762695
12,100,8.75,none,2,202,101.015625,109.84375,0.0,12.265625,-8.364322662353516
12,100,8.75,none,2,203,101.125,111.21875,0.0,12.390625,-8.018750190734863
12,100,8.75,none,2,204,99.265625,111.9375,0.0,12.40625,-8.218881607055664
12,100,8.75,none,2,205,98.578125,111.796875,0.0,12.9375,-7.97812557220459
12,100,8.75,none,2,206,99.625,109.921875,0.0,12.796875,-8.34140682220459
12,100,8.75,none,2,207,100.5,111.9375,0.0,12.125,-8.218620300292969
12,100,8.75,none,2,208,100.75,111.234375,0.0,11.96875,-8.305209159851074
12,100,8.75,none,2,209,99.703125,111.671875,0.0,12.578125,-8.024478912353516
12,100,8.75,none,2,210,101.640625,110.734375,0.0,11.671875,-8.397396087646484
12,100,8.75,none,2,211,99.671875,111.25,0.0,12.15625,-7.618880271911621
12,100,8.75,none,2,212,101.640625,109.09375,0.0,12.703125,-8.610026359558105
12,100,8.75,none,2,213,100.609375,111.265625,0.0,12.265625,-8.319531440734863
12,100,8.75,none,2,214,100.140625,110.34375,0.0,13.046875,-8.487239837646484
12,100,8.75,none,2,215,99.921875,111.359375,0.0,12.109375,-8.413802146911621
12,100,8.75,none,2,216,100.15625,110.875,0.0,12.4375,-8.311588287353516
12,100,8.75,none,2,217,99.78125,110.875,0.0,11.703125,-8.038281440734863
12,100,8.75,none,2,218,100.9375,109.671875,0.0,12.1875,-8.510156631469727
12,100,8.75,none,2,219,100.359375,112.6875,0.0,11.109375,-7.822135925292969
12,100,8.75,none,2,220,98.859375,111.046875,0.0,12.421875,-8.608073234558105
12,100,8.75,none,2,221,100.46875,111.203125,0.0,12.515625,-8.307682037353516
12,100,8.75,none,2,222,99.109375,111.796875,0.0,11.078125,-7.798958778381348
12,100,8.75,none,2,223,97.234375,112.1875,0.0,11.953125,-7.748958587646484
12,100,8.75,none,2,224,97.890625,112.078125,0.0,11.96875,-7.555989742279053
12,100,8.75,none,2,225,98.375,111.828125,0.0,11.4375,-7.1861982345581055
12,100,8.75,none,2,226,98.640625,112.203125,0.0,11.703125,-7.6744794845581055
12,100,8.75,none,2,227,97.65625,113.375,0.0,11.40625,-7.351302146911621
12,100,8.75,none,2,228,101.546875,111.015625,0.0,11.21875,-8.48828125
12,100,8.75,none,2,229,99.359375,114.625,0.0,11.640625,-7.224740028381348
12,100,8.75,none,2,230,99.078125,111.3125,0.0,11.15625,-7.793359279632568
12,100,8.75,none,2,231,99.953125,114.953125,0.0,10.828125,-7.617578029632568
12,100,8.75,none,2,232,99.125,113.109375,0.0,10.796875,-7.7694010734558105
12,100,8.75,none,2,233,95.71875,114.578125,0.0,11.015625,-6.955989837646484
12,100,8.75,none,2,234,99.125,112.328125,0.0,10.59375,-7.442317962646484
12,100,8.75,none,2,235,96.9375,113.6875,0.0,10.328125,-6.9576826095581055
12,100,8.75,none,2,236,98.546875,114.109375,0.0,10.203125,-7.41796875
12,100,8.75,none,2,237,99.921875,114.140625,0.0,10.546875,-7.42539119720459
12,100,8.75,none,2,238,97.625,113.984375,0.0,10.75,-7.491146087646484
12,100,8.75,none,2,239,98.1875,114.59375,0.0,10.859375,-7.009244918823242
12,100,8.75,none,2,240,97.890625,113.84375,0.0,10.640625,-6.88632869720459
12,100,8.75,none,2,241,97.421875,115.078125,0.0,10.84375,-7.190755367279053
12,100,8.75,none,2,242,98.421875,115.171875,0.0,10.765625,-7.586719512939453
12,100,8.75,none,2,243,100.234375,112.53125,0.0,10.4375,-7.832292079925537
12,100,8.75,none,2,244,99.796875,113.875,0.0,10.671875,-7.5994791984558105
12,100,8.75,none,2,245,100.40625,113.890625,0.0,10.53125,-7.675000190734863
12,100,8.75,none,2,246,98.265625,114.796875,0.0,10.25,-7.275130748748779
12,100,8.75,none,2,247,96.5625,115.078125,0.0,9.859375,-7.042447566986084
12,100,8.75,none,2,248,97.484375,113.453125,0.0,10.640625,-6.719531536102295
12,100,8.75,none,2,249,100.328125,113.796875,0.0,9.65625,-7.801042079925537
12,100,8.75,none,2,250,99.5625,114.59375,0.0,10.15625,-7.288541793823242
12,100,8.75,none,2,251,101.0,112.375,0.0,9.890625,-7.641666412353516
12,100,8.75,none,2,252,99.265625,114.84375,0.0,10.21875,-7.4108076095581055
12,100,8.75,none,2,253,97.40625,116.09375,0.0,9.96875,-6.897916316986084
12,100,8.75,none,2,254,98.59375,114.53125,0.0,10.578125,-7.2154951095581055
12,100,8.75,none,2,255,100.640625,115.53125,0.0,9.640625,-7.505599498748779
12,100,8.75,none,2,256,98.625,114.671875,0.0,10.28125,-7.141927242279053
12,100,8.75,none,2,257,100.25,113.9375,0.0,10.015625,-7.248437881469727
12,100,8.75,none,2,258,102.359375,113.875,0.0,9.890625,-7.6535162925720215
12,100,8.75,none,2,259,100.6875,114.265625,0.0,9.140625,-7.360286712646484
12,100,8.75,none,2,260,98.859375,117.15625,0.0,9.109375,-7.076952934265137
12,100,8.75,none,2,261,99.140625,115.609375,0.0,10.390625,-7.118880271911621
12,100,8.75,none,2,262,99.046875,112.75,0.0,9.171875,-7.072396278381348
12,100,8.75,none,2,263,99.09375,113.75,0.0,9.609375,-7.296224117279053
12,100,8.75,none,2,264,98.9375,113.796875,0.0,9.84375,-7.311068534851074
12,100,8.75,none,2,265,97.640625,114.75,0.0,9.78125,-6.89804744720459
12,100,8.75,none,2,266,98.9375,113.984375,0.0,9.84375,-7.1561198234558105
12,100,8.75,none,2,267,97.453125,116.765625,0.0,9.578125,-6.4928388595581055
12,100,8.75,none,2,268,100.953125,114.15625,0.0,10.359375,-7.113802909851074
12,100,8.75,none,2,269,96.640625,118.171875,0.0,9.859375,-6.073307991027832
12,100,8.75,none,2,270,98.59375,116.046875,0.0,9.25,-6.384765625
12,100,8.75,none,2,271,99.53125,113.421875,0.0,9.625,-7.31406307220459
12,100,8.75,none,2,272,98.25,113.703125,0.0,9.25,-6.8800787925720215
12,100,8.75,none,2,273,99.5625,115.890625,0.0,8.984375,-7.0234375
12,100,8.75,none,2,274,99.578125,115.421875,0.0,9.8125,-6.90390682220459
12,100,8.75,none,2,275,98.390625,116.140625,0.0,9.140625,-6.614583492279053
12,100,8.75,none,2,276,99.28125,116.65625,0.0,8.875,-6.8996100425720215
12,100,8.75,none,2,277,98.5625,117.484375,0.0,9.015625,-6.596484661102295
12,100,8.75,none,2,278,97.953125,113.8125,0.0,10.3125,-7.207942962646484
12,100,8.75,none,2,279,97.796875,116.703125,0.0,9.796875,-6.4250006675720215
12,100,8.75,none,2,280,99.0625,115.484375,0.0,9.546875,-6.817447662353516
12,100,8.75,none,2,281,99.5,114.59375,0.0,9.578125,-7.117969036102295
12,100,8.75,none,2,282,97.921875,116.4375,0.0,9.265625,-6.520052909851074
12,100,8.75,none,2,283,98.15625,115.4375,0.0,9.25,-6.774219036102295
12,100,8.75,none,2,284,98.921875,115.984375,0.0,8.71875,-6.964452743530273
12,100,8.75,none,2,285,100.28125,116.1875,0.0,8.765625,-7.15976619720459
12,100,8.75,none,2,286,98.53125,116.796875,0.0,9.03125,-6.460286617279053
12,100,8.75,none,2,287,96.671875,115.640625,0.0,10.0625,-6.861718654632568
12,100,8.75,none,2,288,97.859375,116.984375,0.0,9.234375,-6.504947662353516
12,100,8.75,none,2,289,97.859375,115.625,0.0,8.875,-6.415104866027832
12,100,8.75,none,2,290,98.140625,116.3125,0.0,9.015625,-6.648828029632568
12,100,8.75,none,2,291,96.203125,117.328125,0.0,8.84375,-6.094271659851074
12,100,8.75,none,2,292,100.625,116.21875,0.0,8.84375,-6.501953125
12,100,8.75,none,2,293,101.03125,115.375,0.0,9.109375,-6.820573329925537
12,100,8.75,none,2,294,97.171875,115.96875,0.0,9.75,-6.306901454925537
12,100,8.75,none,2,295,99.609375,116.46875,0.0,8.65625,-6.57421875
12,100,8.75,none,2,296,98.796875,116.78125,0.0,9.1875,-6.699609279632568
12,100,8.75,none,2,297,98.03125,117.609375,0.0,8.75,-6.243489742279053
12,100,8.75,none,2,298,98.28125,117.328125,0.0,9.40625,-6.330079078674316
12,100,8.75,none,2,299,96.328125,117.546875,0.0,9.0,-6.182162284851074
12,100,8.75,none,2,300,98.25,116.6875,0.0,8.765625,-6.415885925292969
12,100,8.75,none,2,301,98.328125,116.953125,0.0,8.984375,-6.416927337646484
12,100,8.75,none,2,302,98.4375,118.59375,0.0,8.0625,-6.435286998748779
12,100,8.75,none,2,303,100.71875,115.421875,0.0,8.328125,-6.749870300292969
12,100,8.75,none,2,304,99.015625,118.0625,0.0,8.484375,-6.404426574707031
12,100,8.75,none,2,305,101.28125,117.71875,0.0,8.296875,-6.762500762939453
12,100,8.75,none,2,306,100.890625,115.234375,0.0,8.390625,-7.570834159851074
12,100,8.75,none,2,307,99.203125,118.203125,0.0,8.734375,-6.12890625
12,100,8.75,none,2,308,99.1875,116.03125,0.0,8.59375,-6.561849117279053
12,100,8.75,none,2,309,102.34375,115.546875,0.0,7.96875,-6.9186201095581055
12,100,8.75,none,2,310,97.046875,117.9375,0.0,8.0,-5.791015625
12,100,8.75,none,2,311,98.265625,117.09375,0.0,8.078125,-6.0662760734558105
12,100,8.75,none,2,312,96.578125,117.828125,0.0,8.53125,-6.6119794845581055
12,100,8.75,none,2,313,97.21875,117.0,0.0,8.921875,-5.98593807220459
12,100,8.75,none,2,314,98.953125,116.828125,0.0,8.078125,-6.572396278381348
12,100,8.75,none,2,315,99.9375,115.359375,0.0,8.40625,-6.603515625
12,100,8.75,none,2,316,98.109375,116.296875,0.0,7.90625,-6.562891006469727
12,100,8.75,none,2,317,99.140625,117.296875,0.0,8.234375,-6.2057294845581055
12,100,8.75,none,2,318,99.46875,116.453125,0.0,8.078125,-6.257161617279053
12,100,8.75,none,2,319,98.046875,117.390625,0.0,8.46875,-6.143360137939453
12,100,8.75,none,2,320,98.21875,117.234375,0.0,8.046875,-6.145572662353516
12,100,8.75,none,2,321,98.328125,117.21875,0.0,8.28125,-6.333984375
12,100,8.75,none,2,322,100.890625,114.125,0.0,8.53125,-7.147526741027832
12,100,8.75,none,2,323,99.234375,116.71875,0.0,7.59375,-5.964714050292969
12,100,8.75,none,2,324,97.4375,118.46875,0.0,8.34375,-5.998828411102295
12,100,8.75,none,2,325,97.96875,118.40625,0.0,8.21875,-6.114322662353516
12,100,8.75,none,2,326,98.984375,117.96875,0.0,7.515625,-6.0441412925720215
12,100,8.75,none,2,327,99.609375,117.28125,0.0,7.609375,-6.443359375
12,100,8.75,none,2,328,98.625,119.4375,0.0,7.765625,-6.444531440734863
12,100,8.75,none,2,329,96.90625,119.5,0.0,7.984375,-5.82382869720459
12,100,8.75,none,2,330,96.75,117.78125,0.0,8.265625,-6.312239646911621
12,100,8.75,none,2,331,97.703125,117.625,0.0,8.625,-6.363151550292969
12,100,8.75,none,2,332,99.78125,118.015625,0.0,7.8125,-6.619010925292969
12,100,8.75,none,2,333,98.453125,121.171875,0.0,8.0625,-5.275911808013916
12,100,8.75,none,2,334,95.0,119.25,0.0,8.328125,-5.594140529632568
12,100,8.75,none,2,335,96.859375,118.171875,0.0,7.6875,-5.832161903381348
12,100,8.75,none,2,336,97.421875,117.4375,0.0,7.65625,-6.222917079925537
12,100,8.75,none,2,337,97.890625,119.359375,0.0,8.203125,-5.796614646911621
12,100,8.75,none,2,338,96.171875,118.5625,0.0,8.109375,-5.487239837646484
12,100,8.75,none,2,339,98.578125,117.671875,0.0,7.84375,-6.159505367279053
12,100,8.75,none,2,340,95.9375,119.421875,0.0,7.796875,-5.326042175292969
12,100,8.75,none,2,341,95.078125,118.921875,0.0,7.6875,-5.5358076095581055
12,100,8.75,none,2,342,97.703125,118.703125,0.0,7.8125,-5.588021278381348
12,100,8.75,none,2,343,97.3125,118.3125,0.0,8.1875,-5.793880462646484
12,100,8.75,none,2,344,94.9375,118.34375,0.0,7.703125,-5.4718756675720215
12,100,8.75,none,2,345,96.390625,119.875,0.0,8.59375,-5.970573425292969
12,100,8.75,none,2,346,98.046875,120.046875,0.0,7.984375,-5.694400787353516
12,100,8.75,none,2,347,96.125,117.234375,0.0,7.921875,-5.8312506675720215
12,100,8.75,none,2,348,97.515625,118.671875,0.0,8.015625,-6.12890625
12,100,8.75,none,2,349,97.234375,117.875,0.0,7.84375,-5.931510925292969
12,100,8.75,none,2,350,96.84375,119.53125,0.0,7.390625,-5.587369918823242
12,100,8.75,none,2,351,96.0,119.40625,0.0,7.21875,-5.449349403381348
12,100,8.75,none,2,352,98.296875,118.71875,0.0,7.515625,-5.854427337646484
12,100,8.75,none,2,353,98.328125,118.84375,0.0,7.109375,-6.175520896911621
12,100,8.75,none,2,354,99.75,116.96875,0.0,7.6875,-6.354557037353516
12,100,8.75,none,2,355,100.75,117.234375,0.0,7.28125,-6.369401454925537
12,100,8.75,none,2,356,97.421875,118.578125,0.0,7.640625,-5.912500381469727
12,100,8.75,none,2,357,97.25,119.484375,0.0,7.921875,-5.935807704925537
12,100,8.75,none,2,358,96.046875,119.453125,0.0,7.015625,-5.358724117279053
12,100,8.75,none,2,359,99.03125,117.96875,0.0,7.71875,-6.261198043823242
12,100,8.75,none,2,360,97.1875,119.3125,0.0,7.15625,-5.455208778381348
12,100,8.75,none,2,361,98.578125,117.828125,0.0,7.96875,-5.582161903381348
12,100,8.75,none,2,362,98.484375,118.546875,0.0,6.953125,-5.768620491027832
12,100,8.75,none,2,363,96.5625,119.296875,0.0,7.3125,-5.638671875
12,100,8.75,none,2,364,98.71875,117.484375,0.0,7.5,-5.778385162353516
12,100,8.75,none,2,365,96.84375,120.53125,0.0,7.25,-5.511719703674316
12,100,8.75,none,2,366,98.578125,119.625,0.0,6.828125,-5.756249904632568
12,100,8.75,none,2,367,98.21875,117.5625,0.0,7.46875,-5.631900787353516
12,100,8.75,none,2,368,96.921875,119.3125,0.0,7.34375,-5.5260419845581055
12,100,8.75,none,2,369,96.796875,118.34375,0.0,7.203125,-5.272265911102295
12,100,8.75,none,2,370,98.8125,119.953125,0.0,6.8125,-5.880990028381348
12,100,8.75,none,2,371,97.3125,122.4375,0.0,7.3125,-5.041015625
12,100,8.75,none,2,372,97.265625,119.53125,0.0,7.265625,-5.465625286102295
12,100,8.75,none,2,373,98.671875,119.640625,0.0,7.078125,-5.883073329925537
12,100,8.75,none,2,374,98.3125,120.0625,0.0,7.546875,-5.4894537925720215
12,100,8.75,none,2,375,98.875,118.75,0.0,6.578125,-5.49960994720459
12,100,8.75,none,2,376,97.734375,120.40625,0.0,6.59375,-5.650130271911621
12,100,8.75,none,2,377,98.421875,118.828125,0.0,7.734375,-5.949740409851074
12,100,8.75,none,2,378,100.203125,117.6875,0.0,7.40625,-6.146615505218506
12,100,8.75,none,2,379,96.265625,120.0625,0.0,7.375,-5.104817867279053
12,100,8.75,none,2,380,99.453125,118.890625,0.0,6.8125,-5.925521373748779
12,100,8.75,none,2,381,97.96875,120.6875,0.0,7.21875,-5.4557294845581055
12,100,8.75,none,2,382,97.046875,119.546875,0.0,7.125,-5.703646659851074
12,100,8.75,none,2,383,95.5,120.5,0.0,7.375,-5.472395896911621
12,100,8.75,none,2,384,97.328125,120.1875,0.0,7.078125,-5.213412284851074
12,100,8.75,none,2,385,97.8125,119.1875,0.0,6.484375,-5.52500057220459
12,100,8.75,none,2,386,96.53125,120.234375,0.0,6.546875,-5.284505367279053
12,100,8.75,none,2,387,96.640625,121.78125,0.0,7.03125,-5.074739456176758
12,100,8.75,none,2,388,95.265625,123.125,0.0,6.59375,-4.921615123748779
12,100,8.75,none,2,389,94.03125,123.0,0.0,7.140625,-4.881120204925537
12,100,8.75,none,2,390,95.640625,122.03125,0.0,6.703125,-5.259765625
12,100,8.75,none,2,391,95.5,120.84375,0.0,6.359375,-4.867578506469727
12,100,8.75,none,2,392,94.578125,120.890625,0.0,7.25,-4.944271087646484
12,100,8.75,none,2,393,94.40625,120.3125,0.0,6.84375,-5.005859851837158
12,100,8.75,none,2,394,97.703125,121.1875,0.0,6.78125,-5.102344036102295
12,100,8.75,none,2,395,95.203125,121.375,0.0,7.265625,-5.484245300292969
12,100,8.75,none,2,396,95.3125,119.609375,0.0,6.890625,-5.2975263595581055
12,100,8.75,none,2,397,96.546875,120.484375,0.0,6.96875,-5.433594703674316
12,100,8.75,none,2,398,96.28125,120.8125,0.0,6.3125,-4.897656440734863
12,100,8.75,none,2,399,94.578125,122.21875,0.0,6.859375,-5.02695369720459
12,100,8.75,none,2,400,96.75,122.328125,0.0,6.203125,-5.239192962646484
12,100,8.75,none,2,401,95.265625,123.75,0.0,6.9375,-4.561849594116211
12,100,8.75,none,2,402,94.984375,122.421875,0.0,6.859375,-4.977604389190674
12,100,8.75,none,2,403,97.734375,121.1875,0.0,6.90625,-5.439192771911621
12,100,8.75,none,2,404,98.203125,119.609375,0.0,6.25,-5.632161617279053
12,100,8.75,none,2,405,96.5625,122.71875,0.0,6.53125,-4.988020896911621
12,100,8.75,none,2,406,98.46875,120.109375,0.0,6.171875,-5.53085994720459
12,100,8.75,none,2,407,95.875,123.234375,0.0,6.875,-4.925130844116211
12,100,8.75,none,2,408,96.375,121.078125,0.0,6.15625,-5.2830729484558105
12,100,8.75,none,2,409,94.71875,121.8125,0.0,6.796875,-4.991406440734863
12,100,8.75,none,2,410,97.078125,122.859375,0.0,6.21875,-5.258724212646484
12,100,8.75,none,2,411,96.90625,123.0625,0.0,6.140625,-4.501041889190674
12,100,8.75,none,2,412,96.921875,121.578125,0.0,5.890625,-5.043099403381348
12,100,8.75,none,2,413,97.453125,119.90625,0.0,6.6875,-5.4959635734558105
12,100,8.75,none,2,414,94.8125,122.984375,0.0,6.5,-4.868619918823242
12,100,8.75,none,2,415,94.359375,122.140625,0.0,6.359375,-4.68906307220459
12,100,8.75,none,2,416,95.21875,119.875,0.0,6.390625,-5.076042175292969
12,100,8.75,none,2,417,93.78125,122.53125,0.0,6.125,-4.6635422706604
12,100,8.75,none,2,418,96.578125,122.765625,0.0,6.265625,-4.824740409851074
12,100,8.75,none,2,419,94.921875,123.125,0.0,6.515625,-5.111198425292969
12,100,8.75,none,2,420,97.625,123.015625,0.0,6.609375,-5.4171881675720215
12,100,8.75,none,2,421,95.96875,122.453125,0.0,6.953125,-4.959375381469727
12,100,8.75,none,2,422,96.421875,121.765625,0.0,6.21875,-5.205208778381348
12,100,8.75,none,2,423,93.84375,119.796875,0.0,5.6875,-4.6049485206604
12,100,8.75,none,2,424,95.390625,121.90625,0.0,5.75,-4.66015625
12,100,8.75,none,2,425,95.765625,121.5625,0.0,6.203125,-4.987500190734863
12,100,8.75,none,2,426,96.0625,123.203125,0.0,6.140625,-4.8119797706604
12,100,8.75,none,2,427,95.265625,123.125,0.0,6.1875,-4.639974117279053
12,100,8.75,none,2,428,95.34375,123.125,0.0,5.84375,-4.841536521911621
12,100,8.75,none,2,429,94.8125,121.953125,0.0,6.3125,-4.737370491027832
12,100,8.75,none,2,430,96.265625,122.40625,0.0,6.8125,-5.340104579925537
12,100,8.75,none,2,431,95.640625,121.078125,0.0,6.234375,-4.74570369720459
12,100,8.75,none,2,432,95.484375,121.84375,0.0,6.296875,-4.7941412925720215
12,100,8.75,none,2,433,95.765625,123.84375,0.0,6.25,-4.463802337646484
12,100,8.75,none,2,434,95.078125,122.875,0.0,6.4375,-4.999218940734863
12,100,8.75,none,2,435,93.828125,123.90625,0.0,5.453125,-4.386589050292969
12,100,8.75,none,2,436,93.921875,124.46875,0.0,6.0,-4.199349403381348
12,100,8.75,none,2,437,95.484375,120.6875,0.0,6.15625,-5.174088954925537
12,100,8.75,none,2,438,94.640625,124.71875,0.0,5.65625,-4.261198043823242
12,100,8.75,none,2,439,97.203125,121.1875,0.0,6.84375,-5.232812881469727
12,100,8.75,none,2,440,96.28125,123.609375,0.0,6.125,-5.0553388595581055
12,100,8.75,none,2,441,95.921875,123.375,0.0,6.03125,-4.30078125
12,100,8.75,none,2,442,93.84375,125.40625,0.0,6.15625,-4.415885925292969
12,100,8.75,none,2,443,94.9375,124.921875,0.0,6.0,-4.423568248748779
12,100,8.75,none,2,444,94.078125,123.296875,0.0,5.84375,-4.081120014190674
12,100,8.75,none,2,445,96.3125,122.75,0.0,6.28125,-4.886198043823242
12,100,8.75,none,2,446,95.34375,121.859375,0.0,5.921875,-5.03476619720459
12,100,8.75,none,2,447,95.25,124.4375,0.0,5.78125,-4.127734661102295
12,100,8.75,none,2,448,95.078125,122.21875,0.0,6.25,-5.245442867279053
12,100,8.75,none,2,449,96.640625,124.1875,0.0,6.046875,-5.007943153381348
12,100,8.75,none,2,450,94.84375,126.25,0.0,5.96875,-4.44101619720459
12,100,8.75,none,2,451,97.4375,121.75,0.0,5.9375,-4.878385543823242
12,100,8.75,none,2,452,97.125,122.65625,0.0,5.5625,-5.230339050292969
12,100,8.75,none,2,453,95.59375,124.984375,0.0,6.328125,-4.730729103088379
12,100,8.75,none,2,454,96.796875,122.5,0.0,5.75,-5.099349021911621
12,100,8.75,none,2,455,97.578125,124.03125,0.0,5.765625,-5.290755271911621
12,100,8.75,none,2,456,97.75,124.578125,0.0,6.0,-5.095573425292969
12,100,8.75,none,2,457,93.1875,122.390625,0.0,6.453125,-4.323047161102295
12,100,8.75,none,2,458,92.828125,124.0,0.0,6.328125,-4.215364456176758
12,100,8.75,none,2,459,96.921875,123.90625,0.0,6.0,-4.984245300292969
12,100,8.75,none,2,460,95.75,122.78125,0.0,5.28125,-4.7498698234558105
12,100,8.75,none,2,461,95.140625,124.40625,0.0,5.546875,-4.455208778381348
12,100,8.75,none,2,462,98.015625,122.921875,0.0,5.40625,-4.492057800292969
12,100,8.75,none,2,463,97.609375,122.984375,0.0,5.359375,-5.155729293823242
12,100,8.75,none,2,464,94.09375,126.203125,0.0,5.546875,-3.7369794845581055
12,100,8.75,none,2,465,93.390625,123.90625,0.0,5.8125,-4.457421779632568
12,100,8.75,none,2,466,95.234375,124.5625,0.0,5.8125,-4.3326826095581055
12,100,8.75,none,2,467,94.734375,125.546875,0.0,5.546875,-4.289714336395264
12,100,8.75,none,2,468,96.40625,124.203125,0.0,5.421875,-4.504817962646484
12,100,8.75,none,2,469,92.78125,125.171875,0.0,5.5,-3.997135639190674
12,100,8.75,none,2,470,94.734375,126.0625,0.0,5.34375,-3.755338668823242
12,100,8.75,none,2,471,94.28125,124.0,0.0,6.421875,-4.79257869720459
12,100,8.75,none,2,472,94.171875,125.171875,0.0,5.421875,-4.5026044845581055
12,100,8.75,none,2,473,94.28125,124.234375,0.0,5.78125,-4.290104866027832
12,100,8.75,none,2,474,95.921875,123.953125,0.0,5.515625,-4.284114837646484
12,100,8.75,none,2,475,96.53125,122.484375,0.0,5.375,-4.840885639190674
12,100,8.75,none,2,476,94.9375,124.34375,0.0,5.609375,-4.632031440734863
12,100,8.75,none,2,477,95.671875,123.46875,0.0,5.859375,-5.116146087646484
12,100,8.75,none,2,478,93.203125,126.25,0.0,5.40625,-3.9178385734558105
12,100,8.75,none,2,479,95.671875,123.625,0.0,5.734375,-4.520573616027832
12,100,8.75,none,2,480,97.984375,123.25,0.0,5.828125,-4.918359756469727
12,100,8.75,none,2,481,94.984375,125.921875,0.0,5.609375,-4.1971354484558105
12,100,8.75,none,2,482,94.796875,126.15625,0.0,5.234375,-4.713151454925537
12,100,8.75,none,2,483,96.578125,124.78125,0.0,5.046875,-4.535286903381348
12,100,8.75,none,2,484,96.109375,124.015625,0.0,5.4375,-4.5651044845581055
12,100,8.75,none,2,485,94.578125,123.0,0.0,5.21875,-4.4141926765441895
12,100,8.75,none,2,486,96.90625,124.703125,0.0,5.46875,-4.664973735809326
12,100,8.75,none,2,487,94.390625,123.78125,0.0,5.21875,-3.8890626430511475
12,100,8.75,none,2,488,96.21875,123.34375,0.0,5.53125,-4.682942867279053
12,100,8.75,none,2,489,94.71875,123.90625,0.0,5.125,-4.371354579925537
12,100,8.75,none,2,490,94.953125,125.140625,0.0,5.171875,-4.073177337646484
12,100,8.75,none,2,491,94.546875,124.421875,0.0,5.171875,-4.099740028381348
12,100,8.75,none,2,492,96.046875,124.546875,0.0,5.171875,-4.199609756469727
12,100,8.75,none,2,493,95.4375,124.265625,0.0,5.3125,-4.447135925292969
12,100,8.75,none,2,494,95.328125,121.875,0.0,5.453125,-4.797396183013916
12,100,8.75,none,2,495,92.96875,125.359375,0.0,5.78125,-4.203906536102295
12,100,8.75,none,2,496,93.796875,125.25,0.0,5.1875,-4.225911617279053
12,100,8.75,none,2,497,95.9375,124.453125,0.0,5.171875,-4.827734470367432
12,100,8.75,none,2,498,92.125,126.234375,0.0,5.203125,-3.979948043823242
12,100,8.75,none,2,499,95.171875,124.640625,0.0,5.75,-3.9998700618743896
12,100,8.75,none,2,500,98.015625,123.890625,0.0,5.046875,-4.58945369720459
12,100,8.75,none,2,501,96.59375,124.984375,0.0,5.828125,-3.9881513118743896
12,100,8.75,none,2,502,96.34375,124.71875,0.0,5.28125,-3.9108073711395264
12,100,8.75,none,2,503,95.71875,125.5625,0.0,5.140625,-4.264843940734863
12,100,8.75,none,2,504,93.40625,124.796875,0.0,5.15625,-3.9733073711395264
12,100,8.75,none,2,505,97.859375,125.609375,0.0,5.21875,-4.343099117279053
12,100,8.75,none,2,506,93.046875,124.625,0.0,5.40625,-3.8815104961395264
12,100,8.75,none,2,507,94.859375,125.578125,0.0,4.953125,-4.198307514190674
12,100,8.75,none,2,508,96.859375,125.390625,0.0,5.28125,-4.288021087646484
12,100,8.75,none,2,509,94.03125,125.0,0.0,5.015625,-3.991015911102295
12,100,8.75,none,2,510,93.109375,125.328125,0.0,5.078125,-3.7757813930511475
12,100,8.75,none,2,511,92.984375,126.390625,0.0,5.296875,-3.8128907680511475
12,100,8.75,none,2,512,93.390625,124.953125,0.0,5.546875,-3.7981772422790527
12,100,8.75,none,2,513,94.4375,125.671875,0.0,5.375,-3.987760543823242
12,100,8.75,none,2,514,95.09375,124.46875,0.0,5.46875,-4.260677337646484
12,100,8.75,none,2,515,94.25,123.421875,0.0,5.25,-4.096224308013916
12,100,8.75,none,2,516,93.75,123.90625,0.0,5.390625,-4.157292366027832
12,100,8.75,none,2,517,93.53125,124.0625,0.0,5.125,-4.280859470367432
12,100,8.75,none,2,518,95.15625,123.859375,0.0,5.3125,-3.544010877609253
12,100,8.75,none,2,519,94.546875,126.359375,0.0,5.09375,-3.801823139190674
12,100,8.75,none,2,520,95.71875,126.6875,0.0,5.03125,-4.100000381469727
12,100,8.75,none,2,521,93.71875,127.046875,0.0,5.171875,-3.813671827316284
12,100,8.75,none,2,522,95.328125,125.0,0.0,4.921875,-3.7850260734558105
12,100,8.75,none,2,523,95.046875,126.359375,0.0,5.171875,-4.104948043823242
12,100,8.75,none,2,524,95.4375,125.53125,0.0,5.109375,-3.957812786102295
12,100,8.75,none,2,525,95.90625,124.546875,0.0,5.296875,-3.901562452316284
12,100,8.75,none,2,526,96.578125,125.328125,0.0,5.140625,-4.161328315734863
12,100,8.75,none,2,527,92.828125,129.25,0.0,4.609375,-3.1798179149627686
12,100,8.75,none,2,528,92.96875,127.890625,0.0,5.03125,-3.246354579925537
12,100,8.75,none,2,529,94.90625,127.265625,0.0,4.8125,-3.376692771911621
12,100,8.75,none,2,530,93.078125,125.875,0.0,5.046875,-3.5933597087860107
12,100,8.75,none,2,531,96.1875,124.875,0.0,4.921875,-3.807682752609253
12,100,8.75,none,2,532,91.09375,127.625,0.0,4.640625,-3.247265577316284
12,100,8.75,none,2,533,92.59375,127.03125,0.0,5.046875,-3.297395706176758
12,100,8.75,none,2,534,93.015625,126.578125,0.0,5.15625,-3.6591148376464844
12,100,8.75,none,2,535,94.671875,125.578125,0.0,4.71875,-3.8868491649627686
12,100,8.75,none,2,536,92.828125,126.546875,0.0,4.96875,-3.211979627609253
12,100,8.75,none,2,537,96.21875,124.296875,0.0,4.8125,-4.189583778381348
12,100,8.75,none,2,538,94.671875,126.546875,0.0,4.78125,-3.5718753337860107
12,100,8.75,none,2,539,94.796875,127.15625,0.0,5.28125,-3.8747401237487793
12,100,8.75,none,2,540,93.546875,127.359375,0.0,4.96875,-3.682161808013916
12,100,8.75,none,2,541,94.0,126.25,0.0,4.828125,-3.7093751430511475
12,100,8.75,none,2,542,94.609375,126.421875,0.0,4.765625,-3.708073377609253
12,100,8.75,none,2,543,94.03125,128.09375,0.0,4.328125,-3.7946619987487793
12,100,8.75,none,2,544,95.40625,127.15625,0.0,4.515625,-3.7894535064697266
12,100,8.75,none,2,545,93.140625,126.109375,0.0,4.96875,-3.3910157680511475
12,100,8.75,none,2,546,97.3125,125.453125,0.0,5.15625,-4.516797065734863
12,100,8.75,none,2,547,95.421875,127.703125,0.0,4.84375,-3.557161331176758
12,100,8.75,none,2,548,94.125,125.53125,0.0,4.859375,-4.144792079925537
12,100,8.75,none,2,549,94.109375,127.421875,0.0,4.5625,-3.4582033157348633
12,100,8.75,none,2,550,94.1875,127.109375,0.0,4.8125,-3.5433597564697266
12,100,8.75,none,2,551,93.46875,126.609375,0.0,4.78125,-3.1558597087860107
12,100,8.75,none,2,552,94.671875,126.734375,0.0,5.453125,-3.545182228088379
12,100,8.75,none,2,553,93.890625,126.6875,0.0,4.609375,-3.506120204925537
12,100,8.75,none,2,554,93.34375,127.125,0.0,4.59375,-3.4666669368743896
12,100,8.75,none,2,555,96.1875,126.328125,0.0,5.109375,-4.093620300292969
12,100,8.75,none,2,556,93.421875,127.15625,0.0,5.25,-3.7811203002929688
12,100,8.75,none,2,557,91.46875,128.65625,0.0,4.75,-3.412109375
12,100,8.75,none,2,558,93.5625,126.8125,0.0,5.0625,-3.315234661102295
12,100,8.75,none,2,559,94.234375,126.03125,0.0,4.890625,-3.773177146911621
12,100,8.75,none,2,560,93.671875,125.390625,0.0,4.34375,-3.5936200618743896
12,100,8.75,none,2,561,91.875,128.1875,0.0,4.765625,-3.355208396911621
12,100,8.75,none,2,562,93.703125,126.6875,0.0,4.46875,-3.2819011211395264
12,100,8.75,none,2,563,92.5,127.890625,0.0,4.84375,-3.298828601837158
12,100,8.75,none,2,564,94.078125,127.703125,0.0,4.71875,-3.7808597087860107
12,100,8.75,none,2,565,94.125,125.0,0.0,4.671875,-3.4727866649627686
12,100,8.75,none,2,566,94.421875,127.234375,0.0,5.03125,-3.494400978088379
12,100,8.75,none,2,567,94.078125,126.3125,0.0,4.5,-3.5089850425720215
12,100,8.75,none,2,568,93.421875,125.234375,0.0,4.578125,-3.5790367126464844
12,100,8.75,none,2,569,95.25,127.1875,0.0,4.421875,-3.692187786102295
12,100,8.75,none,2,570,93.75,129.46875,0.0,4.421875,-3.0721354484558105
12,100,8.75,none,2,571,93.125,128.484375,0.0,4.09375,-3.110417127609253
12,100,8.75,none,2,572,95.671875,127.625,0.0,4.984375,-3.9417970180511475
12,100,8.75,none,2,573,93.046875,128.5625,0.0,4.234375,-2.9290366172790527
12,100,8.75,none,2,574,93.71875,128.6875,0.0,4.28125,-2.970182418823242
12,100,8.75,none,2,575,92.25,128.109375,0.0,4.359375,-3.0565106868743896
12,100,8.75,none,2,576,95.421875,126.734375,0.0,4.109375,-3.4113283157348633
12,100,8.75,none,2,577,94.0,127.59375,0.0,4.59375,-3.4138026237487793
12,100,8.75,none,2,578,94.671875,127.328125,0.0,4.265625,-3.328906536102295
12,100,8.75,none,2,579,95.796875,128.265625,0.0,4.421875,-3.3865885734558105
12,100,8.75,none,2,580,93.4375,128.140625,0.0,4.375,-2.694791793823242
12,100,8.75,none,2,581,95.203125,127.265625,0.0,4.59375,-3.693359375
12,100,8.75,none,2,582,90.71875,127.15625,0.0,4.46875,-3.3134114742279053
12,100,8.75,none,2,583,91.453125,127.96875,0.0,4.625,-3.2942709922790527
12,100,8.75,none,2,584,93.1875,128.28125,0.0,4.3125,-3.208463668823242
12,100,8.75,none,2,585,93.640625,128.578125,0.0,4.6875,-3.4371097087860107
12,100,8.75,none,2,586,95.09375,126.109375,0.0,4.234375,-3.607682704925537
12,100,8.75,none,2,587,94.921875,127.671875,0.0,4.0625,-3.159635543823242
12,100,8.75,none,2,588,94.734375,126.234375,0.0,4.046875,-3.5877604484558105
12,100,8.75,none,2,589,95.359375,127.40625,0.0,3.96875,-3.738802671432495
12,100,8.75,none,2,590,94.296875,127.0,0.0,4.15625,-3.8257815837860107
12,100,8.75,none,2,591,95.3125,127.59375,0.0,4.890625,-4.131250381469727
12,100,8.75,none,2,592,94.203125,126.453125,0.0,4.265625,-3.3128907680511475
12,100,8.75,none,2,593,93.09375,127.171875,0.0,4.203125,-3.2536463737487793
12,100,8.75,none,2,594,92.859375,127.71875,0.0,4.453125,-3.419921875
12,100,8.75,none,2,595,92.65625,128.96875,0.0,4.3125,-3.474869728088379
12,100,8.75,none,2,596,92.5625,125.390625,0.0,3.921875,-3.207552433013916
12,100,8.75,none,2,597,92.828125,127.1875,0.0,4.59375,-3.2420575618743896
12,100,8.75,none,2,598,95.234375,127.21875,0.0,4.296875,-3.5835940837860107
12,100,8.75,none,2,599,93.1875,127.953125,0.0,4.4375,-3.055469036102295
12,100,8.75,none,2,600,93.59375,126.890625,0.0,4.578125,-3.4423179626464844
12,100,8.75,none,2,601,91.953125,129.203125,0.0,4.109375,-2.607943058013916
12,100,8.75,none,2,602,94.484375,128.3125,0.0,4.359375,-3.717057704925537
12,100,8.75,none,2,603,94.796875,129.34375,0.0,4.453125,-3.399219036102295
12,100,8.75,none,2,604,93.953125,129.25,0.0,4.296875,-2.962369918823242
12,100,8.75,none,2,605,91.984375,125.796875,0.0,4.71875,-3.282552480697632
12,100,8.75,none,2,606,95.453125,128.453125,0.0,4.078125,-3.6750001907348633
12,100,8.75,none,2,607,95.828125,126.265625,0.0,4.359375,-3.965625286102295
12,100,8.75,none,2,608,94.578125,128.15625,0.0,3.90625,-3.5843751430511475
12,100,8.75,none,2,609,96.96875,128.84375,0.0,4.34375,-3.574479579925537
12,100,8.75,none,2,610,97.0625,128.40625,0.0,4.046875,-3.4622397422790527
12,100,8.75,none,2,611,94.015625,129.015625,0.0,4.34375,-2.852083683013916
12,100,8.75,none,2,612,93.421875,129.15625,0.0,3.890625,-3.1552085876464844
12,100,8.75,none,2,613,89.09375,131.40625,0.0,4.328125,-2.3026044368743896
12,100,8.75,none,2,614,91.84375,129.234375,0.0,4.15625,-2.8971357345581055
12,100,8.75,none,2,615,92.59375,128.734375,0.0,4.5625,-3.0837244987487793
12,100,8.75,none,2,616,94.296875,129.6875,0.0,3.90625,-3.266406536102295
12,100,8.75,none,2,617,92.9375,129.5,0.0,4.3125,-3.121875286102295
12,100,8.75,none,2,618,93.171875,129.5,0.0,4.015625,-2.933854579925537
12,100,8.75,none,2,619,94.21875,127.34375,0.0,4.078125,-3.520963668823242
12,100,8.75,none,2,620,91.203125,128.546875,0.0,4.03125,-2.7352867126464844
12,100,8.75,none,2,621,92.90625,128.984375,0.0,4.40625,-3.3055992126464844
12,100,8.75,none,2,622,94.125,127.9375,0.0,4.125,-3.510286331176758
12,100,8.75,none,2,623,92.609375,129.375,0.0,4.21875,-2.9149742126464844
12,100,8.75,none,2,624,91.546875,128.828125,0.0,3.890625,-2.5346360206604004
12,100,8.75,none,2,625,92.390625,130.734375,0.0,4.125,-2.574739933013916
12,100,8.75,none,2,626,91.265625,130.125,0.0,3.75,-2.685286521911621
12,100,8.75,none,2,627,92.15625,129.59375,0.0,3.53125,-2.9033851623535156
12,100,8.75,none,2,628,94.71875,129.5,0.0,4.09375,-3.0230472087860107
12,100,8.75,none,2,629,95.25,129.453125,0.0,3.515625,-2.8243491649627686
12,100,8.75,none,2,630,94.09375,129.203125,0.0,3.875,-3.3089842796325684
12,100,8.75,none,2,631,93.78125,129.984375,0.0,4.625,-3.090625286102295
12,100,8.75,none,2,632,94.3125,128.453125,0.0,4.0625,-3.1825520992279053
12,100,8.75,none,2,633,93.1875,130.5,0.0,3.703125,-2.8125
12,100,8.75,none,2,634,95.546875,129.1875,0.0,3.921875,-3.6378908157348633
12,100,8.75,none,2,635,93.828125,129.296875,0.0,3.609375,-2.991536855697632
12,100,8.75,none,2,636,94.046875,129.390625,0.0,4.15625,-3.0891928672790527
12,100,8.75,none,2,637,93.65625,128.625,0.0,4.140625,-3.047395706176758
12,100,8.75,none,2,638,91.015625,129.25,0.0,4.078125,-2.777083396911621
12,100,8.75,none,2,639,93.53125,130.9375,0.0,4.046875,-2.4063804149627686
12,100,8.75,none,2,640,91.796875,130.15625,0.0,4.015625,-1.9838542938232422
12,100,8.75,none,2,641,93.921875,131.328125,0.0,3.703125,-2.5838544368743896
12,100,8.75,none,2,642,94.171875,130.890625,0.0,4.09375,-3.134244918823242
12,100,8.75,none,2,643,96.015625,128.484375,0.0,3.8125,-3.4588541984558105
12,100,8.75,none,2,644,91.234375,127.921875,0.0,3.96875,-2.743880271911621
12,100,8.75,none,2,645,92.234375,129.25,0.0,3.890625,-2.7305991649627686
12,100,8.75,none,2,646,92.625,129.765625,0.0,3.90625,-2.392317771911621
12,100,8.75,none,2,647,93.421875,127.53125,0.0,3.859375,-2.979557514190674
12,100,8.75,none,2,648,92.59375,129.375,0.0,3.375,-2.304166793823242
12,100,8.75,none,2,649,93.90625,129.1875,0.0,4.171875,-2.858203411102295
12,100,8.75,none,2,650,94.359375,130.5,0.0,3.96875,-3.0274741649627686
12,100,8.75,none,2,651,91.9375,129.765625,0.0,4.015625,-2.7799479961395264
12,100,8.75,none,2,652,90.9375,129.890625,0.0,3.515625,-2.5196616649627686
12,100,8.75,none,2,653,92.09375,131.09375,0.0,3.609375,-2.5319011211395264
12,100,8.75,none,2,654,93.234375,131.53125,0.0,4.0625,-2.773697853088379
12,100,8.75,none,2,655,92.953125,128.40625,0.0,3.765625,-2.686328411102295
12,100,8.75,none,2,656,92.203125,130.203125,0.0,3.78125,-2.362760543823242
12,100,8.75,none,2,657,91.484375,130.109375,0.0,4.015625,-2.6574220657348633
12,100,8.75,none,2,658,91.28125,130.9375,0.0,3.828125,-2.468489646911621
12,100,8.75,none,2,659,95.484375,131.5,0.0,3.796875,-2.817448377609253
12,100,8.75,none,2,660,92.796875,129.859375,0.0,4.078125,-2.7779948711395264
12,100,8.75,none,2,661,93.34375,129.171875,0.0,3.4375,-2.6529951095581055
12,100,8.75,none,2,662,91.59375,132.109375,0.0,3.953125,-2.495573043823242
12,100,8.75,none,2,663,90.015625,131.640625,0.0,3.65625,-2.06640625
12,100,8.75,none,2,664,91.90625,132.234375,0.0,4.53125,-2.5394530296325684
12,100,8.75,none,2,665,92.515625,131.234375,0.0,3.21875,-2.4294276237487793
12,100,8.75,none,2,666,90.625,130.203125,0.0,3.828125,-2.7696616649627686
12,100,8.75,none,2,667,91.09375,130.09375,0.0,3.9375,-2.5763022899627686
12,100,8.75,none,2,668,90.78125,131.15625,0.0,3.9375,-2.338151216506958
12,100,8.75,none,2,669,93.40625,130.640625,0.0,3.546875,-2.6579432487487793
12,100,8.75,none,2,670,91.84375,130.734375,0.0,3.15625,-2.632552146911621
12,100,8.75,none,2,671,92.203125,130.640625,0.0,3.6875,-2.539323329925537
12,100,8.75,none,2,672,95.359375,129.5625,0.0,3.4375,-3.196484327316284
12,100,8.75,none,2,673,92.359375,130.671875,0.0,3.71875,-2.715885639190674
12,100,8.75,none,2,674,93.828125,130.875,0.0,3.5,-2.7880210876464844
12,100,8.75,none,2,675,92.546875,130.328125,0.0,3.5,-2.8656251430511475
12,100,8.75,none,2,676,93.34375,131.4375,0.0,3.359375,-2.915104627609253
12,100,8.75,none,2,677,94.703125,129.453125,0.0,3.359375,-2.8648440837860107
12,100,8.75,none,2,678,93.328125,130.703125,0.0,3.4375,-2.6027345657348633
12,100,8.75,none,2,679,94.21875,131.453125,0.0,3.3125,-2.8678386211395264
12,100,8.75,none,2,680,93.421875,130.015625,0.0,3.546875,-3.0565104484558105
12,100,8.75,none,2,681,94.296875,131.21875,0.0,3.625,-2.826693058013916
12,100,8.75,none,2,682,90.875,130.421875,0.0,3.78125,-2.3407554626464844
12,100,8.75,none,2,683,90.328125,129.765625,0.0,3.671875,-2.004948139190674
12,100,8.75,none,2,684,92.9375,130.8125,0.0,3.6875,-2.665494918823242
12,100,8.75,none,2,685,91.25,132.078125,0.0,3.59375,-1.9406251907348633
12,100,8.75,none,2,686,92.25,130.15625,0.0,3.671875,-2.807682514190674
12,100,8.75,none,2,687,90.921875,133.0,0.0,3.828125,-1.9057292938232422
12,100,8.75,none,2,688,91.65625,130.96875,0.0,4.0625,-2.121875286102295
12,100,8.75,none,2,689,90.84375,132.703125,0.0,3.6875,-1.7803386449813843
12,100,8.75,none,2,690,94.203125,132.984375,0.0,3.484375,-2.1444010734558105
12,100,8.75,none,2,691,94.828125,128.96875,0.0,4.046875,-2.3684897422790527
12,100,8.75,none,2,692,93.8125,131.5,0.0,3.5,-2.595963478088379
12,100,8.75,none,2,693,94.796875,130.3125,0.0,3.375,-2.845442771911621
12,100,8.75,none,2,694,93.265625,132.859375,0.0,3.53125,-2.693359375
12,100,8.75,none,2,695,92.734375,132.59375,0.0,3.609375,-2.622135639190674
12,100,8.75,none,2,696,91.40625,130.609375,0.0,3.734375,-2.686067581176758
12,100,8.75,none,2,697,91.765625,131.03125,0.0,3.578125,-2.3070316314697266
12,100,8.75,none,2,698,92.921875,132.453125,0.0,3.28125,-2.2941408157348633
12,100,8.75,none,2,699,91.578125,130.03125,0.0,3.4375,-2.2615885734558105
12,100,8.75,none,2,700,89.734375,130.421875,0.0,3.109375,-1.7733075618743896
12,100,8.75,none,2,701,91.171875,131.3125,0.0,3.5625,-2.298307418823242
12,100,8.75,none,2,702,91.640625,131.90625,0.0,3.296875,-2.4735679626464844
12,100,8.75,none,2,703,91.90625,132.671875,0.0,3.5,-2.0355470180511475
12,100,8.75,none,2,704,89.96875,131.90625,0.0,3.59375,-1.9171875715255737
12,100,8.75,none,2,705,92.390625,132.734375,0.0,3.375,-2.1907553672790527
12,100,8.75,none,2,706,93.828125,129.3125,0.0,3.875,-2.660156726837158
12,100,8.75,none,2,707,93.03125,129.75,0.0,3.421875,-2.1622397899627686
12,100,8.75,none,2,708,90.015625,130.765625,0.0,3.5625,-2.0333335399627686
12,100,8.75,none,2,709,90.671875,132.0,0.0,3.625,-2.039062976837158
12,100,8.75,none,2,710,90.0,133.03125,0.0,3.09375,-1.812239646911621
12,100,8.75,none,2,711,92.390625,133.4375,0.0,3.46875,-2.19921875
12,100,8.75,none,2,712,90.21875,131.453125,0.0,3.5,-2.357422351837158
12,100,8.75,none,2,713,91.3125,130.84375,0.0,3.4375,-1.9959635734558105
12,100,8.75,none,2,714,94.171875,133.96875,0.0,3.828125,-2.663151264190674
12,100,8.75,none,2,715,90.53125,130.703125,0.0,3.8125,-2.3151042461395264
12,100,8.75,none,2,716,89.40625,133.234375,0.0,3.9375,-2.0341148376464844
12,100,8.75,none,2,717,91.953125,134.328125,0.0,3.171875,-1.8356773853302002
12,100,8.75,none,2,718,89.125,131.453125,0.0,3.71875,-2.1927084922790527
12,100,8.75,none,2,719,88.640625,132.078125,0.0,3.765625,-1.5734375715255737
12,100,8.75,none,2,720,93.40625,130.578125,0.0,3.3125,-2.4149739742279053
12,100,8.75,none,2,721,91.171875,133.015625,0.0,3.40625,-2.1359376907348633
12,100,8.75,none,2,722,90.921875,132.171875,0.0,3.75,-1.8726563453674316
12,100,8.75,none,2,723,92.5,133.171875,0.0,3.703125,-2.3201823234558105
12,100,8.75,none,2,724,91.328125,131.546875,0.0,2.953125,-2.2278647422790527
12,100,8.75,none,2,725,91.421875,132.0,0.0,3.40625,-2.226823329925537
12,100,8.75,none,2,726,93.0,133.078125,0.0,2.953125,-1.9151042699813843
12,100,8.75,none,2,727,88.0625,133.296875,0.0,3.109375,-1.7144532203674316
12,100,8.75,none,2,728,90.890625,133.234375,0.0,3.640625,-1.7459638118743896
12,100,8.75,none,2,729,88.59375,132.078125,0.0,3.640625,-1.774999976158142
12,100,8.75,none,2,730,90.34375,132.0625,0.0,3.703125,-2.0816407203674316
12,100,8.75,none,2,731,90.796875,133.71875,0.0,3.0625,-1.5106770992279053
12,100,8.75,none,2,732,90.46875,132.03125,0.0,3.859375,-1.6029949188232422
12,100,8.75,none,2,733,89.578125,134.9375,0.0,3.609375,-1.6440105438232422
12,100,8.75,none,2,734,90.953125,133.3125,0.0,3.078125,-1.9891929626464844
12,100,8.75,none,2,735,91.40625,133.484375,0.0,3.375,-2.7213542461395264
12,100,8.75,none,2,736,91.84375,132.0625,0.0,3.375,-2.1192708015441895
12,100,8.75,none,2,737,88.453125,133.90625,0.0,3.328125,-1.6361980438232422
12,100,8.75,none,2,738,88.984375,133.59375,0.0,3.453125,-1.2013022899627686
12,100,8.75,none,2,739,91.34375,134.4375,0.0,2.921875,-1.8889325857162476
12,100,8.75,none,2,740,90.265625,135.40625,0.0,3.1875,-1.9755210876464844
12,100,8.75,none,2,741,91.21875,134.328125,0.0,3.484375,-2.370833396911621
12,100,8.75,none,2,742,90.484375,133.5,0.0,3.140625,-2.0442709922790527
12,100,8.75,none,2,743,89.984375,134.921875,0.0,3.21875,-1.697525978088379
12,100,8.75,none,2,744,87.109375,134.203125,0.0,3.015625,-1.3264323472976685
12,100,8.75,none,2,745,88.75,132.90625,0.0,3.28125,-2.0601565837860107
12,100,8.75,none,2,746,89.390625,133.40625,0.0,3.203125,-2.0914065837860107
12,100,8.75,none,2,747,94.546875,132.921875,0.0,3.171875,-2.2108075618743896
12,100,8.75,none,2,748,89.71875,133.0625,0.0,3.21875,-2.0104169845581055
12,100,8.75,none,2,749,90.46875,132.375,0.0,3.296875,-1.8246095180511475
12,100,8.75,none,2,750,89.1875,132.96875,0.0,3.671875,-1.9932292699813843
12,100,8.75,none,2,751,90.015625,135.25,0.0,2.921875,-1.6463544368743896
12,100,8.75,none,2,752,90.0625,134.734375,0.0,3.21875,-2.028385639190674
12,100,8.75,none,2,753,91.796875,134.15625,0.0,3.03125,-1.773698091506958
12,100,8.75,none,2,754,91.609375,134.09375,0.0,3.15625,-2.047395706176758
12,100,8.75,none,2,755,90.90625,132.265625,0.0,3.546875,-1.8561198711395264
12,100,8.75,none,2,756,90.484375,132.921875,0.0,3.078125,-1.8600263595581055
12,100,8.75,none,2,757,90.078125,132.78125,0.0,3.296875,-1.9200520515441895
12,100,8.75,none,2,758,91.1875,134.390625,0.0,3.25,-1.6414064168930054
12,100,8.75,none,2,759,93.140625,133.15625,0.0,3.296875,-2.456249952316284
12,100,8.75,none,2,760,93.625,134.5625,0.0,3.1875,-2.082292079925537
12,100,8.75,none,2,761,91.859375,132.53125,0.0,3.46875,-1.7140626907348633
12,100,8.75,none,2,762,91.140625,134.25,0.0,2.921875,-2.0279951095581055
12,100,8.75,none,2,763,90.15625,134.59375,0.0,3.3125,-1.4736980199813843
12,100,8.75,none,2,764,88.640625,135.875,0.0,3.453125,-1.2644531726837158
12,100,8.75,none,2,765,87.796875,134.90625,0.0,3.203125,-1.2789063453674316
12,100,8.75,none,2,766,90.59375,133.1875,0.0,2.8125,-1.7281250953674316
12,100,8.75,none,2,767,90.671875,132.75,0.0,2.828125,-1.644400954246521
12,100,8.75,none,2,768,90.640625,134.953125,0.0,2.90625,-1.4488282203674316
12,100,8.75,none,2,769,90.515625,134.609375,0.0,2.734375,-1.7471355199813843
12,100,8.75,none,2,770,89.296875,135.8125,0.0,2.890625,-1.1998698711395264
12,100,8.75,none,2,771,86.9375,135.609375,0.0,3.078125,-1.1640626192092896
12,100,8.75,none,2,772,90.71875,132.5,0.0,2.765625,-1.9571614265441895
12,100,8.75,none,2,773,90.140625,133.03125,0.0,3.515625,-2.1356770992279053
12,100,8.75,none,2,774,89.078125,135.6875,0.0,3.25,-1.3661459684371948
12,100,8.75,none,2,775,90.4375,133.546875,0.0,2.90625,-1.8201825618743896
12,100,8.75,none,2,776,94.296875,133.953125,0.0,2.734375,-2.288541793823242
12,100,8.75,none,2,777,94.109375,132.671875,0.0,3.28125,-2.2414064407348633
12,100,8.75,none,2,778,91.78125,133.9375,0.0,2.46875,-2.1532554626464844
12,100,8.75,none,2,779,92.578125,131.859375,0.0,2.9375,-1.697135329246521
12,100,8.75,none,2,780,92.65625,135.078125,0.0,2.765625,-1.4464843273162842
12,100,8.75,none,2,781,91.109375,135.40625,0.0,3.03125,-1.5554689168930054
12,100,8.75,none,2,782,91.171875,134.71875,0.0,3.0,-1.6938800811767578
12,100,8.75,none,2,783,90.84375,134.921875,0.0,3.046875,-1.556640625
12,100,8.75,none,2,784,90.359375,134.390625,0.0,3.03125,-1.748307228088379
12,100,8.75,none,2,785,89.71875,136.125,0.0,3.078125,-1.0483072996139526
12,100,8.75,none,2,786,89.375,134.859375,0.0,2.984375,-1.402604103088379
12,100,8.75,none,2,787,90.171875,134.546875,0.0,2.78125,-1.5269532203674316
12,100,8.75,none,2,788,88.546875,134.765625,0.0,2.8125,-0.9483072757720947
12,100,8.75,none,2,789,88.515625,135.546875,0.0,2.96875,-1.2964844703674316
12,100,8.75,none,2,790,91.671875,134.765625,0.0,2.828125,-1.9052085876464844
12,100,8.75,none,2,791,90.234375,134.96875,0.0,2.96875,-1.6493489742279053
12,100,8.75,none,2,792,91.53125,135.484375,0.0,3.171875,-1.708984375
12,100,8.75,none,2,793,90.28125,136.875,0.0,2.765625,-1.2455730438232422
12,100,8.75,none,2,794,90.15625,135.640625,0.0,3.125,-1.3114583492279053
12,100,8.75,none,2,795,89.59375,135.8125,0.0,2.953125,-1.4742188453674316
12,100,8.75,none,2,796,90.78125,135.34375,0.0,3.328125,-1.9759114980697632
12,100,8.75,none,2,797,92.453125,136.890625,0.0,2.78125,-1.6298177242279053
12,100,8.75,none,2,798,91.375,135.265625,0.0,2.890625,-1.5958335399627686
12,100,8.75,none,2,799,90.875,136.015625,0.0,2.9375,-1.2733074426651
12,100,8.75,none,3,0,61.03125,57.5625,0.0,40.171875,-13.761198043823242
12,100,8.75,none,3,1,61.1875,59.765625,0.0,40.59375,-13.773958206176758
12,100,8.75,none,3,2,62.65625,62.5,0.0,38.46875,-13.319791793823242
12,100,8.75,none,3,3,63.234375,63.125,0.0,39.203125,-13.368749618530273
12,100,8.75,none,3,4,65.234375,63.375,0.0,37.4375,-13.43086051940918
12,100,8.75,none,3,5,65.25,63.953125,0.0,37.703125,-13.354426383972168
12,100,8.75,none,3,6,66.875,65.921875,0.0,36.5,-13.447395324707031
12,100,8.75,none,3,7,66.71875,65.140625,0.0,36.078125,-13.371223449707031
12,100,8.75,none,3,8,71.734375,65.65625,0.0,34.3125,-13.715495109558105
12,100,8.75,none,3,9,72.296875,66.140625,0.0,34.40625,-13.514974594116211
12,100,8.75,none,3,10,74.5625,68.65625,0.0,32.375,-13.752863883972168
12,100,8.75,none,3,11,77.734375,70.03125,0.0,31.3125,-13.595703125
12,100,8.75,none,3,12,79.1875,73.484375,0.0,30.078125,-13.244010925292969
12,100,8.75,none,3,13,80.515625,76.734375,0.0,29.78125,-12.67734432220459
12,100,8.75,none,3,14,84.0,74.171875,0.0,28.90625,-13.541015625
12,100,8.75,none,3,15,84.375,77.8125,0.0,28.890625,-13.267316818237305
12,100,8.75,none,3,16,88.203125,79.65625,0.0,27.890625,-13.215885162353516
12,100,8.75,none,3,17,89.609375,82.984375,0.0,26.265625,-12.72578239440918
12,100,8.75,none,3,18,89.890625,81.9375,0.0,25.734375,-12.788412094116211
12,100,8.75,none,3,19,91.8125,83.96875,0.0,24.171875,-12.517057418823242
12,100,8.75,none,3,20,92.21875,86.671875,0.0,24.5,-12.21835994720459
12,100,8.75,none,3,21,92.109375,86.796875,0.0,24.0,-12.191145896911621
12,100,8.75,none,3,22,93.90625,89.09375,0.0,23.09375,-12.152605056762695
12,100,8.75,none,3,23,94.53125,88.640625,0.0,22.28125,-12.001953125
12,100,8.75,none,3,24,97.78125,88.484375,0.0,20.703125,-12.418620109558105
12,100,8.75,none,3,25,92.8125,92.28125,0.0,21.21875,-11.47421932220459
12,100,8.75,none,3,26,94.875,93.875,0.0,20.40625,-11.298828125
12,100,8.75,none,3,27,95.5625,94.234375,0.0,19.765625,-11.651171684265137
12,100,8.75,none,3,28,94.28125,97.703125,0.0,19.71875,-10.556380271911621
12,100,8.75,none,3,29,97.015625,95.234375,0.0,20.6875,-11.698046684265137
12,100,8.75,none,3,30,94.015625,101.1875,0.0,18.640625,-10.437239646911621
12,100,8.75,none,3,31,94.46875,98.609375,0.0,18.78125,-10.879035949707031
12,100,8.75,none,3,32,94.84375,100.046875,0.0,18.625,-10.397396087646484
12,100,8.75,none,3,33,95.765625,97.265625,0.0,18.515625,-10.988802909851074
12,100,8.75,none,3,34,96.09375,101.703125,0.0,18.671875,-10.573698997497559
12,100,8.75,none,3,35,97.234375,97.34375,0.0,18.28125,-11.006902694702148
12,100,8.75,none,3,36,97.25,98.8125,0.0,18.640625,-10.867448806762695
12,100,8.75,none,3,37,95.90625,96.875,0.0,18.71875,-11.092318534851074
12,100,8.75,none,3,38,95.0625,98.234375,0.0,18.75,-10.965105056762695
12,100,8.75,none,3,39,97.234375,97.609375,0.0,18.890625,-11.193881034851074
12,100,8.75,none,3,40,94.859375,97.640625,0.0,18.234375,-11.11445426940918
12,100,8.75,none,3,41,94.453125,98.5625,0.0,18.703125,-11.011458396911621
12,100,8.75,none,3,42,94.9375,97.515625,0.0,18.875,-10.50156307220459
12,100,8.75,none,3,43,95.25,101.484375,0.0,18.5625,-10.677864074707031
12,100,8.75,none,3,44,96.8125,99.140625,0.0,18.671875,-11.377604484558105
12,100,8.75,none,3,45,93.484375,99.875,0.0,19.125,-10.306381225585938
12,100,8.75,none,3,46,96.03125,100.28125,0.0,18.375,-10.376953125
12,100,8.75,none,3,47,96.4375,99.109375,0.0,19.5,-10.883463859558105
12,100,8.75,none,3,48,94.0625,99.671875,0.0,18.59375,-10.283594131469727
12,100,8.75,none,3,49,94.25,99.546875,0.0,19.609375,-10.619270324707031
12,100,8.75,none,3,50,93.890625,99.03125,0.0,19.203125,-10.955729484558105
12,100,8.75,none,3,51,91.234375,97.828125,0.0,19.5625,-10.401302337646484
12,100,8.75,none,3,52,92.8125,100.75,0.0,19.296875,-10.21601676940918
12,100,8.75,none,3,53,93.84375,98.328125,0.0,19.625,-10.400521278381348
12,100,8.75,none,3,54,95.53125,98.0625,0.0,19.59375,-10.808073043823242
12,100,8.75,none,3,55,95.765625,98.953125,0.0,19.953125,-10.905077934265137
12,100,8.75,none,3,56,95.109375,96.53125,0.0,19.90625,-10.612890243530273
12,100,8.75,none,3,57,95.15625,99.09375,0.0,18.890625,-10.51914119720459
12,100,8.75,none,3,58,93.71875,99.609375,0.0,19.6875,-10.49336051940918
12,100,8.75,none,3,59,95.4375,97.953125,0.0,20.40625,-10.794010162353516
12,100,8.75,none,3,60,93.328125,100.15625,0.0,20.609375,-10.360807418823242
12,100,8.75,none,3,61,93.140625,96.109375,0.0,20.859375,-10.807162284851074
12,100,8.75,none,3,62,94.53125,97.890625,0.0,20.34375,-10.824089050292969
12,100,8.75,none,3,63,92.9375,97.09375,0.0,20.09375,-10.628255844116211
12,100,8.75,none,3,64,95.046875,95.921875,0.0,19.765625,-10.936327934265137
12,100,8.75,none,3,65,96.78125,96.0,0.0,20.90625,-11.564453125
12,100,8.75,none,3,66,94.296875,97.171875,0.0,20.515625,-10.804427146911621
12,100,8.75,none,3,67,96.21875,97.5625,0.0,20.359375,-11.317447662353516
12,100,8.75,none,3,68,95.21875,95.546875,0.0,21.15625,-11.083984375
12,100,8.75,none,3,69,94.90625,97.125,0.0,20.4375,-10.928515434265137
12,100,8.75,none,3,70,94.1875,96.0625,0.0,21.3125,-10.972915649414062
12,100,8.75,none,3,71,93.9375,96.625,0.0,21.546875,-10.950910568237305
12,100,8.75,none,3,72,94.640625,96.875,0.0,21.453125,-10.633853912353516
12,100,8.75,none,3,73,94.59375,97.796875,0.0,21.015625,-10.368880271911621
12,100,8.75,none,3,74,92.96875,97.734375,0.0,20.6875,-10.383724212646484
12,100,8.75,none,3,75,92.375,99.8125,0.0,20.90625,-10.521353721618652
12,100,8.75,none,3,76,93.40625,100.0,0.0,20.90625,-10.164193153381348
12,100,8.75,none,3,77,95.203125,97.796875,0.0,20.71875,-11.201693534851074
12,100,8.75,none,3,78,92.640625,98.953125,0.0,20.46875,-10.370443344116211
12,100,8.75,none,3,79,92.484375,98.203125,0.0,21.421875,-10.51093864440918
12,100,8.75,none,3,80,94.53125,98.03125,0.0,19.734375,-10.533073425292969
12,100,8.75,none,3,81,90.75,99.78125,0.0,19.96875,-9.774218559265137
12,100,8.75,none,3,82,95.890625,99.234375,0.0,20.515625,-10.614713668823242
12,100,8.75,none,3,83,95.046875,98.796875,0.0,20.078125,-10.35703182220459
12,100,8.75,none,3,84,94.671875,98.078125,0.0,20.296875,-10.404948234558105
12,100,8.75,none,3,85,98.078125,97.515625,0.0,20.84375,-11.274478912353516
12,100,8.75,none,3,86,95.6875,98.234375,0.0,19.59375,-10.967318534851074
12,100,8.75,none,3,87,97.125,99.25,0.0,19.8125,-11.026302337646484
12,100,8.75,none,3,88,96.359375,98.359375,0.0,19.703125,-10.433202743530273
12,100,8.75,none,3,89,95.984375,99.96875,0.0,19.796875,-10.698307037353516
12,100,8.75,none,3,90,94.984375,99.03125,0.0,20.125,-10.317838668823242
12,100,8.75,none,3,91,95.359375,97.65625,0.0,19.9375,-10.536067962646484
12,100,8.75,none,3,92,95.859375,99.171875,0.0,19.34375,-10.481250762939453
12,100,8.75,none,3,93,95.8125,99.609375,0.0,18.734375,-10.260937690734863
12,100,8.75,none,3,94,93.140625,99.578125,0.0,19.234375,-10.167057991027832
12,100,8.75,none,3,95,97.890625,99.515625,0.0,18.984375,-10.767709732055664
12,100,8.75,none,3,96,94.265625,101.125,0.0,19.40625,-10.206119537353516
12,100,8.75,none,3,97,96.78125,99.984375,0.0,18.875,-10.869270324707031
12,100,8.75,none,3,98,96.828125,100.171875,0.0,18.84375,-10.381120681762695
12,100,8.75,none,3,99,94.640625,99.515625,0.0,18.890625,-10.361197471618652
12,100,8.75,none,3,100,97.375,99.84375,0.0,18.671875,-10.758593559265137
12,100,8.75,none,3,101,94.640625,101.375,0.0,18.828125,-9.806249618530273
12,100,8.75,none,3,102,99.71875,100.765625,0.0,17.484375,-10.488932609558105
12,100,8.75,none,3,103,98.03125,100.71875,0.0,18.875,-10.790103912353516
12,100,8.75,none,3,104,97.1875,100.265625,0.0,19.421875,-10.299089431762695
12,100,8.75,none,3,105,96.546875,101.015625,0.0,18.53125,-10.569271087646484
12,100,8.75,none,3,106,97.65625,101.03125,0.0,18.09375,-10.143620491027832
12,100,8.75,none,3,107,100.390625,101.15625,0.0,17.875,-10.731510162353516
12,100,8.75,none,3,108,98.734375,101.859375,0.0,17.609375,-10.609244346618652
12,100,8.75,none,3,109,98.59375,102.5,0.0,18.28125,-10.281641006469727
12,100,8.75,none,3,110,97.40625,101.921875,0.0,17.75,-10.276041984558105
12,100,8.75,none,3,111,96.28125,103.4375,0.0,17.9375,-9.839973449707031
12,100,8.75,none,3,112,96.75,101.46875,0.0,17.875,-10.421092987060547
12,100,8.75,none,3,113,98.875,102.0625,0.0,17.609375,-10.224609375
12,100,8.75,none,3,114,98.015625,102.9375,0.0,17.484375,-10.252864837646484
12,100,8.75,none,3,115,97.5,103.375,0.0,16.796875,-10.112239837646484
12,100,8.75,none,3,116,97.75,103.546875,0.0,17.046875,-9.982161521911621
12,100,8.75,none,3,117,98.78125,101.921875,0.0,17.234375,-10.311718940734863
12,100,8.75,none,3,118,100.015625,102.625,0.0,15.953125,-9.9921875
12,100,8.75,none,3,119,97.5,102.765625,0.0,16.6875,-9.655858993530273
12,100,8.75,none,3,120,95.796875,104.0625,0.0,16.578125,-9.640495300292969
12,100,8.75,none,3,121,99.21875,102.953125,0.0,17.296875,-9.905858993530273
12,100,8.75,none,3,122,96.0625,102.015625,0.0,16.625,-9.730208396911621
12,100,8.75,none,3,123,98.671875,103.46875,0.0,16.625,-10.311979293823242
12,100,8.75,none,3,124,97.71875,103.671875,0.0,16.265625,-9.847005844116211
12,100,8.75,none,3,125,97.5625,105.46875,0.0,17.125,-9.708463668823242
12,100,8.75,none,3,126,97.796875,104.578125,0.0,16.5,-9.87070369720459
12,100,8.75,none,3,127,93.84375,104.765625,0.0,17.203125,-9.307421684265137
12,100,8.75,none,3,128,98.203125,104.453125,0.0,16.921875,-10.166666984558105
12,100,8.75,none,3,129,96.921875,106.125,0.0,15.953125,-9.285417556762695
12,100,8.75,none,3,130,97.15625,103.84375,0.0,16.515625,-9.763151168823242
12,100,8.75,none,3,131,96.5625,104.546875,0.0,17.015625,-9.630078315734863
12,100,8.75,none,3,132,98.4375,105.640625,0.0,15.78125,-9.708203315734863
12,100,8.75,none,3,133,96.4375,103.75,0.0,16.421875,-9.498437881469727
12,100,8.75,none,3,134,97.59375,105.875,0.0,16.140625,-9.479557991027832
12,100,8.75,none,3,135,98.1875,104.75,0.0,16.0625,-9.833854675292969
12,100,8.75,none,3,136,97.6875,105.1875,0.0,16.0,-9.132682800292969
12,100,8.75,none,3,137,97.1875,103.875,0.0,16.21875,-9.528385162353516
12,100,8.75,none,3,138,96.84375,105.984375,0.0,15.8125,-9.695052146911621
12,100,8.75,none,3,139,98.53125,106.078125,0.0,15.859375,-9.5546875
12,100,8.75,none,3,140,99.140625,105.71875,0.0,15.53125,-9.807291984558105
12,100,8.75,none,3,141,96.421875,105.078125,0.0,16.265625,-9.385156631469727
12,100,8.75,none,3,142,96.90625,105.90625,0.0,16.578125,-9.42343807220459
12,100,8.75,none,3,143,97.984375,107.53125,0.0,15.46875,-8.918749809265137
12,100,8.75,none,3,144,98.765625,104.71875,0.0,16.359375,-9.679818153381348
12,100,8.75,none,3,145,97.4375,106.3125,0.0,15.921875,-9.604166984558105
12,100,8.75,none,3,146,97.25,105.859375,0.0,15.328125,-9.318359375
12,100,8.75,none,3,147,98.53125,105.734375,0.0,15.90625,-9.711068153381348
12,100,8.75,none,3,148,99.6875,105.515625,0.0,15.84375,-9.546745300292969
12,100,8.75,none,3,149,97.640625,105.21875,0.0,15.078125,-9.41562557220459
12,100,8.75,none,3,150,98.625,103.625,0.0,15.6875,-9.922526359558105
12,100,8.75,none,3,151,98.03125,106.9375,0.0,15.453125,-9.324349403381348
12,100,8.75,none,3,152,99.21875,105.96875,0.0,15.3125,-9.68359375
12,100,8.75,none,3,153,101.140625,106.046875,0.0,14.28125,-9.54023551940918
12,100,8.75,none,3,154,97.421875,107.1875,0.0,15.578125,-9.51484489440918
12,100,8.75,none,3,155,98.234375,106.078125,0.0,15.625,-9.481510162353516
12,100,8.75,none,3,156,99.125,105.125,0.0,15.203125,-9.645572662353516
12,100,8.75,none,3,157,98.578125,103.828125,0.0,14.15625,-9.563020706176758
12,100,8.75,none,3,158,98.34375,107.171875,0.0,14.375,-9.247655868530273
12,100,8.75,none,3,159,97.609375,108.375,0.0,14.609375,-9.15976619720459
12,100,8.75,none,3,160,97.734375,107.984375,0.0,14.984375,-8.884635925292969
12,100,8.75,none,3,161,97.546875,108.859375,0.0,14.5,-9.069140434265137
12,100,8.75,none,3,162,96.8125,108.28125,0.0,14.203125,-8.762239456176758
12,100,8.75,none,3,163,98.796875,109.25,0.0,13.8125,-8.98789119720459
12,100,8.75,none,3,164,98.40625,107.5,0.0,14.390625,-8.819141387939453
12,100,8.75,none,3,165,100.46875,110.03125,0.0,14.390625,-8.643489837646484
12,100,8.75,none,3,166,97.0,108.078125,0.0,13.640625,-8.857812881469727
12,100,8.75,none,3,167,97.484375,106.453125,0.0,14.84375,-9.265495300292969
12,100,8.75,none,3,168,98.890625,108.625,0.0,14.34375,-8.881250381469727
12,100,8.75,none,3,169,96.4375,110.640625,0.0,14.15625,-8.607551574707031
12,100,8.75,none,3,170,97.828125,107.875,0.0,13.125,-8.555338859558105
12,100,8.75,none,3,171,99.0625,109.109375,0.0,13.625,-8.887500762939453
12,100,8.75,none,3,172,97.171875,109.4375,0.0,13.5625,-8.942448616027832
12,100,8.75,none,3,173,98.1875,110.0625,0.0,13.578125,-8.501041412353516
12,100,8.75,none,3,174,97.609375,110.609375,0.0,13.34375,-8.457813262939453
12,100,8.75,none,3,175,100.6875,109.59375,0.0,12.796875,-8.377994537353516
12,100,8.75,none,3,176,99.09375,109.84375,0.0,13.46875,-8.73203182220459
12,100,8.75,none,3,177,99.9375,109.53125,0.0,13.1875,-8.805728912353516
12,100,8.75,none,3,178,97.25,108.859375,0.0,13.625,-8.611458778381348
12,100,8.75,none,3,179,100.484375,108.0,0.0,12.5625,-8.854948043823242
12,100,8.75,none,3,180,96.703125,108.421875,0.0,13.203125,-8.660807609558105
12,100,8.75,none,3,181,98.296875,110.6875,0.0,13.328125,-8.246745109558105
12,100,8.75,none,3,182,97.65625,110.515625,0.0,13.40625,-8.62890625
12,100,8.75,none,3,183,97.8125,109.21875,0.0,12.640625,-8.394922256469727
12,100,8.75,none,3,184,99.09375,109.140625,0.0,12.875,-9.227344512939453
12,100,8.75,none,3,185,97.84375,111.40625,0.0,12.875,-8.232942581176758
12,100,8.75,none,3,186,97.796875,112.21875,0.0,12.140625,-8.367057800292969
12,100,8.75,none,3,187,99.5625,109.3125,0.0,12.234375,-8.137370109558105
12,100,8.75,none,3,188,99.421875,111.46875,0.0,12.6875,-8.218620300292969
12,100,8.75,none,3,189,99.53125,110.640625,0.0,12.484375,-8.601432800292969
12,100,8.75,none,3,190,100.5625,108.984375,0.0,11.921875,-8.735807418823242
12,100,8.75,none,3,191,99.65625,110.0,0.0,11.90625,-8.257291793823242
12,100,8.75,none,3,192,99.703125,111.03125,0.0,12.21875,-8.656641006469727
12,100,8.75,none,3,193,99.4375,110.15625,0.0,12.28125,-8.66757869720459
12,100,8.75,none,3,194,99.34375,107.734375,0.0,12.546875,-8.401041984558105
12,100,8.75,none,3,195,99.515625,109.796875,0.0,12.484375,-8.455208778381348
12,100,8.75,none,3,196,99.09375,111.5,0.0,12.0,-8.665755271911621
12,100,8.75,none,3,197,97.140625,109.078125,0.0,11.78125,-7.9542975425720215
12,100,8.75,none,3,198,99.53125,109.21875,0.0,12.453125,-8.796093940734863
12,100,8.75,none,3,199,98.75,108.515625,0.0,12.4375,-8.211978912353516
12,100,8.75,none,3,200,100.796875,109.953125,0.0,12.40625,-8.702604293823242
12,100,8.75,none,3,201,98.453125,111.890625,0.0,11.953125,-7.891146659851074
12,100,8.75,none,3,202,98.671875,110.203125,0.0,12.34375,-8.565104484558105
12,100,8.75,none,3,203,97.5625,111.828125,0.0,11.953125,-8.289193153381348
12,100,8.75,none,3,204,95.5625,111.453125,0.0,12.65625,-7.729037284851074
12,100,8.75,none,3,205,98.5625,111.765625,0.0,11.921875,-7.880859375
12,100,8.75,none,3,206,99.40625,112.296875,0.0,11.96875,-7.93906307220459
12,100,8.75,none,3,207,97.875,111.234375,0.0,11.46875,-7.852994441986084
12,100,8.75,none,3,208,99.546875,110.140625,0.0,11.6875,-8.422657012939453
12,100,8.75,none,3,209,98.953125,110.984375,0.0,11.765625,-8.373698234558105
12,100,8.75,none,3,210,100.265625,112.71875,0.0,10.78125,-8.112630844116211
12,100,8.75,none,3,211,99.453125,110.71875,0.0,10.984375,-8.124870300292969
12,100,8.75,none,3,212,98.71875,113.109375,0.0,11.390625,-7.871224403381348
12,100,8.75,none,3,213,99.640625,112.265625,0.0,11.265625,-8.026823043823242
12,100,8.75,none,3,214,97.109375,111.0,0.0,11.9375,-8.255729675292969
12,100,8.75,none,3,215,99.71875,111.21875,0.0,10.5625,-8.16132926940918
12,100,8.75,none,3,216,99.515625,111.703125,0.0,10.78125,-8.380859375
12,100,8.75,none,3,217,100.234375,111.40625,0.0,11.3125,-8.126041412353516
12,100,8.75,none,3,218,97.8125,111.796875,0.0,11.6875,-7.73007869720459
12,100,8.75,none,3,219,98.578125,114.125,0.0,10.921875,-7.679427146911621
12,100,8.75,none,3,220,98.40625,110.984375,0.0,11.28125,-7.835416793823242
12,100,8.75,none,3,221,99.703125,111.671875,0.0,10.96875,-8.185286521911621
12,100,8.75,none,3,222,99.921875,111.0,0.0,10.796875,-8.109766006469727
12,100,8.75,none,3,223,99.296875,113.578125,0.0,10.671875,-7.8957037925720215
12,100,8.75,none,3,224,99.875,111.5,0.0,11.296875,-8.21835994720459
12,100,8.75,none,3,225,99.96875,112.359375,0.0,10.71875,-7.805859565734863
12,100,8.75,none,3,226,97.03125,113.484375,0.0,9.78125,-7.298958778381348
12,100,8.75,none,3,227,98.6875,115.078125,0.0,9.796875,-7.293229579925537
12,100,8.75,none,3,228,98.28125,112.046875,0.0,10.671875,-7.724870204925537
12,100,8.75,none,3,229,98.734375,113.015625,0.0,10.6875,-7.69492244720459
12,100,8.75,none,3,230,95.875,112.859375,0.0,11.484375,-7.612760543823242
12,100,8.75,none,3,231,95.984375,112.921875,0.0,10.453125,-7.422656536102295
12,100,8.75,none,3,232,100.78125,113.609375,0.0,10.359375,-7.844271659851074
12,100,8.75,none,3,233,98.953125,111.765625,0.0,10.25,-7.971094131469727
12,100,8.75,none,3,234,97.71875,112.109375,0.0,10.671875,-7.8240885734558105
12,100,8.75,none,3,235,98.8125,114.375,0.0,9.96875,-7.5128912925720215
12,100,8.75,none,3,236,95.703125,112.671875,0.0,10.65625,-7.2882819175720215
12,100,8.75,none,3,237,95.6875,116.0625,0.0,10.9375,-6.936068534851074
12,100,8.75,none,3,238,97.71875,114.140625,0.0,10.21875,-7.421745300292969
12,100,8.75,none,3,239,98.71875,114.109375,0.0,9.734375,-7.12656307220459
12,100,8.75,none,3,240,99.40625,113.421875,0.0,10.578125,-7.4928388595581055
12,100,8.75,none,3,241,100.828125,113.09375,0.0,10.140625,-7.752864837646484
12,100,8.75,none,3,242,98.0,115.34375,0.0,9.203125,-7.378385066986084
12,100,8.75,none,3,243,98.6875,115.40625,0.0,9.59375,-7.372395992279053
12,100,8.75,none,3,244,96.75,115.109375,0.0,9.875,-6.923307418823242
12,100,8.75,none,3,245,97.21875,116.84375,0.0,9.984375,-7.213672637939453
12,100,8.75,none,3,246,100.109375,112.34375,0.0,10.0625,-7.659114837646484
12,100,8.75,none,3,247,99.21875,114.765625,0.0,9.203125,-7.5656256675720215
12,100,8.75,none,3,248,99.734375,115.375,0.0,10.015625,-7.690234661102295
12,100,8.75,none,3,249,98.125,114.03125,0.0,9.8125,-7.17734432220459
12,100,8.75,none,3,250,99.453125,114.703125,0.0,9.671875,-7.2492194175720215
12,100,8.75,none,3,251,96.5,114.90625,0.0,9.546875,-7.02890682220459
12,100,8.75,none,3,252,101.65625,112.9375,0.0,9.46875,-7.5703125
12,100,8.75,none,3,253,98.515625,114.4375,0.0,9.28125,-6.880338191986084
12,100,8.75,none,3,254,99.5625,113.9375,0.0,8.84375,-7.206120491027832
12,100,8.75,none,3,255,98.734375,113.640625,0.0,9.421875,-7.119140625
12,100,8.75,none,3,256,99.421875,114.484375,0.0,9.75,-7.547265529632568
12,100,8.75,none,3,257,99.25,114.53125,0.0,9.078125,-6.977864742279053
12,100,8.75,none,3,258,99.265625,114.3125,0.0,9.015625,-7.2720046043396
12,100,8.75,none,3,259,99.25,113.796875,0.0,8.859375,-7.373046875
12,100,8.75,none,3,260,98.21875,114.78125,0.0,9.140625,-6.979296684265137
12,100,8.75,none,3,261,97.796875,115.59375,0.0,9.46875,-7.022525787353516
12,100,8.75,none,3,262,99.328125,114.96875,0.0,8.65625,-7.234375
12,100,8.75,none,3,263,97.1875,114.921875,0.0,9.828125,-6.783333778381348
12,100,8.75,none,3,264,96.734375,114.375,0.0,9.59375,-7.294140815734863
12,100,8.75,none,3,265,97.375,115.765625,0.0,9.453125,-6.985156536102295
12,100,8.75,none,3,266,99.46875,116.84375,0.0,9.34375,-7.258073329925537
12,100,8.75,none,3,267,97.1875,116.4375,0.0,9.03125,-6.8996100425720215
12,100,8.75,none,3,268,97.890625,116.75,0.0,8.9375,-6.9791669845581055
12,100,8.75,none,3,269,96.0625,117.09375,0.0,9.015625,-6.441537380218506
12,100,8.75,none,3,270,97.625,116.859375,0.0,8.984375,-6.9035162925720215
12,100,8.75,none,3,271,95.90625,117.734375,0.0,9.203125,-6.431901454925537
12,100,8.75,none,3,272,97.234375,114.546875,0.0,9.8125,-6.697135925292969
12,100,8.75,none,3,273,95.78125,116.765625,0.0,9.359375,-6.432422161102295
12,100,8.75,none,3,274,97.390625,115.421875,0.0,9.25,-6.834505081176758
12,100,8.75,none,3,275,97.53125,116.484375,0.0,8.609375,-6.977603912353516
12,100,8.75,none,3,276,96.515625,116.6875,0.0,9.0625,-6.612630367279053
12,100,8.75,none,3,277,98.34375,115.265625,0.0,8.609375,-6.989583492279053
12,100,8.75,none,3,278,99.21875,114.4375,0.0,9.328125,-6.578256130218506
12,100,8.75,none,3,279,96.9375,116.609375,0.0,8.484375,-6.368880748748779
12,100,8.75,none,3,280,96.859375,117.703125,0.0,8.796875,-6.3307294845581055
12,100,8.75,none,3,281,98.09375,116.09375,0.0,8.5625,-6.6315107345581055
12,100,8.75,none,3,282,96.8125,118.640625,0.0,8.25,-6.244922161102295
12,100,8.75,none,3,283,96.390625,118.5,0.0,9.109375,-6.374740123748779
12,100,8.75,none,3,284,99.03125,115.90625,0.0,7.859375,-6.780208587646484
12,100,8.75,none,3,285,98.640625,116.921875,0.0,8.359375,-6.813021659851074
12,100,8.75,none,3,286,97.453125,116.71875,0.0,8.6875,-6.4601569175720215
12,100,8.75,none,3,287,96.09375,117.515625,0.0,8.46875,-6.6261725425720215
12,100,8.75,none,3,288,96.453125,116.875,0.0,8.453125,-6.27734375
12,100,8.75,none,3,289,97.4375,116.59375,0.0,8.546875,-6.613802909851074
12,100,8.75,none,3,290,97.40625,115.96875,0.0,9.078125,-6.606510162353516
12,100,8.75,none,3,291,97.765625,117.078125,0.0,8.3125,-6.497786521911621
12,100,8.75,none,3,292,98.3125,114.84375,0.0,8.171875,-7.016536712646484
12,100,8.75,none,3,293,99.296875,117.703125,0.0,7.828125,-6.745833873748779
12,100,8.75,none,3,294,98.4375,115.0625,0.0,8.703125,-6.70703125
12,100,8.75,none,3,295,98.578125,117.40625,0.0,8.5,-6.808333396911621
12,100,8.75,none,3,296,95.9375,116.265625,0.0,8.171875,-6.072787284851074
12,100,8.75,none,3,297,99.171875,116.78125,0.0,8.40625,-6.385677337646484
12,100,8.75,none,3,298,98.453125,118.328125,0.0,8.515625,-6.5397138595581055
12,100,8.75,none,3,299,97.65625,116.171875,0.0,7.953125,-6.7869791984558105
12,100,8.75,none,3,300,96.09375,118.140625,0.0,8.046875,-5.808464050292969
12,100,8.75,none,3,301,96.0,118.328125,0.0,7.984375,-5.547786712646484
12,100,8.75,none,3,302,94.015625,118.21875,0.0,8.421875,-5.753125190734863
12,100,8.75,none,3,303,95.640625,119.125,0.0,7.6875,-5.716796875
12,100,8.75,none,3,304,96.046875,118.265625,0.0,8.109375,-6.405599117279053
12,100,8.75,none,3,305,97.234375,116.40625,0.0,7.984375,-6.199479103088379
12,100,8.75,none,3,306,95.421875,119.25,0.0,8.015625,-5.653645992279053
12,100,8.75,none,3,307,96.390625,118.8125,0.0,8.546875,-6.054427623748779
12,100,8.75,none,3,308,97.375,116.734375,0.0,8.328125,-6.4816412925720215
12,100,8.75,none,3,309,94.9375,120.203125,0.0,8.234375,-5.755990028381348
12,100,8.75,none,3,310,97.34375,119.171875,0.0,8.28125,-6.171615123748779
12,100,8.75,none,3,311,94.53125,118.9375,0.0,8.4375,-5.565104961395264
12,100,8.75,none,3,312,97.3125,117.484375,0.0,8.03125,-6.425910949707031
12,100,8.75,none,3,313,96.828125,119.546875,0.0,7.875,-6.015754699707031
12,100,8.75,none,3,314,95.640625,117.84375,0.0,7.640625,-5.950652122497559
12,100,8.75,none,3,315,95.65625,120.703125,0.0,7.671875,-5.77500057220459
12,100,8.75,none,3,316,96.25,119.140625,0.0,7.59375,-6.016015529632568
12,100,8.75,none,3,317,99.296875,117.578125,0.0,7.5625,-6.388671875
12,100,8.75,none,3,318,97.46875,118.375,0.0,7.40625,-5.946744918823242
12,100,8.75,none,3,319,96.0,119.140625,0.0,7.515625,-6.101041793823242
12,100,8.75,none,3,320,98.8125,117.78125,0.0,7.3125,-6.156380653381348
12,100,8.75,none,3,321,98.015625,119.515625,0.0,7.671875,-5.976692199707031
12,100,8.75,none,3,322,97.515625,118.5625,0.0,7.0625,-6.391146659851074
12,100,8.75,none,3,323,95.59375,117.359375,0.0,7.78125,-6.304818153381348
12,100,8.75,none,3,324,97.125,119.71875,0.0,7.375,-5.552474498748779
12,100,8.75,none,3,325,95.390625,118.328125,0.0,7.625,-5.789974212646484
12,100,8.75,none,3,326,99.078125,116.609375,0.0,7.4375,-6.420052528381348
12,100,8.75,none,3,327,97.40625,119.375,0.0,7.40625,-5.812370300292969
12,100,8.75,none,3,328,96.9375,119.234375,0.0,8.015625,-5.950911521911621
12,100,8.75,none,3,329,95.46875,118.765625,0.0,8.046875,-5.867578506469727
12,100,8.75,none,3,330,98.25,118.75,0.0,7.4375,-6.080989837646484
12,100,8.75,none,3,331,95.40625,120.203125,0.0,7.96875,-5.772656440734863
12,100,8.75,none,3,332,97.328125,119.265625,0.0,7.265625,-6.008724212646484
12,100,8.75,none,3,333,96.546875,120.8125,0.0,7.171875,-5.470182418823242
12,100,8.75,none,3,334,96.1875,119.734375,0.0,7.34375,-5.913802146911621
12,100,8.75,none,3,335,97.015625,121.859375,0.0,7.1875,-5.623958587646484
12,100,8.75,none,3,336,98.140625,119.46875,0.0,7.671875,-5.892057418823242
12,100,8.75,none,3,337,95.546875,118.890625,0.0,7.40625,-5.702083587646484
12,100,8.75,none,3,338,95.421875,118.546875,0.0,7.078125,-5.677213668823242
12,100,8.75,none,3,339,95.4375,119.5,0.0,7.484375,-5.491146087646484
12,100,8.75,none,3,340,94.0,121.5,0.0,7.515625,-5.592839241027832
12,100,8.75,none,3,341,95.40625,120.390625,0.0,7.984375,-5.684375286102295
12,100,8.75,none,3,342,96.40625,120.03125,0.0,7.453125,-5.487110137939453
12,100,8.75,none,3,343,95.171875,119.203125,0.0,6.84375,-5.6984381675720215
12,100,8.75,none,3,344,95.96875,120.09375,0.0,7.171875,-5.534245491027832
12,100,8.75,none,3,345,94.296875,120.859375,0.0,7.28125,-5.319662094116211
12,100,8.75,none,3,346,96.59375,120.6875,0.0,7.0,-5.8937506675720215
12,100,8.75,none,3,347,94.28125,119.65625,0.0,7.03125,-5.390885829925537
12,100,8.75,none,3,348,96.0625,122.796875,0.0,6.734375,-5.616275787353516
12,100,8.75,none,3,349,92.1875,120.765625,0.0,7.53125,-4.693099498748779
12,100,8.75,none,3,350,95.171875,120.515625,0.0,6.859375,-5.217057704925537
12,100,8.75,none,3,351,94.578125,122.125,0.0,6.90625,-5.037370204925537
12,100,8.75,none,3,352,93.40625,122.0625,0.0,6.71875,-5.102084159851074
12,100,8.75,none,3,353,94.234375,119.34375,0.0,7.46875,-5.594661712646484
12,100,8.75,none,3,354,92.875,119.375,0.0,7.078125,-5.488802909851074
12,100,8.75,none,3,355,93.765625,120.5,0.0,6.421875,-5.032292366027832
12,100,8.75,none,3,356,93.78125,120.375,0.0,7.375,-5.155599117279053
12,100,8.75,none,3,357,93.765625,122.140625,0.0,6.828125,-5.144792079925537
12,100,8.75,none,3,358,97.609375,118.90625,0.0,7.03125,-5.612630844116211
12,100,8.75,none,3,359,95.375,121.109375,0.0,6.203125,-5.364583492279053
12,100,8.75,none,3,360,95.546875,119.078125,0.0,6.9375,-5.0773444175720215
12,100,8.75,none,3,361,93.953125,120.0625,0.0,6.515625,-5.045703411102295
12,100,8.75,none,3,362,92.703125,122.59375,0.0,6.90625,-4.415104389190674
12,100,8.75,none,3,363,93.59375,120.90625,0.0,6.703125,-4.849740028381348
12,100,8.75,none,3,364,95.671875,120.40625,0.0,6.734375,-5.561849594116211
12,100,8.75,none,3,365,94.546875,121.0625,0.0,6.984375,-5.086979866027832
12,100,8.75,none,3,366,96.515625,120.734375,0.0,6.734375,-5.136198043823242
12,100,8.75,none,3,367,94.59375,121.515625,0.0,6.609375,-4.846614837646484
12,100,8.75,none,3,368,95.625,122.109375,0.0,6.296875,-5.1014323234558105
12,100,8.75,none,3,369,94.078125,121.90625,0.0,6.390625,-4.892838954925537
12,100,8.75,none,3,370,93.21875,120.703125,0.0,6.828125,-4.829427242279053
12,100,8.75,none,3,371,92.84375,125.328125,0.0,6.453125,-4.492448329925537
12,100,8.75,none,3,372,93.46875,122.796875,0.0,6.8125,-4.871614933013916
12,100,8.75,none,3,373,94.078125,123.5,0.0,6.703125,-4.861719131469727
12,100,8.75,none,3,374,92.28125,121.890625,0.0,7.9375,-5.16367244720459
12,100,8.75,none,3,375,92.390625,122.1875,0.0,6.671875,-5.117448329925537
12,100,8.75,none,3,376,94.015625,122.46875,0.0,6.8125,-5.163541793823242
12,100,8.75,none,3,377,94.734375,121.109375,0.0,6.609375,-5.4108076095581055
12,100,8.75,none,3,378,94.0,120.953125,0.0,6.125,-4.970963954925537
12,100,8.75,none,3,379,93.765625,121.578125,0.0,6.671875,-4.78476619720459
12,100,8.75,none,3,380,95.046875,122.0625,0.0,6.484375,-5.0338544845581055
12,100,8.75,none,3,381,95.03125,123.234375,0.0,6.125,-4.690495491027832
12,100,8.75,none,3,382,93.765625,122.5,0.0,6.25,-4.8776044845581055
12,100,8.75,none,3,383,95.734375,121.40625,0.0,6.46875,-5.405208587646484
12,100,8.75,none,3,384,95.859375,123.296875,0.0,6.234375,-4.948047161102295
12,100,8.75,none,3,385,92.890625,123.265625,0.0,6.015625,-4.320703029632568
12,100,8.75,none,3,386,91.6875,122.265625,0.0,5.875,-4.392057418823242
12,100,8.75,none,3,387,92.734375,122.375,0.0,6.21875,-4.810286521911621
12,100,8.75,none,3,388,92.6875,121.96875,0.0,6.203125,-4.315625190734863
12,100,8.75,none,3,389,94.4375,123.3125,0.0,6.359375,-4.951432704925537
12,100,8.75,none,3,390,94.5625,122.3125,0.0,6.5,-4.920052528381348
12,100,8.75,none,3,391,95.609375,122.78125,0.0,6.484375,-5.187500476837158
12,100,8.75,none,3,392,90.578125,123.15625,0.0,6.203125,-3.879427433013916
12,100,8.75,none,3,393,95.3125,123.359375,0.0,6.546875,-4.969531536102295
12,100,8.75,none,3,394,93.265625,121.375,0.0,6.578125,-4.685937881469727
12,100,8.75,none,3,395,93.734375,121.296875,0.0,7.03125,-5.105989933013916
12,100,8.75,none,3,396,93.046875,123.046875,0.0,6.34375,-4.640495300292969
12,100,8.75,none,3,397,95.75,122.3125,0.0,6.09375,-4.711719036102295
12,100,8.75,none,3,398,93.859375,121.609375,0.0,6.09375,-4.676041603088379
12,100,8.75,none,3,399,94.203125,124.71875,0.0,6.359375,-4.576693534851074
12,100,8.75,none,3,400,92.3125,123.546875,0.0,6.390625,-4.641667366027832
12,100,8.75,none,3,401,93.171875,123.859375,0.0,5.84375,-4.761068344116211
12,100,8.75,none,3,402,93.40625,124.28125,0.0,5.859375,-4.469271659851074
12,100,8.75,none,3,403,94.859375,123.59375,0.0,6.015625,-4.609766006469727
12,100,8.75,none,3,404,93.5625,122.328125,0.0,6.265625,-4.295443058013916
12,100,8.75,none,3,405,92.875,122.5,0.0,5.890625,-4.364062786102295
12,100,8.75,none,3,406,91.09375,122.28125,0.0,6.171875,-4.691667079925537
12,100,8.75,none,3,407,93.3125,123.875,0.0,6.03125,-4.222135543823242
12,100,8.75,none,3,408,92.890625,123.6875,0.0,6.078125,-4.469531536102295
12,100,8.75,none,3,409,91.515625,124.109375,0.0,6.015625,-4.2447919845581055
12,100,8.75,none,3,410,92.1875,122.203125,0.0,6.046875,-4.2252607345581055
12,100,8.75,none,3,411,92.515625,123.03125,0.0,6.25,-4.786588668823242
12,100,8.75,none,3,412,93.4375,123.40625,0.0,6.328125,-4.663281440734863
12,100,8.75,none,3,413,94.265625,122.75,0.0,5.96875,-4.619531631469727
12,100,8.75,none,3,414,93.125,121.765625,0.0,5.84375,-4.6463541984558105
12,100,8.75,none,3,415,95.1875,120.734375,0.0,5.9375,-5.192448139190674
12,100,8.75,none,3,416,93.09375,123.671875,0.0,6.34375,-4.382552146911621
12,100,8.75,none,3,417,93.390625,122.90625,0.0,5.65625,-4.5
12,100,8.75,none,3,418,92.546875,123.265625,0.0,6.34375,-4.489974498748779
12,100,8.75,none,3,419,91.15625,123.484375,0.0,6.21875,-3.8895833492279053
12,100,8.75,none,3,420,96.015625,121.953125,0.0,6.0625,-4.846094131469727
12,100,8.75,none,3,421,92.1875,124.75,0.0,5.765625,-4.424739837646484
12,100,8.75,none,3,422,94.375,122.828125,0.0,5.828125,-4.668880462646484
12,100,8.75,none,3,423,92.609375,121.453125,0.0,6.21875,-4.2994794845581055
12,100,8.75,none,3,424,95.828125,123.5,0.0,6.09375,-5.035937309265137
12,100,8.75,none,3,425,95.078125,123.484375,0.0,6.046875,-4.794792175292969
12,100,8.75,none,3,426,94.890625,124.53125,0.0,6.0625,-4.692187786102295
12,100,8.75,none,3,427,95.0,122.15625,0.0,6.484375,-5.044270992279053
12,100,8.75,none,3,428,91.3125,125.03125,0.0,6.328125,-4.172135829925537
12,100,8.75,none,3,429,94.484375,124.21875,0.0,5.4375,-4.21054744720459
12,100,8.75,none,3,430,92.953125,125.90625,0.0,6.671875,-4.232161998748779
12,100,8.75,none,3,431,94.328125,123.171875,0.0,5.328125,-4.219792366027832
12,100,8.75,none,3,432,92.90625,123.75,0.0,5.96875,-4.039193153381348
12,100,8.75,none,3,433,92.3125,123.890625,0.0,5.890625,-3.8927085399627686
12,100,8.75,none,3,434,93.140625,125.546875,0.0,5.484375,-4.24375057220459
12,100,8.75,none,3,435,95.71875,122.734375,0.0,6.046875,-4.613542079925537
12,100,8.75,none,3,436,94.015625,123.9375,0.0,5.515625,-4.338021278381348
12,100,8.75,none,3,437,94.875,122.90625,0.0,5.65625,-4.827604293823242
12,100,8.75,none,3,438,92.640625,123.71875,0.0,5.375,-4.840625286102295
12,100,8.75,none,3,439,92.953125,122.390625,0.0,5.90625,-4.38828182220459
12,100,8.75,none,3,440,92.984375,122.8125,0.0,5.8125,-4.105599403381348
12,100,8.75,none,3,441,90.875,125.59375,0.0,6.625,-3.70703125
12,100,8.75,none,3,442,93.421875,123.640625,0.0,5.828125,-4.435286998748779
12,100,8.75,none,3,443,93.859375,123.125,0.0,5.453125,-4.196353912353516
12,100,8.75,none,3,444,94.859375,122.875,0.0,5.78125,-4.595833778381348
12,100,8.75,none,3,445,95.203125,122.640625,0.0,5.484375,-4.708854675292969
12,100,8.75,none,3,446,95.125,121.890625,0.0,5.84375,-4.686849594116211
12,100,8.75,none,3,447,96.15625,122.9375,0.0,5.125,-4.532682418823242
12,100,8.75,none,3,448,95.578125,124.75,0.0,5.71875,-4.635026454925537
12,100,8.75,none,3,449,92.140625,124.65625,0.0,6.328125,-4.541537284851074
12,100,8.75,none,3,450,93.5625,125.203125,0.0,5.609375,-4.0096354484558105
12,100,8.75,none,3,451,96.15625,124.15625,0.0,5.890625,-4.70664119720459
12,100,8.75,none,3,452,92.0,125.46875,0.0,6.015625,-3.825260639190674
12,100,8.75,none,3,453,94.59375,123.171875,0.0,6.046875,-4.741016387939453
12,100,8.75,none,3,454,93.3125,124.640625,0.0,5.46875,-4.5578131675720215
12,100,8.75,none,3,455,94.203125,125.140625,0.0,5.34375,-4.259765625
12,100,8.75,none,3,456,94.796875,125.90625,0.0,5.875,-4.482031345367432
12,100,8.75,none,3,457,95.1875,123.40625,0.0,5.46875,-4.78867244720459
12,100,8.75,none,3,458,93.34375,123.0625,0.0,5.546875,-4.207812786102295
12,100,8.75,none,3,459,96.46875,122.625,0.0,5.21875,-5.010286808013916
12,100,8.75,none,3,460,95.015625,123.28125,0.0,5.796875,-4.968880653381348
12,100,8.75,none,3,461,92.734375,123.296875,0.0,6.015625,-4.550651550292969
12,100,8.75,none,3,462,93.59375,122.796875,0.0,5.859375,-4.646484375
12,100,8.75,none,3,463,96.65625,124.34375,0.0,5.234375,-4.731640815734863
12,100,8.75,none,3,464,92.28125,123.609375,0.0,5.390625,-4.17539119720459
12,100,8.75,none,3,465,94.578125,125.8125,0.0,5.8125,-3.8915367126464844
12,100,8.75,none,3,466,94.578125,124.09375,0.0,5.171875,-4.370573043823242
12,100,8.75,none,3,467,93.6875,124.296875,0.0,5.40625,-4.146224498748779
12,100,8.75,none,3,468,95.78125,124.953125,0.0,5.265625,-4.12851619720459
12,100,8.75,none,3,469,92.375,124.75,0.0,6.0,-4.027734756469727
12,100,8.75,none,3,470,94.515625,124.640625,0.0,5.40625,-4.114192962646484
12,100,8.75,none,3,471,94.03125,123.796875,0.0,5.6875,-4.309114933013916
12,100,8.75,none,3,472,93.484375,125.03125,0.0,5.390625,-3.7970054149627686
12,100,8.75,none,3,473,93.015625,124.25,0.0,5.296875,-4.4674482345581055
12,100,8.75,none,3,474,93.59375,124.765625,0.0,5.5,-3.8963541984558105
12,100,8.75,none,3,475,92.328125,125.078125,0.0,5.3125,-3.852604389190674
12,100,8.75,none,3,476,92.859375,124.734375,0.0,5.890625,-3.8832032680511475
12,100,8.75,none,3,477,91.953125,125.890625,0.0,5.21875,-3.4153647422790527
12,100,8.75,none,3,478,92.859375,124.84375,0.0,5.734375,-4.1490888595581055
12,100,8.75,none,3,479,95.296875,126.90625,0.0,5.40625,-4.10117244720459
12,100,8.75,none,3,480,93.515625,123.625,0.0,5.578125,-3.5319011211395264
12,100,8.75,none,3,481,94.046875,124.734375,0.0,5.375,-4.034635543823242
12,100,8.75,none,3,482,94.859375,122.6875,0.0,5.328125,-4.627734661102295
12,100,8.75,none,3,483,96.0625,123.828125,0.0,5.1875,-4.58359432220459
12,100,8.75,none,3,484,92.0625,126.265625,0.0,5.328125,-3.86328125
12,100,8.75,none,3,485,96.953125,124.375,0.0,4.890625,-4.405078411102295
12,100,8.75,none,3,486,95.515625,127.171875,0.0,5.15625,-4.337239742279053
12,100,8.75,none,3,487,96.265625,122.859375,0.0,5.125,-4.309635639190674
12,100,8.75,none,3,488,93.265625,125.671875,0.0,5.40625,-3.934114933013916
12,100,8.75,none,3,489,96.078125,125.375,0.0,5.265625,-3.965104579925537
12,100,8.75,none,3,490,94.5625,123.78125,0.0,5.265625,-4.09531307220459
12,100,8.75,none,3,491,92.484375,126.328125,0.0,5.453125,-3.868880271911621
12,100,8.75,none,3,492,93.484375,127.46875,0.0,5.328125,-3.569401264190674
12,100,8.75,none,3,493,93.875,124.359375,0.0,5.203125,-3.973437786102295
12,100,8.75,none,3,494,93.5,126.703125,0.0,4.4375,-3.602083206176758
12,100,8.75,none,3,495,94.46875,127.21875,0.0,5.078125,-3.9878909587860107
12,100,8.75,none,3,496,94.25,124.453125,0.0,5.375,-4.263932704925537
12,100,8.75,none,3,497,94.625,124.21875,0.0,5.34375,-3.9894533157348633
12,100,8.75,none,3,498,94.1875,126.3125,0.0,4.78125,-3.9417972564697266
12,100,8.75,none,3,499,93.78125,125.140625,0.0,5.28125,-4.092057228088379
12,100,8.75,none,3,500,94.296875,126.390625,0.0,5.1875,-4.11875057220459
12,100,8.75,none,3,501,94.5,126.84375,0.0,5.359375,-3.928255081176758
12,100,8.75,none,3,502,96.90625,124.84375,0.0,5.0625,-4.6119794845581055
12,100,8.75,none,3,503,95.1875,124.3125,0.0,4.859375,-4.2908854484558105
12,100,8.75,none,3,504,94.8125,126.5,0.0,4.46875,-3.9242191314697266
12,100,8.75,none,3,505,95.0,126.078125,0.0,4.625,-4.278125286102295
12,100,8.75,none,3,506,92.953125,129.140625,0.0,4.8125,-3.5626304149627686
12,100,8.75,none,3,507,93.5,126.4375,0.0,5.171875,-3.957812786102295
12,100,8.75,none,3,508,95.640625,125.265625,0.0,5.03125,-4.563281536102295
12,100,8.75,none,3,509,92.640625,125.546875,0.0,5.171875,-3.8453128337860107
12,100,8.75,none,3,510,97.296875,125.65625,0.0,4.65625,-4.579557418823242
12,100,8.75,none,3,511,94.125,128.9375,0.0,4.671875,-3.674870014190674
12,100,8.75,none,3,512,93.28125,126.3125,0.0,4.6875,-3.9894533157348633
12,100,8.75,none,3,513,92.15625,125.703125,0.0,4.609375,-3.6339845657348633
12,100,8.75,none,3,514,95.15625,125.96875,0.0,4.765625,-3.9178390502929688
12,100,8.75,none,3,515,91.84375,125.953125,0.0,4.921875,-3.851823329925537
12,100,8.75,none,3,516,94.765625,126.453125,0.0,4.921875,-3.9253909587860107
12,100,8.75,none,3,517,91.5,126.265625,0.0,4.859375,-3.4337241649627686
12,100,8.75,none,3,518,92.59375,126.3125,0.0,5.203125,-3.520573139190674
12,100,8.75,none,3,519,92.078125,124.984375,0.0,4.90625,-3.9200522899627686
12,100,8.75,none,3,520,92.453125,125.1875,0.0,5.0625,-3.7557291984558105
12,100,8.75,none,3,521,93.78125,125.796875,0.0,4.859375,-3.945833921432495
12,100,8.75,none,3,522,91.421875,125.5625,0.0,4.890625,-3.8761725425720215
12,100,8.75,none,3,523,91.15625,126.296875,0.0,4.875,-3.2673182487487793
12,100,8.75,none,3,524,91.859375,128.046875,0.0,4.65625,-3.603776454925537
12,100,8.75,none,3,525,93.03125,127.4375,0.0,4.40625,-3.6539065837860107
12,100,8.75,none,3,526,90.875,127.328125,0.0,5.171875,-3.3841147422790527
12,100,8.75,none,3,527,94.234375,124.046875,0.0,4.375,-4.263802528381348
12,100,8.75,none,3,528,93.140625,125.359375,0.0,4.515625,-3.523958683013916
12,100,8.75,none,3,529,94.75,124.40625,0.0,4.34375,-4.016927242279053
12,100,8.75,none,3,530,91.140625,128.0,0.0,4.6875,-3.0204429626464844
12,100,8.75,none,3,531,92.921875,128.71875,0.0,4.40625,-2.9920573234558105
12,100,8.75,none,3,532,90.75,128.203125,0.0,4.796875,-2.691406726837158
12,100,8.75,none,3,533,93.328125,125.96875,0.0,5.265625,-3.723176956176758
12,100,8.75,none,3,534,89.640625,126.34375,0.0,5.390625,-3.5182292461395264
12,100,8.75,none,3,535,92.328125,127.140625,0.0,5.140625,-3.3199214935302734
12,100,8.75,none,3,536,93.421875,125.75,0.0,4.5625,-3.8820319175720215
12,100,8.75,none,3,537,92.484375,127.90625,0.0,4.8125,-3.423046827316284
12,100,8.75,none,3,538,96.015625,125.484375,0.0,4.578125,-4.257291793823242
12,100,8.75,none,3,539,92.921875,127.0,0.0,4.96875,-3.6817710399627686
12,100,8.75,none,3,540,92.671875,125.21875,0.0,4.671875,-3.7751307487487793
12,100,8.75,none,3,541,93.328125,126.453125,0.0,4.609375,-3.128385543823242
12,100,8.75,none,3,542,95.265625,125.125,0.0,4.53125,-3.895052433013916
12,100,8.75,none,3,543,92.390625,126.34375,0.0,4.484375,-3.4532554149627686
12,100,8.75,none,3,544,93.015625,127.546875,0.0,4.5625,-3.1183595657348633
12,100,8.75,none,3,545,94.109375,126.53125,0.0,4.375,-3.3720054626464844
12,100,8.75,none,3,546,92.140625,127.65625,0.0,4.453125,-3.7320315837860107
12,100,8.75,none,3,547,90.625,129.765625,0.0,4.578125,-2.935547351837158
12,100,8.75,none,3,548,91.859375,129.15625,0.0,4.46875,-2.808073043823242
12,100,8.75,none,3,549,90.296875,127.0625,0.0,4.734375,-3.175781726837158
12,100,8.75,none,3,550,93.140625,127.640625,0.0,4.671875,-3.5875003337860107
12,100,8.75,none,3,551,91.203125,127.296875,0.0,4.109375,-3.4368491172790527
12,100,8.75,none,3,552,90.34375,128.65625,0.0,4.75,-3.385807752609253
12,100,8.75,none,3,553,92.03125,127.84375,0.0,4.796875,-3.3746097087860107
12,100,8.75,none,3,554,94.390625,127.421875,0.0,4.484375,-3.3981776237487793
12,100,8.75,none,3,555,94.984375,126.21875,0.0,3.921875,-3.687760829925537
12,100,8.75,none,3,556,94.921875,126.25,0.0,4.28125,-3.8817710876464844
12,100,8.75,none,3,557,92.5,126.40625,0.0,4.328125,-3.1097660064697266
12,100,8.75,none,3,558,94.796875,128.375,0.0,4.6875,-3.7632813453674316
12,100,8.75,none,3,559,95.203125,126.75,0.0,4.0625,-4.143620014190674
12,100,8.75,none,3,560,96.40625,126.875,0.0,4.03125,-3.905468702316284
12,100,8.75,none,3,561,95.78125,128.875,0.0,4.09375,-3.8988285064697266
12,100,8.75,none,3,562,93.078125,128.921875,0.0,4.171875,-3.2423179149627686
12,100,8.75,none,3,563,91.015625,126.75,0.0,4.609375,-3.6075522899627686
12,100,8.75,none,3,564,92.34375,127.125,0.0,4.515625,-3.654036521911621
12,100,8.75,none,3,565,91.875,127.84375,0.0,4.6875,-3.354948043823242
12,100,8.75,none,3,566,91.203125,127.453125,0.0,4.203125,-3.386198043823242
12,100,8.75,none,3,567,91.140625,127.40625,0.0,4.53125,-3.546354293823242
12,100,8.75,none,3,568,91.640625,128.484375,0.0,4.53125,-2.9850261211395264
12,100,8.75,none,3,569,91.390625,128.21875,0.0,4.1875,-3.281510829925537
12,100,8.75,none,3,570,90.65625,128.453125,0.0,4.28125,-2.9664065837860107
12,100,8.75,none,3,571,89.78125,129.546875,0.0,4.1875,-2.958984375
12,100,8.75,none,3,572,90.96875,129.5625,0.0,4.21875,-2.4208335876464844
12,100,8.75,none,3,573,93.9375,127.171875,0.0,4.3125,-3.542448043823242
12,100,8.75,none,3,574,91.421875,127.25,0.0,3.8125,-3.3009116649627686
12,100,8.75,none,3,575,93.53125,127.890625,0.0,4.515625,-3.548307418823242
12,100,8.75,none,3,576,92.265625,129.109375,0.0,4.78125,-3.2261722087860107
12,100,8.75,none,3,577,91.75,129.515625,0.0,4.5,-2.9566407203674316
12,100,8.75,none,3,578,91.625,127.5,0.0,4.34375,-2.5501303672790527
12,100,8.75,none,3,579,89.4375,127.71875,0.0,4.6875,-2.9923179149627686
12,100,8.75,none,3,580,95.171875,126.796875,0.0,4.125,-3.6778647899627686
12,100,8.75,none,3,581,93.25,126.375,0.0,4.25,-3.215625286102295
12,100,8.75,none,3,582,92.046875,127.125,0.0,4.5625,-3.2584636211395264
12,100,8.75,none,3,583,93.96875,130.46875,0.0,4.078125,-2.9414069652557373
12,100,8.75,none,3,584,96.140625,127.703125,0.0,4.171875,-3.9196619987487793
12,100,8.75,none,3,585,93.765625,128.6875,0.0,4.5625,-3.6231772899627686
12,100,8.75,none,3,586,94.71875,127.03125,0.0,4.03125,-3.8238282203674316
12,100,8.75,none,3,587,90.875,129.65625,0.0,3.828125,-2.4152345657348633
12,100,8.75,none,3,588,88.671875,128.75,0.0,4.15625,-2.219010353088379
12,100,8.75,none,3,589,93.1875,126.984375,0.0,3.90625,-3.022526264190674
12,100,8.75,none,3,590,90.5,127.953125,0.0,4.203125,-3.315234899520874
12,100,8.75,none,3,591,92.1875,127.796875,0.0,4.234375,-3.230729579925537
12,100,8.75,none,3,592,90.71875,129.828125,0.0,4.28125,-2.8665366172790527
12,100,8.75,none,3,593,92.921875,128.21875,0.0,4.234375,-2.9688806533813477
12,100,8.75,none,3,594,93.0625,129.921875,0.0,4.0,-2.8951826095581055
12,100,8.75,none,3,595,94.0625,127.265625,0.0,3.34375,-3.0531251430511475
12,100,8.75,none,3,596,93.265625,126.796875,0.0,4.40625,-3.2835938930511475
12,100,8.75,none,3,597,92.890625,128.453125,0.0,4.359375,-3.1473960876464844
12,100,8.75,none,3,598,93.578125,128.453125,0.0,3.8125,-3.2339847087860107
12,100,8.75,none,3,599,91.15625,129.484375,0.0,3.953125,-2.7960939407348633
12,100,8.75,none,3,600,93.59375,129.21875,0.0,3.84375,-2.8934898376464844
12,100,8.75,none,3,601,95.625,128.78125,0.0,4.4375,-3.210416555404663
12,100,8.75,none,3,602,92.8125,127.84375,0.0,3.953125,-3.2542972564697266
12,100,8.75,none,3,603,89.921875,128.90625,0.0,4.140625,-2.747396230697632
12,100,8.75,none,3,604,93.3125,126.921875,0.0,4.3125,-3.6265628337860107
12,100,8.75,none,3,605,91.890625,128.15625,0.0,4.09375,-2.6942710876464844
12,100,8.75,none,3,606,92.3125,129.21875,0.0,4.25,-3.2574222087860107
12,100,8.75,none,3,607,93.1875,128.484375,0.0,4.1875,-3.1731772422790527
12,100,8.75,none,3,608,90.921875,129.421875,0.0,4.65625,-2.856901168823242
12,100,8.75,none,3,609,92.265625,128.234375,0.0,4.28125,-3.0667972564697266
12,100,8.75,none,3,610,92.5,127.609375,0.0,4.484375,-3.3770835399627686
12,100,8.75,none,3,611,93.1875,127.53125,0.0,4.25,-3.2598960399627686
12,100,8.75,none,3,612,90.578125,129.9375,0.0,4.0,-3.084505558013916
12,100,8.75,none,3,613,92.140625,128.671875,0.0,3.484375,-2.294010639190674
12,100,8.75,none,3,614,89.203125,131.765625,0.0,3.859375,-2.4457032680511475
12,100,8.75,none,3,615,89.96875,128.890625,0.0,3.90625,-2.8871095180511475
12,100,8.75,none,3,616,90.765625,129.8125,0.0,3.828125,-2.698307514190674
12,100,8.75,none,3,617,90.671875,129.015625,0.0,3.75,-2.8170573711395264
12,100,8.75,none,3,618,90.359375,128.078125,0.0,3.90625,-3.1407554149627686
12,100,8.75,none,3,619,92.6875,128.234375,0.0,4.34375,-2.974349021911621
12,100,8.75,none,3,620,91.734375,128.234375,0.0,3.921875,-2.158203363418579
12,100,8.75,none,3,621,91.765625,129.359375,0.0,3.734375,-2.504687786102295
12,100,8.75,none,3,622,92.9375,128.765625,0.0,3.96875,-3.0290369987487793
12,100,8.75,none,3,623,91.78125,129.15625,0.0,3.890625,-2.943099021911621
12,100,8.75,none,3,624,93.796875,127.71875,0.0,3.75,-3.501432418823242
12,100,8.75,none,3,625,91.453125,129.0,0.0,3.390625,-2.904818058013916
12,100,8.75,none,3,626,88.46875,128.8125,0.0,4.15625,-2.51171875
12,100,8.75,none,3,627,91.765625,131.0625,0.0,4.140625,-2.9450526237487793
12,100,8.75,none,3,628,93.8125,128.203125,0.0,3.796875,-3.3048179149627686
12,100,8.75,none,3,629,93.03125,128.78125,0.0,4.015625,-3.0345053672790527
12,100,8.75,none,3,630,87.84375,128.59375,0.0,3.5625,-2.506119966506958
12,100,8.75,none,3,631,92.84375,127.46875,0.0,3.75,-2.979557514190674
12,100,8.75,none,3,632,94.296875,128.578125,0.0,3.609375,-3.1539058685302734
12,100,8.75,none,3,633,94.609375,129.609375,0.0,3.984375,-3.0985679626464844
12,100,8.75,none,3,634,93.71875,129.09375,0.0,3.71875,-3.288281202316284
12,100,8.75,none,3,635,93.703125,129.46875,0.0,3.40625,-3.3075523376464844
12,100,8.75,none,3,636,94.625,130.546875,0.0,3.84375,-3.233463764190674
12,100,8.75,none,3,637,92.25,129.125,0.0,3.5,-3.1363284587860107
12,100,8.75,none,3,638,92.796875,130.53125,0.0,3.4375,-2.8239588737487793
12,100,8.75,none,3,639,90.28125,132.984375,0.0,3.703125,-2.317187786102295
12,100,8.75,none,3,640,90.46875,131.34375,0.0,4.09375,-2.7395834922790527
12,100,8.75,none,3,641,92.640625,130.1875,0.0,3.28125,-2.915494918823242
12,100,8.75,none,3,642,89.796875,130.703125,0.0,3.4375,-2.410416603088379
12,100,8.75,none,3,643,93.234375,131.328125,0.0,3.1875,-2.8182294368743896
12,100,8.75,none,3,644,93.03125,130.234375,0.0,3.625,-3.1595053672790527
12,100,8.75,none,3,645,94.015625,130.546875,0.0,3.34375,-3.0858075618743896
12,100,8.75,none,3,646,91.3125,132.3125,0.0,3.5,-2.3958334922790527
12,100,8.75,none,3,647,92.046875,129.953125,0.0,3.5,-2.510026454925537
12,100,8.75,none,3,648,90.0625,130.390625,0.0,3.328125,-2.560286521911621
12,100,8.75,none,3,649,91.453125,131.25,0.0,3.65625,-3.314973831176758
12,100,8.75,none,3,650,92.359375,130.453125,0.0,3.71875,-2.9122397899627686
12,100,8.75,none,3,651,93.296875,132.59375,0.0,3.359375,-2.484635829925537
12,100,8.75,none,3,652,92.078125,128.6875,0.0,3.875,-2.571354389190674
12,100,8.75,none,3,653,90.0625,131.046875,0.0,3.40625,-2.269010543823242
12,100,8.75,none,3,654,93.0625,130.984375,0.0,3.5,-2.774219036102295
12,100,8.75,none,3,655,93.03125,132.0,0.0,3.609375,-2.5216147899627686
12,100,8.75,none,3,656,89.984375,130.875,0.0,3.640625,-2.468750476837158
12,100,8.75,none,3,657,90.96875,130.875,0.0,3.390625,-2.3326823711395264
12,100,8.75,none,3,658,94.328125,128.796875,0.0,3.40625,-3.1669270992279053
12,100,8.75,none,3,659,91.375,129.296875,0.0,3.46875,-2.3453125953674316
12,100,8.75,none,3,660,93.875,129.671875,0.0,3.4375,-3.322005271911621
12,100,8.75,none,3,661,91.796875,131.40625,0.0,3.71875,-3.071094036102295
12,100,8.75,none,3,662,94.375,131.1875,0.0,3.265625,-3.2108073234558105
12,100,8.75,none,3,663,91.078125,130.53125,0.0,3.453125,-2.697005271911621
12,100,8.75,none,3,664,91.6875,130.28125,0.0,3.765625,-2.6759116649627686
12,100,8.75,none,3,665,93.015625,131.78125,0.0,3.453125,-2.7718749046325684
12,100,8.75,none,3,666,90.734375,133.140625,0.0,4.109375,-2.3895835876464844
12,100,8.75,none,3,667,92.078125,131.34375,0.0,3.546875,-2.599609375
12,100,8.75,none,3,668,90.921875,131.34375,0.0,3.40625,-2.221484661102295
12,100,8.75,none,3,669,92.875,131.90625,0.0,3.5,-2.8026044368743896
12,100,8.75,none,3,670,93.15625,131.328125,0.0,2.828125,-2.931119680404663
12,100,8.75,none,3,671,91.03125,132.6875,0.0,3.15625,-2.113802433013916
12,100,8.75,none,3,672,93.25,129.171875,0.0,3.171875,-2.9147136211395264
12,100,8.75,none,3,673,90.953125,132.078125,0.0,3.46875,-2.658724308013916
12,100,8.75,none,3,674,92.421875,132.5625,0.0,3.125,-3.086458206176758
12,100,8.75,none,3,675,91.796875,132.984375,0.0,3.34375,-2.3433594703674316
12,100,8.75,none,3,676,90.578125,133.046875,0.0,3.34375,-2.6223959922790527
12,100,8.75,none,3,677,88.65625,130.6875,0.0,3.484375,-2.151432514190674
12,100,8.75,none,3,678,91.078125,131.703125,0.0,3.546875,-2.4000000953674316
12,100,8.75,none,3,679,92.0625,130.75,0.0,3.65625,-2.6942710876464844
12,100,8.75,none,3,680,91.015625,129.625,0.0,2.96875,-2.3148438930511475
12,100,8.75,none,3,681,90.78125,129.59375,0.0,3.359375,-2.6139323711395264
12,100,8.75,none,3,682,88.984375,131.390625,0.0,3.3125,-2.2777345180511475
12,100,8.75,none,3,683,93.078125,130.484375,0.0,3.359375,-2.924999952316284
12,100,8.75,none,3,684,94.578125,129.8125,0.0,3.15625,-3.0641932487487793
12,100,8.75,none,3,685,91.28125,132.515625,0.0,3.296875,-2.3040366172790527
12,100,8.75,none,3,686,92.6875,132.171875,0.0,3.1875,-2.961197853088379
12,100,8.75,none,3,687,89.109375,132.96875,0.0,3.421875,-2.2958335876464844
12,100,8.75,none,3,688,92.390625,131.984375,0.0,3.265625,-2.394792079925537
12,100,8.75,none,3,689,92.625,131.59375,0.0,3.375,-2.943359375
12,100,8.75,none,3,690,93.1875,133.28125,0.0,3.140625,-2.6028645038604736
12,100,8.75,none,3,691,92.671875,131.9375,0.0,3.421875,-2.9503908157348633
12,100,8.75,none,3,692,92.265625,132.1875,0.0,3.15625,-2.2235679626464844
12,100,8.75,none,3,693,93.4375,132.265625,0.0,3.1875,-2.730729103088379
12,100,8.75,none,3,694,92.34375,130.71875,0.0,3.140625,-2.6457033157348633
12,100,8.75,none,3,695,91.296875,133.78125,0.0,3.25,-2.471484422683716
12,100,8.75,none,3,696,92.265625,132.3125,0.0,3.34375,-2.315885543823242
12,100,8.75,none,3,697,92.03125,133.65625,0.0,3.046875,-2.235156536102295
12,100,8.75,none,3,698,90.46875,132.265625,0.0,3.03125,-1.6739585399627686
12,100,8.75,none,3,699,91.140625,133.921875,0.0,3.328125,-2.2076823711395264
12,100,8.75,none,3,700,91.296875,132.71875,0.0,3.046875,-2.3167970180511475
12,100,8.75,none,3,701,90.359375,132.953125,0.0,3.171875,-2.286198139190674
12,100,8.75,none,3,702,90.0625,130.828125,0.0,3.28125,-2.4588544368743896
12,100,8.75,none,3,703,91.828125,131.8125,0.0,2.84375,-2.112370014190674
12,100,8.75,none,3,704,93.046875,132.3125,0.0,3.5,-2.611849069595337
12,100,8.75,none,3,705,91.515625,133.765625,0.0,3.390625,-2.022916793823242
12,100,8.75,none,3,706,92.0625,130.203125,0.0,2.65625,-2.4256510734558105
12,100,8.75,none,3,707,92.234375,131.984375,0.0,3.234375,-2.602994680404663
12,100,8.75,none,3,708,94.015625,130.390625,0.0,3.203125,-2.7652347087860107
12,100,8.75,none,3,709,93.703125,130.75,0.0,3.28125,-2.4557290077209473
12,100,8.75,none,3,710,93.640625,132.484375,0.0,2.765625,-2.510547161102295
12,100,8.75,none,3,711,93.46875,132.546875,0.0,2.9375,-2.52734375
12,100,8.75,none,3,712,91.125,133.078125,0.0,3.265625,-2.271484375
12,100,8.75,none,3,713,90.203125,132.328125,0.0,3.1875,-2.227734327316284
12,100,8.75,none,3,714,92.5625,133.234375,0.0,3.34375,-2.749218702316284
12,100,8.75,none,3,715,91.859375,130.90625,0.0,3.015625,-2.4259116649627686
12,100,8.75,none,3,716,91.453125,133.109375,0.0,3.140625,-2.811979293823242
12,100,8.75,none,3,717,91.046875,130.796875,0.0,3.484375,-2.4661459922790527
12,100,8.75,none,3,718,93.625,132.09375,0.0,2.90625,-2.764713764190674
12,100,8.75,none,3,719,92.734375,132.703125,0.0,3.046875,-2.3739585876464844
12,100,8.75,none,3,720,91.40625,135.6875,0.0,2.84375,-1.9516925811767578
12,100,8.75,none,3,721,92.3125,133.75,0.0,3.0,-2.343229293823242
12,100,8.75,none,3,722,93.0,132.984375,0.0,2.734375,-1.9893229007720947
12,100,8.75,none,3,723,92.328125,133.546875,0.0,3.234375,-2.2799479961395264
12,100,8.75,none,3,724,91.765625,131.53125,0.0,3.328125,-2.5868492126464844
12,100,8.75,none,3,725,91.84375,132.140625,0.0,3.25,-1.8777345418930054
12,100,8.75,none,3,726,92.296875,134.1875,0.0,2.75,-2.008854389190674
12,100,8.75,none,3,727,91.328125,131.6875,0.0,3.28125,-1.9385417699813843
12,100,8.75,none,3,728,94.15625,131.6875,0.0,2.921875,-2.494401216506958
12,100,8.75,none,3,729,90.734375,131.140625,0.0,3.140625,-1.5704429149627686
12,100,8.75,none,3,730,94.0625,134.515625,0.0,2.84375,-1.8658854961395264
12,100,8.75,none,3,731,88.9375,134.328125,0.0,3.390625,-1.435546875
12,100,8.75,none,3,732,91.640625,133.6875,0.0,2.828125,-1.8260419368743896
12,100,8.75,none,3,733,92.25,133.125,0.0,2.75,-2.0204427242279053
12,100,8.75,none,3,734,92.859375,134.484375,0.0,2.875,-2.263151168823242
12,100,8.75,none,3,735,90.265625,132.71875,0.0,2.75,-1.5084636211395264
12,100,8.75,none,3,736,91.15625,133.203125,0.0,2.96875,-1.8809897899627686
12,100,8.75,none,3,737,90.0625,135.609375,0.0,2.96875,-1.5497397184371948
12,100,8.75,none,3,738,90.84375,135.953125,0.0,2.703125,-1.269270896911621
12,100,8.75,none,3,739,91.5,132.265625,0.0,3.03125,-2.322005271911621
12,100,8.75,none,3,740,91.890625,135.296875,0.0,2.671875,-1.929557204246521
12,100,8.75,none,3,741,89.140625,133.609375,0.0,2.84375,-1.5611979961395264
12,100,8.75,none,3,742,93.359375,132.828125,0.0,2.875,-2.3483073711395264
12,100,8.75,none,3,743,91.21875,134.15625,0.0,3.09375,-1.8412760496139526
12,100,8.75,none,3,744,89.546875,134.765625,0.0,2.8125,-1.6126302480697632
12,100,8.75,none,3,745,90.4375,134.609375,0.0,3.1875,-1.828125
12,100,8.75,none,3,746,90.53125,134.46875,0.0,3.40625,-2.0582032203674316
12,100,8.75,none,3,747,89.265625,132.828125,0.0,2.984375,-1.707291603088379
12,100,8.75,none,3,748,90.28125,134.0,0.0,3.3125,-1.677994728088379
12,100,8.75,none,3,749,92.171875,132.71875,0.0,2.828125,-2.041797161102295
12,100,8.75,none,3,750,90.0625,134.84375,0.0,2.90625,-1.724609613418579
12,100,8.75,none,3,751,92.515625,133.1875,0.0,2.71875,-2.6184897422790527
12,100,8.75,none,3,752,88.46875,135.171875,0.0,2.8125,-1.4873698949813843
12,100,8.75,none,3,753,90.890625,134.65625,0.0,3.203125,-1.6787761449813843
12,100,8.75,none,3,754,88.359375,134.625,0.0,3.125,-1.6424481868743896
12,100,8.75,none,3,755,89.890625,132.640625,0.0,2.625,-2.108463764190674
12,100,8.75,none,3,756,89.3125,135.96875,0.0,2.765625,-1.087630271911621
12,100,8.75,none,3,757,91.15625,135.921875,0.0,2.34375,-1.4498698711395264
12,100,8.75,none,3,758,91.203125,133.5625,0.0,2.828125,-1.8807294368743896
12,100,8.75,none,3,759,89.953125,134.265625,0.0,2.375,-1.7277344465255737
12,100,8.75,none,3,760,91.765625,133.65625,0.0,2.859375,-1.5078123807907104
12,100,8.75,none,3,761,93.5625,132.453125,0.0,3.015625,-2.2962241172790527
12,100,8.75,none,3,762,90.953125,134.375,0.0,2.78125,-1.5562500953674316
12,100,8.75,none,3,763,90.65625,134.5,0.0,3.140625,-1.5699219703674316
12,100,8.75,none,3,764,91.453125,134.203125,0.0,3.0,-1.550520896911621
12,100,8.75,none,3,765,89.703125,135.046875,0.0,2.390625,-1.0550782680511475
12,100,8.75,none,3,766,92.453125,133.453125,0.0,2.859375,-2.0960936546325684
12,100,8.75,none,3,767,89.53125,133.4375,0.0,2.796875,-1.7289061546325684
12,100,8.75,none,3,768,91.015625,135.046875,0.0,2.484375,-1.775130271911621
12,100,8.75,none,3,769,89.90625,135.375,0.0,2.796875,-1.4513019323349
12,100,8.75,none,3,770,90.125,136.046875,0.0,2.453125,-1.468489408493042
12,100,8.75,none,3,771,91.328125,133.453125,0.0,2.40625,-2.0384116172790527
12,100,8.75,none,3,772,92.671875,134.546875,0.0,2.640625,-1.9088542461395264
12,100,8.75,none,3,773,89.78125,134.921875,0.0,2.984375,-1.6519534587860107
12,100,8.75,none,3,774,90.515625,136.578125,0.0,2.3125,-1.0626301765441895
12,100,8.75,none,3,775,91.0625,136.6875,0.0,2.625,-1.3861979246139526
12,100,8.75,none,3,776,91.09375,132.671875,0.0,2.859375,-1.6664063930511475
12,100,8.75,none,3,777,88.265625,135.34375,0.0,2.78125,-0.8319010138511658
12,100,8.75,none,3,778,88.75,135.046875,0.0,2.515625,-1.296744704246521
12,100,8.75,none,3,779,91.28125,134.171875,0.0,2.8125,-1.953125
12,100,8.75,none,3,780,91.890625,134.0,0.0,2.71875,-1.306640863418579
12,100,8.75,none,3,781,89.03125,135.359375,0.0,2.875,-1.2277344465255737
12,100,8.75,none,3,782,89.546875,136.3125,0.0,2.5,-0.6661458015441895
12,100,8.75,none,3,783,89.8125,136.609375,0.0,2.5,-1.2335937023162842
12,100,8.75,none,3,784,89.28125,135.84375,0.0,2.671875,-0.9601563215255737
12,100,8.75,none,3,785,91.078125,137.328125,0.0,2.34375,-1.2342449426651
12,100,8.75,none,3,786,89.90625,135.578125,0.0,2.828125,-1.4365886449813843
12,100,8.75,none,3,787,91.65625,134.65625,0.0,2.546875,-1.5790364742279053
12,100,8.75,none,3,788,90.609375,134.96875,0.0,2.921875,-1.258333444595337
12,100,8.75,none,3,789,92.1875,133.0,0.0,2.734375,-1.7338541746139526
12,100,8.75,none,3,790,90.0625,134.6875,0.0,2.53125,-1.4757812023162842
12,100,8.75,none,3,791,89.46875,134.84375,0.0,2.46875,-1.1709635257720947
12,100,8.75,none,3,792,90.859375,135.734375,0.0,3.03125,-1.583593726158142
12,100,8.75,none,3,793,91.234375,136.03125,0.0,2.375,-1.309114694595337
12,100,8.75,none,3,794,92.609375,134.390625,0.0,2.515625,-1.6178386211395264
12,100,8.75,none,3,795,89.859375,134.984375,0.0,2.46875,-1.1535155773162842
12,100,8.75,none,3,796,93.40625,132.9375,0.0,2.46875,-1.7337239980697632
12,100,8.75,none,3,797,92.453125,134.359375,0.0,2.78125,-1.5807290077209473
12,100,8.75,none,3,798,92.84375,136.609375,0.0,2.125,-1.2679688930511475
12,100,8.75,none,3,799,88.03125,136.046875,0.0,2.59375,-1.4446614980697632
12,100,8.75,none,4,0,59.078125,60.15625,0.0,40.671875,-13.468099594116211
12,100,8.75,none,4,1,55.671875,62.78125,0.0,40.984375,-12.789451599121094
12,100,8.75,none,4,2,56.6875,62.484375,0.0,40.609375,-13.136068344116211
12,100,8.75,none,4,3,59.46875,61.84375,0.0,40.90625,-13.22968864440918
12,100,8.75,none,4,4,57.703125,64.1875,0.0,40.15625,-12.840887069702148
12,100,8.75,none,4,5,57.78125,63.390625,0.0,39.109375,-12.702604293823242
12,100,8.75,none,4,6,59.46875,63.25,0.0,39.796875,-13.080337524414062
12,100,8.75,none,4,7,59.796875,65.21875,0.0,39.0,-12.97773551940918
12,100,8.75,none,4,8,61.234375,65.578125,0.0,37.921875,-12.592967987060547
12,100,8.75,none,4,9,61.203125,67.5625,0.0,36.453125,-12.139192581176758
12,100,8.75,none,4,10,65.3125,68.265625,0.0,36.390625,-12.785937309265137
12,100,8.75,none,4,11,67.5625,71.625,0.0,36.0625,-12.4170560836792
12,100,8.75,none,4,12,70.578125,72.375,0.0,34.640625,-12.916927337646484
12,100,8.75,none,4,13,69.203125,74.421875,0.0,34.5,-12.446874618530273
12,100,8.75,none,4,14,71.65625,77.8125,0.0,33.90625,-11.975650787353516
12,100,8.75,none,4,15,74.25,78.625,0.0,31.859375,-12.073046684265137
12,100,8.75,none,4,16,78.984375,78.765625,0.0,30.3125,-12.116927146911621
12,100,8.75,none,4,17,78.875,79.8125,0.0,29.9375,-12.074870109558105
12,100,8.75,none,4,18,81.328125,83.890625,0.0,29.296875,-12.053645133972168
12,100,8.75,none,4,19,83.578125,82.25,0.0,28.203125,-12.320182800292969
12,100,8.75,none,4,20,84.765625,84.546875,0.0,27.640625,-11.851823806762695
12,100,8.75,none,4,21,86.859375,85.265625,0.0,26.75,-12.011589050292969
12,100,8.75,none,4,22,87.265625,85.515625,0.0,25.1875,-11.812240600585938
12,100,8.75,none,4,23,89.046875,87.984375,0.0,23.6875,-11.379557609558105
12,100,8.75,none,4,24,91.140625,89.140625,0.0,24.046875,-11.547396659851074
12,100,8.75,none,4,25,91.65625,89.953125,0.0,23.296875,-11.193359375
12,100,8.75,none,4,26,90.234375,93.703125,0.0,22.34375,-10.692317962646484
12,100,8.75,none,4,27,90.703125,91.5,0.0,21.421875,-10.637760162353516
12,100,8.75,none,4,28,93.71875,95.625,0.0,22.34375,-11.127604484558105
12,100,8.75,none,4,29,92.03125,96.546875,0.0,21.0625,-10.567708969116211
12,100,8.75,none,4,30,91.921875,97.5,0.0,21.578125,-9.91796875
12,100,8.75,none,4,31,91.796875,97.28125,0.0,20.609375,-9.89765739440918
12,100,8.75,none,4,32,94.46875,96.578125,0.0,21.0625,-10.829817771911621
12,100,8.75,none,4,33,94.921875,99.75,0.0,19.546875,-10.390364646911621
12,100,8.75,none,4,34,95.96875,96.625,0.0,19.4375,-10.285026550292969
12,100,8.75,none,4,35,97.09375,97.234375,0.0,19.0625,-10.886458396911621
12,100,8.75,none,4,36,94.640625,97.59375,0.0,20.140625,-10.465234756469727
12,100,8.75,none,4,37,95.5,95.71875,0.0,19.078125,-10.272135734558105
12,100,8.75,none,4,38,97.53125,95.0625,0.0,19.9375,-10.90585994720459
12,100,8.75,none,4,39,93.515625,96.875,0.0,18.265625,-10.117578506469727
12,100,8.75,none,4,40,93.359375,93.09375,0.0,20.265625,-10.582552909851074
12,100,8.75,none,4,41,95.71875,97.03125,0.0,19.578125,-10.080469131469727
12,100,8.75,none,4,42,97.796875,95.21875,0.0,18.484375,-10.982681274414062
12,100,8.75,none,4,43,94.140625,95.84375,0.0,18.828125,-10.674220085144043
12,100,8.75,none,4,44,92.796875,97.015625,0.0,19.859375,-10.063932418823242
12,100,8.75,none,4,45,93.375,97.265625,0.0,20.390625,-10.153776168823242
12,100,8.75,none,4,46,93.484375,96.734375,0.0,20.375,-10.250782012939453
12,100,8.75,none,4,47,93.015625,100.28125,0.0,19.1875,-9.740365028381348
12,100,8.75,none,4,48,95.4375,99.234375,0.0,20.5625,-10.4931001663208
12,100,8.75,none,4,49,93.171875,97.359375,0.0,20.171875,-10.281641006469727
12,100,8.75,none,4,50,92.1875,101.515625,0.0,20.3125,-10.095312118530273
12,100,8.75,none,4,51,91.453125,99.265625,0.0,20.3125,-9.705598831176758
12,100,8.75,none,4,52,95.796875,101.28125,0.0,20.1875,-10.327474594116211
12,100,8.75,none,4,53,92.53125,101.609375,0.0,21.125,-9.960156440734863
12,100,8.75,none,4,54,94.125,100.15625,0.0,21.078125,-10.25742244720459
12,100,8.75,none,4,55,94.59375,98.03125,0.0,21.078125,-10.984375
12,100,8.75,none,4,56,92.03125,100.203125,0.0,21.203125,-10.303255081176758
12,100,8.75,none,4,57,90.4375,99.5,0.0,21.375,-9.826302528381348
12,100,8.75,none,4,58,90.828125,99.046875,0.0,21.328125,-10.008073806762695
12,100,8.75,none,4,59,89.453125,100.359375,0.0,22.296875,-9.819271087646484
12,100,8.75,none,4,60,91.515625,100.21875,0.0,21.328125,-9.746745109558105
12,100,8.75,none,4,61,89.984375,101.65625,0.0,22.140625,-9.868490219116211
12,100,8.75,none,4,62,92.53125,99.828125,0.0,20.765625,-10.045963287353516
12,100,8.75,none,4,63,92.3125,101.15625,0.0,21.21875,-10.14453125
12,100,8.75,none,4,64,92.84375,100.640625,0.0,21.734375,-10.302734375
12,100,8.75,none,4,65,93.671875,100.578125,0.0,22.296875,-10.421224594116211
12,100,8.75,none,4,66,91.0,97.6875,0.0,21.703125,-9.84882926940918
12,100,8.75,none,4,67,90.65625,100.609375,0.0,21.4375,-9.717708587646484
12,100,8.75,none,4,68,93.609375,101.859375,0.0,21.390625,-10.623827934265137
12,100,8.75,none,4,69,92.078125,98.796875,0.0,22.5625,-10.181640625
12,100,8.75,none,4,70,92.953125,98.875,0.0,22.109375,-10.622396469116211
12,100,8.75,none,4,71,91.390625,99.65625,0.0,23.0625,-10.252214431762695
12,100,8.75,none,4,72,91.546875,100.875,0.0,21.984375,-10.092057228088379
12,100,8.75,none,4,73,91.53125,100.140625,0.0,22.0625,-10.42578125
12,100,8.75,none,4,74,90.46875,102.734375,0.0,22.21875,-9.851041793823242
12,100,8.75,none,4,75,90.546875,102.96875,0.0,22.09375,-9.721744537353516
12,100,8.75,none,4,76,92.96875,101.53125,0.0,22.640625,-10.328125
12,100,8.75,none,4,77,92.40625,101.59375,0.0,22.359375,-10.264062881469727
12,100,8.75,none,4,78,92.796875,100.375,0.0,21.96875,-10.395963668823242
12,100,8.75,none,4,79,93.859375,99.625,0.0,22.109375,-10.534895896911621
12,100,8.75,none,4,80,94.609375,99.328125,0.0,21.828125,-10.668489456176758
12,100,8.75,none,4,81,92.203125,102.6875,0.0,22.515625,-10.656510353088379
12,100,8.75,none,4,82,90.5,100.8125,0.0,22.53125,-10.127344131469727
12,100,8.75,none,4,83,92.046875,100.140625,0.0,21.921875,-10.19296932220459
12,100,8.75,none,4,84,91.125,101.03125,0.0,22.25,-10.240234375
12,100,8.75,none,4,85,92.640625,102.015625,0.0,22.71875,-10.295702934265137
12,100,8.75,none,4,86,94.96875,99.703125,0.0,21.09375,-10.299609184265137
12,100,8.75,none,4,87,94.171875,100.609375,0.0,22.46875,-10.747264862060547
12,100,8.75,none,4,88,92.1875,102.15625,0.0,21.453125,-9.948567390441895
12,100,8.75,none,4,89,91.390625,101.0,0.0,21.5625,-9.731901168823242
12,100,8.75,none,4,90,94.890625,100.71875,0.0,21.34375,-10.523046493530273
12,100,8.75,none,4,91,93.59375,101.3125,0.0,20.90625,-10.522265434265137
12,100,8.75,none,4,92,93.875,101.03125,0.0,20.90625,-10.09726619720459
12,100,8.75,none,4,93,91.75,102.28125,0.0,21.46875,-10.063411712646484
12,100,8.75,none,4,94,90.84375,102.0625,0.0,21.578125,-9.821353912353516
12,100,8.75,none,4,95,92.171875,102.4375,0.0,21.625,-9.844922065734863
12,100,8.75,none,4,96,92.75,101.90625,0.0,21.421875,-10.172786712646484
12,100,8.75,none,4,97,92.4375,103.953125,0.0,20.296875,-9.735286712646484
12,100,8.75,none,4,98,93.734375,102.9375,0.0,20.390625,-10.107421875
12,100,8.75,none,4,99,93.28125,102.75,0.0,21.015625,-9.853515625
12,100,8.75,none,4,100,93.84375,104.9375,0.0,19.9375,-9.846354484558105
12,100,8.75,none,4,101,94.59375,100.921875,0.0,21.4375,-10.570833206176758
12,100,8.75,none,4,102,93.671875,103.203125,0.0,19.75,-9.974088668823242
12,100,8.75,none,4,103,90.46875,103.34375,0.0,20.84375,-9.577343940734863
12,100,8.75,none,4,104,94.34375,104.078125,0.0,19.8125,-9.858202934265137
12,100,8.75,none,4,105,92.5625,103.203125,0.0,20.03125,-10.009244918823242
12,100,8.75,none,4,106,92.484375,103.609375,0.0,21.203125,-10.101692199707031
12,100,8.75,none,4,107,92.78125,105.09375,0.0,20.03125,-9.493099212646484
12,100,8.75,none,4,108,93.4375,102.75,0.0,19.234375,-9.722005844116211
12,100,8.75,none,4,109,94.234375,103.859375,0.0,19.703125,-9.534895896911621
12,100,8.75,none,4,110,90.078125,106.09375,0.0,19.78125,-9.329166412353516
12,100,8.75,none,4,111,92.640625,104.671875,0.0,19.828125,-9.679427146911621
12,100,8.75,none,4,112,92.203125,104.796875,0.0,20.078125,-10.014453887939453
12,100,8.75,none,4,113,91.359375,104.53125,0.0,18.96875,-9.294271469116211
12,100,8.75,none,4,114,93.828125,105.015625,0.0,19.90625,-9.820573806762695
12,100,8.75,none,4,115,92.046875,107.875,0.0,19.390625,-8.960677146911621
12,100,8.75,none,4,116,92.390625,105.828125,0.0,19.734375,-9.898698806762695
12,100,8.75,none,4,117,94.109375,104.921875,0.0,17.46875,-9.722395896911621
12,100,8.75,none,4,118,92.125,105.765625,0.0,19.328125,-9.15937614440918
12,100,8.75,none,4,119,94.0,105.625,0.0,18.75,-9.526823043823242
12,100,8.75,none,4,120,92.734375,109.5,0.0,17.390625,-8.863932609558105
12,100,8.75,none,4,121,94.796875,105.40625,0.0,17.765625,-9.533464431762695
12,100,8.75,none,4,122,93.15625,106.359375,0.0,19.078125,-9.248307228088379
12,100,8.75,none,4,123,92.390625,106.953125,0.0,18.1875,-9.064323425292969
12,100,8.75,none,4,124,90.5625,107.5625,0.0,18.828125,-8.82421875
12,100,8.75,none,4,125,91.90625,107.734375,0.0,18.3125,-9.220832824707031
12,100,8.75,none,4,126,93.59375,107.4375,0.0,17.796875,-8.868228912353516
12,100,8.75,none,4,127,95.515625,104.453125,0.0,18.984375,-9.844401359558105
12,100,8.75,none,4,128,93.3125,109.390625,0.0,17.546875,-9.12890625
12,100,8.75,none,4,129,92.125,107.671875,0.0,18.4375,-9.130728721618652
12,100,8.75,none,4,130,92.296875,108.78125,0.0,17.765625,-8.760807037353516
12,100,8.75,none,4,131,93.203125,109.265625,0.0,18.03125,-8.904948234558105
12,100,8.75,none,4,132,93.53125,106.046875,0.0,17.4375,-8.769401550292969
12,100,8.75,none,4,133,93.078125,106.75,0.0,18.21875,-9.184375762939453
12,100,8.75,none,4,134,93.015625,108.28125,0.0,17.46875,-9.617448806762695
12,100,8.75,none,4,135,95.03125,105.90625,0.0,17.203125,-9.153125762939453
12,100,8.75,none,4,136,92.875,106.796875,0.0,17.890625,-8.897135734558105
12,100,8.75,none,4,137,92.34375,109.109375,0.0,17.328125,-8.358724594116211
12,100,8.75,none,4,138,91.703125,110.828125,0.0,17.34375,-8.095832824707031
12,100,8.75,none,4,139,94.984375,109.390625,0.0,16.8125,-9.248958587646484
12,100,8.75,none,4,140,93.78125,109.578125,0.0,17.625,-8.887109756469727
12,100,8.75,none,4,141,94.203125,109.6875,0.0,17.46875,-8.870964050292969
12,100,8.75,none,4,142,93.828125,108.296875,0.0,17.59375,-8.893489837646484
12,100,8.75,none,4,143,93.734375,109.0625,0.0,16.78125,-8.915365219116211
12,100,8.75,none,4,144,93.734375,111.046875,0.0,16.25,-8.517448425292969
12,100,8.75,none,4,145,95.671875,109.375,0.0,16.25,-8.662109375
12,100,8.75,none,4,146,93.234375,110.671875,0.0,16.46875,-8.236848831176758
12,100,8.75,none,4,147,91.015625,108.25,0.0,15.84375,-8.070182800292969
12,100,8.75,none,4,148,94.921875,109.0625,0.0,16.53125,-9.021224021911621
12,100,8.75,none,4,149,92.265625,109.484375,0.0,16.1875,-8.259765625
12,100,8.75,none,4,150,93.0625,109.796875,0.0,16.9375,-8.711849212646484
12,100,8.75,none,4,151,94.03125,109.46875,0.0,14.984375,-8.500651359558105
12,100,8.75,none,4,152,94.15625,107.8125,0.0,15.75,-8.829818725585938
12,100,8.75,none,4,153,96.84375,108.765625,0.0,15.296875,-8.74765682220459
12,100,8.75,none,4,154,97.296875,109.953125,0.0,14.828125,-8.428516387939453
12,100,8.75,none,4,155,94.9375,111.453125,0.0,15.5625,-8.10546875
12,100,8.75,none,4,156,93.53125,111.78125,0.0,15.4375,-8.138671875
12,100,8.75,none,4,157,96.421875,110.125,0.0,14.96875,-8.829036712646484
12,100,8.75,none,4,158,96.46875,109.125,0.0,15.125,-8.935417175292969
12,100,8.75,none,4,159,94.609375,109.8125,0.0,15.546875,-8.504688262939453
12,100,8.75,none,4,160,94.453125,110.21875,0.0,15.015625,-8.033724784851074
12,100,8.75,none,4,161,97.015625,110.09375,0.0,13.953125,-8.64218807220459
12,100,8.75,none,4,162,97.34375,110.484375,0.0,14.296875,-8.374349594116211
12,100,8.75,none,4,163,96.953125,110.921875,0.0,14.015625,-8.839714050292969
12,100,8.75,none,4,164,97.609375,111.109375,0.0,14.546875,-8.795183181762695
12,100,8.75,none,4,165,99.046875,109.3125,0.0,14.15625,-8.968229293823242
12,100,8.75,none,4,166,98.109375,111.09375,0.0,14.359375,-8.52890682220459
12,100,8.75,none,4,167,97.359375,110.453125,0.0,14.625,-8.622917175292969
12,100,8.75,none,4,168,98.1875,109.734375,0.0,13.6875,-8.762630462646484
12,100,8.75,none,4,169,97.96875,110.453125,0.0,14.34375,-9.050651550292969
12,100,8.75,none,4,170,95.078125,112.28125,0.0,14.296875,-8.072656631469727
12,100,8.75,none,4,171,94.859375,112.953125,0.0,13.578125,-7.590625286102295
12,100,8.75,none,4,172,95.78125,111.421875,0.0,14.703125,-8.172136306762695
12,100,8.75,none,4,173,95.0,111.234375,0.0,13.734375,-7.832422256469727
12,100,8.75,none,4,174,95.9375,112.53125,0.0,13.640625,-7.742969036102295
12,100,8.75,none,4,175,95.75,111.9375,0.0,14.640625,-8.40976619720459
12,100,8.75,none,4,176,97.671875,111.359375,0.0,14.015625,-8.163541793823242
12,100,8.75,none,4,177,97.609375,112.359375,0.0,14.109375,-8.746745109558105
12,100,8.75,none,4,178,95.8125,113.015625,0.0,13.71875,-8.355599403381348
12,100,8.75,none,4,179,96.140625,113.78125,0.0,14.1875,-7.822265625
12,100,8.75,none,4,180,95.328125,112.0625,0.0,13.453125,-8.382162094116211
12,100,8.75,none,4,181,93.484375,113.15625,0.0,14.46875,-7.730729579925537
12,100,8.75,none,4,182,96.234375,112.96875,0.0,13.359375,-8.141927719116211
12,100,8.75,none,4,183,95.625,111.765625,0.0,13.65625,-8.266536712646484
12,100,8.75,none,4,184,94.640625,115.90625,0.0,13.203125,-7.2791666984558105
12,100,8.75,none,4,185,94.5625,114.890625,0.0,13.015625,-7.407422065734863
12,100,8.75,none,4,186,95.046875,111.75,0.0,13.65625,-7.891666412353516
12,100,8.75,none,4,187,96.8125,112.28125,0.0,14.0,-8.275781631469727
12,100,8.75,none,4,188,96.953125,113.96875,0.0,12.171875,-7.261458396911621
12,100,8.75,none,4,189,94.09375,113.3125,0.0,12.296875,-7.9713544845581055
12,100,8.75,none,4,190,95.625,112.9375,0.0,12.625,-7.742448329925537
12,100,8.75,none,4,191,96.78125,113.375,0.0,13.078125,-8.030077934265137
12,100,8.75,none,4,192,96.65625,114.03125,0.0,12.5,-7.445443153381348
12,100,8.75,none,4,193,95.1875,115.53125,0.0,13.28125,-7.885937690734863
12,100,8.75,none,4,194,95.109375,113.765625,0.0,12.828125,-7.3963541984558105
12,100,8.75,none,4,195,94.9375,113.5,0.0,12.734375,-7.571224212646484
12,100,8.75,none,4,196,93.515625,114.15625,0.0,12.515625,-7.370051860809326
12,100,8.75,none,4,197,94.015625,115.5,0.0,12.65625,-7.200651168823242
12,100,8.75,none,4,198,95.890625,115.078125,0.0,12.96875,-7.6998701095581055
12,100,8.75,none,4,199,94.328125,114.796875,0.0,12.78125,-7.111198425292969
12,100,8.75,none,4,200,94.609375,114.078125,0.0,12.015625,-7.270442962646484
12,100,8.75,none,4,201,95.53125,113.828125,0.0,13.3125,-7.458984375
12,100,8.75,none,4,202,96.84375,117.265625,0.0,11.6875,-7.285026550292969
12,100,8.75,none,4,203,99.328125,113.265625,0.0,11.765625,-7.752474784851074
12,100,8.75,none,4,204,94.203125,114.984375,0.0,12.171875,-7.048047065734863
12,100,8.75,none,4,205,95.71875,114.71875,0.0,12.046875,-7.525390625
12,100,8.75,none,4,206,97.015625,115.015625,0.0,12.171875,-7.446224212646484
12,100,8.75,none,4,207,95.796875,114.484375,0.0,12.265625,-7.3346357345581055
12,100,8.75,none,4,208,96.40625,114.15625,0.0,13.359375,-7.543229579925537
12,100,8.75,none,4,209,97.078125,112.0625,0.0,11.953125,-7.476823329925537
12,100,8.75,none,4,210,95.5,115.703125,0.0,11.4375,-6.726693153381348
12,100,8.75,none,4,211,94.8125,115.921875,0.0,12.484375,-7.574609279632568
12,100,8.75,none,4,212,93.703125,114.640625,0.0,11.765625,-7.021484375
12,100,8.75,none,4,213,96.390625,115.34375,0.0,11.96875,-7.269011497497559
12,100,8.75,none,4,214,95.21875,115.046875,0.0,11.875,-7.0
12,100,8.75,none,4,215,95.609375,113.796875,0.0,11.875,-7.1209635734558105
12,100,8.75,none,4,216,98.34375,115.65625,0.0,11.4375,-7.4080729484558105
12,100,8.75,none,4,217,95.71875,116.3125,0.0,11.28125,-7.249479293823242
12,100,8.75,none,4,218,95.703125,115.28125,0.0,11.0,-6.756771087646484
12,100,8.75,none,4,219,95.015625,115.953125,0.0,10.796875,-6.74570369720459
12,100,8.75,none,4,220,95.25,118.046875,0.0,11.125,-7.114974021911621
12,100,8.75,none,4,221,94.9375,114.96875,0.0,11.015625,-6.973697662353516
12,100,8.75,none,4,222,94.859375,115.890625,0.0,11.375,-6.922786712646484
12,100,8.75,none,4,223,97.03125,116.203125,0.0,10.9375,-7.212109565734863
12,100,8.75,none,4,224,97.421875,114.3125,0.0,10.625,-7.212630271911621
12,100,8.75,none,4,225,94.9375,115.296875,0.0,11.40625,-7.091796875
12,100,8.75,none,4,226,94.6875,114.34375,0.0,11.3125,-7.302474021911621
12,100,8.75,none,4,227,95.578125,117.4375,0.0,10.796875,-6.818620204925537
12,100,8.75,none,4,228,95.078125,117.921875,0.0,11.078125,-6.7994794845581055
12,100,8.75,none,4,229,94.953125,117.34375,0.0,10.90625,-6.705078125
12,100,8.75,none,4,230,94.890625,116.0625,0.0,11.78125,-6.635807037353516
12,100,8.75,none,4,231,94.90625,116.546875,0.0,10.546875,-6.648177146911621
12,100,8.75,none,4,232,95.359375,115.984375,0.0,10.546875,-6.727603912353516
12,100,8.75,none,4,233,99.125,114.46875,0.0,10.34375,-7.799739837646484
12,100,8.75,none,4,234,93.34375,117.5625,0.0,11.453125,-6.6730475425720215
12,100,8.75,none,4,235,92.59375,119.34375,0.0,10.6875,-6.03671932220459
12,100,8.75,none,4,236,95.953125,117.8125,0.0,10.671875,-6.75937557220459
12,100,8.75,none,4,237,95.5625,117.875,0.0,10.171875,-6.653776168823242
12,100,8.75,none,4,238,92.34375,117.25,0.0,10.0625,-5.97265625
12,100,8.75,none,4,239,94.46875,116.890625,0.0,10.328125,-6.823307991027832
12,100,8.75,none,4,240,94.5625,118.796875,0.0,10.84375,-6.396354675292969
12,100,8.75,none,4,241,98.015625,115.921875,0.0,9.765625,-7.177734375
12,100,8.75,none,4,242,97.8125,117.703125,0.0,9.6875,-7.435417175292969
12,100,8.75,none,4,243,96.671875,117.984375,0.0,9.234375,-6.971484184265137
12,100,8.75,none,4,244,97.5,115.953125,0.0,9.890625,-7.065755367279053
12,100,8.75,none,4,245,95.640625,117.421875,0.0,9.84375,-6.683464050292969
12,100,8.75,none,4,246,97.703125,114.453125,0.0,10.046875,-7.497395992279053
12,100,8.75,none,4,247,97.328125,116.03125,0.0,10.171875,-7.119662284851074
12,100,8.75,none,4,248,97.03125,117.71875,0.0,10.3125,-6.652864456176758
12,100,8.75,none,4,249,96.0625,118.734375,0.0,10.296875,-6.86328125
12,100,8.75,none,4,250,95.90625,117.921875,0.0,10.1875,-6.709636211395264
12,100,8.75,none,4,251,96.4375,117.890625,0.0,9.921875,-6.31601619720459
12,100,8.75,none,4,252,94.765625,119.984375,0.0,10.453125,-6.157161235809326
12,100,8.75,none,4,253,95.984375,117.734375,0.0,10.546875,-6.911849498748779
12,100,8.75,none,4,254,95.609375,116.578125,0.0,10.046875,-6.555989742279053
12,100,8.75,none,4,255,97.265625,118.84375,0.0,9.296875,-6.766927242279053
12,100,8.75,none,4,256,97.203125,117.296875,0.0,10.109375,-6.837239742279053
12,100,8.75,none,4,257,94.5,118.875,0.0,9.625,-6.233073711395264
12,100,8.75,none,4,258,95.4375,118.5625,0.0,9.796875,-6.301171779632568
12,100,8.75,none,4,259,97.828125,117.453125,0.0,9.40625,-6.692317485809326
12,100,8.75,none,4,260,99.296875,117.6875,0.0,8.890625,-6.881900787353516
12,100,8.75,none,4,261,97.296875,118.15625,0.0,9.578125,-6.458463668823242
12,100,8.75,none,4,262,96.09375,119.3125,0.0,9.328125,-6.3117194175720215
12,100,8.75,none,4,263,94.75,119.765625,0.0,8.65625,-5.990104675292969
12,100,8.75,none,4,264,93.171875,119.359375,0.0,9.640625,-5.943099498748779
12,100,8.75,none,4,265,94.34375,120.703125,0.0,8.765625,-6.020051956176758
12,100,8.75,none,4,266,93.3125,118.5,0.0,9.0625,-5.806380271911621
12,100,8.75,none,4,267,95.75,119.28125,0.0,9.09375,-6.143619537353516
12,100,8.75,none,4,268,94.734375,118.1875,0.0,8.703125,-6.182942867279053
12,100,8.75,none,4,269,94.015625,121.171875,0.0,10.140625,-5.846744537353516
12,100,8.75,none,4,270,93.71875,117.546875,0.0,9.625,-6.229557037353516
12,100,8.75,none,4,271,94.328125,119.984375,0.0,9.046875,-6.077213287353516
12,100,8.75,none,4,272,94.3125,118.96875,0.0,9.28125,-6.151822566986084
12,100,8.75,none,4,273,96.328125,116.921875,0.0,9.328125,-6.336849212646484
12,100,8.75,none,4,274,96.03125,118.84375,0.0,9.328125,-6.3781256675720215
12,100,8.75,none,4,275,95.96875,119.328125,0.0,8.984375,-6.263020992279053
12,100,8.75,none,4,276,94.71875,119.5625,0.0,8.984375,-6.0006513595581055
12,100,8.75,none,4,277,94.3125,121.5625,0.0,9.515625,-6.307682037353516
12,100,8.75,none,4,278,93.5625,117.96875,0.0,8.96875,-6.073958396911621
12,100,8.75,none,4,279,93.765625,118.9375,0.0,8.859375,-5.456771373748779
12,100,8.75,none,4,280,96.296875,118.25,0.0,8.96875,-6.620964050292969
12,100,8.75,none,4,281,94.703125,119.671875,0.0,8.71875,-5.913411617279053
12,100,8.75,none,4,282,95.765625,121.234375,0.0,8.4375,-5.758203506469727
12,100,8.75,none,4,283,95.640625,120.3125,0.0,8.875,-5.780730247497559
12,100,8.75,none,4,284,95.640625,120.90625,0.0,8.328125,-5.718489646911621
12,100,8.75,none,4,285,94.296875,120.671875,0.0,8.875,-5.842187881469727
12,100,8.75,none,4,286,94.5,119.40625,0.0,8.671875,-6.177213668823242
12,100,8.75,none,4,287,93.453125,121.765625,0.0,8.59375,-5.5207037925720215
12,100,8.75,none,4,288,92.828125,120.34375,0.0,8.296875,-5.522916793823242
12,100,8.75,none,4,289,96.328125,118.34375,0.0,9.5,-6.104297161102295
12,100,8.75,none,4,290,92.6875,119.796875,0.0,9.5,-5.741406440734863
12,100,8.75,none,4,291,94.671875,121.09375,0.0,8.84375,-6.044661998748779
12,100,8.75,none,4,292,94.5625,119.015625,0.0,8.84375,-6.030468940734863
12,100,8.75,none,4,293,95.96875,117.328125,0.0,8.171875,-6.15000057220459
12,100,8.75,none,4,294,93.9375,118.421875,0.0,8.5625,-5.875260829925537
12,100,8.75,none,4,295,93.5,119.109375,0.0,8.40625,-5.813542366027832
12,100,8.75,none,4,296,94.953125,120.140625,0.0,8.109375,-5.7662763595581055
12,100,8.75,none,4,297,90.53125,120.96875,0.0,8.828125,-5.14414119720459
12,100,8.75,none,4,298,94.140625,120.953125,0.0,7.921875,-5.742318153381348
12,100,8.75,none,4,299,93.78125,121.4375,0.0,7.953125,-5.570443153381348
12,100,8.75,none,4,300,96.53125,120.734375,0.0,7.9375,-5.9635419845581055
12,100,8.75,none,4,301,93.875,120.890625,0.0,8.09375,-5.529296875
12,100,8.75,none,4,302,94.578125,120.703125,0.0,8.5625,-5.317187786102295
12,100,8.75,none,4,303,91.59375,120.828125,0.0,8.578125,-5.467318534851074
12,100,8.75,none,4,304,93.390625,123.109375,0.0,8.484375,-5.3572916984558105
12,100,8.75,none,4,305,94.640625,121.234375,0.0,8.34375,-5.945573329925537
12,100,8.75,none,4,306,94.21875,123.609375,0.0,8.21875,-5.270963668823242
12,100,8.75,none,4,307,96.109375,121.640625,0.0,8.0625,-6.286197662353516
12,100,8.75,none,4,308,93.90625,121.984375,0.0,8.953125,-5.362369537353516
12,100,8.75,none,4,309,96.484375,121.5,0.0,7.796875,-5.609505653381348
12,100,8.75,none,4,310,93.953125,122.828125,0.0,8.015625,-5.455859661102295
12,100,8.75,none,4,311,93.640625,119.515625,0.0,8.6875,-5.605729579925537
12,100,8.75,none,4,312,92.390625,123.4375,0.0,8.25,-5.0604166984558105
12,100,8.75,none,4,313,94.0,121.359375,0.0,8.375,-5.5109381675720215
12,100,8.75,none,4,314,91.84375,122.46875,0.0,8.09375,-4.494400978088379
12,100,8.75,none,4,315,95.015625,120.34375,0.0,7.875,-5.846485137939453
12,100,8.75,none,4,316,95.421875,118.84375,0.0,7.46875,-5.544661521911621
12,100,8.75,none,4,317,93.09375,122.53125,0.0,7.859375,-5.601041793823242
12,100,8.75,none,4,318,93.78125,122.765625,0.0,7.921875,-5.410026550292969
12,100,8.75,none,4,319,93.359375,122.515625,0.0,7.59375,-4.910417556762695
12,100,8.75,none,4,320,93.28125,120.109375,0.0,7.90625,-5.3444013595581055
12,100,8.75,none,4,321,94.53125,121.90625,0.0,8.109375,-5.492448329925537
12,100,8.75,none,4,322,93.0,123.890625,0.0,7.46875,-5.071875095367432
12,100,8.75,none,4,323,93.09375,124.78125,0.0,7.6875,-5.212369918823242
12,100,8.75,none,4,324,94.8125,123.421875,0.0,7.859375,-4.949739933013916
12,100,8.75,none,4,325,92.34375,122.796875,0.0,7.890625,-5.302995204925537
12,100,8.75,none,4,326,94.109375,121.265625,0.0,7.65625,-5.096875190734863
12,100,8.75,none,4,327,92.140625,124.109375,0.0,7.890625,-4.940495014190674
12,100,8.75,none,4,328,92.90625,121.75,0.0,8.125,-5.483854293823242
12,100,8.75,none,4,329,94.671875,122.5,0.0,8.125,-5.516666412353516
12,100,8.75,none,4,330,92.359375,122.1875,0.0,7.765625,-4.939453125
12,100,8.75,none,4,331,95.765625,120.890625,0.0,8.09375,-5.497265815734863
12,100,8.75,none,4,332,93.875,121.796875,0.0,8.0625,-5.478255748748779
12,100,8.75,none,4,333,93.859375,121.34375,0.0,8.375,-5.357422828674316
12,100,8.75,none,4,334,95.265625,120.078125,0.0,7.078125,-5.653255462646484
12,100,8.75,none,4,335,93.1875,121.984375,0.0,7.390625,-4.83203125
12,100,8.75,none,4,336,97.21875,122.65625,0.0,7.5,-5.5826826095581055
12,100,8.75,none,4,337,95.28125,122.328125,0.0,7.65625,-5.102603912353516
12,100,8.75,none,4,338,96.234375,120.9375,0.0,8.46875,-5.363282203674316
12,100,8.75,none,4,339,92.265625,122.5625,0.0,7.875,-4.9264326095581055
12,100,8.75,none,4,340,96.453125,122.359375,0.0,7.0625,-5.7545576095581055
12,100,8.75,none,4,341,95.15625,121.734375,0.0,7.59375,-5.388671875
12,100,8.75,none,4,342,93.921875,124.25,0.0,7.734375,-4.990624904632568
12,100,8.75,none,4,343,94.421875,122.46875,0.0,7.109375,-5.159245491027832
12,100,8.75,none,4,344,94.515625,123.65625,0.0,7.375,-5.150260925292969
12,100,8.75,none,4,345,94.765625,123.46875,0.0,7.546875,-5.332942485809326
12,100,8.75,none,4,346,94.15625,122.359375,0.0,7.609375,-5.227604866027832
12,100,8.75,none,4,347,96.578125,121.921875,0.0,7.59375,-5.643359184265137
12,100,8.75,none,4,348,94.734375,121.71875,0.0,7.3125,-4.9420576095581055
12,100,8.75,none,4,349,93.671875,123.46875,0.0,7.5625,-4.7994794845581055
12,100,8.75,none,4,350,93.421875,123.421875,0.0,7.5,-4.895573616027832
12,100,8.75,none,4,351,95.234375,124.28125,0.0,6.84375,-4.831770896911621
12,100,8.75,none,4,352,94.78125,123.25,0.0,7.140625,-5.110807418823242
12,100,8.75,none,4,353,94.3125,122.984375,0.0,7.625,-5.182031631469727
12,100,8.75,none,4,354,94.796875,122.65625,0.0,7.234375,-4.846875190734863
12,100,8.75,none,4,355,94.078125,123.234375,0.0,7.234375,-4.509114742279053
12,100,8.75,none,4,356,92.40625,123.703125,0.0,6.90625,-4.682942867279053
12,100,8.75,none,4,357,93.515625,122.875,0.0,7.421875,-4.69296932220459
12,100,8.75,none,4,358,93.359375,122.75,0.0,7.796875,-4.88242244720459
12,100,8.75,none,4,359,92.953125,123.484375,0.0,6.921875,-4.830599308013916
12,100,8.75,none,4,360,92.46875,124.390625,0.0,7.09375,-4.5397138595581055
12,100,8.75,none,4,361,92.8125,122.78125,0.0,7.6875,-5.042187690734863
12,100,8.75,none,4,362,94.234375,123.96875,0.0,7.390625,-4.9406256675720215
12,100,8.75,none,4,363,92.671875,121.5,0.0,7.8125,-4.989974021911621
12,100,8.75,none,4,364,92.84375,121.78125,0.0,7.25,-4.578516006469727
12,100,8.75,none,4,365,95.421875,121.953125,0.0,6.3125,-4.811588764190674
12,100,8.75,none,4,366,94.515625,121.96875,0.0,7.53125,-5.320572853088379
12,100,8.75,none,4,367,94.40625,124.203125,0.0,6.640625,-4.53867244720459
12,100,8.75,none,4,368,94.609375,123.515625,0.0,7.03125,-5.183464050292969
12,100,8.75,none,4,369,94.375,122.546875,0.0,6.796875,-5.137109756469727
12,100,8.75,none,4,370,94.921875,123.765625,0.0,7.0625,-4.871354579925537
12,100,8.75,none,4,371,97.203125,123.109375,0.0,6.828125,-5.4835944175720215
12,100,8.75,none,4,372,93.859375,125.203125,0.0,6.640625,-4.418489933013916
12,100,8.75,none,4,373,95.078125,123.921875,0.0,7.15625,-5.367448329925537
12,100,8.75,none,4,374,94.359375,124.3125,0.0,6.8125,-4.4057297706604
12,100,8.75,none,4,375,94.171875,123.78125,0.0,6.8125,-4.735286712646484
12,100,8.75,none,4,376,94.421875,124.109375,0.0,7.109375,-4.766927719116211
12,100,8.75,none,4,377,92.65625,124.796875,0.0,7.15625,-4.441146373748779
12,100,8.75,none,4,378,93.375,123.375,0.0,6.9375,-4.433594226837158
12,100,8.75,none,4,379,94.1875,125.15625,0.0,6.890625,-4.857812881469727
12,100,8.75,none,4,380,93.40625,124.28125,0.0,7.0625,-4.849609851837158
12,100,8.75,none,4,381,92.828125,123.6875,0.0,6.484375,-4.351041793823242
12,100,8.75,none,4,382,93.5,126.265625,0.0,6.890625,-4.877213478088379
12,100,8.75,none,4,383,93.375,123.9375,0.0,7.15625,-4.708073139190674
12,100,8.75,none,4,384,91.234375,125.4375,0.0,6.0,-3.7406253814697266
12,100,8.75,none,4,385,92.34375,125.90625,0.0,6.984375,-4.186849594116211
12,100,8.75,none,4,386,93.609375,123.5,0.0,6.640625,-4.489583492279053
12,100,8.75,none,4,387,93.96875,123.171875,0.0,6.671875,-4.750260829925537
12,100,8.75,none,4,388,93.265625,124.203125,0.0,7.515625,-4.819791793823242
12,100,8.75,none,4,389,92.328125,124.546875,0.0,6.8125,-4.459505081176758
12,100,8.75,none,4,390,92.859375,126.09375,0.0,6.53125,-4.294401168823242
12,100,8.75,none,4,391,96.234375,126.421875,0.0,6.453125,-4.979817867279053
12,100,8.75,none,4,392,94.359375,124.296875,0.0,6.40625,-4.529167175292969
12,100,8.75,none,4,393,93.796875,124.75,0.0,7.078125,-4.642318248748779
12,100,8.75,none,4,394,93.46875,123.609375,0.0,6.75,-4.464974403381348
12,100,8.75,none,4,395,93.453125,126.640625,0.0,5.96875,-4.255338668823242
12,100,8.75,none,4,396,93.4375,124.390625,0.0,6.359375,-4.780468940734863
12,100,8.75,none,4,397,90.734375,122.46875,0.0,7.0625,-4.112760543823242
12,100,8.75,none,4,398,91.84375,126.484375,0.0,6.296875,-4.087630748748779
12,100,8.75,none,4,399,91.015625,124.421875,0.0,6.890625,-3.9071617126464844
12,100,8.75,none,4,400,93.921875,124.828125,0.0,6.421875,-4.336458206176758
12,100,8.75,none,4,401,91.109375,124.015625,0.0,6.59375,-3.9183597564697266
12,100,8.75,none,4,402,91.890625,125.203125,0.0,6.5625,-4.516536712646484
12,100,8.75,none,4,403,93.21875,124.5625,0.0,6.5,-4.169011116027832
12,100,8.75,none,4,404,93.0625,125.21875,0.0,6.453125,-4.187239646911621
12,100,8.75,none,4,405,89.78125,126.859375,0.0,6.734375,-3.872135639190674
12,100,8.75,none,4,406,91.171875,125.78125,0.0,5.765625,-3.977864980697632
12,100,8.75,none,4,407,91.953125,126.203125,0.0,6.46875,-4.0949225425720215
12,100,8.75,none,4,408,90.90625,126.734375,0.0,6.078125,-4.040494918823242
12,100,8.75,none,4,409,93.0,126.0,0.0,6.640625,-4.22031307220459
12,100,8.75,none,4,410,90.328125,125.578125,0.0,6.375,-4.116015911102295
12,100,8.75,none,4,411,91.515625,126.53125,0.0,6.921875,-4.26328182220459
12,100,8.75,none,4,412,91.703125,126.765625,0.0,6.546875,-4.103255271911621
12,100,8.75,none,4,413,94.65625,123.65625,0.0,6.15625,-4.762109279632568
12,100,8.75,none,4,414,93.40625,124.703125,0.0,6.78125,-4.424349308013916
12,100,8.75,none,4,415,92.953125,124.375,0.0,6.75,-4.957292079925537
12,100,8.75,none,4,416,90.96875,126.546875,0.0,6.421875,-4.1640625
12,100,8.75,none,4,417,92.390625,126.640625,0.0,6.03125,-4.5494794845581055
12,100,8.75,none,4,418,88.859375,127.6875,0.0,6.9375,-3.2701823711395264
12,100,8.75,none,4,419,94.484375,124.859375,0.0,6.3125,-4.43515682220459
12,100,8.75,none,4,420,90.984375,126.203125,0.0,6.125,-4.19140625
12,100,8.75,none,4,421,93.0625,128.34375,0.0,5.484375,-4.209765911102295
12,100,8.75,none,4,422,93.234375,127.828125,0.0,6.421875,-4.16562557220459
12,100,8.75,none,4,423,92.5,128.015625,0.0,6.3125,-4.107422351837158
12,100,8.75,none,4,424,91.453125,127.25,0.0,6.546875,-4.0636725425720215
12,100,8.75,none,4,425,92.5,127.09375,0.0,6.4375,-4.581771373748779
12,100,8.75,none,4,426,93.53125,127.09375,0.0,6.3125,-4.191667079925537
12,100,8.75,none,4,427,94.40625,126.578125,0.0,5.96875,-4.4140625
12,100,8.75,none,4,428,91.828125,126.78125,0.0,6.09375,-4.269661903381348
12,100,8.75,none,4,429,95.546875,126.875,0.0,5.578125,-4.187370300292969
12,100,8.75,none,4,430,91.21875,125.765625,0.0,6.203125,-3.8966147899627686
12,100,8.75,none,4,431,92.359375,126.171875,0.0,5.8125,-3.838411808013916
12,100,8.75,none,4,432,91.75,127.4375,0.0,6.078125,-3.909245252609253
12,100,8.75,none,4,433,93.28125,124.640625,0.0,6.046875,-4.535937786102295
12,100,8.75,none,4,434,91.6875,125.53125,0.0,5.78125,-4.033333778381348
12,100,8.75,none,4,435,91.65625,125.921875,0.0,6.0625,-3.805208683013916
12,100,8.75,none,4,436,91.90625,128.5,0.0,6.046875,-3.6175785064697266
12,100,8.75,none,4,437,92.96875,127.0,0.0,6.46875,-3.9415366649627686
12,100,8.75,none,4,438,91.203125,126.515625,0.0,5.859375,-3.5406253337860107
12,100,8.75,none,4,439,90.75,127.34375,0.0,6.203125,-3.8602867126464844
12,100,8.75,none,4,440,90.65625,126.75,0.0,6.1875,-3.5132815837860107
12,100,8.75,none,4,441,93.734375,127.484375,0.0,5.546875,-4.114974021911621
12,100,8.75,none,4,442,94.078125,125.859375,0.0,6.0,-4.165755271911621
12,100,8.75,none,4,443,91.953125,125.59375,0.0,5.765625,-4.094271659851074
12,100,8.75,none,4,444,93.921875,127.625,0.0,5.703125,-3.6954429149627686
12,100,8.75,none,4,445,93.515625,127.734375,0.0,5.84375,-3.9569015502929688
12,100,8.75,none,4,446,93.46875,127.53125,0.0,5.65625,-4.175390720367432
12,100,8.75,none,4,447,92.34375,126.203125,0.0,5.78125,-3.955859661102295
12,100,8.75,none,4,448,93.390625,126.734375,0.0,5.765625,-4.404036998748779
12,100,8.75,none,4,449,92.421875,129.15625,0.0,5.53125,-3.6937501430511475
12,100,8.75,none,4,450,89.015625,127.328125,0.0,6.046875,-3.610546827316284
12,100,8.75,none,4,451,91.453125,127.203125,0.0,5.84375,-3.743619918823242
12,100,8.75,none,4,452,90.6875,127.625,0.0,6.359375,-3.7796878814697266
12,100,8.75,none,4,453,91.09375,127.09375,0.0,5.53125,-3.6759116649627686
12,100,8.75,none,4,454,91.453125,128.78125,0.0,6.0625,-3.828645706176758
12,100,8.75,none,4,455,90.34375,128.21875,0.0,5.515625,-3.3513026237487793
12,100,8.75,none,4,456,92.625,126.953125,0.0,5.78125,-4.525521278381348
12,100,8.75,none,4,457,91.453125,126.984375,0.0,5.796875,-3.6605470180511475
12,100,8.75,none,4,458,90.25,128.109375,0.0,5.984375,-3.519010543823242
12,100,8.75,none,4,459,91.53125,128.28125,0.0,5.515625,-3.8522136211395264
12,100,8.75,none,4,460,90.96875,128.9375,0.0,5.8125,-3.898958921432495
12,100,8.75,none,4,461,93.375,127.8125,0.0,5.203125,-3.990234375
12,100,8.75,none,4,462,90.5,127.78125,0.0,5.53125,-3.50390625
12,100,8.75,none,4,463,91.84375,129.046875,0.0,5.765625,-3.669401168823242
12,100,8.75,none,4,464,92.0,129.078125,0.0,5.734375,-3.8903651237487793
12,100,8.75,none,4,465,90.84375,126.609375,0.0,5.734375,-3.332812786102295
12,100,8.75,none,4,466,90.625,130.28125,0.0,5.90625,-3.614063024520874
12,100,8.75,none,4,467,88.9375,128.609375,0.0,5.453125,-3.206510543823242
12,100,8.75,none,4,468,91.734375,127.046875,0.0,5.828125,-3.7955732345581055
12,100,8.75,none,4,469,89.15625,127.078125,0.0,6.109375,-3.5835940837860107
12,100,8.75,none,4,470,89.21875,128.28125,0.0,5.53125,-3.345963954925537
12,100,8.75,none,4,471,91.90625,129.625,0.0,5.46875,-3.723177433013916
12,100,8.75,none,4,472,90.8125,129.234375,0.0,5.515625,-3.811588764190674
12,100,8.75,none,4,473,88.53125,129.09375,0.0,6.109375,-3.2554690837860107
12,100,8.75,none,4,474,91.65625,129.0625,0.0,5.859375,-3.661588668823242
12,100,8.75,none,4,475,91.046875,129.171875,0.0,5.6875,-3.6981773376464844
12,100,8.75,none,4,476,91.96875,129.546875,0.0,5.390625,-3.8555991649627686
12,100,8.75,none,4,477,91.328125,129.046875,0.0,5.578125,-3.5714850425720215
12,100,8.75,none,4,478,94.40625,128.125,0.0,5.53125,-4.134896278381348
12,100,8.75,none,4,479,93.1875,128.328125,0.0,5.359375,-4.065364837646484
12,100,8.75,none,4,480,92.1875,129.609375,0.0,5.328125,-3.534245252609253
12,100,8.75,none,4,481,92.375,128.96875,0.0,4.765625,-3.7470052242279053
12,100,8.75,none,4,482,93.703125,127.09375,0.0,5.0625,-4.069791793823242
12,100,8.75,none,4,483,92.171875,129.015625,0.0,5.4375,-3.7191410064697266
12,100,8.75,none,4,484,92.015625,130.546875,0.0,5.5,-3.7347660064697266
12,100,8.75,none,4,485,91.28125,129.796875,0.0,4.984375,-3.4016928672790527
12,100,8.75,none,4,486,91.90625,127.15625,0.0,5.78125,-4.06992244720459
12,100,8.75,none,4,487,92.046875,129.09375,0.0,5.453125,-3.8541669845581055
12,100,8.75,none,4,488,90.828125,129.4375,0.0,5.390625,-3.2645835876464844
12,100,8.75,none,4,489,90.0,130.96875,0.0,4.6875,-2.979818105697632
12,100,8.75,none,4,490,91.046875,130.578125,0.0,5.3125,-3.340104579925537
12,100,8.75,none,4,491,89.625,129.640625,0.0,5.65625,-3.0526044368743896
12,100,8.75,none,4,492,92.953125,128.859375,0.0,5.65625,-3.7091147899627686
12,100,8.75,none,4,493,91.8125,130.234375,0.0,5.71875,-3.608203411102295
12,100,8.75,none,4,494,89.125,132.578125,0.0,4.703125,-2.835677146911621
12,100,8.75,none,4,495,89.625,130.21875,0.0,5.328125,-3.218229293823242
12,100,8.75,none,4,496,89.25,131.40625,0.0,5.15625,-3.1417970657348633
12,100,8.75,none,4,497,91.703125,131.1875,0.0,5.265625,-3.5243492126464844
12,100,8.75,none,4,498,91.09375,129.4375,0.0,4.984375,-3.422135829925537
12,100,8.75,none,4,499,90.40625,129.890625,0.0,4.765625,-3.1234376430511475
12,100,8.75,none,4,500,92.765625,129.25,0.0,5.3125,-3.7708334922790527
12,100,8.75,none,4,501,90.140625,130.0,0.0,5.375,-3.4273440837860107
12,100,8.75,none,4,502,92.8125,128.671875,0.0,5.1875,-3.7914066314697266
12,100,8.75,none,4,503,91.671875,130.71875,0.0,4.96875,-3.1937503814697266
12,100,8.75,none,4,504,95.15625,128.796875,0.0,5.125,-4.071484565734863
12,100,8.75,none,4,505,94.046875,129.6875,0.0,4.828125,-3.699739933013916
12,100,8.75,none,4,506,91.46875,129.046875,0.0,5.203125,-3.394010543823242
12,100,8.75,none,4,507,94.421875,129.359375,0.0,5.109375,-3.844531536102295
12,100,8.75,none,4,508,93.828125,129.015625,0.0,4.90625,-3.6395835876464844
12,100,8.75,none,4,509,91.140625,130.375,0.0,5.484375,-3.2054691314697266
12,100,8.75,none,4,510,91.921875,129.265625,0.0,5.296875,-3.4197919368743896
12,100,8.75,none,4,511,92.8125,131.625,0.0,5.453125,-3.627734661102295
12,100,8.75,none,4,512,91.921875,131.65625,0.0,5.546875,-3.453906536102295
12,100,8.75,none,4,513,92.609375,130.265625,0.0,4.625,-3.067838668823242
12,100,8.75,none,4,514,92.328125,128.109375,0.0,5.0,-3.627213954925537
12,100,8.75,none,4,515,91.921875,129.53125,0.0,4.953125,-3.3408851623535156
12,100,8.75,none,4,516,87.375,129.0625,0.0,5.359375,-2.677995204925537
12,100,8.75,none,4,517,89.78125,129.703125,0.0,5.171875,-3.1390628814697266
12,100,8.75,none,4,518,92.9375,132.0625,0.0,5.21875,-3.2903647422790527
12,100,8.75,none,4,519,91.4375,130.453125,0.0,5.203125,-2.998568058013916
12,100,8.75,none,4,520,92.109375,129.078125,0.0,4.953125,-3.123828649520874
12,100,8.75,none,4,521,92.453125,130.15625,0.0,5.1875,-3.298307418823242
12,100,8.75,none,4,522,92.859375,129.296875,0.0,5.09375,-3.3042972087860107
12,100,8.75,none,4,523,91.609375,129.40625,0.0,4.59375,-3.2037761211395264
12,100,8.75,none,4,524,95.359375,128.625,0.0,4.859375,-3.812239646911621
12,100,8.75,none,4,525,91.859375,131.09375,0.0,4.78125,-3.374088764190674
12,100,8.75,none,4,526,95.15625,130.28125,0.0,5.03125,-3.740495204925537
12,100,8.75,none,4,527,95.140625,129.390625,0.0,4.59375,-3.7536463737487793
12,100,8.75,none,4,528,93.921875,129.96875,0.0,4.890625,-3.2545573711395264
12,100,8.75,none,4,529,94.15625,130.875,0.0,4.8125,-3.684114933013916
12,100,8.75,none,4,530,93.40625,130.125,0.0,4.625,-3.391796827316284
12,100,8.75,none,4,531,94.25,129.015625,0.0,4.84375,-3.9769535064697266
12,100,8.75,none,4,532,91.375,131.484375,0.0,4.5,-2.939453125
12,100,8.75,none,4,533,92.390625,130.5,0.0,4.46875,-3.6613287925720215
12,100,8.75,none,4,534,90.953125,131.625,0.0,4.71875,-3.2654950618743896
12,100,8.75,none,4,535,92.40625,131.59375,0.0,4.796875,-3.4847660064697266
12,100,8.75,none,4,536,93.375,129.75,0.0,4.75,-3.5858075618743896
12,100,8.75,none,4,537,93.15625,129.5,0.0,4.828125,-3.790364980697632
12,100,8.75,none,4,538,90.96875,131.359375,0.0,4.6875,-3.2200522422790527
12,100,8.75,none,4,539,92.265625,132.171875,0.0,5.265625,-3.260807514190674
12,100,8.75,none,4,540,96.625,129.546875,0.0,4.328125,-3.758073329925537
12,100,8.75,none,4,541,93.390625,129.0,0.0,4.640625,-3.438020706176758
12,100,8.75,none,4,542,95.203125,129.21875,0.0,4.625,-3.5899741649627686
12,100,8.75,none,4,543,93.1875,129.8125,0.0,4.703125,-3.8196616172790527
12,100,8.75,none,4,544,91.4375,130.953125,0.0,4.671875,-3.0126304626464844
12,100,8.75,none,4,545,92.296875,130.484375,0.0,4.78125,-3.5037763118743896
12,100,8.75,none,4,546,90.703125,131.0,0.0,4.921875,-3.2907557487487793
12,100,8.75,none,4,547,92.609375,131.078125,0.0,4.796875,-3.129948377609253
12,100,8.75,none,4,548,90.453125,129.078125,0.0,4.890625,-3.1334638595581055
12,100,8.75,none,4,549,90.125,131.609375,0.0,4.484375,-3.067708730697632
12,100,8.75,none,4,550,89.515625,131.34375,0.0,4.953125,-2.7464847564697266
12,100,8.75,none,4,551,92.28125,132.125,0.0,4.546875,-3.0302083492279053
12,100,8.75,none,4,552,89.484375,133.21875,0.0,4.25,-2.6750001907348633
12,100,8.75,none,4,553,89.75,130.59375,0.0,4.953125,-2.974609375
12,100,8.75,none,4,554,90.9375,132.34375,0.0,4.1875,-2.918229579925537
12,100,8.75,none,4,555,91.296875,131.0,0.0,4.609375,-2.818099021911621
12,100,8.75,none,4,556,90.171875,133.40625,0.0,4.53125,-3.0489585399627686
12,100,8.75,none,4,557,90.34375,131.328125,0.0,4.84375,-2.8536460399627686
12,100,8.75,none,4,558,90.578125,131.546875,0.0,4.265625,-2.9345052242279053
12,100,8.75,none,4,559,88.8125,131.3125,0.0,4.609375,-2.854818105697632
12,100,8.75,none,4,560,91.125,132.34375,0.0,4.75,-2.9730470180511475
12,100,8.75,none,4,561,91.390625,130.296875,0.0,5.015625,-2.6774744987487793
12,100,8.75,none,4,562,91.09375,129.96875,0.0,4.828125,-2.719791889190674
12,100,8.75,none,4,563,90.328125,130.453125,0.0,4.546875,-2.869922161102295
12,100,8.75,none,4,564,93.203125,130.09375,0.0,4.9375,-3.263932704925537
12,100,8.75,none,4,565,91.65625,130.859375,0.0,4.21875,-3.399479627609253
12,100,8.75,none,4,566,93.109375,130.5625,0.0,4.5625,-3.1334636211395264
12,100,8.75,none,4,567,92.84375,128.734375,0.0,4.296875,-3.2199220657348633
12,100,8.75,none,4,568,93.3125,131.375,0.0,4.46875,-3.262239933013916
12,100,8.75,none,4,569,91.046875,131.65625,0.0,4.625,-3.0115890502929688
12,100,8.75,none,4,570,94.140625,130.671875,0.0,5.0625,-3.735807418823242
12,100,8.75,none,4,571,91.0625,131.25,0.0,4.84375,-3.501692771911621
12,100,8.75,none,4,572,94.078125,130.203125,0.0,4.78125,-3.7632815837860107
12,100,8.75,none,4,573,91.296875,130.78125,0.0,4.890625,-3.1600260734558105
12,100,8.75,none,4,574,87.390625,131.734375,0.0,4.671875,-2.3450522422790527
12,100,8.75,none,4,575,88.484375,133.1875,0.0,4.75,-2.2557294368743896
12,100,8.75,none,4,576,95.1875,131.375,0.0,4.21875,-3.323307514190674
12,100,8.75,none,4,577,92.109375,131.515625,0.0,4.109375,-2.6229166984558105
12,100,8.75,none,4,578,90.8125,133.34375,0.0,4.125,-2.799870014190674
12,100,8.75,none,4,579,92.890625,131.203125,0.0,4.640625,-3.176823377609253
12,100,8.75,none,4,580,90.234375,130.859375,0.0,4.375,-2.819140911102295
12,100,8.75,none,4,581,91.625,130.015625,0.0,4.578125,-3.0121095180511475
12,100,8.75,none,4,582,92.09375,130.734375,0.0,4.5625,-3.4571616649627686
12,100,8.75,none,4,583,92.46875,132.59375,0.0,4.390625,-3.0111985206604004
12,100,8.75,none,4,584,93.96875,132.796875,0.0,4.296875,-2.9579429626464844
12,100,8.75,none,4,585,90.875,132.484375,0.0,4.25,-2.882291793823242
12,100,8.75,none,4,586,91.109375,131.515625,0.0,4.40625,-2.7796876430511475
12,100,8.75,none,4,587,93.5,131.9375,0.0,4.1875,-2.96484375
12,100,8.75,none,4,588,91.359375,131.234375,0.0,4.671875,-2.693880081176758
12,100,8.75,none,4,589,92.28125,130.984375,0.0,4.484375,-3.2082037925720215
12,100,8.75,none,4,590,93.171875,132.390625,0.0,4.203125,-3.3352866172790527
12,100,8.75,none,4,591,92.6875,131.484375,0.0,4.484375,-3.3377606868743896
12,100,8.75,none,4,592,91.84375,132.65625,0.0,4.515625,-2.948698043823242
12,100,8.75,none,4,593,92.375,133.1875,0.0,4.578125,-2.934375286102295
12,100,8.75,none,4,594,92.4375,132.625,0.0,4.15625,-2.805729627609253
12,100,8.75,none,4,595,91.34375,132.59375,0.0,4.140625,-3.022916793823242
12,100,8.75,none,4,596,91.71875,132.6875,0.0,4.0625,-3.082812786102295
12,100,8.75,none,4,597,91.390625,132.578125,0.0,4.59375,-2.7313802242279053
12,100,8.75,none,4,598,91.484375,133.84375,0.0,4.015625,-2.860416889190674
12,100,8.75,none,4,599,92.75,132.96875,0.0,4.234375,-2.8751304149627686
12,100,8.75,none,4,600,92.921875,131.796875,0.0,4.875,-3.143359661102295
12,100,8.75,none,4,601,89.921875,132.234375,0.0,4.125,-2.846484661102295
12,100,8.75,none,4,602,92.953125,131.203125,0.0,4.09375,-3.0809898376464844
12,100,8.75,none,4,603,91.359375,129.203125,0.0,4.28125,-3.1041667461395264
12,100,8.75,none,4,604,91.3125,132.109375,0.0,4.234375,-2.883854389190674
12,100,8.75,none,4,605,89.578125,132.234375,0.0,4.046875,-2.5325522422790527
12,100,8.75,none,4,606,92.8125,131.984375,0.0,4.28125,-3.0250003337860107
12,100,8.75,none,4,607,93.234375,133.171875,0.0,4.296875,-2.992447853088379
12,100,8.75,none,4,608,94.390625,132.75,0.0,3.890625,-3.6044273376464844
12,100,8.75,none,4,609,90.09375,131.296875,0.0,4.875,-3.1912765502929688
12,100,8.75,none,4,610,89.71875,134.3125,0.0,3.703125,-2.7380213737487793
12,100,8.75,none,4,611,90.671875,130.640625,0.0,4.265625,-3.059635877609253
12,100,8.75,none,4,612,90.65625,134.6875,0.0,4.3125,-2.7125003337860107
12,100,8.75,none,4,613,91.703125,132.921875,0.0,3.875,-2.2238283157348633
12,100,8.75,none,4,614,90.78125,133.9375,0.0,4.453125,-2.7852866649627686
12,100,8.75,none,4,615,96.125,131.375,0.0,4.09375,-3.557422161102295
12,100,8.75,none,4,616,89.28125,132.53125,0.0,4.1875,-2.3416666984558105
12,100,8.75,none,4,617,91.515625,133.875,0.0,3.953125,-2.447786569595337
12,100,8.75,none,4,618,92.703125,133.53125,0.0,4.125,-2.716796875
12,100,8.75,none,4,619,91.46875,133.46875,0.0,3.875,-2.581120252609253
12,100,8.75,none,4,620,93.359375,131.8125,0.0,4.328125,-3.3125
12,100,8.75,none,4,621,92.359375,131.359375,0.0,4.125,-3.095963954925537
12,100,8.75,none,4,622,92.921875,131.65625,0.0,4.28125,-3.0768229961395264
12,100,8.75,none,4,623,94.0,133.609375,0.0,4.046875,-2.9557292461395264
12,100,8.75,none,4,624,91.703125,133.390625,0.0,4.078125,-2.535677433013916
12,100,8.75,none,4,625,91.0625,133.296875,0.0,4.40625,-2.461979389190674
12,100,8.75,none,4,626,90.640625,132.796875,0.0,3.9375,-2.9464845657348633
12,100,8.75,none,4,627,90.5,131.0,0.0,3.96875,-2.199479579925537
12,100,8.75,none,4,628,92.71875,132.5625,0.0,3.8125,-2.869401454925537
12,100,8.75,none,4,629,91.59375,135.40625,0.0,3.671875,-2.228776216506958
12,100,8.75,none,4,630,93.78125,131.625,0.0,3.6875,-3.2994792461395264
12,100,8.75,none,4,631,90.6875,134.109375,0.0,3.890625,-2.4638023376464844
12,100,8.75,none,4,632,93.28125,132.546875,0.0,3.5625,-2.7809901237487793
12,100,8.75,none,4,633,92.109375,132.5,0.0,4.359375,-2.8170573711395264
12,100,8.75,none,4,634,91.34375,133.25,0.0,3.921875,-2.5093753337860107
12,100,8.75,none,4,635,91.734375,132.9375,0.0,3.59375,-2.822526454925537
12,100,8.75,none,4,636,90.09375,131.8125,0.0,4.359375,-3.071094036102295
12,100,8.75,none,4,637,91.1875,134.734375,0.0,3.859375,-2.4180994033813477
12,100,8.75,none,4,638,90.46875,136.453125,0.0,3.640625,-2.3212242126464844
12,100,8.75,none,4,639,92.765625,132.875,0.0,4.359375,-2.717578411102295
12,100,8.75,none,4,640,89.203125,133.796875,0.0,4.578125,-2.126953601837158
12,100,8.75,none,4,641,90.796875,136.46875,0.0,4.21875,-2.211979389190674
12,100,8.75,none,4,642,93.953125,133.796875,0.0,3.875,-3.233854293823242
12,100,8.75,none,4,643,89.890625,134.546875,0.0,4.1875,-2.6792972087860107
12,100,8.75,none,4,644,91.5,134.9375,0.0,3.8125,-2.369661331176758
12,100,8.75,none,4,645,92.3125,134.015625,0.0,4.484375,-2.717578411102295
12,100,8.75,none,4,646,88.421875,133.046875,0.0,4.0,-2.0701825618743896
12,100,8.75,none,4,647,88.96875,134.859375,0.0,4.625,-2.2437500953674316
12,100,8.75,none,4,648,91.59375,134.703125,0.0,4.046875,-2.6636719703674316
12,100,8.75,none,4,649,91.5,134.390625,0.0,4.1875,-2.6063804626464844
12,100,8.75,none,4,650,92.65625,134.453125,0.0,4.0,-2.462630271911621
12,100,8.75,none,4,651,90.25,132.203125,0.0,3.953125,-2.3407554626464844
12,100,8.75,none,4,652,94.234375,132.921875,0.0,3.703125,-3.0492191314697266
12,100,8.75,none,4,653,94.3125,135.0625,0.0,3.6875,-2.6558594703674316
12,100,8.75,none,4,654,94.921875,130.859375,0.0,3.671875,-2.715885639190674
12,100,8.75,none,4,655,94.515625,133.03125,0.0,3.609375,-2.8756511211395264
12,100,8.75,none,4,656,92.5625,134.140625,0.0,3.71875,-2.2734375
12,100,8.75,none,4,657,92.234375,134.546875,0.0,3.71875,-2.3095054626464844
12,100,8.75,none,4,658,91.484375,134.171875,0.0,3.78125,-2.322265625
12,100,8.75,none,4,659,92.6875,134.375,0.0,4.0,-2.644270896911621
12,100,8.75,none,4,660,92.125,132.75,0.0,3.8125,-2.8980472087860107
12,100,8.75,none,4,661,91.9375,134.953125,0.0,4.015625,-2.486328125
12,100,8.75,none,4,662,91.9375,133.953125,0.0,3.640625,-2.4906253814697266
12,100,8.75,none,4,663,89.6875,135.703125,0.0,3.265625,-1.7569011449813843
12,100,8.75,none,4,664,94.453125,133.171875,0.0,3.65625,-2.564192771911621
12,100,8.75,none,4,665,91.96875,134.109375,0.0,3.734375,-2.540494918823242
12,100,8.75,none,4,666,89.109375,134.0,0.0,3.875,-1.9170575141906738
12,100,8.75,none,4,667,91.265625,134.078125,0.0,3.90625,-2.699479579925537
12,100,8.75,none,4,668,89.421875,134.953125,0.0,4.09375,-2.4554688930511475
12,100,8.75,none,4,669,90.9375,134.453125,0.0,3.640625,-2.1908860206604004
12,100,8.75,none,4,670,89.90625,134.359375,0.0,3.34375,-1.932031512260437
12,100,8.75,none,4,671,91.71875,134.5,0.0,3.859375,-2.2843751907348633
12,100,8.75,none,4,672,91.078125,134.765625,0.0,3.703125,-2.493229389190674
12,100,8.75,none,4,673,91.5625,133.515625,0.0,3.90625,-2.192187786102295
12,100,8.75,none,4,674,90.78125,135.203125,0.0,3.484375,-2.033463478088379
12,100,8.75,none,4,675,92.46875,135.21875,0.0,3.65625,-2.653776168823242
12,100,8.75,none,4,676,91.546875,136.671875,0.0,3.765625,-2.280989646911621
12,100,8.75,none,4,677,91.0625,134.84375,0.0,3.609375,-2.6376304626464844
12,100,8.75,none,4,678,92.78125,133.140625,0.0,4.0,-2.846745014190674
12,100,8.75,none,4,679,91.6875,134.625,0.0,3.71875,-1.894922137260437
12,100,8.75,none,4,680,93.609375,134.671875,0.0,3.3125,-2.4694013595581055
12,100,8.75,none,4,681,93.640625,133.40625,0.0,3.671875,-2.557422161102295
12,100,8.75,none,4,682,92.21875,134.96875,0.0,3.796875,-2.1070315837860107
12,100,8.75,none,4,683,94.5,133.875,0.0,3.484375,-2.760025978088379
12,100,8.75,none,4,684,91.046875,134.875,0.0,3.875,-1.8875001668930054
12,100,8.75,none,4,685,92.515625,135.109375,0.0,3.734375,-2.3128907680511475
12,100,8.75,none,4,686,95.1875,134.765625,0.0,3.203125,-2.70703125
12,100,8.75,none,4,687,92.109375,134.65625,0.0,3.65625,-2.0382814407348633
12,100,8.75,none,4,688,91.859375,134.234375,0.0,3.6875,-2.3753907680511475
12,100,8.75,none,4,689,91.390625,134.328125,0.0,3.421875,-2.112109661102295
12,100,8.75,none,4,690,93.5,135.71875,0.0,3.6875,-2.783203601837158
12,100,8.75,none,4,691,91.625,134.6875,0.0,3.671875,-1.9895833730697632
12,100,8.75,none,4,692,91.765625,135.078125,0.0,3.671875,-1.9891928434371948
12,100,8.75,none,4,693,92.375,135.375,0.0,3.484375,-2.3680989742279053
12,100,8.75,none,4,694,92.609375,134.234375,0.0,3.328125,-2.5533852577209473
12,100,8.75,none,4,695,89.734375,136.0625,0.0,3.78125,-2.2589845657348633
12,100,8.75,none,4,696,91.015625,135.25,0.0,3.578125,-2.134505271911621
12,100,8.75,none,4,697,94.21875,135.46875,0.0,3.890625,-2.599349021911621
12,100,8.75,none,4,698,90.109375,134.609375,0.0,3.5,-2.136198043823242
12,100,8.75,none,4,699,93.0625,135.609375,0.0,3.359375,-2.5071616172790527
12,100,8.75,none,4,700,91.125,135.46875,0.0,3.25,-1.7479166984558105
12,100,8.75,none,4,701,91.8125,135.3125,0.0,3.625,-2.3653647899627686
12,100,8.75,none,4,702,91.71875,135.25,0.0,3.609375,-2.564713716506958
12,100,8.75,none,4,703,88.625,136.09375,0.0,3.59375,-1.6873698234558105
12,100,8.75,none,4,704,87.640625,136.390625,0.0,3.65625,-1.6009116172790527
12,100,8.75,none,4,705,90.125,135.625,0.0,3.375,-1.795442819595337
12,100,8.75,none,4,706,88.421875,136.40625,0.0,3.921875,-1.541015625
12,100,8.75,none,4,707,90.3125,135.78125,0.0,3.328125,-1.8861980438232422
12,100,8.75,none,4,708,89.75,137.21875,0.0,3.46875,-1.770182490348816
12,100,8.75,none,4,709,90.640625,135.40625,0.0,3.609375,-2.5123701095581055
12,100,8.75,none,4,710,91.703125,134.75,0.0,3.4375,-2.2638020515441895
12,100,8.75,none,4,711,91.625,135.59375,0.0,3.09375,-2.209244728088379
12,100,8.75,none,4,712,89.859375,135.828125,0.0,3.09375,-1.854036569595337
12,100,8.75,none,4,713,92.515625,134.375,0.0,3.40625,-2.345703125
12,100,8.75,none,4,714,92.125,136.390625,0.0,3.03125,-2.1259114742279053
12,100,8.75,none,4,715,92.25,135.3125,0.0,3.578125,-2.0528647899627686
12,100,8.75,none,4,716,91.984375,136.078125,0.0,3.15625,-2.0296878814697266
12,100,8.75,none,4,717,90.171875,137.578125,0.0,3.15625,-2.0526044368743896
12,100,8.75,none,4,718,92.578125,136.671875,0.0,3.453125,-2.2328126430511475
12,100,8.75,none,4,719,91.046875,138.03125,0.0,3.75,-1.6342451572418213
12,100,8.75,none,4,720,92.21875,135.71875,0.0,3.53125,-1.8946616649627686
12,100,8.75,none,4,721,90.765625,136.421875,0.0,3.5,-1.9173181056976318
12,100,8.75,none,4,722,92.3125,137.640625,0.0,3.59375,-2.320572853088379
12,100,8.75,none,4,723,91.578125,137.9375,0.0,3.296875,-1.6875003576278687
12,100,8.75,none,4,724,93.125,136.4375,0.0,3.203125,-1.4795573949813843
12,100,8.75,none,4,725,92.5625,135.84375,0.0,3.265625,-2.333463668823242
12,100,8.75,none,4,726,93.84375,133.03125,0.0,3.453125,-2.573437452316284
12,100,8.75,none,4,727,90.921875,136.234375,0.0,3.65625,-1.7442710399627686
12,100,8.75,none,4,728,92.953125,135.125,0.0,3.359375,-2.243229389190674
12,100,8.75,none,4,729,91.9375,136.40625,0.0,3.5625,-1.6794273853302002
12,100,8.75,none,4,730,90.40625,136.921875,0.0,3.4375,-1.9975261688232422
12,100,8.75,none,4,731,91.78125,135.9375,0.0,3.25,-2.3527345657348633
12,100,8.75,none,4,732,90.203125,136.578125,0.0,3.4375,-2.3123698234558105
12,100,8.75,none,4,733,89.5,135.453125,0.0,3.25,-1.5963542461395264
12,100,8.75,none,4,734,90.0625,137.8125,0.0,3.296875,-1.7121095657348633
12,100,8.75,none,4,735,89.5625,135.921875,0.0,3.8125,-1.511979341506958
12,100,8.75,none,4,736,91.765625,134.828125,0.0,3.203125,-1.6375001668930054
12,100,8.75,none,4,737,94.09375,135.359375,0.0,3.1875,-2.466536283493042
12,100,8.75,none,4,738,92.046875,138.78125,0.0,2.984375,-2.074479579925537
12,100,8.75,none,4,739,92.171875,135.984375,0.0,3.265625,-2.3477864265441895
12,100,8.75,none,4,740,91.96875,135.203125,0.0,3.28125,-2.30859375
12,100,8.75,none,4,741,90.5,139.265625,0.0,2.828125,-1.2531251907348633
12,100,8.75,none,4,742,93.953125,137.5625,0.0,3.359375,-2.436979293823242
12,100,8.75,none,4,743,93.125,135.96875,0.0,3.625,-1.9049479961395264
12,100,8.75,none,4,744,89.546875,137.015625,0.0,3.140625,-1.37109375
12,100,8.75,none,4,745,92.15625,135.515625,0.0,3.296875,-1.787890911102295
12,100,8.75,none,4,746,92.546875,136.859375,0.0,3.203125,-1.5740885734558105
12,100,8.75,none,4,747,93.125,136.90625,0.0,3.65625,-2.032682418823242
12,100,8.75,none,4,748,91.28125,137.578125,0.0,3.21875,-1.7286460399627686
12,100,8.75,none,4,749,92.59375,137.453125,0.0,3.125,-1.9880207777023315
12,100,8.75,none,4,750,92.296875,137.09375,0.0,3.0625,-1.7417969703674316
12,100,8.75,none,4,751,90.15625,137.71875,0.0,3.296875,-1.5703125
12,100,8.75,none,4,752,91.78125,137.171875,0.0,3.28125,-1.715234637260437
12,100,8.75,none,4,753,93.453125,137.4375,0.0,3.125,-2.106901168823242
12,100,8.75,none,4,754,89.921875,137.8125,0.0,3.15625,-1.8139324188232422
12,100,8.75,none,4,755,91.296875,137.171875,0.0,3.03125,-1.7098960876464844
12,100,8.75,none,4,756,93.21875,136.515625,0.0,3.40625,-2.3748698234558105
12,100,8.75,none,4,757,91.046875,136.28125,0.0,3.640625,-1.8447917699813843
12,100,8.75,none,4,758,90.140625,136.546875,0.0,3.484375,-1.666276216506958
12,100,8.75,none,4,759,91.859375,138.9375,0.0,3.296875,-1.5104169845581055
12,100,8.75,none,4,760,91.078125,137.5625,0.0,3.390625,-1.5626301765441895
12,100,8.75,none,4,761,90.71875,135.1875,0.0,3.515625,-2.082552433013916
12,100,8.75,none,4,762,90.796875,137.6875,0.0,3.265625,-1.533724069595337
12,100,8.75,none,4,763,90.390625,138.9375,0.0,3.28125,-1.4109375476837158
12,100,8.75,none,4,764,89.078125,137.875,0.0,3.296875,-1.1283855438232422
12,100,8.75,none,4,765,89.796875,137.703125,0.0,3.203125,-1.3546875715255737
12,100,8.75,none,4,766,91.265625,137.03125,0.0,3.21875,-1.964583396911621
12,100,8.75,none,4,767,89.859375,138.15625,0.0,3.34375,-1.1192710399627686
12,100,8.75,none,4,768,90.71875,137.09375,0.0,3.046875,-1.8153647184371948
12,100,8.75,none,4,769,92.59375,138.234375,0.0,2.828125,-1.8294274806976318
12,100,8.75,none,4,770,91.078125,138.0,0.0,3.078125,-1.6414064168930054
12,100,8.75,none,4,771,87.890625,135.9375,0.0,2.90625,-1.0234375
12,100,8.75,none,4,772,92.703125,138.234375,0.0,3.0,-1.890234351158142
12,100,8.75,none,4,773,90.484375,139.0,0.0,3.09375,-1.609114646911621
12,100,8.75,none,4,774,90.203125,138.078125,0.0,3.171875,-1.7417969703674316
12,100,8.75,none,4,775,90.90625,137.78125,0.0,3.203125,-1.2631511688232422
12,100,8.75,none,4,776,89.515625,138.140625,0.0,3.09375,-1.3036460876464844
12,100,8.75,none,4,777,91.078125,139.25,0.0,3.28125,-1.402083396911621
12,100,8.75,none,4,778,89.421875,138.1875,0.0,2.890625,-1.4156250953674316
12,100,8.75,none,4,779,87.96875,138.78125,0.0,3.34375,-0.8834637403488159
12,100,8.75,none,4,780,89.796875,136.84375,0.0,3.109375,-1.5369794368743896
12,100,8.75,none,4,781,91.328125,139.140625,0.0,3.25,-1.8057292699813843
12,100,8.75,none,4,782,89.6875,139.125,0.0,2.921875,-1.2752604484558105
12,100,8.75,none,4,783,89.765625,138.765625,0.0,3.46875,-0.90729159116745
12,100,8.75,none,4,784,90.8125,137.5625,0.0,2.6875,-1.4388021230697632
12,100,8.75,none,4,785,87.90625,136.265625,0.0,3.078125,-1.36328125
12,100,8.75,none,4,786,90.9375,135.703125,0.0,2.921875,-1.5200523138046265
12,100,8.75,none,4,787,89.46875,138.625,0.0,3.3125,-1.2654948234558105
12,100,8.75,none,4,788,91.28125,137.140625,0.0,2.484375,-1.744140625
12,100,8.75,none,4,789,94.734375,137.765625,0.0,2.9375,-1.920182228088379
12,100,8.75,none,4,790,90.4375,138.140625,0.0,2.859375,-1.1533855199813843
12,100,8.75,none,4,791,93.796875,137.703125,0.0,3.0,-1.9800782203674316
12,100,8.75,none,4,792,92.375,136.953125,0.0,3.25,-1.5473957061767578
12,100,8.75,none,4,793,93.0625,139.015625,0.0,2.875,-1.753645896911621
12,100,8.75,none,4,794,93.0,137.8125,0.0,3.4375,-1.6009114980697632
12,100,8.75,none,4,795,94.140625,138.796875,0.0,2.625,-1.7666667699813843
12,100,8.75,none,4,796,92.140625,140.09375,0.0,3.359375,-1.8345054388046265
12,100,8.75,none,4,797,91.5,139.984375,0.0,3.203125,-1.847395896911621
12,100,8.75,none,4,798,91.203125,136.171875,0.0,2.96875,-1.907942771911621
12,100,8.75,none,4,799,92.359375,139.078125,0.0,3.046875,-1.5570313930511475
12,100,8.75,0,0,0,60.484375,59.671875,0.8897489905357361,39.78125,-2.2518234252929688
12,100,8.75,0,0,1,61.0,61.03125,0.9599468111991882,40.234375,-1.564648985862732
12,100,8.75,0,0,2,61.296875,61.90625,0.9498772621154785,40.953125,-1.5768235921859741
12,100,8.75,0,0,3,61.953125,62.8125,0.9326164126396179,40.546875,-2.0543625354766846
12,100,8.75,0,0,4,61.671875,64.171875,0.8906518220901489,42.6875,-2.2386724948883057
12,100,8.75,0,0,5,62.90625,63.875,0.9190824627876282,42.21875,-1.782552719116211
12,100,8.75,0,0,6,67.0,63.796875,0.914935290813446,42.875,-1.8789067268371582
12,100,8.75,0,0,7,64.953125,64.125,0.9818943738937378,42.796875,-1.2341803312301636
12,100,8.75,0,0,8,65.703125,66.4375,0.9538076519966125,44.03125,-1.3906257152557373
12,100,8.75,0,0,9,66.265625,65.9375,0.9938004016876221,43.734375,-1.1067065000534058
12,100,8.75,0,0,10,67.9375,65.953125,0.8904132843017578,44.53125,-2.0412769317626953
12,100,8.75,0,0,11,68.65625,67.90625,1.0218284130096436,44.71875,-0.9909510612487793
12,100,8.75,0,0,12,68.203125,66.984375,0.9751834869384766,45.546875,-1.3257168531417847
12,100,8.75,0,0,13,68.359375,68.203125,0.9603867530822754,46.59375,-1.2321622371673584
12,100,8.75,0,0,14,70.40625,67.828125,0.9518721103668213,46.390625,-1.058919906616211
12,100,8.75,0,0,15,71.0625,68.359375,0.949812650680542,46.03125,-1.6561853885650635
12,100,8.75,0,0,16,69.484375,69.375,0.9830594062805176,47.234375,-1.0848965644836426
12,100,8.75,0,0,17,72.53125,68.40625,0.9573005437850952,47.578125,-1.4160163402557373
12,100,8.75,0,0,18,69.921875,69.390625,1.0283721685409546,48.359375,-1.0867847204208374
12,100,8.75,0,0,19,70.34375,69.203125,0.9500453472137451,48.96875,-0.9848965406417847
12,100,8.75,0,0,20,71.375,69.328125,0.9981874227523804,48.765625,-0.7378262281417847
12,100,8.75,0,0,21,70.703125,69.390625,1.0025088787078857,49.703125,-1.1622402667999268
12,100,8.75,0,0,22,71.171875,68.359375,0.9732106328010559,50.109375,-1.2541674375534058
12,100,8.75,0,0,23,70.03125,70.1875,0.950330913066864,51.109375,-1.10787832736969
12,100,8.75,0,0,24,71.296875,68.1875,0.9391731023788452,51.859375,-1.7916674613952637
12,100,8.75,0,0,25,69.328125,67.453125,1.0318154096603394,52.390625,-1.0288419723510742
12,100,8.75,0,0,26,70.375,69.28125,0.9876277446746826,51.828125,-0.9962248206138611
12,100,8.75,0,0,27,68.28125,69.375,0.9678601622581482,51.703125,-1.3972012996673584
12,100,8.75,0,0,28,70.8125,67.390625,0.9227218627929688,51.96875,-2.128255844116211
12,100,8.75,0,0,29,70.140625,69.140625,1.006130337715149,52.8125,-1.0061205625534058
12,100,8.75,0,0,30,71.09375,69.140625,1.0024558305740356,53.03125,-1.1189460754394531
12,100,8.75,0,0,31,72.046875,67.828125,0.9920721650123596,52.8125,-1.16829514503479
12,100,8.75,0,0,32,70.71875,68.96875,0.9485664367675781,54.0,-1.561263918876648
12,100,8.75,0,0,33,68.953125,66.890625,1.017186164855957,54.296875,-1.038672685623169
12,100,8.75,0,0,34,69.90625,65.625,0.9496982097625732,54.984375,-1.6166675090789795
12,100,8.75,0,0,35,72.09375,67.71875,0.984203040599823,52.875,-2.0959644317626953
12,100,8.75,0,0,36,68.671875,67.140625,0.9761661887168884,55.015625,-1.5793628692626953
12,100,8.75,0,0,37,71.015625,66.40625,0.9857925772666931,53.4375,-1.4093759059906006
12,100,8.75,0,0,38,69.84375,66.5,1.028778076171875,54.71875,-1.0927742719650269
12,100,8.75,0,0,39,70.25,67.765625,0.9625306725502014,54.328125,-1.4977221488952637
12,100,8.75,0,0,40,71.34375,68.46875,0.9746516346931458,54.203125,-1.2562506198883057
12,100,8.75,0,0,41,71.03125,68.609375,0.983264684677124,53.6875,-1.3222663402557373
12,100,8.75,0,0,42,71.171875,67.421875,1.0099616050720215,53.984375,-1.4818366765975952
12,100,8.75,0,0,43,73.03125,69.140625,0.9960094690322876,53.4375,-1.3583343029022217
12,100,8.75,0,0,44,74.203125,69.125,0.9549816250801086,52.953125,-1.7009773254394531
12,100,8.75,0,0,45,73.984375,68.125,0.9431628584861755,53.78125,-1.9896491765975952
12,100,8.75,0,0,46,72.5,69.59375,0.9725619554519653,52.640625,-1.787566065788269
12,100,8.75,0,0,47,72.421875,68.484375,1.0008628368377686,54.453125,-1.3595712184906006
12,100,8.75,0,0,48,72.71875,68.59375,1.0546536445617676,53.921875,-0.857162356376648
12,100,8.75,0,0,49,72.359375,67.296875,1.022477626800537,54.578125,-0.8337898254394531
12,100,8.75,0,0,50,71.390625,69.15625,0.9413367509841919,54.515625,-1.4746100902557373
12,100,8.75,0,0,51,73.34375,68.0,1.0507290363311768,54.375,-1.1332041025161743
12,100,8.75,0,0,52,71.78125,70.296875,0.9922831654548645,54.265625,-1.073959231376648
12,100,8.75,0,0,53,72.6875,68.0625,0.9541708827018738,54.21875,-1.8227221965789795
12,100,8.75,0,0,54,73.234375,68.1875,1.0253945589065552,54.546875,-1.0955085754394531
12,100,8.75,0,0,55,72.15625,67.828125,0.9968435764312744,54.65625,-1.093360185623169
12,100,8.75,0,0,56,72.25,68.515625,0.9686388969421387,54.453125,-1.4101572036743164
12,100,8.75,0,0,57,74.046875,68.09375,1.049131989479065,54.046875,-0.5860688090324402
12,100,8.75,0,0,58,72.296875,70.078125,1.0759470462799072,55.0,-0.24707113206386566
12,100,8.75,0,0,59,72.625,68.78125,0.9808077216148376,55.234375,-1.1580737829208374
12,100,8.75,0,0,60,73.359375,69.625,0.9979940056800842,53.828125,-1.0328783988952637
12,100,8.75,0,0,61,71.9375,69.390625,1.0308103561401367,54.1875,-0.8114592432975769
12,100,8.75,0,0,62,73.109375,69.171875,1.0457144975662231,54.3125,-0.6058602929115295
12,100,8.75,0,0,63,72.828125,67.75,1.0583508014678955,54.609375,-0.7490242719650269
12,100,8.75,0,0,64,71.84375,69.46875,1.0638247728347778,54.515625,-0.5420582294464111
12,100,8.75,0,0,65,72.65625,66.984375,1.032802700996399,54.59375,-0.6686205863952637
12,100,8.75,0,0,66,72.53125,68.515625,1.0653272867202759,55.15625,-0.33424562215805054
12,100,8.75,0,0,67,72.03125,69.484375,1.0813627243041992,55.328125,0.018163245171308517
12,100,8.75,0,0,68,69.515625,69.09375,1.028982400894165,55.265625,-1.2516283988952637
12,100,8.75,0,0,69,69.796875,68.265625,1.0730174779891968,55.140625,-0.30612054467201233
12,100,8.75,0,0,70,72.65625,67.359375,1.0334769487380981,54.59375,-0.9312509298324585
12,100,8.75,0,0,71,70.703125,68.921875,1.0057120323181152,55.125,-1.2644538879394531
12,100,8.75,0,0,72,71.265625,69.3125,0.9728106260299683,53.84375,-1.8100268840789795
12,100,8.75,0,0,73,71.5625,67.8125,1.0263878107070923,54.765625,-1.089909553527832
12,100,8.75,0,0,74,71.34375,67.6875,1.038564920425415,54.953125,-0.843685507774353
12,100,8.75,0,0,75,71.796875,68.34375,1.012541651725769,54.78125,-0.8199226260185242
12,100,8.75,0,0,76,69.84375,70.21875,1.0862406492233276,55.078125,-0.00631578778848052
12,100,8.75,0,0,77,70.5625,67.484375,1.0114917755126953,54.734375,-0.8244799375534058
12,100,8.75,0,0,78,70.03125,69.609375,0.9604204297065735,54.4375,-1.3287118673324585
12,100,8.75,0,0,79,70.609375,67.0,0.9398065209388733,54.8125,-1.7852872610092163
12,100,8.75,0,0,80,70.09375,68.34375,1.0415509939193726,54.53125,-1.025131106376648
12,100,8.75,0,0,81,68.0625,68.421875,0.9894664287567139,55.078125,-1.1268887519836426
12,100,8.75,0,0,82,70.265625,68.234375,1.025658369064331,54.8125,-1.0781258344650269
12,100,8.75,0,0,83,69.15625,68.875,0.9711529016494751,54.34375,-1.3292325735092163
12,100,8.75,0,0,84,69.46875,69.046875,0.9911746978759766,54.203125,-1.603841781616211
12,100,8.75,0,0,85,70.90625,69.359375,1.0254478454589844,53.703125,-1.2166023254394531
12,100,8.75,0,0,86,69.953125,69.359375,0.975727379322052,55.0625,-1.4587897062301636
12,100,8.75,0,0,87,71.765625,65.828125,0.9598782062530518,54.609375,-1.919011116027832
12,100,8.75,0,0,88,70.390625,68.328125,0.9908807873725891,55.234375,-1.315300464630127
12,100,8.75,0,0,89,70.109375,70.234375,1.0431784391403198,54.546875,-0.5953130722045898
12,100,8.75,0,0,90,70.671875,68.890625,0.938838005065918,55.109375,-1.2097011804580688
12,100,8.75,0,0,91,71.125,68.203125,1.027492880821228,55.3125,-0.9159513711929321
12,100,8.75,0,0,92,72.140625,70.40625,1.0308629274368286,54.0625,-0.5751309394836426
12,100,8.75,0,0,93,71.703125,69.171875,0.9952386617660522,54.359375,-1.3695319890975952
12,100,8.75,0,0,94,71.109375,69.953125,1.0325937271118164,54.90625,-1.034896731376648
12,100,8.75,0,0,95,72.125,68.484375,0.9797868132591248,54.59375,-1.194076418876648
12,100,8.75,0,0,96,72.4375,67.875,1.0617263317108154,54.8125,-0.8014330267906189
12,100,8.75,0,0,97,71.40625,69.109375,1.0886751413345337,55.421875,-0.13912835717201233
12,100,8.75,0,0,98,71.78125,68.71875,0.9788768887519836,55.1875,-1.4201830625534058
12,100,8.75,0,0,99,72.828125,69.078125,0.974862277507782,54.90625,-1.1556649208068848
12,100,8.75,0,0,100,69.6875,69.078125,1.0261273384094238,55.140625,-1.0700531005859375
12,100,8.75,0,0,101,71.59375,67.125,0.9414957761764526,55.328125,-1.5955085754394531
12,100,8.75,0,0,102,71.421875,69.484375,0.9732344746589661,55.328125,-1.5375659465789795
12,100,8.75,0,0,103,71.828125,69.25,1.0261027812957764,54.859375,-0.931836724281311
12,100,8.75,0,0,104,71.5,69.953125,0.9969043731689453,55.25,-0.9049488306045532
12,100,8.75,0,0,105,71.28125,68.453125,1.0572715997695923,55.40625,-0.46992284059524536
12,100,8.75,0,0,106,71.984375,69.140625,1.0274723768234253,53.875,-0.8216806650161743
12,100,8.75,0,0,107,69.015625,69.578125,1.0188367366790771,55.609375,-0.7844409942626953
12,100,8.75,0,0,108,70.0625,67.03125,1.0183570384979248,55.65625,-1.0288419723510742
12,100,8.75,0,0,109,71.296875,67.796875,0.9788255095481873,56.296875,-1.2663419246673584
12,100,8.75,0,0,110,70.078125,69.140625,1.0672950744628906,55.6875,-0.8380217552185059
12,100,8.75,0,0,111,69.765625,68.140625,1.0075945854187012,55.25,-1.5307950973510742
12,100,8.75,0,0,112,69.625,67.171875,1.0037312507629395,56.5,-1.3280606269836426
12,100,8.75,0,0,113,69.828125,66.9375,1.0098991394042969,55.9375,-1.0876309871673584
12,100,8.75,0,0,114,70.921875,68.578125,0.9618235230445862,55.609375,-1.5931648015975952
12,100,8.75,0,0,115,70.375,66.53125,0.9925959706306458,55.609375,-1.3104174137115479
12,100,8.75,0,0,116,71.171875,68.28125,0.9549282789230347,55.90625,-1.6870450973510742
12,100,8.75,0,0,117,69.71875,68.484375,1.0096635818481445,56.3125,-0.7915372848510742
12,100,8.75,0,0,118,72.28125,68.21875,1.0323816537857056,55.3125,-1.0462249517440796
12,100,8.75,0,0,119,69.71875,66.546875,0.9718542098999023,56.140625,-1.8528001308441162
12,100,8.75,0,0,120,70.765625,68.25,1.0092514753341675,55.359375,-0.82461017370224
12,100,8.75,0,0,121,70.96875,65.921875,1.024237036705017,54.734375,-1.0046883821487427
12,100,8.75,0,0,122,73.421875,67.734375,0.9996801018714905,55.015625,-1.54231858253479
12,100,8.75,0,0,123,70.34375,67.390625,1.0196945667266846,56.453125,-1.225782036781311
12,100,8.75,0,0,124,71.734375,67.484375,1.0199344158172607,55.03125,-0.5999358892440796
12,100,8.75,0,0,125,71.265625,67.109375,0.9930871725082397,55.453125,-1.4447274208068848
12,100,8.75,0,0,126,72.75,67.84375,1.0279169082641602,54.453125,-1.1198575496673584
12,100,8.75,0,0,127,71.21875,68.71875,1.0209615230560303,55.203125,-0.9584643244743347
12,100,8.75,0,0,128,72.578125,67.9375,1.000056266784668,55.921875,-0.766342043876648
12,100,8.75,0,0,129,71.21875,67.703125,0.9901230931282043,55.0625,-1.3675788640975952
12,100,8.75,0,0,130,71.984375,66.65625,1.0355085134506226,55.34375,-1.2136075496673584
12,100,8.75,0,0,131,71.890625,66.328125,0.9848495125770569,55.8125,-1.3996752500534058
12,100,8.75,0,0,132,71.671875,67.75,1.018805742263794,55.546875,-1.1212899684906006
12,100,8.75,0,0,133,72.734375,67.734375,1.029232382774353,55.234375,-1.413412094116211
12,100,8.75,0,0,134,72.28125,67.921875,1.0141185522079468,55.796875,-0.8990893363952637
12,100,8.75,0,0,135,72.71875,66.5625,1.0263710021972656,55.890625,-1.2003263235092163
12,100,8.75,0,0,136,70.71875,69.5625,1.0317573547363281,56.390625,-0.6380869746208191
12,100,8.75,0,0,137,69.765625,69.640625,1.0435822010040283,55.96875,-0.6236337423324585
12,100,8.75,0,0,138,72.65625,68.15625,1.0156959295272827,55.875,-0.6956388354301453
12,100,8.75,0,0,139,72.28125,68.0,0.9223602414131165,55.296875,-1.9740242958068848
12,100,8.75,0,0,140,71.578125,70.421875,1.037472128868103,55.09375,-0.5856778621673584
12,100,8.75,0,0,141,72.453125,68.203125,1.0195313692092896,56.453125,-0.8919280767440796
12,100,8.75,0,0,142,73.375,67.734375,0.9956008195877075,55.53125,-1.390235185623169
12,100,8.75,0,0,143,75.59375,68.484375,1.0276319980621338,54.703125,-0.9460296034812927
12,100,8.75,0,0,144,69.8125,68.984375,1.038475513458252,56.328125,-0.7083341479301453
12,100,8.75,0,0,145,71.0625,67.578125,0.9764519929885864,55.9375,-1.5398445129394531
12,100,8.75,0,0,146,72.84375,67.140625,1.038681149482727,55.625,-0.8010425567626953
12,100,8.75,0,0,147,72.796875,67.25,0.9684014916419983,55.734375,-1.8642585277557373
12,100,8.75,0,0,148,70.75,68.34375,1.0482844114303589,56.578125,-0.9180997610092163
12,100,8.75,0,0,149,71.46875,68.21875,1.011756420135498,55.890625,-1.097396731376648
12,100,8.75,0,0,150,72.484375,68.53125,1.0183005332946777,55.359375,-1.2771492004394531
12,100,8.75,0,0,151,71.953125,66.515625,1.0756597518920898,55.890625,-1.0323576927185059
12,100,8.75,0,0,152,72.984375,66.4375,0.9900602698326111,56.5625,-1.2190762758255005
12,100,8.75,0,0,153,72.40625,69.96875,0.9968664050102234,55.65625,-1.0292328596115112
12,100,8.75,0,0,154,71.28125,66.015625,1.023491621017456,56.640625,-0.8944669961929321
12,100,8.75,0,0,155,72.796875,68.078125,1.0243457555770874,56.171875,-0.8167977333068848
12,100,8.75,0,0,156,70.921875,67.984375,1.0660240650177002,56.25,-0.8673836588859558
12,100,8.75,0,0,157,70.25,65.9375,0.9934353232383728,56.296875,-1.672331690788269
12,100,8.75,0,0,158,72.0,65.40625,1.0291987657546997,55.5,-1.221420168876648
12,100,8.75,0,0,159,72.25,68.96875,1.0632785558700562,55.671875,-0.6671233177185059
12,100,8.75,0,0,160,71.6875,69.234375,0.9505819082260132,55.859375,-1.843815803527832
12,100,8.75,0,0,161,69.65625,68.015625,1.0618289709091187,56.546875,-0.9577481150627136
12,100,8.75,0,0,162,72.59375,66.515625,1.0604087114334106,55.46875,-0.3699878454208374
12,100,8.75,0,0,163,69.71875,67.65625,1.053757905960083,56.34375,-0.6303393840789795
12,100,8.75,0,0,164,73.125,66.453125,1.0622432231903076,56.296875,-0.558854877948761
12,100,8.75,0,0,165,72.71875,68.125,1.0214903354644775,56.40625,-0.47044357657432556
12,100,8.75,0,0,166,72.3125,67.359375,1.040022611618042,56.0,-1.0723967552185059
12,100,8.75,0,0,167,71.96875,67.75,1.0163975954055786,56.640625,-0.7968759536743164
12,100,8.75,0,0,168,72.5,69.03125,0.9303269982337952,56.140625,-1.9973315000534058
12,100,8.75,0,0,169,69.453125,67.9375,1.0603764057159424,56.40625,-0.3841153383255005
12,100,8.75,0,0,170,72.359375,68.140625,1.065260887145996,55.921875,-0.5918628573417664
12,100,8.75,0,0,171,72.5625,68.125,1.05524480342865,56.1875,-0.89199298620224
12,100,8.75,0,0,172,72.5,67.46875,1.0937749147415161,56.359375,-0.05345135182142258
12,100,8.75,0,0,173,71.0,68.140625,1.0322365760803223,56.328125,-0.8873708248138428
12,100,8.75,0,0,174,71.296875,68.625,1.0031155347824097,56.515625,-1.239844560623169
12,100,8.75,0,0,175,72.46875,68.375,1.0856173038482666,56.53125,-0.3330738842487335
12,100,8.75,0,0,176,71.671875,68.78125,1.0537079572677612,56.046875,-0.48196685314178467
12,100,8.75,0,0,177,69.59375,68.375,1.0397347211837769,57.609375,-0.20039141178131104
12,100,8.75,0,0,178,72.78125,69.03125,1.05962336063385,56.28125,-0.144076406955719
12,100,8.75,0,0,179,73.546875,67.421875,1.0106112957000732,55.921875,-1.4631519317626953
12,100,8.75,0,0,180,72.28125,69.765625,1.0276281833648682,55.875,-0.91250079870224
12,100,8.75,0,0,181,70.34375,70.3125,0.9540423154830933,56.4375,-1.3173837661743164
12,100,8.75,0,0,182,70.703125,68.296875,1.0318654775619507,56.203125,-0.7932950854301453
12,100,8.75,0,0,183,71.921875,69.390625,1.0159077644348145,56.703125,-0.7501963376998901
12,100,8.75,0,0,184,72.71875,67.359375,1.0755414962768555,56.125,-0.4647143483161926
12,100,8.75,0,0,185,69.59375,68.59375,1.0446994304656982,56.734375,-0.5819019079208374
12,100,8.75,0,0,186,71.78125,69.921875,1.0249744653701782,55.265625,-1.1140632629394531
12,100,8.75,0,0,187,72.71875,70.203125,0.9886536598205566,56.3125,-0.6974619626998901
12,100,8.75,0,0,188,73.390625,67.640625,1.0282942056655884,56.4375,-0.6106778383255005
12,100,8.75,0,0,189,71.34375,70.71875,1.0578413009643555,55.546875,-0.4120451807975769
12,100,8.75,0,0,190,70.234375,69.875,1.0144214630126953,56.625,-0.933334231376648
12,100,8.75,0,0,191,71.40625,68.1875,1.0421078205108643,56.953125,-0.5084643363952637
12,100,8.75,0,0,192,73.671875,67.9375,1.0447076559066772,56.625,-0.9328784942626953
12,100,8.75,0,0,193,71.296875,68.4375,1.080297827720642,56.875,-0.2888030707836151
12,100,8.75,0,0,194,72.3125,68.203125,0.9788511991500854,56.234375,-1.4102872610092163
12,100,8.75,0,0,195,71.640625,69.75,1.0160473585128784,57.015625,-0.9216804504394531
12,100,8.75,0,0,196,72.65625,70.4375,1.0242549180984497,56.421875,-0.8822274208068848
12,100,8.75,0,0,197,73.171875,69.625,1.0240039825439453,55.953125,-0.9841155409812927
12,100,8.75,0,0,198,71.21875,71.4375,1.0401360988616943,55.984375,-0.31562569737434387
12,100,8.75,0,0,199,72.84375,69.25,1.0098786354064941,56.609375,-0.9014983177185059
12,100,8.75,0,0,200,71.6875,68.53125,1.0108017921447754,56.859375,-0.5906258821487427
12,100,8.75,0,0,201,72.203125,70.21875,1.0624207258224487,56.296875,-0.776107668876648
12,100,8.75,0,0,202,72.765625,68.875,1.0712090730667114,56.09375,-0.6685556173324585
12,100,8.75,0,0,203,73.203125,69.65625,1.033626675605774,56.796875,-0.2794279456138611
12,100,8.75,0,0,204,73.015625,67.1875,1.0263069868087769,56.6875,-0.6888028383255005
12,100,8.75,0,0,205,70.6875,67.59375,1.0190595388412476,57.03125,-1.188672661781311
12,100,8.75,0,0,206,72.875,67.65625,0.9963523149490356,57.484375,-0.9250008463859558
12,100,8.75,0,0,207,73.265625,68.265625,1.0847653150558472,56.203125,-0.8195971846580505
12,100,8.75,0,0,208,70.78125,70.453125,1.0415360927581787,56.578125,-0.5283861756324768
12,100,8.75,0,0,209,72.859375,68.78125,1.0064712762832642,57.078125,-0.7414070963859558
12,100,8.75,0,0,210,71.90625,69.25,1.0397357940673828,56.546875,-0.6202481389045715
12,100,8.75,0,0,211,71.0625,70.15625,1.0513263940811157,57.0,-0.19531342387199402
12,100,8.75,0,0,212,70.0,69.28125,1.0211595296859741,57.203125,-0.9472665786743164
12,100,8.75,0,0,213,73.296875,69.0,1.0430963039398193,56.4375,-1.0013680458068848
12,100,8.75,0,0,214,71.4375,68.78125,1.027623176574707,56.96875,-0.7938810586929321
12,100,8.75,0,0,215,70.59375,70.3125,1.0443062782287598,56.5,-0.7884122729301453
12,100,8.75,0,0,216,74.34375,69.0,1.0382754802703857,56.578125,-0.7824878692626953
12,100,8.75,0,0,217,70.828125,70.6875,1.0202245712280273,56.921875,-0.9566415548324585
12,100,8.75,0,0,218,71.984375,69.0625,1.03938889503479,56.671875,-0.6079434752464294
12,100,8.75,0,0,219,71.46875,69.609375,1.0382148027420044,57.390625,-0.7016937136650085
12,100,8.75,0,0,220,71.296875,70.109375,0.9922915697097778,56.59375,-1.0577481985092163
12,100,8.75,0,0,221,71.046875,68.84375,1.044816255569458,56.140625,-0.6891285181045532
12,100,8.75,0,0,222,73.5,69.359375,1.0560810565948486,56.15625,-0.4372405409812927
12,100,8.75,0,0,223,70.25,70.453125,1.036167860031128,57.15625,-0.5255216360092163
12,100,8.75,0,0,224,70.84375,70.421875,1.068098783493042,56.484375,-0.47565191984176636
12,100,8.75,0,0,225,70.5625,69.09375,1.078325867652893,57.5,-0.2159513682126999
12,100,8.75,0,0,226,72.3125,71.40625,1.0874528884887695,57.296875,-0.1444019377231598
12,100,8.75,0,0,227,72.21875,69.71875,0.9654675126075745,57.125,-1.2457040548324585
12,100,8.75,0,0,228,70.59375,69.25,0.9899757504463196,56.9375,-1.1208992004394531
12,100,8.75,0,0,229,73.78125,68.640625,1.0403385162353516,56.109375,-1.17317795753479
12,100,8.75,0,0,230,70.21875,68.953125,1.0272046327590942,57.140625,-0.8548835515975952
12,100,8.75,0,0,231,73.65625,67.640625,1.0079435110092163,56.609375,-1.4497406482696533
12,100,8.75,0,0,232,71.34375,66.859375,1.1300687789916992,56.5,-0.08606846630573273
12,100,8.75,0,0,233,71.984375,69.125,1.0463334321975708,56.515625,-0.9412117004394531
12,100,8.75,0,0,234,72.96875,68.859375,1.0232325792312622,56.15625,-0.9707039594650269
12,100,8.75,0,0,235,72.8125,70.734375,0.9915981292724609,56.84375,-0.7393237948417664
12,100,8.75,0,0,236,71.09375,68.96875,1.0704450607299805,55.734375,-0.7223315238952637
12,100,8.75,0,0,237,71.734375,69.671875,1.0243635177612305,57.046875,-0.8429695963859558
12,100,8.75,0,0,238,73.171875,69.40625,1.0271021127700806,56.96875,-0.3253265619277954
12,100,8.75,0,0,239,72.71875,69.8125,1.0678133964538574,56.546875,-0.6232430934906006
12,100,8.75,0,0,240,70.421875,68.625,1.0895880460739136,57.359375,-0.5085946917533875
12,100,8.75,0,0,241,73.359375,69.328125,0.9944007992744446,57.0,-1.3099619150161743
12,100,8.75,0,0,242,71.34375,69.765625,0.9993117451667786,56.640625,-1.1255868673324585
12,100,8.75,0,0,243,73.140625,69.25,1.0439079999923706,57.09375,-0.5774097442626953
12,100,8.75,0,0,244,70.59375,70.71875,1.0623376369476318,56.734375,-0.13444089889526367
12,100,8.75,0,0,245,70.15625,70.703125,1.0631641149520874,57.09375,0.042707353830337524
12,100,8.75,0,0,246,72.875,69.625,1.0149842500686646,57.203125,-1.0542327165603638
12,100,8.75,0,0,247,71.375,69.546875,1.0421903133392334,56.984375,-0.94570392370224
12,100,8.75,0,0,248,71.234375,69.984375,1.0310779809951782,56.71875,-0.7658211588859558
12,100,8.75,0,0,249,71.609375,69.9375,1.0911225080490112,56.828125,-0.4960293769836426
12,100,8.75,0,0,250,71.578125,69.875,1.0735688209533691,55.828125,-0.46347731351852417
12,100,8.75,0,0,251,72.3125,69.984375,1.0634759664535522,56.0,-0.7558600902557373
12,100,8.75,0,0,252,73.53125,69.15625,1.0194627046585083,56.390625,-1.3083994388580322
12,100,8.75,0,0,253,70.34375,70.0625,1.0370579957962036,56.609375,-0.9337247610092163
12,100,8.75,0,0,254,72.265625,69.203125,1.0182557106018066,56.703125,-0.8403655290603638
12,100,8.75,0,0,255,72.375,67.53125,1.0842359066009521,57.109375,-0.026693424209952354
12,100,8.75,0,0,256,71.484375,70.28125,1.0596925020217896,57.015625,-0.7685555219650269
12,100,8.75,0,0,257,72.046875,69.609375,1.0287922620773315,56.625,-1.3406908512115479
12,100,8.75,0,0,258,72.046875,70.609375,1.0117088556289673,57.625,-0.5430997610092163
12,100,8.75,0,0,259,72.625,67.21875,1.051920771598816,57.109375,-0.6173186898231506
12,100,8.75,0,0,260,72.109375,71.484375,1.0379290580749512,57.0,-0.5362637639045715
12,100,8.75,0,0,261,71.359375,70.671875,1.0410540103912354,56.203125,-0.8021492958068848
12,100,8.75,0,0,262,70.90625,70.5,1.055486798286438,56.390625,-0.8832690119743347
12,100,8.75,0,0,263,73.34375,70.421875,1.0543148517608643,56.578125,-0.551433265209198
12,100,8.75,0,0,264,72.328125,70.453125,0.9942834973335266,56.546875,-1.0714200735092163
12,100,8.75,0,0,265,73.71875,68.4375,1.0730910301208496,57.75,-0.20182375609874725
12,100,8.75,0,0,266,72.65625,70.171875,1.0898021459579468,56.984375,-0.33333420753479004
12,100,8.75,0,0,267,71.328125,69.453125,1.0015445947647095,57.03125,-0.8138680458068848
12,100,8.75,0,0,268,70.234375,72.328125,1.0336345434188843,56.578125,-0.6432300806045532
12,100,8.75,0,0,269,72.859375,71.734375,1.0389763116836548,56.640625,-0.35306069254875183
12,100,8.75,0,0,270,72.890625,69.828125,1.0861852169036865,56.84375,-0.45227980613708496
12,100,8.75,0,0,271,71.75,69.828125,1.0566383600234985,56.734375,-0.5570970773696899
12,100,8.75,0,0,272,71.96875,71.046875,1.0432348251342773,57.5,-0.744727373123169
12,100,8.75,0,0,273,71.171875,71.015625,1.0461843013763428,57.859375,-0.4796884059906006
12,100,8.75,0,0,274,72.609375,69.484375,1.0409998893737793,56.046875,-1.1471360921859741
12,100,8.75,0,0,275,69.453125,69.921875,1.0491142272949219,57.671875,-0.5405607223510742
12,100,8.75,0,0,276,72.96875,69.359375,0.9851772785186768,56.78125,-0.9239593744277954
12,100,8.75,0,0,277,72.203125,71.28125,0.9765415191650391,56.28125,-1.109831690788269
12,100,8.75,0,0,278,72.140625,69.046875,1.0434777736663818,58.03125,-0.5591153502464294
12,100,8.75,0,0,279,70.203125,71.234375,0.9725041389465332,57.234375,-0.8729175329208374
12,100,8.75,0,0,280,72.296875,71.828125,1.078187346458435,57.359375,0.11653556674718857
12,100,8.75,0,0,281,72.703125,71.015625,0.9764692783355713,56.890625,-1.198828935623169
12,100,8.75,0,0,282,70.875,68.59375,1.009804606437683,57.0,-1.0293627977371216
12,100,8.75,0,0,283,71.765625,70.609375,0.9890729784965515,57.078125,-1.1816415786743164
12,100,8.75,0,0,284,74.203125,70.515625,1.0622392892837524,56.46875,-0.6801440715789795
12,100,8.75,0,0,285,73.015625,67.5,0.9937642216682434,57.8125,-1.0876963138580322
12,100,8.75,0,0,286,73.453125,70.734375,1.058266043663025,57.71875,-0.36510515213012695
12,100,8.75,0,0,287,71.953125,70.0,1.0511704683303833,57.046875,-0.5411467552185059
12,100,8.75,0,0,288,71.0625,72.375,1.089611291885376,56.859375,-0.46425861120224
12,100,8.75,0,0,289,71.203125,70.28125,1.0598543882369995,56.953125,-0.08457118272781372
12,100,8.75,0,0,290,72.46875,71.421875,1.0688886642456055,56.484375,-0.22649824619293213
12,100,8.75,0,0,291,73.46875,71.265625,1.0579572916030884,56.890625,-0.8310556411743164
12,100,8.75,0,0,292,74.484375,69.96875,0.9880056381225586,55.890625,-1.6845061779022217
12,100,8.75,0,0,293,71.921875,71.5,1.0409501791000366,56.6875,-0.7595713138580322
12,100,8.75,0,0,294,71.859375,70.71875,1.035313606262207,56.671875,-0.7498706579208374
12,100,8.75,0,0,295,73.09375,69.453125,1.0413641929626465,56.96875,-0.8907560110092163
12,100,8.75,0,0,296,72.390625,72.15625,0.9876055121421814,56.40625,-0.9131518602371216
12,100,8.75,0,0,297,71.46875,71.609375,1.0457578897476196,58.0,-0.26601648330688477
12,100,8.75,0,0,298,73.6875,71.53125,1.0051209926605225,56.484375,-0.9702482223510742
12,100,8.75,0,0,299,72.34375,71.046875,1.0796986818313599,57.796875,0.08320221304893494
12,100,8.75,0,0,300,70.390625,72.25,0.9827342629432678,56.5625,-1.2328134775161743
12,100,8.75,0,0,301,73.5625,71.09375,1.07652747631073,55.8125,-0.33606845140457153
12,100,8.75,0,0,302,74.859375,69.078125,1.038428544998169,56.390625,-0.6796883940696716
12,100,8.75,0,0,303,71.4375,73.125,1.0004490613937378,57.125,-1.0504564046859741
12,100,8.75,0,0,304,73.8125,68.21875,1.0147197246551514,57.53125,-0.97981858253479
12,100,8.75,0,0,305,72.296875,70.96875,1.0322325229644775,56.796875,-0.7817065715789795
12,100,8.75,0,0,306,72.9375,71.453125,1.0383756160736084,56.65625,-0.6933603286743164
12,100,8.75,0,0,307,71.0625,68.984375,1.0429551601409912,58.203125,-0.44303497672080994
12,100,8.75,0,0,308,72.421875,69.265625,0.9831929802894592,57.21875,-1.4413418769836426
12,100,8.75,0,0,309,70.671875,71.53125,1.0280706882476807,57.234375,-0.7258471846580505
12,100,8.75,0,0,310,71.453125,72.40625,1.082836627960205,57.203125,-0.10670655965805054
12,100,8.75,0,0,311,71.703125,71.515625,1.072730541229248,56.515625,-0.5604175925254822
12,100,8.75,0,0,312,71.46875,70.890625,1.0401779413223267,56.921875,-0.7645842432975769
12,100,8.75,0,0,313,71.5,72.234375,1.0211188793182373,56.578125,-0.8330739736557007
12,100,8.75,0,0,314,72.5,71.75,1.0349100828170776,58.03125,-0.3371753394603729
12,100,8.75,0,0,315,72.734375,69.25,1.061824083328247,57.953125,-0.49342548847198486
12,100,8.75,0,0,316,72.0625,72.953125,0.9777605533599854,56.828125,-1.3002612590789795
12,100,8.75,0,0,317,72.5625,71.640625,0.9998051524162292,56.96875,-0.7457040548324585
12,100,8.75,0,0,318,73.0,68.859375,1.0265079736709595,57.171875,-0.7598967552185059
12,100,8.75,0,0,319,72.703125,69.796875,1.0868825912475586,57.234375,-0.5923186540603638
12,100,8.75,0,0,320,73.0,69.6875,1.021016240119934,56.71875,-1.162826418876648
12,100,8.75,0,0,321,72.09375,71.3125,1.042333722114563,57.078125,-0.9606127738952637
12,100,8.75,0,0,322,70.9375,69.359375,0.9792785048484802,57.6875,-1.0080087184906006
12,100,8.75,0,0,323,70.578125,71.03125,1.0192738771438599,56.796875,-0.8891283869743347
12,100,8.75,0,0,324,71.5625,71.609375,1.0415679216384888,57.28125,-1.2710297107696533
12,100,8.75,0,0,325,71.4375,71.828125,1.0471692085266113,56.78125,-0.6408861875534058
12,100,8.75,0,0,326,71.796875,70.3125,1.0165590047836304,57.53125,-1.1727871894836426
12,100,8.75,0,0,327,71.96875,68.5,0.993554949760437,56.90625,-1.2701830863952637
12,100,8.75,0,0,328,72.359375,71.203125,0.9929543733596802,56.859375,-1.2813160419464111
12,100,8.75,0,0,329,71.578125,70.703125,1.0882445573806763,57.90625,0.046353261917829514
12,100,8.75,0,0,330,71.84375,69.875,0.9648284316062927,57.828125,-1.4585293531417847
12,100,8.75,0,0,331,71.421875,71.46875,1.0218693017959595,57.515625,-0.6310555934906006
12,100,8.75,0,0,332,70.859375,70.625,0.999744176864624,57.25,-1.2609384059906006
12,100,8.75,0,0,333,71.390625,70.3125,0.9832784533500671,57.5625,-1.0377612113952637
12,100,8.75,0,0,334,71.90625,69.96875,1.049443006515503,57.34375,-0.5048185586929321
12,100,8.75,0,0,335,72.4375,71.59375,1.0811400413513184,57.34375,-0.03684985637664795
12,100,8.75,0,0,336,73.21875,71.703125,1.0166815519332886,57.671875,-0.8414071798324585
12,100,8.75,0,0,337,71.1875,69.296875,0.994483470916748,58.109375,-1.019987940788269
12,100,8.75,0,0,338,71.90625,73.203125,1.0744798183441162,57.1875,-0.2643888592720032
12,100,8.75,0,0,339,72.28125,70.78125,0.9462904334068298,57.125,-1.4680345058441162
12,100,8.75,0,0,340,71.09375,70.65625,1.027143120765686,57.90625,-0.8660814762115479
12,100,8.75,0,0,341,71.421875,69.84375,0.9874165654182434,57.546875,-1.2469409704208374
12,100,8.75,0,0,342,71.15625,70.0,1.0122356414794922,57.953125,-1.000847339630127
12,100,8.75,0,0,343,70.65625,70.4375,1.0182467699050903,57.953125,-1.0145189762115479
12,100,8.75,0,0,344,72.203125,72.71875,0.9674017429351807,57.0,-1.2958992719650269
12,100,8.75,0,0,345,72.28125,69.640625,1.0176633596420288,57.703125,-1.1111336946487427
12,100,8.75,0,0,346,69.921875,72.09375,1.0600039958953857,57.90625,-0.19095157086849213
12,100,8.75,0,0,347,72.484375,72.171875,1.0087679624557495,57.890625,-0.45924562215805054
12,100,8.75,0,0,348,71.546875,72.265625,1.0613762140274048,57.53125,-0.6423186659812927
12,100,8.75,0,0,349,72.96875,71.8125,1.051344633102417,57.109375,-0.7076832056045532
12,100,8.75,0,0,350,71.390625,74.234375,0.997376561164856,56.59375,-0.9447924494743347
12,100,8.75,0,0,351,70.859375,72.875,0.9959280490875244,57.8125,-0.7730478048324585
12,100,8.75,0,0,352,70.59375,70.671875,0.9899969696998596,57.53125,-1.206641435623169
12,100,8.75,0,0,353,71.0,71.921875,1.031644582748413,57.265625,-0.7854827642440796
12,100,8.75,0,0,354,70.5625,72.078125,0.963089108467102,57.046875,-1.569076418876648
12,100,8.75,0,0,355,71.46875,73.1875,1.0400699377059937,57.578125,-0.3644539713859558
12,100,8.75,0,0,356,70.34375,72.234375,1.0369958877563477,57.46875,-0.7900400161743164
12,100,8.75,0,0,357,72.703125,72.203125,1.0666190385818481,56.921875,-0.22428473830223083
12,100,8.75,0,0,358,71.984375,70.828125,1.0015448331832886,57.359375,-0.6998707056045532
12,100,8.75,0,0,359,73.875,72.296875,1.0611778497695923,57.21875,-0.1031910702586174
12,100,8.75,0,0,360,72.4375,71.796875,1.0215855836868286,57.71875,-0.37630313634872437
12,100,8.75,0,0,361,72.421875,72.984375,1.0608233213424683,57.0,-0.5312508940696716
12,100,8.75,0,0,362,71.9375,71.53125,1.0488229990005493,57.453125,-0.5039072632789612
12,100,8.75,0,0,363,71.046875,70.171875,1.0016406774520874,57.515625,-0.7951831817626953
12,100,8.75,0,0,364,71.09375,72.890625,1.0451606512069702,57.109375,-0.7106127738952637
12,100,8.75,0,0,365,71.75,71.171875,0.9461658000946045,58.03125,-1.3170580863952637
12,100,8.75,0,0,366,72.078125,72.09375,0.9868899583816528,57.234375,-1.213477373123169
12,100,8.75,0,0,367,72.421875,71.828125,1.0474530458450317,56.984375,-0.3752611577510834
12,100,8.75,0,0,368,72.546875,72.609375,1.039948582649231,56.90625,-0.8704437017440796
12,100,8.75,0,0,369,72.484375,72.125,1.016648769378662,56.34375,-0.7185556292533875
12,100,8.75,0,0,370,73.375,73.53125,1.037837266921997,56.78125,-0.413737952709198
12,100,8.75,0,0,371,70.40625,73.328125,1.0225002765655518,57.5,-0.3757171332836151
12,100,8.75,0,0,372,72.484375,71.078125,0.9947938323020935,56.953125,-1.1253265142440796
12,100,8.75,0,0,373,71.046875,72.203125,1.0703822374343872,57.9375,-0.04414157196879387
12,100,8.75,0,0,374,70.859375,71.28125,1.0406635999679565,58.09375,-0.8357429504394531
12,100,8.75,0,0,375,73.09375,73.078125,0.9843724370002747,56.390625,-1.1475920677185059
12,100,8.75,0,0,376,69.265625,73.25,0.9579737186431885,58.0625,-1.1367195844650269
12,100,8.75,0,0,377,70.875,74.65625,1.0726999044418335,58.0,-0.14420661330223083
12,100,8.75,0,0,378,72.796875,71.921875,1.0835484266281128,56.65625,-0.4991545081138611
12,100,8.75,0,0,379,70.921875,73.53125,1.0779839754104614,57.515625,0.31002500653266907
12,100,8.75,0,0,380,72.984375,70.703125,0.9967004060745239,57.25,-1.6382168531417847
12,100,8.75,0,0,381,72.640625,71.4375,1.0224813222885132,56.96875,-1.1241545677185059
12,100,8.75,0,0,382,71.09375,72.03125,1.0181561708450317,56.8125,-0.8304044008255005
12,100,8.75,0,0,383,69.421875,75.03125,1.1244832277297974,57.5625,0.4483063817024231
12,100,8.75,0,0,384,70.890625,73.890625,1.0677770376205444,58.171875,-0.407097190618515
12,100,8.75,0,0,385,72.453125,71.984375,1.03410005569458,57.3125,-0.6228524446487427
12,100,8.75,0,0,386,72.75,71.5,1.0589526891708374,57.578125,-0.2305348962545395
12,100,8.75,0,0,387,72.109375,72.0,1.068190336227417,57.40625,-0.44811272621154785
12,100,8.75,0,0,388,71.609375,72.796875,1.0913331508636475,57.4375,-0.02135499380528927
12,100,8.75,0,0,389,71.53125,72.625,1.0043740272521973,56.34375,-1.331120491027832
12,100,8.75,0,0,390,71.109375,73.734375,1.0936260223388672,58.296875,-0.4425138235092163
12,100,8.75,0,0,391,71.609375,74.359375,1.0372393131256104,57.828125,-0.8234384059906006
12,100,8.75,0,0,392,68.28125,74.75,1.0285331010818481,57.953125,0.012238661758601665
12,100,8.75,0,0,393,72.84375,72.71875,1.096350908279419,56.609375,-0.36048269271850586
12,100,8.75,0,0,394,70.65625,72.484375,1.0414361953735352,56.71875,-1.2223315238952637
12,100,8.75,0,0,395,72.421875,72.8125,1.0277208089828491,57.0,-0.658789873123169
12,100,8.75,0,0,396,69.671875,72.6875,0.9995728135108948,56.796875,-1.3815762996673584
12,100,8.75,0,0,397,69.8125,77.265625,1.0968308448791504,56.828125,-0.009180545806884766
12,100,8.75,0,0,398,72.390625,73.28125,1.0098962783813477,57.578125,-0.683269202709198
12,100,8.75,0,0,399,70.71875,72.734375,0.9825284481048584,56.859375,-1.1009771823883057
12,100,8.75,0,0,400,68.859375,73.859375,1.0605629682540894,57.390625,-0.0003264620900154114
12,100,8.75,0,0,401,72.375,71.828125,1.0357335805892944,56.984375,-0.7491544485092163
12,100,8.75,0,0,402,72.328125,71.96875,0.9978311657905579,57.75,-0.5442065596580505
12,100,8.75,0,0,403,71.75,72.453125,1.119762659072876,57.28125,-0.16790473461151123
12,100,8.75,0,0,404,70.875,74.40625,1.0715103149414062,57.109375,-0.36855554580688477
12,100,8.75,0,0,405,70.0,73.828125,1.019110918045044,58.09375,-0.743881106376648
12,100,8.75,0,0,406,69.65625,74.078125,1.0005699396133423,56.9375,-0.9470710754394531
12,100,8.75,0,0,407,72.171875,71.9375,1.0067979097366333,57.28125,-0.8935554027557373
12,100,8.75,0,0,408,71.140625,73.9375,1.023324966430664,56.375,-1.20638108253479
12,100,8.75,0,0,409,71.78125,72.078125,1.056649923324585,57.703125,-0.3380867838859558
12,100,8.75,0,0,410,70.5,72.453125,1.0202922821044922,57.78125,-1.0996754169464111
12,100,8.75,0,0,411,72.40625,72.640625,1.0606964826583862,57.390625,-0.30006593465805054
12,100,8.75,0,0,412,71.296875,75.578125,1.0292069911956787,57.3125,-0.5048185586929321
12,100,8.75,0,0,413,70.921875,72.75,1.0553197860717773,58.46875,-0.5664721727371216
12,100,8.75,0,0,414,69.25,73.921875,0.9799747467041016,57.296875,-1.3327481746673584
12,100,8.75,0,0,415,70.015625,73.515625,1.0222499370574951,57.859375,-0.9622405767440796
12,100,8.75,0,0,416,71.53125,73.328125,1.0048425197601318,57.875,-1.2755216360092163
12,100,8.75,0,0,417,70.859375,72.953125,0.9945875406265259,57.859375,-0.9026700854301453
12,100,8.75,0,0,418,71.625,73.65625,0.9618003964424133,58.125,-1.0904955863952637
12,100,8.75,0,0,419,68.96875,73.75,1.0993965864181519,58.0625,-0.050912242382764816
12,100,8.75,0,0,420,71.984375,72.984375,1.0253252983093262,57.328125,-0.5170581340789795
12,100,8.75,0,0,421,69.03125,74.5,1.000594973564148,57.765625,-0.5199878215789795
12,100,8.75,0,0,422,69.953125,74.5625,1.0158789157867432,57.8125,-0.5756518840789795
12,100,8.75,0,0,423,72.21875,71.546875,1.0582998991012573,57.515625,-0.48789164423942566
12,100,8.75,0,0,424,69.546875,73.875,1.0626184940338135,57.203125,-0.6215502023696899
12,100,8.75,0,0,425,71.953125,72.5,1.024991512298584,57.953125,-0.4055348336696625
12,100,8.75,0,0,426,69.609375,72.71875,1.0198560953140259,56.671875,-1.1264982223510742
12,100,8.75,0,0,427,70.984375,73.546875,1.041810154914856,57.765625,-0.2710946500301361
12,100,8.75,0,0,428,68.890625,74.171875,1.0839738845825195,58.328125,-0.06588646024465561
12,100,8.75,0,0,429,69.3125,73.671875,1.0443328619003296,58.421875,-0.6352221965789795
12,100,8.75,0,0,430,69.6875,70.828125,1.0197529792785645,58.671875,-0.6161466836929321
12,100,8.75,0,0,431,72.125,73.359375,1.008168339729309,57.859375,-0.9996101260185242
12,100,8.75,0,0,432,68.9375,72.125,1.0200674533843994,58.0625,-1.1396493911743164
12,100,8.75,0,0,433,71.203125,71.8125,1.0346862077713013,57.953125,-0.796485185623169
12,100,8.75,0,0,434,71.5625,71.984375,1.0505133867263794,57.765625,-0.931316077709198
12,100,8.75,0,0,435,71.390625,72.59375,0.9741921424865723,57.640625,-1.0656909942626953
12,100,8.75,0,0,436,70.3125,71.984375,1.0748803615570068,57.640625,-0.2656260132789612
12,100,8.75,0,0,437,71.078125,72.625,1.0492180585861206,58.53125,-0.32812589406967163
12,100,8.75,0,0,438,70.984375,73.96875,1.080370545387268,56.796875,-0.5100269913673401
12,100,8.75,0,0,439,70.359375,73.25,1.0970128774642944,57.96875,-0.12519636750221252
12,100,8.75,0,0,440,69.328125,74.078125,1.0551471710205078,57.96875,-0.4541025161743164
12,100,8.75,0,0,441,70.875,73.84375,1.040631651878357,57.65625,-0.34576892852783203
12,100,8.75,0,0,442,70.921875,75.015625,1.052559733390808,58.53125,-0.3331388235092163
12,100,8.75,0,0,443,69.84375,74.421875,1.0183852910995483,57.921875,-0.599089503288269
12,100,8.75,0,0,444,69.71875,74.734375,0.9789947867393494,58.296875,-0.7363941073417664
12,100,8.75,0,0,445,71.15625,73.6875,0.9809317588806152,57.75,-1.6583993434906006
12,100,8.75,0,0,446,70.546875,72.34375,1.0503809452056885,57.375,-0.5392587184906006
12,100,8.75,0,0,447,70.078125,74.65625,1.0531655550003052,58.640625,-0.5767587423324585
12,100,8.75,0,0,448,68.640625,72.734375,1.0707077980041504,57.484375,-0.9395841360092163
12,100,8.75,0,0,449,69.109375,73.859375,1.0789363384246826,58.265625,-0.23587331175804138
12,100,8.75,0,0,450,69.0,73.9375,1.0031095743179321,57.28125,-0.8238290548324585
12,100,8.75,0,0,451,68.796875,74.578125,1.0305984020233154,57.875,-0.6087247133255005
12,100,8.75,0,0,452,68.703125,74.078125,1.0551109313964844,58.640625,-0.359636127948761
12,100,8.75,0,0,453,69.78125,74.59375,1.0617376565933228,56.84375,-0.6880218386650085
12,100,8.75,0,0,454,70.953125,72.875,1.0060945749282837,57.90625,-0.5510425567626953
12,100,8.75,0,0,455,70.515625,72.59375,1.030217170715332,58.25,-0.8816413879394531
12,100,8.75,0,0,456,70.65625,71.828125,1.0497642755508423,57.75,-0.5675138831138611
12,100,8.75,0,0,457,71.734375,72.203125,1.0594390630722046,57.8125,-0.554297685623169
12,100,8.75,0,0,458,70.171875,72.953125,1.028691291809082,57.953125,-0.5028001666069031
12,100,8.75,0,0,459,70.015625,74.375,1.0329113006591797,57.625,-0.8673185706138611
12,100,8.75,0,0,460,70.28125,74.203125,1.091149091720581,57.5,0.06705638021230698
12,100,8.75,0,0,461,72.046875,74.453125,1.0625897645950317,56.484375,-0.7643887996673584
12,100,8.75,0,0,462,70.390625,73.734375,1.0491423606872559,57.0625,-0.43170666694641113
12,100,8.75,0,0,463,69.4375,73.84375,1.1037348508834839,58.859375,0.3163403570652008
12,100,8.75,0,0,464,71.859375,74.40625,1.0338109731674194,57.65625,-0.33313894271850586
12,100,8.75,0,0,465,70.25,72.21875,0.9809938073158264,58.484375,-1.4796884059906006
12,100,8.75,0,0,466,70.921875,72.328125,1.0207058191299438,58.390625,-0.6567716598510742
12,100,8.75,0,0,467,70.84375,73.078125,1.0185797214508057,58.578125,-0.7460293769836426
12,100,8.75,0,0,468,71.328125,73.21875,1.0066838264465332,58.09375,-0.8393889665603638
12,100,8.75,0,0,469,71.265625,73.9375,1.0396754741668701,57.453125,-0.4920582175254822
12,100,8.75,0,0,470,71.9375,72.671875,0.9902437329292297,57.5625,-1.1619150638580322
12,100,8.75,0,0,471,70.765625,73.703125,1.0594714879989624,58.0,-0.2555997371673584
12,100,8.75,0,0,472,71.453125,73.9375,1.0821977853775024,57.25,-0.46816492080688477
12,100,8.75,0,0,473,70.875,73.015625,1.0432496070861816,58.609375,-0.3224618136882782
12,100,8.75,0,0,474,70.25,73.78125,1.0626431703567505,58.21875,-0.26197999715805054
12,100,8.75,0,0,475,72.375,74.53125,0.9694148302078247,57.0,-1.3332691192626953
12,100,8.75,0,0,476,70.984375,73.59375,1.130528450012207,58.265625,0.11816328763961792
12,100,8.75,0,0,477,70.96875,73.28125,1.0615273714065552,58.09375,-0.3862638473510742
12,100,8.75,0,0,478,70.671875,74.765625,1.0369126796722412,57.234375,-0.7625007629394531
12,100,8.75,0,0,479,71.453125,72.84375,1.071238398551941,57.4375,-0.32734471559524536
12,100,8.75,0,0,480,73.984375,74.78125,1.0891785621643066,57.84375,-0.013347148895263672
12,100,8.75,0,0,481,70.8125,73.1875,0.9895061254501343,58.0,-1.2692066431045532
12,100,8.75,0,0,482,73.15625,72.796875,1.0018583536148071,57.90625,-1.1994149684906006
12,100,8.75,0,0,483,72.375,75.703125,1.055181860923767,57.15625,-0.8487637042999268
12,100,8.75,0,0,484,70.125,73.953125,1.0953495502471924,58.78125,0.05807209014892578
12,100,8.75,0,0,485,69.21875,73.46875,1.050868272781372,58.453125,-0.11002679914236069
12,100,8.75,0,0,486,70.609375,74.34375,1.0975888967514038,58.265625,-0.15703216195106506
12,100,8.75,0,0,487,71.609375,74.109375,1.0747686624526978,57.4375,-0.22155027091503143
12,100,8.75,0,0,488,72.234375,75.875,1.0773786306381226,57.5,-0.518230140209198
12,100,8.75,0,0,489,68.75,74.171875,1.1174566745758057,58.28125,0.4249340295791626
12,100,8.75,0,0,490,71.125,74.59375,0.970163106918335,57.796875,-1.052344560623169
12,100,8.75,0,0,491,71.296875,73.859375,1.0695466995239258,57.796875,0.057290881872177124
12,100,8.75,0,0,492,71.640625,73.0625,1.0613662004470825,58.015625,-0.48170655965805054
12,100,8.75,0,0,493,70.78125,73.046875,1.0205585956573486,58.21875,-0.744857668876648
12,100,8.75,0,0,494,70.328125,75.015625,1.0051488876342773,58.1875,-0.6141934394836426
12,100,8.75,0,0,495,69.03125,73.390625,1.0542014837265015,58.015625,-0.1931649148464203
12,100,8.75,0,0,496,69.75,72.5625,1.0242507457733154,58.734375,-0.696029543876648
12,100,8.75,0,0,497,71.625,74.46875,1.1008069515228271,57.6875,-0.16959726810455322
12,100,8.75,0,0,498,71.546875,74.28125,1.0538727045059204,57.5,-0.5847665667533875
12,100,8.75,0,0,499,70.34375,75.4375,1.0352164506912231,57.453125,-0.5647794604301453
12,100,8.75,0,0,500,71.859375,75.546875,1.0360881090164185,57.859375,-0.24127671122550964
12,100,8.75,0,0,501,70.671875,73.65625,0.9608367681503296,57.015625,-1.5041024684906006
12,100,8.75,0,0,502,70.375,73.25,1.0374140739440918,58.21875,-0.8635424971580505
12,100,8.75,0,0,503,70.46875,73.0,1.0184592008590698,57.90625,-1.1248705387115479
12,100,8.75,0,0,504,69.484375,75.015625,1.0947628021240234,57.375,-0.37662839889526367
12,100,8.75,0,0,505,69.53125,74.03125,1.0287604331970215,58.140625,-0.8041023015975952
12,100,8.75,0,0,506,68.96875,74.4375,1.0614429712295532,58.984375,-0.525847315788269
12,100,8.75,0,0,507,69.84375,72.46875,1.0812079906463623,57.203125,-0.4537118673324585
12,100,8.75,0,0,508,70.078125,74.640625,0.9714930057525635,58.078125,-1.275000810623169
12,100,8.75,0,0,509,71.078125,71.8125,1.0343154668807983,58.40625,-0.6475269794464111
12,100,8.75,0,0,510,70.484375,75.34375,0.9984456896781921,57.65625,-0.8959645628929138
12,100,8.75,0,0,511,69.1875,73.109375,1.0888829231262207,58.296875,-0.28691503405570984
12,100,8.75,0,0,512,70.703125,73.296875,1.0023670196533203,57.75,-1.0447924137115479
12,100,8.75,0,0,513,70.078125,73.375,1.0345890522003174,58.671875,-0.590560793876648
12,100,8.75,0,0,514,68.109375,74.0,1.0566370487213135,58.34375,-0.8465502262115479
12,100,8.75,0,0,515,69.40625,74.09375,1.0863773822784424,58.875,0.2955719232559204
12,100,8.75,0,0,516,70.859375,74.765625,1.1118574142456055,57.9375,0.08919171988964081
12,100,8.75,0,0,517,71.140625,73.78125,1.0675314664840698,58.109375,-0.18092547357082367
12,100,8.75,0,0,518,68.9375,74.296875,1.0484117269515991,58.28125,-0.4503262937068939
12,100,8.75,0,0,519,71.5,73.3125,1.0625320672988892,57.953125,-0.2759123742580414
12,100,8.75,0,0,520,68.0,76.09375,1.0529934167861938,58.234375,-0.4054045081138611
12,100,8.75,0,0,521,68.640625,73.375,0.9995625615119934,58.40625,-0.9619800448417664
12,100,8.75,0,0,522,67.71875,74.625,1.0744177103042603,58.53125,-0.5086597204208374
12,100,8.75,0,0,523,68.53125,73.0,1.0565052032470703,58.4375,-0.5789071321487427
12,100,8.75,0,0,524,70.5625,76.859375,1.0217114686965942,57.953125,-0.5397142767906189
12,100,8.75,0,0,525,69.734375,73.953125,1.0368558168411255,58.421875,-0.8694019317626953
12,100,8.75,0,0,526,68.828125,73.21875,1.0025569200515747,59.25,-0.8097013831138611
12,100,8.75,0,0,527,69.78125,74.65625,1.1110092401504517,58.109375,0.09114502370357513
12,100,8.75,0,0,528,69.65625,74.296875,1.0939264297485352,59.09375,0.09667905420064926
12,100,8.75,0,0,529,67.96875,74.078125,1.0636156797409058,58.984375,-0.42565199732780457
12,100,8.75,0,0,530,68.984375,75.21875,1.0972130298614502,58.890625,-0.19485770165920258
12,100,8.75,0,0,531,68.546875,75.171875,1.0613760948181152,58.90625,-0.5469409823417664
12,100,8.75,0,0,532,68.765625,74.546875,1.0470550060272217,58.140625,-0.4546233117580414
12,100,8.75,0,0,533,67.9375,75.515625,1.0475621223449707,58.234375,-0.7042975425720215
12,100,8.75,0,0,534,69.640625,73.625,1.0312755107879639,58.59375,-0.6434253454208374
12,100,8.75,0,0,535,68.78125,73.828125,1.1180455684661865,58.546875,0.12213459610939026
12,100,8.75,0,0,536,69.4375,73.359375,1.0328119993209839,58.8125,-0.649154543876648
12,100,8.75,0,0,537,70.109375,74.140625,1.079139232635498,58.828125,-0.27037855982780457
12,100,8.75,0,0,538,68.484375,73.5625,1.0590426921844482,59.265625,-0.7153000831604004
12,100,8.75,0,0,539,68.515625,75.40625,1.0363373756408691,58.390625,-0.526042640209198
12,100,8.75,0,0,540,69.796875,74.078125,1.0075899362564087,58.96875,-0.7625659704208374
12,100,8.75,0,0,541,68.109375,75.21875,1.0325331687927246,58.90625,-0.34804767370224
12,100,8.75,0,0,542,70.0625,72.765625,1.0824252367019653,57.96875,-0.7362639307975769
12,100,8.75,0,0,543,69.375,72.796875,1.0288658142089844,58.703125,-0.8260425925254822
12,100,8.75,0,0,544,68.09375,76.484375,1.0704370737075806,58.515625,0.30852776765823364
12,100,8.75,0,0,545,71.1875,74.703125,0.9946117401123047,57.984375,-0.9722663760185242
12,100,8.75,0,0,546,70.453125,74.125,1.086757779121399,58.4375,-0.09010513871908188
12,100,8.75,0,0,547,69.265625,75.4375,1.1199547052383423,57.75,-0.19655023515224457
12,100,8.75,0,0,548,72.078125,76.109375,1.0965673923492432,57.625,-0.0991545170545578
12,100,8.75,0,0,549,70.15625,75.15625,1.053804636001587,58.78125,-0.13326899707317352
12,100,8.75,0,0,550,69.609375,72.515625,1.0375399589538574,58.328125,-0.6740894317626953
12,100,8.75,0,0,551,69.546875,75.8125,1.0708224773406982,58.40625,0.07219970226287842
12,100,8.75,0,0,552,69.4375,74.5625,1.1348103284835815,58.484375,0.41835853457450867
12,100,8.75,0,0,553,68.359375,75.578125,1.0740110874176025,58.78125,0.10110592097043991
12,100,8.75,0,0,554,69.109375,76.453125,1.0280654430389404,58.859375,-0.3477873206138611
12,100,8.75,0,0,555,69.40625,74.375,1.0881158113479614,58.875,-0.13776135444641113
12,100,8.75,0,0,556,69.703125,76.421875,1.002864956855774,58.28125,-0.7942715883255005
12,100,8.75,0,0,557,69.421875,74.5,1.0552619695663452,57.921875,-0.48463624715805054
12,100,8.75,0,0,558,69.578125,73.484375,1.0541635751724243,58.421875,-0.7082040309906006
12,100,8.75,0,0,559,68.1875,75.515625,1.0471524000167847,58.5625,-0.24941492080688477
12,100,8.75,0,0,560,68.78125,75.625,0.9590020775794983,58.484375,-1.5304696559906006
12,100,8.75,0,0,561,71.140625,73.25,1.0738685131072998,58.15625,-0.05358152836561203
12,100,8.75,0,0,562,70.265625,75.703125,1.0771044492721558,58.046875,-0.13776138424873352
12,100,8.75,0,0,563,68.484375,76.828125,1.0082255601882935,57.125,-0.8458991050720215
12,100,8.75,0,0,564,68.796875,74.078125,1.0109254121780396,59.328125,-0.42682379484176636
12,100,8.75,0,0,565,70.984375,77.609375,1.0816421508789062,58.140625,-0.28300875425338745
12,100,8.75,0,0,566,68.5,76.46875,0.9874365329742432,58.328125,-0.9824227094650269
12,100,8.75,0,0,567,67.78125,77.875,0.9890266060829163,57.96875,-0.70735764503479
12,100,8.75,0,0,568,68.71875,76.8125,1.0324522256851196,58.15625,-0.7089201211929321
12,100,8.75,0,0,569,69.34375,76.09375,1.1122546195983887,58.21875,-0.36380285024642944
12,100,8.75,0,0,570,69.375,76.875,1.0610674619674683,58.875,-0.15586011111736298
12,100,8.75,0,0,571,68.5625,76.203125,1.044715166091919,58.203125,-0.41608160734176636
12,100,8.75,0,0,572,69.265625,77.5,1.0879931449890137,58.46875,0.08352780342102051
12,100,8.75,0,0,573,69.0,76.109375,1.0966862440109253,57.90625,-0.08007912337779999
12,100,8.75,0,0,574,68.546875,77.609375,1.112646460533142,58.015625,0.040819328278303146
12,100,8.75,0,0,575,68.625,76.140625,1.072495698928833,58.71875,-0.42330798506736755
12,100,8.75,0,0,576,72.140625,75.40625,1.0065804719924927,58.3125,-0.7930347919464111
12,100,8.75,0,0,577,70.609375,74.078125,1.0186433792114258,58.765625,-0.8833993673324585
12,100,8.75,0,0,578,68.796875,75.796875,1.1068627834320068,59.0625,0.22447830438613892
12,100,8.75,0,0,579,69.21875,75.28125,1.0615381002426147,58.484375,-0.8397796154022217
12,100,8.75,0,0,580,70.390625,76.609375,1.0757113695144653,58.09375,-0.5154305696487427
12,100,8.75,0,0,581,71.046875,74.671875,1.1009386777877808,58.078125,-0.07142013311386108
12,100,8.75,0,0,582,68.0625,76.234375,1.1022073030471802,58.25,-0.41243577003479004
12,100,8.75,0,0,583,68.984375,74.3125,1.05912446975708,58.59375,-0.4161466062068939
12,100,8.75,0,0,584,68.59375,75.984375,1.0101338624954224,58.203125,-1.2528002262115479
12,100,8.75,0,0,585,66.15625,75.765625,1.0323566198349,58.828125,-1.075782060623169
12,100,8.75,0,0,586,71.84375,76.359375,1.1055941581726074,57.890625,0.015819311141967773
12,100,8.75,0,0,587,68.0625,76.671875,1.0403683185577393,58.640625,-0.9063159823417664
12,100,8.75,0,0,588,69.125,78.203125,1.0891426801681519,58.515625,0.3830721378326416
12,100,8.75,0,0,589,68.90625,77.3125,1.0819427967071533,57.796875,-0.048242948949337006
12,100,8.75,0,0,590,68.296875,76.984375,1.0334961414337158,59.046875,-0.46009203791618347
12,100,8.75,0,0,591,69.9375,76.390625,1.0790618658065796,58.515625,-0.003841916797682643
12,100,8.75,0,0,592,69.484375,78.8125,1.033838152885437,57.734375,-0.16197988390922546
12,100,8.75,0,0,593,71.484375,77.890625,1.0651761293411255,57.875,-0.03235757350921631
12,100,8.75,0,0,594,70.109375,77.09375,1.1023719310760498,58.03125,-0.049675434827804565
12,100,8.75,0,0,595,68.6875,76.421875,1.0713242292404175,58.25,-0.21393316984176636
12,100,8.75,0,0,596,70.265625,76.125,1.068092703819275,57.53125,-0.45364683866500854
12,100,8.75,0,0,597,71.921875,76.671875,1.0220577716827393,57.15625,-1.219336748123169
12,100,8.75,0,0,598,66.921875,78.0625,1.0885244607925415,58.671875,-0.01757900044322014
12,100,8.75,0,0,599,70.359375,76.234375,1.0769095420837402,58.015625,-0.16041740775108337
12,100,8.75,0,0,600,69.78125,76.625,1.0409317016601562,58.421875,-0.3561205267906189
12,100,8.75,0,0,601,69.5,76.640625,1.1042362451553345,59.09375,0.0429677776992321
12,100,8.75,0,0,602,69.703125,76.4375,1.066079020500183,58.140625,-0.1671232283115387
12,100,8.75,0,0,603,69.0,78.046875,1.0795289278030396,58.640625,-0.040560685098171234
12,100,8.75,0,0,604,69.90625,76.5,1.1043744087219238,58.046875,-0.15540474653244019
12,100,8.75,0,0,605,69.109375,78.578125,1.0756292343139648,57.828125,-0.1472015082836151
12,100,8.75,0,0,606,69.203125,77.828125,1.0255100727081299,59.375,-0.6559253931045532
12,100,8.75,0,0,607,70.390625,78.921875,1.0612293481826782,58.203125,-0.17252688109874725
12,100,8.75,0,0,608,68.734375,78.59375,1.012453317642212,58.34375,-0.5942716002464294
12,100,8.75,0,0,609,68.734375,77.828125,1.1296828985214233,57.328125,-0.047201454639434814
12,100,8.75,0,0,610,72.078125,77.71875,0.9837431907653809,57.5,-0.41914141178131104
12,100,8.75,0,0,611,67.765625,76.640625,1.0953073501586914,58.109375,-0.029753487557172775
12,100,8.75,0,0,612,70.75,78.609375,1.0997041463851929,58.5,0.08450424671173096
12,100,8.75,0,0,613,68.953125,79.734375,1.056274175643921,58.28125,0.04915277287364006
12,100,8.75,0,0,614,68.890625,78.296875,1.0347120761871338,58.234375,-0.3852221965789795
12,100,8.75,0,0,615,69.625,79.890625,1.1078656911849976,57.75,-0.05214942619204521
12,100,8.75,0,0,616,71.375,77.671875,1.1442797183990479,57.78125,0.02031148597598076
12,100,8.75,0,0,617,68.09375,78.328125,1.0575997829437256,58.96875,0.02115797996520996
12,100,8.75,0,0,618,70.390625,76.703125,1.016601800918579,58.203125,-0.8714852333068848
12,100,8.75,0,0,619,67.859375,77.65625,1.0739301443099976,58.4375,0.05943930149078369
12,100,8.75,0,0,620,70.234375,76.59375,1.0418680906295776,57.984375,-0.5862638354301453
12,100,8.75,0,0,621,68.578125,77.09375,1.1519495248794556,58.0625,0.3792308270931244
12,100,8.75,0,0,622,69.78125,78.578125,1.1135172843933105,57.6875,-0.17649821937084198
12,100,8.75,0,0,623,68.234375,77.71875,0.978091835975647,57.703125,-1.035742998123169
12,100,8.75,0,0,624,68.4375,79.125,1.0833017826080322,57.625,-0.5170580744743347
12,100,8.75,0,0,625,68.03125,76.75,1.023218035697937,57.96875,-0.8783861994743347
12,100,8.75,0,0,626,67.90625,79.15625,1.085816740989685,57.59375,0.3438793122768402
12,100,8.75,0,0,627,70.046875,76.6875,1.0771987438201904,57.578125,-0.5550140142440796
12,100,8.75,0,0,628,70.84375,79.578125,1.0377532243728638,57.234375,-0.4811856150627136
12,100,8.75,0,0,629,72.40625,79.5625,1.0640991926193237,57.4375,-0.36855548620224
12,100,8.75,0,0,630,69.53125,77.5625,1.082100510597229,58.046875,-0.11386813968420029
12,100,8.75,0,0,631,70.265625,78.578125,1.1351044178009033,57.140625,0.3957673907279968
12,100,8.75,0,0,632,69.046875,78.71875,1.0548794269561768,57.875,-0.5968759655952454
12,100,8.75,0,0,633,68.09375,80.984375,1.0148640871047974,57.453125,-0.36998772621154785
12,100,8.75,0,0,634,69.34375,80.3125,1.0787866115570068,57.984375,0.046678781509399414
12,100,8.75,0,0,635,68.15625,80.234375,1.057538628578186,58.453125,0.07187412679195404
12,100,8.75,0,0,636,70.28125,78.625,1.1062023639678955,57.921875,0.3364575505256653
12,100,8.75,0,0,637,70.71875,80.171875,1.1097564697265625,57.40625,-0.07311289012432098
12,100,8.75,0,0,638,71.296875,78.796875,1.131311058998108,57.03125,-0.06126388907432556
12,100,8.75,0,0,639,69.375,77.953125,1.0328502655029297,58.09375,-0.4309252202510834
12,100,8.75,0,0,640,69.78125,80.96875,1.0691043138504028,57.546875,-0.22096435725688934
12,100,8.75,0,0,641,67.6875,77.46875,1.1061158180236816,58.3125,-0.25481852889060974
12,100,8.75,0,0,642,69.328125,80.109375,1.085746169090271,57.71875,0.07285082340240479
12,100,8.75,0,0,643,69.28125,78.234375,1.04206120967865,57.953125,-0.7200528979301453
12,100,8.75,0,0,644,69.515625,78.984375,1.0666131973266602,57.6875,-0.2916024923324585
12,100,8.75,0,0,645,67.828125,80.734375,1.0245088338851929,57.6875,-0.4030606746673584
12,100,8.75,0,0,646,69.046875,79.109375,1.034981369972229,58.25,-0.19641999900341034
12,100,8.75,0,0,647,69.765625,78.09375,1.0664891004562378,58.6875,-0.29700618982315063
12,100,8.75,0,0,648,70.015625,79.578125,1.078018069267273,57.953125,-0.15696698427200317
12,100,8.75,0,0,649,69.53125,79.203125,1.0311031341552734,57.84375,-0.40566474199295044
12,100,8.75,0,0,650,68.34375,77.921875,1.0586369037628174,57.625,-0.8202482461929321
12,100,8.75,0,0,651,70.609375,78.890625,1.0736936330795288,57.703125,-0.20358148217201233
12,100,8.75,0,0,652,68.734375,79.765625,1.0192503929138184,58.9375,-0.3162117898464203
12,100,8.75,0,0,653,69.609375,77.984375,1.1325324773788452,58.171875,0.5529940128326416
12,100,8.75,0,0,654,68.390625,79.65625,1.063645839691162,58.59375,-0.4802090525627136
12,100,8.75,0,0,655,70.25,79.390625,1.0631804466247559,57.78125,-0.5692064762115479
12,100,8.75,0,0,656,69.421875,77.28125,1.1241350173950195,57.78125,-0.04017011448740959
12,100,8.75,0,0,657,70.984375,77.6875,1.0937256813049316,57.171875,-0.3820973038673401
12,100,8.75,0,0,658,69.015625,79.140625,1.0955830812454224,57.90625,-0.46211016178131104
12,100,8.75,0,0,659,66.890625,79.84375,1.0510822534561157,59.140625,-0.021680474281311035
12,100,8.75,0,0,660,68.625,78.328125,1.070268988609314,58.921875,-0.007878473028540611
12,100,8.75,0,0,661,67.546875,80.578125,1.112476110458374,58.328125,0.32857978343963623
12,100,8.75,0,0,662,67.8125,79.671875,1.0722427368164062,58.078125,-0.36829525232315063
12,100,8.75,0,0,663,68.640625,80.546875,1.0493581295013428,58.4375,-0.4689462184906006
12,100,8.75,0,0,664,68.34375,79.546875,1.106789469718933,58.5,0.49511632323265076
12,100,8.75,0,0,665,67.25,79.5625,1.1223971843719482,58.546875,0.030533036217093468
12,100,8.75,0,0,666,68.875,79.546875,1.0709311962127686,58.390625,0.2278638333082199
12,100,8.75,0,0,667,69.671875,77.5625,1.1078455448150635,58.015625,0.24160072207450867
12,100,8.75,0,0,668,70.203125,77.28125,1.062799334526062,58.3125,-0.7038418650627136
12,100,8.75,0,0,669,69.9375,77.5625,1.1251544952392578,58.65625,0.1645173281431198
12,100,8.75,0,0,670,67.953125,78.25,1.1689815521240234,57.359375,0.012043377384543419
12,100,8.75,0,0,671,69.640625,76.921875,1.1108312606811523,58.71875,-0.003646681783720851
12,100,8.75,0,0,672,68.125,78.390625,1.1304941177368164,58.9375,0.3343089520931244
12,100,8.75,0,0,673,69.8125,78.6875,1.0972001552581787,58.28125,0.0165356807410717
12,100,8.75,0,0,674,68.515625,80.765625,1.1231951713562012,57.234375,-0.0532560758292675
12,100,8.75,0,0,675,69.96875,79.734375,1.0994032621383667,57.625,0.04941312596201897
12,100,8.75,0,0,676,67.484375,78.078125,1.0621570348739624,58.171875,-0.18906335532665253
12,100,8.75,0,0,677,68.53125,77.921875,1.0513737201690674,58.671875,-0.08671961724758148
12,100,8.75,0,0,678,67.078125,78.640625,1.142096996307373,58.796875,0.40462160110473633
12,100,8.75,0,0,679,66.046875,79.359375,1.1149709224700928,58.46875,0.0301424078643322
12,100,8.75,0,0,680,67.359375,78.15625,1.0743075609207153,58.234375,-0.3387378454208374
12,100,8.75,0,0,681,67.78125,77.53125,1.137724757194519,58.546875,0.3859366178512573
12,100,8.75,0,0,682,67.828125,78.6875,1.098524570465088,58.46875,-0.20312601327896118
12,100,8.75,0,0,683,66.609375,80.296875,1.1722975969314575,57.65625,0.595116376876831
12,100,8.75,0,0,684,67.15625,79.359375,1.1140421628952026,57.9375,-0.02070392295718193
12,100,8.75,0,0,685,69.28125,77.1875,1.0555719137191772,58.34375,-0.47493571043014526
12,100,8.75,0,0,686,68.65625,77.5,1.123905062675476,58.234375,-0.16061292588710785
12,100,8.75,0,0,687,66.0,79.59375,1.060394287109375,58.3125,-0.3204435706138611
12,100,8.75,0,0,688,68.125,80.6875,1.0905036926269531,57.78125,-0.17760512232780457
12,100,8.75,0,0,689,68.40625,77.671875,1.0493106842041016,58.03125,-0.5613940358161926
12,100,8.75,0,0,690,68.4375,80.625,1.1319304704666138,58.03125,0.21588455140590668
12,100,8.75,0,0,691,69.109375,82.78125,1.0831727981567383,57.703125,0.2693350911140442
12,100,8.75,0,0,692,68.59375,78.65625,1.0660980939865112,58.578125,-0.4184252917766571
12,100,8.75,0,0,693,68.796875,80.484375,1.073249340057373,58.03125,0.08951728045940399
12,100,8.75,0,0,694,69.03125,78.8125,1.1274009943008423,57.765625,0.4250642955303192
12,100,8.75,0,0,695,66.53125,81.3125,1.1264591217041016,57.953125,0.6552726030349731
12,100,8.75,0,0,696,67.03125,78.59375,1.0704560279846191,57.765625,-0.05514415353536606
12,100,8.75,0,0,697,67.640625,78.796875,1.1231706142425537,58.515625,0.40683507919311523
12,100,8.75,0,0,698,67.734375,78.890625,1.0807914733886719,59.0,0.45234304666519165
12,100,8.75,0,0,699,69.09375,79.90625,1.1743428707122803,58.453125,0.8892571330070496
12,100,8.75,0,0,700,67.046875,79.875,1.1062086820602417,58.0625,-0.08912845700979233
12,100,8.75,0,0,701,69.359375,80.9375,1.1053732633590698,57.90625,0.5545564889907837
12,100,8.75,0,0,702,69.34375,80.109375,1.0954642295837402,58.3125,0.20169183611869812
12,100,8.75,0,0,703,69.046875,79.59375,1.145267128944397,58.453125,0.5782544016838074
12,100,8.75,0,0,704,69.21875,80.0625,1.071548342704773,58.875,0.3531891107559204
12,100,8.75,0,0,705,68.765625,79.96875,1.0858820676803589,57.703125,0.27395758032798767
12,100,8.75,0,0,706,66.96875,80.34375,1.1123939752578735,58.28125,0.14713464677333832
12,100,8.75,0,0,707,67.59375,81.5,1.097856044769287,58.328125,-0.036719560623168945
12,100,8.75,0,0,708,66.640625,78.125,1.09391188621521,58.859375,0.2527335584163666
12,100,8.75,0,0,709,68.40625,78.46875,1.1061204671859741,57.296875,0.2374991625547409
12,100,8.75,0,0,710,67.796875,80.359375,1.0765528678894043,57.421875,-0.14882896840572357
12,100,8.75,0,0,711,67.875,78.71875,1.1311595439910889,58.484375,0.47844964265823364
12,100,8.75,0,0,712,69.65625,79.09375,1.0450292825698853,57.734375,-0.5947272777557373
12,100,8.75,0,0,713,66.109375,81.21875,1.0922378301620483,58.21875,0.31712156534194946
12,100,8.75,0,0,714,68.046875,80.140625,1.0396946668624878,57.96875,0.12343671172857285
12,100,8.75,0,0,715,68.59375,79.78125,1.0846703052520752,57.625,0.03873618692159653
12,100,8.75,0,0,716,69.25,78.84375,1.1064292192459106,57.390625,-0.06198006868362427
12,100,8.75,0,0,717,67.109375,78.03125,1.0332883596420288,58.625,-0.35019630193710327
12,100,8.75,0,0,718,67.421875,78.40625,1.087349772453308,58.703125,-0.10878980159759521
12,100,8.75,0,0,719,67.40625,80.53125,1.077991008758545,57.71875,-0.2156909704208374
12,100,8.75,0,0,720,69.953125,79.75,1.070253849029541,57.25,-0.1778002679347992
12,100,8.75,0,0,721,69.015625,81.3125,1.0713088512420654,57.625,-0.4562508761882782
12,100,8.75,0,0,722,69.78125,79.90625,1.04197359085083,57.765625,-0.3276049792766571
12,100,8.75,0,0,723,70.59375,82.421875,1.1497406959533691,57.171875,0.5990225076675415
12,100,8.75,0,0,724,70.546875,78.953125,1.0929522514343262,57.96875,0.08548103272914886
12,100,8.75,0,0,725,69.390625,80.640625,1.126882553100586,58.671875,0.640168309211731
12,100,8.75,0,0,726,69.90625,80.75,1.0646456480026245,57.03125,-0.5294279456138611
12,100,8.75,0,0,727,67.390625,82.53125,1.0884547233581543,57.78125,0.02617104910314083
12,100,8.75,0,0,728,68.078125,80.75,1.0908795595169067,58.421875,-0.0003262559766881168
12,100,8.75,0,0,729,69.671875,80.6875,1.1467933654785156,57.796875,0.35996007919311523
12,100,8.75,0,0,730,68.03125,82.171875,1.1026499271392822,57.890625,0.34915289282798767
12,100,8.75,0,0,731,69.25,81.203125,1.0008188486099243,58.0625,-0.6566413640975952
12,100,8.75,0,0,732,68.328125,79.78125,1.0629528760910034,58.765625,-0.1408212035894394
12,100,8.75,0,0,733,67.9375,81.90625,1.1207412481307983,58.171875,0.5070304274559021
12,100,8.75,0,0,734,70.875,80.40625,1.1335848569869995,57.15625,0.16477784514427185
12,100,8.75,0,0,735,68.5,81.609375,1.1023367643356323,57.671875,0.4759105145931244
12,100,8.75,0,0,736,69.953125,80.078125,1.1545084714889526,57.90625,0.7766916155815125
12,100,8.75,0,0,737,68.890625,80.96875,1.1089969873428345,58.1875,0.7070304155349731
12,100,8.75,0,0,738,68.90625,81.234375,1.127780795097351,58.859375,0.8179678916931152
12,100,8.75,0,0,739,70.0625,80.640625,1.052278995513916,57.390625,-0.44082111120224
12,100,8.75,0,0,740,70.8125,79.984375,1.1235216856002808,57.671875,-0.1464853733778
12,100,8.75,0,0,741,67.84375,81.859375,1.077497959136963,57.84375,-0.10599033534526825
12,100,8.75,0,0,742,69.84375,79.8125,1.0912705659866333,57.78125,-0.2741546332836151
12,100,8.75,0,0,743,69.296875,80.453125,1.0998870134353638,58.21875,0.1160798892378807
12,100,8.75,0,0,744,69.3125,80.828125,1.0653620958328247,57.890625,-0.15657633543014526
12,100,8.75,0,0,745,67.59375,79.640625,1.134566068649292,58.0,0.05729079246520996
12,100,8.75,0,0,746,67.78125,80.9375,1.0711108446121216,57.65625,-0.09153731167316437
12,100,8.75,0,0,747,67.75,82.65625,1.0930923223495483,56.9375,0.11367093026638031
12,100,8.75,0,0,748,69.328125,77.875,1.0603898763656616,58.328125,-0.34707111120224
12,100,8.75,0,0,749,66.765625,79.796875,1.0971286296844482,58.09375,-0.0763029009103775
12,100,8.75,0,0,750,67.53125,80.8125,1.1135834455490112,57.640625,0.34713447093963623
12,100,8.75,0,0,751,67.796875,80.484375,1.0761204957962036,57.859375,0.048436664044857025
12,100,8.75,0,0,752,69.109375,81.09375,1.111853003501892,57.078125,0.14960840344429016
12,100,8.75,0,0,753,69.265625,81.734375,1.1383024454116821,57.484375,0.9841136932373047
12,100,8.75,0,0,754,68.875,80.875,1.0878747701644897,58.625,0.5230460166931152
12,100,8.75,0,0,755,68.65625,81.328125,1.1926813125610352,57.96875,1.0249340534210205
12,100,8.75,0,0,756,69.03125,80.796875,1.0739755630493164,58.375,0.5876293182373047
12,100,8.75,0,0,757,66.4375,82.875,1.1114670038223267,57.8125,0.6517571210861206
12,100,8.75,0,0,758,67.75,82.6875,1.1182032823562622,57.6875,0.7861970663070679
12,100,8.75,0,0,759,67.6875,81.203125,1.095004677772522,57.9375,0.39863190054893494
12,100,8.75,0,0,760,67.125,83.078125,1.138403296470642,57.59375,0.40937429666519165
12,100,8.75,0,0,761,67.4375,82.515625,1.0875129699707031,57.96875,0.4276684522628784
12,100,8.75,0,0,762,67.203125,81.25,1.0993914604187012,58.84375,0.9300772547721863
12,100,8.75,0,0,763,67.296875,82.421875,1.0807180404663086,57.734375,-0.1667327731847763
12,100,8.75,0,0,764,67.125,80.296875,1.102025032043457,58.625,0.503189206123352
12,100,8.75,0,0,765,66.984375,79.15625,1.1553698778152466,58.40625,0.9496736526489258
12,100,8.75,0,0,766,66.84375,82.125,1.0909090042114258,57.859375,0.10410062968730927
12,100,8.75,0,0,767,67.8125,82.6875,1.1230581998825073,57.390625,0.5742179751396179
12,100,8.75,0,0,768,65.65625,82.78125,1.1129523515701294,57.796875,0.44257742166519165
12,100,8.75,0,0,769,67.28125,82.4375,1.1217005252838135,57.390625,0.5452464818954468
12,100,8.75,0,0,770,67.84375,81.484375,1.131224274635315,57.984375,0.5210277438163757
12,100,8.75,0,0,771,68.3125,80.5625,1.0803990364074707,57.828125,-0.2860035002231598
12,100,8.75,0,0,772,68.640625,82.09375,1.1418935060501099,57.84375,0.439907968044281
12,100,8.75,0,0,773,67.59375,81.140625,1.1355007886886597,58.0625,0.5884757041931152
12,100,8.75,0,0,774,65.921875,80.78125,1.1721872091293335,58.609375,0.5678377151489258
12,100,8.75,0,0,775,68.046875,80.59375,1.0835849046707153,58.046875,-0.07070380449295044
12,100,8.75,0,0,776,68.28125,81.5,1.068509817123413,57.484375,0.1055980771780014
12,100,8.75,0,0,777,67.0,81.25,1.0537468194961548,58.296875,-0.2008470743894577
12,100,8.75,0,0,778,66.375,82.09375,1.0440303087234497,58.78125,-0.13613353669643402
12,100,8.75,0,0,779,68.09375,78.703125,1.1235367059707642,58.296875,0.400845468044281
12,100,8.75,0,0,780,67.21875,81.859375,1.1069649457931519,58.21875,0.5264966487884521
12,100,8.75,0,0,781,65.78125,80.21875,1.146712064743042,57.765625,0.62467360496521
12,100,8.75,0,0,782,65.65625,81.4375,1.086327075958252,58.875,0.42252516746520996
12,100,8.75,0,0,783,65.8125,83.5625,1.0975537300109863,58.390625,-0.0029956400394439697
12,100,8.75,0,0,784,67.1875,82.8125,1.0869441032409668,57.546875,-0.26796954870224
12,100,8.75,0,0,785,68.265625,80.171875,1.1304397583007812,58.234375,0.49895763397216797
12,100,8.75,0,0,786,67.3125,82.046875,1.106797695159912,58.34375,0.29094958305358887
12,100,8.75,0,0,787,67.65625,81.859375,1.1449908018112183,58.234375,0.7272127866744995
12,100,8.75,0,0,788,66.375,82.40625,1.1383763551712036,58.578125,0.48691326379776
12,100,8.75,0,0,789,66.265625,82.109375,1.1116074323654175,58.125,0.49921780824661255
12,100,8.75,0,0,790,65.96875,82.0,1.109191656112671,58.59375,0.7545565366744995
12,100,8.75,0,0,791,66.953125,80.640625,1.1180604696273804,59.34375,1.0342438220977783
12,100,8.75,0,0,792,68.515625,80.3125,1.108520269393921,57.34375,0.34778547286987305
12,100,8.75,0,0,793,67.828125,78.609375,1.0955523252487183,58.609375,-0.1156257838010788
12,100,8.75,0,0,794,66.21875,81.28125,1.1660624742507935,58.53125,0.6425772905349731
12,100,8.75,0,0,795,66.265625,82.453125,1.1341745853424072,58.21875,0.4258454740047455
12,100,8.75,0,0,796,67.640625,80.34375,1.1166269779205322,57.421875,0.24446523189544678
12,100,8.75,0,0,797,65.609375,80.078125,1.1691521406173706,58.078125,0.56315016746521
12,100,8.75,0,0,798,67.46875,81.703125,1.102812647819519,57.71875,0.2293611764907837
12,100,8.75,0,0,799,67.734375,79.359375,1.2079132795333862,58.625,0.7213534712791443
12,100,8.75,0,1,0,60.390625,59.3125,0.8696561455726624,40.390625,-2.3084640502929688
12,100,8.75,0,1,1,61.625,59.15625,0.9492744207382202,41.09375,-2.0795578956604004
12,100,8.75,0,1,2,61.796875,60.578125,0.9550847411155701,41.15625,-1.656315565109253
12,100,8.75,0,1,3,64.671875,61.984375,0.9520983695983887,41.671875,-1.5486984252929688
12,100,8.75,0,1,4,63.46875,62.25,0.9361019134521484,41.875,-1.7993495464324951
12,100,8.75,0,1,5,64.5625,63.703125,0.9763010144233704,42.609375,-1.2412114143371582
12,100,8.75,0,1,6,64.03125,64.546875,1.0077770948410034,43.578125,-0.9731776118278503
12,100,8.75,0,1,7,64.875,63.828125,0.962841272354126,43.40625,-1.5672531127929688
12,100,8.75,0,1,8,65.25,64.3125,0.9172823429107666,44.484375,-1.7221360206604004
12,100,8.75,0,1,9,64.921875,65.78125,0.926689624786377,44.59375,-1.807422399520874
12,100,8.75,0,1,10,67.96875,65.09375,0.9783996343612671,45.328125,-1.4365241527557373
12,100,8.75,0,1,11,68.984375,66.03125,0.9898672103881836,46.640625,-0.8967455625534058
12,100,8.75,0,1,12,69.609375,66.53125,1.0157519578933716,45.578125,-1.2811205387115479
12,100,8.75,0,1,13,70.140625,67.96875,0.9809756278991699,46.390625,-1.118229866027832
12,100,8.75,0,1,14,70.546875,67.59375,0.9772147536277771,46.78125,-1.4895188808441162
12,100,8.75,0,1,15,71.0625,64.265625,1.0218712091445923,47.453125,-0.9780604243278503
12,100,8.75,0,1,16,70.875,69.75,0.9100106954574585,47.609375,-2.0373706817626953
12,100,8.75,0,1,17,71.953125,66.96875,1.0036282539367676,48.515625,-1.4784512519836426
12,100,8.75,0,1,18,72.734375,68.03125,1.0004669427871704,48.375,-1.1764981746673584
12,100,8.75,0,1,19,72.578125,68.46875,0.9804831147193909,49.1875,-1.1457037925720215
12,100,8.75,0,1,20,71.90625,68.75,0.9460182785987854,49.203125,-1.8042323589324951
12,100,8.75,0,1,21,72.734375,68.546875,0.9085471630096436,50.171875,-1.5195319652557373
12,100,8.75,0,1,22,73.09375,69.65625,0.9720327854156494,50.34375,-0.9400398135185242
12,100,8.75,0,1,23,73.5,67.5625,0.9777984619140625,50.6875,-1.5116543769836426
12,100,8.75,0,1,24,73.53125,68.875,0.9673947095870972,50.203125,-1.942318320274353
12,100,8.75,0,1,25,73.234375,68.4375,1.0050435066223145,50.6875,-1.47591233253479
12,100,8.75,0,1,26,72.703125,69.84375,0.9671387672424316,50.515625,-1.7638028860092163
12,100,8.75,0,1,27,74.5625,68.15625,1.00527822971344,51.234375,-0.8668627738952637
12,100,8.75,0,1,28,71.6875,68.734375,0.923364520072937,51.9375,-2.1274096965789795
12,100,8.75,0,1,29,71.71875,69.515625,0.9795440435409546,51.75,-1.1993496417999268
12,100,8.75,0,1,30,71.578125,70.625,1.0052621364593506,51.546875,-1.4026050567626953
12,100,8.75,0,1,31,72.0625,69.8125,1.0418901443481445,52.375,-1.1131519079208374
12,100,8.75,0,1,32,71.328125,68.09375,0.960702657699585,53.09375,-1.9718105792999268
12,100,8.75,0,1,33,71.96875,67.375,0.982111394405365,53.15625,-1.8017586469650269
12,100,8.75,0,1,34,72.5625,66.609375,1.0467511415481567,53.59375,-1.499349594116211
12,100,8.75,0,1,35,70.765625,68.0625,1.0090641975402832,53.8125,-1.4313809871673584
12,100,8.75,0,1,36,68.921875,69.984375,1.0000450611114502,53.90625,-1.7023446559906006
12,100,8.75,0,1,37,69.40625,69.625,1.0048213005065918,54.1875,-1.0776047706604004
12,100,8.75,0,1,38,70.640625,68.5625,0.9859655499458313,54.5,-1.9409513473510742
12,100,8.75,0,1,39,69.40625,68.984375,0.9775972962379456,54.4375,-1.899024248123169
12,100,8.75,0,1,40,71.453125,68.34375,1.0538259744644165,53.734375,-1.2692067623138428
12,100,8.75,0,1,41,70.984375,68.625,1.0290846824645996,54.0,-1.2008471488952637
12,100,8.75,0,1,42,72.1875,68.140625,1.0184625387191772,53.9375,-1.4337899684906006
12,100,8.75,0,1,43,72.046875,69.203125,0.9787104725837708,54.78125,-1.3529956340789795
12,100,8.75,0,1,44,71.40625,69.125,1.0625123977661133,54.671875,-0.45306068658828735
12,100,8.75,0,1,45,69.453125,67.96875,1.055797815322876,54.921875,-1.1114591360092163
12,100,8.75,0,1,46,71.4375,68.140625,0.9997479915618896,55.109375,-1.1411466598510742
12,100,8.75,0,1,47,73.9375,65.984375,1.020400047302246,53.921875,-1.4816412925720215
12,100,8.75,0,1,48,70.859375,67.4375,1.0029325485229492,54.78125,-1.2273446321487427
12,100,8.75,0,1,49,72.453125,68.25,1.0094115734100342,53.96875,-1.256446123123169
12,100,8.75,0,1,50,70.96875,67.984375,1.0350850820541382,54.25,-1.5136727094650269
12,100,8.75,0,1,51,70.8125,66.53125,0.9929618239402771,54.734375,-1.5867846012115479
12,100,8.75,0,1,52,71.953125,70.34375,0.939997136592865,54.203125,-2.310678005218506
12,100,8.75,0,1,53,70.890625,68.453125,1.0025099515914917,52.859375,-1.7170580625534058
12,100,8.75,0,1,54,72.03125,68.9375,1.027679204940796,53.375,-1.6646493673324585
12,100,8.75,0,1,55,70.5625,67.09375,0.9913628697395325,53.5625,-2.2331387996673584
12,100,8.75,0,1,56,72.171875,67.703125,1.0255651473999023,54.5625,-1.2266935110092163
12,100,8.75,0,1,57,73.40625,68.5,0.9933344125747681,53.796875,-1.4639981985092163
12,100,8.75,0,1,58,70.6875,68.4375,0.9720174074172974,53.5,-1.7447274923324585
12,100,8.75,0,1,59,70.5625,67.234375,1.008424162864685,54.875,-1.0443367958068848
12,100,8.75,0,1,60,71.828125,65.484375,1.075337529182434,54.765625,-0.7404956221580505
12,100,8.75,0,1,61,70.9375,67.484375,1.0425771474838257,54.578125,-0.7923836708068848
12,100,8.75,0,1,62,70.1875,68.8125,1.0365455150604248,53.15625,-1.2723966836929321
12,100,8.75,0,1,63,70.5625,66.640625,0.9963039755821228,54.8125,-1.6677091121673584
12,100,8.75,0,1,64,71.25,65.71875,1.0300865173339844,54.59375,-1.4889981746673584
12,100,8.75,0,1,65,70.84375,67.828125,1.0721571445465088,54.9375,-0.7903002500534058
12,100,8.75,0,1,66,70.578125,67.109375,1.0684783458709717,55.21875,-1.1930346488952637
12,100,8.75,0,1,67,72.203125,66.09375,1.0665863752365112,54.875,-1.3005867004394531
12,100,8.75,0,1,68,69.671875,67.46875,0.9911105632781982,55.1875,-1.2723965644836426
12,100,8.75,0,1,69,70.921875,68.65625,0.9845840930938721,54.890625,-1.4832038879394531
12,100,8.75,0,1,70,69.4375,66.578125,0.9892854690551758,55.390625,-1.239844560623169
12,100,8.75,0,1,71,70.75,66.09375,1.0495764017105103,55.109375,-1.0228525400161743
12,100,8.75,0,1,72,70.75,65.578125,1.0331710577011108,55.03125,-1.03450608253479
12,100,8.75,0,1,73,70.90625,65.390625,0.9676059484481812,55.09375,-1.6788419485092163
12,100,8.75,0,1,74,71.34375,65.53125,0.9619222283363342,55.578125,-1.7897143363952637
12,100,8.75,0,1,75,72.25,67.390625,1.053758144378662,53.640625,-1.3315765857696533
12,100,8.75,0,1,76,72.484375,66.265625,1.0062657594680786,54.578125,-1.3629567623138428
12,100,8.75,0,1,77,69.890625,68.65625,1.0329036712646484,53.75,-1.2826180458068848
12,100,8.75,0,1,78,72.3125,65.65625,1.0054311752319336,55.296875,-1.6755867004394531
12,100,8.75,0,1,79,71.1875,65.953125,1.0788942575454712,54.28125,-0.9771493673324585
12,100,8.75,0,1,80,71.421875,65.234375,1.0568346977233887,55.015625,-1.1650400161743164
12,100,8.75,0,1,81,70.0625,68.03125,1.0096604824066162,54.640625,-1.2055346965789795
12,100,8.75,0,1,82,71.1875,66.109375,0.9652612209320068,54.8125,-1.763021469116211
12,100,8.75,0,1,83,71.359375,66.28125,1.0616716146469116,53.765625,-1.5675138235092163
12,100,8.75,0,1,84,71.375,66.03125,1.0242061614990234,54.71875,-1.5780608654022217
12,100,8.75,0,1,85,70.21875,66.40625,0.9666245579719543,54.421875,-2.0124356746673584
12,100,8.75,0,1,86,70.984375,66.421875,1.0175492763519287,54.75,-1.5528655052185059
12,100,8.75,0,1,87,69.84375,66.03125,0.9851975440979004,54.734375,-1.6255215406417847
12,100,8.75,0,1,88,71.90625,64.0,0.9949328899383545,54.921875,-1.5431647300720215
12,100,8.75,0,1,89,71.03125,66.4375,0.9922232627868652,54.625,-1.7869148254394531
12,100,8.75,0,1,90,70.75,66.578125,0.9955747127532959,54.8125,-1.7662767171859741
12,100,8.75,0,1,91,69.4375,65.796875,1.0306892395019531,55.4375,-1.6698575019836426
12,100,8.75,0,1,92,70.109375,66.78125,1.0543063879013062,55.03125,-0.8030608892440796
12,100,8.75,0,1,93,71.296875,66.734375,1.0305603742599487,55.71875,-0.9200528860092163
12,100,8.75,0,1,94,70.390625,66.578125,0.991651177406311,54.390625,-1.7882821559906006
12,100,8.75,0,1,95,68.71875,68.234375,0.9827789664268494,55.1875,-1.3697924613952637
12,100,8.75,0,1,96,68.84375,68.46875,1.0127686262130737,55.109375,-1.3390634059906006
12,100,8.75,0,1,97,71.234375,67.40625,0.9894005656242371,53.78125,-2.0550789833068848
12,100,8.75,0,1,98,72.15625,67.34375,1.0101897716522217,54.90625,-1.3673185110092163
12,100,8.75,0,1,99,71.328125,67.484375,1.037844181060791,55.0,-0.9408212900161743
12,100,8.75,0,1,100,71.015625,68.4375,0.9756409525871277,53.875,-1.6620450019836426
12,100,8.75,0,1,101,70.109375,70.0,0.9643139243125916,55.015625,-1.4350919723510742
12,100,8.75,0,1,102,71.59375,69.828125,0.9893150329589844,54.078125,-1.536198616027832
12,100,8.75,0,1,103,70.96875,67.59375,0.9581790566444397,55.203125,-1.1687507629394531
12,100,8.75,0,1,104,73.28125,66.96875,1.0091487169265747,54.859375,-1.570378303527832
12,100,8.75,0,1,105,71.875,68.078125,1.024063229560852,54.171875,-1.319922685623169
12,100,8.75,0,1,106,70.734375,67.6875,1.0431485176086426,55.609375,-0.9322924613952637
12,100,8.75,0,1,107,71.78125,66.515625,0.9844695925712585,54.890625,-1.3384122848510742
12,100,8.75,0,1,108,72.59375,66.03125,0.9759580492973328,54.9375,-1.554753303527832
12,100,8.75,0,1,109,73.125,66.453125,0.975888729095459,54.578125,-1.8398447036743164
12,100,8.75,0,1,110,71.015625,69.109375,1.0857540369033813,54.53125,-0.5889331102371216
12,100,8.75,0,1,111,72.0625,68.1875,0.9755741953849792,54.484375,-1.4078783988952637
12,100,8.75,0,1,112,70.78125,70.828125,1.037375807762146,54.0,-1.3463549613952637
12,100,8.75,0,1,113,72.09375,70.171875,1.0215078592300415,53.6875,-1.311394214630127
12,100,8.75,0,1,114,69.03125,68.8125,0.9776163697242737,55.46875,-1.166797399520874
12,100,8.75,0,1,115,71.625,69.25,1.0523350238800049,55.03125,-0.6695971488952637
12,100,8.75,0,1,116,71.078125,68.53125,0.957801878452301,54.828125,-1.6420581340789795
12,100,8.75,0,1,117,69.953125,67.65625,0.9497379064559937,54.578125,-1.7989590167999268
12,100,8.75,0,1,118,70.359375,69.625,0.9641233682632446,53.8125,-1.9433600902557373
12,100,8.75,0,1,119,71.6875,69.734375,1.0141140222549438,54.953125,-1.0684905052185059
12,100,8.75,0,1,120,72.34375,69.21875,1.0195773839950562,54.234375,-0.9856778979301453
12,100,8.75,0,1,121,73.359375,67.328125,1.0360082387924194,54.453125,-1.2235685586929321
12,100,8.75,0,1,122,72.0,69.96875,0.9747153520584106,54.921875,-1.3255867958068848
12,100,8.75,0,1,123,73.28125,68.0,1.012760877609253,54.953125,-1.0649750232696533
12,100,8.75,0,1,124,71.46875,69.21875,1.029607892036438,54.9375,-1.0348315238952637
12,100,8.75,0,1,125,73.078125,66.90625,1.0262452363967896,55.34375,-1.032683253288269
12,100,8.75,0,1,126,70.359375,69.046875,1.0231455564498901,55.265625,-0.7665373682975769
12,100,8.75,0,1,127,70.5,67.375,0.9801978468894958,55.921875,-1.7125661373138428
12,100,8.75,0,1,128,70.8125,69.5625,1.0612735748291016,54.5,-1.1253914833068848
12,100,8.75,0,1,129,71.1875,68.0625,0.9968821406364441,56.1875,-1.2472012042999268
12,100,8.75,0,1,130,70.578125,68.109375,0.9329606890678406,56.046875,-1.6014331579208374
12,100,8.75,0,1,131,73.765625,67.703125,1.04727041721344,54.65625,-0.7565764784812927
12,100,8.75,0,1,132,70.0625,68.875,1.0941593647003174,56.0625,-0.6528654098510742
12,100,8.75,0,1,133,73.46875,66.890625,1.0065253973007202,54.96875,-1.1826179027557373
12,100,8.75,0,1,134,72.546875,68.734375,1.027261734008789,54.625,-1.202735185623169
12,100,8.75,0,1,135,70.5,68.140625,0.9477747082710266,55.046875,-1.8348968029022217
12,100,8.75,0,1,136,71.15625,68.703125,1.0233774185180664,55.46875,-0.9966153502464294
12,100,8.75,0,1,137,70.09375,69.28125,0.9789235591888428,55.703125,-1.4242196083068848
12,100,8.75,0,1,138,69.90625,68.921875,0.948867678642273,55.78125,-2.063347101211548
12,100,8.75,0,1,139,72.0,67.34375,0.9747604131698608,55.421875,-1.3799488544464111
12,100,8.75,0,1,140,71.078125,69.296875,0.9899093508720398,56.140625,-1.2961596250534058
12,100,8.75,0,1,141,72.328125,67.453125,0.9702321887016296,55.59375,-1.231511116027832
12,100,8.75,0,1,142,71.5,71.140625,1.0329073667526245,54.484375,-1.2109383344650269
12,100,8.75,0,1,143,71.953125,68.265625,1.0369967222213745,54.765625,-1.2106130123138428
12,100,8.75,0,1,144,71.796875,68.28125,1.0406639575958252,56.1875,-0.7231780886650085
12,100,8.75,0,1,145,71.359375,70.828125,1.0150357484817505,55.578125,-0.8244802355766296
12,100,8.75,0,1,146,72.78125,69.625,0.9923362731933594,55.484375,-0.96614670753479
12,100,8.75,0,1,147,72.484375,67.875,0.9876018166542053,55.09375,-1.6532561779022217
12,100,8.75,0,1,148,71.15625,69.0,0.9471950531005859,55.515625,-1.861914873123169
12,100,8.75,0,1,149,71.546875,70.21875,1.009362816810608,55.921875,-0.5928393602371216
12,100,8.75,0,1,150,73.671875,68.109375,0.993956983089447,55.109375,-1.18001389503479
12,100,8.75,0,1,151,70.671875,69.734375,0.9666833281517029,54.625,-1.9182299375534058
12,100,8.75,0,1,152,73.15625,70.078125,0.9797390699386597,54.640625,-1.1373053789138794
12,100,8.75,0,1,153,72.40625,67.59375,1.0292984247207642,55.375,-1.3958343267440796
12,100,8.75,0,1,154,71.828125,69.890625,0.9778046011924744,55.171875,-1.4595712423324585
12,100,8.75,0,1,155,71.203125,71.328125,1.0449261665344238,55.265625,-0.3581387996673584
12,100,8.75,0,1,156,72.9375,71.0,1.0445966720581055,55.671875,-0.2701180875301361
12,100,8.75,0,1,157,71.453125,69.890625,1.0303901433944702,55.421875,-0.6447274684906006
12,100,8.75,0,1,158,71.890625,68.734375,0.9374319314956665,55.0625,-1.8218759298324585
12,100,8.75,0,1,159,71.828125,69.84375,1.0008915662765503,56.109375,-0.6649746894836426
12,100,8.75,0,1,160,72.0625,70.53125,1.0009766817092896,55.609375,-0.9890633821487427
12,100,8.75,0,1,161,72.359375,69.640625,1.0370713472366333,55.671875,-0.5655607581138611
12,100,8.75,0,1,162,74.25,68.59375,0.9635762572288513,55.84375,-1.3958991765975952
12,100,8.75,0,1,163,71.90625,71.90625,0.97955721616745,55.828125,-1.0774747133255005
12,100,8.75,0,1,164,73.71875,70.734375,0.9729906916618347,55.34375,-1.1673182249069214
12,100,8.75,0,1,165,71.8125,68.84375,1.0180819034576416,54.90625,-1.1496100425720215
12,100,8.75,0,1,166,72.53125,69.421875,1.0331413745880127,55.421875,-0.9820321798324585
12,100,8.75,0,1,167,74.46875,69.796875,1.025739073753357,55.015625,-0.45696699619293213
12,100,8.75,0,1,168,72.6875,69.9375,1.012856364250183,55.6875,-1.1460293531417847
12,100,8.75,0,1,169,72.59375,70.671875,1.0412843227386475,55.40625,-0.8688809275627136
12,100,8.75,0,1,170,72.984375,69.140625,0.982251763343811,56.046875,-1.0647141933441162
12,100,8.75,0,1,171,71.828125,70.890625,0.9983295798301697,54.78125,-0.9067065119743347
12,100,8.75,0,1,172,72.9375,71.046875,1.0228970050811768,54.953125,-0.5796234011650085
12,100,8.75,0,1,173,74.5,69.484375,1.041339635848999,55.484375,-1.1149747371673584
12,100,8.75,0,1,174,71.234375,69.53125,0.9711850881576538,56.140625,-1.1368497610092163
12,100,8.75,0,1,175,72.96875,70.15625,0.9996623396873474,55.46875,-0.984050452709198
12,100,8.75,0,1,176,71.96875,68.296875,0.9754658341407776,55.828125,-1.3690764904022217
12,100,8.75,0,1,177,71.515625,69.15625,1.053495168685913,55.75,-0.9614591002464294
12,100,8.75,0,1,178,70.875,71.53125,1.0564383268356323,56.140625,-0.34856852889060974
12,100,8.75,0,1,179,72.59375,71.296875,0.9559294581413269,56.140625,-1.4282560348510742
12,100,8.75,0,1,180,72.734375,73.109375,0.9923006296157837,54.75,-1.00423264503479
12,100,8.75,0,1,181,71.8125,70.265625,1.0007809400558472,55.96875,-0.8516284823417664
12,100,8.75,0,1,182,70.78125,69.390625,0.9627984762191772,55.5625,-1.3550790548324585
12,100,8.75,0,1,183,71.640625,69.34375,1.0096156597137451,56.140625,-0.75813889503479
12,100,8.75,0,1,184,70.921875,70.21875,1.043539047241211,55.4375,-0.7568367719650269
12,100,8.75,0,1,185,72.171875,70.859375,1.0173789262771606,55.40625,-0.9397143125534058
12,100,8.75,0,1,186,71.484375,69.984375,1.051023006439209,55.671875,-0.9449877738952637
12,100,8.75,0,1,187,71.078125,69.921875,0.9541800618171692,56.015625,-1.4852222204208374
12,100,8.75,0,1,188,72.59375,69.921875,1.011717438697815,56.03125,-1.0352225303649902
12,100,8.75,0,1,189,73.90625,71.140625,0.9875902533531189,55.640625,-0.8526052236557007
12,100,8.75,0,1,190,72.46875,71.390625,1.0168341398239136,55.3125,-1.221875786781311
12,100,8.75,0,1,191,70.953125,70.703125,0.9694780707359314,55.8125,-0.9954435229301453
12,100,8.75,0,1,192,70.78125,71.203125,1.052607536315918,56.640625,-0.27155035734176636
12,100,8.75,0,1,193,72.390625,69.84375,0.9766338467597961,56.015625,-1.3837897777557373
12,100,8.75,0,1,194,72.578125,71.046875,1.0059281587600708,55.75,-0.7305997610092163
12,100,8.75,0,1,195,70.828125,69.390625,0.9831510186195374,55.984375,-1.4492195844650269
12,100,8.75,0,1,196,71.078125,70.578125,0.9442444443702698,55.421875,-1.3305997848510742
12,100,8.75,0,1,197,71.265625,70.109375,0.9800930619239807,56.875,-1.2166024446487427
12,100,8.75,0,1,198,69.40625,70.703125,1.0211503505706787,54.859375,-1.3534512519836426
12,100,8.75,0,1,199,69.953125,72.0625,0.9908880591392517,56.8125,-0.8377611637115479
12,100,8.75,0,1,200,71.015625,72.03125,1.018011212348938,55.890625,-0.5279306769371033
12,100,8.75,0,1,201,74.015625,71.625,1.0632435083389282,55.90625,-0.43613362312316895
12,100,8.75,0,1,202,72.265625,70.28125,0.9865177273750305,55.421875,-1.527669906616211
12,100,8.75,0,1,203,72.71875,70.484375,1.0035276412963867,55.625,-1.1326179504394531
12,100,8.75,0,1,204,70.921875,70.765625,1.0353755950927734,55.828125,-0.87050861120224
12,100,8.75,0,1,205,73.015625,68.984375,0.9992752075195312,56.21875,-1.0978524684906006
12,100,8.75,0,1,206,71.15625,71.09375,0.9996727705001831,56.0625,-1.2964200973510742
12,100,8.75,0,1,207,71.296875,70.109375,0.9984989762306213,56.921875,-1.1466805934906006
12,100,8.75,0,1,208,71.046875,72.234375,0.954027533531189,56.46875,-1.0888030529022217
12,100,8.75,0,1,209,71.546875,70.84375,1.0657964944839478,56.03125,-0.052149396389722824
12,100,8.75,0,1,210,72.65625,70.71875,0.97812819480896,56.234375,-1.4952483177185059
12,100,8.75,0,1,211,70.65625,71.40625,1.0549260377883911,56.15625,-0.4099617898464203
12,100,8.75,0,1,212,72.515625,71.4375,1.021016240119934,55.921875,-0.7072274088859558
12,100,8.75,0,1,213,71.1875,70.203125,1.0270562171936035,56.65625,-0.683203935623169
12,100,8.75,0,1,214,71.53125,70.984375,1.0664335489273071,56.234375,-0.734115481376648
12,100,8.75,0,1,215,71.109375,71.109375,1.098483681678772,56.03125,-0.44199299812316895
12,100,8.75,0,1,216,70.546875,70.375,1.0454919338226318,56.484375,-0.5683602094650269
12,100,8.75,0,1,217,73.515625,72.171875,1.0344305038452148,55.640625,-0.8135426044464111
12,100,8.75,0,1,218,70.171875,71.40625,1.0046782493591309,55.34375,-1.3162767887115479
12,100,8.75,0,1,219,71.25,71.171875,1.0376275777816772,56.65625,-0.8219410181045532
12,100,8.75,0,1,220,71.890625,70.203125,1.0140349864959717,55.90625,-0.8264331817626953
12,100,8.75,0,1,221,72.328125,71.5625,0.9950856566429138,56.109375,-1.0466804504394531
12,100,8.75,0,1,222,70.859375,72.484375,0.9573258757591248,56.890625,-1.1681649684906006
12,100,8.75,0,1,223,70.84375,71.65625,1.013990044593811,56.515625,-0.8532559871673584
12,100,8.75,0,1,224,71.703125,71.78125,1.1015965938568115,56.53125,0.2782543897628784
12,100,8.75,0,1,225,70.8125,72.265625,0.9774050116539001,56.1875,-1.2697924375534058
12,100,8.75,0,1,226,70.8125,70.125,1.0106483697891235,56.765625,-1.072852373123169
12,100,8.75,0,1,227,71.140625,70.734375,1.0234357118606567,56.453125,-0.8351570963859558
12,100,8.75,0,1,228,71.796875,71.9375,1.041549563407898,56.078125,-0.659896731376648
12,100,8.75,0,1,229,71.359375,70.71875,1.0353108644485474,56.84375,-0.40293049812316895
12,100,8.75,0,1,230,69.578125,73.125,1.0786802768707275,56.21875,-0.41653722524642944
12,100,8.75,0,1,231,69.8125,69.5625,1.0829439163208008,56.921875,-0.494011253118515
12,100,8.75,0,1,232,70.28125,68.375,1.0747220516204834,56.28125,-0.7071623802185059
12,100,8.75,0,1,233,72.375,70.375,1.0521374940872192,56.484375,-0.4817066192626953
12,100,8.75,0,1,234,73.015625,69.1875,1.026869297027588,56.109375,-1.0563809871673584
12,100,8.75,0,1,235,70.375,70.84375,1.0594538450241089,57.125,-0.8285815119743347
12,100,8.75,0,1,236,69.734375,72.046875,1.0161868333816528,56.765625,-0.6112638115882874
12,100,8.75,0,1,237,71.921875,71.96875,1.0321463346481323,55.984375,-0.9126960635185242
12,100,8.75,0,1,238,70.578125,72.390625,1.0183240175247192,56.53125,-0.8917977213859558
12,100,8.75,0,1,239,72.1875,72.53125,0.9989964962005615,56.328125,-1.0026050806045532
12,100,8.75,0,1,240,71.5,72.296875,0.967967689037323,56.171875,-1.056836724281311
12,100,8.75,0,1,241,71.109375,73.328125,1.060819149017334,56.40625,-0.03138100355863571
12,100,8.75,0,1,242,72.765625,72.3125,1.080324649810791,55.84375,-0.4562509059906006
12,100,8.75,0,1,243,71.171875,71.9375,1.0890012979507446,56.890625,-0.09700596332550049
12,100,8.75,0,1,244,72.765625,71.34375,1.0018366575241089,56.65625,-1.1372404098510742
12,100,8.75,0,1,245,69.1875,72.875,1.0031940937042236,56.109375,-0.984961748123169
12,100,8.75,0,1,246,70.5625,71.0625,0.9781259894371033,56.328125,-1.569401741027832
12,100,8.75,0,1,247,72.453125,71.171875,1.019007682800293,56.875,-0.727409839630127
12,100,8.75,0,1,248,71.984375,71.53125,1.0571831464767456,56.609375,-0.48405036330223083
12,100,8.75,0,1,249,70.3125,71.796875,1.047685980796814,56.84375,-1.0415372848510742
12,100,8.75,0,1,250,72.6875,71.125,1.0137732028961182,56.3125,-0.8693368434906006
12,100,8.75,0,1,251,70.3125,71.578125,0.9842780232429504,56.84375,-1.21028733253479
12,100,8.75,0,1,252,73.078125,70.421875,1.0245801210403442,56.6875,-0.6212248206138611
12,100,8.75,0,1,253,71.828125,72.90625,0.9871955513954163,57.421875,-1.2294930219650269
12,100,8.75,0,1,254,72.796875,71.5625,0.9907172322273254,56.203125,-1.2912768125534058
12,100,8.75,0,1,255,72.046875,70.46875,1.0111757516860962,57.375,-1.0076180696487427
12,100,8.75,0,1,256,72.03125,72.359375,0.9534540772438049,56.234375,-1.1962900161743164
12,100,8.75,0,1,257,71.40625,72.390625,0.9734721183776855,56.453125,-1.23567795753479
12,100,8.75,0,1,258,71.109375,72.734375,1.0106027126312256,56.75,-0.8960293531417847
12,100,8.75,0,1,259,71.28125,71.453125,1.0423012971878052,56.53125,-1.0832040309906006
12,100,8.75,0,1,260,73.53125,69.421875,1.0511871576309204,56.40625,-0.4272145628929138
12,100,8.75,0,1,261,70.90625,72.78125,1.0086125135421753,56.859375,-0.4378913342952728
12,100,8.75,0,1,262,68.984375,71.90625,0.9351476430892944,56.984375,-1.3927743434906006
12,100,8.75,0,1,263,73.171875,73.03125,1.0440621376037598,56.78125,-0.6230478882789612
12,100,8.75,0,1,264,73.25,70.578125,1.032821536064148,56.515625,-0.952800452709198
12,100,8.75,0,1,265,71.21875,70.609375,1.0072615146636963,56.078125,-0.9403001666069031
12,100,8.75,0,1,266,70.125,71.328125,1.0748522281646729,57.046875,-0.1653004139661789
12,100,8.75,0,1,267,73.53125,71.453125,0.9771575927734375,56.640625,-1.433789610862732
12,100,8.75,0,1,268,71.4375,73.609375,0.9918036460876465,56.21875,-0.910222053527832
12,100,8.75,0,1,269,70.765625,72.875,1.0230348110198975,56.46875,-1.0407559871673584
12,100,8.75,0,1,270,71.859375,72.421875,1.025611162185669,56.3125,-0.7462247610092163
12,100,8.75,0,1,271,71.125,73.96875,1.0093402862548828,56.640625,-0.5927091240882874
12,100,8.75,0,1,272,70.765625,71.765625,1.064823031425476,56.296875,-0.20833426713943481
12,100,8.75,0,1,273,70.78125,73.28125,1.027588129043579,56.859375,-0.6075530648231506
12,100,8.75,0,1,274,72.640625,70.671875,0.9305996894836426,56.953125,-1.6320321559906006
12,100,8.75,0,1,275,70.515625,71.96875,0.9677201509475708,56.8125,-1.2712900638580322
12,100,8.75,0,1,276,70.671875,71.890625,1.0732917785644531,57.34375,-0.22721454501152039
12,100,8.75,0,1,277,71.0625,73.65625,1.016518235206604,56.796875,-0.8068368434906006
12,100,8.75,0,1,278,71.140625,74.609375,1.0192064046859741,56.28125,-0.566016435623169
12,100,8.75,0,1,279,71.296875,73.40625,1.0206058025360107,56.15625,-1.0572925806045532
12,100,8.75,0,1,280,72.359375,71.953125,0.9883901476860046,56.40625,-0.9980478286743164
12,100,8.75,0,1,281,70.78125,71.484375,0.9641475677490234,56.171875,-1.2775397300720215
12,100,8.75,0,1,282,71.640625,73.84375,0.9883300065994263,56.09375,-1.2860034704208374
12,100,8.75,0,1,283,71.0,72.15625,0.9636462330818176,57.078125,-1.0547534227371216
12,100,8.75,0,1,284,69.828125,74.359375,1.0093989372253418,57.09375,-0.7311856746673584
12,100,8.75,0,1,285,73.09375,69.875,1.0295711755752563,56.046875,-1.239974856376648
12,100,8.75,0,1,286,70.5,72.03125,0.9775843620300293,56.9375,-1.0312509536743164
12,100,8.75,0,1,287,70.859375,71.984375,1.0193555355072021,57.046875,-0.8022143244743347
12,100,8.75,0,1,288,71.25,73.21875,1.0553772449493408,57.09375,-0.5710947513580322
12,100,8.75,0,1,289,70.5625,72.21875,0.9548574686050415,58.046875,-1.1739591360092163
12,100,8.75,0,1,290,72.609375,73.328125,1.0143941640853882,56.625,-0.795638918876648
12,100,8.75,0,1,291,70.5,72.859375,1.0200849771499634,56.25,-0.6433601379394531
12,100,8.75,0,1,292,68.625,74.296875,1.0472466945648193,56.3125,-0.45787855982780457
12,100,8.75,0,1,293,70.25,72.515625,1.0082488059997559,56.96875,-0.6041675806045532
12,100,8.75,0,1,294,72.84375,72.28125,0.9582973718643188,57.328125,-1.285222053527832
12,100,8.75,0,1,295,70.625,72.84375,0.9819656610488892,56.34375,-1.2487637996673584
12,100,8.75,0,1,296,70.359375,74.03125,0.9977754354476929,57.078125,-0.6432952284812927
12,100,8.75,0,1,297,72.34375,73.0,1.0408731698989868,56.34375,-0.6261076331138611
12,100,8.75,0,1,298,70.53125,72.703125,1.0241526365280151,56.296875,-1.1437509059906006
12,100,8.75,0,1,299,71.78125,72.890625,1.066088318824768,56.78125,-0.12513113021850586
12,100,8.75,0,1,300,70.453125,74.203125,1.0187771320343018,56.0,-0.8054044246673584
12,100,8.75,0,1,301,71.15625,72.90625,0.9941584467887878,56.578125,-0.8820971846580505
12,100,8.75,0,1,302,71.84375,73.25,0.9930375814437866,56.46875,-1.0218757390975952
12,100,8.75,0,1,303,69.984375,74.046875,1.0518438816070557,56.609375,-0.6057299971580505
12,100,8.75,0,1,304,70.75,73.15625,1.0554713010787964,56.828125,-0.2827482521533966
12,100,8.75,0,1,305,72.53125,73.296875,0.9419554471969604,56.84375,-1.0880868434906006
12,100,8.75,0,1,306,70.0,74.46875,1.0608057975769043,56.671875,-0.23300865292549133
12,100,8.75,0,1,307,72.109375,72.03125,0.968041718006134,56.3125,-1.429297685623169
12,100,8.75,0,1,308,72.03125,73.390625,1.0301623344421387,56.859375,-0.9314462542533875
12,100,8.75,0,1,309,69.484375,74.078125,1.017204761505127,57.125,-0.27467530965805054
12,100,8.75,0,1,310,71.53125,72.390625,1.0376545190811157,56.84375,-0.8595711588859558
12,100,8.75,0,1,311,71.15625,73.203125,1.0694561004638672,56.3125,-0.479623407125473
12,100,8.75,0,1,312,70.546875,71.390625,0.9658273458480835,57.515625,-0.7947924137115479
12,100,8.75,0,1,313,70.453125,71.859375,0.9874776601791382,57.09375,-1.0848314762115479
12,100,8.75,0,1,314,70.140625,74.40625,1.134935736656189,56.4375,0.1954418122768402
12,100,8.75,0,1,315,70.09375,73.515625,1.0574367046356201,56.796875,-0.6048185229301453
12,100,8.75,0,1,316,70.859375,72.890625,0.963524341583252,57.75,-0.6614591479301453
12,100,8.75,0,1,317,69.125,74.34375,1.0669972896575928,57.328125,-0.12083423137664795
12,100,8.75,0,1,318,69.53125,73.25,1.0046738386154175,57.84375,-0.7359382510185242
12,100,8.75,0,1,319,70.3125,73.1875,1.089424729347229,57.96875,-0.08828222751617432
12,100,8.75,0,1,320,71.34375,71.59375,0.9721051454544067,56.59375,-1.6684250831604004
12,100,8.75,0,1,321,69.984375,72.8125,0.9565147161483765,57.34375,-1.2954434156417847
12,100,8.75,0,1,322,71.53125,73.28125,0.9807640910148621,57.0,-0.906836748123169
12,100,8.75,0,1,323,70.109375,72.03125,1.0053348541259766,57.328125,-0.46842536330223083
12,100,8.75,0,1,324,71.765625,71.546875,0.987427294254303,56.859375,-1.0666675567626953
12,100,8.75,0,1,325,73.4375,71.671875,1.0137598514556885,57.03125,-0.9983080625534058
12,100,8.75,0,1,326,70.5,71.078125,1.003740668296814,57.546875,-1.1180998086929321
12,100,8.75,0,1,327,71.90625,73.171875,1.0351333618164062,57.140625,-0.15254004299640656
12,100,8.75,0,1,328,71.84375,73.296875,1.0245283842086792,57.0625,-0.4748706817626953
12,100,8.75,0,1,329,70.84375,72.78125,0.9909270405769348,57.59375,-0.7574877738952637
12,100,8.75,0,1,330,70.921875,73.3125,1.031728744506836,56.75,-0.9822272658348083
12,100,8.75,0,1,331,71.3125,74.0,1.0592372417449951,57.296875,-0.14036540687084198
12,100,8.75,0,1,332,70.8125,71.21875,1.0374408960342407,57.09375,-0.467904657125473
12,100,8.75,0,1,333,72.640625,72.796875,1.0067954063415527,57.46875,-0.44368577003479004
12,100,8.75,0,1,334,71.8125,72.765625,1.035186529159546,56.171875,-1.17903733253479
12,100,8.75,0,1,335,69.90625,71.5625,1.0489838123321533,57.515625,-0.5116546154022217
12,100,8.75,0,1,336,69.515625,73.859375,0.9710437655448914,57.71875,-0.8212246894836426
12,100,8.75,0,1,337,70.5625,72.421875,0.9524275660514832,57.53125,-1.2392585277557373
12,100,8.75,0,1,338,70.15625,72.515625,1.029185175895691,56.890625,-0.768295168876648
12,100,8.75,0,1,339,70.203125,75.359375,0.9756104350090027,57.734375,-0.5670582056045532
12,100,8.75,0,1,340,69.765625,74.78125,1.0768557786941528,57.765625,-0.18691492080688477
12,100,8.75,0,1,341,71.109375,74.421875,0.9416366219520569,57.046875,-1.3636077642440796
12,100,8.75,0,1,342,71.015625,74.5,1.027706503868103,57.453125,-0.6130868196487427
12,100,8.75,0,1,343,70.34375,74.28125,1.0605567693710327,57.515625,-0.5097664594650269
12,100,8.75,0,1,344,69.421875,72.953125,0.9624691009521484,57.546875,-1.324935793876648
12,100,8.75,0,1,345,70.875,74.375,0.9689551591873169,57.140625,-1.1214852333068848
12,100,8.75,0,1,346,70.34375,74.75,1.0096707344055176,57.1875,-0.5693365931510925
12,100,8.75,0,1,347,68.46875,74.515625,1.0897061824798584,57.71875,-0.22675871849060059
12,100,8.75,0,1,348,69.625,74.015625,1.0658625364303589,57.84375,-0.10937591642141342
12,100,8.75,0,1,349,70.25,74.0,1.0863229036331177,57.3125,-0.1023445725440979
12,100,8.75,0,1,350,70.5625,74.53125,0.9927442073822021,57.5,-0.3884122967720032
12,100,8.75,0,1,351,71.421875,72.671875,1.0149139165878296,56.4375,-1.1407561302185059
12,100,8.75,0,1,352,68.90625,73.8125,1.0402711629867554,57.828125,-0.6325530409812927
12,100,8.75,0,1,353,70.40625,74.21875,1.0566734075546265,57.3125,-0.20169371366500854
12,100,8.75,0,1,354,70.984375,72.859375,1.0361442565917969,57.578125,-0.4875659942626953
12,100,8.75,0,1,355,70.609375,75.921875,0.9798000454902649,56.75,-0.987761378288269
12,100,8.75,0,1,356,70.1875,75.640625,1.0034490823745728,56.375,-1.021224856376648
12,100,8.75,0,1,357,70.421875,74.5625,1.0101776123046875,57.265625,-0.26790449023246765
12,100,8.75,0,1,358,70.984375,74.90625,0.9902017116546631,57.296875,-1.0855475664138794
12,100,8.75,0,1,359,70.140625,74.28125,0.9697820544242859,57.5,-1.0288419723510742
12,100,8.75,0,1,360,69.6875,74.578125,0.9670925736427307,57.28125,-1.0005216598510742
12,100,8.75,0,1,361,70.328125,75.828125,0.9943817257881165,58.125,-0.6748055219650269
12,100,8.75,0,1,362,69.4375,75.359375,1.0033979415893555,57.59375,-0.8958340883255005
12,100,8.75,0,1,363,70.75,72.953125,0.9929777979850769,57.046875,-0.8865243196487427
12,100,8.75,0,1,364,70.65625,74.84375,1.0002291202545166,57.484375,-0.7443367838859558
12,100,8.75,0,1,365,69.28125,74.53125,0.968845784664154,58.078125,-1.206641435623169
12,100,8.75,0,1,366,70.453125,74.296875,0.9276374578475952,56.4375,-1.5350265502929688
12,100,8.75,0,1,367,70.125,75.515625,1.0297284126281738,56.734375,-0.78938889503479
12,100,8.75,0,1,368,68.671875,76.6875,1.0450807809829712,57.421875,-0.11621169745922089
12,100,8.75,0,1,369,70.296875,76.15625,1.0088183879852295,56.703125,-0.629948616027832
12,100,8.75,0,1,370,68.15625,75.1875,1.0451505184173584,57.25,-0.12337319552898407
12,100,8.75,0,1,371,69.921875,73.953125,1.036705493927002,57.78125,-0.35944101214408875
12,100,8.75,0,1,372,68.703125,76.15625,0.983518660068512,56.90625,-0.9643236994743347
12,100,8.75,0,1,373,69.0,76.1875,1.0015314817428589,57.796875,-0.7107428312301636
12,100,8.75,0,1,374,68.515625,78.328125,0.998576819896698,56.796875,-0.8104826807975769
12,100,8.75,0,1,375,69.4375,74.515625,1.0113394260406494,57.578125,-0.44524821639060974
12,100,8.75,0,1,376,70.734375,74.234375,0.9673334956169128,57.640625,-0.6419278383255005
12,100,8.75,0,1,377,70.453125,75.171875,1.008573293685913,57.015625,-0.91445392370224
12,100,8.75,0,1,378,71.265625,73.140625,1.0256496667861938,57.109375,-0.8879565596580505
12,100,8.75,0,1,379,69.75,74.109375,1.0135695934295654,57.53125,-0.9756519198417664
12,100,8.75,0,1,380,70.375,74.921875,1.004130482673645,58.0,-0.4164721965789795
12,100,8.75,0,1,381,70.40625,76.109375,1.0208473205566406,57.53125,-0.4481128454208374
12,100,8.75,0,1,382,70.140625,75.96875,1.0220531225204468,56.359375,-0.30319100618362427
12,100,8.75,0,1,383,70.921875,74.15625,0.9993798732757568,57.59375,-0.7428393363952637
12,100,8.75,0,1,384,68.75,74.390625,1.0206280946731567,57.53125,-0.38007888197898865
12,100,8.75,0,1,385,71.4375,75.71875,1.0126097202301025,57.4375,-0.4193367660045624
12,100,8.75,0,1,386,68.34375,74.125,0.9925450086593628,58.0625,-0.33802172541618347
12,100,8.75,0,1,387,70.40625,75.5,1.0409879684448242,57.421875,-0.585482656955719
12,100,8.75,0,1,388,70.390625,74.171875,0.9634153246879578,57.515625,-1.0737638473510742
12,100,8.75,0,1,389,70.828125,72.90625,0.973222553730011,57.53125,-1.2096362113952637
12,100,8.75,0,1,390,71.5625,73.53125,1.0031986236572266,57.671875,-0.4324879050254822
12,100,8.75,0,1,391,70.0625,75.796875,1.0582616329193115,56.703125,-0.8088551759719849
12,100,8.75,0,1,392,68.3125,76.703125,0.987197995185852,57.875,-0.9996752142906189
12,100,8.75,0,1,393,69.609375,74.390625,0.9864386916160583,58.0,-0.6673185229301453
12,100,8.75,0,1,394,70.09375,74.890625,0.9687137007713318,57.34375,-1.1165372133255005
12,100,8.75,0,1,395,69.359375,75.15625,1.032277226448059,57.71875,-0.36823004484176636
12,100,8.75,0,1,396,69.765625,74.265625,1.067850112915039,57.453125,-0.32858145236968994
12,100,8.75,0,1,397,70.53125,76.3125,1.0258277654647827,57.015625,-0.31445398926734924
12,100,8.75,0,1,398,69.90625,73.375,1.0233192443847656,56.828125,-0.8722664713859558
12,100,8.75,0,1,399,69.265625,74.515625,1.1063363552093506,57.078125,0.22317633032798767
12,100,8.75,0,1,400,71.703125,74.328125,0.9825791716575623,56.328125,-1.036003589630127
12,100,8.75,0,1,401,69.453125,76.515625,1.0294204950332642,57.078125,-0.43190187215805054
12,100,8.75,0,1,402,70.359375,74.765625,1.057301640510559,56.515625,-0.23352938890457153
12,100,8.75,0,1,403,69.125,75.296875,0.966053307056427,57.375,-1.4218108654022217
12,100,8.75,0,1,404,70.234375,75.328125,0.9778701663017273,57.78125,-0.8345062136650085
12,100,8.75,0,1,405,69.296875,75.59375,0.9677057862281799,57.171875,-1.3517587184906006
12,100,8.75,0,1,406,70.375,75.109375,0.9861870408058167,57.078125,-1.1017587184906006
12,100,8.75,0,1,407,68.5625,76.953125,1.08864164352417,57.296875,0.3867829740047455
12,100,8.75,0,1,408,70.328125,76.015625,0.9638919234275818,56.5,-1.1874357461929321
12,100,8.75,0,1,409,68.421875,75.5,1.050998330116272,56.890625,-0.5736337304115295
12,100,8.75,0,1,410,69.515625,75.71875,1.0704745054244995,57.09375,-0.035677872598171234
12,100,8.75,0,1,411,69.265625,77.09375,1.0093754529953003,57.359375,-0.5807952284812927
12,100,8.75,0,1,412,69.796875,76.09375,0.9691686034202576,56.9375,-0.6294277906417847
12,100,8.75,0,1,413,70.34375,74.28125,1.0534846782684326,56.46875,-0.6555346250534058
12,100,8.75,0,1,414,70.203125,74.296875,1.0419853925704956,57.203125,-0.6691414713859558
12,100,8.75,0,1,415,68.75,75.203125,1.0077285766601562,57.84375,-0.6492196917533875
12,100,8.75,0,1,416,70.25,74.109375,0.9863052368164062,57.59375,-1.0260424613952637
12,100,8.75,0,1,417,70.25,75.625,0.976715087890625,57.765625,-1.1365240812301636
12,100,8.75,0,1,418,69.390625,75.203125,1.024503231048584,57.921875,-0.3016285300254822
12,100,8.75,0,1,419,68.765625,76.578125,1.0116082429885864,58.296875,0.03417884558439255
12,100,8.75,0,1,420,69.90625,73.484375,1.051924467086792,58.34375,-0.06067785620689392
12,100,8.75,0,1,421,70.046875,75.234375,1.0308430194854736,57.734375,-0.5585296154022217
12,100,8.75,0,1,422,70.4375,77.046875,1.0135316848754883,57.1875,-0.3820973038673401
12,100,8.75,0,1,423,69.046875,76.015625,1.0845541954040527,57.203125,-0.5847665071487427
12,100,8.75,0,1,424,69.75,74.140625,1.0021709203720093,57.296875,-0.5876962542533875
12,100,8.75,0,1,425,67.421875,75.078125,1.1214220523834229,57.8125,0.16907474398612976
12,100,8.75,0,1,426,67.71875,74.546875,0.989806592464447,57.765625,-1.0406908988952637
12,100,8.75,0,1,427,70.78125,74.1875,1.0578808784484863,57.390625,-0.5136727094650269
12,100,8.75,0,1,428,68.84375,75.0,1.0006028413772583,58.1875,-0.721159815788269
12,100,8.75,0,1,429,70.296875,74.421875,1.0271967649459839,57.9375,-0.6740242838859558
12,100,8.75,0,1,430,68.4375,75.84375,1.0410301685333252,57.6875,-0.685157060623169
12,100,8.75,0,1,431,68.53125,76.6875,0.9590887427330017,57.453125,-1.1381518840789795
12,100,8.75,0,1,432,67.859375,75.234375,1.0218279361724854,57.46875,-0.6800789833068848
12,100,8.75,0,1,433,70.078125,75.125,1.0254158973693848,57.828125,-0.4556649327278137
12,100,8.75,0,1,434,67.984375,75.421875,0.9722646474838257,57.265625,-0.8696622848510742
12,100,8.75,0,1,435,69.625,74.796875,1.0565204620361328,57.640625,-0.31393319368362427
12,100,8.75,0,1,436,69.953125,75.375,1.031367540359497,57.453125,-0.5889331102371216
12,100,8.75,0,1,437,69.4375,76.125,1.0131152868270874,57.28125,-0.31250083446502686
12,100,8.75,0,1,438,67.828125,76.609375,1.0320631265640259,57.34375,-0.6186855435371399
12,100,8.75,0,1,439,68.25,76.625,1.0381778478622437,58.1875,-0.42799562215805054
12,100,8.75,0,1,440,68.546875,77.1875,0.9432856440544128,58.5,-1.185157060623169
12,100,8.75,0,1,441,68.921875,76.078125,0.9882155656814575,57.296875,-1.2533209323883057
12,100,8.75,0,1,442,69.515625,77.046875,1.0223596096038818,57.515625,-0.3117195963859558
12,100,8.75,0,1,443,71.28125,75.515625,0.9872162938117981,56.828125,-1.0227222442626953
12,100,8.75,0,1,444,68.328125,76.3125,1.0200532674789429,57.9375,-0.75136798620224
12,100,8.75,0,1,445,68.640625,74.59375,0.9967008829116821,57.25,-1.0007821321487427
12,100,8.75,0,1,446,69.453125,76.46875,1.0241020917892456,58.015625,-0.6539721488952637
12,100,8.75,0,1,447,69.84375,77.15625,1.0410879850387573,56.96875,-0.3384123742580414
12,100,8.75,0,1,448,70.203125,78.078125,1.0244404077529907,56.203125,-0.5373707413673401
12,100,8.75,0,1,449,68.46875,76.03125,1.0934066772460938,57.15625,-0.4048837125301361
12,100,8.75,0,1,450,69.625,76.390625,1.0282306671142578,57.328125,-0.32910239696502686
12,100,8.75,0,1,451,69.890625,77.015625,1.063617467880249,57.9375,-0.03769628331065178
12,100,8.75,0,1,452,69.171875,77.625,0.9364462494850159,58.015625,-0.8599618673324585
12,100,8.75,0,1,453,69.734375,76.546875,1.0175889730453491,57.828125,-0.25026124715805054
12,100,8.75,0,1,454,69.109375,76.09375,1.0506032705307007,58.046875,-0.08587335050106049
12,100,8.75,0,1,455,67.96875,77.109375,1.043129801750183,58.5,-0.12786535918712616
12,100,8.75,0,1,456,69.890625,76.3125,1.0229586362838745,58.296875,-0.49544355273246765
12,100,8.75,0,1,457,71.515625,75.078125,1.0273290872573853,57.578125,-0.5361988544464111
12,100,8.75,0,1,458,71.3125,75.40625,1.0309867858886719,57.5625,-0.16731850802898407
12,100,8.75,0,1,459,70.328125,75.515625,0.9947526454925537,57.421875,-0.4288420081138611
12,100,8.75,0,1,460,71.078125,76.578125,1.0491702556610107,57.53125,-0.00625087833032012
12,100,8.75,0,1,461,68.4375,77.15625,1.0447406768798828,57.6875,-0.17122480273246765
12,100,8.75,0,1,462,69.34375,77.34375,1.0044023990631104,57.9375,-0.6268237829208374
12,100,8.75,0,1,463,69.015625,77.25,1.0686089992523193,58.90625,0.051756810396909714
12,100,8.75,0,1,464,70.203125,75.15625,1.0094045400619507,57.84375,-0.6409513354301453
12,100,8.75,0,1,465,67.265625,78.21875,1.0757553577423096,57.78125,0.14941319823265076
12,100,8.75,0,1,466,67.765625,76.390625,1.0274077653884888,57.65625,-0.3417326807975769
12,100,8.75,0,1,467,69.5625,74.84375,1.0162105560302734,58.09375,-0.7329436540603638
12,100,8.75,0,1,468,69.0,75.984375,1.014428734779358,58.0625,-0.5863290429115295
12,100,8.75,0,1,469,69.59375,76.15625,1.0489996671676636,57.40625,-0.5085296630859375
12,100,8.75,0,1,470,68.390625,76.65625,1.0377302169799805,57.96875,-0.646094560623169
12,100,8.75,0,1,471,67.828125,75.765625,1.0131503343582153,57.921875,-0.9366543292999268
12,100,8.75,0,1,472,67.203125,75.6875,1.0244333744049072,58.21875,-0.36588621139526367
12,100,8.75,0,1,473,68.65625,76.28125,1.0077714920043945,57.28125,-1.3377612829208374
12,100,8.75,0,1,474,70.0,75.171875,0.9985069036483765,57.765625,-0.8011727333068848
12,100,8.75,0,1,475,69.796875,74.25,1.041474461555481,57.40625,-0.8279304504394531
12,100,8.75,0,1,476,68.03125,77.15625,1.0769881010055542,57.453125,-0.10859467834234238
12,100,8.75,0,1,477,67.84375,75.9375,1.0850797891616821,58.125,-0.04030021280050278
12,100,8.75,0,1,478,67.578125,76.84375,1.077699899673462,58.15625,0.02675696276128292
12,100,8.75,0,1,479,69.140625,76.15625,1.0060615539550781,58.0,-0.894141435623169
12,100,8.75,0,1,480,67.375,77.859375,1.0445417165756226,57.984375,-0.19687585532665253
12,100,8.75,0,1,481,69.671875,77.8125,1.079736351966858,57.84375,0.22903560101985931
12,100,8.75,0,1,482,67.875,78.5625,1.0302237272262573,57.640625,-0.411003440618515
12,100,8.75,0,1,483,69.734375,77.6875,1.0342967510223389,57.375,-0.4531908929347992
12,100,8.75,0,1,484,69.4375,76.5625,1.0456103086471558,58.265625,-0.22363373637199402
12,100,8.75,0,1,485,69.078125,74.296875,1.0436457395553589,57.25,-1.2350270748138428
12,100,8.75,0,1,486,68.4375,75.953125,1.0548278093338013,58.21875,-0.40293049812316895
12,100,8.75,0,1,487,68.375,75.1875,1.0190575122833252,57.0625,-0.9208342432975769
12,100,8.75,0,1,488,70.546875,75.953125,1.0246846675872803,57.53125,-0.9119799137115479
12,100,8.75,0,1,489,70.265625,76.28125,1.0498120784759521,56.875,-0.7832039594650269
12,100,8.75,0,1,490,67.703125,76.234375,1.1147775650024414,58.1875,0.40240800380706787
12,100,8.75,0,1,491,70.234375,74.75,1.075927495956421,57.34375,-0.25006595253944397
12,100,8.75,0,1,492,68.65625,76.484375,1.0820610523223877,57.609375,-0.40631604194641113
12,100,8.75,0,1,493,69.59375,75.796875,1.0071228742599487,57.75,-0.6658212542533875
12,100,8.75,0,1,494,68.703125,76.890625,1.0051605701446533,57.28125,-0.6469408869743347
12,100,8.75,0,1,495,69.625,77.140625,1.0411274433135986,57.8125,-0.5534512996673584
12,100,8.75,0,1,496,69.71875,76.296875,1.0256068706512451,57.953125,-0.598828911781311
12,100,8.75,0,1,497,68.421875,78.265625,0.9833002686500549,57.4375,-1.0056648254394531
12,100,8.75,0,1,498,69.671875,75.546875,1.0459411144256592,57.84375,-0.161849707365036
12,100,8.75,0,1,499,70.25,75.90625,1.021841287612915,57.203125,-0.773308277130127
12,100,8.75,0,1,500,68.5,77.40625,1.0578550100326538,57.859375,-0.25553470849990845
12,100,8.75,0,1,501,68.96875,75.03125,1.0677183866500854,58.296875,-0.21653740108013153
12,100,8.75,0,1,502,67.515625,75.890625,0.9710578322410583,58.359375,-0.8057299852371216
12,100,8.75,0,1,503,69.1875,77.234375,1.0736503601074219,57.390625,-0.0751311406493187
12,100,8.75,0,1,504,69.125,77.5625,1.0446840524673462,57.25,-0.6575527787208557
12,100,8.75,0,1,505,69.203125,77.640625,1.0633805990219116,57.25,-0.3947274088859558
12,100,8.75,0,1,506,68.125,76.09375,1.0827457904815674,58.375,0.17617103457450867
12,100,8.75,0,1,507,68.0625,75.328125,1.0251719951629639,58.1875,-0.3947925269603729
12,100,8.75,0,1,508,67.859375,76.625,1.0454299449920654,58.171875,-0.7136075496673584
12,100,8.75,0,1,509,68.828125,75.765625,1.0234376192092896,58.1875,-1.1057300567626953
12,100,8.75,0,1,510,69.90625,75.953125,1.048409342765808,57.203125,-0.3850921094417572
12,100,8.75,0,1,511,67.875,76.625,1.02847158908844,58.234375,-0.43925878405570984
12,100,8.75,0,1,512,69.421875,75.984375,1.0970678329467773,57.984375,0.025975843891501427
12,100,8.75,0,1,513,65.90625,78.46875,1.0156642198562622,58.0625,-0.7036467790603638
12,100,8.75,0,1,514,68.078125,77.375,1.0121397972106934,57.203125,-0.7510424852371216
12,100,8.75,0,1,515,67.96875,76.84375,0.9673081040382385,57.578125,-1.121159553527832
12,100,8.75,0,1,516,69.984375,75.1875,1.0059329271316528,57.953125,-0.7742195129394531
12,100,8.75,0,1,517,69.0625,76.140625,1.0511901378631592,57.0,-0.8397142887115479
12,100,8.75,0,1,518,69.53125,75.671875,1.0318653583526611,58.046875,-0.44459718465805054
12,100,8.75,0,1,519,69.015625,75.515625,1.0941784381866455,58.265625,-0.023242991417646408
12,100,8.75,0,1,520,68.53125,75.21875,1.1057769060134888,58.53125,0.04075431823730469
12,100,8.75,0,1,521,68.171875,77.859375,1.0548771619796753,57.90625,-0.4222014546394348
12,100,8.75,0,1,522,69.65625,76.328125,1.114119529724121,58.265625,0.13788966834545135
12,100,8.75,0,1,523,67.828125,76.6875,1.0541106462478638,58.609375,-0.3321622908115387
12,100,8.75,0,1,524,68.171875,74.421875,1.0444509983062744,58.296875,-0.3380867838859558
12,100,8.75,0,1,525,69.46875,75.765625,1.041042447090149,57.484375,-0.4248054623603821
12,100,8.75,0,1,526,69.0625,76.5,1.0473835468292236,58.171875,-0.534636378288269
12,100,8.75,0,1,527,67.640625,75.46875,1.080692172050476,58.109375,0.04882721230387688
12,100,8.75,0,1,528,67.8125,76.4375,1.0481178760528564,57.5625,-0.2623707056045532
12,100,8.75,0,1,529,67.96875,79.328125,1.0027790069580078,58.109375,-0.4115893840789795
12,100,8.75,0,1,530,68.296875,76.71875,1.0457053184509277,58.046875,-0.2911466956138611
12,100,8.75,0,1,531,67.28125,77.140625,1.0974229574203491,58.734375,0.07005120813846588
12,100,8.75,0,1,532,68.953125,76.703125,1.0889278650283813,57.40625,-0.2811858355998993
12,100,8.75,0,1,533,70.046875,75.09375,0.9665334224700928,57.375,-1.4824227094650269
12,100,8.75,0,1,534,67.21875,76.390625,1.061862826347351,57.5,-0.5073573589324951
12,100,8.75,0,1,535,66.765625,77.796875,1.0759902000427246,57.46875,-0.1553392857313156
12,100,8.75,0,1,536,69.421875,75.96875,1.0788966417312622,57.859375,-0.26523518562316895
12,100,8.75,0,1,537,69.5625,78.390625,1.0813782215118408,57.125,-0.1687508523464203
12,100,8.75,0,1,538,70.234375,76.296875,1.0615614652633667,58.3125,-0.0871754139661789
12,100,8.75,0,1,539,67.15625,76.3125,1.0822930335998535,58.40625,0.10722565650939941
12,100,8.75,0,1,540,68.265625,77.265625,1.0841974020004272,57.484375,-0.1005866527557373
12,100,8.75,0,1,541,66.3125,76.46875,1.0254523754119873,58.515625,-0.16816489398479462
12,100,8.75,0,1,542,67.3125,76.75,1.0723867416381836,58.046875,-0.250847190618515
12,100,8.75,0,1,543,69.109375,77.09375,1.0382320880889893,57.71875,-0.2996102571487427
12,100,8.75,0,1,544,68.59375,76.1875,1.0416009426116943,58.5625,-0.41595134139060974
12,100,8.75,0,1,545,67.40625,77.96875,1.0787783861160278,57.71875,-0.0477222204208374
12,100,8.75,0,1,546,67.359375,77.46875,1.0366835594177246,58.828125,-0.26067784428596497
12,100,8.75,0,1,547,66.3125,77.625,1.0259610414505005,57.8125,-0.3333991765975952
12,100,8.75,0,1,548,66.9375,77.40625,1.117942214012146,57.84375,-0.22063885629177094
12,100,8.75,0,1,549,68.328125,76.75,1.0026273727416992,58.265625,-0.632878303527832
12,100,8.75,0,1,550,63.640625,78.125,1.1273252964019775,57.78125,0.0066397590562701225
12,100,8.75,0,1,551,66.890625,73.9375,1.0457565784454346,58.109375,-0.3986988663673401
12,100,8.75,0,1,552,65.40625,76.734375,1.03581702709198,58.703125,-0.42161548137664795
12,100,8.75,0,1,553,68.953125,77.15625,1.0190235376358032,58.390625,-0.5125659704208374
12,100,8.75,0,1,554,67.375,77.609375,1.018310785293579,57.796875,-0.5886727571487427
12,100,8.75,0,1,555,68.25,77.15625,1.0453143119812012,57.859375,-0.5573577284812927
12,100,8.75,0,1,556,66.1875,77.046875,1.0513005256652832,58.3125,-0.5332690477371216
12,100,8.75,0,1,557,66.09375,77.296875,1.0812242031097412,57.953125,-0.06699308007955551
12,100,8.75,0,1,558,66.171875,77.28125,1.0630083084106445,58.296875,-0.10839925706386566
12,100,8.75,0,1,559,65.625,77.15625,0.9918171763420105,58.65625,-1.2102872133255005
12,100,8.75,0,1,560,66.03125,77.375,1.0493888854980469,58.25,-0.44876381754875183
12,100,8.75,0,1,561,66.578125,77.03125,1.0367088317871094,58.046875,-0.4021492898464203
12,100,8.75,0,1,562,66.890625,77.921875,1.0812214612960815,57.546875,0.07135330140590668
12,100,8.75,0,1,563,66.734375,77.6875,0.9903719425201416,57.703125,-0.9886075854301453
12,100,8.75,0,1,564,66.9375,79.859375,1.0449613332748413,57.546875,-0.06321686506271362
12,100,8.75,0,1,565,66.4375,78.53125,1.027934193611145,58.1875,-0.3041674792766571
12,100,8.75,0,1,566,68.375,78.78125,1.0881497859954834,57.328125,-0.3393237590789795
12,100,8.75,0,1,567,67.5,78.0,1.0572940111160278,57.953125,-0.25032633543014526
12,100,8.75,0,1,568,67.640625,78.6875,1.0614842176437378,57.484375,-0.48144611716270447
12,100,8.75,0,1,569,68.28125,79.53125,1.0839216709136963,57.53125,0.15585857629776
12,100,8.75,0,1,570,67.453125,77.359375,1.062248706817627,58.21875,0.021678727120161057
12,100,8.75,0,1,571,68.3125,77.765625,1.0951042175292969,57.953125,0.13867107033729553
12,100,8.75,0,1,572,68.03125,77.71875,0.990523636341095,58.625,-0.26556074619293213
12,100,8.75,0,1,573,67.484375,78.75,1.0282381772994995,57.984375,-0.21093837916851044
12,100,8.75,0,1,574,68.171875,78.6875,1.0101691484451294,57.640625,-0.9863289594650269
12,100,8.75,0,1,575,68.171875,79.625,1.0811467170715332,57.796875,0.17669181525707245
12,100,8.75,0,1,576,65.859375,80.453125,1.0316004753112793,58.15625,-0.6297533512115479
12,100,8.75,0,1,577,67.21875,80.109375,1.1230113506317139,57.671875,0.7684237360954285
12,100,8.75,0,1,578,68.109375,78.8125,1.0467627048492432,57.625,-0.37337327003479004
12,100,8.75,0,1,579,67.59375,80.109375,1.0371793508529663,56.859375,-0.7026700973510742
12,100,8.75,0,1,580,67.109375,79.953125,1.0622104406356812,57.078125,-0.18320387601852417
12,100,8.75,0,1,581,68.1875,79.984375,1.0467040538787842,57.390625,-0.08222723007202148
12,100,8.75,0,1,582,66.953125,80.796875,1.096072793006897,57.5,0.06132737919688225
12,100,8.75,0,1,583,68.5625,80.34375,1.0440365076065063,56.984375,-0.02408921718597412
12,100,8.75,0,1,584,66.640625,77.640625,0.9956554770469666,58.03125,-0.7173185348510742
12,100,8.75,0,1,585,67.359375,78.609375,1.0433601140975952,57.875,-0.37584707140922546
12,100,8.75,0,1,586,68.296875,78.46875,1.104345440864563,58.15625,0.07206946611404419
12,100,8.75,0,1,587,66.734375,80.875,1.0317479372024536,57.578125,-0.02181079052388668
12,100,8.75,0,1,588,68.859375,76.84375,1.0457627773284912,57.984375,-0.25937598943710327
12,100,8.75,0,1,589,66.359375,79.390625,1.0662254095077515,57.421875,-0.27031323313713074
12,100,8.75,0,1,590,69.234375,80.046875,1.022600531578064,57.828125,-0.12317796796560287
12,100,8.75,0,1,591,68.65625,79.1875,1.0135358572006226,58.421875,0.18183520436286926
12,100,8.75,0,1,592,67.421875,78.15625,1.028510332107544,56.890625,-0.552214503288269
12,100,8.75,0,1,593,71.875,76.109375,1.0708446502685547,58.03125,-0.12981870770454407
12,100,8.75,0,1,594,68.390625,78.703125,1.0637818574905396,57.703125,-0.1436856985092163
12,100,8.75,0,1,595,68.796875,80.125,1.0894619226455688,57.328125,0.5578116774559021
12,100,8.75,0,1,596,67.734375,79.515625,1.0692083835601807,57.796875,0.14485599100589752
12,100,8.75,0,1,597,65.84375,78.265625,1.0606251955032349,58.40625,-0.14153729379177094
12,100,8.75,0,1,598,67.71875,78.984375,1.1284326314926147,58.234375,0.5232412815093994
12,100,8.75,0,1,599,67.203125,79.640625,1.141531229019165,58.265625,0.667382001876831
12,100,8.75,0,1,600,67.25,79.203125,1.088700771331787,58.140625,0.32825446128845215
12,100,8.75,0,1,601,66.609375,77.75,1.045642375946045,58.265625,-0.06093841791152954
12,100,8.75,0,1,602,67.109375,78.78125,1.0490738153457642,58.15625,-0.2519538402557373
12,100,8.75,0,1,603,67.796875,79.296875,1.0934010744094849,57.421875,-0.055339403450489044
12,100,8.75,0,1,604,67.453125,78.59375,1.0674793720245361,57.703125,-0.26881593465805054
12,100,8.75,0,1,605,66.390625,81.25,1.1310642957687378,57.28125,-0.014519075863063335
12,100,8.75,0,1,606,65.9375,79.234375,1.1122355461120605,57.75,0.08717356622219086
12,100,8.75,0,1,607,68.21875,79.46875,1.0533313751220703,57.46875,-0.015691041946411133
12,100,8.75,0,1,608,67.90625,79.921875,1.0613057613372803,57.40625,-0.1444016695022583
12,100,8.75,0,1,609,66.828125,79.4375,1.052231788635254,58.171875,0.3837231397628784
12,100,8.75,0,1,610,69.609375,78.5,1.1052254438400269,57.5,0.28424394130706787
12,100,8.75,0,1,611,68.171875,78.265625,1.1163123846054077,57.453125,-0.32239675521850586
12,100,8.75,0,1,612,66.5,80.671875,1.014949083328247,58.84375,-0.3388679027557373
12,100,8.75,0,1,613,66.234375,79.3125,1.132537841796875,58.140625,0.41536378860473633
12,100,8.75,0,1,614,67.578125,78.828125,1.0959786176681519,57.609375,0.0844392403960228
12,100,8.75,0,1,615,67.03125,80.609375,1.032393455505371,57.375,0.07467387616634369
12,100,8.75,0,1,616,67.640625,77.875,1.0680075883865356,58.578125,0.31451737880706787
12,100,8.75,0,1,617,66.8125,79.109375,1.0560256242752075,57.578125,-0.047136228531599045
12,100,8.75,0,1,618,67.625,78.578125,1.044729471206665,57.796875,-0.5246102809906006
12,100,8.75,0,1,619,67.078125,78.796875,1.1228663921356201,57.734375,0.2086581438779831
12,100,8.75,0,1,620,68.5625,78.828125,1.0294049978256226,57.6875,-0.35065174102783203
12,100,8.75,0,1,621,67.859375,77.953125,1.098827600479126,57.796875,0.12024654448032379
12,100,8.75,0,1,622,67.171875,78.90625,1.0872552394866943,56.9375,-0.5265631675720215
12,100,8.75,0,1,623,64.734375,80.609375,1.0675677061080933,58.125,0.1524730920791626
12,100,8.75,0,1,624,68.703125,78.46875,1.0558605194091797,57.203125,-0.47675859928131104
12,100,8.75,0,1,625,66.859375,80.953125,1.0690501928329468,57.625,0.16679584980010986
12,100,8.75,0,1,626,66.65625,79.953125,1.0514787435531616,58.109375,-0.01145913265645504
12,100,8.75,0,1,627,68.140625,77.0625,1.105533480644226,57.734375,0.19856688380241394
12,100,8.75,0,1,628,68.234375,78.875,1.0753017663955688,57.5,-0.07135501503944397
12,100,8.75,0,1,629,67.546875,80.21875,1.0544178485870361,57.734375,-0.2732430100440979
12,100,8.75,0,1,630,68.3125,79.0,1.049408197402954,57.796875,-0.27115967869758606
12,100,8.75,0,1,631,69.34375,79.53125,1.0447781085968018,56.96875,-0.09843817353248596
12,100,8.75,0,1,632,69.609375,79.78125,1.0387377738952637,57.15625,-0.05983148142695427
12,100,8.75,0,1,633,69.375,79.296875,1.1255121231079102,57.75,0.3558584451675415
12,100,8.75,0,1,634,67.5,79.125,1.0943619012832642,57.828125,0.32884034514427185
12,100,8.75,0,1,635,67.734375,79.5,1.1015746593475342,57.859375,-0.10475339740514755
12,100,8.75,0,1,636,68.53125,77.4375,1.062737226486206,58.921875,-0.12597742676734924
12,100,8.75,0,1,637,69.03125,79.3125,1.101090669631958,57.421875,0.3460928797721863
12,100,8.75,0,1,638,68.40625,80.09375,1.0985207557678223,57.75,0.26328045129776
12,100,8.75,0,1,639,68.90625,77.859375,1.0773379802703857,57.875,0.38964754343032837
12,100,8.75,0,1,640,66.84375,78.1875,1.0617634057998657,58.953125,0.057811737060546875
12,100,8.75,0,1,641,68.546875,79.28125,1.0943423509597778,58.0,0.4939444065093994
12,100,8.75,0,1,642,68.203125,76.546875,1.0959779024124146,58.65625,0.3523430824279785
12,100,8.75,0,1,643,67.90625,78.421875,1.103281855583191,58.625,0.09837168455123901
12,100,8.75,0,1,644,65.421875,79.875,1.0301092863082886,58.40625,-0.2313159555196762
12,100,8.75,0,1,645,65.53125,77.515625,1.0369151830673218,58.59375,-0.17617261409759521
12,100,8.75,0,1,646,67.453125,77.5625,1.0514060258865356,58.90625,-0.20156332850456238
12,100,8.75,0,1,647,68.390625,78.90625,1.0936757326126099,58.28125,0.2955070436000824
12,100,8.75,0,1,648,67.296875,77.234375,1.0386966466903687,59.046875,-0.28313881158828735
12,100,8.75,0,1,649,67.53125,78.421875,1.0888170003890991,58.171875,-0.0068367719650268555
12,100,8.75,0,1,650,68.0,78.59375,1.1437383890151978,58.171875,0.6518222689628601
12,100,8.75,0,1,651,68.046875,78.8125,1.1111547946929932,58.28125,0.22708237171173096
12,100,8.75,0,1,652,65.84375,78.484375,1.0889889001846313,58.734375,0.42708250880241394
12,100,8.75,0,1,653,67.9375,78.390625,1.1172208786010742,58.34375,0.3697907328605652
12,100,8.75,0,1,654,69.25,77.4375,1.068383812904358,58.9375,0.2098948359489441
12,100,8.75,0,1,655,65.03125,79.5,1.0877634286880493,58.28125,-0.03307368606328964
12,100,8.75,0,1,656,69.296875,77.34375,1.1497926712036133,58.515625,0.30546796321868896
12,100,8.75,0,1,657,68.40625,79.015625,1.0783905982971191,57.9375,-0.16106858849525452
12,100,8.75,0,1,658,67.609375,79.78125,1.1116191148757935,57.921875,-0.15442797541618347
12,100,8.75,0,1,659,67.3125,79.484375,1.11041259765625,58.484375,0.4626293182373047
12,100,8.75,0,1,660,68.046875,77.6875,1.082483172416687,58.421875,0.1811189353466034
12,100,8.75,0,1,661,67.078125,80.21875,1.0708656311035156,57.515625,-0.20364660024642944
12,100,8.75,0,1,662,68.625,80.46875,1.0867403745651245,57.875,-0.3956387937068939
12,100,8.75,0,1,663,68.59375,79.546875,1.0726890563964844,57.984375,0.2781892716884613
12,100,8.75,0,1,664,67.125,78.515625,1.0971142053604126,58.1875,0.2725251317024231
12,100,8.75,0,1,665,66.078125,80.1875,1.0647743940353394,57.734375,-0.23756584525108337
12,100,8.75,0,1,666,66.4375,79.421875,1.1110203266143799,58.03125,0.2614574134349823
12,100,8.75,0,1,667,66.78125,82.0625,1.1008082628250122,57.78125,0.19804590940475464
12,100,8.75,0,1,668,67.25,79.03125,1.0920631885528564,58.625,0.28268158435821533
12,100,8.75,0,1,669,68.40625,78.34375,1.095698595046997,58.46875,0.4621085822582245
12,100,8.75,0,1,670,67.5,79.15625,1.1210386753082275,58.015625,0.25742101669311523
12,100,8.75,0,1,671,66.640625,78.328125,1.085732340812683,58.546875,0.3514966368675232
12,100,8.75,0,1,672,67.578125,80.890625,1.0646058320999146,57.59375,-0.3669930100440979
12,100,8.75,0,1,673,67.78125,80.109375,1.1253139972686768,57.984375,0.5300121903419495
12,100,8.75,0,1,674,66.515625,78.34375,1.0195742845535278,58.671875,-0.28606849908828735
12,100,8.75,0,1,675,65.546875,80.671875,1.066315770149231,59.125,-0.0378262996673584
12,100,8.75,0,1,676,65.859375,79.53125,1.0947027206420898,58.8125,0.35253822803497314
12,100,8.75,0,1,677,68.734375,79.140625,1.0782004594802856,57.546875,-0.08730541169643402
12,100,8.75,0,1,678,66.75,82.015625,1.1240092515945435,57.5,0.7055330276489258
12,100,8.75,0,1,679,66.96875,81.71875,1.0613802671432495,58.234375,0.4154939353466034
12,100,8.75,0,1,680,67.8125,81.921875,1.0960417985916138,57.546875,0.371418297290802
12,100,8.75,0,1,681,67.625,80.5625,1.1178929805755615,58.40625,0.7137360572814941
12,100,8.75,0,1,682,67.5,78.78125,1.0787005424499512,57.3125,0.105402871966362
12,100,8.75,0,1,683,67.6875,80.421875,1.1285752058029175,57.984375,0.26998597383499146
12,100,8.75,0,1,684,69.5,79.21875,1.085218906402588,57.734375,-0.06666748225688934
12,100,8.75,0,1,685,67.109375,79.84375,1.0323230028152466,58.203125,-0.29355549812316895
12,100,8.75,0,1,686,66.796875,80.671875,1.190915584564209,57.9375,0.7407544851303101
12,100,8.75,0,1,687,68.40625,78.75,1.0950982570648193,57.96875,-0.0741545781493187
12,100,8.75,0,1,688,67.421875,79.71875,1.151511311531067,58.484375,0.7818352580070496
12,100,8.75,0,1,689,68.171875,81.734375,1.1111388206481934,57.765625,0.27936112880706787
12,100,8.75,0,1,690,67.3125,79.03125,1.0931791067123413,58.15625,0.06373622268438339
12,100,8.75,0,1,691,67.109375,79.703125,1.0938541889190674,58.03125,-0.02871166728436947
12,100,8.75,0,1,692,65.578125,80.15625,1.122864842414856,57.609375,0.06230386346578598
12,100,8.75,0,1,693,66.625,80.375,1.1276236772537231,58.4375,0.7856110334396362
12,100,8.75,0,1,694,68.015625,78.671875,1.1105893850326538,58.859375,0.17031173408031464
12,100,8.75,0,1,695,69.5,80.375,1.0725585222244263,57.578125,0.3072909116744995
12,100,8.75,0,1,696,67.125,81.4375,1.0844001770019531,57.65625,0.019074738025665283
12,100,8.75,0,1,697,67.59375,80.0625,1.1310018301010132,57.734375,0.185806542634964
12,100,8.75,0,1,698,68.25,80.890625,1.150186538696289,57.546875,0.832746684551239
12,100,8.75,0,1,699,66.203125,81.015625,1.1392271518707275,58.015625,0.8593742251396179
12,100,8.75,0,1,700,69.015625,79.0,1.0676982402801514,58.5625,0.36705654859542847
12,100,8.75,0,1,701,66.09375,79.046875,1.122809886932373,59.53125,0.7504547834396362
12,100,8.75,0,1,702,68.015625,78.90625,1.1464022397994995,58.375,0.57389235496521
12,100,8.75,0,1,703,67.0,79.578125,1.0580521821975708,58.625,-0.13704508543014526
12,100,8.75,0,1,704,65.3125,80.703125,1.0680820941925049,58.859375,0.25156170129776
12,100,8.75,0,1,705,67.640625,78.546875,1.060110330581665,58.9375,-0.055209241807460785
12,100,8.75,0,1,706,67.25,79.3125,1.153845191001892,59.296875,0.4557283818721771
12,100,8.75,0,1,707,65.90625,78.78125,1.1315221786499023,59.703125,0.4084627032279968
12,100,8.75,0,1,708,67.4375,79.0,1.1405391693115234,58.265625,0.23548093438148499
12,100,8.75,0,1,709,64.875,80.125,1.1044918298721313,58.28125,0.37089747190475464
12,100,8.75,0,1,710,65.015625,81.828125,1.1548683643341064,58.765625,1.0719393491744995
12,100,8.75,0,1,711,65.96875,76.765625,1.1563787460327148,59.359375,0.23489472270011902
12,100,8.75,0,1,712,66.125,79.578125,1.1197624206542969,57.859375,0.03723883628845215
12,100,8.75,0,1,713,67.4375,80.71875,1.1149582862854004,58.21875,0.38815030455589294
12,100,8.75,0,1,714,69.390625,78.25,1.1246960163116455,57.890625,-0.11653729528188705
12,100,8.75,0,1,715,65.6875,80.140625,1.1755121946334839,58.609375,0.7145824432373047
12,100,8.75,0,1,716,67.109375,79.171875,1.0967997312545776,58.203125,0.05357997864484787
12,100,8.75,0,1,717,68.09375,79.265625,1.1600587368011475,58.3125,0.4580720365047455
12,100,8.75,0,1,718,66.4375,81.984375,1.0733692646026611,57.953125,0.3798169493675232
12,100,8.75,0,1,719,64.515625,82.0625,1.0749398469924927,58.140625,0.16152259707450867
12,100,8.75,0,1,720,66.671875,79.109375,1.1132237911224365,58.171875,-0.044662319123744965
12,100,8.75,0,1,721,66.234375,79.75,1.017245888710022,58.640625,-0.7411467432975769
12,100,8.75,0,1,722,68.578125,81.578125,1.0951865911483765,57.859375,0.1843741536140442
12,100,8.75,0,1,723,67.6875,79.59375,1.0455870628356934,57.53125,-0.8591804504394531
12,100,8.75,0,1,724,66.6875,80.453125,1.150214433670044,59.171875,0.7886058688163757
12,100,8.75,0,1,725,66.5625,79.0,1.1555474996566772,58.4375,1.0915354490280151
12,100,8.75,0,1,726,67.734375,79.484375,1.074507236480713,57.859375,0.20644454658031464
12,100,8.75,0,1,727,66.71875,82.390625,1.1255892515182495,58.78125,0.8590485453605652
12,100,8.75,0,1,728,65.5625,78.421875,1.1630903482437134,58.796875,0.44492095708847046
12,100,8.75,0,1,729,66.0625,80.671875,1.0556919574737549,58.78125,0.23079347610473633
12,100,8.75,0,1,730,66.71875,79.890625,1.139646053314209,58.40625,0.27792876958847046
12,100,8.75,0,1,731,67.25,79.328125,1.1108876466751099,58.671875,0.33710843324661255
12,100,8.75,0,1,732,68.0,79.75,1.0705349445343018,58.09375,0.032421015202999115
12,100,8.75,0,1,733,66.328125,80.34375,1.1343424320220947,58.75,0.7333325147628784
12,100,8.75,0,1,734,64.84375,82.203125,1.1373934745788574,59.046875,0.874478280544281
12,100,8.75,0,1,735,66.53125,81.234375,1.0715605020523071,57.28125,0.5304679274559021
12,100,8.75,0,1,736,67.3125,80.46875,1.1367263793945312,58.703125,0.6360669136047363
12,100,8.75,0,1,737,67.328125,81.203125,1.1278105974197388,58.75,0.7952466011047363
12,100,8.75,0,1,738,67.828125,81.59375,1.1579923629760742,57.734375,0.8121085166931152
12,100,8.75,0,1,739,66.109375,80.703125,1.0922433137893677,58.59375,0.37167882919311523
12,100,8.75,0,1,740,67.34375,80.015625,1.0767006874084473,58.75,0.15794192254543304
12,100,8.75,0,1,741,66.71875,80.265625,1.1267666816711426,57.5,0.730923593044281
12,100,8.75,0,1,742,66.078125,81.671875,1.130677342414856,57.53125,0.5802726149559021
12,100,8.75,0,1,743,66.03125,79.625,1.114863395690918,58.15625,0.24055925011634827
12,100,8.75,0,1,744,66.84375,79.953125,1.081126093864441,58.640625,-0.14238347113132477
12,100,8.75,0,1,745,66.0625,80.0625,1.0854108333587646,59.109375,0.4011709690093994
12,100,8.75,0,1,746,64.765625,81.609375,1.1161423921585083,58.171875,0.26562410593032837
12,100,8.75,0,1,747,65.828125,81.15625,1.1006377935409546,58.578125,0.39511650800704956
12,100,8.75,0,1,748,66.6875,80.71875,1.0618975162506104,58.421875,-0.21373771131038666
12,100,8.75,0,1,749,66.5625,80.375,1.1445599794387817,58.734375,0.5605460405349731
12,100,8.75,0,1,750,66.140625,79.984375,1.0628061294555664,58.671875,0.016014646738767624
12,100,8.75,0,1,751,65.78125,80.8125,1.0538489818572998,58.390625,-0.6854825019836426
12,100,8.75,0,1,752,67.609375,78.9375,1.1302851438522339,58.609375,0.35520753264427185
12,100,8.75,0,1,753,66.390625,79.21875,1.185186743736267,58.578125,0.8378897905349731
12,100,8.75,0,1,754,66.875,80.4375,1.1029566526412964,58.5,0.28574129939079285
12,100,8.75,0,1,755,65.46875,79.265625,1.0800511837005615,59.078125,-0.3766936659812927
12,100,8.75,0,1,756,65.578125,78.578125,1.1286791563034058,58.84375,0.09440013021230698
12,100,8.75,0,1,757,65.359375,78.421875,1.038209080696106,59.53125,-0.5324877500534058
12,100,8.75,0,1,758,66.875,79.765625,1.1004129648208618,58.609375,-0.14563892781734467
12,100,8.75,0,1,759,69.375,80.109375,1.190442442893982,58.609375,1.1476552486419678
12,100,8.75,0,1,760,66.3125,80.765625,1.10126793384552,58.4375,-0.13815176486968994
12,100,8.75,0,1,761,65.875,77.90625,1.1048767566680908,59.71875,0.35436126589775085
12,100,8.75,0,1,762,65.296875,78.75,1.0877909660339355,59.046875,0.29791587591171265
12,100,8.75,0,1,763,66.953125,79.3125,1.1453355550765991,59.21875,0.5647777318954468
12,100,8.75,0,1,764,67.03125,79.125,1.084084153175354,59.203125,-0.10677175223827362
12,100,8.75,0,1,765,65.09375,82.9375,1.0831406116485596,58.734375,0.04205632209777832
12,100,8.75,0,1,766,66.609375,81.4375,1.0972243547439575,58.96875,0.34947842359542847
12,100,8.75,0,1,767,67.078125,79.484375,1.1301418542861938,58.3125,0.21380126476287842
12,100,8.75,0,1,768,66.375,81.125,1.1269179582595825,58.453125,0.2996736764907837
12,100,8.75,0,1,769,66.71875,80.1875,1.1061512231826782,58.796875,0.22031167149543762
12,100,8.75,0,1,770,64.96875,81.328125,1.1665699481964111,58.6875,0.5537102222442627
12,100,8.75,0,1,771,65.8125,82.671875,1.1245445013046265,58.25,0.5190747380256653
12,100,8.75,0,1,772,66.09375,81.34375,1.0689386129379272,59.140625,0.13769450783729553
12,100,8.75,0,1,773,66.875,81.90625,1.0799682140350342,58.9375,0.7160148024559021
12,100,8.75,0,1,774,63.84375,83.03125,1.1429758071899414,58.609375,0.6049470901489258
12,100,8.75,0,1,775,66.71875,82.59375,1.073856234550476,58.21875,0.39902251958847046
12,100,8.75,0,1,776,67.078125,81.640625,1.0720269680023193,58.234375,0.3517570495605469
12,100,8.75,0,1,777,65.703125,80.453125,1.1312391757965088,58.578125,0.3559887409210205
12,100,8.75,0,1,778,64.40625,82.171875,1.1424720287322998,58.703125,0.3654939532279968
12,100,8.75,0,1,779,67.25,81.328125,1.1174407005310059,58.765625,0.5305981040000916
12,100,8.75,0,1,780,66.671875,80.71875,1.1449410915374756,58.65625,0.8016268610954285
12,100,8.75,0,1,781,66.96875,79.546875,1.1187233924865723,58.140625,0.49837157130241394
12,100,8.75,0,1,782,65.59375,82.75,1.2106127738952637,57.515625,1.0917308330535889
12,100,8.75,0,1,783,64.5,81.8125,1.0640887022018433,58.203125,0.3186190128326416
12,100,8.75,0,1,784,65.703125,83.390625,1.0727497339248657,58.625,0.7354809641838074
12,100,8.75,0,1,785,65.5625,81.53125,1.138360619544983,59.140625,1.0675121545791626
12,100,8.75,0,1,786,65.46875,83.65625,1.1104568243026733,58.25,0.38997313380241394
12,100,8.75,0,1,787,66.171875,80.6875,1.0969374179840088,59.03125,0.6359366774559021
12,100,8.75,0,1,788,63.828125,82.34375,1.0705803632736206,58.890625,0.06516848504543304
12,100,8.75,0,1,789,64.53125,80.609375,1.102429986000061,58.625,0.2623039484024048
12,100,8.75,0,1,790,65.671875,79.5,1.0965566635131836,58.6875,0.1262361854314804
12,100,8.75,0,1,791,64.3125,80.515625,1.0255357027053833,58.515625,-0.3904303014278412
12,100,8.75,0,1,792,63.734375,81.359375,1.0905824899673462,58.6875,0.20579347014427185
12,100,8.75,0,1,793,64.703125,79.6875,1.0432381629943848,59.375,-0.35937580466270447
12,100,8.75,0,1,794,64.859375,80.703125,1.0713014602661133,59.609375,0.6600252389907837
12,100,8.75,0,1,795,63.34375,80.578125,1.1110005378723145,59.546875,0.37884020805358887
12,100,8.75,0,1,796,65.03125,82.703125,1.1342893838882446,58.5,0.8072907328605652
12,100,8.75,0,1,797,65.546875,80.734375,1.177411675453186,58.890625,0.86100172996521
12,100,8.75,0,1,798,65.484375,83.453125,1.0851787328720093,59.203125,0.41985583305358887
12,100,8.75,0,1,799,67.359375,83.453125,1.0581672191619873,58.1875,0.2506502866744995
12,100,8.75,0,2,0,57.375,59.671875,0.9277278780937195,41.609375,-1.9623702764511108
12,100,8.75,0,2,1,58.609375,61.515625,0.9285637140274048,41.125,-1.8259122371673584
12,100,8.75,0,2,2,61.546875,62.234375,0.9763880968093872,42.140625,-1.6128261089324951
12,100,8.75,0,2,3,63.0,62.453125,0.9041951298713684,43.671875,-1.583203673362732
12,100,8.75,0,2,4,62.09375,63.359375,0.9050687551498413,44.5625,-1.816602110862732
12,100,8.75,0,2,5,63.59375,63.734375,0.9951645135879517,43.703125,-1.2891281843185425
12,100,8.75,0,2,6,63.09375,62.640625,1.0328785181045532,45.25,-1.0548183917999268
12,100,8.75,0,2,7,63.265625,65.5,0.9658638834953308,46.359375,-1.2359380722045898
12,100,8.75,0,2,8,65.171875,63.78125,0.9902573227882385,45.8125,-1.2128912210464478
12,100,8.75,0,2,9,66.0625,65.65625,1.007556676864624,45.359375,-1.3763679265975952
12,100,8.75,0,2,10,67.046875,63.359375,1.0266975164413452,47.140625,-0.9695970416069031
12,100,8.75,0,2,11,66.359375,64.484375,0.9686858654022217,46.9375,-1.4778001308441162
12,100,8.75,0,2,12,66.625,65.796875,1.0369114875793457,47.3125,-1.1463549137115479
12,100,8.75,0,2,13,64.8125,67.46875,0.9884063005447388,47.703125,-1.3375657796859741
12,100,8.75,0,2,14,66.25,65.21875,0.9817098379135132,49.03125,-1.6788415908813477
12,100,8.75,0,2,15,67.515625,66.4375,0.9849010705947876,49.421875,-0.830143928527832
12,100,8.75,0,2,16,67.453125,66.90625,0.9914840459823608,49.4375,-1.2630866765975952
12,100,8.75,0,2,17,67.46875,66.75,1.049587607383728,49.6875,-1.0401699542999268
12,100,8.75,0,2,18,67.0,67.46875,1.049378514289856,50.625,-0.2593756914138794
12,100,8.75,0,2,19,67.8125,67.328125,1.0028225183486938,49.765625,-1.0466153621673584
12,100,8.75,0,2,20,67.390625,69.875,1.0334303379058838,50.0625,-0.8636074066162109
12,100,8.75,0,2,21,68.34375,68.765625,0.9920157790184021,50.46875,-1.426107406616211
12,100,8.75,0,2,22,69.9375,66.125,1.0051283836364746,50.984375,-1.3192065954208374
12,100,8.75,0,2,23,70.390625,69.671875,0.9639337062835693,50.59375,-1.54524827003479
12,100,8.75,0,2,24,66.90625,68.921875,1.0050098896026611,51.765625,-1.1955084800720215
12,100,8.75,0,2,25,69.375,69.125,0.981061577796936,52.171875,-1.1550137996673584
12,100,8.75,0,2,26,70.75,69.125,1.0480760335922241,51.765625,-0.8522144556045532
12,100,8.75,0,2,27,70.390625,69.015625,1.0540025234222412,51.90625,-0.8884121775627136
12,100,8.75,0,2,28,70.1875,68.59375,1.0200423002243042,52.5,-1.0317065715789795
12,100,8.75,0,2,29,70.140625,69.0625,0.9957472085952759,52.59375,-1.317448616027832
12,100,8.75,0,2,30,69.65625,68.546875,1.030489206314087,52.53125,-1.6041673421859741
12,100,8.75,0,2,31,68.984375,70.65625,1.026625633239746,53.4375,-1.2102872133255005
12,100,8.75,0,2,32,69.234375,69.5625,1.0333905220031738,53.234375,-1.0476570129394531
12,100,8.75,0,2,33,70.765625,68.53125,1.0176769495010376,53.9375,-1.3944671154022217
12,100,8.75,0,2,34,69.46875,68.0625,1.0253816843032837,53.90625,-0.8001309633255005
12,100,8.75,0,2,35,70.5,67.046875,0.9961681962013245,54.546875,-1.688086748123169
12,100,8.75,0,2,36,69.140625,66.703125,0.9937272667884827,54.53125,-1.5854175090789795
12,100,8.75,0,2,37,71.828125,67.078125,0.9958527088165283,54.328125,-1.781315803527832
12,100,8.75,0,2,38,69.78125,66.953125,1.0153682231903076,54.9375,-1.8595060110092163
12,100,8.75,0,2,39,68.84375,68.0,0.9918352365493774,54.625,-1.3781259059906006
12,100,8.75,0,2,40,70.765625,68.375,1.0785555839538574,53.734375,-1.0128912925720215
12,100,8.75,0,2,41,73.6875,66.890625,0.977365255355835,54.296875,-1.4553394317626953
12,100,8.75,0,2,42,71.40625,67.96875,0.9619965553283691,54.8125,-1.680274248123169
12,100,8.75,0,2,43,71.46875,66.6875,1.089118242263794,54.140625,-0.7518238425254822
12,100,8.75,0,2,44,71.546875,66.984375,1.053712010383606,54.890625,-1.195508599281311
12,100,8.75,0,2,45,71.421875,68.703125,1.0155128240585327,54.5625,-1.5317716598510742
12,100,8.75,0,2,46,71.265625,67.4375,1.0482257604599,55.328125,-1.0287768840789795
12,100,8.75,0,2,47,72.671875,68.75,1.0536612272262573,54.046875,-0.6971362829208374
12,100,8.75,0,2,48,71.25,67.484375,1.0599919557571411,54.625,-1.17806077003479
12,100,8.75,0,2,49,70.65625,67.96875,1.0390137434005737,55.234375,-0.8490244150161743
12,100,8.75,0,2,50,71.984375,68.140625,1.0296677350997925,54.625,-1.0712249279022217
12,100,8.75,0,2,51,71.40625,67.65625,1.0196293592453003,55.234375,-1.1349618434906006
12,100,8.75,0,2,52,69.765625,70.640625,1.07271146774292,55.21875,-0.6472012996673584
12,100,8.75,0,2,53,70.90625,67.796875,0.9853881001472473,55.28125,-1.1450529098510742
12,100,8.75,0,2,54,72.390625,69.53125,1.0692557096481323,54.0625,-0.5179697275161743
12,100,8.75,0,2,55,73.0,69.171875,1.060992956161499,54.1875,-0.879362940788269
12,100,8.75,0,2,56,71.90625,69.828125,0.9593371152877808,55.453125,-1.5981128215789795
12,100,8.75,0,2,57,70.625,69.21875,1.0580310821533203,55.4375,-0.7982430458068848
12,100,8.75,0,2,58,71.140625,67.0,0.9588547945022583,54.96875,-1.6705087423324585
12,100,8.75,0,2,59,71.40625,68.5625,1.0303277969360352,54.453125,-1.1454434394836426
12,100,8.75,0,2,60,71.03125,69.984375,0.9696683287620544,54.96875,-1.8063809871673584
12,100,8.75,0,2,61,72.796875,67.109375,1.031136393547058,54.96875,-0.9970712065696716
12,100,8.75,0,2,62,71.8125,70.0,1.1466904878616333,54.421875,-0.5958343744277954
12,100,8.75,0,2,63,71.171875,69.046875,0.9892903566360474,55.578125,-1.1410815715789795
12,100,8.75,0,2,64,72.4375,69.71875,0.9929934740066528,54.75,-1.2968758344650269
12,100,8.75,0,2,65,71.796875,69.15625,1.0731693506240845,55.140625,-0.6167978048324585
12,100,8.75,0,2,66,73.359375,69.234375,0.9715160131454468,54.78125,-1.267513632774353
12,100,8.75,0,2,67,73.296875,68.15625,1.0592155456542969,55.0,-0.4767586886882782
12,100,8.75,0,2,68,73.0625,69.359375,0.9968472123146057,54.5625,-1.269597053527832
12,100,8.75,0,2,69,73.265625,70.125,1.0158023834228516,54.921875,-0.7329437732696533
12,100,8.75,0,2,70,73.109375,71.0,0.966026782989502,54.546875,-1.0896493196487427
12,100,8.75,0,2,71,73.109375,67.484375,1.0291664600372314,55.109375,-0.9016284942626953
12,100,8.75,0,2,72,71.921875,69.265625,1.013849139213562,55.34375,-0.506446123123169
12,100,8.75,0,2,73,71.0625,67.234375,1.0250707864761353,55.140625,-1.0561206340789795
12,100,8.75,0,2,74,70.28125,69.625,1.0028252601623535,53.9375,-1.524154543876648
12,100,8.75,0,2,75,70.25,69.484375,1.0652035474777222,54.96875,-0.6300137042999268
12,100,8.75,0,2,76,72.5,67.71875,1.0128800868988037,54.765625,-0.9750008583068848
12,100,8.75,0,2,77,73.65625,68.234375,1.059602975845337,54.421875,-0.884961724281311
12,100,8.75,0,2,78,72.015625,67.9375,1.0651767253875732,54.453125,-0.5225919485092163
12,100,8.75,0,2,79,71.921875,68.328125,1.0287792682647705,55.140625,-0.8071622848510742
12,100,8.75,0,2,80,70.96875,68.40625,1.0103942155838013,55.375,-0.9611986875534058
12,100,8.75,0,2,81,71.296875,66.609375,1.0398666858673096,54.671875,-0.9781908392906189
12,100,8.75,0,2,82,71.109375,68.953125,1.042541265487671,54.359375,-0.8903002738952637
12,100,8.75,0,2,83,71.484375,67.5625,1.001236915588379,54.78125,-1.2600269317626953
12,100,8.75,0,2,84,72.109375,67.84375,1.0786703824996948,54.96875,-0.6983730792999268
12,100,8.75,0,2,85,69.640625,67.671875,1.0207901000976562,55.890625,-0.7141283750534058
12,100,8.75,0,2,86,69.078125,68.46875,1.0156465768814087,54.6875,-1.1532559394836426
12,100,8.75,0,2,87,68.75,67.203125,0.9883488416671753,55.65625,-1.3672535419464111
12,100,8.75,0,2,88,71.609375,67.875,1.0689995288848877,55.21875,-0.5635424852371216
12,100,8.75,0,2,89,70.5,68.28125,0.9889147877693176,55.578125,-1.3238939046859741
12,100,8.75,0,2,90,70.359375,67.46875,1.044766902923584,54.4375,-1.4748055934906006
12,100,8.75,0,2,91,71.328125,68.078125,0.9858007431030273,55.125,-1.5776700973510742
12,100,8.75,0,2,92,69.046875,66.90625,1.0136256217956543,55.578125,-1.8204435110092163
12,100,8.75,0,2,93,69.015625,66.65625,0.9795441031455994,54.296875,-1.963932991027832
12,100,8.75,0,2,94,68.734375,66.9375,0.9665588736534119,54.890625,-2.233464241027832
12,100,8.75,0,2,95,68.640625,67.046875,0.9918841123580933,55.46875,-1.8854174613952637
12,100,8.75,0,2,96,70.03125,68.1875,1.043652892112732,55.90625,-0.6658862829208374
12,100,8.75,0,2,97,69.265625,69.265625,0.9697616696357727,55.703125,-1.3812508583068848
12,100,8.75,0,2,98,70.609375,67.359375,1.0069191455841064,56.265625,-1.4755215644836426
12,100,8.75,0,2,99,71.875,66.4375,1.0085636377334595,55.578125,-1.16927170753479
12,100,8.75,0,2,100,70.609375,67.953125,1.0512603521347046,55.09375,-1.2001311779022217
12,100,8.75,0,2,101,70.265625,70.15625,0.996349036693573,55.09375,-0.8576831817626953
12,100,8.75,0,2,102,70.078125,69.6875,1.0211451053619385,55.109375,-1.1637377738952637
12,100,8.75,0,2,103,71.109375,66.75,1.0069082975387573,55.21875,-1.5550789833068848
12,100,8.75,0,2,104,71.640625,67.140625,1.050776720046997,55.765625,-1.0096361637115479
12,100,8.75,0,2,105,72.75,67.75,1.038813829421997,54.734375,-1.1700531244277954
12,100,8.75,0,2,106,71.453125,68.703125,1.0275450944900513,55.171875,-1.0468757152557373
12,100,8.75,0,2,107,71.546875,68.8125,1.0078070163726807,54.953125,-1.4070972204208374
12,100,8.75,0,2,108,71.53125,68.25,0.9591054320335388,55.453125,-1.5734384059906006
12,100,8.75,0,2,109,72.0,68.453125,0.9513592720031738,55.390625,-2.2924487590789795
12,100,8.75,0,2,110,73.125,68.09375,0.9895079135894775,54.796875,-1.6522144079208374
12,100,8.75,0,2,111,71.359375,67.890625,0.9826937913894653,55.90625,-1.5419278144836426
12,100,8.75,0,2,112,73.34375,67.71875,0.9712416529655457,54.5625,-1.6357429027557373
12,100,8.75,0,2,113,71.359375,68.984375,1.0455095767974854,54.953125,-0.6805347204208374
12,100,8.75,0,2,114,72.15625,69.65625,1.0614303350448608,54.546875,-0.8031257390975952
12,100,8.75,0,2,115,74.359375,68.375,1.1281335353851318,56.1875,-0.21419364213943481
12,100,8.75,0,2,116,72.953125,69.0625,1.0451003313064575,55.0,-1.077865481376648
12,100,8.75,0,2,117,73.09375,67.96875,1.0679924488067627,55.171875,-1.0265636444091797
12,100,8.75,0,2,118,71.8125,69.015625,1.0702682733535767,55.5,-0.46914142370224
12,100,8.75,0,2,119,71.953125,70.296875,0.9917557835578918,55.75,-1.1967456340789795
12,100,8.75,0,2,120,71.796875,70.328125,1.0376381874084473,55.109375,-0.6483732461929321
12,100,8.75,0,2,121,71.484375,69.796875,1.0287363529205322,55.453125,-1.312240481376648
12,100,8.75,0,2,122,71.328125,67.484375,0.976067304611206,56.046875,-1.2365241050720215
12,100,8.75,0,2,123,70.609375,69.1875,1.0307632684707642,55.953125,-0.7966804504394531
12,100,8.75,0,2,124,71.859375,69.65625,1.051944375038147,55.890625,-0.5100268721580505
12,100,8.75,0,2,125,71.578125,69.046875,1.0125073194503784,55.84375,-0.5908211469650269
12,100,8.75,0,2,126,73.140625,67.71875,1.0731443166732788,55.328125,-0.48769626021385193
12,100,8.75,0,2,127,72.359375,67.828125,1.1181663274765015,55.78125,-0.4978524148464203
12,100,8.75,0,2,128,71.703125,69.484375,1.0093690156936646,56.1875,-0.9945321083068848
12,100,8.75,0,2,129,74.140625,68.65625,0.9963703751564026,55.4375,-1.2035166025161743
12,100,8.75,0,2,130,71.734375,69.828125,0.9344780445098877,56.125,-1.4913419485092163
12,100,8.75,0,2,131,72.4375,67.734375,1.0188469886779785,55.703125,-1.4635424613952637
12,100,8.75,0,2,132,71.546875,68.515625,1.0333629846572876,55.359375,-1.0339851379394531
12,100,8.75,0,2,133,72.125,67.484375,1.028119444847107,55.875,-0.7339200973510742
12,100,8.75,0,2,134,70.03125,71.59375,1.0196735858917236,55.671875,-0.6611337065696716
12,100,8.75,0,2,135,72.140625,69.578125,1.0324419736862183,55.328125,-1.314063310623169
12,100,8.75,0,2,136,73.453125,69.71875,0.981515109539032,55.71875,-1.2992194890975952
12,100,8.75,0,2,137,72.046875,69.328125,1.037032961845398,55.53125,-0.7312508821487427
12,100,8.75,0,2,138,72.421875,68.96875,0.9911665916442871,55.265625,-1.4314460754394531
12,100,8.75,0,2,139,71.84375,68.921875,1.0402822494506836,56.03125,-0.9553394317626953
12,100,8.75,0,2,140,72.40625,68.84375,1.0179288387298584,54.578125,-1.2850918769836426
12,100,8.75,0,2,141,71.984375,70.28125,1.0274347066879272,56.046875,-1.2443368434906006
12,100,8.75,0,2,142,70.875,70.078125,1.0694427490234375,55.25,-0.793555498123169
12,100,8.75,0,2,143,71.3125,69.3125,1.0303809642791748,55.78125,-0.7541024088859558
12,100,8.75,0,2,144,71.953125,69.390625,1.0661544799804688,56.4375,-0.43431076407432556
12,100,8.75,0,2,145,71.0,68.75,1.0464760065078735,55.90625,-0.5770842432975769
12,100,8.75,0,2,146,71.546875,69.1875,1.0358638763427734,55.921875,-1.0717458724975586
12,100,8.75,0,2,147,71.515625,67.78125,1.0367122888565063,56.828125,-0.8648446798324585
12,100,8.75,0,2,148,71.4375,70.984375,1.0405064821243286,55.21875,-0.8735033869743347
12,100,8.75,0,2,149,71.84375,69.78125,1.0252110958099365,55.84375,-0.8671233057975769
12,100,8.75,0,2,150,72.53125,68.78125,0.9949585199356079,56.53125,-0.7770841121673584
12,100,8.75,0,2,151,69.84375,69.4375,1.0305330753326416,55.921875,-1.2942715883255005
12,100,8.75,0,2,152,71.53125,69.859375,0.9877265691757202,56.328125,-1.2185554504394531
12,100,8.75,0,2,153,73.203125,67.046875,1.0431139469146729,55.6875,-0.7128915190696716
12,100,8.75,0,2,154,73.25,68.28125,1.030500054359436,56.359375,-0.6294277906417847
12,100,8.75,0,2,155,72.640625,70.375,0.9731379747390747,56.234375,-0.9609384536743164
12,100,8.75,0,2,156,74.1875,68.828125,1.0674022436141968,55.234375,-0.6787769198417664
12,100,8.75,0,2,157,70.59375,70.515625,1.0166010856628418,55.734375,-0.5902350544929504
12,100,8.75,0,2,158,73.546875,69.953125,1.0653680562973022,55.953125,-0.38320392370224
12,100,8.75,0,2,159,71.765625,70.0625,1.0493719577789307,56.59375,-0.7185553908348083
12,100,8.75,0,2,160,71.90625,70.03125,1.0466699600219727,56.53125,-0.5728523135185242
12,100,8.75,0,2,161,71.421875,69.734375,1.0232760906219482,56.03125,-0.8581387400627136
12,100,8.75,0,2,162,72.234375,70.734375,1.0476442575454712,55.984375,-0.496615469455719
12,100,8.75,0,2,163,71.828125,68.15625,1.0174987316131592,56.921875,-1.0951831340789795
12,100,8.75,0,2,164,70.734375,72.34375,1.0359541177749634,56.140625,-0.5205087065696716
12,100,8.75,0,2,165,72.46875,70.046875,1.0406912565231323,57.109375,-0.49362069368362427
12,100,8.75,0,2,166,72.71875,71.15625,1.0764729976654053,56.609375,0.0083975400775671
12,100,8.75,0,2,167,73.546875,68.59375,0.9923388361930847,56.625,-0.8598966598510742
12,100,8.75,0,2,168,71.265625,68.4375,1.03559148311615,56.390625,-0.550521731376648
12,100,8.75,0,2,169,72.203125,68.890625,1.0892812013626099,56.53125,-0.5826181769371033
12,100,8.75,0,2,170,73.5,70.375,1.0543453693389893,55.859375,-0.594597339630127
12,100,8.75,0,2,171,70.015625,71.203125,1.0377025604248047,55.96875,-0.44915446639060974
12,100,8.75,0,2,172,72.859375,69.53125,1.0439900159835815,56.65625,-0.38476642966270447
12,100,8.75,0,2,173,71.453125,69.234375,1.0292410850524902,55.703125,-1.0186207294464111
12,100,8.75,0,2,174,71.125,71.3125,1.0282118320465088,56.0625,-0.7438811659812927
12,100,8.75,0,2,175,73.234375,68.71875,1.0080156326293945,55.609375,-1.3483080863952637
12,100,8.75,0,2,176,73.34375,68.75,1.0515092611312866,56.171875,-0.4981779456138611
12,100,8.75,0,2,177,72.390625,69.296875,0.9775407314300537,56.546875,-0.9182950854301453
12,100,8.75,0,2,178,73.828125,69.1875,1.0574971437454224,55.8125,-0.87636798620224
12,100,8.75,0,2,179,71.015625,70.609375,1.0236115455627441,55.953125,-0.8978524208068848
12,100,8.75,0,2,180,72.5,71.34375,1.0667240619659424,55.609375,-0.6324228048324585
12,100,8.75,0,2,181,74.328125,70.71875,1.0915594100952148,55.4375,-0.13750097155570984
12,100,8.75,0,2,182,71.609375,70.609375,1.0344247817993164,56.765625,-0.4516936242580414
12,100,8.75,0,2,183,72.046875,70.40625,1.0345921516418457,56.203125,-0.9412767887115479
12,100,8.75,0,2,184,73.0625,69.9375,1.0559786558151245,56.65625,-0.6506518721580505
12,100,8.75,0,2,185,72.203125,70.453125,1.0352948904037476,56.65625,-0.6526049971580505
12,100,8.75,0,2,186,71.90625,69.34375,1.001356840133667,56.921875,-1.1684904098510742
12,100,8.75,0,2,187,72.734375,69.453125,0.9676795601844788,56.234375,-1.517318606376648
12,100,8.75,0,2,188,72.34375,70.40625,1.0559505224227905,56.8125,-0.5070973634719849
12,100,8.75,0,2,189,73.34375,68.640625,1.019485354423523,56.953125,-0.6563161015510559
12,100,8.75,0,2,190,71.671875,69.4375,1.1155719757080078,55.96875,0.015624245628714561
12,100,8.75,0,2,191,72.875,70.796875,1.0579060316085815,56.671875,-0.5774098634719849
12,100,8.75,0,2,192,73.390625,69.203125,1.0311661958694458,56.296875,-0.8472665548324585
12,100,8.75,0,2,193,70.296875,71.296875,1.0722792148590088,56.46875,-0.5738941431045532
12,100,8.75,0,2,194,72.0,71.0625,1.0258649587631226,57.40625,-0.22708426415920258
12,100,8.75,0,2,195,73.78125,69.3125,1.0186426639556885,56.203125,-1.1526050567626953
12,100,8.75,0,2,196,71.203125,69.5,1.0621556043624878,57.0625,-0.4232430160045624
12,100,8.75,0,2,197,71.890625,69.640625,1.034882664680481,56.65625,-0.9218758940696716
12,100,8.75,0,2,198,72.3125,70.625,1.0855673551559448,56.421875,-0.39785242080688477
12,100,8.75,0,2,199,70.453125,69.59375,1.0085058212280273,57.4375,-0.813933253288269
12,100,8.75,0,2,200,72.59375,68.796875,1.0749906301498413,57.078125,-0.45898517966270447
12,100,8.75,0,2,201,70.921875,70.375,1.0333890914916992,56.9375,-0.5032562017440796
12,100,8.75,0,2,202,74.09375,70.203125,1.0856599807739258,56.234375,-0.14850352704524994
12,100,8.75,0,2,203,72.375,68.21875,1.034840703010559,57.125,-0.26946699619293213
12,100,8.75,0,2,204,71.203125,71.578125,1.0705344676971436,56.453125,-0.28300872445106506
12,100,8.75,0,2,205,72.15625,69.671875,1.055513620376587,56.96875,-0.466406911611557
12,100,8.75,0,2,206,70.34375,71.109375,1.0645393133163452,56.328125,-0.5813812017440796
12,100,8.75,0,2,207,73.703125,69.53125,1.0857833623886108,57.15625,-0.07949312776327133
12,100,8.75,0,2,208,73.359375,67.796875,1.025929570198059,57.5,-0.5893887877464294
12,100,8.75,0,2,209,73.984375,68.34375,1.0107932090759277,57.09375,-0.7580087184906006
12,100,8.75,0,2,210,71.53125,70.078125,1.0609736442565918,57.609375,0.02545487880706787
12,100,8.75,0,2,211,71.0625,69.796875,1.0122042894363403,57.359375,-0.7818368673324585
12,100,8.75,0,2,212,71.53125,70.359375,1.0307745933532715,56.265625,-0.6783212423324585
12,100,8.75,0,2,213,70.28125,70.796875,0.9462346434593201,57.796875,-1.1688809394836426
12,100,8.75,0,2,214,71.140625,69.734375,1.04069185256958,57.421875,-0.563217043876648
12,100,8.75,0,2,215,70.890625,70.546875,1.0043740272521973,57.09375,-0.6970062255859375
12,100,8.75,0,2,216,70.625,69.859375,1.0777894258499146,57.84375,-0.19095143675804138
12,100,8.75,0,2,217,71.1875,71.28125,1.0609596967697144,56.21875,-0.33880293369293213
12,100,8.75,0,2,218,72.484375,68.6875,1.0207786560058594,56.71875,-0.865886390209198
12,100,8.75,0,2,219,72.171875,68.84375,1.078375220298767,56.9375,-0.48177170753479004
12,100,8.75,0,2,220,70.578125,67.96875,1.0091240406036377,57.359375,-1.2124357223510742
12,100,8.75,0,2,221,71.625,69.765625,1.0487914085388184,57.984375,-0.3561857342720032
12,100,8.75,0,2,222,72.015625,69.984375,1.1215837001800537,56.53125,-0.22265705466270447
12,100,8.75,0,2,223,72.171875,69.78125,1.0755748748779297,56.84375,-0.36100339889526367
12,100,8.75,0,2,224,71.859375,71.453125,0.9881492853164673,57.46875,-0.6255868077278137
12,100,8.75,0,2,225,71.921875,71.828125,1.0635839700698853,56.328125,-0.39101642370224
12,100,8.75,0,2,226,71.640625,68.71875,1.0721722841262817,57.359375,-0.12929783761501312
12,100,8.75,0,2,227,71.9375,70.75,1.0302085876464844,57.5625,-0.36562585830688477
12,100,8.75,0,2,228,72.4375,70.3125,0.97291100025177,56.71875,-0.9761726260185242
12,100,8.75,0,2,229,71.90625,71.640625,1.0337355136871338,57.5,-0.8262378573417664
12,100,8.75,0,2,230,70.421875,70.328125,0.991597592830658,57.40625,-0.7580738067626953
12,100,8.75,0,2,231,72.3125,69.484375,1.0311719179153442,57.0,-0.5323575735092163
12,100,8.75,0,2,232,72.734375,70.4375,1.1352100372314453,57.203125,0.008853237144649029
12,100,8.75,0,2,233,71.71875,71.5625,1.040915846824646,56.890625,-0.8169929385185242
12,100,8.75,0,2,234,73.5,69.359375,1.0299094915390015,56.65625,-0.6564461588859558
12,100,8.75,0,2,235,71.40625,68.265625,1.0349540710449219,57.203125,-0.6965503692626953
12,100,8.75,0,2,236,72.953125,70.328125,1.046704888343811,57.171875,-0.525000810623169
12,100,8.75,0,2,237,71.734375,70.328125,0.987001895904541,57.125,-0.8618499636650085
12,100,8.75,0,2,238,71.578125,70.21875,1.059063196182251,57.140625,-0.32128995656967163
12,100,8.75,0,2,239,72.0625,71.515625,1.0567060708999634,57.796875,-0.1255216896533966
12,100,8.75,0,2,240,71.15625,70.234375,1.0485038757324219,57.375,-0.22076913714408875
12,100,8.75,0,2,241,72.65625,70.03125,0.9862027168273926,56.890625,-0.8386728167533875
12,100,8.75,0,2,242,71.359375,72.390625,1.050168752670288,56.828125,-0.6289072632789612
12,100,8.75,0,2,243,73.828125,68.703125,1.006069302558899,57.09375,-1.0010426044464111
12,100,8.75,0,2,244,72.3125,71.265625,1.0249497890472412,56.84375,-0.6640632748603821
12,100,8.75,0,2,245,73.328125,69.375,1.0241779088974,57.078125,-0.7074227333068848
12,100,8.75,0,2,246,71.625,70.125,0.9697962999343872,57.0,-1.3048838376998901
12,100,8.75,0,2,247,72.3125,69.25,1.056907057762146,57.21875,-0.7195321321487427
12,100,8.75,0,2,248,71.375,72.28125,0.9927821159362793,57.0625,-0.8568367958068848
12,100,8.75,0,2,249,72.4375,69.984375,0.9838740825653076,56.90625,-1.3713549375534058
12,100,8.75,0,2,250,72.1875,68.890625,0.9913995265960693,56.65625,-1.5150398015975952
12,100,8.75,0,2,251,72.640625,71.125,1.0009459257125854,57.484375,-0.7216154336929321
12,100,8.75,0,2,252,73.421875,70.34375,1.0104068517684937,56.890625,-0.49928462505340576
12,100,8.75,0,2,253,71.734375,72.34375,0.9703253507614136,56.671875,-1.192123293876648
12,100,8.75,0,2,254,70.71875,71.34375,0.9995443820953369,57.390625,-1.064909815788269
12,100,8.75,0,2,255,72.0625,70.515625,1.057870626449585,56.78125,-0.748698890209198
12,100,8.75,0,2,256,73.859375,69.515625,1.0773295164108276,56.359375,-0.04088634252548218
12,100,8.75,0,2,257,71.9375,70.53125,1.1051805019378662,57.1875,-0.3235686719417572
12,100,8.75,0,2,258,71.40625,72.015625,0.9848592281341553,57.015625,-0.89095139503479
12,100,8.75,0,2,259,71.171875,72.109375,1.032943606376648,57.0,-0.5339852571487427
12,100,8.75,0,2,260,73.875,69.953125,1.0228339433670044,57.21875,-0.8171882629394531
12,100,8.75,0,2,261,73.15625,72.140625,1.0814762115478516,56.921875,-0.17669372260570526
12,100,8.75,0,2,262,70.671875,71.90625,1.013122797012329,57.09375,-0.7520841956138611
12,100,8.75,0,2,263,72.875,71.40625,0.99434494972229,57.625,-0.480013906955719
12,100,8.75,0,2,264,72.328125,70.34375,1.036128044128418,56.734375,-0.6590504050254822
12,100,8.75,0,2,265,71.640625,71.34375,1.1109788417816162,57.109375,0.2899729907512665
12,100,8.75,0,2,266,71.828125,69.453125,1.0447736978530884,57.109375,-0.6663419604301453
12,100,8.75,0,2,267,71.34375,70.96875,1.0697369575500488,56.578125,-0.1934904158115387
12,100,8.75,0,2,268,73.546875,71.53125,1.0739541053771973,57.171875,0.005532900802791119
12,100,8.75,0,2,269,69.875,70.515625,1.0360994338989258,58.8125,-0.09993579238653183
12,100,8.75,0,2,270,72.390625,69.71875,1.0781631469726562,57.765625,-0.4180346429347992
12,100,8.75,0,2,271,71.953125,70.78125,1.056081771850586,57.46875,-0.16256611049175262
12,100,8.75,0,2,272,72.359375,70.734375,1.01277756690979,57.25,-0.5050790905952454
12,100,8.75,0,2,273,71.84375,69.234375,1.033231258392334,57.0,-0.8839201331138611
12,100,8.75,0,2,274,72.15625,70.875,1.0589513778686523,57.28125,-0.5570970773696899
12,100,8.75,0,2,275,72.15625,70.59375,1.0291104316711426,57.125,-0.812370777130127
12,100,8.75,0,2,276,72.375,71.53125,1.0108166933059692,57.359375,-0.9054045677185059
12,100,8.75,0,2,277,71.625,70.34375,1.0690853595733643,57.25,-0.460612952709198
12,100,8.75,0,2,278,69.75,70.890625,1.0974417924880981,58.265625,0.11959557235240936
12,100,8.75,0,2,279,71.75,71.484375,1.047168254852295,57.28125,-0.47311288118362427
12,100,8.75,0,2,280,72.703125,71.984375,0.989690899848938,56.859375,-0.8374358415603638
12,100,8.75,0,2,281,72.6875,72.125,1.0607069730758667,57.4375,-0.26705825328826904
12,100,8.75,0,2,282,70.828125,70.640625,1.0203639268875122,57.265625,-1.0175137519836426
12,100,8.75,0,2,283,70.828125,69.9375,1.0114872455596924,57.046875,-0.7658861875534058
12,100,8.75,0,2,284,72.1875,71.765625,1.044289469718933,57.28125,-0.53261798620224
12,100,8.75,0,2,285,72.921875,71.96875,1.0644464492797852,56.734375,-0.24668054282665253
12,100,8.75,0,2,286,73.828125,70.484375,1.0328636169433594,56.953125,-0.4716806411743164
12,100,8.75,0,2,287,71.75,72.359375,1.0048404932022095,57.453125,-0.6742846369743347
12,100,8.75,0,2,288,73.234375,71.046875,1.012269139289856,56.3125,-0.8148447275161743
12,100,8.75,0,2,289,72.390625,70.875,1.1068469285964966,57.328125,-0.04700601100921631
12,100,8.75,0,2,290,73.296875,69.40625,1.0616672039031982,57.0,-0.46614667773246765
12,100,8.75,0,2,291,71.796875,71.28125,1.0250242948532104,56.890625,-1.0095713138580322
12,100,8.75,0,2,292,72.375,71.890625,1.0459612607955933,57.78125,-0.17187605798244476
12,100,8.75,0,2,293,73.765625,73.296875,1.0852736234664917,57.046875,-0.19563889503479004
12,100,8.75,0,2,294,72.78125,72.0625,1.0487141609191895,56.875,-0.7108079791069031
12,100,8.75,0,2,295,71.3125,72.765625,1.0336138010025024,56.984375,-0.6502612829208374
12,100,8.75,0,2,296,72.328125,71.640625,1.0013458728790283,56.859375,-0.9300138354301453
12,100,8.75,0,2,297,73.140625,70.421875,1.1056424379348755,57.328125,-0.07181093096733093
12,100,8.75,0,2,298,72.515625,71.328125,1.024218201637268,57.859375,-0.26458415389060974
12,100,8.75,0,2,299,72.71875,70.609375,1.0451234579086304,57.796875,-0.20078223943710327
12,100,8.75,0,2,300,70.84375,72.859375,1.0698453187942505,57.8125,-0.17584729194641113
12,100,8.75,0,2,301,74.46875,69.84375,1.0462031364440918,57.421875,-0.4787769019603729
12,100,8.75,0,2,302,71.953125,72.46875,1.073354721069336,56.6875,-0.37317797541618347
12,100,8.75,0,2,303,73.46875,69.984375,1.03538978099823,57.59375,-0.5554696917533875
12,100,8.75,0,2,304,72.828125,72.953125,1.0151437520980835,57.234375,-0.7091154456138611
12,100,8.75,0,2,305,73.578125,71.65625,1.1107968091964722,56.53125,-0.15677165985107422
12,100,8.75,0,2,306,73.234375,69.859375,0.9855302572250366,57.078125,-1.3915374279022217
12,100,8.75,0,2,307,71.875,71.359375,0.9919916391372681,57.640625,-1.128516435623169
12,100,8.75,0,2,308,73.140625,70.890625,1.0187958478927612,57.03125,-0.5111986994743347
12,100,8.75,0,2,309,72.390625,71.3125,1.0119173526763916,56.75,-1.0274748802185059
12,100,8.75,0,2,310,72.015625,70.1875,1.0353963375091553,57.640625,-0.474349707365036
12,100,8.75,0,2,311,73.359375,69.765625,1.0221450328826904,57.375,-0.6524749398231506
12,100,8.75,0,2,312,73.421875,70.890625,1.0019967555999756,57.75,-0.6566416025161743
12,100,8.75,0,2,313,74.703125,71.3125,1.0527138710021973,56.53125,-0.6062509417533875
12,100,8.75,0,2,314,73.46875,71.59375,1.0822807550430298,56.921875,-0.2647796869277954
12,100,8.75,0,2,315,70.84375,71.734375,1.0444256067276,57.875,-0.5219411849975586
12,100,8.75,0,2,316,73.171875,72.359375,1.0226144790649414,56.90625,-0.7394539713859558
12,100,8.75,0,2,317,73.0,71.640625,1.0444751977920532,57.703125,-0.38190197944641113
12,100,8.75,0,2,318,72.5625,70.4375,1.0527898073196411,57.5,-0.6779955625534058
12,100,8.75,0,2,319,73.140625,72.5625,1.0443012714385986,56.8125,-0.4217457175254822
12,100,8.75,0,2,320,71.71875,71.34375,1.0012024641036987,57.734375,-0.305339515209198
12,100,8.75,0,2,321,72.25,73.3125,0.9946200251579285,56.703125,-1.130469799041748
12,100,8.75,0,2,322,71.703125,72.390625,0.9965406060218811,57.921875,-0.3576832413673401
12,100,8.75,0,2,323,73.8125,71.28125,1.0937575101852417,57.140625,0.06106674671173096
12,100,8.75,0,2,324,73.796875,72.265625,1.0741225481033325,57.296875,-0.060873232781887054
12,100,8.75,0,2,325,73.234375,70.828125,0.9691203832626343,57.796875,-0.7305346727371216
12,100,8.75,0,2,326,71.609375,71.3125,1.0910307168960571,58.140625,-0.08730562776327133
12,100,8.75,0,2,327,72.046875,71.015625,1.0635038614273071,57.71875,-0.1748056858778
12,100,8.75,0,2,328,72.765625,74.0,1.0322513580322266,57.984375,-0.2770189046859741
12,100,8.75,0,2,329,72.65625,71.09375,1.057740330696106,58.40625,-0.10820417106151581
12,100,8.75,0,2,330,71.1875,70.890625,1.0766507387161255,58.296875,-0.20989668369293213
12,100,8.75,0,2,331,74.515625,70.515625,1.0325688123703003,57.09375,-0.9864592552185059
12,100,8.75,0,2,332,73.390625,71.546875,1.016658902168274,58.359375,-0.27174559235572815
12,100,8.75,0,2,333,73.140625,71.03125,1.027724266052246,58.96875,0.09348871558904648
12,100,8.75,0,2,334,73.1875,71.609375,1.0319744348526,58.140625,-0.20820413529872894
12,100,8.75,0,2,335,71.734375,71.15625,1.0491787195205688,57.0625,-0.48385509848594666
12,100,8.75,0,2,336,72.6875,71.0625,1.0702866315841675,57.90625,-0.3912118375301361
12,100,8.75,0,2,337,72.515625,71.1875,1.0115259885787964,58.0625,-0.8949877619743347
12,100,8.75,0,2,338,71.609375,72.25,1.025075078010559,57.71875,-0.7247406840324402
12,100,8.75,0,2,339,72.5,71.84375,1.0015860795974731,57.921875,-0.8740243911743164
12,100,8.75,0,2,340,71.65625,73.078125,0.9921765327453613,57.46875,-0.8332039713859558
12,100,8.75,0,2,341,72.984375,71.609375,1.028495192527771,57.9375,-0.759636402130127
12,100,8.75,0,2,342,72.03125,71.609375,1.0628077983856201,57.75,-0.8145191073417664
12,100,8.75,0,2,343,70.125,72.890625,1.0469638109207153,57.03125,-0.43528732657432556
12,100,8.75,0,2,344,71.953125,72.921875,1.0691543817520142,58.28125,-0.16582122445106506
12,100,8.75,0,2,345,71.15625,74.15625,1.022810935974121,57.640625,-0.47421953082084656
12,100,8.75,0,2,346,72.328125,73.234375,1.002968430519104,57.1875,-1.101563572883606
12,100,8.75,0,2,347,73.71875,72.0,0.9927029013633728,57.609375,-0.997787356376648
12,100,8.75,0,2,348,71.921875,71.046875,0.9882825613021851,57.390625,-1.0521492958068848
12,100,8.75,0,2,349,70.921875,72.625,1.0058269500732422,57.609375,-1.2075529098510742
12,100,8.75,0,2,350,73.296875,71.15625,1.0272730588912964,57.71875,-0.6016284227371216
12,100,8.75,0,2,351,72.390625,73.375,1.0287446975708008,58.0625,-0.5753265023231506
12,100,8.75,0,2,352,72.640625,72.6875,1.0027438402175903,57.546875,-1.0648444890975952
12,100,8.75,0,2,353,72.390625,72.65625,1.0181511640548706,58.25,-0.7262378931045532
12,100,8.75,0,2,354,71.25,72.015625,1.0396491289138794,58.015625,-0.29974043369293213
12,100,8.75,0,2,355,72.703125,72.90625,1.0719674825668335,57.4375,-0.590430498123169
12,100,8.75,0,2,356,72.609375,72.8125,1.0400787591934204,57.640625,-0.5222014784812927
12,100,8.75,0,2,357,71.8125,73.53125,1.0590574741363525,57.609375,-0.5251309871673584
12,100,8.75,0,2,358,70.828125,72.765625,1.0587126016616821,57.875,-0.12662838399410248
12,100,8.75,0,2,359,72.515625,73.859375,1.0272903442382812,57.71875,-0.024414917454123497
12,100,8.75,0,2,360,72.5625,71.203125,1.0329582691192627,57.921875,-0.654948890209198
12,100,8.75,0,2,361,73.75,72.125,1.015243411064148,57.25,-0.8769539594650269
12,100,8.75,0,2,362,71.84375,72.703125,1.051569938659668,57.546875,-0.36458420753479004
12,100,8.75,0,2,363,73.15625,72.34375,1.0283578634262085,58.390625,-0.593295156955719
12,100,8.75,0,2,364,72.1875,70.671875,1.0203993320465088,58.5625,-0.8055347800254822
12,100,8.75,0,2,365,72.046875,73.109375,1.0768059492111206,57.546875,-0.26464924216270447
12,100,8.75,0,2,366,72.5625,73.5625,1.0343135595321655,57.75,-0.3025400638580322
12,100,8.75,0,2,367,72.984375,71.515625,1.0038185119628906,57.953125,-0.9288420081138611
12,100,8.75,0,2,368,72.359375,70.515625,1.0714298486709595,58.171875,-0.32187584042549133
12,100,8.75,0,2,369,73.625,73.03125,0.9877552390098572,57.515625,-1.1056649684906006
12,100,8.75,0,2,370,72.671875,71.265625,1.0199408531188965,57.46875,-1.0626964569091797
12,100,8.75,0,2,371,73.796875,73.125,1.035074234008789,57.5,-0.4718759059906006
12,100,8.75,0,2,372,72.078125,71.96875,1.0152418613433838,57.296875,-0.7778654098510742
12,100,8.75,0,2,373,72.484375,72.484375,1.0389344692230225,57.734375,-0.2656257450580597
12,100,8.75,0,2,374,73.296875,73.296875,1.0421123504638672,57.5625,-0.4413420855998993
12,100,8.75,0,2,375,72.15625,74.15625,1.0764988660812378,57.671875,-0.1957690715789795
12,100,8.75,0,2,376,71.921875,73.703125,1.0179156064987183,57.59375,-0.9975919127464294
12,100,8.75,0,2,377,71.140625,74.71875,0.9458305239677429,57.984375,-1.2533862590789795
12,100,8.75,0,2,378,71.953125,73.796875,1.1017873287200928,58.359375,0.32662680745124817
12,100,8.75,0,2,379,71.46875,73.375,1.0328292846679688,57.390625,-0.4371752142906189
12,100,8.75,0,2,380,72.015625,72.6875,0.9727082252502441,57.8125,-1.1705739498138428
12,100,8.75,0,2,381,73.859375,72.90625,1.1037218570709229,57.5,0.2919912040233612
12,100,8.75,0,2,382,71.96875,74.8125,1.068644404411316,57.5,-0.06627696752548218
12,100,8.75,0,2,383,73.484375,73.890625,1.0219621658325195,57.40625,-0.129102423787117
12,100,8.75,0,2,384,71.3125,74.046875,1.1039880514144897,58.015625,0.06015531346201897
12,100,8.75,0,2,385,71.90625,72.109375,1.0305770635604858,58.328125,-0.6054695844650269
12,100,8.75,0,2,386,72.140625,72.34375,1.0565803050994873,57.40625,-0.8156258463859558
12,100,8.75,0,2,387,72.71875,73.21875,1.0847535133361816,58.1875,-0.1383473128080368
12,100,8.75,0,2,388,71.5625,75.484375,0.9775106310844421,58.140625,-0.7333990931510925
12,100,8.75,0,2,389,71.875,74.671875,1.0393418073654175,58.4375,-0.15748795866966248
12,100,8.75,0,2,390,70.171875,73.671875,1.0840439796447754,58.015625,-0.38053473830223083
12,100,8.75,0,2,391,71.859375,74.71875,1.0443789958953857,57.9375,-0.5468106865882874
12,100,8.75,0,2,392,73.21875,73.6875,1.070988416671753,57.421875,-0.2708992660045624
12,100,8.75,0,2,393,72.796875,71.625,1.0250016450881958,57.984375,-0.8052743673324585
12,100,8.75,0,2,394,73.6875,72.546875,1.1107544898986816,56.953125,-0.16731855273246765
12,100,8.75,0,2,395,71.75,75.921875,1.0979057550430298,58.03125,0.00025935968733392656
12,100,8.75,0,2,396,72.90625,72.828125,1.0339175462722778,57.484375,-0.7496103048324585
12,100,8.75,0,2,397,72.515625,75.875,1.0670173168182373,57.546875,-0.3874358534812927
12,100,8.75,0,2,398,73.6875,73.390625,1.057383418083191,57.3125,-0.3580087125301361
12,100,8.75,0,2,399,71.46875,73.171875,1.045038104057312,58.25,-0.8091806173324585
12,100,8.75,0,2,400,71.75,72.890625,1.0367317199707031,57.625,-0.5746752619743347
12,100,8.75,0,2,401,73.1875,72.8125,1.0220202207565308,57.625,-0.8900399208068848
12,100,8.75,0,2,402,72.28125,73.5625,0.9841089844703674,58.3125,-0.5802743434906006
12,100,8.75,0,2,403,70.890625,73.546875,1.0214089155197144,58.421875,-0.5772144198417664
12,100,8.75,0,2,404,71.984375,73.875,1.0497682094573975,57.921875,-0.461784690618515
12,100,8.75,0,2,405,72.234375,74.25,1.045872688293457,58.15625,-0.17701902985572815
12,100,8.75,0,2,406,71.4375,74.75,1.039511799812317,58.09375,-0.3615892827510834
12,100,8.75,0,2,407,72.390625,73.25,1.0108344554901123,57.5625,-0.8486336469650269
12,100,8.75,0,2,408,72.5625,74.03125,1.0061837434768677,57.578125,-0.9804695844650269
12,100,8.75,0,2,409,71.765625,74.140625,1.048486590385437,57.5,-0.3393889367580414
12,100,8.75,0,2,410,73.359375,72.59375,1.0521507263183594,57.578125,-0.747527003288269
12,100,8.75,0,2,411,72.90625,72.4375,0.9780694842338562,58.546875,-1.1116544008255005
12,100,8.75,0,2,412,73.640625,73.65625,0.9947366118431091,57.953125,-0.5118499994277954
12,100,8.75,0,2,413,70.6875,74.359375,1.001092791557312,58.5,-0.5606127381324768
12,100,8.75,0,2,414,71.890625,74.609375,1.1265467405319214,57.359375,0.17141827940940857
12,100,8.75,0,2,415,73.140625,73.71875,1.0291930437088013,57.8125,-0.515105128288269
12,100,8.75,0,2,416,71.890625,72.875,1.0637987852096558,58.5625,0.14752528071403503
12,100,8.75,0,2,417,71.484375,73.8125,1.048504114151001,57.890625,-0.5137377977371216
12,100,8.75,0,2,418,72.375,73.921875,1.0851049423217773,57.515625,-0.14661544561386108
12,100,8.75,0,2,419,72.609375,74.515625,1.0481826066970825,57.609375,-0.4994800090789795
12,100,8.75,0,2,420,71.84375,74.546875,1.0205891132354736,58.390625,-0.24453215301036835
12,100,8.75,0,2,421,71.890625,74.96875,1.0406043529510498,57.875,-0.5812508463859558
12,100,8.75,0,2,422,72.953125,71.25,1.0725293159484863,57.984375,-0.3856128454208374
12,100,8.75,0,2,423,70.40625,73.984375,0.9803812503814697,58.703125,-0.876693606376648
12,100,8.75,0,2,424,70.40625,74.46875,1.0027819871902466,58.21875,-1.0378913879394531
12,100,8.75,0,2,425,71.53125,74.484375,1.0709434747695923,57.96875,-0.1768888682126999
12,100,8.75,0,2,426,72.46875,73.171875,1.0371466875076294,57.875,-0.406902015209198
12,100,8.75,0,2,427,73.015625,74.453125,1.0285143852233887,57.625,-0.463737815618515
12,100,8.75,0,2,428,71.28125,75.75,1.054203987121582,57.78125,-0.5468759536743164
12,100,8.75,0,2,429,72.96875,73.40625,1.0573902130126953,58.046875,-0.12936300039291382
12,100,8.75,0,2,430,72.390625,73.515625,1.0452826023101807,58.859375,0.004230936523526907
12,100,8.75,0,2,431,74.953125,72.609375,1.0525784492492676,56.75,-0.8193367719650269
12,100,8.75,0,2,432,70.65625,72.234375,1.0759702920913696,58.078125,-0.16634194552898407
12,100,8.75,0,2,433,72.28125,73.53125,1.0147290229797363,57.484375,-0.6528003215789795
12,100,8.75,0,2,434,72.9375,74.03125,1.0707422494888306,58.265625,0.18828031420707703
12,100,8.75,0,2,435,71.34375,73.5625,1.0405986309051514,58.390625,-0.22682374715805054
12,100,8.75,0,2,436,72.515625,74.40625,1.0267183780670166,58.015625,-0.5225920677185059
12,100,8.75,0,2,437,71.78125,74.921875,1.0395712852478027,57.6875,-0.5815762281417847
12,100,8.75,0,2,438,72.1875,75.03125,1.0711275339126587,57.1875,-0.5969410538673401
12,100,8.75,0,2,439,74.0625,71.140625,0.9924688935279846,58.796875,-0.6804696321487427
12,100,8.75,0,2,440,71.515625,73.890625,1.051202654838562,58.03125,-0.5127612352371216
12,100,8.75,0,2,441,71.84375,72.8125,1.0648853778839111,58.859375,-0.20586037635803223
12,100,8.75,0,2,442,72.09375,74.84375,1.0443861484527588,57.75,-0.250000923871994
12,100,8.75,0,2,443,71.015625,75.390625,1.0631834268569946,58.375,0.01894436404109001
12,100,8.75,0,2,444,71.375,74.78125,1.0649276971817017,57.921875,-0.022266432642936707
12,100,8.75,0,2,445,69.71875,75.53125,1.0768797397613525,58.53125,0.17708250880241394
12,100,8.75,0,2,446,71.40625,76.21875,1.0105830430984497,57.546875,-0.5563158988952637
12,100,8.75,0,2,447,71.4375,73.5,1.0114487409591675,58.109375,-0.4619799554347992
12,100,8.75,0,2,448,68.96875,74.90625,1.059358835220337,58.0,-0.25644630193710327
12,100,8.75,0,2,449,71.125,74.0,1.0052484273910522,57.625,-0.9751960635185242
12,100,8.75,0,2,450,73.015625,75.15625,0.9992994666099548,57.9375,-0.7915372848510742
12,100,8.75,0,2,451,72.125,73.359375,1.0573294162750244,57.0625,-1.03938889503479
12,100,8.75,0,2,452,70.375,75.015625,1.000236988067627,58.125,-0.6973967552185059
12,100,8.75,0,2,453,72.75,73.5,1.0407050848007202,58.265625,-0.21282647550106049
12,100,8.75,0,2,454,70.3125,74.640625,1.0461825132369995,57.484375,-0.7222013473510742
12,100,8.75,0,2,455,71.953125,76.296875,1.046284794807434,57.90625,-0.18170660734176636
12,100,8.75,0,2,456,71.828125,73.859375,1.0382150411605835,58.3125,-0.21048253774642944
12,100,8.75,0,2,457,71.953125,74.3125,1.0422813892364502,58.765625,-0.29524821043014526
12,100,8.75,0,2,458,70.78125,76.421875,1.053308129310608,58.09375,-0.1479175090789795
12,100,8.75,0,2,459,71.21875,76.484375,1.0317912101745605,57.671875,-0.7175788879394531
12,100,8.75,0,2,460,71.1875,75.0625,1.0786046981811523,58.140625,0.12304596602916718
12,100,8.75,0,2,461,69.71875,75.421875,1.0607892274856567,59.140625,0.15813717246055603
12,100,8.75,0,2,462,68.734375,75.265625,1.0443023443222046,57.8125,-0.5574877262115479
12,100,8.75,0,2,463,70.296875,73.78125,1.0665316581726074,58.328125,-0.6625008583068848
12,100,8.75,0,2,464,69.625,78.015625,1.0932587385177612,57.671875,0.4002595543861389
12,100,8.75,0,2,465,68.84375,76.78125,1.0354363918304443,58.203125,-0.23424570262432098
12,100,8.75,0,2,466,70.453125,74.171875,1.0472108125686646,57.890625,-0.6576180458068848
12,100,8.75,0,2,467,71.78125,74.625,1.0228463411331177,58.890625,-0.8797535300254822
12,100,8.75,0,2,468,69.75,74.203125,1.0852949619293213,58.484375,-0.37903711199760437
12,100,8.75,0,2,469,69.71875,75.328125,1.0852322578430176,57.609375,-0.33086010813713074
12,100,8.75,0,2,470,70.328125,75.453125,1.0312573909759521,58.578125,-0.5555346012115479
12,100,8.75,0,2,471,68.28125,75.671875,1.0521599054336548,58.125,-0.42089927196502686
12,100,8.75,0,2,472,70.796875,75.96875,1.057507872581482,58.046875,-0.37506598234176636
12,100,8.75,0,2,473,68.96875,76.796875,1.0257409811019897,58.09375,-0.40039142966270447
12,100,8.75,0,2,474,69.765625,76.5625,1.035387396812439,58.421875,-0.7244147658348083
12,100,8.75,0,2,475,70.0625,76.296875,1.0111830234527588,58.203125,-0.7270840406417847
12,100,8.75,0,2,476,71.25,74.609375,1.1052757501602173,57.953125,0.09537670016288757
12,100,8.75,0,2,477,70.46875,74.90625,1.0928963422775269,58.46875,-0.015691002830863
12,100,8.75,0,2,478,68.046875,77.78125,1.0580148696899414,58.84375,-0.11640714108943939
12,100,8.75,0,2,479,68.5,76.0,1.0361542701721191,58.46875,-0.4386075735092163
12,100,8.75,0,2,480,70.484375,74.09375,1.1132019758224487,58.28125,0.24400942027568817
12,100,8.75,0,2,481,69.53125,74.828125,1.0450961589813232,57.90625,-0.6658211946487427
12,100,8.75,0,2,482,70.03125,74.75,1.081472396850586,58.78125,0.20260345935821533
12,100,8.75,0,2,483,70.5625,75.3125,1.0302646160125732,58.078125,-0.6535816192626953
12,100,8.75,0,2,484,69.65625,73.6875,1.0466772317886353,59.15625,-0.6718757152557373
12,100,8.75,0,2,485,68.28125,75.53125,1.0832443237304688,58.75,-0.1295580267906189
12,100,8.75,0,2,486,72.96875,72.921875,1.0275800228118896,57.140625,-1.2472014427185059
12,100,8.75,0,2,487,71.078125,74.59375,1.0229960680007935,58.28125,-0.45149821043014526
12,100,8.75,0,2,488,69.734375,75.703125,1.0571280717849731,59.296875,-0.33841246366500854
12,100,8.75,0,2,489,69.796875,75.09375,1.0362974405288696,58.796875,-0.5417326092720032
12,100,8.75,0,2,490,70.109375,76.5,1.0744068622589111,58.140625,-0.3636725842952728
12,100,8.75,0,2,491,70.859375,74.9375,1.0218390226364136,57.59375,-0.7869800329208374
12,100,8.75,0,2,492,71.046875,74.640625,1.0398129224777222,58.75,-0.08951914310455322
12,100,8.75,0,2,493,70.015625,74.953125,1.0805188417434692,59.234375,-0.02949303388595581
12,100,8.75,0,2,494,69.203125,75.953125,1.0561517477035522,57.6875,-0.744727373123169
12,100,8.75,0,2,495,68.609375,74.46875,1.0357745885849,59.375,-0.5450528860092163
12,100,8.75,0,2,496,72.1875,74.265625,1.0664763450622559,57.625,-0.3272143602371216
12,100,8.75,0,2,497,70.609375,74.078125,1.092357873916626,57.734375,-0.25162842869758606
12,100,8.75,0,2,498,69.703125,77.078125,1.0093148946762085,58.5,-0.5983731746673584
12,100,8.75,0,2,499,71.328125,73.421875,1.047465443611145,58.203125,-0.9307950735092163
12,100,8.75,0,2,500,69.265625,75.25,1.1588813066482544,58.8125,0.16757714748382568
12,100,8.75,0,2,501,70.734375,75.296875,1.058001160621643,58.515625,-0.17141997814178467
12,100,8.75,0,2,502,69.25,75.5625,1.044110894203186,59.234375,-0.33522218465805054
12,100,8.75,0,2,503,68.8125,77.6875,1.0388776063919067,58.140625,-0.5199878215789795
12,100,8.75,0,2,504,71.0625,76.609375,1.1011141538619995,57.3125,-0.3692067265510559
12,100,8.75,0,2,505,71.265625,75.59375,1.05452299118042,58.296875,-0.7782559394836426
12,100,8.75,0,2,506,71.3125,75.828125,1.0265443325042725,58.265625,-0.48489663004875183
12,100,8.75,0,2,507,70.078125,75.046875,1.0719566345214844,58.296875,-0.25546956062316895
12,100,8.75,0,2,508,72.21875,76.890625,1.0824482440948486,58.109375,-0.28893306851387024
12,100,8.75,0,2,509,69.46875,76.0625,1.0153952836990356,58.0625,-0.8312506675720215
12,100,8.75,0,2,510,69.984375,75.03125,1.0713145732879639,57.609375,-0.5331390500068665
12,100,8.75,0,2,511,70.53125,77.078125,0.9881694316864014,57.703125,-1.010352373123169
12,100,8.75,0,2,512,69.84375,77.546875,1.060539722442627,58.359375,-0.914779543876648
12,100,8.75,0,2,513,70.03125,74.203125,1.0224294662475586,58.796875,-0.7690763473510742
12,100,8.75,0,2,514,72.140625,76.046875,1.0236551761627197,56.78125,-1.2746104001998901
12,100,8.75,0,2,515,70.265625,77.296875,1.0510895252227783,58.640625,-0.7016283273696899
12,100,8.75,0,2,516,69.21875,75.703125,1.0100425481796265,57.96875,-0.9509122371673584
12,100,8.75,0,2,517,68.734375,74.15625,1.1196995973587036,58.671875,-0.15104246139526367
12,100,8.75,0,2,518,69.125,75.703125,1.0487217903137207,58.890625,-0.31712329387664795
12,100,8.75,0,2,519,70.265625,77.609375,1.0684853792190552,58.25,-0.5304045677185059
12,100,8.75,0,2,520,70.921875,75.140625,1.063673496246338,57.421875,-0.7562508583068848
12,100,8.75,0,2,521,71.359375,74.671875,1.0286599397659302,58.5,-0.6436206698417664
12,100,8.75,0,2,522,70.734375,75.0,1.118256688117981,57.390625,-0.5266937017440796
12,100,8.75,0,2,523,69.78125,76.921875,1.0454206466674805,57.125,-0.8202483057975769
12,100,8.75,0,2,524,70.34375,75.671875,1.0262501239776611,58.4375,-0.6339201331138611
12,100,8.75,0,2,525,70.546875,76.4375,1.0552068948745728,58.40625,-0.4051440358161926
12,100,8.75,0,2,526,70.90625,76.296875,1.0967516899108887,57.953125,-0.20214936137199402
12,100,8.75,0,2,527,71.109375,77.25,1.0767122507095337,58.421875,-0.1594407856464386
12,100,8.75,0,2,528,70.0625,74.421875,1.0912911891937256,58.109375,-0.39876383543014526
12,100,8.75,0,2,529,72.578125,75.578125,1.0836145877838135,57.40625,0.2446603775024414
12,100,8.75,0,2,530,71.078125,77.09375,1.0756089687347412,58.140625,-0.2033863067626953
12,100,8.75,0,2,531,71.3125,76.890625,1.0801056623458862,58.28125,-0.349480003118515
12,100,8.75,0,2,532,67.796875,76.640625,1.0741682052612305,58.296875,-0.7197274565696716
12,100,8.75,0,2,533,68.796875,77.703125,1.095671534538269,58.15625,0.014387190341949463
12,100,8.75,0,2,534,70.90625,75.28125,1.084871768951416,58.3125,0.03567640110850334
12,100,8.75,0,2,535,70.03125,76.453125,1.1562459468841553,58.3125,0.26015546917915344
12,100,8.75,0,2,536,70.0625,74.828125,1.088415503501892,59.0625,-0.3355477750301361
12,100,8.75,0,2,537,71.15625,73.828125,1.0905028581619263,58.875,-0.2600920498371124
12,100,8.75,0,2,538,70.734375,74.890625,1.0506619215011597,58.15625,-0.2828785181045532
12,100,8.75,0,2,539,68.765625,76.53125,1.053865909576416,58.109375,-1.007292628288269
12,100,8.75,0,2,540,69.28125,75.734375,1.0884367227554321,59.0,-0.11204515397548676
12,100,8.75,0,2,541,70.890625,74.421875,1.0530846118927002,58.953125,-0.5126311779022217
12,100,8.75,0,2,542,68.203125,75.46875,1.048670768737793,58.6875,-0.8677741885185242
12,100,8.75,0,2,543,68.484375,74.6875,1.0773355960845947,59.0625,-0.0009123484487645328
12,100,8.75,0,2,544,69.515625,76.125,1.1124093532562256,58.390625,-0.1676441729068756
12,100,8.75,0,2,545,69.828125,74.78125,1.0761970281600952,58.3125,-0.11093845218420029
12,100,8.75,0,2,546,69.75,75.671875,1.0677285194396973,58.4375,-0.5819018483161926
12,100,8.75,0,2,547,69.515625,75.234375,1.1265571117401123,59.140625,0.26581937074661255
12,100,8.75,0,2,548,70.203125,75.53125,1.0670356750488281,58.328125,-0.17597734928131104
12,100,8.75,0,2,549,68.875,76.59375,1.1242352724075317,58.890625,0.21054594218730927
12,100,8.75,0,2,550,69.8125,74.5,1.02834153175354,58.203125,-1.2753263711929321
12,100,8.75,0,2,551,67.78125,74.453125,1.0413188934326172,59.171875,-0.5725269317626953
12,100,8.75,0,2,552,68.0625,75.25,1.0202003717422485,59.03125,-0.523177981376648
12,100,8.75,0,2,553,69.3125,76.9375,1.1427903175354004,58.4375,0.14954328536987305
12,100,8.75,0,2,554,69.890625,77.234375,1.1060289144515991,57.953125,-0.16386792063713074
12,100,8.75,0,2,555,69.921875,76.078125,1.0815120935440063,58.140625,-0.8601571917533875
12,100,8.75,0,2,556,67.59375,76.453125,1.0642647743225098,58.5625,-0.344597190618515
12,100,8.75,0,2,557,68.25,77.53125,1.0837403535842896,58.125,-0.35351642966270447
12,100,8.75,0,2,558,68.921875,76.984375,1.1145350933074951,58.78125,-0.19296948611736298
12,100,8.75,0,2,559,68.4375,77.28125,1.0324362516403198,57.59375,-0.6531909704208374
12,100,8.75,0,2,560,68.859375,77.546875,1.1027946472167969,57.90625,-0.3038420081138611
12,100,8.75,0,2,561,68.875,77.453125,1.0573636293411255,58.65625,-0.01321699284017086
12,100,8.75,0,2,562,69.984375,77.375,1.0731695890426636,58.5,-0.35781341791152954
12,100,8.75,0,2,563,67.984375,77.21875,1.0314810276031494,59.125,-0.4151051938533783
12,100,8.75,0,2,564,71.75,75.328125,1.1292457580566406,57.1875,0.16607984900474548
12,100,8.75,0,2,565,70.4375,78.671875,1.0680718421936035,58.296875,-0.4400399923324585
12,100,8.75,0,2,566,68.5,78.46875,1.0616134405136108,58.515625,-0.06562592834234238
12,100,8.75,0,2,567,69.484375,75.65625,1.0699775218963623,58.890625,-0.31289148330688477
12,100,8.75,0,2,568,67.734375,75.203125,1.0814458131790161,58.984375,-0.34609460830688477
12,100,8.75,0,2,569,72.34375,75.875,1.0270109176635742,58.203125,-0.7738940715789795
12,100,8.75,0,2,570,67.96875,78.578125,1.152691125869751,58.359375,0.749478280544281
12,100,8.75,0,2,571,70.59375,77.59375,1.1332272291183472,57.984375,0.19374918937683105
12,100,8.75,0,2,572,70.546875,76.8125,1.10356867313385,57.859375,-0.21028725802898407
12,100,8.75,0,2,573,70.796875,76.03125,1.1177371740341187,58.65625,0.3391917943954468
12,100,8.75,0,2,574,70.296875,79.046875,1.072493553161621,57.84375,-0.2677743434906006
12,100,8.75,0,2,575,70.3125,75.46875,1.0434989929199219,58.75,-0.2061205357313156
12,100,8.75,0,2,576,70.640625,77.828125,1.110833764076233,57.921875,0.04954340308904648
12,100,8.75,0,2,577,69.953125,77.96875,1.1247937679290771,57.875,0.6199860572814941
12,100,8.75,0,2,578,69.96875,76.875,1.0729631185531616,57.875,-0.6818368434906006
12,100,8.75,0,2,579,70.546875,79.5625,1.0785986185073853,57.484375,-0.049154601991176605
12,100,8.75,0,2,580,70.5625,76.796875,1.061560034751892,59.015625,-0.08509200811386108
12,100,8.75,0,2,581,70.15625,76.84375,1.052664875984192,58.53125,-0.6192718744277954
12,100,8.75,0,2,582,70.59375,77.03125,1.0718576908111572,57.75,-0.5332691073417664
12,100,8.75,0,2,583,69.25,76.4375,1.025657296180725,58.375,-0.6422533988952637
12,100,8.75,0,2,584,69.703125,77.1875,1.105848789215088,58.515625,-0.16796956956386566
12,100,8.75,0,2,585,71.109375,75.78125,1.1256426572799683,58.0,-0.25481855869293213
12,100,8.75,0,2,586,67.21875,77.5625,1.1336445808410645,59.4375,0.12571527063846588
12,100,8.75,0,2,587,69.890625,77.09375,1.0828070640563965,58.828125,0.12252521514892578
12,100,8.75,0,2,588,70.5,76.640625,1.1077511310577393,57.90625,0.28554612398147583
12,100,8.75,0,2,589,71.125,76.1875,1.137786626815796,57.765625,-0.2939463257789612
12,100,8.75,0,2,590,69.390625,76.546875,1.0765438079833984,58.53125,-0.538282036781311
12,100,8.75,0,2,591,69.09375,77.4375,1.0509487390518188,59.25,-0.018230130895972252
12,100,8.75,0,2,592,70.125,77.375,1.0923948287963867,58.3125,-0.43157634139060974
12,100,8.75,0,2,593,69.1875,76.96875,1.1405504941940308,58.28125,0.3461580276489258
12,100,8.75,0,2,594,68.75,76.765625,1.0754247903823853,58.640625,-0.4460294842720032
12,100,8.75,0,2,595,71.40625,77.265625,1.074301838874817,57.3125,-0.2159515917301178
12,100,8.75,0,2,596,68.96875,76.828125,1.0944523811340332,58.40625,-0.5370450615882874
12,100,8.75,0,2,597,69.65625,78.65625,1.1015026569366455,58.234375,-0.34961017966270447
12,100,8.75,0,2,598,69.953125,77.9375,1.0206753015518188,57.90625,-1.0361336469650269
12,100,8.75,0,2,599,70.546875,76.6875,1.1484743356704712,58.296875,0.09016840159893036
12,100,8.75,0,2,600,71.109375,76.171875,1.077866792678833,57.6875,-0.5191415548324585
12,100,8.75,0,2,601,68.84375,77.15625,1.092006802558899,58.15625,-0.3729175925254822
12,100,8.75,0,2,602,69.671875,75.625,1.074745535850525,59.25,-0.22343844175338745
12,100,8.75,0,2,603,70.46875,76.359375,1.1450085639953613,57.546875,-0.3388029932975769
12,100,8.75,0,2,604,69.015625,78.03125,1.1131114959716797,58.9375,0.04817616939544678
12,100,8.75,0,2,605,70.0,75.8125,1.1127890348434448,58.5,0.059634558856487274
12,100,8.75,0,2,606,71.0625,76.1875,1.0768846273422241,58.234375,0.021027784794569016
12,100,8.75,0,2,607,70.546875,77.78125,1.1116288900375366,58.03125,0.11074116080999374
12,100,8.75,0,2,608,70.84375,78.203125,1.1036309003829956,58.640625,0.15390537679195404
12,100,8.75,0,2,609,71.84375,78.109375,1.068132758140564,57.4375,-0.3075530529022217
12,100,8.75,0,2,610,69.75,77.78125,1.0840264558792114,57.65625,-0.24570393562316895
12,100,8.75,0,2,611,70.15625,78.46875,1.1144325733184814,58.109375,-0.07142013311386108
12,100,8.75,0,2,612,70.09375,80.15625,1.065083384513855,58.421875,-0.7872403860092163
12,100,8.75,0,2,613,69.96875,77.328125,1.0702778100967407,57.984375,-0.8410817384719849
12,100,8.75,0,2,614,69.34375,78.1875,1.108384609222412,58.546875,0.01783764362335205
12,100,8.75,0,2,615,68.875,79.484375,1.145047903060913,58.515625,0.043814223259687424
12,100,8.75,0,2,616,69.703125,79.1875,1.1206700801849365,57.546875,0.13600172102451324
12,100,8.75,0,2,617,67.796875,77.890625,1.086772084236145,58.546875,0.18971285223960876
12,100,8.75,0,2,618,71.484375,79.6875,1.0962345600128174,57.9375,-0.34570401906967163
12,100,8.75,0,2,619,69.828125,78.984375,1.111466646194458,57.03125,-0.4010424017906189
12,100,8.75,0,2,620,70.53125,76.921875,1.111152172088623,58.265625,0.07480369508266449
12,100,8.75,0,2,621,71.15625,79.125,1.01796293258667,56.5625,-0.9871753454208374
12,100,8.75,0,2,622,69.0,78.109375,1.0355759859085083,57.5625,-0.9567064642906189
12,100,8.75,0,2,623,71.125,78.84375,1.0733431577682495,57.375,-0.16914138197898865
12,100,8.75,0,2,624,71.59375,78.609375,1.080892562866211,57.875,-0.3272794187068939
12,100,8.75,0,2,625,68.140625,80.125,1.0788520574569702,57.578125,0.08398353308439255
12,100,8.75,0,2,626,69.28125,80.6875,1.0517581701278687,57.84375,-0.396224707365036
12,100,8.75,0,2,627,70.140625,79.3125,1.1679881811141968,57.71875,0.6344393491744995
12,100,8.75,0,2,628,70.296875,77.921875,1.10302734375,57.5,0.043163299560546875
12,100,8.75,0,2,629,69.34375,80.296875,1.1452239751815796,57.484375,0.2637360095977783
12,100,8.75,0,2,630,71.0625,78.296875,1.0524476766586304,57.015625,-0.9480475783348083
12,100,8.75,0,2,631,69.671875,79.53125,1.0612666606903076,57.859375,-0.17109474539756775
12,100,8.75,0,2,632,68.59375,78.890625,1.1018909215927124,57.28125,-0.20423267781734467
12,100,8.75,0,2,633,70.359375,78.78125,1.060998558998108,57.390625,-0.6127611994743347
12,100,8.75,0,2,634,68.671875,81.359375,1.1300686597824097,57.40625,0.14231684803962708
12,100,8.75,0,2,635,70.6875,78.640625,1.0271053314208984,57.40625,-1.1486988067626953
12,100,8.75,0,2,636,68.796875,79.4375,1.0502744913101196,58.5,-0.22115957736968994
12,100,8.75,0,2,637,68.4375,81.5625,1.135035753250122,56.8125,0.008592844009399414
12,100,8.75,0,2,638,69.390625,81.546875,1.0497530698776245,57.46875,-0.25755295157432556
12,100,8.75,0,2,639,69.828125,78.828125,1.0469378232955933,57.765625,-0.5063157677650452
12,100,8.75,0,2,640,69.21875,79.84375,1.0683361291885376,57.796875,0.0768870934844017
12,100,8.75,0,2,641,70.390625,79.734375,1.0286222696304321,58.203125,-0.15996168553829193
12,100,8.75,0,2,642,74.0,77.84375,1.080332636833191,56.296875,-0.41621169447898865
12,100,8.75,0,2,643,69.265625,80.15625,1.021686315536499,57.1875,-0.38639411330223083
12,100,8.75,0,2,644,70.0625,76.8125,1.0457332134246826,58.578125,-0.6067715883255005
12,100,8.75,0,2,645,70.578125,76.671875,1.0751960277557373,57.703125,-0.054688215255737305
12,100,8.75,0,2,646,71.15625,80.40625,1.07684326171875,57.15625,0.07180897891521454
12,100,8.75,0,2,647,72.578125,78.203125,1.0823657512664795,57.3125,-0.19212329387664795
12,100,8.75,0,2,648,70.1875,79.578125,1.1808080673217773,57.609375,1.1247386932373047
12,100,8.75,0,2,649,67.625,80.15625,1.1355735063552856,57.578125,0.36861881613731384
12,100,8.75,0,2,650,70.609375,79.1875,1.0991524457931519,58.328125,0.016470491886138916
12,100,8.75,0,2,651,68.140625,79.1875,1.1558010578155518,58.890625,0.49062418937683105
12,100,8.75,0,2,652,71.28125,77.75,1.0836904048919678,57.0625,-0.41731852293014526
12,100,8.75,0,2,653,70.671875,77.296875,1.0874847173690796,58.046875,0.26015540957450867
12,100,8.75,0,2,654,70.234375,80.671875,1.133733868598938,57.828125,0.42154860496520996
12,100,8.75,0,2,655,70.4375,77.453125,1.1332508325576782,58.359375,0.18684808909893036
12,100,8.75,0,2,656,72.703125,79.046875,1.06282377243042,57.171875,-0.5759773254394531
12,100,8.75,0,2,657,72.578125,79.53125,1.0944534540176392,57.4375,-0.2935556173324585
12,100,8.75,0,2,658,68.859375,78.421875,1.130165934562683,57.71875,-0.0018236240139231086
12,100,8.75,0,2,659,70.125,78.03125,1.1259472370147705,58.140625,0.1876944899559021
12,100,8.75,0,2,660,69.84375,78.96875,1.053877353668213,57.3125,-0.3376960754394531
12,100,8.75,0,2,661,69.9375,77.828125,1.1378138065338135,57.09375,-0.06269626319408417
12,100,8.75,0,2,662,69.1875,79.890625,1.073143720626831,58.40625,-0.05553460121154785
12,100,8.75,0,2,663,67.734375,78.6875,1.1000336408615112,57.859375,0.1330069750547409
12,100,8.75,0,2,664,67.921875,80.109375,1.0921473503112793,56.875,-0.5466805696487427
12,100,8.75,0,2,665,69.015625,80.25,1.0733588933944702,57.578125,-0.31458431482315063
12,100,8.75,0,2,666,67.859375,81.1875,1.0475167036056519,57.375,-0.42910248041152954
12,100,8.75,0,2,667,68.5,80.40625,1.1449590921401978,57.265625,-0.13964936137199402
12,100,8.75,0,2,668,67.53125,79.65625,1.091783046722412,58.53125,0.06048106402158737
12,100,8.75,0,2,669,68.84375,79.234375,1.1537351608276367,57.828125,-0.035287462174892426
12,100,8.75,0,2,670,69.96875,79.1875,1.072964072227478,57.046875,0.017902851104736328
12,100,8.75,0,2,671,67.84375,80.0625,1.0838106870651245,58.21875,-0.09466229379177094
12,100,8.75,0,2,672,67.3125,80.9375,1.1085646152496338,57.71875,0.0617179200053215
12,100,8.75,0,2,673,66.890625,80.171875,1.0608540773391724,57.796875,-0.42890700697898865
12,100,8.75,0,2,674,67.734375,80.890625,1.1064821481704712,57.765625,0.20182213187217712
12,100,8.75,0,2,675,69.484375,80.875,1.172555923461914,56.859375,0.3220694065093994
12,100,8.75,0,2,676,68.109375,79.0625,1.1180555820465088,57.984375,0.4514312744140625
12,100,8.75,0,2,677,68.15625,79.484375,1.0859441757202148,58.84375,0.0675121545791626
12,100,8.75,0,2,678,68.0,77.515625,1.053634762763977,58.46875,-0.2582690417766571
12,100,8.75,0,2,679,67.6875,81.0625,1.0994747877120972,57.203125,-0.2593107223510742
12,100,8.75,0,2,680,68.203125,80.3125,1.1418026685714722,57.015625,0.17395755648612976
12,100,8.75,0,2,681,67.53125,79.4375,1.0898816585540771,57.78125,-0.14941488206386566
12,100,8.75,0,2,682,69.625,80.984375,1.010632872581482,56.40625,-1.1662116050720215
12,100,8.75,0,2,683,70.265625,79.71875,1.0481523275375366,57.25,-0.4633471369743347
12,100,8.75,0,2,684,67.8125,80.625,1.13884437084198,57.953125,0.6509106159210205
12,100,8.75,0,2,685,68.421875,80.46875,1.0622520446777344,57.78125,0.20670489966869354
12,100,8.75,0,2,686,68.953125,82.203125,1.1207613945007324,57.578125,0.0749991163611412
12,100,8.75,0,2,687,65.90625,80.4375,1.151383876800537,57.875,0.25722557306289673
12,100,8.75,0,2,688,68.53125,81.03125,1.1232171058654785,57.34375,0.05898340791463852
12,100,8.75,0,2,689,70.203125,81.078125,1.0671510696411133,57.53125,0.11093664169311523
12,100,8.75,0,2,690,68.921875,79.984375,1.190327763557434,58.03125,0.737759530544281
12,100,8.75,0,2,691,69.453125,79.140625,1.0859618186950684,58.125,-0.355990469455719
12,100,8.75,0,2,692,67.671875,80.890625,1.0858609676361084,57.4375,-0.3803393244743347
12,100,8.75,0,2,693,67.5,81.171875,1.0931015014648438,57.765625,0.04544200003147125
12,100,8.75,0,2,694,68.75,79.546875,1.082676649093628,57.234375,-0.6535165309906006
12,100,8.75,0,2,695,70.890625,79.6875,1.1037737131118774,57.796875,0.04622305557131767
12,100,8.75,0,2,696,68.953125,80.65625,1.1130282878875732,57.28125,-0.20253990590572357
12,100,8.75,0,2,697,68.0,80.609375,1.1135977506637573,57.3125,0.15364494919776917
12,100,8.75,0,2,698,70.59375,79.15625,1.1169928312301636,57.921875,-0.010873000137507915
12,100,8.75,0,2,699,66.140625,77.78125,1.081397294998169,58.25,-0.832097053527832
12,100,8.75,0,2,700,67.171875,79.640625,1.1325582265853882,58.21875,0.08294199407100677
12,100,8.75,0,2,701,67.28125,79.71875,1.1131380796432495,58.765625,0.1315094530582428
12,100,8.75,0,2,702,68.828125,78.546875,1.0667556524276733,58.46875,-0.71517014503479
12,100,8.75,0,2,703,68.75,76.421875,1.062658667564392,58.375,-0.4158863425254822
12,100,8.75,0,2,704,68.625,79.015625,1.1196361780166626,57.890625,0.2608065605163574
12,100,8.75,0,2,705,70.0625,80.171875,1.0062315464019775,57.421875,-0.8774746656417847
12,100,8.75,0,2,706,68.984375,77.09375,1.080919623374939,58.390625,-0.48880279064178467
12,100,8.75,0,2,707,69.703125,79.328125,1.1880582571029663,57.203125,0.33404868841171265
12,100,8.75,0,2,708,68.75,79.578125,1.145133376121521,58.171875,-0.11881601810455322
12,100,8.75,0,2,709,66.859375,81.71875,1.1495535373687744,57.953125,0.1621086299419403
12,100,8.75,0,2,710,68.875,80.140625,1.0788182020187378,58.421875,-0.13372480869293213
12,100,8.75,0,2,711,69.578125,80.46875,1.1057685613632202,56.296875,-0.1048186644911766
12,100,8.75,0,2,712,67.09375,79.140625,1.1411586999893188,57.171875,0.1888664960861206
12,100,8.75,0,2,713,70.09375,79.5625,1.1634520292282104,57.875,0.5891268253326416
12,100,8.75,0,2,714,70.890625,80.03125,1.1066762208938599,56.546875,-0.47923266887664795
12,100,8.75,0,2,715,69.40625,78.71875,1.1554110050201416,57.53125,0.4614574909210205
12,100,8.75,0,2,716,70.65625,78.484375,1.1861650943756104,57.578125,0.2948560118675232
12,100,8.75,0,2,717,70.234375,80.484375,1.0455578565597534,57.09375,-0.5953785181045532
12,100,8.75,0,2,718,68.109375,78.984375,1.077919363975525,58.3125,-0.08209707587957382
12,100,8.75,0,2,719,67.625,79.828125,1.094614028930664,58.28125,-0.3034512996673584
12,100,8.75,0,2,720,67.84375,80.734375,1.1402839422225952,58.25,0.3787752091884613
12,100,8.75,0,2,721,70.625,77.734375,1.0139766931533813,57.546875,-0.9878262877464294
12,100,8.75,0,2,722,67.890625,80.34375,1.1160324811935425,57.390625,-0.05787849426269531
12,100,8.75,0,2,723,68.875,77.640625,1.0797747373580933,57.765625,0.04127516597509384
12,100,8.75,0,2,724,69.296875,78.71875,1.1355128288269043,58.0,0.279621422290802
12,100,8.75,0,2,725,68.34375,78.03125,1.1282047033309937,59.03125,0.2503899335861206
12,100,8.75,0,2,726,69.25,77.5,1.166861653327942,58.078125,0.5744132995605469
12,100,8.75,0,2,727,67.71875,78.8125,1.1736794710159302,58.265625,0.42936110496520996
12,100,8.75,0,2,728,68.609375,79.234375,1.1324200630187988,58.234375,0.05859287828207016
12,100,8.75,0,2,729,69.078125,79.734375,1.1580573320388794,58.078125,0.4379548728466034
12,100,8.75,0,2,730,70.171875,77.8125,1.1695142984390259,58.5625,0.5391919016838074
12,100,8.75,0,2,731,69.015625,79.671875,1.1134791374206543,58.09375,0.0587230920791626
12,100,8.75,0,2,732,69.96875,78.6875,1.1385327577590942,57.609375,-0.0345710925757885
12,100,8.75,0,2,733,68.390625,82.0,1.1476541757583618,58.265625,0.3899080157279968
12,100,8.75,0,2,734,67.796875,82.203125,1.071574091911316,57.828125,-0.09687583148479462
12,100,8.75,0,2,735,69.890625,80.125,1.0804413557052612,57.84375,-0.31165462732315063
12,100,8.75,0,2,736,65.734375,77.328125,1.128419280052185,58.453125,0.02805892750620842
12,100,8.75,0,2,737,68.390625,81.0625,1.0727230310440063,58.21875,-0.03938879817724228
12,100,8.75,0,2,738,69.75,77.984375,1.1752465963363647,58.765625,0.9872387647628784
12,100,8.75,0,2,739,67.703125,81.28125,1.1722773313522339,58.234375,0.8335278034210205
12,100,8.75,0,2,740,68.5625,79.484375,1.158225417137146,58.265625,0.7333976030349731
12,100,8.75,0,2,741,66.84375,80.046875,1.2035380601882935,58.390625,0.7218741178512573
12,100,8.75,0,2,742,69.296875,80.515625,1.1761168241500854,58.09375,0.683592677116394
12,100,8.75,0,2,743,66.796875,81.484375,1.0975943803787231,57.75,0.16601485013961792
12,100,8.75,0,2,744,68.125,80.953125,1.167026162147522,57.953125,0.4475252032279968
12,100,8.75,0,2,745,68.90625,78.78125,1.0557173490524292,57.578125,-0.595313310623169
12,100,8.75,0,2,746,68.71875,80.25,1.176477313041687,58.28125,0.7333974838256836
12,100,8.75,0,2,747,68.765625,79.109375,1.1311990022659302,58.078125,0.42617103457450867
12,100,8.75,0,2,748,69.578125,80.53125,1.1501951217651367,57.8125,0.5927075147628784
12,100,8.75,0,2,749,68.390625,79.59375,1.0497878789901733,58.515625,0.11796804517507553
12,100,8.75,0,2,750,66.40625,79.3125,1.1287353038787842,59.03125,0.4728507995605469
12,100,8.75,0,2,751,67.765625,81.296875,1.147471308708191,57.984375,0.7781893014907837
12,100,8.75,0,2,752,69.0625,78.765625,1.1587053537368774,57.640625,0.2434237003326416
12,100,8.75,0,2,753,70.546875,79.46875,1.1382638216018677,58.265625,0.12376219034194946
12,100,8.75,0,2,754,68.09375,80.84375,1.1369813680648804,58.3125,0.644335150718689
12,100,8.75,0,2,755,71.890625,81.203125,1.1663854122161865,57.890625,0.4199860990047455
12,100,8.75,0,2,756,69.75,79.28125,1.1746715307235718,58.265625,0.867642343044281
12,100,8.75,0,2,757,69.328125,80.703125,1.1425247192382812,58.5625,0.46725165843963623
12,100,8.75,0,2,758,70.796875,82.765625,1.161917805671692,58.4375,1.0718741416931152
12,100,8.75,0,2,759,69.578125,80.5625,1.1060141324996948,57.8125,0.4296216666698456
12,100,8.75,0,2,760,70.359375,79.6875,1.1316461563110352,57.40625,0.5161449909210205
12,100,8.75,0,2,761,68.421875,80.96875,1.0772855281829834,57.28125,0.07519441843032837
12,100,8.75,0,2,762,68.171875,80.203125,1.158990740776062,57.703125,1.0592440366744995
12,100,8.75,0,2,763,68.765625,78.84375,1.1214438676834106,59.109375,0.6823559999465942
12,100,8.75,0,2,764,68.125,79.6875,1.1425164937973022,58.40625,0.41471266746520996
12,100,8.75,0,2,765,67.21875,81.15625,1.1401158571243286,58.140625,0.4416006803512573
12,100,8.75,0,2,766,69.34375,80.390625,1.1197621822357178,57.84375,0.12571518123149872
12,100,8.75,0,2,767,68.5,80.671875,1.1343539953231812,58.046875,0.5361320972442627
12,100,8.75,0,2,768,67.890625,81.46875,1.1366392374038696,58.234375,0.1828116625547409
12,100,8.75,0,2,769,68.53125,81.109375,1.0963343381881714,58.65625,0.42512941360473633
12,100,8.75,0,2,770,67.859375,82.328125,1.0900928974151611,57.265625,-0.4241544008255005
12,100,8.75,0,2,771,66.171875,80.1875,1.1326658725738525,58.640625,0.31432196497917175
12,100,8.75,0,2,772,70.8125,79.984375,1.1699185371398926,57.0,0.5324861407279968
12,100,8.75,0,2,773,69.234375,80.84375,1.140130639076233,57.609375,0.7518221735954285
12,100,8.75,0,2,774,68.984375,80.734375,1.1587995290756226,58.5,1.13834547996521
12,100,8.75,0,2,775,69.6875,79.734375,1.127793788909912,58.0625,0.2383454293012619
12,100,8.75,0,2,776,70.21875,82.640625,1.0867241621017456,57.53125,0.10292892158031464
12,100,8.75,0,2,777,66.765625,82.59375,1.116317868232727,58.765625,0.4533845782279968
12,100,8.75,0,2,778,69.703125,81.265625,1.1172624826431274,58.0,0.17135338485240936
12,100,8.75,0,2,779,68.34375,80.296875,1.1547976732254028,58.171875,0.8406891822814941
12,100,8.75,0,2,780,67.671875,81.15625,1.0908831357955933,57.734375,0.28990793228149414
12,100,8.75,0,2,781,69.515625,80.796875,1.132273554801941,58.109375,0.2864575982093811
12,100,8.75,0,2,782,69.75,81.546875,1.079646110534668,57.671875,0.25117117166519165
12,100,8.75,0,2,783,69.09375,80.0625,1.16109299659729,58.859375,0.8264315128326416
12,100,8.75,0,2,784,69.921875,82.78125,1.1061285734176636,57.25,0.12076743692159653
12,100,8.75,0,2,785,67.328125,82.546875,1.1187047958374023,57.40625,0.10644455999135971
12,100,8.75,0,2,786,68.484375,81.234375,1.1522561311721802,57.546875,0.980728268623352
12,100,8.75,0,2,787,68.5625,80.421875,1.1485486030578613,58.4375,0.99967360496521
12,100,8.75,0,2,788,70.3125,81.984375,1.1352441310882568,57.78125,0.6375641226768494
12,100,8.75,0,2,789,69.703125,83.15625,1.14024019241333,58.484375,1.2608064413070679
12,100,8.75,0,2,790,70.25,81.765625,1.121281623840332,57.765625,0.34544190764427185
12,100,8.75,0,2,791,68.453125,82.890625,1.1276776790618896,57.40625,0.3234366178512573
12,100,8.75,0,2,792,68.140625,80.453125,1.1009747982025146,57.984375,-0.03711036965250969
12,100,8.75,0,2,793,68.8125,81.03125,1.132752537727356,57.390625,0.15794187784194946
12,100,8.75,0,2,794,69.21875,82.1875,1.1119358539581299,58.359375,0.34811124205589294
12,100,8.75,0,2,795,67.3125,81.40625,1.079825520515442,58.359375,0.29036369919776917
12,100,8.75,0,2,796,66.59375,80.90625,1.1666098833084106,58.328125,0.8867830038070679
12,100,8.75,0,2,797,68.640625,80.953125,1.1479504108428955,57.546875,0.1879548877477646
12,100,8.75,0,2,798,69.046875,78.59375,1.0980926752090454,58.46875,0.5281893014907837
12,100,8.75,0,2,799,67.375,80.1875,1.143153190612793,57.96875,0.34680911898612976
12,100,8.75,0,3,0,60.5,58.765625,0.9630265831947327,40.109375,-1.8021488189697266
12,100,8.75,0,3,1,62.109375,60.4375,1.0089422464370728,40.078125,-1.2333338260650635
12,100,8.75,0,3,2,62.0,61.828125,0.959801435470581,40.421875,-1.5600917339324951
12,100,8.75,0,3,3,62.25,62.296875,0.9651396870613098,40.53125,-1.7113937139511108
12,100,8.75,0,3,4,64.46875,62.75,0.9549708366394043,41.171875,-1.5806646347045898
12,100,8.75,0,3,5,66.515625,63.21875,0.915523886680603,42.0625,-1.7037115097045898
12,100,8.75,0,3,6,67.109375,64.390625,1.015048623085022,41.84375,-1.4020189046859741
12,100,8.75,0,3,7,66.203125,64.5,0.9162652492523193,42.6875,-1.8037116527557373
12,100,8.75,0,3,8,68.3125,65.140625,0.9423310160636902,43.46875,-1.7411465644836426
12,100,8.75,0,3,9,69.59375,66.5625,0.9266687631607056,43.8125,-1.497266173362732
12,100,8.75,0,3,10,69.4375,65.75,0.9902371764183044,44.796875,-1.1961596012115479
12,100,8.75,0,3,11,69.78125,64.359375,0.9723268151283264,44.625,-1.3843107223510742
12,100,8.75,0,3,12,70.515625,68.671875,1.0389387607574463,44.59375,-0.8210943937301636
12,100,8.75,0,3,13,72.25,66.1875,0.989436149597168,45.875,-1.392904281616211
12,100,8.75,0,3,14,72.46875,66.296875,0.9715747237205505,46.375,-1.5820319652557373
12,100,8.75,0,3,15,70.46875,64.84375,1.05738365650177,47.046875,-0.8422534465789795
12,100,8.75,0,3,16,71.96875,64.84375,0.9154290556907654,47.265625,-1.8393235206604004
12,100,8.75,0,3,17,74.65625,64.703125,0.9682978987693787,47.40625,-1.4586595296859741
12,100,8.75,0,3,18,70.875,65.6875,1.045690655708313,48.0,-0.9126310348510742
12,100,8.75,0,3,19,74.65625,65.0625,1.0690250396728516,48.265625,-0.5494148135185242
12,100,8.75,0,3,20,74.71875,67.03125,1.0340033769607544,48.328125,-1.3315763473510742
12,100,8.75,0,3,21,74.59375,66.296875,1.021203875541687,48.390625,-0.9975266456604004
12,100,8.75,0,3,22,74.546875,69.359375,1.0223244428634644,49.6875,-0.9892586469650269
12,100,8.75,0,3,23,74.53125,67.21875,0.965889573097229,49.328125,-1.6345057487487793
12,100,8.75,0,3,24,76.609375,65.921875,0.9768475294113159,50.109375,-1.3981127738952637
12,100,8.75,0,3,25,71.859375,66.65625,1.0547384023666382,50.34375,-0.936263918876648
12,100,8.75,0,3,26,73.703125,67.375,1.014630913734436,51.359375,-0.8854173421859741
12,100,8.75,0,3,27,75.078125,67.46875,1.0002692937850952,51.203125,-1.181120753288269
12,100,8.75,0,3,28,73.59375,65.90625,1.0467079877853394,51.609375,-1.1398444175720215
12,100,8.75,0,3,29,71.921875,66.3125,1.0001641511917114,52.3125,-1.2492196559906006
12,100,8.75,0,3,30,71.96875,66.265625,1.019540548324585,51.875,-1.231511116027832
12,100,8.75,0,3,31,70.296875,67.96875,0.9672637581825256,51.453125,-1.9826180934906006
12,100,8.75,0,3,32,72.46875,67.234375,0.964483916759491,52.6875,-1.6147143840789795
12,100,8.75,0,3,33,70.53125,68.03125,1.0204002857208252,52.78125,-1.3866543769836426
12,100,8.75,0,3,34,71.59375,67.8125,0.9995498061180115,53.28125,-1.3018889427185059
12,100,8.75,0,3,35,73.015625,68.34375,1.0051681995391846,52.5625,-1.4172534942626953
12,100,8.75,0,3,36,71.59375,66.328125,1.063115119934082,53.125,-1.456771731376648
12,100,8.75,0,3,37,72.28125,67.234375,1.023266077041626,53.359375,-1.4391283988952637
12,100,8.75,0,3,38,72.5625,67.0625,1.0566834211349487,54.53125,-0.7014982104301453
12,100,8.75,0,3,39,73.046875,67.109375,0.981188952922821,54.4375,-1.7623052597045898
12,100,8.75,0,3,40,73.265625,65.703125,0.9912567734718323,54.421875,-1.4172534942626953
12,100,8.75,0,3,41,72.609375,67.84375,0.9972695112228394,53.765625,-1.7989591360092163
12,100,8.75,0,3,42,72.140625,67.1875,1.0080028772354126,54.09375,-1.3218759298324585
12,100,8.75,0,3,43,73.53125,65.1875,0.9954981803894043,54.140625,-2.0248055458068848
12,100,8.75,0,3,44,72.28125,67.9375,1.0303938388824463,53.75,-1.495834231376648
12,100,8.75,0,3,45,72.46875,68.65625,1.016048789024353,53.859375,-1.44173264503479
12,100,8.75,0,3,46,73.390625,66.4375,1.0120532512664795,54.25,-1.6524748802185059
12,100,8.75,0,3,47,71.5625,69.671875,1.0038936138153076,54.5625,-1.5007169246673584
12,100,8.75,0,3,48,72.296875,67.78125,0.9177691340446472,54.40625,-2.32552170753479
12,100,8.75,0,3,49,71.953125,69.8125,0.955645740032196,55.03125,-1.6763677597045898
12,100,8.75,0,3,50,73.65625,66.5,1.0439252853393555,54.765625,-1.4759773015975952
12,100,8.75,0,3,51,73.90625,67.015625,1.0099316835403442,54.421875,-1.7330083847045898
12,100,8.75,0,3,52,72.875,67.96875,0.9820168018341064,54.546875,-1.7865241765975952
12,100,8.75,0,3,53,72.890625,67.75,0.9940563440322876,54.3125,-1.4113940000534058
12,100,8.75,0,3,54,74.59375,66.640625,1.0215312242507935,55.6875,-1.1728523969650269
12,100,8.75,0,3,55,73.34375,66.28125,1.06244957447052,54.65625,-1.4162769317626953
12,100,8.75,0,3,56,73.21875,67.3125,1.0515605211257935,53.828125,-1.7936205863952637
12,100,8.75,0,3,57,73.84375,66.765625,0.9847322106361389,55.03125,-1.7804696559906006
12,100,8.75,0,3,58,74.6875,67.4375,1.0465739965438843,54.203125,-1.1231127977371216
12,100,8.75,0,3,59,76.640625,64.796875,1.0031765699386597,53.984375,-1.8425791263580322
12,100,8.75,0,3,60,75.359375,65.390625,0.990531861782074,53.59375,-2.1809253692626953
12,100,8.75,0,3,61,73.296875,64.375,1.024086356163025,54.421875,-1.485092043876648
12,100,8.75,0,3,62,73.375,67.75,1.0396074056625366,53.96875,-1.0768237113952637
12,100,8.75,0,3,63,74.15625,67.046875,1.0600197315216064,54.09375,-0.9992847442626953
12,100,8.75,0,3,64,74.5,66.171875,1.0225237607955933,54.03125,-1.2940113544464111
12,100,8.75,0,3,65,76.8125,66.0,1.0173395872116089,53.921875,-1.5967458486557007
12,100,8.75,0,3,66,73.4375,67.453125,1.033871054649353,55.140625,-0.7668626308441162
12,100,8.75,0,3,67,75.125,65.5,1.0017225742340088,54.375,-1.7177090644836426
12,100,8.75,0,3,68,74.859375,66.390625,0.9455510377883911,53.921875,-2.137500762939453
12,100,8.75,0,3,69,73.75,66.484375,1.024262547492981,53.78125,-1.12630295753479
12,100,8.75,0,3,70,74.0625,66.34375,1.0572422742843628,53.90625,-1.3173835277557373
12,100,8.75,0,3,71,74.96875,65.40625,1.0359007120132446,53.796875,-1.6107430458068848
12,100,8.75,0,3,72,75.03125,65.5,0.9614061713218689,54.265625,-1.8745450973510742
12,100,8.75,0,3,73,74.125,66.265625,0.9892980456352234,54.265625,-1.53841233253479
12,100,8.75,0,3,74,74.671875,67.171875,1.0200777053833008,53.8125,-1.6345710754394531
12,100,8.75,0,3,75,73.9375,66.0,1.0498559474945068,53.484375,-1.0615894794464111
12,100,8.75,0,3,76,74.5625,66.046875,1.0247673988342285,54.28125,-1.6874358654022217
12,100,8.75,0,3,77,75.9375,66.234375,0.9829441905021667,53.53125,-1.8110034465789795
12,100,8.75,0,3,78,74.171875,66.953125,1.0258139371871948,54.140625,-1.3746755123138428
12,100,8.75,0,3,79,75.484375,64.671875,0.9577697515487671,54.15625,-2.0973315238952637
12,100,8.75,0,3,80,73.09375,67.484375,1.007866382598877,54.71875,-1.237045168876648
12,100,8.75,0,3,81,74.40625,68.578125,1.0070374011993408,54.421875,-1.032683253288269
12,100,8.75,0,3,82,74.046875,66.96875,1.0462403297424316,54.0625,-1.0791676044464111
12,100,8.75,0,3,83,74.796875,67.9375,0.9713332056999207,54.234375,-1.8498055934906006
12,100,8.75,0,3,84,75.1875,66.75,1.0672961473464966,54.015625,-1.076367974281311
12,100,8.75,0,3,85,74.765625,65.734375,1.0470266342163086,54.734375,-0.9349617958068848
12,100,8.75,0,3,86,74.0625,65.921875,1.0156134366989136,54.984375,-0.9990242719650269
12,100,8.75,0,3,87,74.109375,65.359375,1.0081120729446411,54.203125,-1.3412768840789795
12,100,8.75,0,3,88,74.15625,66.984375,0.9965924024581909,54.546875,-1.4969409704208374
12,100,8.75,0,3,89,74.390625,66.109375,1.0439997911453247,54.40625,-1.2904304265975952
12,100,8.75,0,3,90,74.453125,66.03125,1.044033408164978,54.15625,-1.1220061779022217
12,100,8.75,0,3,91,74.109375,66.953125,1.076601505279541,54.078125,-1.1125661134719849
12,100,8.75,0,3,92,74.40625,67.15625,1.0339727401733398,54.4375,-0.6223968267440796
12,100,8.75,0,3,93,73.84375,64.90625,1.0198566913604736,55.140625,-0.7981780767440796
12,100,8.75,0,3,94,73.359375,65.765625,1.0542021989822388,54.578125,-1.2081389427185059
12,100,8.75,0,3,95,73.453125,66.046875,1.0025314092636108,54.375,-1.3546884059906006
12,100,8.75,0,3,96,73.421875,66.3125,0.9823153018951416,54.28125,-1.8294280767440796
12,100,8.75,0,3,97,74.84375,65.671875,0.9839447736740112,53.90625,-2.157032012939453
12,100,8.75,0,3,98,72.625,66.5,1.014321208000183,54.0,-1.4416673183441162
12,100,8.75,0,3,99,73.3125,66.75,0.9956555366516113,54.609375,-1.5611987113952637
12,100,8.75,0,3,100,73.109375,67.0,1.0548975467681885,54.296875,-1.1073575019836426
12,100,8.75,0,3,101,75.15625,66.390625,1.0296211242675781,53.734375,-1.3429044485092163
12,100,8.75,0,3,102,75.625,65.78125,0.9754869937896729,54.125,-1.7878912687301636
12,100,8.75,0,3,103,72.90625,65.359375,1.0745861530303955,54.109375,-1.0993499755859375
12,100,8.75,0,3,104,73.75,68.1875,1.0253833532333374,53.96875,-1.1813160181045532
12,100,8.75,0,3,105,73.609375,67.125,0.9923617839813232,55.75,-1.1728525161743164
12,100,8.75,0,3,106,72.75,66.671875,1.0624239444732666,54.234375,-0.7022794485092163
12,100,8.75,0,3,107,74.5,67.125,1.0323609113693237,54.625,-0.7886075973510742
12,100,8.75,0,3,108,74.296875,67.078125,1.007766842842102,54.171875,-1.2956387996673584
12,100,8.75,0,3,109,76.296875,66.3125,0.9808284044265747,53.9375,-1.8222664594650269
12,100,8.75,0,3,110,74.484375,68.625,1.0034151077270508,54.609375,-1.1239590644836426
12,100,8.75,0,3,111,75.40625,65.890625,0.9923113584518433,54.671875,-1.4039071798324585
12,100,8.75,0,3,112,73.703125,67.515625,1.0149527788162231,54.515625,-1.2108081579208374
12,100,8.75,0,3,113,75.078125,66.359375,1.0094610452651978,54.4375,-1.6248706579208374
12,100,8.75,0,3,114,74.34375,66.09375,1.0251284837722778,54.515625,-1.5146491527557373
12,100,8.75,0,3,115,73.09375,65.828125,1.057940125465393,55.203125,-0.7414072751998901
12,100,8.75,0,3,116,75.46875,66.46875,1.0562959909439087,54.328125,-0.8828784227371216
12,100,8.75,0,3,117,75.03125,66.265625,1.0461065769195557,54.234375,-0.9294931888580322
12,100,8.75,0,3,118,72.109375,66.890625,1.0103232860565186,54.546875,-1.4201830625534058
12,100,8.75,0,3,119,73.203125,66.484375,1.0616836547851562,54.34375,-0.8976573348045349
12,100,8.75,0,3,120,72.8125,67.046875,1.017182469367981,55.25,-1.3477872610092163
12,100,8.75,0,3,121,72.78125,65.40625,1.0141316652297974,54.375,-1.4264981746673584
12,100,8.75,0,3,122,71.3125,67.484375,1.004368543624878,54.390625,-1.2052741050720215
12,100,8.75,0,3,123,73.25,67.0,0.9853706359863281,54.921875,-1.5933603048324585
12,100,8.75,0,3,124,72.375,68.6875,1.0306814908981323,55.078125,-1.2778003215789795
12,100,8.75,0,3,125,74.65625,65.984375,1.0740787982940674,54.171875,-0.9182300567626953
12,100,8.75,0,3,126,72.421875,66.984375,0.9963515996932983,55.171875,-1.3552744388580322
12,100,8.75,0,3,127,73.546875,66.21875,1.0551502704620361,55.734375,-0.882032036781311
12,100,8.75,0,3,128,72.375,66.9375,1.0105674266815186,54.8125,-1.4570322036743164
12,100,8.75,0,3,129,73.5,66.59375,0.9456859827041626,55.515625,-1.7975268363952637
12,100,8.75,0,3,130,73.9375,66.6875,1.0683201551437378,55.28125,-0.7180997729301453
12,100,8.75,0,3,131,73.203125,66.578125,1.062036395072937,55.46875,-0.8675789833068848
12,100,8.75,0,3,132,73.484375,66.90625,0.9758092164993286,55.578125,-1.432682991027832
12,100,8.75,0,3,133,73.484375,67.0625,1.0863986015319824,55.59375,-0.340495765209198
12,100,8.75,0,3,134,72.125,67.171875,0.981016993522644,55.390625,-1.1643238067626953
12,100,8.75,0,3,135,73.890625,65.765625,1.0540822744369507,55.125,-0.9356778860092163
12,100,8.75,0,3,136,70.765625,66.0,1.0235148668289185,55.640625,-0.9983080625534058
12,100,8.75,0,3,137,73.625,65.390625,1.0626177787780762,55.046875,-1.1228525638580322
12,100,8.75,0,3,138,73.0625,67.203125,1.0234942436218262,55.859375,-0.9819670915603638
12,100,8.75,0,3,139,73.125,66.6875,1.0157215595245361,56.5,-1.0641937255859375
12,100,8.75,0,3,140,74.390625,67.15625,1.0462672710418701,54.546875,-1.064649224281311
12,100,8.75,0,3,141,72.671875,65.875,1.0410133600234985,55.640625,-0.7408213019371033
12,100,8.75,0,3,142,74.796875,67.65625,1.0131369829177856,54.984375,-1.252539873123169
12,100,8.75,0,3,143,74.484375,67.609375,0.9741754531860352,55.46875,-1.1148446798324585
12,100,8.75,0,3,144,75.390625,66.078125,1.0189201831817627,55.265625,-1.171485185623169
12,100,8.75,0,3,145,73.234375,68.328125,0.9810757637023926,56.046875,-1.1901051998138428
12,100,8.75,0,3,146,73.421875,67.625,0.988288164138794,54.734375,-1.5778002738952637
12,100,8.75,0,3,147,73.609375,68.484375,1.0291619300842285,55.671875,-0.7400399446487427
12,100,8.75,0,3,148,73.171875,67.421875,0.9583026170730591,56.0,-1.7049487829208374
12,100,8.75,0,3,149,73.390625,66.890625,1.0175793170928955,55.078125,-1.364583969116211
12,100,8.75,0,3,150,74.515625,66.015625,1.0109825134277344,55.671875,-1.4009122848510742
12,100,8.75,0,3,151,73.8125,68.296875,1.0136936902999878,55.0,-1.2561205625534058
12,100,8.75,0,3,152,73.296875,64.390625,1.0758283138275146,55.578125,-1.0578784942626953
12,100,8.75,0,3,153,74.71875,66.546875,1.0535821914672852,55.1875,-1.0663419961929321
12,100,8.75,0,3,154,71.4375,67.96875,0.9882404804229736,55.078125,-1.3419280052185059
12,100,8.75,0,3,155,73.0,67.84375,1.0047422647476196,55.3125,-1.145248293876648
12,100,8.75,0,3,156,73.65625,67.328125,1.0472853183746338,55.625,-1.0526049137115479
12,100,8.75,0,3,157,74.28125,66.328125,0.987618088722229,55.09375,-1.5947926044464111
12,100,8.75,0,3,158,74.015625,68.78125,1.0265477895736694,55.140625,-1.172331690788269
12,100,8.75,0,3,159,73.5625,65.640625,0.9998941421508789,55.890625,-1.3651049137115479
12,100,8.75,0,3,160,73.1875,68.78125,0.9622776508331299,54.78125,-1.7027353048324585
12,100,8.75,0,3,161,72.21875,68.84375,0.9763816595077515,55.671875,-1.7681649923324585
12,100,8.75,0,3,162,72.484375,67.703125,0.9950962662696838,55.28125,-1.6354176998138428
12,100,8.75,0,3,163,75.109375,66.421875,1.0179561376571655,54.8125,-1.5235035419464111
12,100,8.75,0,3,164,72.71875,66.59375,1.0449033975601196,55.375,-1.205665111541748
12,100,8.75,0,3,165,72.65625,68.765625,1.01920747756958,55.3125,-1.1106127500534058
12,100,8.75,0,3,166,73.765625,66.6875,1.0188041925430298,55.71875,-1.15071702003479
12,100,8.75,0,3,167,73.953125,65.546875,1.0498230457305908,55.640625,-1.0108733177185059
12,100,8.75,0,3,168,72.921875,68.609375,0.9930442571640015,55.21875,-1.831511378288269
12,100,8.75,0,3,169,73.359375,68.734375,1.0107271671295166,55.59375,-0.8800138831138611
12,100,8.75,0,3,170,73.234375,69.359375,1.0349392890930176,54.921875,-0.8011077642440796
12,100,8.75,0,3,171,74.75,70.234375,1.089213490486145,54.828125,-0.4227222800254822
12,100,8.75,0,3,172,72.6875,67.234375,1.042272925376892,55.6875,-0.8511728048324585
12,100,8.75,0,3,173,74.25,69.234375,1.0350333452224731,55.734375,-0.6545581221580505
12,100,8.75,0,3,174,73.5,67.453125,1.1445837020874023,55.71875,-0.061263881623744965
12,100,8.75,0,3,175,75.078125,66.9375,1.0875611305236816,55.375,-0.32643309235572815
12,100,8.75,0,3,176,76.1875,66.28125,1.0511205196380615,55.703125,-0.9651049971580505
12,100,8.75,0,3,177,73.953125,67.828125,1.0707706212997437,55.0,-0.6179696321487427
12,100,8.75,0,3,178,71.8125,67.578125,1.0514322519302368,56.4375,-0.5328785181045532
12,100,8.75,0,3,179,75.578125,66.453125,1.0390777587890625,55.90625,-0.734245777130127
12,100,8.75,0,3,180,74.21875,67.28125,1.0885156393051147,55.296875,-0.2324877679347992
12,100,8.75,0,3,181,74.0,68.875,1.0189523696899414,55.625,-0.9149748086929321
12,100,8.75,0,3,182,72.921875,70.25,1.0481082201004028,55.0625,-1.0494801998138428
12,100,8.75,0,3,183,71.65625,68.875,1.0659700632095337,56.765625,-0.24778738617897034
12,100,8.75,0,3,184,71.71875,68.53125,1.0320162773132324,55.546875,-0.7149747610092163
12,100,8.75,0,3,185,73.0,68.71875,1.0346115827560425,56.9375,-0.42181092500686646
12,100,8.75,0,3,186,71.890625,68.140625,1.0328738689422607,56.140625,-1.3673837184906006
12,100,8.75,0,3,187,73.578125,65.828125,1.0349475145339966,56.265625,-0.9875010251998901
12,100,8.75,0,3,188,75.421875,68.609375,1.0254228115081787,55.796875,-0.9292324781417847
12,100,8.75,0,3,189,73.375,66.9375,1.0454696416854858,56.484375,-0.5143237113952637
12,100,8.75,0,3,190,75.84375,66.1875,0.9725040793418884,56.171875,-1.2830088138580322
12,100,8.75,0,3,191,74.421875,68.28125,1.033273696899414,55.265625,-0.882487952709198
12,100,8.75,0,3,192,73.1875,68.9375,1.0493476390838623,56.03125,-0.07604261487722397
12,100,8.75,0,3,193,72.625,68.59375,1.0681934356689453,55.71875,-0.43652424216270447
12,100,8.75,0,3,194,72.75,67.734375,1.048926830291748,56.03125,-0.6996102333068848
12,100,8.75,0,3,195,73.90625,66.546875,1.014167308807373,55.890625,-1.27083420753479
12,100,8.75,0,3,196,72.84375,68.171875,1.0077731609344482,56.609375,-1.0384124517440796
12,100,8.75,0,3,197,73.75,69.015625,0.9976590275764465,56.171875,-0.6167977452278137
12,100,8.75,0,3,198,72.078125,69.859375,1.0296601057052612,56.125,-0.8413419723510742
12,100,8.75,0,3,199,74.390625,68.6875,1.071408987045288,55.265625,-0.5257822275161743
12,100,8.75,0,3,200,74.765625,69.890625,1.0264838933944702,55.890625,-0.6812509298324585
12,100,8.75,0,3,201,73.84375,68.71875,1.0271670818328857,55.515625,-0.46490973234176636
12,100,8.75,0,3,202,72.5,66.84375,1.0598511695861816,56.125,-0.70247483253479
12,100,8.75,0,3,203,73.5,68.96875,1.0092326402664185,55.859375,-0.8455736637115479
12,100,8.75,0,3,204,73.171875,67.9375,1.0604612827301025,56.046875,-0.2875658869743347
12,100,8.75,0,3,205,74.953125,67.84375,1.0036566257476807,55.5625,-1.0037769079208374
12,100,8.75,0,3,206,74.171875,69.53125,1.0490591526031494,55.90625,-1.0288419723510742
12,100,8.75,0,3,207,72.421875,69.34375,1.078519582748413,56.703125,-0.29296964406967163
12,100,8.75,0,3,208,72.0625,68.546875,1.0787584781646729,56.890625,-0.48138102889060974
12,100,8.75,0,3,209,73.859375,67.078125,1.0150532722473145,55.90625,-1.090300440788269
12,100,8.75,0,3,210,75.109375,66.90625,1.0273886919021606,56.171875,-0.6389983296394348
12,100,8.75,0,3,211,75.015625,67.203125,1.0139979124069214,56.09375,-1.3186206817626953
12,100,8.75,0,3,212,74.390625,66.046875,1.0381062030792236,56.515625,-0.6381519436836243
12,100,8.75,0,3,213,73.0,68.484375,1.0338102579116821,56.40625,-0.6771492958068848
12,100,8.75,0,3,214,72.578125,66.90625,1.0444482564926147,57.40625,-0.7994149923324585
12,100,8.75,0,3,215,74.859375,68.25,1.08571195602417,56.078125,-0.57747483253479
12,100,8.75,0,3,216,74.765625,66.78125,1.0670559406280518,56.921875,-0.6044280529022217
12,100,8.75,0,3,217,72.796875,68.546875,1.0017671585083008,56.546875,-0.6787768602371216
12,100,8.75,0,3,218,74.28125,66.546875,1.0381886959075928,56.953125,-0.5803393721580505
12,100,8.75,0,3,219,72.453125,66.625,1.0514740943908691,57.15625,-0.8025400042533875
12,100,8.75,0,3,220,73.6875,66.1875,1.0309300422668457,57.078125,-0.4028005301952362
12,100,8.75,0,3,221,72.75,67.484375,1.034093976020813,56.40625,-0.8358732461929321
12,100,8.75,0,3,222,71.796875,67.75,1.0513195991516113,57.078125,-0.7029955387115479
12,100,8.75,0,3,223,73.046875,67.5,1.1033598184585571,56.96875,-0.1522795408964157
12,100,8.75,0,3,224,73.90625,67.515625,1.0642613172531128,56.796875,-0.4885426163673401
12,100,8.75,0,3,225,72.734375,67.90625,1.0959280729293823,56.421875,-0.5394539833068848
12,100,8.75,0,3,226,72.1875,68.0,1.0236316919326782,57.03125,-1.0544931888580322
12,100,8.75,0,3,227,73.421875,68.203125,1.0296590328216553,57.015625,-0.47767016291618347
12,100,8.75,0,3,228,72.75,66.84375,1.037503719329834,56.90625,-0.8757821917533875
12,100,8.75,0,3,229,71.359375,70.03125,0.9773716926574707,57.1875,-1.0511726140975952
12,100,8.75,0,3,230,71.375,68.359375,1.0349717140197754,57.15625,-0.2525399327278137
12,100,8.75,0,3,231,71.21875,70.046875,1.0051935911178589,56.84375,-0.8654305934906006
12,100,8.75,0,3,232,73.828125,66.5625,1.0800235271453857,56.875,-0.20501387119293213
12,100,8.75,0,3,233,73.359375,67.03125,1.050951361656189,56.078125,-0.961394190788269
12,100,8.75,0,3,234,71.96875,68.609375,0.995154857635498,56.8125,-1.026107668876648
12,100,8.75,0,3,235,71.96875,68.125,0.9519819617271423,56.953125,-1.431966781616211
12,100,8.75,0,3,236,71.921875,68.125,1.0598437786102295,56.765625,-0.6677093505859375
12,100,8.75,0,3,237,72.59375,68.6875,0.9732827544212341,56.875,-1.0547534227371216
12,100,8.75,0,3,238,70.4375,68.75,1.040494441986084,57.453125,-0.678451418876648
12,100,8.75,0,3,239,71.5,69.09375,1.0121947526931763,56.390625,-1.2478525638580322
12,100,8.75,0,3,240,71.8125,66.921875,1.0467274188995361,57.453125,-0.39687591791152954
12,100,8.75,0,3,241,71.71875,66.796875,0.9925206303596497,56.390625,-1.4041025638580322
12,100,8.75,0,3,242,73.265625,68.078125,1.0131771564483643,57.0625,-0.7113940119743347
12,100,8.75,0,3,243,71.703125,68.125,1.060786485671997,57.203125,-0.7649747729301453
12,100,8.75,0,3,244,71.859375,67.90625,0.9924855828285217,56.765625,-1.0312507152557373
12,100,8.75,0,3,245,71.5,70.625,1.0902835130691528,57.21875,-0.1387377381324768
12,100,8.75,0,3,246,70.734375,67.453125,1.0810811519622803,57.15625,-0.7041023969650269
12,100,8.75,0,3,247,72.078125,68.390625,1.0310871601104736,57.765625,-0.1449228823184967
12,100,8.75,0,3,248,73.0625,69.453125,1.0024070739746094,56.78125,-0.8611987829208374
12,100,8.75,0,3,249,72.15625,68.765625,1.050939679145813,57.0,-0.7740244269371033
12,100,8.75,0,3,250,73.765625,68.28125,0.9978713393211365,56.75,-1.5497403144836426
12,100,8.75,0,3,251,72.40625,66.5625,1.028483510017395,57.625,-0.6892584562301636
12,100,8.75,0,3,252,72.984375,68.296875,1.0367870330810547,57.0,-0.7037116885185242
12,100,8.75,0,3,253,74.484375,68.203125,1.0347026586532593,56.8125,-0.7513680458068848
12,100,8.75,0,3,254,71.4375,69.5,1.1267653703689575,57.84375,0.30325430631637573
12,100,8.75,0,3,255,72.171875,69.28125,1.078903079032898,57.546875,-0.11842529475688934
12,100,8.75,0,3,256,72.90625,68.34375,0.9698910713195801,57.53125,-1.1740893125534058
12,100,8.75,0,3,257,73.015625,68.1875,0.982890248298645,57.078125,-1.5283211469650269
12,100,8.75,0,3,258,72.234375,67.703125,1.054626226425171,57.546875,-0.5074228048324585
12,100,8.75,0,3,259,72.1875,69.328125,0.955769419670105,56.734375,-1.601628303527832
12,100,8.75,0,3,260,72.890625,68.4375,1.0404545068740845,57.046875,-0.5335294604301453
12,100,8.75,0,3,261,72.046875,67.90625,1.0059136152267456,57.0625,-0.6879565119743347
12,100,8.75,0,3,262,73.703125,68.328125,1.006654977798462,55.953125,-0.9898445010185242
12,100,8.75,0,3,263,72.09375,67.625,0.9845634698867798,57.03125,-0.6712249517440796
12,100,8.75,0,3,264,72.609375,69.03125,1.0959292650222778,56.890625,-0.09309995174407959
12,100,8.75,0,3,265,72.171875,69.03125,1.0444546937942505,56.578125,-0.8333992958068848
12,100,8.75,0,3,266,74.6875,70.125,1.0222426652908325,56.375,-0.6982430815696716
12,100,8.75,0,3,267,73.015625,67.078125,1.0473982095718384,56.875,-0.9544932246208191
12,100,8.75,0,3,268,73.40625,68.15625,1.0362886190414429,57.03125,-0.7168628573417664
12,100,8.75,0,3,269,73.796875,69.640625,1.0901676416397095,56.609375,-0.47571712732315063
12,100,8.75,0,3,270,71.625,69.765625,1.025387167930603,57.859375,-1.0236988067626953
12,100,8.75,0,3,271,74.015625,67.6875,0.9772754907608032,57.234375,-0.6396493911743164
12,100,8.75,0,3,272,74.765625,67.1875,0.9683188199996948,56.8125,-0.9744800925254822
12,100,8.75,0,3,273,71.09375,68.71875,1.0360231399536133,57.78125,-0.6737639307975769
12,100,8.75,0,3,274,71.359375,70.03125,1.1131865978240967,57.328125,-0.051237910985946655
12,100,8.75,0,3,275,72.0,68.921875,1.0178332328796387,57.09375,-1.217253565788269
12,100,8.75,0,3,276,70.765625,70.65625,1.0290080308914185,57.015625,-0.5274096727371216
12,100,8.75,0,3,277,73.234375,69.125,1.1076730489730835,57.40625,0.1699860394001007
12,100,8.75,0,3,278,71.5,67.796875,1.0222035646438599,58.0,-0.9833993315696716
12,100,8.75,0,3,279,71.046875,69.890625,1.021852731704712,57.109375,-0.8185557126998901
12,100,8.75,0,3,280,72.328125,70.3125,0.9807302951812744,57.390625,-1.4075530767440796
12,100,8.75,0,3,281,72.953125,69.546875,1.0566325187683105,57.328125,-0.5464200973510742
12,100,8.75,0,3,282,71.359375,69.265625,0.9898034334182739,57.734375,-1.2541025876998901
12,100,8.75,0,3,283,72.328125,70.953125,1.061059832572937,56.8125,-0.15559983253479004
12,100,8.75,0,3,284,73.828125,69.4375,1.0575230121612549,57.46875,-0.7513680458068848
12,100,8.75,0,3,285,72.203125,70.828125,1.0101436376571655,57.234375,-0.7163421511650085
12,100,8.75,0,3,286,73.8125,68.75,1.0569736957550049,57.140625,-0.5643236637115479
12,100,8.75,0,3,287,72.671875,68.328125,1.0983610153198242,56.890625,-0.005534738302230835
12,100,8.75,0,3,288,72.25,67.546875,1.0126465559005737,57.8125,-0.7345711588859558
12,100,8.75,0,3,289,72.96875,68.6875,1.0877244472503662,56.5625,-0.1601572036743164
12,100,8.75,0,3,290,70.171875,70.484375,1.0229895114898682,57.296875,-0.9861336946487427
12,100,8.75,0,3,291,72.40625,69.5625,1.0199222564697266,57.765625,-0.9703134298324585
12,100,8.75,0,3,292,72.96875,69.03125,1.0381635427474976,56.828125,-0.8418628573417664
12,100,8.75,0,3,293,70.9375,69.640625,1.055127501487732,57.640625,-0.9864592552185059
12,100,8.75,0,3,294,71.0625,68.96875,1.0557242631912231,57.546875,-0.7152354121208191
12,100,8.75,0,3,295,70.953125,69.984375,1.0211619138717651,58.296875,-0.7255217432975769
12,100,8.75,0,3,296,70.421875,69.65625,1.0965303182601929,57.828125,0.020181458443403244
12,100,8.75,0,3,297,71.328125,70.75,0.989581286907196,56.796875,-1.0856781005859375
12,100,8.75,0,3,298,74.6875,68.796875,1.0145950317382812,57.21875,-1.136198878288269
12,100,8.75,0,3,299,71.8125,70.640625,0.9898147583007812,57.0625,-1.1762375831604004
12,100,8.75,0,3,300,71.984375,68.078125,1.0487877130508423,57.96875,-0.8023446798324585
12,100,8.75,0,3,301,70.5625,70.0,1.0361491441726685,57.875,-0.6240243315696716
12,100,8.75,0,3,302,71.171875,70.375,1.054485559463501,57.5,-0.12981876730918884
12,100,8.75,0,3,303,72.40625,68.453125,1.0092254877090454,57.3125,-1.0241546630859375
12,100,8.75,0,3,304,70.609375,69.765625,1.0438036918640137,57.390625,-0.7393237948417664
12,100,8.75,0,3,305,73.09375,68.59375,0.9940776824951172,57.0625,-1.2518889904022217
12,100,8.75,0,3,306,72.109375,70.90625,0.992962658405304,57.875,-1.095443606376648
12,100,8.75,0,3,307,70.25,71.3125,1.052626609802246,57.5,-0.40338629484176636
12,100,8.75,0,3,308,72.25,69.953125,1.0188809633255005,57.75,-0.903907299041748
12,100,8.75,0,3,309,72.421875,69.203125,1.0854549407958984,57.09375,-0.5319019556045532
12,100,8.75,0,3,310,71.6875,71.984375,1.1280680894851685,56.9375,-0.25423261523246765
12,100,8.75,0,3,311,71.28125,71.296875,0.9735308289527893,57.0625,-1.1669279336929321
12,100,8.75,0,3,312,68.65625,70.765625,1.0364272594451904,57.796875,-1.07942795753479
12,100,8.75,0,3,313,72.5625,69.625,0.9976683259010315,57.171875,-1.3607429265975952
12,100,8.75,0,3,314,71.6875,70.125,0.9965854287147522,57.296875,-0.9248056411743164
12,100,8.75,0,3,315,73.109375,69.59375,1.0114474296569824,57.453125,-0.6880868673324585
12,100,8.75,0,3,316,72.8125,68.734375,1.0980994701385498,57.25,-0.4812508821487427
12,100,8.75,0,3,317,72.46875,69.671875,1.0577045679092407,57.90625,-0.3960295617580414
12,100,8.75,0,3,318,71.40625,69.46875,1.064693808555603,58.046875,-0.18183693289756775
12,100,8.75,0,3,319,72.140625,68.859375,1.0672584772109985,58.390625,-0.3417978286743164
12,100,8.75,0,3,320,72.078125,69.96875,1.022770881652832,57.984375,-0.2108732908964157
12,100,8.75,0,3,321,74.546875,69.328125,1.0149071216583252,57.015625,-1.3770191669464111
12,100,8.75,0,3,322,71.0,70.203125,1.0103312730789185,57.5,-0.8298184275627136
12,100,8.75,0,3,323,73.703125,68.765625,0.9946951270103455,57.3125,-1.0336599349975586
12,100,8.75,0,3,324,71.828125,71.359375,1.077962040901184,56.875,-0.032813385128974915
12,100,8.75,0,3,325,73.484375,68.1875,1.1115251779556274,57.78125,-0.11471438407897949
12,100,8.75,0,3,326,72.796875,68.5625,1.0419647693634033,57.65625,-0.5707039833068848
12,100,8.75,0,3,327,73.140625,69.234375,0.9984310865402222,57.203125,-0.7165372371673584
12,100,8.75,0,3,328,73.203125,69.34375,1.1066563129425049,57.4375,-0.1761077642440796
12,100,8.75,0,3,329,71.5,67.921875,0.9959560632705688,57.140625,-1.224349856376648
12,100,8.75,0,3,330,72.40625,68.484375,1.0643337965011597,58.203125,-0.483399361371994
12,100,8.75,0,3,331,72.96875,69.328125,1.102847695350647,57.671875,-0.364909827709198
12,100,8.75,0,3,332,73.453125,70.953125,1.1077797412872314,57.296875,-0.7645841836929321
12,100,8.75,0,3,333,71.78125,68.140625,1.014812707901001,57.859375,-1.2029306888580322
12,100,8.75,0,3,334,70.90625,69.625,1.0294864177703857,58.203125,-0.9689463376998901
12,100,8.75,0,3,335,72.5625,68.71875,1.0478020906448364,57.921875,-0.5667979717254639
12,100,8.75,0,3,336,72.484375,69.6875,1.0378062725067139,57.96875,-0.9697275161743164
12,100,8.75,0,3,337,73.0625,68.6875,1.0535165071487427,56.609375,-0.6324880123138428
12,100,8.75,0,3,338,72.078125,69.140625,1.0633528232574463,57.890625,-0.3940764367580414
12,100,8.75,0,3,339,73.015625,70.296875,1.0347646474838257,57.21875,-1.1540372371673584
12,100,8.75,0,3,340,71.78125,70.171875,1.0463753938674927,57.953125,-0.7913421392440796
12,100,8.75,0,3,341,71.328125,71.3125,1.046873927116394,57.921875,-0.6455737948417664
12,100,8.75,0,3,342,73.078125,68.640625,1.029276967048645,58.578125,-1.0097014904022217
12,100,8.75,0,3,343,71.21875,70.078125,1.0331910848617554,58.109375,-0.4647795855998993
12,100,8.75,0,3,344,71.96875,70.28125,1.004517912864685,57.578125,-0.6572273969650269
12,100,8.75,0,3,345,71.53125,70.921875,1.0569489002227783,57.90625,-0.7010428309440613
12,100,8.75,0,3,346,72.234375,68.984375,1.033994436264038,57.515625,-0.8001312613487244
12,100,8.75,0,3,347,71.921875,69.15625,1.0976697206497192,58.09375,-0.4587899148464203
12,100,8.75,0,3,348,72.390625,69.171875,1.057150959968567,57.21875,-1.0328783988952637
12,100,8.75,0,3,349,70.859375,72.96875,1.0870740413665771,57.859375,-0.3294280469417572
12,100,8.75,0,3,350,71.984375,70.390625,1.0683097839355469,57.375,-0.5809904336929321
12,100,8.75,0,3,351,72.921875,69.953125,1.0399500131607056,58.390625,-0.37122488021850586
12,100,8.75,0,3,352,70.390625,72.46875,1.1035277843475342,56.9375,-0.16972747445106506
12,100,8.75,0,3,353,71.71875,69.640625,1.0100765228271484,57.53125,-1.0263030529022217
12,100,8.75,0,3,354,72.734375,71.0,1.0539343357086182,57.734375,-0.9397796988487244
12,100,8.75,0,3,355,69.21875,71.328125,1.0357792377471924,58.125,-0.9235035181045532
12,100,8.75,0,3,356,72.171875,70.4375,0.9665594100952148,58.140625,-1.2787768840789795
12,100,8.75,0,3,357,70.15625,72.703125,1.025519609451294,58.234375,-0.5767587423324585
12,100,8.75,0,3,358,73.890625,69.203125,1.0053654909133911,57.671875,-0.6926438808441162
12,100,8.75,0,3,359,70.265625,72.125,1.015966534614563,58.53125,-0.9266934394836426
12,100,8.75,0,3,360,71.453125,69.453125,1.0631407499313354,58.09375,-1.1153655052185059
12,100,8.75,0,3,361,71.46875,72.0,1.0622680187225342,57.484375,-0.7886077761650085
12,100,8.75,0,3,362,72.28125,70.5625,1.0563405752182007,57.8125,-0.609831690788269
12,100,8.75,0,3,363,72.96875,70.6875,1.0594148635864258,58.484375,-0.12786541879177094
12,100,8.75,0,3,364,73.421875,70.984375,1.0549806356430054,57.28125,-0.8817717432975769
12,100,8.75,0,3,365,72.671875,71.203125,1.085195779800415,57.5625,-0.5037117600440979
12,100,8.75,0,3,366,71.734375,71.46875,1.0723401308059692,57.671875,-0.47330817580223083
12,100,8.75,0,3,367,72.109375,72.03125,1.0298190116882324,57.21875,-0.936003565788269
12,100,8.75,0,3,368,72.3125,70.84375,1.0483492612838745,57.390625,-0.6488289833068848
12,100,8.75,0,3,369,70.09375,71.125,1.1107115745544434,57.78125,-0.38873809576034546
12,100,8.75,0,3,370,71.09375,71.453125,1.0690433979034424,58.15625,-0.5916675925254822
12,100,8.75,0,3,371,72.015625,71.8125,1.079636573791504,56.84375,-0.6278655529022217
12,100,8.75,0,3,372,71.984375,71.53125,0.9994860887527466,57.546875,-0.818946123123169
12,100,8.75,0,3,373,72.140625,72.0625,1.0496597290039062,57.984375,-0.4481780529022217
12,100,8.75,0,3,374,71.671875,70.875,1.063712239265442,57.75,-0.5878914594650269
12,100,8.75,0,3,375,71.3125,68.625,1.1038401126861572,57.765625,-0.26523521542549133
12,100,8.75,0,3,376,72.234375,70.890625,1.0180059671401978,57.703125,-1.2097015380859375
12,100,8.75,0,3,377,74.25,68.828125,1.0506868362426758,57.171875,-0.6729175448417664
12,100,8.75,0,3,378,73.40625,69.46875,1.0173419713974,57.765625,-1.2159514427185059
12,100,8.75,0,3,379,72.65625,71.703125,1.054533839225769,57.390625,-0.3884124159812927
12,100,8.75,0,3,380,73.1875,71.03125,1.0586072206497192,58.125,-0.6397144794464111
12,100,8.75,0,3,381,71.453125,70.703125,1.0401772260665894,57.71875,-0.8335294723510742
12,100,8.75,0,3,382,71.8125,70.15625,1.017596960067749,57.75,-1.2153655290603638
12,100,8.75,0,3,383,72.203125,70.171875,1.0367258787155151,57.296875,-1.3975919485092163
12,100,8.75,0,3,384,69.765625,73.09375,0.9961056709289551,57.828125,-1.0566414594650269
12,100,8.75,0,3,385,69.59375,71.640625,1.0673059225082397,59.1875,-0.06634214520454407
12,100,8.75,0,3,386,71.8125,70.65625,1.0911238193511963,57.875,0.03209551423788071
12,100,8.75,0,3,387,71.3125,73.125,1.0635459423065186,57.75,-0.5315765142440796
12,100,8.75,0,3,388,73.34375,69.671875,1.080983281135559,57.234375,-0.7407561540603638
12,100,8.75,0,3,389,72.296875,71.765625,1.0334365367889404,58.296875,-1.0605478286743164
12,100,8.75,0,3,390,71.125,72.125,1.0779017210006714,58.140625,-0.35104259848594666
12,100,8.75,0,3,391,71.890625,70.53125,1.0400621891021729,58.390625,-1.0809903144836426
12,100,8.75,0,3,392,71.515625,70.6875,1.025390863418579,57.34375,-1.1710946559906006
12,100,8.75,0,3,393,69.8125,73.640625,0.9842855930328369,58.765625,-1.16048264503479
12,100,8.75,0,3,394,69.734375,71.53125,1.0619510412216187,58.171875,-0.537826418876648
12,100,8.75,0,3,395,71.421875,71.765625,1.0629345178604126,58.5625,-0.0018888514023274183
12,100,8.75,0,3,396,69.453125,73.015625,1.036793828010559,58.140625,-0.5598968267440796
12,100,8.75,0,3,397,70.296875,73.0,1.0433794260025024,58.125,-0.18359458446502686
12,100,8.75,0,3,398,69.859375,73.59375,0.9881128072738647,58.6875,-0.8480477333068848
12,100,8.75,0,3,399,70.515625,71.203125,1.0582880973815918,58.21875,-0.3565114438533783
12,100,8.75,0,3,400,71.703125,71.234375,1.0955629348754883,57.671875,-0.7488291263580322
12,100,8.75,0,3,401,70.78125,71.140625,1.0576717853546143,58.390625,-0.9889981746673584
12,100,8.75,0,3,402,71.1875,71.59375,1.0358319282531738,58.65625,-0.8751962184906006
12,100,8.75,0,3,403,70.9375,71.4375,1.0406535863876343,59.0,-0.3040374517440796
12,100,8.75,0,3,404,70.484375,72.390625,1.0568333864212036,57.828125,-1.139714241027832
12,100,8.75,0,3,405,71.421875,70.84375,1.0818090438842773,57.96875,-0.53157639503479
12,100,8.75,0,3,406,69.28125,72.0,1.083154559135437,59.015625,-0.5617195963859558
12,100,8.75,0,3,407,69.140625,71.5,1.0283639430999756,58.515625,-0.9916674494743347
12,100,8.75,0,3,408,70.34375,72.515625,0.9841841459274292,58.234375,-1.0067064762115479
12,100,8.75,0,3,409,71.5,70.75,1.0876915454864502,57.703125,-0.6445971727371216
12,100,8.75,0,3,410,67.6875,73.3125,1.0791807174682617,59.28125,0.018488705158233643
12,100,8.75,0,3,411,71.859375,72.640625,1.035820484161377,56.890625,-1.0846364498138428
12,100,8.75,0,3,412,69.46875,73.53125,1.0249083042144775,58.34375,-0.33984464406967163
12,100,8.75,0,3,413,71.046875,71.71875,0.9731676578521729,57.9375,-1.3484385013580322
12,100,8.75,0,3,414,70.296875,73.09375,1.0421520471572876,58.078125,-0.7442716956138611
12,100,8.75,0,3,415,69.96875,72.21875,1.0020811557769775,58.21875,-1.0013680458068848
12,100,8.75,0,3,416,73.421875,72.09375,1.0516568422317505,58.171875,0.06992094963788986
12,100,8.75,0,3,417,72.546875,73.25,1.085405707359314,58.015625,-0.1580086648464203
12,100,8.75,0,3,418,70.34375,73.375,1.0346115827560425,58.15625,-0.8611336946487427
12,100,8.75,0,3,419,70.25,72.1875,1.049264907836914,57.640625,-0.8222012519836426
12,100,8.75,0,3,420,71.546875,73.015625,1.016026258468628,57.703125,-1.2455085515975952
12,100,8.75,0,3,421,71.4375,71.234375,1.0496777296066284,58.109375,-0.8586597442626953
12,100,8.75,0,3,422,69.3125,71.21875,1.0562691688537598,58.296875,-0.6345710754394531
12,100,8.75,0,3,423,70.65625,71.515625,1.1069515943527222,58.90625,-0.50527423620224
12,100,8.75,0,3,424,70.140625,74.1875,1.0926799774169922,57.71875,-0.6285816431045532
12,100,8.75,0,3,425,73.4375,72.125,1.0055712461471558,58.0,-0.7869150042533875
12,100,8.75,0,3,426,71.109375,72.953125,1.117631196975708,58.546875,0.25709545612335205
12,100,8.75,0,3,427,70.34375,73.953125,1.0474176406860352,57.90625,-0.4276700019836426
12,100,8.75,0,3,428,69.5625,74.265625,1.0676367282867432,57.234375,-0.527214527130127
12,100,8.75,0,3,429,68.640625,74.3125,1.0417749881744385,57.359375,-0.8446623086929321
12,100,8.75,0,3,430,69.8125,73.453125,0.9859504103660583,58.078125,-0.7315763831138611
12,100,8.75,0,3,431,71.234375,72.53125,1.1029133796691895,58.703125,-0.06412839889526367
12,100,8.75,0,3,432,70.578125,73.09375,1.0652071237564087,58.109375,-0.5006519556045532
12,100,8.75,0,3,433,71.234375,72.546875,1.0444294214248657,57.890625,-0.5175139904022217
12,100,8.75,0,3,434,70.40625,73.703125,1.0877764225006104,58.375,-0.16321709752082825
12,100,8.75,0,3,435,70.46875,74.875,1.0109444856643677,58.515625,-0.9105477333068848
12,100,8.75,0,3,436,71.109375,72.96875,1.0615779161453247,58.609375,-0.44889411330223083
12,100,8.75,0,3,437,69.734375,73.03125,1.1238141059875488,58.296875,-0.03073003888130188
12,100,8.75,0,3,438,71.0625,73.171875,1.034468173980713,57.875,-0.8944669961929321
12,100,8.75,0,3,439,71.171875,72.109375,1.0353610515594482,57.328125,-1.0284513235092163
12,100,8.75,0,3,440,71.65625,73.25,1.038185715675354,58.109375,-0.8201832175254822
12,100,8.75,0,3,441,71.953125,73.140625,1.0380111932754517,58.015625,-0.7407559752464294
12,100,8.75,0,3,442,70.203125,71.359375,1.034475326538086,58.859375,-0.62044358253479
12,100,8.75,0,3,443,70.53125,72.578125,1.046372890472412,57.9375,-0.36823007464408875
12,100,8.75,0,3,444,70.3125,70.8125,1.0657485723495483,59.015625,-0.6630867719650269
12,100,8.75,0,3,445,71.125,74.078125,1.0835845470428467,58.0625,-0.55214923620224
12,100,8.75,0,3,446,70.109375,72.5,1.0443757772445679,58.46875,-0.36093825101852417
12,100,8.75,0,3,447,69.625,73.96875,1.0254907608032227,58.875,-0.6535165309906006
12,100,8.75,0,3,448,70.078125,72.78125,0.9979985356330872,58.421875,-1.0940113067626953
12,100,8.75,0,3,449,70.125,74.515625,1.102927327156067,57.5625,-0.32669365406036377
12,100,8.75,0,3,450,70.40625,73.921875,1.0446962118148804,58.296875,-0.47688883543014526
12,100,8.75,0,3,451,71.53125,72.09375,1.0526785850524902,57.765625,-0.8673186302185059
12,100,8.75,0,3,452,71.953125,74.625,1.0019687414169312,56.90625,-1.2245452404022217
12,100,8.75,0,3,453,71.296875,73.78125,1.110648512840271,58.65625,-0.030209144577383995
12,100,8.75,0,3,454,71.484375,73.0625,1.078229308128357,57.578125,-0.6991546154022217
12,100,8.75,0,3,455,72.359375,73.046875,1.1176775693893433,57.46875,-0.21360769867897034
12,100,8.75,0,3,456,73.328125,74.125,1.0092564821243286,57.34375,-0.6242847442626953
12,100,8.75,0,3,457,71.59375,73.125,1.0179284811019897,57.578125,-1.2348968982696533
12,100,8.75,0,3,458,72.53125,72.453125,1.0620044469833374,58.421875,-0.12526129186153412
12,100,8.75,0,3,459,69.75,74.859375,1.0682271718978882,57.546875,-0.9149748682975769
12,100,8.75,0,3,460,71.640625,74.671875,1.0846889019012451,57.640625,-0.1119149923324585
12,100,8.75,0,3,461,72.84375,73.890625,1.0315502882003784,57.65625,-0.72884202003479
12,100,8.75,0,3,462,73.390625,72.328125,1.051215410232544,57.515625,-0.5222663283348083
12,100,8.75,0,3,463,71.0,74.4375,1.062821388244629,58.53125,-0.05520930141210556
12,100,8.75,0,3,464,69.5,73.78125,1.0182987451553345,58.390625,-0.8220710754394531
12,100,8.75,0,3,465,72.09375,74.078125,1.1177030801773071,58.171875,0.5037752389907837
12,100,8.75,0,3,466,70.828125,73.59375,1.0743564367294312,57.671875,-0.8485684394836426
12,100,8.75,0,3,467,71.296875,74.5625,1.091953992843628,57.453125,-0.5267586708068848
12,100,8.75,0,3,468,71.6875,73.125,1.0378862619400024,58.546875,-0.7442717552185059
12,100,8.75,0,3,469,69.96875,74.890625,1.0920913219451904,57.4375,-0.3806648850440979
12,100,8.75,0,3,470,71.21875,74.765625,1.0652579069137573,57.515625,-0.5843106508255005
12,100,8.75,0,3,471,70.765625,74.984375,1.0898555517196655,57.984375,-0.15026125311851501
12,100,8.75,0,3,472,71.140625,75.5625,1.0306092500686646,57.453125,-0.8386728167533875
12,100,8.75,0,3,473,71.96875,73.734375,1.043608546257019,58.875,-0.3289071023464203
12,100,8.75,0,3,474,71.25,73.765625,1.0295742750167847,57.875,-0.5143887400627136
12,100,8.75,0,3,475,72.203125,73.609375,1.0828297138214111,58.234375,0.061782997101545334
12,100,8.75,0,3,476,71.109375,72.59375,1.0255690813064575,58.625,-0.2924486994743347
12,100,8.75,0,3,477,71.046875,75.296875,1.0798163414001465,58.0625,-0.38665449619293213
12,100,8.75,0,3,478,70.515625,74.875,1.0365902185440063,57.84375,-0.629102349281311
12,100,8.75,0,3,479,69.5625,73.71875,1.0185573101043701,57.96875,-0.9027351140975952
12,100,8.75,0,3,480,69.484375,74.90625,1.0700273513793945,57.40625,-0.3872404098510742
12,100,8.75,0,3,481,72.71875,74.6875,1.0676970481872559,57.6875,-0.1763029545545578
12,100,8.75,0,3,482,69.1875,75.546875,1.0612670183181763,57.8125,-0.6433602571487427
12,100,8.75,0,3,483,70.015625,74.140625,1.0181374549865723,57.234375,-1.2701833248138428
12,100,8.75,0,3,484,69.9375,76.25,1.0680996179580688,57.640625,-0.4374356269836426
12,100,8.75,0,3,485,69.65625,74.46875,1.0950151681900024,58.4375,-0.14303463697433472
12,100,8.75,0,3,486,70.765625,73.625,1.0724998712539673,57.953125,-0.5039070844650269
12,100,8.75,0,3,487,71.96875,74.734375,1.0495045185089111,57.84375,-0.4567716121673584
12,100,8.75,0,3,488,72.109375,74.140625,1.0704866647720337,57.40625,-0.4807300269603729
12,100,8.75,0,3,489,73.234375,76.09375,1.0520509481430054,56.6875,-0.47018295526504517
12,100,8.75,0,3,490,71.296875,76.6875,1.1892367601394653,57.828125,0.6510406732559204
12,100,8.75,0,3,491,70.921875,76.53125,1.041614294052124,57.640625,-0.42806071043014526
12,100,8.75,0,3,492,69.9375,74.40625,1.0896682739257812,59.359375,0.37265536189079285
12,100,8.75,0,3,493,69.828125,73.125,1.1137953996658325,58.546875,0.24895739555358887
12,100,8.75,0,3,494,71.078125,74.15625,1.0133469104766846,58.28125,-0.8878914713859558
12,100,8.75,0,3,495,70.96875,74.0,1.038012981414795,58.28125,-0.5598968267440796
12,100,8.75,0,3,496,69.515625,75.015625,1.072322130203247,58.015625,0.17024660110473633
12,100,8.75,0,3,497,68.8125,75.0625,1.0020273923873901,58.21875,-0.7981781363487244
12,100,8.75,0,3,498,71.046875,74.015625,1.0340914726257324,57.984375,-0.9075530767440796
12,100,8.75,0,3,499,69.8125,74.671875,0.995380699634552,57.53125,-1.0662118196487427
12,100,8.75,0,3,500,69.78125,73.1875,1.0541322231292725,59.125,-0.4906909465789795
12,100,8.75,0,3,501,70.015625,73.578125,1.0628622770309448,58.671875,-0.48776108026504517
12,100,8.75,0,3,502,74.09375,72.171875,1.0526280403137207,58.59375,-0.6203786134719849
12,100,8.75,0,3,503,71.484375,73.875,1.0713742971420288,57.65625,-0.7147797346115112
12,100,8.75,0,3,504,69.984375,73.640625,1.038455843925476,58.09375,-0.7485685348510742
12,100,8.75,0,3,505,69.171875,74.1875,1.0816168785095215,58.28125,-0.07330815494060516
12,100,8.75,0,3,506,69.859375,75.21875,1.0761935710906982,58.453125,-0.4279956817626953
12,100,8.75,0,3,507,68.171875,75.8125,1.032313585281372,58.359375,-0.6322923898696899
12,100,8.75,0,3,508,70.734375,74.0,1.0404248237609863,57.90625,-0.9528003931045532
12,100,8.75,0,3,509,69.109375,74.296875,1.0201796293258667,58.6875,-0.7552742958068848
12,100,8.75,0,3,510,70.515625,75.28125,1.0913037061691284,57.5,-0.34283947944641113
12,100,8.75,0,3,511,71.875,75.84375,1.0652905702590942,57.171875,-0.6828784346580505
12,100,8.75,0,3,512,69.78125,77.046875,1.1024243831634521,56.671875,-0.46250098943710327
12,100,8.75,0,3,513,69.296875,73.96875,1.0288712978363037,58.6875,-0.8514330387115479
12,100,8.75,0,3,514,71.265625,75.046875,1.1170079708099365,57.75,0.01913970708847046
12,100,8.75,0,3,515,69.8125,76.484375,1.0367103815078735,57.625,-0.606706440448761
12,100,8.75,0,3,516,71.828125,75.375,1.0775341987609863,57.828125,-0.26718848943710327
12,100,8.75,0,3,517,68.21875,75.296875,1.0392823219299316,57.921875,-0.4472663402557373
12,100,8.75,0,3,518,71.390625,77.90625,0.980423629283905,56.8125,-1.2041022777557373
12,100,8.75,0,3,519,68.46875,75.171875,1.0746146440505981,57.984375,-0.23684971034526825
12,100,8.75,0,3,520,71.234375,76.78125,1.0240445137023926,57.421875,-0.8581387996673584
12,100,8.75,0,3,521,70.921875,74.953125,1.095120906829834,57.984375,-0.2566414177417755
12,100,8.75,0,3,522,70.171875,74.453125,1.0740818977355957,58.265625,-0.45429784059524536
12,100,8.75,0,3,523,70.921875,76.890625,1.0926698446273804,57.78125,-0.46289151906967163
12,100,8.75,0,3,524,71.84375,75.328125,1.083888292312622,57.703125,-0.27929770946502686
12,100,8.75,0,3,525,71.140625,75.171875,1.102803349494934,57.8125,-0.16139404475688934
12,100,8.75,0,3,526,70.234375,74.625,1.0744433403015137,57.046875,-0.9418630599975586
12,100,8.75,0,3,527,70.953125,74.90625,1.0770539045333862,56.90625,-0.8700529336929321
12,100,8.75,0,3,528,69.546875,76.15625,1.1057955026626587,58.25,-0.13274815678596497
12,100,8.75,0,3,529,71.546875,74.875,1.0880160331726074,57.953125,-0.32617276906967163
12,100,8.75,0,3,530,70.59375,75.703125,1.0059757232666016,58.296875,-0.7383472919464111
12,100,8.75,0,3,531,72.84375,74.984375,1.1298916339874268,57.421875,-0.0705738291144371
12,100,8.75,0,3,532,70.34375,74.15625,1.0204230546951294,57.28125,-0.9744800329208374
12,100,8.75,0,3,533,71.6875,74.609375,1.0475343465805054,58.171875,-0.46523523330688477
12,100,8.75,0,3,534,72.640625,75.125,1.0648900270462036,57.578125,-0.643164873123169
12,100,8.75,0,3,535,72.03125,75.578125,1.0751081705093384,57.390625,-0.4487638473510742
12,100,8.75,0,3,536,72.796875,75.8125,1.0611591339111328,58.15625,-0.3089853525161743
12,100,8.75,0,3,537,73.140625,76.984375,1.0635654926300049,57.484375,-0.2359384000301361
12,100,8.75,0,3,538,72.234375,77.203125,1.1156184673309326,58.15625,0.22083237767219543
12,100,8.75,0,3,539,73.578125,76.375,1.1101722717285156,56.625,-0.5115243196487427
12,100,8.75,0,3,540,71.109375,75.96875,1.041182518005371,58.21875,-0.520248293876648
12,100,8.75,0,3,541,72.375,76.53125,1.12101149559021,58.15625,-0.2245452105998993
12,100,8.75,0,3,542,71.9375,75.109375,1.0191549062728882,56.625,-0.9126310348510742
12,100,8.75,0,3,543,71.265625,76.09375,1.0752884149551392,58.328125,-0.2789071500301361
12,100,8.75,0,3,544,71.046875,75.328125,1.0734021663665771,57.9375,-0.6280606985092163
12,100,8.75,0,3,545,72.5625,73.734375,1.030840516090393,58.03125,-0.1214851588010788
12,100,8.75,0,3,546,70.9375,77.140625,1.0707578659057617,56.9375,-0.6436858773231506
12,100,8.75,0,3,547,70.75,76.34375,1.0759130716323853,58.5625,-0.24264419078826904
12,100,8.75,0,3,548,69.171875,76.0,1.1184866428375244,58.46875,-0.05748804658651352
12,100,8.75,0,3,549,69.078125,75.84375,1.0880011320114136,58.125,-0.4430346190929413
12,100,8.75,0,3,550,72.3125,73.21875,1.0948114395141602,58.5,-0.26679784059524536
12,100,8.75,0,3,551,69.328125,77.71875,1.0608408451080322,57.546875,-0.542839527130127
12,100,8.75,0,3,552,70.28125,75.5625,1.0344120264053345,58.25,-0.7705739736557007
12,100,8.75,0,3,553,70.828125,74.296875,1.044327735900879,57.90625,-0.7748055458068848
12,100,8.75,0,3,554,71.96875,76.28125,1.0888988971710205,57.734375,-0.2730477750301361
12,100,8.75,0,3,555,69.03125,74.59375,1.0813015699386597,57.53125,-0.5021494030952454
12,100,8.75,0,3,556,70.65625,73.609375,1.044395923614502,58.234375,-0.778907060623169
12,100,8.75,0,3,557,69.078125,73.46875,1.0268447399139404,58.515625,-1.3816413879394531
12,100,8.75,0,3,558,69.71875,75.0,1.0826451778411865,58.125,-0.709180474281311
12,100,8.75,0,3,559,69.359375,74.421875,1.042459487915039,57.140625,-0.9961596727371216
12,100,8.75,0,3,560,69.734375,75.796875,0.9738083481788635,58.09375,-1.5225919485092163
12,100,8.75,0,3,561,70.0,77.5625,1.0241003036499023,56.96875,-0.7980477809906006
12,100,8.75,0,3,562,67.96875,76.828125,1.054721474647522,58.015625,-0.4099618196487427
12,100,8.75,0,3,563,71.875,75.015625,1.0203099250793457,57.40625,-0.9995450973510742
12,100,8.75,0,3,564,70.125,77.28125,1.0933678150177002,57.984375,0.19238194823265076
12,100,8.75,0,3,565,69.78125,76.828125,1.0412886142730713,57.1875,-0.6645841598510742
12,100,8.75,0,3,566,70.53125,79.546875,1.0828897953033447,57.640625,-0.15696708858013153
12,100,8.75,0,3,567,68.5625,77.859375,1.052626371383667,58.1875,-0.32350343465805054
12,100,8.75,0,3,568,70.0,77.0625,1.0280942916870117,57.921875,-0.573307991027832
12,100,8.75,0,3,569,70.765625,78.140625,1.1028268337249756,57.03125,-0.20006601512432098
12,100,8.75,0,3,570,70.265625,77.09375,1.053888201713562,57.625,-0.41406339406967163
12,100,8.75,0,3,571,68.671875,77.59375,1.0728483200073242,57.9375,-0.2872404456138611
12,100,8.75,0,3,572,69.1875,75.828125,1.0816187858581543,58.40625,-0.3567717969417572
12,100,8.75,0,3,573,68.484375,78.453125,1.1224669218063354,58.3125,0.006379405967891216
12,100,8.75,0,3,574,68.703125,78.265625,0.9935914278030396,57.84375,-1.3223315477371216
12,100,8.75,0,3,575,68.953125,75.96875,1.0993268489837646,57.953125,-0.503646731376648
12,100,8.75,0,3,576,70.21875,77.03125,1.0764445066452026,57.828125,-0.4703134000301361
12,100,8.75,0,3,577,70.390625,76.53125,1.0974202156066895,57.046875,-0.5828133225440979
12,100,8.75,0,3,578,70.3125,76.140625,1.1038308143615723,56.8125,-0.5917326211929321
12,100,8.75,0,3,579,69.15625,76.890625,1.0230199098587036,57.890625,-0.8154956102371216
12,100,8.75,0,3,580,69.96875,77.109375,1.0595906972885132,57.296875,-0.514258623123169
12,100,8.75,0,3,581,69.40625,77.578125,1.0630661249160767,56.78125,-0.7460945844650269
12,100,8.75,0,3,582,70.125,77.3125,1.0733028650283813,57.265625,-0.37734460830688477
12,100,8.75,0,3,583,70.9375,77.265625,1.0499500036239624,57.46875,-0.54524827003479
12,100,8.75,0,3,584,69.734375,79.203125,1.066028356552124,57.9375,-0.08489664644002914
12,100,8.75,0,3,585,69.703125,76.96875,1.069392204284668,58.5,-0.2772793769836426
12,100,8.75,0,3,586,69.5,78.734375,1.1055073738098145,57.390625,-0.19153718650341034
12,100,8.75,0,3,587,69.875,80.265625,1.0789837837219238,57.484375,0.0826815813779831
12,100,8.75,0,3,588,70.328125,76.625,1.1099308729171753,57.546875,-0.360222190618515
12,100,8.75,0,3,589,71.609375,76.359375,1.048909068107605,57.421875,-0.6464201807975769
12,100,8.75,0,3,590,70.25,77.171875,1.1386020183563232,57.078125,-0.6567066311836243
12,100,8.75,0,3,591,69.53125,78.203125,1.1450966596603394,57.890625,0.048631828278303146
12,100,8.75,0,3,592,70.546875,76.15625,1.1406081914901733,57.625,-0.010743161663413048
12,100,8.75,0,3,593,69.671875,78.359375,1.0357664823532104,57.859375,-0.7381519079208374
12,100,8.75,0,3,594,70.84375,78.53125,1.0617923736572266,58.09375,-0.1757170408964157
12,100,8.75,0,3,595,72.234375,78.328125,1.0777254104614258,56.984375,-0.22259190678596497
12,100,8.75,0,3,596,70.6875,78.75,1.096656084060669,57.953125,-0.0541023425757885
12,100,8.75,0,3,597,68.921875,76.734375,1.088797688484192,58.734375,0.26881420612335205
12,100,8.75,0,3,598,70.796875,76.09375,1.0819302797317505,58.109375,-0.5158862471580505
12,100,8.75,0,3,599,70.421875,78.78125,1.1152300834655762,58.125,0.2446606159210205
12,100,8.75,0,3,600,71.703125,77.390625,1.077847957611084,57.796875,-0.3815764784812927
12,100,8.75,0,3,601,70.546875,77.390625,1.09750497341156,57.5625,-0.2920581102371216
12,100,8.75,0,3,602,70.140625,78.5,1.0465131998062134,57.953125,-0.2055346667766571
12,100,8.75,0,3,603,72.46875,76.8125,1.0313485860824585,57.984375,-0.22793053090572357
12,100,8.75,0,3,604,71.265625,76.515625,1.0790997743606567,56.890625,-0.17688891291618347
12,100,8.75,0,3,605,71.15625,77.3125,1.1470963954925537,57.5625,0.3888012170791626
12,100,8.75,0,3,606,69.46875,76.625,1.14717435836792,57.359375,0.0919262170791626
12,100,8.75,0,3,607,70.859375,77.328125,1.085036039352417,57.375,-0.6765633821487427
12,100,8.75,0,3,608,69.5625,77.484375,1.11431086063385,57.8125,0.4055330157279968
12,100,8.75,0,3,609,71.0625,76.546875,1.06436288356781,57.75,-0.41243577003479004
12,100,8.75,0,3,610,70.59375,78.875,1.0970747470855713,57.53125,0.0465487465262413
12,100,8.75,0,3,611,69.9375,76.125,1.0470938682556152,57.515625,-0.64101642370224
12,100,8.75,0,3,612,70.578125,77.046875,1.0326826572418213,58.140625,-0.7352220416069031
12,100,8.75,0,3,613,70.21875,77.53125,1.0691070556640625,57.609375,-0.8199878931045532
12,100,8.75,0,3,614,69.46875,77.078125,1.105677604675293,57.78125,-0.3929043412208557
12,100,8.75,0,3,615,70.796875,78.84375,1.0236517190933228,57.078125,-0.9292975664138794
12,100,8.75,0,3,616,71.734375,77.40625,1.1084381341934204,57.25,-0.2882169485092163
12,100,8.75,0,3,617,70.71875,77.03125,1.0781140327453613,57.9375,-0.24173256754875183
12,100,8.75,0,3,618,70.3125,76.921875,1.1378700733184814,58.15625,0.22740791738033295
12,100,8.75,0,3,619,69.796875,76.53125,1.0430597066879272,58.09375,-0.9317716360092163
12,100,8.75,0,3,620,69.875,78.59375,1.1075880527496338,57.578125,-0.15442787110805511
12,100,8.75,0,3,621,69.578125,79.390625,1.1461035013198853,56.71875,-0.39199298620224
12,100,8.75,0,3,622,69.265625,76.390625,1.0879052877426147,58.171875,-0.6933602094650269
12,100,8.75,0,3,623,67.625,78.421875,1.097458839416504,57.5,-0.00013099114585202187
12,100,8.75,0,3,624,70.125,76.203125,1.0923162698745728,57.59375,-0.5029957890510559
12,100,8.75,0,3,625,68.9375,77.421875,1.1143457889556885,58.0625,0.06087138503789902
12,100,8.75,0,3,626,69.859375,76.515625,1.0855237245559692,58.484375,-0.5174487829208374
12,100,8.75,0,3,627,69.78125,77.578125,1.0751184225082397,58.09375,-0.2908863425254822
12,100,8.75,0,3,628,69.890625,77.140625,1.0381437540054321,57.734375,-1.1156259775161743
12,100,8.75,0,3,629,70.625,76.890625,1.0904253721237183,57.953125,-0.09726651757955551
12,100,8.75,0,3,630,69.484375,78.765625,1.1319018602371216,58.078125,0.2997385859489441
12,100,8.75,0,3,631,70.46875,78.0625,1.0818219184875488,57.984375,0.0056631965562701225
12,100,8.75,0,3,632,69.15625,77.890625,1.162533164024353,57.859375,-0.03587311506271362
12,100,8.75,0,3,633,69.25,78.703125,1.0363579988479614,57.59375,-0.7505866289138794
12,100,8.75,0,3,634,69.25,77.234375,1.1479398012161255,57.65625,0.02141832374036312
12,100,8.75,0,3,635,72.78125,77.0,1.0332708358764648,58.078125,-0.4981779456138611
12,100,8.75,0,3,636,68.234375,76.78125,1.0741000175476074,58.0,-0.3077482581138611
12,100,8.75,0,3,637,70.765625,77.21875,1.0961833000183105,57.671875,-0.12304775416851044
12,100,8.75,0,3,638,68.703125,78.1875,1.0948848724365234,58.34375,0.10364483296871185
12,100,8.75,0,3,639,68.3125,77.453125,1.1249362230300903,58.65625,0.13795487582683563
12,100,8.75,0,3,640,69.453125,77.296875,1.0600279569625854,57.359375,-0.4904956519603729
12,100,8.75,0,3,641,69.6875,77.609375,1.062703251838684,58.234375,-0.89101642370224
12,100,8.75,0,3,642,68.15625,78.375,1.048142433166504,58.078125,-0.24726641178131104
12,100,8.75,0,3,643,69.984375,77.953125,1.1355419158935547,59.015625,0.1951163411140442
12,100,8.75,0,3,644,70.328125,78.5625,1.0976589918136597,57.1875,-0.337500661611557
12,100,8.75,0,3,645,69.875,76.265625,1.0692130327224731,58.03125,-0.13899824023246765
12,100,8.75,0,3,646,67.046875,80.5625,1.1073157787322998,57.03125,-0.3413419723510742
12,100,8.75,0,3,647,68.515625,79.515625,1.1434088945388794,58.109375,0.4101552665233612
12,100,8.75,0,3,648,70.3125,78.375,1.0393391847610474,57.796875,-0.32220137119293213
12,100,8.75,0,3,649,68.03125,77.53125,1.0770769119262695,57.671875,-0.49876388907432556
12,100,8.75,0,3,650,70.125,77.609375,1.0713094472885132,57.4375,-0.34186288714408875
12,100,8.75,0,3,651,68.578125,78.484375,1.0937288999557495,58.3125,-0.36543044447898865
12,100,8.75,0,3,652,69.609375,77.25,1.079789400100708,58.1875,0.09400957077741623
12,100,8.75,0,3,653,69.875,79.09375,1.06524658203125,57.875,-0.32031330466270447
12,100,8.75,0,3,654,70.15625,78.171875,1.0928359031677246,57.46875,-0.31191486120224
12,100,8.75,0,3,655,70.453125,79.765625,1.1041786670684814,57.40625,0.13580653071403503
12,100,8.75,0,3,656,69.046875,78.65625,1.0924580097198486,58.046875,-0.1598968654870987
12,100,8.75,0,3,657,71.34375,75.703125,1.108031153678894,58.09375,0.11419175565242767
12,100,8.75,0,3,658,69.65625,76.421875,1.0524256229400635,58.9375,-0.3305346965789795
12,100,8.75,0,3,659,69.234375,76.71875,1.0305570363998413,57.53125,-0.7308599948883057
12,100,8.75,0,3,660,71.703125,80.21875,1.115082859992981,57.390625,-0.22864679992198944
12,100,8.75,0,3,661,70.890625,78.25,1.0773342847824097,57.59375,-0.16992273926734924
12,100,8.75,0,3,662,69.484375,80.703125,1.0975221395492554,57.390625,-0.2837899625301361
12,100,8.75,0,3,663,70.40625,76.25,1.1555354595184326,58.09375,-0.07578214257955551
12,100,8.75,0,3,664,68.28125,77.96875,1.0358515977859497,57.84375,-0.3473966717720032
12,100,8.75,0,3,665,70.3125,80.109375,1.1591827869415283,56.859375,0.11516859382390976
12,100,8.75,0,3,666,69.40625,79.859375,1.0978296995162964,57.65625,-0.1925790011882782
12,100,8.75,0,3,667,69.484375,79.265625,1.1663893461227417,57.359375,0.05130118131637573
12,100,8.75,0,3,668,71.90625,79.625,1.100082278251648,57.609375,-0.3192718029022217
12,100,8.75,0,3,669,70.640625,78.9375,1.1297909021377563,58.296875,0.34173083305358887
12,100,8.75,0,3,670,70.875,79.296875,1.0450741052627563,58.109375,-0.23463642597198486
12,100,8.75,0,3,671,69.59375,79.828125,1.1132802963256836,58.203125,0.004751662723720074
12,100,8.75,0,3,672,70.984375,79.125,1.0749260187149048,56.375,-0.1928393840789795
12,100,8.75,0,3,673,71.390625,78.71875,1.1065868139266968,58.046875,0.053644996136426926
12,100,8.75,0,3,674,72.125,76.40625,1.0391619205474854,58.109375,-0.5529956221580505
12,100,8.75,0,3,675,70.390625,79.53125,1.1051368713378906,58.3125,0.31158751249313354
12,100,8.75,0,3,676,70.90625,78.6875,1.1706035137176514,57.6875,0.4231109321117401
12,100,8.75,0,3,677,69.859375,78.390625,1.0633660554885864,58.171875,0.029556354507803917
12,100,8.75,0,3,678,69.390625,77.03125,1.103509545326233,58.125,-0.10195407271385193
12,100,8.75,0,3,679,69.390625,78.234375,1.0803242921829224,57.75,-0.373698890209198
12,100,8.75,0,3,680,69.8125,77.578125,1.0791041851043701,58.890625,-0.47845134139060974
12,100,8.75,0,3,681,69.796875,77.15625,1.119821548461914,58.0,0.12988197803497314
12,100,8.75,0,3,682,69.578125,78.21875,1.108527660369873,58.0625,-0.07382899522781372
12,100,8.75,0,3,683,70.703125,77.421875,1.0704867839813232,58.234375,-0.49205800890922546
12,100,8.75,0,3,684,71.0,78.921875,1.107277274131775,58.078125,-0.4542977809906006
12,100,8.75,0,3,685,69.875,76.125,1.084257960319519,58.484375,-0.21106860041618347
12,100,8.75,0,3,686,70.625,78.078125,1.1244903802871704,58.0,-0.17584729194641113
12,100,8.75,0,3,687,67.171875,77.953125,1.0809940099716187,58.109375,-0.20905034244060516
12,100,8.75,0,3,688,71.578125,75.96875,1.1352776288986206,58.3125,-0.10384200513362885
12,100,8.75,0,3,689,70.0625,76.375,1.0943994522094727,58.859375,0.14244699478149414
12,100,8.75,0,3,690,71.796875,77.703125,1.0921624898910522,58.140625,-0.6197273135185242
12,100,8.75,0,3,691,71.34375,78.125,1.1278427839279175,57.734375,-0.026563387364149094
12,100,8.75,0,3,692,70.15625,79.640625,1.1942834854125977,58.140625,0.432941734790802
12,100,8.75,0,3,693,71.140625,77.296875,1.0806509256362915,58.234375,-0.5707689523696899
12,100,8.75,0,3,694,71.34375,77.5625,1.1520755290985107,58.015625,0.6623687148094177
12,100,8.75,0,3,695,68.703125,78.328125,1.0972702503204346,58.375,0.1406891644001007
12,100,8.75,0,3,696,70.328125,77.546875,1.1397382020950317,58.859375,0.3123037815093994
12,100,8.75,0,3,697,71.671875,78.265625,1.0687562227249146,57.375,-0.4556649625301361
12,100,8.75,0,3,698,69.46875,77.8125,1.0631089210510254,58.484375,-0.0011076133232563734
12,100,8.75,0,3,699,70.78125,78.34375,1.1812645196914673,56.8125,0.1335277259349823
12,100,8.75,0,3,700,71.734375,78.9375,1.152768611907959,57.15625,0.5382802486419678
12,100,8.75,0,3,701,70.0625,78.3125,1.1240016222000122,58.546875,-0.051433008164167404
12,100,8.75,0,3,702,68.234375,79.484375,1.172702431678772,58.015625,0.7101553678512573
12,100,8.75,0,3,703,70.203125,78.046875,1.1200482845306396,58.484375,0.047915857285261154
12,100,8.75,0,3,704,69.484375,79.5625,1.1437267065048218,58.25,0.1944003701210022
12,100,8.75,0,3,705,68.546875,78.890625,1.1118055582046509,58.765625,0.5305328965187073
12,100,8.75,0,3,706,69.140625,78.53125,1.0780889987945557,58.03125,-0.3357430696487427
12,100,8.75,0,3,707,68.25,79.421875,1.1163890361785889,58.1875,0.22278545796871185
12,100,8.75,0,3,708,70.296875,76.96875,1.1543890237808228,57.796875,0.1212882250547409
12,100,8.75,0,3,709,70.03125,77.375,1.1095566749572754,58.71875,-0.1205086037516594
12,100,8.75,0,3,710,69.734375,77.9375,1.1713424921035767,58.3125,0.1919911950826645
12,100,8.75,0,3,711,69.8125,78.34375,1.1546801328659058,58.421875,0.17460861802101135
12,100,8.75,0,3,712,68.328125,79.828125,1.1450947523117065,58.234375,0.3388664126396179
12,100,8.75,0,3,713,66.703125,78.46875,1.0682381391525269,58.828125,-0.3516935706138611
12,100,8.75,0,3,714,70.296875,77.328125,1.1084595918655396,58.171875,-0.05000108480453491
12,100,8.75,0,3,715,69.640625,77.390625,1.1007486581802368,58.9375,-0.5235035419464111
12,100,8.75,0,3,716,70.265625,77.84375,1.144514799118042,57.921875,-0.2026052176952362
12,100,8.75,0,3,717,69.9375,77.984375,1.1310988664627075,58.046875,-0.2031257152557373
12,100,8.75,0,3,718,69.765625,78.875,1.142785668373108,58.28125,0.23593661189079285
12,100,8.75,0,3,719,70.28125,76.375,1.1660668849945068,57.6875,0.361001580953598
12,100,8.75,0,3,720,69.515625,78.75,1.1509555578231812,58.375,0.6042959094047546
12,100,8.75,0,3,721,68.9375,78.015625,1.1705758571624756,59.03125,0.78775954246521
12,100,8.75,0,3,722,70.265625,78.8125,1.110660195350647,58.1875,0.1337231695652008
12,100,8.75,0,3,723,68.4375,77.4375,1.167323112487793,58.015625,0.3197256326675415
12,100,8.75,0,3,724,68.984375,79.65625,1.1365032196044922,57.796875,0.18990817666053772
12,100,8.75,0,3,725,69.3125,76.375,1.0985667705535889,59.09375,-0.11809980869293213
12,100,8.75,0,3,726,70.0625,79.078125,1.1016919612884521,58.046875,-0.14668039977550507
12,100,8.75,0,3,727,70.828125,77.4375,1.139488935470581,57.96875,0.30559808015823364
12,100,8.75,0,3,728,71.109375,77.90625,1.1145955324172974,57.625,-0.2593756914138794
12,100,8.75,0,3,729,71.265625,76.65625,1.1743844747543335,58.3125,0.17747323215007782
12,100,8.75,0,3,730,69.84375,77.328125,1.0926146507263184,58.625,0.16699139773845673
12,100,8.75,0,3,731,70.0625,77.609375,1.0932056903839111,58.578125,0.5078117847442627
12,100,8.75,0,3,732,69.875,79.46875,1.1141830682754517,57.828125,0.2508454918861389
12,100,8.75,0,3,733,68.40625,78.234375,1.1974225044250488,58.734375,0.10051985830068588
12,100,8.75,0,3,734,71.046875,78.3125,1.0986607074737549,57.796875,0.3050123453140259
12,100,8.75,0,3,735,68.8125,78.515625,1.1731219291687012,57.890625,0.7833975553512573
12,100,8.75,0,3,736,70.28125,78.03125,1.1259773969650269,58.3125,0.1827464997768402
12,100,8.75,0,3,737,69.15625,78.828125,1.0578457117080688,56.953125,-1.2430347204208374
12,100,8.75,0,3,738,70.359375,78.71875,1.0762858390808105,57.5,-0.4654305875301361
12,100,8.75,0,3,739,70.25,79.5,1.0616978406906128,57.78125,-0.5979827642440796
12,100,8.75,0,3,740,71.359375,77.59375,1.084162950515747,58.5,-0.05488375946879387
12,100,8.75,0,3,741,67.5625,78.328125,1.1209206581115723,58.46875,0.14869724214076996
12,100,8.75,0,3,742,69.140625,77.375,1.105428695678711,58.578125,-0.06751380860805511
12,100,8.75,0,3,743,69.265625,75.28125,1.1028708219528198,58.40625,-0.2406909316778183
12,100,8.75,0,3,744,69.375,79.8125,1.1275618076324463,57.859375,0.5043612122535706
12,100,8.75,0,3,745,70.078125,76.609375,1.13921058177948,58.09375,-0.26458412408828735
12,100,8.75,0,3,746,68.21875,79.21875,1.1106314659118652,57.828125,0.0860668271780014
12,100,8.75,0,3,747,68.953125,77.515625,1.1158866882324219,58.796875,0.2488924115896225
12,100,8.75,0,3,748,68.765625,81.21875,1.0461314916610718,57.8125,-0.26764410734176636
12,100,8.75,0,3,749,72.0625,78.140625,1.1381096839904785,57.921875,0.286587655544281
12,100,8.75,0,3,750,69.53125,79.953125,1.1176310777664185,57.203125,-0.14791767299175262
12,100,8.75,0,3,751,66.984375,80.453125,1.1374096870422363,58.5625,0.5950512290000916
12,100,8.75,0,3,752,70.28125,78.734375,1.1439064741134644,58.8125,0.1265614777803421
12,100,8.75,0,3,753,70.59375,79.21875,1.1407756805419922,58.34375,0.3441397547721863
12,100,8.75,0,3,754,70.8125,78.03125,1.143746256828308,57.703125,-0.07532648742198944
12,100,8.75,0,3,755,69.40625,80.375,1.1318992376327515,57.890625,0.3860667943954468
12,100,8.75,0,3,756,69.625,80.75,1.1162240505218506,57.859375,0.0773429125547409
12,100,8.75,0,3,757,69.203125,82.3125,1.197151780128479,57.484375,0.5632151961326599
12,100,8.75,0,3,758,69.65625,77.828125,1.0965768098831177,58.65625,-0.0819670706987381
12,100,8.75,0,3,759,70.0,79.125,1.1623765230178833,58.21875,0.3731761872768402
12,100,8.75,0,3,760,68.15625,79.53125,1.0724334716796875,58.265625,-0.11184971779584885
12,100,8.75,0,3,761,69.78125,79.671875,1.0670032501220703,58.328125,-0.0065762996673583984
12,100,8.75,0,3,762,73.953125,78.53125,1.198146939277649,57.28125,0.4766266345977783
12,100,8.75,0,3,763,69.578125,79.75,1.1453815698623657,58.5625,-0.022917490452528
12,100,8.75,0,3,764,69.71875,79.203125,1.1386182308197021,58.328125,0.04309801384806633
12,100,8.75,0,3,765,69.40625,79.171875,1.1184016466140747,57.96875,-0.10579504817724228
12,100,8.75,0,3,766,69.984375,76.21875,1.1718837022781372,58.609375,0.27766814827919006
12,100,8.75,0,3,767,69.84375,80.421875,1.0946877002716064,57.359375,-0.1335294395685196
12,100,8.75,0,3,768,71.328125,77.734375,1.1210705041885376,57.375,-0.08053471893072128
12,100,8.75,0,3,769,70.6875,79.328125,1.1045883893966675,57.703125,-0.028386354446411133
12,100,8.75,0,3,770,70.421875,78.71875,1.1564708948135376,58.71875,0.563866138458252
12,100,8.75,0,3,771,69.375,77.78125,1.0963811874389648,58.59375,-0.11888106912374496
12,100,8.75,0,3,772,69.359375,79.625,1.1734890937805176,58.15625,0.6194652915000916
12,100,8.75,0,3,773,68.421875,78.6875,1.103729486465454,58.875,0.12148356437683105
12,100,8.75,0,3,774,71.3125,81.109375,1.1481496095657349,58.125,0.4588533639907837
12,100,8.75,0,3,775,70.71875,79.8125,1.2757514715194702,57.6875,1.3187493085861206
12,100,8.75,0,3,776,71.125,77.640625,1.0590622425079346,58.40625,-0.5269540548324585
12,100,8.75,0,3,777,70.296875,79.5625,1.1335170269012451,58.515625,0.3867177367210388
12,100,8.75,0,3,778,71.015625,78.84375,1.1802984476089478,58.796875,1.0567700862884521
12,100,8.75,0,3,779,72.265625,78.640625,1.0990327596664429,57.5625,-0.03743581101298332
12,100,8.75,0,3,780,69.921875,77.859375,1.1569488048553467,58.1875,0.5656241774559021
12,100,8.75,0,3,781,69.921875,77.171875,1.156245470046997,58.546875,0.44746002554893494
12,100,8.75,0,3,782,71.15625,78.5625,1.1730676889419556,58.3125,0.685806393623352
12,100,8.75,0,3,783,70.0625,78.828125,1.1805211305618286,58.515625,0.7202464938163757
12,100,8.75,0,3,784,68.5625,79.328125,1.1052719354629517,59.40625,0.1679677665233612
12,100,8.75,0,3,785,68.671875,79.0,1.042708158493042,58.625,-0.4650399088859558
12,100,8.75,0,3,786,69.453125,78.015625,1.1170945167541504,58.9375,-0.050977349281311035
12,100,8.75,0,3,787,70.03125,76.9375,1.1708710193634033,58.421875,0.34583255648612976
12,100,8.75,0,3,788,68.90625,78.953125,1.1098089218139648,58.015625,0.2330722063779831
12,100,8.75,0,3,789,67.1875,78.734375,1.18565034866333,58.078125,0.2838534116744995
12,100,8.75,0,3,790,69.671875,78.34375,1.0716830492019653,58.296875,-0.3770841956138611
12,100,8.75,0,3,791,70.40625,77.21875,1.0714260339736938,58.953125,-0.3565762937068939
12,100,8.75,0,3,792,68.859375,78.203125,1.0929681062698364,58.828125,-0.395117849111557
12,100,8.75,0,3,793,69.234375,79.984375,1.1316089630126953,58.109375,0.10065014660358429
12,100,8.75,0,3,794,68.375,80.59375,1.1408379077911377,58.359375,0.35104089975357056
12,100,8.75,0,3,795,68.59375,81.796875,1.177512288093567,58.546875,0.8352855443954468
12,100,8.75,0,3,796,69.328125,80.234375,1.1281150579452515,57.625,-0.20169362425804138
12,100,8.75,0,3,797,70.125,77.953125,1.0826795101165771,58.796875,-0.17024824023246765
12,100,8.75,0,3,798,69.453125,77.140625,1.1453484296798706,58.453125,0.4723299741744995
12,100,8.75,0,3,799,69.234375,79.125,1.18866765499115,58.015625,0.7379549741744995
12,100,8.75,0,4,0,57.3125,60.640625,0.8677307963371277,40.28125,-2.3947267532348633
12,100,8.75,0,4,1,58.328125,59.21875,0.8507463932037354,41.75,-2.101628303527832
12,100,8.75,0,4,2,57.34375,62.921875,0.8897561430931091,42.796875,-2.1033859252929688
12,100,8.75,0,4,3,59.71875,62.65625,0.8629956245422363,42.671875,-2.42246150970459
12,100,8.75,0,4,4,60.40625,63.1875,0.9513213634490967,42.953125,-1.6734379529953003
12,100,8.75,0,4,5,62.109375,61.484375,0.9192997813224792,43.984375,-2.043229818344116
12,100,8.75,0,4,6,62.703125,63.53125,1.0024538040161133,44.296875,-1.3208990097045898
12,100,8.75,0,4,7,63.765625,64.75,0.9267740845680237,44.34375,-1.4266281127929688
12,100,8.75,0,4,8,64.953125,65.921875,1.0022577047348022,45.234375,-1.4572924375534058
12,100,8.75,0,4,9,65.5625,65.46875,0.9409321546554565,45.4375,-1.7397143840789795
12,100,8.75,0,4,10,62.03125,64.921875,0.8478868007659912,46.28125,-2.5041022300720215
12,100,8.75,0,4,11,65.984375,67.34375,0.9091528654098511,46.140625,-1.924609899520874
12,100,8.75,0,4,12,65.9375,66.984375,0.9622832536697388,47.296875,-1.5818365812301636
12,100,8.75,0,4,13,66.34375,68.8125,0.9346505403518677,47.75,-1.5857428312301636
12,100,8.75,0,4,14,67.59375,68.109375,0.9044110178947449,46.46875,-2.0973963737487793
12,100,8.75,0,4,15,68.15625,66.359375,0.9317622184753418,48.28125,-1.7558600902557373
12,100,8.75,0,4,16,68.921875,67.28125,0.9237149357795715,49.203125,-1.756185531616211
12,100,8.75,0,4,17,67.9375,68.515625,0.933188259601593,48.796875,-1.6081385612487793
12,100,8.75,0,4,18,67.90625,66.421875,1.0229870080947876,49.421875,-1.0663421154022217
12,100,8.75,0,4,19,68.78125,68.375,1.009192705154419,49.484375,-1.4869797229766846
12,100,8.75,0,4,20,67.84375,68.109375,1.0060704946517944,50.28125,-1.0697922706604004
12,100,8.75,0,4,21,70.015625,68.28125,0.9448792934417725,50.609375,-1.8078782558441162
12,100,8.75,0,4,22,70.375,68.15625,0.9584068655967712,50.734375,-1.605534553527832
12,100,8.75,0,4,23,69.765625,68.234375,0.9336037635803223,51.328125,-1.9742845296859741
12,100,8.75,0,4,24,69.40625,69.375,0.9088482856750488,51.71875,-2.2472662925720215
12,100,8.75,0,4,25,69.296875,70.9375,0.9560295343399048,51.546875,-1.946224570274353
12,100,8.75,0,4,26,68.09375,69.578125,1.01553213596344,52.46875,-1.2977873086929321
12,100,8.75,0,4,27,70.1875,67.84375,0.9592099785804749,51.90625,-1.7419278621673584
12,100,8.75,0,4,28,71.46875,69.046875,1.002702236175537,51.40625,-1.627995491027832
12,100,8.75,0,4,29,71.109375,68.21875,0.9590317010879517,52.515625,-1.8250659704208374
12,100,8.75,0,4,30,70.21875,68.578125,1.0353511571884155,52.96875,-1.184766411781311
12,100,8.75,0,4,31,70.03125,69.1875,0.9499835968017578,52.84375,-2.182422637939453
12,100,8.75,0,4,32,70.8125,66.796875,1.0655908584594727,53.53125,-1.2766284942626953
12,100,8.75,0,4,33,71.75,67.34375,0.9693970084190369,53.53125,-2.059115409851074
12,100,8.75,0,4,34,71.234375,67.3125,0.9968528747558594,52.390625,-1.8964850902557373
12,100,8.75,0,4,35,68.921875,67.8125,0.9972527623176575,53.96875,-1.8192065954208374
12,100,8.75,0,4,36,69.40625,67.09375,0.9655916690826416,53.96875,-1.9401048421859741
12,100,8.75,0,4,37,71.9375,66.40625,1.0047492980957031,52.9375,-1.6914069652557373
12,100,8.75,0,4,38,70.03125,69.359375,1.041669487953186,53.375,-1.2014330625534058
12,100,8.75,0,4,39,66.5,69.515625,1.0368258953094482,53.828125,-1.9819667339324951
12,100,8.75,0,4,40,71.03125,65.71875,0.9469796419143677,54.78125,-2.2496752738952637
12,100,8.75,0,4,41,71.15625,68.328125,1.0024092197418213,53.265625,-1.7312507629394531
12,100,8.75,0,4,42,70.765625,67.640625,1.0072171688079834,53.390625,-1.3697274923324585
12,100,8.75,0,4,43,69.75,69.421875,0.9860280752182007,53.265625,-1.561003565788269
12,100,8.75,0,4,44,71.03125,68.515625,0.978669285774231,53.4375,-1.6866544485092163
12,100,8.75,0,4,45,70.296875,69.734375,1.0251736640930176,53.0625,-1.1217455863952637
12,100,8.75,0,4,46,72.875,68.9375,1.0436471700668335,53.609375,-1.4539072513580322
12,100,8.75,0,4,47,71.734375,68.546875,1.0270453691482544,54.09375,-1.4183601140975952
12,100,8.75,0,4,48,71.625,69.15625,1.0022159814834595,54.15625,-1.4298183917999268
12,100,8.75,0,4,49,72.578125,69.21875,0.9972206354141235,53.109375,-1.764974594116211
12,100,8.75,0,4,50,72.640625,69.0,1.0748149156570435,54.328125,-0.6796232461929321
12,100,8.75,0,4,51,72.03125,70.765625,1.1356531381607056,52.8125,-0.5545580387115479
12,100,8.75,0,4,52,72.75,71.359375,1.0863964557647705,53.6875,-0.7436856627464294
12,100,8.75,0,4,53,70.5625,68.265625,1.0417808294296265,53.765625,-1.2604825496673584
12,100,8.75,0,4,54,73.03125,68.015625,1.0530427694320679,53.671875,-1.3828133344650269
12,100,8.75,0,4,55,71.3125,67.265625,0.9763880372047424,53.875,-2.2409512996673584
12,100,8.75,0,4,56,71.515625,67.875,0.9995094537734985,53.953125,-1.3312509059906006
12,100,8.75,0,4,57,69.296875,67.484375,0.9754415154457092,55.171875,-1.545248031616211
12,100,8.75,0,4,58,70.921875,69.15625,1.0686466693878174,54.375,-1.0317716598510742
12,100,8.75,0,4,59,70.609375,69.546875,0.9966286420822144,54.046875,-1.5373055934906006
12,100,8.75,0,4,60,74.109375,67.609375,1.069366455078125,54.109375,-0.9386727809906006
12,100,8.75,0,4,61,71.765625,67.953125,1.0099815130233765,54.796875,-1.115105152130127
12,100,8.75,0,4,62,70.84375,68.875,1.0336828231811523,53.671875,-1.5125007629394531
12,100,8.75,0,4,63,70.40625,67.375,0.9451230764389038,55.328125,-2.0272793769836426
12,100,8.75,0,4,64,71.09375,68.25,1.0762419700622559,53.953125,-0.7055997252464294
12,100,8.75,0,4,65,70.265625,67.796875,1.0780075788497925,54.40625,-1.0717456340789795
12,100,8.75,0,4,66,70.328125,68.453125,1.060079574584961,54.609375,-0.7783862948417664
12,100,8.75,0,4,67,69.984375,67.421875,0.9659853577613831,54.984375,-1.6388028860092163
12,100,8.75,0,4,68,71.203125,69.375,0.9734202027320862,54.6875,-1.4049485921859741
12,100,8.75,0,4,69,70.640625,68.4375,1.096559762954712,54.078125,-0.4587247371673584
12,100,8.75,0,4,70,71.125,66.4375,1.0593899488449097,54.90625,-0.7240896224975586
12,100,8.75,0,4,71,70.546875,67.453125,1.0195698738098145,54.625,-1.3185555934906006
12,100,8.75,0,4,72,68.75,68.296875,1.0351670980453491,55.828125,-0.8031258583068848
12,100,8.75,0,4,73,71.765625,67.578125,1.0306370258331299,54.84375,-1.1066415309906006
12,100,8.75,0,4,74,71.59375,66.984375,1.0192371606826782,54.359375,-1.4091805219650269
12,100,8.75,0,4,75,72.0625,66.390625,0.9932177066802979,54.515625,-1.4716155529022217
12,100,8.75,0,4,76,71.828125,65.875,1.0432184934616089,55.125,-0.988021731376648
12,100,8.75,0,4,77,70.546875,67.453125,1.1207610368728638,54.171875,-0.7338550090789795
12,100,8.75,0,4,78,72.421875,66.671875,1.0613411664962769,54.84375,-0.7177742719650269
12,100,8.75,0,4,79,70.640625,68.078125,1.0793615579605103,54.640625,-0.749610185623169
12,100,8.75,0,4,80,71.3125,67.9375,0.9890981316566467,54.609375,-1.6899746656417847
12,100,8.75,0,4,81,70.078125,70.53125,0.9874554872512817,54.484375,-1.5951179265975952
12,100,8.75,0,4,82,71.71875,67.421875,0.9637590050697327,54.296875,-1.6742844581604004
12,100,8.75,0,4,83,69.859375,67.171875,1.0431933403015137,55.359375,-0.8650400042533875
12,100,8.75,0,4,84,69.71875,69.265625,0.9346116185188293,54.328125,-2.5929694175720215
12,100,8.75,0,4,85,70.359375,65.75,1.1042723655700684,54.6875,-0.7782561182975769
12,100,8.75,0,4,86,71.734375,67.484375,1.0477145910263062,54.578125,-0.9907562136650085
12,100,8.75,0,4,87,72.609375,66.03125,0.9922584295272827,55.578125,-1.5074224472045898
12,100,8.75,0,4,88,72.265625,68.09375,1.066952109336853,54.5,-1.1854174137115479
12,100,8.75,0,4,89,70.296875,68.078125,1.0535709857940674,54.890625,-1.2163420915603638
12,100,8.75,0,4,90,72.515625,66.046875,0.9746578335762024,54.96875,-2.1440112590789795
12,100,8.75,0,4,91,71.3125,68.078125,0.9894328713417053,53.953125,-1.8625009059906006
12,100,8.75,0,4,92,71.234375,67.84375,1.0768438577651978,54.15625,-1.090430498123169
12,100,8.75,0,4,93,70.546875,67.203125,1.0050876140594482,55.671875,-1.4296883344650269
12,100,8.75,0,4,94,70.71875,67.875,1.0142357349395752,55.328125,-1.4342458248138428
12,100,8.75,0,4,95,70.28125,68.90625,1.0393390655517578,54.734375,-1.040235161781311
12,100,8.75,0,4,96,70.140625,69.890625,1.017106056213379,55.46875,-0.8891283869743347
12,100,8.75,0,4,97,71.078125,69.578125,1.0461642742156982,54.75,-1.0082690715789795
12,100,8.75,0,4,98,71.34375,68.515625,1.0220651626586914,55.046875,-1.3609384298324585
12,100,8.75,0,4,99,72.1875,68.0,1.0271257162094116,55.078125,-1.3497403860092163
12,100,8.75,0,4,100,71.140625,67.84375,1.0007747411727905,54.78125,-1.1966155767440796
12,100,8.75,0,4,101,70.484375,69.609375,0.9914701581001282,55.671875,-1.2253262996673584
12,100,8.75,0,4,102,70.6875,69.796875,1.0669260025024414,55.375,-0.8077481985092163
12,100,8.75,0,4,103,70.453125,69.8125,0.9558824896812439,55.15625,-1.6083343029022217
12,100,8.75,0,4,104,71.5625,69.390625,0.9603540301322937,55.15625,-2.102149486541748
12,100,8.75,0,4,105,69.484375,69.359375,0.997981607913971,54.859375,-1.2733081579208374
12,100,8.75,0,4,106,69.390625,69.359375,1.0253499746322632,55.375,-1.2098315954208374
12,100,8.75,0,4,107,71.21875,69.703125,1.0292041301727295,55.046875,-1.3425137996673584
12,100,8.75,0,4,108,72.859375,65.5625,1.0443991422653198,55.296875,-1.3908212184906006
12,100,8.75,0,4,109,72.1875,67.265625,1.0551375150680542,55.0625,-0.9527351260185242
12,100,8.75,0,4,110,71.828125,69.484375,1.0457160472869873,55.546875,-0.5319019556045532
12,100,8.75,0,4,111,71.828125,66.90625,1.055036187171936,54.953125,-1.0371752977371216
12,100,8.75,0,4,112,71.75,67.09375,1.0298830270767212,55.140625,-1.2925790548324585
12,100,8.75,0,4,113,72.515625,67.609375,1.0737967491149902,55.359375,-0.8738290667533875
12,100,8.75,0,4,114,71.09375,70.578125,1.0435991287231445,54.78125,-0.8479825854301453
12,100,8.75,0,4,115,72.171875,68.78125,1.0738471746444702,54.90625,-0.716537356376648
12,100,8.75,0,4,116,72.1875,69.140625,0.9538818001747131,54.65625,-1.6233080625534058
12,100,8.75,0,4,117,72.609375,70.4375,1.0512399673461914,54.078125,-0.8264980316162109
12,100,8.75,0,4,118,70.765625,68.5625,1.0559576749801636,55.625,-0.682097315788269
12,100,8.75,0,4,119,72.390625,69.109375,0.9791622757911682,55.71875,-1.5537769794464111
12,100,8.75,0,4,120,71.78125,70.421875,1.0492342710494995,55.25,-0.8063160181045532
12,100,8.75,0,4,121,72.828125,68.375,1.0611025094985962,54.359375,-0.9372403621673584
12,100,8.75,0,4,122,72.3125,68.875,0.9755910038948059,54.6875,-1.777930498123169
12,100,8.75,0,4,123,72.609375,68.859375,1.0262500047683716,54.34375,-1.0497404336929321
12,100,8.75,0,4,124,72.34375,69.3125,1.0026657581329346,55.640625,-1.281836748123169
12,100,8.75,0,4,125,72.625,68.890625,0.9949464797973633,55.34375,-1.4880216121673584
12,100,8.75,0,4,126,72.78125,69.046875,0.9879986643791199,54.890625,-1.355534553527832
12,100,8.75,0,4,127,73.125,70.40625,1.066220998764038,54.875,-0.7147793769836426
12,100,8.75,0,4,128,72.765625,68.09375,1.0223172903060913,55.40625,-0.7298837900161743
12,100,8.75,0,4,129,71.625,69.875,1.0806357860565186,54.46875,-0.9650399088859558
12,100,8.75,0,4,130,71.046875,70.203125,0.9950404763221741,55.640625,-0.9223315119743347
12,100,8.75,0,4,131,71.75,69.6875,1.0215221643447876,55.15625,-0.9847664833068848
12,100,8.75,0,4,132,71.984375,69.5625,0.9892340302467346,54.75,-1.1799488067626953
12,100,8.75,0,4,133,72.3125,68.953125,1.050619125366211,55.15625,-0.8190762400627136
12,100,8.75,0,4,134,72.078125,68.375,1.0164740085601807,54.96875,-1.393034815788269
12,100,8.75,0,4,135,72.28125,67.8125,0.9956014752388,55.796875,-1.7687509059906006
12,100,8.75,0,4,136,72.1875,69.703125,1.0020036697387695,54.78125,-1.102149248123169
12,100,8.75,0,4,137,73.328125,69.859375,1.036983609199524,54.703125,-0.8466805219650269
12,100,8.75,0,4,138,72.953125,68.421875,1.0640639066696167,55.296875,-0.6166024208068848
12,100,8.75,0,4,139,73.234375,66.140625,1.0201454162597656,55.421875,-1.4231128692626953
12,100,8.75,0,4,140,74.890625,67.46875,1.0222750902175903,55.28125,-0.8588549494743347
12,100,8.75,0,4,141,72.015625,68.515625,1.0424103736877441,54.9375,-1.1768234968185425
12,100,8.75,0,4,142,73.3125,67.765625,1.064173698425293,55.484375,-0.5945971608161926
12,100,8.75,0,4,143,72.90625,68.796875,1.0127625465393066,54.453125,-1.2524749040603638
12,100,8.75,0,4,144,72.546875,70.140625,1.073967456817627,54.875,-0.5660816431045532
12,100,8.75,0,4,145,73.0,67.765625,1.034511685371399,55.421875,-0.7792978286743164
12,100,8.75,0,4,146,70.65625,67.625,1.0831444263458252,56.265625,-0.5027351379394531
12,100,8.75,0,4,147,72.953125,69.765625,1.018998146057129,55.234375,-0.7867847681045532
12,100,8.75,0,4,148,74.34375,66.734375,0.9631882309913635,56.15625,-1.2222663164138794
12,100,8.75,0,4,149,72.15625,69.515625,1.0057638883590698,55.3125,-1.1779956817626953
12,100,8.75,0,4,150,71.796875,70.34375,1.0312851667404175,55.375,-0.7883472442626953
12,100,8.75,0,4,151,72.359375,67.15625,1.0178864002227783,55.609375,-0.7611987590789795
12,100,8.75,0,4,152,70.375,67.671875,1.0362225770950317,56.0,-1.0229175090789795
12,100,8.75,0,4,153,71.328125,69.28125,1.0979259014129639,55.484375,-0.415691077709198
12,100,8.75,0,4,154,71.875,68.046875,1.03241765499115,55.859375,-1.077605128288269
12,100,8.75,0,4,155,71.84375,69.375,0.9955090284347534,55.796875,-1.1462900638580322
12,100,8.75,0,4,156,72.03125,68.984375,1.0773143768310547,56.453125,-0.286915123462677
12,100,8.75,0,4,157,72.953125,69.484375,1.0385220050811768,55.859375,-1.0643887519836426
12,100,8.75,0,4,158,70.828125,67.84375,1.0583198070526123,56.21875,-0.8863941431045532
12,100,8.75,0,4,159,72.78125,66.375,1.0270023345947266,56.34375,-1.3285815715789795
12,100,8.75,0,4,160,72.59375,66.78125,1.0655769109725952,55.578125,-0.8456389307975769
12,100,8.75,0,4,161,71.796875,67.3125,1.0304758548736572,56.59375,-1.1421233415603638
12,100,8.75,0,4,162,71.453125,68.859375,0.9973588585853577,54.9375,-1.144271731376648
12,100,8.75,0,4,163,74.015625,67.09375,1.0531476736068726,55.046875,-0.8526701927185059
12,100,8.75,0,4,164,70.96875,69.1875,1.0233795642852783,56.359375,-1.0571622848510742
12,100,8.75,0,4,165,72.96875,68.890625,0.9889941215515137,54.953125,-1.3109383583068848
12,100,8.75,0,4,166,71.828125,68.375,1.048748254776001,56.25,-0.9895841479301453
12,100,8.75,0,4,167,71.546875,68.171875,1.07595956325531,56.359375,-0.46530041098594666
12,100,8.75,0,4,168,72.109375,67.078125,1.0031551122665405,56.25,-1.3299487829208374
12,100,8.75,0,4,169,71.421875,67.375,1.00011146068573,56.40625,-1.5054044723510742
12,100,8.75,0,4,170,73.65625,68.078125,0.9924065470695496,56.5625,-0.8529956340789795
12,100,8.75,0,4,171,71.9375,67.703125,0.9652827978134155,56.234375,-1.6517585515975952
12,100,8.75,0,4,172,71.953125,68.453125,1.0524005889892578,55.59375,-0.8394541144371033
12,100,8.75,0,4,173,72.578125,66.40625,0.9804068803787231,55.546875,-1.72688889503479
12,100,8.75,0,4,174,72.09375,69.359375,1.0411418676376343,55.875,-0.9429044723510742
12,100,8.75,0,4,175,71.953125,68.203125,0.998723566532135,56.453125,-1.4958992004394531
12,100,8.75,0,4,176,72.59375,69.265625,1.11199951171875,55.59375,-0.31666743755340576
12,100,8.75,0,4,177,72.546875,67.875,1.049270749092102,55.328125,-1.3181648254394531
12,100,8.75,0,4,178,72.6875,68.640625,0.9993173480033875,55.765625,-1.116927981376648
12,100,8.75,0,4,179,73.6875,69.625,1.0012153387069702,55.046875,-1.1866545677185059
12,100,8.75,0,4,180,71.515625,69.203125,1.0323421955108643,55.875,-0.9269539713859558
12,100,8.75,0,4,181,72.84375,69.40625,0.9621461033821106,56.359375,-1.770573616027832
12,100,8.75,0,4,182,71.5625,68.328125,0.9593971967697144,55.890625,-1.8573575019836426
12,100,8.75,0,4,183,74.34375,67.203125,1.016465663909912,56.234375,-0.922592043876648
12,100,8.75,0,4,184,72.65625,69.328125,0.9918122291564941,54.53125,-1.4725269079208374
12,100,8.75,0,4,185,72.9375,66.875,1.0309324264526367,55.796875,-0.9555999040603638
12,100,8.75,0,4,186,73.21875,70.65625,1.019213080406189,55.4375,-0.6399747729301453
12,100,8.75,0,4,187,71.140625,69.09375,1.0332739353179932,55.59375,-1.0519540309906006
12,100,8.75,0,4,188,73.421875,68.953125,1.051198959350586,55.46875,-1.0294280052185059
12,100,8.75,0,4,189,71.421875,70.28125,0.9840748310089111,55.8125,-1.1763681173324585
12,100,8.75,0,4,190,71.625,69.015625,1.0128940343856812,55.5625,-1.3514983654022217
12,100,8.75,0,4,191,72.75,69.515625,1.027103304862976,56.34375,-0.517188310623169
12,100,8.75,0,4,192,72.609375,68.578125,1.1067700386047363,55.421875,-0.44309982657432556
12,100,8.75,0,4,193,72.84375,68.34375,1.0117452144622803,56.15625,-1.1066415309906006
12,100,8.75,0,4,194,72.703125,70.0625,1.027634859085083,55.796875,-1.0401049852371216
12,100,8.75,0,4,195,73.5,69.03125,1.0462535619735718,55.609375,-0.931120753288269
12,100,8.75,0,4,196,71.0625,70.875,1.0610566139221191,56.453125,-0.24355559051036835
12,100,8.75,0,4,197,73.0,69.140625,1.0009361505508423,55.59375,-0.9442717432975769
12,100,8.75,0,4,198,71.9375,69.203125,0.9870696663856506,56.171875,-1.6032559871673584
12,100,8.75,0,4,199,71.53125,70.09375,1.055755376815796,56.6875,-0.7200528979301453
12,100,8.75,0,4,200,71.171875,68.6875,1.098515510559082,56.078125,-0.35455819964408875
12,100,8.75,0,4,201,71.109375,69.15625,0.9772430062294006,56.03125,-1.4100921154022217
12,100,8.75,0,4,202,71.875,71.1875,1.0025832653045654,56.390625,-1.0485684871673584
12,100,8.75,0,4,203,73.046875,72.046875,1.0652847290039062,55.625,-0.524089515209198
12,100,8.75,0,4,204,71.75,69.859375,1.0880630016326904,55.609375,-0.6913420557975769
12,100,8.75,0,4,205,72.359375,71.0625,1.0414724349975586,55.453125,-0.8208341598510742
12,100,8.75,0,4,206,72.84375,69.0625,0.9933651089668274,55.984375,-0.829818606376648
12,100,8.75,0,4,207,71.921875,68.40625,0.9533416628837585,56.15625,-1.5126309394836426
12,100,8.75,0,4,208,72.546875,71.578125,0.9790853261947632,55.34375,-1.6763681173324585
12,100,8.75,0,4,209,70.984375,70.65625,1.0383555889129639,56.328125,-0.6483080387115479
12,100,8.75,0,4,210,70.890625,70.359375,0.9719351530075073,55.8125,-1.347787618637085
12,100,8.75,0,4,211,71.71875,69.296875,1.0409197807312012,56.453125,-1.0212898254394531
12,100,8.75,0,4,212,73.09375,69.796875,1.0063931941986084,55.796875,-1.025847315788269
12,100,8.75,0,4,213,73.265625,69.75,1.026773452758789,55.796875,-1.2634773254394531
12,100,8.75,0,4,214,73.421875,69.453125,1.0116803646087646,56.046875,-1.1682299375534058
12,100,8.75,0,4,215,70.375,71.421875,1.0321025848388672,55.3125,-1.0856778621673584
12,100,8.75,0,4,216,73.328125,68.515625,1.088026523590088,56.734375,-0.48457106947898865
12,100,8.75,0,4,217,72.359375,69.4375,1.0193252563476562,56.5625,-1.0348315238952637
12,100,8.75,0,4,218,72.421875,70.890625,1.0291457176208496,55.609375,-1.0790374279022217
12,100,8.75,0,4,219,71.671875,70.265625,1.0540767908096313,56.109375,-0.34388110041618347
12,100,8.75,0,4,220,71.828125,68.515625,0.9598063230514526,55.859375,-2.0136075019836426
12,100,8.75,0,4,221,72.5625,68.34375,0.9722212553024292,55.203125,-1.7636075019836426
12,100,8.75,0,4,222,72.796875,68.34375,0.9636676907539368,55.578125,-2.1398446559906006
12,100,8.75,0,4,223,72.671875,70.484375,1.078223705291748,56.390625,-0.2573575973510742
12,100,8.75,0,4,224,72.140625,70.890625,1.0110682249069214,55.890625,-0.9611337184906006
12,100,8.75,0,4,225,72.234375,69.703125,1.0834250450134277,56.265625,-0.3133472204208374
12,100,8.75,0,4,226,72.359375,70.078125,1.0315945148468018,56.28125,-1.00520920753479
12,100,8.75,0,4,227,72.1875,71.171875,0.9782429337501526,55.171875,-1.6919931173324585
12,100,8.75,0,4,228,72.421875,71.59375,1.0288234949111938,55.78125,-0.6848315596580505
12,100,8.75,0,4,229,71.765625,71.46875,1.028566837310791,56.421875,-0.7475919127464294
12,100,8.75,0,4,230,73.9375,70.8125,1.048588514328003,55.625,-0.8891284465789795
12,100,8.75,0,4,231,73.390625,69.546875,1.0017143487930298,55.953125,-1.4139330387115479
12,100,8.75,0,4,232,72.484375,71.1875,0.9598293900489807,56.546875,-1.6854825019836426
12,100,8.75,0,4,233,73.921875,70.359375,1.0578677654266357,56.671875,-0.38144612312316895
12,100,8.75,0,4,234,72.65625,72.09375,1.0054212808609009,55.609375,-1.0977221727371216
12,100,8.75,0,4,235,71.921875,69.78125,0.9975174069404602,56.53125,-1.2631518840789795
12,100,8.75,0,4,236,72.109375,69.515625,1.0474961996078491,56.546875,-0.6272143125534058
12,100,8.75,0,4,237,71.890625,69.03125,1.0115240812301636,56.84375,-1.1848316192626953
12,100,8.75,0,4,238,71.21875,69.90625,1.0284918546676636,55.984375,-0.9963550567626953
12,100,8.75,0,4,239,72.609375,69.921875,1.0214667320251465,55.828125,-1.3083992004394531
12,100,8.75,0,4,240,71.15625,70.984375,1.0184094905853271,56.375,-1.1977872848510742
12,100,8.75,0,4,241,71.90625,71.25,0.9988941550254822,55.9375,-1.5134775638580322
12,100,8.75,0,4,242,71.859375,70.0,1.0523067712783813,56.578125,-0.8565763235092163
12,100,8.75,0,4,243,72.0,72.28125,0.9889063239097595,55.71875,-1.1434253454208374
12,100,8.75,0,4,244,71.09375,70.5625,0.9984380602836609,56.4375,-1.2013678550720215
12,100,8.75,0,4,245,72.140625,71.171875,0.964133083820343,56.328125,-1.413412094116211
12,100,8.75,0,4,246,72.15625,70.859375,1.0649316310882568,55.9375,-0.6995450258255005
12,100,8.75,0,4,247,72.65625,69.75,1.0153329372406006,56.453125,-0.8438810706138611
12,100,8.75,0,4,248,71.359375,69.078125,1.00663161277771,57.296875,-0.9872404932975769
12,100,8.75,0,4,249,71.390625,70.46875,1.059613585472107,57.109375,-0.7238940596580505
12,100,8.75,0,4,250,71.5625,70.296875,1.066050410270691,56.3125,-0.8542977571487427
12,100,8.75,0,4,251,72.734375,70.578125,0.9763162136077881,56.53125,-1.3171231746673584
12,100,8.75,0,4,252,71.71875,70.640625,0.9892281889915466,56.4375,-1.4243497848510742
12,100,8.75,0,4,253,74.34375,69.21875,0.9264460206031799,56.609375,-1.7613940238952637
12,100,8.75,0,4,254,70.84375,71.75,1.0231722593307495,56.0,-1.438217043876648
12,100,8.75,0,4,255,72.28125,71.03125,1.0347998142242432,56.171875,-0.792709231376648
12,100,8.75,0,4,256,70.75,71.125,1.036784291267395,56.140625,-1.2802090644836426
12,100,8.75,0,4,257,71.484375,71.734375,1.0388336181640625,56.203125,-0.8235034942626953
12,100,8.75,0,4,258,73.34375,73.4375,1.0209894180297852,56.171875,-1.478256106376648
12,100,8.75,0,4,259,72.03125,69.6875,1.0094867944717407,56.375,-1.0360685586929321
12,100,8.75,0,4,260,72.03125,71.0,1.0199151039123535,57.203125,-1.4006516933441162
12,100,8.75,0,4,261,70.78125,73.0625,0.9934955835342407,56.34375,-1.1325531005859375
12,100,8.75,0,4,262,70.828125,72.625,0.9820155501365662,56.359375,-1.119727373123169
12,100,8.75,0,4,263,72.6875,70.28125,0.963932454586029,56.25,-1.5858733654022217
12,100,8.75,0,4,264,73.265625,71.140625,0.9761992692947388,55.90625,-1.3361337184906006
12,100,8.75,0,4,265,71.75,71.03125,1.053534746170044,56.4375,-0.3313811719417572
12,100,8.75,0,4,266,72.90625,70.8125,1.0097564458847046,56.1875,-0.9765633344650269
12,100,8.75,0,4,267,73.625,72.0,1.0567964315414429,56.96875,-0.44336026906967163
12,100,8.75,0,4,268,73.03125,71.671875,1.0136326551437378,56.640625,-0.9098315238952637
12,100,8.75,0,4,269,72.828125,71.4375,0.9248277544975281,56.578125,-1.904232382774353
12,100,8.75,0,4,270,71.78125,71.078125,1.0926251411437988,56.90625,-0.6721363067626953
12,100,8.75,0,4,271,72.40625,72.453125,0.9699530005455017,56.265625,-1.5927742719650269
12,100,8.75,0,4,272,72.5625,70.90625,0.9822797775268555,55.734375,-1.7001961469650269
12,100,8.75,0,4,273,72.25,71.8125,1.0871821641921997,57.015625,-0.2736337184906006
12,100,8.75,0,4,274,72.390625,72.984375,1.033537745475769,56.375,-0.7537767887115479
12,100,8.75,0,4,275,72.765625,72.625,1.0317128896713257,56.4375,-0.5596364140510559
12,100,8.75,0,4,276,73.921875,70.59375,1.0231887102127075,56.953125,-1.0831388235092163
12,100,8.75,0,4,277,73.3125,72.65625,1.0192365646362305,56.140625,-0.9507820010185242
12,100,8.75,0,4,278,71.796875,70.859375,1.0445202589035034,56.953125,-0.8505217432975769
12,100,8.75,0,4,279,70.671875,72.75,0.9738696813583374,56.890625,-1.1910161972045898
12,100,8.75,0,4,280,72.53125,70.84375,1.028523325920105,56.734375,-1.2020840644836426
12,100,8.75,0,4,281,72.265625,70.921875,1.0114922523498535,56.078125,-1.6448577642440796
12,100,8.75,0,4,282,72.0625,71.25,0.9723838567733765,56.234375,-1.1404305696487427
12,100,8.75,0,4,283,71.65625,71.65625,0.9937301278114319,56.046875,-1.2724617719650269
12,100,8.75,0,4,284,73.078125,73.59375,1.0444000959396362,55.796875,-0.6245452165603638
12,100,8.75,0,4,285,72.078125,71.375,0.9196851849555969,56.046875,-2.156771659851074
12,100,8.75,0,4,286,70.78125,71.953125,1.0262161493301392,56.09375,-1.1728522777557373
12,100,8.75,0,4,287,71.234375,73.234375,0.9914979934692383,56.859375,-1.1970711946487427
12,100,8.75,0,4,288,72.515625,73.59375,1.024724006652832,55.671875,-1.2598316669464111
12,100,8.75,0,4,289,72.125,72.125,1.0104998350143433,55.84375,-1.3751310110092163
12,100,8.75,0,4,290,71.921875,71.890625,0.9834904074668884,55.90625,-1.4516284465789795
12,100,8.75,0,4,291,72.34375,72.65625,1.0416027307510376,56.015625,-1.0085296630859375
12,100,8.75,0,4,292,70.265625,72.59375,0.9654224514961243,56.96875,-1.2470712661743164
12,100,8.75,0,4,293,73.125,72.15625,0.973247230052948,56.0,-1.6609381437301636
12,100,8.75,0,4,294,72.3125,71.078125,1.0099722146987915,56.265625,-1.3409514427185059
12,100,8.75,0,4,295,71.4375,74.125,0.9764030575752258,55.90625,-1.504623293876648
12,100,8.75,0,4,296,72.71875,73.6875,1.0316789150238037,55.71875,-0.7363290786743164
12,100,8.75,0,4,297,71.46875,73.59375,0.9881711602210999,56.671875,-1.1572273969650269
12,100,8.75,0,4,298,72.28125,73.21875,0.9703150987625122,55.53125,-1.5248055458068848
12,100,8.75,0,4,299,72.296875,73.65625,1.0296841859817505,56.0,-0.8903003931045532
12,100,8.75,0,4,300,71.109375,72.859375,1.0678118467330933,56.875,-0.46399831771850586
12,100,8.75,0,4,301,71.078125,75.25,0.98028564453125,55.84375,-1.3486984968185425
12,100,8.75,0,4,302,71.21875,71.15625,0.9929284453392029,56.921875,-1.2386075258255005
12,100,8.75,0,4,303,72.578125,71.265625,1.038447618484497,56.5,-0.6802093386650085
12,100,8.75,0,4,304,70.515625,72.984375,1.0687822103500366,56.4375,-0.21855545043945312
12,100,8.75,0,4,305,72.203125,73.609375,1.004968285560608,56.328125,-1.2717455625534058
12,100,8.75,0,4,306,74.015625,71.90625,0.9778997898101807,56.46875,-1.0632821321487427
12,100,8.75,0,4,307,70.21875,73.296875,1.0403484106063843,56.25,-1.0560553073883057
12,100,8.75,0,4,308,71.96875,72.78125,0.9506739377975464,56.3125,-1.4449877738952637
12,100,8.75,0,4,309,71.9375,69.828125,1.0181025266647339,56.859375,-0.65957111120224
12,100,8.75,0,4,310,73.109375,70.46875,0.991698682308197,57.140625,-1.0864593982696533
12,100,8.75,0,4,311,72.671875,70.671875,1.045732021331787,56.703125,-1.269597053527832
12,100,8.75,0,4,312,71.328125,72.703125,1.0467716455459595,57.4375,-0.895964503288269
12,100,8.75,0,4,313,71.484375,72.75,0.9809916615486145,56.75,-1.3437508344650269
12,100,8.75,0,4,314,70.421875,71.84375,1.0329413414001465,57.109375,-1.0861985683441162
12,100,8.75,0,4,315,70.84375,73.390625,0.9733455181121826,56.296875,-1.3562507629394531
12,100,8.75,0,4,316,70.109375,72.984375,0.9802903532981873,57.0625,-1.1579434871673584
12,100,8.75,0,4,317,71.03125,73.96875,1.0573464632034302,56.40625,-0.9517587423324585
12,100,8.75,0,4,318,70.765625,72.25,1.004859209060669,56.875,-0.9993497133255005
12,100,8.75,0,4,319,70.53125,73.921875,1.0414748191833496,56.625,-0.7062508463859558
12,100,8.75,0,4,320,69.71875,71.09375,1.0116785764694214,57.921875,-1.1745450496673584
12,100,8.75,0,4,321,70.796875,71.53125,0.948107898235321,56.5,-1.42415452003479
12,100,8.75,0,4,322,71.75,72.0625,0.9813995957374573,55.921875,-1.2026050090789795
12,100,8.75,0,4,323,71.3125,73.375,0.9906638860702515,56.734375,-0.9766284823417664
12,100,8.75,0,4,324,70.75,74.640625,0.9592695236206055,56.703125,-1.2973315715789795
12,100,8.75,0,4,325,71.125,74.265625,0.9691644310951233,56.0,-1.4006519317626953
12,100,8.75,0,4,326,71.5,71.9375,1.0511634349822998,56.734375,-0.7155606746673584
12,100,8.75,0,4,327,70.34375,74.46875,1.0426007509231567,56.984375,-0.5212247371673584
12,100,8.75,0,4,328,70.109375,73.609375,1.0405340194702148,56.578125,-0.975066065788269
12,100,8.75,0,4,329,72.75,73.8125,1.014150857925415,56.421875,-0.9164721369743347
12,100,8.75,0,4,330,71.546875,72.515625,1.038779616355896,56.515625,-0.710417628288269
12,100,8.75,0,4,331,70.734375,74.03125,1.0014944076538086,56.5625,-1.0913422107696533
12,100,8.75,0,4,332,69.109375,74.1875,1.0294311046600342,56.890625,-0.6865894198417664
12,100,8.75,0,4,333,71.9375,73.5,1.016844630241394,56.859375,-0.7880868315696716
12,100,8.75,0,4,334,71.65625,72.171875,0.9564965963363647,56.625,-1.5783863067626953
12,100,8.75,0,4,335,69.28125,73.234375,1.0301496982574463,56.984375,-0.8029956817626953
12,100,8.75,0,4,336,72.28125,72.28125,1.0326660871505737,56.65625,-0.8526700735092163
12,100,8.75,0,4,337,70.921875,73.046875,1.0011483430862427,57.625,-1.05403733253479
12,100,8.75,0,4,338,71.5625,71.15625,1.0323402881622314,56.90625,-1.0302741527557373
12,100,8.75,0,4,339,71.015625,73.84375,1.0728507041931152,57.5,-0.3056650757789612
12,100,8.75,0,4,340,71.59375,73.75,1.0539995431900024,56.90625,-0.4626961946487427
12,100,8.75,0,4,341,69.078125,73.78125,1.0447901487350464,57.09375,-0.8439462184906006
12,100,8.75,0,4,342,72.328125,72.734375,1.014789342880249,55.890625,-1.3476569652557373
12,100,8.75,0,4,343,71.40625,72.671875,1.0259469747543335,57.484375,-0.5565764904022217
12,100,8.75,0,4,344,70.84375,72.5,1.0019173622131348,56.546875,-1.6114591360092163
12,100,8.75,0,4,345,71.984375,73.765625,1.0143170356750488,56.703125,-0.8557299375534058
12,100,8.75,0,4,346,71.046875,72.828125,1.070847749710083,56.75,-1.00227952003479
12,100,8.75,0,4,347,70.34375,73.890625,0.9902735948562622,57.140625,-1.1224616765975952
12,100,8.75,0,4,348,68.5,73.203125,1.0479717254638672,57.421875,-0.5691415071487427
12,100,8.75,0,4,349,72.578125,74.484375,1.004143238067627,56.84375,-0.8804697394371033
12,100,8.75,0,4,350,69.859375,73.65625,1.098844051361084,55.890625,-0.701758623123169
12,100,8.75,0,4,351,71.9375,72.703125,1.0191048383712769,57.359375,-0.9054697751998901
12,100,8.75,0,4,352,69.15625,74.125,1.039211630821228,56.703125,-0.8764330744743347
12,100,8.75,0,4,353,70.9375,73.8125,1.0522329807281494,56.84375,-1.01692795753479
12,100,8.75,0,4,354,70.453125,73.046875,0.9963303804397583,57.03125,-1.231511116027832
12,100,8.75,0,4,355,71.78125,73.25,1.0124430656433105,57.078125,-0.6167325973510742
12,100,8.75,0,4,356,71.171875,75.15625,1.1239131689071655,56.8125,-0.30371183156967163
12,100,8.75,0,4,357,71.921875,72.015625,0.9970383644104004,57.3125,-1.1854175329208374
12,100,8.75,0,4,358,68.78125,73.375,0.9673601984977722,57.09375,-1.6253913640975952
12,100,8.75,0,4,359,71.84375,73.15625,1.0004949569702148,57.15625,-1.2044930458068848
12,100,8.75,0,4,360,70.5625,75.34375,1.040428876876831,56.84375,-0.7093108892440796
12,100,8.75,0,4,361,71.578125,73.359375,1.0214178562164307,57.375,-0.6443368196487427
12,100,8.75,0,4,362,69.46875,73.65625,0.9816856980323792,57.171875,-1.2024097442626953
12,100,8.75,0,4,363,69.5,73.78125,1.0248103141784668,56.984375,-1.4349616765975952
12,100,8.75,0,4,364,70.90625,71.390625,1.037747859954834,57.625,-1.2898446321487427
12,100,8.75,0,4,365,68.71875,74.703125,1.0229589939117432,57.328125,-0.5766935348510742
12,100,8.75,0,4,366,70.359375,74.234375,1.020134449005127,56.5625,-1.1574227809906006
12,100,8.75,0,4,367,68.625,75.9375,0.9815168976783752,57.890625,-0.7650396823883057
12,100,8.75,0,4,368,70.609375,73.03125,0.9827014803886414,57.25,-1.5688157081604004
12,100,8.75,0,4,369,70.5,72.21875,1.029077172279358,57.015625,-0.980925440788269
12,100,8.75,0,4,370,69.8125,73.40625,1.0358850955963135,57.265625,-1.1190112829208374
12,100,8.75,0,4,371,70.828125,73.546875,1.074996829032898,56.828125,-0.6164071559906006
12,100,8.75,0,4,372,70.765625,74.390625,1.020559310913086,56.5,-1.4072273969650269
12,100,8.75,0,4,373,68.875,75.21875,1.0502327680587769,57.78125,-0.5350918173789978
12,100,8.75,0,4,374,71.484375,75.75,1.0509377717971802,56.125,-1.1598966121673584
12,100,8.75,0,4,375,68.828125,75.390625,1.0623470544815063,57.203125,-0.14570391178131104
12,100,8.75,0,4,376,72.921875,73.34375,0.9713277220726013,57.03125,-1.3881518840789795
12,100,8.75,0,4,377,69.1875,74.765625,0.9751176834106445,57.96875,-1.464584231376648
12,100,8.75,0,4,378,71.5625,73.1875,1.0230019092559814,57.28125,-0.726042628288269
12,100,8.75,0,4,379,70.796875,74.09375,0.9686566591262817,56.890625,-1.3742194175720215
12,100,8.75,0,4,380,71.84375,74.84375,1.0146135091781616,56.046875,-1.0190112590789795
12,100,8.75,0,4,381,70.328125,73.9375,1.0230746269226074,57.4375,-0.528386116027832
12,100,8.75,0,4,382,69.546875,74.734375,1.0496547222137451,57.140625,-0.9409513473510742
12,100,8.75,0,4,383,70.90625,74.078125,1.000634789466858,56.359375,-1.0165374279022217
12,100,8.75,0,4,384,71.703125,73.109375,1.0142419338226318,57.03125,-1.0098965167999268
12,100,8.75,0,4,385,69.90625,75.046875,1.062885046005249,56.6875,-0.863477349281311
12,100,8.75,0,4,386,70.53125,74.109375,1.00431227684021,57.109375,-1.1080737113952637
12,100,8.75,0,4,387,69.765625,75.640625,1.038862705230713,57.1875,-0.9568367004394531
12,100,8.75,0,4,388,70.6875,75.046875,0.9976937770843506,57.765625,-1.27767014503479
12,100,8.75,0,4,389,70.546875,75.3125,1.03202223777771,56.75,-1.0329434871673584
12,100,8.75,0,4,390,69.546875,74.59375,1.003819465637207,57.796875,-1.5466153621673584
12,100,8.75,0,4,391,71.0,75.59375,1.044860601425171,56.828125,-0.5458992719650269
12,100,8.75,0,4,392,70.046875,76.390625,1.0179712772369385,56.890625,-0.8742846846580505
12,100,8.75,0,4,393,69.96875,76.1875,0.9909296631813049,57.125,-1.3263030052185059
12,100,8.75,0,4,394,71.671875,74.359375,1.0348138809204102,57.015625,-0.8363289833068848
12,100,8.75,0,4,395,69.421875,75.359375,1.0397834777832031,56.984375,-0.34440189599990845
12,100,8.75,0,4,396,69.296875,75.1875,0.9798471927642822,57.171875,-1.2126961946487427
12,100,8.75,0,4,397,70.984375,74.1875,1.0585440397262573,57.3125,-0.3889331817626953
12,100,8.75,0,4,398,69.0625,75.1875,1.0619220733642578,57.375,-0.863998293876648
12,100,8.75,0,4,399,72.0,75.875,1.0497417449951172,56.3125,-0.9287115931510925
12,100,8.75,0,4,400,70.8125,72.734375,1.0416083335876465,57.375,-1.1535816192626953
12,100,8.75,0,4,401,67.59375,74.921875,0.9823560118675232,58.328125,-1.00716233253479
12,100,8.75,0,4,402,71.40625,73.734375,1.0378899574279785,56.6875,-1.3925139904022217
12,100,8.75,0,4,403,68.453125,72.5625,1.0204477310180664,58.046875,-0.6946622729301453
12,100,8.75,0,4,404,70.546875,73.25,0.966403067111969,58.453125,-1.1472665071487427
12,100,8.75,0,4,405,70.046875,74.546875,1.0537450313568115,57.5625,-1.1694669723510742
12,100,8.75,0,4,406,69.734375,73.828125,1.0447819232940674,58.296875,-0.41048258543014526
12,100,8.75,0,4,407,68.90625,74.78125,1.0488197803497314,57.125,-0.9346362352371216
12,100,8.75,0,4,408,69.453125,74.5,1.0259995460510254,56.875,-1.1732430458068848
12,100,8.75,0,4,409,69.859375,75.859375,1.0398575067520142,57.203125,-0.8961595892906189
12,100,8.75,0,4,410,69.671875,73.28125,1.0676569938659668,57.265625,-0.3737638592720032
12,100,8.75,0,4,411,68.921875,73.984375,1.0254043340682983,57.09375,-1.040365219116211
12,100,8.75,0,4,412,70.640625,74.609375,1.0183048248291016,57.578125,-1.0409514904022217
12,100,8.75,0,4,413,73.265625,71.703125,1.022495985031128,57.53125,-0.8136730194091797
12,100,8.75,0,4,414,71.515625,75.390625,1.0304298400878906,56.171875,-0.9860033988952637
12,100,8.75,0,4,415,71.578125,75.3125,1.0647538900375366,57.0,-0.42395922541618347
12,100,8.75,0,4,416,71.046875,73.515625,1.0369504690170288,57.296875,-0.7187508344650269
12,100,8.75,0,4,417,72.890625,73.046875,1.0198432207107544,57.03125,-0.7512378096580505
12,100,8.75,0,4,418,69.8125,74.21875,1.0210309028625488,56.9375,-1.4805347919464111
12,100,8.75,0,4,419,70.625,72.984375,1.009016752243042,56.953125,-1.5186207294464111
12,100,8.75,0,4,420,70.984375,73.671875,1.0078749656677246,57.515625,-1.028907060623169
12,100,8.75,0,4,421,69.90625,73.9375,1.079708456993103,57.046875,-0.5003914833068848
12,100,8.75,0,4,422,72.25,72.6875,0.9966650009155273,56.4375,-1.1674487590789795
12,100,8.75,0,4,423,72.09375,75.09375,1.0217208862304688,57.21875,-1.0705738067626953
12,100,8.75,0,4,424,71.578125,73.640625,1.0879361629486084,56.953125,-0.4212249219417572
12,100,8.75,0,4,425,71.015625,76.125,1.0733561515808105,57.625,-0.11477965116500854
12,100,8.75,0,4,426,70.59375,74.578125,1.0122361183166504,57.390625,-0.7100919485092163
12,100,8.75,0,4,427,72.171875,72.03125,1.0818638801574707,57.09375,-0.4154958128929138
12,100,8.75,0,4,428,70.03125,75.109375,1.0349148511886597,58.078125,-0.6576830148696899
12,100,8.75,0,4,429,71.859375,74.9375,1.056120753288269,57.0625,-0.3566414713859558
12,100,8.75,0,4,430,71.75,74.828125,1.0109167098999023,57.359375,-0.8052091598510742
12,100,8.75,0,4,431,71.828125,73.796875,1.0080946683883667,57.875,-0.9578784704208374
12,100,8.75,0,4,432,70.03125,74.28125,1.1170161962509155,57.796875,-0.21328210830688477
12,100,8.75,0,4,433,71.390625,76.578125,1.01395845413208,56.703125,-1.1403002738952637
12,100,8.75,0,4,434,69.65625,75.390625,1.0129711627960205,57.6875,-0.5837899446487427
12,100,8.75,0,4,435,70.21875,74.625,1.0296058654785156,56.3125,-1.3473966121673584
12,100,8.75,0,4,436,69.5625,74.390625,1.0174213647842407,57.84375,-0.2410815954208374
12,100,8.75,0,4,437,70.140625,74.28125,0.9856945872306824,56.828125,-1.0875006914138794
12,100,8.75,0,4,438,70.234375,74.109375,1.0488004684448242,57.125,-0.8365892171859741
12,100,8.75,0,4,439,70.140625,73.609375,1.0333600044250488,58.09375,-0.6058602333068848
12,100,8.75,0,4,440,68.75,75.0,0.9957372546195984,58.015625,-1.164909839630127
12,100,8.75,0,4,441,69.859375,74.984375,1.036324381828308,57.984375,-0.883464515209198
12,100,8.75,0,4,442,69.640625,75.375,1.0364689826965332,57.6875,-0.9371103048324585
12,100,8.75,0,4,443,69.921875,73.421875,1.0257408618927002,57.328125,-0.7229825854301453
12,100,8.75,0,4,444,68.828125,73.25,1.0258914232254028,58.34375,-0.9454436302185059
12,100,8.75,0,4,445,68.96875,74.046875,1.0078340768814087,57.3125,-1.363867998123169
12,100,8.75,0,4,446,68.8125,75.84375,1.0587306022644043,57.21875,-0.7600919604301453
12,100,8.75,0,4,447,69.515625,75.375,1.0776609182357788,57.375,-0.3122405409812927
12,100,8.75,0,4,448,68.796875,74.890625,1.0791568756103516,57.5,-0.5819017887115479
12,100,8.75,0,4,449,71.109375,72.859375,1.0714221000671387,57.59375,-0.5690113306045532
12,100,8.75,0,4,450,69.671875,74.015625,1.014564871788025,57.71875,-0.7331387996673584
12,100,8.75,0,4,451,68.59375,75.09375,1.0678818225860596,57.671875,-0.08776132762432098
12,100,8.75,0,4,452,69.171875,76.203125,1.010790228843689,57.640625,-0.5285815000534058
12,100,8.75,0,4,453,69.109375,75.984375,1.012826919555664,57.390625,-0.7188159823417664
12,100,8.75,0,4,454,68.125,77.015625,0.9927471876144409,57.078125,-0.955795168876648
12,100,8.75,0,4,455,69.9375,74.96875,1.0261304378509521,58.0,-0.8158861994743347
12,100,8.75,0,4,456,68.890625,74.34375,1.044717788696289,57.09375,-0.9748055338859558
12,100,8.75,0,4,457,66.5625,76.203125,0.957118034362793,57.59375,-1.4837898015975952
12,100,8.75,0,4,458,70.265625,72.859375,1.0224978923797607,57.890625,-0.9054696559906006
12,100,8.75,0,4,459,70.9375,72.609375,1.0524842739105225,56.875,-0.9436857104301453
12,100,8.75,0,4,460,70.390625,74.5625,1.0468814373016357,57.90625,-0.8641284704208374
12,100,8.75,0,4,461,69.421875,73.03125,1.0120799541473389,59.0,-0.8152352571487427
12,100,8.75,0,4,462,68.84375,75.375,1.0054270029067993,57.484375,-1.4593760967254639
12,100,8.75,0,4,463,68.21875,75.828125,1.0089950561523438,57.015625,-1.059766411781311
12,100,8.75,0,4,464,68.96875,75.515625,1.024514079093933,58.0625,-0.6490893959999084
12,100,8.75,0,4,465,73.4375,74.75,1.0313745737075806,56.84375,-0.4543627202510834
12,100,8.75,0,4,466,71.640625,75.453125,0.9668451547622681,57.609375,-1.45638108253479
12,100,8.75,0,4,467,69.8125,74.765625,0.9971830248832703,58.28125,-0.9975266456604004
12,100,8.75,0,4,468,69.5,74.671875,1.084226369857788,56.6875,-1.250326156616211
12,100,8.75,0,4,469,67.53125,76.21875,1.0903642177581787,57.421875,-0.16002695262432098
12,100,8.75,0,4,470,68.171875,75.34375,1.0929324626922607,57.65625,-0.6501960754394531
12,100,8.75,0,4,471,69.3125,75.46875,0.9862096309661865,58.046875,-1.0602872371673584
12,100,8.75,0,4,472,69.6875,75.296875,1.0264595746994019,57.453125,-1.2653005123138428
12,100,8.75,0,4,473,68.453125,75.0,1.0227017402648926,56.890625,-1.1387379169464111
12,100,8.75,0,4,474,69.296875,75.625,1.045852541923523,57.1875,-0.65950608253479
12,100,8.75,0,4,475,67.0,76.265625,1.017755389213562,58.40625,-0.9894537925720215
12,100,8.75,0,4,476,69.609375,74.40625,1.0676939487457275,58.171875,-0.578321099281311
12,100,8.75,0,4,477,70.0625,75.734375,1.0542659759521484,57.421875,-0.7840502262115479
12,100,8.75,0,4,478,69.5625,75.78125,1.025372862815857,57.671875,-0.9080087542533875
12,100,8.75,0,4,479,69.796875,73.828125,1.0386933088302612,57.71875,-0.5906257629394531
12,100,8.75,0,4,480,69.953125,75.78125,1.0642166137695312,57.125,-0.6112638711929321
12,100,8.75,0,4,481,71.65625,73.84375,1.1402173042297363,56.984375,0.09160056710243225
12,100,8.75,0,4,482,68.75,75.28125,1.0733613967895508,57.0,-0.4186856746673584
12,100,8.75,0,4,483,69.859375,75.84375,1.0257952213287354,58.0625,-0.8766283392906189
12,100,8.75,0,4,484,67.75,75.203125,1.0883188247680664,58.1875,-0.41640710830688477
12,100,8.75,0,4,485,68.953125,75.875,0.9859795570373535,57.203125,-1.1912767887115479
12,100,8.75,0,4,486,71.4375,74.953125,1.019836664199829,57.59375,-0.8489593267440796
12,100,8.75,0,4,487,71.59375,74.328125,1.0060348510742188,57.796875,-0.8291025161743164
12,100,8.75,0,4,488,68.578125,75.9375,1.0424665212631226,57.53125,-0.9196622371673584
12,100,8.75,0,4,489,71.34375,73.1875,1.0709881782531738,57.765625,-0.45325610041618347
12,100,8.75,0,4,490,70.6875,75.578125,1.0703351497650146,57.328125,-0.33632904291152954
12,100,8.75,0,4,491,67.75,75.34375,1.0309321880340576,57.28125,-1.3225268125534058
12,100,8.75,0,4,492,70.640625,77.34375,1.0501229763031006,57.140625,-0.3922533392906189
12,100,8.75,0,4,493,69.09375,74.703125,1.007302165031433,58.640625,-0.427605003118515
12,100,8.75,0,4,494,68.375,76.3125,1.0702345371246338,57.8125,-0.20345136523246765
12,100,8.75,0,4,495,69.578125,75.203125,1.0323888063430786,57.734375,-0.8890633583068848
12,100,8.75,0,4,496,69.03125,77.09375,1.0163508653640747,57.796875,-1.1641935110092163
12,100,8.75,0,4,497,69.890625,77.15625,1.0564359426498413,57.15625,-0.5955736637115479
12,100,8.75,0,4,498,69.65625,76.15625,1.0436978340148926,56.828125,-1.1173837184906006
12,100,8.75,0,4,499,70.234375,75.03125,1.0429586172103882,57.953125,-0.3878915011882782
12,100,8.75,0,4,500,71.5,74.625,1.0768178701400757,57.359375,-0.2873707115650177
12,100,8.75,0,4,501,69.265625,77.21875,1.0860209465026855,57.40625,-0.6520190238952637
12,100,8.75,0,4,502,70.921875,76.265625,1.0690115690231323,56.046875,-0.7753264307975769
12,100,8.75,0,4,503,71.4375,76.6875,1.0944037437438965,56.546875,-0.24036550521850586
12,100,8.75,0,4,504,70.03125,76.265625,1.1137845516204834,57.5,0.17272034287452698
12,100,8.75,0,4,505,68.859375,77.875,1.089621901512146,58.09375,0.2728506028652191
12,100,8.75,0,4,506,70.890625,74.703125,1.016980528831482,57.34375,-0.9368497133255005
12,100,8.75,0,4,507,71.875,74.5,1.074317216873169,57.25,-0.6921882629394531
12,100,8.75,0,4,508,69.8125,77.46875,1.065328598022461,57.125,-0.36842530965805054
12,100,8.75,0,4,509,68.921875,76.859375,1.0714471340179443,57.109375,0.05533784627914429
12,100,8.75,0,4,510,68.59375,77.796875,1.0528711080551147,57.625,-0.34336018562316895
12,100,8.75,0,4,511,67.71875,76.421875,1.0393710136413574,58.4375,-0.8490892648696899
12,100,8.75,0,4,512,72.34375,75.609375,1.003555178642273,57.078125,-1.0571622848510742
12,100,8.75,0,4,513,69.671875,77.234375,1.0555830001831055,58.484375,0.20449131727218628
12,100,8.75,0,4,514,69.65625,76.109375,1.080618977546692,57.609375,-0.2128264158964157
12,100,8.75,0,4,515,71.125,76.84375,1.140641212463379,56.984375,0.2455720752477646
12,100,8.75,0,4,516,69.140625,77.625,1.0355404615402222,57.4375,-0.3817715644836426
12,100,8.75,0,4,517,70.390625,75.078125,1.0866605043411255,57.46875,-0.1711597889661789
12,100,8.75,0,4,518,71.625,74.75,0.9947695136070251,56.953125,-1.0858731269836426
12,100,8.75,0,4,519,69.1875,78.03125,1.0779043436050415,57.515625,-0.2818368971347809
12,100,8.75,0,4,520,68.96875,76.625,1.0746408700942993,58.34375,-0.34596437215805054
12,100,8.75,0,4,521,68.375,74.75,1.0378448963165283,57.984375,-1.442708969116211
12,100,8.75,0,4,522,68.625,75.765625,1.0243682861328125,57.453125,-1.0252612829208374
12,100,8.75,0,4,523,70.5625,77.328125,1.0675256252288818,57.625,-0.34192800521850586
12,100,8.75,0,4,524,70.859375,76.28125,1.0649669170379639,58.015625,-0.8087248206138611
12,100,8.75,0,4,525,68.765625,76.78125,1.0642799139022827,57.609375,-0.6682950854301453
12,100,8.75,0,4,526,69.09375,76.625,1.0567212104797363,58.0625,-0.7294930219650269
12,100,8.75,0,4,527,70.65625,76.8125,1.1039425134658813,57.359375,0.2641918361186981
12,100,8.75,0,4,528,70.046875,76.625,1.0519355535507202,57.578125,-0.5315113067626953
12,100,8.75,0,4,529,69.046875,77.96875,0.9899811744689941,57.71875,-0.8579434752464294
12,100,8.75,0,4,530,69.65625,77.203125,1.0296396017074585,57.21875,-1.0066415071487427
12,100,8.75,0,4,531,69.1875,76.640625,1.0482347011566162,58.140625,-1.0432300567626953
12,100,8.75,0,4,532,68.4375,78.390625,1.0416700839996338,56.765625,-1.3348314762115479
12,100,8.75,0,4,533,71.015625,77.609375,1.0497914552688599,57.609375,-0.61263108253479
12,100,8.75,0,4,534,69.890625,79.125,1.0406652688980103,57.25,-0.8483733534812927
12,100,8.75,0,4,535,69.09375,78.0,1.0409232378005981,57.765625,-0.6007819175720215
12,100,8.75,0,4,536,70.625,77.65625,1.106189489364624,56.71875,-0.25462329387664795
12,100,8.75,0,4,537,72.234375,78.609375,1.037166953086853,57.296875,-0.5023446083068848
12,100,8.75,0,4,538,70.359375,78.640625,1.0895150899887085,57.328125,-0.08489670604467392
12,100,8.75,0,4,539,70.34375,77.296875,1.0178375244140625,57.125,-0.384766548871994
12,100,8.75,0,4,540,71.25,77.734375,1.052137851715088,57.140625,-0.5001961588859558
12,100,8.75,0,4,541,70.296875,77.34375,1.0139516592025757,57.96875,-0.9300137758255005
12,100,8.75,0,4,542,70.453125,75.90625,1.0684828758239746,57.25,-0.6069669723510742
12,100,8.75,0,4,543,71.09375,77.046875,1.0255576372146606,57.078125,-0.6964201927185059
12,100,8.75,0,4,544,70.59375,79.265625,1.0187958478927612,56.6875,-0.7919279932975769
12,100,8.75,0,4,545,70.109375,78.265625,1.0724267959594727,56.640625,-0.3078784644603729
12,100,8.75,0,4,546,69.625,77.0,1.0978217124938965,57.765625,-0.4679696559906006
12,100,8.75,0,4,547,69.5625,76.90625,1.1018956899642944,57.109375,0.0660800188779831
12,100,8.75,0,4,548,69.875,76.59375,1.0551495552062988,57.3125,-0.6979827284812927
12,100,8.75,0,4,549,69.4375,79.09375,1.0996451377868652,57.296875,-0.06386806070804596
12,100,8.75,0,4,550,69.796875,77.625,1.0379014015197754,57.5,-0.6082039475440979
12,100,8.75,0,4,551,69.984375,77.09375,1.0936180353164673,57.484375,-0.2455737292766571
12,100,8.75,0,4,552,70.109375,77.3125,1.1036608219146729,57.015625,-0.021940987557172775
12,100,8.75,0,4,553,68.328125,76.1875,1.0571891069412231,57.75,-0.8485034704208374
12,100,8.75,0,4,554,69.375,78.625,1.0523258447647095,57.546875,-0.7664722204208374
12,100,8.75,0,4,555,69.0625,78.015625,1.0943070650100708,57.53125,-0.42343848943710327
12,100,8.75,0,4,556,68.4375,77.75,1.078443169593811,57.265625,-0.43919357657432556
12,100,8.75,0,4,557,69.390625,76.171875,1.127877116203308,57.078125,-0.17754000425338745
12,100,8.75,0,4,558,69.34375,78.296875,1.0695987939834595,56.71875,-0.640690803527832
12,100,8.75,0,4,559,69.6875,77.046875,1.066628098487854,56.734375,-0.6046232581138611
12,100,8.75,0,4,560,68.4375,79.546875,1.0565105676651,57.265625,-0.6732429265975952
12,100,8.75,0,4,561,69.765625,78.546875,1.0573148727416992,57.125,-0.2208341807126999
12,100,8.75,0,4,562,70.71875,77.265625,1.1357955932617188,57.09375,0.034569405019283295
12,100,8.75,0,4,563,68.875,78.203125,1.1061233282089233,57.328125,0.05878834053874016
12,100,8.75,0,4,564,68.75,79.921875,1.0895813703536987,56.640625,-0.28020936250686646
12,100,8.75,0,4,565,70.484375,77.578125,1.1181491613388062,56.84375,-0.18203192949295044
12,100,8.75,0,4,566,68.671875,77.0,0.9865972399711609,57.0625,-1.3309903144836426
12,100,8.75,0,4,567,69.265625,77.8125,1.0644875764846802,57.625,-0.6951181292533875
12,100,8.75,0,4,568,70.171875,77.15625,1.0929021835327148,57.6875,-0.07897212356328964
12,100,8.75,0,4,569,68.796875,77.546875,1.0461751222610474,57.84375,-0.6357430219650269
12,100,8.75,0,4,570,68.890625,77.625,1.1078088283538818,57.296875,-0.0486987829208374
12,100,8.75,0,4,571,69.96875,76.578125,1.0656722784042358,57.796875,-0.5282561779022217
12,100,8.75,0,4,572,67.8125,77.46875,1.142005205154419,57.3125,0.12454348802566528
12,100,8.75,0,4,573,69.875,78.421875,1.0603467226028442,57.0,-0.4656258523464203
12,100,8.75,0,4,574,68.75,78.828125,1.0117759704589844,56.578125,-1.2400399446487427
12,100,8.75,0,4,575,68.046875,77.75,1.1534196138381958,56.484375,-0.009180506691336632
12,100,8.75,0,4,576,70.296875,77.109375,1.0412663221359253,57.171875,-0.9591154456138611
12,100,8.75,0,4,577,70.359375,77.96875,1.0215758085250854,57.578125,-0.1046232134103775
12,100,8.75,0,4,578,67.625,80.65625,1.0628997087478638,56.828125,-0.3039722442626953
12,100,8.75,0,4,579,71.296875,77.90625,1.0964018106460571,57.75,0.10390549153089523
12,100,8.75,0,4,580,68.0625,79.03125,1.0545812845230103,57.59375,-0.20755299925804138
12,100,8.75,0,4,581,68.171875,78.125,1.0293033123016357,57.625,-0.14505283534526825
12,100,8.75,0,4,582,68.5625,78.984375,1.0437430143356323,57.53125,-0.44915446639060974
12,100,8.75,0,4,583,69.796875,79.265625,1.0482465028762817,57.4375,-0.2170579433441162
12,100,8.75,0,4,584,69.578125,78.484375,1.1079343557357788,57.078125,0.3593742251396179
12,100,8.75,0,4,585,67.8125,79.96875,1.0444546937942505,57.546875,-0.3108731508255005
12,100,8.75,0,4,586,70.140625,80.78125,1.0625951290130615,56.84375,-0.14498783648014069
12,100,8.75,0,4,587,70.578125,75.75,1.1097722053527832,57.453125,0.2630850076675415
12,100,8.75,0,4,588,69.03125,78.640625,1.0665364265441895,57.234375,-0.21660253405570984
12,100,8.75,0,4,589,68.1875,78.953125,1.067236065864563,57.25,-0.3223966360092163
12,100,8.75,0,4,590,68.703125,78.859375,1.0766288042068481,56.96875,-0.36699292063713074
12,100,8.75,0,4,591,69.109375,81.71875,1.0537042617797852,57.1875,-0.24954518675804138
12,100,8.75,0,4,592,69.671875,77.828125,1.0362417697906494,57.390625,-0.3642587661743164
12,100,8.75,0,4,593,69.8125,78.796875,1.1256986856460571,57.15625,0.1361970603466034
12,100,8.75,0,4,594,68.546875,80.03125,1.1171871423721313,56.78125,0.10188715159893036
12,100,8.75,0,4,595,67.046875,78.421875,1.1062437295913696,57.5,0.08430887758731842
12,100,8.75,0,4,596,68.40625,79.359375,1.0392699241638184,56.8125,-0.6261727213859558
12,100,8.75,0,4,597,69.859375,78.28125,1.0870579481124878,57.453125,-0.25826919078826904
12,100,8.75,0,4,598,68.234375,77.015625,1.068837285041809,57.703125,-0.16380290687084198
12,100,8.75,0,4,599,67.9375,77.9375,1.0943210124969482,57.640625,-0.19498786330223083
12,100,8.75,0,4,600,69.375,78.078125,1.1037882566452026,58.375,-0.1013680249452591
12,100,8.75,0,4,601,68.515625,77.6875,1.0809426307678223,57.109375,-0.31979241967201233
12,100,8.75,0,4,602,67.859375,77.5625,1.1005133390426636,57.203125,-0.21276125311851501
12,100,8.75,0,4,603,68.65625,77.296875,1.004804015159607,57.484375,-1.1955087184906006
12,100,8.75,0,4,604,66.734375,77.359375,1.0794357061386108,58.1875,-0.2542978525161743
12,100,8.75,0,4,605,66.015625,79.140625,1.1396337747573853,58.296875,0.042707450687885284
12,100,8.75,0,4,606,66.546875,77.421875,1.0891450643539429,57.625,-0.4897795617580414
12,100,8.75,0,4,607,67.0,78.796875,1.0818536281585693,57.71875,-0.5234383344650269
12,100,8.75,0,4,608,68.34375,77.9375,1.042883038520813,58.171875,-0.4152352809906006
12,100,8.75,0,4,609,69.078125,77.65625,1.0452476739883423,57.65625,-0.5777351260185242
12,100,8.75,0,4,610,67.359375,78.3125,1.0830422639846802,57.59375,-0.7063812017440796
12,100,8.75,0,4,611,66.5625,78.734375,1.0983638763427734,57.109375,0.05012935400009155
12,100,8.75,0,4,612,67.640625,77.625,1.0488543510437012,58.40625,-0.45000094175338745
12,100,8.75,0,4,613,66.640625,82.46875,1.0608110427856445,56.453125,-0.5214852094650269
12,100,8.75,0,4,614,66.828125,79.0,1.0902252197265625,58.171875,0.14296793937683105
12,100,8.75,0,4,615,67.609375,79.0625,1.1151773929595947,57.703125,0.38398346304893494
12,100,8.75,0,4,616,66.984375,78.703125,1.128778338432312,57.6875,-0.19987055659294128
12,100,8.75,0,4,617,65.890625,78.390625,1.1383655071258545,57.90625,0.26262956857681274
12,100,8.75,0,4,618,66.34375,78.34375,1.0745768547058105,57.46875,-0.25852957367897034
12,100,8.75,0,4,619,66.484375,79.3125,1.0468475818634033,57.734375,-0.7556648254394531
12,100,8.75,0,4,620,66.515625,77.078125,1.1446112394332886,57.828125,-0.12539160251617432
12,100,8.75,0,4,621,68.546875,77.84375,1.1240102052688599,57.484375,-0.06256616115570068
12,100,8.75,0,4,622,68.703125,79.40625,1.1125354766845703,58.09375,0.05930908024311066
12,100,8.75,0,4,623,68.359375,77.015625,1.124320387840271,56.765625,-0.20397228002548218
12,100,8.75,0,4,624,68.3125,78.15625,1.10878586769104,57.078125,0.09179597347974777
12,100,8.75,0,4,625,67.75,79.671875,1.1044386625289917,58.015625,-0.34576910734176636
12,100,8.75,0,4,626,67.125,76.9375,1.135501742362976,58.375,0.13665282726287842
12,100,8.75,0,4,627,66.65625,79.265625,1.1067379713058472,57.90625,-0.14003978669643402
12,100,8.75,0,4,628,67.25,80.4375,1.1636524200439453,57.21875,-0.048242807388305664
12,100,8.75,0,4,629,66.71875,79.84375,1.1343467235565186,57.96875,0.1410147249698639
12,100,8.75,0,4,630,68.6875,77.828125,1.1168352365493774,57.5,0.3414704501628876
12,100,8.75,0,4,631,68.546875,79.234375,1.125054955482483,57.03125,0.027082523331046104
12,100,8.75,0,4,632,67.515625,78.796875,1.2022247314453125,58.109375,1.1225252151489258
12,100,8.75,0,4,633,67.703125,77.34375,1.1648885011672974,57.625,0.41555899381637573
12,100,8.75,0,4,634,66.234375,77.59375,1.0808786153793335,58.046875,-0.1255217045545578
12,100,8.75,0,4,635,67.109375,78.203125,1.0362344980239868,57.71875,-0.7466152906417847
12,100,8.75,0,4,636,66.859375,78.609375,1.0902281999588013,57.1875,-0.35507893562316895
12,100,8.75,0,4,637,68.40625,75.875,1.0718001127243042,58.125,-0.5560554265975952
12,100,8.75,0,4,638,67.921875,79.125,1.0728446245193481,56.921875,-0.08118574321269989
12,100,8.75,0,4,639,67.28125,77.53125,1.0546096563339233,57.921875,-0.27135491371154785
12,100,8.75,0,4,640,65.234375,79.5,1.1052792072296143,58.578125,0.4013664424419403
12,100,8.75,0,4,641,67.25,78.53125,1.0818461179733276,58.0,-0.17571699619293213
12,100,8.75,0,4,642,69.375,78.640625,1.1610403060913086,56.828125,0.5591138601303101
12,100,8.75,0,4,643,65.65625,78.296875,1.1325931549072266,58.421875,0.025975625962018967
12,100,8.75,0,4,644,66.015625,78.296875,1.1728332042694092,58.734375,0.9219391345977783
12,100,8.75,0,4,645,66.53125,78.234375,1.1329156160354614,58.234375,0.33111900091171265
12,100,8.75,0,4,646,67.171875,77.828125,1.0854851007461548,58.0625,-0.09707121551036835
12,100,8.75,0,4,647,67.140625,78.75,1.0800057649612427,57.96875,0.07480387389659882
12,100,8.75,0,4,648,67.34375,77.4375,1.10736083984375,58.296875,-0.15306076407432556
12,100,8.75,0,4,649,65.40625,80.15625,1.0583066940307617,58.328125,0.17122304439544678
12,100,8.75,0,4,650,67.421875,78.265625,1.1006468534469604,57.984375,-0.19609463214874268
12,100,8.75,0,4,651,68.078125,76.65625,1.1153024435043335,58.25,-0.02467525005340576
12,100,8.75,0,4,652,68.140625,77.5625,1.1165533065795898,57.96875,0.13502514362335205
12,100,8.75,0,4,653,66.328125,77.765625,1.0925358533859253,58.46875,0.11510328948497772
12,100,8.75,0,4,654,66.9375,77.0,1.030547022819519,58.0625,-0.8955087065696716
12,100,8.75,0,4,655,67.328125,77.84375,1.1039658784866333,57.609375,-0.28365981578826904
12,100,8.75,0,4,656,65.546875,77.796875,1.0904583930969238,58.234375,-0.3472664952278137
12,100,8.75,0,4,657,65.8125,79.40625,1.1717545986175537,57.546875,0.3987622857093811
12,100,8.75,0,4,658,67.90625,77.765625,1.147191047668457,57.671875,0.21699121594429016
12,100,8.75,0,4,659,65.421875,79.28125,1.1140446662902832,57.8125,-0.20071694254875183
12,100,8.75,0,4,660,68.421875,79.390625,1.0834808349609375,57.5625,-0.06725355237722397
12,100,8.75,0,4,661,69.3125,77.546875,1.1241271495819092,59.046875,0.32695215940475464
12,100,8.75,0,4,662,65.46875,79.875,1.0968618392944336,58.3125,-0.2583993077278137
12,100,8.75,0,4,663,68.5625,79.09375,1.0587495565414429,57.828125,-0.2123054563999176
12,100,8.75,0,4,664,67.5,78.46875,1.1210477352142334,57.578125,0.39778566360473633
12,100,8.75,0,4,665,66.140625,78.125,1.0929466485977173,57.46875,0.07962152361869812
12,100,8.75,0,4,666,69.015625,77.453125,1.0817302465438843,57.609375,-0.23509202897548676
12,100,8.75,0,4,667,67.375,80.296875,1.1456058025360107,58.015625,0.6156893968582153
12,100,8.75,0,4,668,68.140625,78.484375,1.1230839490890503,57.3125,-0.45260506868362427
12,100,8.75,0,4,669,67.28125,79.625,1.085194706916809,57.9375,-0.19915442168712616
12,100,8.75,0,4,670,66.40625,78.296875,1.162838101387024,57.640625,0.45650967955589294
12,100,8.75,0,4,671,66.828125,77.9375,1.0918852090835571,57.0625,-0.9514331817626953
12,100,8.75,0,4,672,65.859375,79.609375,1.2001781463623047,57.875,0.6561188697814941
12,100,8.75,0,4,673,66.640625,78.84375,1.1103975772857666,58.0,-0.04544353485107422
12,100,8.75,0,4,674,67.328125,77.71875,1.1005953550338745,58.125,-0.5348315238952637
12,100,8.75,0,4,675,66.1875,79.03125,1.1075462102890015,57.96875,0.24420487880706787
12,100,8.75,0,4,676,66.9375,79.265625,1.031641960144043,57.328125,-0.7502611875534058
12,100,8.75,0,4,677,66.953125,78.53125,1.1991875171661377,57.640625,0.21855378150939941
12,100,8.75,0,4,678,68.21875,79.703125,1.1804248094558716,57.703125,0.4539054334163666
12,100,8.75,0,4,679,66.828125,77.53125,1.0888112783432007,58.765625,-0.10768314450979233
12,100,8.75,0,4,680,66.015625,78.84375,1.1857881546020508,58.515625,0.49283766746520996
12,100,8.75,0,4,681,67.484375,77.765625,1.1250708103179932,56.96875,-0.25188887119293213
12,100,8.75,0,4,682,65.828125,79.765625,1.1016514301300049,57.84375,-0.2610686123371124
12,100,8.75,0,4,683,67.234375,78.734375,1.093000888824463,57.125,-0.10162844508886337
12,100,8.75,0,4,684,67.046875,78.734375,1.095200538635254,57.765625,-0.26080816984176636
12,100,8.75,0,4,685,67.578125,78.140625,1.1484911441802979,57.5,0.2190096080303192
12,100,8.75,0,4,686,65.734375,80.828125,1.096773624420166,58.015625,0.0763014554977417
12,100,8.75,0,4,687,66.484375,79.265625,1.1757211685180664,57.453125,0.5391919612884521
12,100,8.75,0,4,688,67.140625,80.390625,1.1036406755447388,57.3125,0.36288976669311523
12,100,8.75,0,4,689,68.421875,78.25,1.139023780822754,57.015625,-0.14733152091503143
12,100,8.75,0,4,690,68.609375,77.84375,1.1198463439941406,57.46875,-0.02148525044322014
12,100,8.75,0,4,691,67.1875,80.40625,1.137107014656067,58.296875,0.46360597014427185
12,100,8.75,0,4,692,69.515625,78.5,1.1041144132614136,56.78125,-0.2537769079208374
12,100,8.75,0,4,693,68.328125,80.484375,1.1203867197036743,57.921875,0.2033195197582245
12,100,8.75,0,4,694,66.71875,79.75,1.2017500400543213,58.125,0.963345468044281
12,100,8.75,0,4,695,65.90625,82.484375,1.1285130977630615,57.46875,0.0583975724875927
12,100,8.75,0,4,696,66.453125,81.515625,1.1707603931427002,57.203125,0.6700513362884521
12,100,8.75,0,4,697,64.953125,79.953125,1.1288065910339355,57.46875,-0.0429694764316082
12,100,8.75,0,4,698,68.34375,78.609375,1.1060436964035034,57.890625,0.11061110347509384
12,100,8.75,0,4,699,67.703125,79.046875,1.0588347911834717,57.28125,-0.6654955744743347
12,100,8.75,0,4,700,67.65625,79.84375,1.1582027673721313,57.328125,0.6055328845977783
12,100,8.75,0,4,701,68.375,79.203125,1.068199634552002,56.625,-0.434115469455719
12,100,8.75,0,4,702,68.9375,79.46875,1.1871941089630127,57.5625,0.6726552248001099
12,100,8.75,0,4,703,67.1875,79.625,1.12686288356781,57.609375,0.3563142418861389
12,100,8.75,0,4,704,66.390625,79.109375,1.1499853134155273,57.515625,0.3537752330303192
12,100,8.75,0,4,705,66.65625,78.765625,1.1562347412109375,58.046875,0.31640541553497314
12,100,8.75,0,4,706,67.21875,78.109375,1.1494252681732178,57.296875,0.5506502389907837
12,100,8.75,0,4,707,68.140625,77.875,1.12759268283844,58.34375,0.4848949909210205
12,100,8.75,0,4,708,66.21875,78.265625,1.1569021940231323,57.84375,-0.22825610637664795
12,100,8.75,0,4,709,65.59375,77.71875,1.0988014936447144,58.5625,-0.3215503394603729
12,100,8.75,0,4,710,66.109375,79.109375,1.1431658267974854,57.5,0.03762932866811752
12,100,8.75,0,4,711,66.375,78.265625,1.1230978965759277,57.75,-0.0018888216000050306
12,100,8.75,0,4,712,67.875,80.6875,1.1820805072784424,57.484375,0.7917309999465942
12,100,8.75,0,4,713,67.21875,78.640625,1.0900551080703735,57.53125,-0.2401699721813202
12,100,8.75,0,4,714,67.0,80.703125,1.208734393119812,58.0625,0.8767568469047546
12,100,8.75,0,4,715,67.421875,80.4375,1.1279038190841675,57.453125,0.660611093044281
12,100,8.75,0,4,716,66.09375,78.25,1.1034194231033325,57.84375,-0.09316496551036835
12,100,8.75,0,4,717,65.234375,82.109375,1.1228723526000977,58.21875,0.9407543540000916
12,100,8.75,0,4,718,66.25,78.734375,1.1518816947937012,58.640625,0.1789705753326416
12,100,8.75,0,4,719,66.90625,78.421875,1.1148258447647095,58.265625,0.41419172286987305
12,100,8.75,0,4,720,67.078125,79.453125,1.0870096683502197,57.84375,0.2501944899559021
12,100,8.75,0,4,721,65.265625,78.421875,1.202892541885376,57.8125,0.6230461001396179
12,100,8.75,0,4,722,66.28125,80.59375,1.1020233631134033,58.34375,-0.04726634547114372
12,100,8.75,0,4,723,67.140625,79.90625,1.1347190141677856,58.734375,0.6177725195884705
12,100,8.75,0,4,724,68.5,79.21875,1.1349811553955078,58.8125,0.6649078726768494
12,100,8.75,0,4,725,67.09375,78.75,1.124530553817749,57.765625,-0.22272203862667084
12,100,8.75,0,4,726,68.59375,78.453125,1.165258765220642,58.046875,0.31158778071403503
12,100,8.75,0,4,727,67.453125,79.75,1.0519773960113525,57.78125,-0.24303458631038666
12,100,8.75,0,4,728,66.6875,79.453125,1.0795990228652954,57.25,-0.1615893542766571
12,100,8.75,0,4,729,69.671875,77.328125,1.230141282081604,57.984375,1.0143871307373047
12,100,8.75,0,4,730,65.828125,79.875,1.1688462495803833,58.0,0.7456372976303101
12,100,8.75,0,4,731,67.515625,78.53125,1.172812581062317,58.140625,0.4866527318954468
12,100,8.75,0,4,732,68.671875,81.296875,1.1445046663284302,57.09375,0.41074138879776
12,100,8.75,0,4,733,66.796875,79.921875,1.1096246242523193,58.328125,0.6604158878326416
12,100,8.75,0,4,734,66.28125,80.15625,1.1533820629119873,57.8125,0.5781890749931335
12,100,8.75,0,4,735,63.78125,80.59375,1.1377261877059937,59.015625,0.5212230682373047
12,100,8.75,0,4,736,63.8125,79.484375,1.1965222358703613,57.84375,0.5307283401489258
12,100,8.75,0,4,737,66.828125,77.640625,1.157656192779541,58.109375,0.19166576862335205
12,100,8.75,0,4,738,65.421875,78.671875,1.1222012042999268,58.078125,0.0583324059844017
12,100,8.75,0,4,739,64.671875,80.03125,1.095682144165039,58.078125,-0.512240469455719
12,100,8.75,0,4,740,66.25,79.078125,1.1525294780731201,58.640625,0.4492177963256836
12,100,8.75,0,4,741,65.109375,77.90625,1.1458156108856201,58.546875,0.33378833532333374
12,100,8.75,0,4,742,67.265625,78.75,1.195099949836731,58.6875,0.7339836359024048
12,100,8.75,0,4,743,64.390625,78.125,1.175925850868225,59.484375,0.72135329246521
12,100,8.75,0,4,744,64.703125,77.765625,1.0764113664627075,58.0,-0.6058602929115295
12,100,8.75,0,4,745,65.0,80.515625,1.1390659809112549,57.625,0.6033845543861389
12,100,8.75,0,4,746,63.625,79.125,1.150732159614563,58.765625,0.7740225791931152
12,100,8.75,0,4,747,67.125,78.875,1.0910969972610474,57.578125,-0.26503992080688477
12,100,8.75,0,4,748,66.328125,80.359375,1.166955590248108,58.296875,0.04921786114573479
12,100,8.75,0,4,749,66.3125,80.265625,1.158168911933899,58.578125,0.4069001078605652
12,100,8.75,0,4,750,64.96875,77.40625,1.1505074501037598,58.984375,0.5037751793861389
12,100,8.75,0,4,751,65.28125,79.875,1.189243197441101,58.375,1.22024667263031
12,100,8.75,0,4,752,67.1875,80.25,1.1983011960983276,58.53125,0.6866528391838074
12,100,8.75,0,4,753,66.609375,78.796875,1.222676396369934,58.515625,0.8873039484024048
12,100,8.75,0,4,754,65.34375,79.984375,1.1828840970993042,58.296875,0.5058586001396179
12,100,8.75,0,4,755,66.734375,80.203125,1.1312212944030762,57.390625,0.09218676388263702
12,100,8.75,0,4,756,67.1875,80.640625,1.204950213432312,57.8125,0.7239574193954468
12,100,8.75,0,4,757,64.96875,80.265625,1.1752667427062988,58.375,0.19003824889659882
12,100,8.75,0,4,758,65.921875,78.8125,1.1573305130004883,58.328125,0.5112621784210205
12,100,8.75,0,4,759,66.6875,81.015625,1.1721702814102173,58.109375,0.5923818945884705
12,100,8.75,0,4,760,66.1875,80.734375,1.1599351167678833,57.625,0.573046088218689
12,100,8.75,0,4,761,66.78125,79.359375,1.1695019006729126,58.25,0.7384107112884521
12,100,8.75,0,4,762,67.828125,78.109375,1.2043583393096924,58.515625,0.9519521594047546
12,100,8.75,0,4,763,63.59375,80.203125,1.203244686126709,59.078125,0.7022127509117126
12,100,8.75,0,4,764,64.390625,79.25,1.1056610345840454,58.734375,-0.03522223234176636
12,100,8.75,0,4,765,64.875,78.0,1.1431806087493896,58.421875,0.3228507936000824
12,100,8.75,0,4,766,65.390625,80.65625,1.1437171697616577,58.328125,0.5771476030349731
12,100,8.75,0,4,767,66.59375,79.15625,1.1517422199249268,59.1875,0.8874340057373047
12,100,8.75,0,4,768,64.4375,79.046875,1.1336047649383545,58.296875,0.4127595126628876
12,100,8.75,0,4,769,65.5,78.875,1.1697043180465698,58.28125,0.55826735496521
12,100,8.75,0,4,770,65.28125,78.984375,1.1704168319702148,58.109375,0.47317618131637573
12,100,8.75,0,4,771,66.578125,77.6875,1.1133403778076172,58.34375,-0.12018321454524994
12,100,8.75,0,4,772,64.578125,79.984375,1.1195590496063232,58.546875,0.3496086597442627
12,100,8.75,0,4,773,64.875,79.5,1.1214383840560913,57.875,0.2190096080303192
12,100,8.75,0,4,774,63.796875,78.734375,1.1616610288619995,58.375,0.8182283639907837
12,100,8.75,0,4,775,65.453125,77.265625,1.1273099184036255,59.390625,0.867967963218689
12,100,8.75,0,4,776,65.65625,80.265625,1.1739145517349243,58.453125,1.22232985496521
12,100,8.75,0,4,777,64.9375,79.65625,1.119155764579773,58.171875,0.3914705216884613
12,100,8.75,0,4,778,65.015625,81.296875,1.1441487073898315,58.96875,0.746353268623352
12,100,8.75,0,4,779,62.953125,79.640625,1.216477870941162,59.140625,1.2809237241744995
12,100,8.75,0,4,780,65.0,79.15625,1.1313468217849731,58.46875,0.42304596304893494
12,100,8.75,0,4,781,64.1875,79.765625,1.1178572177886963,59.28125,0.6367180347442627
12,100,8.75,0,4,782,66.296875,77.421875,1.166269302368164,58.140625,0.4819653034210205
12,100,8.75,0,4,783,64.234375,80.90625,1.198225975036621,58.40625,1.0149730443954468
12,100,8.75,0,4,784,63.515625,80.109375,1.1477621793746948,59.0,0.0065096220932900906
12,100,8.75,0,4,785,65.578125,78.171875,1.1320289373397827,59.109375,0.5060539245605469
12,100,8.75,0,4,786,66.125,77.4375,1.187734842300415,59.046875,0.6243481636047363
12,100,8.75,0,4,787,64.328125,78.421875,1.1793957948684692,59.390625,0.9083327054977417
12,100,8.75,0,4,788,66.71875,79.21875,1.1240607500076294,59.265625,0.5270823836326599
12,100,8.75,0,4,789,64.65625,79.828125,1.1556389331817627,58.609375,0.45507723093032837
12,100,8.75,0,4,790,66.25,80.484375,1.162886142730713,58.515625,0.8460928201675415
12,100,8.75,0,4,791,66.625,80.125,1.1119720935821533,58.015625,-0.022657185792922974
12,100,8.75,0,4,792,64.65625,80.625,1.1899102926254272,57.890625,0.8255199193954468
12,100,8.75,0,4,793,66.78125,81.203125,1.2018418312072754,58.28125,0.8602852821350098
12,100,8.75,0,4,794,65.453125,80.109375,1.1061396598815918,58.8125,0.4254547357559204
12,100,8.75,0,4,795,68.296875,80.125,1.1770598888397217,59.0625,1.0794261693954468
12,100,8.75,0,4,796,65.5,82.328125,1.2395179271697998,58.671875,1.4415357112884521
12,100,8.75,0,4,797,65.828125,80.15625,1.0763046741485596,59.125,0.047134481370449066
12,100,8.75,0,4,798,65.734375,81.203125,1.173591136932373,58.453125,0.7384757399559021
12,100,8.75,0,4,799,65.546875,80.765625,1.1555204391479492,58.734375,0.56412672996521
12,100,8.75,01,0,0,59.859375,59.921875,0.9289812445640564,40.484375,6.215038299560547
12,100,8.75,01,0,1,60.109375,63.078125,0.8679375052452087,40.453125,7.044595241546631
12,100,8.75,01,0,2,59.953125,61.796875,0.894248902797699,40.359375,6.508397579193115
12,100,8.75,01,0,3,61.390625,61.8125,0.9755192399024963,40.984375,7.306313991546631
12,100,8.75,01,0,4,60.59375,62.28125,0.9053645133972168,42.203125,7.1877593994140625
12,100,8.75,01,0,5,60.359375,61.578125,0.8658117651939392,42.34375,6.754946708679199
12,100,8.75,01,0,6,60.765625,59.890625,0.8841851949691772,43.875,7.0236968994140625
12,100,8.75,01,0,7,61.765625,62.375,0.8552930355072021,44.03125,6.882681846618652
12,100,8.75,01,0,8,62.140625,62.96875,0.8879396319389343,43.859375,6.606769561767578
12,100,8.75,01,0,9,61.421875,61.203125,0.9020022749900818,45.765625,7.394399642944336
12,100,8.75,01,0,10,61.46875,62.09375,0.9561748504638672,46.359375,7.6115875244140625
12,100,8.75,01,0,11,59.125,60.359375,0.9075045585632324,47.5,7.328578948974609
12,100,8.75,01,0,12,61.0625,61.296875,0.8635321855545044,48.234375,7.109764099121094
12,100,8.75,01,0,13,60.734375,60.15625,0.9183400273323059,48.78125,7.366990566253662
12,100,8.75,01,0,14,60.1875,63.546875,0.9310861825942993,48.9375,8.06881332397461
12,100,8.75,01,0,15,60.015625,61.703125,0.9424083828926086,50.21875,8.182029724121094
12,100,8.75,01,0,16,59.625,61.59375,0.8927305340766907,50.921875,8.37936019897461
12,100,8.75,01,0,17,59.28125,61.328125,0.8835408091545105,51.375,7.964712142944336
12,100,8.75,01,0,18,58.5625,62.640625,0.9243788123130798,52.296875,8.629034996032715
12,100,8.75,01,0,19,59.78125,61.71875,0.9727950096130371,51.703125,8.576170921325684
12,100,8.75,01,0,20,58.390625,61.15625,0.9494084119796753,52.46875,8.208853721618652
12,100,8.75,01,0,21,57.296875,61.328125,0.8988856673240662,52.84375,8.360480308532715
12,100,8.75,01,0,22,56.96875,61.03125,0.904746949672699,53.328125,8.617837905883789
12,100,8.75,01,0,23,56.53125,59.890625,0.9026072025299072,53.765625,8.306639671325684
12,100,8.75,01,0,24,57.734375,61.3125,0.8851020932197571,53.75,8.105467796325684
12,100,8.75,01,0,25,55.421875,62.75,0.9183997511863708,54.125,8.94804573059082
12,100,8.75,01,0,26,56.0,59.125,0.8420493006706238,55.390625,7.700324535369873
12,100,8.75,01,0,27,56.5,60.0625,0.9207234978675842,54.640625,8.371809005737305
12,100,8.75,01,0,28,55.078125,59.953125,0.9018950462341309,54.9375,7.941079616546631
12,100,8.75,01,0,29,55.8125,61.21875,0.8742857575416565,54.671875,8.259699821472168
12,100,8.75,01,0,30,55.890625,62.15625,0.9099149703979492,55.0625,8.837498664855957
12,100,8.75,01,0,31,55.53125,63.953125,0.9074676036834717,54.9375,9.32050609588623
12,100,8.75,01,0,32,55.515625,63.140625,0.9245272278785706,55.1875,9.032225608825684
12,100,8.75,01,0,33,58.546875,62.375,0.8908363580703735,54.75,8.668619155883789
12,100,8.75,01,0,34,55.46875,61.3125,0.8997103571891785,55.078125,8.312238693237305
12,100,8.75,01,0,35,55.609375,63.15625,0.8744775056838989,55.296875,8.771417617797852
12,100,8.75,01,0,36,56.796875,63.234375,0.8698155283927917,54.734375,7.778578758239746
12,100,8.75,01,0,37,58.734375,62.03125,0.8828550577163696,54.640625,8.158071517944336
12,100,8.75,01,0,38,57.328125,62.0625,0.9318150281906128,55.5625,8.6338529586792
12,100,8.75,01,0,39,57.671875,62.234375,0.8885660171508789,55.5625,8.718944549560547
12,100,8.75,01,0,40,58.09375,62.875,0.9136027693748474,55.359375,8.516600608825684
12,100,8.75,01,0,41,56.78125,60.34375,0.9100162982940674,56.59375,8.13945198059082
12,100,8.75,01,0,42,56.75,63.0625,0.9553821682929993,55.5625,8.52910041809082
12,100,8.75,01,0,43,56.84375,62.3125,0.9511520862579346,57.296875,9.605728149414062
12,100,8.75,01,0,44,58.578125,60.6875,0.8786567449569702,55.796875,7.584568977355957
12,100,8.75,01,0,45,57.203125,63.4375,0.8981163501739502,56.09375,9.346808433532715
12,100,8.75,01,0,46,58.328125,61.34375,0.9067978858947754,56.59375,8.652017593383789
12,100,8.75,01,0,47,58.171875,63.25,0.9687259793281555,56.390625,9.3203763961792
12,100,8.75,01,0,48,58.546875,63.3125,0.922106146812439,56.3125,9.181379318237305
12,100,8.75,01,0,49,56.609375,62.921875,0.940201997756958,56.765625,9.15963363647461
12,100,8.75,01,0,50,57.546875,63.546875,0.9238842725753784,56.4375,8.809178352355957
12,100,8.75,01,0,51,56.765625,62.40625,0.8399295210838318,57.390625,8.460350036621094
12,100,8.75,01,0,52,57.015625,63.859375,0.9103775024414062,57.03125,9.127212524414062
12,100,8.75,01,0,53,57.859375,63.6875,0.8963807821273804,57.921875,9.63814926147461
12,100,8.75,01,0,54,58.15625,62.5,0.9828429818153381,57.984375,9.476300239562988
12,100,8.75,01,0,55,57.78125,65.25,0.9319558143615723,57.609375,9.71542739868164
12,100,8.75,01,0,56,57.765625,61.09375,0.9274574518203735,58.296875,9.211066246032715
12,100,8.75,01,0,57,59.046875,63.484375,0.9492236971855164,57.671875,9.454751968383789
12,100,8.75,01,0,58,57.28125,61.140625,0.8942282199859619,58.765625,8.8213529586792
12,100,8.75,01,0,59,57.265625,63.234375,0.9604912996292114,58.1875,9.77206802368164
12,100,8.75,01,0,60,57.78125,62.9375,0.9646281599998474,58.203125,9.422134399414062
12,100,8.75,01,0,61,58.3125,62.375,0.8436465859413147,58.765625,8.515298843383789
12,100,8.75,01,0,62,57.546875,63.9375,0.9479457139968872,58.296875,9.476430892944336
12,100,8.75,01,0,63,57.953125,61.453125,0.8681405782699585,59.328125,8.554620742797852
12,100,8.75,01,0,64,58.65625,62.015625,1.0024468898773193,57.84375,9.577277183532715
12,100,8.75,01,0,65,58.296875,63.640625,0.9879956841468811,58.640625,10.401300430297852
12,100,8.75,01,0,66,57.609375,63.234375,0.9526572823524475,58.359375,9.637368202209473
12,100,8.75,01,0,67,58.234375,64.078125,0.9204813241958618,57.9375,9.47187328338623
12,100,8.75,01,0,68,58.4375,64.1875,0.954777181148529,59.0,10.520896911621094
12,100,8.75,01,0,69,58.125,63.6875,0.9475727081298828,58.46875,9.710805892944336
12,100,8.75,01,0,70,58.828125,65.53125,0.9123189449310303,57.953125,9.399933815002441
12,100,8.75,01,0,71,57.671875,64.34375,0.9542190432548523,59.296875,10.045116424560547
12,100,8.75,01,0,72,58.015625,64.09375,0.913067102432251,59.28125,10.29146957397461
12,100,8.75,01,0,73,58.234375,65.3125,0.9509865641593933,59.59375,10.42656135559082
12,100,8.75,01,0,74,58.8125,65.921875,0.9311822056770325,58.78125,10.72441291809082
12,100,8.75,01,0,75,57.53125,65.453125,0.9249734878540039,59.203125,10.106639862060547
12,100,8.75,01,0,76,56.25,67.09375,0.9624316096305847,59.125,10.701820373535156
12,100,8.75,01,0,77,59.109375,64.96875,0.9622635841369629,60.25,11.311912536621094
12,100,8.75,01,0,78,56.921875,64.703125,0.9166097044944763,60.5625,10.617120742797852
12,100,8.75,01,0,79,56.578125,65.25,0.9399683475494385,60.4375,10.664257049560547
12,100,8.75,01,0,80,59.34375,64.8125,0.9188408851623535,59.484375,10.028188705444336
12,100,8.75,01,0,81,58.484375,64.8125,0.969393253326416,60.71875,10.675453186035156
12,100,8.75,01,0,82,57.75,65.28125,0.9583243131637573,59.453125,10.605466842651367
12,100,8.75,01,0,83,57.53125,65.21875,0.8638158440589905,60.265625,9.86471176147461
12,100,8.75,01,0,84,57.578125,65.109375,0.9006631970405579,59.84375,10.226625442504883
12,100,8.75,01,0,85,58.25,66.90625,0.9269354343414307,59.984375,10.432354927062988
12,100,8.75,01,0,86,56.53125,67.265625,0.889034628868103,59.28125,10.248696327209473
12,100,8.75,01,0,87,57.203125,64.15625,0.9430617094039917,60.203125,10.56113052368164
12,100,8.75,01,0,88,57.046875,65.296875,0.9696752429008484,59.359375,10.477210998535156
12,100,8.75,01,0,89,57.28125,68.59375,0.9908062219619751,60.015625,11.959699630737305
12,100,8.75,01,0,90,57.6875,65.28125,0.9769441485404968,59.65625,10.272068977355957
12,100,8.75,01,0,91,57.0625,65.28125,0.9056828022003174,60.0625,10.365233421325684
12,100,8.75,01,0,92,55.875,64.0,0.9491713643074036,60.21875,10.465819358825684
12,100,8.75,01,0,93,57.265625,66.609375,0.9157044291496277,59.40625,10.160871505737305
12,100,8.75,01,0,94,55.5625,66.703125,0.9234769940376282,59.375,10.174346923828125
12,100,8.75,01,0,95,57.375,66.609375,0.9099896550178528,59.90625,10.893356323242188
12,100,8.75,01,0,96,57.390625,64.8125,1.0125837326049805,60.296875,11.290363311767578
12,100,8.75,01,0,97,55.8125,67.625,0.999422550201416,60.421875,11.714973449707031
12,100,8.75,01,0,98,55.53125,66.96875,0.9671391844749451,60.375,11.528968811035156
12,100,8.75,01,0,99,58.09375,65.21875,0.9243429899215698,59.921875,10.33808422088623
12,100,8.75,01,0,100,56.65625,65.875,0.9529657959938049,60.46875,10.884307861328125
12,100,8.75,01,0,101,57.515625,66.390625,0.928397536277771,59.96875,10.515233039855957
12,100,8.75,01,0,102,55.6875,67.859375,0.9702637791633606,60.453125,11.451105117797852
12,100,8.75,01,0,103,56.953125,66.515625,0.91148442029953,60.078125,10.520766258239746
12,100,8.75,01,0,104,56.765625,67.28125,0.9926566481590271,60.578125,11.581507682800293
12,100,8.75,01,0,105,54.46875,67.53125,0.8773831129074097,60.015625,10.210676193237305
12,100,8.75,01,0,106,55.546875,67.109375,0.8905825018882751,59.765625,10.116860389709473
12,100,8.75,01,0,107,55.90625,66.125,0.9691062569618225,60.1875,11.395767211914062
12,100,8.75,01,0,108,56.4375,65.671875,1.021643042564392,60.484375,11.74003791809082
12,100,8.75,01,0,109,56.53125,66.765625,1.0193556547164917,59.75,11.812499046325684
12,100,8.75,01,0,110,56.21875,66.765625,1.0063008069992065,60.40625,11.949150085449219
12,100,8.75,01,0,111,56.71875,66.171875,0.9095034003257751,60.546875,10.931769371032715
12,100,8.75,01,0,112,55.203125,66.25,0.9616032838821411,60.265625,10.984764099121094
12,100,8.75,01,0,113,55.28125,67.203125,0.9278624057769775,60.5625,11.383657455444336
12,100,8.75,01,0,114,56.640625,66.515625,0.9486160278320312,60.421875,11.360740661621094
12,100,8.75,01,0,115,55.390625,66.09375,0.9438576102256775,61.015625,11.407615661621094
12,100,8.75,01,0,116,57.265625,67.109375,0.8875375986099243,59.78125,10.151691436767578
12,100,8.75,01,0,117,54.96875,67.890625,0.9448819160461426,60.640625,11.295570373535156
12,100,8.75,01,0,118,56.703125,67.65625,0.8864728212356567,60.015625,10.790037155151367
12,100,8.75,01,0,119,55.390625,66.5625,0.9620230197906494,59.765625,11.06002426147461
12,100,8.75,01,0,120,55.828125,66.953125,0.9284350275993347,61.046875,11.417901992797852
12,100,8.75,01,0,121,58.09375,66.15625,0.9153258800506592,59.3125,10.428644180297852
12,100,8.75,01,0,122,55.953125,67.84375,0.8871680498123169,60.234375,10.861326217651367
12,100,8.75,01,0,123,54.234375,67.1875,0.96628737449646,60.4375,12.005793571472168
12,100,8.75,01,0,124,55.796875,68.546875,0.9589440822601318,59.5625,11.40546703338623
12,100,8.75,01,0,125,58.5625,66.15625,0.9770200252532959,59.625,11.007354736328125
12,100,8.75,01,0,126,57.078125,68.078125,0.9949412941932678,60.375,11.87447738647461
12,100,8.75,01,0,127,56.34375,67.5,0.9353863596916199,59.609375,10.887693405151367
12,100,8.75,01,0,128,55.71875,69.0625,0.9782366752624512,59.828125,11.56393051147461
12,100,8.75,01,0,129,56.53125,69.125,0.9753637909889221,59.65625,11.9707670211792
12,100,8.75,01,0,130,57.40625,67.125,0.9548922777175903,59.5625,11.05058479309082
12,100,8.75,01,0,131,58.5625,66.59375,0.92973393201828,59.75,10.590494155883789
12,100,8.75,01,0,132,57.421875,66.5625,0.9314199686050415,59.375,10.700454711914062
12,100,8.75,01,0,133,56.9375,68.859375,0.9155333042144775,60.0625,10.897329330444336
12,100,8.75,01,0,134,56.21875,68.0,0.9762352705001831,60.234375,11.672719955444336
12,100,8.75,01,0,135,57.96875,66.53125,0.9422342777252197,59.8125,11.013995170593262
12,100,8.75,01,0,136,57.46875,68.421875,0.960446834564209,59.625,11.292837142944336
12,100,8.75,01,0,137,58.15625,68.8125,0.9766768217086792,59.921875,11.613670349121094
12,100,8.75,01,0,138,57.765625,68.09375,0.9273814558982849,60.25,11.47616958618164
12,100,8.75,01,0,139,56.875,68.859375,0.9800989031791687,60.609375,11.982419967651367
12,100,8.75,01,0,140,56.6875,68.078125,0.9229834079742432,59.96875,11.082876205444336
12,100,8.75,01,0,141,57.296875,66.234375,0.9224837422370911,60.828125,11.13652229309082
12,100,8.75,01,0,142,57.453125,67.421875,0.9849528074264526,59.9375,11.111586570739746
12,100,8.75,01,0,143,57.21875,67.671875,0.8902400732040405,59.265625,10.354751586914062
12,100,8.75,01,0,144,56.203125,68.703125,0.9557838439941406,59.90625,11.295637130737305
12,100,8.75,01,0,145,55.59375,66.703125,0.9703496694564819,60.90625,12.03853988647461
12,100,8.75,01,0,146,56.015625,67.15625,0.9434674978256226,60.515625,11.579946517944336
12,100,8.75,01,0,147,57.15625,66.09375,0.9267941117286682,60.390625,10.961066246032715
12,100,8.75,01,0,148,56.25,68.046875,0.9208481907844543,60.71875,11.233137130737305
12,100,8.75,01,0,149,57.671875,69.953125,0.9140476584434509,59.890625,11.231574058532715
12,100,8.75,01,0,150,55.84375,66.984375,0.9667267799377441,60.78125,12.0235013961792
12,100,8.75,01,0,151,56.296875,67.109375,0.9850870370864868,60.96875,11.580726623535156
12,100,8.75,01,0,152,55.40625,67.0,0.9694931507110596,60.703125,11.657159805297852
12,100,8.75,01,0,153,56.859375,68.078125,0.9329268336296082,61.265625,11.818748474121094
12,100,8.75,01,0,154,54.90625,69.265625,0.964926540851593,60.515625,12.01679515838623
12,100,8.75,01,0,155,55.78125,68.375,0.9271059632301331,60.328125,11.395179748535156
12,100,8.75,01,0,156,55.25,67.625,0.9383426904678345,60.265625,11.4522123336792
12,100,8.75,01,0,157,56.21875,67.4375,0.9342613220214844,60.578125,11.772523880004883
12,100,8.75,01,0,158,57.578125,66.625,0.9301769137382507,59.703125,10.686456680297852
12,100,8.75,01,0,159,56.53125,66.53125,0.9629006385803223,60.96875,11.6123685836792
12,100,8.75,01,0,160,55.515625,67.359375,0.9709957242012024,60.578125,12.20136547088623
12,100,8.75,01,0,161,56.53125,69.046875,0.9279068112373352,60.125,11.299478530883789
12,100,8.75,01,0,162,56.5,67.90625,1.00111722946167,60.375,12.15585708618164
12,100,8.75,01,0,163,55.5,68.734375,0.9501073360443115,59.9375,11.71054458618164
12,100,8.75,01,0,164,55.796875,69.375,0.9408050179481506,59.640625,11.732160568237305
12,100,8.75,01,0,165,56.6875,67.28125,0.9379167556762695,59.921875,11.013214111328125
12,100,8.75,01,0,166,56.71875,66.78125,0.9435251355171204,60.078125,11.40084457397461
12,100,8.75,01,0,167,56.578125,67.328125,0.92635577917099,60.265625,11.303512573242188
12,100,8.75,01,0,168,55.203125,68.984375,0.979469895362854,60.03125,12.062108993530273
12,100,8.75,01,0,169,54.625,68.703125,0.8772826790809631,59.59375,10.92148208618164
12,100,8.75,01,0,170,52.21875,67.53125,0.9914059042930603,60.90625,12.11601448059082
12,100,8.75,01,0,171,54.8125,68.9375,0.9536083936691284,59.765625,11.971221923828125
12,100,8.75,01,0,172,55.640625,66.953125,0.9624698758125305,59.46875,10.997915267944336
12,100,8.75,01,0,173,53.9375,68.21875,0.9488714933395386,60.328125,11.96334457397461
12,100,8.75,01,0,174,55.8125,67.09375,0.9414673447608948,59.953125,11.374671936035156
12,100,8.75,01,0,175,55.984375,66.296875,0.9524202346801758,59.484375,10.572264671325684
12,100,8.75,01,0,176,53.890625,66.65625,0.902433454990387,60.0,10.667120933532715
12,100,8.75,01,0,177,55.0625,67.34375,0.9488469958305359,59.5625,11.208331108093262
12,100,8.75,01,0,178,54.046875,68.046875,0.9917137622833252,60.265625,12.126691818237305
12,100,8.75,01,0,179,54.546875,67.671875,0.9716224074363708,59.734375,11.760025024414062
12,100,8.75,01,0,180,54.6875,66.65625,0.969156801700592,60.015625,11.317317008972168
12,100,8.75,01,0,181,54.671875,67.015625,0.9452614188194275,60.3125,11.765883445739746
12,100,8.75,01,0,182,53.734375,66.78125,1.0267133712768555,60.65625,12.299803733825684
12,100,8.75,01,0,183,55.0,66.859375,0.9666622281074524,60.375,11.547264099121094
12,100,8.75,01,0,184,55.46875,67.078125,0.9873970746994019,59.0625,11.736326217651367
12,100,8.75,01,0,185,54.8125,65.109375,0.9466299414634705,60.03125,10.939971923828125
12,100,8.75,01,0,186,55.53125,67.796875,0.9414054751396179,60.171875,11.391990661621094
12,100,8.75,01,0,187,53.875,68.671875,0.9564077854156494,59.640625,11.524085998535156
12,100,8.75,01,0,188,57.0625,66.71875,0.9573995471000671,59.71875,11.23945140838623
12,100,8.75,01,0,189,55.921875,66.421875,0.9345108270645142,61.125,11.772069931030273
12,100,8.75,01,0,190,55.859375,67.078125,0.9623998999595642,60.0625,11.656573295593262
12,100,8.75,01,0,191,56.4375,68.578125,0.9757714867591858,59.953125,11.76581859588623
12,100,8.75,01,0,192,56.0,66.796875,0.9543029069900513,61.09375,11.537238121032715
12,100,8.75,01,0,193,57.046875,67.0,0.8847426772117615,60.15625,10.824478149414062
12,100,8.75,01,0,194,53.859375,69.453125,0.9595364332199097,60.40625,12.169074058532715
12,100,8.75,01,0,195,55.34375,66.859375,0.9407731294631958,60.578125,11.55839729309082
12,100,8.75,01,0,196,55.34375,67.96875,0.9126818180084229,60.453125,11.27226448059082
12,100,8.75,01,0,197,55.859375,68.953125,0.8994632959365845,59.0625,10.786651611328125
12,100,8.75,01,0,198,55.796875,67.390625,0.8671028017997742,61.453125,11.084634780883789
12,100,8.75,01,0,199,57.25,67.015625,0.9644075632095337,60.109375,11.404230117797852
12,100,8.75,01,0,200,56.25,68.015625,0.9542871713638306,60.03125,11.564321517944336
12,100,8.75,01,0,201,55.796875,67.25,0.9493842124938965,60.734375,11.530012130737305
12,100,8.75,01,0,202,56.84375,67.140625,0.9574111104011536,60.484375,11.37089729309082
12,100,8.75,01,0,203,56.640625,66.46875,0.9566397070884705,60.625,11.324152946472168
12,100,8.75,01,0,204,57.53125,67.125,0.9435480833053589,59.328125,11.406900405883789
12,100,8.75,01,0,205,55.125,67.703125,0.8688116669654846,60.515625,11.430532455444336
12,100,8.75,01,0,206,54.6875,67.828125,0.9942238330841064,60.828125,12.194398880004883
12,100,8.75,01,0,207,54.578125,67.34375,0.9487705826759338,60.453125,11.52519416809082
12,100,8.75,01,0,208,54.5625,67.109375,0.9359186887741089,61.125,11.647784233093262
12,100,8.75,01,0,209,56.453125,67.5,0.9792467951774597,60.203125,11.709373474121094
12,100,8.75,01,0,210,56.296875,64.734375,0.9438465237617493,60.625,10.747459411621094
12,100,8.75,01,0,211,54.140625,68.03125,0.9346210360527039,60.90625,11.638343811035156
12,100,8.75,01,0,212,53.46875,66.34375,0.9602077603340149,61.453125,11.386065483093262
12,100,8.75,01,0,213,54.828125,68.109375,0.9843564033508301,61.109375,12.310480117797852
12,100,8.75,01,0,214,56.6875,65.484375,0.9738612771034241,60.90625,11.370962142944336
12,100,8.75,01,0,215,55.015625,66.9375,0.9248315095901489,60.9375,11.129034996032715
12,100,8.75,01,0,216,55.171875,67.421875,0.9594266414642334,61.15625,11.758788108825684
12,100,8.75,01,0,217,54.8125,65.65625,0.9466246962547302,60.953125,11.411911010742188
12,100,8.75,01,0,218,54.515625,64.625,0.9363327026367188,61.078125,11.317968368530273
12,100,8.75,01,0,219,53.953125,64.15625,0.9342985153198242,60.90625,10.682029724121094
12,100,8.75,01,0,220,53.921875,66.453125,0.919975221157074,61.296875,11.202016830444336
12,100,8.75,01,0,221,55.671875,66.078125,0.9047360420227051,60.859375,10.993682861328125
12,100,8.75,01,0,222,53.953125,64.296875,0.9789000749588013,61.078125,11.441795349121094
12,100,8.75,01,0,223,54.90625,66.0625,0.9554343223571777,61.4375,11.636978149414062
12,100,8.75,01,0,224,52.171875,65.75,0.9267513155937195,60.921875,11.115232467651367
12,100,8.75,01,0,225,52.96875,63.9375,0.9492722153663635,61.921875,11.304555892944336
12,100,8.75,01,0,226,54.078125,64.890625,1.0033771991729736,61.328125,11.417837142944336
12,100,8.75,01,0,227,53.875,65.046875,0.9225782155990601,61.859375,11.212173461914062
12,100,8.75,01,0,228,54.765625,63.65625,0.9823501110076904,62.28125,11.515753746032715
12,100,8.75,01,0,229,53.3125,66.53125,0.9294120073318481,61.78125,11.455988883972168
12,100,8.75,01,0,230,54.96875,64.609375,0.9548152089118958,61.046875,10.76249885559082
12,100,8.75,01,0,231,54.9375,65.640625,0.9385530352592468,61.5,11.450716018676758
12,100,8.75,01,0,232,54.0,64.234375,0.9522738456726074,61.8125,11.24980354309082
12,100,8.75,01,0,233,54.5625,65.265625,0.917444109916687,61.578125,10.705206871032715
12,100,8.75,01,0,234,56.171875,66.625,0.9768336415290833,60.859375,11.368682861328125
12,100,8.75,01,0,235,53.5625,65.859375,0.9773288369178772,61.703125,11.840559005737305
12,100,8.75,01,0,236,53.765625,65.734375,0.9340334534645081,61.59375,11.168813705444336
12,100,8.75,01,0,237,53.9375,64.953125,0.9872284531593323,61.84375,11.798174858093262
12,100,8.75,01,0,238,53.65625,65.09375,0.9000971913337708,62.09375,11.1309232711792
12,100,8.75,01,0,239,53.5,65.796875,0.9339326620101929,61.140625,11.506378173828125
12,100,8.75,01,0,240,54.25,65.046875,0.9925367832183838,61.53125,11.460219383239746
12,100,8.75,01,0,241,53.15625,65.40625,0.9827304482460022,61.328125,11.277342796325684
12,100,8.75,01,0,242,52.5625,65.0,0.9496592283248901,61.96875,11.522589683532715
12,100,8.75,01,0,243,54.59375,64.453125,1.002798080444336,61.15625,11.309959411621094
12,100,8.75,01,0,244,54.890625,63.03125,0.9134533405303955,61.34375,10.382941246032715
12,100,8.75,01,0,245,53.484375,65.34375,0.970569908618927,62.140625,11.993812561035156
12,100,8.75,01,0,246,54.09375,65.28125,0.9939576983451843,61.453125,11.729815483093262
12,100,8.75,01,0,247,55.234375,63.78125,0.9407302737236023,61.671875,11.1299467086792
12,100,8.75,01,0,248,55.234375,64.71875,0.9690954089164734,61.671875,11.265949249267578
12,100,8.75,01,0,249,55.125,65.40625,1.0174082517623901,61.28125,11.849151611328125
12,100,8.75,01,0,250,53.796875,64.625,1.0035040378570557,61.53125,12.186065673828125
12,100,8.75,01,0,251,54.625,64.859375,0.9764608144760132,61.015625,11.689452171325684
12,100,8.75,01,0,252,56.015625,63.640625,0.9763420224189758,62.0,11.431703567504883
12,100,8.75,01,0,253,53.34375,63.921875,0.9679346680641174,62.28125,11.470115661621094
12,100,8.75,01,0,254,53.359375,65.046875,0.8872268199920654,61.6875,10.71464729309082
12,100,8.75,01,0,255,54.140625,64.796875,1.0529685020446777,61.3125,11.639907836914062
12,100,8.75,01,0,256,53.5625,65.421875,0.9530081748962402,61.375,11.315752983093262
12,100,8.75,01,0,257,54.84375,63.09375,1.0291779041290283,60.984375,11.447525024414062
12,100,8.75,01,0,258,53.921875,64.453125,0.965606689453125,60.75,11.040428161621094
12,100,8.75,01,0,259,54.125,65.59375,0.9866132736206055,61.140625,11.179229736328125
12,100,8.75,01,0,260,55.171875,63.921875,0.9419261813163757,61.921875,11.05195140838623
12,100,8.75,01,0,261,54.109375,64.203125,0.9725431203842163,61.78125,11.65279769897461
12,100,8.75,01,0,262,52.75,63.921875,1.010845422744751,62.671875,12.005271911621094
12,100,8.75,01,0,263,52.875,64.015625,0.9430608749389648,61.609375,11.048110008239746
12,100,8.75,01,0,264,52.375,63.4375,0.9242223501205444,61.78125,10.9160795211792
12,100,8.75,01,0,265,54.515625,64.34375,0.9949271082878113,61.65625,11.69771957397461
12,100,8.75,01,0,266,55.46875,65.609375,1.0027297735214233,60.34375,11.282028198242188
12,100,8.75,01,0,267,56.5625,64.3125,0.9278162121772766,61.671875,11.047784805297852
12,100,8.75,01,0,268,53.46875,64.34375,0.930042564868927,62.0625,11.055335998535156
12,100,8.75,01,0,269,53.453125,64.03125,0.9268764853477478,61.65625,10.745311737060547
12,100,8.75,01,0,270,54.28125,63.515625,0.9642695784568787,61.625,10.682159423828125
12,100,8.75,01,0,271,52.84375,63.84375,0.9044202566146851,61.515625,10.287433624267578
12,100,8.75,01,0,272,53.390625,64.21875,0.965469479560852,61.796875,11.077472686767578
12,100,8.75,01,0,273,53.28125,64.890625,0.915422260761261,61.046875,10.83613109588623
12,100,8.75,01,0,274,51.78125,65.015625,0.9655991792678833,61.859375,11.7529935836792
12,100,8.75,01,0,275,52.5,65.890625,0.9313033223152161,61.953125,11.154685974121094
12,100,8.75,01,0,276,51.546875,65.78125,0.9634473919868469,61.765625,11.71822738647461
12,100,8.75,01,0,277,52.515625,64.234375,0.9502493739128113,61.703125,11.355596542358398
12,100,8.75,01,0,278,50.4375,64.59375,1.01287043094635,62.9375,11.65546703338623
12,100,8.75,01,0,279,51.75,64.984375,0.9189802408218384,61.71875,11.176170349121094
12,100,8.75,01,0,280,54.59375,64.65625,0.9273145198822021,61.53125,10.827471733093262
12,100,8.75,01,0,281,52.71875,64.421875,0.9714943170547485,61.828125,11.597589492797852
12,100,8.75,01,0,282,53.28125,63.828125,0.9015673995018005,62.234375,10.604881286621094
12,100,8.75,01,0,283,52.6875,63.203125,0.9861660003662109,62.15625,10.974021911621094
12,100,8.75,01,0,284,52.515625,63.78125,0.9427717328071594,62.0,11.172004699707031
12,100,8.75,01,0,285,53.921875,65.546875,0.9770697951316833,61.90625,11.66718578338623
12,100,8.75,01,0,286,55.65625,63.421875,0.8822497725486755,61.984375,10.3096342086792
12,100,8.75,01,0,287,54.609375,65.75,0.9316141605377197,61.1875,11.164775848388672
12,100,8.75,01,0,288,53.90625,65.765625,0.9822667241096497,61.78125,11.606054306030273
12,100,8.75,01,0,289,52.875,65.515625,0.9772312045097351,62.078125,11.695051193237305
12,100,8.75,01,0,290,54.703125,65.296875,0.9477592706680298,61.375,11.250518798828125
12,100,8.75,01,0,291,54.25,66.296875,0.9264644980430603,61.75,11.378644943237305
12,100,8.75,01,0,292,54.640625,65.734375,1.0112392902374268,61.625,11.97577953338623
12,100,8.75,01,0,293,53.0625,64.203125,0.9852056503295898,62.171875,11.33906078338623
12,100,8.75,01,0,294,52.390625,64.609375,0.9140544533729553,62.421875,11.15995979309082
12,100,8.75,01,0,295,54.078125,65.75,0.9871041774749756,61.734375,12.027145385742188
12,100,8.75,01,0,296,53.734375,65.703125,0.9399825930595398,61.65625,10.888084411621094
12,100,8.75,01,0,297,54.953125,65.953125,0.9917683005332947,61.359375,11.833593368530273
12,100,8.75,01,0,298,55.1875,66.734375,0.88541579246521,61.375,11.103057861328125
12,100,8.75,01,0,299,53.8125,66.28125,0.9635221362113953,61.625,11.670374870300293
12,100,8.75,01,0,300,52.9375,65.546875,0.9484215378761292,61.5625,11.2500638961792
12,100,8.75,01,0,301,53.765625,66.359375,0.9822795391082764,61.109375,11.552343368530273
12,100,8.75,01,0,302,57.109375,64.375,0.9783118367195129,61.203125,11.204100608825684
12,100,8.75,01,0,303,53.3125,65.203125,0.8968532681465149,62.59375,11.385675430297852
12,100,8.75,01,0,304,54.34375,66.53125,0.9867140650749207,60.125,10.720441818237305
12,100,8.75,01,0,305,54.765625,66.265625,0.9535360932350159,61.671875,11.168617248535156
12,100,8.75,01,0,306,52.328125,66.703125,0.8978325724601746,62.6875,12.0498685836792
12,100,8.75,01,0,307,52.90625,67.03125,0.9584187269210815,61.765625,12.130011558532715
12,100,8.75,01,0,308,52.96875,64.171875,0.9479532837867737,62.40625,11.774413108825684
12,100,8.75,01,0,309,54.078125,65.765625,0.9750151038169861,61.34375,11.661131858825684
12,100,8.75,01,0,310,53.046875,65.265625,1.008381962776184,63.171875,12.3506498336792
12,100,8.75,01,0,311,52.625,66.4375,0.9827643632888794,61.4375,11.710935592651367
12,100,8.75,01,0,312,54.078125,66.203125,0.9695245623588562,61.875,11.768814086914062
12,100,8.75,01,0,313,52.53125,66.375,0.9807679653167725,61.8125,11.8652982711792
12,100,8.75,01,0,314,54.703125,65.359375,0.9859457015991211,61.578125,11.300193786621094
12,100,8.75,01,0,315,52.921875,66.59375,0.95433109998703,61.453125,11.708266258239746
12,100,8.75,01,0,316,54.8125,67.796875,0.9545555114746094,60.640625,11.595441818237305
12,100,8.75,01,0,317,52.71875,66.25,0.9205060601234436,63.328125,12.37753677368164
12,100,8.75,01,0,318,52.953125,66.84375,0.9014674425125122,61.734375,11.111000061035156
12,100,8.75,01,0,319,54.84375,65.953125,0.9168232679367065,62.375,11.7735013961792
12,100,8.75,01,0,320,54.734375,65.09375,0.976365864276886,62.28125,11.898305892944336
12,100,8.75,01,0,321,55.515625,64.796875,0.94742751121521,61.34375,11.106117248535156
12,100,8.75,01,0,322,52.625,65.453125,0.999588668346405,62.125,11.566665649414062
12,100,8.75,01,0,323,51.390625,67.125,0.9458860158920288,61.625,11.77975082397461
12,100,8.75,01,0,324,52.96875,65.296875,0.9617422819137573,62.359375,12.250128746032715
12,100,8.75,01,0,325,52.765625,65.671875,0.9840459823608398,62.03125,11.89596176147461
12,100,8.75,01,0,326,52.140625,66.09375,0.9652113318443298,62.671875,12.337889671325684
12,100,8.75,01,0,327,54.96875,64.21875,0.9925073385238647,62.328125,11.571612358093262
12,100,8.75,01,0,328,53.0625,66.90625,0.9754175543785095,62.546875,12.537108421325684
12,100,8.75,01,0,329,54.078125,66.15625,0.9482114911079407,61.484375,11.44511604309082
12,100,8.75,01,0,330,52.515625,65.125,1.0222505331039429,62.40625,11.891924858093262
12,100,8.75,01,0,331,52.40625,66.78125,0.9839915037155151,62.21875,12.712499618530273
12,100,8.75,01,0,332,53.296875,65.234375,1.0374735593795776,62.46875,12.545570373535156
12,100,8.75,01,0,333,53.875,64.78125,0.9775504469871521,61.984375,11.58710765838623
12,100,8.75,01,0,334,53.828125,64.765625,0.9399095177650452,62.09375,11.355857849121094
12,100,8.75,01,0,335,52.84375,65.046875,0.9492467641830444,61.8125,11.327796936035156
12,100,8.75,01,0,336,53.421875,64.84375,0.9765670895576477,62.828125,12.14570140838623
12,100,8.75,01,0,337,53.375,64.9375,0.9430018067359924,62.375,11.628578186035156
12,100,8.75,01,0,338,52.15625,67.390625,0.9095450639724731,63.15625,12.17343521118164
12,100,8.75,01,0,339,52.140625,65.5625,0.9729629158973694,62.0625,11.98886489868164
12,100,8.75,01,0,340,53.4375,63.46875,0.9624022245407104,63.09375,11.694270133972168
12,100,8.75,01,0,341,52.5,62.890625,1.0161409378051758,62.515625,11.764320373535156
12,100,8.75,01,0,342,53.78125,64.828125,0.9059566259384155,62.640625,11.379034996032715
12,100,8.75,01,0,343,51.53125,65.5625,0.9046307802200317,63.0625,11.146352767944336
12,100,8.75,01,0,344,51.765625,65.25,0.9438300728797913,62.5625,11.869918823242188
12,100,8.75,01,0,345,53.40625,66.390625,0.9180079698562622,62.625,11.760543823242188
12,100,8.75,01,0,346,52.71875,65.625,0.9847511053085327,62.859375,12.119659423828125
12,100,8.75,01,0,347,53.90625,65.0625,0.8994060754776001,61.578125,10.848630905151367
12,100,8.75,01,0,348,51.265625,64.34375,0.9880014061927795,63.375,12.280662536621094
12,100,8.75,01,0,349,51.6875,64.875,0.9559161067008972,62.78125,11.447525024414062
12,100,8.75,01,0,350,51.125,66.328125,0.9794996976852417,62.984375,12.346351623535156
12,100,8.75,01,0,351,52.171875,65.84375,0.9111967086791992,62.828125,11.169464111328125
12,100,8.75,01,0,352,53.578125,65.296875,1.0054720640182495,62.59375,12.0703763961792
12,100,8.75,01,0,353,51.421875,67.421875,0.979378879070282,63.078125,12.8320951461792
12,100,8.75,01,0,354,53.828125,66.484375,0.9026784300804138,61.796875,10.808135986328125
12,100,8.75,01,0,355,51.703125,66.75,0.9823721647262573,62.5,12.588149070739746
12,100,8.75,01,0,356,54.0,67.078125,1.0079160928726196,61.96875,12.531248092651367
12,100,8.75,01,0,357,54.78125,67.0625,0.9854608774185181,62.03125,11.936195373535156
12,100,8.75,01,0,358,51.453125,67.4375,0.8911932706832886,62.71875,11.799476623535156
12,100,8.75,01,0,359,55.390625,66.03125,0.9155362844467163,62.28125,11.554555892944336
12,100,8.75,01,0,360,54.53125,68.140625,0.9102396368980408,62.0625,11.546548843383789
12,100,8.75,01,0,361,54.203125,69.25,0.9638117551803589,61.90625,12.880598068237305
12,100,8.75,01,0,362,53.296875,67.59375,0.9978706240653992,62.25,12.98710823059082
12,100,8.75,01,0,363,54.484375,69.296875,1.0040582418441772,61.171875,12.406248092651367
12,100,8.75,01,0,364,53.21875,66.296875,0.8916710615158081,62.546875,11.4512357711792
12,100,8.75,01,0,365,53.671875,66.78125,0.9789499044418335,62.625,12.619918823242188
12,100,8.75,01,0,366,54.234375,67.0625,0.9381351470947266,62.78125,12.633527755737305
12,100,8.75,01,0,367,53.21875,67.921875,0.9200453758239746,61.46875,11.11933422088623
12,100,8.75,01,0,368,54.15625,67.734375,0.9600909352302551,62.40625,11.830402374267578
12,100,8.75,01,0,369,54.140625,67.015625,0.9601267576217651,62.390625,12.226820945739746
12,100,8.75,01,0,370,54.953125,67.375,0.9776878952980042,62.15625,12.020767211914062
12,100,8.75,01,0,371,53.90625,68.015625,0.8810553550720215,62.828125,12.19784927368164
12,100,8.75,01,0,372,55.359375,67.0625,0.9635046720504761,61.0,11.74947738647461
12,100,8.75,01,0,373,54.40625,68.25,0.9761148691177368,62.015625,12.48749828338623
12,100,8.75,01,0,374,54.046875,66.28125,1.0026065111160278,62.5625,12.358266830444336
12,100,8.75,01,0,375,54.890625,68.09375,1.063854455947876,62.265625,13.177406311035156
12,100,8.75,01,0,376,53.890625,67.828125,0.9664007425308228,62.015625,12.0332670211792
12,100,8.75,01,0,377,54.953125,68.046875,0.8971883058547974,62.921875,12.037824630737305
12,100,8.75,01,0,378,55.65625,65.609375,0.9994983673095703,61.953125,12.126235961914062
12,100,8.75,01,0,379,55.140625,67.78125,0.9914416670799255,61.796875,11.854881286621094
12,100,8.75,01,0,380,52.453125,67.90625,1.024706244468689,62.796875,13.552017211914062
12,100,8.75,01,0,381,55.15625,66.359375,0.9872902035713196,61.6875,11.837237358093262
12,100,8.75,01,0,382,55.234375,65.5625,0.9624476432800293,62.40625,11.921417236328125
12,100,8.75,01,0,383,54.609375,67.0625,0.9430298805236816,61.46875,11.671873092651367
12,100,8.75,01,0,384,54.359375,67.03125,0.9323862195014954,62.359375,11.7764310836792
12,100,8.75,01,0,385,53.203125,67.34375,0.9704984426498413,62.34375,12.26620864868164
12,100,8.75,01,0,386,55.203125,66.65625,0.9267921447753906,62.484375,12.31588363647461
12,100,8.75,01,0,387,51.828125,66.875,0.9951744675636292,62.34375,12.40390396118164
12,100,8.75,01,0,388,54.0,67.421875,0.9855411648750305,62.171875,12.52779769897461
12,100,8.75,01,0,389,54.421875,65.203125,0.9194597601890564,63.09375,11.785871505737305
12,100,8.75,01,0,390,54.578125,66.1875,0.9658277630805969,62.203125,11.7891263961792
12,100,8.75,01,0,391,53.375,67.78125,0.9403278231620789,62.203125,12.28085708618164
12,100,8.75,01,0,392,53.375,67.109375,0.9675590991973877,62.546875,12.487432479858398
12,100,8.75,01,0,393,55.484375,67.140625,1.030542254447937,63.171875,13.123956680297852
12,100,8.75,01,0,394,53.609375,66.390625,0.9715875387191772,62.296875,11.75468635559082
12,100,8.75,01,0,395,53.328125,68.15625,0.9542195796966553,63.0625,12.497068405151367
12,100,8.75,01,0,396,51.21875,66.015625,0.9891115427017212,63.09375,12.301170349121094
12,100,8.75,01,0,397,52.40625,65.875,0.9405302405357361,62.65625,11.949087142944336
12,100,8.75,01,0,398,53.3125,66.53125,1.0055948495864868,62.390625,12.089126586914062
12,100,8.75,01,0,399,52.171875,65.265625,0.9387868046760559,63.0625,11.52851390838623
12,100,8.75,01,0,400,51.90625,66.078125,0.9702848196029663,63.046875,12.13925552368164
12,100,8.75,01,0,401,53.21875,64.421875,0.9397125244140625,62.9375,11.461456298828125
12,100,8.75,01,0,402,52.5,65.109375,0.9995490312576294,63.171875,12.670180320739746
12,100,8.75,01,0,403,53.671875,66.109375,0.9584906697273254,62.015625,11.453970909118652
12,100,8.75,01,0,404,53.015625,66.890625,0.959611713886261,62.546875,12.447654724121094
12,100,8.75,01,0,405,49.875,64.828125,0.957082986831665,63.640625,12.324542045593262
12,100,8.75,01,0,406,52.765625,65.125,0.9923145771026611,63.171875,12.20234203338623
12,100,8.75,01,0,407,52.671875,65.34375,0.9256548881530762,62.578125,11.59531021118164
12,100,8.75,01,0,408,51.734375,65.421875,0.9466381072998047,63.34375,11.894529342651367
12,100,8.75,01,0,409,53.09375,65.84375,0.9398943185806274,62.4375,11.711782455444336
12,100,8.75,01,0,410,51.953125,63.984375,0.9680750966072083,62.90625,11.801496505737305
12,100,8.75,01,0,411,52.0625,66.0625,1.0147044658660889,62.53125,12.243097305297852
12,100,8.75,01,0,412,53.296875,65.9375,1.020873785018921,63.484375,12.543292045593262
12,100,8.75,01,0,413,54.359375,64.71875,0.948387861251831,62.0625,11.455793380737305
12,100,8.75,01,0,414,52.484375,67.203125,0.9458497762680054,62.875,12.016535758972168
12,100,8.75,01,0,415,52.421875,67.125,0.9586094617843628,61.546875,11.48202896118164
12,100,8.75,01,0,416,54.5,65.421875,0.9721653461456299,62.109375,11.7881498336792
12,100,8.75,01,0,417,54.078125,65.625,1.0183119773864746,62.703125,12.573957443237305
12,100,8.75,01,0,418,53.90625,67.703125,0.8731208443641663,61.90625,10.98287582397461
12,100,8.75,01,0,419,52.515625,66.765625,0.9627048969268799,62.171875,11.994074821472168
12,100,8.75,01,0,420,53.78125,65.09375,1.0182161331176758,62.5,12.005727767944336
12,100,8.75,01,0,421,52.1875,65.4375,1.005924940109253,63.359375,12.802406311035156
12,100,8.75,01,0,422,53.328125,66.109375,0.9506805539131165,62.609375,12.222914695739746
12,100,8.75,01,0,423,54.65625,66.8125,0.9465200304985046,62.328125,11.941274642944336
12,100,8.75,01,0,424,54.03125,65.28125,1.0199625492095947,62.375,12.510870933532715
12,100,8.75,01,0,425,54.296875,64.953125,1.0111795663833618,62.4375,12.027992248535156
12,100,8.75,01,0,426,52.125,66.125,0.9641256928443909,62.25,12.123499870300293
12,100,8.75,01,0,427,53.03125,65.921875,0.9267570972442627,62.609375,11.50214672088623
12,100,8.75,01,0,428,51.53125,66.1875,0.9326358437538147,63.828125,12.391535758972168
12,100,8.75,01,0,429,53.640625,64.546875,1.003505825996399,62.71875,12.402212142944336
12,100,8.75,01,0,430,51.984375,66.703125,0.9511116743087769,62.703125,12.240884780883789
12,100,8.75,01,0,431,53.5,64.640625,0.9753064513206482,63.171875,12.124804496765137
12,100,8.75,01,0,432,53.90625,63.65625,0.9791227579116821,63.203125,11.628252983093262
12,100,8.75,01,0,433,52.15625,63.921875,1.0242902040481567,63.375,12.43808364868164
12,100,8.75,01,0,434,53.203125,64.265625,0.9718716740608215,63.03125,11.972328186035156
12,100,8.75,01,0,435,52.796875,67.59375,0.9622388482093811,63.265625,12.531768798828125
12,100,8.75,01,0,436,53.546875,66.03125,0.9793050289154053,62.59375,12.05937385559082
12,100,8.75,01,0,437,52.3125,66.609375,0.9237255454063416,62.734375,11.9434232711792
12,100,8.75,01,0,438,52.203125,66.234375,0.939853847026825,63.390625,12.17792797088623
12,100,8.75,01,0,439,52.3125,66.296875,0.9270913600921631,62.625,12.208983421325684
12,100,8.75,01,0,440,53.71875,65.890625,0.8977179527282715,62.8125,11.244399070739746
12,100,8.75,01,0,441,54.265625,67.125,0.9655914902687073,62.375,12.31002426147461
12,100,8.75,01,0,442,53.84375,66.265625,0.9745304584503174,62.90625,12.538671493530273
12,100,8.75,01,0,443,55.171875,66.796875,0.9978650808334351,61.78125,11.792381286621094
12,100,8.75,01,0,444,52.140625,65.25,0.9009207487106323,62.59375,11.447980880737305
12,100,8.75,01,0,445,52.6875,66.046875,0.9403306245803833,62.6875,11.800780296325684
12,100,8.75,01,0,446,53.875,65.390625,0.9740384817123413,62.921875,12.04706859588623
12,100,8.75,01,0,447,53.328125,66.8125,0.9008845686912537,62.609375,11.51510238647461
12,100,8.75,01,0,448,56.015625,66.578125,0.9408656358718872,61.890625,11.558982849121094
12,100,8.75,01,0,449,53.09375,68.609375,0.95228111743927,62.546875,12.604881286621094
12,100,8.75,01,0,450,52.328125,66.890625,0.9584014415740967,63.0625,12.197784423828125
12,100,8.75,01,0,451,52.578125,65.90625,0.9607118964195251,62.828125,11.944204330444336
12,100,8.75,01,0,452,54.390625,66.71875,0.9950842261314392,61.671875,11.57988166809082
12,100,8.75,01,0,453,52.09375,66.4375,0.8952056169509888,63.015625,11.708267211914062
12,100,8.75,01,0,454,52.171875,66.546875,1.004579782485962,62.765625,13.051692008972168
12,100,8.75,01,0,455,53.640625,65.171875,0.9414858818054199,62.984375,11.550649642944336
12,100,8.75,01,0,456,52.875,65.765625,0.9558858275413513,62.171875,11.714190483093262
12,100,8.75,01,0,457,55.8125,65.46875,0.9914273619651794,61.96875,11.80488109588623
12,100,8.75,01,0,458,52.703125,64.765625,0.9499572515487671,63.75,11.749022483825684
12,100,8.75,01,0,459,50.796875,65.921875,0.9945240020751953,63.109375,12.40377426147461
12,100,8.75,01,0,460,51.453125,66.296875,0.9847899079322815,63.109375,12.473371505737305
12,100,8.75,01,0,461,52.015625,65.6875,0.9955033659934998,63.453125,12.215949058532715
12,100,8.75,01,0,462,52.75,65.21875,0.9444279670715332,63.34375,11.87154769897461
12,100,8.75,01,0,463,53.359375,66.328125,1.0196415185928345,62.609375,12.288084983825684
12,100,8.75,01,0,464,50.59375,64.140625,0.9428949356079102,63.140625,11.612564086914062
12,100,8.75,01,0,465,53.046875,66.78125,0.9247385859489441,62.828125,12.2383451461792
12,100,8.75,01,0,466,51.015625,64.625,0.9495754241943359,63.78125,11.734634399414062
12,100,8.75,01,0,467,54.296875,66.015625,0.9613590836524963,63.296875,12.203969955444336
12,100,8.75,01,0,468,50.453125,65.15625,0.9438748955726624,63.734375,12.040037155151367
12,100,8.75,01,0,469,52.34375,65.453125,1.0131492614746094,63.03125,12.124346733093262
12,100,8.75,01,0,470,49.796875,65.140625,0.8938616514205933,64.265625,12.282094955444336
12,100,8.75,01,0,471,53.90625,64.6875,0.9729742407798767,62.375,11.87031078338623
12,100,8.75,01,0,472,52.21875,65.09375,1.0572319030761719,62.671875,12.628188133239746
12,100,8.75,01,0,473,51.109375,64.640625,0.9962595105171204,63.890625,12.482680320739746
12,100,8.75,01,0,474,51.203125,66.25,0.9560015201568604,63.46875,12.46601390838623
12,100,8.75,01,0,475,51.109375,65.015625,0.9923093318939209,64.0,13.113670349121094
12,100,8.75,01,0,476,51.0625,65.5,1.0054385662078857,63.671875,12.73066234588623
12,100,8.75,01,0,477,52.984375,63.625,0.9558194279670715,63.390625,11.238540649414062
12,100,8.75,01,0,478,51.046875,66.46875,0.994849681854248,63.09375,12.29635238647461
12,100,8.75,01,0,479,51.328125,64.59375,1.0261719226837158,63.21875,12.196027755737305
12,100,8.75,01,0,480,52.578125,65.890625,0.9158900380134583,63.46875,11.850257873535156
12,100,8.75,01,0,481,52.5625,63.546875,0.9423445463180542,63.828125,11.534112930297852
12,100,8.75,01,0,482,53.40625,64.671875,0.938267171382904,63.296875,11.626106262207031
12,100,8.75,01,0,483,52.234375,65.15625,0.9872502088546753,64.0,12.27910041809082
12,100,8.75,01,0,484,54.515625,64.21875,0.8858568072319031,62.796875,10.756574630737305
12,100,8.75,01,0,485,51.8125,65.953125,1.0119702816009521,62.859375,12.3067045211792
12,100,8.75,01,0,486,50.25,67.796875,1.015921950340271,63.234375,12.922460556030273
12,100,8.75,01,0,487,52.765625,64.34375,0.9712149500846863,63.734375,12.51054573059082
12,100,8.75,01,0,488,53.265625,65.0,0.9665995836257935,63.078125,11.899218559265137
12,100,8.75,01,0,489,52.015625,63.34375,0.9966568946838379,64.390625,12.55025863647461
12,100,8.75,01,0,490,52.734375,64.65625,0.962890088558197,63.0625,11.5567045211792
12,100,8.75,01,0,491,52.28125,66.0,0.9265292286872864,63.078125,11.802276611328125
12,100,8.75,01,0,492,50.359375,65.53125,0.9027717709541321,63.671875,11.684700012207031
12,100,8.75,01,0,493,51.484375,64.25,0.9590617418289185,63.40625,11.897199630737305
12,100,8.75,01,0,494,51.546875,66.015625,1.0189213752746582,63.640625,12.60468578338623
12,100,8.75,01,0,495,51.890625,63.765625,0.8989424705505371,63.703125,11.205012321472168
12,100,8.75,01,0,496,51.5,65.890625,0.9185888171195984,64.0625,12.130207061767578
12,100,8.75,01,0,497,52.25,66.375,1.0313433408737183,63.6875,13.102667808532715
12,100,8.75,01,0,498,51.546875,66.296875,0.983559787273407,64.0,12.593618392944336
12,100,8.75,01,0,499,50.671875,66.625,0.9885315299034119,63.40625,12.40546703338623
12,100,8.75,01,0,500,52.703125,67.0,0.908950686454773,62.703125,11.492186546325684
12,100,8.75,01,0,501,51.84375,67.609375,0.9845793843269348,62.71875,12.700324058532715
12,100,8.75,01,0,502,53.140625,65.78125,0.9100096225738525,63.65625,11.9434232711792
12,100,8.75,01,0,503,52.875,66.75,0.9667975306510925,63.09375,12.575193405151367
12,100,8.75,01,0,504,51.265625,66.046875,0.9884064197540283,64.203125,13.14205551147461
12,100,8.75,01,0,505,52.84375,65.453125,0.9590134024620056,63.40625,11.960871696472168
12,100,8.75,01,0,506,52.9375,65.671875,0.9632092714309692,63.234375,12.529230117797852
12,100,8.75,01,0,507,52.25,66.203125,0.9280215501785278,63.296875,11.516210556030273
12,100,8.75,01,0,508,51.96875,66.984375,1.0309064388275146,63.71875,12.946417808532715
12,100,8.75,01,0,509,51.28125,65.203125,0.9838413596153259,63.609375,12.219268798828125
12,100,8.75,01,0,510,51.609375,66.125,0.9886117577552795,63.9375,12.361196517944336
12,100,8.75,01,0,511,50.578125,67.609375,0.9513295292854309,63.296875,12.295440673828125
12,100,8.75,01,0,512,49.625,66.578125,0.9845022559165955,63.71875,12.782094955444336
12,100,8.75,01,0,513,51.21875,65.578125,0.9095847010612488,63.484375,11.688215255737305
12,100,8.75,01,0,514,52.09375,68.265625,1.0101330280303955,63.28125,13.322784423828125
12,100,8.75,01,0,515,51.578125,67.40625,0.9520626664161682,64.1875,12.823892593383789
12,100,8.75,01,0,516,51.34375,68.109375,0.9421935081481934,64.0,12.874281883239746
12,100,8.75,01,0,517,50.125,67.625,1.0064115524291992,63.953125,13.8613920211792
12,100,8.75,01,0,518,50.265625,67.59375,0.9572996497154236,64.0625,13.226886749267578
12,100,8.75,01,0,519,50.609375,67.609375,0.9017555713653564,64.390625,12.3203763961792
12,100,8.75,01,0,520,51.421875,67.109375,0.9647141695022583,63.671875,12.842512130737305
12,100,8.75,01,0,521,50.609375,65.328125,0.9628303050994873,64.140625,12.578840255737305
12,100,8.75,01,0,522,50.15625,66.59375,0.9305610656738281,64.875,12.784439086914062
12,100,8.75,01,0,523,52.4375,67.703125,0.9689856171607971,63.21875,12.857745170593262
12,100,8.75,01,0,524,52.15625,66.6875,0.9964659214019775,64.34375,13.569659233093262
12,100,8.75,01,0,525,51.3125,67.3125,0.981802225112915,64.328125,13.09238052368164
12,100,8.75,01,0,526,50.75,66.59375,0.912748396396637,64.25,12.159439086914062
12,100,8.75,01,0,527,50.421875,67.703125,0.9727935791015625,64.640625,13.067707061767578
12,100,8.75,01,0,528,47.84375,66.921875,0.9337196350097656,64.40625,12.489973068237305
12,100,8.75,01,0,529,50.046875,66.25,0.9937921762466431,64.5625,13.05429458618164
12,100,8.75,01,0,530,48.859375,67.375,1.0014287233352661,64.171875,13.32792854309082
12,100,8.75,01,0,531,50.203125,66.84375,0.9516350626945496,64.234375,12.332420349121094
12,100,8.75,01,0,532,51.75,66.796875,0.9973003268241882,64.0625,13.222784996032715
12,100,8.75,01,0,533,49.859375,67.15625,0.9414498805999756,64.4375,12.634894371032715
12,100,8.75,01,0,534,49.921875,67.796875,0.953652560710907,64.109375,12.559568405151367
12,100,8.75,01,0,535,51.046875,68.171875,1.0094221830368042,63.59375,12.975128173828125
12,100,8.75,01,0,536,51.46875,67.84375,0.9680604934692383,63.6875,12.5459623336792
12,100,8.75,01,0,537,51.359375,66.984375,0.9966139197349548,63.921875,12.98678207397461
12,100,8.75,01,0,538,50.1875,68.1875,0.9510358572006226,63.703125,12.663996696472168
12,100,8.75,01,0,539,52.21875,67.59375,1.0366451740264893,63.3125,12.980857849121094
12,100,8.75,01,0,540,50.296875,67.484375,0.9569748044013977,64.5625,12.917250633239746
12,100,8.75,01,0,541,50.296875,66.703125,1.0065162181854248,64.890625,13.067054748535156
12,100,8.75,01,0,542,50.765625,66.5,0.9683910608291626,63.40625,12.239126205444336
12,100,8.75,01,0,543,49.65625,66.09375,0.9415415525436401,64.171875,12.020050048828125
12,100,8.75,01,0,544,50.59375,66.71875,1.0017564296722412,63.484375,12.566274642944336
12,100,8.75,01,0,545,48.96875,66.6875,0.9721508026123047,64.453125,12.934112548828125
12,100,8.75,01,0,546,50.71875,65.125,0.9683705568313599,64.34375,12.126821517944336
12,100,8.75,01,0,547,52.5,66.40625,0.9840378165245056,63.734375,12.379751205444336
12,100,8.75,01,0,548,52.125,67.203125,0.9254174828529358,64.0,12.798500061035156
12,100,8.75,01,0,549,50.609375,67.265625,0.955203115940094,63.9375,12.3213529586792
12,100,8.75,01,0,550,50.0,65.53125,0.9797616600990295,65.0,12.748370170593262
12,100,8.75,01,0,551,51.4375,68.71875,1.0175998210906982,63.65625,13.448957443237305
12,100,8.75,01,0,552,50.78125,66.625,1.0152438879013062,63.8125,12.881637573242188
12,100,8.75,01,0,553,50.546875,67.65625,0.9730132818222046,64.6875,12.948240280151367
12,100,8.75,01,0,554,48.796875,65.84375,0.9691137671470642,65.4375,13.001299858093262
12,100,8.75,01,0,555,50.859375,68.53125,0.9281631112098694,64.59375,13.026691436767578
12,100,8.75,01,0,556,48.375,67.875,1.034922480583191,64.140625,13.701170921325684
12,100,8.75,01,0,557,49.78125,66.234375,1.0607621669769287,63.875,13.104360580444336
12,100,8.75,01,0,558,51.046875,68.109375,1.0069526433944702,64.265625,13.109634399414062
12,100,8.75,01,0,559,50.71875,67.171875,0.9930430054664612,63.75,13.19706916809082
12,100,8.75,01,0,560,48.390625,67.171875,0.9926673769950867,64.625,13.763343811035156
12,100,8.75,01,0,561,50.671875,66.984375,0.9991509318351746,64.484375,13.081183433532715
12,100,8.75,01,0,562,49.171875,68.265625,0.9857734441757202,64.0625,13.051237106323242
12,100,8.75,01,0,563,50.453125,68.40625,0.9829570651054382,64.65625,13.451950073242188
12,100,8.75,01,0,564,49.03125,68.171875,0.9466971158981323,64.65625,13.178839683532715
12,100,8.75,01,0,565,49.484375,69.796875,1.0045676231384277,64.453125,13.848241806030273
12,100,8.75,01,0,566,49.890625,69.5625,1.018467903137207,64.09375,13.832420349121094
12,100,8.75,01,0,567,50.34375,68.140625,1.0315557718276978,63.8125,13.350910186767578
12,100,8.75,01,0,568,50.03125,67.65625,0.9190036654472351,63.984375,12.237693786621094
12,100,8.75,01,0,569,49.421875,66.234375,0.9569938778877258,64.875,12.883657455444336
12,100,8.75,01,0,570,50.046875,69.5,0.9765650629997253,64.4375,14.093032836914062
12,100,8.75,01,0,571,50.65625,67.671875,1.0646880865097046,64.3125,13.834894180297852
12,100,8.75,01,0,572,50.828125,66.09375,0.9670009613037109,64.78125,12.482095718383789
12,100,8.75,01,0,573,49.15625,68.640625,1.0269904136657715,64.5625,13.738019943237305
12,100,8.75,01,0,574,49.8125,68.59375,1.0194634199142456,64.0625,13.428709983825684
12,100,8.75,01,0,575,50.8125,68.34375,0.976638674736023,63.890625,12.752277374267578
12,100,8.75,01,0,576,48.75,66.25,0.9258468151092529,65.21875,12.496221542358398
12,100,8.75,01,0,577,49.90625,69.21875,1.008135437965393,64.765625,14.040494918823242
12,100,8.75,01,0,578,51.609375,66.125,1.0037916898727417,64.671875,12.999152183532715
12,100,8.75,01,0,579,48.53125,69.203125,1.0059089660644531,64.875,13.5176420211792
12,100,8.75,01,0,580,48.546875,67.75,0.9786518812179565,65.609375,13.819398880004883
12,100,8.75,01,0,581,49.625,70.625,0.9438342452049255,64.3125,13.759763717651367
12,100,8.75,01,0,582,49.140625,68.109375,0.951911449432373,65.296875,13.56295394897461
12,100,8.75,01,0,583,50.578125,68.46875,0.9903277158737183,64.484375,13.508265495300293
12,100,8.75,01,0,584,49.90625,69.484375,0.9559240937232971,64.734375,13.623175621032715
12,100,8.75,01,0,585,49.359375,68.8125,0.9467527270317078,65.25,13.52656078338623
12,100,8.75,01,0,586,49.171875,66.78125,1.0016741752624512,64.53125,13.33964729309082
12,100,8.75,01,0,587,51.046875,67.453125,1.0393131971359253,64.6875,13.5830717086792
12,100,8.75,01,0,588,50.734375,67.140625,0.9603817462921143,64.21875,12.6895170211792
12,100,8.75,01,0,589,51.078125,66.921875,1.0246634483337402,64.9375,13.56588363647461
12,100,8.75,01,0,590,49.28125,66.421875,0.9753105044364929,64.625,12.745962142944336
12,100,8.75,01,0,591,48.96875,67.328125,0.9395565986633301,65.078125,12.891210556030273
12,100,8.75,01,0,592,50.265625,66.5,0.9462794661521912,64.640625,12.925909042358398
12,100,8.75,01,0,593,49.015625,66.5,1.019453763961792,64.75,13.40546703338623
12,100,8.75,01,0,594,49.78125,66.984375,0.9887229800224304,65.21875,13.63652229309082
12,100,8.75,01,0,595,48.3125,67.171875,0.9682280421257019,64.765625,13.082159042358398
12,100,8.75,01,0,596,50.484375,67.515625,1.0275605916976929,64.390625,13.344594955444336
12,100,8.75,01,0,597,49.546875,67.0,0.9890516400337219,64.4375,13.017120361328125
12,100,8.75,01,0,598,49.484375,67.296875,1.0558018684387207,65.921875,14.204490661621094
12,100,8.75,01,0,599,48.203125,67.40625,1.0840058326721191,65.59375,14.406051635742188
12,100,8.75,01,0,600,50.03125,68.59375,0.9721038341522217,64.875,13.524737358093262
12,100,8.75,01,0,601,52.28125,67.3125,0.9428901076316833,65.15625,12.83769416809082
12,100,8.75,01,0,602,50.25,68.34375,1.0547598600387573,64.40625,13.98652172088623
12,100,8.75,01,0,603,49.015625,68.375,1.0661392211914062,65.21875,14.470049858093262
12,100,8.75,01,0,604,50.328125,68.421875,0.9814872145652771,64.6875,13.47714614868164
12,100,8.75,01,0,605,50.5625,66.484375,0.931458592414856,65.109375,12.833982467651367
12,100,8.75,01,0,606,50.40625,67.484375,1.0484923124313354,64.65625,13.904620170593262
12,100,8.75,01,0,607,50.0625,69.203125,0.9832603335380554,64.671875,13.724215507507324
12,100,8.75,01,0,608,50.890625,67.875,0.9629071950912476,64.828125,13.2676420211792
12,100,8.75,01,0,609,50.109375,67.46875,0.9698633551597595,64.828125,13.399282455444336
12,100,8.75,01,0,610,49.828125,68.46875,0.9551264643669128,64.859375,13.748891830444336
12,100,8.75,01,0,611,49.953125,67.265625,0.9799957871437073,65.1875,13.501625061035156
12,100,8.75,01,0,612,49.5625,69.296875,0.989101231098175,65.171875,13.9492826461792
12,100,8.75,01,0,613,49.046875,68.171875,0.9090698957443237,64.5625,12.647850036621094
12,100,8.75,01,0,614,48.9375,68.15625,0.9997290372848511,64.734375,13.726366996765137
12,100,8.75,01,0,615,51.796875,71.203125,0.9852156639099121,63.3125,13.752080917358398
12,100,8.75,01,0,616,47.5625,70.234375,1.0318833589553833,66.28125,15.637239456176758
12,100,8.75,01,0,617,49.671875,70.5625,1.0021531581878662,64.546875,14.198955535888672
12,100,8.75,01,0,618,49.03125,71.828125,0.9664058089256287,64.21875,13.930597305297852
12,100,8.75,01,0,619,49.265625,69.03125,0.9354469180107117,65.046875,13.323827743530273
12,100,8.75,01,0,620,48.9375,68.734375,0.9749605655670166,64.953125,13.76249885559082
12,100,8.75,01,0,621,47.953125,67.5625,1.0479661226272583,65.515625,13.858721733093262
12,100,8.75,01,0,622,53.25,68.375,1.0326606035232544,63.875,13.360414505004883
12,100,8.75,01,0,623,50.1875,67.125,0.9558408260345459,65.28125,12.589126586914062
12,100,8.75,01,0,624,50.5625,68.296875,0.9641005396842957,64.1875,12.847003936767578
12,100,8.75,01,0,625,50.203125,67.921875,0.9672974944114685,64.359375,13.151625633239746
12,100,8.75,01,0,626,49.328125,66.796875,1.046779990196228,64.53125,13.462172508239746
12,100,8.75,01,0,627,51.1875,67.65625,1.045142650604248,64.109375,13.324737548828125
12,100,8.75,01,0,628,48.78125,68.90625,1.0007506608963013,64.734375,13.428645133972168
12,100,8.75,01,0,629,49.21875,68.6875,1.0155022144317627,65.640625,13.901885986328125
12,100,8.75,01,0,630,47.265625,68.046875,0.9671622514724731,65.671875,13.557355880737305
12,100,8.75,01,0,631,49.640625,68.15625,1.0442842245101929,64.359375,13.526039123535156
12,100,8.75,01,0,632,48.296875,69.53125,0.9775384068489075,64.90625,13.634698867797852
12,100,8.75,01,0,633,47.46875,68.8125,0.9951717257499695,65.828125,13.580467224121094
12,100,8.75,01,0,634,49.40625,68.5625,0.9601829051971436,65.140625,13.248695373535156
12,100,8.75,01,0,635,48.5625,69.125,1.0091867446899414,65.046875,13.560023307800293
12,100,8.75,01,0,636,49.984375,67.828125,1.007930040359497,65.0625,13.555792808532715
12,100,8.75,01,0,637,48.703125,69.109375,0.9846525192260742,65.375,14.006118774414062
12,100,8.75,01,0,638,48.09375,68.40625,1.0377178192138672,65.578125,14.17206859588623
12,100,8.75,01,0,639,48.1875,69.734375,0.9491807818412781,64.78125,13.116209030151367
12,100,8.75,01,0,640,48.5625,69.046875,1.0377439260482788,65.109375,13.479815483093262
12,100,8.75,01,0,641,47.09375,67.296875,1.0557392835617065,65.171875,13.67721176147461
12,100,8.75,01,0,642,49.78125,67.890625,0.9605291485786438,65.78125,13.409438133239746
12,100,8.75,01,0,643,48.1875,67.25,0.9761516451835632,64.734375,12.802145957946777
12,100,8.75,01,0,644,48.890625,69.21875,0.9694832563400269,65.71875,13.829490661621094
12,100,8.75,01,0,645,49.21875,68.984375,0.9823903441429138,65.6875,13.99101448059082
12,100,8.75,01,0,646,49.703125,68.40625,0.9680482149124146,65.046875,13.240819931030273
12,100,8.75,01,0,647,50.375,67.328125,1.002486228942871,65.859375,13.709242820739746
12,100,8.75,01,0,648,49.703125,69.328125,1.0032905340194702,64.25,13.859827995300293
12,100,8.75,01,0,649,50.828125,69.859375,0.9910510182380676,64.28125,13.717445373535156
12,100,8.75,01,0,650,49.234375,68.265625,1.0005650520324707,65.484375,14.230728149414062
12,100,8.75,01,0,651,47.53125,67.5625,0.9939948320388794,64.859375,13.74335765838623
12,100,8.75,01,0,652,48.203125,67.015625,1.007599115371704,65.53125,13.6690092086792
12,100,8.75,01,0,653,46.265625,69.171875,1.0457870960235596,65.0,14.167967796325684
12,100,8.75,01,0,654,48.328125,68.140625,1.0256515741348267,65.328125,14.161195755004883
12,100,8.75,01,0,655,46.28125,67.796875,1.0416882038116455,65.453125,14.013148307800293
12,100,8.75,01,0,656,47.8125,69.609375,0.9970520734786987,64.40625,13.802343368530273
12,100,8.75,01,0,657,48.265625,67.640625,0.984507143497467,65.21875,13.3633451461792
12,100,8.75,01,0,658,48.765625,67.65625,1.019148349761963,65.28125,13.5166654586792
12,100,8.75,01,0,659,47.984375,67.515625,1.0459022521972656,66.34375,14.025779724121094
12,100,8.75,01,0,660,47.140625,66.375,0.95554518699646,66.609375,13.658330917358398
12,100,8.75,01,0,661,47.015625,67.1875,0.9912471771240234,65.484375,13.51900863647461
12,100,8.75,01,0,662,48.703125,66.515625,1.074360966682434,65.046875,13.408137321472168
12,100,8.75,01,0,663,46.0625,66.515625,1.0062620639801025,66.15625,13.6270170211792
12,100,8.75,01,0,664,46.296875,66.96875,0.9877130389213562,65.765625,13.187368392944336
12,100,8.75,01,0,665,47.453125,66.25,0.976921796798706,65.375,13.222590446472168
12,100,8.75,01,0,666,47.171875,66.90625,1.0410362482070923,65.09375,13.74531078338623
12,100,8.75,01,0,667,46.84375,68.234375,1.018984317779541,65.40625,13.823501586914062
12,100,8.75,01,0,668,48.75,67.84375,1.0056047439575195,64.75,13.875909805297852
12,100,8.75,01,0,669,48.296875,67.453125,1.0485934019088745,65.625,14.13984203338623
12,100,8.75,01,0,670,48.265625,69.25,0.9713711142539978,65.125,13.69609260559082
12,100,8.75,01,0,671,50.40625,68.015625,0.9861887693405151,64.46875,12.78339672088623
12,100,8.75,01,0,672,46.328125,69.734375,1.0375925302505493,65.875,14.55156135559082
12,100,8.75,01,0,673,46.921875,70.015625,1.0414843559265137,65.53125,14.883787155151367
12,100,8.75,01,0,674,47.015625,69.0,1.0398330688476562,65.953125,14.380011558532715
12,100,8.75,01,0,675,48.1875,66.78125,0.9739437103271484,65.40625,13.052668571472168
12,100,8.75,01,0,676,47.875,68.6875,0.9808964133262634,65.53125,13.675064086914062
12,100,8.75,01,0,677,47.65625,68.34375,0.966942310333252,65.4375,13.393293380737305
12,100,8.75,01,0,678,46.828125,68.90625,0.9688000082969666,66.078125,14.501951217651367
12,100,8.75,01,0,679,48.765625,69.734375,0.9749488234519958,65.109375,13.864973068237305
12,100,8.75,01,0,680,49.90625,69.171875,1.0078154802322388,65.328125,13.588605880737305
12,100,8.75,01,0,681,49.984375,69.5,0.9795083403587341,65.03125,13.720571517944336
12,100,8.75,01,0,682,48.625,70.046875,1.0037965774536133,65.234375,14.188735961914062
12,100,8.75,01,0,683,48.609375,67.515625,0.984549343585968,65.5625,13.667251586914062
12,100,8.75,01,0,684,50.625,68.546875,0.9807925820350647,65.265625,13.88144302368164
12,100,8.75,01,0,685,49.609375,68.078125,0.9816466569900513,65.828125,13.998435974121094
12,100,8.75,01,0,686,48.921875,69.25,1.0640097856521606,65.046875,14.607290267944336
12,100,8.75,01,0,687,50.46875,68.71875,0.9985557198524475,65.453125,13.826430320739746
12,100,8.75,01,0,688,49.046875,68.75,0.9469374418258667,65.34375,13.345441818237305
12,100,8.75,01,0,689,48.453125,67.640625,0.9897457361221313,65.9375,13.764907836914062
12,100,8.75,01,0,690,48.953125,68.328125,1.0161590576171875,65.84375,13.834373474121094
12,100,8.75,01,0,691,48.40625,67.65625,0.9795678853988647,65.625,13.744528770446777
12,100,8.75,01,0,692,45.796875,66.4375,1.014600396156311,66.796875,14.058332443237305
12,100,8.75,01,0,693,49.265625,68.265625,1.0022960901260376,64.859375,13.87617015838623
12,100,8.75,01,0,694,48.28125,67.921875,1.0381320714950562,65.46875,13.879165649414062
12,100,8.75,01,0,695,49.40625,69.0,1.0171204805374146,65.125,13.960088729858398
12,100,8.75,01,0,696,47.703125,68.75,1.0188164710998535,65.578125,14.59745979309082
12,100,8.75,01,0,697,48.296875,67.234375,0.9874514937400818,65.9375,13.823370933532715
12,100,8.75,01,0,698,47.328125,67.390625,1.03495192527771,66.390625,14.513018608093262
12,100,8.75,01,0,699,48.171875,68.78125,1.0405571460723877,65.46875,14.236846923828125
12,100,8.75,01,0,700,48.34375,66.75,1.0430874824523926,65.5625,13.731898307800293
12,100,8.75,01,0,701,45.984375,67.640625,1.0272207260131836,65.765625,14.022719383239746
12,100,8.75,01,0,702,46.53125,67.203125,0.983895480632782,66.4375,13.772588729858398
12,100,8.75,01,0,703,47.71875,66.375,1.0168181657791138,66.15625,13.829035758972168
12,100,8.75,01,0,704,48.328125,67.1875,1.0225536823272705,66.578125,14.2236967086792
12,100,8.75,01,0,705,47.75,67.578125,1.0615622997283936,66.03125,14.642967224121094
12,100,8.75,01,0,706,48.390625,66.375,1.0025148391723633,66.0625,13.70846176147461
12,100,8.75,01,0,707,47.234375,67.140625,0.9579828977584839,65.734375,13.1953763961792
12,100,8.75,01,0,708,47.625,69.078125,0.9700970649719238,66.421875,14.319984436035156
12,100,8.75,01,0,709,46.515625,68.421875,0.9526200890541077,66.5625,13.7979154586792
12,100,8.75,01,0,710,48.59375,67.15625,0.995991051197052,66.375,14.278448104858398
12,100,8.75,01,0,711,47.859375,66.65625,1.0254967212677002,66.34375,14.17167854309082
12,100,8.75,01,0,712,46.46875,66.578125,1.0372768640518188,67.0,14.288930892944336
12,100,8.75,01,0,713,48.546875,67.84375,0.9700354933738708,65.5625,13.25826644897461
12,100,8.75,01,0,714,46.671875,67.78125,0.9681729674339294,66.484375,13.828775405883789
12,100,8.75,01,0,715,46.34375,67.640625,0.9970903396606445,65.765625,14.432159423828125
12,100,8.75,01,0,716,48.578125,68.765625,0.9988600015640259,65.796875,14.291339874267578
12,100,8.75,01,0,717,45.96875,68.3125,1.0187557935714722,66.28125,14.313604354858398
12,100,8.75,01,0,718,46.4375,67.671875,1.0363073348999023,67.28125,14.752798080444336
12,100,8.75,01,0,719,47.25,68.40625,1.0222759246826172,65.90625,14.352537155151367
12,100,8.75,01,0,720,47.578125,67.8125,1.0621190071105957,66.421875,14.566274642944336
12,100,8.75,01,0,721,46.375,68.40625,1.0664904117584229,65.96875,14.500323295593262
12,100,8.75,01,0,722,46.328125,67.703125,0.9867426753044128,66.765625,13.804359436035156
12,100,8.75,01,0,723,45.59375,68.640625,0.994443953037262,66.453125,14.307615280151367
12,100,8.75,01,0,724,45.828125,68.453125,1.0116207599639893,67.3125,14.863409996032715
12,100,8.75,01,0,725,45.765625,67.234375,0.9586496353149414,66.46875,13.588668823242188
12,100,8.75,01,0,726,47.578125,67.921875,1.002783179283142,66.984375,14.466731071472168
12,100,8.75,01,0,727,46.484375,67.9375,1.0488606691360474,67.90625,15.393683433532715
12,100,8.75,01,0,728,47.40625,67.828125,0.9889193773269653,66.875,14.599608421325684
12,100,8.75,01,0,729,45.84375,67.796875,1.085445761680603,66.421875,14.914060592651367
12,100,8.75,01,0,730,46.609375,69.0,1.0643460750579834,66.265625,14.71796703338623
12,100,8.75,01,0,731,46.40625,68.921875,0.9748997688293457,65.796875,14.136457443237305
12,100,8.75,01,0,732,47.3125,67.609375,1.0021635293960571,66.46875,13.984048843383789
12,100,8.75,01,0,733,43.484375,67.140625,0.9744399785995483,66.625,13.69843578338623
12,100,8.75,01,0,734,46.03125,66.546875,0.9737727642059326,66.9375,14.09225082397461
12,100,8.75,01,0,735,45.328125,66.734375,1.0843188762664795,67.265625,14.829099655151367
12,100,8.75,01,0,736,45.796875,66.0,1.011375069618225,67.125,13.9795560836792
12,100,8.75,01,0,737,43.4375,66.765625,0.9928898811340332,68.375,14.276168823242188
12,100,8.75,01,0,738,45.328125,67.796875,1.0524977445602417,67.453125,14.748695373535156
12,100,8.75,01,0,739,43.3125,67.90625,1.0002399682998657,67.171875,14.479425430297852
12,100,8.75,01,0,740,44.625,67.765625,0.979520320892334,67.5,13.806312561035156
12,100,8.75,01,0,741,45.1875,67.8125,1.079295039176941,67.328125,15.02265453338623
12,100,8.75,01,0,742,45.453125,69.390625,0.9589071273803711,66.8125,14.046028137207031
12,100,8.75,01,0,743,45.203125,66.375,1.064063549041748,66.796875,14.100714683532715
12,100,8.75,01,0,744,45.171875,68.234375,1.0179225206375122,66.796875,14.358331680297852
12,100,8.75,01,0,745,44.53125,66.234375,0.9938110709190369,67.53125,13.628840446472168
12,100,8.75,01,0,746,45.578125,64.390625,0.9849203824996948,67.453125,13.526235580444336
12,100,8.75,01,0,747,44.203125,67.34375,1.0186959505081177,67.546875,14.576431274414062
12,100,8.75,01,0,748,44.140625,65.078125,0.993751585483551,68.234375,14.01816177368164
12,100,8.75,01,0,749,47.078125,67.921875,1.018803358078003,66.390625,14.445180892944336
12,100,8.75,01,0,750,43.53125,67.640625,1.0306997299194336,67.25,14.48456859588623
12,100,8.75,01,0,751,44.921875,68.5,0.9849015474319458,67.015625,14.347784996032715
12,100,8.75,01,0,752,43.921875,66.421875,1.0262932777404785,67.234375,14.216730117797852
12,100,8.75,01,0,753,44.15625,65.5,1.024661660194397,67.625,14.68378734588623
12,100,8.75,01,0,754,47.875,65.734375,1.0421457290649414,66.59375,13.939581871032715
12,100,8.75,01,0,755,47.015625,66.015625,1.086355447769165,66.453125,14.43339729309082
12,100,8.75,01,0,756,43.15625,66.703125,0.9758796691894531,67.75,14.137563705444336
12,100,8.75,01,0,757,45.09375,67.46875,1.0403538942337036,66.0,14.043617248535156
12,100,8.75,01,0,758,45.953125,65.703125,1.0309741497039795,67.21875,14.270376205444336
12,100,8.75,01,0,759,44.8125,69.0,1.080495834350586,66.5,15.05585765838623
12,100,8.75,01,0,760,46.6875,68.375,1.0275622606277466,67.34375,14.77656078338623
12,100,8.75,01,0,761,43.953125,68.640625,1.0458389520645142,67.75,15.352862358093262
12,100,8.75,01,0,762,45.328125,69.234375,1.024960994720459,67.453125,15.011457443237305
12,100,8.75,01,0,763,45.625,69.34375,1.0057353973388672,66.828125,15.003057479858398
12,100,8.75,01,0,764,46.953125,68.28125,1.0109354257583618,67.265625,14.541925430297852
12,100,8.75,01,0,765,45.46875,68.234375,1.0152442455291748,66.640625,14.30839729309082
12,100,8.75,01,0,766,45.03125,69.171875,1.0218125581741333,66.65625,14.6416654586792
12,100,8.75,01,0,767,46.28125,69.5,1.089463710784912,66.78125,15.08749771118164
12,100,8.75,01,0,768,46.109375,68.5625,1.0502479076385498,67.203125,14.899803161621094
12,100,8.75,01,0,769,44.765625,68.125,1.0380878448486328,68.234375,15.07245922088623
12,100,8.75,01,0,770,43.625,70.8125,1.033290982246399,68.28125,15.837562561035156
12,100,8.75,01,0,771,45.671875,69.109375,0.9751191735267639,66.75,14.059959411621094
12,100,8.75,01,0,772,44.578125,70.109375,1.011137843132019,67.703125,15.697328567504883
12,100,8.75,01,0,773,45.046875,68.734375,1.0467338562011719,67.328125,15.062759399414062
12,100,8.75,01,0,774,43.75,68.265625,0.9805099368095398,67.4375,14.39960765838623
12,100,8.75,01,0,775,46.75,69.171875,1.069055199623108,66.421875,14.68535041809082
12,100,8.75,01,0,776,45.984375,69.546875,0.9904792904853821,67.015625,14.819921493530273
12,100,8.75,01,0,777,45.484375,69.296875,0.9895373582839966,66.84375,14.538084030151367
12,100,8.75,01,0,778,44.953125,68.609375,1.0339726209640503,66.765625,14.257354736328125
12,100,8.75,01,0,779,43.640625,68.84375,1.00425124168396,67.296875,14.78495979309082
12,100,8.75,01,0,780,45.3125,70.40625,0.9944136738777161,66.5625,14.387693405151367
12,100,8.75,01,0,781,45.8125,68.703125,0.9937375783920288,66.75,14.355596542358398
12,100,8.75,01,0,782,43.75,69.75,0.9612789154052734,67.515625,14.274932861328125
12,100,8.75,01,0,783,45.5625,68.34375,0.9967079162597656,67.40625,14.43671703338623
12,100,8.75,01,0,784,45.359375,68.671875,1.0218738317489624,66.328125,14.251821517944336
12,100,8.75,01,0,785,43.9375,67.4375,1.0135689973831177,67.75,14.61959457397461
12,100,8.75,01,0,786,45.25,68.875,1.028189778327942,66.328125,14.21152114868164
12,100,8.75,01,0,787,46.6875,68.515625,1.0575764179229736,67.09375,14.965231895446777
12,100,8.75,01,0,788,46.5625,66.328125,1.0582084655761719,66.609375,14.517967224121094
12,100,8.75,01,0,789,44.734375,68.171875,1.0422667264938354,66.8125,14.433656692504883
12,100,8.75,01,0,790,43.046875,67.921875,1.023871898651123,67.0625,14.632746696472168
12,100,8.75,01,0,791,43.796875,68.984375,1.0458331108093262,66.609375,14.4356107711792
12,100,8.75,01,0,792,45.21875,67.9375,1.0092371702194214,66.625,14.05429458618164
12,100,8.75,01,0,793,43.375,68.78125,1.0592572689056396,66.96875,14.6445951461792
12,100,8.75,01,0,794,44.296875,70.171875,1.0043278932571411,67.21875,14.72812271118164
12,100,8.75,01,0,795,45.21875,69.0625,1.031921625137329,66.671875,14.708982467651367
12,100,8.75,01,0,796,44.546875,68.828125,1.033077597618103,67.1875,15.017446517944336
12,100,8.75,01,0,797,43.75,68.859375,0.9912686944007874,67.359375,14.1729154586792
12,100,8.75,01,0,798,44.078125,70.109375,1.0127538442611694,66.984375,14.864646911621094
12,100,8.75,01,0,799,44.1875,67.3125,1.0217280387878418,67.1875,14.257811546325684
12,100,8.75,01,1,0,60.171875,56.921875,0.8975934982299805,40.28125,5.79335880279541
12,100,8.75,01,1,1,59.65625,58.25,1.0887913703918457,40.78125,7.4807281494140625
12,100,8.75,01,1,2,60.53125,57.296875,0.8826598525047302,41.265625,6.239907741546631
12,100,8.75,01,1,3,61.140625,59.1875,0.8698040843009949,40.359375,6.1364569664001465
12,100,8.75,01,1,4,59.984375,60.171875,0.8935454487800598,41.5625,6.884178161621094
12,100,8.75,01,1,5,58.359375,57.765625,0.8271071314811707,42.203125,6.400975704193115
12,100,8.75,01,1,6,60.734375,58.015625,0.9213001728057861,43.515625,6.92519474029541
12,100,8.75,01,1,7,59.75,59.125,0.9500036239624023,43.96875,7.59218692779541
12,100,8.75,01,1,8,60.0,57.765625,0.9696232080459595,44.71875,7.324542999267578
12,100,8.75,01,1,9,58.828125,58.109375,0.956724226474762,45.421875,7.159829616546631
12,100,8.75,01,1,10,59.84375,59.328125,0.9266161322593689,45.96875,7.316014766693115
12,100,8.75,01,1,11,60.890625,60.546875,0.9368475675582886,46.9375,7.785545349121094
12,100,8.75,01,1,12,61.5,59.953125,0.9580098986625671,47.9375,8.01998519897461
12,100,8.75,01,1,13,59.6875,59.1875,0.9514635801315308,48.921875,7.910284996032715
12,100,8.75,01,1,14,59.546875,59.90625,0.9360039234161377,48.921875,7.809959411621094
12,100,8.75,01,1,15,58.125,59.59375,1.0287455320358276,50.875,8.736066818237305
12,100,8.75,01,1,16,59.390625,61.1875,0.9203810095787048,52.0,8.905141830444336
12,100,8.75,01,1,17,59.703125,59.78125,0.9245181083679199,51.828125,8.65703010559082
12,100,8.75,01,1,18,58.0,60.484375,0.9085110425949097,53.0625,8.406574249267578
12,100,8.75,01,1,19,58.6875,60.15625,0.9150136709213257,52.6875,8.450650215148926
12,100,8.75,01,1,20,59.1875,61.578125,0.8993930220603943,53.1875,8.473631858825684
12,100,8.75,01,1,21,59.65625,62.28125,0.9068871140480042,53.03125,8.372785568237305
12,100,8.75,01,1,22,60.0,61.703125,0.9726147055625916,53.375,8.5020170211792
12,100,8.75,01,1,23,59.46875,60.3125,0.9562285542488098,54.015625,8.509764671325684
12,100,8.75,01,1,24,61.265625,61.8125,0.8944138884544373,54.15625,8.293228149414062
12,100,8.75,01,1,25,60.703125,60.796875,0.938166081905365,54.234375,8.716730117797852
12,100,8.75,01,1,26,60.21875,62.21875,0.9241913557052612,54.375,8.592381477355957
12,100,8.75,01,1,27,60.03125,62.171875,0.8475743532180786,54.0,7.6550116539001465
12,100,8.75,01,1,28,58.59375,61.71875,0.913335382938385,54.484375,8.139192581176758
12,100,8.75,01,1,29,58.84375,62.875,0.9015137553215027,54.1875,8.627212524414062
12,100,8.75,01,1,30,57.421875,63.046875,0.9050971865653992,55.328125,8.510154724121094
12,100,8.75,01,1,31,60.09375,62.96875,0.9110791087150574,54.328125,8.3037748336792
12,100,8.75,01,1,32,58.53125,62.03125,0.8788663148880005,55.015625,8.467512130737305
12,100,8.75,01,1,33,58.921875,62.453125,0.8759337067604065,55.671875,8.457941055297852
12,100,8.75,01,1,34,59.9375,63.46875,0.8905574679374695,54.328125,8.195310592651367
12,100,8.75,01,1,35,59.375,63.59375,0.9380989074707031,54.421875,8.842706680297852
12,100,8.75,01,1,36,59.625,62.734375,0.9370299577713013,55.15625,8.99433422088623
12,100,8.75,01,1,37,60.171875,62.859375,0.8843922019004822,53.515625,8.118553161621094
12,100,8.75,01,1,38,59.109375,61.921875,0.939980685710907,55.015625,8.191926002502441
12,100,8.75,01,1,39,60.546875,62.90625,0.8267332911491394,55.109375,7.088540554046631
12,100,8.75,01,1,40,59.0625,62.484375,0.9873778223991394,54.96875,8.781769752502441
12,100,8.75,01,1,41,60.734375,63.125,0.9124234914779663,55.5,8.351301193237305
12,100,8.75,01,1,42,58.890625,64.640625,0.921002209186554,56.265625,9.295051574707031
12,100,8.75,01,1,43,59.734375,62.203125,0.9221339225769043,56.6875,8.996482849121094
12,100,8.75,01,1,44,60.078125,63.125,0.9203588366508484,55.15625,8.44316291809082
12,100,8.75,01,1,45,59.5625,63.9375,0.8353055715560913,55.421875,7.707290172576904
12,100,8.75,01,1,46,60.078125,64.21875,0.8710036873817444,56.0,8.683332443237305
12,100,8.75,01,1,47,60.703125,61.53125,0.9091593027114868,56.71875,8.512239456176758
12,100,8.75,01,1,48,60.6875,61.65625,0.8789560794830322,55.828125,8.202277183532715
12,100,8.75,01,1,49,59.796875,62.703125,0.9013463258743286,56.0,8.011065483093262
12,100,8.75,01,1,50,60.0625,59.875,0.9619593620300293,56.1875,8.173956871032715
12,100,8.75,01,1,51,60.59375,62.125,0.9250302314758301,56.65625,8.192121505737305
12,100,8.75,01,1,52,59.546875,62.1875,0.9209365248680115,56.6875,8.550455093383789
12,100,8.75,01,1,53,60.890625,62.375,0.8615942597389221,56.625,7.9567694664001465
12,100,8.75,01,1,54,58.890625,62.40625,0.9127973914146423,56.640625,8.552732467651367
12,100,8.75,01,1,55,57.046875,62.109375,0.8332619667053223,57.828125,8.105792999267578
12,100,8.75,01,1,56,59.46875,61.8125,0.892016589641571,56.90625,7.6247382164001465
12,100,8.75,01,1,57,60.609375,62.421875,0.91875159740448,57.109375,8.892446517944336
12,100,8.75,01,1,58,61.390625,62.328125,0.8987511396408081,57.8125,9.017250061035156
12,100,8.75,01,1,59,60.375,63.390625,0.8902343511581421,58.046875,8.990558624267578
12,100,8.75,01,1,60,61.0625,63.890625,0.9561371207237244,57.96875,9.466078758239746
12,100,8.75,01,1,61,60.9375,63.609375,0.8828077912330627,57.234375,8.629751205444336
12,100,8.75,01,1,62,59.515625,62.609375,0.9469728469848633,58.703125,9.817316055297852
12,100,8.75,01,1,63,61.78125,61.671875,0.9184476137161255,57.34375,8.825453758239746
12,100,8.75,01,1,64,58.640625,62.875,0.9225698113441467,57.8125,8.437628746032715
12,100,8.75,01,1,65,59.015625,63.578125,0.8781618475914001,57.546875,8.63554573059082
12,100,8.75,01,1,66,60.265625,62.03125,0.8954619765281677,58.578125,9.038736343383789
12,100,8.75,01,1,67,59.75,62.875,0.9910303354263306,58.25,9.60956859588623
12,100,8.75,01,1,68,59.359375,62.796875,0.9005256295204163,58.78125,9.178123474121094
12,100,8.75,01,1,69,60.21875,63.859375,0.9263160824775696,58.015625,9.314126014709473
12,100,8.75,01,1,70,59.28125,62.453125,0.9511032104492188,58.765625,9.567251205444336
12,100,8.75,01,1,71,60.734375,62.8125,0.963042676448822,58.640625,9.643293380737305
12,100,8.75,01,1,72,59.65625,61.8125,0.9103906750679016,59.71875,9.62350082397461
12,100,8.75,01,1,73,61.1875,63.359375,0.8710699677467346,58.890625,9.371353149414062
12,100,8.75,01,1,74,60.234375,63.796875,0.9752222895622253,57.796875,9.806378364562988
12,100,8.75,01,1,75,60.5625,61.84375,0.9471603631973267,58.5625,9.443227767944336
12,100,8.75,01,1,76,59.875,63.59375,0.8811418414115906,59.046875,9.392902374267578
12,100,8.75,01,1,77,58.125,64.421875,0.8964186906814575,58.25,9.522979736328125
12,100,8.75,01,1,78,62.296875,64.25,0.8983184099197388,58.125,9.040233612060547
12,100,8.75,01,1,79,58.421875,64.984375,0.9900164008140564,58.984375,10.711977005004883
12,100,8.75,01,1,80,59.6875,63.484375,0.8756381273269653,58.546875,9.207355499267578
12,100,8.75,01,1,81,56.8125,65.5,0.9368048310279846,59.25,10.133527755737305
12,100,8.75,01,1,82,59.875,64.0625,0.9648019671440125,59.9375,10.2022123336792
12,100,8.75,01,1,83,58.046875,65.90625,0.8541715741157532,59.296875,9.7061185836792
12,100,8.75,01,1,84,61.421875,63.28125,0.9186464548110962,58.6875,9.418684005737305
12,100,8.75,01,1,85,59.296875,64.421875,0.973503589630127,58.875,9.68027114868164
12,100,8.75,01,1,86,58.71875,64.765625,0.9430869817733765,60.109375,10.785612106323242
12,100,8.75,01,1,87,60.0,64.015625,0.9486593008041382,59.40625,10.1533842086792
12,100,8.75,01,1,88,60.40625,64.40625,0.9390115141868591,59.375,9.832941055297852
12,100,8.75,01,1,89,59.1875,65.53125,0.925196647644043,59.203125,9.900064468383789
12,100,8.75,01,1,90,61.875,64.328125,0.902363657951355,59.96875,10.18600082397461
12,100,8.75,01,1,91,60.9375,66.09375,0.8823959827423096,59.25,10.391730308532715
12,100,8.75,01,1,92,59.578125,65.03125,0.9135323166847229,60.09375,10.230401992797852
12,100,8.75,01,1,93,59.328125,63.890625,0.9401168823242188,59.90625,10.307875633239746
12,100,8.75,01,1,94,58.21875,63.828125,0.9873286485671997,60.109375,10.69023323059082
12,100,8.75,01,1,95,59.484375,64.15625,0.9636396765708923,59.828125,10.131182670593262
12,100,8.75,01,1,96,58.4375,65.765625,0.9690971970558167,60.53125,11.477928161621094
12,100,8.75,01,1,97,60.15625,65.515625,0.9247450232505798,59.3125,10.070961952209473
12,100,8.75,01,1,98,61.609375,63.5,0.939092755317688,59.203125,9.483722686767578
12,100,8.75,01,1,99,57.890625,64.625,0.9270415902137756,59.109375,9.903840065002441
12,100,8.75,01,1,100,58.546875,65.390625,0.9119765162467957,60.421875,10.772784233093262
12,100,8.75,01,1,101,57.765625,65.46875,0.9681841135025024,60.21875,10.756964683532715
12,100,8.75,01,1,102,58.265625,66.4375,0.9395660161972046,59.671875,10.550714492797852
12,100,8.75,01,1,103,59.3125,65.046875,0.908493161201477,59.453125,9.779556274414062
12,100,8.75,01,1,104,60.109375,66.875,0.9508926272392273,59.015625,10.301495552062988
12,100,8.75,01,1,105,59.828125,66.90625,0.8994042277336121,58.984375,10.143683433532715
12,100,8.75,01,1,106,58.953125,64.984375,0.9705385565757751,60.625,11.134504318237305
12,100,8.75,01,1,107,59.328125,65.296875,0.9584155678749084,59.46875,10.631704330444336
12,100,8.75,01,1,108,58.984375,64.984375,0.9091509580612183,59.875,10.252537727355957
12,100,8.75,01,1,109,60.171875,64.203125,0.9127438068389893,60.6875,10.492707252502441
12,100,8.75,01,1,110,61.75,66.703125,0.9096823334693909,58.953125,10.011391639709473
12,100,8.75,01,1,111,61.375,64.328125,0.8430531620979309,60.015625,9.386651992797852
12,100,8.75,01,1,112,60.984375,65.953125,0.9407141804695129,59.953125,10.739255905151367
12,100,8.75,01,1,113,59.5,65.90625,0.8801112174987793,60.15625,10.012433052062988
12,100,8.75,01,1,114,59.984375,66.90625,0.8973824977874756,59.8125,10.584633827209473
12,100,8.75,01,1,115,59.984375,65.890625,0.9218828082084656,60.0625,10.913930892944336
12,100,8.75,01,1,116,60.5,66.21875,0.953322172164917,60.765625,11.433722496032715
12,100,8.75,01,1,117,59.640625,66.734375,0.9469715356826782,59.25,10.815428733825684
12,100,8.75,01,1,118,59.875,66.1875,0.9841563701629639,59.703125,11.08248519897461
12,100,8.75,01,1,119,59.3125,65.890625,0.924232542514801,59.96875,10.375258445739746
12,100,8.75,01,1,120,60.484375,65.578125,0.9171297550201416,59.328125,9.969400405883789
12,100,8.75,01,1,121,60.203125,65.015625,0.9433012008666992,59.5625,10.26738166809082
12,100,8.75,01,1,122,60.625,65.46875,0.9057259559631348,59.90625,10.142707824707031
12,100,8.75,01,1,123,60.21875,64.375,0.9073788523674011,59.015625,9.954360961914062
12,100,8.75,01,1,124,60.03125,66.546875,0.8975837230682373,59.765625,10.493618965148926
12,100,8.75,01,1,125,60.375,65.046875,0.873914361000061,60.109375,10.33066177368164
12,100,8.75,01,1,126,60.328125,65.484375,0.9594147205352783,59.53125,10.328123092651367
12,100,8.75,01,1,127,59.375,64.015625,0.9617874622344971,60.5,10.86054515838623
12,100,8.75,01,1,128,58.765625,63.875,0.9177680611610413,60.015625,10.017705917358398
12,100,8.75,01,1,129,57.359375,65.625,0.944498598575592,59.671875,10.330402374267578
12,100,8.75,01,1,130,59.59375,62.34375,0.8849971294403076,59.921875,9.377342224121094
12,100,8.75,01,1,131,58.421875,64.65625,0.9988912343978882,60.421875,10.9600248336792
12,100,8.75,01,1,132,58.46875,66.53125,1.0116239786148071,60.4375,12.07564926147461
12,100,8.75,01,1,133,58.671875,64.5,0.9975793361663818,60.328125,10.889190673828125
12,100,8.75,01,1,134,57.890625,65.609375,0.9578120708465576,60.0,10.45195198059082
12,100,8.75,01,1,135,56.90625,64.859375,0.9434128999710083,60.46875,10.705077171325684
12,100,8.75,01,1,136,58.546875,65.015625,0.9196839332580566,59.046875,9.582159996032715
12,100,8.75,01,1,137,56.609375,63.921875,0.902347981929779,60.328125,10.027538299560547
12,100,8.75,01,1,138,58.3125,64.265625,0.9081891179084778,59.875,9.901886940002441
12,100,8.75,01,1,139,57.984375,64.84375,0.9612183570861816,60.3125,10.951430320739746
12,100,8.75,01,1,140,58.671875,64.71875,0.9728697538375854,60.453125,11.039648056030273
12,100,8.75,01,1,141,58.84375,64.828125,0.967975914478302,59.734375,10.652472496032715
12,100,8.75,01,1,142,59.28125,65.21875,1.0185035467147827,59.734375,11.3867826461792
12,100,8.75,01,1,143,58.546875,64.234375,0.9418330192565918,60.546875,11.011390686035156
12,100,8.75,01,1,144,59.0,66.125,0.9695044755935669,59.84375,10.947980880737305
12,100,8.75,01,1,145,58.78125,65.75,0.9527840614318848,59.984375,10.67304515838623
12,100,8.75,01,1,146,56.90625,65.5625,0.9404283761978149,60.359375,10.914191246032715
12,100,8.75,01,1,147,57.328125,64.296875,0.9263983368873596,60.359375,10.529621124267578
12,100,8.75,01,1,148,58.078125,65.953125,0.958105742931366,59.375,10.724281311035156
12,100,8.75,01,1,149,58.9375,66.1875,0.9341168999671936,59.453125,10.783721923828125
12,100,8.75,01,1,150,59.140625,64.015625,0.8833995461463928,59.9375,10.116144180297852
12,100,8.75,01,1,151,59.8125,64.609375,0.9349349141120911,59.84375,10.540298461914062
12,100,8.75,01,1,152,58.234375,65.6875,0.9476205110549927,59.390625,10.727407455444336
12,100,8.75,01,1,153,58.9375,65.046875,0.8910036683082581,58.828125,10.120116233825684
12,100,8.75,01,1,154,58.046875,66.265625,0.9501526355743408,59.546875,10.91777229309082
12,100,8.75,01,1,155,56.453125,66.265625,0.8930824398994446,60.734375,10.962759017944336
12,100,8.75,01,1,156,58.828125,65.03125,0.9840864539146423,59.9375,10.95455551147461
12,100,8.75,01,1,157,57.828125,67.0625,0.9304842352867126,58.984375,10.62545394897461
12,100,8.75,01,1,158,57.28125,65.953125,1.0071464776992798,59.9375,11.400259017944336
12,100,8.75,01,1,159,56.65625,67.828125,0.9405149221420288,60.0,11.254491806030273
12,100,8.75,01,1,160,58.40625,64.703125,0.8653014898300171,60.203125,10.024347305297852
12,100,8.75,01,1,161,61.21875,65.1875,0.9014722108840942,59.09375,10.092706680297852
12,100,8.75,01,1,162,61.671875,65.171875,0.9433796405792236,59.15625,9.946157455444336
12,100,8.75,01,1,163,57.734375,67.0625,0.9464331865310669,59.6875,11.04244613647461
12,100,8.75,01,1,164,58.984375,65.328125,1.0481667518615723,60.34375,11.954424858093262
12,100,8.75,01,1,165,58.59375,65.34375,0.9335097074508667,59.65625,10.409764289855957
12,100,8.75,01,1,166,57.5625,65.328125,0.9548943638801575,60.375,11.295637130737305
12,100,8.75,01,1,167,57.5625,66.53125,0.9172007441520691,59.875,11.065688133239746
12,100,8.75,01,1,168,57.6875,65.203125,0.9610867500305176,59.859375,10.583656311035156
12,100,8.75,01,1,169,58.15625,66.65625,0.9991948008537292,60.328125,11.396156311035156
12,100,8.75,01,1,170,58.953125,64.03125,0.939926266670227,60.34375,10.479164123535156
12,100,8.75,01,1,171,57.765625,62.8125,0.9121740460395813,60.5625,9.613931655883789
12,100,8.75,01,1,172,58.484375,65.3125,0.9323745965957642,60.09375,10.732550621032715
12,100,8.75,01,1,173,56.84375,65.5625,0.9313474297523499,59.640625,10.111065864562988
12,100,8.75,01,1,174,58.46875,64.578125,0.9200043082237244,59.671875,10.404816627502441
12,100,8.75,01,1,175,57.453125,64.59375,0.9637733697891235,60.0,10.69843578338623
12,100,8.75,01,1,176,57.265625,64.71875,0.9485618472099304,59.875,10.876691818237305
12,100,8.75,01,1,177,57.375,63.953125,0.9248960614204407,60.515625,10.300518989562988
12,100,8.75,01,1,178,57.609375,63.109375,0.9164762496948242,61.015625,10.631834030151367
12,100,8.75,01,1,179,57.4375,64.84375,0.9508470296859741,60.4375,10.95097541809082
12,100,8.75,01,1,180,55.34375,64.8125,0.9948365092277527,60.40625,11.004164695739746
12,100,8.75,01,1,181,59.828125,64.21875,0.9379147887229919,59.78125,10.13424301147461
12,100,8.75,01,1,182,55.625,65.453125,1.0023168325424194,60.0625,11.50175666809082
12,100,8.75,01,1,183,56.15625,63.6875,0.9758892059326172,60.015625,10.613670349121094
12,100,8.75,01,1,184,57.546875,65.65625,0.9464502334594727,59.765625,11.033851623535156
12,100,8.75,01,1,185,56.921875,65.125,0.9649797677993774,59.875,10.997718811035156
12,100,8.75,01,1,186,59.40625,64.59375,0.9136685729026794,59.0,9.54843521118164
12,100,8.75,01,1,187,58.703125,63.46875,0.917904794216156,59.5,10.042641639709473
12,100,8.75,01,1,188,58.796875,64.734375,0.9327801465988159,59.046875,9.622655868530273
12,100,8.75,01,1,189,57.75,63.109375,0.9088309407234192,60.359375,10.261521339416504
12,100,8.75,01,1,190,57.796875,63.140625,0.9707614183425903,60.640625,10.347003936767578
12,100,8.75,01,1,191,54.890625,63.5625,0.9540544152259827,60.671875,10.998891830444336
12,100,8.75,01,1,192,58.078125,64.203125,0.9606804847717285,60.0625,10.295506477355957
12,100,8.75,01,1,193,56.28125,65.0,0.9380014538764954,60.25,10.370702743530273
12,100,8.75,01,1,194,55.703125,63.328125,0.9727298617362976,61.1875,11.339190483093262
12,100,8.75,01,1,195,58.125,63.625,0.9642179012298584,59.765625,9.951691627502441
12,100,8.75,01,1,196,56.453125,64.390625,1.0112577676773071,60.265625,11.421679496765137
12,100,8.75,01,1,197,56.609375,62.484375,0.9276710152626038,59.9375,9.839582443237305
12,100,8.75,01,1,198,56.796875,63.21875,0.9103001356124878,60.390625,10.164777755737305
12,100,8.75,01,1,199,56.484375,62.703125,1.0092116594314575,60.703125,10.877276420593262
12,100,8.75,01,1,200,56.9375,63.5625,0.9716627597808838,59.703125,9.92363166809082
12,100,8.75,01,1,201,55.09375,61.96875,1.0387009382247925,61.515625,10.928382873535156
12,100,8.75,01,1,202,56.0,64.03125,0.9027526378631592,59.78125,9.994009971618652
12,100,8.75,01,1,203,56.984375,62.9375,0.9979660511016846,60.53125,10.433591842651367
12,100,8.75,01,1,204,56.21875,62.3125,0.9127175807952881,60.375,9.941795349121094
12,100,8.75,01,1,205,56.890625,63.984375,0.9151042699813843,60.0625,10.175519943237305
12,100,8.75,01,1,206,57.328125,63.28125,0.9636934399604797,59.6875,9.96249771118164
12,100,8.75,01,1,207,55.609375,63.3125,0.9603559970855713,60.515625,10.65475082397461
12,100,8.75,01,1,208,56.5625,63.03125,1.0014668703079224,60.234375,10.688085556030273
12,100,8.75,01,1,209,55.609375,63.5,0.9259529709815979,60.40625,9.9776029586792
12,100,8.75,01,1,210,56.859375,62.46875,0.9627171754837036,60.53125,10.049933433532715
12,100,8.75,01,1,211,55.71875,62.546875,0.94693922996521,60.703125,10.356117248535156
12,100,8.75,01,1,212,55.796875,63.890625,0.9202420115470886,60.734375,10.506378173828125
12,100,8.75,01,1,213,56.59375,63.515625,0.9621327519416809,60.59375,10.61080551147461
12,100,8.75,01,1,214,57.71875,63.921875,0.9716325998306274,59.96875,10.803123474121094
12,100,8.75,01,1,215,55.3125,62.203125,0.9480074644088745,60.265625,10.358070373535156
12,100,8.75,01,1,216,56.203125,63.46875,0.9366684556007385,60.15625,10.319204330444336
12,100,8.75,01,1,217,57.28125,62.4375,0.9541742205619812,60.109375,9.897134780883789
12,100,8.75,01,1,218,56.03125,62.78125,0.966300904750824,60.3125,10.6250638961792
12,100,8.75,01,1,219,56.84375,62.921875,0.9658820629119873,60.921875,11.266730308532715
12,100,8.75,01,1,220,56.53125,64.703125,0.9606635570526123,60.5,10.6797513961792
12,100,8.75,01,1,221,56.453125,63.5625,0.9318259954452515,60.578125,10.37617015838623
12,100,8.75,01,1,222,59.109375,61.46875,0.9004712104797363,60.546875,9.41646957397461
12,100,8.75,01,1,223,54.765625,62.734375,0.9673746228218079,61.703125,10.7197904586792
12,100,8.75,01,1,224,56.40625,61.90625,0.9654603004455566,60.734375,10.566339492797852
12,100,8.75,01,1,225,58.890625,62.734375,0.928916335105896,60.15625,10.151300430297852
12,100,8.75,01,1,226,57.0625,63.40625,0.9494190812110901,60.015625,10.260416030883789
12,100,8.75,01,1,227,56.71875,63.546875,0.9697664976119995,59.953125,10.528318405151367
12,100,8.75,01,1,228,56.046875,64.265625,0.8988726139068604,60.890625,10.01523208618164
12,100,8.75,01,1,229,58.046875,63.328125,0.9440069198608398,60.09375,10.16353988647461
12,100,8.75,01,1,230,56.15625,61.0,0.9319961071014404,60.828125,9.93281078338623
12,100,8.75,01,1,231,56.015625,63.4375,0.9119240641593933,60.828125,10.37252426147461
12,100,8.75,01,1,232,55.78125,62.96875,0.9161819815635681,60.890625,9.680792808532715
12,100,8.75,01,1,233,58.375,62.921875,0.9318059682846069,60.3125,10.292510986328125
12,100,8.75,01,1,234,57.640625,63.46875,0.9277637004852295,60.078125,9.998566627502441
12,100,8.75,01,1,235,54.484375,63.6875,0.9475368857383728,61.359375,10.95064926147461
12,100,8.75,01,1,236,55.5,64.9375,0.9415178298950195,60.9375,10.951820373535156
12,100,8.75,01,1,237,57.375,62.078125,1.0235177278518677,61.265625,10.504751205444336
12,100,8.75,01,1,238,56.859375,62.421875,0.8911940455436707,61.25,10.051039695739746
12,100,8.75,01,1,239,55.0,63.75,0.9264277219772339,60.28125,10.46503734588623
12,100,8.75,01,1,240,55.71875,63.515625,0.9236506223678589,60.546875,10.252212524414062
12,100,8.75,01,1,241,56.09375,61.53125,0.9019806385040283,62.296875,10.503904342651367
12,100,8.75,01,1,242,56.28125,65.1875,0.9562159180641174,59.90625,10.576691627502441
12,100,8.75,01,1,243,56.546875,64.140625,0.9132201075553894,61.09375,10.396743774414062
12,100,8.75,01,1,244,57.640625,64.03125,0.9292605519294739,61.171875,10.67109203338623
12,100,8.75,01,1,245,55.03125,63.96875,1.0026847124099731,60.734375,11.240492820739746
12,100,8.75,01,1,246,56.828125,61.84375,0.9651181101799011,60.921875,10.721548080444336
12,100,8.75,01,1,247,55.078125,63.8125,0.9704009890556335,61.078125,10.40878677368164
12,100,8.75,01,1,248,57.828125,61.796875,0.9778403043746948,61.515625,10.933332443237305
12,100,8.75,01,1,249,56.203125,64.765625,0.8961339592933655,60.59375,10.046417236328125
12,100,8.75,01,1,250,58.125,62.578125,0.9572817087173462,60.28125,10.472914695739746
12,100,8.75,01,1,251,57.765625,63.453125,0.9881616234779358,61.15625,11.026690483093262
12,100,8.75,01,1,252,57.046875,63.859375,0.9696417450904846,60.6875,10.5117826461792
12,100,8.75,01,1,253,56.75,63.78125,0.9394746422767639,61.09375,10.594985008239746
12,100,8.75,01,1,254,56.34375,62.265625,0.8968963623046875,60.078125,9.487433433532715
12,100,8.75,01,1,255,57.921875,61.390625,0.9645963311195374,60.53125,9.896678924560547
12,100,8.75,01,1,256,55.09375,65.109375,0.9475272297859192,61.15625,11.07011604309082
12,100,8.75,01,1,257,56.515625,63.28125,0.935791015625,61.515625,11.343618392944336
12,100,8.75,01,1,258,57.96875,64.53125,0.9723972082138062,59.6875,10.358331680297852
12,100,8.75,01,1,259,57.71875,62.734375,0.9225611686706543,60.765625,9.915038108825684
12,100,8.75,01,1,260,57.4375,62.34375,0.913405179977417,60.140625,9.31269359588623
12,100,8.75,01,1,261,58.015625,63.609375,0.9453657865524292,61.125,10.815103530883789
12,100,8.75,01,1,262,56.9375,62.515625,0.9318991899490356,60.953125,10.237954139709473
12,100,8.75,01,1,263,57.421875,62.84375,0.9321534037590027,60.75,10.137693405151367
12,100,8.75,01,1,264,54.84375,63.40625,0.8795283436775208,61.15625,10.138996124267578
12,100,8.75,01,1,265,56.59375,63.828125,0.9327357411384583,61.21875,10.848434448242188
12,100,8.75,01,1,266,55.8125,63.421875,0.9808092713356018,60.921875,10.879295349121094
12,100,8.75,01,1,267,57.625,64.03125,0.921627402305603,60.171875,10.219856262207031
12,100,8.75,01,1,268,54.71875,64.421875,0.9618496298789978,60.78125,11.161848068237305
12,100,8.75,01,1,269,57.71875,61.9375,0.9473332762718201,60.515625,9.89921760559082
12,100,8.75,01,1,270,56.546875,63.78125,1.018603801727295,61.6875,11.70370864868164
12,100,8.75,01,1,271,57.328125,64.671875,0.9121758937835693,60.046875,9.9277982711792
12,100,8.75,01,1,272,55.734375,63.984375,0.9791103601455688,60.421875,10.73385238647461
12,100,8.75,01,1,273,59.140625,62.6875,0.9313456416130066,60.46875,10.081378936767578
12,100,8.75,01,1,274,55.78125,62.71875,0.9940187335014343,61.390625,10.932029724121094
12,100,8.75,01,1,275,55.953125,64.0,0.9777990579605103,61.25,11.157875061035156
12,100,8.75,01,1,276,54.734375,64.484375,0.8758135437965393,60.421875,10.035806655883789
12,100,8.75,01,1,277,57.328125,64.109375,0.970680296421051,60.40625,10.4863920211792
12,100,8.75,01,1,278,58.296875,62.96875,0.8901122808456421,60.75,9.998044967651367
12,100,8.75,01,1,279,56.203125,64.15625,0.9026165008544922,61.28125,10.468097686767578
12,100,8.75,01,1,280,56.25,64.203125,1.0026978254318237,60.796875,10.863279342651367
12,100,8.75,01,1,281,56.171875,63.78125,0.9917436242103577,60.5625,10.797460556030273
12,100,8.75,01,1,282,57.515625,63.609375,0.9968752861022949,60.515625,10.88984203338623
12,100,8.75,01,1,283,56.59375,63.234375,0.9400476217269897,61.140625,10.713865280151367
12,100,8.75,01,1,284,56.390625,64.015625,0.9323873519897461,60.875,10.62350082397461
12,100,8.75,01,1,285,55.984375,62.703125,0.9987934231758118,61.59375,10.98984146118164
12,100,8.75,01,1,286,56.015625,63.234375,0.9675689339637756,61.078125,10.8877592086792
12,100,8.75,01,1,287,56.828125,62.140625,0.9277288913726807,62.1875,10.7188138961792
12,100,8.75,01,1,288,56.109375,62.421875,0.8907048106193542,61.328125,9.871482849121094
12,100,8.75,01,1,289,56.1875,62.671875,1.0016776323318481,61.15625,10.985090255737305
12,100,8.75,01,1,290,57.578125,63.953125,0.8991197943687439,60.78125,10.0869779586792
12,100,8.75,01,1,291,56.78125,62.8125,0.9313825368881226,60.53125,10.083852767944336
12,100,8.75,01,1,292,55.09375,63.265625,0.9514052867889404,61.265625,10.789321899414062
12,100,8.75,01,1,293,55.390625,62.34375,0.9506596326828003,61.46875,10.416339874267578
12,100,8.75,01,1,294,55.796875,64.0625,0.927025318145752,61.703125,10.872589111328125
12,100,8.75,01,1,295,56.84375,62.390625,0.9728096127510071,61.28125,10.792640686035156
12,100,8.75,01,1,296,57.515625,62.921875,0.9722902774810791,61.0,10.45175552368164
12,100,8.75,01,1,297,58.453125,61.75,0.9246940612792969,60.484375,9.958592414855957
12,100,8.75,01,1,298,56.453125,63.140625,0.9568655490875244,61.171875,10.260480880737305
12,100,8.75,01,1,299,56.015625,63.671875,0.9473955631256104,60.796875,10.432029724121094
12,100,8.75,01,1,300,56.4375,62.546875,0.9927865862846375,61.015625,10.72968578338623
12,100,8.75,01,1,301,57.15625,63.671875,0.9724211692810059,60.3125,10.480792999267578
12,100,8.75,01,1,302,55.375,64.0625,0.9190399646759033,60.875,10.925064086914062
12,100,8.75,01,1,303,57.15625,62.8125,0.915557861328125,60.734375,10.282289505004883
12,100,8.75,01,1,304,56.34375,63.875,0.9591500759124756,60.90625,10.923826217651367
12,100,8.75,01,1,305,57.28125,63.078125,0.9200697541236877,62.046875,10.74238109588623
12,100,8.75,01,1,306,57.65625,63.734375,0.9642764329910278,60.640625,10.692901611328125
12,100,8.75,01,1,307,56.03125,63.71875,0.9178801774978638,61.3125,10.711523056030273
12,100,8.75,01,1,308,56.890625,64.203125,0.9508935809135437,61.046875,11.011587142944336
12,100,8.75,01,1,309,58.578125,62.296875,1.016251802444458,60.625,10.794855117797852
12,100,8.75,01,1,310,56.75,62.4375,1.0118685960769653,60.671875,10.729034423828125
12,100,8.75,01,1,311,55.890625,64.265625,0.9379183053970337,61.109375,10.798761367797852
12,100,8.75,01,1,312,56.171875,62.8125,0.9460678696632385,61.5,10.9404935836792
12,100,8.75,01,1,313,57.546875,62.671875,0.9263163208961487,61.65625,10.43535041809082
12,100,8.75,01,1,314,57.703125,63.59375,0.9919615387916565,61.46875,11.271418571472168
12,100,8.75,01,1,315,57.859375,64.96875,1.0461429357528687,61.125,12.0772123336792
12,100,8.75,01,1,316,58.5,63.546875,0.931993842124939,60.75,10.660676956176758
12,100,8.75,01,1,317,57.046875,64.078125,0.9537824988365173,61.640625,10.64960765838623
12,100,8.75,01,1,318,57.046875,65.265625,0.9917782545089722,61.640625,11.691729545593262
12,100,8.75,01,1,319,59.53125,64.234375,0.9843659400939941,60.453125,11.059568405151367
12,100,8.75,01,1,320,56.484375,63.078125,0.9557976126670837,62.234375,11.092382431030273
12,100,8.75,01,1,321,56.015625,63.765625,0.9122716784477234,61.8125,11.160806655883789
12,100,8.75,01,1,322,57.203125,63.234375,0.987657904624939,61.21875,10.702993392944336
12,100,8.75,01,1,323,55.625,64.390625,0.9769994020462036,62.3125,11.742575645446777
12,100,8.75,01,1,324,57.296875,61.796875,0.967099666595459,61.734375,10.524998664855957
12,100,8.75,01,1,325,57.6875,61.046875,0.9871928691864014,61.71875,10.165167808532715
12,100,8.75,01,1,326,57.34375,63.71875,0.9060900807380676,61.796875,10.391860961914062
12,100,8.75,01,1,327,57.5,62.890625,1.0004116296768188,61.359375,10.629295349121094
12,100,8.75,01,1,328,57.15625,63.8125,1.025573492050171,61.421875,11.10331916809082
12,100,8.75,01,1,329,56.84375,63.78125,0.9856807589530945,61.5,10.920637130737305
12,100,8.75,01,1,330,56.328125,64.0,0.960060179233551,61.3125,10.7529935836792
12,100,8.75,01,1,331,56.765625,63.96875,1.0195603370666504,60.84375,11.255793571472168
12,100,8.75,01,1,332,56.109375,63.0625,0.9814682602882385,61.03125,11.017837524414062
12,100,8.75,01,1,333,57.21875,64.40625,1.0379712581634521,61.421875,11.86959457397461
12,100,8.75,01,1,334,57.0,61.578125,0.9752928018569946,60.703125,10.41425609588623
12,100,8.75,01,1,335,57.84375,62.546875,0.9288634657859802,61.59375,10.735937118530273
12,100,8.75,01,1,336,57.359375,63.0625,0.9755051136016846,61.296875,11.181574821472168
12,100,8.75,01,1,337,56.25,62.640625,0.9506738185882568,62.25,10.888084411621094
12,100,8.75,01,1,338,55.65625,64.171875,0.9714580774307251,61.046875,11.118812561035156
12,100,8.75,01,1,339,56.40625,63.390625,0.9396926164627075,61.4375,10.35038948059082
12,100,8.75,01,1,340,56.359375,63.734375,0.9032590985298157,62.125,10.754230499267578
12,100,8.75,01,1,341,57.125,63.71875,0.9863151907920837,61.078125,10.6231107711792
12,100,8.75,01,1,342,56.734375,63.09375,0.9686801433563232,61.484375,11.043096542358398
12,100,8.75,01,1,343,56.515625,63.546875,1.0011121034622192,62.015625,12.037498474121094
12,100,8.75,01,1,344,56.734375,62.171875,0.9347537755966187,61.359375,9.743488311767578
12,100,8.75,01,1,345,58.46875,62.8125,0.9658106565475464,60.9375,10.771482467651367
12,100,8.75,01,1,346,55.9375,65.390625,0.9490144848823547,61.3125,11.508657455444336
12,100,8.75,01,1,347,56.4375,63.5625,0.9768281579017639,60.84375,10.873825073242188
12,100,8.75,01,1,348,55.4375,63.5,0.9693235158920288,61.703125,11.069725036621094
12,100,8.75,01,1,349,58.453125,63.1875,0.9989283084869385,60.734375,10.860349655151367
12,100,8.75,01,1,350,56.578125,62.453125,0.9703794717788696,61.859375,11.054034233093262
12,100,8.75,01,1,351,58.21875,62.046875,0.9422155618667603,60.46875,10.76152229309082
12,100,8.75,01,1,352,57.84375,63.984375,0.9299055933952332,60.9375,10.79635238647461
12,100,8.75,01,1,353,57.609375,63.125,1.0144455432891846,61.0,11.238929748535156
12,100,8.75,01,1,354,57.859375,63.25,0.9422712326049805,60.515625,10.761065483093262
12,100,8.75,01,1,355,56.765625,63.40625,1.0213948488235474,61.671875,11.300519943237305
12,100,8.75,01,1,356,57.25,62.171875,0.9980760216712952,61.65625,10.934893608093262
12,100,8.75,01,1,357,57.1875,64.265625,0.9855614304542542,61.265625,11.454099655151367
12,100,8.75,01,1,358,58.0,62.859375,0.9389027953147888,60.890625,10.499282836914062
12,100,8.75,01,1,359,56.328125,64.328125,0.9960395693778992,61.015625,10.923240661621094
12,100,8.75,01,1,360,55.765625,63.234375,0.9866023063659668,61.4375,10.888995170593262
12,100,8.75,01,1,361,57.515625,62.4375,0.9897924065589905,61.515625,10.955726623535156
12,100,8.75,01,1,362,58.203125,62.59375,0.9441192150115967,61.625,10.55709457397461
12,100,8.75,01,1,363,56.953125,64.1875,0.9523776173591614,61.125,10.903059005737305
12,100,8.75,01,1,364,57.609375,62.609375,0.9773357510566711,61.25,11.163604736328125
12,100,8.75,01,1,365,56.421875,62.3125,0.9997605085372925,61.609375,10.688018798828125
12,100,8.75,01,1,366,56.171875,62.328125,1.0311015844345093,62.171875,11.32636547088623
12,100,8.75,01,1,367,56.234375,63.328125,1.0179569721221924,62.0,11.328710556030273
12,100,8.75,01,1,368,55.703125,65.0625,0.9803684949874878,61.140625,11.359698295593262
12,100,8.75,01,1,369,56.90625,63.1875,1.0036174058914185,62.09375,11.300193786621094
12,100,8.75,01,1,370,55.421875,64.265625,1.0516443252563477,61.734375,12.166404724121094
12,100,8.75,01,1,371,58.15625,63.59375,0.9501067399978638,61.734375,10.8613920211792
12,100,8.75,01,1,372,58.375,64.015625,1.0096147060394287,61.265625,11.2969388961792
12,100,8.75,01,1,373,55.984375,62.65625,0.9887737035751343,61.78125,10.879751205444336
12,100,8.75,01,1,374,56.109375,64.703125,1.0041614770889282,61.15625,11.145179748535156
12,100,8.75,01,1,375,57.90625,63.375,1.0015928745269775,60.9375,11.080011367797852
12,100,8.75,01,1,376,57.453125,62.71875,1.02364981174469,61.234375,11.376951217651367
12,100,8.75,01,1,377,57.3125,62.953125,1.0712579488754272,61.578125,11.610156059265137
12,100,8.75,01,1,378,59.328125,62.65625,0.9684006571769714,61.65625,10.993162155151367
12,100,8.75,01,1,379,58.28125,63.0,0.9745463728904724,61.4375,11.458526611328125
12,100,8.75,01,1,380,59.5625,63.1875,0.9588327407836914,60.6875,10.72115707397461
12,100,8.75,01,1,381,56.90625,64.65625,0.9744088053703308,61.296875,11.261065483093262
12,100,8.75,01,1,382,56.40625,61.5,0.9825500249862671,61.21875,10.670245170593262
12,100,8.75,01,1,383,55.171875,62.390625,0.9518301486968994,61.65625,10.917120933532715
12,100,8.75,01,1,384,56.828125,62.640625,1.0002528429031372,61.40625,11.119009017944336
12,100,8.75,01,1,385,57.890625,61.328125,1.0388299226760864,61.546875,11.643293380737305
12,100,8.75,01,1,386,57.09375,62.625,1.0127824544906616,61.875,10.975519180297852
12,100,8.75,01,1,387,57.171875,61.859375,0.9930364489555359,61.46875,10.787498474121094
12,100,8.75,01,1,388,56.5,62.0625,0.9821983575820923,61.40625,10.880403518676758
12,100,8.75,01,1,389,57.09375,62.0625,1.000084400177002,61.296875,10.885089874267578
12,100,8.75,01,1,390,56.59375,61.328125,0.9302159547805786,61.640625,10.291404724121094
12,100,8.75,01,1,391,55.21875,62.734375,0.9660903215408325,62.546875,11.115232467651367
12,100,8.75,01,1,392,56.46875,61.921875,0.9867631196975708,61.640625,10.915298461914062
12,100,8.75,01,1,393,57.171875,61.75,0.9892124533653259,62.203125,10.7500638961792
12,100,8.75,01,1,394,55.171875,61.71875,1.0198787450790405,61.890625,11.087172508239746
12,100,8.75,01,1,395,57.046875,61.046875,0.9041188955307007,61.921875,10.308462142944336
12,100,8.75,01,1,396,57.15625,62.03125,1.01068115234375,61.28125,10.897329330444336
12,100,8.75,01,1,397,57.5,59.9375,0.9852566123008728,61.8125,10.417055130004883
12,100,8.75,01,1,398,56.046875,62.375,0.9890413284301758,61.4375,10.566925048828125
12,100,8.75,01,1,399,56.890625,62.125,0.957493782043457,61.359375,10.7442045211792
12,100,8.75,01,1,400,56.078125,63.65625,0.9245269894599915,62.03125,11.26425552368164
12,100,8.75,01,1,401,55.484375,63.1875,1.0145474672317505,61.0,11.336782455444336
12,100,8.75,01,1,402,57.390625,62.484375,0.9328631162643433,60.9375,10.590688705444336
12,100,8.75,01,1,403,56.609375,62.0625,1.0068060159683228,61.890625,11.177082061767578
12,100,8.75,01,1,404,57.890625,62.0,0.9680023193359375,61.390625,10.773305892944336
12,100,8.75,01,1,405,55.921875,62.234375,0.9780407547950745,61.609375,10.9346342086792
12,100,8.75,01,1,406,56.65625,62.03125,0.979373574256897,61.28125,10.611457824707031
12,100,8.75,01,1,407,55.9375,62.390625,0.9921904802322388,61.828125,10.80097484588623
12,100,8.75,01,1,408,56.09375,63.265625,0.9295809268951416,61.8125,11.272459030151367
12,100,8.75,01,1,409,55.40625,63.375,0.9876896739006042,61.796875,11.450324058532715
12,100,8.75,01,1,410,56.59375,64.03125,1.0200872421264648,61.640625,11.62851333618164
12,100,8.75,01,1,411,55.6875,62.125,1.0072002410888672,62.15625,11.350584983825684
12,100,8.75,01,1,412,56.75,61.65625,0.9853901267051697,62.15625,10.6729154586792
12,100,8.75,01,1,413,57.796875,62.765625,0.961793839931488,60.390625,10.793684005737305
12,100,8.75,01,1,414,54.859375,62.3125,0.9585908651351929,62.453125,11.014646530151367
12,100,8.75,01,1,415,56.953125,62.84375,0.9116113781929016,62.015625,10.919074058532715
12,100,8.75,01,1,416,57.859375,62.734375,0.8996081352233887,61.46875,10.79439926147461
12,100,8.75,01,1,417,58.953125,61.609375,1.0266038179397583,61.484375,10.60787582397461
12,100,8.75,01,1,418,56.859375,62.921875,0.9635306000709534,61.828125,11.026885986328125
12,100,8.75,01,1,419,57.171875,62.625,0.8942773342132568,62.609375,10.48092269897461
12,100,8.75,01,1,420,57.015625,62.3125,0.9546619653701782,61.453125,10.377798080444336
12,100,8.75,01,1,421,56.5625,62.3125,0.9512991309165955,61.359375,10.632942199707031
12,100,8.75,01,1,422,56.84375,63.703125,1.0213980674743652,60.96875,11.662498474121094
12,100,8.75,01,1,423,56.1875,63.59375,0.900482177734375,61.53125,10.394855499267578
12,100,8.75,01,1,424,56.546875,64.28125,0.9650111198425293,60.875,10.802343368530273
12,100,8.75,01,1,425,56.75,63.5625,0.9747621417045593,61.875,11.400519371032715
12,100,8.75,01,1,426,58.0625,63.75,0.9952325224876404,61.296875,11.379684448242188
12,100,8.75,01,1,427,55.203125,64.78125,1.0051190853118896,61.875,11.505010604858398
12,100,8.75,01,1,428,55.625,64.828125,0.9031316041946411,62.359375,11.169920921325684
12,100,8.75,01,1,429,57.265625,63.609375,1.0132311582565308,61.46875,11.106575012207031
12,100,8.75,01,1,430,57.984375,63.359375,0.9398558139801025,60.09375,10.08163833618164
12,100,8.75,01,1,431,56.15625,63.5625,0.9824785590171814,61.296875,11.137174606323242
12,100,8.75,01,1,432,55.671875,64.265625,0.9431678652763367,62.578125,11.587432861328125
12,100,8.75,01,1,433,54.875,64.5625,0.9216464757919312,61.90625,11.228449821472168
12,100,8.75,01,1,434,55.59375,65.28125,0.8920791149139404,61.8125,10.442056655883789
12,100,8.75,01,1,435,57.3125,63.984375,0.9370676875114441,61.328125,10.820765495300293
12,100,8.75,01,1,436,54.34375,65.046875,0.9358538389205933,61.421875,10.80683422088623
12,100,8.75,01,1,437,55.453125,64.71875,0.9715087413787842,61.78125,11.467056274414062
12,100,8.75,01,1,438,55.03125,65.390625,0.958286464214325,61.765625,11.412890434265137
12,100,8.75,01,1,439,55.40625,63.09375,0.9301766753196716,62.03125,10.821287155151367
12,100,8.75,01,1,440,57.140625,62.84375,0.9382662773132324,61.859375,10.525909423828125
12,100,8.75,01,1,441,57.609375,63.5625,0.9873195290565491,60.953125,10.682875633239746
12,100,8.75,01,1,442,55.09375,65.359375,0.9910260438919067,61.6875,11.755989074707031
12,100,8.75,01,1,443,56.8125,63.625,1.0076671838760376,60.9375,10.945898056030273
12,100,8.75,01,1,444,56.3125,65.703125,0.9734639525413513,61.953125,11.57206916809082
12,100,8.75,01,1,445,55.578125,64.421875,0.9101085066795349,61.015625,10.267120361328125
12,100,8.75,01,1,446,54.796875,63.15625,0.930885910987854,61.953125,10.571874618530273
12,100,8.75,01,1,447,53.734375,64.28125,0.9929961562156677,61.96875,11.683982849121094
12,100,8.75,01,1,448,57.296875,65.296875,0.9135271906852722,62.359375,11.059504508972168
12,100,8.75,01,1,449,56.703125,64.171875,0.9320357441902161,62.390625,11.546354293823242
12,100,8.75,01,1,450,56.609375,63.609375,0.9815701842308044,61.484375,11.392316818237305
12,100,8.75,01,1,451,57.859375,64.1875,0.9836047887802124,61.71875,11.493162155151367
12,100,8.75,01,1,452,56.03125,64.046875,0.9925187826156616,62.609375,11.913801193237305
12,100,8.75,01,1,453,54.640625,65.15625,1.012241005897522,62.71875,12.100322723388672
12,100,8.75,01,1,454,55.84375,64.53125,0.985989511013031,60.890625,11.111717224121094
12,100,8.75,01,1,455,57.1875,63.703125,0.9722741842269897,62.453125,11.373695373535156
12,100,8.75,01,1,456,55.015625,64.25,1.0116595029830933,61.9375,11.775062561035156
12,100,8.75,01,1,457,53.875,63.125,0.9570367336273193,63.171875,11.313410758972168
12,100,8.75,01,1,458,55.8125,64.265625,0.9641190767288208,61.859375,11.132746696472168
12,100,8.75,01,1,459,54.234375,63.0,0.9894196391105652,61.65625,11.669593811035156
12,100,8.75,01,1,460,55.46875,62.625,0.987540602684021,62.28125,11.69550609588623
12,100,8.75,01,1,461,55.8125,63.234375,0.9978029727935791,62.875,12.028578758239746
12,100,8.75,01,1,462,56.796875,62.984375,1.0029816627502441,62.5625,11.80683422088623
12,100,8.75,01,1,463,55.46875,65.640625,0.9548352956771851,62.796875,12.020442008972168
12,100,8.75,01,1,464,54.578125,64.296875,0.9398961663246155,62.453125,11.421417236328125
12,100,8.75,01,1,465,55.265625,64.9375,0.9412122964859009,62.484375,11.81197738647461
12,100,8.75,01,1,466,54.671875,66.28125,0.9928918480873108,62.0625,11.830076217651367
12,100,8.75,01,1,467,53.484375,65.15625,1.0210692882537842,62.671875,11.99752426147461
12,100,8.75,01,1,468,53.59375,64.890625,1.0763226747512817,62.875,12.936846733093262
12,100,8.75,01,1,469,53.703125,65.375,0.957838773727417,61.890625,11.179621696472168
12,100,8.75,01,1,470,54.453125,64.8125,0.9840015172958374,62.1875,11.714645385742188
12,100,8.75,01,1,471,53.515625,63.9375,0.937417209148407,62.578125,11.212367057800293
12,100,8.75,01,1,472,54.03125,63.140625,0.9572391510009766,62.8125,11.028579711914062
12,100,8.75,01,1,473,53.1875,63.40625,1.0811535120010376,61.859375,11.707159996032715
12,100,8.75,01,1,474,51.546875,62.953125,0.9654321074485779,62.703125,11.308332443237305
12,100,8.75,01,1,475,52.5,63.6875,0.9774268865585327,62.640625,11.615884780883789
12,100,8.75,01,1,476,53.375,63.0625,0.946279764175415,62.53125,10.755271911621094
12,100,8.75,01,1,477,52.046875,64.234375,0.9745110869407654,62.65625,11.56620979309082
12,100,8.75,01,1,478,53.65625,64.125,1.0038208961486816,61.765625,11.668684005737305
12,100,8.75,01,1,479,54.328125,63.0,0.9448472261428833,62.734375,11.6074857711792
12,100,8.75,01,1,480,52.921875,63.515625,0.992696225643158,62.625,12.005598068237305
12,100,8.75,01,1,481,52.96875,64.25,0.9708821177482605,62.765625,11.913734436035156
12,100,8.75,01,1,482,53.59375,64.515625,0.9761107563972473,62.703125,11.840103149414062
12,100,8.75,01,1,483,52.96875,65.125,0.9883472323417664,63.234375,12.262432098388672
12,100,8.75,01,1,484,52.546875,63.0,0.9854539036750793,62.609375,11.511000633239746
12,100,8.75,01,1,485,53.546875,63.734375,0.9798137545585632,63.03125,11.73417854309082
12,100,8.75,01,1,486,53.65625,63.640625,1.0081336498260498,62.640625,12.244529724121094
12,100,8.75,01,1,487,55.453125,63.484375,1.0304113626480103,62.546875,12.098371505737305
12,100,8.75,01,1,488,53.296875,63.96875,1.012121319770813,62.734375,11.955726623535156
12,100,8.75,01,1,489,53.03125,63.890625,0.9923474192619324,62.5625,11.778709411621094
12,100,8.75,01,1,490,52.640625,65.828125,0.9954620003700256,62.84375,12.238670349121094
12,100,8.75,01,1,491,54.234375,65.546875,0.9709653258323669,62.0,11.622720718383789
12,100,8.75,01,1,492,51.90625,63.625,0.9906139373779297,62.953125,11.828123092651367
12,100,8.75,01,1,493,52.171875,63.25,0.9426613450050354,63.140625,11.224998474121094
12,100,8.75,01,1,494,50.71875,63.328125,0.9541058540344238,63.4375,11.409113883972168
12,100,8.75,01,1,495,52.96875,63.5625,1.0054434537887573,63.09375,12.386587142944336
12,100,8.75,01,1,496,52.703125,64.375,0.9824591279029846,62.171875,11.48359203338623
12,100,8.75,01,1,497,52.28125,65.140625,1.011775016784668,62.5,12.733137130737305
12,100,8.75,01,1,498,53.421875,64.328125,0.9159998297691345,62.6875,10.79439926147461
12,100,8.75,01,1,499,52.734375,64.3125,0.984510600566864,63.25,12.181312561035156
12,100,8.75,01,1,500,52.703125,65.25,0.9051759839057922,62.75,11.334699630737305
12,100,8.75,01,1,501,52.84375,64.375,0.9792200326919556,62.84375,12.07467269897461
12,100,8.75,01,1,502,53.4375,62.375,0.958069384098053,62.859375,11.29550552368164
12,100,8.75,01,1,503,54.140625,64.0625,0.9596660137176514,61.9375,11.379556655883789
12,100,8.75,01,1,504,52.828125,66.296875,0.9128916263580322,63.125,11.972785949707031
12,100,8.75,01,1,505,52.234375,65.765625,1.0111676454544067,62.703125,12.488409996032715
12,100,8.75,01,1,506,54.734375,65.53125,1.0083351135253906,62.375,11.977537155151367
12,100,8.75,01,1,507,54.234375,64.078125,1.0179424285888672,63.28125,12.327146530151367
12,100,8.75,01,1,508,53.890625,66.3125,0.949588418006897,62.84375,12.491600036621094
12,100,8.75,01,1,509,52.359375,64.953125,0.972825825214386,63.4375,12.087562561035156
12,100,8.75,01,1,510,51.859375,65.3125,0.9720097184181213,62.828125,12.045570373535156
12,100,8.75,01,1,511,51.3125,65.53125,0.9878955483436584,63.421875,12.273566246032715
12,100,8.75,01,1,512,54.328125,64.640625,1.0104116201400757,62.6875,12.204687118530273
12,100,8.75,01,1,513,53.09375,64.5625,0.9496309757232666,63.109375,11.68502426147461
12,100,8.75,01,1,514,55.078125,63.78125,0.9860023856163025,62.78125,11.818098068237305
12,100,8.75,01,1,515,53.453125,65.046875,0.991074800491333,62.890625,12.339712142944336
12,100,8.75,01,1,516,53.796875,64.90625,1.0014678239822388,62.890625,12.378058433532715
12,100,8.75,01,1,517,53.421875,63.734375,0.971788763999939,62.609375,11.962432861328125
12,100,8.75,01,1,518,53.859375,66.515625,1.0272002220153809,63.0625,13.059569358825684
12,100,8.75,01,1,519,52.34375,64.015625,1.0174018144607544,62.9375,12.237043380737305
12,100,8.75,01,1,520,52.484375,63.46875,0.898902952671051,63.46875,11.097590446472168
12,100,8.75,01,1,521,53.0,64.28125,1.0244779586791992,62.53125,11.96334457397461
12,100,8.75,01,1,522,53.515625,65.28125,0.9646994471549988,62.546875,11.537954330444336
12,100,8.75,01,1,523,53.65625,61.625,1.032918095588684,63.15625,12.188215255737305
12,100,8.75,01,1,524,53.859375,64.375,0.9327666163444519,62.640625,11.598045349121094
12,100,8.75,01,1,525,53.03125,64.359375,0.9517984986305237,63.109375,11.589256286621094
12,100,8.75,01,1,526,53.3125,64.8125,0.9320223927497864,62.296875,11.618488311767578
12,100,8.75,01,1,527,53.78125,62.734375,0.9992600679397583,63.09375,11.34101390838623
12,100,8.75,01,1,528,55.46875,63.65625,1.0446659326553345,63.125,12.399348258972168
12,100,8.75,01,1,529,52.65625,63.96875,0.9386390447616577,63.59375,11.87870979309082
12,100,8.75,01,1,530,53.703125,63.015625,0.9794090390205383,63.859375,11.88984203338623
12,100,8.75,01,1,531,53.46875,65.109375,1.02350914478302,62.9375,12.844268798828125
12,100,8.75,01,1,532,51.703125,65.125,0.9470484852790833,62.859375,11.3838529586792
12,100,8.75,01,1,533,52.71875,62.90625,0.9829890131950378,63.484375,11.612823486328125
12,100,8.75,01,1,534,53.15625,62.453125,1.0108894109725952,63.484375,11.859893798828125
12,100,8.75,01,1,535,54.0625,63.640625,0.9363561272621155,63.53125,11.600259780883789
12,100,8.75,01,1,536,52.28125,65.40625,0.9523435831069946,63.71875,12.058070182800293
12,100,8.75,01,1,537,51.671875,66.4375,0.9141278266906738,63.765625,12.017511367797852
12,100,8.75,01,1,538,52.328125,63.953125,0.9533116817474365,63.578125,11.847524642944336
12,100,8.75,01,1,539,51.03125,64.59375,0.948207676410675,63.796875,12.03632640838623
12,100,8.75,01,1,540,52.125,64.09375,1.0005685091018677,63.15625,11.901494979858398
12,100,8.75,01,1,541,52.859375,65.109375,1.0287489891052246,63.359375,12.1465482711792
12,100,8.75,01,1,542,50.296875,66.96875,1.007742166519165,63.453125,12.619596481323242
12,100,8.75,01,1,543,53.296875,66.0,0.925545334815979,62.96875,11.822916030883789
12,100,8.75,01,1,544,53.8125,66.015625,0.9899449348449707,63.09375,12.614710807800293
12,100,8.75,01,1,545,53.03125,65.65625,0.9796530604362488,63.484375,12.399932861328125
12,100,8.75,01,1,546,52.25,65.890625,1.0095359086990356,62.859375,12.212629318237305
12,100,8.75,01,1,547,53.078125,66.03125,1.0153402090072632,63.09375,12.80781078338623
12,100,8.75,01,1,548,52.015625,65.640625,1.0104460716247559,63.3125,12.75605297088623
12,100,8.75,01,1,549,52.53125,65.578125,0.9092239737510681,64.0,12.29081916809082
12,100,8.75,01,1,550,50.890625,65.21875,0.9605007767677307,64.296875,12.401691436767578
12,100,8.75,01,1,551,51.21875,64.609375,0.9085069298744202,64.046875,11.44257640838623
12,100,8.75,01,1,552,51.8125,64.671875,1.0475928783416748,63.40625,12.582876205444336
12,100,8.75,01,1,553,50.703125,65.9375,1.0482568740844727,63.375,12.785741806030273
12,100,8.75,01,1,554,50.625,65.734375,0.9937259554862976,63.9375,12.803579330444336
12,100,8.75,01,1,555,52.140625,63.734375,0.9714444279670715,64.21875,12.259048461914062
12,100,8.75,01,1,556,51.046875,66.09375,0.9447885155677795,62.75,11.541534423828125
12,100,8.75,01,1,557,52.734375,65.515625,1.005480170249939,63.421875,12.560348510742188
12,100,8.75,01,1,558,51.765625,66.296875,0.9803268909454346,64.78125,13.798175811767578
12,100,8.75,01,1,559,52.4375,65.78125,1.0258095264434814,63.171875,12.850128173828125
12,100,8.75,01,1,560,51.15625,65.765625,1.0354344844818115,63.859375,13.541014671325684
12,100,8.75,01,1,561,51.953125,66.125,1.0138272047042847,63.328125,12.940168380737305
12,100,8.75,01,1,562,50.359375,63.578125,1.0020947456359863,64.109375,12.453903198242188
12,100,8.75,01,1,563,51.046875,64.984375,1.0239912271499634,64.0,12.655726432800293
12,100,8.75,01,1,564,52.390625,65.515625,1.0374387502670288,63.5,12.606119155883789
12,100,8.75,01,1,565,51.890625,65.359375,1.0268945693969727,63.703125,12.780726432800293
12,100,8.75,01,1,566,53.1875,65.5,0.9535690546035767,63.15625,11.735153198242188
12,100,8.75,01,1,567,51.3125,65.515625,0.989086389541626,63.6875,12.401952743530273
12,100,8.75,01,1,568,52.25,64.609375,1.0001699924468994,64.0625,12.722394943237305
12,100,8.75,01,1,569,52.40625,66.203125,0.9859812259674072,63.546875,12.65748405456543
12,100,8.75,01,1,570,53.015625,64.265625,0.9593644738197327,63.296875,11.658592224121094
12,100,8.75,01,1,571,51.859375,64.984375,1.023774266242981,63.640625,12.742185592651367
12,100,8.75,01,1,572,51.1875,64.359375,0.9804956316947937,64.0,12.4834623336792
12,100,8.75,01,1,573,49.109375,65.390625,1.014595627784729,63.4375,12.534698486328125
12,100,8.75,01,1,574,52.03125,65.390625,1.050093412399292,63.578125,12.983072280883789
12,100,8.75,01,1,575,52.015625,65.109375,0.9785237908363342,64.40625,12.497718811035156
12,100,8.75,01,1,576,50.09375,65.265625,0.970755398273468,64.1875,12.509178161621094
12,100,8.75,01,1,577,51.0625,64.484375,1.0668871402740479,64.390625,13.069269180297852
12,100,8.75,01,1,578,50.03125,63.296875,0.9367275238037109,64.25,11.600454330444336
12,100,8.75,01,1,579,52.140625,63.890625,1.0245052576065063,64.140625,12.560805320739746
12,100,8.75,01,1,580,51.90625,63.625,0.9789134860038757,64.078125,12.327863693237305
12,100,8.75,01,1,581,50.640625,64.28125,1.0135058164596558,63.953125,12.655271530151367
12,100,8.75,01,1,582,51.671875,62.25,0.9605039358139038,63.703125,11.516599655151367
12,100,8.75,01,1,583,49.28125,63.09375,1.0243573188781738,64.671875,12.707029342651367
12,100,8.75,01,1,584,50.359375,63.390625,0.9235373735427856,64.15625,11.7588529586792
12,100,8.75,01,1,585,48.21875,63.375,1.0335065126419067,64.6875,12.41939926147461
12,100,8.75,01,1,586,47.8125,64.296875,1.0306185483932495,65.140625,13.085543632507324
12,100,8.75,01,1,587,49.625,62.75,0.9805406332015991,64.078125,12.1172513961792
12,100,8.75,01,1,588,48.171875,63.921875,1.0509122610092163,64.875,12.856117248535156
12,100,8.75,01,1,589,48.953125,64.75,0.974382221698761,64.78125,12.4463529586792
12,100,8.75,01,1,590,48.78125,66.328125,0.9936413764953613,63.8125,12.5674467086792
12,100,8.75,01,1,591,49.46875,64.734375,0.9332820773124695,64.5,12.153709411621094
12,100,8.75,01,1,592,46.859375,63.828125,1.0390448570251465,65.125,13.33417797088623
12,100,8.75,01,1,593,47.0,63.859375,1.0073869228363037,65.375,12.838213920593262
12,100,8.75,01,1,594,48.453125,62.578125,0.9825173616409302,65.21875,12.239581108093262
12,100,8.75,01,1,595,47.84375,63.734375,0.988979697227478,64.953125,12.216078758239746
12,100,8.75,01,1,596,48.515625,63.375,0.9606341123580933,64.859375,12.306900024414062
12,100,8.75,01,1,597,47.359375,63.34375,0.9958671927452087,65.046875,12.325063705444336
12,100,8.75,01,1,598,48.921875,62.53125,0.9903609156608582,64.484375,12.133593559265137
12,100,8.75,01,1,599,49.484375,64.1875,0.9865701794624329,64.125,12.48749828338623
12,100,8.75,01,1,600,48.21875,64.5,1.0327554941177368,64.546875,12.821157455444336
12,100,8.75,01,1,601,47.3125,64.328125,1.0091607570648193,65.265625,12.820636749267578
12,100,8.75,01,1,602,50.234375,63.71875,0.9716832041740417,64.453125,12.06562328338623
12,100,8.75,01,1,603,48.109375,63.984375,1.0214834213256836,64.71875,12.496025085449219
12,100,8.75,01,1,604,49.03125,62.75,1.008669376373291,64.609375,12.456703186035156
12,100,8.75,01,1,605,48.625,64.265625,1.0166292190551758,64.609375,12.731964111328125
12,100,8.75,01,1,606,49.84375,63.046875,0.9662528038024902,64.265625,11.655206680297852
12,100,8.75,01,1,607,51.03125,63.40625,1.016980528831482,64.046875,12.3965482711792
12,100,8.75,01,1,608,49.53125,64.28125,0.9609763622283936,65.15625,12.322980880737305
12,100,8.75,01,1,609,49.40625,63.921875,1.0240520238876343,65.515625,13.344985008239746
12,100,8.75,01,1,610,49.59375,63.359375,1.009394884109497,64.140625,12.395896911621094
12,100,8.75,01,1,611,48.703125,66.0,0.9626269340515137,64.5625,12.719660758972168
12,100,8.75,01,1,612,49.671875,64.75,1.0026730298995972,63.875,12.495962142944336
12,100,8.75,01,1,613,48.59375,63.875,1.0381615161895752,64.984375,13.391990661621094
12,100,8.75,01,1,614,49.5625,64.171875,0.9934365153312683,65.1875,13.061327934265137
12,100,8.75,01,1,615,49.734375,64.453125,1.0123213529586792,63.8125,12.568358421325684
12,100,8.75,01,1,616,49.46875,65.34375,1.0092631578445435,64.1875,12.96699047088623
12,100,8.75,01,1,617,49.84375,64.078125,0.9743943810462952,64.078125,12.251625061035156
12,100,8.75,01,1,618,50.40625,64.359375,0.9672614932060242,64.90625,12.537042617797852
12,100,8.75,01,1,619,51.40625,64.6875,1.012008547782898,64.640625,13.05709457397461
12,100,8.75,01,1,620,51.4375,63.4375,0.9420849680900574,64.890625,12.292250633239746
12,100,8.75,01,1,621,49.078125,64.765625,0.9982250332832336,64.5625,12.597330093383789
12,100,8.75,01,1,622,50.578125,64.84375,1.0340244770050049,64.015625,12.997199058532715
12,100,8.75,01,1,623,49.828125,66.1875,0.9758650064468384,64.65625,12.89140510559082
12,100,8.75,01,1,624,49.90625,66.359375,1.0577009916305542,64.828125,13.792966842651367
12,100,8.75,01,1,625,48.46875,67.28125,0.9963929057121277,65.125,13.707354545593262
12,100,8.75,01,1,626,47.5625,66.65625,1.0533456802368164,65.140625,13.880727767944336
12,100,8.75,01,1,627,49.359375,65.15625,0.9504947662353516,64.5,12.782876968383789
12,100,8.75,01,1,628,49.28125,66.578125,0.9625309705734253,64.765625,12.640493392944336
12,100,8.75,01,1,629,50.640625,64.484375,0.9780414700508118,64.921875,12.41972541809082
12,100,8.75,01,1,630,49.4375,66.390625,1.0399363040924072,64.609375,13.190168380737305
12,100,8.75,01,1,631,50.421875,65.71875,1.0215059518814087,64.25,12.645050048828125
12,100,8.75,01,1,632,49.96875,66.125,1.0053918361663818,64.9375,13.22734260559082
12,100,8.75,01,1,633,50.03125,65.109375,0.9372084736824036,64.953125,12.604751586914062
12,100,8.75,01,1,634,50.890625,65.5625,1.0416522026062012,64.453125,13.127471923828125
12,100,8.75,01,1,635,50.375,67.75,0.9284512400627136,64.921875,12.971548080444336
12,100,8.75,01,1,636,50.171875,67.203125,0.9641318917274475,64.265625,12.862760543823242
12,100,8.75,01,1,637,50.34375,66.890625,0.9888054132461548,64.0625,13.029555320739746
12,100,8.75,01,1,638,50.109375,66.421875,0.9496747255325317,65.28125,13.201299667358398
12,100,8.75,01,1,639,49.640625,65.921875,1.0073223114013672,65.703125,13.789972305297852
12,100,8.75,01,1,640,50.375,66.375,0.9874609708786011,64.8125,12.947263717651367
12,100,8.75,01,1,641,51.828125,65.34375,1.018039584159851,63.984375,12.402929306030273
12,100,8.75,01,1,642,50.296875,66.0625,1.03696608543396,64.203125,13.07174301147461
12,100,8.75,01,1,643,50.515625,64.796875,0.9637829065322876,64.65625,12.0518217086792
12,100,8.75,01,1,644,49.328125,64.984375,1.0182952880859375,64.421875,13.077146530151367
12,100,8.75,01,1,645,51.125,65.859375,1.0162869691848755,64.4375,12.851560592651367
12,100,8.75,01,1,646,49.046875,64.859375,1.031721591949463,65.046875,13.389516830444336
12,100,8.75,01,1,647,50.234375,66.421875,0.9572770595550537,64.171875,12.569986343383789
12,100,8.75,01,1,648,50.078125,66.484375,1.0049433708190918,65.234375,13.379556655883789
12,100,8.75,01,1,649,51.203125,64.828125,1.0158134698867798,64.515625,12.828383445739746
12,100,8.75,01,1,650,50.625,65.125,1.0179412364959717,64.984375,12.901625633239746
12,100,8.75,01,1,651,50.0625,66.71875,1.0426043272018433,64.390625,13.267836570739746
12,100,8.75,01,1,652,49.953125,67.421875,1.0102529525756836,65.03125,13.666144371032715
12,100,8.75,01,1,653,48.203125,66.96875,1.0126539468765259,64.375,12.873695373535156
12,100,8.75,01,1,654,50.390625,66.421875,1.0254631042480469,64.0625,12.80781078338623
12,100,8.75,01,1,655,50.6875,66.609375,0.9795267581939697,63.78125,12.918227195739746
12,100,8.75,01,1,656,49.09375,65.8125,0.9666175842285156,64.65625,12.602538108825684
12,100,8.75,01,1,657,50.625,66.71875,1.0368460416793823,64.25,13.333526611328125
12,100,8.75,01,1,658,49.234375,65.078125,1.062436580657959,64.828125,13.25800609588623
12,100,8.75,01,1,659,48.96875,67.453125,0.9443905353546143,65.34375,13.132354736328125
12,100,8.75,01,1,660,48.609375,66.296875,1.0608502626419067,64.890625,13.6026029586792
12,100,8.75,01,1,661,47.0,65.875,1.0381841659545898,65.625,13.56197738647461
12,100,8.75,01,1,662,49.90625,64.734375,0.9607038497924805,65.640625,12.592185974121094
12,100,8.75,01,1,663,49.96875,67.65625,1.0112814903259277,63.71875,13.642316818237305
12,100,8.75,01,1,664,51.375,67.0625,1.0233029127120972,64.34375,13.45357894897461
12,100,8.75,01,1,665,50.578125,67.921875,1.016205906867981,64.25,13.639190673828125
12,100,8.75,01,1,666,52.640625,67.34375,1.0122421979904175,65.078125,13.544333457946777
12,100,8.75,01,1,667,49.484375,66.65625,0.9686312079429626,64.453125,12.7813138961792
12,100,8.75,01,1,668,50.546875,65.953125,0.9495387077331543,64.515625,13.047134399414062
12,100,8.75,01,1,669,49.578125,65.625,1.093697190284729,64.453125,13.41093635559082
12,100,8.75,01,1,670,48.84375,66.5,1.0300480127334595,65.203125,13.58639144897461
12,100,8.75,01,1,671,47.40625,65.640625,0.9841883182525635,65.46875,13.112953186035156
12,100,8.75,01,1,672,48.859375,65.9375,1.0222852230072021,65.015625,13.35820198059082
12,100,8.75,01,1,673,48.59375,67.6875,0.9687756299972534,64.453125,13.012237548828125
12,100,8.75,01,1,674,48.3125,64.296875,1.0261073112487793,65.5,13.169334411621094
12,100,8.75,01,1,675,48.890625,67.09375,1.001509666442871,65.375,13.792381286621094
12,100,8.75,01,1,676,48.296875,64.125,1.0120823383331299,66.09375,13.431964874267578
12,100,8.75,01,1,677,49.0,65.359375,1.0269191265106201,65.125,12.734960556030273
12,100,8.75,01,1,678,50.671875,67.03125,1.0429214239120483,64.671875,13.251429557800293
12,100,8.75,01,1,679,50.296875,66.640625,1.0172280073165894,65.140625,13.75761604309082
12,100,8.75,01,1,680,50.875,66.484375,0.9584264755249023,64.265625,12.620962142944336
12,100,8.75,01,1,681,48.8125,65.5,0.9970306754112244,65.5,13.210546493530273
12,100,8.75,01,1,682,50.484375,67.65625,1.0348790884017944,64.78125,13.242837905883789
12,100,8.75,01,1,683,50.75,66.0,0.9866939783096313,64.96875,13.13105297088623
12,100,8.75,01,1,684,48.65625,67.328125,1.0098506212234497,64.8125,13.273956298828125
12,100,8.75,01,1,685,49.65625,66.9375,1.0090969800949097,64.875,13.60566234588623
12,100,8.75,01,1,686,48.453125,68.4375,1.0277541875839233,65.546875,14.063344955444336
12,100,8.75,01,1,687,50.359375,67.109375,0.986382007598877,65.25,13.50468635559082
12,100,8.75,01,1,688,49.765625,67.515625,1.0517035722732544,64.75,13.641014099121094
12,100,8.75,01,1,689,49.171875,67.90625,1.0302170515060425,65.296875,14.237237930297852
12,100,8.75,01,1,690,49.65625,67.1875,1.091881513595581,65.390625,14.036651611328125
12,100,8.75,01,1,691,51.875,65.75,1.0011204481124878,64.515625,12.490493774414062
12,100,8.75,01,1,692,48.578125,65.671875,1.0019174814224243,64.953125,13.020179748535156
12,100,8.75,01,1,693,47.40625,65.609375,0.9780846238136292,65.484375,13.04472541809082
12,100,8.75,01,1,694,50.03125,64.546875,0.9488715529441833,65.0,12.474151611328125
12,100,8.75,01,1,695,49.765625,63.859375,1.0985618829727173,65.46875,13.500518798828125
12,100,8.75,01,1,696,49.390625,67.015625,0.9400846362113953,65.5,13.03183364868164
12,100,8.75,01,1,697,49.671875,67.390625,0.9970219731330872,65.875,13.582744598388672
12,100,8.75,01,1,698,47.84375,68.109375,1.0150033235549927,64.828125,13.718684196472168
12,100,8.75,01,1,699,46.90625,69.171875,1.0070439577102661,65.46875,14.007746696472168
12,100,8.75,01,1,700,49.015625,67.25,1.0405360460281372,64.9375,13.609893798828125
12,100,8.75,01,1,701,48.390625,66.078125,1.0357226133346558,65.203125,13.868488311767578
12,100,8.75,01,1,702,47.421875,65.609375,1.0953831672668457,65.84375,14.277342796325684
12,100,8.75,01,1,703,48.078125,67.3125,1.0599263906478882,65.71875,14.339776992797852
12,100,8.75,01,1,704,48.203125,64.65625,1.0234614610671997,65.78125,13.521613121032715
12,100,8.75,01,1,705,47.65625,66.21875,1.0038708448410034,65.3125,13.06952953338623
12,100,8.75,01,1,706,45.875,66.71875,1.016334056854248,65.21875,12.907355308532715
12,100,8.75,01,1,707,48.015625,67.546875,0.9916315078735352,65.578125,13.48222541809082
12,100,8.75,01,1,708,48.40625,65.40625,1.0129990577697754,64.96875,12.443748474121094
12,100,8.75,01,1,709,45.8125,67.359375,1.0555707216262817,64.796875,14.011131286621094
12,100,8.75,01,1,710,48.28125,66.09375,1.0116888284683228,65.21875,12.979815483093262
12,100,8.75,01,1,711,46.890625,66.09375,1.012225866317749,65.28125,13.45527172088623
12,100,8.75,01,1,712,47.25,66.671875,1.007638931274414,65.65625,13.529294967651367
12,100,8.75,01,1,713,46.953125,66.484375,1.029334306716919,65.5,13.902276992797852
12,100,8.75,01,1,714,46.1875,67.0,1.0513447523117065,65.578125,13.634504318237305
12,100,8.75,01,1,715,47.890625,66.765625,1.0242152214050293,65.453125,13.756117820739746
12,100,8.75,01,1,716,46.796875,66.203125,1.0130165815353394,65.359375,13.070960998535156
12,100,8.75,01,1,717,47.59375,67.0625,1.065619707107544,66.09375,14.129100799560547
12,100,8.75,01,1,718,48.78125,66.34375,1.0333335399627686,65.34375,13.501887321472168
12,100,8.75,01,1,719,47.984375,66.3125,1.023102879524231,65.84375,13.623306274414062
12,100,8.75,01,1,720,48.8125,67.09375,1.0199757814407349,65.828125,13.917966842651367
12,100,8.75,01,1,721,48.9375,67.28125,0.9869030117988586,65.09375,13.14628791809082
12,100,8.75,01,1,722,49.5,67.5,1.0465037822723389,65.59375,14.0039701461792
12,100,8.75,01,1,723,49.828125,68.71875,0.9651660919189453,65.765625,13.974607467651367
12,100,8.75,01,1,724,48.265625,68.203125,1.0341211557388306,64.78125,13.80722427368164
12,100,8.75,01,1,725,48.9375,69.46875,0.991622805595398,65.515625,13.775650024414062
12,100,8.75,01,1,726,47.484375,65.953125,1.0165482759475708,65.53125,13.506117820739746
12,100,8.75,01,1,727,48.796875,67.25,0.9902298450469971,65.15625,13.169074058532715
12,100,8.75,01,1,728,47.96875,67.375,1.022672414779663,65.453125,13.733592987060547
12,100,8.75,01,1,729,47.125,66.984375,1.0062958002090454,65.828125,13.686781883239746
12,100,8.75,01,1,730,47.5625,68.0,1.0505112409591675,65.234375,14.206964492797852
12,100,8.75,01,1,731,48.609375,67.046875,1.001525640487671,64.953125,13.171546936035156
12,100,8.75,01,1,732,46.625,68.40625,1.0503027439117432,65.265625,14.3399076461792
12,100,8.75,01,1,733,49.65625,65.8125,1.0284433364868164,66.125,13.774673461914062
12,100,8.75,01,1,734,48.4375,64.75,1.075181007385254,65.90625,13.73320198059082
12,100,8.75,01,1,735,45.828125,68.15625,1.0640603303909302,66.046875,14.377862930297852
12,100,8.75,01,1,736,46.125,64.0,0.9830882549285889,66.796875,13.278319358825684
12,100,8.75,01,1,737,46.8125,65.015625,0.9580367207527161,66.171875,12.56328010559082
12,100,8.75,01,1,738,48.34375,65.046875,1.0219781398773193,65.421875,13.047393798828125
12,100,8.75,01,1,739,46.921875,64.109375,0.9722003936767578,66.109375,12.925519943237305
12,100,8.75,01,1,740,48.0,67.0625,1.0125877857208252,64.828125,13.318618774414062
12,100,8.75,01,1,741,47.25,65.34375,0.997076153755188,66.71875,13.378774642944336
12,100,8.75,01,1,742,47.546875,66.515625,1.046417236328125,65.59375,13.616859436035156
12,100,8.75,01,1,743,47.109375,67.78125,1.051810622215271,65.21875,13.616534233093262
12,100,8.75,01,1,744,49.390625,67.578125,1.0349361896514893,65.09375,13.712562561035156
12,100,8.75,01,1,745,47.28125,67.1875,1.0257513523101807,65.671875,14.040624618530273
12,100,8.75,01,1,746,48.328125,67.515625,0.9854236245155334,66.015625,13.570570945739746
12,100,8.75,01,1,747,45.828125,67.71875,1.0155190229415894,66.375,13.65546703338623
12,100,8.75,01,1,748,46.90625,67.359375,0.98545241355896,66.5,13.519920349121094
12,100,8.75,01,1,749,48.296875,67.109375,0.9812136888504028,65.828125,13.349477767944336
12,100,8.75,01,1,750,46.828125,68.34375,1.0361193418502808,65.734375,14.134178161621094
12,100,8.75,01,1,751,47.15625,66.125,1.021511197090149,66.359375,13.841339111328125
12,100,8.75,01,1,752,46.671875,66.265625,1.0342752933502197,66.515625,14.09687328338623
12,100,8.75,01,1,753,46.34375,67.03125,0.999527096748352,66.59375,13.832616806030273
12,100,8.75,01,1,754,46.9375,66.921875,1.0757888555526733,66.40625,14.11113166809082
12,100,8.75,01,1,755,46.75,66.578125,1.0162891149520874,66.03125,14.292707443237305
12,100,8.75,01,1,756,47.078125,66.765625,1.0058302879333496,66.078125,13.35885238647461
12,100,8.75,01,1,757,44.390625,66.828125,1.0036121606826782,66.625,13.277212142944336
12,100,8.75,01,1,758,46.765625,65.15625,0.9863858819007874,66.734375,12.8057279586792
12,100,8.75,01,1,759,47.109375,65.8125,1.0216635465621948,65.859375,13.71367073059082
12,100,8.75,01,1,760,46.5,67.28125,1.0384328365325928,66.25,13.73105239868164
12,100,8.75,01,1,761,47.21875,68.03125,1.0345593690872192,65.8125,13.964972496032715
12,100,8.75,01,1,762,45.765625,66.59375,0.9991071820259094,66.359375,13.61249828338623
12,100,8.75,01,1,763,46.578125,66.703125,1.0104535818099976,66.296875,13.7481107711792
12,100,8.75,01,1,764,47.375,65.625,1.0241137742996216,66.1875,13.411067008972168
12,100,8.75,01,1,765,46.796875,65.515625,1.0367406606674194,65.953125,13.60820198059082
12,100,8.75,01,1,766,45.21875,66.90625,1.024646520614624,66.734375,14.173110961914062
12,100,8.75,01,1,767,45.671875,65.515625,1.0279371738433838,65.859375,13.444334030151367
12,100,8.75,01,1,768,46.171875,65.140625,1.0139009952545166,65.28125,12.78964614868164
12,100,8.75,01,1,769,45.453125,65.609375,1.0527888536453247,66.0,13.719073295593262
12,100,8.75,01,1,770,44.21875,64.90625,1.047882080078125,66.21875,13.325780868530273
12,100,8.75,01,1,771,46.59375,67.921875,1.055083990097046,66.125,14.268163681030273
12,100,8.75,01,1,772,44.9375,65.96875,1.058675765991211,66.515625,14.35787582397461
12,100,8.75,01,1,773,46.453125,66.5625,0.9951565861701965,65.328125,13.100259780883789
12,100,8.75,01,1,774,46.4375,67.40625,1.0432758331298828,66.46875,14.3731107711792
12,100,8.75,01,1,775,45.859375,67.015625,1.0010828971862793,66.390625,13.778709411621094
12,100,8.75,01,1,776,45.75,67.03125,1.0650277137756348,66.546875,14.404685974121094
12,100,8.75,01,1,777,46.4375,67.34375,1.0539644956588745,66.59375,14.383136749267578
12,100,8.75,01,1,778,46.78125,66.515625,1.0147395133972168,65.921875,13.722068786621094
12,100,8.75,01,1,779,45.875,67.546875,1.0541497468948364,65.828125,14.589452743530273
12,100,8.75,01,1,780,45.421875,65.515625,1.0245563983917236,66.75,13.579687118530273
12,100,8.75,01,1,781,45.3125,67.40625,1.0334595441818237,66.484375,14.00156021118164
12,100,8.75,01,1,782,45.453125,64.703125,1.0569247007369995,66.46875,13.518683433532715
12,100,8.75,01,1,783,45.328125,67.171875,1.0468791723251343,66.265625,14.126754760742188
12,100,8.75,01,1,784,45.59375,65.1875,1.0142240524291992,66.65625,13.668292999267578
12,100,8.75,01,1,785,46.859375,65.8125,1.0395146608352661,66.921875,14.529945373535156
12,100,8.75,01,1,786,46.8125,66.9375,0.966184139251709,65.453125,13.033071517944336
12,100,8.75,01,1,787,46.40625,66.375,0.9634054899215698,66.28125,13.256248474121094
12,100,8.75,01,1,788,46.125,66.9375,0.9601442813873291,66.234375,13.091535568237305
12,100,8.75,01,1,789,47.5625,67.53125,1.0438282489776611,65.671875,14.030596733093262
12,100,8.75,01,1,790,47.28125,67.515625,0.9811834096908569,66.140625,13.712823867797852
12,100,8.75,01,1,791,47.84375,67.09375,0.9390573501586914,65.5625,12.836390495300293
12,100,8.75,01,1,792,45.6875,66.828125,1.025069236755371,66.609375,14.425390243530273
12,100,8.75,01,1,793,47.96875,68.40625,1.0150659084320068,66.046875,14.294269561767578
12,100,8.75,01,1,794,47.71875,66.125,1.0245295763015747,66.265625,13.604230880737305
12,100,8.75,01,1,795,45.640625,67.546875,1.0139299631118774,66.25,14.116534233093262
12,100,8.75,01,1,796,46.890625,68.578125,0.9890216588973999,65.78125,14.009893417358398
12,100,8.75,01,1,797,47.359375,67.421875,1.0387935638427734,65.34375,13.956964492797852
12,100,8.75,01,1,798,46.0,68.34375,1.0245460271835327,65.484375,14.177081108093262
12,100,8.75,01,1,799,46.328125,67.8125,1.0083715915679932,66.609375,14.21503734588623
12,100,8.75,01,2,0,58.484375,59.046875,0.9294241070747375,41.875,7.062303066253662
12,100,8.75,01,2,1,56.53125,58.890625,0.9080713987350464,42.328125,7.039126396179199
12,100,8.75,01,2,2,58.8125,58.625,0.8915902972221375,41.890625,6.241796016693115
12,100,8.75,01,2,3,57.359375,58.59375,0.9362623691558838,44.171875,7.794595241546631
12,100,8.75,01,2,4,58.3125,58.375,0.9564902186393738,43.46875,7.277277946472168
12,100,8.75,01,2,5,56.546875,58.5625,0.9728032350540161,43.46875,7.159178733825684
12,100,8.75,01,2,6,55.984375,59.25,0.899251401424408,45.21875,7.1330060958862305
12,100,8.75,01,2,7,56.59375,60.078125,0.8810166716575623,45.9375,7.354296684265137
12,100,8.75,01,2,8,57.0625,59.21875,0.9186943173408508,47.203125,7.535220623016357
12,100,8.75,01,2,9,56.34375,57.984375,0.9149684309959412,47.375,6.867772102355957
12,100,8.75,01,2,10,57.203125,56.890625,0.8978754281997681,48.578125,6.738801002502441
12,100,8.75,01,2,11,55.5625,56.46875,0.8968287706375122,49.125,7.088540554046631
12,100,8.75,01,2,12,56.1875,56.421875,0.9126497507095337,49.765625,7.355597496032715
12,100,8.75,01,2,13,56.3125,57.15625,0.9249722957611084,51.15625,7.728644371032715
12,100,8.75,01,2,14,54.296875,59.28125,0.9240515828132629,51.125,7.234503746032715
12,100,8.75,01,2,15,55.640625,59.296875,0.8772071003913879,51.84375,7.574217796325684
12,100,8.75,01,2,16,54.75,59.828125,0.9130386114120483,52.65625,8.001821517944336
12,100,8.75,01,2,17,54.65625,59.453125,0.9140843749046326,52.859375,8.662954330444336
12,100,8.75,01,2,18,54.96875,61.59375,0.8372142314910889,53.140625,8.324934005737305
12,100,8.75,01,2,19,54.765625,60.28125,0.9356353282928467,53.109375,8.4385404586792
12,100,8.75,01,2,20,57.421875,59.078125,0.8883929252624512,53.5625,7.729295253753662
12,100,8.75,01,2,21,55.96875,62.21875,0.8764990568161011,53.25,8.52617073059082
12,100,8.75,01,2,22,56.796875,59.359375,0.8548601269721985,54.5,7.689061641693115
12,100,8.75,01,2,23,59.234375,64.109375,0.8908277750015259,52.453125,8.055988311767578
12,100,8.75,01,2,24,58.0,63.25,0.9431752562522888,53.734375,8.693944931030273
12,100,8.75,01,2,25,58.125,62.765625,0.9120745062828064,54.5625,8.792510986328125
12,100,8.75,01,2,26,57.515625,63.0625,0.9284266233444214,54.640625,8.92890453338623
12,100,8.75,01,2,27,57.203125,62.0,0.8890371322631836,54.1875,8.0313138961792
12,100,8.75,01,2,28,57.6875,64.21875,0.9788850545883179,54.71875,9.118032455444336
12,100,8.75,01,2,29,57.015625,62.03125,0.9052761793136597,55.0,8.539907455444336
12,100,8.75,01,2,30,57.828125,62.359375,0.9390649795532227,55.40625,8.576040267944336
12,100,8.75,01,2,31,56.90625,61.484375,0.913481593132019,55.796875,8.884439468383789
12,100,8.75,01,2,32,56.40625,62.28125,0.9006648063659668,54.734375,7.952798366546631
12,100,8.75,01,2,33,58.40625,63.84375,0.8647153377532959,55.515625,8.604360580444336
12,100,8.75,01,2,34,58.265625,62.0,0.910704493522644,56.140625,8.653579711914062
12,100,8.75,01,2,35,57.78125,63.15625,1.0030776262283325,56.421875,9.713865280151367
12,100,8.75,01,2,36,58.03125,62.984375,0.948934018611908,56.40625,9.203058242797852
12,100,8.75,01,2,37,58.125,63.75,0.9368311762809753,55.96875,9.149282455444336
12,100,8.75,01,2,38,57.453125,64.5625,0.9276064038276672,56.625,9.432355880737305
12,100,8.75,01,2,39,56.453125,64.734375,0.8983864784240723,56.828125,9.201105117797852
12,100,8.75,01,2,40,57.671875,64.984375,0.9545397758483887,55.953125,9.270116806030273
12,100,8.75,01,2,41,59.515625,63.15625,0.9392262697219849,56.09375,9.03691291809082
12,100,8.75,01,2,42,57.8125,64.484375,0.9123734831809998,56.265625,8.946027755737305
12,100,8.75,01,2,43,58.734375,63.640625,0.9379993677139282,57.203125,9.608332633972168
12,100,8.75,01,2,44,59.046875,65.90625,0.9542787671089172,57.140625,9.901300430297852
12,100,8.75,01,2,45,56.96875,65.140625,0.9299883246421814,56.9375,9.64889144897461
12,100,8.75,01,2,46,56.734375,64.734375,0.925583004951477,56.625,9.033527374267578
12,100,8.75,01,2,47,56.984375,65.15625,0.9421362280845642,57.25,9.808917999267578
12,100,8.75,01,2,48,58.453125,64.78125,0.9248778223991394,57.09375,9.158202171325684
12,100,8.75,01,2,49,57.640625,64.40625,0.9251262545585632,56.875,9.29342269897461
12,100,8.75,01,2,50,59.234375,65.515625,0.9398528933525085,56.171875,9.35006332397461
12,100,8.75,01,2,51,60.4375,64.1875,0.8832279443740845,57.671875,9.257030487060547
12,100,8.75,01,2,52,59.875,66.1875,0.9310977458953857,57.71875,9.812238693237305
12,100,8.75,01,2,53,59.5625,66.5625,0.9252258539199829,57.125,9.618292808532715
12,100,8.75,01,2,54,60.96875,64.40625,0.9621561169624329,57.09375,9.746744155883789
12,100,8.75,01,2,55,59.921875,65.3125,0.8284591436386108,57.90625,8.6846342086792
12,100,8.75,01,2,56,58.6875,62.6875,0.8930366635322571,58.265625,8.930988311767578
12,100,8.75,01,2,57,56.65625,65.140625,0.8711380958557129,57.453125,9.21601390838623
12,100,8.75,01,2,58,56.96875,64.0625,0.8917585015296936,58.25,9.14667797088623
12,100,8.75,01,2,59,58.078125,65.5625,0.9215588569641113,58.0,9.857419967651367
12,100,8.75,01,2,60,59.546875,64.734375,0.9248836040496826,57.265625,9.159308433532715
12,100,8.75,01,2,61,58.28125,64.609375,0.9389488101005554,58.75,10.062759399414062
12,100,8.75,01,2,62,60.09375,64.34375,0.9244329929351807,57.40625,8.888344764709473
12,100,8.75,01,2,63,59.984375,63.515625,0.8946932554244995,57.578125,8.797524452209473
12,100,8.75,01,2,64,58.03125,64.40625,0.9311053156852722,58.796875,9.706443786621094
12,100,8.75,01,2,65,59.375,66.8125,0.9479336142539978,58.21875,10.108461380004883
12,100,8.75,01,2,66,59.546875,66.34375,0.950936496257782,58.0,10.04570198059082
12,100,8.75,01,2,67,58.8125,64.859375,0.9168925285339355,58.5625,9.60722541809082
12,100,8.75,01,2,68,57.75,65.765625,0.9571499228477478,57.890625,10.239646911621094
12,100,8.75,01,2,69,57.6875,65.484375,0.9242278337478638,58.65625,10.556509017944336
12,100,8.75,01,2,70,58.015625,63.09375,0.9095597863197327,59.4375,9.89791488647461
12,100,8.75,01,2,71,56.8125,64.515625,0.933669924736023,58.734375,9.42343521118164
12,100,8.75,01,2,72,57.40625,64.46875,0.9505689144134521,58.90625,10.033592224121094
12,100,8.75,01,2,73,58.421875,63.859375,0.9139500856399536,58.90625,9.775714874267578
12,100,8.75,01,2,74,58.703125,63.84375,0.9582782983779907,59.75,10.196222305297852
12,100,8.75,01,2,75,57.8125,65.796875,0.9372244477272034,58.953125,10.028253555297852
12,100,8.75,01,2,76,57.046875,66.90625,0.9023037552833557,59.28125,9.981313705444336
12,100,8.75,01,2,77,59.328125,63.59375,0.9177954792976379,59.546875,9.783918380737305
12,100,8.75,01,2,78,58.078125,64.953125,0.9480535387992859,58.953125,10.355141639709473
12,100,8.75,01,2,79,57.9375,64.21875,0.8516526818275452,59.828125,9.615949630737305
12,100,8.75,01,2,80,59.640625,65.390625,0.8913614153862,58.953125,9.66581916809082
12,100,8.75,01,2,81,56.296875,65.578125,0.9300931692123413,60.453125,10.753774642944336
12,100,8.75,01,2,82,57.28125,65.328125,0.9441883563995361,59.6875,10.688475608825684
12,100,8.75,01,2,83,59.03125,65.6875,0.8808164000511169,59.609375,10.37031078338623
12,100,8.75,01,2,84,60.03125,67.21875,0.8797826766967773,58.921875,10.087823867797852
12,100,8.75,01,2,85,58.96875,65.03125,0.8961943984031677,59.875,10.405206680297852
12,100,8.75,01,2,86,58.515625,68.0,0.8879475593566895,60.078125,10.980207443237305
12,100,8.75,01,2,87,58.953125,67.90625,0.9077581167221069,60.515625,11.305663108825684
12,100,8.75,01,2,88,58.296875,65.3125,0.9859501123428345,59.78125,10.961065292358398
12,100,8.75,01,2,89,57.953125,66.5625,0.9628793597221375,60.8125,11.611262321472168
12,100,8.75,01,2,90,59.859375,65.953125,0.9019378423690796,60.25,10.665428161621094
12,100,8.75,01,2,91,60.765625,66.15625,0.9462514519691467,60.09375,10.810544967651367
12,100,8.75,01,2,92,61.0625,64.5625,0.8742945194244385,59.953125,9.698631286621094
12,100,8.75,01,2,93,59.84375,65.796875,1.0007996559143066,60.1875,11.370765686035156
12,100,8.75,01,2,94,56.546875,64.796875,0.9054513573646545,61.53125,11.29439926147461
12,100,8.75,01,2,95,56.671875,64.953125,0.9526647925376892,60.46875,10.602472305297852
12,100,8.75,01,2,96,56.84375,66.25,0.9034002423286438,61.234375,11.065038681030273
12,100,8.75,01,2,97,57.0625,65.0,0.9170555472373962,60.1875,10.308982849121094
12,100,8.75,01,2,98,56.46875,65.96875,0.9640998840332031,61.546875,11.288084030151367
12,100,8.75,01,2,99,57.296875,65.484375,0.984070360660553,61.5625,11.54023265838623
12,100,8.75,01,2,100,56.6875,65.84375,0.9330651760101318,59.96875,10.465688705444336
12,100,8.75,01,2,101,57.171875,65.8125,0.9321346282958984,61.0625,11.268423080444336
12,100,8.75,01,2,102,56.765625,65.0625,0.9122982621192932,60.96875,10.434959411621094
12,100,8.75,01,2,103,55.8125,65.96875,0.9702250957489014,61.203125,11.440231323242188
12,100,8.75,01,2,104,58.015625,66.0625,0.9219259023666382,61.0,10.865492820739746
12,100,8.75,01,2,105,56.03125,67.34375,0.9312651753425598,61.71875,11.652667045593262
12,100,8.75,01,2,106,57.96875,66.40625,0.898040235042572,61.921875,11.228384017944336
12,100,8.75,01,2,107,58.640625,67.390625,1.0189800262451172,61.359375,12.1299467086792
12,100,8.75,01,2,108,57.546875,68.34375,0.9571096897125244,61.0625,11.1699857711792
12,100,8.75,01,2,109,58.125,67.578125,1.0309380292892456,61.296875,12.334699630737305
12,100,8.75,01,2,110,58.34375,67.78125,0.9414700865745544,61.15625,11.50800609588623
12,100,8.75,01,2,111,58.03125,69.171875,0.938867449760437,61.671875,11.72089672088623
12,100,8.75,01,2,112,58.078125,65.765625,0.9362077116966248,61.53125,11.26484203338623
12,100,8.75,01,2,113,56.0,65.90625,0.9540438055992126,61.1875,11.132094383239746
12,100,8.75,01,2,114,57.609375,68.453125,0.9246535897254944,60.75,11.58808422088623
12,100,8.75,01,2,115,57.328125,66.34375,0.8753048777580261,62.15625,11.015624046325684
12,100,8.75,01,2,116,57.6875,65.8125,0.960006594657898,61.671875,11.80644416809082
12,100,8.75,01,2,117,57.046875,66.5,0.9929280281066895,61.125,11.179229736328125
12,100,8.75,01,2,118,55.4375,67.78125,0.9745015501976013,61.5,12.115882873535156
12,100,8.75,01,2,119,56.828125,67.65625,0.9708234667778015,61.3125,11.973175048828125
12,100,8.75,01,2,120,57.546875,64.890625,0.9885367155075073,60.59375,10.870832443237305
12,100,8.75,01,2,121,56.296875,65.9375,0.9594429731369019,60.859375,11.257354736328125
12,100,8.75,01,2,122,56.484375,66.71875,0.9418231844902039,61.21875,11.46640396118164
12,100,8.75,01,2,123,54.546875,65.40625,0.9773108959197998,62.125,11.751235008239746
12,100,8.75,01,2,124,55.65625,65.03125,1.0055902004241943,61.390625,11.708266258239746
12,100,8.75,01,2,125,52.9375,66.046875,0.9690977334976196,61.75,11.828448295593262
12,100,8.75,01,2,126,54.75,65.171875,0.9384447336196899,60.609375,10.490949630737305
12,100,8.75,01,2,127,55.265625,65.328125,0.9241082668304443,61.53125,11.144920349121094
12,100,8.75,01,2,128,55.203125,63.0625,1.0011552572250366,61.515625,10.83027172088623
12,100,8.75,01,2,129,54.578125,65.015625,0.9862882494926453,62.0,11.697067260742188
12,100,8.75,01,2,130,54.140625,65.703125,0.976120114326477,61.78125,11.837237358093262
12,100,8.75,01,2,131,53.78125,65.984375,0.9589756727218628,61.453125,11.21210765838623
12,100,8.75,01,2,132,55.609375,64.5625,0.9893415570259094,61.15625,11.625909805297852
12,100,8.75,01,2,133,54.921875,65.40625,0.9374473094940186,61.484375,10.80058479309082
12,100,8.75,01,2,134,56.359375,63.71875,0.9488933086395264,61.671875,10.77226448059082
12,100,8.75,01,2,135,55.53125,66.515625,0.9845021367073059,60.78125,10.99042797088623
12,100,8.75,01,2,136,56.65625,66.625,0.964271605014801,60.9375,11.466924667358398
12,100,8.75,01,2,137,54.609375,67.546875,0.9173200726509094,61.234375,11.32148265838623
12,100,8.75,01,2,138,55.265625,66.796875,0.9136693477630615,61.875,11.512954711914062
12,100,8.75,01,2,139,56.5,66.75,0.929536759853363,60.140625,10.828058242797852
12,100,8.75,01,2,140,55.3125,67.296875,1.0298986434936523,60.734375,12.168684005737305
12,100,8.75,01,2,141,55.96875,67.53125,0.8902551531791687,60.890625,11.005401611328125
12,100,8.75,01,2,142,56.203125,67.109375,0.9647287130355835,61.125,11.646093368530273
12,100,8.75,01,2,143,56.4375,67.359375,0.9633830189704895,60.265625,11.046808242797852
12,100,8.75,01,2,144,57.765625,69.15625,0.9494972229003906,60.296875,11.802081108093262
12,100,8.75,01,2,145,56.84375,67.4375,0.8634499907493591,60.59375,10.685935974121094
12,100,8.75,01,2,146,55.421875,66.65625,0.9367614388465881,61.046875,11.096939086914062
12,100,8.75,01,2,147,55.828125,67.484375,0.9788910150527954,60.78125,11.428123474121094
12,100,8.75,01,2,148,56.46875,68.609375,0.9355667233467102,60.546875,11.416990280151367
12,100,8.75,01,2,149,56.21875,66.765625,0.9520145058631897,61.046875,11.668228149414062
12,100,8.75,01,2,150,56.96875,67.390625,0.976222574710846,60.578125,11.6963529586792
12,100,8.75,01,2,151,55.171875,66.453125,0.9804593324661255,60.984375,11.615623474121094
12,100,8.75,01,2,152,55.46875,65.0625,0.9696609377861023,61.078125,11.183332443237305
12,100,8.75,01,2,153,55.25,66.015625,0.936294674873352,61.203125,11.275388717651367
12,100,8.75,01,2,154,57.515625,65.28125,0.993620753288269,61.0625,11.420766830444336
12,100,8.75,01,2,155,53.625,68.171875,0.9704353213310242,61.03125,11.675390243530273
12,100,8.75,01,2,156,54.328125,66.28125,0.945292592048645,61.640625,11.539777755737305
12,100,8.75,01,2,157,55.09375,67.171875,0.922516942024231,61.234375,11.35566234588623
12,100,8.75,01,2,158,55.859375,67.859375,0.9463667869567871,60.34375,11.356964111328125
12,100,8.75,01,2,159,54.96875,66.828125,0.9423123002052307,61.0625,11.2686185836792
12,100,8.75,01,2,160,56.0,66.390625,1.0812751054763794,61.75,12.634048461914062
12,100,8.75,01,2,161,55.609375,66.171875,1.0000735521316528,60.90625,11.668813705444336
12,100,8.75,01,2,162,55.421875,66.09375,0.9954777359962463,60.90625,11.802732467651367
12,100,8.75,01,2,163,55.75,67.3125,0.985893964767456,60.96875,11.836782455444336
12,100,8.75,01,2,164,56.1875,65.625,0.9930450916290283,61.375,11.5869779586792
12,100,8.75,01,2,165,56.359375,65.78125,0.9793757796287537,61.34375,11.617837905883789
12,100,8.75,01,2,166,55.75,65.5625,0.9553729891777039,61.0625,11.624608993530273
12,100,8.75,01,2,167,56.9375,66.203125,0.9170241355895996,60.890625,11.027082443237305
12,100,8.75,01,2,168,53.640625,65.46875,0.9581871032714844,61.390625,11.614973068237305
12,100,8.75,01,2,169,56.390625,65.578125,0.9570940732955933,61.0,11.109243392944336
12,100,8.75,01,2,170,54.21875,66.046875,0.9623128771781921,62.09375,11.650388717651367
12,100,8.75,01,2,171,54.359375,65.953125,0.980246365070343,62.421875,12.159502983093262
12,100,8.75,01,2,172,57.34375,64.359375,0.9356659054756165,61.421875,10.838995933532715
12,100,8.75,01,2,173,57.046875,65.65625,0.9771944284439087,60.03125,10.841665267944336
12,100,8.75,01,2,174,55.921875,66.421875,0.9260711073875427,61.109375,11.256248474121094
12,100,8.75,01,2,175,55.65625,66.78125,0.9331618547439575,61.46875,11.577016830444336
12,100,8.75,01,2,176,54.734375,66.578125,0.9552029371261597,61.15625,11.691144943237305
12,100,8.75,01,2,177,55.0,67.078125,0.9686706066131592,61.125,12.066144943237305
12,100,8.75,01,2,178,53.796875,66.703125,1.0013225078582764,61.265625,11.88228988647461
12,100,8.75,01,2,179,55.921875,66.796875,0.9946835041046143,61.296875,12.197654724121094
12,100,8.75,01,2,180,55.640625,66.0625,0.9586902856826782,62.0,11.514257431030273
12,100,8.75,01,2,181,55.359375,67.734375,0.954860508441925,60.46875,11.48971176147461
12,100,8.75,01,2,182,54.875,66.96875,0.9509623646736145,62.0,11.917120933532715
12,100,8.75,01,2,183,53.78125,67.765625,0.9906256198883057,61.359375,12.360025405883789
12,100,8.75,01,2,184,54.921875,66.46875,0.910668671131134,61.0,11.082420349121094
12,100,8.75,01,2,185,53.515625,65.859375,0.9602727890014648,61.96875,11.99785041809082
12,100,8.75,01,2,186,54.796875,65.796875,0.9337618947029114,61.0,11.238604545593262
12,100,8.75,01,2,187,54.140625,63.703125,0.9494051337242126,62.03125,11.49277114868164
12,100,8.75,01,2,188,54.5,65.078125,0.9772213697433472,61.421875,11.383201599121094
12,100,8.75,01,2,189,55.0,65.546875,0.9698871970176697,61.921875,11.881248474121094
12,100,8.75,01,2,190,56.015625,64.875,0.917383074760437,61.5,11.179685592651367
12,100,8.75,01,2,191,54.921875,65.125,0.9333656430244446,61.0,10.85722541809082
12,100,8.75,01,2,192,54.59375,66.265625,0.9157323837280273,60.78125,10.34811019897461
12,100,8.75,01,2,193,54.546875,66.5,1.0342129468917847,61.578125,12.444270133972168
12,100,8.75,01,2,194,54.21875,67.96875,0.9806485176086426,61.296875,12.032615661621094
12,100,8.75,01,2,195,52.9375,65.734375,0.9488487243652344,61.828125,11.197198867797852
12,100,8.75,01,2,196,56.171875,64.859375,0.9135585427284241,61.15625,10.48287582397461
12,100,8.75,01,2,197,53.40625,67.09375,0.9242668747901917,61.625,11.875715255737305
12,100,8.75,01,2,198,54.734375,65.46875,0.9778595566749573,61.453125,11.363800048828125
12,100,8.75,01,2,199,55.515625,66.578125,0.9738568067550659,61.203125,11.332550048828125
12,100,8.75,01,2,200,53.0625,67.109375,0.9485613107681274,61.859375,12.083070755004883
12,100,8.75,01,2,201,52.40625,66.421875,0.9748793840408325,61.453125,11.469139099121094
12,100,8.75,01,2,202,54.296875,65.15625,0.919553816318512,61.765625,10.858266830444336
12,100,8.75,01,2,203,53.71875,65.921875,0.989027738571167,61.71875,11.53632640838623
12,100,8.75,01,2,204,52.8125,66.390625,0.9755373001098633,61.796875,11.626300811767578
12,100,8.75,01,2,205,54.921875,65.28125,0.9527044892311096,62.125,11.2285795211792
12,100,8.75,01,2,206,52.140625,64.125,0.9480612277984619,62.234375,11.148370742797852
12,100,8.75,01,2,207,53.1875,66.125,0.989015519618988,61.875,11.564971923828125
12,100,8.75,01,2,208,54.3125,63.96875,0.9330013990402222,61.359375,10.368488311767578
12,100,8.75,01,2,209,54.296875,64.84375,0.9009140729904175,62.65625,10.955206871032715
12,100,8.75,01,2,210,55.75,63.875,0.9788649082183838,61.96875,10.78964614868164
12,100,8.75,01,2,211,55.15625,65.828125,1.012741208076477,61.78125,12.036456108093262
12,100,8.75,01,2,212,54.859375,63.640625,0.8904609084129333,62.359375,10.425323486328125
12,100,8.75,01,2,213,54.171875,64.765625,0.9363197684288025,61.921875,10.737628936767578
12,100,8.75,01,2,214,56.03125,63.96875,0.9523876309394836,61.296875,10.71249771118164
12,100,8.75,01,2,215,55.328125,63.96875,0.9550966620445251,62.359375,11.277082443237305
12,100,8.75,01,2,216,53.578125,65.390625,0.9388829469680786,62.390625,11.324151992797852
12,100,8.75,01,2,217,55.125,65.125,0.931689441204071,61.5625,11.146352767944336
12,100,8.75,01,2,218,56.328125,64.921875,1.001928687095642,61.5,11.388669967651367
12,100,8.75,01,2,219,56.0,64.640625,1.020814299583435,62.265625,11.758527755737305
12,100,8.75,01,2,220,56.484375,64.5625,0.9313523173332214,60.9375,10.524673461914062
12,100,8.75,01,2,221,54.8125,66.171875,0.9361334443092346,60.796875,10.774282455444336
12,100,8.75,01,2,222,53.921875,65.34375,1.0269010066986084,61.5,11.901626586914062
12,100,8.75,01,2,223,55.109375,64.109375,0.9332495927810669,61.546875,10.855857849121094
12,100,8.75,01,2,224,54.125,64.3125,0.9524765014648438,62.25,10.903318405151367
12,100,8.75,01,2,225,54.734375,65.34375,0.8956605195999146,61.09375,10.406248092651367
12,100,8.75,01,2,226,54.375,64.703125,0.972788393497467,61.890625,11.341468811035156
12,100,8.75,01,2,227,53.890625,67.0,0.9744064211845398,61.296875,11.483656883239746
12,100,8.75,01,2,228,54.515625,63.234375,0.97516930103302,62.015625,11.0098295211792
12,100,8.75,01,2,229,55.203125,64.140625,0.93140709400177,61.734375,10.898109436035156
12,100,8.75,01,2,230,54.21875,65.28125,0.9708107113838196,61.09375,10.978124618530273
12,100,8.75,01,2,231,54.828125,64.96875,0.9739270210266113,60.953125,10.905792236328125
12,100,8.75,01,2,232,54.59375,64.203125,0.911519467830658,62.3125,10.904621124267578
12,100,8.75,01,2,233,53.21875,66.421875,0.9646294116973877,60.546875,11.20859146118164
12,100,8.75,01,2,234,55.515625,64.796875,0.9271073341369629,60.90625,10.461066246032715
12,100,8.75,01,2,235,52.953125,64.640625,1.0054402351379395,62.140625,11.834373474121094
12,100,8.75,01,2,236,53.046875,63.09375,0.9187730550765991,61.828125,10.751300811767578
12,100,8.75,01,2,237,55.015625,65.4375,0.9765461087226868,61.4375,11.473304748535156
12,100,8.75,01,2,238,55.734375,64.796875,0.9656005501747131,61.28125,11.2227201461792
12,100,8.75,01,2,239,54.0,64.96875,0.9743650555610657,61.296875,11.192901611328125
12,100,8.75,01,2,240,53.484375,64.765625,0.9539008736610413,60.828125,10.772395133972168
12,100,8.75,01,2,241,53.5625,65.796875,0.9257860779762268,62.0,11.502668380737305
12,100,8.75,01,2,242,53.3125,65.34375,0.9359931349754333,61.578125,10.943748474121094
12,100,8.75,01,2,243,56.109375,66.78125,1.0033339262008667,60.734375,11.277212142944336
12,100,8.75,01,2,244,53.015625,66.71875,0.9354087710380554,62.0,11.594660758972168
12,100,8.75,01,2,245,55.484375,64.578125,1.031038522720337,60.421875,10.737303733825684
12,100,8.75,01,2,246,53.9375,65.9375,1.0008726119995117,61.578125,11.527994155883789
12,100,8.75,01,2,247,54.15625,65.078125,0.9440895915031433,61.0,10.612302780151367
12,100,8.75,01,2,248,56.0,63.203125,0.9755968451499939,61.53125,11.238996505737305
12,100,8.75,01,2,249,55.09375,64.765625,0.9020904898643494,61.109375,10.34745979309082
12,100,8.75,01,2,250,55.46875,62.90625,1.0179120302200317,61.765625,11.17148208618164
12,100,8.75,01,2,251,54.40625,65.828125,0.9971740245819092,61.9375,12.154035568237305
12,100,8.75,01,2,252,54.46875,64.625,1.0410420894622803,62.375,12.236456871032715
12,100,8.75,01,2,253,53.25,66.546875,0.9554613828659058,61.828125,11.800323486328125
12,100,8.75,01,2,254,55.234375,65.171875,0.8998683094978333,61.84375,10.58736801147461
12,100,8.75,01,2,255,56.296875,62.609375,0.9521600008010864,61.390625,10.65865707397461
12,100,8.75,01,2,256,54.578125,63.609375,0.9945433139801025,62.546875,11.562238693237305
12,100,8.75,01,2,257,56.109375,64.75,0.918373703956604,61.046875,10.237628936767578
12,100,8.75,01,2,258,54.09375,62.75,0.9700219035148621,61.703125,10.54863166809082
12,100,8.75,01,2,259,54.296875,65.953125,0.964540421962738,62.4375,11.965818405151367
12,100,8.75,01,2,260,54.078125,64.546875,0.9331022500991821,61.984375,11.057746887207031
12,100,8.75,01,2,261,54.71875,64.40625,0.9692487716674805,61.828125,11.475454330444336
12,100,8.75,01,2,262,56.40625,65.703125,0.9571435451507568,61.375,11.129751205444336
12,100,8.75,01,2,263,55.421875,65.25,0.9579159617424011,61.296875,11.405988693237305
12,100,8.75,01,2,264,54.4375,64.84375,0.955427885055542,61.375,10.868358612060547
12,100,8.75,01,2,265,54.21875,65.296875,0.9772829413414001,62.171875,11.691078186035156
12,100,8.75,01,2,266,53.078125,65.015625,0.9515584707260132,61.53125,11.11275863647461
12,100,8.75,01,2,267,56.375,66.015625,0.9842090010643005,60.578125,10.955336570739746
12,100,8.75,01,2,268,55.625,65.75,0.9759683609008789,62.078125,11.58346176147461
12,100,8.75,01,2,269,53.1875,66.578125,0.9854070544242859,62.046875,12.011781692504883
12,100,8.75,01,2,270,54.90625,63.765625,0.9604067802429199,62.125,11.098956108093262
12,100,8.75,01,2,271,54.1875,64.375,0.9614189863204956,62.296875,11.380011558532715
12,100,8.75,01,2,272,57.0625,63.671875,0.9870916604995728,62.171875,10.960220336914062
12,100,8.75,01,2,273,55.59375,65.109375,0.9690948128700256,61.515625,11.05546760559082
12,100,8.75,01,2,274,54.328125,66.84375,0.9486029744148254,62.984375,11.910284996032715
12,100,8.75,01,2,275,54.1875,65.171875,0.9379703402519226,61.484375,10.889971733093262
12,100,8.75,01,2,276,56.21875,64.6875,0.9754559993743896,61.640625,11.408984184265137
12,100,8.75,01,2,277,53.9375,63.921875,0.946097195148468,62.1875,10.775519371032715
12,100,8.75,01,2,278,55.359375,64.4375,0.9219152331352234,61.78125,10.63788890838623
12,100,8.75,01,2,279,54.40625,64.046875,0.9593971967697144,62.28125,11.3692045211792
12,100,8.75,01,2,280,53.9375,64.765625,0.9920492768287659,61.40625,10.872785568237305
12,100,8.75,01,2,281,54.734375,64.875,0.9468637704849243,62.203125,11.711393356323242
12,100,8.75,01,2,282,56.4375,65.828125,0.964590847492218,60.828125,11.251235008239746
12,100,8.75,01,2,283,54.71875,66.359375,0.9551832675933838,61.84375,11.158984184265137
12,100,8.75,01,2,284,54.359375,63.5625,0.9706822037696838,61.640625,11.08808422088623
12,100,8.75,01,2,285,55.765625,64.484375,0.9673078060150146,61.78125,11.081899642944336
12,100,8.75,01,2,286,55.78125,66.5,0.9957852363586426,61.140625,11.608266830444336
12,100,8.75,01,2,287,55.53125,64.921875,0.9677390456199646,61.96875,11.621742248535156
12,100,8.75,01,2,288,53.921875,66.0,0.9933360815048218,61.0,11.263606071472168
12,100,8.75,01,2,289,54.921875,67.0,1.0088984966278076,61.859375,12.509634017944336
12,100,8.75,01,2,290,56.203125,67.640625,0.9352607131004333,61.046875,11.679685592651367
12,100,8.75,01,2,291,54.609375,67.96875,1.0068254470825195,61.359375,12.277862548828125
12,100,8.75,01,2,292,54.296875,66.171875,1.009137749671936,61.53125,11.574216842651367
12,100,8.75,01,2,293,54.75,66.84375,0.9702486395835876,60.984375,11.297849655151367
12,100,8.75,01,2,294,56.640625,65.9375,0.9717878699302673,61.046875,11.110219955444336
12,100,8.75,01,2,295,54.640625,67.34375,0.9849821925163269,60.53125,11.630988121032715
12,100,8.75,01,2,296,55.78125,65.109375,0.9297451376914978,61.46875,10.7998685836792
12,100,8.75,01,2,297,55.75,64.78125,0.8986878991127014,62.578125,11.542902946472168
12,100,8.75,01,2,298,53.828125,66.5,0.938014805316925,62.578125,12.196223258972168
12,100,8.75,01,2,299,55.484375,65.953125,0.940140426158905,62.234375,11.574607849121094
12,100,8.75,01,2,300,54.828125,64.8125,0.9890701770782471,62.578125,11.914973258972168
12,100,8.75,01,2,301,53.953125,66.78125,0.9794474840164185,61.859375,12.029035568237305
12,100,8.75,01,2,302,56.0625,65.375,0.9412577152252197,61.640625,11.37578010559082
12,100,8.75,01,2,303,55.046875,65.625,0.9572194814682007,62.78125,11.803579330444336
12,100,8.75,01,2,304,56.296875,64.765625,0.9471039772033691,62.296875,11.037757873535156
12,100,8.75,01,2,305,55.484375,63.890625,0.9340832829475403,61.765625,10.7871732711792
12,100,8.75,01,2,306,55.34375,65.625,0.9759640097618103,61.90625,11.2080717086792
12,100,8.75,01,2,307,54.90625,66.21875,0.9862173795700073,61.859375,12.026105880737305
12,100,8.75,01,2,308,54.671875,67.09375,0.9446178674697876,61.140625,11.37421703338623
12,100,8.75,01,2,309,55.5,66.0,0.9576964378356934,61.8125,11.4326810836792
12,100,8.75,01,2,310,54.765625,64.53125,0.9334844350814819,62.5,10.952082633972168
12,100,8.75,01,2,311,56.5625,67.515625,0.8905429244041443,60.4375,10.479101181030273
12,100,8.75,01,2,312,54.859375,67.0,0.9442594647407532,61.765625,11.5674467086792
12,100,8.75,01,2,313,56.453125,65.28125,0.8749180436134338,63.03125,10.822004318237305
12,100,8.75,01,2,314,56.015625,65.40625,0.9422869682312012,61.265625,11.040949821472168
12,100,8.75,01,2,315,54.53125,65.78125,1.0147074460983276,62.265625,12.14472484588623
12,100,8.75,01,2,316,54.515625,66.9375,0.9824749231338501,61.4375,12.102210998535156
12,100,8.75,01,2,317,56.046875,65.671875,0.970037579536438,61.234375,11.345050811767578
12,100,8.75,01,2,318,54.828125,65.5625,1.0133670568466187,62.40625,12.11093521118164
12,100,8.75,01,2,319,54.921875,66.796875,0.9550839066505432,61.4375,11.446287155151367
12,100,8.75,01,2,320,55.15625,65.0,0.9237629175186157,62.859375,11.738149642944336
12,100,8.75,01,2,321,53.96875,66.46875,0.9880125522613525,61.890625,11.9629545211792
12,100,8.75,01,2,322,55.484375,64.96875,0.982534646987915,61.5625,11.58183479309082
12,100,8.75,01,2,323,54.875,64.734375,0.9819125533103943,61.8125,11.44413948059082
12,100,8.75,01,2,324,55.265625,64.984375,0.9972307085990906,61.828125,11.611846923828125
12,100,8.75,01,2,325,54.625,65.1875,0.9821301102638245,62.1875,11.875715255737305
12,100,8.75,01,2,326,53.96875,65.484375,0.9712007641792297,61.8125,11.599281311035156
12,100,8.75,01,2,327,53.859375,65.71875,1.0191082954406738,61.96875,12.047003746032715
12,100,8.75,01,2,328,54.4375,66.515625,0.9356104135513306,62.484375,11.71406078338623
12,100,8.75,01,2,329,54.546875,66.140625,0.9271405935287476,62.140625,11.718684196472168
12,100,8.75,01,2,330,54.46875,64.234375,0.9163851141929626,62.84375,11.197588920593262
12,100,8.75,01,2,331,55.890625,62.96875,1.0210037231445312,62.28125,11.911651611328125
12,100,8.75,01,2,332,53.65625,64.984375,0.9738742709159851,62.578125,11.543617248535156
12,100,8.75,01,2,333,52.359375,65.96875,1.0148475170135498,62.90625,12.237627983093262
12,100,8.75,01,2,334,54.03125,63.921875,0.9880722165107727,62.453125,11.548370361328125
12,100,8.75,01,2,335,54.03125,64.609375,0.9984909892082214,61.734375,11.854360580444336
12,100,8.75,01,2,336,53.78125,64.40625,1.006003499031067,62.515625,11.779294967651367
12,100,8.75,01,2,337,53.703125,64.625,1.0257737636566162,62.453125,11.9785795211792
12,100,8.75,01,2,338,52.703125,66.90625,0.9902763962745667,63.0,12.870506286621094
12,100,8.75,01,2,339,53.765625,64.5625,0.9854338765144348,63.109375,12.141990661621094
12,100,8.75,01,2,340,54.0625,65.25,1.0172289609909058,62.546875,12.01803207397461
12,100,8.75,01,2,341,53.765625,65.578125,0.9769724607467651,63.046875,12.003644943237305
12,100,8.75,01,2,342,53.171875,64.15625,0.9937296509742737,62.796875,12.265037536621094
12,100,8.75,01,2,343,54.171875,63.3125,0.9988029599189758,62.796875,11.1641263961792
12,100,8.75,01,2,344,54.1875,65.203125,0.9794086813926697,62.734375,11.9981107711792
12,100,8.75,01,2,345,53.625,65.09375,0.9726800918579102,63.609375,12.1602201461792
12,100,8.75,01,2,346,56.578125,64.859375,0.9289511442184448,62.59375,11.346092224121094
12,100,8.75,01,2,347,54.390625,64.0625,0.9336601495742798,63.203125,11.266860961914062
12,100,8.75,01,2,348,52.921875,64.484375,1.0133790969848633,63.0,12.012563705444336
12,100,8.75,01,2,349,51.78125,66.859375,0.9830266833305359,63.296875,12.295897483825684
12,100,8.75,01,2,350,56.140625,64.140625,0.9833160042762756,62.3125,11.302863121032715
12,100,8.75,01,2,351,55.984375,66.21875,0.9616062045097351,61.15625,11.411392211914062
12,100,8.75,01,2,352,54.0,64.828125,0.9732130169868469,63.484375,12.538019180297852
12,100,8.75,01,2,353,56.859375,65.0,0.9829049110412598,62.59375,11.90768051147461
12,100,8.75,01,2,354,55.125,65.5,0.9751874208450317,62.890625,12.049543380737305
12,100,8.75,01,2,355,55.703125,64.28125,0.9876641035079956,62.484375,11.804817199707031
12,100,8.75,01,2,356,55.34375,65.3125,0.9526342153549194,62.453125,11.996222496032715
12,100,8.75,01,2,357,54.859375,64.28125,0.9758002161979675,63.03125,11.7549467086792
12,100,8.75,01,2,358,54.0625,65.296875,0.9185158610343933,62.703125,11.951887130737305
12,100,8.75,01,2,359,55.375,63.125,0.9971801042556763,63.140625,11.5576810836792
12,100,8.75,01,2,360,54.84375,64.984375,0.9667822122573853,62.5625,11.68242073059082
12,100,8.75,01,2,361,53.03125,64.671875,0.9696404337882996,62.328125,11.877080917358398
12,100,8.75,01,2,362,53.0,66.265625,0.9825295209884644,62.921875,12.673110961914062
12,100,8.75,01,2,363,54.5625,66.3125,1.0218493938446045,63.0625,12.98515510559082
12,100,8.75,01,2,364,54.078125,65.109375,0.9241952896118164,62.953125,11.72616958618164
12,100,8.75,01,2,365,55.234375,67.21875,1.0022448301315308,62.34375,12.46835708618164
12,100,8.75,01,2,366,54.46875,65.765625,1.0063832998275757,62.34375,12.258917808532715
12,100,8.75,01,2,367,52.90625,63.828125,0.9581149816513062,63.40625,11.777017593383789
12,100,8.75,01,2,368,53.046875,65.65625,0.9623563885688782,63.125,12.600387573242188
12,100,8.75,01,2,369,51.921875,65.140625,1.0124297142028809,62.625,12.589712142944336
12,100,8.75,01,2,370,54.15625,64.0,0.9894667863845825,63.71875,12.093032836914062
12,100,8.75,01,2,371,55.109375,64.09375,0.9901242852210999,62.65625,11.982810974121094
12,100,8.75,01,2,372,52.78125,64.828125,1.0122010707855225,62.78125,12.504621505737305
12,100,8.75,01,2,373,54.09375,63.015625,1.0628187656402588,63.21875,12.758200645446777
12,100,8.75,01,2,374,53.171875,65.421875,0.9776774048805237,62.765625,11.941729545593262
12,100,8.75,01,2,375,54.21875,63.390625,0.9358532428741455,62.96875,11.579229354858398
12,100,8.75,01,2,376,53.140625,63.078125,0.9306934475898743,63.15625,11.308853149414062
12,100,8.75,01,2,377,51.734375,64.484375,1.0125890970230103,63.65625,12.2988920211792
12,100,8.75,01,2,378,54.375,64.1875,0.9069205522537231,63.203125,11.434893608093262
12,100,8.75,01,2,379,52.90625,65.125,1.0208091735839844,62.9375,12.508135795593262
12,100,8.75,01,2,380,54.0,63.734375,0.9784202575683594,62.359375,11.603448867797852
12,100,8.75,01,2,381,53.25,64.671875,0.9866358637809753,63.046875,12.11113166809082
12,100,8.75,01,2,382,52.890625,65.25,0.9695433974266052,63.21875,12.269399642944336
12,100,8.75,01,2,383,53.703125,63.3125,1.0526143312454224,63.4375,12.230402946472168
12,100,8.75,01,2,384,54.53125,64.390625,0.9416175484657288,63.34375,11.745051383972168
12,100,8.75,01,2,385,52.984375,62.6875,0.9675292372703552,63.546875,11.463800430297852
12,100,8.75,01,2,386,52.734375,65.90625,1.0253852605819702,63.21875,12.472979545593262
12,100,8.75,01,2,387,54.46875,63.765625,0.9913057684898376,62.96875,12.128057479858398
12,100,8.75,01,2,388,52.796875,66.125,1.0617152452468872,63.609375,12.942314147949219
12,100,8.75,01,2,389,52.65625,63.703125,0.9638257622718811,63.484375,11.636195182800293
12,100,8.75,01,2,390,51.859375,63.953125,0.997701108455658,63.46875,11.748044967651367
12,100,8.75,01,2,391,53.28125,61.21875,1.0163617134094238,63.859375,11.683527946472168
12,100,8.75,01,2,392,51.859375,64.046875,0.9761384725570679,63.109375,11.544919967651367
12,100,8.75,01,2,393,53.6875,62.75,0.9955030083656311,62.96875,11.628839492797852
12,100,8.75,01,2,394,53.359375,63.734375,0.9745972752571106,63.40625,11.683591842651367
12,100,8.75,01,2,395,52.6875,64.359375,0.9872838258743286,63.59375,11.985610008239746
12,100,8.75,01,2,396,50.328125,64.59375,1.0126168727874756,63.296875,12.05644416809082
12,100,8.75,01,2,397,51.28125,64.515625,0.9572867155075073,63.515625,11.765037536621094
12,100,8.75,01,2,398,51.5,64.578125,1.010182499885559,63.96875,12.943815231323242
12,100,8.75,01,2,399,53.453125,62.34375,0.9958508014678955,63.453125,11.536261558532715
12,100,8.75,01,2,400,49.625,63.328125,0.9609386920928955,63.96875,11.799151420593262
12,100,8.75,01,2,401,49.890625,64.625,1.0111280679702759,63.109375,12.119529724121094
12,100,8.75,01,2,402,52.34375,62.421875,1.0049184560775757,64.109375,12.000585556030273
12,100,8.75,01,2,403,52.34375,63.046875,0.9777142405509949,63.640625,11.680532455444336
12,100,8.75,01,2,404,53.28125,63.125,1.019229531288147,63.78125,12.210805892944336
12,100,8.75,01,2,405,52.40625,63.890625,1.0301611423492432,63.171875,12.232810974121094
12,100,8.75,01,2,406,51.390625,64.71875,0.9378774762153625,63.453125,11.946678161621094
12,100,8.75,01,2,407,52.6875,65.34375,0.8790293335914612,63.28125,11.263343811035156
12,100,8.75,01,2,408,52.78125,64.640625,1.0425968170166016,63.96875,12.763214111328125
12,100,8.75,01,2,409,51.90625,64.171875,0.9899578094482422,63.5625,12.134178161621094
12,100,8.75,01,2,410,51.65625,64.4375,0.9646987318992615,63.46875,11.649413108825684
12,100,8.75,01,2,411,53.296875,64.515625,1.026531457901001,63.234375,12.510154724121094
12,100,8.75,01,2,412,52.015625,64.140625,1.0008955001831055,64.28125,12.07154655456543
12,100,8.75,01,2,413,50.390625,63.203125,0.9908178448677063,64.59375,12.546287536621094
12,100,8.75,01,2,414,51.359375,63.46875,0.9743624925613403,63.609375,11.519659042358398
12,100,8.75,01,2,415,53.796875,64.1875,1.0242793560028076,62.96875,11.7188138961792
12,100,8.75,01,2,416,51.859375,64.8125,0.9999338388442993,62.625,11.950129508972168
12,100,8.75,01,2,417,52.671875,64.234375,1.004718542098999,63.5,12.506509780883789
12,100,8.75,01,2,418,51.609375,64.3125,1.009265661239624,63.671875,12.386131286621094
12,100,8.75,01,2,419,53.09375,64.234375,0.9883012175559998,63.703125,12.067119598388672
12,100,8.75,01,2,420,52.125,65.6875,1.0049654245376587,63.390625,12.53463363647461
12,100,8.75,01,2,421,50.796875,65.1875,0.9267442226409912,63.5625,12.170831680297852
12,100,8.75,01,2,422,51.953125,66.109375,1.007422924041748,63.71875,12.630011558532715
12,100,8.75,01,2,423,50.625,65.9375,0.984249472618103,63.828125,12.608266830444336
12,100,8.75,01,2,424,52.546875,64.125,1.0094212293624878,63.4375,12.2861967086792
12,100,8.75,01,2,425,51.3125,63.421875,1.0347315073013306,63.59375,12.281051635742188
12,100,8.75,01,2,426,53.53125,64.25,1.0136667490005493,63.453125,12.201757431030273
12,100,8.75,01,2,427,52.0625,65.03125,1.0273278951644897,63.921875,13.189452171325684
12,100,8.75,01,2,428,51.765625,65.453125,1.001807689666748,62.984375,12.247459411621094
12,100,8.75,01,2,429,52.9375,65.53125,1.0245598554611206,63.3125,12.346938133239746
12,100,8.75,01,2,430,51.296875,63.640625,0.9507802128791809,64.15625,11.969398498535156
12,100,8.75,01,2,431,52.15625,65.375,1.0102237462997437,63.90625,12.397262573242188
12,100,8.75,01,2,432,54.359375,65.125,0.9795103073120117,63.34375,12.581443786621094
12,100,8.75,01,2,433,51.46875,64.40625,1.0056679248809814,62.625,11.822784423828125
12,100,8.75,01,2,434,52.484375,63.6875,0.9691948890686035,63.796875,11.783331871032715
12,100,8.75,01,2,435,51.171875,66.265625,0.9700688123703003,63.84375,12.637496948242188
12,100,8.75,01,2,436,52.40625,66.203125,0.942325234413147,63.015625,11.830012321472168
12,100,8.75,01,2,437,51.171875,66.21875,1.0344617366790771,64.0625,13.189254760742188
12,100,8.75,01,2,438,51.9375,66.125,0.9644659161567688,63.4375,11.93339729309082
12,100,8.75,01,2,439,53.25,64.671875,1.022041916847229,62.90625,12.643423080444336
12,100,8.75,01,2,440,52.3125,66.203125,0.9476121068000793,62.21875,11.681053161621094
12,100,8.75,01,2,441,54.0625,64.796875,1.0003094673156738,64.28125,12.62128734588623
12,100,8.75,01,2,442,51.390625,67.0,1.0001471042633057,63.109375,12.693293571472168
12,100,8.75,01,2,443,53.375,65.765625,0.9963046312332153,63.765625,12.748044967651367
12,100,8.75,01,2,444,50.578125,64.375,0.9952594637870789,64.359375,12.491145133972168
12,100,8.75,01,2,445,52.375,64.5625,1.033928394317627,63.578125,12.419595718383789
12,100,8.75,01,2,446,51.484375,63.84375,0.9732310771942139,63.9375,11.8418607711792
12,100,8.75,01,2,447,51.140625,64.546875,0.999843180179596,63.421875,12.377862930297852
12,100,8.75,01,2,448,52.453125,64.171875,1.0271700620651245,63.453125,12.381704330444336
12,100,8.75,01,2,449,52.453125,64.140625,0.9405324459075928,63.328125,11.624412536621094
12,100,8.75,01,2,450,52.53125,66.703125,0.998924732208252,63.75,12.906898498535156
12,100,8.75,01,2,451,52.453125,65.3125,0.9671688675880432,63.09375,12.008723258972168
12,100,8.75,01,2,452,52.953125,61.96875,1.0245524644851685,63.296875,11.9873685836792
12,100,8.75,01,2,453,51.5,64.546875,1.0065538883209229,63.1875,12.456703186035156
12,100,8.75,01,2,454,52.03125,64.140625,1.0126909017562866,63.5,11.97773265838623
12,100,8.75,01,2,455,52.234375,65.15625,0.9705027937889099,63.984375,12.418813705444336
12,100,8.75,01,2,456,54.265625,63.453125,0.9956431984901428,63.375,11.78561019897461
12,100,8.75,01,2,457,52.234375,64.53125,0.924346923828125,64.375,11.721938133239746
12,100,8.75,01,2,458,53.125,62.6875,1.0364413261413574,63.671875,12.378448486328125
12,100,8.75,01,2,459,52.9375,66.765625,0.9704560041427612,63.265625,12.839582443237305
12,100,8.75,01,2,460,52.328125,64.625,0.9995327591896057,63.6875,12.464125633239746
12,100,8.75,01,2,461,52.421875,65.890625,0.9973917007446289,63.734375,12.605792999267578
12,100,8.75,01,2,462,51.5625,68.140625,1.0326122045516968,63.40625,13.035024642944336
12,100,8.75,01,2,463,54.5625,64.1875,0.9624546766281128,63.453125,11.451690673828125
12,100,8.75,01,2,464,50.875,66.3125,1.0003911256790161,64.0,12.859503746032715
12,100,8.75,01,2,465,52.5,65.3125,1.0167969465255737,64.15625,12.65156078338623
12,100,8.75,01,2,466,53.390625,66.25,0.9550666213035583,63.5625,12.53300666809082
12,100,8.75,01,2,467,52.234375,64.90625,0.9823296070098877,63.6875,12.011327743530273
12,100,8.75,01,2,468,53.734375,64.546875,0.983078122138977,63.546875,12.3740873336792
12,100,8.75,01,2,469,54.40625,65.53125,1.0023897886276245,62.9375,12.1963529586792
12,100,8.75,01,2,470,52.21875,65.203125,1.0124273300170898,63.609375,12.8076810836792
12,100,8.75,01,2,471,53.578125,65.28125,1.020180344581604,62.921875,12.256378173828125
12,100,8.75,01,2,472,52.34375,67.125,1.0207217931747437,63.53125,13.01835823059082
12,100,8.75,01,2,473,52.296875,65.703125,1.007179617881775,63.765625,12.81197738647461
12,100,8.75,01,2,474,52.171875,66.65625,0.9740824699401855,64.328125,12.961326599121094
12,100,8.75,01,2,475,51.4375,66.90625,0.990322470664978,64.234375,12.769465446472168
12,100,8.75,01,2,476,52.375,65.5625,0.9991278648376465,64.234375,13.062433242797852
12,100,8.75,01,2,477,51.984375,66.84375,0.9733949899673462,64.0,13.027082443237305
12,100,8.75,01,2,478,54.0,66.75,0.9827028512954712,63.546875,12.560218811035156
12,100,8.75,01,2,479,52.421875,67.796875,1.0358320474624634,63.828125,13.86581802368164
12,100,8.75,01,2,480,52.84375,65.84375,0.9834367632865906,64.140625,12.160284996032715
12,100,8.75,01,2,481,53.40625,67.515625,0.9932472109794617,63.390625,12.769073486328125
12,100,8.75,01,2,482,52.25,66.640625,1.0120384693145752,64.34375,12.93417739868164
12,100,8.75,01,2,483,54.40625,67.125,0.9847726225852966,63.640625,12.54179573059082
12,100,8.75,01,2,484,53.15625,67.0625,1.005736231803894,63.34375,12.743553161621094
12,100,8.75,01,2,485,53.25,66.890625,1.0322099924087524,63.40625,12.8242826461792
12,100,8.75,01,2,486,53.546875,64.9375,1.0155340433120728,63.625,12.346481323242188
12,100,8.75,01,2,487,50.796875,66.375,0.995548665523529,64.1875,12.600194931030273
12,100,8.75,01,2,488,53.296875,66.734375,1.0040910243988037,63.140625,12.419464111328125
12,100,8.75,01,2,489,53.078125,65.03125,1.012915849685669,63.78125,12.633527755737305
12,100,8.75,01,2,490,52.484375,67.265625,1.0489320755004883,63.9375,13.230466842651367
12,100,8.75,01,2,491,51.671875,66.859375,1.022296667098999,64.609375,13.6084623336792
12,100,8.75,01,2,492,53.71875,66.953125,0.978702187538147,63.25,12.283918380737305
12,100,8.75,01,2,493,51.640625,67.953125,0.9559552669525146,63.28125,12.5567045211792
12,100,8.75,01,2,494,52.203125,67.015625,1.0437556505203247,63.78125,13.210805892944336
12,100,8.75,01,2,495,52.828125,67.109375,0.9110586643218994,63.796875,12.021223068237305
12,100,8.75,01,2,496,52.796875,66.953125,1.0021432638168335,63.6875,12.863409996032715
12,100,8.75,01,2,497,53.8125,67.015625,1.0276535749435425,63.296875,13.2451810836792
12,100,8.75,01,2,498,52.1875,65.953125,0.9852847456932068,64.015625,12.516730308532715
12,100,8.75,01,2,499,51.875,68.390625,0.9950641393661499,63.609375,12.92402172088623
12,100,8.75,01,2,500,52.828125,66.9375,0.997203528881073,63.734375,12.5469388961792
12,100,8.75,01,2,501,53.140625,68.28125,1.050042748451233,63.78125,13.2324857711792
12,100,8.75,01,2,502,51.59375,68.28125,0.9785698056221008,63.8125,13.110674858093262
12,100,8.75,01,2,503,52.734375,66.328125,0.977929949760437,64.546875,12.863539695739746
12,100,8.75,01,2,504,52.015625,66.640625,0.9860926866531372,64.171875,13.00741958618164
12,100,8.75,01,2,505,50.03125,66.203125,1.0371659994125366,64.921875,13.5977201461792
12,100,8.75,01,2,506,52.53125,67.265625,1.0467872619628906,64.203125,13.671222686767578
12,100,8.75,01,2,507,52.59375,67.546875,0.947322428226471,63.484375,12.354815483093262
12,100,8.75,01,2,508,52.796875,67.890625,1.0530016422271729,64.09375,14.062238693237305
12,100,8.75,01,2,509,50.515625,66.5625,0.9817217588424683,64.796875,13.152342796325684
12,100,8.75,01,2,510,52.390625,67.953125,0.98514723777771,63.8125,13.004034996032715
12,100,8.75,01,2,511,51.84375,65.0625,0.9438813924789429,65.5,12.751625061035156
12,100,8.75,01,2,512,49.84375,67.015625,1.0056284666061401,65.328125,13.896352767944336
12,100,8.75,01,2,513,51.5,64.609375,0.9661170244216919,64.5625,12.077081680297852
12,100,8.75,01,2,514,52.34375,66.03125,1.006401538848877,64.359375,13.1406888961792
12,100,8.75,01,2,515,50.90625,66.21875,0.9865849614143372,64.53125,12.96334457397461
12,100,8.75,01,2,516,50.5,67.84375,0.9293273091316223,64.28125,12.81210708618164
12,100,8.75,01,2,517,51.921875,66.421875,0.9812887907028198,64.53125,13.571027755737305
12,100,8.75,01,2,518,52.65625,68.0625,0.9892562031745911,63.84375,13.321288108825684
12,100,8.75,01,2,519,50.53125,67.1875,0.9947969913482666,65.234375,13.516535758972168
12,100,8.75,01,2,520,50.796875,67.484375,1.0066008567810059,64.515625,13.978449821472168
12,100,8.75,01,2,521,51.546875,66.25,0.9906327724456787,64.265625,12.884178161621094
12,100,8.75,01,2,522,50.5,66.703125,1.002223253250122,64.40625,13.038671493530273
12,100,8.75,01,2,523,49.515625,68.4375,1.0138980150222778,63.5625,13.681312561035156
12,100,8.75,01,2,524,49.890625,67.421875,1.001709222793579,64.9375,13.19394302368164
12,100,8.75,01,2,525,48.8125,66.546875,0.9651351571083069,65.03125,13.317770957946777
12,100,8.75,01,2,526,49.40625,66.3125,1.0126399993896484,64.375,13.366340637207031
12,100,8.75,01,2,527,48.90625,65.96875,0.990738570690155,65.46875,13.26093578338623
12,100,8.75,01,2,528,48.671875,66.5625,1.0379359722137451,64.328125,13.083721160888672
12,100,8.75,01,2,529,50.015625,63.71875,0.9571129679679871,65.25,12.476171493530273
12,100,8.75,01,2,530,50.625,64.90625,0.9600818157196045,64.3125,12.181509017944336
12,100,8.75,01,2,531,49.890625,64.96875,1.0082297325134277,64.828125,12.559374809265137
12,100,8.75,01,2,532,50.40625,64.703125,0.9608471393585205,64.53125,12.5020170211792
12,100,8.75,01,2,533,47.984375,64.6875,0.9783418774604797,64.46875,12.211066246032715
12,100,8.75,01,2,534,50.8125,64.296875,1.0101290941238403,64.8125,12.77584457397461
12,100,8.75,01,2,535,48.515625,66.1875,1.0000604391098022,64.484375,12.858787536621094
12,100,8.75,01,2,536,50.3125,65.75,0.9568554759025574,63.828125,12.30722427368164
12,100,8.75,01,2,537,49.046875,65.453125,0.9994567632675171,65.453125,13.234373092651367
12,100,8.75,01,2,538,51.625,64.96875,0.9859301447868347,65.03125,12.574088096618652
12,100,8.75,01,2,539,50.359375,67.5625,0.94477778673172,64.171875,12.781768798828125
12,100,8.75,01,2,540,49.578125,66.796875,1.0039345026016235,65.09375,13.511390686035156
12,100,8.75,01,2,541,50.5625,67.09375,0.9717583656311035,64.828125,13.19771957397461
12,100,8.75,01,2,542,50.21875,68.484375,0.9763599038124084,65.078125,13.60214614868164
12,100,8.75,01,2,543,51.265625,69.3125,1.0588874816894531,64.296875,14.019920349121094
12,100,8.75,01,2,544,49.21875,69.65625,1.0183087587356567,64.625,14.0850248336792
12,100,8.75,01,2,545,51.578125,68.921875,0.992480993270874,64.140625,13.99003791809082
12,100,8.75,01,2,546,48.984375,67.53125,1.0892798900604248,64.640625,14.03691291809082
12,100,8.75,01,2,547,51.109375,67.515625,0.9625428318977356,64.203125,12.838801383972168
12,100,8.75,01,2,548,51.875,68.09375,1.0383846759796143,64.34375,13.475909233093262
12,100,8.75,01,2,549,50.90625,69.125,0.9796559810638428,64.09375,13.431312561035156
12,100,8.75,01,2,550,50.421875,68.34375,1.019788384437561,64.015625,13.161651611328125
12,100,8.75,01,2,551,48.703125,67.671875,1.0608707666397095,64.8125,14.180075645446777
12,100,8.75,01,2,552,50.890625,66.796875,0.9593910574913025,65.203125,12.87519359588623
12,100,8.75,01,2,553,50.125,68.3125,0.9852244257926941,64.421875,13.351560592651367
12,100,8.75,01,2,554,48.609375,69.21875,1.0417779684066772,64.375,14.343358993530273
12,100,8.75,01,2,555,51.15625,67.484375,1.0283559560775757,63.75,12.991079330444336
12,100,8.75,01,2,556,49.140625,68.15625,0.9978209733963013,64.765625,13.641730308532715
12,100,8.75,01,2,557,48.484375,67.921875,0.9761062860488892,65.4375,13.700843811035156
12,100,8.75,01,2,558,50.109375,69.40625,1.0031391382217407,64.234375,14.0488920211792
12,100,8.75,01,2,559,48.15625,68.609375,1.0026594400405884,65.671875,13.898566246032715
12,100,8.75,01,2,560,50.359375,67.75,1.0367830991744995,64.59375,13.686391830444336
12,100,8.75,01,2,561,48.15625,67.9375,1.0202791690826416,65.484375,13.907745361328125
12,100,8.75,01,2,562,49.546875,68.546875,1.0104238986968994,64.671875,13.663409233093262
12,100,8.75,01,2,563,47.875,67.09375,1.0736016035079956,65.84375,14.175323486328125
12,100,8.75,01,2,564,49.109375,66.34375,1.0357599258422852,65.734375,13.683462142944336
12,100,8.75,01,2,565,48.984375,66.5625,1.0049593448638916,65.375,13.296417236328125
12,100,8.75,01,2,566,48.15625,68.640625,1.045803427696228,65.0,14.262953758239746
12,100,8.75,01,2,567,50.75,66.171875,0.977380633354187,64.625,12.819594383239746
12,100,8.75,01,2,568,48.84375,66.546875,1.004262089729309,64.921875,13.174933433532715
12,100,8.75,01,2,569,47.15625,68.34375,0.9877715110778809,65.4375,13.703643798828125
12,100,8.75,01,2,570,48.046875,69.75,0.9642052054405212,65.8125,13.979620933532715
12,100,8.75,01,2,571,48.359375,69.40625,0.9768617749214172,64.890625,13.738929748535156
12,100,8.75,01,2,572,50.59375,65.890625,1.0286911725997925,64.796875,13.17330551147461
12,100,8.75,01,2,573,49.296875,69.265625,1.1279635429382324,65.53125,15.177473068237305
12,100,8.75,01,2,574,50.171875,66.6875,1.0194569826126099,65.40625,13.915492057800293
12,100,8.75,01,2,575,50.375,66.375,1.0527949333190918,65.296875,14.26523208618164
12,100,8.75,01,2,576,47.84375,69.046875,1.0223972797393799,65.109375,14.355467796325684
12,100,8.75,01,2,577,49.71875,67.890625,1.0083494186401367,65.140625,13.961847305297852
12,100,8.75,01,2,578,50.75,67.5,1.0268144607543945,64.75,13.919204711914062
12,100,8.75,01,2,579,48.625,66.296875,1.0335726737976074,65.53125,13.86015510559082
12,100,8.75,01,2,580,48.15625,67.390625,1.0608583688735962,64.640625,14.108656883239746
12,100,8.75,01,2,581,49.515625,68.578125,1.0788776874542236,65.375,14.265101432800293
12,100,8.75,01,2,582,49.796875,66.96875,0.9982552528381348,65.078125,13.459373474121094
12,100,8.75,01,2,583,47.921875,68.671875,1.0752166509628296,64.75,14.412498474121094
12,100,8.75,01,2,584,50.125,67.09375,0.9986820816993713,65.828125,13.975844383239746
12,100,8.75,01,2,585,48.203125,67.796875,0.9844338297843933,65.859375,14.082616806030273
12,100,8.75,01,2,586,49.265625,67.5625,1.004541277885437,64.875,13.559503555297852
12,100,8.75,01,2,587,49.171875,64.15625,1.064314365386963,66.296875,13.548174858093262
12,100,8.75,01,2,588,47.359375,67.25,0.9700104594230652,65.765625,13.225975036621094
12,100,8.75,01,2,589,50.15625,65.96875,0.9897867441177368,64.71875,13.022199630737305
12,100,8.75,01,2,590,46.78125,67.265625,1.0753201246261597,66.046875,14.70195198059082
12,100,8.75,01,2,591,46.625,65.34375,0.986939549446106,66.46875,13.37753677368164
12,100,8.75,01,2,592,47.34375,65.6875,1.0019195079803467,65.53125,13.261390686035156
12,100,8.75,01,2,593,45.6875,64.9375,1.050179362297058,66.34375,13.804426193237305
12,100,8.75,01,2,594,47.859375,65.421875,1.0093960762023926,65.796875,13.268943786621094
12,100,8.75,01,2,595,46.078125,68.15625,1.0313111543655396,65.765625,14.183332443237305
12,100,8.75,01,2,596,47.0,66.125,0.9835900664329529,66.046875,13.622459411621094
12,100,8.75,01,2,597,45.140625,66.78125,1.0327004194259644,66.625,14.08456802368164
12,100,8.75,01,2,598,46.359375,66.46875,1.0235955715179443,65.96875,14.056182861328125
12,100,8.75,01,2,599,48.484375,66.578125,1.0435575246810913,65.921875,13.607290267944336
12,100,8.75,01,2,600,49.15625,66.421875,1.0210251808166504,65.96875,13.69550609588623
12,100,8.75,01,2,601,47.578125,67.84375,1.0267008543014526,65.5,14.355597496032715
12,100,8.75,01,2,602,47.0,66.359375,1.022335171699524,65.828125,13.809699058532715
12,100,8.75,01,2,603,47.21875,67.3125,1.0990816354751587,65.8125,14.181509971618652
12,100,8.75,01,2,604,48.34375,67.0625,1.0246959924697876,65.71875,13.783461570739746
12,100,8.75,01,2,605,47.578125,66.53125,1.0509822368621826,66.28125,14.470636367797852
12,100,8.75,01,2,606,48.359375,67.84375,0.9920904040336609,65.59375,13.573565483093262
12,100,8.75,01,2,607,48.609375,67.046875,0.9825845956802368,64.84375,12.968488693237305
12,100,8.75,01,2,608,45.65625,68.625,0.967069149017334,66.015625,14.2783842086792
12,100,8.75,01,2,609,48.359375,67.90625,1.0690330266952515,65.640625,14.449542045593262
12,100,8.75,01,2,610,46.046875,66.25,1.007022500038147,66.328125,13.782160758972168
12,100,8.75,01,2,611,45.828125,68.390625,0.9519968032836914,66.09375,13.869073867797852
12,100,8.75,01,2,612,46.890625,67.515625,1.0004870891571045,65.703125,13.452863693237305
12,100,8.75,01,2,613,47.25,66.09375,0.9871835708618164,65.65625,13.557159423828125
12,100,8.75,01,2,614,46.078125,66.578125,1.0198522806167603,65.484375,13.477994918823242
12,100,8.75,01,2,615,49.078125,68.0625,1.036594033241272,64.984375,13.424217224121094
12,100,8.75,01,2,616,47.671875,69.34375,0.9923570156097412,65.84375,14.335870742797852
12,100,8.75,01,2,617,46.53125,68.40625,1.0340522527694702,66.40625,14.954035758972168
12,100,8.75,01,2,618,47.84375,68.53125,1.0190222263336182,65.09375,14.20488166809082
12,100,8.75,01,2,619,48.359375,67.640625,1.0709329843521118,65.203125,14.482940673828125
12,100,8.75,01,2,620,48.734375,65.34375,1.007390022277832,65.21875,13.348566055297852
12,100,8.75,01,2,621,48.796875,66.53125,1.0419474840164185,66.203125,14.046351432800293
12,100,8.75,01,2,622,47.03125,67.609375,0.9868777990341187,66.0,13.983266830444336
12,100,8.75,01,2,623,47.46875,68.125,1.0198382139205933,65.484375,13.768293380737305
12,100,8.75,01,2,624,44.859375,67.71875,1.0164973735809326,66.1875,14.111717224121094
12,100,8.75,01,2,625,45.765625,67.6875,0.9908268451690674,66.28125,13.89400863647461
12,100,8.75,01,2,626,45.703125,68.140625,0.9979572296142578,65.953125,13.87545394897461
12,100,8.75,01,2,627,46.6875,67.578125,1.0366696119308472,65.96875,14.37838363647461
12,100,8.75,01,2,628,47.296875,66.90625,1.0710264444351196,65.65625,14.137237548828125
12,100,8.75,01,2,629,46.90625,66.203125,1.0252019166946411,66.703125,13.973892211914062
12,100,8.75,01,2,630,46.734375,67.25,0.9585174918174744,65.71875,13.133462905883789
12,100,8.75,01,2,631,46.71875,68.765625,1.0183722972869873,66.0625,14.599281311035156
12,100,8.75,01,2,632,45.453125,68.5625,1.0053128004074097,65.84375,14.0137357711792
12,100,8.75,01,2,633,46.890625,68.734375,0.9532870650291443,66.140625,13.583005905151367
12,100,8.75,01,2,634,44.671875,67.046875,0.9801207780838013,66.59375,13.778449058532715
12,100,8.75,01,2,635,45.421875,69.234375,0.9998405575752258,66.5,14.438995361328125
12,100,8.75,01,2,636,47.421875,67.34375,0.973025918006897,66.546875,13.868423461914062
12,100,8.75,01,2,637,47.21875,69.984375,1.067434549331665,65.703125,15.081314086914062
12,100,8.75,01,2,638,47.5,71.5625,0.9993871450424194,65.375,14.777341842651367
12,100,8.75,01,2,639,46.09375,69.578125,1.0217028856277466,65.703125,14.777994155883789
12,100,8.75,01,2,640,47.625,70.0,1.016706943511963,65.5625,14.475128173828125
12,100,8.75,01,2,641,49.390625,69.6875,1.0062962770462036,65.546875,14.158851623535156
12,100,8.75,01,2,642,47.15625,68.671875,1.0368916988372803,66.28125,14.6582670211792
12,100,8.75,01,2,643,48.09375,67.96875,0.9992351531982422,65.953125,13.987237930297852
12,100,8.75,01,2,644,48.328125,67.265625,0.9674369096755981,65.84375,13.353774070739746
12,100,8.75,01,2,645,47.53125,67.5625,1.0344945192337036,65.640625,13.992121696472168
12,100,8.75,01,2,646,47.125,68.359375,0.9700086116790771,65.875,13.190168380737305
12,100,8.75,01,2,647,47.34375,69.421875,1.019188404083252,65.640625,14.469985961914062
12,100,8.75,01,2,648,46.421875,68.734375,1.0206940174102783,65.796875,14.347590446472168
12,100,8.75,01,2,649,48.390625,69.03125,1.0084826946258545,65.28125,13.655271530151367
12,100,8.75,01,2,650,47.203125,68.0625,1.0430974960327148,65.875,14.442901611328125
12,100,8.75,01,2,651,48.234375,68.4375,1.0227359533309937,65.8125,14.145050048828125
12,100,8.75,01,2,652,47.5625,67.9375,0.9803604483604431,65.84375,13.716794967651367
12,100,8.75,01,2,653,46.921875,67.34375,1.0489490032196045,66.015625,14.307226181030273
12,100,8.75,01,2,654,47.15625,68.4375,1.0360705852508545,65.78125,14.032679557800293
12,100,8.75,01,2,655,46.375,67.984375,0.9774186015129089,66.171875,13.97284984588623
12,100,8.75,01,2,656,46.921875,68.109375,1.0051958560943604,65.8125,14.171548843383789
12,100,8.75,01,2,657,45.8125,69.484375,1.0660953521728516,65.21875,14.50058364868164
12,100,8.75,01,2,658,47.375,68.5625,1.0496493577957153,66.21875,14.726951599121094
12,100,8.75,01,2,659,45.875,68.15625,0.9972301125526428,66.421875,13.890949249267578
12,100,8.75,01,2,660,48.125,66.21875,1.0029454231262207,65.59375,13.556899070739746
12,100,8.75,01,2,661,47.5625,68.78125,0.9845463633537292,66.1875,14.261260986328125
12,100,8.75,01,2,662,47.4375,65.890625,1.0208688974380493,66.109375,14.008071899414062
12,100,8.75,01,2,663,46.890625,68.828125,1.0550947189331055,66.171875,14.645505905151367
12,100,8.75,01,2,664,46.96875,68.3125,0.995658814907074,66.34375,14.209437370300293
12,100,8.75,01,2,665,48.5,66.875,1.0412564277648926,66.265625,14.133657455444336
12,100,8.75,01,2,666,44.609375,69.6875,0.9563860893249512,66.375,14.161067008972168
12,100,8.75,01,2,667,44.96875,68.5,0.9874274134635925,66.671875,14.199607849121094
12,100,8.75,01,2,668,45.640625,67.78125,0.983745813369751,66.796875,14.236976623535156
12,100,8.75,01,2,669,47.046875,68.21875,0.9999854564666748,66.4375,14.078123092651367
12,100,8.75,01,2,670,47.0625,67.96875,0.9816198945045471,65.28125,13.183070182800293
12,100,8.75,01,2,671,45.296875,69.875,0.9928345680236816,66.03125,13.976496696472168
12,100,8.75,01,2,672,45.6875,67.90625,1.0108245611190796,66.84375,14.019399642944336
12,100,8.75,01,2,673,44.46875,68.796875,1.0240986347198486,66.953125,14.78281021118164
12,100,8.75,01,2,674,46.46875,68.40625,1.0218583345413208,65.546875,13.919334411621094
12,100,8.75,01,2,675,45.296875,68.125,1.0703392028808594,66.609375,14.635741233825684
12,100,8.75,01,2,676,47.40625,65.765625,1.0479474067687988,66.234375,13.257614135742188
12,100,8.75,01,2,677,45.875,66.53125,0.9979820251464844,66.9375,13.9580717086792
12,100,8.75,01,2,678,46.3125,66.984375,0.9636659622192383,66.578125,13.704230308532715
12,100,8.75,01,2,679,45.640625,68.171875,1.0103943347930908,67.375,14.65475082397461
12,100,8.75,01,2,680,45.3125,67.65625,1.026153326034546,67.3125,14.474998474121094
12,100,8.75,01,2,681,45.4375,67.265625,1.0446500778198242,66.859375,14.614386558532715
12,100,8.75,01,2,682,45.015625,68.109375,0.9929639101028442,66.84375,14.077993392944336
12,100,8.75,01,2,683,43.46875,69.109375,1.0688363313674927,66.359375,15.039581298828125
12,100,8.75,01,2,684,44.53125,67.625,1.0584970712661743,66.890625,14.381378173828125
12,100,8.75,01,2,685,46.359375,70.078125,1.0182952880859375,66.578125,15.194595336914062
12,100,8.75,01,2,686,45.59375,70.578125,1.0740325450897217,66.046875,15.157549858093262
12,100,8.75,01,2,687,45.015625,67.6875,1.006205439567566,66.609375,14.1660795211792
12,100,8.75,01,2,688,45.421875,69.71875,0.9970301985740662,66.1875,14.532355308532715
12,100,8.75,01,2,689,45.90625,68.9375,0.9923009872436523,66.3125,14.297523498535156
12,100,8.75,01,2,690,46.109375,68.421875,1.0157314538955688,66.15625,13.982680320739746
12,100,8.75,01,2,691,45.265625,69.921875,1.0134860277175903,66.09375,14.484698295593262
12,100,8.75,01,2,692,45.796875,68.0,0.9967778325080872,66.25,13.76288890838623
12,100,8.75,01,2,693,45.703125,69.421875,1.0437296628952026,65.9375,14.801300048828125
12,100,8.75,01,2,694,47.3125,68.21875,1.0122582912445068,66.015625,13.926626205444336
12,100,8.75,01,2,695,46.765625,66.265625,0.9412201046943665,67.03125,14.173696517944336
12,100,8.75,01,2,696,45.296875,67.9375,1.0094455480575562,66.0625,14.44186019897461
12,100,8.75,01,2,697,44.9375,69.09375,1.0127452611923218,66.4375,14.349411010742188
12,100,8.75,01,2,698,46.296875,67.515625,1.0048439502716064,65.96875,14.13730239868164
12,100,8.75,01,2,699,44.921875,68.390625,1.0827984809875488,66.828125,14.941207885742188
12,100,8.75,01,2,700,44.484375,66.125,0.9615296125411987,67.40625,13.8174467086792
12,100,8.75,01,2,701,44.421875,67.3125,1.0663089752197266,67.09375,15.31718635559082
12,100,8.75,01,2,702,45.390625,67.34375,1.014554500579834,66.484375,13.929489135742188
12,100,8.75,01,2,703,44.46875,68.265625,1.0849449634552002,66.5,14.906378746032715
12,100,8.75,01,2,704,45.171875,68.140625,1.0707288980484009,66.546875,14.890559196472168
12,100,8.75,01,2,705,44.25,69.625,0.9900367259979248,66.34375,14.27363109588623
12,100,8.75,01,2,706,46.09375,68.171875,1.0400190353393555,66.8125,14.689125061035156
12,100,8.75,01,2,707,44.9375,69.25,1.0352617502212524,66.546875,15.060870170593262
12,100,8.75,01,2,708,43.6875,69.796875,1.0256333351135254,66.421875,14.603838920593262
12,100,8.75,01,2,709,43.125,68.6875,1.0502605438232422,67.03125,15.2676420211792
12,100,8.75,01,2,710,43.8125,69.6875,1.0304845571517944,66.96875,15.1055326461792
12,100,8.75,01,2,711,47.28125,68.46875,1.0654362440109253,67.03125,15.311391830444336
12,100,8.75,01,2,712,43.609375,68.09375,1.0058412551879883,67.171875,14.751299858093262
12,100,8.75,01,2,713,44.09375,68.421875,1.064462423324585,66.5,14.703514099121094
12,100,8.75,01,2,714,45.171875,69.125,1.016610860824585,66.453125,14.67304515838623
12,100,8.75,01,2,715,45.15625,70.34375,0.9893033504486084,66.34375,13.924802780151367
12,100,8.75,01,2,716,44.484375,68.046875,1.0715265274047852,67.296875,14.954360008239746
12,100,8.75,01,2,717,43.453125,69.265625,1.0391603708267212,66.78125,15.077993392944336
12,100,8.75,01,2,718,43.15625,68.765625,1.0053215026855469,66.8125,14.53437328338623
12,100,8.75,01,2,719,43.546875,69.484375,1.0014170408248901,67.390625,15.047393798828125
12,100,8.75,01,2,720,44.59375,68.390625,1.0562814474105835,67.59375,15.584373474121094
12,100,8.75,01,2,721,43.1875,69.0625,1.001354694366455,67.515625,15.037628173828125
12,100,8.75,01,2,722,42.078125,68.875,0.9839313626289368,67.734375,14.843423843383789
12,100,8.75,01,2,723,43.4375,68.6875,1.05777108669281,67.390625,15.42109203338623
12,100,8.75,01,2,724,42.75,68.96875,0.9822002053260803,67.46875,14.662824630737305
12,100,8.75,01,2,725,43.578125,69.375,1.089553952217102,67.96875,15.972524642944336
12,100,8.75,01,2,726,42.640625,67.203125,1.1008539199829102,66.390625,14.608721733093262
12,100,8.75,01,2,727,44.453125,66.65625,1.0401214361190796,66.65625,14.277082443237305
12,100,8.75,01,2,728,43.859375,66.703125,1.032386064529419,67.28125,14.5342435836792
12,100,8.75,01,2,729,44.21875,66.546875,1.0780375003814697,67.609375,15.197524070739746
12,100,8.75,01,2,730,43.25,68.65625,1.0372695922851562,67.1875,15.070635795593262
12,100,8.75,01,2,731,42.78125,66.890625,1.0344929695129395,68.203125,14.858331680297852
12,100,8.75,01,2,732,41.34375,66.703125,0.9976829290390015,68.78125,14.892967224121094
12,100,8.75,01,2,733,40.28125,67.953125,1.0851235389709473,68.625,15.650129318237305
12,100,8.75,01,2,734,44.34375,67.296875,1.0359675884246826,67.921875,14.789973258972168
12,100,8.75,01,2,735,42.90625,67.15625,1.0332205295562744,69.0,15.30917739868164
12,100,8.75,01,2,736,40.453125,66.46875,1.0345125198364258,68.453125,15.06718635559082
12,100,8.75,01,2,737,42.21875,67.53125,1.0204309225082397,68.0,14.600259780883789
12,100,8.75,01,2,738,42.4375,67.65625,1.0800797939300537,67.4375,15.115882873535156
12,100,8.75,01,2,739,42.046875,66.4375,1.0301355123519897,69.015625,14.928123474121094
12,100,8.75,01,2,740,42.65625,66.765625,1.1215993165969849,67.859375,15.26386547088623
12,100,8.75,01,2,741,41.359375,67.203125,1.015120267868042,68.515625,14.725324630737305
12,100,8.75,01,2,742,43.046875,65.703125,1.0712823867797852,68.4375,14.849411010742188
12,100,8.75,01,2,743,40.375,66.015625,1.08428955078125,68.375,14.771613121032715
12,100,8.75,01,2,744,40.484375,67.703125,1.080984115600586,68.390625,15.287628173828125
12,100,8.75,01,2,745,42.953125,66.859375,1.0492223501205444,67.59375,14.57636547088623
12,100,8.75,01,2,746,41.984375,66.0625,1.005635142326355,68.15625,13.964972496032715
12,100,8.75,01,2,747,41.84375,68.4375,1.0262014865875244,66.953125,14.378318786621094
12,100,8.75,01,2,748,44.46875,68.328125,1.0178700685501099,66.78125,14.325453758239746
12,100,8.75,01,2,749,43.671875,66.5,1.0151503086090088,66.6875,13.58554458618164
12,100,8.75,01,2,750,43.421875,67.421875,0.9769342541694641,67.0625,14.007159233093262
12,100,8.75,01,2,751,44.1875,68.296875,1.1156483888626099,67.6875,15.527082443237305
12,100,8.75,01,2,752,41.515625,68.046875,1.082195520401001,68.09375,15.641600608825684
12,100,8.75,01,2,753,42.46875,68.390625,1.1482995748519897,67.125,15.880206108093262
12,100,8.75,01,2,754,42.71875,68.359375,1.118876338005066,66.796875,14.939062118530273
12,100,8.75,01,2,755,44.140625,67.78125,1.0819193124771118,66.953125,15.225128173828125
12,100,8.75,01,2,756,41.6875,67.359375,1.0475890636444092,67.234375,14.624153137207031
12,100,8.75,01,2,757,44.0,67.828125,1.042982578277588,67.53125,14.669204711914062
12,100,8.75,01,2,758,43.734375,67.140625,1.1020358800888062,68.28125,15.406639099121094
12,100,8.75,01,2,759,42.03125,68.546875,0.9921104907989502,67.0,14.390296936035156
12,100,8.75,01,2,760,44.0,69.046875,1.0400656461715698,66.71875,14.465949058532715
12,100,8.75,01,2,761,42.6875,69.234375,1.1193486452102661,67.640625,15.71464729309082
12,100,8.75,01,2,762,43.21875,67.4375,1.0214221477508545,68.09375,14.925649642944336
12,100,8.75,01,2,763,44.078125,68.171875,1.0963112115859985,67.5625,15.414515495300293
12,100,8.75,01,2,764,45.0625,67.625,1.1089067459106445,67.984375,15.235090255737305
12,100,8.75,01,2,765,42.03125,69.953125,1.0602353811264038,67.90625,15.95429515838623
12,100,8.75,01,2,766,44.40625,67.890625,1.0566109418869019,68.125,14.977798461914062
12,100,8.75,01,2,767,43.65625,68.78125,1.068386197090149,67.5625,15.37057113647461
12,100,8.75,01,2,768,41.21875,68.734375,1.0050514936447144,68.703125,14.828840255737305
12,100,8.75,01,2,769,44.296875,67.703125,1.0695825815200806,67.46875,15.170440673828125
12,100,8.75,01,2,770,41.59375,68.171875,1.1040467023849487,67.953125,15.732223510742188
12,100,8.75,01,2,771,43.796875,69.09375,0.9928221702575684,67.375,14.509763717651367
12,100,8.75,01,2,772,42.921875,68.0625,1.0986592769622803,67.25,15.493812561035156
12,100,8.75,01,2,773,42.296875,68.78125,1.0375581979751587,68.359375,15.438929557800293
12,100,8.75,01,2,774,42.25,69.390625,1.0459873676300049,68.609375,15.470831871032715
12,100,8.75,01,2,775,42.09375,68.828125,1.1038258075714111,68.59375,15.880793571472168
12,100,8.75,01,2,776,42.234375,70.265625,1.0882163047790527,67.71875,15.821287155151367
12,100,8.75,01,2,777,42.65625,69.921875,1.0103217363357544,67.96875,15.0986328125
12,100,8.75,01,2,778,44.125,68.328125,1.0478143692016602,67.03125,14.730466842651367
12,100,8.75,01,2,779,44.0625,67.65625,1.0519671440124512,67.921875,14.6738920211792
12,100,8.75,01,2,780,44.078125,69.03125,1.028910517692566,67.109375,14.597330093383789
12,100,8.75,01,2,781,44.421875,70.375,1.0909206867218018,67.046875,15.505598068237305
12,100,8.75,01,2,782,43.09375,69.421875,1.0156381130218506,67.34375,14.595441818237305
12,100,8.75,01,2,783,43.359375,68.421875,1.0173264741897583,68.140625,15.13593578338623
12,100,8.75,01,2,784,42.90625,69.21875,1.0003726482391357,67.046875,14.529621124267578
12,100,8.75,01,2,785,41.21875,69.5625,1.0735825300216675,68.546875,15.989582061767578
12,100,8.75,01,2,786,41.984375,68.53125,1.0592271089553833,68.125,15.632680892944336
12,100,8.75,01,2,787,40.265625,70.6875,1.155647873878479,67.84375,16.635154724121094
12,100,8.75,01,2,788,41.671875,70.484375,1.0289422273635864,67.984375,15.574542999267578
12,100,8.75,01,2,789,41.84375,68.34375,1.0463775396347046,68.125,15.468877792358398
12,100,8.75,01,2,790,42.640625,69.40625,1.1265820264816284,68.234375,16.481313705444336
12,100,8.75,01,2,791,41.546875,68.40625,1.09071683883667,68.4375,15.751821517944336
12,100,8.75,01,2,792,41.96875,69.046875,1.0034122467041016,67.703125,14.851821899414062
12,100,8.75,01,2,793,42.65625,69.015625,1.045479416847229,67.859375,15.374281883239746
12,100,8.75,01,2,794,42.140625,68.484375,1.0733424425125122,67.453125,15.363605499267578
12,100,8.75,01,2,795,42.078125,70.015625,1.0457640886306763,68.03125,15.811846733093262
12,100,8.75,01,2,796,43.328125,67.625,1.0992136001586914,67.65625,15.150388717651367
12,100,8.75,01,2,797,42.375,68.90625,1.0403724908828735,67.640625,14.931117057800293
12,100,8.75,01,2,798,42.6875,68.921875,1.098402976989746,67.53125,15.295310974121094
12,100,8.75,01,2,799,39.53125,69.609375,1.0538305044174194,68.453125,15.405596733093262
12,100,8.75,01,3,0,61.234375,60.5625,0.9588989019393921,40.453125,6.850910186767578
12,100,8.75,01,3,1,60.171875,60.296875,0.9130910634994507,40.03125,6.493293762207031
12,100,8.75,01,3,2,63.375,59.078125,0.9451003074645996,40.5,6.2741522789001465
12,100,8.75,01,3,3,59.75,60.84375,0.9405995607376099,40.890625,6.936847686767578
12,100,8.75,01,3,4,62.625,57.625,0.9948834776878357,41.984375,6.957876205444336
12,100,8.75,01,3,5,61.453125,58.515625,0.9068241119384766,42.90625,6.491535186767578
12,100,8.75,01,3,6,64.3125,55.328125,0.9221829771995544,42.4375,6.239646911621094
12,100,8.75,01,3,7,61.890625,56.796875,0.8798742294311523,43.09375,6.131314277648926
12,100,8.75,01,3,8,63.796875,57.171875,0.9485440850257874,43.65625,6.468097686767578
12,100,8.75,01,3,9,61.375,57.1875,0.9661171436309814,44.59375,6.763670921325684
12,100,8.75,01,3,10,61.953125,57.578125,0.9777026176452637,46.40625,7.660284996032715
12,100,8.75,01,3,11,60.625,57.71875,0.9305709600448608,47.703125,7.687694072723389
12,100,8.75,01,3,12,59.765625,57.9375,0.9430208206176758,48.109375,7.456443786621094
12,100,8.75,01,3,13,61.625,56.671875,0.9384021759033203,48.921875,7.512107849121094
12,100,8.75,01,3,14,62.71875,56.59375,0.9369115829467773,49.203125,7.1216139793396
12,100,8.75,01,3,15,58.34375,58.015625,0.9099354147911072,50.4375,7.88124942779541
12,100,8.75,01,3,16,59.515625,59.34375,0.9499169588088989,52.421875,8.530923843383789
12,100,8.75,01,3,17,60.421875,58.84375,0.960012674331665,51.828125,8.329751968383789
12,100,8.75,01,3,18,58.8125,57.71875,0.9754804968833923,53.15625,8.666860580444336
12,100,8.75,01,3,19,58.59375,57.1875,0.8946361541748047,53.875,7.898891448974609
12,100,8.75,01,3,20,57.65625,59.40625,0.8980541229248047,52.828125,7.678384304046631
12,100,8.75,01,3,21,57.65625,56.84375,0.9155610203742981,54.859375,7.718097686767578
12,100,8.75,01,3,22,58.140625,58.1875,0.8963051438331604,54.453125,8.025909423828125
12,100,8.75,01,3,23,59.46875,59.0,0.882464587688446,53.609375,7.361392021179199
12,100,8.75,01,3,24,57.078125,58.03125,0.8782445788383484,56.0625,8.319334983825684
12,100,8.75,01,3,25,57.734375,58.890625,0.9649345278739929,54.703125,8.56230354309082
12,100,8.75,01,3,26,57.515625,60.40625,0.9292972683906555,55.09375,8.696939468383789
12,100,8.75,01,3,27,59.078125,60.078125,0.9707906246185303,55.5625,8.874543190002441
12,100,8.75,01,3,28,58.984375,59.484375,0.9516407251358032,54.703125,8.406118392944336
12,100,8.75,01,3,29,56.9375,60.0,0.9453626871109009,56.328125,8.554555892944336
12,100,8.75,01,3,30,58.6875,59.859375,0.9542338252067566,55.65625,8.542967796325684
12,100,8.75,01,3,31,58.34375,61.53125,0.8671252727508545,55.703125,8.14863109588623
12,100,8.75,01,3,32,59.171875,60.578125,0.9930365085601807,56.875,9.263410568237305
12,100,8.75,01,3,33,58.5625,60.859375,0.9754853844642639,56.25,8.758722305297852
12,100,8.75,01,3,34,58.515625,63.53125,0.9878515601158142,56.625,9.749998092651367
12,100,8.75,01,3,35,57.984375,60.09375,0.9850025177001953,57.4375,9.2070951461792
12,100,8.75,01,3,36,57.84375,58.609375,0.8688607811927795,56.3125,7.0173163414001465
12,100,8.75,01,3,37,58.8125,59.890625,0.8892607092857361,56.375,7.616144180297852
12,100,8.75,01,3,38,58.328125,60.984375,0.9415227174758911,56.4375,8.62675666809082
12,100,8.75,01,3,39,56.453125,60.65625,0.9163709282875061,56.9375,8.552993774414062
12,100,8.75,01,3,40,60.890625,61.703125,0.9653255939483643,56.390625,8.63398265838623
12,100,8.75,01,3,41,59.78125,60.765625,0.979447603225708,57.0,9.1387357711792
12,100,8.75,01,3,42,60.71875,61.171875,0.9249968528747559,56.46875,8.63066291809082
12,100,8.75,01,3,43,60.25,61.9375,0.8884684443473816,56.421875,7.9567694664001465
12,100,8.75,01,3,44,57.453125,61.71875,0.9161462187767029,57.65625,8.604100227355957
12,100,8.75,01,3,45,57.4375,60.71875,0.9265820980072021,57.453125,9.06562328338623
12,100,8.75,01,3,46,59.5625,61.828125,0.939573347568512,56.890625,8.777667045593262
12,100,8.75,01,3,47,57.4375,62.015625,0.907364547252655,57.234375,8.95162582397461
12,100,8.75,01,3,48,58.890625,62.3125,0.896493673324585,56.5625,8.207941055297852
12,100,8.75,01,3,49,59.140625,62.03125,0.9471502900123596,57.109375,9.102211952209473
12,100,8.75,01,3,50,58.59375,63.203125,0.9581918120384216,56.8125,9.567380905151367
12,100,8.75,01,3,51,58.953125,63.859375,0.8786874413490295,57.796875,8.933462142944336
12,100,8.75,01,3,52,59.65625,64.40625,0.8873580694198608,57.21875,8.752798080444336
12,100,8.75,01,3,53,61.109375,63.71875,0.870097815990448,56.71875,8.138410568237305
12,100,8.75,01,3,54,57.90625,63.078125,0.9020655155181885,58.484375,9.340559005737305
12,100,8.75,01,3,55,60.9375,62.765625,0.9282972812652588,57.421875,9.173566818237305
12,100,8.75,01,3,56,60.59375,61.921875,0.928817093372345,57.578125,8.93014144897461
12,100,8.75,01,3,57,59.734375,62.59375,0.909716784954071,57.921875,9.3731107711792
12,100,8.75,01,3,58,61.65625,62.9375,0.8991653919219971,57.625,8.994464874267578
12,100,8.75,01,3,59,59.375,63.78125,0.9117556810379028,57.84375,9.167707443237305
12,100,8.75,01,3,60,61.171875,63.078125,0.9063852429389954,57.171875,8.66132640838623
12,100,8.75,01,3,61,59.75,63.921875,0.9185507297515869,58.34375,9.799217224121094
12,100,8.75,01,3,62,59.890625,64.3125,0.924957811832428,56.921875,9.148045539855957
12,100,8.75,01,3,63,62.0625,63.265625,0.9191428422927856,57.671875,9.057616233825684
12,100,8.75,01,3,64,61.09375,63.296875,0.9018823504447937,58.703125,9.77167797088623
12,100,8.75,01,3,65,60.640625,64.125,0.991725504398346,57.046875,9.729101181030273
12,100,8.75,01,3,66,60.53125,64.875,0.8906285762786865,57.875,9.39374828338623
12,100,8.75,01,3,67,62.328125,64.25,0.8769065141677856,58.109375,9.18378734588623
12,100,8.75,01,3,68,60.96875,63.34375,1.002760648727417,57.453125,9.569985389709473
12,100,8.75,01,3,69,59.828125,64.4375,1.000914216041565,58.25,10.059893608093262
12,100,8.75,01,3,70,59.40625,63.078125,0.9220063090324402,58.75,8.95038890838623
12,100,8.75,01,3,71,62.09375,62.375,0.9440721869468689,58.625,9.339125633239746
12,100,8.75,01,3,72,57.921875,62.421875,0.9138659238815308,59.71875,9.626886367797852
12,100,8.75,01,3,73,60.46875,62.109375,0.9120779633522034,59.25,9.32206916809082
12,100,8.75,01,3,74,60.78125,62.015625,0.9247665405273438,59.96875,9.690037727355957
12,100,8.75,01,3,75,58.4375,64.09375,0.9228696823120117,60.25,9.568098068237305
12,100,8.75,01,3,76,59.515625,64.4375,0.8915529251098633,59.453125,9.499282836914062
12,100,8.75,01,3,77,60.046875,64.140625,0.9461026787757874,60.1875,10.539777755737305
12,100,8.75,01,3,78,59.84375,62.875,0.9330263137817383,59.453125,9.56881332397461
12,100,8.75,01,3,79,58.1875,64.859375,0.9535964131355286,58.8125,9.576757431030273
12,100,8.75,01,3,80,60.703125,66.046875,0.9578388929367065,59.796875,10.541404724121094
12,100,8.75,01,3,81,59.140625,65.5,0.9440379738807678,59.65625,10.74589729309082
12,100,8.75,01,3,82,58.921875,65.203125,0.9516523480415344,60.03125,10.559178352355957
12,100,8.75,01,3,83,58.453125,64.40625,0.9065268039703369,60.265625,10.08906078338623
12,100,8.75,01,3,84,59.875,64.171875,0.9240730404853821,60.03125,10.08932113647461
12,100,8.75,01,3,85,61.15625,62.25,0.9493210911750793,59.75,9.805402755737305
12,100,8.75,01,3,86,59.75,63.96875,0.9250704050064087,60.28125,10.316339492797852
12,100,8.75,01,3,87,58.078125,65.234375,0.9667029976844788,59.828125,10.37285041809082
12,100,8.75,01,3,88,59.984375,65.703125,0.88032066822052,59.9375,10.411066055297852
12,100,8.75,01,3,89,60.140625,65.09375,0.9462546110153198,60.296875,10.91158676147461
12,100,8.75,01,3,90,60.765625,66.75,0.8968183994293213,59.609375,9.99042797088623
12,100,8.75,01,3,91,60.421875,64.25,0.9306672811508179,60.5,10.237237930297852
12,100,8.75,01,3,92,60.21875,66.5625,0.9725315570831299,60.265625,11.05195140838623
12,100,8.75,01,3,93,60.15625,64.46875,0.9439468383789062,59.453125,9.97538948059082
12,100,8.75,01,3,94,58.984375,65.421875,0.95023512840271,60.65625,10.81620979309082
12,100,8.75,01,3,95,58.171875,65.34375,1.0127981901168823,60.6875,10.99166488647461
12,100,8.75,01,3,96,59.375,65.40625,0.8636035323143005,60.171875,9.775389671325684
12,100,8.75,01,3,97,59.140625,65.75,0.8930539488792419,59.78125,9.869269371032715
12,100,8.75,01,3,98,58.640625,63.953125,0.9368833899497986,60.890625,10.430272102355957
12,100,8.75,01,3,99,58.140625,66.65625,0.8855151534080505,60.75,10.40768051147461
12,100,8.75,01,3,100,59.25,66.890625,0.953263521194458,59.84375,10.784632682800293
12,100,8.75,01,3,101,59.375,66.34375,0.9536361694335938,59.84375,10.694269180297852
12,100,8.75,01,3,102,60.921875,66.359375,0.969806969165802,60.421875,10.91816234588623
12,100,8.75,01,3,103,59.90625,66.515625,0.9750566482543945,60.328125,11.5352201461792
12,100,8.75,01,3,104,60.484375,64.5,1.0117546319961548,60.59375,10.902862548828125
12,100,8.75,01,3,105,59.59375,65.84375,0.9621021747589111,61.0,10.560219764709473
12,100,8.75,01,3,106,58.21875,65.1875,0.8890523910522461,60.8125,10.08346176147461
12,100,8.75,01,3,107,61.953125,65.234375,0.8532857298851013,59.6875,9.505271911621094
12,100,8.75,01,3,108,58.984375,66.34375,0.9254559874534607,60.765625,10.558526992797852
12,100,8.75,01,3,109,59.25,66.203125,0.9666345715522766,60.5625,11.134113311767578
12,100,8.75,01,3,110,59.296875,65.046875,0.938035249710083,60.53125,10.884504318237305
12,100,8.75,01,3,111,60.75,66.078125,0.9314482808113098,59.984375,11.007225036621094
12,100,8.75,01,3,112,59.03125,66.34375,0.9836128354072571,61.015625,11.567771911621094
12,100,8.75,01,3,113,59.5,66.015625,0.9364174008369446,59.34375,10.419594764709473
12,100,8.75,01,3,114,61.828125,65.96875,1.0090936422348022,59.171875,10.880598068237305
12,100,8.75,01,3,115,58.359375,65.84375,0.9180001020431519,60.34375,10.808006286621094
12,100,8.75,01,3,116,59.171875,66.5625,0.8920436501502991,60.6875,10.42597484588623
12,100,8.75,01,3,117,59.046875,65.34375,0.9360801577568054,60.390625,10.653449058532715
12,100,8.75,01,3,118,59.703125,67.109375,0.9092918634414673,60.109375,10.787368774414062
12,100,8.75,01,3,119,59.078125,65.75,0.936654269695282,59.953125,10.63105297088623
12,100,8.75,01,3,120,58.03125,67.96875,0.9205887317657471,60.0625,11.013019561767578
12,100,8.75,01,3,121,59.0625,66.75,0.943049430847168,60.5625,11.076169967651367
12,100,8.75,01,3,122,59.015625,64.53125,0.9254040122032166,60.84375,10.801886558532715
12,100,8.75,01,3,123,58.203125,67.21875,0.9478050470352173,59.96875,11.281702995300293
12,100,8.75,01,3,124,59.5625,66.703125,0.9353799819946289,60.453125,11.088539123535156
12,100,8.75,01,3,125,58.453125,66.78125,1.0125406980514526,61.171875,11.898826599121094
12,100,8.75,01,3,126,58.5625,65.015625,0.954866349697113,60.703125,10.323566436767578
12,100,8.75,01,3,127,57.640625,65.84375,0.9501746892929077,60.53125,11.142120361328125
12,100,8.75,01,3,128,57.9375,65.96875,0.9922328591346741,59.9375,10.787757873535156
12,100,8.75,01,3,129,60.03125,65.546875,0.908668041229248,60.640625,10.482290267944336
12,100,8.75,01,3,130,57.25,67.390625,0.982964277267456,60.234375,11.41581916809082
12,100,8.75,01,3,131,59.109375,65.703125,0.9446240663528442,61.171875,11.211585998535156
12,100,8.75,01,3,132,58.96875,64.8125,0.9035130143165588,60.640625,10.2461576461792
12,100,8.75,01,3,133,61.453125,64.515625,0.9036532640457153,60.90625,10.189711570739746
12,100,8.75,01,3,134,57.875,66.09375,0.9815322756767273,60.03125,10.903709411621094
12,100,8.75,01,3,135,59.1875,64.890625,0.9332359433174133,61.625,10.971938133239746
12,100,8.75,01,3,136,58.59375,65.3125,0.9621359705924988,60.703125,10.916338920593262
12,100,8.75,01,3,137,59.5625,63.734375,0.9509328007698059,60.796875,10.618032455444336
12,100,8.75,01,3,138,57.5625,65.984375,0.9710873365402222,60.765625,11.56171703338623
12,100,8.75,01,3,139,58.515625,65.421875,0.8934735655784607,61.765625,10.294464111328125
12,100,8.75,01,3,140,58.75,68.453125,0.9517572522163391,60.25,11.43404769897461
12,100,8.75,01,3,141,56.359375,65.71875,0.9455553293228149,60.859375,10.970637321472168
12,100,8.75,01,3,142,58.28125,65.921875,0.9662398099899292,60.6875,11.073890686035156
12,100,8.75,01,3,143,58.484375,65.84375,0.9614543914794922,60.546875,10.83183479309082
12,100,8.75,01,3,144,58.859375,65.140625,0.9198451042175293,60.5625,10.588865280151367
12,100,8.75,01,3,145,59.203125,65.015625,0.9657992124557495,61.34375,11.3311185836792
12,100,8.75,01,3,146,58.1875,65.375,0.887198269367218,61.140625,10.75214672088623
12,100,8.75,01,3,147,57.109375,66.328125,0.9331242442131042,60.15625,10.72089672088623
12,100,8.75,01,3,148,56.9375,66.75,0.9540659785270691,61.265625,11.672719955444336
12,100,8.75,01,3,149,56.71875,67.703125,0.9361323118209839,61.0,11.470961570739746
12,100,8.75,01,3,150,56.109375,67.15625,0.9726357460021973,61.484375,12.078838348388672
12,100,8.75,01,3,151,57.28125,66.96875,1.0007003545761108,60.40625,11.024085998535156
12,100,8.75,01,3,152,55.984375,65.546875,0.9443433284759521,61.328125,11.396026611328125
12,100,8.75,01,3,153,56.671875,67.25,0.9653869271278381,61.71875,11.90742015838623
12,100,8.75,01,3,154,57.421875,66.640625,0.9854235649108887,60.65625,11.599932670593262
12,100,8.75,01,3,155,58.40625,66.5625,0.983478844165802,61.125,11.704425811767578
12,100,8.75,01,3,156,59.125,66.203125,0.9454190731048584,60.28125,10.75761604309082
12,100,8.75,01,3,157,57.640625,66.8125,0.9889127612113953,60.671875,11.597654342651367
12,100,8.75,01,3,158,57.625,64.5625,0.9571876525878906,61.203125,10.985219955444336
12,100,8.75,01,3,159,58.078125,66.078125,0.9348999261856079,61.671875,11.526105880737305
12,100,8.75,01,3,160,55.109375,66.515625,0.9116700887680054,61.203125,11.110937118530273
12,100,8.75,01,3,161,56.703125,66.703125,0.9829010963439941,60.578125,11.4531888961792
12,100,8.75,01,3,162,56.21875,65.890625,0.9643920063972473,61.6875,11.305206298828125
12,100,8.75,01,3,163,59.890625,65.828125,0.9860517978668213,60.609375,11.302863121032715
12,100,8.75,01,3,164,56.6875,66.828125,1.0185235738754272,60.875,12.249346733093262
12,100,8.75,01,3,165,58.125,67.03125,0.9531230330467224,60.5625,11.424737930297852
12,100,8.75,01,3,166,58.25,66.453125,1.0414000749588013,59.96875,11.524282455444336
12,100,8.75,01,3,167,58.578125,65.6875,0.9521600604057312,60.296875,10.649412155151367
12,100,8.75,01,3,168,57.171875,67.578125,0.9518568515777588,59.40625,10.884634017944336
12,100,8.75,01,3,169,58.484375,66.609375,0.9429914355278015,59.96875,10.991535186767578
12,100,8.75,01,3,170,56.53125,66.671875,0.9400637149810791,60.953125,11.321222305297852
12,100,8.75,01,3,171,57.375,67.828125,0.978706419467926,60.671875,11.975454330444336
12,100,8.75,01,3,172,57.484375,67.8125,0.9169595837593079,59.203125,10.86933422088623
12,100,8.75,01,3,173,57.046875,66.265625,0.9150568842887878,60.203125,10.6885404586792
12,100,8.75,01,3,174,57.5625,65.5,0.9471539855003357,60.796875,11.109699249267578
12,100,8.75,01,3,175,58.421875,64.546875,0.9897283911705017,60.6875,11.168228149414062
12,100,8.75,01,3,176,59.0,66.390625,0.9775021076202393,60.90625,11.455988883972168
12,100,8.75,01,3,177,58.46875,66.25,0.9760843515396118,60.46875,11.522394180297852
12,100,8.75,01,3,178,59.78125,67.578125,0.9525400996208191,59.515625,10.800193786621094
12,100,8.75,01,3,179,58.5625,66.203125,0.9386858940124512,60.53125,10.910154342651367
12,100,8.75,01,3,180,59.734375,66.90625,1.0260882377624512,60.03125,11.83541488647461
12,100,8.75,01,3,181,58.734375,65.59375,1.0115776062011719,60.6875,11.727602005004883
12,100,8.75,01,3,182,57.75,67.90625,1.0040454864501953,60.828125,11.814191818237305
12,100,8.75,01,3,183,59.65625,65.25,0.9190967679023743,60.671875,10.52167797088623
12,100,8.75,01,3,184,57.21875,66.09375,0.961846649646759,60.234375,10.804685592651367
12,100,8.75,01,3,185,56.0625,68.0,0.9079386591911316,61.265625,11.5635404586792
12,100,8.75,01,3,186,57.34375,67.671875,0.9403879046440125,60.75,11.458332061767578
12,100,8.75,01,3,187,59.796875,65.921875,1.0116814374923706,60.578125,11.6690092086792
12,100,8.75,01,3,188,58.734375,67.96875,0.968377947807312,60.828125,11.854815483093262
12,100,8.75,01,3,189,59.765625,67.0625,0.9422646760940552,60.765625,11.283071517944336
12,100,8.75,01,3,190,57.578125,66.921875,0.9620440602302551,60.5,10.88398265838623
12,100,8.75,01,3,191,56.359375,67.828125,0.9254528880119324,60.953125,11.237563133239746
12,100,8.75,01,3,192,58.046875,68.359375,0.9813066124916077,60.34375,11.532355308532715
12,100,8.75,01,3,193,59.015625,65.8125,0.9591165781021118,60.765625,10.41386604309082
12,100,8.75,01,3,194,58.421875,66.84375,0.9848865866661072,61.0,11.800909042358398
12,100,8.75,01,3,195,58.828125,66.3125,0.9707193374633789,61.046875,11.344398498535156
12,100,8.75,01,3,196,58.359375,65.078125,0.9579585790634155,61.25,11.448175430297852
12,100,8.75,01,3,197,54.921875,66.96875,0.9920766949653625,61.515625,12.02558422088623
12,100,8.75,01,3,198,58.84375,66.375,0.9915847778320312,60.90625,11.603124618530273
12,100,8.75,01,3,199,56.625,66.390625,0.9984573125839233,61.234375,11.302276611328125
12,100,8.75,01,3,200,56.15625,66.8125,0.9783151745796204,61.21875,11.768487930297852
12,100,8.75,01,3,201,58.265625,66.421875,0.9547944068908691,61.71875,11.788671493530273
12,100,8.75,01,3,202,55.125,67.21875,0.9626069664955139,60.515625,11.354491233825684
12,100,8.75,01,3,203,57.46875,67.25,0.917622983455658,61.90625,11.48788833618164
12,100,8.75,01,3,204,56.484375,67.578125,1.0074052810668945,60.921875,12.118163108825684
12,100,8.75,01,3,205,57.953125,67.265625,0.9644834995269775,61.1875,11.342901229858398
12,100,8.75,01,3,206,55.84375,66.640625,1.0314139127731323,60.515625,11.952733993530273
12,100,8.75,01,3,207,56.328125,66.078125,0.9299942851066589,60.8125,10.844008445739746
12,100,8.75,01,3,208,55.15625,65.484375,1.0915766954421997,60.53125,11.788995742797852
12,100,8.75,01,3,209,56.203125,66.921875,1.0099562406539917,60.984375,11.53756332397461
12,100,8.75,01,3,210,56.125,67.09375,0.9468720555305481,61.515625,12.13033676147461
12,100,8.75,01,3,211,55.0625,67.796875,0.958447277545929,62.0625,12.1611967086792
12,100,8.75,01,3,212,55.390625,65.703125,0.9773176312446594,61.6875,11.478124618530273
12,100,8.75,01,3,213,58.375,66.125,0.9458005428314209,60.875,11.2461576461792
12,100,8.75,01,3,214,56.890625,66.6875,0.9388542175292969,61.34375,11.17851448059082
12,100,8.75,01,3,215,56.5625,65.921875,0.9824743866920471,61.21875,11.499736785888672
12,100,8.75,01,3,216,57.265625,65.453125,0.9251194596290588,61.59375,10.794074058532715
12,100,8.75,01,3,217,56.0,64.625,0.9734548330307007,62.015625,11.955467224121094
12,100,8.75,01,3,218,55.609375,65.671875,0.9771413207054138,61.671875,11.448110580444336
12,100,8.75,01,3,219,56.390625,65.109375,0.9415491223335266,61.765625,11.114191055297852
12,100,8.75,01,3,220,55.921875,66.015625,0.9919100999832153,61.25,11.533853530883789
12,100,8.75,01,3,221,56.46875,65.3125,0.9601099491119385,61.6875,11.555663108825684
12,100,8.75,01,3,222,56.75,64.90625,0.9692987203598022,61.4375,10.9170560836792
12,100,8.75,01,3,223,54.1875,67.1875,0.9419920444488525,61.828125,11.80038833618164
12,100,8.75,01,3,224,55.15625,64.59375,1.014375925064087,61.953125,11.693618774414062
12,100,8.75,01,3,225,56.953125,64.5,0.9478192925453186,61.9375,11.1104154586792
12,100,8.75,01,3,226,54.90625,65.96875,0.9187957644462585,61.9375,11.076820373535156
12,100,8.75,01,3,227,54.828125,64.6875,0.9443381428718567,61.953125,11.644659996032715
12,100,8.75,01,3,228,55.75,65.984375,0.9552484154701233,61.984375,11.836718559265137
12,100,8.75,01,3,229,55.140625,67.046875,0.9468104243278503,61.734375,11.936325073242188
12,100,8.75,01,3,230,57.09375,65.75,0.9251778721809387,61.390625,11.3018217086792
12,100,8.75,01,3,231,55.890625,64.8125,0.9687048196792603,62.03125,11.438865661621094
12,100,8.75,01,3,232,55.5625,66.03125,0.9495764970779419,62.234375,11.783462524414062
12,100,8.75,01,3,233,55.609375,65.9375,0.9354499578475952,61.578125,11.3047513961792
12,100,8.75,01,3,234,56.796875,65.0,0.9300407767295837,61.5,10.970637321472168
12,100,8.75,01,3,235,54.84375,65.875,1.0097535848617554,62.28125,12.175649642944336
12,100,8.75,01,3,236,56.5625,67.515625,0.9290733337402344,61.765625,11.604034423828125
12,100,8.75,01,3,237,56.578125,65.578125,1.0044643878936768,61.359375,11.685805320739746
12,100,8.75,01,3,238,56.140625,67.328125,0.9886661171913147,61.71875,12.035090446472168
12,100,8.75,01,3,239,54.5,66.765625,0.953676164150238,61.875,12.040038108825684
12,100,8.75,01,3,240,56.0625,65.78125,0.9948934316635132,62.171875,12.00761604309082
12,100,8.75,01,3,241,56.484375,66.09375,0.9566335082054138,61.25,11.531183242797852
12,100,8.75,01,3,242,54.25,65.09375,0.9666877388954163,62.5,11.839777946472168
12,100,8.75,01,3,243,56.25,64.328125,0.9321995973587036,61.453125,10.8535795211792
12,100,8.75,01,3,244,55.109375,66.25,1.0141478776931763,62.09375,12.1377592086792
12,100,8.75,01,3,245,55.703125,66.15625,0.9740363955497742,61.71875,11.299933433532715
12,100,8.75,01,3,246,57.359375,64.296875,1.013076663017273,61.953125,11.637107849121094
12,100,8.75,01,3,247,54.71875,64.90625,0.9876899123191833,61.796875,11.597654342651367
12,100,8.75,01,3,248,54.109375,64.46875,0.9869287610054016,61.65625,11.17109203338623
12,100,8.75,01,3,249,55.828125,64.578125,1.0279866456985474,62.203125,11.827081680297852
12,100,8.75,01,3,250,56.828125,65.109375,0.9233322739601135,61.984375,11.095049858093262
12,100,8.75,01,3,251,54.71875,65.546875,0.959300696849823,62.34375,11.805076599121094
12,100,8.75,01,3,252,53.828125,64.6875,0.9609429836273193,61.671875,11.368292808532715
12,100,8.75,01,3,253,56.546875,64.296875,0.9993405938148499,61.53125,11.0703763961792
12,100,8.75,01,3,254,55.890625,65.25,0.9297528266906738,61.875,11.182745933532715
12,100,8.75,01,3,255,55.703125,65.828125,0.9754837155342102,60.28125,11.134763717651367
12,100,8.75,01,3,256,55.859375,67.328125,0.9930188059806824,62.078125,12.131637573242188
12,100,8.75,01,3,257,55.203125,65.03125,0.9945452213287354,61.859375,11.97636604309082
12,100,8.75,01,3,258,56.421875,63.53125,0.9510244131088257,61.1875,10.736262321472168
12,100,8.75,01,3,259,55.546875,66.1875,0.9499309062957764,61.84375,11.453514099121094
12,100,8.75,01,3,260,55.28125,65.5625,0.9358395934104919,61.75,11.144919395446777
12,100,8.75,01,3,261,56.078125,64.453125,1.004827857017517,62.421875,11.865882873535156
12,100,8.75,01,3,262,58.46875,64.25,0.9473738670349121,60.96875,10.821223258972168
12,100,8.75,01,3,263,55.109375,65.234375,0.9721496105194092,61.671875,11.39570140838623
12,100,8.75,01,3,264,55.5,64.8125,0.9797077775001526,61.171875,11.125518798828125
12,100,8.75,01,3,265,57.53125,64.328125,0.9353155493736267,61.546875,11.054816246032715
12,100,8.75,01,3,266,56.1875,65.921875,0.9675309062004089,61.78125,11.636260986328125
12,100,8.75,01,3,267,56.921875,64.828125,1.004184365272522,62.015625,11.9346342086792
12,100,8.75,01,3,268,54.0625,66.328125,0.9606823325157166,62.03125,11.9014310836792
12,100,8.75,01,3,269,54.34375,65.28125,0.9926260709762573,62.671875,12.12252426147461
12,100,8.75,01,3,270,55.9375,64.671875,1.018309235572815,62.5625,12.086782455444336
12,100,8.75,01,3,271,56.8125,64.875,1.019417405128479,61.46875,12.045049667358398
12,100,8.75,01,3,272,56.9375,62.921875,0.9304243922233582,61.984375,10.5186185836792
12,100,8.75,01,3,273,56.828125,63.75,0.990729808807373,62.28125,11.885024070739746
12,100,8.75,01,3,274,55.75,64.734375,1.0223705768585205,61.953125,12.00741958618164
12,100,8.75,01,3,275,56.90625,64.0,0.9852935075759888,61.125,10.962238311767578
12,100,8.75,01,3,276,54.734375,63.984375,0.9375216960906982,62.296875,11.1201810836792
12,100,8.75,01,3,277,55.609375,65.859375,0.959880530834198,62.0625,11.906508445739746
12,100,8.75,01,3,278,58.109375,62.4375,0.9968246817588806,61.46875,10.82597541809082
12,100,8.75,01,3,279,55.1875,64.359375,0.938251793384552,61.859375,11.071027755737305
12,100,8.75,01,3,280,54.875,63.421875,0.9639945030212402,61.609375,10.881182670593262
12,100,8.75,01,3,281,56.25,64.125,0.9691815972328186,61.8125,11.615232467651367
12,100,8.75,01,3,282,54.21875,62.96875,0.9696686863899231,61.78125,11.058332443237305
12,100,8.75,01,3,283,55.296875,65.03125,0.9180394411087036,62.015625,11.330076217651367
12,100,8.75,01,3,284,55.640625,63.359375,0.962130069732666,62.234375,11.465949058532715
12,100,8.75,01,3,285,55.15625,65.453125,0.9726310968399048,62.046875,11.387367248535156
12,100,8.75,01,3,286,56.296875,66.171875,0.9481082558631897,61.703125,11.468749046325684
12,100,8.75,01,3,287,56.578125,65.453125,0.9490582942962646,61.203125,10.99374771118164
12,100,8.75,01,3,288,54.53125,64.328125,0.9712230563163757,61.765625,11.295897483825684
12,100,8.75,01,3,289,54.796875,63.625,0.9838621020317078,61.78125,11.050127983093262
12,100,8.75,01,3,290,56.859375,65.828125,0.9484270811080933,61.46875,10.841339111328125
12,100,8.75,01,3,291,56.1875,65.828125,0.9412941336631775,62.015625,10.969594955444336
12,100,8.75,01,3,292,56.359375,66.015625,0.9070429801940918,61.15625,10.691080093383789
12,100,8.75,01,3,293,55.703125,63.34375,1.0172969102859497,61.6875,11.542510986328125
12,100,8.75,01,3,294,56.84375,63.59375,1.0354931354522705,61.171875,11.452146530151367
12,100,8.75,01,3,295,55.296875,64.71875,0.9832518100738525,61.25,11.174281120300293
12,100,8.75,01,3,296,53.25,65.75,0.9058675765991211,62.296875,11.336847305297852
12,100,8.75,01,3,297,55.59375,63.921875,0.9419358968734741,61.515625,10.778059005737305
12,100,8.75,01,3,298,55.75,65.90625,1.0000261068344116,61.953125,11.956965446472168
12,100,8.75,01,3,299,56.15625,65.109375,0.9929179549217224,61.953125,11.835741996765137
12,100,8.75,01,3,300,54.875,64.0625,1.0411263704299927,62.234375,12.018877983093262
12,100,8.75,01,3,301,55.765625,65.078125,0.9912126660346985,61.953125,11.974867820739746
12,100,8.75,01,3,302,55.96875,65.0625,1.03205144405365,61.84375,11.903254508972168
12,100,8.75,01,3,303,55.46875,64.65625,0.9635843634605408,62.5,11.803645133972168
12,100,8.75,01,3,304,55.703125,64.84375,0.983820378780365,62.109375,11.64107894897461
12,100,8.75,01,3,305,55.390625,62.75,0.9300336837768555,61.984375,10.86152172088623
12,100,8.75,01,3,306,55.890625,64.21875,0.9360540509223938,62.328125,10.786001205444336
12,100,8.75,01,3,307,53.578125,64.03125,1.0118005275726318,62.421875,11.94980239868164
12,100,8.75,01,3,308,54.203125,64.5,1.0209429264068604,62.109375,11.575780868530273
12,100,8.75,01,3,309,55.265625,64.3125,0.9430264830589294,61.328125,10.568293571472168
12,100,8.75,01,3,310,52.390625,65.109375,1.029268741607666,62.25,11.86373519897461
12,100,8.75,01,3,311,53.984375,64.4375,1.0245628356933594,62.078125,11.34713363647461
12,100,8.75,01,3,312,52.265625,64.078125,0.9234167337417603,62.578125,11.187368392944336
12,100,8.75,01,3,313,55.625,63.65625,0.9373756051063538,61.734375,10.68111801147461
12,100,8.75,01,3,314,52.625,61.875,0.9361348152160645,62.28125,10.27519416809082
12,100,8.75,01,3,315,55.21875,62.484375,0.9953342080116272,61.875,11.141210556030273
12,100,8.75,01,3,316,56.046875,63.015625,0.9015330672264099,61.28125,10.473175048828125
12,100,8.75,01,3,317,55.46875,63.515625,1.0085986852645874,61.421875,11.44706916809082
12,100,8.75,01,3,318,53.96875,63.796875,0.9723653793334961,62.140625,11.144789695739746
12,100,8.75,01,3,319,55.453125,63.828125,0.9057168960571289,61.46875,10.140753746032715
12,100,8.75,01,3,320,56.421875,63.453125,0.9443643689155579,61.140625,10.434309005737305
12,100,8.75,01,3,321,53.25,64.0625,0.964471161365509,61.734375,10.999608993530273
12,100,8.75,01,3,322,54.109375,63.59375,0.9616404175758362,62.078125,10.99101448059082
12,100,8.75,01,3,323,53.984375,62.34375,0.9545881748199463,61.984375,10.900779724121094
12,100,8.75,01,3,324,53.859375,62.3125,0.8962942361831665,61.421875,10.391599655151367
12,100,8.75,01,3,325,52.390625,63.328125,0.9621283411979675,61.8125,10.982680320739746
12,100,8.75,01,3,326,55.203125,63.0625,0.9272547960281372,62.484375,11.26510238647461
12,100,8.75,01,3,327,53.21875,64.453125,0.9927917718887329,62.5,11.825714111328125
12,100,8.75,01,3,328,55.640625,63.875,0.9819181561470032,61.890625,11.559959411621094
12,100,8.75,01,3,329,53.65625,62.8125,1.0080766677856445,62.265625,11.408592224121094
12,100,8.75,01,3,330,54.015625,63.3125,0.9832717180252075,62.15625,11.61640453338623
12,100,8.75,01,3,331,55.625,63.59375,0.9907094240188599,61.984375,11.44159984588623
12,100,8.75,01,3,332,54.421875,63.6875,0.9280729293823242,62.046875,10.72128677368164
12,100,8.75,01,3,333,53.6875,63.65625,0.9685835242271423,62.140625,11.096092224121094
12,100,8.75,01,3,334,53.828125,63.296875,0.9945160746574402,62.90625,11.791274070739746
12,100,8.75,01,3,335,52.796875,63.78125,0.9552246928215027,62.5625,11.537824630737305
12,100,8.75,01,3,336,54.484375,61.03125,0.9530363082885742,62.03125,10.611455917358398
12,100,8.75,01,3,337,52.71875,62.421875,0.9514278173446655,62.46875,11.0850248336792
12,100,8.75,01,3,338,54.640625,62.203125,0.937015950679779,62.96875,11.006574630737305
12,100,8.75,01,3,339,52.921875,62.59375,0.9584349393844604,63.515625,11.139060974121094
12,100,8.75,01,3,340,55.171875,63.609375,1.0093626976013184,61.921875,11.345115661621094
12,100,8.75,01,3,341,54.796875,64.59375,0.980464518070221,61.59375,10.92245864868164
12,100,8.75,01,3,342,54.96875,64.78125,0.9421679377555847,62.171875,11.014387130737305
12,100,8.75,01,3,343,53.3125,64.625,0.9541738629341125,61.734375,11.17890453338623
12,100,8.75,01,3,344,52.828125,64.796875,0.9954438209533691,62.46875,11.954554557800293
12,100,8.75,01,3,345,53.953125,65.375,0.9471681714057922,62.265625,11.282615661621094
12,100,8.75,01,3,346,54.671875,63.03125,0.9264211058616638,62.65625,10.525649070739746
12,100,8.75,01,3,347,55.1875,62.015625,0.937043309211731,62.5,10.921287536621094
12,100,8.75,01,3,348,54.296875,63.796875,0.9751318097114563,62.515625,11.512042045593262
12,100,8.75,01,3,349,55.375,62.46875,0.9799911975860596,62.421875,11.236717224121094
12,100,8.75,01,3,350,54.484375,64.78125,0.9673634767532349,62.375,11.585479736328125
12,100,8.75,01,3,351,55.203125,62.03125,0.9628962278366089,61.71875,10.156639099121094
12,100,8.75,01,3,352,53.15625,64.296875,0.9632877111434937,62.734375,11.564712524414062
12,100,8.75,01,3,353,54.875,64.078125,1.010915994644165,62.0625,11.83424186706543
12,100,8.75,01,3,354,52.734375,63.75,1.020898461341858,63.421875,12.22284984588623
12,100,8.75,01,3,355,53.3125,64.375,0.9433455467224121,62.03125,11.140167236328125
12,100,8.75,01,3,356,51.890625,63.171875,1.0231267213821411,63.0625,12.0078763961792
12,100,8.75,01,3,357,53.734375,64.859375,1.0747649669647217,62.15625,12.18671703338623
12,100,8.75,01,3,358,53.171875,64.71875,0.9536245465278625,62.390625,11.611846923828125
12,100,8.75,01,3,359,54.640625,65.453125,0.9589218497276306,61.8125,11.536781311035156
12,100,8.75,01,3,360,56.84375,64.46875,1.0208512544631958,62.578125,11.9258451461792
12,100,8.75,01,3,361,54.65625,64.65625,1.010520100593567,62.65625,12.185675621032715
12,100,8.75,01,3,362,55.421875,65.8125,0.961725652217865,62.09375,12.092252731323242
12,100,8.75,01,3,363,54.03125,65.78125,1.0118721723556519,61.578125,11.999868392944336
12,100,8.75,01,3,364,53.328125,65.421875,0.9571873545646667,61.671875,11.375585556030273
12,100,8.75,01,3,365,53.71875,64.609375,0.946852445602417,62.171875,11.559959411621094
12,100,8.75,01,3,366,54.578125,65.125,0.9555169939994812,62.0,11.467382431030273
12,100,8.75,01,3,367,53.828125,65.5,0.9289581179618835,61.84375,10.817187309265137
12,100,8.75,01,3,368,55.09375,64.484375,0.8852049708366394,62.609375,10.69283676147461
12,100,8.75,01,3,369,54.1875,63.84375,0.9357931613922119,61.796875,10.593097686767578
12,100,8.75,01,3,370,55.84375,64.125,0.9670527577400208,62.53125,11.789581298828125
12,100,8.75,01,3,371,53.3125,65.0625,1.0139005184173584,62.625,11.989973068237305
12,100,8.75,01,3,372,53.875,66.234375,0.9694597721099854,62.484375,11.935935974121094
12,100,8.75,01,3,373,56.46875,63.703125,1.0090248584747314,62.3125,11.686782836914062
12,100,8.75,01,3,374,53.328125,64.828125,0.9901309013366699,63.453125,12.230857849121094
12,100,8.75,01,3,375,54.015625,63.46875,0.9625424146652222,62.59375,11.186262130737305
12,100,8.75,01,3,376,53.453125,65.640625,0.9242346882820129,61.953125,11.63717269897461
12,100,8.75,01,3,377,54.109375,65.359375,0.9603993892669678,62.859375,11.953058242797852
12,100,8.75,01,3,378,55.953125,63.203125,0.9475950598716736,63.0625,10.821287155151367
12,100,8.75,01,3,379,52.875,65.375,0.9644588232040405,63.34375,12.179816246032715
12,100,8.75,01,3,380,54.65625,65.375,0.9987924695014954,62.015625,11.985480308532715
12,100,8.75,01,3,381,53.890625,65.046875,0.9258810877799988,62.484375,11.181638717651367
12,100,8.75,01,3,382,55.8125,65.5625,0.9880057573318481,62.0625,11.57343578338623
12,100,8.75,01,3,383,54.359375,64.203125,0.9707536101341248,62.671875,11.822134971618652
12,100,8.75,01,3,384,53.78125,66.5625,0.9728295207023621,62.640625,12.223762512207031
12,100,8.75,01,3,385,53.5,65.28125,0.9349475502967834,62.921875,12.145896911621094
12,100,8.75,01,3,386,55.265625,63.703125,0.9456822872161865,63.0625,11.486846923828125
12,100,8.75,01,3,387,54.46875,63.546875,1.005517840385437,62.4375,11.78242015838623
12,100,8.75,01,3,388,53.5,66.21875,0.919104278087616,62.203125,11.513540267944336
12,100,8.75,01,3,389,56.140625,63.3125,1.0143790245056152,62.78125,11.691991806030273
12,100,8.75,01,3,390,52.5625,66.875,0.9372866749763489,62.65625,11.953773498535156
12,100,8.75,01,3,391,54.203125,67.0625,0.9682446718215942,62.65625,12.02779769897461
12,100,8.75,01,3,392,55.6875,66.15625,0.9880298376083374,61.78125,12.055792808532715
12,100,8.75,01,3,393,54.265625,65.609375,0.9412890076637268,62.859375,12.0723295211792
12,100,8.75,01,3,394,54.921875,66.8125,1.0030884742736816,61.90625,12.22773265838623
12,100,8.75,01,3,395,55.859375,65.21875,0.9357340335845947,61.59375,11.224738121032715
12,100,8.75,01,3,396,53.9375,66.21875,0.9340603947639465,63.25,12.14205551147461
12,100,8.75,01,3,397,54.8125,65.5,0.9948197603225708,62.734375,12.029685974121094
12,100,8.75,01,3,398,53.796875,64.546875,1.016816258430481,63.078125,12.302081108093262
12,100,8.75,01,3,399,53.671875,66.875,0.961035966873169,62.46875,12.140167236328125
12,100,8.75,01,3,400,54.71875,65.84375,0.9907196164131165,62.046875,11.748891830444336
12,100,8.75,01,3,401,54.703125,64.65625,0.9458929300308228,62.453125,11.402992248535156
12,100,8.75,01,3,402,55.1875,66.0,0.9744790196418762,62.65625,12.376821517944336
12,100,8.75,01,3,403,52.484375,66.265625,0.9909716248512268,63.140625,12.1094388961792
12,100,8.75,01,3,404,53.484375,66.25,0.9676533937454224,62.09375,11.693227767944336
12,100,8.75,01,3,405,53.375,65.046875,0.9891437292098999,62.765625,12.155402183532715
12,100,8.75,01,3,406,53.1875,65.078125,1.0014207363128662,62.75,12.053319931030273
12,100,8.75,01,3,407,52.296875,66.40625,0.9821172952651978,62.84375,12.706314086914062
12,100,8.75,01,3,408,53.984375,65.671875,0.9998457431793213,63.015625,12.261587142944336
12,100,8.75,01,3,409,53.375,64.8125,0.9516938328742981,62.578125,11.537954330444336
12,100,8.75,01,3,410,52.515625,66.203125,0.8925570249557495,63.046875,11.256704330444336
12,100,8.75,01,3,411,54.5625,64.921875,1.011670708656311,62.671875,11.927343368530273
12,100,8.75,01,3,412,53.3125,66.0625,0.9559774398803711,63.25,12.751562118530273
12,100,8.75,01,3,413,55.125,63.4375,1.0213696956634521,62.8125,12.03984260559082
12,100,8.75,01,3,414,52.921875,66.109375,0.9709806442260742,63.0,12.116534233093262
12,100,8.75,01,3,415,52.34375,67.0,0.9544660449028015,63.15625,12.09518051147461
12,100,8.75,01,3,416,53.28125,64.953125,0.9801403284072876,63.015625,11.636848449707031
12,100,8.75,01,3,417,54.34375,65.78125,0.9915129542350769,63.40625,12.45553207397461
12,100,8.75,01,3,418,53.28125,66.203125,0.9637721180915833,62.953125,11.955012321472168
12,100,8.75,01,3,419,51.8125,68.109375,0.9564741253852844,62.328125,12.067510604858398
12,100,8.75,01,3,420,53.671875,65.796875,0.988934338092804,62.65625,11.954620361328125
12,100,8.75,01,3,421,53.46875,67.546875,0.941653311252594,62.53125,11.95136547088623
12,100,8.75,01,3,422,53.78125,64.0,0.9541937112808228,63.046875,11.4815092086792
12,100,8.75,01,3,423,53.625,64.453125,0.9650406241416931,63.0,11.637499809265137
12,100,8.75,01,3,424,54.640625,65.828125,0.9392397403717041,62.34375,11.453840255737305
12,100,8.75,01,3,425,52.984375,68.171875,0.9304512143135071,62.40625,12.076301574707031
12,100,8.75,01,3,426,54.078125,65.96875,0.994143009185791,62.15625,12.184504508972168
12,100,8.75,01,3,427,53.4375,67.125,0.9850975871086121,62.171875,12.531965255737305
12,100,8.75,01,3,428,54.203125,65.4375,0.999810516834259,61.765625,11.824152946472168
12,100,8.75,01,3,429,52.9375,67.171875,0.9755561947822571,61.671875,12.443748474121094
12,100,8.75,01,3,430,54.765625,65.234375,0.9555259346961975,62.984375,11.839841842651367
12,100,8.75,01,3,431,52.625,65.734375,0.956965446472168,63.953125,12.752276420593262
12,100,8.75,01,3,432,53.9375,64.890625,1.0115094184875488,62.6875,11.876626968383789
12,100,8.75,01,3,433,53.546875,66.453125,1.0387520790100098,63.0,13.03925609588623
12,100,8.75,01,3,434,52.390625,64.671875,0.9663577675819397,63.171875,12.042250633239746
12,100,8.75,01,3,435,51.5625,65.59375,0.9572350382804871,63.375,12.0147123336792
12,100,8.75,01,3,436,53.59375,66.984375,0.9763227105140686,62.265625,12.020831108093262
12,100,8.75,01,3,437,52.078125,65.859375,1.0137090682983398,62.484375,12.286067008972168
12,100,8.75,01,3,438,51.875,65.875,0.9479221105575562,63.0,11.874673843383789
12,100,8.75,01,3,439,53.03125,65.25,0.9599456787109375,63.890625,12.039581298828125
12,100,8.75,01,3,440,53.640625,66.953125,0.9359736442565918,63.28125,12.3740873336792
12,100,8.75,01,3,441,52.734375,66.015625,0.9764761924743652,62.921875,11.919073104858398
12,100,8.75,01,3,442,52.453125,64.9375,0.9919228553771973,62.890625,11.879165649414062
12,100,8.75,01,3,443,53.0,66.65625,0.9184860587120056,63.6875,11.793421745300293
12,100,8.75,01,3,444,53.390625,65.9375,0.9287495017051697,63.28125,12.058202743530273
12,100,8.75,01,3,445,55.0625,63.640625,0.9508543610572815,62.6875,11.110740661621094
12,100,8.75,01,3,446,54.828125,65.859375,0.9528821110725403,62.8125,12.078448295593262
12,100,8.75,01,3,447,53.453125,64.96875,0.9881904721260071,63.578125,12.292707443237305
12,100,8.75,01,3,448,54.015625,64.59375,0.9379090666770935,63.4375,11.401039123535156
12,100,8.75,01,3,449,52.0625,65.859375,1.009630560874939,63.1875,12.203969955444336
12,100,8.75,01,3,450,54.0,65.984375,0.9287684559822083,62.078125,11.6709623336792
12,100,8.75,01,3,451,52.921875,64.984375,1.0273268222808838,62.5,11.904685974121094
12,100,8.75,01,3,452,52.25,64.484375,1.0002068281173706,63.453125,12.245440483093262
12,100,8.75,01,3,453,53.375,66.046875,1.0541801452636719,62.71875,12.407876968383789
12,100,8.75,01,3,454,53.90625,65.328125,0.9496273398399353,62.75,11.819074630737305
12,100,8.75,01,3,455,52.5625,65.84375,0.9666925668716431,63.515625,12.3350248336792
12,100,8.75,01,3,456,52.578125,65.84375,0.9571588039398193,63.671875,11.903059005737305
12,100,8.75,01,3,457,52.09375,65.25,0.9788484573364258,63.875,12.465818405151367
12,100,8.75,01,3,458,54.5625,66.703125,0.9035485982894897,63.078125,11.42929458618164
12,100,8.75,01,3,459,52.96875,66.59375,0.965212345123291,63.390625,12.117055892944336
12,100,8.75,01,3,460,52.71875,67.3125,1.0170522928237915,63.015625,12.822134017944336
12,100,8.75,01,3,461,54.328125,66.859375,1.008915901184082,63.015625,12.477992057800293
12,100,8.75,01,3,462,53.890625,66.734375,0.9894618391990662,62.375,11.99726390838623
12,100,8.75,01,3,463,52.671875,65.984375,0.9394263625144958,63.265625,11.65546703338623
12,100,8.75,01,3,464,53.96875,65.390625,0.9336549043655396,63.34375,11.822980880737305
12,100,8.75,01,3,465,50.59375,68.1875,0.9605574607849121,63.34375,12.8408842086792
12,100,8.75,01,3,466,54.5,66.609375,1.0072991847991943,62.609375,12.034568786621094
12,100,8.75,01,3,467,52.5,66.734375,0.9614834189414978,62.9375,11.922590255737305
12,100,8.75,01,3,468,54.1875,65.8125,0.983919620513916,63.46875,11.80025863647461
12,100,8.75,01,3,469,53.21875,68.28125,0.9960665106773376,62.578125,12.680532455444336
12,100,8.75,01,3,470,53.234375,66.390625,0.9785783886909485,63.640625,12.313409805297852
12,100,8.75,01,3,471,53.84375,67.1875,0.9474677443504333,63.4375,11.956769943237305
12,100,8.75,01,3,472,53.828125,65.34375,1.0207276344299316,62.0625,11.40937328338623
12,100,8.75,01,3,473,53.6875,66.0625,1.0078136920928955,63.75,12.541926383972168
12,100,8.75,01,3,474,52.296875,67.15625,0.9813644886016846,63.78125,12.673304557800293
12,100,8.75,01,3,475,52.78125,65.546875,0.9807001948356628,63.640625,12.6328763961792
12,100,8.75,01,3,476,53.25,67.25,1.0162009000778198,63.21875,12.75806999206543
12,100,8.75,01,3,477,52.875,65.453125,0.9852311611175537,64.5625,12.700910568237305
12,100,8.75,01,3,478,53.0625,65.296875,0.9502699971199036,63.203125,11.941274642944336
12,100,8.75,01,3,479,51.296875,66.328125,0.946449339389801,64.171875,12.481964111328125
12,100,8.75,01,3,480,53.625,63.984375,0.9565334916114807,63.296875,11.820768356323242
12,100,8.75,01,3,481,52.921875,67.5625,0.9907472133636475,63.265625,12.856964111328125
12,100,8.75,01,3,482,53.09375,65.09375,0.9519136548042297,63.328125,11.809504508972168
12,100,8.75,01,3,483,50.375,65.828125,0.9892750382423401,63.984375,12.700780868530273
12,100,8.75,01,3,484,53.609375,65.609375,1.011249303817749,63.703125,12.49947738647461
12,100,8.75,01,3,485,53.875,65.390625,1.0194100141525269,63.015625,12.4434232711792
12,100,8.75,01,3,486,51.6875,67.09375,1.005423903465271,63.78125,12.598630905151367
12,100,8.75,01,3,487,51.0625,64.796875,0.9802932739257812,64.234375,12.2412748336792
12,100,8.75,01,3,488,51.015625,65.96875,0.9662598371505737,63.484375,11.917902946472168
12,100,8.75,01,3,489,53.3125,66.078125,0.9387848377227783,62.71875,11.854426383972168
12,100,8.75,01,3,490,52.96875,65.078125,0.9953954219818115,63.734375,12.551104545593262
12,100,8.75,01,3,491,51.15625,65.0,0.9228447675704956,63.40625,11.545572280883789
12,100,8.75,01,3,492,50.84375,65.546875,0.9252496361732483,64.234375,11.644203186035156
12,100,8.75,01,3,493,52.828125,65.15625,0.9809536933898926,63.046875,12.230010986328125
12,100,8.75,01,3,494,50.859375,65.796875,0.9438554644584656,63.640625,12.349348068237305
12,100,8.75,01,3,495,52.578125,66.203125,0.9928314089775085,64.125,12.604555130004883
12,100,8.75,01,3,496,54.046875,65.4375,0.9201700687408447,63.609375,11.554555892944336
12,100,8.75,01,3,497,52.96875,65.890625,0.9589263796806335,63.859375,11.941730499267578
12,100,8.75,01,3,498,52.859375,65.8125,0.9427077174186707,63.484375,12.216926574707031
12,100,8.75,01,3,499,52.015625,67.546875,0.9568940997123718,63.1875,12.70846176147461
12,100,8.75,01,3,500,52.515625,66.546875,1.0339949131011963,63.796875,12.91679573059082
12,100,8.75,01,3,501,52.28125,66.125,0.9833551049232483,63.3125,12.069984436035156
12,100,8.75,01,3,502,52.625,66.96875,0.9604842066764832,63.796875,12.43209457397461
12,100,8.75,01,3,503,52.515625,65.421875,0.9916509389877319,63.703125,12.227863311767578
12,100,8.75,01,3,504,52.828125,64.984375,0.9366846680641174,63.453125,11.510870933532715
12,100,8.75,01,3,505,51.546875,65.421875,1.0134931802749634,63.921875,12.147588729858398
12,100,8.75,01,3,506,51.671875,66.625,0.9705899953842163,63.671875,12.22896957397461
12,100,8.75,01,3,507,51.78125,65.5,0.9370461702346802,63.328125,11.30449104309082
12,100,8.75,01,3,508,52.109375,65.59375,0.933100163936615,63.375,11.373825073242188
12,100,8.75,01,3,509,50.0625,64.046875,0.9944612383842468,63.984375,12.120765686035156
12,100,8.75,01,3,510,49.984375,66.828125,0.9937490224838257,63.28125,12.521873474121094
12,100,8.75,01,3,511,52.53125,65.0625,0.9484745264053345,63.296875,11.454424858093262
12,100,8.75,01,3,512,51.9375,64.984375,0.9423913359642029,63.546875,11.669856071472168
12,100,8.75,01,3,513,53.328125,65.5,0.983245849609375,62.8125,11.82955551147461
12,100,8.75,01,3,514,53.703125,65.53125,0.980165421962738,63.46875,12.029165267944336
12,100,8.75,01,3,515,51.21875,67.734375,0.98661208152771,63.375,13.024932861328125
12,100,8.75,01,3,516,53.078125,64.71875,0.9775695204734802,64.390625,12.095115661621094
12,100,8.75,01,3,517,52.90625,64.625,1.002095103263855,62.984375,12.584569931030273
12,100,8.75,01,3,518,51.734375,65.109375,1.0430015325546265,64.046875,12.932615280151367
12,100,8.75,01,3,519,52.375,64.234375,1.0612585544586182,64.015625,12.503448486328125
12,100,8.75,01,3,520,51.09375,65.25,1.0001256465911865,64.578125,12.705401420593262
12,100,8.75,01,3,521,53.640625,65.046875,0.9786770939826965,63.609375,12.149737358093262
12,100,8.75,01,3,522,53.046875,64.015625,0.9681512117385864,63.015625,11.649152755737305
12,100,8.75,01,3,523,51.25,65.53125,0.9277374744415283,65.15625,12.323760986328125
12,100,8.75,01,3,524,52.03125,65.0625,0.9508475065231323,63.46875,11.891599655151367
12,100,8.75,01,3,525,51.625,65.75,1.010604739189148,63.984375,12.353513717651367
12,100,8.75,01,3,526,52.078125,65.453125,0.9607346653938293,63.640625,12.09335708618164
12,100,8.75,01,3,527,51.984375,65.28125,0.9927495121955872,63.625,12.022850036621094
12,100,8.75,01,3,528,52.0625,65.40625,1.0096229314804077,63.8125,12.420374870300293
12,100,8.75,01,3,529,53.046875,66.859375,1.0013301372528076,63.265625,12.313409805297852
12,100,8.75,01,3,530,51.078125,65.78125,0.9923691749572754,63.578125,12.517057418823242
12,100,8.75,01,3,531,53.078125,67.046875,0.9375497698783875,63.78125,12.119073867797852
12,100,8.75,01,3,532,51.578125,66.859375,0.9624849557876587,63.328125,12.242640495300293
12,100,8.75,01,3,533,51.546875,65.96875,0.979498565196991,64.140625,12.52486801147461
12,100,8.75,01,3,534,52.828125,67.34375,0.9261731505393982,63.90625,12.2793607711792
12,100,8.75,01,3,535,52.0625,68.171875,0.9881468415260315,63.59375,12.294726371765137
12,100,8.75,01,3,536,51.859375,66.390625,0.9976527690887451,64.375,12.495245933532715
12,100,8.75,01,3,537,52.359375,64.53125,0.9708502292633057,64.21875,11.757551193237305
12,100,8.75,01,3,538,51.078125,67.046875,1.0203038454055786,63.3125,12.811262130737305
12,100,8.75,01,3,539,50.75,65.5,1.0085989236831665,63.0625,11.820245742797852
12,100,8.75,01,3,540,51.375,66.890625,0.9934760332107544,64.359375,12.999281883239746
12,100,8.75,01,3,541,52.140625,66.0,1.0201537609100342,63.890625,12.64765453338623
12,100,8.75,01,3,542,51.84375,67.578125,1.034159541130066,63.9375,13.20943832397461
12,100,8.75,01,3,543,52.640625,64.296875,1.009294867515564,64.0,12.297198295593262
12,100,8.75,01,3,544,50.578125,65.96875,0.9936144351959229,65.046875,12.869855880737305
12,100,8.75,01,3,545,49.59375,66.09375,0.9795206785202026,64.625,12.924738883972168
12,100,8.75,01,3,546,51.484375,64.640625,1.0068838596343994,64.46875,12.517446517944336
12,100,8.75,01,3,547,48.9375,66.3125,0.9909648895263672,64.703125,13.120962142944336
12,100,8.75,01,3,548,49.71875,65.171875,0.9979283213615417,64.9375,12.777472496032715
12,100,8.75,01,3,549,52.1875,65.375,0.9616390466690063,64.171875,11.861262321472168
12,100,8.75,01,3,550,50.859375,64.609375,1.013953447341919,64.0625,11.936781883239746
12,100,8.75,01,3,551,51.1875,66.078125,0.9712362885475159,64.375,12.596156120300293
12,100,8.75,01,3,552,50.640625,66.21875,0.9584410786628723,64.265625,12.007094383239746
12,100,8.75,01,3,553,51.6875,65.796875,0.9458215236663818,64.359375,12.172523498535156
12,100,8.75,01,3,554,50.59375,65.375,1.0183597803115845,64.453125,12.61191177368164
12,100,8.75,01,3,555,51.265625,66.6875,1.0119085311889648,64.171875,12.938474655151367
12,100,8.75,01,3,556,53.125,66.453125,0.9398985505104065,63.90625,11.750128746032715
12,100,8.75,01,3,557,52.890625,64.921875,0.9668950438499451,64.96875,12.280792236328125
12,100,8.75,01,3,558,51.328125,66.515625,0.9505393505096436,64.03125,12.083006858825684
12,100,8.75,01,3,559,51.9375,67.953125,1.025261402130127,64.359375,13.269854545593262
12,100,8.75,01,3,560,52.265625,65.828125,0.9358111619949341,63.734375,11.81783676147461
12,100,8.75,01,3,561,51.375,67.15625,0.9640710949897766,64.140625,12.463995933532715
12,100,8.75,01,3,562,51.84375,66.984375,0.9834614396095276,63.765625,12.468162536621094
12,100,8.75,01,3,563,53.875,66.25,1.0016125440597534,64.359375,12.811195373535156
12,100,8.75,01,3,564,51.21875,66.046875,0.9428650736808777,64.421875,11.98580551147461
12,100,8.75,01,3,565,52.578125,65.375,0.9414106607437134,63.875,11.841468811035156
12,100,8.75,01,3,566,50.96875,67.453125,0.9902504086494446,64.265625,12.805465698242188
12,100,8.75,01,3,567,50.203125,67.75,0.9908053874969482,64.921875,13.264777183532715
12,100,8.75,01,3,568,50.796875,68.015625,1.0089086294174194,64.609375,13.35956859588623
12,100,8.75,01,3,569,50.9375,66.796875,1.0103442668914795,64.28125,12.77792739868164
12,100,8.75,01,3,570,51.71875,66.03125,1.035926342010498,64.546875,12.946807861328125
12,100,8.75,01,3,571,51.984375,66.1875,0.9714665412902832,64.421875,12.512367248535156
12,100,8.75,01,3,572,52.5625,67.265625,1.027326226234436,64.0,12.904035568237305
12,100,8.75,01,3,573,52.109375,65.953125,0.9307326078414917,63.875,12.033918380737305
12,100,8.75,01,3,574,50.796875,66.109375,0.9502782821655273,64.015625,12.051496505737305
12,100,8.75,01,3,575,51.265625,65.125,0.9499281644821167,64.359375,11.974738121032715
12,100,8.75,01,3,576,51.84375,66.609375,0.9930282235145569,64.609375,12.75859260559082
12,100,8.75,01,3,577,51.015625,66.640625,1.01434326171875,64.140625,12.182029724121094
12,100,8.75,01,3,578,52.171875,65.8125,1.0180697441101074,64.75,13.302668571472168
12,100,8.75,01,3,579,52.046875,65.28125,1.0570785999298096,64.578125,12.610937118530273
12,100,8.75,01,3,580,51.640625,67.09375,0.9811518788337708,64.859375,13.225715637207031
12,100,8.75,01,3,581,50.265625,66.203125,1.0369433164596558,64.59375,13.04179573059082
12,100,8.75,01,3,582,50.765625,66.171875,1.0036954879760742,65.0625,12.765558242797852
12,100,8.75,01,3,583,50.59375,65.5,0.9363123178482056,64.84375,11.989646911621094
12,100,8.75,01,3,584,51.546875,65.640625,1.0285061597824097,64.78125,12.713995933532715
12,100,8.75,01,3,585,50.25,66.3125,0.9997134804725647,64.734375,12.89999771118164
12,100,8.75,01,3,586,51.859375,67.921875,0.9824180603027344,63.421875,12.42695140838623
12,100,8.75,01,3,587,51.96875,64.921875,1.020013451576233,64.71875,13.09726333618164
12,100,8.75,01,3,588,50.296875,66.234375,0.9798946380615234,64.796875,12.8789701461792
12,100,8.75,01,3,589,51.65625,64.75,1.0509158372879028,65.421875,13.42831802368164
12,100,8.75,01,3,590,49.78125,64.671875,1.0410877466201782,65.15625,13.207354545593262
12,100,8.75,01,3,591,50.453125,66.796875,0.9984912872314453,64.65625,12.625585556030273
12,100,8.75,01,3,592,50.265625,65.78125,1.0541658401489258,64.875,13.494726181030273
12,100,8.75,01,3,593,50.09375,67.1875,0.9866452813148499,64.890625,13.770442008972168
12,100,8.75,01,3,594,49.203125,68.15625,0.9699563384056091,64.453125,12.37936019897461
12,100,8.75,01,3,595,49.890625,67.59375,1.0035334825515747,64.625,12.791666030883789
12,100,8.75,01,3,596,50.640625,66.25,1.0403653383255005,65.09375,13.498956680297852
12,100,8.75,01,3,597,48.390625,65.8125,1.0458660125732422,64.5,13.23189926147461
12,100,8.75,01,3,598,53.03125,64.984375,0.995983898639679,64.96875,12.885610580444336
12,100,8.75,01,3,599,50.21875,67.734375,1.0425236225128174,63.6875,13.033330917358398
12,100,8.75,01,3,600,49.90625,67.703125,1.040158748626709,64.859375,13.843162536621094
12,100,8.75,01,3,601,50.109375,67.890625,0.9598454833030701,64.171875,12.752928733825684
12,100,8.75,01,3,602,50.046875,67.984375,1.038683295249939,64.75,13.44674301147461
12,100,8.75,01,3,603,51.921875,66.4375,1.0053528547286987,65.015625,13.126235008239746
12,100,8.75,01,3,604,50.859375,68.921875,0.9989815950393677,64.328125,13.365362167358398
12,100,8.75,01,3,605,51.328125,66.140625,0.9621621966362,64.984375,12.781898498535156
12,100,8.75,01,3,606,51.0625,66.125,0.9674826860427856,64.6875,12.716143608093262
12,100,8.75,01,3,607,51.28125,67.0,0.9409221410751343,65.171875,12.930075645446777
12,100,8.75,01,3,608,49.0625,67.921875,1.0235896110534668,64.984375,13.765296936035156
12,100,8.75,01,3,609,51.0,69.0625,1.0306260585784912,64.609375,14.208460807800293
12,100,8.75,01,3,610,51.734375,67.078125,1.0262141227722168,65.5625,14.186912536621094
12,100,8.75,01,3,611,51.4375,67.34375,1.0021532773971558,64.78125,13.075193405151367
12,100,8.75,01,3,612,51.53125,66.84375,0.9519382119178772,64.53125,12.401041030883789
12,100,8.75,01,3,613,50.765625,67.09375,1.0277862548828125,64.984375,13.305402755737305
12,100,8.75,01,3,614,50.203125,68.4375,1.0341075658798218,63.8125,13.369269371032715
12,100,8.75,01,3,615,51.140625,67.46875,0.9649947285652161,64.609375,13.202277183532715
12,100,8.75,01,3,616,52.65625,68.65625,0.9870250821113586,64.953125,13.623565673828125
12,100,8.75,01,3,617,49.953125,68.09375,1.0600807666778564,64.96875,14.427992820739746
12,100,8.75,01,3,618,51.046875,67.59375,0.9735784530639648,64.5625,13.062368392944336
12,100,8.75,01,3,619,49.640625,67.953125,1.006392002105713,65.21875,13.63619613647461
12,100,8.75,01,3,620,50.0,67.59375,1.0299798250198364,65.1875,14.01542854309082
12,100,8.75,01,3,621,49.453125,68.765625,1.0326107740402222,64.109375,13.001951217651367
12,100,8.75,01,3,622,51.03125,66.59375,0.978996753692627,64.640625,12.54257583618164
12,100,8.75,01,3,623,49.296875,66.546875,0.9650785326957703,65.015625,12.8154935836792
12,100,8.75,01,3,624,49.390625,68.859375,0.9937268495559692,65.4375,13.357940673828125
12,100,8.75,01,3,625,50.625,66.65625,0.9814847111701965,64.921875,13.068488121032715
12,100,8.75,01,3,626,49.0625,66.921875,0.9630576968193054,65.3125,13.2891263961792
12,100,8.75,01,3,627,48.96875,66.234375,0.9970842599868774,65.671875,13.268163681030273
12,100,8.75,01,3,628,49.03125,68.140625,1.0257385969161987,65.046875,13.604101181030273
12,100,8.75,01,3,629,48.75,67.359375,1.0074145793914795,65.484375,13.48092269897461
12,100,8.75,01,3,630,47.296875,67.515625,0.9873794317245483,65.40625,13.037824630737305
12,100,8.75,01,3,631,47.6875,68.375,1.0062236785888672,65.5625,13.569334030151367
12,100,8.75,01,3,632,47.203125,68.109375,1.0154671669006348,66.28125,14.243097305297852
12,100,8.75,01,3,633,47.8125,67.234375,1.026513695716858,66.203125,14.08834457397461
12,100,8.75,01,3,634,48.796875,66.8125,0.9605928063392639,65.421875,12.965688705444336
12,100,8.75,01,3,635,48.703125,68.125,1.01817786693573,65.734375,13.7315092086792
12,100,8.75,01,3,636,48.125,68.03125,1.0035723447799683,65.828125,13.648436546325684
12,100,8.75,01,3,637,48.453125,66.5625,0.9511478543281555,66.234375,13.149869918823242
12,100,8.75,01,3,638,49.015625,66.25,0.9635385274887085,65.40625,12.807744979858398
12,100,8.75,01,3,639,46.6875,64.4375,1.0567361116409302,66.21875,13.24081802368164
12,100,8.75,01,3,640,48.984375,67.015625,0.9702072739601135,64.859375,12.76314926147461
12,100,8.75,01,3,641,47.328125,66.75,1.004724144935608,66.359375,13.365882873535156
12,100,8.75,01,3,642,47.78125,65.859375,0.9911320805549622,65.8125,13.186065673828125
12,100,8.75,01,3,643,46.9375,66.296875,1.0123839378356934,65.59375,13.093749046325684
12,100,8.75,01,3,644,47.609375,65.96875,1.0262701511383057,65.765625,13.213539123535156
12,100,8.75,01,3,645,48.609375,64.265625,1.0346416234970093,66.015625,12.835479736328125
12,100,8.75,01,3,646,50.140625,66.734375,0.9944166541099548,65.5625,13.58476448059082
12,100,8.75,01,3,647,48.203125,66.96875,1.0667439699172974,65.671875,14.250650405883789
12,100,8.75,01,3,648,47.703125,66.921875,1.0437631607055664,65.859375,13.799802780151367
12,100,8.75,01,3,649,47.984375,66.53125,0.9771546125411987,66.40625,13.244529724121094
12,100,8.75,01,3,650,47.34375,64.703125,0.995107114315033,65.421875,12.464126586914062
12,100,8.75,01,3,651,49.828125,67.640625,0.9680365324020386,65.140625,12.8867826461792
12,100,8.75,01,3,652,48.5625,67.0625,1.0425331592559814,65.875,13.807745933532715
12,100,8.75,01,3,653,49.125,66.15625,0.9786337614059448,65.875,13.462238311767578
12,100,8.75,01,3,654,49.171875,67.609375,1.1061798334121704,65.203125,14.299738883972168
12,100,8.75,01,3,655,48.234375,66.25,1.0017424821853638,66.0625,13.558135986328125
12,100,8.75,01,3,656,48.6875,68.609375,1.012747049331665,65.640625,13.61894416809082
12,100,8.75,01,3,657,48.046875,67.734375,1.0245158672332764,65.921875,14.058721542358398
12,100,8.75,01,3,658,48.3125,67.015625,1.0938971042633057,65.09375,13.925128936767578
12,100,8.75,01,3,659,47.859375,66.6875,0.9433212876319885,65.84375,13.307550430297852
12,100,8.75,01,3,660,47.375,67.28125,1.035199761390686,66.015625,13.497328758239746
12,100,8.75,01,3,661,47.75,66.734375,0.9491512775421143,65.09375,12.160871505737305
12,100,8.75,01,3,662,46.328125,67.40625,0.9901145696640015,65.609375,13.23163890838623
12,100,8.75,01,3,663,47.140625,66.375,0.9752578139305115,65.671875,12.8633451461792
12,100,8.75,01,3,664,46.71875,66.953125,0.9916715621948242,66.03125,13.180206298828125
12,100,8.75,01,3,665,48.375,66.65625,1.0602267980575562,65.59375,14.146742820739746
12,100,8.75,01,3,666,46.203125,68.5625,1.0166341066360474,66.046875,13.68476390838623
12,100,8.75,01,3,667,46.4375,65.9375,1.039529800415039,66.78125,13.864646911621094
12,100,8.75,01,3,668,48.34375,70.0,1.0317610502243042,65.3125,13.750974655151367
12,100,8.75,01,3,669,48.15625,68.28125,1.0421088933944702,66.515625,14.668487548828125
12,100,8.75,01,3,670,49.203125,67.453125,1.0151375532150269,66.828125,14.358396530151367
12,100,8.75,01,3,671,47.578125,68.953125,0.9997918605804443,65.5625,13.97603988647461
12,100,8.75,01,3,672,48.03125,67.203125,0.9669603705406189,65.78125,13.765883445739746
12,100,8.75,01,3,673,47.203125,68.140625,1.002058982849121,65.71875,13.815558433532715
12,100,8.75,01,3,674,48.8125,67.078125,1.0584001541137695,65.15625,13.806768417358398
12,100,8.75,01,3,675,49.015625,67.5,1.0113786458969116,65.296875,13.096808433532715
12,100,8.75,01,3,676,48.09375,67.6875,1.027967929840088,65.6875,13.88945198059082
12,100,8.75,01,3,677,48.65625,67.15625,0.9532673954963684,66.0,12.842315673828125
12,100,8.75,01,3,678,47.59375,67.390625,1.029618501663208,65.21875,13.308592796325684
12,100,8.75,01,3,679,48.0625,67.046875,1.031517505645752,65.984375,13.8233060836792
12,100,8.75,01,3,680,48.09375,68.1875,0.9868729114532471,66.171875,14.18600082397461
12,100,8.75,01,3,681,49.453125,66.890625,1.0166691541671753,64.9375,13.3526029586792
12,100,8.75,01,3,682,49.40625,68.359375,0.9479947686195374,65.609375,13.042707443237305
12,100,8.75,01,3,683,50.3125,69.015625,0.9702494144439697,64.953125,13.282682418823242
12,100,8.75,01,3,684,49.796875,68.421875,0.9669606685638428,65.34375,13.453645706176758
12,100,8.75,01,3,685,48.796875,68.140625,1.0007410049438477,67.515625,14.740949630737305
12,100,8.75,01,3,686,49.984375,67.59375,1.0056334733963013,65.3125,13.505858421325684
12,100,8.75,01,3,687,48.859375,69.296875,0.9827237129211426,65.921875,13.94218635559082
12,100,8.75,01,3,688,48.6875,70.125,0.9917864203453064,65.421875,14.048566818237305
12,100,8.75,01,3,689,48.109375,67.671875,0.9536797404289246,66.0,13.421676635742188
12,100,8.75,01,3,690,50.859375,66.71875,1.0452290773391724,65.46875,13.882680892944336
12,100,8.75,01,3,691,51.796875,66.984375,0.9924045205116272,64.90625,13.046483993530273
12,100,8.75,01,3,692,50.578125,69.078125,1.0188732147216797,65.140625,13.317054748535156
12,100,8.75,01,3,693,47.59375,68.671875,0.9716922640800476,65.859375,14.002734184265137
12,100,8.75,01,3,694,48.90625,68.703125,1.01652193069458,65.375,13.758460998535156
12,100,8.75,01,3,695,48.78125,68.984375,1.0067129135131836,65.46875,14.039907455444336
12,100,8.75,01,3,696,48.5625,69.546875,0.9997496604919434,65.53125,14.05527114868164
12,100,8.75,01,3,697,47.5625,67.46875,0.9918363094329834,65.75,13.026235580444336
12,100,8.75,01,3,698,45.90625,67.59375,1.0764883756637573,66.453125,14.336456298828125
12,100,8.75,01,3,699,46.8125,67.953125,0.9971898198127747,67.09375,14.40800666809082
12,100,8.75,01,3,700,49.828125,68.796875,0.9696441292762756,65.125,13.5195951461792
12,100,8.75,01,3,701,48.921875,67.953125,0.9684587717056274,66.21875,13.505271911621094
12,100,8.75,01,3,702,47.96875,68.125,1.02249014377594,65.578125,14.123305320739746
12,100,8.75,01,3,703,49.375,67.109375,1.004042387008667,65.171875,13.41353988647461
12,100,8.75,01,3,704,49.09375,67.734375,0.974268913269043,65.4375,13.165557861328125
12,100,8.75,01,3,705,50.046875,68.078125,0.9797053337097168,64.625,13.104164123535156
12,100,8.75,01,3,706,49.640625,68.40625,1.0169214010238647,64.984375,13.539777755737305
12,100,8.75,01,3,707,47.796875,69.078125,1.0613356828689575,65.546875,14.107680320739746
12,100,8.75,01,3,708,49.640625,67.484375,0.9944297075271606,64.984375,13.09811019897461
12,100,8.75,01,3,709,49.515625,68.484375,0.9629519581794739,66.515625,13.744985580444336
12,100,8.75,01,3,710,49.203125,68.421875,1.0347942113876343,65.796875,14.061912536621094
12,100,8.75,01,3,711,49.890625,66.265625,1.0242780447006226,65.25,13.028059005737305
12,100,8.75,01,3,712,50.09375,67.125,1.0482888221740723,66.0,14.296027183532715
12,100,8.75,01,3,713,50.28125,65.9375,1.0206959247589111,65.96875,13.744268417358398
12,100,8.75,01,3,714,48.484375,67.34375,1.0069830417633057,66.375,13.902472496032715
12,100,8.75,01,3,715,48.65625,67.109375,0.9855785965919495,65.84375,13.332942008972168
12,100,8.75,01,3,716,50.34375,66.984375,1.078232765197754,65.359375,13.832355499267578
12,100,8.75,01,3,717,48.734375,67.484375,1.0373704433441162,65.90625,13.957812309265137
12,100,8.75,01,3,718,49.96875,67.78125,0.9753565788269043,65.5625,13.150976181030273
12,100,8.75,01,3,719,48.984375,66.140625,1.0415643453598022,65.859375,13.402929306030273
12,100,8.75,01,3,720,47.203125,68.65625,0.991815984249115,65.9375,13.725324630737305
12,100,8.75,01,3,721,48.78125,67.171875,1.0537456274032593,65.859375,13.861651420593262
12,100,8.75,01,3,722,48.515625,66.578125,1.0213080644607544,66.28125,13.734179496765137
12,100,8.75,01,3,723,49.53125,66.375,0.9886550903320312,66.375,13.366469383239746
12,100,8.75,01,3,724,47.25,68.078125,1.0273107290267944,65.484375,13.216535568237305
12,100,8.75,01,3,725,48.203125,67.234375,1.0090090036392212,66.875,13.982551574707031
12,100,8.75,01,3,726,47.46875,67.171875,1.0896198749542236,66.359375,14.337238311767578
12,100,8.75,01,3,727,47.734375,66.546875,1.0753997564315796,65.9375,13.951495170593262
12,100,8.75,01,3,728,49.140625,67.5625,1.0406423807144165,66.5,14.2959623336792
12,100,8.75,01,3,729,48.328125,66.625,0.9919153451919556,66.40625,13.607810974121094
12,100,8.75,01,3,730,49.140625,67.015625,1.0444259643554688,65.96875,14.05683422088623
12,100,8.75,01,3,731,48.4375,66.25,1.0452656745910645,66.296875,13.9356107711792
12,100,8.75,01,3,732,45.953125,65.453125,0.9968015551567078,66.53125,13.31816291809082
12,100,8.75,01,3,733,46.484375,65.203125,1.0547394752502441,66.296875,13.7988920211792
12,100,8.75,01,3,734,47.125,65.671875,1.054599404335022,66.484375,14.24570083618164
12,100,8.75,01,3,735,47.765625,64.8125,1.0083857774734497,66.015625,13.356964111328125
12,100,8.75,01,3,736,48.265625,65.921875,1.0155963897705078,66.40625,13.4209623336792
12,100,8.75,01,3,737,45.953125,65.046875,0.9416773915290833,66.71875,12.79928207397461
12,100,8.75,01,3,738,46.578125,64.890625,1.0529911518096924,67.078125,13.853057861328125
12,100,8.75,01,3,739,47.78125,66.484375,0.9911975264549255,65.609375,13.341533660888672
12,100,8.75,01,3,740,47.796875,65.09375,1.0592446327209473,66.171875,14.029425621032715
12,100,8.75,01,3,741,48.15625,66.1875,0.9637544751167297,65.953125,12.76230239868164
12,100,8.75,01,3,742,47.890625,65.8125,1.0219335556030273,66.953125,13.79120922088623
12,100,8.75,01,3,743,48.375,66.421875,1.0093083381652832,66.109375,13.136847496032715
12,100,8.75,01,3,744,45.765625,67.0625,1.001283884048462,67.765625,14.224021911621094
12,100,8.75,01,3,745,47.390625,66.734375,0.9722350835800171,66.65625,13.424933433532715
12,100,8.75,01,3,746,50.609375,66.9375,1.0795634984970093,65.3125,13.657094955444336
12,100,8.75,01,3,747,47.203125,68.5625,1.0120042562484741,66.03125,13.80025863647461
12,100,8.75,01,3,748,48.96875,67.515625,0.9758405089378357,65.921875,13.528121948242188
12,100,8.75,01,3,749,48.90625,68.0625,1.0993480682373047,65.5625,14.338605880737305
12,100,8.75,01,3,750,50.109375,68.640625,1.0333412885665894,65.84375,13.790166854858398
12,100,8.75,01,3,751,48.671875,67.09375,1.0497246980667114,66.8125,14.565948486328125
12,100,8.75,01,3,752,46.25,67.5625,1.0327353477478027,66.375,13.87909984588623
12,100,8.75,01,3,753,48.734375,67.65625,1.0331037044525146,66.03125,13.503252983093262
12,100,8.75,01,3,754,48.0625,66.640625,1.0420801639556885,66.921875,13.86054515838623
12,100,8.75,01,3,755,46.046875,67.046875,1.0952070951461792,66.0,14.473175048828125
12,100,8.75,01,3,756,48.53125,67.109375,1.0180145502090454,66.359375,14.23222541809082
12,100,8.75,01,3,757,48.875,67.078125,0.9945027828216553,65.515625,13.192901611328125
12,100,8.75,01,3,758,49.734375,67.65625,0.9810097813606262,66.21875,13.439711570739746
12,100,8.75,01,3,759,49.53125,68.8125,1.0512429475784302,65.9375,13.706703186035156
12,100,8.75,01,3,760,48.09375,67.03125,1.070434331893921,66.625,14.286066055297852
12,100,8.75,01,3,761,47.671875,68.796875,1.0928915739059448,67.0,14.91972541809082
12,100,8.75,01,3,762,49.0625,67.875,1.0348340272903442,65.875,13.806639671325684
12,100,8.75,01,3,763,46.796875,66.203125,1.047013282775879,67.21875,13.9619779586792
12,100,8.75,01,3,764,49.671875,65.09375,1.0454777479171753,66.953125,14.238540649414062
12,100,8.75,01,3,765,48.796875,67.46875,1.0616120100021362,65.53125,13.756378173828125
12,100,8.75,01,3,766,47.96875,68.703125,1.052961826324463,65.8125,14.31894302368164
12,100,8.75,01,3,767,49.4375,66.890625,1.0492302179336548,66.234375,14.006378173828125
12,100,8.75,01,3,768,48.484375,66.625,1.023449420928955,65.90625,13.795832633972168
12,100,8.75,01,3,769,48.25,66.484375,1.043745756149292,66.796875,14.065948486328125
12,100,8.75,01,3,770,49.015625,66.578125,0.9634652733802795,67.0,13.240232467651367
12,100,8.75,01,3,771,47.90625,65.828125,1.0631598234176636,66.5625,13.989973068237305
12,100,8.75,01,3,772,48.875,67.390625,1.097217321395874,66.015625,14.117902755737305
12,100,8.75,01,3,773,50.203125,66.203125,1.0349164009094238,66.234375,13.534439086914062
12,100,8.75,01,3,774,48.25,68.65625,1.0439499616622925,66.75,14.327472686767578
12,100,8.75,01,3,775,48.734375,66.546875,1.0422123670578003,66.1875,13.204816818237305
12,100,8.75,01,3,776,48.59375,67.859375,1.0269291400909424,66.40625,13.84745979309082
12,100,8.75,01,3,777,49.5625,68.796875,0.9834140539169312,65.75,14.102862358093262
12,100,8.75,01,3,778,47.453125,69.96875,1.0632466077804565,67.03125,15.318227767944336
12,100,8.75,01,3,779,46.96875,66.625,0.9911213517189026,66.71875,14.064125061035156
12,100,8.75,01,3,780,48.0625,67.546875,1.0731284618377686,67.34375,15.11249828338623
12,100,8.75,01,3,781,46.09375,68.90625,1.0045193433761597,66.625,14.495570182800293
12,100,8.75,01,3,782,49.515625,67.53125,1.0528448820114136,66.359375,14.084699630737305
12,100,8.75,01,3,783,46.421875,67.96875,1.0550158023834229,66.953125,14.08346176147461
12,100,8.75,01,3,784,45.796875,67.59375,0.976966142654419,66.328125,13.485610008239746
12,100,8.75,01,3,785,46.859375,68.203125,1.1071757078170776,67.46875,15.4736967086792
12,100,8.75,01,3,786,49.046875,67.0625,1.0677541494369507,65.9375,14.107745170593262
12,100,8.75,01,3,787,44.265625,69.09375,1.0234429836273193,67.609375,15.05611801147461
12,100,8.75,01,3,788,46.890625,68.15625,1.0792819261550903,66.984375,14.743682861328125
12,100,8.75,01,3,789,48.40625,66.96875,1.0380889177322388,66.578125,14.311262130737305
12,100,8.75,01,3,790,47.046875,70.515625,1.0543299913406372,67.21875,15.126235008239746
12,100,8.75,01,3,791,45.84375,67.609375,1.0674479007720947,67.640625,15.264190673828125
12,100,8.75,01,3,792,48.578125,69.21875,1.0731817483901978,66.453125,14.983332633972168
12,100,8.75,01,3,793,47.515625,68.03125,1.0433675050735474,66.953125,14.086913108825684
12,100,8.75,01,3,794,48.984375,66.75,1.0706300735473633,65.703125,13.653188705444336
12,100,8.75,01,3,795,45.09375,68.90625,1.01370108127594,67.953125,14.858722686767578
12,100,8.75,01,3,796,47.96875,69.046875,0.9798310399055481,66.578125,14.004621505737305
12,100,8.75,01,3,797,46.53125,67.234375,1.0257614850997925,67.515625,14.187498092651367
12,100,8.75,01,3,798,47.375,67.6875,1.039302945137024,66.90625,14.60663890838623
12,100,8.75,01,3,799,46.890625,67.484375,1.0329235792160034,66.59375,14.337238311767578
12,100,8.75,01,4,0,57.4375,62.046875,0.9002946615219116,39.828125,6.6645827293396
12,100,8.75,01,4,1,58.0625,61.03125,0.8843846321105957,40.4375,6.642772674560547
12,100,8.75,01,4,2,57.65625,63.5625,0.8439968824386597,42.28125,7.803775787353516
12,100,8.75,01,4,3,60.78125,62.109375,0.9212946891784668,42.40625,7.50136661529541
12,100,8.75,01,4,4,57.703125,64.921875,0.9810372591018677,43.53125,8.566144943237305
12,100,8.75,01,4,5,59.8125,60.734375,0.9666188359260559,42.890625,7.114907741546631
12,100,8.75,01,4,6,59.546875,62.5,0.8620733618736267,44.390625,7.357941627502441
12,100,8.75,01,4,7,59.53125,64.046875,0.8462768793106079,43.265625,7.113410472869873
12,100,8.75,01,4,8,59.96875,61.796875,0.9866728186607361,46.421875,8.492121696472168
12,100,8.75,01,4,9,59.0,63.4375,0.9332966208457947,46.4375,8.337824821472168
12,100,8.75,01,4,10,58.984375,61.578125,0.8972728848457336,47.3125,7.708137035369873
12,100,8.75,01,4,11,60.40625,63.984375,0.9653114676475525,48.640625,9.021743774414062
12,100,8.75,01,4,12,60.28125,61.328125,0.8837339878082275,49.5,7.824542999267578
12,100,8.75,01,4,13,60.296875,62.0625,0.912041187286377,49.84375,8.308462142944336
12,100,8.75,01,4,14,62.203125,62.046875,0.9025449156761169,50.1875,7.806248664855957
12,100,8.75,01,4,15,58.203125,62.953125,0.9796414971351624,51.890625,9.16386604309082
12,100,8.75,01,4,16,59.390625,61.84375,0.873241662979126,51.53125,7.549152374267578
12,100,8.75,01,4,17,60.34375,61.328125,0.9354647994041443,51.671875,7.966274261474609
12,100,8.75,01,4,18,58.34375,61.953125,0.9948770403862,53.3125,9.250844955444336
12,100,8.75,01,4,19,58.953125,60.96875,0.891342043876648,53.796875,8.623371124267578
12,100,8.75,01,4,20,60.0625,61.765625,0.9358022809028625,53.734375,8.624999046325684
12,100,8.75,01,4,21,58.71875,60.234375,0.936288595199585,54.5,8.411066055297852
12,100,8.75,01,4,22,58.546875,59.515625,0.8776966333389282,53.96875,7.3522772789001465
12,100,8.75,01,4,23,57.515625,61.171875,0.9164051413536072,54.796875,8.351691246032715
12,100,8.75,01,4,24,59.015625,61.03125,0.8634074926376343,54.0625,7.576040267944336
12,100,8.75,01,4,25,57.171875,61.828125,0.8818878531455994,54.171875,8.007095336914062
12,100,8.75,01,4,26,58.578125,62.65625,0.8780502676963806,55.046875,8.26054573059082
12,100,8.75,01,4,27,58.8125,64.3125,0.8947036266326904,54.71875,9.199804306030273
12,100,8.75,01,4,28,58.046875,61.015625,0.943571150302887,54.484375,8.2656888961792
12,100,8.75,01,4,29,58.921875,62.359375,0.9193719029426575,54.828125,8.777732849121094
12,100,8.75,01,4,30,57.140625,64.328125,0.8961047530174255,55.140625,8.721939086914062
12,100,8.75,01,4,31,58.546875,61.671875,0.8657252192497253,55.296875,7.946352958679199
12,100,8.75,01,4,32,57.625,62.890625,0.8709290027618408,55.796875,8.440949440002441
12,100,8.75,01,4,33,59.125,63.140625,0.9331369400024414,55.578125,8.380858421325684
12,100,8.75,01,4,34,60.40625,62.453125,0.8796741962432861,54.96875,8.099933624267578
12,100,8.75,01,4,35,58.828125,65.125,0.8472306132316589,55.6875,8.310806274414062
12,100,8.75,01,4,36,58.125,63.71875,0.8972049951553345,55.65625,8.561521530151367
12,100,8.75,01,4,37,60.046875,63.53125,0.9663229584693909,55.0,8.7197904586792
12,100,8.75,01,4,38,56.6875,65.40625,0.8458592891693115,55.984375,8.598501205444336
12,100,8.75,01,4,39,58.9375,66.34375,0.8744604587554932,55.28125,8.557876586914062
12,100,8.75,01,4,40,59.96875,64.53125,0.9202172160148621,56.53125,9.346287727355957
12,100,8.75,01,4,41,60.25,65.703125,0.8839318156242371,55.484375,8.558526992797852
12,100,8.75,01,4,42,58.71875,66.765625,0.8480974435806274,56.046875,8.786848068237305
12,100,8.75,01,4,43,59.84375,65.65625,0.8647370338439941,56.03125,8.875909805297852
12,100,8.75,01,4,44,59.09375,65.734375,0.8853065967559814,56.109375,8.72812271118164
12,100,8.75,01,4,45,59.265625,64.765625,0.8899694681167603,56.375,8.88521957397461
12,100,8.75,01,4,46,59.984375,66.28125,0.8935325145721436,55.671875,8.891143798828125
12,100,8.75,01,4,47,59.203125,65.421875,0.8969330191612244,57.796875,9.899282455444336
12,100,8.75,01,4,48,59.640625,65.171875,0.949907124042511,56.515625,9.421027183532715
12,100,8.75,01,4,49,60.453125,66.609375,0.90093594789505,56.34375,9.39531135559082
12,100,8.75,01,4,50,58.1875,66.625,0.9344432353973389,57.328125,10.23202896118164
12,100,8.75,01,4,51,58.828125,64.71875,0.9222979545593262,57.1875,9.379816055297852
12,100,8.75,01,4,52,59.078125,65.640625,0.9092962145805359,57.625,9.250715255737305
12,100,8.75,01,4,53,60.75,64.671875,0.9220303297042847,56.53125,8.937368392944336
12,100,8.75,01,4,54,58.3125,64.09375,0.8969171047210693,58.21875,9.210545539855957
12,100,8.75,01,4,55,59.09375,62.828125,0.9712562561035156,57.828125,9.555206298828125
12,100,8.75,01,4,56,58.359375,64.4375,0.8433197736740112,58.484375,9.05038833618164
12,100,8.75,01,4,57,57.21875,64.203125,0.9191082119941711,57.203125,9.21660041809082
12,100,8.75,01,4,58,60.1875,64.5,0.9357683062553406,57.84375,9.345115661621094
12,100,8.75,01,4,59,59.828125,63.515625,0.9140533208847046,57.953125,9.450844764709473
12,100,8.75,01,4,60,59.890625,63.171875,0.9096346497535706,58.46875,9.42818832397461
12,100,8.75,01,4,61,59.046875,65.09375,0.9405975341796875,57.5,9.587953567504883
12,100,8.75,01,4,62,59.8125,65.90625,0.9134984612464905,57.453125,9.539061546325684
12,100,8.75,01,4,63,57.609375,65.5,0.8537052869796753,58.453125,9.365753173828125
12,100,8.75,01,4,64,58.28125,64.671875,0.8774302005767822,57.875,9.412498474121094
12,100,8.75,01,4,65,58.828125,66.0,0.9389403462409973,57.828125,9.73984146118164
12,100,8.75,01,4,66,57.78125,66.046875,0.9108965396881104,58.03125,9.756964683532715
12,100,8.75,01,4,67,57.75,65.953125,0.9026336073875427,58.609375,9.757421493530273
12,100,8.75,01,4,68,60.09375,64.328125,0.8819302916526794,58.6875,9.306509017944336
12,100,8.75,01,4,69,60.15625,65.796875,0.9088159799575806,58.78125,9.663214683532715
12,100,8.75,01,4,70,57.453125,66.359375,0.9279772639274597,58.90625,10.42734146118164
12,100,8.75,01,4,71,58.828125,64.796875,0.9308961033821106,58.953125,9.769789695739746
12,100,8.75,01,4,72,58.265625,65.90625,0.9700659513473511,58.6875,10.455596923828125
12,100,8.75,01,4,73,58.96875,65.4375,0.9501126408576965,58.5625,10.074607849121094
12,100,8.75,01,4,74,57.421875,67.015625,0.9120424389839172,59.140625,10.901495933532715
12,100,8.75,01,4,75,61.1875,66.28125,0.9630064368247986,58.3125,10.341794967651367
12,100,8.75,01,4,76,60.125,65.359375,0.9678358435630798,58.859375,10.13105297088623
12,100,8.75,01,4,77,59.4375,67.109375,0.912836492061615,59.453125,10.455597877502441
12,100,8.75,01,4,78,58.03125,65.21875,0.9535534381866455,59.484375,10.442771911621094
12,100,8.75,01,4,79,59.875,63.5625,0.9733370542526245,59.765625,10.07662582397461
12,100,8.75,01,4,80,59.703125,66.0,0.9615111351013184,58.375,9.812824249267578
12,100,8.75,01,4,81,58.578125,65.296875,0.939066469669342,59.34375,10.20976448059082
12,100,8.75,01,4,82,58.921875,65.75,0.9239721894264221,60.015625,10.51021957397461
12,100,8.75,01,4,83,60.09375,64.578125,0.8997395634651184,59.1875,9.51933479309082
12,100,8.75,01,4,84,59.421875,64.65625,0.9231923818588257,59.21875,9.8858060836792
12,100,8.75,01,4,85,58.671875,63.4375,0.9634966254234314,60.234375,10.52226448059082
12,100,8.75,01,4,86,59.125,64.84375,0.9529433846473694,59.59375,10.602277755737305
12,100,8.75,01,4,87,59.109375,64.90625,0.9752596020698547,59.140625,10.330336570739746
12,100,8.75,01,4,88,59.5,64.375,0.9724476933479309,59.3125,10.172590255737305
12,100,8.75,01,4,89,57.921875,64.359375,0.9070841670036316,58.875,9.631574630737305
12,100,8.75,01,4,90,58.84375,63.84375,0.9771201014518738,60.828125,11.031051635742188
12,100,8.75,01,4,91,57.3125,64.4375,0.9303364753723145,59.59375,10.2285795211792
12,100,8.75,01,4,92,56.6875,63.078125,0.8833329677581787,60.359375,10.00533676147461
12,100,8.75,01,4,93,57.546875,62.359375,0.8976575136184692,60.234375,9.904815673828125
12,100,8.75,01,4,94,56.28125,64.421875,0.9536041617393494,60.28125,10.62421703338623
12,100,8.75,01,4,95,57.421875,63.453125,0.9548925757408142,59.546875,9.97506332397461
12,100,8.75,01,4,96,57.0,63.921875,0.940720796585083,61.3125,10.8428373336792
12,100,8.75,01,4,97,58.203125,63.515625,0.8904701471328735,59.734375,9.59101390838623
12,100,8.75,01,4,98,57.921875,62.953125,0.9670539498329163,60.140625,10.159502983093262
12,100,8.75,01,4,99,57.984375,63.390625,0.9034500122070312,59.8125,9.835155487060547
12,100,8.75,01,4,100,56.328125,62.921875,0.8941410779953003,60.296875,9.897199630737305
12,100,8.75,01,4,101,58.0,63.171875,0.9359942674636841,60.03125,9.585220336914062
12,100,8.75,01,4,102,55.703125,64.109375,0.8892010450363159,60.625,9.634047508239746
12,100,8.75,01,4,103,56.296875,63.828125,0.95563805103302,60.34375,10.55025863647461
12,100,8.75,01,4,104,55.921875,62.9375,0.999113917350769,61.0,10.485350608825684
12,100,8.75,01,4,105,58.6875,63.171875,0.8966192603111267,60.125,9.4805326461792
12,100,8.75,01,4,106,56.625,64.390625,0.9383351802825928,59.9375,10.155662536621094
12,100,8.75,01,4,107,56.078125,63.390625,0.9425612092018127,61.75,10.508201599121094
12,100,8.75,01,4,108,57.390625,63.609375,0.9563175439834595,60.015625,10.268096923828125
12,100,8.75,01,4,109,55.78125,62.921875,0.9149505496025085,60.6875,9.994463920593262
12,100,8.75,01,4,110,55.59375,65.171875,0.9429700374603271,59.984375,10.533852577209473
12,100,8.75,01,4,111,54.96875,64.140625,0.9704288840293884,60.296875,10.916926383972168
12,100,8.75,01,4,112,56.046875,63.890625,0.8774889707565308,60.71875,9.682159423828125
12,100,8.75,01,4,113,56.4375,63.96875,0.9490035772323608,61.25,10.609048843383789
12,100,8.75,01,4,114,56.1875,64.5,0.9408766627311707,60.625,10.538410186767578
12,100,8.75,01,4,115,55.53125,63.359375,0.9357331395149231,60.8125,10.18209457397461
12,100,8.75,01,4,116,55.578125,64.75,0.962215781211853,60.046875,10.400063514709473
12,100,8.75,01,4,117,59.28125,64.859375,0.8723721504211426,59.84375,9.448957443237305
12,100,8.75,01,4,118,59.0,64.375,0.8994807600975037,59.75,9.917316436767578
12,100,8.75,01,4,119,58.25,65.90625,0.979539155960083,59.53125,11.04023265838623
12,100,8.75,01,4,120,55.40625,64.8125,0.9456127882003784,60.671875,11.04413890838623
12,100,8.75,01,4,121,56.765625,65.3125,0.918239951133728,60.140625,10.53691291809082
12,100,8.75,01,4,122,59.515625,64.984375,0.9190781116485596,60.03125,10.42428207397461
12,100,8.75,01,4,123,58.0625,65.234375,0.9157381653785706,60.015625,10.35273265838623
12,100,8.75,01,4,124,57.578125,65.453125,0.9246494770050049,59.84375,10.346548080444336
12,100,8.75,01,4,125,57.9375,64.96875,0.9103918671607971,60.375,10.437824249267578
12,100,8.75,01,4,126,58.109375,64.59375,0.936898946762085,60.40625,10.393878936767578
12,100,8.75,01,4,127,58.53125,65.578125,1.0747267007827759,60.15625,12.118423461914062
12,100,8.75,01,4,128,57.765625,64.5625,0.917078971862793,60.421875,10.243879318237305
12,100,8.75,01,4,129,54.859375,64.421875,0.9925000071525574,60.640625,11.196678161621094
12,100,8.75,01,4,130,58.90625,64.390625,0.9232289791107178,59.953125,10.524999618530273
12,100,8.75,01,4,131,58.21875,65.375,0.9692978262901306,60.0,10.748825073242188
12,100,8.75,01,4,132,57.921875,63.9375,0.9960586428642273,59.703125,10.69062328338623
12,100,8.75,01,4,133,58.875,64.296875,0.9566269516944885,60.203125,10.243227005004883
12,100,8.75,01,4,134,56.65625,65.296875,0.9758049249649048,60.09375,11.210676193237305
12,100,8.75,01,4,135,57.8125,64.125,0.9376065731048584,59.640625,9.969268798828125
12,100,8.75,01,4,136,55.265625,66.53125,0.9204959869384766,60.828125,10.769465446472168
12,100,8.75,01,4,137,58.171875,64.671875,0.9524074196815491,60.15625,10.562042236328125
12,100,8.75,01,4,138,56.21875,64.109375,0.9091710448265076,61.609375,10.753318786621094
12,100,8.75,01,4,139,57.609375,65.046875,0.8858792781829834,60.40625,10.115428924560547
12,100,8.75,01,4,140,55.9375,64.078125,0.9403979182243347,60.96875,10.730207443237305
12,100,8.75,01,4,141,57.890625,65.578125,0.9132645130157471,60.484375,10.918292999267578
12,100,8.75,01,4,142,56.125,62.75,0.9950067400932312,62.0,11.26093578338623
12,100,8.75,01,4,143,56.734375,65.015625,0.9842213988304138,60.625,11.282485008239746
12,100,8.75,01,4,144,56.484375,65.6875,0.856116533279419,60.890625,10.651235580444336
12,100,8.75,01,4,145,55.78125,63.078125,0.9145689010620117,61.46875,10.475129127502441
12,100,8.75,01,4,146,57.96875,63.0,0.9741262793540955,60.34375,10.1953763961792
12,100,8.75,01,4,147,57.328125,64.6875,0.9524497985839844,60.515625,10.453058242797852
12,100,8.75,01,4,148,58.71875,65.671875,0.9652678966522217,60.46875,10.91952896118164
12,100,8.75,01,4,149,56.3125,66.015625,0.9655068516731262,60.96875,10.999412536621094
12,100,8.75,01,4,150,55.828125,66.296875,0.9736769199371338,60.40625,10.78886604309082
12,100,8.75,01,4,151,57.421875,64.046875,0.9729442596435547,60.46875,10.4238920211792
12,100,8.75,01,4,152,57.140625,63.859375,0.8913035988807678,59.859375,9.766990661621094
12,100,8.75,01,4,153,56.46875,64.59375,0.9095147252082825,60.09375,10.171808242797852
12,100,8.75,01,4,154,57.28125,66.0625,0.916674792766571,60.421875,10.740168571472168
12,100,8.75,01,4,155,56.671875,65.703125,0.9263518452644348,61.125,11.220312118530273
12,100,8.75,01,4,156,56.640625,64.75,0.9313913583755493,60.0,10.213605880737305
12,100,8.75,01,4,157,54.8125,66.34375,0.9662977457046509,60.96875,11.23945140838623
12,100,8.75,01,4,158,56.96875,64.25,0.9339780807495117,60.21875,10.287628173828125
12,100,8.75,01,4,159,55.75,65.609375,0.910071611404419,60.8125,10.531312942504883
12,100,8.75,01,4,160,57.5,66.1875,0.971883237361908,60.46875,11.176755905151367
12,100,8.75,01,4,161,55.5,65.90625,0.9191661477088928,61.0,10.94296646118164
12,100,8.75,01,4,162,55.140625,65.234375,0.9365463852882385,61.328125,11.210935592651367
12,100,8.75,01,4,163,58.5,63.71875,0.9502763152122498,60.3125,10.093748092651367
12,100,8.75,01,4,164,56.140625,65.015625,0.9464645981788635,61.171875,11.3272123336792
12,100,8.75,01,4,165,56.859375,65.71875,0.936901867389679,60.90625,10.648110389709473
12,100,8.75,01,4,166,58.21875,65.75,0.9360332489013672,59.90625,10.43515396118164
12,100,8.75,01,4,167,54.34375,65.453125,0.9036455154418945,61.75,11.006117820739746
12,100,8.75,01,4,168,55.625,65.046875,0.9533517360687256,60.46875,10.413995742797852
12,100,8.75,01,4,169,57.703125,64.71875,0.9233288168907166,60.28125,10.939386367797852
12,100,8.75,01,4,170,56.015625,63.78125,0.9370169639587402,61.859375,10.515037536621094
12,100,8.75,01,4,171,56.1875,64.0,0.914118766784668,60.34375,10.32467269897461
12,100,8.75,01,4,172,55.6875,63.53125,0.9816358685493469,60.8125,10.578319549560547
12,100,8.75,01,4,173,55.671875,63.25,0.9732180833816528,61.328125,10.816404342651367
12,100,8.75,01,4,174,56.109375,63.203125,1.0022790431976318,60.921875,10.91744613647461
12,100,8.75,01,4,175,55.21875,63.515625,0.9546385407447815,60.65625,10.49824047088623
12,100,8.75,01,4,176,53.953125,64.125,0.9419710636138916,60.984375,10.603644371032715
12,100,8.75,01,4,177,56.65625,64.09375,0.9403327703475952,61.046875,10.785479545593262
12,100,8.75,01,4,178,58.28125,66.140625,0.9144467115402222,59.921875,10.530792236328125
12,100,8.75,01,4,179,58.25,64.796875,0.9546802043914795,60.421875,10.329230308532715
12,100,8.75,01,4,180,57.0,64.59375,0.9638053774833679,60.171875,10.535024642944336
12,100,8.75,01,4,181,55.828125,65.015625,0.9461943507194519,61.796875,10.96113109588623
12,100,8.75,01,4,182,57.03125,64.71875,0.9565072655677795,60.40625,10.837237358093262
12,100,8.75,01,4,183,56.671875,65.46875,0.9224624037742615,60.484375,10.49628734588623
12,100,8.75,01,4,184,55.71875,65.34375,0.9457998871803284,60.296875,10.671417236328125
12,100,8.75,01,4,185,56.640625,65.015625,0.9812201261520386,61.0625,11.303187370300293
12,100,8.75,01,4,186,57.828125,65.09375,0.9523390531539917,60.359375,10.630207061767578
12,100,8.75,01,4,187,57.265625,63.90625,0.9831233620643616,61.234375,11.25826644897461
12,100,8.75,01,4,188,56.84375,64.546875,0.9093478918075562,61.703125,10.741859436035156
12,100,8.75,01,4,189,56.046875,64.71875,0.9161921143531799,61.171875,10.736587524414062
12,100,8.75,01,4,190,57.515625,64.390625,1.002661108970642,60.828125,11.099932670593262
12,100,8.75,01,4,191,58.3125,66.25,0.9264530539512634,60.8125,10.751105308532715
12,100,8.75,01,4,192,54.734375,64.109375,0.9377385377883911,60.65625,10.444594383239746
12,100,8.75,01,4,193,56.640625,63.8125,0.9257943630218506,60.15625,10.013996124267578
12,100,8.75,01,4,194,56.46875,64.015625,0.9621221423149109,61.28125,10.858266830444336
12,100,8.75,01,4,195,55.65625,64.40625,0.9020344018936157,61.46875,10.467185974121094
12,100,8.75,01,4,196,56.90625,63.8125,0.9733480215072632,60.53125,11.03300666809082
12,100,8.75,01,4,197,56.75,63.671875,1.0511324405670166,61.375,11.766340255737305
12,100,8.75,01,4,198,56.546875,64.71875,0.9303558468818665,60.9375,10.716535568237305
12,100,8.75,01,4,199,54.734375,65.84375,0.9370906352996826,61.125,11.119593620300293
12,100,8.75,01,4,200,56.34375,64.015625,1.0024192333221436,61.359375,11.440362930297852
12,100,8.75,01,4,201,56.765625,64.640625,0.9634252786636353,61.046875,10.840688705444336
12,100,8.75,01,4,202,55.8125,64.09375,0.9965611696243286,61.1875,10.952276229858398
12,100,8.75,01,4,203,56.984375,62.625,0.9709556102752686,61.15625,10.722002983093262
12,100,8.75,01,4,204,55.203125,63.640625,0.9038753509521484,61.578125,10.163930892944336
12,100,8.75,01,4,205,56.546875,64.46875,0.9604785442352295,60.859375,10.700714111328125
12,100,8.75,01,4,206,57.40625,63.890625,0.9534159302711487,61.1875,10.625062942504883
12,100,8.75,01,4,207,56.703125,61.90625,0.9911683797836304,60.375,10.211457252502441
12,100,8.75,01,4,208,56.90625,62.046875,0.9629380106925964,60.890625,10.478057861328125
12,100,8.75,01,4,209,54.640625,65.921875,0.9701297283172607,61.140625,10.980140686035156
12,100,8.75,01,4,210,54.609375,64.703125,0.9867745637893677,61.34375,11.088279724121094
12,100,8.75,01,4,211,55.125,62.90625,0.9163405299186707,62.0,10.558917999267578
12,100,8.75,01,4,212,56.109375,65.59375,1.0033955574035645,60.828125,11.341665267944336
12,100,8.75,01,4,213,56.109375,65.515625,0.9371927976608276,61.359375,11.3477201461792
12,100,8.75,01,4,214,55.921875,62.78125,0.8931574821472168,61.421875,10.162954330444336
12,100,8.75,01,4,215,56.5,63.4375,0.9896793961524963,61.5625,11.151235580444336
12,100,8.75,01,4,216,56.578125,62.9375,0.9242119789123535,61.078125,10.22799301147461
12,100,8.75,01,4,217,55.921875,63.0625,0.9628891348838806,61.109375,10.682355880737305
12,100,8.75,01,4,218,56.796875,64.03125,0.9649960994720459,60.984375,11.036262512207031
12,100,8.75,01,4,219,56.75,63.53125,0.9792291522026062,60.875,10.731378555297852
12,100,8.75,01,4,220,53.984375,63.75,0.936543345451355,61.9375,11.10663890838623
12,100,8.75,01,4,221,54.890625,63.5,0.9115950465202332,60.953125,10.074347496032715
12,100,8.75,01,4,222,55.921875,62.828125,1.002710223197937,61.6875,11.40279769897461
12,100,8.75,01,4,223,57.328125,64.1875,0.9423269629478455,61.40625,10.784113883972168
12,100,8.75,01,4,224,56.828125,65.59375,0.9638850092887878,61.203125,11.511065483093262
12,100,8.75,01,4,225,55.921875,64.28125,0.9841285943984985,61.90625,11.312955856323242
12,100,8.75,01,4,226,54.78125,65.640625,0.9595803022384644,61.078125,10.839515686035156
12,100,8.75,01,4,227,57.71875,63.5625,1.0185778141021729,61.25,10.72382640838623
12,100,8.75,01,4,228,56.640625,63.46875,0.9582076072692871,60.984375,10.372915267944336
12,100,8.75,01,4,229,54.609375,66.109375,0.9823853373527527,60.53125,11.186065673828125
12,100,8.75,01,4,230,57.015625,62.03125,0.9315528273582458,60.90625,9.915167808532715
12,100,8.75,01,4,231,54.828125,65.3125,0.9494903087615967,60.59375,10.754425048828125
12,100,8.75,01,4,232,53.625,65.375,0.9980106353759766,62.578125,12.261390686035156
12,100,8.75,01,4,233,55.640625,64.265625,0.986927330493927,60.828125,11.285024642944336
12,100,8.75,01,4,234,56.453125,63.734375,0.9216161370277405,61.171875,10.18339729309082
12,100,8.75,01,4,235,55.484375,64.109375,1.0273491144180298,61.96875,11.842315673828125
12,100,8.75,01,4,236,56.359375,64.546875,0.9585575461387634,60.703125,11.22050666809082
12,100,8.75,01,4,237,54.75,66.703125,0.9110156297683716,60.375,10.720115661621094
12,100,8.75,01,4,238,54.984375,65.515625,0.9698266983032227,60.703125,11.231378555297852
12,100,8.75,01,4,239,54.5625,65.5,0.9432355761528015,60.71875,10.837432861328125
12,100,8.75,01,4,240,56.625,65.265625,0.9289169311523438,60.34375,10.444269180297852
12,100,8.75,01,4,241,56.5625,64.90625,0.9550909996032715,60.78125,10.670050621032715
12,100,8.75,01,4,242,54.59375,63.796875,0.9303609728813171,61.15625,10.432615280151367
12,100,8.75,01,4,243,55.515625,64.296875,1.0155558586120605,61.015625,11.16874885559082
12,100,8.75,01,4,244,56.71875,64.703125,0.9668418169021606,60.546875,10.54413890838623
12,100,8.75,01,4,245,56.25,64.921875,0.974238395690918,60.140625,10.492316246032715
12,100,8.75,01,4,246,56.765625,62.984375,0.960587203502655,61.0,10.186781883239746
12,100,8.75,01,4,247,57.984375,63.71875,0.9702383279800415,60.96875,10.767250061035156
12,100,8.75,01,4,248,55.640625,66.375,0.8743270039558411,60.796875,10.301300048828125
12,100,8.75,01,4,249,56.578125,65.03125,0.9019620418548584,60.734375,10.434569358825684
12,100,8.75,01,4,250,55.859375,65.515625,0.9077886939048767,60.265625,9.983332633972168
12,100,8.75,01,4,251,56.140625,64.46875,0.9699720144271851,61.3125,10.78691291809082
12,100,8.75,01,4,252,56.140625,65.5,0.9843036532402039,60.59375,11.19843578338623
12,100,8.75,01,4,253,55.5,65.5,0.9210270047187805,61.453125,11.1192045211792
12,100,8.75,01,4,254,56.71875,62.640625,1.0454386472702026,60.640625,10.806899070739746
12,100,8.75,01,4,255,56.046875,63.84375,0.964909553527832,61.0625,10.711652755737305
12,100,8.75,01,4,256,55.84375,65.0,0.9578819274902344,61.046875,10.192511558532715
12,100,8.75,01,4,257,56.34375,63.75,0.9415305852890015,60.296875,10.33515453338623
12,100,8.75,01,4,258,57.265625,63.671875,0.8983008861541748,60.515625,9.72994613647461
12,100,8.75,01,4,259,54.015625,65.34375,0.9894046783447266,60.734375,11.174673080444336
12,100,8.75,01,4,260,57.71875,63.25,1.0566635131835938,60.6875,11.467771530151367
12,100,8.75,01,4,261,55.796875,64.046875,0.9828808307647705,61.296875,10.982290267944336
12,100,8.75,01,4,262,54.90625,62.40625,0.9479947090148926,61.078125,10.2793607711792
12,100,8.75,01,4,263,57.390625,65.296875,0.9140498042106628,60.234375,10.56588363647461
12,100,8.75,01,4,264,55.828125,63.84375,0.9523018598556519,61.625,11.090818405151367
12,100,8.75,01,4,265,55.140625,63.71875,0.9923149347305298,61.375,10.95846176147461
12,100,8.75,01,4,266,55.390625,64.59375,0.9511988759040833,61.484375,11.283916473388672
12,100,8.75,01,4,267,56.9375,64.546875,0.997653067111969,60.734375,10.547133445739746
12,100,8.75,01,4,268,57.0625,63.0,0.8874598741531372,61.703125,10.124673843383789
12,100,8.75,01,4,269,56.5625,64.03125,0.9566327929496765,61.75,10.631898880004883
12,100,8.75,01,4,270,56.203125,63.265625,1.0019662380218506,61.328125,10.814712524414062
12,100,8.75,01,4,271,56.015625,66.046875,0.9121337532997131,60.609375,10.13033676147461
12,100,8.75,01,4,272,56.140625,64.671875,0.9248766899108887,60.734375,10.314842224121094
12,100,8.75,01,4,273,56.140625,62.703125,1.0272685289382935,61.265625,10.781509399414062
12,100,8.75,01,4,274,56.296875,63.140625,0.9638673067092896,61.875,10.933591842651367
12,100,8.75,01,4,275,57.53125,63.78125,0.9597417116165161,61.09375,10.812499046325684
12,100,8.75,01,4,276,56.28125,63.46875,0.9414644837379456,61.15625,10.644399642944336
12,100,8.75,01,4,277,58.609375,64.390625,0.9363514184951782,60.3125,10.213800430297852
12,100,8.75,01,4,278,57.546875,63.234375,0.9444025754928589,60.484375,10.098891258239746
12,100,8.75,01,4,279,56.953125,64.84375,0.9339766502380371,61.15625,10.938929557800293
12,100,8.75,01,4,280,58.125,65.984375,0.9495031237602234,60.234375,10.463865280151367
12,100,8.75,01,4,281,58.296875,63.859375,0.9392232298851013,60.71875,10.094985961914062
12,100,8.75,01,4,282,57.59375,64.59375,0.9311764240264893,60.359375,9.809112548828125
12,100,8.75,01,4,283,56.46875,64.703125,0.9196855425834656,61.578125,10.843292236328125
12,100,8.75,01,4,284,59.125,65.140625,0.9471786618232727,60.71875,10.8115873336792
12,100,8.75,01,4,285,57.734375,65.453125,0.9205929040908813,60.609375,10.364646911621094
12,100,8.75,01,4,286,58.28125,64.9375,0.9179621338844299,61.0,10.445244789123535
12,100,8.75,01,4,287,57.15625,64.796875,0.9453350305557251,61.046875,11.057746887207031
12,100,8.75,01,4,288,57.875,65.4375,0.9417931437492371,60.828125,10.781900405883789
12,100,8.75,01,4,289,56.90625,65.21875,0.9288377165794373,60.859375,10.6377592086792
12,100,8.75,01,4,290,56.5625,64.21875,0.9385469555854797,60.65625,10.46920394897461
12,100,8.75,01,4,291,57.328125,65.6875,0.9283014535903931,60.953125,10.648956298828125
12,100,8.75,01,4,292,56.8125,63.109375,0.924201250076294,62.28125,10.822784423828125
12,100,8.75,01,4,293,56.828125,64.3125,1.036985158920288,61.03125,11.36666488647461
12,100,8.75,01,4,294,56.03125,64.625,0.953978955745697,61.421875,10.833005905151367
12,100,8.75,01,4,295,56.75,65.015625,0.9380921125411987,60.8125,10.623371124267578
12,100,8.75,01,4,296,56.890625,65.109375,1.0122253894805908,60.65625,10.99361801147461
12,100,8.75,01,4,297,57.28125,64.875,0.9648330807685852,59.828125,10.07968521118164
12,100,8.75,01,4,298,56.5625,64.75,1.0006227493286133,61.5625,11.34550666809082
12,100,8.75,01,4,299,56.90625,64.875,0.972435474395752,61.25,11.04960823059082
12,100,8.75,01,4,300,58.234375,64.765625,0.9631829857826233,61.03125,10.50702953338623
12,100,8.75,01,4,301,57.078125,64.53125,0.9525696039199829,61.734375,10.8848295211792
12,100,8.75,01,4,302,56.65625,64.0625,0.9543573260307312,61.5,11.176300048828125
12,100,8.75,01,4,303,56.34375,64.84375,0.933796763420105,60.890625,10.645505905151367
12,100,8.75,01,4,304,58.78125,62.734375,0.9035884141921997,60.625,9.589256286621094
12,100,8.75,01,4,305,57.71875,63.6875,0.9299397468566895,61.40625,10.58320140838623
12,100,8.75,01,4,306,57.671875,65.453125,1.0024417638778687,61.15625,11.31978988647461
12,100,8.75,01,4,307,56.90625,65.828125,0.8987931609153748,61.34375,10.688215255737305
12,100,8.75,01,4,308,57.75,65.015625,0.9234569668769836,59.640625,9.78170394897461
12,100,8.75,01,4,309,58.859375,63.75,0.9479143023490906,61.03125,10.63066291809082
12,100,8.75,01,4,310,58.453125,65.890625,0.9799071550369263,60.609375,10.917251586914062
12,100,8.75,01,4,311,60.328125,63.328125,0.9555171728134155,61.015625,10.45976448059082
12,100,8.75,01,4,312,57.109375,65.65625,0.901967465877533,61.140625,10.572198867797852
12,100,8.75,01,4,313,59.21875,64.6875,0.9737135171890259,60.75,10.93808364868164
12,100,8.75,01,4,314,58.703125,65.953125,0.9936343431472778,60.671875,11.006248474121094
12,100,8.75,01,4,315,57.859375,66.625,0.9165769219398499,60.71875,10.874151229858398
12,100,8.75,01,4,316,57.1875,64.671875,0.9395079612731934,60.734375,10.746742248535156
12,100,8.75,01,4,317,56.578125,64.96875,1.0004440546035767,60.796875,10.434829711914062
12,100,8.75,01,4,318,57.421875,64.859375,0.9867676496505737,60.921875,10.892772674560547
12,100,8.75,01,4,319,57.375,64.96875,0.9963212609291077,61.5,11.418813705444336
12,100,8.75,01,4,320,59.375,64.078125,1.0048413276672363,60.640625,10.70260238647461
12,100,8.75,01,4,321,58.25,65.375,0.9636600017547607,61.515625,10.919334411621094
12,100,8.75,01,4,322,59.0,65.3125,0.992927610874176,60.46875,10.766469955444336
12,100,8.75,01,4,323,57.4375,67.921875,0.9927176833152771,60.375,11.827796936035156
12,100,8.75,01,4,324,58.734375,65.546875,0.9581483006477356,61.28125,11.060415267944336
12,100,8.75,01,4,325,56.703125,66.265625,0.9520576000213623,60.828125,10.9414701461792
12,100,8.75,01,4,326,58.90625,66.109375,0.923690915107727,60.859375,10.412758827209473
12,100,8.75,01,4,327,57.328125,66.890625,0.9178876876831055,61.671875,11.387694358825684
12,100,8.75,01,4,328,58.171875,66.859375,0.9832333922386169,60.953125,11.577474594116211
12,100,8.75,01,4,329,59.09375,64.15625,0.9834297299385071,60.734375,10.518423080444336
12,100,8.75,01,4,330,58.875,65.71875,0.9551572799682617,61.0,10.981379508972168
12,100,8.75,01,4,331,58.4375,64.234375,0.9619854092597961,60.765625,10.523175239562988
12,100,8.75,01,4,332,58.71875,64.828125,0.9307302236557007,61.234375,10.562042236328125
12,100,8.75,01,4,333,58.203125,65.03125,1.0246927738189697,61.375,11.802210807800293
12,100,8.75,01,4,334,58.046875,63.484375,0.9692350625991821,60.390625,10.417707443237305
12,100,8.75,01,4,335,57.109375,66.34375,0.9490352272987366,61.09375,11.038020133972168
12,100,8.75,01,4,336,58.375,64.171875,0.9399232268333435,60.65625,10.327277183532715
12,100,8.75,01,4,337,59.484375,64.703125,0.9176545143127441,60.921875,10.293292999267578
12,100,8.75,01,4,338,58.515625,64.1875,0.9821868538856506,60.953125,11.005206108093262
12,100,8.75,01,4,339,57.34375,65.296875,0.8998332023620605,60.71875,10.409048080444336
12,100,8.75,01,4,340,57.46875,65.09375,1.0057402849197388,61.53125,11.446287155151367
12,100,8.75,01,4,341,56.4375,64.5,0.9687958359718323,61.3125,10.902277946472168
12,100,8.75,01,4,342,57.953125,63.234375,0.907723069190979,61.328125,9.882680892944336
12,100,8.75,01,4,343,57.5625,63.71875,1.0021220445632935,61.296875,11.2246732711792
12,100,8.75,01,4,344,57.421875,65.265625,0.9693546295166016,61.5625,11.242186546325684
12,100,8.75,01,4,345,58.90625,65.375,1.025407075881958,61.15625,11.477797508239746
12,100,8.75,01,4,346,56.828125,66.1875,1.041977882385254,61.34375,11.832420349121094
12,100,8.75,01,4,347,55.109375,66.5,0.9760088920593262,60.890625,11.311521530151367
12,100,8.75,01,4,348,59.375,63.328125,0.930797815322876,61.46875,10.37578010559082
12,100,8.75,01,4,349,57.15625,65.34375,0.9240530133247375,61.078125,10.44589614868164
12,100,8.75,01,4,350,58.5,65.546875,0.9092123508453369,60.765625,10.375909805297852
12,100,8.75,01,4,351,57.703125,64.9375,0.9837737679481506,60.875,10.939712524414062
12,100,8.75,01,4,352,57.5625,64.546875,0.9408326148986816,61.046875,10.503578186035156
12,100,8.75,01,4,353,57.609375,65.78125,0.9789260029792786,60.859375,11.0781888961792
12,100,8.75,01,4,354,57.875,64.484375,0.9387046694755554,60.84375,10.913344383239746
12,100,8.75,01,4,355,58.375,63.78125,0.9783464074134827,60.90625,10.89693832397461
12,100,8.75,01,4,356,58.328125,64.09375,0.9888746738433838,61.46875,11.196874618530273
12,100,8.75,01,4,357,59.1875,62.453125,0.9842872023582458,61.53125,11.055402755737305
12,100,8.75,01,4,358,57.421875,64.3125,0.9214754700660706,61.140625,10.65182113647461
12,100,8.75,01,4,359,58.09375,63.40625,0.9585111141204834,61.640625,10.427863121032715
12,100,8.75,01,4,360,56.25,64.765625,0.9826980829238892,61.390625,11.101951599121094
12,100,8.75,01,4,361,58.375,64.03125,0.9056395888328552,61.234375,10.22675609588623
12,100,8.75,01,4,362,57.671875,65.5,0.9446313977241516,62.3125,11.297849655151367
12,100,8.75,01,4,363,57.90625,63.640625,0.9731235504150391,61.734375,10.942706108093262
12,100,8.75,01,4,364,56.265625,64.15625,0.9550272822380066,62.5,11.46236801147461
12,100,8.75,01,4,365,57.5625,64.1875,0.9857133030891418,61.359375,11.042966842651367
12,100,8.75,01,4,366,56.96875,63.96875,1.0245624780654907,61.90625,11.024672508239746
12,100,8.75,01,4,367,58.1875,63.859375,0.9413354992866516,61.96875,11.0137357711792
12,100,8.75,01,4,368,58.578125,63.265625,1.0406087636947632,61.109375,11.301105499267578
12,100,8.75,01,4,369,57.078125,65.453125,0.930158257484436,61.328125,10.735675811767578
12,100,8.75,01,4,370,56.40625,64.203125,0.9698922038078308,61.3125,10.935415267944336
12,100,8.75,01,4,371,59.34375,62.8125,0.9733784198760986,60.671875,10.540038108825684
12,100,8.75,01,4,372,56.71875,66.234375,0.9318051934242249,61.359375,11.022329330444336
12,100,8.75,01,4,373,57.390625,64.59375,0.9374197721481323,61.90625,11.35370922088623
12,100,8.75,01,4,374,58.59375,65.1875,0.9602627754211426,61.796875,10.900259017944336
12,100,8.75,01,4,375,57.515625,65.328125,0.973923921585083,61.296875,11.069659233093262
12,100,8.75,01,4,376,57.21875,64.0,0.9692572951316833,61.953125,11.444270133972168
12,100,8.75,01,4,377,57.96875,66.0,0.8768969774246216,61.828125,10.573760986328125
12,100,8.75,01,4,378,57.484375,65.015625,0.9567636251449585,61.734375,10.932550430297852
12,100,8.75,01,4,379,57.125,65.0625,0.9672454595565796,61.953125,10.968488693237305
12,100,8.75,01,4,380,57.671875,64.828125,0.9692975282669067,61.15625,10.674673080444336
12,100,8.75,01,4,381,57.578125,63.8125,0.9981101751327515,61.625,11.056638717651367
12,100,8.75,01,4,382,56.21875,65.609375,0.9343926906585693,61.640625,11.464125633239746
12,100,8.75,01,4,383,59.34375,64.5,0.9586267471313477,61.40625,11.3320951461792
12,100,8.75,01,4,384,57.71875,62.359375,0.9742971658706665,62.296875,11.241729736328125
12,100,8.75,01,4,385,56.328125,65.921875,0.9307602047920227,61.328125,10.840688705444336
12,100,8.75,01,4,386,56.375,66.5625,0.9607394337654114,61.28125,11.459895133972168
12,100,8.75,01,4,387,53.9375,63.234375,1.0069667100906372,63.265625,11.922460556030273
12,100,8.75,01,4,388,57.453125,65.515625,0.9499968886375427,62.015625,10.990690231323242
12,100,8.75,01,4,389,55.984375,64.703125,1.0008946657180786,62.234375,11.5215482711792
12,100,8.75,01,4,390,56.5625,64.453125,0.9210138916969299,61.40625,10.30943775177002
12,100,8.75,01,4,391,56.390625,64.484375,0.9890531301498413,62.390625,11.670570373535156
12,100,8.75,01,4,392,56.640625,62.921875,0.9654081463813782,62.84375,11.025976181030273
12,100,8.75,01,4,393,55.15625,65.328125,0.9629604816436768,61.796875,11.278059005737305
12,100,8.75,01,4,394,56.265625,64.5625,0.8985950946807861,61.546875,9.924086570739746
12,100,8.75,01,4,395,56.25,64.46875,0.9557798504829407,61.96875,11.207550048828125
12,100,8.75,01,4,396,56.421875,64.8125,0.9554763436317444,60.984375,10.889387130737305
12,100,8.75,01,4,397,56.375,62.96875,0.9542286396026611,62.15625,10.689451217651367
12,100,8.75,01,4,398,56.078125,64.515625,0.9772246479988098,62.359375,11.715362548828125
12,100,8.75,01,4,399,55.8125,64.34375,0.936501145362854,62.609375,11.274737358093262
12,100,8.75,01,4,400,56.640625,66.125,0.9658747315406799,62.203125,11.756248474121094
12,100,8.75,01,4,401,55.359375,63.203125,1.0303761959075928,62.984375,12.125974655151367
12,100,8.75,01,4,402,54.734375,63.53125,0.9676401615142822,62.703125,11.299802780151367
12,100,8.75,01,4,403,56.890625,62.15625,0.9486110210418701,62.015625,10.496026992797852
12,100,8.75,01,4,404,56.578125,63.140625,0.9905734658241272,61.484375,11.150649070739746
12,100,8.75,01,4,405,54.09375,64.15625,0.9893805980682373,62.359375,11.55058479309082
12,100,8.75,01,4,406,54.421875,64.4375,0.8918070793151855,62.265625,10.8887357711792
12,100,8.75,01,4,407,55.359375,63.609375,0.9618054032325745,62.53125,10.92792797088623
12,100,8.75,01,4,408,55.234375,63.546875,0.9500246644020081,62.171875,11.060351371765137
12,100,8.75,01,4,409,55.953125,63.390625,0.9160563349723816,62.53125,10.603774070739746
12,100,8.75,01,4,410,53.84375,63.734375,0.9323656558990479,61.90625,10.735025405883789
12,100,8.75,01,4,411,55.140625,63.34375,0.9467878937721252,62.53125,10.91757583618164
12,100,8.75,01,4,412,55.46875,64.6875,0.9720312356948853,62.09375,11.067641258239746
12,100,8.75,01,4,413,56.125,63.625,0.9641774892807007,62.328125,11.287824630737305
12,100,8.75,01,4,414,53.609375,64.203125,0.9824666976928711,62.046875,11.262693405151367
12,100,8.75,01,4,415,53.59375,63.734375,0.9042917490005493,61.8125,10.034439086914062
12,100,8.75,01,4,416,56.6875,63.515625,0.9053021669387817,61.625,10.30878734588623
12,100,8.75,01,4,417,56.90625,61.875,0.9766756296157837,62.0625,11.04277229309082
12,100,8.75,01,4,418,54.703125,62.453125,0.9363402724266052,61.703125,10.54146957397461
12,100,8.75,01,4,419,56.1875,62.78125,0.9794991612434387,62.109375,11.141014099121094
12,100,8.75,01,4,420,54.609375,63.5625,0.9710149765014648,62.28125,11.465102195739746
12,100,8.75,01,4,421,54.21875,64.59375,0.9304343461990356,62.671875,10.9092435836792
12,100,8.75,01,4,422,54.71875,64.265625,0.9493671655654907,62.796875,11.330726623535156
12,100,8.75,01,4,423,55.390625,64.15625,0.968282163143158,61.96875,10.959243774414062
12,100,8.75,01,4,424,56.234375,63.609375,0.9300212860107422,62.3125,10.91230297088623
12,100,8.75,01,4,425,55.296875,64.828125,0.9356412291526794,62.0625,11.171809196472168
12,100,8.75,01,4,426,53.609375,64.203125,1.0096348524093628,62.8125,11.764581680297852
12,100,8.75,01,4,427,55.578125,61.875,1.0101103782653809,63.046875,11.52226448059082
12,100,8.75,01,4,428,55.6875,64.15625,1.012910008430481,62.25,11.551039695739746
12,100,8.75,01,4,429,55.5,64.671875,0.9406578540802002,62.09375,10.86484146118164
12,100,8.75,01,4,430,54.296875,65.625,0.9673295617103577,63.09375,11.680140495300293
12,100,8.75,01,4,431,53.453125,62.140625,0.9642215967178345,63.25,11.26119613647461
12,100,8.75,01,4,432,53.6875,64.625,0.9968899488449097,62.21875,11.446223258972168
12,100,8.75,01,4,433,54.859375,64.890625,0.9596104025840759,62.453125,11.243487358093262
12,100,8.75,01,4,434,54.53125,64.015625,0.9336820244789124,62.890625,10.72343635559082
12,100,8.75,01,4,435,54.53125,63.59375,0.9415509700775146,62.890625,11.625389099121094
12,100,8.75,01,4,436,51.90625,65.25,0.8830263614654541,62.859375,11.010416030883789
12,100,8.75,01,4,437,53.5625,63.4375,0.8951306939125061,62.15625,10.396547317504883
12,100,8.75,01,4,438,54.328125,63.71875,0.9857494831085205,62.734375,11.38228988647461
12,100,8.75,01,4,439,54.5,62.75,0.9294502139091492,63.21875,10.859309196472168
12,100,8.75,01,4,440,54.65625,63.234375,0.9115261435508728,62.375,10.64570140838623
12,100,8.75,01,4,441,53.03125,63.984375,1.0054166316986084,62.40625,11.43281078338623
12,100,8.75,01,4,442,55.4375,65.09375,1.006840467453003,62.015625,12.011130332946777
12,100,8.75,01,4,443,54.46875,64.953125,0.9526473879814148,62.453125,11.290362358093262
12,100,8.75,01,4,444,54.46875,64.0625,0.9402510523796082,62.0625,11.36601448059082
12,100,8.75,01,4,445,53.734375,61.671875,0.9291762113571167,62.71875,10.30585765838623
12,100,8.75,01,4,446,54.734375,63.234375,0.9886908531188965,62.625,11.307353973388672
12,100,8.75,01,4,447,51.484375,64.65625,0.9451776742935181,62.171875,10.971351623535156
12,100,8.75,01,4,448,53.796875,64.171875,1.011305570602417,62.578125,11.6592435836792
12,100,8.75,01,4,449,50.875,64.0625,0.9410247802734375,63.640625,11.80025863647461
12,100,8.75,01,4,450,52.203125,64.046875,0.9866364598274231,63.484375,12.109048843383789
12,100,8.75,01,4,451,54.71875,64.3125,0.8907432556152344,62.109375,10.638084411621094
12,100,8.75,01,4,452,54.28125,62.921875,1.029866337776184,64.328125,11.993617057800293
12,100,8.75,01,4,453,52.828125,64.984375,0.9252080321311951,62.796875,11.089777946472168
12,100,8.75,01,4,454,53.625,64.921875,0.9270823001861572,63.25,11.66256332397461
12,100,8.75,01,4,455,52.796875,62.671875,1.016096591949463,62.296875,10.954816818237305
12,100,8.75,01,4,456,54.40625,64.625,0.9878576993942261,63.4375,11.53788948059082
12,100,8.75,01,4,457,53.703125,64.78125,1.00117027759552,62.875,11.7354154586792
12,100,8.75,01,4,458,52.859375,64.90625,1.0029371976852417,62.9375,11.8360013961792
12,100,8.75,01,4,459,54.546875,65.59375,1.0192445516586304,62.421875,12.04667854309082
12,100,8.75,01,4,460,56.171875,64.328125,0.9938976168632507,61.96875,11.107940673828125
12,100,8.75,01,4,461,55.53125,63.578125,1.0073755979537964,62.421875,11.379817008972168
12,100,8.75,01,4,462,54.234375,64.3125,0.9654546976089478,62.28125,10.777929306030273
12,100,8.75,01,4,463,54.859375,64.078125,0.9895546436309814,63.546875,12.014582633972168
12,100,8.75,01,4,464,52.515625,65.4375,0.9677280187606812,62.5625,11.789907455444336
12,100,8.75,01,4,465,54.6875,64.765625,0.9988363981246948,63.328125,11.620832443237305
12,100,8.75,01,4,466,54.28125,64.671875,0.9191539287567139,63.078125,11.170050621032715
12,100,8.75,01,4,467,55.96875,64.640625,0.9587331414222717,62.703125,11.43183422088623
12,100,8.75,01,4,468,53.515625,64.75,1.0032399892807007,63.265625,11.879621505737305
12,100,8.75,01,4,469,55.84375,65.734375,0.9597744941711426,61.859375,10.884634017944336
12,100,8.75,01,4,470,54.0,63.703125,0.9964326024055481,62.90625,11.7627592086792
12,100,8.75,01,4,471,52.65625,65.296875,0.9404219388961792,63.890625,11.515167236328125
12,100,8.75,01,4,472,53.34375,64.796875,1.019708275794983,62.640625,11.846026420593262
12,100,8.75,01,4,473,53.75,63.84375,0.9540951251983643,63.0625,11.4981107711792
12,100,8.75,01,4,474,55.328125,63.5625,0.9633145332336426,62.9375,11.18111801147461
12,100,8.75,01,4,475,55.03125,63.078125,1.050058126449585,62.75,12.01998519897461
12,100,8.75,01,4,476,54.90625,64.296875,0.9883482456207275,62.46875,11.308265686035156
12,100,8.75,01,4,477,51.828125,65.890625,1.0169930458068848,62.890625,12.384374618530273
12,100,8.75,01,4,478,54.0625,64.875,0.9525892734527588,63.140625,11.828969955444336
12,100,8.75,01,4,479,53.484375,62.859375,0.9571039080619812,63.265625,11.673110961914062
12,100,8.75,01,4,480,52.40625,64.09375,0.9554828405380249,63.234375,11.538409233093262
12,100,8.75,01,4,481,52.625,62.625,0.9390731453895569,63.09375,11.05722427368164
12,100,8.75,01,4,482,52.109375,63.390625,0.9249061942100525,63.734375,11.463605880737305
12,100,8.75,01,4,483,53.46875,62.0,1.0277260541915894,63.8125,11.842771530151367
12,100,8.75,01,4,484,52.25,63.359375,0.9870511293411255,63.3125,11.587173461914062
12,100,8.75,01,4,485,53.78125,65.515625,0.8893256187438965,63.296875,11.235350608825684
12,100,8.75,01,4,486,53.71875,64.953125,0.9665404558181763,63.171875,12.090364456176758
12,100,8.75,01,4,487,53.71875,63.25,0.9753362536430359,63.3125,11.467445373535156
12,100,8.75,01,4,488,53.875,64.5,0.9729883074760437,62.71875,11.352928161621094
12,100,8.75,01,4,489,54.234375,62.53125,0.9338459968566895,62.578125,10.634178161621094
12,100,8.75,01,4,490,54.671875,62.890625,0.958626389503479,62.609375,10.85234260559082
12,100,8.75,01,4,491,53.796875,64.15625,0.9647183418273926,62.53125,11.329816818237305
12,100,8.75,01,4,492,53.46875,64.0,1.0022953748703003,62.671875,11.40605354309082
12,100,8.75,01,4,493,50.0,64.0,0.9547562599182129,64.0,12.036392211914062
12,100,8.75,01,4,494,52.234375,64.625,0.9588385224342346,63.140625,11.88717269897461
12,100,8.75,01,4,495,52.484375,62.84375,0.9408752918243408,62.9375,10.658201217651367
12,100,8.75,01,4,496,52.421875,65.453125,1.0422053337097168,62.328125,12.143877983093262
12,100,8.75,01,4,497,51.625,64.796875,0.9837318062782288,63.875,12.209829330444336
12,100,8.75,01,4,498,50.96875,64.75,0.9735469222068787,62.84375,11.6719388961792
12,100,8.75,01,4,499,52.8125,64.515625,0.9626990556716919,63.0625,11.190753936767578
12,100,8.75,01,4,500,52.046875,63.953125,0.9766846299171448,63.015625,11.851171493530273
12,100,8.75,01,4,501,51.953125,64.890625,0.9295769333839417,63.140625,11.357226371765137
12,100,8.75,01,4,502,52.171875,63.796875,0.9845497608184814,63.015625,11.459632873535156
12,100,8.75,01,4,503,50.015625,64.1875,0.9912806749343872,64.34375,12.23189926147461
12,100,8.75,01,4,504,52.890625,63.921875,0.9105120301246643,62.390625,10.521352767944336
12,100,8.75,01,4,505,52.78125,64.09375,1.0314393043518066,63.859375,12.517901420593262
12,100,8.75,01,4,506,52.734375,64.96875,0.9261289834976196,62.84375,11.164385795593262
12,100,8.75,01,4,507,53.65625,64.6875,0.9813628196716309,62.328125,11.35761547088623
12,100,8.75,01,4,508,52.0625,64.953125,1.0269222259521484,63.484375,12.251754760742188
12,100,8.75,01,4,509,52.59375,64.546875,1.0248197317123413,62.84375,11.875324249267578
12,100,8.75,01,4,510,53.015625,64.609375,0.9775034785270691,62.21875,11.275388717651367
12,100,8.75,01,4,511,50.859375,64.3125,0.9489527344703674,63.9375,11.424086570739746
12,100,8.75,01,4,512,54.90625,64.609375,0.9748215079307556,62.9375,12.1699857711792
12,100,8.75,01,4,513,52.796875,64.90625,0.9371024370193481,63.40625,11.885088920593262
12,100,8.75,01,4,514,53.09375,63.984375,1.0064873695373535,62.625,11.781118392944336
12,100,8.75,01,4,515,52.375,64.953125,1.024176836013794,63.1875,12.212824821472168
12,100,8.75,01,4,516,51.765625,65.53125,0.9138252139091492,63.296875,11.609698295593262
12,100,8.75,01,4,517,51.25,64.25,0.9751148819923401,63.40625,11.769920349121094
12,100,8.75,01,4,518,53.375,65.796875,0.9869043231010437,62.765625,11.96796703338623
12,100,8.75,01,4,519,51.453125,66.484375,0.9253062605857849,63.0,11.43697738647461
12,100,8.75,01,4,520,52.875,66.328125,0.9672211408615112,63.171875,12.11972427368164
12,100,8.75,01,4,521,51.75,66.625,0.994397759437561,63.234375,12.5215482711792
12,100,8.75,01,4,522,53.203125,65.484375,0.9774320125579834,63.203125,11.666860580444336
12,100,8.75,01,4,523,52.359375,65.828125,0.972753643989563,63.234375,12.5801420211792
12,100,8.75,01,4,524,51.65625,63.96875,0.9774367809295654,64.265625,12.182940483093262
12,100,8.75,01,4,525,52.265625,65.015625,0.970435380935669,63.578125,11.898826599121094
12,100,8.75,01,4,526,52.90625,64.9375,0.9910212755203247,63.40625,11.883787155151367
12,100,8.75,01,4,527,53.6875,65.515625,0.9986498355865479,62.765625,11.925519943237305
12,100,8.75,01,4,528,52.015625,64.296875,0.9938807487487793,63.3125,12.06757640838623
12,100,8.75,01,4,529,52.1875,64.21875,0.9938427805900574,62.8125,11.528579711914062
12,100,8.75,01,4,530,52.234375,64.953125,0.9828911423683167,64.125,12.236000061035156
12,100,8.75,01,4,531,51.25,62.109375,0.9820189476013184,64.6875,11.695960998535156
12,100,8.75,01,4,532,51.734375,64.078125,1.0287762880325317,63.546875,12.172590255737305
12,100,8.75,01,4,533,52.1875,64.140625,0.9617984294891357,63.15625,11.244009017944336
12,100,8.75,01,4,534,51.703125,64.703125,0.9842722415924072,63.75,12.035479545593262
12,100,8.75,01,4,535,51.46875,66.375,0.9577081799507141,62.984375,11.553644180297852
12,100,8.75,01,4,536,51.609375,64.65625,0.9238252639770508,63.9375,11.59394359588623
12,100,8.75,01,4,537,53.65625,65.8125,0.9859054684638977,63.390625,12.06367015838623
12,100,8.75,01,4,538,51.421875,66.671875,0.9596397876739502,63.28125,12.298827171325684
12,100,8.75,01,4,539,51.34375,65.375,0.9566896557807922,64.515625,12.275064468383789
12,100,8.75,01,4,540,51.1875,64.40625,0.97565758228302,64.03125,11.91366958618164
12,100,8.75,01,4,541,51.078125,64.578125,1.0034477710723877,63.359375,12.295377731323242
12,100,8.75,01,4,542,53.140625,65.90625,0.9494504332542419,63.671875,12.074804306030273
12,100,8.75,01,4,543,53.46875,63.984375,0.9987578392028809,63.96875,12.021612167358398
12,100,8.75,01,4,544,51.78125,65.15625,0.9320081472396851,63.53125,11.407159805297852
12,100,8.75,01,4,545,49.890625,64.625,0.9972642064094543,64.34375,12.436846733093262
12,100,8.75,01,4,546,51.53125,65.296875,0.9956866502761841,64.4375,12.319595336914062
12,100,8.75,01,4,547,50.421875,65.140625,0.9696366786956787,64.3125,12.1602201461792
12,100,8.75,01,4,548,50.609375,64.625,0.9940147399902344,64.890625,12.721156120300293
12,100,8.75,01,4,549,51.640625,65.375,0.9474903345108032,64.09375,12.274023056030273
12,100,8.75,01,4,550,53.25,66.09375,0.9113385677337646,63.515625,11.496612548828125
12,100,8.75,01,4,551,50.421875,66.375,1.014926552772522,63.875,12.7608060836792
12,100,8.75,01,4,552,52.9375,65.8125,1.0026429891586304,63.15625,12.22089672088623
12,100,8.75,01,4,553,52.03125,65.984375,1.0502886772155762,63.34375,12.771418571472168
12,100,8.75,01,4,554,51.0,65.421875,0.9993142485618591,63.671875,12.168487548828125
12,100,8.75,01,4,555,51.625,65.640625,0.9845592975616455,63.578125,12.318748474121094
12,100,8.75,01,4,556,52.5,66.484375,0.9572609663009644,63.75,12.027862548828125
12,100,8.75,01,4,557,52.53125,65.90625,0.9887102842330933,63.734375,12.515296936035156
12,100,8.75,01,4,558,51.625,64.5,1.0111522674560547,63.484375,11.969074249267578
12,100,8.75,01,4,559,52.578125,66.4375,0.9497026801109314,63.984375,12.215102195739746
12,100,8.75,01,4,560,52.765625,67.78125,0.9369055032730103,62.90625,11.906509399414062
12,100,8.75,01,4,561,51.4375,66.6875,0.9696977734565735,64.015625,12.698631286621094
12,100,8.75,01,4,562,50.4375,66.0625,1.0375200510025024,64.5625,13.365168571472168
12,100,8.75,01,4,563,50.859375,67.375,0.9306788444519043,63.40625,12.093554496765137
12,100,8.75,01,4,564,51.0,67.015625,1.0045486688613892,63.96875,12.752862930297852
12,100,8.75,01,4,565,53.796875,65.515625,1.0188701152801514,63.65625,12.538604736328125
12,100,8.75,01,4,566,52.828125,68.5625,1.052870750427246,63.34375,13.05722427368164
12,100,8.75,01,4,567,50.84375,67.21875,0.9982416033744812,64.328125,13.698827743530273
12,100,8.75,01,4,568,51.703125,67.984375,0.9660138487815857,63.34375,12.68476390838623
12,100,8.75,01,4,569,50.734375,65.640625,0.9453514814376831,63.921875,12.107681274414062
12,100,8.75,01,4,570,50.890625,66.390625,0.9618316888809204,64.515625,12.537108421325684
12,100,8.75,01,4,571,52.0625,65.953125,1.0123577117919922,63.375,12.319334030151367
12,100,8.75,01,4,572,51.8125,66.21875,1.0258010625839233,63.578125,12.685285568237305
12,100,8.75,01,4,573,50.984375,66.828125,0.9839465022087097,64.1875,12.810935974121094
12,100,8.75,01,4,574,49.234375,66.609375,1.043022871017456,63.796875,12.89667797088623
12,100,8.75,01,4,575,52.6875,67.140625,1.0243093967437744,63.921875,12.66034984588623
12,100,8.75,01,4,576,52.015625,67.875,0.9527396559715271,63.890625,12.29511547088623
12,100,8.75,01,4,577,51.78125,66.203125,0.9623457789421082,64.359375,12.417512893676758
12,100,8.75,01,4,578,52.515625,66.765625,0.9107422828674316,63.546875,11.995246887207031
12,100,8.75,01,4,579,52.3125,68.109375,0.957290530204773,64.015625,12.514777183532715
12,100,8.75,01,4,580,52.1875,67.96875,1.0414918661117554,63.65625,13.183982849121094
12,100,8.75,01,4,581,51.828125,67.703125,1.0243514776229858,64.46875,13.808592796325684
12,100,8.75,01,4,582,51.125,68.3125,0.9868887066841125,64.265625,13.127538681030273
12,100,8.75,01,4,583,52.140625,65.71875,1.0216405391693115,64.203125,12.64570140838623
12,100,8.75,01,4,584,50.921875,67.75,0.9738501906394958,64.734375,13.052733421325684
12,100,8.75,01,4,585,52.1875,66.375,0.9908175468444824,64.0,12.394269943237305
12,100,8.75,01,4,586,51.53125,66.90625,1.0832215547561646,64.03125,13.15898323059082
12,100,8.75,01,4,587,51.515625,65.890625,0.9963694214820862,63.921875,13.00924301147461
12,100,8.75,01,4,588,51.5,67.953125,0.9131671786308289,64.15625,12.1914701461792
12,100,8.75,01,4,589,50.328125,67.28125,0.9891367554664612,64.796875,13.18437385559082
12,100,8.75,01,4,590,52.671875,66.71875,1.0781426429748535,63.796875,13.50273323059082
12,100,8.75,01,4,591,51.203125,66.40625,0.9813759922981262,64.65625,12.791404724121094
12,100,8.75,01,4,592,52.375,65.171875,0.972977876663208,63.5,11.64205551147461
12,100,8.75,01,4,593,51.515625,66.546875,0.974712610244751,63.328125,12.309179306030273
12,100,8.75,01,4,594,50.609375,65.3125,0.9388135075569153,64.125,11.653643608093262
12,100,8.75,01,4,595,51.234375,65.90625,1.018636703491211,64.546875,13.035284996032715
12,100,8.75,01,4,596,51.90625,66.109375,0.9795275926589966,63.953125,12.461066246032715
12,100,8.75,01,4,597,50.03125,66.109375,1.027167558670044,64.25,13.054424285888672
12,100,8.75,01,4,598,50.46875,66.78125,1.005555510520935,63.9375,12.610090255737305
12,100,8.75,01,4,599,51.265625,65.5,1.0912528038024902,64.09375,12.941534042358398
12,100,8.75,01,4,600,50.65625,67.546875,0.9426193833351135,64.03125,12.37968635559082
12,100,8.75,01,4,601,51.1875,66.28125,0.9781103134155273,63.609375,12.361196517944336
12,100,8.75,01,4,602,51.0,66.15625,0.9806209802627563,64.28125,12.100324630737305
12,100,8.75,01,4,603,49.890625,65.78125,0.959587812423706,64.09375,12.26034927368164
12,100,8.75,01,4,604,51.515625,65.609375,0.97824627161026,64.75,12.300909042358398
12,100,8.75,01,4,605,51.40625,66.03125,1.0476412773132324,64.25,13.32148265838623
12,100,8.75,01,4,606,51.140625,65.828125,1.0009503364562988,63.984375,12.20624828338623
12,100,8.75,01,4,607,50.28125,66.0625,0.9772877097129822,64.0,12.24296760559082
12,100,8.75,01,4,608,49.15625,66.34375,1.0121228694915771,64.875,12.915884017944336
12,100,8.75,01,4,609,48.125,64.015625,0.9780264496803284,65.703125,12.571027755737305
12,100,8.75,01,4,610,51.484375,66.28125,0.9872825145721436,63.8125,11.976886749267578
12,100,8.75,01,4,611,49.8125,65.125,1.0048233270645142,64.296875,12.32955551147461
12,100,8.75,01,4,612,49.8125,66.609375,0.9938365817070007,65.1875,13.454816818237305
12,100,8.75,01,4,613,50.390625,65.609375,1.0265222787857056,63.6875,12.804163932800293
12,100,8.75,01,4,614,50.078125,66.25,0.9848631024360657,64.625,12.358332633972168
12,100,8.75,01,4,615,50.40625,65.421875,1.024832010269165,64.890625,12.761001586914062
12,100,8.75,01,4,616,49.890625,65.375,1.0723819732666016,64.578125,13.459699630737305
12,100,8.75,01,4,617,47.03125,66.28125,1.0482001304626465,65.171875,12.845049858093262
12,100,8.75,01,4,618,48.625,65.046875,1.0153344869613647,64.484375,12.6514310836792
12,100,8.75,01,4,619,47.21875,65.765625,1.0116149187088013,65.359375,12.717382431030273
12,100,8.75,01,4,620,48.984375,66.953125,0.9805570244789124,63.9375,12.161718368530273
12,100,8.75,01,4,621,51.265625,64.6875,1.0024760961532593,64.125,12.323957443237305
12,100,8.75,01,4,622,49.515625,64.5625,1.0173412561416626,65.015625,12.527212142944336
12,100,8.75,01,4,623,47.8125,66.984375,1.0280901193618774,64.4375,13.13691234588623
12,100,8.75,01,4,624,49.015625,64.953125,1.0179460048675537,64.203125,12.327733993530273
12,100,8.75,01,4,625,48.46875,65.453125,1.0195598602294922,65.0625,12.796221733093262
12,100,8.75,01,4,626,49.015625,65.1875,1.085159420967102,64.234375,13.100520133972168
12,100,8.75,01,4,627,49.109375,64.375,1.025205135345459,64.703125,12.975845336914062
12,100,8.75,01,4,628,49.5625,64.890625,1.0286540985107422,64.859375,12.678579330444336
12,100,8.75,01,4,629,47.921875,66.234375,0.9971486926078796,64.953125,13.047981262207031
12,100,8.75,01,4,630,51.265625,65.203125,0.962710440158844,64.828125,12.43535041809082
12,100,8.75,01,4,631,50.75,65.171875,1.0101537704467773,64.125,12.498565673828125
12,100,8.75,01,4,632,52.53125,65.265625,0.9634743928909302,64.265625,12.49654769897461
12,100,8.75,01,4,633,49.671875,65.703125,1.0230252742767334,65.09375,13.101821899414062
12,100,8.75,01,4,634,48.390625,65.375,0.9952399134635925,64.921875,12.839580535888672
12,100,8.75,01,4,635,51.59375,67.328125,1.0327937602996826,63.9375,13.396223068237305
12,100,8.75,01,4,636,49.734375,65.59375,0.9742780923843384,64.59375,12.275909423828125
12,100,8.75,01,4,637,49.078125,66.671875,1.0285485982894897,64.65625,13.364126205444336
12,100,8.75,01,4,638,49.796875,67.609375,1.010103464126587,64.546875,13.74557113647461
12,100,8.75,01,4,639,49.0625,66.53125,0.9569328427314758,64.59375,12.766275405883789
12,100,8.75,01,4,640,50.65625,64.859375,1.0048786401748657,65.40625,13.090492248535156
12,100,8.75,01,4,641,50.609375,67.15625,1.0363366603851318,64.53125,13.170245170593262
12,100,8.75,01,4,642,50.6875,66.828125,0.9801345467567444,63.96875,12.516014099121094
12,100,8.75,01,4,643,48.578125,68.296875,0.9960190057754517,65.375,14.1690092086792
12,100,8.75,01,4,644,50.015625,67.203125,0.9408537149429321,64.171875,12.356184005737305
12,100,8.75,01,4,645,49.84375,66.78125,1.0785566568374634,64.03125,13.478448867797852
12,100,8.75,01,4,646,49.921875,65.765625,1.0178699493408203,64.578125,12.73873519897461
12,100,8.75,01,4,647,47.5,67.53125,1.0074794292449951,65.265625,13.269920349121094
12,100,8.75,01,4,648,48.21875,67.40625,1.0070587396621704,65.265625,13.314386367797852
12,100,8.75,01,4,649,47.875,66.984375,1.0047094821929932,65.59375,13.975259780883789
12,100,8.75,01,4,650,50.828125,65.296875,1.0056952238082886,65.03125,13.152015686035156
12,100,8.75,01,4,651,47.390625,67.4375,0.9820583462715149,64.859375,13.022459030151367
12,100,8.75,01,4,652,48.234375,67.09375,1.0131944417953491,65.1875,13.475909233093262
12,100,8.75,01,4,653,47.640625,68.046875,0.9695324897766113,64.484375,12.612823486328125
12,100,8.75,01,4,654,48.359375,68.046875,0.964113175868988,65.0625,13.622329711914062
12,100,8.75,01,4,655,47.640625,69.046875,0.9526967406272888,64.875,13.214712142944336
12,100,8.75,01,4,656,48.5,68.75,0.9764338731765747,65.640625,13.734893798828125
12,100,8.75,01,4,657,48.53125,67.875,1.0086286067962646,64.109375,13.1006498336792
12,100,8.75,01,4,658,48.59375,67.9375,0.9545831084251404,64.921875,12.971351623535156
12,100,8.75,01,4,659,50.515625,67.203125,1.0236648321151733,64.421875,12.521156311035156
12,100,8.75,01,4,660,49.078125,65.25,1.0464730262756348,65.859375,13.54316234588623
12,100,8.75,01,4,661,50.875,66.03125,0.9687579274177551,64.703125,12.55429458618164
12,100,8.75,01,4,662,49.3125,66.828125,0.9768350124359131,63.875,12.287432670593262
12,100,8.75,01,4,663,49.0625,67.734375,0.9760164618492126,64.359375,13.002535820007324
12,100,8.75,01,4,664,50.734375,67.328125,1.0105217695236206,64.234375,12.960479736328125
12,100,8.75,01,4,665,49.046875,68.171875,0.9998723268508911,64.53125,13.244855880737305
12,100,8.75,01,4,666,49.25,66.4375,1.0425187349319458,65.5625,13.505206108093262
12,100,8.75,01,4,667,49.625,68.265625,1.0112491846084595,64.875,13.033918380737305
12,100,8.75,01,4,668,49.3125,67.765625,0.9748227000236511,64.953125,12.910675048828125
12,100,8.75,01,4,669,49.34375,66.9375,0.9537794589996338,65.609375,13.532225608825684
12,100,8.75,01,4,670,49.453125,67.0625,0.9895515441894531,64.875,12.95175552368164
12,100,8.75,01,4,671,49.40625,67.34375,1.0889875888824463,64.671875,13.632225036621094
12,100,8.75,01,4,672,47.65625,67.890625,0.9143973588943481,65.390625,12.780141830444336
12,100,8.75,01,4,673,49.953125,66.65625,1.02413809299469,65.09375,13.531248092651367
12,100,8.75,01,4,674,48.21875,67.46875,1.0026391744613647,65.34375,13.329229354858398
12,100,8.75,01,4,675,48.828125,67.34375,1.0386180877685547,64.625,13.330206871032715
12,100,8.75,01,4,676,49.15625,66.1875,1.0303404331207275,65.046875,13.405921936035156
12,100,8.75,01,4,677,48.796875,67.453125,0.988045334815979,64.53125,12.651365280151367
12,100,8.75,01,4,678,51.640625,65.671875,0.976154625415802,64.625,12.157875061035156
12,100,8.75,01,4,679,50.5,67.3125,1.0484873056411743,64.5625,13.213800430297852
12,100,8.75,01,4,680,47.28125,67.1875,0.9944064617156982,65.265625,13.591143608093262
12,100,8.75,01,4,681,46.953125,65.265625,1.010412335395813,66.15625,13.105921745300293
12,100,8.75,01,4,682,46.015625,66.421875,1.024878978729248,66.78125,13.747589111328125
12,100,8.75,01,4,683,46.5625,67.46875,1.0004559755325317,66.03125,13.956442832946777
12,100,8.75,01,4,684,47.03125,67.328125,1.0061075687408447,66.265625,14.03007698059082
12,100,8.75,01,4,685,46.03125,66.65625,1.0215030908584595,66.09375,13.504230499267578
12,100,8.75,01,4,686,47.34375,67.71875,1.0466052293777466,65.171875,13.58906078338623
12,100,8.75,01,4,687,47.59375,68.109375,0.9826709628105164,65.125,13.408202171325684
12,100,8.75,01,4,688,48.640625,67.171875,1.0224581956863403,65.5,13.863605499267578
12,100,8.75,01,4,689,46.515625,67.453125,1.022807002067566,65.5,13.87870979309082
12,100,8.75,01,4,690,46.328125,66.0625,1.0373852252960205,66.15625,13.83613109588623
12,100,8.75,01,4,691,45.390625,66.96875,0.9725059270858765,65.796875,13.51230239868164
12,100,8.75,01,4,692,46.0,68.296875,1.082032561302185,66.078125,14.715362548828125
12,100,8.75,01,4,693,46.765625,67.375,1.03523850440979,66.4375,14.224932670593262
12,100,8.75,01,4,694,47.328125,69.453125,0.9969692230224609,65.65625,13.897132873535156
12,100,8.75,01,4,695,46.078125,68.171875,1.0889121294021606,65.671875,14.513018608093262
12,100,8.75,01,4,696,47.171875,66.0,1.0655467510223389,66.0,13.917510986328125
12,100,8.75,01,4,697,47.34375,65.5625,1.0512298345565796,65.828125,13.773566246032715
12,100,8.75,01,4,698,45.265625,68.1875,1.0301686525344849,66.78125,14.191207885742188
12,100,8.75,01,4,699,45.9375,66.546875,1.0515161752700806,65.609375,13.524932861328125
12,100,8.75,01,4,700,44.921875,67.28125,1.0336955785751343,66.203125,13.918746948242188
12,100,8.75,01,4,701,46.328125,68.046875,0.9936040639877319,65.765625,13.857356071472168
12,100,8.75,01,4,702,46.828125,66.53125,1.1170744895935059,66.171875,14.422980308532715
12,100,8.75,01,4,703,44.546875,68.765625,1.0414092540740967,65.71875,13.839255332946777
12,100,8.75,01,4,704,45.8125,65.984375,0.9423987865447998,66.421875,12.788475036621094
12,100,8.75,01,4,705,45.125,65.296875,1.041006326675415,66.015625,13.44576644897461
12,100,8.75,01,4,706,46.421875,66.25,1.0074825286865234,65.875,13.741209030151367
12,100,8.75,01,4,707,46.328125,65.84375,1.0305523872375488,66.390625,13.748306274414062
12,100,8.75,01,4,708,45.171875,65.5,1.0277717113494873,66.0625,13.290492057800293
12,100,8.75,01,4,709,44.5625,65.890625,1.071257472038269,65.71875,13.698890686035156
12,100,8.75,01,4,710,44.484375,66.5625,0.9965178370475769,66.4375,13.500389099121094
12,100,8.75,01,4,711,43.234375,67.234375,1.028303623199463,66.53125,14.069921493530273
12,100,8.75,01,4,712,43.5,67.4375,1.0362169742584229,66.703125,13.75436019897461
12,100,8.75,01,4,713,46.1875,65.8125,1.030313491821289,66.34375,13.626887321472168
12,100,8.75,01,4,714,43.890625,67.015625,1.0140506029129028,66.640625,13.761260986328125
12,100,8.75,01,4,715,43.875,66.625,1.1002479791641235,66.296875,14.680206298828125
12,100,8.75,01,4,716,45.203125,65.578125,1.052138090133667,66.4375,14.112043380737305
12,100,8.75,01,4,717,46.390625,67.609375,1.0527766942977905,65.75,13.7334623336792
12,100,8.75,01,4,718,45.28125,66.328125,1.02341890335083,66.3125,13.639385223388672
12,100,8.75,01,4,719,45.015625,67.125,1.028932809829712,66.25,14.21855354309082
12,100,8.75,01,4,720,44.859375,64.140625,1.0419307947158813,66.59375,13.2500638961792
12,100,8.75,01,4,721,44.859375,67.078125,0.9904308319091797,65.84375,13.4111967086792
12,100,8.75,01,4,722,45.0,66.515625,1.0575991868972778,66.0,13.90390396118164
12,100,8.75,01,4,723,43.265625,66.625,1.0449765920639038,67.203125,14.16620922088623
12,100,8.75,01,4,724,45.765625,65.84375,1.0670770406723022,66.265625,13.787694931030273
12,100,8.75,01,4,725,44.359375,66.015625,0.9931253790855408,66.859375,13.559894561767578
12,100,8.75,01,4,726,44.125,66.75,1.0594364404678345,66.4375,13.8643217086792
12,100,8.75,01,4,727,45.21875,67.015625,0.9979910254478455,65.9375,13.399023056030273
12,100,8.75,01,4,728,43.3125,67.71875,1.0421022176742554,66.15625,13.918228149414062
12,100,8.75,01,4,729,44.96875,66.671875,1.0013765096664429,66.65625,13.839582443237305
12,100,8.75,01,4,730,44.921875,68.140625,1.0041537284851074,66.65625,13.974085807800293
12,100,8.75,01,4,731,44.46875,66.015625,1.0570143461227417,66.84375,13.828252792358398
12,100,8.75,01,4,732,44.625,66.90625,1.023398518562317,66.453125,13.922849655151367
12,100,8.75,01,4,733,46.046875,66.6875,1.0119967460632324,65.234375,13.148826599121094
12,100,8.75,01,4,734,45.84375,66.359375,1.015952706336975,65.734375,13.395179748535156
12,100,8.75,01,4,735,44.4375,65.734375,1.0294499397277832,66.15625,13.734893798828125
12,100,8.75,01,4,736,46.265625,68.625,1.0247682332992554,66.640625,14.196090698242188
12,100,8.75,01,4,737,43.984375,69.234375,1.0564178228378296,66.734375,14.74570083618164
12,100,8.75,01,4,738,46.453125,68.5625,0.9733704328536987,66.453125,13.998762130737305
12,100,8.75,01,4,739,44.28125,68.46875,0.9696484804153442,66.359375,14.31991958618164
12,100,8.75,01,4,740,46.15625,68.171875,1.0412089824676514,66.46875,14.31588363647461
12,100,8.75,01,4,741,43.921875,68.90625,1.0194886922836304,66.421875,14.42890453338623
12,100,8.75,01,4,742,44.84375,68.21875,1.0407922267913818,66.8125,14.84355354309082
12,100,8.75,01,4,743,45.65625,68.0,0.9901416897773743,66.125,13.477798461914062
12,100,8.75,01,4,744,46.171875,67.421875,1.0739154815673828,66.53125,14.754491806030273
12,100,8.75,01,4,745,46.671875,68.96875,1.02271568775177,66.28125,14.466795921325684
12,100,8.75,01,4,746,45.03125,69.40625,0.9846259355545044,66.140625,13.7881498336792
12,100,8.75,01,4,747,45.03125,68.375,1.0604392290115356,66.90625,14.591339111328125
12,100,8.75,01,4,748,43.890625,68.828125,0.9930832386016846,66.359375,13.557223320007324
12,100,8.75,01,4,749,46.734375,69.078125,1.0204867124557495,66.421875,14.517379760742188
12,100,8.75,01,4,750,45.703125,69.828125,1.0062735080718994,65.90625,14.166013717651367
12,100,8.75,01,4,751,45.171875,69.046875,0.9927527904510498,66.53125,14.393877983093262
12,100,8.75,01,4,752,46.03125,68.6875,1.0586031675338745,66.734375,14.571612358093262
12,100,8.75,01,4,753,45.328125,68.25,1.0113694667816162,66.921875,14.235804557800293
12,100,8.75,01,4,754,45.546875,67.796875,1.0629264116287231,66.359375,14.394205093383789
12,100,8.75,01,4,755,45.59375,69.765625,1.0908534526824951,66.1875,15.157875061035156
12,100,8.75,01,4,756,46.84375,69.328125,1.0202752351760864,66.859375,14.183526992797852
12,100,8.75,01,4,757,45.140625,69.453125,1.039153814315796,66.921875,14.734243392944336
12,100,8.75,01,4,758,46.25,68.015625,1.034954309463501,66.609375,14.378840446472168
12,100,8.75,01,4,759,44.140625,67.515625,0.9834256172180176,67.296875,13.832679748535156
12,100,8.75,01,4,760,44.453125,68.484375,0.990755558013916,67.25,14.165427207946777
12,100,8.75,01,4,761,44.84375,65.71875,1.0972803831100464,67.578125,14.62447738647461
12,100,8.75,01,4,762,44.109375,67.828125,1.030869960784912,67.28125,14.505857467651367
12,100,8.75,01,4,763,44.78125,67.859375,1.0164915323257446,66.515625,14.0332670211792
12,100,8.75,01,4,764,44.921875,69.265625,0.992864727973938,66.890625,14.18183422088623
12,100,8.75,01,4,765,44.15625,68.96875,1.009067416191101,67.609375,14.5459623336792
12,100,8.75,01,4,766,45.9375,67.453125,1.0304487943649292,67.40625,14.52226448059082
12,100,8.75,01,4,767,44.859375,69.421875,1.0736660957336426,67.015625,15.125389099121094
12,100,8.75,01,4,768,45.75,67.765625,1.0640310049057007,66.625,14.329946517944336
12,100,8.75,01,4,769,44.375,67.828125,1.0795124769210815,66.90625,14.70917797088623
12,100,8.75,01,4,770,45.609375,68.15625,1.0243511199951172,66.375,14.067707061767578
12,100,8.75,01,4,771,46.34375,70.25,0.9814684391021729,65.734375,14.032094955444336
12,100,8.75,01,4,772,45.734375,68.828125,0.9826510548591614,65.890625,13.610153198242188
12,100,8.75,01,4,773,46.90625,66.71875,0.9881662726402283,66.53125,13.300780296325684
12,100,8.75,01,4,774,46.421875,71.0625,0.995657205581665,65.828125,14.3565092086792
12,100,8.75,01,4,775,43.953125,69.546875,1.0079394578933716,67.5,14.5430326461792
12,100,8.75,01,4,776,44.9375,71.359375,0.9709007740020752,66.421875,14.573957443237305
12,100,8.75,01,4,777,45.34375,70.28125,1.030036449432373,66.734375,14.964515686035156
12,100,8.75,01,4,778,45.171875,69.28125,1.0566623210906982,67.078125,14.61386489868164
12,100,8.75,01,4,779,44.0625,69.4375,1.0441434383392334,67.21875,14.859308242797852
12,100,8.75,01,4,780,45.296875,68.15625,1.1167629957199097,67.171875,15.487953186035156
12,100,8.75,01,4,781,44.9375,69.90625,1.0512070655822754,66.8125,14.583331108093262
12,100,8.75,01,4,782,45.984375,68.953125,1.0625593662261963,66.375,14.666144371032715
12,100,8.75,01,4,783,43.765625,69.6875,1.0112751722335815,67.015625,14.734437942504883
12,100,8.75,01,4,784,44.890625,68.75,0.995514988899231,66.25,13.722460746765137
12,100,8.75,01,4,785,44.125,67.078125,1.084487795829773,67.453125,14.731573104858398
12,100,8.75,01,4,786,44.015625,68.03125,1.0557928085327148,66.96875,14.65097427368164
12,100,8.75,01,4,787,41.453125,68.9375,1.1079633235931396,67.28125,15.629229545593262
12,100,8.75,01,4,788,42.78125,68.859375,1.0380409955978394,67.578125,15.066015243530273
12,100,8.75,01,4,789,43.359375,67.46875,0.9946247935295105,68.09375,14.032941818237305
12,100,8.75,01,4,790,43.359375,68.625,1.0027318000793457,67.09375,14.191080093383789
12,100,8.75,01,4,791,45.1875,69.109375,1.0228759050369263,66.203125,14.457159996032715
12,100,8.75,01,4,792,42.75,69.984375,1.0508103370666504,66.984375,15.359764099121094
12,100,8.75,01,4,793,41.5,70.96875,1.0494866371154785,66.8125,15.06718635559082
12,100,8.75,01,4,794,43.421875,68.265625,0.982377290725708,68.03125,14.640493392944336
12,100,8.75,01,4,795,44.34375,67.4375,1.0344451665878296,66.890625,14.163801193237305
12,100,8.75,01,4,796,41.703125,69.515625,1.0651843547821045,67.65625,15.275062561035156
12,100,8.75,01,4,797,43.28125,69.328125,1.0970754623413086,67.546875,15.26034927368164
12,100,8.75,01,4,798,41.75,69.8125,0.9910733699798584,67.078125,14.31881332397461
12,100,8.75,01,4,799,44.09375,68.09375,1.056942343711853,67.90625,14.93515396118164
